,precipitation
1989-01-01,8.557523344455943
1989-01-02,5.2979375695913875e-05
1989-01-03,1.2020208373856296
1989-01-04,0.10869936499921029
1989-01-05,0.0
1989-01-06,0.1534746710527577
1989-01-07,0.16087971844748508
1989-01-08,0.053534774909943544
1989-01-09,0.07419343396193841
1989-01-10,0.14214156332247269
1989-01-11,5.077005653944078e-06
1989-01-12,0.00140147539407784
1989-01-13,0.0011168274270063525
1989-01-14,0.000281087821085874
1989-01-15,0.0007537486445893242
1989-01-16,0.9106208957211529
1989-01-17,0.0
1989-01-18,0.0
1989-01-19,0.0
1989-01-20,0.7935378484925939
1989-01-21,0.09803173389847765
1989-01-22,11.644318508391674
1989-01-23,0.09803173389847765
1989-01-24,0.09803173389847765
1989-01-25,0.09803173389847765
1989-01-26,0.0
1989-01-27,0.11081462644427746
1989-01-28,0.0
1989-01-29,9.421207947158163e-05
1989-01-30,8.153823442217655
1989-01-31,0.9076047499714466
1989-02-01,0.006762445327086115
1989-02-02,0.00017499981075031108
1989-02-03,0.00011252865612792088
1989-02-04,0.00040470092613917514
1989-02-05,0.0010233775408446557
1989-02-06,2.242567561852267
1989-02-07,2.6335614950304023
1989-02-08,0.005263252754164257
1989-02-09,0.0
1989-02-10,0.0
1989-02-11,2.8010465474716274e-06
1989-02-12,2.8010465474716274e-06
1989-02-13,2.8010465474716274e-06
1989-02-14,0.010928681636083761
1989-02-15,2.8010465474716274e-06
1989-02-16,0.0
1989-02-17,0.11578732850023378
1989-02-18,0.154060872505048
1989-02-19,1.4642751494989863
1989-02-20,0.25210439919530514
1989-02-21,13.432631686073439
1989-02-22,17.97417435292539
1989-02-23,0.7014859512062537
1989-02-24,0.07139907995466724
1989-02-25,0.0
1989-02-26,0.0035982603203444617
1989-02-27,0.2818731593613964
1989-02-28,2.778893852050728
1989-03-01,2.47086805765914
1989-03-02,20.65860982030871
1989-03-03,18.872669955593953
1989-03-04,4.867797457681457
1989-03-05,1.2043927745082175
1989-03-06,5.2894920521724265
1989-03-07,0.07192193951872083
1989-03-08,0.7341126776556394
1989-03-09,0.0949916747471199
1989-03-10,0.0
1989-03-11,0.0
1989-03-12,0.0
1989-03-13,0.0
1989-03-14,0.00040705639940996787
1989-03-15,0.1232958800995417
1989-03-16,0.0
1989-03-17,0.0
1989-03-18,0.0
1989-03-19,0.0
1989-03-20,0.0
1989-03-21,0.6010452906564782
1989-03-22,6.6691378932073455
1989-03-23,29.104831302927604
1989-03-24,0.039696190327502406
1989-03-25,0.0
1989-03-26,0.0
1989-03-27,0.005237407197129573
1989-03-28,0.08967302158869356
1989-03-29,0.016335584361021224
1989-03-30,4.916661792502972
1989-03-31,0.08859404177665706
1989-04-01,0.0
1989-04-02,0.0
1989-04-03,0.0
1989-04-04,0.0
1989-04-05,0.0
1989-04-06,1.1731677729494348
1989-04-07,5.352525270440425
1989-04-08,0.045955108264252725
1989-04-09,11.322910454399
1989-04-10,29.117659901561375
1989-04-11,22.65616924475211
1989-04-12,0.0
1989-04-13,0.0
1989-04-14,0.059591941795566206
1989-04-15,30.555206295630676
1989-04-16,0.0
1989-04-17,0.0
1989-04-18,0.0
1989-04-19,0.0
1989-04-20,0.0
1989-04-21,0.8858271744981683
1989-04-22,0.006976093938340791
1989-04-23,0.0
1989-04-24,0.0
1989-04-25,0.0
1989-04-26,0.0
1989-04-27,0.0
1989-04-28,0.05729885980979466
1989-04-29,1.109751072048707
1989-04-30,1.7841714727543048
1989-05-01,31.76328583149966
1989-05-02,8.619077768359979
1989-05-03,0.0
1989-05-04,0.14973140434195933
1989-05-05,0.5989394011329315
1989-05-06,1.157314278488087
1989-05-07,0.0
1989-05-08,0.0
1989-05-09,1.5713920289089072
1989-05-10,11.465665368135868
1989-05-11,0.0
1989-05-12,0.0
1989-05-13,0.10604270910884726
1989-05-14,1.2278752011109957
1989-05-15,0.09724042689966957
1989-05-16,0.0
1989-05-17,0.0
1989-05-18,0.0
1989-05-19,1.3011426112209714
1989-05-20,2.3274663014792956
1989-05-21,1.5499028057079443
1989-05-22,0.23402299479184796
1989-05-23,5.965746820750448
1989-05-24,1.6641806099780705
1989-05-25,0.01304095985660756
1989-05-26,0.012588907674643653
1989-05-27,2.8369508891295094
1989-05-28,5.3055153372252655e-05
1989-05-29,0.027243224804008048
1989-05-30,0.9097062208586745
1989-05-31,0.051844040077778104
1989-06-01,0.4146432637618595
1989-06-02,0.9030499645686616
1989-06-03,2.184173294757124
1989-06-04,0.19143558284508783
1989-06-05,6.720272962994059
1989-06-06,25.94114609211641
1989-06-07,13.222587102640732
1989-06-08,18.508883176494063
1989-06-09,60.63985794060607
1989-06-10,0.4274398918852334
1989-06-11,0.0
1989-06-12,0.061500546055970856
1989-06-13,0.2146102937019734
1989-06-14,0.14691358087279982
1989-06-15,2.844060283411121
1989-06-16,4.767691012198753
1989-06-17,31.327901176414386
1989-06-18,2.580994561155277
1989-06-19,10.032016376434726
1989-06-20,8.001657327135309
1989-06-21,7.225863776844018
1989-06-22,6.1929099629285105
1989-06-23,13.151974097331019
1989-06-24,2.0524061718976165
1989-06-25,2.954894616668759
1989-06-26,0.09198886689794619
1989-06-27,8.091379915164686e-05
1989-06-28,0.005849774322065971
1989-06-29,5.7023619093766325
1989-06-30,18.609992691971613
1989-07-01,0.6170449366973068
1989-07-02,0.0602531239066867
1989-07-03,14.100042759965588
1989-07-04,17.622400611355832
1989-07-05,8.001070661621535
1989-07-06,2.3046817367430017
1989-07-07,0.874640590554935
1989-07-08,1.2586314294813312
1989-07-09,2.2250751059104696
1989-07-10,13.68478191375499
1989-07-11,0.09357115088048182
1989-07-12,1.580909013786332
1989-07-13,1.3083883300570887
1989-07-14,4.188111744499151
1989-07-15,7.12701187305886
1989-07-16,5.1018498226341364
1989-07-17,1.5621611470560886
1989-07-18,1.1951277044895314
1989-07-19,4.2418934877493815
1989-07-20,17.03704454624615
1989-07-21,8.469688776586505
1989-07-22,10.910677697678446
1989-07-23,16.163085492119297
1989-07-24,6.4865099757261895
1989-07-25,5.519576991736852
1989-07-26,0.0005306721738524108
1989-07-27,0.05116199174770288
1989-07-28,1.7889929647388112
1989-07-29,0.6957699021554441
1989-07-30,3.7553488771557255
1989-07-31,0.3220103966477031
1989-08-01,2.638287131550278
1989-08-02,17.619028156860242
1989-08-03,0.07056264116190135
1989-08-04,0.0
1989-08-05,0.0
1989-08-06,0.10756896537430563
1989-08-07,2.8359569047632442
1989-08-08,1.8227213217354332
1989-08-09,0.5774319054766585
1989-08-10,0.36593725642896613
1989-08-11,0.02016480283901863
1989-08-12,0.04117011449833712
1989-08-13,0.8586134006646882
1989-08-14,17.20552059390387
1989-08-15,6.732314173294952
1989-08-16,0.5635880737577481
1989-08-17,1.097562153611028
1989-08-18,4.1049700013334105
1989-08-19,3.096931555171992
1989-08-20,0.34765660364249423
1989-08-21,3.495380638056423
1989-08-22,1.9112885557656134
1989-08-23,1.816885456968574
1989-08-24,2.643383929208965
1989-08-25,1.273855549479724
1989-08-26,14.065913626844688
1989-08-27,4.86486985914
1989-08-28,1.9475296479631674
1989-08-29,0.26051200045610057
1989-08-30,0.39683839662488823
1989-08-31,6.964536247809592
1989-09-01,9.933820784631155
1989-09-02,0.594932890489972
1989-09-03,5.540959256388726
1989-09-04,2.0006584445894275
1989-09-05,0.7283007098138422
1989-09-06,1.2816485757448939
1989-09-07,6.598829879959025
1989-09-08,0.14105510099724483
1989-09-09,0.1585850325618933
1989-09-10,0.06901565761134822
1989-09-11,0.034835994963380496
1989-09-12,0.042360474632109235
1989-09-13,0.08598889092368069
1989-09-14,0.5912457979518683
1989-09-15,2.5459692124395215
1989-09-16,1.1110352622719097
1989-09-17,0.6611239972624682
1989-09-18,1.6454842258663413e-05
1989-09-19,0.009688774325601597
1989-09-20,0.07756199779734427
1989-09-21,3.8214259375774136
1989-09-22,2.155201683510982
1989-09-23,2.878369807604154
1989-09-24,2.416493203344299
1989-09-25,6.4859223026981745
1989-09-26,7.637163164119161
1989-09-27,2.414346133977435
1989-09-28,4.287140187128247
1989-09-29,3.0648986447740856
1989-09-30,1.3055073527693342
1989-10-01,5.707463339581405
1989-10-02,16.209564039835087
1989-10-03,0.0
1989-10-04,0.0
1989-10-05,0.3510122181909738
1989-10-06,0.0
1989-10-07,0.8357000424912572
1989-10-08,2.863596013168513
1989-10-09,0.0
1989-10-10,0.39574060795015276
1989-10-11,0.0
1989-10-12,0.0
1989-10-13,0.0
1989-10-14,0.040906576484098574
1989-10-15,2.5230032239627644
1989-10-16,0.40623945102952697
1989-10-17,6.400033231189904
1989-10-18,43.5805774602601
1989-10-19,0.008022066003520774
1989-10-20,0.0
1989-10-21,0.0
1989-10-22,0.0
1989-10-23,0.0
1989-10-24,0.0
1989-10-25,0.0
1989-10-26,0.0
1989-10-27,0.044061647021588636
1989-10-28,0.0009613351006478178
1989-10-29,0.0
1989-10-30,0.12825917825891942
1989-10-31,0.19455788418007935
1989-11-01,0.016510252083686398
1989-11-02,5.448644540577311
1989-11-03,0.6274905194087308
1989-11-04,0.0
1989-11-05,0.0
1989-11-06,0.0
1989-11-07,9.68148271777968
1989-11-08,8.111281552509128
1989-11-09,12.753466590626887
1989-11-10,0.0
1989-11-11,0.0
1989-11-12,0.0
1989-11-13,0.0
1989-11-14,0.4520131016089465
1989-11-15,6.172763556335978
1989-11-16,10.820202312199633
1989-11-17,0.0
1989-11-18,0.00303120719232434
1989-11-19,0.07551668289040246
1989-11-20,0.0
1989-11-21,0.0
1989-11-22,0.9090711336052021
1989-11-23,21.05657551378441
1989-11-24,0.0
1989-11-25,0.0
1989-11-26,0.7879389125398023
1989-11-27,4.474288065652094e-05
1989-11-28,1.9084880533495598
1989-11-29,6.763543687088684
1989-11-30,0.0
1989-12-01,0.0
1989-12-02,0.0
1989-12-03,0.0
1989-12-04,0.0
1989-12-05,0.0
1989-12-06,0.0
1989-12-07,8.288463079496807
1989-12-08,40.76578856443481
1989-12-09,14.382454231809831
1989-12-10,0.012118514615763583
1989-12-11,1.9938512760077828e-07
1989-12-12,28.67777910970521
1989-12-13,1.2471345417654902
1989-12-14,0.0
1989-12-15,0.009454955675846343
1989-12-16,10.45699484421306
1989-12-17,0.0
1989-12-18,23.595871503278584
1989-12-19,13.487964185169508
1989-12-20,0.4813476497793548
1989-12-21,0.0035383690228303097
1989-12-22,0.023973367066930682
1989-12-23,1.850314077284062
1989-12-24,0.008643519473426535
1989-12-25,0.0
1989-12-26,0.0
1989-12-27,0.0
1989-12-28,0.0
1989-12-29,3.93579029457426e-05
1989-12-30,0.0
1989-12-31,10.659859776855297
1990-01-01,20.805830634328995
1990-01-02,0.0
1990-01-03,0.0004028864622155056
1990-01-04,0.00984348920220889
1990-01-05,2.5338761072211193
1990-01-06,33.33416827061882
1990-01-07,55.16720535560578
1990-01-08,13.469361760180421
1990-01-09,0.009479611973111056
1990-01-10,0.0
1990-01-11,0.0004032832419201375
1990-01-12,0.0004032832419201375
1990-01-13,0.0004032832419201375
1990-01-14,0.0004032832419201375
1990-01-15,0.0004032832419201375
1990-01-16,0.0
1990-01-17,0.0
1990-01-18,0.3751508537523933
1990-01-19,0.04123576801696152
1990-01-20,1.2759476521916808
1990-01-21,15.404204233500613
1990-01-22,0.001590814729833049
1990-01-23,0.0
1990-01-24,0.0
1990-01-25,15.37415462090742
1990-01-26,4.310558650720837
1990-01-27,0.0
1990-01-28,0.0
1990-01-29,5.354484233611213
1990-01-30,0.36237134455969494
1990-01-31,6.175610709467125
1990-02-01,0.0001021356456523794
1990-02-02,0.0005569510275957268
1990-02-03,0.0003970506045292028
1990-02-04,0.006872992982048175
1990-02-05,0.0
1990-02-06,0.00015219280371584688
1990-02-07,0.18102559584864822
1990-02-08,0.0
1990-02-09,2.298656010690992
1990-02-10,8.131621959480016
1990-02-11,6.202339282310162
1990-02-12,0.0
1990-02-13,0.0
1990-02-14,0.0
1990-02-15,0.0
1990-02-16,5.675296692584377
1990-02-17,1.4588925692306407
1990-02-18,16.85371310549754
1990-02-19,17.68364093921872
1990-02-20,12.569039323396954
1990-02-21,0.005853844545490556
1990-02-22,10.180363487775216
1990-02-23,6.665462799016299
1990-02-24,0.006861887343804359
1990-02-25,0.0
1990-02-26,0.0
1990-02-27,0.0
1990-02-28,0.0
1990-03-01,0.0036231618696148686
1990-03-02,1.7464020760064243
1990-03-03,1.139197222103457
1990-03-04,0.0
1990-03-05,0.0
1990-03-06,0.0
1990-03-07,2.9406175901448273
1990-03-08,1.2010056734478827
1990-03-09,0.42629137318583205
1990-03-10,0.33780752904112293
1990-03-11,0.0
1990-03-12,0.0
1990-03-13,0.0
1990-03-14,0.0
1990-03-15,0.06411406914625416
1990-03-16,0.31706185790795977
1990-03-17,35.16923969034033
1990-03-18,0.1802361186216094
1990-03-19,0.0
1990-03-20,0.0
1990-03-21,0.0
1990-03-22,0.0
1990-03-23,0.0
1990-03-24,0.0
1990-03-25,0.0
1990-03-26,0.0061332327958886585
1990-03-27,0.049622786511708816
1990-03-28,0.06543137211093832
1990-03-29,0.4151101020008675
1990-03-30,3.5616175763689424
1990-03-31,18.19087770855948
1990-04-01,0.08672395282514189
1990-04-02,5.535988643306592
1990-04-03,0.483554648787432
1990-04-04,0.0
1990-04-05,0.02849855115927575
1990-04-06,0.0010333481467294796
1990-04-07,9.090010286809386
1990-04-08,0.0
1990-04-09,6.860797491547084e-05
1990-04-10,0.6431328617212762
1990-04-11,4.724026776020443
1990-04-12,0.0
1990-04-13,0.0
1990-04-14,0.051853556973264235
1990-04-15,3.804588693942276
1990-04-16,0.0
1990-04-17,0.0
1990-04-18,0.0
1990-04-19,0.0
1990-04-20,0.0
1990-04-21,0.0
1990-04-22,0.0
1990-04-23,0.0
1990-04-24,0.0
1990-04-25,0.0
1990-04-26,0.0
1990-04-27,0.0
1990-04-28,4.849957802976138
1990-04-29,4.356339479406395
1990-04-30,0.01775136784231328
1990-05-01,0.0
1990-05-02,0.002416188898975484
1990-05-03,0.04126160870565345
1990-05-04,0.09439319891999695
1990-05-05,4.258817466027466
1990-05-06,0.0
1990-05-07,0.0
1990-05-08,0.0
1990-05-09,0.0
1990-05-10,0.0
1990-05-11,0.0
1990-05-12,0.0
1990-05-13,5.1075186810663515
1990-05-14,9.297118699275789
1990-05-15,0.0
1990-05-16,0.4103810033254838
1990-05-17,0.6173679061616223
1990-05-18,0.0012846623793438398
1990-05-19,0.0
1990-05-20,1.484801687799243
1990-05-21,9.093731719246893
1990-05-22,5.903204872827568
1990-05-23,0.0
1990-05-24,0.0
1990-05-25,0.0
1990-05-26,0.00041037457847527855
1990-05-27,0.6324034987405411
1990-05-28,21.384622795552517
1990-05-29,6.954202108042463
1990-05-30,0.0
1990-05-31,0.004508808944375508
1990-06-01,0.0
1990-06-02,0.0
1990-06-03,0.0
1990-06-04,0.0
1990-06-05,0.0
1990-06-06,0.0020669820066042846
1990-06-07,0.12412915312307973
1990-06-08,7.5021803702761645
1990-06-09,10.856356740092611
1990-06-10,1.9420631313138612
1990-06-11,0.0
1990-06-12,0.0
1990-06-13,0.0
1990-06-14,0.0
1990-06-15,0.0
1990-06-16,11.791171332725558
1990-06-17,0.75719061648733
1990-06-18,0.008337299768282484
1990-06-19,0.10649287717430789
1990-06-20,0.0
1990-06-21,0.0017426071541426066
1990-06-22,0.12555039161595058
1990-06-23,0.6352339009297827
1990-06-24,0.0004767723297579966
1990-06-25,0.0
1990-06-26,0.17877739760542616
1990-06-27,0.05489109922188402
1990-06-28,1.8438406716681892
1990-06-29,0.050282977154303556
1990-06-30,0.16780610162728712
1990-07-01,3.2611824075343625
1990-07-02,1.0408529293440874
1990-07-03,2.1346893120543537
1990-07-04,0.3106899572927794
1990-07-05,9.541170810382568e-07
1990-07-06,0.0014500184256503537
1990-07-07,1.6305080212664158
1990-07-08,4.034719704798462
1990-07-09,0.722602271790352
1990-07-10,3.0139814372492704
1990-07-11,2.6929842954890173
1990-07-12,1.8415682107333002
1990-07-13,11.979618182740793
1990-07-14,11.867590397106552
1990-07-15,0.07134830497170724
1990-07-16,0.0
1990-07-17,3.2296492455281927
1990-07-18,20.675489190257963
1990-07-19,12.066919634862211
1990-07-20,2.105846236777452
1990-07-21,1.7694077272118425
1990-07-22,0.3808293162799742
1990-07-23,1.6621886586601353
1990-07-24,0.8689492466677569
1990-07-25,0.4201852796025577
1990-07-26,1.5796030089985362
1990-07-27,3.227055403654365e-06
1990-07-28,0.5416236975240193
1990-07-29,0.03363294346050652
1990-07-30,0.1573601887399636
1990-07-31,0.4308405361636141
1990-08-01,0.5250627314448659
1990-08-02,0.8706028288192572
1990-08-03,0.47688788522278475
1990-08-04,0.005215222947993463
1990-08-05,0.02556531919427154
1990-08-06,0.7682798507487657
1990-08-07,1.9503019837219238
1990-08-08,11.1186020314725
1990-08-09,11.10023829049666
1990-08-10,3.9756363281931946
1990-08-11,0.0
1990-08-12,0.0
1990-08-13,0.0
1990-08-14,0.0
1990-08-15,0.0
1990-08-16,0.10354559749427773
1990-08-17,0.1578393635038536
1990-08-18,0.1183235565650886
1990-08-19,0.044110431250870344
1990-08-20,0.01050387975137832
1990-08-21,0.03632261253124727
1990-08-22,2.562371078790012
1990-08-23,5.156059368166921
1990-08-24,12.269526233664367
1990-08-25,6.293100882244362
1990-08-26,0.5884917640940852
1990-08-27,0.6543492052735914
1990-08-28,3.911300377181077
1990-08-29,0.10002038360471141
1990-08-30,3.405067756926288
1990-08-31,13.504466083634506
1990-09-01,0.790605568272893
1990-09-02,0.0333130165134796
1990-09-03,0.0067057335509544515
1990-09-04,0.09442850462272852
1990-09-05,0.0010538658734949625
1990-09-06,0.0
1990-09-07,0.9803386799767915
1990-09-08,0.9785911452884325
1990-09-09,6.9751117026461245
1990-09-10,2.4490543725163185
1990-09-11,8.77140749422825
1990-09-12,3.602485245426909
1990-09-13,0.4261327806137715
1990-09-14,1.2929726070569239
1990-09-15,6.763769104128737
1990-09-16,0.288933364715866
1990-09-17,0.0
1990-09-18,0.0
1990-09-19,0.0
1990-09-20,0.09278247473783756
1990-09-21,0.1666545902408308
1990-09-22,0.33421656713749437
1990-09-23,0.002379911942980665
1990-09-24,0.0
1990-09-25,0.0
1990-09-26,0.0
1990-09-27,0.0
1990-09-28,0.0712521761427799
1990-09-29,1.6968862351703153
1990-09-30,2.9196693339387862
1990-10-01,0.051854217854049554
1990-10-02,0.02799643649867508
1990-10-03,0.28698657862472654
1990-10-04,1.341231364180245
1990-10-05,0.0477689707548632
1990-10-06,0.0032455586987284847
1990-10-07,1.305962970291518
1990-10-08,0.00426043181438609
1990-10-09,0.00767015044785579
1990-10-10,48.274794988224
1990-10-11,28.564735001009137
1990-10-12,93.33289263717127
1990-10-13,0.00481769969229675
1990-10-14,0.0
1990-10-15,0.0
1990-10-16,0.0
1990-10-17,0.002579191416241258
1990-10-18,16.337919354845184
1990-10-19,0.001505357558028146
1990-10-20,0.0
1990-10-21,7.269481380619735
1990-10-22,10.283925879173069
1990-10-23,7.493822817623133
1990-10-24,0.03710683073589108
1990-10-25,0.25647570941322523
1990-10-26,0.0953170503980083
1990-10-27,0.0953170503980083
1990-10-28,0.0953170503980083
1990-10-29,0.0953170503980083
1990-10-30,0.0953170503980083
1990-10-31,0.0953170503980083
1990-11-01,0.0
1990-11-02,0.0
1990-11-03,0.0
1990-11-04,0.6658033509426095
1990-11-05,0.19758656787672738
1990-11-06,0.9157585353404782
1990-11-07,0.0
1990-11-08,0.0
1990-11-09,9.627354467107658
1990-11-10,13.52420807999774
1990-11-11,3.255587696916332e-05
1990-11-12,3.255587696916332e-05
1990-11-13,3.255587696916332e-05
1990-11-14,3.255587696916332e-05
1990-11-15,7.325074422929266e-05
1990-11-16,0.0017146669213862463
1990-11-17,0.002034142275759648
1990-11-18,0.0
1990-11-19,0.0
1990-11-20,0.0
1990-11-21,0.0
1990-11-22,0.0
1990-11-23,0.3203518205071108
1990-11-24,0.07323784875961713
1990-11-25,0.0
1990-11-26,0.009841429881690372
1990-11-27,0.024821891923154888
1990-11-28,0.9993266948681914
1990-11-29,2.791324678292882
1990-11-30,0.0
1990-12-01,0.00024976480194525557
1990-12-02,0.2570643366533388
1990-12-03,1.5104878213934532
1990-12-04,12.388866185387613
1990-12-05,0.0
1990-12-06,0.0
1990-12-07,4.31174491596321
1990-12-08,1.825841139815196
1990-12-09,0.0
1990-12-10,0.0
1990-12-11,0.0
1990-12-12,0.0
1990-12-13,0.0
1990-12-14,5.968925586082562
1990-12-15,2.0026867041186835
1990-12-16,0.45301801303561245
1990-12-17,0.00023597890789417986
1990-12-18,0.553930135939066
1990-12-19,21.204107563419953
1990-12-20,37.96410421432386
1990-12-21,0.0
1990-12-22,0.0
1990-12-23,0.0
1990-12-24,0.0
1990-12-25,0.0
1990-12-26,2.7942356337795995
1990-12-27,0.06915466500195423
1990-12-28,0.27914720137769805
1990-12-29,0.9364391973835942
1990-12-30,0.9484878710579113
1990-12-31,4.901689513303947
1991-01-01,6.143331240696819
1991-01-02,1.8328589544200058
1991-01-03,0.9190550340308508
1991-01-04,4.033456080212027
1991-01-05,0.19074399143653709
1991-01-06,0.02325940060533438
1991-01-07,0.3141204767491946
1991-01-08,0.44760127310912207
1991-01-09,0.010500705005530051
1991-01-10,0.012193472067934186
1991-01-11,41.62489168698935
1991-01-12,11.500637866621512
1991-01-13,9.661795506144071e-05
1991-01-14,9.661795506144071e-05
1991-01-15,0.281266147283252
1991-01-16,4.64275714314771
1991-01-17,0.00010110708064971167
1991-01-18,0.00010110708064971167
1991-01-19,38.434712805165205
1991-01-20,12.789362838190819
1991-01-21,7.527014005044447e-05
1991-01-22,7.527014005044447e-05
1991-01-23,7.527014005044447e-05
1991-01-24,43.7392865020713
1991-01-25,2.489319054278621
1991-01-26,0.0005767745734167285
1991-01-27,9.95946889377297e-05
1991-01-28,32.65958310583686
1991-01-29,19.18974150146882
1991-01-30,29.43565089536835
1991-01-31,6.23284103297286
1991-02-01,0.0001827926156935389
1991-02-02,0.007822691738304403
1991-02-03,0.0011376122756402108
1991-02-04,0.0001827926156935389
1991-02-05,0.0001827926156935389
1991-02-06,9.196868992511794
1991-02-07,15.571720652474255
1991-02-08,0.04513649446203826
1991-02-09,0.0003234382530044892
1991-02-10,7.123972925974394e-05
1991-02-11,0.00021486796501529222
1991-02-12,0.00021486796501529222
1991-02-13,0.40863142986146106
1991-02-14,9.20903964564862
1991-02-15,0.47528810216113915
1991-02-16,7.01488251910947e-05
1991-02-17,0.25993952831053624
1991-02-18,0.11518667155707876
1991-02-19,0.007654073711478798
1991-02-20,0.009144198016432464
1991-02-21,0.0500895606821162
1991-02-22,0.22907312210195716
1991-02-23,6.61861455721284
1991-02-24,0.09636075442534374
1991-02-25,0.004458287032740111
1991-02-26,0.6889367554408327
1991-02-27,0.07711339575343672
1991-02-28,0.07711339575343672
1991-03-01,0.8934741766222116
1991-03-02,56.38269648785555
1991-03-03,62.3130646972244
1991-03-04,2.2640335144678736
1991-03-05,0.00021242907940995185
1991-03-06,0.00011737264050312789
1991-03-07,0.5430575547712856
1991-03-08,4.817100190432756
1991-03-09,0.0031167293388814116
1991-03-10,0.00011737264050312789
1991-03-11,0.00012763247893516955
1991-03-12,0.00012763247893516955
1991-03-13,7.5429034321708475
1991-03-14,0.00012763247893516955
1991-03-15,0.00012763247893516955
1991-03-16,0.00015741593420004734
1991-03-17,18.822135509658477
1991-03-18,13.207573085173662
1991-03-19,0.00015741593420004734
1991-03-20,0.00015741593420004734
1991-03-21,0.0001120604937018536
1991-03-22,0.019504509673288182
1991-03-23,0.13045946024008057
1991-03-24,0.5815406875580067
1991-03-25,0.0001120604937018536
1991-03-26,6.991561639060057e-05
1991-03-27,0.0010591176788043394
1991-03-28,0.10519155873975515
1991-03-29,3.264183677948948
1991-03-30,9.953641678936254
1991-03-31,0.07318166089294745
1991-04-01,0.0
1991-04-02,0.0
1991-04-03,0.0
1991-04-04,0.0
1991-04-05,0.0
1991-04-06,3.612087827838474
1991-04-07,0.1437524985823808
1991-04-08,11.774524209648334
1991-04-09,5.049396249192943
1991-04-10,3.0384576346863192
1991-04-11,7.832615077037482e-05
1991-04-12,1.5882749460788808
1991-04-13,0.8524525851723393
1991-04-14,0.47405730732829704
1991-04-15,3.4769708326161006
1991-04-16,0.3600896732749953
1991-04-17,6.279041383104589
1991-04-18,0.09983878826196586
1991-04-19,4.75439552748658
1991-04-20,3.7328723515143936
1991-04-21,0.04263933166275738
1991-04-22,0.15314934230779426
1991-04-23,20.474622427596362
1991-04-24,0.08230422384592068
1991-04-25,0.00010657890052044305
1991-04-26,3.203267380700247
1991-04-27,8.148806982434417
1991-04-28,3.8735032704477237
1991-04-29,0.17835384340011642
1991-04-30,6.126756268970372
1991-05-01,35.309122680915316
1991-05-02,0.0023774787980299014
1991-05-03,0.0003390584819272744
1991-05-04,0.17739819914047755
1991-05-05,2.701178502973157
1991-05-06,8.167670151390857
1991-05-07,0.6246889446908817
1991-05-08,16.038269455009466
1991-05-09,5.041905906732706
1991-05-10,2.4186920764298385
1991-05-11,4.531125428906413
1991-05-12,0.7020833247669237
1991-05-13,3.5868036496131204
1991-05-14,1.878626564271317
1991-05-15,1.2826587319064549
1991-05-16,2.08198164345611
1991-05-17,1.2678022283318326
1991-05-18,1.164202361958256
1991-05-19,0.8108106056215137
1991-05-20,3.4756460591614533
1991-05-21,3.677990767807926
1991-05-22,2.6592394892171
1991-05-23,2.2998821741078475
1991-05-24,4.622984826202952
1991-05-25,1.734280903001243
1991-05-26,1.5431731371374002
1991-05-27,25.203702725568764
1991-05-28,1.3744076827112461
1991-05-29,1.5428736806756973
1991-05-30,0.40724411898091906
1991-05-31,2.0186243183451205
1991-06-01,12.343198515606883
1991-06-02,14.994928078247675
1991-06-03,0.3047844649369007
1991-06-04,1.0690297370548976
1991-06-05,32.084803326760735
1991-06-06,3.5146371133640235
1991-06-07,0.001890543025795609
1991-06-08,0.00047228060285229667
1991-06-09,0.00047228060285229667
1991-06-10,0.00047228060285229667
1991-06-11,3.224943712376908e-05
1991-06-12,0.0029898806947492923
1991-06-13,0.11073857004192453
1991-06-14,2.700165447346283
1991-06-15,7.889875265819547
1991-06-16,1.3448105352408866
1991-06-17,1.8147050160313531
1991-06-18,12.109365460537294
1991-06-19,3.731344073750859
1991-06-20,3.321194053562986
1991-06-21,0.3530288084996884
1991-06-22,1.0821083790502257
1991-06-23,0.9725758315633741
1991-06-24,10.459464872590484
1991-06-25,8.864300416584847
1991-06-26,2.335208816995791
1991-06-27,0.4336028974904562
1991-06-28,3.104641429624175
1991-06-29,2.4972290000440522
1991-06-30,0.19150057971300902
1991-07-01,0.01831133294179442
1991-07-02,0.6345996966932116
1991-07-03,3.116325789433972
1991-07-04,4.396936745649412
1991-07-05,9.726638811644309
1991-07-06,10.768672865925184
1991-07-07,9.651692879654338
1991-07-08,18.72564647110208
1991-07-09,1.4836604371812327
1991-07-10,1.553683421670909
1991-07-11,1.1843884446804251
1991-07-12,1.3775742801873188
1991-07-13,0.17674017257234564
1991-07-14,7.994399077457261
1991-07-15,5.080568499603697
1991-07-16,69.92427339410175
1991-07-17,9.250905287700474
1991-07-18,26.694040560611327
1991-07-19,7.061181600382472
1991-07-20,1.1257925958624555
1991-07-21,2.2337416245122323
1991-07-22,0.41145819285404023
1991-07-23,2.404664185828077
1991-07-24,1.4022497603820516
1991-07-25,12.48332023222291
1991-07-26,2.408219156692657
1991-07-27,3.3673189988673276
1991-07-28,1.4071666260251665
1991-07-29,12.353194925612065
1991-07-30,22.044465640614064
1991-07-31,14.967214644046463
1991-08-01,45.23683923177325
1991-08-02,17.120078020351233
1991-08-03,2.5735243778328516
1991-08-04,1.4552530060573245
1991-08-05,2.5460239953634294
1991-08-06,1.2881120873336493
1991-08-07,2.1181741352103307
1991-08-08,0.2747915823006888
1991-08-09,0.41167565679199164
1991-08-10,9.031256219757264
1991-08-11,10.252193826239951
1991-08-12,9.787410122497281
1991-08-13,5.613194755245067
1991-08-14,8.686966697447627
1991-08-15,2.249828080402815
1991-08-16,0.02144304186724181
1991-08-17,0.0026313455655425965
1991-08-18,0.030055734827191174
1991-08-19,6.694483832299704
1991-08-20,0.09822101647949756
1991-08-21,9.62151799387669e-05
1991-08-22,0.11033728827784693
1991-08-23,0.8753946593047515
1991-08-24,11.000769543133638
1991-08-25,20.71614688773062
1991-08-26,12.42713149956921
1991-08-27,6.70463081923554
1991-08-28,4.45953775411984
1991-08-29,16.0300686297691
1991-08-30,2.4975141825142977
1991-08-31,0.1688902807994541
1991-09-01,0.04510116456883689
1991-09-02,0.43717200347065144
1991-09-03,0.5593516533471253
1991-09-04,0.014302902068518466
1991-09-05,0.035845421443621434
1991-09-06,0.04303160356867043
1991-09-07,1.4585779173038154
1991-09-08,0.6291156721709925
1991-09-09,6.47276510418777e-05
1991-09-10,0.00792738945829676
1991-09-11,0.0003030428776415683
1991-09-12,0.0391784937415551
1991-09-13,0.0001037700756861252
1991-09-14,0.42581215478163015
1991-09-15,0.6290171523578326
1991-09-16,2.7136503959344456
1991-09-17,0.7599245514769106
1991-09-18,0.050323327898269585
1991-09-19,1.33877470776474
1991-09-20,2.1978991414058844
1991-09-21,0.4345135516217459
1991-09-22,0.28913383347886773
1991-09-23,0.004087402014190215
1991-09-24,0.00011448334619047881
1991-09-25,7.3467478650923494
1991-09-26,0.20643840374511535
1991-09-27,0.0006791811957186578
1991-09-28,0.0004570600382791239
1991-09-29,0.007600408164278242
1991-09-30,0.19393576164638462
1991-10-01,0.5418114261721637
1991-10-02,17.055040219162933
1991-10-03,0.025985857398534706
1991-10-04,0.47980907277395757
1991-10-05,6.755716470689844
1991-10-06,16.850749093393503
1991-10-07,0.001540746332813499
1991-10-08,0.001540746332813499
1991-10-09,0.056617516909962834
1991-10-10,3.0864994050312133
1991-10-11,1.823289835176149e-05
1991-10-12,1.823289835176149e-05
1991-10-13,1.823289835176149e-05
1991-10-14,1.823289835176149e-05
1991-10-15,1.4891182628350408
1991-10-16,1.757979084670581
1991-10-17,0.0005168067242225005
1991-10-18,0.0005168067242225005
1991-10-19,0.0005168067242225005
1991-10-20,0.0005168067242225005
1991-10-21,0.018750027766787768
1991-10-22,0.005467882815198453
1991-10-23,0.41108913134836256
1991-10-24,0.07995024162792363
1991-10-25,0.23315586090995222
1991-10-26,0.456276372872591
1991-10-27,0.14953837340212722
1991-10-28,0.00015335710647212134
1991-10-29,0.0020914449113795556
1991-10-30,0.00010504501255410878
1991-10-31,0.00010504501255410878
1991-11-01,3.263876180771711
1991-11-02,1.302832931384154
1991-11-03,1.3725899973424058
1991-11-04,8.492830804787754e-05
1991-11-05,8.492830804787754e-05
1991-11-06,0.0030480611503286453
1991-11-07,8.162662045452701e-06
1991-11-08,0.011946165206003506
1991-11-09,0.20503351482981777
1991-11-10,0.33806356347399613
1991-11-11,0.10039117089959504
1991-11-12,0.10039117089959504
1991-11-13,0.10039117089959504
1991-11-14,0.10039117089959504
1991-11-15,0.10039117089959504
1991-11-16,8.619889400796254e-07
1991-11-17,8.619889400796254e-07
1991-11-18,0.004103576877569838
1991-11-19,0.0030620979840418256
1991-11-20,0.0007115033274253488
1991-11-21,0.18238842724072135
1991-11-22,1.0229949256713586
1991-11-23,3.087062405675131e-05
1991-11-24,2.65463322181567e-05
1991-11-25,1.8014400968677878e-05
1991-11-26,0.00017663874779200593
1991-11-27,0.00017663874779200593
1991-11-28,0.00017663874779200593
1991-11-29,0.025781627861543307
1991-11-30,0.8778783584264065
1991-12-01,0.7466587652300462
1991-12-02,0.5905045591535841
1991-12-03,25.957606442542982
1991-12-04,0.00016800642356639672
1991-12-05,0.00016800642356639672
1991-12-06,0.00014294146172528263
1991-12-07,0.00018685872220246968
1991-12-08,0.11230376902704288
1991-12-09,0.19334470061113873
1991-12-10,12.090172129220763
1991-12-11,0.0
1991-12-12,0.0
1991-12-13,0.0
1991-12-14,0.0
1991-12-15,0.0
1991-12-16,0.0
1991-12-17,0.0
1991-12-18,0.0
1991-12-19,0.0
1991-12-20,0.0
1991-12-21,6.758104370448604e-05
1991-12-22,6.758104370448604e-05
1991-12-23,6.3287565878607674
1991-12-24,1.5565284158842516
1991-12-25,0.0001242690895170125
1991-12-26,0.3132003235471868
1991-12-27,10.189292957735734
1991-12-28,62.92722918100196
1991-12-29,4.534027221275898
1991-12-30,0.09969264328239316
1991-12-31,0.2486198891578433
1992-01-01,0.0
1992-01-02,0.0
1992-01-03,0.0
1992-01-04,0.0
1992-01-05,0.0
1992-01-06,0.0
1992-01-07,0.0
1992-01-08,0.0
1992-01-09,0.3292147547602725
1992-01-10,0.10619322104604785
1992-01-11,0.0
1992-01-12,0.0015525565752358833
1992-01-13,53.641674095860644
1992-01-14,20.80733672912347
1992-01-15,0.0
1992-01-16,0.0
1992-01-17,0.0
1992-01-18,0.21175719692278328
1992-01-19,7.694955875971648
1992-01-20,0.0
1992-01-21,0.0
1992-01-22,0.0005351623946879176
1992-01-23,29.879407652908835
1992-01-24,0.00070581595005838
1992-01-25,0.0
1992-01-26,0.0
1992-01-27,0.5287116215192815
1992-01-28,8.254349252409716
1992-01-29,8.260302177005801
1992-01-30,21.47206191725623
1992-01-31,0.000106182691407706
1992-02-01,0.0
1992-02-02,0.0
1992-02-03,0.0
1992-02-04,0.0
1992-02-05,12.103351335039168
1992-02-06,38.02971410303631
1992-02-07,0.00036088960292880213
1992-02-08,0.0
1992-02-09,0.0
1992-02-10,0.0006285891127373231
1992-02-11,0.12115829713434868
1992-02-12,0.0
1992-02-13,1.3916305218916138
1992-02-14,4.917655323373374
1992-02-15,19.828029598571163
1992-02-16,0.794207741177189
1992-02-17,37.853384741772665
1992-02-18,20.609776465999545
1992-02-19,13.795936945267092
1992-02-20,0.0
1992-02-21,0.0
1992-02-22,4.336684933873899
1992-02-23,33.23477336742464
1992-02-24,0.407175226627708
1992-02-25,22.542654999390027
1992-02-26,5.478614261342832
1992-02-27,0.0
1992-02-28,0.0
1992-02-29,0.0
1992-03-01,0.0
1992-03-02,0.0
1992-03-03,0.0
1992-03-04,0.0
1992-03-05,0.0
1992-03-06,32.78546866579965
1992-03-07,7.507120871608172
1992-03-08,0.0
1992-03-09,0.0
1992-03-10,8.057855214477884
1992-03-11,0.17040859605467873
1992-03-12,0.0
1992-03-13,0.0
1992-03-14,0.0
1992-03-15,0.0
1992-03-16,0.0
1992-03-17,0.0
1992-03-18,0.37621712517952915
1992-03-19,29.854826734478365
1992-03-20,0.7291792240472774
1992-03-21,0.0
1992-03-22,0.019123115467950674
1992-03-23,0.8646761042057132
1992-03-24,0.0
1992-03-25,6.415842013860096
1992-03-26,11.80753186613095
1992-03-27,0.0
1992-03-28,0.0
1992-03-29,0.06496168974179181
1992-03-30,27.026971859295017
1992-03-31,1.3006320306852515
1992-04-01,0.0
1992-04-02,0.0
1992-04-03,0.0
1992-04-04,0.0
1992-04-05,0.0
1992-04-06,0.025545958914938424
1992-04-07,6.580799430973081
1992-04-08,0.2857462420447703
1992-04-09,0.0
1992-04-10,0.10314815776687888
1992-04-11,3.8473353189451323
1992-04-12,2.4891304670709533
1992-04-13,0.08955921129239844
1992-04-14,0.0
1992-04-15,0.0
1992-04-16,0.26142097725474883
1992-04-17,0.2303196497947098
1992-04-18,0.0
1992-04-19,0.02856961092737662
1992-04-20,4.1071522301654735
1992-04-21,29.78659670086994
1992-04-22,2.204492716670347
1992-04-23,0.0
1992-04-24,0.0
1992-04-25,0.9308189210657442
1992-04-26,0.0
1992-04-27,0.0010628546678568688
1992-04-28,0.36814958794153174
1992-04-29,0.0
1992-04-30,0.0
1992-05-01,0.0
1992-05-02,0.0
1992-05-03,0.0
1992-05-04,0.0
1992-05-05,0.0
1992-05-06,0.0
1992-05-07,0.0
1992-05-08,0.0
1992-05-09,0.0
1992-05-10,0.0
1992-05-11,0.0
1992-05-12,0.0
1992-05-13,0.0
1992-05-14,0.0
1992-05-15,0.0
1992-05-16,1.618531902812771
1992-05-17,0.0
1992-05-18,0.053342467962769834
1992-05-19,0.0
1992-05-20,0.49974796453138887
1992-05-21,0.0
1992-05-22,0.0
1992-05-23,0.0
1992-05-24,0.0
1992-05-25,0.0
1992-05-26,0.15533987400453428
1992-05-27,4.340398668454571
1992-05-28,30.767591403857203
1992-05-29,15.092986958724458
1992-05-30,10.463602669237106
1992-05-31,0.2761016377417952
1992-06-01,0.09694504276564533
1992-06-02,0.013052819824036352
1992-06-03,8.196612454250463
1992-06-04,18.184616521674897
1992-06-05,0.2669499651893814
1992-06-06,0.0
1992-06-07,0.004351181670453581
1992-06-08,9.404598262901278
1992-06-09,26.13180196980958
1992-06-10,1.5200108920084374
1992-06-11,3.511016478616663
1992-06-12,12.149272376448192
1992-06-13,2.1083639216975807
1992-06-14,3.241210937710471
1992-06-15,0.29042310935339843
1992-06-16,0.6058046494115772
1992-06-17,0.6185828241256541
1992-06-18,0.005855611216812384
1992-06-19,0.39122085545195295
1992-06-20,0.0
1992-06-21,0.08645716104549718
1992-06-22,0.03907795129209505
1992-06-23,0.15092035776304077
1992-06-24,0.34082126930012036
1992-06-25,0.036927258735244425
1992-06-26,2.2336729981719046
1992-06-27,5.964998939331719
1992-06-28,1.9857769454002054
1992-06-29,2.2018655478016296
1992-06-30,2.311822484866527
1992-07-01,14.360838885105546
1992-07-02,5.659467125423054
1992-07-03,1.2233547598864987
1992-07-04,0.00031513799856129697
1992-07-05,0.5950058072703169
1992-07-06,0.0
1992-07-07,0.0
1992-07-08,0.0
1992-07-09,0.0
1992-07-10,0.0
1992-07-11,1.955164490652327
1992-07-12,2.131580423667603
1992-07-13,0.6001244288312864
1992-07-14,0.009013305602692406
1992-07-15,1.4642871268712332
1992-07-16,9.003572024830943
1992-07-17,5.113377901356545
1992-07-18,2.9069104238605856
1992-07-19,11.596576174083058
1992-07-20,7.6524549717360815
1992-07-21,7.183637996576036
1992-07-22,7.319526219041216
1992-07-23,2.4805376954823894
1992-07-24,9.345219027560963
1992-07-25,1.6223988451856157
1992-07-26,2.6799352889592285
1992-07-27,1.440819053796712
1992-07-28,11.474569535658711
1992-07-29,0.6127928457471912
1992-07-30,8.025833000079922
1992-07-31,0.049954184624415324
1992-08-01,1.5661053314059066
1992-08-02,0.04895127908906748
1992-08-03,0.007269873766743927
1992-08-04,0.09621226950492964
1992-08-05,3.4189043696074695
1992-08-06,3.9246830387094054
1992-08-07,5.355298176538666
1992-08-08,0.2573882468562257
1992-08-09,0.8580665541009469
1992-08-10,0.4932710434353363
1992-08-11,0.9287958130737503
1992-08-12,1.3221285604025519
1992-08-13,11.547697157911516
1992-08-14,13.255140905012118
1992-08-15,7.240117389925932
1992-08-16,0.9534740395005858
1992-08-17,4.279289674306909
1992-08-18,1.5267575772055675
1992-08-19,7.008984355849603
1992-08-20,2.006238325968513
1992-08-21,13.95808082068771
1992-08-22,5.97473204495335
1992-08-23,7.616769222600166
1992-08-24,2.9822045184634005
1992-08-25,4.409733569392483
1992-08-26,0.5420880685152523
1992-08-27,6.017702168180379
1992-08-28,9.56679868069354
1992-08-29,0.07027526621284826
1992-08-30,0.0
1992-08-31,0.1559025503472025
1992-09-01,1.3869492960642373
1992-09-02,5.9613131303755145
1992-09-03,8.995422112305627
1992-09-04,9.502643468550351
1992-09-05,22.482858213916828
1992-09-06,6.036773334513608
1992-09-07,6.0512749389479765
1992-09-08,1.2744805130248482
1992-09-09,2.434591902089436
1992-09-10,2.4249308477598213
1992-09-11,0.9579982955484703
1992-09-12,0.9388579617394305
1992-09-13,0.002684840198266487
1992-09-14,0.004829183994470831
1992-09-15,0.002240160350072708
1992-09-16,1.094131071396987
1992-09-17,0.400669333579908
1992-09-18,0.009269749814642117
1992-09-19,0.07580861219566877
1992-09-20,0.6057688667775883
1992-09-21,0.5829967797311753
1992-09-22,0.08009282674222448
1992-09-23,1.795468368135829
1992-09-24,6.584369689862884
1992-09-25,0.032157088517696025
1992-09-26,1.3188262223704756
1992-09-27,2.7039503601209507
1992-09-28,1.0561026254023689
1992-09-29,0.00161978219979882
1992-09-30,0.0
1992-10-01,0.0
1992-10-02,0.0005158852776475708
1992-10-03,21.878855734504228
1992-10-04,15.930752685116362
1992-10-05,0.2735446279913903
1992-10-06,0.0
1992-10-07,0.0
1992-10-08,2.656870819820094
1992-10-09,3.6241444854023053
1992-10-10,0.0
1992-10-11,7.346967038324926
1992-10-12,0.0
1992-10-13,0.0
1992-10-14,0.0
1992-10-15,0.0
1992-10-16,0.00046521379333580115
1992-10-17,0.012020112854256122
1992-10-18,0.1626134340166756
1992-10-19,0.0
1992-10-20,0.0
1992-10-21,0.03203610592789453
1992-10-22,0.5451187847394984
1992-10-23,0.03203610592789453
1992-10-24,0.03203610592789453
1992-10-25,0.03203610592789453
1992-10-26,0.0
1992-10-27,0.00017648226213445612
1992-10-28,0.06481729860393401
1992-10-29,0.14997593039202123
1992-10-30,0.1316440052806304
1992-10-31,0.068792174675009
1992-11-01,0.0008593979417305979
1992-11-02,10.83522500933211
1992-11-03,9.999260158077837
1992-11-04,9.266072154144444
1992-11-05,12.545941329311649
1992-11-06,0.08411608724735083
1992-11-07,0.0
1992-11-08,0.0
1992-11-09,5.677546973333432e-07
1992-11-10,13.698242778319536
1992-11-11,0.06133416329029505
1992-11-12,15.737985888488469
1992-11-13,3.6979268113585935
1992-11-14,0.0
1992-11-15,0.0
1992-11-16,0.0
1992-11-17,0.0
1992-11-18,0.0
1992-11-19,0.0
1992-11-20,0.007793264294859015
1992-11-21,26.454901656230952
1992-11-22,8.197467860794529
1992-11-23,4.81078324398452
1992-11-24,15.589549110943965
1992-11-25,13.033301965250647
1992-11-26,31.0998168696655
1992-11-27,8.350167199688226
1992-11-28,0.0
1992-11-29,3.0791429480408295e-07
1992-11-30,0.0
1992-12-01,0.0
1992-12-02,0.0
1992-12-03,0.0
1992-12-04,0.0
1992-12-05,0.11658285644167724
1992-12-06,0.0
1992-12-07,4.91560753440092
1992-12-08,0.016783651927596854
1992-12-09,0.0
1992-12-10,37.193373410465604
1992-12-11,0.0
1992-12-12,0.0
1992-12-13,0.0
1992-12-14,0.0
1992-12-15,0.0
1992-12-16,0.2233972294154259
1992-12-17,20.213018748132697
1992-12-18,0.0007540320304292132
1992-12-19,1.6707491122667977
1992-12-20,0.16520070149745159
1992-12-21,0.0
1992-12-22,0.0
1992-12-23,0.0
1992-12-24,0.0
1992-12-25,0.0
1992-12-26,0.32922754377815744
1992-12-27,4.8713969719831605
1992-12-28,0.5085861022472213
1992-12-29,0.18246189857561665
1992-12-30,0.4631832344739886
1992-12-31,0.2128937026493956
1993-01-01,0.0
1993-01-02,0.0
1993-01-03,0.0
1993-01-04,0.0
1993-01-05,0.0
1993-01-06,1.8932184897202071
1993-01-07,49.58377867260906
1993-01-08,42.29954516154318
1993-01-09,2.6122030262535643
1993-01-10,2.5303384157873343
1993-01-11,18.268815859766068
1993-01-12,37.050426682816926
1993-01-13,14.932749510551256
1993-01-14,0.0
1993-01-15,25.970057249509104
1993-01-16,9.185346680572472
1993-01-17,0.0
1993-01-18,0.0
1993-01-19,0.010529713518824197
1993-01-20,5.112908875179953
1993-01-21,13.946083419700315
1993-01-22,2.379834101718031
1993-01-23,0.0
1993-01-24,28.852631122468555
1993-01-25,0.14932207137038134
1993-01-26,10.98561137253353
1993-01-27,0.0956083473885761
1993-01-28,0.0956083473885761
1993-01-29,0.0956083473885761
1993-01-30,0.0956083473885761
1993-01-31,0.0956083473885761
1993-02-01,0.0
1993-02-02,0.0
1993-02-03,0.0
1993-02-04,0.0
1993-02-05,0.005127448951218684
1993-02-06,4.359899435730974
1993-02-07,34.5881534843722
1993-02-08,0.13477764446190854
1993-02-09,0.5467572027085676
1993-02-10,1.990166706568887
1993-02-11,3.1385372409825196
1993-02-12,1.0974942516160844
1993-02-13,0.0020351036600747352
1993-02-14,0.0
1993-02-15,0.11258481653828209
1993-02-16,27.701317526842026
1993-02-17,0.006734770125964384
1993-02-18,0.0
1993-02-19,0.0
1993-02-20,0.14904055325031612
1993-02-21,1.4616298876903926
1993-02-22,6.298643484280533
1993-02-23,0.0
1993-02-24,0.0
1993-02-25,0.0
1993-02-26,10.029805026106562
1993-02-27,0.026409252199222407
1993-02-28,0.0
1993-03-01,0.0
1993-03-02,0.0
1993-03-03,0.0
1993-03-04,0.0
1993-03-05,0.0
1993-03-06,0.0
1993-03-07,0.0
1993-03-08,0.0
1993-03-09,0.0
1993-03-10,0.0
1993-03-11,2.0926911931365012e-05
1993-03-12,0.2872204667687288
1993-03-13,24.38637164200808
1993-03-14,0.0
1993-03-15,0.0
1993-03-16,1.4050544609113087
1993-03-17,36.8792805986767
1993-03-18,2.8364090607657566
1993-03-19,0.0
1993-03-20,0.91520730118356
1993-03-21,5.683382796168532
1993-03-22,0.21486123580895308
1993-03-23,9.357841711930487
1993-03-24,8.101569606888466
1993-03-25,0.4244535802834828
1993-03-26,28.31260030330759
1993-03-27,10.23722498003477
1993-03-28,0.05853364127721603
1993-03-29,0.0
1993-03-30,0.0
1993-03-31,11.763985175549767
1993-04-01,0.05925018561992903
1993-04-02,0.0
1993-04-03,0.0
1993-04-04,4.301664261571735
1993-04-05,35.99811320369818
1993-04-06,0.0
1993-04-07,0.0
1993-04-08,0.0
1993-04-09,0.0
1993-04-10,0.0
1993-04-11,0.0
1993-04-12,0.0
1993-04-13,0.0
1993-04-14,0.0
1993-04-15,6.268227258805223
1993-04-16,4.187095876883755
1993-04-17,0.0
1993-04-18,0.07970592177665303
1993-04-19,0.0
1993-04-20,0.0
1993-04-21,0.6273763114735527
1993-04-22,0.0
1993-04-23,0.0
1993-04-24,0.0
1993-04-25,4.557930685479764e-06
1993-04-26,20.130316100040304
1993-04-27,0.0
1993-04-28,0.0
1993-04-29,0.0
1993-04-30,0.000634026070525748
1993-05-01,0.15975176306105932
1993-05-02,0.08379689678506708
1993-05-03,5.776670422141204
1993-05-04,5.678398128235268
1993-05-05,1.4481418732235647
1993-05-06,0.0
1993-05-07,0.0
1993-05-08,0.0
1993-05-09,0.0
1993-05-10,0.0
1993-05-11,0.0
1993-05-12,0.0
1993-05-13,0.0
1993-05-14,0.0
1993-05-15,0.0
1993-05-16,0.0
1993-05-17,0.002198359495214978
1993-05-18,0.04470634125726402
1993-05-19,12.728722888022052
1993-05-20,0.8003359007616261
1993-05-21,0.0
1993-05-22,0.0
1993-05-23,0.0
1993-05-24,0.0
1993-05-25,0.0
1993-05-26,0.06925297996727535
1993-05-27,0.0045939860557413625
1993-05-28,0.047363129472636704
1993-05-29,2.713056204324664
1993-05-30,0.12572892533139415
1993-05-31,1.0800738394768812
1993-06-01,7.036310229174705
1993-06-02,0.8744131367661904
1993-06-03,0.0
1993-06-04,0.008251138276510571
1993-06-05,0.0006865326696870336
1993-06-06,0.005014660101993241
1993-06-07,0.019265701094837263
1993-06-08,0.07917482410324847
1993-06-09,0.015856386335872562
1993-06-10,0.6356825623085408
1993-06-11,1.429493226998257
1993-06-12,4.097120300255634
1993-06-13,13.218027598871082
1993-06-14,1.1025476794514797
1993-06-15,0.00143766807482324
1993-06-16,0.0
1993-06-17,0.0
1993-06-18,0.0
1993-06-19,0.0
1993-06-20,0.0
1993-06-21,1.326598943078486
1993-06-22,3.267185413547693
1993-06-23,5.463820804405058
1993-06-24,15.420097779573979
1993-06-25,7.745883833436193
1993-06-26,6.356347893242555
1993-06-27,1.2531400463407492
1993-06-28,0.9098871463139049
1993-06-29,4.979775375091803
1993-06-30,1.182841794121218
1993-07-01,25.713610909462123
1993-07-02,4.616453359065161
1993-07-03,0.32453441418499585
1993-07-04,3.892943890794206
1993-07-05,0.7492168263084711
1993-07-06,2.0914307665679357
1993-07-07,5.609977194974414
1993-07-08,0.5578485920133391
1993-07-09,0.21736595158907634
1993-07-10,1.169630717977306
1993-07-11,0.0
1993-07-12,0.0
1993-07-13,0.0
1993-07-14,0.0
1993-07-15,0.0
1993-07-16,1.1009145884915839
1993-07-17,11.653738816659372
1993-07-18,0.8558655457900538
1993-07-19,6.936968443032305
1993-07-20,23.45629046185966
1993-07-21,2.550810360976787
1993-07-22,5.3024819205425455
1993-07-23,6.658817002643532
1993-07-24,1.2257532623634733
1993-07-25,0.0736846710132416
1993-07-26,2.248524704617896
1993-07-27,8.509473172038767
1993-07-28,5.3891286003760985
1993-07-29,9.111908718971335
1993-07-30,0.3717067087133634
1993-07-31,0.0
1993-08-01,0.0
1993-08-02,0.266489062009892
1993-08-03,2.7255712311827103
1993-08-04,5.956934984021538
1993-08-05,8.183986311683853
1993-08-06,0.9895396208433929
1993-08-07,0.595320568976748
1993-08-08,0.056736557639915905
1993-08-09,7.21910486904184
1993-08-10,23.515521453100042
1993-08-11,0.0377963221596475
1993-08-12,0.0007724701053466164
1993-08-13,0.04234255654857555
1993-08-14,3.0041843511934068
1993-08-15,2.082828382014048
1993-08-16,0.012976022643035467
1993-08-17,0.0011108019676792902
1993-08-18,0.03700260276211164
1993-08-19,0.26048573616390497
1993-08-20,0.21241149875521348
1993-08-21,1.6368009048755998
1993-08-22,5.0605631130713205
1993-08-23,0.6252418587564583
1993-08-24,0.003533734877799385
1993-08-25,0.0
1993-08-26,0.2749994390195732
1993-08-27,2.5958012147957428
1993-08-28,3.1699685844662135
1993-08-29,4.19752617240086
1993-08-30,0.5171407042330523
1993-08-31,0.04198184970474551
1993-09-01,1.4474458961653218
1993-09-02,0.7323463337913113
1993-09-03,0.7918113526968646
1993-09-04,3.1766964397563426
1993-09-05,17.46494590244789
1993-09-06,4.483667274417572
1993-09-07,30.99543101738056
1993-09-08,12.641335437954547
1993-09-09,5.330551394262404
1993-09-10,0.2986936161787804
1993-09-11,0.00012306987937693868
1993-09-12,0.04240462682069579
1993-09-13,0.0
1993-09-14,0.12897958890757913
1993-09-15,1.3025004591589946
1993-09-16,1.231763479508041
1993-09-17,4.353843903703983
1993-09-18,3.0824659632146147
1993-09-19,0.23787749956224835
1993-09-20,0.3602019831786109
1993-09-21,4.871144086944289
1993-09-22,0.3989861168605159
1993-09-23,0.0
1993-09-24,0.0003125898717430192
1993-09-25,0.035066907852260874
1993-09-26,0.01509525109728684
1993-09-27,2.1105536314562197
1993-09-28,0.0
1993-09-29,0.0
1993-09-30,0.0
1993-10-01,0.005694579986239455
1993-10-02,1.1223807169921813
1993-10-03,0.005694579986239455
1993-10-04,0.005694579986239455
1993-10-05,0.005694579986239455
1993-10-06,0.001964393052761619
1993-10-07,0.2036837770467394
1993-10-08,0.07765387011719545
1993-10-09,0.010226633007730617
1993-10-10,0.00014518490768938202
1993-10-11,0.1626907919795755
1993-10-12,0.0
1993-10-13,0.0
1993-10-14,0.1728795903033572
1993-10-15,0.5459630853705726
1993-10-16,17.4482498986003
1993-10-17,1.132167225386093
1993-10-18,0.04328807162319406
1993-10-19,0.0
1993-10-20,0.0016371387000088757
1993-10-21,0.24308881270809285
1993-10-22,0.15186398576389734
1993-10-23,7.3310894176820405
1993-10-24,6.763879342262042
1993-10-25,8.153639500491764
1993-10-26,6.0370177270269405
1993-10-27,0.00017674061252921446
1993-10-28,0.00010213062482895466
1993-10-29,1.0971359703219539
1993-10-30,37.988433382873886
1993-10-31,0.2547399883116008
1993-11-01,0.0
1993-11-02,0.0
1993-11-03,0.003334207006631298
1993-11-04,1.5816057583768004e-05
1993-11-05,22.109418103054132
1993-11-06,26.744919961498603
1993-11-07,0.0
1993-11-08,2.2038583052842742e-07
1993-11-09,20.157312563598925
1993-11-10,23.982410876153097
1993-11-11,0.0
1993-11-12,0.0
1993-11-13,0.0
1993-11-14,0.0029538998531503926
1993-11-15,0.1734256350241054
1993-11-16,0.2249230007973963
1993-11-17,0.0871249983521631
1993-11-18,1.7993675742898727
1993-11-19,0.0
1993-11-20,0.015110435833594883
1993-11-21,0.0
1993-11-22,0.4320602769716161
1993-11-23,0.0
1993-11-24,0.0
1993-11-25,0.0
1993-11-26,1.1542713049647013
1993-11-27,33.563450422706644
1993-11-28,0.01259333026441326
1993-11-29,0.0
1993-11-30,0.0
1993-12-01,0.0
1993-12-02,0.0
1993-12-03,0.0
1993-12-04,0.0003645819015559685
1993-12-05,0.13266274601821265
1993-12-06,0.0
1993-12-07,0.0
1993-12-08,0.0
1993-12-09,0.0
1993-12-10,16.837594313915712
1993-12-11,4.673436690259838
1993-12-12,0.0
1993-12-13,0.01448640748207337
1993-12-14,45.2557933971817
1993-12-15,0.8586395337993545
1993-12-16,0.0
1993-12-17,0.0
1993-12-18,0.006986237755940923
1993-12-19,0.0
1993-12-20,7.502682834414428
1993-12-21,1.0330969810333825
1993-12-22,3.5364489851891583
1993-12-23,44.04178509128306
1993-12-24,0.554137115090172
1993-12-25,0.9236305619302381
1993-12-26,0.0
1993-12-27,0.0
1993-12-28,0.0
1993-12-29,0.0
1993-12-30,0.0
1993-12-31,0.0
1994-01-01,8.875307053843853
1994-01-02,5.139590647876148
1994-01-03,9.658823875638305
1994-01-04,1.6090452751826456
1994-01-05,0.0
1994-01-06,0.0
1994-01-07,0.003866074914953762
1994-01-08,0.4221239585840521
1994-01-09,0.0
1994-01-10,0.0
1994-01-11,1.8670669147055914
1994-01-12,20.718954140669723
1994-01-13,8.644619056219037
1994-01-14,0.40866816401658046
1994-01-15,0.0
1994-01-16,0.0
1994-01-17,2.50889742072797
1994-01-18,16.884219799133252
1994-01-19,0.0
1994-01-20,0.0
1994-01-21,0.0
1994-01-22,0.0
1994-01-23,0.0
1994-01-24,0.0
1994-01-25,0.0
1994-01-26,0.0
1994-01-27,2.6222031819980156
1994-01-28,13.958568421651213
1994-01-29,33.94011215942748
1994-01-30,39.314726135434206
1994-01-31,4.80371065367375
1994-02-01,0.0
1994-02-02,0.0009819993289992284
1994-02-03,0.0
1994-02-04,0.0
1994-02-05,0.029380464284863926
1994-02-06,14.209648225508335
1994-02-07,0.00041573267670176655
1994-02-08,0.001203513053495379
1994-02-09,0.5298915467015859
1994-02-10,0.9196381416262098
1994-02-11,20.690759600805414
1994-02-12,0.06652442486666851
1994-02-13,0.0
1994-02-14,0.0
1994-02-15,0.0
1994-02-16,4.578992822625413e-05
1994-02-17,0.9457778074103328
1994-02-18,0.000767601706933439
1994-02-19,1.743716027700127
1994-02-20,3.616585638863206
1994-02-21,0.39981604648881924
1994-02-22,0.032601664897931586
1994-02-23,3.6213215957873257
1994-02-24,34.14120478303328
1994-02-25,0.0
1994-02-26,0.31994911204170756
1994-02-27,0.31994911204170756
1994-02-28,0.5723295360666713
1994-03-01,15.893206461619274
1994-03-02,36.63223338296472
1994-03-03,0.022485400743342692
1994-03-04,0.0
1994-03-05,0.0
1994-03-06,0.0
1994-03-07,0.06262784760924
1994-03-08,0.011238047584351306
1994-03-09,0.4738600770456274
1994-03-10,40.69200472626574
1994-03-11,0.0
1994-03-12,0.0
1994-03-13,0.006244016201675087
1994-03-14,0.21356061706974705
1994-03-15,0.0
1994-03-16,0.0
1994-03-17,0.0
1994-03-18,0.0
1994-03-19,0.0
1994-03-20,0.0
1994-03-21,0.21215997826902394
1994-03-22,0.002091140684277163
1994-03-23,0.1271490908199715
1994-03-24,3.9301489980500253
1994-03-25,15.871035915479798
1994-03-26,0.0
1994-03-27,0.056639328057437315
1994-03-28,12.289147336955661
1994-03-29,9.959132696749528
1994-03-30,0.0
1994-03-31,0.01618179062612114
1994-04-01,0.0
1994-04-02,0.0
1994-04-03,0.0
1994-04-04,0.0
1994-04-05,0.0
1994-04-06,0.0
1994-04-07,0.0
1994-04-08,0.0
1994-04-09,0.0
1994-04-10,0.0
1994-04-11,0.0
1994-04-12,7.23198526259931
1994-04-13,38.256635114486976
1994-04-14,0.0024561497958793138
1994-04-15,0.9559218152345288
1994-04-16,13.878527168440268
1994-04-17,0.0
1994-04-18,0.0
1994-04-19,0.0
1994-04-20,0.0
1994-04-21,0.0
1994-04-22,0.0
1994-04-23,0.0
1994-04-24,0.0
1994-04-25,0.0
1994-04-26,0.09271422068038816
1994-04-27,0.02932763115102923
1994-04-28,0.0
1994-04-29,0.0
1994-04-30,0.0
1994-05-01,6.709728865941222
1994-05-02,0.26339422059017553
1994-05-03,4.987064596726943
1994-05-04,22.39193681727027
1994-05-05,0.013867534441841382
1994-05-06,0.0
1994-05-07,0.0
1994-05-08,1.9620401216576704
1994-05-09,0.0
1994-05-10,2.85387523358259
1994-05-11,0.0
1994-05-12,0.0
1994-05-13,0.0
1994-05-14,0.0
1994-05-15,0.0
1994-05-16,1.076458743234144
1994-05-17,0.0
1994-05-18,0.0
1994-05-19,1.954234266959315
1994-05-20,0.0
1994-05-21,0.0
1994-05-22,0.0
1994-05-23,0.0
1994-05-24,0.0
1994-05-25,0.0
1994-05-26,7.70964509780386e-05
1994-05-27,1.0909000228074168
1994-05-28,1.4395903413054156
1994-05-29,0.5930911294584713
1994-05-30,9.101612459019687
1994-05-31,4.208720738596795
1994-06-01,1.372882611525002
1994-06-02,1.3733323854609885
1994-06-03,8.152147604186963
1994-06-04,22.088836127115073
1994-06-05,13.319541227940572
1994-06-06,4.566200041343672
1994-06-07,7.971601538241035
1994-06-08,2.1626720440275684
1994-06-09,1.2923739207587832
1994-06-10,17.895100315974698
1994-06-11,2.427931042578299
1994-06-12,1.4887077962433393
1994-06-13,0.48485805526598885
1994-06-14,0.34186307807633376
1994-06-15,3.54642490914123
1994-06-16,20.413486937641416
1994-06-17,11.196598248649758
1994-06-18,10.073017463049178
1994-06-19,4.235574719771013
1994-06-20,0.17058457542113464
1994-06-21,2.3244115929257925
1994-06-22,1.472886115054326
1994-06-23,5.1951123266330805
1994-06-24,1.9217898847287362
1994-06-25,2.787542995378534
1994-06-26,12.967067141982163
1994-06-27,3.1687257162610343
1994-06-28,2.7318669929339485
1994-06-29,3.1225615579385333
1994-06-30,3.866615372676969
1994-07-01,0.016069088236023606
1994-07-02,1.2460036997061221
1994-07-03,8.19980018389516
1994-07-04,6.769341285182487
1994-07-05,11.121922565365248
1994-07-06,15.334411935389884
1994-07-07,18.21186564365013
1994-07-08,4.331297676477783
1994-07-09,4.047216104136434
1994-07-10,3.0059143820016963
1994-07-11,0.0
1994-07-12,0.0
1994-07-13,0.0
1994-07-14,0.0
1994-07-15,0.0
1994-07-16,0.03303541798677178
1994-07-17,0.7153014753411835
1994-07-18,0.06409909460079528
1994-07-19,2.3525974632128492
1994-07-20,6.556533702628781
1994-07-21,13.398319365709796
1994-07-22,3.458631994882255
1994-07-23,11.631858839234777
1994-07-24,2.450761460530735
1994-07-25,12.52222391479334
1994-07-26,4.410500276396994
1994-07-27,3.8379214022990755
1994-07-28,6.952786766419347
1994-07-29,0.17019372233417498
1994-07-30,7.088888091625997
1994-07-31,0.7328851708479668
1994-08-01,2.317245167816588
1994-08-02,0.26605734140758547
1994-08-03,2.427932338434633
1994-08-04,7.5036468168024975
1994-08-05,4.539053901371107
1994-08-06,0.975452203351741
1994-08-07,5.34970751479373
1994-08-08,0.049631375002977124
1994-08-09,0.0
1994-08-10,0.0
1994-08-11,0.0021335468222918917
1994-08-12,2.014313653072351
1994-08-13,6.77766061217785
1994-08-14,1.501821889165267
1994-08-15,8.758487052546144
1994-08-16,55.00100432720955
1994-08-17,10.955837592438026
1994-08-18,8.65324537902514
1994-08-19,5.162979689588619
1994-08-20,0.7952349543759272
1994-08-21,12.13790559892912
1994-08-22,6.619788603060547
1994-08-23,0.006430766787982137
1994-08-24,0.3094004289763532
1994-08-25,0.0
1994-08-26,0.011798785360030583
1994-08-27,0.004164493570665527
1994-08-28,3.834844268770748e-06
1994-08-29,0.41621926072172205
1994-08-30,0.5819102072794234
1994-08-31,0.7089205758763059
1994-09-01,0.001826890872808009
1994-09-02,1.2657971648028115
1994-09-03,4.715935744665942
1994-09-04,0.0023211427455905598
1994-09-05,0.0
1994-09-06,0.0013606113617943634
1994-09-07,0.8910442818100022
1994-09-08,12.306189917474553
1994-09-09,20.75203706798634
1994-09-10,5.018158057614436
1994-09-11,1.3203182883565912
1994-09-12,0.04361898491908861
1994-09-13,0.0
1994-09-14,0.0
1994-09-15,0.15410810564236524
1994-09-16,11.740354930557876
1994-09-17,17.161271885856138
1994-09-18,10.088211652012458
1994-09-19,1.573234364471267
1994-09-20,0.07176330809020308
1994-09-21,3.9546146168724383
1994-09-22,0.0
1994-09-23,7.956356220160565
1994-09-24,7.012785912248909
1994-09-25,3.0992229699063847
1994-09-26,2.426652922823636
1994-09-27,0.12461514229291934
1994-09-28,0.12461514229291934
1994-09-29,0.12482679555707736
1994-09-30,0.12461514229291934
1994-10-01,1.103285729613047e-05
1994-10-02,76.23950382513257
1994-10-03,42.69189378645729
1994-10-04,0.6945602136585652
1994-10-05,0.0
1994-10-06,0.0
1994-10-07,0.0017021746704269504
1994-10-08,0.04394110480113962
1994-10-09,0.013273270063865913
1994-10-10,0.6349587925302687
1994-10-11,18.950231924546074
1994-10-12,13.285193007915064
1994-10-13,3.1292611873767697
1994-10-14,3.352818942607185
1994-10-15,0.013427197245070481
1994-10-16,0.0
1994-10-17,0.0
1994-10-18,0.0
1994-10-19,0.00029595492169028206
1994-10-20,0.135641358035167
1994-10-21,0.999524704237122
1994-10-22,0.4965900750354665
1994-10-23,1.2343562162562045
1994-10-24,0.0
1994-10-25,0.0
1994-10-26,0.0
1994-10-27,0.0
1994-10-28,0.0
1994-10-29,7.670249915178938
1994-10-30,1.9257748848658471
1994-10-31,2.6865634810308396
1994-11-01,9.8269970095601
1994-11-02,0.0
1994-11-03,0.0
1994-11-04,0.006641591633839952
1994-11-05,1.9102035314630978
1994-11-06,1.2416499752339507
1994-11-07,0.0002669740687088866
1994-11-08,0.00010742382663720083
1994-11-09,0.4987924463489425
1994-11-10,0.05472771487012676
1994-11-11,0.8674663339322409
1994-11-12,0.0376768982445911
1994-11-13,0.0
1994-11-14,8.727138992342948e-05
1994-11-15,6.061808207200788e-06
1994-11-16,0.005039450971880135
1994-11-17,7.756991826754696e-05
1994-11-18,9.723650228535796e-06
1994-11-19,0.0
1994-11-20,7.942113077804271e-07
1994-11-21,0.9549875437628345
1994-11-22,9.825922563152923e-06
1994-11-23,0.0
1994-11-24,0.0
1994-11-25,3.462899911929527e-06
1994-11-26,12.70407395635013
1994-11-27,0.9878709241046716
1994-11-28,5.254546454017727
1994-11-29,53.87848925247332
1994-11-30,14.230410584636278
1994-12-01,0.0
1994-12-02,0.0
1994-12-03,2.4967664813115253
1994-12-04,8.34244330774697
1994-12-05,15.62783257887862
1994-12-06,0.15728307231447144
1994-12-07,0.0
1994-12-08,0.006878699516892383
1994-12-09,1.1233224949532705
1994-12-10,2.677191819919288
1994-12-11,24.477241580837624
1994-12-12,5.330127444844009e-05
1994-12-13,0.12302148890421423
1994-12-14,0.026131858809771053
1994-12-15,0.06760131934294082
1994-12-16,2.33711251252988
1994-12-17,5.550410051744573
1994-12-18,5.424719698897573
1994-12-19,0.0
1994-12-20,0.0
1994-12-21,4.222231865117223
1994-12-22,4.716703027861239
1994-12-23,5.966517419215348
1994-12-24,0.14985965251876882
1994-12-25,0.0
1994-12-26,0.0
1994-12-27,0.0
1994-12-28,0.0
1994-12-29,0.0
1994-12-30,0.0
1994-12-31,0.0
1995-01-01,0.14090167819047208
1995-01-02,1.801660859235626
1995-01-03,0.7043079719443992
1995-01-04,0.0
1995-01-05,0.0
1995-01-06,2.871557646641259
1995-01-07,24.06789900679451
1995-01-08,0.0
1995-01-09,0.0003208395737667613
1995-01-10,0.002776599353812007
1995-01-11,0.007881822073258956
1995-01-12,0.002134964188581671
1995-01-13,0.03251545500287246
1995-01-14,32.25788531751529
1995-01-15,2.71851330443228
1995-01-16,0.12871165384117225
1995-01-17,0.0
1995-01-18,0.0
1995-01-19,10.120282037363868
1995-01-20,0.2682003594427376
1995-01-21,0.0
1995-01-22,0.0
1995-01-23,0.0
1995-01-24,0.0
1995-01-25,0.0
1995-01-26,0.0
1995-01-27,2.9629581436119476
1995-01-28,10.762211056927644
1995-01-29,1.1555040527060925
1995-01-30,0.8936482268670303
1995-01-31,0.0
1995-02-01,0.0
1995-02-02,0.0
1995-02-03,0.03509676598588427
1995-02-04,8.810740122178174
1995-02-05,0.0
1995-02-06,0.0
1995-02-07,1.3527705378357624
1995-02-08,1.0030110304720221
1995-02-09,0.0
1995-02-10,5.20042332685331
1995-02-11,74.37198011240032
1995-02-12,11.793870105762235
1995-02-13,0.0
1995-02-14,0.00041768398527081526
1995-02-15,4.576072012228923
1995-02-16,0.7994814731399922
1995-02-17,1.8167791553606147
1995-02-18,19.096930647317542
1995-02-19,8.979205607115595
1995-02-20,9.205625298450622
1995-02-21,0.0
1995-02-22,0.0
1995-02-23,7.585477783746968e-05
1995-02-24,0.004872095645572319
1995-02-25,0.0
1995-02-26,0.0
1995-02-27,0.0638984206704172
1995-02-28,1.3958817679567372
1995-03-01,24.73589103173849
1995-03-02,0.0374140263857921
1995-03-03,0.3679260727247658
1995-03-04,0.7994461698306853
1995-03-05,1.0001802339428636
1995-03-06,0.05338735741453781
1995-03-07,0.006664302486687728
1995-03-08,0.6191151095128693
1995-03-09,0.0
1995-03-10,0.0
1995-03-11,0.0
1995-03-12,2.4698469886564855e-05
1995-03-13,0.0
1995-03-14,0.06667045429077044
1995-03-15,0.01503376380852428
1995-03-16,2.8174888491813577
1995-03-17,8.259879102544275
1995-03-18,16.582048402524734
1995-03-19,0.4914555904689325
1995-03-20,0.0
1995-03-21,0.0
1995-03-22,0.0
1995-03-23,0.0
1995-03-24,0.0
1995-03-25,0.0
1995-03-26,0.0
1995-03-27,0.78698954451656
1995-03-28,0.7325774665441103
1995-03-29,0.12349136612787782
1995-03-30,0.04223862736015918
1995-03-31,12.531354770893639
1995-04-01,6.378757609837432
1995-04-02,0.0
1995-04-03,0.0
1995-04-04,0.22880122766883193
1995-04-05,0.004335741816626705
1995-04-06,5.341503361202551
1995-04-07,0.28582344480442107
1995-04-08,0.0
1995-04-09,0.00018948177195866114
1995-04-10,0.0
1995-04-11,5.663980210209893
1995-04-12,9.112664593709809
1995-04-13,18.02188352337069
1995-04-14,0.0
1995-04-15,0.0
1995-04-16,0.0
1995-04-17,0.0
1995-04-18,0.0
1995-04-19,0.0
1995-04-20,0.0
1995-04-21,0.8177694134817395
1995-04-22,2.675210556732735
1995-04-23,0.1520959070670918
1995-04-24,12.61257715522271
1995-04-25,0.0
1995-04-26,3.364774798307439e-05
1995-04-27,7.69786606676082e-05
1995-04-28,5.199535472918079e-05
1995-04-29,3.364774798307439e-05
1995-04-30,3.364774798307439e-05
1995-05-01,0.0
1995-05-02,2.078873793039332
1995-05-03,0.0
1995-05-04,0.6526539462651945
1995-05-05,0.11168019254376299
1995-05-06,0.0
1995-05-07,0.0
1995-05-08,0.0
1995-05-09,0.30705918363403106
1995-05-10,15.164436854571429
1995-05-11,1.745523423759019
1995-05-12,4.868547330611121
1995-05-13,2.789360981322839
1995-05-14,0.030192264629277432
1995-05-15,0.3420416883645532
1995-05-16,0.0
1995-05-17,0.07561537141394079
1995-05-18,0.0
1995-05-19,42.68239429442591
1995-05-20,4.496232831148812
1995-05-21,0.0
1995-05-22,0.0
1995-05-23,0.0
1995-05-24,0.0
1995-05-25,0.0
1995-05-26,0.0
1995-05-27,0.0
1995-05-28,0.0
1995-05-29,0.0
1995-05-30,0.0
1995-05-31,0.0
1995-06-01,9.576574753397148
1995-06-02,8.586213827770445
1995-06-03,32.10359752285804
1995-06-04,14.829049762860182
1995-06-05,93.14538657582027
1995-06-06,6.154425660009951
1995-06-07,0.027553625786108385
1995-06-08,0.014618672115451843
1995-06-09,0.07923946014412919
1995-06-10,0.2942754165391463
1995-06-11,0.0
1995-06-12,0.0
1995-06-13,0.0
1995-06-14,0.0
1995-06-15,0.0
1995-06-16,0.0
1995-06-17,0.0
1995-06-18,0.0
1995-06-19,0.0
1995-06-20,0.0
1995-06-21,5.298987439667023
1995-06-22,0.7170186347054973
1995-06-23,0.6469604033732163
1995-06-24,1.852941178360578
1995-06-25,5.401972928373537
1995-06-26,0.2586081762122512
1995-06-27,0.1592270993089575
1995-06-28,0.5709258258234748
1995-06-29,1.1647063049624036
1995-06-30,1.5669624294068305
1995-07-01,1.5213232178117404
1995-07-02,1.9996346223077386
1995-07-03,1.0614453012817997
1995-07-04,0.06397195889034588
1995-07-05,0.03666815272612815
1995-07-06,0.0
1995-07-07,0.0
1995-07-08,0.0
1995-07-09,0.0
1995-07-10,0.0
1995-07-11,1.3572249487865875
1995-07-12,7.229244646368396
1995-07-13,0.5389483236867006
1995-07-14,1.3490906825370381
1995-07-15,0.5825184795528269
1995-07-16,0.4368632758841863
1995-07-17,6.860316292063535
1995-07-18,1.6762136942099755
1995-07-19,0.16029712113624342
1995-07-20,0.9110443895584596
1995-07-21,6.423742109392913
1995-07-22,1.9825032853632938
1995-07-23,1.311369188629392
1995-07-24,7.430102331020846
1995-07-25,4.805348630742044
1995-07-26,8.412906286374284
1995-07-27,15.723919408465319
1995-07-28,1.1482753846036817
1995-07-29,1.7870632668566793
1995-07-30,1.719613085353923
1995-07-31,0.006856604058286676
1995-08-01,0.6005448657922718
1995-08-02,2.8003224566294285
1995-08-03,4.159199589914495
1995-08-04,0.8796007844443482
1995-08-05,0.07906322195981924
1995-08-06,0.0
1995-08-07,0.1258884498818282
1995-08-08,1.440569639638645
1995-08-09,0.28937056985448806
1995-08-10,0.012068755753312808
1995-08-11,0.0
1995-08-12,0.0
1995-08-13,0.0
1995-08-14,0.0
1995-08-15,0.0
1995-08-16,0.2351817059901082
1995-08-17,0.007846370523781362
1995-08-18,0.5434990777292248
1995-08-19,12.87566930322577
1995-08-20,4.608519812009243
1995-08-21,0.0018111757502048836
1995-08-22,0.005911672030112914
1995-08-23,0.29550768198409644
1995-08-24,1.0468766706381258
1995-08-25,4.8318140523130815
1995-08-26,46.49027986461587
1995-08-27,5.901350933371242
1995-08-28,5.081351285219866
1995-08-29,0.009115467667766533
1995-08-30,0.0012063748496472478
1995-08-31,0.001786998005661745
1995-09-01,0.008307491624186071
1995-09-02,0.6681769186998902
1995-09-03,0.0
1995-09-04,0.002286351260041076
1995-09-05,0.9571754974600254
1995-09-06,0.9029505181667047
1995-09-07,0.15449321524048554
1995-09-08,0.2034911738422352
1995-09-09,0.08149676399999314
1995-09-10,0.02655425187236285
1995-09-11,0.25991714969370844
1995-09-12,1.895878647874532
1995-09-13,3.195953159079026
1995-09-14,3.128911482264294
1995-09-15,0.3960615177418188
1995-09-16,0.31483026827688354
1995-09-17,4.808389080475353
1995-09-18,0.06334731531247394
1995-09-19,0.0002782299875152696
1995-09-20,0.0029259615060977374
1995-09-21,7.541655431555706e-06
1995-09-22,0.0475352828997435
1995-09-23,0.07053353446661627
1995-09-24,5.642745862439386
1995-09-25,0.07432444763677659
1995-09-26,10.957821199421295
1995-09-27,0.5095651519167875
1995-09-28,0.26433620924058104
1995-09-29,0.0013503152647293582
1995-09-30,0.0290563826396761
1995-10-01,0.5707356376561266
1995-10-02,2.861799681791883
1995-10-03,0.28968164458245826
1995-10-04,18.622573186570104
1995-10-05,13.744313592361788
1995-10-06,0.011949183237654428
1995-10-07,0.0
1995-10-08,0.0
1995-10-09,0.010793839094630133
1995-10-10,0.29153144425330313
1995-10-11,1.4527454756961404
1995-10-12,0.026288352552638165
1995-10-13,0.05738206200740772
1995-10-14,1.8808558829538529
1995-10-15,2.9066621131853254
1995-10-16,0.0
1995-10-17,0.0
1995-10-18,0.0019329826130714716
1995-10-19,4.835955866382119e-06
1995-10-20,0.1793304837675732
1995-10-21,0.24143253202231763
1995-10-22,0.0
1995-10-23,0.0
1995-10-24,0.007587670945129656
1995-10-25,0.6944913606231303
1995-10-26,0.003968111463035122
1995-10-27,3.2101210336411503
1995-10-28,2.9679436962139047
1995-10-29,0.0
1995-10-30,0.0
1995-10-31,7.9187689157652725
1995-11-01,0.32871115954095226
1995-11-02,9.26216833614367
1995-11-03,28.62793509453048
1995-11-04,0.023345369258858505
1995-11-05,0.3071965690345611
1995-11-06,0.0
1995-11-07,5.510028873700296
1995-11-08,17.070856134538438
1995-11-09,0.0
1995-11-10,0.0
1995-11-11,18.363881024972905
1995-11-12,0.0
1995-11-13,0.0
1995-11-14,0.2202808558240799
1995-11-15,0.0
1995-11-16,0.008569686868747943
1995-11-17,0.0
1995-11-18,2.6287014780028035
1995-11-19,0.15827352284673651
1995-11-20,0.0
1995-11-21,0.0
1995-11-22,0.0
1995-11-23,0.0
1995-11-24,13.35408753383244
1995-11-25,0.009964558762174535
1995-11-26,0.0
1995-11-27,0.0005045859116395704
1995-11-28,1.6158122238570742
1995-11-29,0.7939730533967022
1995-11-30,0.0
1995-12-01,0.0
1995-12-02,0.0
1995-12-03,0.0
1995-12-04,0.0011415418874064396
1995-12-05,0.05641694807301676
1995-12-06,6.984890577196032
1995-12-07,12.061485327474234
1995-12-08,0.4432617875996878
1995-12-09,31.754299831148693
1995-12-10,2.0046619744406873
1995-12-11,0.0
1995-12-12,0.0
1995-12-13,0.0
1995-12-14,0.0
1995-12-15,0.0
1995-12-16,0.29883181602641967
1995-12-17,1.5846344361465277
1995-12-18,1.2366032389620079
1995-12-19,13.290461410325719
1995-12-20,0.13554645729817918
1995-12-21,0.0
1995-12-22,0.0
1995-12-23,1.6334082704091253
1995-12-24,0.0
1995-12-25,0.0
1995-12-26,0.0
1995-12-27,0.0
1995-12-28,0.0
1995-12-29,0.0
1995-12-30,0.0
1995-12-31,0.0
1996-01-01,17.183744199702723
1996-01-02,7.419850884134722
1996-01-03,0.0955997991209741
1996-01-04,0.0
1996-01-05,0.0
1996-01-06,0.13183004656294395
1996-01-07,17.84867466362716
1996-01-08,0.0
1996-01-09,0.0
1996-01-10,0.0
1996-01-11,0.0
1996-01-12,7.93047024829367
1996-01-13,0.0
1996-01-14,0.0
1996-01-15,0.0
1996-01-16,0.0076524349014757175
1996-01-17,0.285298420662317
1996-01-18,0.2844442419825046
1996-01-19,3.5473747310874937
1996-01-20,0.0
1996-01-21,0.0
1996-01-22,0.0
1996-01-23,0.0
1996-01-24,0.0
1996-01-25,0.0
1996-01-26,1.3263488252910596
1996-01-27,18.863570412010738
1996-01-28,0.0
1996-01-29,0.03526481201965736
1996-01-30,5.9814792400853145
1996-01-31,7.063977026117996
1996-02-01,0.019996525133128013
1996-02-02,27.460660229078087
1996-02-03,14.30076507672443
1996-02-04,0.013045261468250502
1996-02-05,0.0
1996-02-06,0.0
1996-02-07,0.0
1996-02-08,0.0
1996-02-09,0.6290031601027254
1996-02-10,1.1729428831644118
1996-02-11,0.44479273582349865
1996-02-12,0.0
1996-02-13,0.0
1996-02-14,0.0
1996-02-15,2.101172595796609
1996-02-16,4.104159873703594
1996-02-17,4.1770460393736645e-05
1996-02-18,0.0
1996-02-19,0.14773631344339958
1996-02-20,7.1434199663899705
1996-02-21,0.0
1996-02-22,0.0
1996-02-23,0.0
1996-02-24,0.0
1996-02-25,0.0
1996-02-26,0.0
1996-02-27,0.03930493537919984
1996-02-28,24.258149755102448
1996-02-29,2.6399309398267614
1996-03-01,4.0316319771343965
1996-03-02,0.7120964649319048
1996-03-03,0.0
1996-03-04,0.0
1996-03-05,0.0
1996-03-06,21.333104716321934
1996-03-07,29.890325727009596
1996-03-08,9.329008283637283
1996-03-09,0.0
1996-03-10,0.0
1996-03-11,0.09632390152769876
1996-03-12,0.0
1996-03-13,0.0
1996-03-14,0.0
1996-03-15,8.9630670414045e-05
1996-03-16,5.976064047566553
1996-03-17,11.406019744066974
1996-03-18,29.068364033977794
1996-03-19,3.255694419384992
1996-03-20,0.0
1996-03-21,0.0
1996-03-22,0.0
1996-03-23,0.0
1996-03-24,0.0
1996-03-25,4.491571194589896
1996-03-26,1.1726115938379136
1996-03-27,2.5212759977877894
1996-03-28,25.676095489264853
1996-03-29,6.674754622377944
1996-03-30,6.136208888190176
1996-03-31,13.650657408051252
1996-04-01,0.0
1996-04-02,0.0
1996-04-03,0.0
1996-04-04,0.0
1996-04-05,0.0
1996-04-06,19.645250975180577
1996-04-07,0.6676934026471518
1996-04-08,0.0
1996-04-09,0.0
1996-04-10,0.0
1996-04-11,0.0
1996-04-12,0.0
1996-04-13,0.6548265297594991
1996-04-14,6.564055655795777
1996-04-15,5.224128933603127
1996-04-16,0.0
1996-04-17,0.0
1996-04-18,0.0
1996-04-19,0.0
1996-04-20,0.0
1996-04-21,0.0
1996-04-22,0.0
1996-04-23,5.423627794823339
1996-04-24,3.0306634707260125
1996-04-25,0.0
1996-04-26,5.313536771024968
1996-04-27,0.3141942725904357
1996-04-28,0.010748478629824722
1996-04-29,13.948738044614375
1996-04-30,50.00452361904202
1996-05-01,0.0
1996-05-02,0.0
1996-05-03,0.0
1996-05-04,0.0
1996-05-05,0.0
1996-05-06,0.2676374268720378
1996-05-07,1.5350118295005306
1996-05-08,3.4288254558473352
1996-05-09,0.0
1996-05-10,0.0012167450525852283
1996-05-11,0.1790208894000379
1996-05-12,0.7354857271680427
1996-05-13,0.2785050600987337
1996-05-14,3.708759817696052
1996-05-15,0.0
1996-05-16,0.0015443566849887977
1996-05-17,0.00026514028681964705
1996-05-18,0.0
1996-05-19,0.47973963456056484
1996-05-20,0.6767201120671869
1996-05-21,0.00020085825872748127
1996-05-22,0.8286241942988238
1996-05-23,3.618301068621256
1996-05-24,1.3137714962050413
1996-05-25,0.9915757364374777
1996-05-26,0.38233114698696896
1996-05-27,0.5763175231638079
1996-05-28,21.18002749317217
1996-05-29,31.50509160949362
1996-05-30,1.2526893276272728
1996-05-31,0.12656004008263286
1996-06-01,0.0
1996-06-02,0.0
1996-06-03,0.0
1996-06-04,0.0
1996-06-05,0.0
1996-06-06,0.0038889242797729706
1996-06-07,0.16705041510213556
1996-06-08,2.360965673199093
1996-06-09,3.5938009612283635
1996-06-10,0.0617969238738738
1996-06-11,0.035701094996083566
1996-06-12,0.13018504471423478
1996-06-13,0.2352707352054794
1996-06-14,2.564673137252915
1996-06-15,7.693641121403618
1996-06-16,0.5664350618342194
1996-06-17,0.1262244981621068
1996-06-18,0.2850992763314668
1996-06-19,1.1635184802172165
1996-06-20,0.44613899183262373
1996-06-21,0.25399211056792587
1996-06-22,0.47183490759053315
1996-06-23,0.5865394898285786
1996-06-24,0.14232941441175934
1996-06-25,0.17776761163615598
1996-06-26,5.35422538705052
1996-06-27,3.624095934031874
1996-06-28,0.0
1996-06-29,0.0
1996-06-30,0.0
1996-07-01,0.0
1996-07-02,0.01971185901264373
1996-07-03,0.027488407022336292
1996-07-04,0.03906455668049353
1996-07-05,7.37799313334992
1996-07-06,9.762587951966264
1996-07-07,1.835243090983502
1996-07-08,2.519727977133781
1996-07-09,8.47494398461322
1996-07-10,0.06453445131554553
1996-07-11,1.0928589053152076
1996-07-12,0.03085008209912461
1996-07-13,0.7516585460516579
1996-07-14,0.3034323639854506
1996-07-15,0.3767074366058735
1996-07-16,7.189485937570209
1996-07-17,2.4671420242419577
1996-07-18,0.09171128436996054
1996-07-19,1.3456692868740885
1996-07-20,0.27575912318693063
1996-07-21,2.906981340428225
1996-07-22,1.2302224409409461
1996-07-23,9.737196116701057
1996-07-24,2.5377978243990724
1996-07-25,11.024730484913388
1996-07-26,8.860099393410316
1996-07-27,0.03686111252521176
1996-07-28,1.9526870231241396
1996-07-29,0.2101382139541531
1996-07-30,0.2808643082791337
1996-07-31,5.59185151366808
1996-08-01,9.082184057510027
1996-08-02,9.333109654760483
1996-08-03,1.1950274669440728
1996-08-04,3.983236858362258
1996-08-05,5.397244165085191
1996-08-06,13.387485700625447
1996-08-07,17.9005686448144
1996-08-08,4.794750213327673
1996-08-09,0.1365020598125166
1996-08-10,2.020361823664068
1996-08-11,40.38112657980028
1996-08-12,9.777165262006593
1996-08-13,1.3170170652296602
1996-08-14,5.048025979824467
1996-08-15,0.786157738292657
1996-08-16,0.04889350704886883
1996-08-17,0.004360092223375838
1996-08-18,0.0004780520192351161
1996-08-19,0.00336138185371861
1996-08-20,0.1937292557512373
1996-08-21,0.00922232511369851
1996-08-22,0.0
1996-08-23,0.6513933286884449
1996-08-24,0.9640553198952628
1996-08-25,4.117234042838755
1996-08-26,11.680584543143366
1996-08-27,4.446274014586093
1996-08-28,6.880042939773649
1996-08-29,3.351142558023227
1996-08-30,0.21071910663578797
1996-08-31,1.4432812707552922
1996-09-01,1.564510662918554
1996-09-02,1.5011016869005016
1996-09-03,0.8575116279969499
1996-09-04,0.25611249907898714
1996-09-05,0.12820505675813218
1996-09-06,0.2079233033127814
1996-09-07,0.2125606646978953
1996-09-08,0.06979448708694642
1996-09-09,0.020322019681164444
1996-09-10,2.5097586725320076
1996-09-11,3.5212575114058495
1996-09-12,0.8455799451890476
1996-09-13,2.935674324733686e-05
1996-09-14,0.0
1996-09-15,0.0
1996-09-16,9.349991596409957
1996-09-17,4.769357405501371
1996-09-18,0.8673552669409791
1996-09-19,0.0
1996-09-20,0.0
1996-09-21,9.152008549011356
1996-09-22,6.989996327679624
1996-09-23,0.0
1996-09-24,0.0
1996-09-25,0.0
1996-09-26,0.011231238155796458
1996-09-27,0.0014457412364504304
1996-09-28,1.175875642632985
1996-09-29,9.327515067146024
1996-09-30,32.179510347694325
1996-10-01,6.95137579310525
1996-10-02,16.705998000397276
1996-10-03,0.7917341903833981
1996-10-04,0.058223655304688135
1996-10-05,0.0
1996-10-06,3.0016696002552875e-05
1996-10-07,36.99876744271022
1996-10-08,51.5433160850169
1996-10-09,0.0766165784501116
1996-10-10,0.0066843944379340004
1996-10-11,0.0031002461050756466
1996-10-12,0.0031002461050756466
1996-10-13,0.0031002461050756466
1996-10-14,0.0031002461050756466
1996-10-15,0.8879184487921231
1996-10-16,0.00964580694082214
1996-10-17,4.4859654610874816e-08
1996-10-18,0.13985626506070867
1996-10-19,0.0
1996-10-20,0.0
1996-10-21,0.0
1996-10-22,0.0
1996-10-23,0.8377274856210707
1996-10-24,0.0
1996-10-25,0.0
1996-10-26,0.08557342835240182
1996-10-27,0.02760695546853108
1996-10-28,0.15527329365578124
1996-10-29,0.1993005933779133
1996-10-30,0.043664224826734085
1996-10-31,0.011237907306218566
1996-11-01,0.0
1996-11-02,2.4365407202981975
1996-11-03,0.0
1996-11-04,0.0
1996-11-05,0.6097407133640115
1996-11-06,0.00869129236884217
1996-11-07,0.43676501473681506
1996-11-08,11.128372596329429
1996-11-09,0.0
1996-11-10,0.0
1996-11-11,0.041901300028072824
1996-11-12,0.041901300028072824
1996-11-13,0.041901300028072824
1996-11-14,0.041901300028072824
1996-11-15,0.041901300028072824
1996-11-16,0.0
1996-11-17,2.653367035280317e-06
1996-11-18,0.0010005045186618428
1996-11-19,0.008095655717576391
1996-11-20,5.040928083505208e-05
1996-11-21,0.6013630151663677
1996-11-22,0.31854211934348553
1996-11-23,0.0
1996-11-24,0.0025144196829582116
1996-11-25,0.15052527070370814
1996-11-26,1.4107362311837466
1996-11-27,0.0
1996-11-28,0.0
1996-11-29,0.0
1996-11-30,0.0014300975950792241
1996-12-01,60.70403603178541
1996-12-02,0.015532010354019226
1996-12-03,0.0
1996-12-04,0.0
1996-12-05,0.8874376219081556
1996-12-06,0.14752760007306534
1996-12-07,3.5947418843293573
1996-12-08,0.0
1996-12-09,0.0
1996-12-10,0.0
1996-12-11,0.0022894942849320033
1996-12-12,0.37196632492309534
1996-12-13,4.015239012070551
1996-12-14,0.0
1996-12-15,0.0
1996-12-16,0.0
1996-12-17,5.545966629002797
1996-12-18,20.945207638536587
1996-12-19,16.785617871896335
1996-12-20,0.0
1996-12-21,0.0
1996-12-22,0.0
1996-12-23,0.0
1996-12-24,0.0
1996-12-25,0.0
1996-12-26,0.0
1996-12-27,0.0
1996-12-28,0.0
1996-12-29,0.0
1996-12-30,0.0
1996-12-31,0.0
1997-01-01,7.061536027302551
1997-01-02,2.2500947902927257
1997-01-03,0.3210376911575305
1997-01-04,1.2996086570803573
1997-01-05,5.950739066990644
1997-01-06,0.006111411711585718
1997-01-07,7.08583950124965
1997-01-08,6.254800450807909
1997-01-09,26.631995111020252
1997-01-10,0.06882193620016802
1997-01-11,0.0001429017422259717
1997-01-12,4.975596904420952e-06
1997-01-13,4.975596904420952e-06
1997-01-14,4.975596904420952e-06
1997-01-15,0.001590788994969652
1997-01-16,2.7416042267027434
1997-01-17,5.768038293078046e-05
1997-01-18,5.768038293078046e-05
1997-01-19,5.768038293078046e-05
1997-01-20,5.768038293078046e-05
1997-01-21,0.00032106863934875475
1997-01-22,0.019758862818665318
1997-01-23,3.24322463757281
1997-01-24,2.3527976981144665
1997-01-25,13.780399844749201
1997-01-26,3.5185623133643985e-05
1997-01-27,0.0004009161886503505
1997-01-28,0.018881265974184942
1997-01-29,0.5303192288130633
1997-01-30,4.445541249980154
1997-01-31,0.014202312120435694
1997-02-01,1.2577682340926029e-05
1997-02-02,0.004229338214903281
1997-02-03,0.0014027823000121076
1997-02-04,9.016380236070749e-07
1997-02-05,0.0010850474855737154
1997-02-06,9.389307435603299e-05
1997-02-07,9.389307435603299e-05
1997-02-08,2.9691776789690256
1997-02-09,9.389307435603299e-05
1997-02-10,1.4520331240655786
1997-02-11,0.022575649496478285
1997-02-12,0.9432047639369738
1997-02-13,15.451155685709642
1997-02-14,70.74041732405827
1997-02-15,26.956856014996223
1997-02-16,0.00014949905057134582
1997-02-17,0.00014949905057134582
1997-02-18,0.00014949905057134582
1997-02-19,0.005930424894095025
1997-02-20,1.3763474411438106
1997-02-21,0.11214209371026213
1997-02-22,30.574179639814815
1997-02-23,0.5106106199914214
1997-02-24,0.004796811285604401
1997-02-25,38.45803255870671
1997-02-26,2.181667263247226
1997-02-27,0.20198172125800853
1997-02-28,0.2574061438397528
1997-03-01,0.00017399348331900206
1997-03-02,0.4708244491395678
1997-03-03,1.2026407422929368
1997-03-04,7.58825905016242e-05
1997-03-05,0.25639849525801717
1997-03-06,0.0029969861356962707
1997-03-07,0.00012063912932285721
1997-03-08,0.00020362430337256732
1997-03-09,0.00012063912932285721
1997-03-10,0.0987345087122392
1997-03-11,1.089359026981526
1997-03-12,0.0056618791656427156
1997-03-13,5.475857574292273
1997-03-14,18.8005604901111
1997-03-15,0.0037471911643966625
1997-03-16,7.759105776593233e-05
1997-03-17,7.759105776593233e-05
1997-03-18,3.1463360365839526
1997-03-19,2.5486791389090064
1997-03-20,0.8716521172403744
1997-03-21,0.0
1997-03-22,0.0
1997-03-23,0.0
1997-03-24,0.0
1997-03-25,0.0
1997-03-26,4.317179357139877
1997-03-27,7.57483118812309e-05
1997-03-28,7.386601813008739
1997-03-29,2.2291629941461077
1997-03-30,0.7094663261200143
1997-03-31,2.8512683565202988
1997-04-01,0.0
1997-04-02,0.0
1997-04-03,0.0
1997-04-04,0.0
1997-04-05,0.0
1997-04-06,3.180139974613487
1997-04-07,8.205943108153482
1997-04-08,0.0002267298334214976
1997-04-09,0.0002267298334214976
1997-04-10,0.0002267298334214976
1997-04-11,0.28803205506907537
1997-04-12,8.37344261696826
1997-04-13,0.8302293984312465
1997-04-14,5.599552145933169e-05
1997-04-15,5.599552145933169e-05
1997-04-16,9.161697455501699e-05
1997-04-17,1.1628284218215286
1997-04-18,9.161697455501699e-05
1997-04-19,9.161697455501699e-05
1997-04-20,0.15516555252074699
1997-04-21,2.8553151464579756
1997-04-22,1.23156791886572
1997-04-23,16.08232308722131
1997-04-24,0.03765009162349038
1997-04-25,0.195186814627863
1997-04-26,12.206927031873763
1997-04-27,21.513644363577914
1997-04-28,41.71148084023042
1997-04-29,0.7864715762095896
1997-04-30,0.0032347368823543218
1997-05-01,0.5723540842091501
1997-05-02,0.0007322513717239191
1997-05-03,16.200925178678975
1997-05-04,0.014956321546283029
1997-05-05,0.0007303767706820645
1997-05-06,0.0
1997-05-07,0.0
1997-05-08,0.0
1997-05-09,0.0
1997-05-10,0.0
1997-05-11,8.226278961841722e-05
1997-05-12,3.079286490299715
1997-05-13,0.02945787969577774
1997-05-14,8.226278961841722e-05
1997-05-15,3.6620352213870375
1997-05-16,6.37727089974489e-05
1997-05-17,4.0226735951537834e-05
1997-05-18,4.0226735951537834e-05
1997-05-19,0.004899032716289887
1997-05-20,1.8545399774913827
1997-05-21,0.5677194650811305
1997-05-22,0.19679481588902395
1997-05-23,0.48061962367693045
1997-05-24,4.192731246244063
1997-05-25,14.088822082149486
1997-05-26,17.943902585143753
1997-05-27,31.777479162232385
1997-05-28,7.390284795590401
1997-05-29,0.8563192864635545
1997-05-30,0.054380893725481515
1997-05-31,9.43463449376162
1997-06-01,0.0
1997-06-02,0.0
1997-06-03,0.0
1997-06-04,0.0
1997-06-05,0.0
1997-06-06,1.6095005303975172
1997-06-07,0.0022905939312601363
1997-06-08,0.0030361623753794335
1997-06-09,0.00016286244098923282
1997-06-10,2.7823820662787786e-06
1997-06-11,0.27012183448363836
1997-06-12,0.8259757341902928
1997-06-13,0.1527080382649964
1997-06-14,0.61108783969544
1997-06-15,1.0768742547526131
1997-06-16,1.5173921134221229
1997-06-17,21.544881214993506
1997-06-18,11.027297309792715
1997-06-19,3.7258501866771705
1997-06-20,1.6263059081518874
1997-06-21,0.8617854902547639
1997-06-22,0.8498097938991961
1997-06-23,0.5728998199193341
1997-06-24,1.4060682397674609
1997-06-25,2.7274125848827167
1997-06-26,1.1909984428067566
1997-06-27,2.3397374231643724
1997-06-28,10.15661898991397
1997-06-29,4.735486206275476
1997-06-30,7.83822364230795
1997-07-01,2.4187860554053127
1997-07-02,0.0030649422800558624
1997-07-03,0.09403179301229043
1997-07-04,0.00010029792563194451
1997-07-05,0.22901603054562195
1997-07-06,0.0
1997-07-07,0.0
1997-07-08,0.0
1997-07-09,0.0
1997-07-10,0.0
1997-07-11,0.0
1997-07-12,0.0
1997-07-13,0.0
1997-07-14,0.0
1997-07-15,0.0
1997-07-16,1.6389728106381425
1997-07-17,1.4954971327832067
1997-07-18,4.214841118563856
1997-07-19,0.9024448246990172
1997-07-20,0.7724615667521517
1997-07-21,0.12070708693426373
1997-07-22,1.051751556753212
1997-07-23,0.9997319173056934
1997-07-24,1.4001698445099688
1997-07-25,1.087522137686146
1997-07-26,4.708013373705874
1997-07-27,2.3476485692376086
1997-07-28,9.603880215319064
1997-07-29,7.773819156943819
1997-07-30,8.06681424257915
1997-07-31,30.476871537048627
1997-08-01,5.861618556372206
1997-08-02,0.10084174324401847
1997-08-03,1.494833855145686
1997-08-04,0.7188851318293547
1997-08-05,1.0417104620991184
1997-08-06,0.04901956338758607
1997-08-07,0.19788917546318344
1997-08-08,0.00013547631839792333
1997-08-09,0.5602960761464953
1997-08-10,0.9722380788807988
1997-08-11,0.034334425978224496
1997-08-12,1.6573774739705866e-05
1997-08-13,0.027464347287638986
1997-08-14,0.3289274410062073
1997-08-15,1.0138360189328408
1997-08-16,3.7476728310384417
1997-08-17,5.12246232898007
1997-08-18,6.031088613892411
1997-08-19,2.4229952016007408
1997-08-20,6.642270775853157
1997-08-21,0.5818945395896552
1997-08-22,1.5521221975810037e-05
1997-08-23,6.482640404812129e-05
1997-08-24,1.561279178254475e-05
1997-08-25,1.5521221975810037e-05
1997-08-26,0.0004047815793352671
1997-08-27,1.827505289895706e-05
1997-08-28,0.21839657809204777
1997-08-29,0.14204037924381974
1997-08-30,0.46933380821575293
1997-08-31,1.7427457571455864
1997-09-01,0.3593114424550198
1997-09-02,0.20316415397714474
1997-09-03,0.0026107364368205973
1997-09-04,1.8636183857291793
1997-09-05,2.1591300957125093e-05
1997-09-06,5.79405421064205e-05
1997-09-07,5.79405421064205e-05
1997-09-08,5.79405421064205e-05
1997-09-09,5.8341701291503956e-05
1997-09-10,4.360952341167955
1997-09-11,4.115264578893361
1997-09-12,0.05113395521564865
1997-09-13,0.03191404432027091
1997-09-14,0.012901578958961291
1997-09-15,0.07941559684126986
1997-09-16,0.08999861152908191
1997-09-17,0.7459383603703252
1997-09-18,1.3479971090451301
1997-09-19,0.013367470224306812
1997-09-20,0.0003515318281887204
1997-09-21,0.6249438154370445
1997-09-22,1.3026247288303925
1997-09-23,0.3002774596168752
1997-09-24,1.3096986855764743
1997-09-25,31.619841961404397
1997-09-26,59.61961748540484
1997-09-27,20.37662343544752
1997-09-28,23.073095781761957
1997-09-29,0.1281164935996103
1997-09-30,0.00024770784488846307
1997-10-01,0.01080031991552448
1997-10-02,0.01080031991552448
1997-10-03,0.01080031991552448
1997-10-04,0.5356800493470854
1997-10-05,0.4309750921765467
1997-10-06,0.006104358499522011
1997-10-07,0.00017316834867162406
1997-10-08,0.1955612197760779
1997-10-09,0.00641633291383881
1997-10-10,0.034843904888303766
1997-10-11,3.547478550548165e-05
1997-10-12,0.0032033394901061427
1997-10-13,5.109957072549125e-05
1997-10-14,0.018503138213236736
1997-10-15,1.200308403144021
1997-10-16,3.3234721102725673
1997-10-17,0.4401059145243156
1997-10-18,14.0550245532597
1997-10-19,1.0879693944938802
1997-10-20,0.00010070351576614003
1997-10-21,9.636478393400792e-05
1997-10-22,3.1653430648411893
1997-10-23,0.00638540043275863
1997-10-24,18.83965215322569
1997-10-25,7.232765858255477
1997-10-26,22.822384932195575
1997-10-27,55.132521486553614
1997-10-28,0.00025131538677241564
1997-10-29,0.006455693398115105
1997-10-30,0.00025131538677241564
1997-10-31,22.44582467606242
1997-11-01,7.774465801234525
1997-11-02,13.07608029335874
1997-11-03,0.00010510796517623724
1997-11-04,0.00010510796517623724
1997-11-05,0.00010510796517623724
1997-11-06,0.009460369457691051
1997-11-07,1.4198396041410515
1997-11-08,0.0036392953198851052
1997-11-09,1.2087857131451748e-05
1997-11-10,1.2087857131451748e-05
1997-11-11,5.860692696387158e-05
1997-11-12,18.78857249785979
1997-11-13,27.07721283595882
1997-11-14,3.190877142478546
1997-11-15,0.010349531684394526
1997-11-16,7.644976221977579e-06
1997-11-17,1.6941755436263822e-07
1997-11-18,1.6941755436263822e-07
1997-11-19,0.003506056945115829
1997-11-20,1.6941755436263822e-07
1997-11-21,2.7083918408912355
1997-11-22,0.356560922971913
1997-11-23,0.9317087467979406
1997-11-24,6.0460199490178913e-05
1997-11-25,6.0460199490178913e-05
1997-11-26,0.00010167799160771103
1997-11-27,0.00010167799160771103
1997-11-28,0.04286286983493153
1997-11-29,18.515316863070936
1997-11-30,50.457702186909565
1997-12-01,0.016023788462253472
1997-12-02,0.00016723227252511723
1997-12-03,0.500827113733216
1997-12-04,11.637805832703934
1997-12-05,0.0001325133928606852
1997-12-06,0.00013858353895284046
1997-12-07,0.00013858353895284046
1997-12-08,0.49717794152772876
1997-12-09,3.5989218575398194
1997-12-10,18.69997482347078
1997-12-11,1.6904516773326626
1997-12-12,20.658068236351937
1997-12-13,13.898629252585446
1997-12-14,36.0496576008147
1997-12-15,21.290866538995218
1997-12-16,0.0
1997-12-17,0.0
1997-12-18,0.0
1997-12-19,0.0
1997-12-20,0.0
1997-12-21,0.00016307024705295732
1997-12-22,31.894857029516487
1997-12-23,3.0613932413062916
1997-12-24,44.35100266933871
1997-12-25,6.589043091928949
1997-12-26,1.3703079973977121
1997-12-27,25.156922704222538
1997-12-28,0.0002289092424298468
1997-12-29,7.841609675072815
1997-12-30,0.01961414030746448
1997-12-31,0.0002289092424298468
1998-01-01,0.0
1998-01-02,0.0
1998-01-03,0.0
1998-01-04,0.0
1998-01-05,0.0
1998-01-06,3.196747711761029
1998-01-07,5.261852479722334
1998-01-08,33.47434020088754
1998-01-09,0.00016701621775206676
1998-01-10,0.0
1998-01-11,0.0
1998-01-12,0.09818513167417431
1998-01-13,2.061658262104082
1998-01-14,2.287620084156102
1998-01-15,23.98684513822614
1998-01-16,3.1666573122938546
1998-01-17,0.0
1998-01-18,0.0
1998-01-19,4.212170376976074
1998-01-20,0.0008100473353139592
1998-01-21,9.129071941451114e-08
1998-01-22,9.156961159148299
1998-01-23,34.30162832871452
1998-01-24,1.2059390625295758
1998-01-25,0.0
1998-01-26,0.040876528346330515
1998-01-27,44.81308548242637
1998-01-28,0.0
1998-01-29,0.0
1998-01-30,8.00099177977577e-05
1998-01-31,0.0
1998-02-01,0.0
1998-02-02,10.488782989686554
1998-02-03,74.06888951086435
1998-02-04,29.241871368987134
1998-02-05,0.0028952936847223493
1998-02-06,0.0020794586501891262
1998-02-07,0.9443235057072854
1998-02-08,0.7063452531933391
1998-02-09,0.00018166040854087614
1998-02-10,0.0
1998-02-11,8.7694908448035
1998-02-12,0.0
1998-02-13,1.7446803674093165
1998-02-14,0.0
1998-02-15,0.011398995061519816
1998-02-16,19.122973781431547
1998-02-17,19.116468978942834
1998-02-18,0.0008268820743022746
1998-02-19,0.06441606253723973
1998-02-20,3.9659610189563037
1998-02-21,0.0
1998-02-22,28.78338886183211
1998-02-23,9.756888587661063
1998-02-24,7.237646984569517e-05
1998-02-25,0.0
1998-02-26,0.0
1998-02-27,12.306140191887087
1998-02-28,6.220675919733713
1998-03-01,0.00032467505649857195
1998-03-02,0.003551736910004426
1998-03-03,8.277752861752755e-08
1998-03-04,0.0
1998-03-05,1.8906317124930614
1998-03-06,10.431662228340254
1998-03-07,35.1665715053724
1998-03-08,47.961317154539046
1998-03-09,32.19844423207398
1998-03-10,0.0
1998-03-11,0.0
1998-03-12,0.0
1998-03-13,0.0
1998-03-14,0.0
1998-03-15,0.0
1998-03-16,0.0
1998-03-17,0.5949682291493621
1998-03-18,5.039752333413133
1998-03-19,31.661303549445158
1998-03-20,2.3421120540929756
1998-03-21,0.0
1998-03-22,0.0
1998-03-23,0.0
1998-03-24,0.0
1998-03-25,0.0
1998-03-26,0.0
1998-03-27,0.0
1998-03-28,0.0
1998-03-29,0.0
1998-03-30,0.0
1998-03-31,0.0
1998-04-01,0.0
1998-04-02,0.0
1998-04-03,0.0
1998-04-04,0.0
1998-04-05,0.0
1998-04-06,0.0
1998-04-07,0.04644580859405408
1998-04-08,78.20611039600348
1998-04-09,37.820541102340236
1998-04-10,0.02290809025896582
1998-04-11,0.0
1998-04-12,0.0
1998-04-13,0.0
1998-04-14,0.0
1998-04-15,0.0
1998-04-16,0.2791460194933857
1998-04-17,2.0587037033539044
1998-04-18,4.428781493305099
1998-04-19,16.742683017644296
1998-04-20,4.088663901314973
1998-04-21,0.0
1998-04-22,0.0
1998-04-23,0.0
1998-04-24,0.0
1998-04-25,0.0
1998-04-26,0.0
1998-04-27,0.0
1998-04-28,0.03245101158867543
1998-04-29,3.6560750168993583
1998-04-30,7.726123262356449
1998-05-01,13.834333002065813
1998-05-02,1.2140972570370339
1998-05-03,16.71114420261448
1998-05-04,10.612050653721864
1998-05-05,0.00014584743853919666
1998-05-06,0.008177376207841253
1998-05-07,0.07782661277893024
1998-05-08,8.315740579157382
1998-05-09,0.0
1998-05-10,1.1171259009505992
1998-05-11,0.0
1998-05-12,0.0
1998-05-13,0.0
1998-05-14,0.0
1998-05-15,0.0
1998-05-16,0.3921410887778714
1998-05-17,0.07817832206197252
1998-05-18,0.7788843140510466
1998-05-19,0.00014880760138496444
1998-05-20,0.0
1998-05-21,0.0
1998-05-22,0.0
1998-05-23,0.0
1998-05-24,0.0
1998-05-25,0.0
1998-05-26,0.0
1998-05-27,7.120070644520918
1998-05-28,0.7081934825825503
1998-05-29,1.256630956373599
1998-05-30,5.395046597224756
1998-05-31,0.9775237315350757
1998-06-01,0.0
1998-06-02,0.0
1998-06-03,0.0
1998-06-04,0.0
1998-06-05,0.0
1998-06-06,24.504756798897684
1998-06-07,0.9923535955706054
1998-06-08,0.0
1998-06-09,0.30987823070613396
1998-06-10,1.7458913829754803
1998-06-11,0.0
1998-06-12,0.0
1998-06-13,0.0
1998-06-14,0.0
1998-06-15,0.0
1998-06-16,1.0274261441808843
1998-06-17,5.531696933279094
1998-06-18,0.7466645504977462
1998-06-19,3.6435686016299913
1998-06-20,0.017659835294100493
1998-06-21,0.0025587931985265617
1998-06-22,0.025188964579039897
1998-06-23,0.0027860046479173685
1998-06-24,0.02475983301672372
1998-06-25,0.1680247975277379
1998-06-26,1.496560969019545
1998-06-27,0.41078381711323486
1998-06-28,0.16423459190934286
1998-06-29,0.06642105139894265
1998-06-30,0.006548067143116832
1998-07-01,0.014335905169932174
1998-07-02,0.07618128381054394
1998-07-03,0.16299721691253952
1998-07-04,0.03977704212094465
1998-07-05,0.19228420440825403
1998-07-06,0.05007528022246323
1998-07-07,0.046534720314430636
1998-07-08,0.6692644981284502
1998-07-09,4.958928099075465
1998-07-10,1.31206523043353
1998-07-11,0.00695951217073138
1998-07-12,9.046167367514544
1998-07-13,1.8956922119473496
1998-07-14,1.000055216747219
1998-07-15,1.650281372255257
1998-07-16,5.900568964698717
1998-07-17,5.2712340266899735
1998-07-18,1.5703907727056807
1998-07-19,0.9860521419484448
1998-07-20,0.9095456848799651
1998-07-21,2.1575893122429397
1998-07-22,0.6751940416427239
1998-07-23,0.743461152598035
1998-07-24,2.549575971851698
1998-07-25,8.042028709461448
1998-07-26,3.0181337894949802
1998-07-27,11.083620614680243
1998-07-28,7.643014856920428
1998-07-29,7.409660056265717
1998-07-30,8.448244676776662
1998-07-31,3.2708154245422327
1998-08-01,3.412692715669081
1998-08-02,0.0360684224390492
1998-08-03,0.0018995864917164746
1998-08-04,0.14263129114843942
1998-08-05,0.0
1998-08-06,0.005733211338709553
1998-08-07,1.17177805268672
1998-08-08,4.068767896511362
1998-08-09,9.664994681984341
1998-08-10,0.8439982403806399
1998-08-11,0.26823772236877663
1998-08-12,1.009125569250419
1998-08-13,5.364811350125841
1998-08-14,8.604069771550225
1998-08-15,0.8852705787332297
1998-08-16,18.042956652348412
1998-08-17,0.839877365527863
1998-08-18,13.709118029778757
1998-08-19,11.020569399986345
1998-08-20,13.033912364387696
1998-08-21,0.17130065920628695
1998-08-22,0.18123408170029204
1998-08-23,0.0043578303760411444
1998-08-24,0.0
1998-08-25,0.00714482234351754
1998-08-26,0.0
1998-08-27,0.0
1998-08-28,0.0933753344431518
1998-08-29,0.00958115247725016
1998-08-30,0.08271474008018075
1998-08-31,0.5191764656147181
1998-09-01,2.8686949515675164
1998-09-02,3.6214779930749033
1998-09-03,93.37222621975096
1998-09-04,0.008019619171151258
1998-09-05,0.0
1998-09-06,0.02121302018586336
1998-09-07,1.706197798496499
1998-09-08,0.06581079662351365
1998-09-09,2.5679824834795792
1998-09-10,0.0
1998-09-11,0.0
1998-09-12,0.0
1998-09-13,0.0
1998-09-14,0.0
1998-09-15,1.3306053226414345
1998-09-16,0.010501875290736906
1998-09-17,0.0022710491718850607
1998-09-18,0.8732997529970838
1998-09-19,0.5532744997274549
1998-09-20,0.7912940786346441
1998-09-21,16.94708317904154
1998-09-22,1.856535331758413
1998-09-23,0.5211092026760348
1998-09-24,0.011158075579698622
1998-09-25,0.0008071437849329362
1998-09-26,1.557035258359468
1998-09-27,0.18056896378682216
1998-09-28,0.1600888482857109
1998-09-29,3.7756820116323713
1998-09-30,61.819225078025696
1998-10-01,0.8359457357055462
1998-10-02,0.0
1998-10-03,0.3363484464390443
1998-10-04,0.9627300351013509
1998-10-05,0.228113972844947
1998-10-06,2.8753335747630913
1998-10-07,27.67632300555321
1998-10-08,9.781894478089159
1998-10-09,0.3110879568175814
1998-10-10,0.07446350113138248
1998-10-11,0.6867479773555885
1998-10-12,0.014005666163803356
1998-10-13,0.04638897846654768
1998-10-14,0.003968580145738951
1998-10-15,0.003968580145738951
1998-10-16,0.0
1998-10-17,0.0
1998-10-18,0.0
1998-10-19,0.017293048928770403
1998-10-20,0.11061766313199253
1998-10-21,0.649122619479441
1998-10-22,0.0
1998-10-23,0.0
1998-10-24,0.0
1998-10-25,0.0
1998-10-26,0.06978419821039124
1998-10-27,0.06978419821039124
1998-10-28,0.06978419821039124
1998-10-29,0.06978419821039124
1998-10-30,0.06978419821039124
1998-10-31,0.06978419821039124
1998-11-01,0.0
1998-11-02,4.349749448973558e-05
1998-11-03,5.770714190667375
1998-11-04,0.0
1998-11-05,0.0004933723422802598
1998-11-06,0.0
1998-11-07,0.0
1998-11-08,0.0
1998-11-09,0.2225200202293967
1998-11-10,0.0009366041231535002
1998-11-11,2.6239388953331284
1998-11-12,3.0046443829371035e-07
1998-11-13,0.016448559475437222
1998-11-14,10.442048790875937
1998-11-15,3.594203123119959
1998-11-16,0.005592323838496256
1998-11-17,0.0014906961132918567
1998-11-18,6.303949164327682e-05
1998-11-19,0.0006888347105009079
1998-11-20,5.602651371035807e-05
1998-11-21,0.029154324753339376
1998-11-22,0.0023069077196004027
1998-11-23,1.5662854013110161
1998-11-24,2.331880959005793
1998-11-25,0.2877095019718112
1998-11-26,0.7170878015022316
1998-11-27,0.0
1998-11-28,0.0
1998-11-29,0.0
1998-11-30,0.0
1998-12-01,0.016039266328708054
1998-12-02,0.0063732319546668335
1998-12-03,0.036764401655902286
1998-12-04,0.0015952692106545661
1998-12-05,0.015160803834497404
1998-12-06,0.376505449386777
1998-12-07,0.0
1998-12-08,0.02851689039698094
1998-12-09,2.0478855457470124
1998-12-10,0.10009335206638921
1998-12-11,0.0
1998-12-12,0.0
1998-12-13,0.0
1998-12-14,0.0
1998-12-15,0.0
1998-12-16,0.03275047160345629
1998-12-17,0.03275047160345629
1998-12-18,0.03275047160345629
1998-12-19,5.893844864365215
1998-12-20,0.5972272047581575
1998-12-21,0.0
1998-12-22,0.15674217542409244
1998-12-23,0.004848243594136452
1998-12-24,0.3671197525323458
1998-12-25,2.6822327436425404
1998-12-26,17.22234293599384
1998-12-27,0.2541452407068423
1998-12-28,0.01145998053399945
1998-12-29,3.3729164836886745
1998-12-30,4.7041138666575366e-05
1998-12-31,0.0
1999-01-01,0.0
1999-01-02,3.5903105485336906
1999-01-03,34.095040185845086
1999-01-04,0.0
1999-01-05,0.0
1999-01-06,0.0
1999-01-07,0.00026885044438874873
1999-01-08,0.0008212741078993398
1999-01-09,20.92085352769334
1999-01-10,0.052034479542318476
1999-01-11,0.0
1999-01-12,0.0
1999-01-13,0.0
1999-01-14,0.0010620480067299713
1999-01-15,0.013047095618557833
1999-01-16,0.0
1999-01-17,7.054363210275966
1999-01-18,15.49826090263834
1999-01-19,0.0
1999-01-20,0.2650414105388244
1999-01-21,0.5459684894207207
1999-01-22,8.83974528490559e-05
1999-01-23,10.26879369125094
1999-01-24,17.620476696944944
1999-01-25,0.0
1999-01-26,0.0
1999-01-27,0.0
1999-01-28,0.022537365094467916
1999-01-29,0.013752120923527076
1999-01-30,6.970525893019501
1999-01-31,7.440580085229119
1999-02-01,12.221558135858368
1999-02-02,0.6917513481283735
1999-02-03,0.017821782722048138
1999-02-04,3.3255155422830445
1999-02-05,0.0
1999-02-06,0.0
1999-02-07,0.0
1999-02-08,0.007560779968316086
1999-02-09,0.07524977996847602
1999-02-10,4.459069651153516
1999-02-11,2.1491225047922984
1999-02-12,3.441502072544355
1999-02-13,0.0
1999-02-14,0.0
1999-02-15,0.0
1999-02-16,0.0
1999-02-17,7.47802495743436
1999-02-18,17.05475536498617
1999-02-19,0.49934419917797396
1999-02-20,1.7285258329522946e-05
1999-02-21,0.0
1999-02-22,0.0
1999-02-23,0.0
1999-02-24,0.0
1999-02-25,0.0
1999-02-26,0.002009151270974104
1999-02-27,0.0
1999-02-28,25.60328197434991
1999-03-01,0.0
1999-03-02,0.0
1999-03-03,6.4689034569183015
1999-03-04,0.0
1999-03-05,0.0
1999-03-06,0.49308495297139315
1999-03-07,0.6264030378806572
1999-03-08,0.0
1999-03-09,10.613654478687357
1999-03-10,2.9197070298910526e-06
1999-03-11,0.0
1999-03-12,0.0
1999-03-13,0.1161674161429416
1999-03-14,15.853292049004864
1999-03-15,0.0028085993581876342
1999-03-16,0.0
1999-03-17,0.0
1999-03-18,0.0
1999-03-19,0.0
1999-03-20,0.0
1999-03-21,0.0
1999-03-22,0.0
1999-03-23,0.0
1999-03-24,0.0
1999-03-25,0.0
1999-03-26,11.904971669198062
1999-03-27,0.013893388966541482
1999-03-28,0.0
1999-03-29,0.20098907160796511
1999-03-30,0.8558797646250865
1999-03-31,1.7648388182702506
1999-04-01,0.0
1999-04-02,0.0
1999-04-03,0.0
1999-04-04,0.0
1999-04-05,0.0
1999-04-06,0.0
1999-04-07,0.0
1999-04-08,0.0
1999-04-09,0.0
1999-04-10,0.0
1999-04-11,0.28750949931114983
1999-04-12,0.0
1999-04-13,0.0
1999-04-14,0.0
1999-04-15,9.507184230762341
1999-04-16,0.0
1999-04-17,0.0
1999-04-18,0.0
1999-04-19,0.0
1999-04-20,0.0
1999-04-21,0.0
1999-04-22,0.0
1999-04-23,0.0
1999-04-24,0.0
1999-04-25,0.0
1999-04-26,0.15842612007035362
1999-04-27,0.8734782299046969
1999-04-28,12.664559092652084
1999-04-29,2.895420849467017
1999-04-30,6.4728528951960005
1999-05-01,1.0553493782977355
1999-05-02,0.0010202290278691648
1999-05-03,0.0
1999-05-04,0.0
1999-05-05,8.717062763741747
1999-05-06,15.263759370301509
1999-05-07,16.033268276847885
1999-05-08,7.069594904819929
1999-05-09,0.0
1999-05-10,0.059148214110062804
1999-05-11,0.0
1999-05-12,0.0
1999-05-13,0.0
1999-05-14,0.0
1999-05-15,0.0
1999-05-16,0.0
1999-05-17,0.0
1999-05-18,0.0
1999-05-19,1.5387293491217473
1999-05-20,0.0
1999-05-21,0.0
1999-05-22,0.0
1999-05-23,0.0
1999-05-24,0.0
1999-05-25,0.0
1999-05-26,0.0
1999-05-27,0.0
1999-05-28,0.0
1999-05-29,0.0
1999-05-30,0.0
1999-05-31,0.0
1999-06-01,0.0673204754380082
1999-06-02,0.6677374369431331
1999-06-03,0.8405147182516552
1999-06-04,0.32682863410185936
1999-06-05,4.9352066372618095
1999-06-06,0.07308797927910168
1999-06-07,0.30271004315603606
1999-06-08,0.010311555259873002
1999-06-09,0.0
1999-06-10,1.1176404496906327
1999-06-11,15.414507370434801
1999-06-12,1.6134181550939726
1999-06-13,0.0028452283822307865
1999-06-14,0.42738901093988885
1999-06-15,4.051887365038826
1999-06-16,5.845332679229393
1999-06-17,5.886928837233005
1999-06-18,0.3763359551331796
1999-06-19,0.0
1999-06-20,0.43189313932210666
1999-06-21,0.16772877421892443
1999-06-22,0.15815661116484736
1999-06-23,0.19362864613892444
1999-06-24,9.36676565426534
1999-06-25,13.595222702576221
1999-06-26,8.655891855475696
1999-06-27,17.872735400912624
1999-06-28,19.796869524209203
1999-06-29,12.45393682045116
1999-06-30,2.69378852673508
1999-07-01,2.251350387645848
1999-07-02,4.737037452807947
1999-07-03,10.484046490915878
1999-07-04,5.415088489365375
1999-07-05,0.07743897745823247
1999-07-06,1.940198054624813
1999-07-07,6.040031913380146
1999-07-08,1.4302207731425924
1999-07-09,0.006205633826968665
1999-07-10,0.2615479760563432
1999-07-11,1.222118382130264
1999-07-12,13.321784164357252
1999-07-13,18.067192409697032
1999-07-14,9.141056546964236
1999-07-15,6.656921217078219
1999-07-16,23.347022465644145
1999-07-17,9.889357766143338
1999-07-18,8.636667662920793
1999-07-19,6.491231178148585
1999-07-20,3.1845608482842156
1999-07-21,0.38000830024152776
1999-07-22,0.6441085603704646
1999-07-23,3.1360259659041194
1999-07-24,2.161525453155786
1999-07-25,4.644503671187069
1999-07-26,4.1866554431189025
1999-07-27,0.0476356189171205
1999-07-28,0.10640275235931008
1999-07-29,0.08587881362193968
1999-07-30,2.04638728727531
1999-07-31,1.3735316716744896
1999-08-01,0.268718970145229
1999-08-02,1.9763826301001763
1999-08-03,6.498248232432881
1999-08-04,0.0
1999-08-05,0.0
1999-08-06,0.00033469698505869205
1999-08-07,0.11132355121860676
1999-08-08,0.9609993035005241
1999-08-09,3.7559485252842637
1999-08-10,0.8088431004551576
1999-08-11,0.741236950029331
1999-08-12,0.022306443718381933
1999-08-13,0.408609634248564
1999-08-14,2.8169760321199098
1999-08-15,5.761725530747728
1999-08-16,5.915994130805064
1999-08-17,2.9490452273213843
1999-08-18,0.19471128441796415
1999-08-19,0.5672917098587267
1999-08-20,1.5319005140748976
1999-08-21,3.068373153421836
1999-08-22,9.459727655658307
1999-08-23,22.75156549652625
1999-08-24,6.553973549946797
1999-08-25,5.3446021099237235
1999-08-26,5.482794915551535
1999-08-27,0.6609837589041987
1999-08-28,5.0129734143717375
1999-08-29,3.6696896442286713
1999-08-30,0.0
1999-08-31,0.0
1999-09-01,0.14559434455222728
1999-09-02,0.14559434455222728
1999-09-03,0.14559434455222728
1999-09-04,0.14559434455222728
1999-09-05,0.36015483983774377
1999-09-06,0.2742550361419852
1999-09-07,0.750558263005247
1999-09-08,5.552794360951411
1999-09-09,7.56307822506403
1999-09-10,0.012460991331146056
1999-09-11,1.32082324709533
1999-09-12,0.0
1999-09-13,0.0
1999-09-14,0.04804464920954687
1999-09-15,4.294131205296919
1999-09-16,0.0
1999-09-17,0.0
1999-09-18,0.6961920976812759
1999-09-19,5.284742724290849
1999-09-20,5.76062836706337
1999-09-21,6.596605023670482
1999-09-22,4.785202109001815
1999-09-23,0.0
1999-09-24,0.00027342116877440443
1999-09-25,0.0
1999-09-26,11.033739354479446
1999-09-27,18.199758489603
1999-09-28,2.4723857412453984
1999-09-29,5.974624548469081
1999-09-30,1.4954442004965915
1999-10-01,0.0
1999-10-02,0.3767117453509836
1999-10-03,2.431398659154373
1999-10-04,46.352484115690025
1999-10-05,1.4254415161388398
1999-10-06,0.1485330497719616
1999-10-07,0.0
1999-10-08,2.417848883205204e-05
1999-10-09,0.07637404489336513
1999-10-10,0.04471517866901367
1999-10-11,1.8834928876056725
1999-10-12,4.592501947129934
1999-10-13,0.1453771341764334
1999-10-14,0.001095860180706618
1999-10-15,0.0015563413165286728
1999-10-16,0.05412694806052701
1999-10-17,3.1227920752443286
1999-10-18,0.0
1999-10-19,1.2529897865070845
1999-10-20,5.703926023884019
1999-10-21,1.0944201991955034
1999-10-22,0.0
1999-10-23,0.0
1999-10-24,0.0
1999-10-25,0.0
1999-10-26,0.0
1999-10-27,0.0
1999-10-28,0.0
1999-10-29,0.002432807200856361
1999-10-30,0.5914996989990556
1999-10-31,0.10574558552197179
1999-11-01,2.8619972898579924
1999-11-02,11.059366797550002
1999-11-03,0.0
1999-11-04,0.0
1999-11-05,0.0
1999-11-06,0.0
1999-11-07,0.0
1999-11-08,0.0
1999-11-09,0.0
1999-11-10,0.24563627001434052
1999-11-11,0.026069772295059815
1999-11-12,0.1307559139901268
1999-11-13,0.050162327507920344
1999-11-14,2.0525927352312934e-06
1999-11-15,2.0525927352312934e-06
1999-11-16,0.0
1999-11-17,0.0
1999-11-18,0.0
1999-11-19,0.0012066032364016013
1999-11-20,0.004977476016770341
1999-11-21,0.1700417793877303
1999-11-22,0.0017897191845262109
1999-11-23,0.035169578927505815
1999-11-24,0.1209801422719995
1999-11-25,0.23109944752674455
1999-11-26,2.900289862691078
1999-11-27,0.0029800979254298687
1999-11-28,0.0
1999-11-29,0.0
1999-11-30,0.0
1999-12-01,0.0
1999-12-02,0.0
1999-12-03,0.0
1999-12-04,0.0
1999-12-05,0.08151133627855314
1999-12-06,5.074936093688582
1999-12-07,0.0
1999-12-08,0.0
1999-12-09,0.000554586614791083
1999-12-10,0.3755776690364281
1999-12-11,0.0
1999-12-12,0.0
1999-12-13,0.0
1999-12-14,0.0
1999-12-15,0.0
1999-12-16,0.06793053553586223
1999-12-17,0.0
1999-12-18,0.175497770005353
1999-12-19,25.439288586339966
1999-12-20,0.9416521464622108
1999-12-21,1.9049844096961301
1999-12-22,2.1605578300358683
1999-12-23,0.0
1999-12-24,0.0
1999-12-25,0.0
1999-12-26,0.0
1999-12-27,0.0
1999-12-28,0.0
1999-12-29,0.0
1999-12-30,0.0
1999-12-31,0.0
2000-01-01,0.0
2000-01-02,0.0
2000-01-03,0.0
2000-01-04,0.0
2000-01-05,0.0
2000-01-06,0.03242894446894131
2000-01-07,0.7517436358641222
2000-01-08,0.0
2000-01-09,0.0005905378880164691
2000-01-10,1.4908351970668936
2000-01-11,0.0
2000-01-12,0.0
2000-01-13,0.005943265699582713
2000-01-14,0.0
2000-01-15,0.0
2000-01-16,0.0
2000-01-17,0.011982314754447327
2000-01-18,0.37613985577929054
2000-01-19,0.06983044442515217
2000-01-20,1.1089132474039942
2000-01-21,0.0
2000-01-22,0.0
2000-01-23,20.960608530639316
2000-01-24,30.339677375185605
2000-01-25,0.5178758187399025
2000-01-26,0.0
2000-01-27,0.0
2000-01-28,1.2142390914908878
2000-01-29,32.92966077784611
2000-01-30,29.029618935777542
2000-01-31,1.2210286221080875e-05
2000-02-01,0.0020172454458904014
2000-02-02,0.0020172454458904014
2000-02-03,0.0020172454458904014
2000-02-04,0.0020172454458904014
2000-02-05,0.0020172454458904014
2000-02-06,0.5331952046859171
2000-02-07,0.5331952046859171
2000-02-08,0.5331952046859171
2000-02-09,0.5331952046859171
2000-02-10,0.5331952046859171
2000-02-11,8.638276742115059
2000-02-12,2.6416799782976805
2000-02-13,0.642742143409849
2000-02-14,63.64885725299053
2000-02-15,0.0
2000-02-16,0.0
2000-02-17,0.18228509749199517
2000-02-18,0.14875862994694097
2000-02-19,0.43307145932182156
2000-02-20,0.0007790634401047483
2000-02-21,0.0
2000-02-22,0.0
2000-02-23,0.0
2000-02-24,0.0
2000-02-25,0.0
2000-02-26,4.009597464904398e-05
2000-02-27,16.21329653557795
2000-02-28,0.9763011968938158
2000-02-29,0.0
2000-03-01,0.00035295864496419105
2000-03-02,0.014874879055348497
2000-03-03,0.0
2000-03-04,7.442567719079376
2000-03-05,0.0
2000-03-06,0.0
2000-03-07,0.0
2000-03-08,0.0
2000-03-09,0.0
2000-03-10,0.0
2000-03-11,2.442011672612952
2000-03-12,13.631282813754467
2000-03-13,0.0
2000-03-14,0.0
2000-03-15,0.0
2000-03-16,11.930864514806178
2000-03-17,1.2649131403543241
2000-03-18,0.002638308172204998
2000-03-19,1.407696211651382
2000-03-20,35.91922480382599
2000-03-21,0.0
2000-03-22,0.0
2000-03-23,0.0
2000-03-24,0.0
2000-03-25,0.0
2000-03-26,5.320312103263464
2000-03-27,4.4097136832190085
2000-03-28,1.5463324196037251
2000-03-29,0.0
2000-03-30,59.765600214999814
2000-03-31,1.3204113286800516
2000-04-01,0.0006071590984445696
2000-04-02,0.09331025182589547
2000-04-03,0.000994475211438109
2000-04-04,2.83952293517921
2000-04-05,0.0
2000-04-06,0.0
2000-04-07,0.0
2000-04-08,0.0
2000-04-09,0.0
2000-04-10,0.0
2000-04-11,0.0
2000-04-12,0.010391160659281744
2000-04-13,7.176542309127873
2000-04-14,5.860383568836933
2000-04-15,1.2532957721666298
2000-04-16,0.0
2000-04-17,0.0
2000-04-18,0.0
2000-04-19,0.0
2000-04-20,0.0
2000-04-21,0.03933609039682654
2000-04-22,0.0
2000-04-23,0.12317505417215978
2000-04-24,31.52548270592247
2000-04-25,3.1415739998691885
2000-04-26,0.03285737794320105
2000-04-27,0.0
2000-04-28,0.23839020914592673
2000-04-29,0.0
2000-04-30,0.0
2000-05-01,0.0
2000-05-02,0.0
2000-05-03,0.0
2000-05-04,0.0
2000-05-05,0.0
2000-05-06,0.0
2000-05-07,0.0
2000-05-08,0.0
2000-05-09,0.0
2000-05-10,0.0
2000-05-11,5.842440643796751
2000-05-12,0.03352407889848388
2000-05-13,0.1394421222769806
2000-05-14,4.998743629606654
2000-05-15,5.944963173300911
2000-05-16,0.018508501268872508
2000-05-17,1.705287572321607
2000-05-18,0.0
2000-05-19,0.0
2000-05-20,0.0
2000-05-21,0.38733977329702385
2000-05-22,14.523341341896437
2000-05-23,0.5157110676091995
2000-05-24,0.0
2000-05-25,0.3676005399290482
2000-05-26,1.1857302942313417
2000-05-27,0.8093787124306383
2000-05-28,5.868331151441601
2000-05-29,0.4695930758353725
2000-05-30,0.0
2000-05-31,0.0
2000-06-01,0.0
2000-06-02,0.0
2000-06-03,0.004419785873211232
2000-06-04,1.359350598330529
2000-06-05,3.1851220724727742
2000-06-06,5.982876153642987
2000-06-07,0.0
2000-06-08,0.0
2000-06-09,0.0
2000-06-10,0.0
2000-06-11,0.0
2000-06-12,0.054703948304196545
2000-06-13,0.8687384536357922
2000-06-14,0.7011055399944816
2000-06-15,5.054378709352855
2000-06-16,1.467406476731599
2000-06-17,1.9300225846808003
2000-06-18,3.038733530493556
2000-06-19,2.893457162960912
2000-06-20,13.143791948518862
2000-06-21,22.91806484442093
2000-06-22,0.7714419211782583
2000-06-23,15.733212890407588
2000-06-24,1.9988812713236082
2000-06-25,0.6401032797423132
2000-06-26,19.191020013314535
2000-06-27,4.652887891211843
2000-06-28,2.091736240312028
2000-06-29,6.63826741159112
2000-06-30,14.722921559029826
2000-07-01,0.0
2000-07-02,0.0
2000-07-03,0.0
2000-07-04,0.0
2000-07-05,0.0
2000-07-06,0.0
2000-07-07,0.0
2000-07-08,0.0
2000-07-09,0.0
2000-07-10,0.0
2000-07-11,4.094637473373329
2000-07-12,2.8096101668767033
2000-07-13,4.62812677777381
2000-07-14,9.889967740707027
2000-07-15,1.0115347711985234
2000-07-16,0.0
2000-07-17,0.0
2000-07-18,0.0
2000-07-19,0.0
2000-07-20,0.0
2000-07-21,0.05486801258283309
2000-07-22,0.08967423812978097
2000-07-23,19.77750812801015
2000-07-24,14.012677448283151
2000-07-25,2.4707288972226826
2000-07-26,2.334432983139987
2000-07-27,1.183413686983744
2000-07-28,3.085815710996471
2000-07-29,12.076811954810301
2000-07-30,5.627171818464818
2000-07-31,5.559460460827973
2000-08-01,39.64088067943036
2000-08-02,4.746820683319155
2000-08-03,7.491582281824495
2000-08-04,14.388810540655937
2000-08-05,6.808764157678842
2000-08-06,0.2994789232933843
2000-08-07,1.4586828755280177
2000-08-08,0.12198963254388323
2000-08-09,2.249841907408725
2000-08-10,5.629042758296653
2000-08-11,0.0
2000-08-12,0.0
2000-08-13,0.0
2000-08-14,0.0
2000-08-15,0.0
2000-08-16,0.007079172065936714
2000-08-17,0.2839376199119621
2000-08-18,2.7007974615285444
2000-08-19,16.4892564321032
2000-08-20,11.777561617555683
2000-08-21,0.685061414873243
2000-08-22,0.14530512179287064
2000-08-23,0.3168514924847839
2000-08-24,0.19596065900587253
2000-08-25,1.076400687867734
2000-08-26,0.19721526749691873
2000-08-27,2.058722748756635
2000-08-28,1.5829469555480882
2000-08-29,5.234761526862736
2000-08-30,0.2544321593841366
2000-08-31,0.2974618692332915
2000-09-01,8.212902514795914
2000-09-02,5.063065869895189
2000-09-03,9.208172471683902
2000-09-04,7.727342290196721
2000-09-05,26.920062531726376
2000-09-06,30.17081054709202
2000-09-07,0.05500336072765372
2000-09-08,0.27446770058458725
2000-09-09,0.03969775754956162
2000-09-10,0.007454347553393085
2000-09-11,0.002318166083258563
2000-09-12,0.0537415597675083
2000-09-13,0.0004636330110355901
2000-09-14,1.7431973957935942
2000-09-15,2.517832051092654
2000-09-16,0.0004807025976942505
2000-09-17,2.380116168414571
2000-09-18,22.665757759035362
2000-09-19,0.0005225136025313456
2000-09-20,2.4691536931378564
2000-09-21,17.177628737473523
2000-09-22,29.603862390243826
2000-09-23,13.98005742441558
2000-09-24,1.6696064090202172
2000-09-25,4.58038357694476
2000-09-26,12.711938877836513
2000-09-27,0.0
2000-09-28,0.0
2000-09-29,0.08324372390144362
2000-09-30,0.29105452472038207
2000-10-01,0.0
2000-10-02,0.0
2000-10-03,0.0
2000-10-04,0.0035481335274168743
2000-10-05,0.7395781577846567
2000-10-06,7.27521832949092
2000-10-07,0.08363750550968027
2000-10-08,0.0
2000-10-09,0.0
2000-10-10,0.0
2000-10-11,0.1302289708206737
2000-10-12,0.1302289708206737
2000-10-13,0.1302289708206737
2000-10-14,0.1302289708206737
2000-10-15,0.1302289708206737
2000-10-16,0.0
2000-10-17,0.0
2000-10-18,0.0
2000-10-19,0.00011377057126046892
2000-10-20,0.10857065060635018
2000-10-21,0.5792012250568577
2000-10-22,0.0
2000-10-23,0.0
2000-10-24,0.0
2000-10-25,0.0
2000-10-26,0.051536869040947196
2000-10-27,0.051536869040947196
2000-10-28,0.051536869040947196
2000-10-29,0.051536869040947196
2000-10-30,0.13806515659934107
2000-10-31,0.051536869040947196
2000-11-01,0.0
2000-11-02,0.0022613873030558284
2000-11-03,0.2578409347151701
2000-11-04,0.0021516894678283165
2000-11-05,0.5696907487801924
2000-11-06,0.6715642587482838
2000-11-07,1.1992132937511495
2000-11-08,0.218959135325528
2000-11-09,5.842721318719032
2000-11-10,3.963188888234502
2000-11-11,0.0
2000-11-12,0.0
2000-11-13,0.03646779785119255
2000-11-14,10.250239511888772
2000-11-15,0.0
2000-11-16,0.7164421604171055
2000-11-17,19.215252239324784
2000-11-18,2.0469357106824018
2000-11-19,27.652702659110904
2000-11-20,0.06574581911512668
2000-11-21,0.0
2000-11-22,0.0
2000-11-23,0.0
2000-11-24,0.10410353074501037
2000-11-25,16.51387556853291
2000-11-26,10.844303197692522
2000-11-27,0.0
2000-11-28,0.0
2000-11-29,0.0
2000-11-30,0.0
2000-12-01,0.0
2000-12-02,0.09002141418555214
2000-12-03,0.009151346016302887
2000-12-04,0.0
2000-12-05,0.0
2000-12-06,0.0
2000-12-07,0.0
2000-12-08,0.00120746887926884
2000-12-09,5.09975728872226
2000-12-10,2.166566048670031
2000-12-11,8.931515133165636
2000-12-12,0.5564515489277385
2000-12-13,0.11221098706019464
2000-12-14,3.4914766852654657
2000-12-15,6.018411520386592
2000-12-16,3.696265169716977
2000-12-17,15.747103980382834
2000-12-18,0.0
2000-12-19,16.859268323801732
2000-12-20,0.01905423517501998
2000-12-21,0.0
2000-12-22,0.0
2000-12-23,0.0
2000-12-24,0.0
2000-12-25,0.0
2000-12-26,0.0
2000-12-27,1.4827096044453123
2000-12-28,52.84705707362157
2000-12-29,11.812278040945763
2000-12-30,0.0
2000-12-31,0.0
2001-01-01,0.0
2001-01-02,0.0
2001-01-03,0.0
2001-01-04,0.0
2001-01-05,0.0
2001-01-06,0.0
2001-01-07,0.0
2001-01-08,7.602650090886235
2001-01-09,0.0
2001-01-10,0.0
2001-01-11,0.4306994292720039
2001-01-12,2.2391372618584655
2001-01-13,0.000646431566033012
2001-01-14,0.0032656330922233964
2001-01-15,0.08469806825063132
2001-01-16,4.936949054620664
2001-01-17,2.2603608568652795
2001-01-18,0.025463265115903987
2001-01-19,2.4894871948903603
2001-01-20,29.063260241241625
2001-01-21,0.0
2001-01-22,0.0
2001-01-23,0.0
2001-01-24,0.0
2001-01-25,0.0
2001-01-26,0.0
2001-01-27,0.00033484407179723525
2001-01-28,0.0
2001-01-29,0.0
2001-01-30,2.207173781919687
2001-01-31,0.2877932933847787
2001-02-01,0.012570523612833482
2001-02-02,0.15467525695280232
2001-02-03,0.0
2001-02-04,12.532083231300678
2001-02-05,0.0
2001-02-06,0.0
2001-02-07,0.0
2001-02-08,0.0
2001-02-09,0.0
2001-02-10,6.268645605754068
2001-02-11,0.006285248858830736
2001-02-12,6.788027979689684
2001-02-13,0.8437396717386948
2001-02-14,2.465976854790107
2001-02-15,0.3626833557848885
2001-02-16,0.0901086090802061
2001-02-17,0.9530249032941518
2001-02-18,0.0
2001-02-19,0.0
2001-02-20,0.007917860201224808
2001-02-21,0.63163408099972
2001-02-22,6.310841842881451
2001-02-23,0.10225703702045658
2001-02-24,0.17055474739394574
2001-02-25,0.6110927335898951
2001-02-26,0.02399490831262907
2001-02-27,0.00529416113317804
2001-02-28,4.02139752920003
2001-03-01,0.8597611592783129
2001-03-02,9.767577780890614
2001-03-03,17.901371313050614
2001-03-04,41.82811907541821
2001-03-05,0.01403878446772342
2001-03-06,0.0
2001-03-07,0.0
2001-03-08,0.0
2001-03-09,6.6868008408586
2001-03-10,1.6318987258333928
2001-03-11,0.2432002916464872
2001-03-12,17.225200603902152
2001-03-13,37.8818952718423
2001-03-14,1.081888894200222
2001-03-15,20.188870056957143
2001-03-16,0.00021216146751055475
2001-03-17,0.0
2001-03-18,1.4101064187635912
2001-03-19,1.9535920382892227
2001-03-20,51.11108529169051
2001-03-21,0.0
2001-03-22,0.0
2001-03-23,0.0
2001-03-24,0.0
2001-03-25,0.0
2001-03-26,0.0
2001-03-27,0.0
2001-03-28,0.003905644364284575
2001-03-29,40.47844093616283
2001-03-30,1.5655603267898295
2001-03-31,0.8245147921171754
2001-04-01,0.05626707502158015
2001-04-02,0.0
2001-04-03,13.083104922297508
2001-04-04,15.676489697396642
2001-04-05,1.9374605161495768
2001-04-06,0.0
2001-04-07,0.0
2001-04-08,0.0
2001-04-09,0.0
2001-04-10,0.0
2001-04-11,0.0
2001-04-12,0.00858016149886441
2001-04-13,1.6987339167750433
2001-04-14,0.8742605979098678
2001-04-15,0.12715594341616498
2001-04-16,0.0
2001-04-17,0.0
2001-04-18,0.0
2001-04-19,0.0
2001-04-20,0.0
2001-04-21,0.0
2001-04-22,0.0
2001-04-23,0.0
2001-04-24,0.0
2001-04-25,0.0
2001-04-26,0.0
2001-04-27,0.0
2001-04-28,0.0
2001-04-29,0.3604963183525382
2001-04-30,0.062491210850793656
2001-05-01,0.0
2001-05-02,0.0
2001-05-03,0.0
2001-05-04,0.0
2001-05-05,0.0
2001-05-06,0.0
2001-05-07,0.0
2001-05-08,0.0
2001-05-09,0.0
2001-05-10,0.0
2001-05-11,0.29310709052168754
2001-05-12,2.01217766018735
2001-05-13,2.8859892493252257
2001-05-14,0.0
2001-05-15,0.0
2001-05-16,0.0
2001-05-17,0.0
2001-05-18,0.0
2001-05-19,5.616277657708223e-08
2001-05-20,4.868613035781187
2001-05-21,0.4061023860811801
2001-05-22,3.8171503004240654
2001-05-23,10.591213470098278
2001-05-24,1.0175695250240808e-07
2001-05-25,0.005065306240360711
2001-05-26,0.19016967211163388
2001-05-27,0.0007010960371238423
2001-05-28,0.09568319466965376
2001-05-29,10.939525144221157
2001-05-30,0.13999909038458638
2001-05-31,0.10883713436151221
2001-06-01,21.08508701742155
2001-06-02,1.9627713139341525
2001-06-03,0.3535271923236382
2001-06-04,3.020589540266506
2001-06-05,3.7241869558336003
2001-06-06,0.4967122518231443
2001-06-07,0.6506476628135412
2001-06-08,1.7955751100817177
2001-06-09,27.168051309936107
2001-06-10,9.513153974418278
2001-06-11,4.9879008898097155
2001-06-12,32.79303156630737
2001-06-13,1.5171719358041784
2001-06-14,1.8455004681264675
2001-06-15,0.09839144758577195
2001-06-16,0.0010375733597876098
2001-06-17,0.0006662084670033701
2001-06-18,0.0
2001-06-19,0.17406449847105213
2001-06-20,0.018713830200178798
2001-06-21,2.6029742733159025
2001-06-22,19.355917078595983
2001-06-23,21.873805952515674
2001-06-24,0.2657417967744194
2001-06-25,1.5585028224549793
2001-06-26,0.009279872862462254
2001-06-27,1.9092723619179917
2001-06-28,12.027674715937927
2001-06-29,9.089875652872433
2001-06-30,4.629235501535324
2001-07-01,14.424645028389074
2001-07-02,0.6397818980922368
2001-07-03,3.588505271213584
2001-07-04,12.53665021932975
2001-07-05,6.972458694231087
2001-07-06,0.0036699466656749382
2001-07-07,0.0046462162278265535
2001-07-08,0.0002785700222141185
2001-07-09,0.006231498879564801
2001-07-10,0.003052248872264029
2001-07-11,0.11413370427865285
2001-07-12,0.09836206300738513
2001-07-13,0.3156120682566052
2001-07-14,0.07794996681584788
2001-07-15,8.982851839400766e-05
2001-07-16,6.369898097127301e-06
2001-07-17,0.0
2001-07-18,0.0
2001-07-19,0.00038155070997986226
2001-07-20,0.09789592649903468
2001-07-21,1.9775053534527152
2001-07-22,0.0248730336348285
2001-07-23,5.256812420853228
2001-07-24,13.891642088819117
2001-07-25,1.7258841119542438
2001-07-26,3.4128877743797297
2001-07-27,1.3014638705057842
2001-07-28,6.397819412871035
2001-07-29,7.677475742650082
2001-07-30,1.2955448267573717
2001-07-31,5.275278863332783
2001-08-01,0.1353974033025844
2001-08-02,0.0013007261004580979
2001-08-03,0.03666406399773021
2001-08-04,0.004817220317764325
2001-08-05,4.9657533141745365
2001-08-06,1.3416826601578073
2001-08-07,0.598708697789741
2001-08-08,1.550544230615065
2001-08-09,5.679028506060693
2001-08-10,6.509098164438807
2001-08-11,3.2460713891405155
2001-08-12,0.18638482577422916
2001-08-13,0.4112262108267877
2001-08-14,10.589476804804528
2001-08-15,1.1395708345342133
2001-08-16,0.0668382361405927
2001-08-17,0.26187934570752175
2001-08-18,4.51602938732189
2001-08-19,3.1041544235157
2001-08-20,0.07954836260844866
2001-08-21,0.003863954993853308
2001-08-22,0.010943920995181836
2001-08-23,0.0
2001-08-24,0.0
2001-08-25,0.3156051694772732
2001-08-26,3.2446434880331942
2001-08-27,1.9290474528177353
2001-08-28,9.864514695329852
2001-08-29,0.7116542947277186
2001-08-30,0.07123760739541346
2001-08-31,0.4431450512266874
2001-09-01,8.337550073424605
2001-09-02,7.778690957317037
2001-09-03,15.704776885647469
2001-09-04,11.84469430849026
2001-09-05,4.606981380101731
2001-09-06,1.28170131564125
2001-09-07,0.17317947022628094
2001-09-08,0.22872267980746042
2001-09-09,1.1736582151495738
2001-09-10,0.8653230107966927
2001-09-11,16.155935617559248
2001-09-12,12.406971117753338
2001-09-13,0.8847592270432402
2001-09-14,0.018872001472189297
2001-09-15,0.0
2001-09-16,0.0
2001-09-17,0.0
2001-09-18,0.0
2001-09-19,0.20801150207088384
2001-09-20,1.2078018463324878
2001-09-21,0.6378595459160559
2001-09-22,0.658174450266568
2001-09-23,10.946728147502563
2001-09-24,21.04161568716092
2001-09-25,0.8577623318012969
2001-09-26,0.4493743718079834
2001-09-27,0.4493743718079834
2001-09-28,0.4493743718079834
2001-09-29,0.4493743718079834
2001-09-30,0.4493743718079834
2001-10-01,0.0
2001-10-02,0.0
2001-10-03,0.0
2001-10-04,0.0
2001-10-05,0.8283011866688015
2001-10-06,7.647330322203517
2001-10-07,0.033311791774448166
2001-10-08,0.0
2001-10-09,0.0012810372046884414
2001-10-10,0.2947161212819115
2001-10-11,0.4830916803016225
2001-10-12,0.2959891718248203
2001-10-13,0.36769743346851647
2001-10-14,18.249541339141267
2001-10-15,0.0
2001-10-16,0.02476955658898887
2001-10-17,0.02476955658898887
2001-10-18,0.02476955658898887
2001-10-19,0.02476955658898887
2001-10-20,0.02476955658898887
2001-10-21,0.0
2001-10-22,0.15187224424480747
2001-10-23,0.1474365689512019
2001-10-24,0.04847667392907953
2001-10-25,0.2581232026666331
2001-10-26,0.01907994241036062
2001-10-27,0.01907994241036062
2001-10-28,0.01907994241036062
2001-10-29,0.01907994241036062
2001-10-30,0.01907994241036062
2001-10-31,0.34790056669111036
2001-11-01,0.0
2001-11-02,1.5293359356323497
2001-11-03,0.21441692954933161
2001-11-04,0.08403100104905913
2001-11-05,0.0
2001-11-06,0.0474775457327094
2001-11-07,0.0474775457327094
2001-11-08,0.0474775457327094
2001-11-09,0.0474775457327094
2001-11-10,0.0474775457327094
2001-11-11,0.09101621310514961
2001-11-12,0.09101621310514961
2001-11-13,0.09101621310514961
2001-11-14,7.697745100180014
2001-11-15,0.519947969709214
2001-11-16,0.0
2001-11-17,0.0
2001-11-18,0.0
2001-11-19,0.0
2001-11-20,0.0035776998966431297
2001-11-21,0.0
2001-11-22,0.7653583335609218
2001-11-23,29.851374359643714
2001-11-24,0.31467585143820187
2001-11-25,1.4747834899603147
2001-11-26,1.0009585430080716
2001-11-27,0.015115529565322264
2001-11-28,0.0
2001-11-29,0.03166274598952519
2001-11-30,1.1028866601337537
2001-12-01,0.23272367616358647
2001-12-02,0.0
2001-12-03,0.0
2001-12-04,0.0
2001-12-05,0.005597706762672282
2001-12-06,0.0
2001-12-07,0.03108330767012173
2001-12-08,0.2573693927718221
2001-12-09,0.1249935336501248
2001-12-10,5.815401622609635
2001-12-11,1.386590587043547
2001-12-12,0.20329681315802373
2001-12-13,0.22859250804742767
2001-12-14,0.04472026263822256
2001-12-15,0.06549654632084265
2001-12-16,0.0
2001-12-17,0.0
2001-12-18,0.0
2001-12-19,0.0
2001-12-20,0.0
2001-12-21,0.0
2001-12-22,0.0
2001-12-23,6.222363522864846
2001-12-24,10.508717960512662
2001-12-25,1.1245197830804835e-06
2001-12-26,0.0
2001-12-27,0.0
2001-12-28,0.0
2001-12-29,0.0
2001-12-30,0.0
2001-12-31,0.0
2002-01-01,0.01093323496403378
2002-01-02,23.968085821053503
2002-01-03,3.1446909580652163
2002-01-04,0.0
2002-01-05,0.0
2002-01-06,1.028182456320189
2002-01-07,0.14869145288017996
2002-01-08,0.0
2002-01-09,0.0
2002-01-10,3.1539429955562084e-05
2002-01-11,0.006170287496869036
2002-01-12,6.560271661846081
2002-01-13,15.642560804557087
2002-01-14,6.966191652449088
2002-01-15,1.5972382157978668
2002-01-16,0.0
2002-01-17,0.0
2002-01-18,0.026983101105239868
2002-01-19,0.09973210054360791
2002-01-20,3.870435509970825
2002-01-21,2.820102192592365
2002-01-22,0.0
2002-01-23,0.4922865791796756
2002-01-24,0.19686671110763046
2002-01-25,5.408677353328029
2002-01-26,0.38568683865296194
2002-01-27,0.07235171188989725
2002-01-28,1.2395550828382402
2002-01-29,0.009544097735622922
2002-01-30,0.17017717519406694
2002-01-31,0.13620868258502802
2002-02-01,0.008394826551384148
2002-02-02,0.0003070161582186784
2002-02-03,0.0
2002-02-04,0.0
2002-02-05,0.0
2002-02-06,16.91190083574375
2002-02-07,37.457315422835016
2002-02-08,0.0
2002-02-09,0.10740631854493349
2002-02-10,2.0299694438857947
2002-02-11,0.0173106281988729
2002-02-12,0.0173106281988729
2002-02-13,1.5297012692590752
2002-02-14,0.0173106281988729
2002-02-15,1.7046311540910934
2002-02-16,0.0
2002-02-17,0.0
2002-02-18,0.0
2002-02-19,0.0
2002-02-20,3.6246314106071034
2002-02-21,6.981343149620969
2002-02-22,0.0
2002-02-23,0.0001308296970533816
2002-02-24,0.0
2002-02-25,0.0
2002-02-26,0.8232929603490771
2002-02-27,0.0
2002-02-28,0.0
2002-03-01,0.0
2002-03-02,46.307003417636885
2002-03-03,14.550205436184383
2002-03-04,0.017306583931394018
2002-03-05,0.0
2002-03-06,0.0
2002-03-07,0.0
2002-03-08,0.0
2002-03-09,0.0
2002-03-10,0.0
2002-03-11,0.0
2002-03-12,6.48673805180355
2002-03-13,6.977576433530856
2002-03-14,0.015003444916090116
2002-03-15,0.0015411131281040898
2002-03-16,1.7972170286596185
2002-03-17,2.7466383528446845
2002-03-18,0.34593336594692303
2002-03-19,0.10571350368460315
2002-03-20,0.4069806224059987
2002-03-21,13.181751309049643
2002-03-22,0.0
2002-03-23,0.0
2002-03-24,0.0
2002-03-25,0.061001881457521716
2002-03-26,10.022377816809849
2002-03-27,3.784755416945493
2002-03-28,0.0
2002-03-29,0.0
2002-03-30,0.0
2002-03-31,5.124309344844964
2002-04-01,5.499274221543745
2002-04-02,0.0069908180070029245
2002-04-03,1.0540526279094893
2002-04-04,0.06348616729879362
2002-04-05,0.4252112068587965
2002-04-06,0.0
2002-04-07,0.0
2002-04-08,0.0
2002-04-09,0.0579288764553728
2002-04-10,15.054798833071274
2002-04-11,4.394126719251694
2002-04-12,1.567647906764656
2002-04-13,5.978948239399645
2002-04-14,0.9344171324628969
2002-04-15,0.04254345342289296
2002-04-16,0.30879636748301204
2002-04-17,1.927068651507161
2002-04-18,1.61678093157845
2002-04-19,0.44906892046532126
2002-04-20,0.0
2002-04-21,0.0
2002-04-22,0.004568552631455507
2002-04-23,0.0
2002-04-24,0.0
2002-04-25,0.019126629785392014
2002-04-26,5.355198819830949
2002-04-27,9.203076554376123
2002-04-28,0.2077808205172364
2002-04-29,0.14106526927178478
2002-04-30,0.019292045458281386
2002-05-01,1.091339022701227
2002-05-02,0.07288770187576725
2002-05-03,0.7780614287834638
2002-05-04,0.26490497583771955
2002-05-05,1.0486881131158343
2002-05-06,0.0
2002-05-07,0.0
2002-05-08,0.0
2002-05-09,0.0
2002-05-10,0.0
2002-05-11,1.2176104879103864
2002-05-12,0.0004755219522508129
2002-05-13,0.3913239542826516
2002-05-14,27.620313755314776
2002-05-15,0.0
2002-05-16,0.0
2002-05-17,2.1461293053570145
2002-05-18,12.660764022411957
2002-05-19,10.873735475482949
2002-05-20,0.0
2002-05-21,0.0
2002-05-22,0.0
2002-05-23,0.0
2002-05-24,0.0
2002-05-25,0.0
2002-05-26,0.0
2002-05-27,0.0
2002-05-28,0.095906124777263
2002-05-29,0.13337307659095582
2002-05-30,0.42328082868734246
2002-05-31,0.8755784954674828
2002-06-01,2.2540117632509507
2002-06-02,0.3618106452403329
2002-06-03,1.427919928958988
2002-06-04,2.1931973381551804
2002-06-05,2.0254332376582433
2002-06-06,1.0713304917720263
2002-06-07,9.202561727157857
2002-06-08,10.187309214032608
2002-06-09,0.03724393510888775
2002-06-10,0.000734846695421085
2002-06-11,0.004647181348819591
2002-06-12,0.00010435875651912326
2002-06-13,3.733939684952896e-07
2002-06-14,2.907594933900826
2002-06-15,0.42379747339542734
2002-06-16,0.0
2002-06-17,0.4288813446018506
2002-06-18,1.0783461482904861
2002-06-19,0.18287377223184784
2002-06-20,4.275523873809928
2002-06-21,9.531412635796407
2002-06-22,10.932221048842749
2002-06-23,6.282436837298739
2002-06-24,1.1001051684758762
2002-06-25,7.220358591508665
2002-06-26,9.801686400282675
2002-06-27,0.4592059233895488
2002-06-28,1.2610420844053039
2002-06-29,0.7408993392620443
2002-06-30,5.9479559643194575
2002-07-01,0.2457764260141808
2002-07-02,0.0930277388052876
2002-07-03,1.123819342180945
2002-07-04,1.1420055642117868
2002-07-05,0.06209323071925763
2002-07-06,2.9304160735990514
2002-07-07,7.763683095323893
2002-07-08,7.202998037327287
2002-07-09,4.646776291461859
2002-07-10,0.47593119036193976
2002-07-11,2.685602526371413
2002-07-12,14.764573357111942
2002-07-13,10.00279018259211
2002-07-14,1.5230531044610036
2002-07-15,0.23949925275821882
2002-07-16,0.0
2002-07-17,0.0
2002-07-18,0.0
2002-07-19,0.0
2002-07-20,0.0
2002-07-21,12.405698822295522
2002-07-22,8.846221380707304
2002-07-23,12.01325728272813
2002-07-24,2.225971304103868
2002-07-25,1.1033570832950137
2002-07-26,6.2067589740091025
2002-07-27,2.142873536297307
2002-07-28,0.8591675503486788
2002-07-29,0.4981415443235983
2002-07-30,7.762231851432436
2002-07-31,2.405330725527809
2002-08-01,7.7879086380667
2002-08-02,7.298580534238492
2002-08-03,0.47239316609342347
2002-08-04,0.14157995357256406
2002-08-05,0.15054930589122606
2002-08-06,3.786540557801869e-06
2002-08-07,0.6248527357790201
2002-08-08,0.0
2002-08-09,0.0
2002-08-10,0.46659512649624263
2002-08-11,2.1393125809395834e-07
2002-08-12,0.0
2002-08-13,2.301280099003185
2002-08-14,4.954025036301303
2002-08-15,8.235825729057925
2002-08-16,0.8222568890538624
2002-08-17,1.7447010685456992
2002-08-18,1.4308850472967287
2002-08-19,9.006389242904765
2002-08-20,4.263794980684268
2002-08-21,1.4507010507041624
2002-08-22,0.42233049103087056
2002-08-23,0.49645379152597363
2002-08-24,0.09576145680019865
2002-08-25,3.4243496870303862
2002-08-26,10.028617035757524
2002-08-27,15.874598442258517
2002-08-28,2.8165825442310197
2002-08-29,6.502276633848956
2002-08-30,9.574817412604574
2002-08-31,7.891951920710061
2002-09-01,0.667476676747924
2002-09-02,0.5247086412101161
2002-09-03,0.10369721575738965
2002-09-04,0.00205921466840186
2002-09-05,0.4199613373422538
2002-09-06,0.8855276929578227
2002-09-07,0.11889363411820954
2002-09-08,0.3479538975321683
2002-09-09,0.23861460170251408
2002-09-10,0.0
2002-09-11,0.0
2002-09-12,0.002188074674794583
2002-09-13,20.165264649743023
2002-09-14,27.565607359281042
2002-09-15,29.893477273466225
2002-09-16,2.5437527486273197
2002-09-17,0.7331041203963845
2002-09-18,14.08964409298487
2002-09-19,4.788811125686184
2002-09-20,3.973038693868962
2002-09-21,0.15985813062109389
2002-09-22,0.17544058281572936
2002-09-23,0.8225830737032122
2002-09-24,1.7307064199043525
2002-09-25,11.925462473607404
2002-09-26,8.50848553792031
2002-09-27,9.876185603938612
2002-09-28,0.1376688206981511
2002-09-29,3.831459086314886
2002-09-30,1.8464662967126757
2002-10-01,0.4833072999105716
2002-10-02,0.0004372166153900323
2002-10-03,0.03745973658286529
2002-10-04,0.03746205709256637
2002-10-05,0.4467216120145594
2002-10-06,0.2210864388377417
2002-10-07,0.4299309849871043
2002-10-08,4.174283166871816
2002-10-09,2.085229593567043
2002-10-10,2.547700689060964
2002-10-11,1.1263079544960464
2002-10-12,0.45630984378674566
2002-10-13,14.805113963674245
2002-10-14,12.313435554679407
2002-10-15,17.139508074400723
2002-10-16,0.7223879511855028
2002-10-17,0.0006811765524566592
2002-10-18,0.0
2002-10-19,0.0
2002-10-20,0.0
2002-10-21,0.49642447012931457
2002-10-22,0.18969224106290133
2002-10-23,0.028284583177594903
2002-10-24,21.927566365401727
2002-10-25,0.20532837326512307
2002-10-26,0.6034610620446017
2002-10-27,5.308550022155358
2002-10-28,1.5509300197219336
2002-10-29,1.1491825766033643
2002-10-30,4.76367392284889
2002-10-31,0.0
2002-11-01,0.0
2002-11-02,0.0
2002-11-03,0.0002389879330379241
2002-11-04,2.3881633893908316
2002-11-05,2.434253093698928
2002-11-06,33.585908018642584
2002-11-07,0.0
2002-11-08,0.0
2002-11-09,1.2221191390464912
2002-11-10,1.0314070755049296
2002-11-11,4.890570021006809
2002-11-12,60.58468480612736
2002-11-13,0.19456198934051136
2002-11-14,0.0
2002-11-15,0.03318822355571271
2002-11-16,20.171251693074698
2002-11-17,4.392154271955626
2002-11-18,0.0
2002-11-19,0.0
2002-11-20,0.0276492038158442
2002-11-21,1.5809519163211279
2002-11-22,0.0
2002-11-23,0.0
2002-11-24,0.0
2002-11-25,0.0
2002-11-26,0.2784241771155484
2002-11-27,0.7174693502492451
2002-11-28,0.2784241771155484
2002-11-29,0.2784241771155484
2002-11-30,0.27857349344501897
2002-12-01,0.0
2002-12-02,0.0
2002-12-03,0.0
2002-12-04,0.05898282463684111
2002-12-05,1.2453431196828755
2002-12-06,0.13931228966617734
2002-12-07,0.00019394278932129456
2002-12-08,0.0
2002-12-09,0.07698778548000523
2002-12-10,18.950361110085886
2002-12-11,6.541315224836968
2002-12-12,0.1758961905264936
2002-12-13,39.69491728147656
2002-12-14,0.015302887803643498
2002-12-15,0.0
2002-12-16,0.0
2002-12-17,0.0
2002-12-18,0.035407332782171126
2002-12-19,0.06136799657168309
2002-12-20,20.07445327236345
2002-12-21,0.0
2002-12-22,0.0026216499024164118
2002-12-23,0.02195906628770323
2002-12-24,28.0307382533274
2002-12-25,6.749105914406002
2002-12-26,0.0
2002-12-27,0.0
2002-12-28,0.0
2002-12-29,0.0
2002-12-30,0.0
2002-12-31,27.709292746146247
2003-01-01,22.60121396506803
2003-01-02,0.226776576160773
2003-01-03,0.6425339423453844
2003-01-04,0.0
2003-01-05,0.0
2003-01-06,0.0
2003-01-07,0.0
2003-01-08,0.0
2003-01-09,0.0
2003-01-10,0.525541522154653
2003-01-11,0.0
2003-01-12,0.0
2003-01-13,8.251278622135459
2003-01-14,0.032902741468285625
2003-01-15,0.0
2003-01-16,0.0017713211794608407
2003-01-17,1.8827910055774189
2003-01-18,0.0
2003-01-19,0.0
2003-01-20,0.0
2003-01-21,0.004081580802235213
2003-01-22,0.33160278610546123
2003-01-23,0.06642467714057429
2003-01-24,0.0
2003-01-25,0.0
2003-01-26,0.020445186833312947
2003-01-27,0.0
2003-01-28,0.0
2003-01-29,0.0
2003-01-30,2.767424206449222
2003-01-31,0.2356343360521496
2003-02-01,0.404008871240852
2003-02-02,0.0
2003-02-03,0.004313021223944165
2003-02-04,4.899628225273302
2003-02-05,0.0
2003-02-06,3.1887924154168847
2003-02-07,13.263056753572549
2003-02-08,2.4512885729509654e-06
2003-02-09,1.3546888218245965
2003-02-10,3.160782299803083
2003-02-11,1.020365630087884
2003-02-12,1.020365630087884
2003-02-13,1.020365630087884
2003-02-14,1.020365630087884
2003-02-15,1.020365630087884
2003-02-16,22.43061752197538
2003-02-17,6.271758563532874
2003-02-18,0.02851031451757786
2003-02-19,0.0
2003-02-20,0.16673200329772947
2003-02-21,5.743390609654683
2003-02-22,18.562635731502308
2003-02-23,1.0670716067410042
2003-02-24,0.0
2003-02-25,0.07468458396888943
2003-02-26,1.969117534432856
2003-02-27,34.069468368032766
2003-02-28,0.0665665870278413
2003-03-01,26.343785270574585
2003-03-02,12.571978828914368
2003-03-03,0.021377283648917708
2003-03-04,25.626189903636433
2003-03-05,1.827178743029291
2003-03-06,8.522067382217948
2003-03-07,17.78917291125825
2003-03-08,0.020586471830667672
2003-03-09,2.819612682789057
2003-03-10,0.0
2003-03-11,0.00032512429906620104
2003-03-12,0.003825549496832818
2003-03-13,10.263295868482441
2003-03-14,12.527151672184676
2003-03-15,11.25203438992317
2003-03-16,0.38329793346753815
2003-03-17,14.002658038993467
2003-03-18,6.186807420101348
2003-03-19,8.396541368467284
2003-03-20,29.513887156745973
2003-03-21,0.0
2003-03-22,0.0
2003-03-23,0.0
2003-03-24,0.0
2003-03-25,0.0
2003-03-26,0.009256863589293519
2003-03-27,4.98596262036789
2003-03-28,0.8011299979948987
2003-03-29,0.0035982431457319826
2003-03-30,5.622483107520676
2003-03-31,0.0
2003-04-01,0.0
2003-04-02,0.0
2003-04-03,0.0
2003-04-04,0.0
2003-04-05,0.0
2003-04-06,3.725218224370523
2003-04-07,11.649524178995504
2003-04-08,25.99354642676608
2003-04-09,42.09807896776494
2003-04-10,21.2825824969648
2003-04-11,0.0
2003-04-12,0.0
2003-04-13,0.0
2003-04-14,0.0
2003-04-15,0.0
2003-04-16,0.0
2003-04-17,0.0
2003-04-18,0.0
2003-04-19,0.0
2003-04-20,0.0
2003-04-21,2.129347702083009
2003-04-22,3.3878709752295184
2003-04-23,0.0
2003-04-24,0.43544235205216675
2003-04-25,9.363976332874508
2003-04-26,0.442554845922419
2003-04-27,0.0
2003-04-28,0.00034189926012308616
2003-04-29,0.0
2003-04-30,0.00206202792028754
2003-05-01,10.605375315168654
2003-05-02,1.8504193803232127
2003-05-03,2.9692835821072108
2003-05-04,4.347084282037816
2003-05-05,0.0
2003-05-06,3.425690523502727
2003-05-07,1.2874887778301143
2003-05-08,5.429621288264156
2003-05-09,0.0
2003-05-10,0.0
2003-05-11,0.6942003619665652
2003-05-12,3.2832539134653054
2003-05-13,0.0
2003-05-14,0.5380450015496946
2003-05-15,13.821892831868801
2003-05-16,1.9761732414864182
2003-05-17,3.7838757078837952
2003-05-18,11.064561729741117
2003-05-19,4.010492000310963
2003-05-20,2.8647882757728187
2003-05-21,0.6013902494029899
2003-05-22,16.503280437839027
2003-05-23,15.161397305320412
2003-05-24,0.00969400647370089
2003-05-25,0.2924466063387624
2003-05-26,0.0
2003-05-27,0.0
2003-05-28,0.0
2003-05-29,0.0
2003-05-30,0.0
2003-05-31,0.0
2003-06-01,0.23843795786150546
2003-06-02,0.0
2003-06-03,13.583111070050796
2003-06-04,4.921242284030471
2003-06-05,0.009631837391429065
2003-06-06,7.06995339799661
2003-06-07,25.944841411945518
2003-06-08,23.355416477685647
2003-06-09,0.4171067486665645
2003-06-10,0.14855286604254217
2003-06-11,1.4840838468296567
2003-06-12,4.632823019076294
2003-06-13,28.622233185361825
2003-06-14,7.41505662569519
2003-06-15,3.7280045703053766
2003-06-16,7.424288079753814
2003-06-17,24.797764543187842
2003-06-18,1.5685789352339032
2003-06-19,1.9304627897865614
2003-06-20,20.187849721190982
2003-06-21,4.249893638479132
2003-06-22,0.5265618659607818
2003-06-23,1.007398464537358
2003-06-24,0.01339241380704658
2003-06-25,0.0
2003-06-26,1.1587039458529089e-07
2003-06-27,0.0020279888923107063
2003-06-28,1.1235303293830756
2003-06-29,4.797336025184513
2003-06-30,0.7529513030590904
2003-07-01,8.530408225066681
2003-07-02,11.576833176173748
2003-07-03,11.705485475262241
2003-07-04,8.457024404610133
2003-07-05,0.7474248258569315
2003-07-06,4.08389795267886
2003-07-07,6.309638759814037
2003-07-08,8.257874731484996
2003-07-09,0.2392161110596861
2003-07-10,0.48989937947423423
2003-07-11,1.0191948873557028
2003-07-12,2.3365098446041412
2003-07-13,11.042205000709188
2003-07-14,4.146105612203994
2003-07-15,3.55135113525129
2003-07-16,0.376683250639819
2003-07-17,3.2321408231288538
2003-07-18,9.575993505993857
2003-07-19,2.062408633741619
2003-07-20,2.373599552620659
2003-07-21,4.857542172586843
2003-07-22,0.44244108612317706
2003-07-23,26.40144346716558
2003-07-24,5.514933236580556
2003-07-25,15.932784758604562
2003-07-26,2.063051922231481
2003-07-27,0.10843288439512776
2003-07-28,0.8351652432857698
2003-07-29,0.22660286330947924
2003-07-30,0.8105069066530148
2003-07-31,2.8498813510761445
2003-08-01,16.856848428492675
2003-08-02,5.227730807366154
2003-08-03,14.964020757142736
2003-08-04,15.82695282393156
2003-08-05,6.511404060408731
2003-08-06,12.847493170243572
2003-08-07,2.3694182435357467
2003-08-08,4.859275790389979
2003-08-09,0.8928597396844745
2003-08-10,5.661397711622816
2003-08-11,12.407614347130085
2003-08-12,12.548273085547677
2003-08-13,1.0738495824828171
2003-08-14,0.7200295273818395
2003-08-15,0.701061013905735
2003-08-16,12.3768895402419
2003-08-17,26.914600116629924
2003-08-18,4.612887130146409
2003-08-19,8.454727829963932
2003-08-20,6.871237847760406
2003-08-21,4.1039362615311115
2003-08-22,3.2775733926111554
2003-08-23,0.7839459442007772
2003-08-24,0.11846759909033701
2003-08-25,1.834553940433947
2003-08-26,0.6224206782502449
2003-08-27,1.5246766543104058
2003-08-28,2.7388260682204035
2003-08-29,5.038483298850391
2003-08-30,0.9687856058441442
2003-08-31,0.32190790526171426
2003-09-01,0.3105602577145629
2003-09-02,0.7965185049460751
2003-09-03,0.9807305871638198
2003-09-04,4.297247802121531
2003-09-05,7.7294856904697955
2003-09-06,32.58362871167406
2003-09-07,0.6240366740652283
2003-09-08,0.6755084601405427
2003-09-09,0.00021352477858210822
2003-09-10,1.6979969605465346
2003-09-11,5.626472963824414e-05
2003-09-12,0.011764494425641179
2003-09-13,0.6260827356107278
2003-09-14,0.17155373887883035
2003-09-15,0.6396788956646705
2003-09-16,1.5933245148265174
2003-09-17,0.001208422078624244
2003-09-18,0.0
2003-09-19,0.0
2003-09-20,0.0
2003-09-21,0.1120715836843048
2003-09-22,1.091767786128797
2003-09-23,17.713200847511814
2003-09-24,0.00015763278501799234
2003-09-25,0.028666655963164908
2003-09-26,2.955965765672122
2003-09-27,0.46709493553571424
2003-09-28,0.0004813155386296525
2003-09-29,0.0
2003-09-30,0.0
2003-10-01,0.20386701028957022
2003-10-02,0.20386701028957022
2003-10-03,0.20386701028957022
2003-10-04,0.20386701028957022
2003-10-05,0.20386701028957022
2003-10-06,0.08642537859641887
2003-10-07,4.304451590061782
2003-10-08,3.639198193289972
2003-10-09,0.26874799147495837
2003-10-10,0.22629513266510193
2003-10-11,0.9322634598729098
2003-10-12,0.19837026190030024
2003-10-13,0.06907931438025987
2003-10-14,1.5920358909849912
2003-10-15,0.0017746772428644526
2003-10-16,0.0
2003-10-17,0.08883036969338369
2003-10-18,0.08452916911230696
2003-10-19,0.0
2003-10-20,0.0
2003-10-21,0.1276454144587431
2003-10-22,0.1276454144587431
2003-10-23,0.1276454144587431
2003-10-24,0.1276454144587431
2003-10-25,0.3259819708461734
2003-10-26,8.44725789509911
2003-10-27,20.26262391617927
2003-10-28,49.04153851581775
2003-10-29,13.754217605957777
2003-10-30,0.0
2003-10-31,0.0017030987291110039
2003-11-01,0.0
2003-11-02,0.0
2003-11-03,0.014365857897699294
2003-11-04,6.321460277575804
2003-11-05,9.919038069465936
2003-11-06,0.1121287240395493
2003-11-07,0.0036950746571387367
2003-11-08,0.05829807109339318
2003-11-09,0.10478573119772763
2003-11-10,0.0
2003-11-11,0.016042021047728228
2003-11-12,0.1288231567443092
2003-11-13,0.016042021047728228
2003-11-14,0.016042021047728228
2003-11-15,0.016042021047728228
2003-11-16,0.0
2003-11-17,4.755366321289475e-08
2003-11-18,0.07792938775905577
2003-11-19,11.701012851162762
2003-11-20,0.0
2003-11-21,0.0
2003-11-22,0.0
2003-11-23,0.0
2003-11-24,1.0007640435735288
2003-11-25,1.4826921424329797e-05
2003-11-26,0.19560799613099072
2003-11-27,0.021796620166410728
2003-11-28,10.016921124091926
2003-11-29,0.0
2003-11-30,0.0
2003-12-01,0.0
2003-12-02,0.0
2003-12-03,0.0
2003-12-04,0.31506071955917475
2003-12-05,0.012452956247752363
2003-12-06,0.002726403294229593
2003-12-07,0.0
2003-12-08,0.0
2003-12-09,0.0
2003-12-10,4.645517139733243
2003-12-11,0.027359645152188413
2003-12-12,0.0
2003-12-13,1.6645755059017457
2003-12-14,40.48824652104384
2003-12-15,0.026622121662258913
2003-12-16,0.0
2003-12-17,0.0
2003-12-18,0.0
2003-12-19,0.0
2003-12-20,0.0
2003-12-21,0.0
2003-12-22,0.0
2003-12-23,0.0112355326713074
2003-12-24,3.381805828525154
2003-12-25,0.0
2003-12-26,0.0
2003-12-27,0.0
2003-12-28,0.0
2003-12-29,0.00015685984867500017
2003-12-30,0.523231282755804
2003-12-31,0.0
2004-01-01,0.0
2004-01-02,0.0
2004-01-03,0.0
2004-01-04,0.05961827608501271
2004-01-05,1.2360046031530216
2004-01-06,0.05242904158633602
2004-01-07,0.0
2004-01-08,0.001652947077091542
2004-01-09,1.8426845103357194
2004-01-10,0.03702082771103413
2004-01-11,0.0
2004-01-12,0.0
2004-01-13,0.0
2004-01-14,0.0030258185567078487
2004-01-15,9.330597174796333e-05
2004-01-16,0.0
2004-01-17,0.057918741519828704
2004-01-18,5.304304568100817
2004-01-19,0.1604134205316304
2004-01-20,0.0
2004-01-21,0.0
2004-01-22,0.0
2004-01-23,0.0
2004-01-24,0.0
2004-01-25,0.09116576543985126
2004-01-26,55.74595455371929
2004-01-27,11.545365085206226
2004-01-28,0.0
2004-01-29,0.0
2004-01-30,0.0
2004-01-31,0.0
2004-02-01,4.0719522376952195
2004-02-02,2.033747175935022
2004-02-03,1.1840173338925022
2004-02-04,0.0
2004-02-05,0.3897474513241251
2004-02-06,13.724528807161368
2004-02-07,20.552777648463096
2004-02-08,0.0
2004-02-09,0.05165877204741547
2004-02-10,3.7387779193647983
2004-02-11,3.2479564259249156
2004-02-12,28.415798483450924
2004-02-13,0.05401241072145839
2004-02-14,41.18485253127499
2004-02-15,3.1804898137262496
2004-02-16,4.317026212125852e-06
2004-02-17,1.118085229934207
2004-02-18,0.0010002406855436129
2004-02-19,0.0
2004-02-20,0.039563928973520006
2004-02-21,0.9681675144403089
2004-02-22,0.0
2004-02-23,2.2483866838859012
2004-02-24,11.141336576988758
2004-02-25,3.284732902335394
2004-02-26,4.289043455990004
2004-02-27,0.004271907279091125
2004-02-28,0.0
2004-02-29,0.0
2004-03-01,1.035552430182386
2004-03-02,0.7959316761387102
2004-03-03,9.527035866323384e-05
2004-03-04,1.273340275858776
2004-03-05,2.0783205375070084
2004-03-06,0.0
2004-03-07,0.0
2004-03-08,0.0
2004-03-09,0.0
2004-03-10,0.0
2004-03-11,0.0
2004-03-12,0.0
2004-03-13,0.0
2004-03-14,0.0018060275550862586
2004-03-15,0.13228380330096656
2004-03-16,7.129626840624431
2004-03-17,0.018645284080064984
2004-03-18,0.0
2004-03-19,0.0
2004-03-20,0.03444229074697944
2004-03-21,0.0
2004-03-22,0.0
2004-03-23,0.0
2004-03-24,0.0
2004-03-25,0.0
2004-03-26,0.0
2004-03-27,0.0
2004-03-28,0.0
2004-03-29,0.0
2004-03-30,0.0
2004-03-31,0.0
2004-04-01,0.0
2004-04-02,0.0
2004-04-03,0.0
2004-04-04,0.0
2004-04-05,0.0
2004-04-06,0.0
2004-04-07,0.00027501003612979605
2004-04-08,1.6949087960839746
2004-04-09,0.0
2004-04-10,0.0
2004-04-11,0.001760634784847524
2004-04-12,3.0664661866350333
2004-04-13,20.40621515677799
2004-04-14,9.721493716064087e-05
2004-04-15,0.0
2004-04-16,0.0
2004-04-17,0.0
2004-04-18,0.0
2004-04-19,0.0
2004-04-20,0.0
2004-04-21,0.1624117181882002
2004-04-22,0.1624117181882002
2004-04-23,0.1624117181882002
2004-04-24,0.1624117181882002
2004-04-25,2.8465742251342774
2004-04-26,5.274996159435683
2004-04-27,6.608452090628552
2004-04-28,0.0
2004-04-29,0.025304100643315366
2004-04-30,7.787397403484197
2004-05-01,12.94194492066326
2004-05-02,26.100806769561185
2004-05-03,13.238639298163209
2004-05-04,0.0
2004-05-05,0.0
2004-05-06,0.0
2004-05-07,0.0
2004-05-08,0.0
2004-05-09,0.0
2004-05-10,0.0
2004-05-11,0.0
2004-05-12,0.0
2004-05-13,0.0
2004-05-14,0.0
2004-05-15,0.0
2004-05-16,0.3776754199845452
2004-05-17,0.47629012909520596
2004-05-18,0.8381848929940057
2004-05-19,4.905823157586375
2004-05-20,0.9598954755370148
2004-05-21,0.0
2004-05-22,0.0
2004-05-23,0.0
2004-05-24,0.0
2004-05-25,0.0
2004-05-26,0.0
2004-05-27,0.0
2004-05-28,0.01143078743541417
2004-05-29,0.24817812067868325
2004-05-30,0.4147610565071461
2004-05-31,1.0281748219773827
2004-06-01,11.923164585450566
2004-06-02,1.624114863467563
2004-06-03,0.6821471384745369
2004-06-04,7.146922813234537
2004-06-05,0.051945622437308686
2004-06-06,0.8161571934262203
2004-06-07,7.765217063293719
2004-06-08,6.203925629565698
2004-06-09,15.636578164418577
2004-06-10,6.940043171566758
2004-06-11,0.8866513207320241
2004-06-12,2.0000283045390006
2004-06-13,7.528578101510297
2004-06-14,1.0783621945658841
2004-06-15,3.8803066864565716
2004-06-16,12.896573991148694
2004-06-17,2.133940473627572
2004-06-18,1.9445590518929872
2004-06-19,0.5769795804164035
2004-06-20,8.973013877583925
2004-06-21,22.234584509660046
2004-06-22,13.444377277190776
2004-06-23,4.107671819627374
2004-06-24,1.170257399281759
2004-06-25,3.642600058819228
2004-06-26,2.363076618856533
2004-06-27,1.3575660582836677
2004-06-28,8.005500046049983
2004-06-29,5.041899869410104
2004-06-30,4.761246032656401
2004-07-01,2.6495644676696246
2004-07-02,14.117309215901162
2004-07-03,1.0117289673074354
2004-07-04,0.2518186728234614
2004-07-05,0.14316254810258974
2004-07-06,1.1302216837178676
2004-07-07,1.3580361674656352
2004-07-08,3.6595401762813884
2004-07-09,0.17676087887542136
2004-07-10,2.8428430189665956
2004-07-11,0.4505735607710095
2004-07-12,0.07784056145264472
2004-07-13,1.4443354383741198
2004-07-14,0.3793789286341162
2004-07-15,1.2810342241095698
2004-07-16,1.7720561220684834
2004-07-17,1.8800364042477167
2004-07-18,9.908183724299134
2004-07-19,0.18697376484385245
2004-07-20,0.0
2004-07-21,0.0
2004-07-22,0.0
2004-07-23,2.3638689518981293
2004-07-24,4.677316855061033
2004-07-25,3.586700360415786
2004-07-26,0.45935933048996574
2004-07-27,1.5409120551361681
2004-07-28,4.865474039120001
2004-07-29,7.041820499701998
2004-07-30,0.20138124458127993
2004-07-31,0.1094086308578584
2004-08-01,0.17257834588739934
2004-08-02,1.28531139631628
2004-08-03,3.1395508210833247
2004-08-04,2.777323012483437
2004-08-05,0.6392588041961399
2004-08-06,0.2898383781159261
2004-08-07,0.0
2004-08-08,0.0014475170904455715
2004-08-09,3.078712908514831e-07
2004-08-10,6.769994187036384
2004-08-11,36.92115483363522
2004-08-12,16.510209308056822
2004-08-13,7.822319762875171
2004-08-14,4.7232128058788545
2004-08-15,4.11386428723146
2004-08-16,0.5641689830526367
2004-08-17,6.504337919153642
2004-08-18,0.8008667593507822
2004-08-19,0.013083589067125425
2004-08-20,0.0035669990801065494
2004-08-21,17.047803475099688
2004-08-22,7.885778899293756
2004-08-23,2.6813684597802956
2004-08-24,7.632565902101084
2004-08-25,0.1418156829721398
2004-08-26,0.2511297424543069
2004-08-27,0.1327523755482078
2004-08-28,0.1572099416741098
2004-08-29,0.11950431975165714
2004-08-30,4.189167497995658
2004-08-31,5.627655007906857
2004-09-01,5.341286146265334
2004-09-02,8.91839553857554
2004-09-03,0.04276725066496264
2004-09-04,1.0180295577758944
2004-09-05,7.492378540152812
2004-09-06,48.87229334615457
2004-09-07,84.1946096198552
2004-09-08,1.5946378608483787
2004-09-09,0.004896767436979272
2004-09-10,13.8411119846797
2004-09-11,13.194538939589686
2004-09-12,0.6536570851535001
2004-09-13,5.8219399764876645
2004-09-14,1.296905831283635
2004-09-15,4.312826529687971
2004-09-16,7.277093283227165
2004-09-17,15.261320677734203
2004-09-18,0.0
2004-09-19,0.0
2004-09-20,0.003225633646139751
2004-09-21,0.0258623382408894
2004-09-22,0.011296070783529559
2004-09-23,0.0
2004-09-24,0.0
2004-09-25,1.1304571448065364
2004-09-26,0.13045401776592597
2004-09-27,116.55279340930757
2004-09-28,0.9344225471847063
2004-09-29,0.011062433395926228
2004-09-30,0.9016680903045998
2004-10-01,0.3471972756163827
2004-10-02,0.21172189417629436
2004-10-03,0.4012435684978367
2004-10-04,0.0002058929472266002
2004-10-05,0.0
2004-10-06,0.01872585653936091
2004-10-07,0.00895597319060686
2004-10-08,0.028758508465434176
2004-10-09,1.9961047956214033
2004-10-10,4.857449706867823
2004-10-11,3.6374235556162136
2004-10-12,0.7192355855549816
2004-10-13,1.3025588791011167
2004-10-14,3.6673281647364244e-05
2004-10-15,16.65256784428752
2004-10-16,0.0
2004-10-17,0.0
2004-10-18,0.0
2004-10-19,5.502903230597532
2004-10-20,14.144212907504478
2004-10-21,0.015211379257435981
2004-10-22,0.011569615373928489
2004-10-23,8.578396531964944e-05
2004-10-24,0.8105864699227344
2004-10-25,0.004082205774369173
2004-10-26,0.00011612850325275658
2004-10-27,0.0
2004-10-28,0.515340646980379
2004-10-29,0.05711006569697893
2004-10-30,0.0014526730688140539
2004-10-31,0.0
2004-11-01,0.0
2004-11-02,0.30800956965540716
2004-11-03,7.048920494339434e-05
2004-11-04,4.202371611839897
2004-11-05,0.0
2004-11-06,0.017771726403443815
2004-11-07,0.017771726403443815
2004-11-08,0.017771726403443815
2004-11-09,0.017771726403443815
2004-11-10,0.1735226554311656
2004-11-11,1.0719069618191648
2004-11-12,10.161446688205743
2004-11-13,1.2242028272418006
2004-11-14,0.0006731568992713252
2004-11-15,0.0
2004-11-16,0.0
2004-11-17,0.0
2004-11-18,0.0
2004-11-19,0.3428673662632173
2004-11-20,0.31987978330452466
2004-11-21,6.306266205961195
2004-11-22,0.06102253888701758
2004-11-23,8.603613775880744
2004-11-24,18.610211499665976
2004-11-25,37.11742137812736
2004-11-26,0.0
2004-11-27,2.5349842868377825
2004-11-28,11.36434225111588
2004-11-29,0.0
2004-11-30,0.00020636801624460653
2004-12-01,5.55055114084051
2004-12-02,0.011088614428902199
2004-12-03,0.0
2004-12-04,0.0
2004-12-05,0.7109384019348047
2004-12-06,0.44454055013688365
2004-12-07,1.0432059905078859
2004-12-08,3.1298972724613536
2004-12-09,1.2426544618087707
2004-12-10,35.75282638540707
2004-12-11,0.0
2004-12-12,0.0
2004-12-13,0.0
2004-12-14,0.0
2004-12-15,0.0
2004-12-16,0.0
2004-12-17,0.03484561996569319
2004-12-18,0.0
2004-12-19,0.15037608116110907
2004-12-20,0.0
2004-12-21,0.0
2004-12-22,0.0023545310549244317
2004-12-23,27.230630426170695
2004-12-24,1.073725500193873
2004-12-25,1.489353199230339
2004-12-26,33.199120690926584
2004-12-27,0.0
2004-12-28,0.0
2004-12-29,0.0
2004-12-30,0.0
2004-12-31,0.0
2005-01-01,0.0
2005-01-02,1.06341752661162
2005-01-03,0.05653861272086641
2005-01-04,0.016614960003470885
2005-01-05,0.3261755662855376
2005-01-06,0.10284804774197022
2005-01-07,1.3683006960150312
2005-01-08,0.7646216482074033
2005-01-09,1.0849960177440394
2005-01-10,0.025490530463714422
2005-01-11,0.002086674918656475
2005-01-12,0.7847132720556523
2005-01-13,1.1060125733364776
2005-01-14,29.74495758082999
2005-01-15,0.0
2005-01-16,0.8200705583129111
2005-01-17,0.005913263813042342
2005-01-18,0.005913263813042342
2005-01-19,0.04384889178423288
2005-01-20,0.005913263813042342
2005-01-21,0.0
2005-01-22,0.0
2005-01-23,0.0
2005-01-24,0.0
2005-01-25,0.0
2005-01-26,1.1196692246028335
2005-01-27,4.507052044929675e-05
2005-01-28,2.7979953430420527e-07
2005-01-29,15.229420693144412
2005-01-30,8.11795567019024
2005-01-31,0.0494386447612583
2005-02-01,0.4564898306447414
2005-02-02,7.461097924711257
2005-02-03,17.900562218784614
2005-02-04,0.00011390820251193136
2005-02-05,0.0
2005-02-06,0.0
2005-02-07,0.009585549044218891
2005-02-08,0.0
2005-02-09,5.832537824914441
2005-02-10,6.85296557066839
2005-02-11,0.0
2005-02-12,0.0
2005-02-13,0.0
2005-02-14,4.6132474700721
2005-02-15,0.06617251912639613
2005-02-16,0.33904217746468407
2005-02-17,0.13172639923461682
2005-02-18,0.0
2005-02-19,0.0
2005-02-20,0.030809755057328476
2005-02-21,0.5821717111185715
2005-02-22,1.3602252412949989
2005-02-23,2.6174658252576664
2005-02-24,10.70320611918032
2005-02-25,1.953335679608474
2005-02-26,0.0
2005-02-27,52.553956091219625
2005-02-28,4.422190544090837
2005-03-01,0.001118891592795735
2005-03-02,0.001118891592795735
2005-03-03,0.001118891592795735
2005-03-04,0.001118891592795735
2005-03-05,2.248515946987283
2005-03-06,0.0023472149065512024
2005-03-07,0.0
2005-03-08,5.9750594298758966
2005-03-09,0.0
2005-03-10,0.0
2005-03-11,0.07223681900923126
2005-03-12,0.0
2005-03-13,0.0
2005-03-14,2.570189143593751
2005-03-15,0.32875802868224957
2005-03-16,37.531926344293616
2005-03-17,2.3313069484835482
2005-03-18,0.19427740610857733
2005-03-19,0.0
2005-03-20,0.002044298324140603
2005-03-21,8.49779457016907
2005-03-22,23.089430864865722
2005-03-23,9.07194649526296
2005-03-24,0.0
2005-03-25,13.8564949993403
2005-03-26,1.404071164486835
2005-03-27,71.31744659247795
2005-03-28,9.995027180553347
2005-03-29,0.0
2005-03-30,0.0
2005-03-31,14.606953915979176
2005-04-01,24.80606176540018
2005-04-02,14.190240148478148
2005-04-03,0.0
2005-04-04,0.0
2005-04-05,0.0
2005-04-06,0.0
2005-04-07,33.33118983437793
2005-04-08,3.06855590698849
2005-04-09,2.657825447079774
2005-04-10,0.00016277137513252897
2005-04-11,0.0
2005-04-12,4.976084135095263
2005-04-13,3.149980269472911
2005-04-14,0.00044417607464768464
2005-04-15,0.0
2005-04-16,0.0
2005-04-17,0.0
2005-04-18,0.0
2005-04-19,0.0
2005-04-20,0.0
2005-04-21,0.0
2005-04-22,25.817846138544112
2005-04-23,21.761629338509877
2005-04-24,0.0
2005-04-25,0.0
2005-04-26,14.478848319566632
2005-04-27,1.772953996996764
2005-04-28,0.0
2005-04-29,0.0
2005-04-30,9.396294244922505
2005-05-01,25.41301189703117
2005-05-02,0.0
2005-05-03,0.0
2005-05-04,0.032319006146810846
2005-05-05,8.440449957461492
2005-05-06,0.021588640138818813
2005-05-07,0.0
2005-05-08,0.0
2005-05-09,0.0
2005-05-10,3.5705264731640294
2005-05-11,22.456856125513756
2005-05-12,0.007582705047223963
2005-05-13,0.0
2005-05-14,0.018717928089026024
2005-05-15,0.04985259781208025
2005-05-16,0.8778756426897616
2005-05-17,0.36082601628300026
2005-05-18,0.7449723845976223
2005-05-19,0.12238587369338669
2005-05-20,5.880037188549403
2005-05-21,21.455611831288
2005-05-22,0.000798342841540518
2005-05-23,1.137557811405319
2005-05-24,0.15055192871824175
2005-05-25,0.0
2005-05-26,0.0
2005-05-27,0.0
2005-05-28,0.0
2005-05-29,0.1881096140467943
2005-05-30,0.351430054433586
2005-05-31,2.3599325408148797
2005-06-01,15.45473629186524
2005-06-02,15.308288174546028
2005-06-03,14.861674013680629
2005-06-04,4.678082154012577
2005-06-05,0.4767557192816756
2005-06-06,7.164024555806756
2005-06-07,11.388873103460611
2005-06-08,14.111629444400906
2005-06-09,7.924801016470218
2005-06-10,3.380006734421235
2005-06-11,0.8572206537917515
2005-06-12,0.4548875354515611
2005-06-13,0.23001789319762608
2005-06-14,0.042933197269059774
2005-06-15,0.008178259694063952
2005-06-16,0.0
2005-06-17,0.0
2005-06-18,0.0216011392821737
2005-06-19,0.031539413908106544
2005-06-20,0.015472605406551406
2005-06-21,0.028794672738900372
2005-06-22,0.018259522354149727
2005-06-23,0.02272871344603443
2005-06-24,0.049757230741432706
2005-06-25,3.1299227320202854
2005-06-26,2.42535751910156
2005-06-27,5.529503051705436
2005-06-28,21.2246011976534
2005-06-29,11.04390419556753
2005-06-30,2.1811910226330835
2005-07-01,1.298267416723157
2005-07-02,6.201652058211646
2005-07-03,12.088532752218551
2005-07-04,0.9717965237865259
2005-07-05,0.605933851173415
2005-07-06,0.033292589979186264
2005-07-07,0.3794891518220642
2005-07-08,0.0001245143959022342
2005-07-09,4.345342979114343
2005-07-10,14.10634290491969
2005-07-11,14.071313015827695
2005-07-12,3.2662987344432692
2005-07-13,18.826395344511933
2005-07-14,2.126758048080622
2005-07-15,8.93522617787387
2005-07-16,0.697240337965955
2005-07-17,2.583201961935057
2005-07-18,4.324487250148642
2005-07-19,0.38067248083085226
2005-07-20,5.253513519145397
2005-07-21,5.691655254023637
2005-07-22,4.407037192071152
2005-07-23,0.21289903805269583
2005-07-24,0.0005487303884533066
2005-07-25,0.018100890223670157
2005-07-26,0.0385924663559094
2005-07-27,0.013286856888298717
2005-07-28,0.027039783231343803
2005-07-29,3.7659732731042497
2005-07-30,17.43609248224511
2005-07-31,6.467094952348064
2005-08-01,21.648122783631532
2005-08-02,3.07263583956531
2005-08-03,0.22811775289552402
2005-08-04,0.2393571226695405
2005-08-05,0.34704826064060107
2005-08-06,6.321891226700831
2005-08-07,4.34430836415036
2005-08-08,2.65397951103031
2005-08-09,4.051466782512458
2005-08-10,10.303749709856927
2005-08-11,4.847677606310177
2005-08-12,2.5465064475961436
2005-08-13,1.7600576310595584
2005-08-14,0.631489410571724
2005-08-15,1.3264494737302228
2005-08-16,2.512760997495166
2005-08-17,0.9028050006673092
2005-08-18,7.357953405694396
2005-08-19,13.773627966980538
2005-08-20,0.9038451152007267
2005-08-21,0.817274450705561
2005-08-22,5.129766416138414
2005-08-23,9.896063750611605
2005-08-24,3.012130341284406
2005-08-25,6.973445843303172
2005-08-26,0.5414158610903905
2005-08-27,1.7532918907920352
2005-08-28,6.595184414862446
2005-08-29,6.723071348601133
2005-08-30,3.460638555749373
2005-08-31,2.2858385720943195
2005-09-01,1.4562542706482748
2005-09-02,0.0
2005-09-03,0.0
2005-09-04,0.0
2005-09-05,0.0
2005-09-06,1.2022898608814223
2005-09-07,0.10482554174163942
2005-09-08,0.0
2005-09-09,0.0
2005-09-10,0.0
2005-09-11,0.3420600915245586
2005-09-12,0.3420600915245586
2005-09-13,0.3420600915245586
2005-09-14,0.3420600915245586
2005-09-15,0.3420600915245586
2005-09-16,1.2084065887998556
2005-09-17,0.01079039648262164
2005-09-18,0.0720044735399823
2005-09-19,0.00661568147306932
2005-09-20,0.005742500313316579
2005-09-21,0.278581609032915
2005-09-22,1.2256929775725514
2005-09-23,0.13380931050077768
2005-09-24,0.04140550044780126
2005-09-25,0.02687521578839274
2005-09-26,0.06885465102358915
2005-09-27,0.6656070360189225
2005-09-28,0.6860013744998297
2005-09-29,0.6006254538449401
2005-09-30,0.36493172235975163
2005-10-01,0.06841941464924184
2005-10-02,0.5463121437443993
2005-10-03,0.23893293031429977
2005-10-04,0.24124938180128003
2005-10-05,8.38856826628235
2005-10-06,29.281877503429694
2005-10-07,17.31243029945348
2005-10-08,0.6437795817990413
2005-10-09,0.30926178546455113
2005-10-10,0.43924373800704264
2005-10-11,0.3706735848332965
2005-10-12,0.853095921908018
2005-10-13,0.07796630931849052
2005-10-14,0.002765577749190753
2005-10-15,0.0
2005-10-16,0.023707055122479698
2005-10-17,0.023707055122479698
2005-10-18,0.023707055122479698
2005-10-19,0.023707055122479698
2005-10-20,0.023707055122479698
2005-10-21,1.7062386304725736
2005-10-22,0.0006386055547270245
2005-10-23,0.0
2005-10-24,0.018607504645836704
2005-10-25,0.0
2005-10-26,0.07442951420270073
2005-10-27,0.07442951420270073
2005-10-28,0.07442951420270073
2005-10-29,0.07442951420270073
2005-10-30,0.07442951420270073
2005-10-31,0.07442951420270073
2005-11-01,2.107806988855057
2005-11-02,0.050023146212144265
2005-11-03,0.0
2005-11-04,0.0
2005-11-05,0.0
2005-11-06,0.1105177459275372
2005-11-07,0.028290991855804973
2005-11-08,0.028290991855804973
2005-11-09,0.028290991855804973
2005-11-10,0.028290991855804973
2005-11-11,0.0
2005-11-12,0.0
2005-11-13,0.0
2005-11-14,0.0
2005-11-15,0.18927334821786537
2005-11-16,1.1589644249328215
2005-11-17,0.02753623960464868
2005-11-18,0.0
2005-11-19,0.0
2005-11-20,0.2796319222915996
2005-11-21,42.71685587678571
2005-11-22,0.10657285702981653
2005-11-23,0.0
2005-11-24,0.0
2005-11-25,0.0
2005-11-26,0.0
2005-11-27,2.9690972489738856
2005-11-28,8.702157907784919
2005-11-29,4.971710577223308
2005-11-30,0.0
2005-12-01,0.0
2005-12-02,0.0
2005-12-03,0.0
2005-12-04,1.427323579702292
2005-12-05,8.273911982790944
2005-12-06,3.8062013861489996
2005-12-07,0.0
2005-12-08,44.21636128698445
2005-12-09,20.664807904781522
2005-12-10,0.0
2005-12-11,0.0
2005-12-12,0.0
2005-12-13,0.0
2005-12-14,0.0
2005-12-15,6.870231635542912
2005-12-16,0.0791096608672488
2005-12-17,8.300669666983529
2005-12-18,30.875053779221503
2005-12-19,0.0011202867712158985
2005-12-20,0.0
2005-12-21,0.004849030510777379
2005-12-22,0.0
2005-12-23,0.0
2005-12-24,0.001969134361712012
2005-12-25,12.93183587324442
2005-12-26,5.039859041160532e-05
2005-12-27,0.0
2005-12-28,5.914156072867522
2005-12-29,4.120647171756119
2005-12-30,0.0
2005-12-31,0.4793382960496716
2006-01-01,13.934099256766736
2006-01-02,70.96260500628242
2006-01-03,1.8845661005242171
2006-01-04,0.0
2006-01-05,0.0
2006-01-06,0.0076345016160804255
2006-01-07,0.16504709275129054
2006-01-08,0.0
2006-01-09,0.24503865018336343
2006-01-10,0.0025161596827979337
2006-01-11,1.8818266310269758
2006-01-12,0.5731952296881964
2006-01-13,4.19673272791745
2006-01-14,5.880625356309085
2006-01-15,0.0
2006-01-16,0.0
2006-01-17,0.06306909733863023
2006-01-18,9.345376179113503
2006-01-19,0.0
2006-01-20,0.0
2006-01-21,0.0
2006-01-22,0.0
2006-01-23,0.0
2006-01-24,0.0
2006-01-25,0.0
2006-01-26,0.0
2006-01-27,0.0
2006-01-28,0.0
2006-01-29,12.20755648879913
2006-01-30,6.165587094240171
2006-01-31,10.243847438767862
2006-02-01,0.0
2006-02-02,33.36067724624955
2006-02-03,21.04462711966097
2006-02-04,10.250658072855037
2006-02-05,0.0
2006-02-06,0.002378270403156026
2006-02-07,3.921835874639063
2006-02-08,0.0
2006-02-09,0.0018620223422415702
2006-02-10,0.0
2006-02-11,31.18490761390657
2006-02-12,0.022072972120066148
2006-02-13,0.0
2006-02-14,0.0
2006-02-15,0.0
2006-02-16,0.0
2006-02-17,0.0
2006-02-18,0.7815988821946961
2006-02-19,0.9245618927745518
2006-02-20,1.118369147052277
2006-02-21,0.30513145556695437
2006-02-22,0.0747327909859752
2006-02-23,0.9300443909972311
2006-02-24,0.0
2006-02-25,7.962832931978177
2006-02-26,42.182964007726085
2006-02-27,0.0
2006-02-28,0.0
2006-03-01,0.0
2006-03-02,0.0
2006-03-03,0.0
2006-03-04,0.0
2006-03-05,0.0
2006-03-06,2.960747017977887
2006-03-07,0.0
2006-03-08,0.0
2006-03-09,0.0
2006-03-10,2.8707932360968593
2006-03-11,0.0034113614001844406
2006-03-12,0.0
2006-03-13,0.0
2006-03-14,5.700828964348597
2006-03-15,0.0
2006-03-16,1.0173525324405202
2006-03-17,0.014662770220732068
2006-03-18,4.7638716350755915e-05
2006-03-19,0.13797120754201916
2006-03-20,1.673266424765942
2006-03-21,6.514189825850429
2006-03-22,0.0
2006-03-23,3.1779882590332247
2006-03-24,3.0818474744286384
2006-03-25,0.0
2006-03-26,0.0
2006-03-27,0.0
2006-03-28,0.0
2006-03-29,0.0
2006-03-30,0.0
2006-03-31,0.0
2006-04-01,0.0
2006-04-02,0.0
2006-04-03,0.0
2006-04-04,0.0
2006-04-05,0.0
2006-04-06,0.0
2006-04-07,0.0
2006-04-08,19.110529926648734
2006-04-09,2.002514997672912
2006-04-10,0.0
2006-04-11,0.0
2006-04-12,0.0
2006-04-13,0.0
2006-04-14,0.0
2006-04-15,0.0
2006-04-16,0.0
2006-04-17,0.2639720124297299
2006-04-18,1.8119228151996951
2006-04-19,2.5379391141752845
2006-04-20,0.2530629898982343
2006-04-21,0.03235332818989454
2006-04-22,0.5745058134488806
2006-04-23,0.015906431036949317
2006-04-24,0.0
2006-04-25,0.0
2006-04-26,9.578463071075333
2006-04-27,7.69386879649049
2006-04-28,0.0
2006-04-29,5.113754857677538e-06
2006-04-30,0.931338030571329
2006-05-01,0.1633219523379073
2006-05-02,0.0
2006-05-03,0.08448537414927353
2006-05-04,0.16168550227220105
2006-05-05,1.6928974960035639
2006-05-06,3.0849915616448134
2006-05-07,6.338989041099576
2006-05-08,2.5981752186886413
2006-05-09,0.1262906551152275
2006-05-10,2.628987651369418
2006-05-11,30.33586180275914
2006-05-12,0.0
2006-05-13,0.001334624639005748
2006-05-14,2.0459381721562857
2006-05-15,2.6428167551372823
2006-05-16,0.001374205471343937
2006-05-17,1.0098406888674587
2006-05-18,0.0
2006-05-19,0.0003419831387493652
2006-05-20,0.07564487746479713
2006-05-21,0.0
2006-05-22,0.0
2006-05-23,0.02902022935938407
2006-05-24,0.008636648580239917
2006-05-25,0.06565265626177236
2006-05-26,0.9872548348512443
2006-05-27,0.5044503186767161
2006-05-28,5.466370039673991
2006-05-29,0.001082899713132203
2006-05-30,0.0
2006-05-31,0.15307529799923553
2006-06-01,2.6231979895296273
2006-06-02,0.8450180790830573
2006-06-03,11.031684239398542
2006-06-04,0.0
2006-06-05,0.0003083511728488255
2006-06-06,0.1261835969116206
2006-06-07,0.1261835969116206
2006-06-08,0.1428203816682121
2006-06-09,0.1261835969116206
2006-06-10,0.1261835969116206
2006-06-11,0.26489541891960355
2006-06-12,0.06895784944817406
2006-06-13,26.688266064496744
2006-06-14,12.764119102954789
2006-06-15,0.00022186210824936238
2006-06-16,0.0
2006-06-17,0.0
2006-06-18,0.0
2006-06-19,0.0
2006-06-20,0.0
2006-06-21,0.012631057427616728
2006-06-22,0.08283752461048705
2006-06-23,0.005705446626335777
2006-06-24,0.0372928065426843
2006-06-25,0.6715832226581773
2006-06-26,14.668747853431828
2006-06-27,2.2658182998741005
2006-06-28,6.044882530173622
2006-06-29,3.6459337143926107
2006-06-30,0.0
2006-07-01,0.225433595860715
2006-07-02,0.2552339891616652
2006-07-03,0.4408458437750459
2006-07-04,0.2215476994023235
2006-07-05,0.2215476994023235
2006-07-06,0.1754878733835939
2006-07-07,15.163243585650699
2006-07-08,0.0
2006-07-09,0.0
2006-07-10,0.0
2006-07-11,0.0
2006-07-12,0.0
2006-07-13,0.0
2006-07-14,0.0
2006-07-15,0.0
2006-07-16,2.029899682878439
2006-07-17,2.1961097849343507
2006-07-18,0.028468909681478215
2006-07-19,0.38498346416325707
2006-07-20,0.10552946902485483
2006-07-21,0.008979783251220131
2006-07-22,2.584306492541382
2006-07-23,10.16257494203879
2006-07-24,12.100916975186095
2006-07-25,2.6429729782105458
2006-07-26,0.8151485125839285
2006-07-27,0.025960692252457274
2006-07-28,0.10515582129200896
2006-07-29,4.822607853026802
2006-07-30,11.205500921915736
2006-07-31,0.7576206849858886
2006-08-01,0.5970678592187985
2006-08-02,0.3206594674220268
2006-08-03,1.8773179951521743
2006-08-04,4.405111124269101
2006-08-05,13.857396225917181
2006-08-06,0.7409513680007735
2006-08-07,0.9126327013520478
2006-08-08,0.5814139630211187
2006-08-09,10.258591412961195
2006-08-10,12.510024485196261
2006-08-11,5.659556496300629
2006-08-12,2.5198272864742264
2006-08-13,0.7526881165805976
2006-08-14,0.17251574574478906
2006-08-15,0.03191609575687262
2006-08-16,0.04470119511938453
2006-08-17,0.20975191369300683
2006-08-18,0.047310271636190324
2006-08-19,0.089059173010653
2006-08-20,0.03245112020818326
2006-08-21,2.3822216403820864
2006-08-22,9.665747416698727
2006-08-23,15.458797852215351
2006-08-24,10.061249667885338
2006-08-25,9.874398724947916
2006-08-26,2.006941055107597
2006-08-27,1.9589218624593363
2006-08-28,0.18219597100382834
2006-08-29,5.988707952406313
2006-08-30,26.809977641210452
2006-08-31,20.082083236217045
2006-09-01,0.4104297408355496
2006-09-02,0.9359175192243352
2006-09-03,1.396910955905422
2006-09-04,0.30621686856714375
2006-09-05,0.466456458713661
2006-09-06,6.714962166541818
2006-09-07,12.779519739384538
2006-09-08,11.97463814920225
2006-09-09,0.1891438450711346
2006-09-10,0.285408088839807
2006-09-11,5.780522571421066e-05
2006-09-12,0.3741474404603274
2006-09-13,5.980539249978148
2006-09-14,0.4132320169511616
2006-09-15,0.0
2006-09-16,1.1496812572527822e-05
2006-09-17,0.38328207637842826
2006-09-18,3.5481282963141587
2006-09-19,3.6967676125339226
2006-09-20,0.001678430684242123
2006-09-21,0.0
2006-09-22,0.012194292387243266
2006-09-23,0.23126234145453356
2006-09-24,0.2746608681307142
2006-09-25,1.197122220879419
2006-09-26,0.15458647663387134
2006-09-27,0.15458647663387134
2006-09-28,0.15458647663387134
2006-09-29,0.4941798037085012
2006-09-30,0.15458647663387134
2006-10-01,0.53015898892681
2006-10-02,0.19725604867468188
2006-10-03,0.19725604867468188
2006-10-04,0.19725604867468188
2006-10-05,0.19725604867468188
2006-10-06,0.014348302862679152
2006-10-07,0.02273059602759462
2006-10-08,0.16284570193745743
2006-10-09,0.12868268803636926
2006-10-10,0.0008118974121433675
2006-10-11,0.8699402556023623
2006-10-12,8.27141272368321
2006-10-13,0.1709124611502723
2006-10-14,0.0
2006-10-15,0.0
2006-10-16,0.0017554739458072789
2006-10-17,4.897403536780458
2006-10-18,17.356723973258415
2006-10-19,0.00122689832067407
2006-10-20,0.23133064773154258
2006-10-21,0.0
2006-10-22,9.677171497338891
2006-10-23,1.8821164142401102e-05
2006-10-24,0.0
2006-10-25,0.0
2006-10-26,0.5255544755771111
2006-10-27,9.80609215262351
2006-10-28,9.513174007799716
2006-10-29,0.0
2006-10-30,0.0
2006-10-31,0.0
2006-11-01,0.18664822527238767
2006-11-02,0.18664822527238767
2006-11-03,0.18664822527238767
2006-11-04,0.18664822527238767
2006-11-05,0.18664822527238767
2006-11-06,0.027450249810452215
2006-11-07,20.04049908604256
2006-11-08,8.348755119182115
2006-11-09,0.0
2006-11-10,0.0
2006-11-11,0.009144333385143087
2006-11-12,7.680495258073119
2006-11-13,0.0
2006-11-14,0.0007592811177712235
2006-11-15,0.36430965939356125
2006-11-16,35.9482551175958
2006-11-17,0.0006253633726142169
2006-11-18,0.0
2006-11-19,0.0
2006-11-20,0.5346332479166472
2006-11-21,0.8723473372936802
2006-11-22,9.511434900482369
2006-11-23,0.015181203081994965
2006-11-24,0.0
2006-11-25,0.0
2006-11-26,0.0
2006-11-27,0.00971454164564827
2006-11-28,0.18263313282432692
2006-11-29,0.825421355252775
2006-11-30,0.4429582098492268
2006-12-01,0.09091063193012719
2006-12-02,0.0
2006-12-03,0.10002394813830245
2006-12-04,0.002937400170396381
2006-12-05,0.0
2006-12-06,0.15936069330407857
2006-12-07,3.316710894892429
2006-12-08,0.15936069330407857
2006-12-09,0.15936069330407857
2006-12-10,0.15936069330407857
2006-12-11,0.0
2006-12-12,0.025762660089024805
2006-12-13,0.10607428248122511
2006-12-14,0.01828949642116237
2006-12-15,0.009805308693107345
2006-12-16,0.0
2006-12-17,0.09362734678039285
2006-12-18,0.8229783866380906
2006-12-19,0.0
2006-12-20,0.0029187102139733878
2006-12-21,6.380199773038723
2006-12-22,26.01262881879391
2006-12-23,0.5433500374019682
2006-12-24,0.025424248940782525
2006-12-25,52.52508761111222
2006-12-26,1.4537689879325653e-06
2006-12-27,0.0
2006-12-28,0.0
2006-12-29,0.036170927233271345
2006-12-30,6.227286138474025
2006-12-31,6.3409605976683485
2007-01-01,22.82697383195526
2007-01-02,0.0
2007-01-03,0.5626869171151782
2007-01-04,0.3139275356914774
2007-01-05,14.841227311732618
2007-01-06,0.2099753857656233
2007-01-07,1.0478382353156137
2007-01-08,1.3833053566967222
2007-01-09,0.0
2007-01-10,0.0
2007-01-11,0.0
2007-01-12,0.0013206360625213954
2007-01-13,0.004709156201279276
2007-01-14,0.011510947944894835
2007-01-15,0.03553227683227526
2007-01-16,2.4392633390121325
2007-01-17,1.984170369578116
2007-01-18,9.089285306457056
2007-01-19,1.384461030734032
2007-01-20,0.0
2007-01-21,0.20943648026679093
2007-01-22,25.41357266322743
2007-01-23,1.7334704360200635
2007-01-24,0.0
2007-01-25,0.0
2007-01-26,0.0
2007-01-27,0.0
2007-01-28,22.633586175148864
2007-01-29,0.0
2007-01-30,0.0
2007-01-31,0.00026939634508789883
2007-02-01,20.68511419010812
2007-02-02,23.15645427555148
2007-02-03,0.0007768865484137232
2007-02-04,0.0
2007-02-05,0.0
2007-02-06,0.0
2007-02-07,0.0
2007-02-08,0.0
2007-02-09,0.9591125212119217
2007-02-10,1.549557439300166
2007-02-11,0.0
2007-02-12,0.6922723941090667
2007-02-13,15.754765641537567
2007-02-14,0.29256712325737844
2007-02-15,0.0
2007-02-16,0.0
2007-02-17,0.0
2007-02-18,0.46020798413713804
2007-02-19,0.0
2007-02-20,0.06812200984850826
2007-02-21,5.975781883221554
2007-02-22,0.3149543478026456
2007-02-23,0.0
2007-02-24,0.0
2007-02-25,5.896149598059649
2007-02-26,0.6989159684865083
2007-02-27,0.6082387713234721
2007-02-28,0.6082387713234721
2007-03-01,13.526615630600265
2007-03-02,26.94836687383478
2007-03-03,0.0
2007-03-04,0.0
2007-03-05,0.0
2007-03-06,0.0
2007-03-07,0.0
2007-03-08,0.0
2007-03-09,0.0
2007-03-10,0.0
2007-03-11,9.848654168630076e-05
2007-03-12,0.0
2007-03-13,0.0
2007-03-14,0.0036529334340870473
2007-03-15,0.10500491494661524
2007-03-16,1.713501645044308
2007-03-17,0.0
2007-03-18,0.0
2007-03-19,0.0
2007-03-20,0.0
2007-03-21,0.0
2007-03-22,0.0
2007-03-23,0.0
2007-03-24,0.0
2007-03-25,0.0
2007-03-26,0.0
2007-03-27,0.0
2007-03-28,0.0
2007-03-29,0.0
2007-03-30,0.0
2007-03-31,0.0
2007-04-01,5.199385503906328
2007-04-02,1.9082562209266505
2007-04-03,0.4024970608912514
2007-04-04,0.07394154502641209
2007-04-05,0.0
2007-04-06,0.0
2007-04-07,0.0
2007-04-08,0.0
2007-04-09,0.0
2007-04-10,0.0
2007-04-11,1.5992850804882475
2007-04-12,2.315613600824451
2007-04-13,0.0
2007-04-14,0.608693529819588
2007-04-15,37.75109066157825
2007-04-16,0.0
2007-04-17,0.0
2007-04-18,0.0
2007-04-19,0.0
2007-04-20,0.0
2007-04-21,0.0
2007-04-22,0.0
2007-04-23,0.0
2007-04-24,0.0
2007-04-25,0.0
2007-04-26,0.0
2007-04-27,7.694259492163944
2007-04-28,0.0
2007-04-29,0.0
2007-04-30,0.0
2007-05-01,0.0
2007-05-02,0.0
2007-05-03,0.004523245319418237
2007-05-04,0.0015080853194723931
2007-05-05,0.652410143403768
2007-05-06,3.3134932016041505
2007-05-07,0.0
2007-05-08,0.0013581766861312126
2007-05-09,0.38107371883131885
2007-05-10,0.0005359594126157243
2007-05-11,0.0020966047992758154
2007-05-12,0.04010452367796965
2007-05-13,1.9036644726468128
2007-05-14,0.0015768555869452641
2007-05-15,0.10868027770647883
2007-05-16,0.02527931135136743
2007-05-17,0.6595943031645405
2007-05-18,1.2429067095503177
2007-05-19,0.0
2007-05-20,0.0
2007-05-21,0.0
2007-05-22,0.0
2007-05-23,0.0
2007-05-24,0.0
2007-05-25,0.0
2007-05-26,0.0
2007-05-27,5.522464337250501e-05
2007-05-28,0.0014824030699457345
2007-05-29,0.00012048680963849246
2007-05-30,0.0
2007-05-31,0.004216076916780641
2007-06-01,0.1268059579805039
2007-06-02,60.81387610980285
2007-06-03,44.36249280865867
2007-06-04,1.5828218299296488
2007-06-05,7.696208834315857
2007-06-06,9.644384901038276
2007-06-07,4.105738713084196
2007-06-08,0.062272906525398165
2007-06-09,4.7680346235858355
2007-06-10,0.39832793857107407
2007-06-11,0.79279920565212
2007-06-12,6.118672615502507
2007-06-13,1.3463720254908993
2007-06-14,0.010161384097509898
2007-06-15,0.7998528906609117
2007-06-16,0.20358524779322693
2007-06-17,0.13098741545846693
2007-06-18,0.025971426284771247
2007-06-19,7.29615858085386
2007-06-20,4.839003168664413
2007-06-21,2.0284973812626963
2007-06-22,0.0
2007-06-23,0.0
2007-06-24,0.0
2007-06-25,0.0006748639527814367
2007-06-26,1.071843358673142
2007-06-27,1.6395669619869404
2007-06-28,0.4665560321572393
2007-06-29,1.025144110619038
2007-06-30,1.6574981445915447
2007-07-01,10.964610982656808
2007-07-02,27.906431006075564
2007-07-03,3.8400860035185715
2007-07-04,0.0012737783195633859
2007-07-05,0.0006169782664213092
2007-07-06,2.7939336289648256e-05
2007-07-07,0.8109835795819363
2007-07-08,9.12927806242218
2007-07-09,1.306145978208795
2007-07-10,0.563474353764061
2007-07-11,5.324460673379035
2007-07-12,0.16092493933855975
2007-07-13,0.03866294652690886
2007-07-14,18.55262480825746
2007-07-15,8.462605344446807
2007-07-16,0.34783225555545616
2007-07-17,1.8534068894719482
2007-07-18,1.2613004179779752
2007-07-19,8.26074811892381
2007-07-20,3.320922498189308
2007-07-21,0.18325541131769907
2007-07-22,1.3949166321650701
2007-07-23,0.0
2007-07-24,1.6393155663629455
2007-07-25,2.2313554233822166
2007-07-26,1.8056266555655498
2007-07-27,1.616137217779223
2007-07-28,12.29615616193807
2007-07-29,4.2751156165641815
2007-07-30,9.597685323670676
2007-07-31,2.8417685465668
2007-08-01,0.04053637182473112
2007-08-02,0.07804423989369728
2007-08-03,1.8218840717138678
2007-08-04,0.012005083955954243
2007-08-05,0.018974209705188313
2007-08-06,3.5147711985366463
2007-08-07,1.5344309793847073
2007-08-08,0.15136535666029438
2007-08-09,4.71509477575629
2007-08-10,2.4490799750908425
2007-08-11,4.500464272927286
2007-08-12,25.923330772648644
2007-08-13,4.74750910762868
2007-08-14,0.038879784245120626
2007-08-15,0.003155544034431403
2007-08-16,0.7073527760429985
2007-08-17,3.833229002834304
2007-08-18,13.40512738573413
2007-08-19,0.15341502803405788
2007-08-20,0.0
2007-08-21,0.005462486011941687
2007-08-22,0.37824374074107253
2007-08-23,10.559601003978363
2007-08-24,7.666764009594768
2007-08-25,18.965775741200936
2007-08-26,6.439385786413473
2007-08-27,5.952728588144902
2007-08-28,2.988322417794943
2007-08-29,10.357190634335879
2007-08-30,5.68905121750957
2007-08-31,33.46798476674259
2007-09-01,15.131334621698333
2007-09-02,1.9949234164998122
2007-09-03,0.004477144652815266
2007-09-04,0.0
2007-09-05,0.0
2007-09-06,0.6624111837455431
2007-09-07,0.46895564848145005
2007-09-08,0.0
2007-09-09,0.0
2007-09-10,0.09018038712462886
2007-09-11,0.6883426940766044
2007-09-12,8.775139531503765
2007-09-13,6.802397835892129
2007-09-14,6.081851471082589
2007-09-15,0.4354607716926333
2007-09-16,0.01938339303679797
2007-09-17,0.08393104257236739
2007-09-18,0.0
2007-09-19,0.0
2007-09-20,3.0135891544567315
2007-09-21,5.728458418339239
2007-09-22,8.164853735063383
2007-09-23,8.16881748371175
2007-09-24,0.6417705625666803
2007-09-25,0.0054098736883105075
2007-09-26,4.1122502983236755
2007-09-27,2.042080207570613
2007-09-28,1.2951852041481502
2007-09-29,0.0
2007-09-30,0.0
2007-10-01,0.0007414823286525757
2007-10-02,0.05033483015340608
2007-10-03,10.27729564561286
2007-10-04,11.043734633564242
2007-10-05,5.0529858250230015
2007-10-06,0.30654038803081624
2007-10-07,0.16414764066541654
2007-10-08,0.05202543583896742
2007-10-09,0.00014053834880363666
2007-10-10,0.1600259530903455
2007-10-11,0.0
2007-10-12,0.0
2007-10-13,0.0
2007-10-14,0.0
2007-10-15,0.8763890239644541
2007-10-16,0.047820433216632256
2007-10-17,9.893668912448198e-05
2007-10-18,2.8588496622127786
2007-10-19,13.433506998198121
2007-10-20,0.0
2007-10-21,0.0
2007-10-22,1.2499183339272426
2007-10-23,0.26026903704778204
2007-10-24,1.0346125371910564
2007-10-25,0.04867398901266626
2007-10-26,0.048458167059282874
2007-10-27,0.0
2007-10-28,0.0
2007-10-29,0.0
2007-10-30,0.0756673117339378
2007-10-31,2.572581071759323
2007-11-01,0.1985074421455766
2007-11-02,0.1985074421455766
2007-11-03,0.1985074421455766
2007-11-04,0.1985074421455766
2007-11-05,0.1985074421455766
2007-11-06,0.1668600043779027
2007-11-07,0.020869257154769626
2007-11-08,0.020869257154769626
2007-11-09,0.020869257154769626
2007-11-10,0.020869257154769626
2007-11-11,0.0
2007-11-12,0.0
2007-11-13,0.0
2007-11-14,0.00019011007591594696
2007-11-15,0.2305274957687631
2007-11-16,0.0
2007-11-17,0.0
2007-11-18,0.004470767895761853
2007-11-19,2.5975961866232416e-05
2007-11-20,0.0
2007-11-21,0.07798214580193571
2007-11-22,8.40788748166722
2007-11-23,0.029625689074023284
2007-11-24,0.0
2007-11-25,0.07820443131538232
2007-11-26,6.9292611173821586
2007-11-27,4.419097000500886
2007-11-28,0.0
2007-11-29,1.743805368336865
2007-11-30,0.0
2007-12-01,0.0
2007-12-02,0.07538690366181888
2007-12-03,3.4303750383110443
2007-12-04,0.0
2007-12-05,0.0
2007-12-06,0.059535065865738764
2007-12-07,0.059535065865738764
2007-12-08,0.11082322824391536
2007-12-09,0.059535065865738764
2007-12-10,1.0077414472873698
2007-12-11,0.0
2007-12-12,0.002556106081749921
2007-12-13,0.028438898705533632
2007-12-14,0.0011077581436183444
2007-12-15,5.097400106867898
2007-12-16,35.813252495931465
2007-12-17,0.0
2007-12-18,0.059033820245558685
2007-12-19,0.0
2007-12-20,0.0
2007-12-21,19.98608072989972
2007-12-22,0.032080044491677666
2007-12-23,2.052192152180559
2007-12-24,0.0002181345655899013
2007-12-25,7.0512517583321745
2007-12-26,17.93884222171271
2007-12-27,1.0123359952049171
2007-12-28,4.956426494436149
2007-12-29,13.44265370428016
2007-12-30,35.74879327194
2007-12-31,5.313515261662811
2008-01-01,0.0
2008-01-02,0.0
2008-01-03,0.0
2008-01-04,0.0
2008-01-05,0.0
2008-01-06,0.003301043957158819
2008-01-07,0.001260601951837286
2008-01-08,0.537332968203513
2008-01-09,0.05392948542522982
2008-01-10,0.2521735931116158
2008-01-11,5.607873393528894
2008-01-12,2.472965502052424
2008-01-13,0.2090835741229516
2008-01-14,0.0
2008-01-15,0.0
2008-01-16,7.28920183192638
2008-01-17,26.376342190644337
2008-01-18,0.517620939313397
2008-01-19,35.838641643151206
2008-01-20,0.5691712924295025
2008-01-21,0.0
2008-01-22,0.0
2008-01-23,0.0
2008-01-24,0.0
2008-01-25,0.0
2008-01-26,3.631852950367268
2008-01-27,0.45197773537181635
2008-01-28,0.0
2008-01-29,0.0
2008-01-30,8.274385414307305
2008-01-31,0.6196686243995695
2008-02-01,3.0699019925406277
2008-02-02,0.0
2008-02-03,0.0
2008-02-04,0.0
2008-02-05,0.018794753597131446
2008-02-06,3.094391985068417
2008-02-07,6.126781341028749
2008-02-08,0.0
2008-02-09,0.0
2008-02-10,0.0
2008-02-11,0.0
2008-02-12,1.2530734958212188e-06
2008-02-13,10.132083359325044
2008-02-14,0.0
2008-02-15,0.0
2008-02-16,0.0
2008-02-17,0.013694892605166693
2008-02-18,58.70507537803423
2008-02-19,0.0
2008-02-20,0.0
2008-02-21,6.2296052393840435
2008-02-22,53.21308489639553
2008-02-23,10.312579020544204
2008-02-24,0.0
2008-02-25,0.0
2008-02-26,20.823750040739615
2008-02-27,0.0
2008-02-28,0.0
2008-02-29,0.0
2008-03-01,8.728505478562485e-05
2008-03-02,0.0
2008-03-03,0.0
2008-03-04,13.09745811460577
2008-03-05,0.009385292925420242
2008-03-06,0.0
2008-03-07,37.66553149566262
2008-03-08,0.11246226578454768
2008-03-09,0.0
2008-03-10,0.0
2008-03-11,1.238258836948467
2008-03-12,0.03655452978451695
2008-03-13,0.0
2008-03-14,1.0645762657983682
2008-03-15,1.5949454375231749
2008-03-16,3.698448714937302
2008-03-17,0.0
2008-03-18,0.024888161197704373
2008-03-19,0.6659694399254706
2008-03-20,4.507107302707258
2008-03-21,0.0
2008-03-22,0.0
2008-03-23,0.0
2008-03-24,0.0
2008-03-25,0.0
2008-03-26,0.0
2008-03-27,0.0
2008-03-28,0.0
2008-03-29,0.0
2008-03-30,0.0
2008-03-31,0.0
2008-04-01,0.3228488175419401
2008-04-02,0.3364785217298008
2008-04-03,3.0918848102175644
2008-04-04,3.3986413893620693
2008-04-05,28.073848384608745
2008-04-06,1.1541165409229717
2008-04-07,3.589500506243672
2008-04-08,0.0
2008-04-09,0.00044812876995890756
2008-04-10,0.0
2008-04-11,0.0
2008-04-12,0.0
2008-04-13,0.0
2008-04-14,0.0
2008-04-15,0.0
2008-04-16,0.0
2008-04-17,0.0
2008-04-18,0.0
2008-04-19,3.115650720295012
2008-04-20,0.0
2008-04-21,0.0
2008-04-22,0.0
2008-04-23,0.0
2008-04-24,0.0
2008-04-25,0.0
2008-04-26,0.7827983755424064
2008-04-27,4.255657420041456
2008-04-28,5.042732058220334
2008-04-29,0.025477112257010284
2008-04-30,0.0
2008-05-01,0.0
2008-05-02,0.0
2008-05-03,0.045505341147407966
2008-05-04,7.742884054052415
2008-05-05,0.0
2008-05-06,0.0
2008-05-07,0.0
2008-05-08,0.09624301497757107
2008-05-09,5.615876148387344
2008-05-10,0.2997230204926333
2008-05-11,57.019556896285366
2008-05-12,0.0
2008-05-13,0.0
2008-05-14,0.0
2008-05-15,0.060180597387996956
2008-05-16,10.766191064697939
2008-05-17,0.10657083824007296
2008-05-18,0.13961878773419936
2008-05-19,0.020712632000681405
2008-05-20,0.02322399184911318
2008-05-21,19.698124276719508
2008-05-22,4.686197336756216
2008-05-23,2.0245433241870265
2008-05-24,11.09159708171338
2008-05-25,0.10327048441065535
2008-05-26,0.0
2008-05-27,0.0
2008-05-28,0.0
2008-05-29,0.0
2008-05-30,0.0
2008-05-31,0.0
2008-06-01,0.8418833401171931
2008-06-02,5.055678570584139
2008-06-03,2.4632510438460913
2008-06-04,1.835211448415944
2008-06-05,0.04081363007051516
2008-06-06,0.4491280205317282
2008-06-07,0.007024662631969045
2008-06-08,0.11211595916050032
2008-06-09,0.8831278855757557
2008-06-10,0.23614765208641322
2008-06-11,1.014019710766497
2008-06-12,2.821169129200249
2008-06-13,0.10564779337754479
2008-06-14,0.7151691590745753
2008-06-15,6.993249448035758
2008-06-16,0.06986395852291327
2008-06-17,0.07788569549357628
2008-06-18,0.0002329760883798637
2008-06-19,0.0
2008-06-20,0.0
2008-06-21,0.36817638152945464
2008-06-22,1.3623302429021151
2008-06-23,11.851323477187993
2008-06-24,2.1192710974659351e-07
2008-06-25,0.7680004451027902
2008-06-26,2.864483876346062
2008-06-27,0.15145896622697394
2008-06-28,0.4837772170449391
2008-06-29,6.604457551754525
2008-06-30,0.5514081471191579
2008-07-01,0.006280439540778585
2008-07-02,0.0
2008-07-03,0.13070630118322024
2008-07-04,1.9859544309972197
2008-07-05,6.144069554129261
2008-07-06,25.496838430347577
2008-07-07,8.407137256087516
2008-07-08,2.93372019972772
2008-07-09,0.2606385384844796
2008-07-10,0.5100224421342666
2008-07-11,3.365273463224933
2008-07-12,4.212383662823346
2008-07-13,0.018197429880796617
2008-07-14,9.833201249144722
2008-07-15,5.3925630843730525
2008-07-16,0.0
2008-07-17,0.0
2008-07-18,0.0
2008-07-19,0.0
2008-07-20,0.0
2008-07-21,0.2647668097379616
2008-07-22,3.791401507139243
2008-07-23,17.391270004022946
2008-07-24,3.6880753024266117
2008-07-25,0.17613888179745732
2008-07-26,0.7451214691268927
2008-07-27,3.0796037408014656
2008-07-28,2.302083037674219
2008-07-29,1.720335777020048
2008-07-30,0.4454200638837945
2008-07-31,1.301459522877215
2008-08-01,0.5328895072070757
2008-08-02,1.1381134897334773
2008-08-03,2.652791500885568
2008-08-04,0.03151697068443653
2008-08-05,0.3079390188277629
2008-08-06,0.49867183765073647
2008-08-07,1.9505469959486128
2008-08-08,18.826180545756998
2008-08-09,2.136580089202963
2008-08-10,0.0036041933567094384
2008-08-11,0.5443886125197978
2008-08-12,4.782265172424406
2008-08-13,24.85973911707177
2008-08-14,0.5400044491130837
2008-08-15,0.20029637114569057
2008-08-16,0.44290455701589004
2008-08-17,3.976380298563992
2008-08-18,7.564294120463431
2008-08-19,3.785713302435532
2008-08-20,4.282375314883192
2008-08-21,4.366667576325316
2008-08-22,21.877925691641398
2008-08-23,38.43035813288393
2008-08-24,14.11653640273483
2008-08-25,13.488834132675287
2008-08-26,5.208064096157073
2008-08-27,3.6934384150669373
2008-08-28,0.04620397756908388
2008-08-29,0.06126261440244161
2008-08-30,0.6809092466719852
2008-08-31,3.485530320654079
2008-09-01,2.0607911638184673
2008-09-02,0.032638480327649724
2008-09-03,0.0
2008-09-04,0.0
2008-09-05,0.08957178322492851
2008-09-06,0.08649182867854521
2008-09-07,0.5436862213171171
2008-09-08,0.7879785327078719
2008-09-09,0.3275605815129821
2008-09-10,1.5887736068264133
2008-09-11,7.575483225914654
2008-09-12,2.5019474943997
2008-09-13,0.09365089249189787
2008-09-14,0.3496215609516149
2008-09-15,0.09414736451702482
2008-09-16,0.02496147011992036
2008-09-17,0.9206933733205509
2008-09-18,0.5159979598168053
2008-09-19,0.0
2008-09-20,0.09272148063378582
2008-09-21,0.09150169127353135
2008-09-22,4.618956067694398
2008-09-23,0.0
2008-09-24,0.0
2008-09-25,0.0
2008-09-26,0.0
2008-09-27,0.0
2008-09-28,1.1993035520631636
2008-09-29,0.15444685026610291
2008-09-30,0.0
2008-10-01,0.17977773962575108
2008-10-02,0.17977773962575108
2008-10-03,0.17977773962575108
2008-10-04,0.17977773962575108
2008-10-05,0.17977773962575108
2008-10-06,0.018855038001386014
2008-10-07,0.10082191521374226
2008-10-08,11.447373273536678
2008-10-09,10.445342310794862
2008-10-10,1.924519209767721
2008-10-11,0.9286823708404142
2008-10-12,2.1555645583306298
2008-10-13,0.2072145908120497
2008-10-14,0.0012933466690573073
2008-10-15,0.0
2008-10-16,9.183687330809017e-06
2008-10-17,0.0
2008-10-18,0.49593882294920355
2008-10-19,0.0
2008-10-20,0.0
2008-10-21,0.0
2008-10-22,0.0
2008-10-23,8.515348035520237e-05
2008-10-24,69.4288640111566
2008-10-25,2.5127421977427598
2008-10-26,0.08410556429613768
2008-10-27,0.08410556429613768
2008-10-28,0.08410556429613768
2008-10-29,0.08410556429613768
2008-10-30,0.08410556429613768
2008-10-31,0.08410556429613768
2008-11-01,0.0
2008-11-02,0.0
2008-11-03,0.6481469395964176
2008-11-04,0.13206451779866257
2008-11-05,0.04439136897895209
2008-11-06,0.0
2008-11-07,0.0
2008-11-08,0.22698023667871065
2008-11-09,0.0
2008-11-10,0.0
2008-11-11,0.0
2008-11-12,0.45962642234361484
2008-11-13,3.1094261765452873
2008-11-14,14.264724205448259
2008-11-15,6.906156337539908
2008-11-16,0.0007154432586003249
2008-11-17,0.0007154432586003249
2008-11-18,0.0007154432586003249
2008-11-19,0.0007154432586003249
2008-11-20,0.0007154432586003249
2008-11-21,0.0
2008-11-22,0.0
2008-11-23,0.0
2008-11-24,0.0
2008-11-25,0.4522112311401072
2008-11-26,0.0
2008-11-27,0.0
2008-11-28,5.0390031315493955
2008-11-29,11.842038147356458
2008-11-30,66.95896743620882
2008-12-01,0.0
2008-12-02,0.0
2008-12-03,0.0
2008-12-04,0.00333925828134703
2008-12-05,0.20060427764588235
2008-12-06,0.0035848479219782407
2008-12-07,0.0
2008-12-08,0.0
2008-12-09,0.19614997906709755
2008-12-10,12.449658657891463
2008-12-11,65.25963985507242
2008-12-12,8.858910166233647
2008-12-13,0.0
2008-12-14,0.5319887251281601
2008-12-15,1.9434633602560036
2008-12-16,0.03241882740019345
2008-12-17,0.002464460288134628
2008-12-18,0.025391395484913693
2008-12-19,0.030785714977370943
2008-12-20,0.7471876878962215
2008-12-21,0.0
2008-12-22,0.0
2008-12-23,0.0
2008-12-24,0.0
2008-12-25,0.0
2008-12-26,0.0
2008-12-27,0.0
2008-12-28,0.0
2008-12-29,0.0
2008-12-30,0.0
2008-12-31,0.0
2009-01-01,0.0
2009-01-02,0.11262509194561995
2009-01-03,1.6224215728597347
2009-01-04,2.864202805298564
2009-01-05,0.11081735415061726
2009-01-06,0.0320679966227109
2009-01-07,1.4107262798224907
2009-01-08,0.0
2009-01-09,0.0
2009-01-10,0.0
2009-01-11,13.897313426320611
2009-01-12,0.01750443161926096
2009-01-13,1.3686212967840026
2009-01-14,0.0
2009-01-15,0.0
2009-01-16,0.0
2009-01-17,0.0
2009-01-18,4.53777806287327
2009-01-19,0.0017268983433495276
2009-01-20,0.013347072343001965
2009-01-21,0.0
2009-01-22,0.0
2009-01-23,0.0
2009-01-24,0.0
2009-01-25,0.0
2009-01-26,0.22485625272365461
2009-01-27,0.004081648447905894
2009-01-28,1.590004424653217
2009-01-29,0.668516453883726
2009-01-30,0.0
2009-01-31,0.0
2009-02-01,0.0
2009-02-02,1.8737685083342606
2009-02-03,1.1883148586769139
2009-02-04,0.0
2009-02-05,0.0
2009-02-06,0.4215151616216149
2009-02-07,0.4215151616216149
2009-02-08,0.4215151616216149
2009-02-09,0.4215151616216149
2009-02-10,0.4215151616216149
2009-02-11,0.0
2009-02-12,0.4320512491806626
2009-02-13,0.0
2009-02-14,14.754375577044387
2009-02-15,0.04458102723427656
2009-02-16,0.04267062827643646
2009-02-17,0.0
2009-02-18,0.3385265212527574
2009-02-19,10.725669791878556
2009-02-20,0.0
2009-02-21,0.0
2009-02-22,0.28169075532517934
2009-02-23,0.0
2009-02-24,0.0
2009-02-25,1.9890843259092037
2009-02-26,0.0
2009-02-27,0.15962801745575175
2009-02-28,9.040671656045932
2009-03-01,33.98433241922209
2009-03-02,1.4332615469273222
2009-03-03,0.0
2009-03-04,0.0
2009-03-05,0.0
2009-03-06,0.0
2009-03-07,0.0
2009-03-08,0.0
2009-03-09,0.0
2009-03-10,0.0
2009-03-11,0.0
2009-03-12,8.959100289366567e-05
2009-03-13,0.5610092713734322
2009-03-14,0.9490569894753109
2009-03-15,2.733310060461551
2009-03-16,1.899377745817703
2009-03-17,1.030565670289992
2009-03-18,0.0
2009-03-19,0.014325846856710931
2009-03-20,0.0
2009-03-21,0.0
2009-03-22,0.0
2009-03-23,0.0021589429519613397
2009-03-24,0.082039321821939
2009-03-25,0.049279690336698705
2009-03-26,5.1872227417911745
2009-03-27,35.910133543277745
2009-03-28,40.63157667392583
2009-03-29,2.2297001788584523
2009-03-30,0.0
2009-03-31,29.111076003917766
2009-04-01,27.65667081451633
2009-04-02,77.04549686411232
2009-04-03,15.538494265627913
2009-04-04,0.0
2009-04-05,1.950405969271212
2009-04-06,1.053407140607296
2009-04-07,0.02585041001829968
2009-04-08,0.0
2009-04-09,0.0
2009-04-10,0.02212820584852671
2009-04-11,1.0588140893123996
2009-04-12,0.0
2009-04-13,41.698824995177404
2009-04-14,18.586098508626435
2009-04-15,0.0
2009-04-16,0.006955726195841838
2009-04-17,0.0
2009-04-18,0.0
2009-04-19,5.205744695057392e-05
2009-04-20,3.443777894654692
2009-04-21,0.0
2009-04-22,0.0
2009-04-23,0.0
2009-04-24,0.0
2009-04-25,0.0
2009-04-26,0.01910084252612761
2009-04-27,0.01910084252612761
2009-04-28,0.01910084252612761
2009-04-29,0.01910084252612761
2009-04-30,0.01910084252612761
2009-05-01,0.268577511174908
2009-05-02,0.42926875689905203
2009-05-03,0.07675308898464032
2009-05-04,2.4536251865408913
2009-05-05,9.963212098814044
2009-05-06,0.0005802433232213066
2009-05-07,3.2627671055016223
2009-05-08,0.4125397770675559
2009-05-09,0.0
2009-05-10,22.165573382394143
2009-05-11,7.910848109132638
2009-05-12,0.6774664830257919
2009-05-13,0.09704362847387907
2009-05-14,0.09414889757926119
2009-05-15,2.8034924019107876
2009-05-16,11.000266840950825
2009-05-17,53.3533722493803
2009-05-18,30.531553693681296
2009-05-19,3.5602812024885857
2009-05-20,1.900255336611116
2009-05-21,11.17855457141291
2009-05-22,14.724507300554237
2009-05-23,9.729977987385695
2009-05-24,6.535501866385816
2009-05-25,5.3513134750491265
2009-05-26,7.527656002304998
2009-05-27,5.780165527166111
2009-05-28,2.271734743420401
2009-05-29,3.5298934445650363
2009-05-30,0.03494856733774711
2009-05-31,0.0
2009-06-01,0.07136912659974129
2009-06-02,0.0
2009-06-03,0.8180546357137096
2009-06-04,19.195152764823426
2009-06-05,8.309810621804349
2009-06-06,10.096345124597233
2009-06-07,1.3536010498964783
2009-06-08,0.38912920758329544
2009-06-09,0.013629048131014272
2009-06-10,0.008984637712305624
2009-06-11,6.3241758399736785
2009-06-12,1.2843911112817976
2009-06-13,1.2434083469132318
2009-06-14,0.08584912363346708
2009-06-15,0.14289811213764994
2009-06-16,2.0956718655973714
2009-06-17,1.2276415463723704
2009-06-18,9.156025971347018
2009-06-19,0.2698353694258239
2009-06-20,0.0
2009-06-21,0.06094901539955406
2009-06-22,7.657590131744943
2009-06-23,0.1098528292070052
2009-06-24,0.0
2009-06-25,0.0764244168726483
2009-06-26,0.10654849985837701
2009-06-27,0.00020604352694862148
2009-06-28,0.08853850701438296
2009-06-29,0.5720798231997906
2009-06-30,0.00021329548261825676
2009-07-01,0.0
2009-07-02,0.10243436129735582
2009-07-03,0.0
2009-07-04,0.0
2009-07-05,2.0889809958822747
2009-07-06,5.901815864634727
2009-07-07,5.200978622118503
2009-07-08,4.109420257766245
2009-07-09,4.6164027937005825
2009-07-10,0.634138813749743
2009-07-11,0.0006543864506499513
2009-07-12,0.00011464881229840529
2009-07-13,0.12002092815534354
2009-07-14,0.018508889937202937
2009-07-15,0.014260344878210188
2009-07-16,5.371848594650631
2009-07-17,11.73252540068274
2009-07-18,0.2459765543394024
2009-07-19,6.312239665943984e-05
2009-07-20,0.024935124564604855
2009-07-21,0.05660371249042851
2009-07-22,0.0029519803013307033
2009-07-23,0.72935665356215
2009-07-24,2.117565117779077
2009-07-25,5.6319638927519386e-05
2009-07-26,0.037239467272091493
2009-07-27,0.4137348617524072
2009-07-28,1.2009879752827757
2009-07-29,2.0125436577889255
2009-07-30,1.3117237249700466
2009-07-31,6.440796533246884
2009-08-01,1.5866411252892136
2009-08-02,10.751343212071795
2009-08-03,19.909683097469635
2009-08-04,0.059891133632922866
2009-08-05,0.6717108320827173
2009-08-06,0.69842168506504
2009-08-07,0.2864967217184126
2009-08-08,0.13548056097274835
2009-08-09,0.0027678493156822115
2009-08-10,0.02324710013219763
2009-08-11,2.5248930989224734
2009-08-12,20.140324472010487
2009-08-13,1.7519893001716524
2009-08-14,0.9262894092007303
2009-08-15,5.972184369148656
2009-08-16,8.633179733733023
2009-08-17,3.0363470041156875
2009-08-18,0.9078577437369059
2009-08-19,8.09062561933587
2009-08-20,5.777875108139198
2009-08-21,7.628092986370575
2009-08-22,0.8555073000852644
2009-08-23,0.029455480937165476
2009-08-24,0.0
2009-08-25,0.09365633505590379
2009-08-26,3.334486283293278
2009-08-27,18.019298706009412
2009-08-28,6.86638992963996
2009-08-29,1.1441406596256836
2009-08-30,4.3234462643930005
2009-08-31,2.9004438157970043
2009-09-01,0.9797938631959685
2009-09-02,0.15318635028441288
2009-09-03,0.001202051853336573
2009-09-04,8.804309399413111e-08
2009-09-05,0.0
2009-09-06,0.0
2009-09-07,0.4909511694411528
2009-09-08,0.0
2009-09-09,3.1739715655971774
2009-09-10,2.9868814745008057
2009-09-11,0.03258633420640554
2009-09-12,0.014147559141212717
2009-09-13,2.985478305412363
2009-09-14,0.1943538911474971
2009-09-15,1.1867467726090442
2009-09-16,7.5986518402575305
2009-09-17,25.11442492046872
2009-09-18,9.797439703849195
2009-09-19,6.695669285139138
2009-09-20,11.35845201685919
2009-09-21,7.433855342938798
2009-09-22,0.0
2009-09-23,2.793830181807518
2009-09-24,0.6486952031287863
2009-09-25,0.0003969444704882131
2009-09-26,0.32887589280213636
2009-09-27,3.7515219537097
2009-09-28,1.1699766961489197
2009-09-29,0.11632338489662636
2009-09-30,0.0
2009-10-01,0.0
2009-10-02,0.00023918662426201216
2009-10-03,0.01665851471340147
2009-10-04,0.0
2009-10-05,15.743936009389499
2009-10-06,0.10381152880370753
2009-10-07,0.0992774376411031
2009-10-08,0.0
2009-10-09,0.018968744875837936
2009-10-10,0.7717931037689368
2009-10-11,0.039513647358060726
2009-10-12,2.5986903058088746
2009-10-13,0.024975266769242038
2009-10-14,28.358741351712084
2009-10-15,3.2748567273402176
2009-10-16,24.15796903061681
2009-10-17,0.8456911868766627
2009-10-18,0.49464790099873485
2009-10-19,0.0
2009-10-20,0.0
2009-10-21,0.0
2009-10-22,0.0
2009-10-23,0.008368907774279101
2009-10-24,1.4753626937328002
2009-10-25,0.0
2009-10-26,0.3887608081707927
2009-10-27,17.13703344393391
2009-10-28,2.6476295504733787
2009-10-29,0.0
2009-10-30,0.07062207161604442
2009-10-31,1.803370538445065
2009-11-01,2.905020381545513
2009-11-02,0.049220593378924066
2009-11-03,0.0
2009-11-04,0.0
2009-11-05,0.0
2009-11-06,0.0
2009-11-07,0.0
2009-11-08,0.0
2009-11-09,0.1052693739708075
2009-11-10,25.431381617958227
2009-11-11,1.6557945942353638
2009-11-12,0.003206400800869885
2009-11-13,0.0
2009-11-14,0.0
2009-11-15,0.0
2009-11-16,0.0
2009-11-17,0.03127064799766503
2009-11-18,0.8732917776338186
2009-11-19,0.08398614681486928
2009-11-20,0.0
2009-11-21,0.00025693977302700024
2009-11-22,43.77691028583626
2009-11-23,1.413452394354378
2009-11-24,0.8038855412494574
2009-11-25,0.5364734949426444
2009-11-26,0.0
2009-11-27,0.0
2009-11-28,0.0
2009-11-29,0.0
2009-11-30,1.7628118694935144
2009-12-01,1.8400350065112365
2009-12-02,65.39065330853045
2009-12-03,6.161510386666789
2009-12-04,1.8466760487576355
2009-12-05,2.1275621189326195
2009-12-06,0.0
2009-12-07,0.8310641841432345
2009-12-08,10.420329861217333
2009-12-09,5.856432539377469
2009-12-10,0.6104482400338054
2009-12-11,4.690548418006981
2009-12-12,18.907945201368566
2009-12-13,42.86871035807939
2009-12-14,14.358329437789344
2009-12-15,33.95733635414075
2009-12-16,0.9223977015398522
2009-12-17,0.0
2009-12-18,41.80732585950808
2009-12-19,0.7305646801775018
2009-12-20,0.0
2009-12-21,0.0
2009-12-22,0.0
2009-12-23,0.0
2009-12-24,0.06449177589406725
2009-12-25,43.3437835979853
2009-12-26,0.0
2009-12-27,2.2161988367232777
2009-12-28,0.09355231172109567
2009-12-29,0.0
2009-12-30,0.5400979026780373
2009-12-31,14.612837722876282
2010-01-01,7.193737547884897
2010-01-02,0.0
2010-01-03,0.0
2010-01-04,0.0
2010-01-05,0.0
2010-01-06,0.0
2010-01-07,0.0
2010-01-08,0.6168234907902771
2010-01-09,0.0
2010-01-10,0.0
2010-01-11,0.12372464012981559
2010-01-12,0.12372464012981559
2010-01-13,0.12372464012981559
2010-01-14,0.12372464012981559
2010-01-15,0.12372464012981559
2010-01-16,34.79246845885617
2010-01-17,24.44894786202247
2010-01-18,0.047924620851960954
2010-01-19,0.0
2010-01-20,0.0
2010-01-21,51.07321012391896
2010-01-22,1.5870540004535616
2010-01-23,0.16595960599298334
2010-01-24,1.9456768787464587
2010-01-25,27.868618177270978
2010-01-26,0.0
2010-01-27,0.0
2010-01-28,0.0
2010-01-29,0.3311124485080254
2010-01-30,39.49278626491881
2010-01-31,0.1682579011007464
2010-02-01,0.015335235662690148
2010-02-02,4.380013084084014
2010-02-03,0.00016933031854525504
2010-02-04,0.2741957211483958
2010-02-05,9.058191482341128
2010-02-06,2.13218282172876
2010-02-07,0.0
2010-02-08,0.065964250611177
2010-02-09,40.024364941516495
2010-02-10,1.9508404902822056
2010-02-11,0.0
2010-02-12,10.996936270047081
2010-02-13,4.616219639221489
2010-02-14,0.0
2010-02-15,5.615677672719037
2010-02-16,0.22281342450553443
2010-02-17,0.22281342450553443
2010-02-18,0.22281342450553443
2010-02-19,0.22281342450553443
2010-02-20,0.22281342450553443
2010-02-21,0.0
2010-02-22,14.035890638870548
2010-02-23,1.89618451717788
2010-02-24,1.2333788360973341
2010-02-25,0.06606025937359973
2010-02-26,0.6279495956675164
2010-02-27,0.666811344204604
2010-02-28,0.6279495956675164
2010-03-01,0.0
2010-03-02,12.950290705063315
2010-03-03,0.3110476082866935
2010-03-04,0.0
2010-03-05,0.0
2010-03-06,0.0
2010-03-07,0.0
2010-03-08,0.0
2010-03-09,0.0
2010-03-10,0.0
2010-03-11,28.100130659518918
2010-03-12,7.008303915910016
2010-03-13,2.9080136945791457
2010-03-14,0.11721364002817472
2010-03-15,6.202800958533401e-05
2010-03-16,0.0
2010-03-17,9.99211376480986
2010-03-18,1.4703927367777605
2010-03-19,0.0
2010-03-20,0.0
2010-03-21,9.187907324315809
2010-03-22,0.16015793339369885
2010-03-23,0.0011742641139570297
2010-03-24,0.0
2010-03-25,0.3543058762113994
2010-03-26,0.4826162351641459
2010-03-27,0.004038064660220658
2010-03-28,1.2157635679259957
2010-03-29,0.5630995922195633
2010-03-30,0.0
2010-03-31,0.0
2010-04-01,0.0
2010-04-02,0.0
2010-04-03,0.0
2010-04-04,0.0
2010-04-05,0.0
2010-04-06,0.0
2010-04-07,0.0
2010-04-08,1.372104513865911
2010-04-09,25.963853482626234
2010-04-10,0.0
2010-04-11,0.0
2010-04-12,0.0
2010-04-13,0.0
2010-04-14,0.0
2010-04-15,0.0
2010-04-16,0.0
2010-04-17,0.0
2010-04-18,0.0
2010-04-19,0.0001285425851393288
2010-04-20,3.9824574499374465
2010-04-21,9.03349758232809
2010-04-22,0.0
2010-04-23,0.0
2010-04-24,8.154381075750258
2010-04-25,32.18179438816184
2010-04-26,0.004139248241603573
2010-04-27,0.10479627426811221
2010-04-28,2.3085827232752607e-08
2010-04-29,0.0
2010-04-30,0.1768696420571268
2010-05-01,9.20748081690371
2010-05-02,0.1221614210250808
2010-05-03,0.6698424777436036
2010-05-04,85.1259411118617
2010-05-05,0.02244248914773286
2010-05-06,0.0
2010-05-07,0.0
2010-05-08,0.0
2010-05-09,0.0
2010-05-10,0.0
2010-05-11,0.0
2010-05-12,0.0
2010-05-13,0.0
2010-05-14,0.0
2010-05-15,0.0
2010-05-16,3.2730069346392887
2010-05-17,16.328464183757287
2010-05-18,0.42762215051219393
2010-05-19,0.005598137479028469
2010-05-20,0.0
2010-05-21,2.853477965533712
2010-05-22,1.6550396632483428
2010-05-23,1.964816813829303
2010-05-24,1.3661185807293024
2010-05-25,0.5136164626853547
2010-05-26,0.3315100277142878
2010-05-27,5.8955172701032735e-06
2010-05-28,0.30269862139811166
2010-05-29,6.599905140647054
2010-05-30,17.28967269254535
2010-05-31,9.109351274668887
2010-06-01,0.8652280671018875
2010-06-02,6.605136207248884
2010-06-03,0.45736307879720767
2010-06-04,11.502442624196457
2010-06-05,1.4779623578635448
2010-06-06,6.926049401542147
2010-06-07,0.14997215442952197
2010-06-08,0.0
2010-06-09,8.259573055893415e-05
2010-06-10,0.1883219326677377
2010-06-11,1.055013795804357
2010-06-12,1.4214653379562006
2010-06-13,0.09643021907364122
2010-06-14,0.6779858170366755
2010-06-15,2.82867463338136
2010-06-16,16.24067277586298
2010-06-17,10.038034130159016
2010-06-18,0.38666218457796914
2010-06-19,2.5258460473142708
2010-06-20,5.742689304927018
2010-06-21,4.058489259272288
2010-06-22,4.277409784293896
2010-06-23,1.2827723118364427
2010-06-24,0.8087277489778579
2010-06-25,2.5786101396120737
2010-06-26,9.868965727337738
2010-06-27,3.274546664479757
2010-06-28,0.986012215898704
2010-06-29,2.8942879403463055
2010-06-30,1.6654575010648556
2010-07-01,20.004350755827645
2010-07-02,2.305719854870814
2010-07-03,0.002633639647502061
2010-07-04,0.003223354314085818
2010-07-05,0.0
2010-07-06,0.30058435590291255
2010-07-07,0.0008572262274922971
2010-07-08,0.0
2010-07-09,0.007066695329160502
2010-07-10,0.8319322891296778
2010-07-11,2.5772590399363717
2010-07-12,11.74746561410171
2010-07-13,8.133199611976346
2010-07-14,1.543985937254135
2010-07-15,3.8768052595209586
2010-07-16,0.01140204938723304
2010-07-17,0.3229174317984214
2010-07-18,0.09164712148452266
2010-07-19,0.00505885515734759
2010-07-20,0.02292046723028154
2010-07-21,0.0876050565545201
2010-07-22,1.765705476989937
2010-07-23,2.9437917574182535
2010-07-24,2.838077976841859
2010-07-25,1.074945694094956
2010-07-26,2.705141049657894
2010-07-27,8.287473967242516
2010-07-28,4.550675888258369
2010-07-29,0.9090174387320353
2010-07-30,0.4288909656397683
2010-07-31,4.15817168408239
2010-08-01,2.262810056921891
2010-08-02,5.211175130230164
2010-08-03,9.556643635014863
2010-08-04,6.477581839244776
2010-08-05,1.2748131104345601
2010-08-06,0.7564970625573586
2010-08-07,7.598412855618933
2010-08-08,4.301284408659359
2010-08-09,0.003060871958455589
2010-08-10,0.17147362338589575
2010-08-11,0.03115284733777922
2010-08-12,3.326732635803919
2010-08-13,0.29353999600784586
2010-08-14,3.1183036601321574
2010-08-15,7.331549756366156
2010-08-16,12.776123460476207
2010-08-17,8.34436714698986
2010-08-18,4.632749310029411
2010-08-19,1.2356100091252706
2010-08-20,7.078264064713454
2010-08-21,26.50186142137753
2010-08-22,5.882457664014654
2010-08-23,11.531130411604183
2010-08-24,4.099627615023916
2010-08-25,5.420099632460382
2010-08-26,1.7393688258322204
2010-08-27,10.781870643926784
2010-08-28,8.223610861719786
2010-08-29,2.010503593716823
2010-08-30,0.28416716432917977
2010-08-31,0.0058128279322375385
2010-09-01,0.012657828203365263
2010-09-02,0.00792149346862
2010-09-03,0.00792149346862
2010-09-04,0.718921962985687
2010-09-05,0.00792149346862
2010-09-06,0.12878144068379094
2010-09-07,1.1535485898670532
2010-09-08,0.021222210405999507
2010-09-09,0.0059807028682995235
2010-09-10,0.016610838731912825
2010-09-11,2.2039328045761484
2010-09-12,0.5264541912684625
2010-09-13,0.9212821096067194
2010-09-14,0.03045732948137265
2010-09-15,0.0
2010-09-16,0.0
2010-09-17,0.5640297688700082
2010-09-18,0.2298047067887233
2010-09-19,1.388721098236786
2010-09-20,0.0
2010-09-21,0.17933481715303268
2010-09-22,0.1267605919863867
2010-09-23,0.0
2010-09-24,0.0
2010-09-25,1.3190912520596043
2010-09-26,19.28550514902862
2010-09-27,23.137974699652574
2010-09-28,0.11171116703530257
2010-09-29,6.625804130688866
2010-09-30,2.3147622708194073
2010-10-01,0.5930495748911839
2010-10-02,0.004720531295152912
2010-10-03,0.004720531295152912
2010-10-04,0.18616610385685023
2010-10-05,0.004720531295152912
2010-10-06,0.040128494012878706
2010-10-07,0.040128494012878706
2010-10-08,0.040128494012878706
2010-10-09,0.040128494012878706
2010-10-10,0.040128494012878706
2010-10-11,0.0
2010-10-12,0.0
2010-10-13,0.30340425077940547
2010-10-14,0.4277717854013329
2010-10-15,0.0
2010-10-16,0.0
2010-10-17,0.0
2010-10-18,0.0
2010-10-19,0.0
2010-10-20,0.1229298192918749
2010-10-21,0.0
2010-10-22,0.0
2010-10-23,0.0
2010-10-24,0.0
2010-10-25,0.5399996625335085
2010-10-26,0.5972394594291475
2010-10-27,0.5607915487464671
2010-10-28,10.031179833047313
2010-10-29,0.34780956046337497
2010-10-30,0.0
2010-10-31,0.0
2010-11-01,0.0
2010-11-02,0.0001588140299179099
2010-11-03,0.21331011199776528
2010-11-04,9.73053583546973
2010-11-05,0.37969993229167986
2010-11-06,0.08706848483880607
2010-11-07,0.08706848483880607
2010-11-08,0.08706848483880607
2010-11-09,0.08706848483880607
2010-11-10,0.08706848483880607
2010-11-11,1.6842770982753726e-05
2010-11-12,1.6842770982753726e-05
2010-11-13,1.6842770982753726e-05
2010-11-14,1.6842770982753726e-05
2010-11-15,0.3712948327553881
2010-11-16,0.035212824716223994
2010-11-17,0.0
2010-11-18,0.0
2010-11-19,0.0
2010-11-20,0.0
2010-11-21,0.0
2010-11-22,0.1352905099049715
2010-11-23,0.3408134562607873
2010-11-24,0.3806864324759216
2010-11-25,0.12017980697046042
2010-11-26,2.0013993217219457
2010-11-27,3.0707723097248185
2010-11-28,0.0
2010-11-29,2.9092366307296986
2010-11-30,0.6835911290939647
2010-12-01,0.5231812570288171
2010-12-02,0.0
2010-12-03,0.0
2010-12-04,0.0
2010-12-05,0.010820068031209131
2010-12-06,0.0
2010-12-07,0.0
2010-12-08,9.944977847211614
2010-12-09,0.005691683794214203
2010-12-10,0.0
2010-12-11,0.20870782947714814
2010-12-12,24.186183219118764
2010-12-13,0.0
2010-12-14,0.0
2010-12-15,0.0
2010-12-16,3.449588936330026e-05
2010-12-17,0.4031723641225601
2010-12-18,7.704133790278353
2010-12-19,0.007967687705472461
2010-12-20,0.0
2010-12-21,0.0
2010-12-22,0.5283672133064365
2010-12-23,0.0
2010-12-24,0.0
2010-12-25,1.6496627820479468
2010-12-26,0.0
2010-12-27,0.0
2010-12-28,0.0
2010-12-29,0.0
2010-12-30,0.0
2010-12-31,0.0
2011-01-01,0.9284118474916068
2011-01-02,15.395895682531687
2011-01-03,0.0
2011-01-04,0.0
2011-01-05,12.566582608029307
2011-01-06,0.2927244231713217
2011-01-07,0.0
2011-01-08,0.0
2011-01-09,0.0
2011-01-10,22.55769811882914
2011-01-11,0.007794607151888106
2011-01-12,0.0
2011-01-13,0.0
2011-01-14,0.0
2011-01-15,0.0
2011-01-16,0.0
2011-01-17,10.147947994798521
2011-01-18,0.5478425470817679
2011-01-19,10.00687618541044
2011-01-20,0.0
2011-01-21,0.07155842175492452
2011-01-22,0.0
2011-01-23,0.0
2011-01-24,0.0
2011-01-25,8.801471662291005
2011-01-26,11.910837414221286
2011-01-27,0.0
2011-01-28,0.0
2011-01-29,0.0
2011-01-30,0.0
2011-01-31,24.00664022479871
2011-02-01,1.8330521761959429
2011-02-02,16.5142970703119
2011-02-03,0.6839890981487925
2011-02-04,26.69472984555517
2011-02-05,21.06650340581462
2011-02-06,0.04706280851744922
2011-02-07,4.907338879030908
2011-02-08,3.7089803616716766
2011-02-09,0.0
2011-02-10,7.778520980650694
2011-02-11,1.7884871095896775
2011-02-12,0.0
2011-02-13,0.0
2011-02-14,0.0
2011-02-15,0.0
2011-02-16,0.4289115246322244
2011-02-17,0.09748251765207568
2011-02-18,0.0
2011-02-19,0.0041487985580421815
2011-02-20,0.01347289540959121
2011-02-21,0.004453221982035391
2011-02-22,0.10989089303556067
2011-02-23,0.003739527650478366
2011-02-24,0.0
2011-02-25,0.30335283394610313
2011-02-26,0.8143248251538988
2011-02-27,1.1219023472053675
2011-02-28,1.4539570407807163
2011-03-01,8.19919201762443
2011-03-02,0.0
2011-03-03,0.0
2011-03-04,0.30049932473898966
2011-03-05,11.6627570843887
2011-03-06,7.869746155756387
2011-03-07,0.0
2011-03-08,0.0
2011-03-09,8.185339254809234
2011-03-10,22.72527049936644
2011-03-11,0.0
2011-03-12,0.0
2011-03-13,0.0
2011-03-14,0.0
2011-03-15,0.4376216737765739
2011-03-16,0.0
2011-03-17,0.0
2011-03-18,0.0
2011-03-19,0.0
2011-03-20,0.0
2011-03-21,0.0
2011-03-22,0.0
2011-03-23,0.0
2011-03-24,0.0
2011-03-25,0.0
2011-03-26,1.3568085295616918
2011-03-27,13.723794472908663
2011-03-28,8.945245956339384
2011-03-29,0.4842272141328911
2011-03-30,28.55803131782978
2011-03-31,3.6886386951720582
2011-04-01,0.0906507269355388
2011-04-02,0.0
2011-04-03,0.0
2011-04-04,0.0007555259519636746
2011-04-05,20.364879882526353
2011-04-06,0.0
2011-04-07,0.0
2011-04-08,0.0
2011-04-09,0.0
2011-04-10,0.0
2011-04-11,0.0
2011-04-12,0.0
2011-04-13,0.0
2011-04-14,0.0
2011-04-15,0.0
2011-04-16,6.162255656361164
2011-04-17,0.0
2011-04-18,0.0
2011-04-19,0.0
2011-04-20,0.03394563432937592
2011-04-21,0.016737472669194082
2011-04-22,0.25629078993972004
2011-04-23,0.0
2011-04-24,0.20254608466423063
2011-04-25,0.0055302500968231316
2011-04-26,0.42796605088025963
2011-04-27,0.0005796217856743458
2011-04-28,13.840926787150273
2011-04-29,0.0
2011-04-30,0.0
2011-05-01,0.0
2011-05-02,0.0
2011-05-03,0.7200469752128102
2011-05-04,3.108777400677128
2011-05-05,0.0
2011-05-06,0.0
2011-05-07,0.0
2011-05-08,0.0
2011-05-09,0.0
2011-05-10,0.0
2011-05-11,0.6154027963340156
2011-05-12,0.03146631269343303
2011-05-13,0.09328804817131692
2011-05-14,13.197503247384374
2011-05-15,3.6963847253139432
2011-05-16,1.293188483929296
2011-05-17,0.08755836143106098
2011-05-18,0.0
2011-05-19,0.0
2011-05-20,0.0
2011-05-21,0.0
2011-05-22,0.0
2011-05-23,0.0
2011-05-24,0.0
2011-05-25,0.0
2011-05-26,0.15349880461654686
2011-05-27,3.063662326032438
2011-05-28,6.768472329239647
2011-05-29,0.16731521794846832
2011-05-30,0.0010475135876320772
2011-05-31,0.0
2011-06-01,0.0
2011-06-02,0.0
2011-06-03,0.0
2011-06-04,0.0
2011-06-05,0.0
2011-06-06,0.5684425261056901
2011-06-07,0.0020109887647717438
2011-06-08,0.0
2011-06-09,0.23116853614323393
2011-06-10,0.03329759807077317
2011-06-11,0.0
2011-06-12,0.0
2011-06-13,0.0
2011-06-14,0.0
2011-06-15,0.0
2011-06-16,26.07638627228208
2011-06-17,20.139162202358577
2011-06-18,0.3834789838347293
2011-06-19,2.531051727199288e-07
2011-06-20,0.04278224096178141
2011-06-21,0.08661746825985195
2011-06-22,0.4291871715817378
2011-06-23,2.9985403803625177
2011-06-24,0.14231762091539257
2011-06-25,0.5225500643159541
2011-06-26,0.4184950623679404
2011-06-27,1.0014511924914296
2011-06-28,11.509632956245875
2011-06-29,0.6358284064463763
2011-06-30,3.5089104082575897
2011-07-01,0.0
2011-07-02,0.0
2011-07-03,0.0
2011-07-04,0.0
2011-07-05,0.0
2011-07-06,1.029088128168892
2011-07-07,1.934279017320536
2011-07-08,1.190654420141194
2011-07-09,0.8223708820925143
2011-07-10,10.092573762520628
2011-07-11,0.8447031404923249
2011-07-12,0.09180568415260859
2011-07-13,2.12725531724575
2011-07-14,2.516771392441355
2011-07-15,22.930909553952052
2011-07-16,15.760248981608678
2011-07-17,0.381061353886826
2011-07-18,0.04315036406724784
2011-07-19,0.13052599136827606
2011-07-20,0.3503095560510302
2011-07-21,0.09409943237142711
2011-07-22,0.026238833821707105
2011-07-23,0.3771956289164225
2011-07-24,0.0012344583780250636
2011-07-25,0.03939657069933639
2011-07-26,11.23993669337345
2011-07-27,20.084404402552718
2011-07-28,0.47656680997923767
2011-07-29,0.03844261458477787
2011-07-30,1.549293285311002
2011-07-31,2.0190195401362683
2011-08-01,16.887171274724025
2011-08-02,0.21347046478374893
2011-08-03,0.014052961946393949
2011-08-04,2.817617096386559
2011-08-05,2.54141657950804
2011-08-06,5.366086644104517
2011-08-07,0.2755468345884727
2011-08-08,0.6465818100754077
2011-08-09,8.677151425806356
2011-08-10,5.990590230121324
2011-08-11,0.7218405449324278
2011-08-12,0.6533625222512615
2011-08-13,2.700511528799431
2011-08-14,3.6324229914998725
2011-08-15,0.033950435150070304
2011-08-16,0.0
2011-08-17,0.026753022261534237
2011-08-18,0.0
2011-08-19,0.010157661271751257
2011-08-20,0.30728950351651496
2011-08-21,1.0796952097802917
2011-08-22,2.5736394936822653
2011-08-23,0.42784753003592607
2011-08-24,0.016760650240990854
2011-08-25,0.09861351179173883
2011-08-26,0.031643044734142776
2011-08-27,0.009850929190309868
2011-08-28,0.0
2011-08-29,0.0
2011-08-30,0.5688010406381284
2011-08-31,6.172575670022002
2011-09-01,0.013960044959637551
2011-09-02,0.0
2011-09-03,0.06302875243303252
2011-09-04,4.016420137858013
2011-09-05,7.338566321491854
2011-09-06,5.205906803747127
2011-09-07,0.0
2011-09-08,1.387189027389115
2011-09-09,0.11394936186106457
2011-09-10,0.0
2011-09-11,0.0
2011-09-12,0.0
2011-09-13,0.0
2011-09-14,0.0
2011-09-15,2.569063369602622
2011-09-16,0.03388950102969253
2011-09-17,0.03148072783821761
2011-09-18,5.5892119531928036e-05
2011-09-19,0.005017664050407045
2011-09-20,1.5507522854786946
2011-09-21,3.5301043860624173
2011-09-22,15.346873478495736
2011-09-23,2.426005820147026
2011-09-24,2.7454702754476363
2011-09-25,2.3115976400132423
2011-09-26,7.5747751050468395
2011-09-27,0.8131123250663007
2011-09-28,20.06648484235792
2011-09-29,2.76822920308911
2011-09-30,0.1475826451574365
2011-10-01,0.3123932068457852
2011-10-02,0.3123932068457852
2011-10-03,0.3123932068457852
2011-10-04,0.3123932068457852
2011-10-05,0.3123932068457852
2011-10-06,0.0004839234303230242
2011-10-07,0.2732095823946248
2011-10-08,0.02696172035905598
2011-10-09,0.1882320986049685
2011-10-10,9.874122089715671
2011-10-11,5.183363441388431
2011-10-12,3.528280223676012
2011-10-13,0.28039727763781663
2011-10-14,0.19741312870168207
2011-10-15,0.0
2011-10-16,0.0
2011-10-17,0.0
2011-10-18,0.40607117271983717
2011-10-19,0.5513735091157257
2011-10-20,0.0
2011-10-21,0.2479371996046425
2011-10-22,0.2479371996046425
2011-10-23,0.2479371996046425
2011-10-24,0.2479371996046425
2011-10-25,0.2479371996046425
2011-10-26,0.0
2011-10-27,0.0028633676667091626
2011-10-28,0.6541919399781612
2011-10-29,0.1658813224969808
2011-10-30,0.0
2011-10-31,0.05137450633359463
2011-11-01,0.0
2011-11-02,0.0
2011-11-03,0.02801040887341964
2011-11-04,3.6264178502390085
2011-11-05,0.0
2011-11-06,0.0
2011-11-07,0.0
2011-11-08,0.00046515674619687565
2011-11-09,0.0
2011-11-10,2.1371189479459973
2011-11-11,0.0
2011-11-12,0.0
2011-11-13,0.0
2011-11-14,0.0
2011-11-15,1.635840828460333
2011-11-16,4.679432150159056
2011-11-17,5.418509626952441
2011-11-18,0.0
2011-11-19,0.0
2011-11-20,11.614844880074877
2011-11-21,0.014385475072147713
2011-11-22,0.2876310338197654
2011-11-23,2.4899332201032744
2011-11-24,0.0
2011-11-25,0.0
2011-11-26,0.008109493654719396
2011-11-27,0.01691240306399551
2011-11-28,5.140747083285612
2011-11-29,0.2973656011746622
2011-11-30,0.0
2011-12-01,0.0
2011-12-02,0.0
2011-12-03,0.0
2011-12-04,0.03053127806125414
2011-12-05,0.03839125132729125
2011-12-06,0.0192088603994514
2011-12-07,5.521473138255009
2011-12-08,0.0
2011-12-09,0.11019962577943587
2011-12-10,0.7798405567089058
2011-12-11,0.01615465294554196
2011-12-12,11.82901826510253
2011-12-13,0.02216409265934104
2011-12-14,0.0
2011-12-15,0.0
2011-12-16,0.0
2011-12-17,0.0
2011-12-18,0.0
2011-12-19,0.0
2011-12-20,0.0
2011-12-21,2.4556219921590565
2011-12-22,3.9925400162770655
2011-12-23,0.9749338556759889
2011-12-24,0.0
2011-12-25,6.2795685057821125
2011-12-26,7.735176257203155
2011-12-27,23.276737399931726
2011-12-28,0.0
2011-12-29,0.0
2011-12-30,0.3410113081492291
2011-12-31,0.0065509062764664856
2012-01-01,0.0
2012-01-02,0.0
2012-01-03,0.0
2012-01-04,0.0
2012-01-05,0.0
2012-01-06,0.0
2012-01-07,0.026025811187725494
2012-01-08,0.5911459516271144
2012-01-09,0.12065628868269787
2012-01-10,4.732947798032778
2012-01-11,11.37285064508164
2012-01-12,0.2276365446536099
2012-01-13,0.0530692313282618
2012-01-14,0.0
2012-01-15,0.0
2012-01-16,0.0
2012-01-17,0.38989776187691694
2012-01-18,6.781189305974359
2012-01-19,0.0
2012-01-20,2.0419043020987253
2012-01-21,24.954604617217758
2012-01-22,3.6377597552827363
2012-01-23,1.1768824794677462
2012-01-24,1.3632191939329308
2012-01-25,0.00034363562595678327
2012-01-26,0.2761235106146261
2012-01-27,14.951627534577058
2012-01-28,0.0
2012-01-29,0.0
2012-01-30,0.0
2012-01-31,0.0
2012-02-01,5.1168755317208805e-05
2012-02-02,0.011555680854160073
2012-02-03,0.0
2012-02-04,0.0
2012-02-05,0.0015429304501838206
2012-02-06,2.786106609768621
2012-02-07,0.022942834803712835
2012-02-08,0.01298375032410431
2012-02-09,0.0
2012-02-10,3.6228197865387624
2012-02-11,0.5934688834523272
2012-02-12,0.0
2012-02-13,0.0
2012-02-14,6.8925266747302105
2012-02-15,6.313420773726465
2012-02-16,2.849402366574126
2012-02-17,0.9620360975682674
2012-02-18,1.930981283901736
2012-02-19,58.08908345140395
2012-02-20,0.002441920406452427
2012-02-21,0.1481606898920491
2012-02-22,0.00744015435761046
2012-02-23,1.6394326220672635
2012-02-24,4.206924694924814
2012-02-25,0.0869110470050382
2012-02-26,1.1812454071867973
2012-02-27,4.966506667361958
2012-02-28,4.926359634105315
2012-02-29,0.26087159721875935
2012-03-01,2.7798787786301564
2012-03-02,0.24455582577633894
2012-03-03,39.50471436664609
2012-03-04,29.032040588929735
2012-03-05,0.0
2012-03-06,0.0
2012-03-07,0.37504298655699597
2012-03-08,0.2516559066263877
2012-03-09,4.179998744798587
2012-03-10,0.4723034864686007
2012-03-11,0.014074248997674883
2012-03-12,0.02738320543341119
2012-03-13,1.253163841548827
2012-03-14,1.5879658409652253
2012-03-15,0.02513640088083893
2012-03-16,8.713157151886074
2012-03-17,13.265602607659893
2012-03-18,1.0996047079895677
2012-03-19,0.12194114378834127
2012-03-20,0.5696340652540928
2012-03-21,0.08376563243490878
2012-03-22,0.09146267597822724
2012-03-23,0.11887385088380131
2012-03-24,3.521218231232921
2012-03-25,0.025323822802060577
2012-03-26,0.0
2012-03-27,0.0
2012-03-28,0.00024171854380470174
2012-03-29,0.0
2012-03-30,0.0010795347457757494
2012-03-31,0.6570867798669437
2012-04-01,0.0
2012-04-02,0.0
2012-04-03,0.0
2012-04-04,0.0
2012-04-05,0.0
2012-04-06,0.0
2012-04-07,0.0
2012-04-08,0.0
2012-04-09,0.0
2012-04-10,0.0
2012-04-11,0.0
2012-04-12,0.0
2012-04-13,0.0
2012-04-14,0.0
2012-04-15,0.0
2012-04-16,0.0
2012-04-17,0.0
2012-04-18,0.0
2012-04-19,0.0
2012-04-20,0.0
2012-04-21,1.7852488844777985
2012-04-22,19.45655776319202
2012-04-23,0.0
2012-04-24,0.0
2012-04-25,0.0
2012-04-26,0.051951498924420934
2012-04-27,0.07662566432348365
2012-04-28,0.006494162208733626
2012-04-29,0.0
2012-04-30,0.0015414177681544192
2012-05-01,0.0
2012-05-02,0.0
2012-05-03,0.0
2012-05-04,0.0
2012-05-05,0.0
2012-05-06,0.28764712749656074
2012-05-07,7.391589685527752
2012-05-08,1.4863744625503574
2012-05-09,7.024830877939168
2012-05-10,0.0006386544053254787
2012-05-11,0.0
2012-05-12,0.0
2012-05-13,11.385271268700519
2012-05-14,6.422844705782904
2012-05-15,3.9051484261837963
2012-05-16,0.3936300778938899
2012-05-17,8.134279259267604
2012-05-18,13.327695979839117
2012-05-19,0.3966990450843376
2012-05-20,0.0
2012-05-21,0.002160985187819143
2012-05-22,2.341658788491893
2012-05-23,1.2912065569253537
2012-05-24,9.63722681552511e-05
2012-05-25,0.000109662380857796
2012-05-26,0.030056456879108552
2012-05-27,0.015866739010028146
2012-05-28,3.602116991706912
2012-05-29,16.9457661309258
2012-05-30,0.06248411927183412
2012-05-31,0.24336148494936025
2012-06-01,0.5161186094900162
2012-06-02,0.018294727860154368
2012-06-03,3.462396280051526e-05
2012-06-04,3.4055050162494838
2012-06-05,3.0880911767649106
2012-06-06,32.71090705521804
2012-06-07,6.373995962911378
2012-06-08,0.04270111648233283
2012-06-09,2.492974056074204
2012-06-10,21.16692843288768
2012-06-11,19.289153885918992
2012-06-12,14.977314460126296
2012-06-13,0.8169075128563679
2012-06-14,6.854566037931622
2012-06-15,0.07284036894826121
2012-06-16,0.0
2012-06-17,0.0
2012-06-18,0.0
2012-06-19,0.0
2012-06-20,0.0
2012-06-21,0.0
2012-06-22,3.03201845431587e-05
2012-06-23,0.15280774493276217
2012-06-24,0.6265011033936495
2012-06-25,11.745052897650565
2012-06-26,4.6774373842693615
2012-06-27,0.0
2012-06-28,0.0
2012-06-29,0.0
2012-06-30,0.17054620822406152
2012-07-01,0.6254675548514732
2012-07-02,4.79393471157788
2012-07-03,18.185811803350123
2012-07-04,4.099409774149902
2012-07-05,9.248577290922139
2012-07-06,6.665003047200115
2012-07-07,1.9039240994324214
2012-07-08,0.03004402094207577
2012-07-09,0.286933997539188
2012-07-10,2.8949184797178322
2012-07-11,12.649533896759676
2012-07-12,8.11921983996017
2012-07-13,5.82839526250942
2012-07-14,4.958840957711446
2012-07-15,0.9408096307092615
2012-07-16,0.1542154875723036
2012-07-17,2.29637358774779
2012-07-18,8.665115109938803
2012-07-19,3.8250248331036407
2012-07-20,2.168102857924237
2012-07-21,0.05932203629437182
2012-07-22,1.110375006528446
2012-07-23,0.18970423462651603
2012-07-24,1.5985519974308275
2012-07-25,2.4039251570919027
2012-07-26,1.1368303736628056
2012-07-27,2.03324268910073
2012-07-28,4.919456213788077
2012-07-29,2.9990583589180435
2012-07-30,2.643341524504234
2012-07-31,10.510047949528177
2012-08-01,2.1094318519152218
2012-08-02,15.203860081738055
2012-08-03,1.5368864884600177
2012-08-04,0.9020951851182221
2012-08-05,4.488931648711036
2012-08-06,7.563617871085952
2012-08-07,18.089081343140872
2012-08-08,15.727657021219116
2012-08-09,17.22541372082834
2012-08-10,5.085840824797794
2012-08-11,9.18483203993462
2012-08-12,0.22599976783009115
2012-08-13,7.371654586914986e-05
2012-08-14,0.47720525758439736
2012-08-15,1.1275582284469916
2012-08-16,9.925034693133858
2012-08-17,6.470035828246524
2012-08-18,1.6387630270167652
2012-08-19,4.7827005689543585
2012-08-20,4.485450178428434
2012-08-21,4.21673248804353
2012-08-22,1.0113741858565024
2012-08-23,5.110129292514025
2012-08-24,2.3456944870390117
2012-08-25,0.0013831201546495673
2012-08-26,0.0
2012-08-27,2.0154653607172612
2012-08-28,5.968770228106808
2012-08-29,3.244869239116083
2012-08-30,2.793611680587057
2012-08-31,0.8224530943819173
2012-09-01,0.5461344217335407
2012-09-02,0.08980487506962968
2012-09-03,0.3602770149016564
2012-09-04,1.7125360693336338
2012-09-05,0.2462907826871561
2012-09-06,0.5435327983272147
2012-09-07,1.5738497828614568
2012-09-08,9.679630555342854
2012-09-09,4.773265858597091
2012-09-10,0.0
2012-09-11,0.007430860284262309
2012-09-12,0.0
2012-09-13,1.5177827420327976
2012-09-14,0.2104680085346179
2012-09-15,7.952482500797159e-05
2012-09-16,0.007796649454918219
2012-09-17,0.9574888101933579
2012-09-18,21.82103258930917
2012-09-19,0.21759513357901608
2012-09-20,12.985060768886317
2012-09-21,1.1581792619033533
2012-09-22,0.13724552488987832
2012-09-23,0.03925863977759131
2012-09-24,0.0
2012-09-25,0.0
2012-09-26,0.00011990586802940456
2012-09-27,1.491040984926508
2012-09-28,0.021318779504352722
2012-09-29,0.460608997030122
2012-09-30,6.40196573885153
2012-10-01,1.6976112781501638
2012-10-02,1.4799918830773267
2012-10-03,2.0850742182873203
2012-10-04,19.632493209042085
2012-10-05,0.06888127901843591
2012-10-06,0.16139506886073812
2012-10-07,0.003466098545630116
2012-10-08,0.07019102314100037
2012-10-09,0.004547959958420646
2012-10-10,0.0
2012-10-11,0.0
2012-10-12,0.053750317033983204
2012-10-13,0.0003345349259832369
2012-10-14,0.4314366238973392
2012-10-15,0.18774824197742418
2012-10-16,0.0
2012-10-17,0.0
2012-10-18,0.7036133216499475
2012-10-19,11.000481929485293
2012-10-20,0.0
2012-10-21,0.0
2012-10-22,0.0
2012-10-23,0.0
2012-10-24,0.00015147668996385455
2012-10-25,0.7169367355590925
2012-10-26,0.3477306838627699
2012-10-27,0.3477306838627699
2012-10-28,0.3477306838627699
2012-10-29,0.3477306838627699
2012-10-30,0.3477306838627699
2012-10-31,0.3477306838627699
2012-11-01,0.0
2012-11-02,0.0
2012-11-03,0.0
2012-11-04,0.06708869645507827
2012-11-05,0.8439701169901141
2012-11-06,5.363478696290445
2012-11-07,0.6752769179800522
2012-11-08,0.010803724058465145
2012-11-09,0.0
2012-11-10,0.0
2012-11-11,0.00431754918824723
2012-11-12,0.06742012081007757
2012-11-13,0.2665997577440427
2012-11-14,0.3426892123561312
2012-11-15,3.97370184394053
2012-11-16,0.0003767036013789682
2012-11-17,0.001234619165952785
2012-11-18,0.0
2012-11-19,0.0028171416470734287
2012-11-20,0.0
2012-11-21,0.10106592408284384
2012-11-22,0.09628239984949657
2012-11-23,0.09628239984949657
2012-11-24,0.09628239984949657
2012-11-25,0.09628239984949657
2012-11-26,0.0
2012-11-27,22.17135342806247
2012-11-28,3.6792617846224407
2012-11-29,0.11550944109852779
2012-11-30,0.009688373470842802
2012-12-01,0.004456471335343412
2012-12-02,0.006481695854431341
2012-12-03,0.0010985134598322833
2012-12-04,0.05649293712634364
2012-12-05,1.3861848334943756e-05
2012-12-06,1.3070476597118514
2012-12-07,0.05078523077653029
2012-12-08,0.022573065064694028
2012-12-09,0.006931214401258874
2012-12-10,0.08609391153204528
2012-12-11,0.6924995604930986
2012-12-12,17.19892920941372
2012-12-13,6.114283690450056
2012-12-14,0.0009024603029894762
2012-12-15,0.006363997294378436
2012-12-16,1.471476370402708
2012-12-17,12.787658621303022
2012-12-18,0.6130608962305286
2012-12-19,0.0
2012-12-20,16.128330717794945
2012-12-21,3.468108686746408
2012-12-22,0.0
2012-12-23,0.005695951974981415
2012-12-24,7.263832290825583
2012-12-25,14.622983330223366
2012-12-26,27.10233787292687
2012-12-27,0.0
2012-12-28,0.0
2012-12-29,30.07522006676823
2012-12-30,0.0
2012-12-31,0.0
2013-01-01,0.011849740092730475
2013-01-02,1.3344886883709286
2013-01-03,8.123678025264853
2013-01-04,4.326912267885193e-05
2013-01-05,0.0
2013-01-06,1.4413311724136004
2013-01-07,0.0
2013-01-08,0.035392774873854935
2013-01-09,0.03588571520805326
2013-01-10,5.821714148945872
2013-01-11,0.09349804907030324
2013-01-12,7.91245098139647e-06
2013-01-13,0.3594648736778984
2013-01-14,0.5610009196110741
2013-01-15,0.00014345979425758326
2013-01-16,0.019611539076783705
2013-01-17,3.6677430220327643
2013-01-18,0.0
2013-01-19,0.0
2013-01-20,0.0
2013-01-21,0.0
2013-01-22,0.0
2013-01-23,0.0
2013-01-24,0.8847922784671404
2013-01-25,0.026957987998794015
2013-01-26,0.003640458118482242
2013-01-27,0.0
2013-01-28,0.021537279092863796
2013-01-29,0.07691055354361805
2013-01-30,0.8096072841385977
2013-01-31,9.761721324166214
2013-02-01,0.0012779220761657908
2013-02-02,0.0012779220761657908
2013-02-03,0.0028753248340937583
2013-02-04,0.0012779220761657908
2013-02-05,0.0012779220761657908
2013-02-06,0.0
2013-02-07,16.021138638605425
2013-02-08,3.6726510414210267
2013-02-09,0.005437868685792912
2013-02-10,0.07011248626653606
2013-02-11,35.50453246172509
2013-02-12,46.47502535983931
2013-02-13,46.11900464153506
2013-02-14,1.0133083158864822
2013-02-15,0.0
2013-02-16,0.5272466045848476
2013-02-17,0.0
2013-02-18,0.0
2013-02-19,0.8708016823427663
2013-02-20,0.0
2013-02-21,0.0
2013-02-22,11.128787191973176
2013-02-23,51.28282290539282
2013-02-24,3.5694695033645747
2013-02-25,77.41438743642136
2013-02-26,66.5312388003401
2013-02-27,0.0
2013-02-28,0.0
2013-03-01,0.0
2013-03-02,0.0
2013-03-03,0.0
2013-03-04,0.0
2013-03-05,0.0
2013-03-06,0.0
2013-03-07,0.0
2013-03-08,0.0
2013-03-09,0.0
2013-03-10,0.0
2013-03-11,0.26071271383646855
2013-03-12,11.445433237509464
2013-03-13,0.0
2013-03-14,0.0
2013-03-15,0.0
2013-03-16,0.0
2013-03-17,2.4147693091798597
2013-03-18,19.525288344582528
2013-03-19,0.7972575183656425
2013-03-20,0.0
2013-03-21,0.0
2013-03-22,0.9498045980054493
2013-03-23,7.222500004957951
2013-03-24,25.111221260760576
2013-03-25,0.74514969123288
2013-03-26,0.0
2013-03-27,0.0
2013-03-28,0.0
2013-03-29,0.0
2013-03-30,0.0
2013-03-31,0.0
2013-04-01,3.4415445816667676
2013-04-02,0.0
2013-04-03,3.792925351587523
2013-04-04,11.671422257716822
2013-04-05,6.6388920240160525
2013-04-06,0.0
2013-04-07,0.0
2013-04-08,0.0
2013-04-09,0.0
2013-04-10,0.0
2013-04-11,3.873358418695679
2013-04-12,3.5004464069105934
2013-04-13,0.0
2013-04-14,9.033094196429099
2013-04-15,24.21766975678581
2013-04-16,0.001549412088341941
2013-04-17,0.0010161576358616435
2013-04-18,0.09923033657521055
2013-04-19,11.14595297351745
2013-04-20,4.12565669051516
2013-04-21,0.0
2013-04-22,0.0
2013-04-23,0.0
2013-04-24,0.0
2013-04-25,0.0
2013-04-26,7.772675501126649e-05
2013-04-27,0.0
2013-04-28,2.1280867404176145
2013-04-29,6.6797238073268845
2013-04-30,1.4135246128657823
2013-05-01,0.06227550389905001
2013-05-02,2.424541188037795
2013-05-03,9.795412091845842
2013-05-04,7.754426519346364
2013-05-05,23.32673667260253
2013-05-06,0.5825390938517623
2013-05-07,5.616249087929041
2013-05-08,0.0
2013-05-09,0.03712789869866257
2013-05-10,0.0
2013-05-11,2.0910366254692985
2013-05-12,2.9942399472820704
2013-05-13,0.0
2013-05-14,0.0
2013-05-15,0.0
2013-05-16,0.0
2013-05-17,0.2357976860282687
2013-05-18,0.054186731663479745
2013-05-19,1.3043373176800706
2013-05-20,8.007117377332818
2013-05-21,22.53820234897865
2013-05-22,0.5147378626985311
2013-05-23,10.842049933595627
2013-05-24,0.0
2013-05-25,0.0
2013-05-26,0.0
2013-05-27,0.0
2013-05-28,0.0
2013-05-29,0.0
2013-05-30,0.0
2013-05-31,0.0
2013-06-01,0.06247455500940179
2013-06-02,2.299843582518648
2013-06-03,6.785551862200238
2013-06-04,14.375337772616145
2013-06-05,12.19607998121514
2013-06-06,43.31194954263146
2013-06-07,21.368574131865007
2013-06-08,0.9125185711865023
2013-06-09,0.6446588243034947
2013-06-10,3.9869072230041063
2013-06-11,0.3074121370492843
2013-06-12,0.3716032463335031
2013-06-13,0.126100894895525
2013-06-14,3.2426621061967196
2013-06-15,0.0
2013-06-16,3.1811547406232484e-06
2013-06-17,0.8662735890668574
2013-06-18,1.8923059907609139
2013-06-19,2.6044237249545774
2013-06-20,2.897326508595314
2013-06-21,0.026064713481209676
2013-06-22,6.907049653968034
2013-06-23,3.9072725437340625
2013-06-24,13.711788705529532
2013-06-25,3.8247239776043855
2013-06-26,5.665989977768486
2013-06-27,3.448500935129279
2013-06-28,10.932067619898941
2013-06-29,10.120898589361754
2013-06-30,10.811866769884764
2013-07-01,27.723112323499684
2013-07-02,24.860172090613553
2013-07-03,13.476669482888639
2013-07-04,30.75475682450773
2013-07-05,8.317044088596434
2013-07-06,7.848509938045949
2013-07-07,5.385077834229284
2013-07-08,2.2127392764260874
2013-07-09,13.846390302806663
2013-07-10,14.649495711692717
2013-07-11,10.048417565923609
2013-07-12,15.792479550059225
2013-07-13,6.755917869384598
2013-07-14,3.5452395025987435
2013-07-15,6.08028524883409
2013-07-16,1.4775009207109304
2013-07-17,0.3352251146948985
2013-07-18,1.7621110785430083
2013-07-19,2.014048073916349
2013-07-20,12.753244750824765
2013-07-21,17.19501091862055
2013-07-22,3.301764789025974
2013-07-23,5.721154661557993
2013-07-24,2.1352108715981903
2013-07-25,3.6825817933380693
2013-07-26,0.15782949684948322
2013-07-27,1.688476292592347
2013-07-28,0.5464394784902821
2013-07-29,0.8008009214702052
2013-07-30,3.0280997636143168
2013-07-31,2.218075163953715
2013-08-01,6.613052225641444
2013-08-02,1.5739075659531614
2013-08-03,1.051141533159995
2013-08-04,1.4391158352368048
2013-08-05,2.322612798234478
2013-08-06,1.0726102809263194
2013-08-07,0.13493501675650152
2013-08-08,0.22055012707391017
2013-08-09,0.3243954701401938
2013-08-10,0.017313300832332245
2013-08-11,0.05171220335471029
2013-08-12,2.0055111245385113
2013-08-13,1.5019209143205101
2013-08-14,7.283633871770874
2013-08-15,29.10515188193146
2013-08-16,24.326610271820254
2013-08-17,49.826421462120905
2013-08-18,34.815450638742476
2013-08-19,26.972400482732706
2013-08-20,19.02004152425418
2013-08-21,17.990509667807206
2013-08-22,8.030649332128508
2013-08-23,1.2745988350590856
2013-08-24,2.663356732899953
2013-08-25,0.03631774761526702
2013-08-26,0.015300902540430266
2013-08-27,0.0011674305931744186
2013-08-28,0.0
2013-08-29,0.036812144858363295
2013-08-30,2.100459351670123
2013-08-31,1.4911801681593362
2013-09-01,0.9461978911669421
2013-09-02,2.843699449564458
2013-09-03,4.031118889443102
2013-09-04,1.6548844054029026
2013-09-05,1.127918708068952
2013-09-06,4.409689344921427
2013-09-07,0.0
2013-09-08,0.23229801144445641
2013-09-09,0.7599663934973064
2013-09-10,0.19926402372118096
2013-09-11,0.07778688276979315
2013-09-12,0.007041973713747561
2013-09-13,0.704866546623027
2013-09-14,0.0004992735020649651
2013-09-15,7.320917584584524
2013-09-16,2.0651121632843115
2013-09-17,6.271615638347308
2013-09-18,0.022233400589421498
2013-09-19,0.0
2013-09-20,0.014011328202638808
2013-09-21,3.9066808769856984
2013-09-22,25.233189337739816
2013-09-23,6.829567938014218
2013-09-24,3.318467919443245
2013-09-25,2.7326369528496683
2013-09-26,4.728620713942145
2013-09-27,0.0
2013-09-28,0.0
2013-09-29,0.0142476621454457
2013-09-30,0.004984976297812299
2013-10-01,0.0
2013-10-02,0.0
2013-10-03,0.0
2013-10-04,0.7435585241089092
2013-10-05,0.11180690959602631
2013-10-06,1.178254162124828
2013-10-07,9.652628929272266
2013-10-08,2.972603538238086
2013-10-09,0.04251568289273082
2013-10-10,0.0
2013-10-11,0.0
2013-10-12,0.0
2013-10-13,0.033989560189284215
2013-10-14,0.7454920297138276
2013-10-15,0.003170078045621889
2013-10-16,2.0408360167011427e-08
2013-10-17,1.720376788605164e-06
2013-10-18,0.06162089139780145
2013-10-19,0.08393944510927615
2013-10-20,0.005780728351384731
2013-10-21,0.3121537010118556
2013-10-22,1.7104615504518097
2013-10-23,0.31429262660981266
2013-10-24,0.0
2013-10-25,0.0
2013-10-26,0.0
2013-10-27,0.0
2013-10-28,2.5879384040440527
2013-10-29,0.0
2013-10-30,0.0
2013-10-31,0.04172748553311416
2013-11-01,14.687182701402863
2013-11-02,10.872688242502766
2013-11-03,0.0
2013-11-04,0.0
2013-11-05,0.0
2013-11-06,0.02723861338086128
2013-11-07,0.00363738725832673
2013-11-08,0.0
2013-11-09,0.0
2013-11-10,0.22404845126440515
2013-11-11,0.0
2013-11-12,0.0
2013-11-13,0.0
2013-11-14,0.0
2013-11-15,5.581624523616257
2013-11-16,0.0001772025770380263
2013-11-17,0.0010326727448061964
2013-11-18,0.0027612101304351766
2013-11-19,2.6319264890981477e-05
2013-11-20,0.005814221163640763
2013-11-21,0.6205368501801767
2013-11-22,0.01778241117992907
2013-11-23,0.2699994102444331
2013-11-24,0.0007678333074673538
2013-11-25,0.0
2013-11-26,43.202583525014276
2013-11-27,13.78594980296602
2013-11-28,0.0
2013-11-29,0.0
2013-11-30,7.465339159502395e-05
2013-12-01,0.007618384417697206
2013-12-02,1.582048849392788
2013-12-03,6.9731598946391795
2013-12-04,4.653052097712954
2013-12-05,0.97595321136648
2013-12-06,0.00021882113042709218
2013-12-07,1.0240009652191508
2013-12-08,0.640284477955519
2013-12-09,0.5154520440019416
2013-12-10,6.236022676818408
2013-12-11,2.597964925117018e-05
2013-12-12,0.0
2013-12-13,0.0
2013-12-14,5.190855047089479
2013-12-15,2.7184484114273153
2013-12-16,0.0
2013-12-17,0.0
2013-12-18,0.0
2013-12-19,0.0
2013-12-20,0.0
2013-12-21,0.011607322256350177
2013-12-22,0.0498813285487127
2013-12-23,35.60388272412405
2013-12-24,0.213033511655686
2013-12-25,0.0
2013-12-26,0.6002160323119509
2013-12-27,3.569537986762367e-07
2013-12-28,6.310635582743346
2013-12-29,42.79481812007759
2013-12-30,0.10902132541407134
2013-12-31,0.0
2014-01-01,2.4886028256675194
2014-01-02,19.71398241287561
2014-01-03,0.03855203157506325
2014-01-04,0.011154297341832093
2014-01-05,1.2327569287139737
2014-01-06,0.8387908562933061
2014-01-07,0.0
2014-01-08,0.0
2014-01-09,0.12397130355806404
2014-01-10,2.2790532167062003
2014-01-11,13.579431577899728
2014-01-12,0.00018205646777208186
2014-01-13,0.1828442299450364
2014-01-14,18.787488202574696
2014-01-15,0.21280213291697464
2014-01-16,0.25477165152278286
2014-01-17,0.0392361001339353
2014-01-18,0.0392361001339353
2014-01-19,0.7938391328509936
2014-01-20,0.0392361001339353
2014-01-21,0.3540774850701455
2014-01-22,0.1417967520562869
2014-01-23,0.1417967520562869
2014-01-24,0.1417967520562869
2014-01-25,0.1417967520562869
2014-01-26,0.0
2014-01-27,1.5051546837750762
2014-01-28,4.048772576943022
2014-01-29,8.752470382481844
2014-01-30,1.708756784950043e-05
2014-01-31,0.00021105121552058927
2014-02-01,1.2488146055628364
2014-02-02,0.13600860168927287
2014-02-03,0.27451643178101126
2014-02-04,0.28396457643182355
2014-02-05,0.9466018139135851
2014-02-06,1.094277180317917
2014-02-07,3.1015508921054815
2014-02-08,4.782016605874184
2014-02-09,0.0
2014-02-10,0.06201230877233979
2014-02-11,4.215521777919765
2014-02-12,57.10473516585539
2014-02-13,24.41468754766093
2014-02-14,0.0
2014-02-15,5.439196447573077
2014-02-16,0.0
2014-02-17,0.0
2014-02-18,0.5629284277369239
2014-02-19,0.009555173391544198
2014-02-20,0.01245643813450196
2014-02-21,26.223337382290786
2014-02-22,0.0
2014-02-23,1.3654882384945617
2014-02-24,0.47166952240418414
2014-02-25,0.0
2014-02-26,22.060875503163604
2014-02-27,5.5128914920762075e-05
2014-02-28,0.0
2014-03-01,0.11136659248624588
2014-03-02,0.0
2014-03-03,3.0373734908984473
2014-03-04,0.051956344450943194
2014-03-05,2.3530349265045363
2014-03-06,17.519594298086407
2014-03-07,5.434015504975409
2014-03-08,0.0
2014-03-09,0.0
2014-03-10,0.0
2014-03-11,0.0
2014-03-12,6.557437343911214
2014-03-13,0.040105464258133106
2014-03-14,0.0
2014-03-15,0.09115730426894819
2014-03-16,17.443114779048567
2014-03-17,38.54098622142379
2014-03-18,2.4341694715402395
2014-03-19,0.13993314181630934
2014-03-20,1.4855462749212406e-06
2014-03-21,0.0
2014-03-22,0.0
2014-03-23,0.0
2014-03-24,0.0
2014-03-25,0.0
2014-03-26,0.0
2014-03-27,0.0
2014-03-28,12.314784438269061
2014-03-29,6.382069853656091
2014-03-30,0.0
2014-03-31,0.0
2014-04-01,0.0
2014-04-02,0.0
2014-04-03,0.0
2014-04-04,0.0
2014-04-05,0.0
2014-04-06,33.086564506678116
2014-04-07,45.4055396975187
2014-04-08,14.090127673399616
2014-04-09,0.09812231768073713
2014-04-10,0.0
2014-04-11,0.0
2014-04-12,0.0
2014-04-13,0.0
2014-04-14,0.5200982195147105
2014-04-15,17.33652010547155
2014-04-16,0.0
2014-04-17,2.0139386486037831e-07
2014-04-18,58.21664450612154
2014-04-19,27.578547215274035
2014-04-20,0.6276052871734142
2014-04-21,0.0
2014-04-22,0.0
2014-04-23,0.0
2014-04-24,0.0
2014-04-25,0.0
2014-04-26,0.0
2014-04-27,0.03330280835696728
2014-04-28,0.6528138971307679
2014-04-29,26.79871611595996
2014-04-30,2.3233816220389967
2014-05-01,12.51359524787999
2014-05-02,7.222779904199896
2014-05-03,1.29652237106637
2014-05-04,0.0
2014-05-05,0.0
2014-05-06,0.0
2014-05-07,0.0
2014-05-08,0.0
2014-05-09,0.0
2014-05-10,0.0
2014-05-11,1.6483582486528772
2014-05-12,0.11517379800188503
2014-05-13,0.0
2014-05-14,2.116165522126895
2014-05-15,57.372763516444465
2014-05-16,0.0
2014-05-17,0.0
2014-05-18,2.189293752265014
2014-05-19,2.036183518968797
2014-05-20,0.24336469567518296
2014-05-21,0.0
2014-05-22,0.0
2014-05-23,0.003933216072510728
2014-05-24,0.01383077937546803
2014-05-25,0.5782199303238967
2014-05-26,7.50554263075651
2014-05-27,1.2685655381076515
2014-05-28,4.142674633356791
2014-05-29,0.09799018747017059
2014-05-30,0.4201924680655946
2014-05-31,0.4979770421348128
2014-06-01,0.26531570746902094
2014-06-02,0.7318888539544663
2014-06-03,0.00022052849259930125
2014-06-04,0.005174146775027851
2014-06-05,0.10937022508341822
2014-06-06,11.254183249413877
2014-06-07,16.796278829109166
2014-06-08,4.838523626089157
2014-06-09,4.6218009566566565
2014-06-10,0.04906478764282513
2014-06-11,3.5297315580711097
2014-06-12,0.7810998754467062
2014-06-13,0.09298807550201023
2014-06-14,0.8990299160931222
2014-06-15,0.8315265702137026
2014-06-16,6.47087339186405
2014-06-17,0.002807146371416599
2014-06-18,0.0
2014-06-19,0.05276562467672043
2014-06-20,0.35365431685637955
2014-06-21,11.73958863841957
2014-06-22,11.83839487456029
2014-06-23,1.6063509145287271
2014-06-24,16.91309333213202
2014-06-25,1.348671101610542
2014-06-26,0.07779766771754376
2014-06-27,0.006456245579791013
2014-06-28,0.02823238266241562
2014-06-29,0.013824669178451402
2014-06-30,0.042135952041303805
2014-07-01,1.2780689842890987
2014-07-02,0.3905153176948811
2014-07-03,1.7760247483052012
2014-07-04,0.028607014626955207
2014-07-05,0.0001516046670139541
2014-07-06,4.251034376401941
2014-07-07,0.09575348108622221
2014-07-08,0.012058017049058529
2014-07-09,0.0038836197409873804
2014-07-10,4.732999826638418
2014-07-11,18.206781345193665
2014-07-12,0.4052822481966313
2014-07-13,1.0077572705992535
2014-07-14,0.5367484861129742
2014-07-15,16.814866481572214
2014-07-16,3.3567814563956966
2014-07-17,1.365551131855197e-05
2014-07-18,0.0503687171871249
2014-07-19,1.5322057235263549
2014-07-20,5.93824384227491
2014-07-21,9.450228079947745
2014-07-22,1.0959295821512018
2014-07-23,0.2816390220498298
2014-07-24,0.056194274572046544
2014-07-25,0.28508105496915154
2014-07-26,0.25742174170111315
2014-07-27,0.4045327520460036
2014-07-28,2.2544031543182372
2014-07-29,2.566790191262069
2014-07-30,0.0003076750789289365
2014-07-31,0.35165352852329895
2014-08-01,10.18275815117048
2014-08-02,5.791315573377807
2014-08-03,31.305205127969206
2014-08-04,7.204730027195425
2014-08-05,0.2659159491175893
2014-08-06,0.0
2014-08-07,0.2489376819875263
2014-08-08,5.573367820879681
2014-08-09,0.9384182967696425
2014-08-10,6.020698317118844
2014-08-11,6.119252570876641
2014-08-12,6.390822954134123
2014-08-13,1.3192142728558718
2014-08-14,0.001640058513473919
2014-08-15,0.2555613614152685
2014-08-16,0.0
2014-08-17,0.12570219960466172
2014-08-18,5.992249370400504
2014-08-19,8.069272859733603
2014-08-20,6.454915139968046
2014-08-21,0.10064598624994232
2014-08-22,0.9072947915729751
2014-08-23,0.5783839349289266
2014-08-24,3.6344893766304804
2014-08-25,0.0009481595001681497
2014-08-26,0.030309627675647422
2014-08-27,0.0
2014-08-28,0.0
2014-08-29,0.0
2014-08-30,0.745576786072614
2014-08-31,10.098431943863705
2014-09-01,9.347253883755377
2014-09-02,18.64744523999491
2014-09-03,2.518191569668771
2014-09-04,7.421730113073594
2014-09-05,8.84196315615825
2014-09-06,7.721833330851152
2014-09-07,9.339336248641013
2014-09-08,9.30904079900669
2014-09-09,1.73704031367707
2014-09-10,1.4611670067921882
2014-09-11,0.27380370487398836
2014-09-12,0.2775667224191025
2014-09-13,4.5513183934099075
2014-09-14,7.275613782290953
2014-09-15,7.817206186056243
2014-09-16,20.828237034175032
2014-09-17,0.6372556939983186
2014-09-18,2.224419043639202
2014-09-19,3.241152451348637
2014-09-20,1.3346514583940743
2014-09-21,0.0
2014-09-22,2.723831610538464
2014-09-23,4.0915455375397425
2014-09-24,0.0015087380923529989
2014-09-25,0.2421372803652578
2014-09-26,1.214111166261838
2014-09-27,0.2757179662813967
2014-09-28,2.442542782403087
2014-09-29,11.199304843496371
2014-09-30,0.07352548267390958
2014-10-01,0.07992531224475942
2014-10-02,0.5040147839800113
2014-10-03,9.100416652919298
2014-10-04,0.8216560391885128
2014-10-05,0.0
2014-10-06,0.0
2014-10-07,1.0609837288650123e-05
2014-10-08,0.009014212828688167
2014-10-09,2.1360479076555747
2014-10-10,0.3544516851924943
2014-10-11,0.0
2014-10-12,0.03904441251808077
2014-10-13,0.2020988006214744
2014-10-14,22.198487315618642
2014-10-15,1.567023063253824
2014-10-16,0.0
2014-10-17,0.0
2014-10-18,0.0
2014-10-19,0.0
2014-10-20,0.13881342613703293
2014-10-21,0.14839668306439538
2014-10-22,0.14839668306439538
2014-10-23,0.14839668306439538
2014-10-24,0.14839668306439538
2014-10-25,0.14839668306439538
2014-10-26,0.0
2014-10-27,0.0
2014-10-28,0.0
2014-10-29,0.7282757671689928
2014-10-30,0.6324167633389742
2014-10-31,0.0
2014-11-01,0.1257663257697588
2014-11-02,0.0
2014-11-03,0.0
2014-11-04,0.0
2014-11-05,3.692329561313371
2014-11-06,2.7925929581327114
2014-11-07,0.004738692470083872
2014-11-08,0.0
2014-11-09,0.0
2014-11-10,0.0
2014-11-11,0.0
2014-11-12,0.0
2014-11-13,0.07246188023174445
2014-11-14,0.1446755605654046
2014-11-15,0.0
2014-11-16,0.0005065005231333969
2014-11-17,16.831227601604205
2014-11-18,0.0
2014-11-19,0.0
2014-11-20,0.0
2014-11-21,0.0
2014-11-22,0.1749718668293711
2014-11-23,53.112957740851144
2014-11-24,14.42976678319108
2014-11-25,35.243895853907475
2014-11-26,13.778099601501644
2014-11-27,0.0
2014-11-28,0.0
2014-11-29,0.0
2014-11-30,0.0
2014-12-01,0.0
2014-12-02,0.14227945108374357
2014-12-03,0.7503388052829412
2014-12-04,0.7998176034080756
2014-12-05,0.003852723943859288
2014-12-06,1.3276102913555878
2014-12-07,0.17503301035013977
2014-12-08,0.16294953438976198
2014-12-09,0.06493765841784663
2014-12-10,0.0
2014-12-11,0.0
2014-12-12,0.0
2014-12-13,0.0
2014-12-14,0.0
2014-12-15,0.0
2014-12-16,0.0
2014-12-17,0.0
2014-12-18,0.0
2014-12-19,0.0
2014-12-20,0.0
2014-12-21,6.230553262862441
2014-12-22,8.108616733951028
2014-12-23,41.65844878579753
2014-12-24,83.06032126208001
2014-12-25,0.9148192662758022
2014-12-26,0.0
2014-12-27,0.0
2014-12-28,0.9601497669735041
2014-12-29,25.905137106657737
2014-12-30,0.12008219825446664
2014-12-31,0.33067337634059035
2015-01-01,0.0002703900958560731
2015-01-02,0.6374155770422515
2015-01-03,1.5670755069150253
2015-01-04,29.020240519291377
2015-01-05,0.0006604373269755381
2015-01-06,0.021893494968201744
2015-01-07,0.021893494968201744
2015-01-08,0.021893494968201744
2015-01-09,0.04406026807555924
2015-01-10,0.27336049331453915
2015-01-11,0.531051181730736
2015-01-12,13.924875349559484
2015-01-13,2.430210351495816
2015-01-14,1.674567930920771
2015-01-15,3.215529482875665
2015-01-16,1.696956634604965
2015-01-17,0.00011696607865922337
2015-01-18,0.00788124913550923
2015-01-19,0.00011696607865922337
2015-01-20,0.00011696607865922337
2015-01-21,9.385772960488209e-05
2015-01-22,9.385772960488209e-05
2015-01-23,49.81825613107088
2015-01-24,5.928341241670236
2015-01-25,9.385772960488209e-05
2015-01-26,0.2776140272403896
2015-01-27,0.00019391943076537736
2015-01-28,0.00019391943076537736
2015-01-29,0.00019391943076537736
2015-01-30,0.3775485750779248
2015-01-31,0.00019391943076537736
2015-02-01,0.039146323207291604
2015-02-02,15.630977823042722
2015-02-03,9.968370716786418e-05
2015-02-04,3.65155544753769
2015-02-05,19.371480718047813
2015-02-06,0.00020308706051300467
2015-02-07,0.00020308706051300467
2015-02-08,0.00020308706051300467
2015-02-09,6.769504329146394
2015-02-10,0.1299192096665081
2015-02-11,0.3071854135569527
2015-02-12,0.3071854135569527
2015-02-13,0.3071854135569527
2015-02-14,0.3071854135569527
2015-02-15,0.3071854135569527
2015-02-16,0.08828539351326352
2015-02-17,8.513188066836829
2015-02-18,0.000829791555482827
2015-02-19,6.142521538983775e-05
2015-02-20,6.142521538983775e-05
2015-02-21,8.066612564472594e-05
2015-02-22,3.063556521746031
2015-02-23,3.633797124058284
2015-02-24,10.398463043592749
2015-02-25,16.820007300097494
2015-02-26,37.16688669985315
2015-02-27,0.0012846345405479287
2015-02-28,3.6335158682984297
2015-03-01,0.0
2015-03-02,0.0
2015-03-03,0.0
2015-03-04,0.0
2015-03-05,0.0
2015-03-06,0.0
2015-03-07,0.0
2015-03-08,0.0
2015-03-09,0.0
2015-03-10,0.0
2015-03-11,0.9344806227808923
2015-03-12,4.275728334352752
2015-03-13,17.66875698153672
2015-03-14,7.64792453186494
2015-03-15,0.001229431911272464
2015-03-16,0.00013824424611793684
2015-03-17,0.00013824424611793684
2015-03-18,0.00013824424611793684
2015-03-19,8.039981396610601
2015-03-20,2.984506209241376
2015-03-21,0.0
2015-03-22,0.0
2015-03-23,0.0
2015-03-24,0.0
2015-03-25,0.0
2015-03-26,7.885075966564405
2015-03-27,4.19494845061696
2015-03-28,0.0009124117674114803
2015-03-29,0.0009124117674114803
2015-03-30,6.3122759507281465
2015-03-31,4.477787342354688
2015-04-01,4.045912523205386
2015-04-02,0.42477351948416836
2015-04-03,6.54558119831613e-05
2015-04-04,0.33009144741022006
2015-04-05,6.192083720456559e-05
2015-04-06,0.6078754163748883
2015-04-07,0.5900341605992659
2015-04-08,0.6712982304989167
2015-04-09,1.0623270392714321
2015-04-10,0.03118593126127242
2015-04-11,8.637909209346759
2015-04-12,24.209179422969566
2015-04-13,15.687555594132446
2015-04-14,10.679000581242912
2015-04-15,13.980723686571926
2015-04-16,5.7920831885990065
2015-04-17,4.228217368790939
2015-04-18,22.97898126163883
2015-04-19,25.89072922491907
2015-04-20,0.6737305987096994
2015-04-21,0.4072143822580119
2015-04-22,2.702829682685877e-05
2015-04-23,0.08940109578038521
2015-04-24,2.702829682685877e-05
2015-04-25,2.2717100850794023
2015-04-26,0.020195629161871505
2015-04-27,0.00034017841215142736
2015-04-28,5.771613835851764
2015-04-29,44.66019452403569
2015-04-30,0.0042901421565823515
2015-05-01,0.0
2015-05-02,0.0
2015-05-03,0.0
2015-05-04,0.0
2015-05-05,0.0
2015-05-06,0.006259061714371202
2015-05-07,0.005945553064473818
2015-05-08,0.21393748939469634
2015-05-09,0.23415630312546323
2015-05-10,0.8664680943010552
2015-05-11,0.05965666468864582
2015-05-12,0.7904685698258844
2015-05-13,0.0005617088614378547
2015-05-14,0.15185231152723153
2015-05-15,0.18055865572867819
2015-05-16,0.061271851205189964
2015-05-17,0.4223625731377085
2015-05-18,0.5965267638898452
2015-05-19,1.5413223473699147
2015-05-20,0.7992509074340078
2015-05-21,0.00043457272997238396
2015-05-22,2.7211804705855666e-05
2015-05-23,2.7211804705855666e-05
2015-05-24,0.00324279024194951
2015-05-25,1.341709263430212
2015-05-26,6.43169921583873
2015-05-27,17.492463781756317
2015-05-28,0.17035310341594853
2015-05-29,0.0013563245450404604
2015-05-30,0.47769203169987795
2015-05-31,1.2194177748055868
2015-06-01,3.3846893161988247
2015-06-02,5.6187995118281195
2015-06-03,23.209528611414402
2015-06-04,5.732601451974775
2015-06-05,0.146188044699706
2015-06-06,0.01195788514614093
2015-06-07,0.5295588607144537
2015-06-08,0.4487395047689238
2015-06-09,2.0768918071784483
2015-06-10,9.135128201956501
2015-06-11,2.4383328273619402
2015-06-12,0.1158993031088527
2015-06-13,0.49997309060440276
2015-06-14,0.6552937601820004
2015-06-15,0.01251630971045661
2015-06-16,0.7947909900138057
2015-06-17,0.524029360889463
2015-06-18,0.30218007596029556
2015-06-19,0.4441135164552845
2015-06-20,0.005308881265694051
2015-06-21,0.6036957242191501
2015-06-22,3.8781172033959916
2015-06-23,28.740532908895037
2015-06-24,0.8832983385806733
2015-06-25,2.115784484979802
2015-06-26,0.7295129829812841
2015-06-27,7.545362616416366
2015-06-28,9.358622347242612
2015-06-29,0.015602590981674831
2015-06-30,0.6784103321678676
2015-07-01,13.899657046756712
2015-07-02,7.9776827613075225
2015-07-03,0.20515626802566672
2015-07-04,0.8808697026573852
2015-07-05,16.96444196378362
2015-07-06,0.022931633464013366
2015-07-07,0.004856173326995194
2015-07-08,0.0017622946260072293
2015-07-09,0.031417453908922824
2015-07-10,0.008349817588216629
2015-07-11,0.7037537808881646
2015-07-12,4.308767164626337
2015-07-13,0.0088388032254163
2015-07-14,5.198744984942114
2015-07-15,4.752074679784319
2015-07-16,9.703077829392937
2015-07-17,0.3438615385530195
2015-07-18,0.20315101170127406
2015-07-19,5.662554671399174
2015-07-20,1.4899272898834535
2015-07-21,11.72755932729234
2015-07-22,1.612106797204949
2015-07-23,22.22242305477165
2015-07-24,4.637359578276789
2015-07-25,2.2594922140178073
2015-07-26,5.6982157732265e-05
2015-07-27,0.0001376182343910775
2015-07-28,0.026831117489352404
2015-07-29,0.26316829842563694
2015-07-30,3.6816049890895903
2015-07-31,13.139819245332186
2015-08-01,7.720217491486885
2015-08-02,3.5801762614300277
2015-08-03,0.9764188479710432
2015-08-04,1.0358328130050052
2015-08-05,0.8720796945052606
2015-08-06,9.67883015863323
2015-08-07,19.68032494669123
2015-08-08,1.4618513924240182
2015-08-09,0.024817778587972177
2015-08-10,0.1309608797728976
2015-08-11,1.3205156184063493
2015-08-12,0.9729636728294662
2015-08-13,0.17435695300557558
2015-08-14,2.6328283781935863e-05
2015-08-15,0.11364919817246796
2015-08-16,4.881534971319717
2015-08-17,3.0913255787660434
2015-08-18,9.211123388327927
2015-08-19,4.250127679937517
2015-08-20,9.921522409082556
2015-08-21,1.418580605693445
2015-08-22,3.800196022777113
2015-08-23,12.066141662666059
2015-08-24,4.765433546049318
2015-08-25,0.009152392876427586
2015-08-26,0.00013131494041866815
2015-08-27,0.0031576004777151617
2015-08-28,4.479988417844774
2015-08-29,9.634406498993815
2015-08-30,35.85909631692133
2015-08-31,0.7181456110795953
2015-09-01,0.0068314205779198105
2015-09-02,9.826031553836303
2015-09-03,0.5941661276681331
2015-09-04,1.5494592774876612
2015-09-05,1.090844523710887
2015-09-06,2.1558438724244975
2015-09-07,4.100284887878621
2015-09-08,13.174147689278408
2015-09-09,1.2945254891189464
2015-09-10,2.1629306412615934
2015-09-11,1.5762473867445252
2015-09-12,18.75845303750593
2015-09-13,0.049852620044680676
2015-09-14,0.00010272401730651366
2015-09-15,0.00010272401730651366
2015-09-16,4.611697092546446
2015-09-17,0.047700171869635585
2015-09-18,0.1186226290685021
2015-09-19,0.0019510298831274479
2015-09-20,4.985829791884307e-05
2015-09-21,0.36606555615469333
2015-09-22,1.2197747213609667
2015-09-23,0.07697997737216798
2015-09-24,9.558481445160833
2015-09-25,0.1549949172209328
2015-09-26,1.783571812813717
2015-09-27,1.7150256531315167
2015-09-28,3.2276313839807016
2015-09-29,4.968901990764247
2015-09-30,2.8839157279767482
2015-10-01,18.29227909576715
2015-10-02,5.3386502631722275
2015-10-03,3.996784649458827
2015-10-04,11.416780997773204
2015-10-05,7.915896252722803
2015-10-06,0.02387666088736481
2015-10-07,6.15691330693888e-05
2015-10-08,0.0010153660549760749
2015-10-09,0.3350015643171691
2015-10-10,2.6499218218774088
2015-10-11,0.35119479476730764
2015-10-12,0.20382233546105769
2015-10-13,0.4744144603149356
2015-10-14,0.00011926142938587589
2015-10-15,0.00011926142938587589
2015-10-16,0.019889984888164465
2015-10-17,0.019889984888164465
2015-10-18,0.019889984888164465
2015-10-19,0.019889984888164465
2015-10-20,0.019889984888164465
2015-10-21,0.04629269235590184
2015-10-22,0.026738105957397038
2015-10-23,0.0266394191120382
2015-10-24,0.0266394191120382
2015-10-25,1.7530738622676585
2015-10-26,1.8875670764160521
2015-10-27,8.535525055951032
2015-10-28,0.9926538023584628
2015-10-29,0.06037533747088294
2015-10-30,0.21842861377928532
2015-10-31,0.00010026700314925516
2015-11-01,3.2731768930951533
2015-11-02,6.729585316662348
2015-11-03,41.93595448713707
2015-11-04,16.36988491758476
2015-11-05,2.194698164745031
2015-11-06,0.7698396914618952
2015-11-07,1.7229158380537575
2015-11-08,30.229726159808735
2015-11-09,25.504275561186798
2015-11-10,1.224426005061479
2015-11-11,0.10838445850909581
2015-11-12,0.3832021976311305
2015-11-13,0.10838445850909581
2015-11-14,0.10838445850909581
2015-11-15,0.10838445850909581
2015-11-16,0.0004013398257961136
2015-11-17,0.17964117318952577
2015-11-18,10.06983742906917
2015-11-19,19.15027924725865
2015-11-20,0.0005161567835011491
2015-11-21,0.15307326938351834
2015-11-22,0.5534730223182374
2015-11-23,1.3921710706986968e-05
2015-11-24,1.3921710706986968e-05
2015-11-25,1.3921710706986968e-05
2015-11-26,0.20021398671212756
2015-11-27,0.25187286224329875
2015-11-28,0.013936760361589744
2015-11-29,0.10538314709083586
2015-11-30,0.013936760361589744
2015-12-01,0.9732051866979232
2015-12-02,39.25520146185405
2015-12-03,0.13821395266937309
2015-12-04,0.00022312903453831733
2015-12-05,0.023679784664533538
2015-12-06,0.25417971600827877
2015-12-07,0.25417971600827877
2015-12-08,0.25417971600827877
2015-12-09,0.25417971600827877
2015-12-10,0.25423518632491404
2015-12-11,0.012708276745799708
2015-12-12,7.790639782715585e-06
2015-12-13,0.0020201083827714327
2015-12-14,0.06153100991772608
2015-12-15,0.0005203804902776091
2015-12-16,3.0051101421769055e-07
2015-12-17,0.02805016887334814
2015-12-18,0.009964581369180993
2015-12-19,3.0051101421769055e-07
2015-12-20,3.0051101421769055e-07
2015-12-21,0.38678524184724034
2015-12-22,17.50294773976531
2015-12-23,38.48779574765643
2015-12-24,5.934394385749154
2015-12-25,0.0618939155147299
2015-12-26,0.4208938911704813
2015-12-27,0.5607382236634227
2015-12-28,0.16484742258749277
2015-12-29,5.211125606048905
2015-12-30,5.81470377523918
2015-12-31,27.64686736390756
2016-01-01,23.97779561096151
2016-01-02,0.0006979450166139932
2016-01-03,0.002351064192042075
2016-01-04,0.06380077676420913
2016-01-05,0.0
2016-01-06,0.0
2016-01-07,0.015417926517468055
2016-01-08,8.23987070487636
2016-01-09,1.123602695406551
2016-01-10,4.036033227157072
2016-01-11,0.0
2016-01-12,0.0
2016-01-13,0.0
2016-01-14,0.0
2016-01-15,10.288235913107034
2016-01-16,0.034039824749253586
2016-01-17,13.907195329941933
2016-01-18,0.0
2016-01-19,0.0
2016-01-20,0.0
2016-01-21,0.7492761710375084
2016-01-22,18.61440125788203
2016-01-23,0.3325171558090773
2016-01-24,0.0
2016-01-25,0.0
2016-01-26,0.0
2016-01-27,3.3089111701031997
2016-01-28,15.701008558188931
2016-01-29,0.6416862404020001
2016-01-30,0.0
2016-01-31,0.0
2016-02-01,0.07019858725459203
2016-02-02,0.04462414389436995
2016-02-03,21.03012886775412
2016-02-04,55.61356401030899
2016-02-05,0.0
2016-02-06,0.43508733428014085
2016-02-07,1.5860063983974377
2016-02-08,0.5653984516882931
2016-02-09,0.00909400452102981
2016-02-10,0.0
2016-02-11,0.0
2016-02-12,2.9598278635839996
2016-02-13,0.0
2016-02-14,0.0
2016-02-15,1.0979044689802833
2016-02-16,23.519251594735714
2016-02-17,0.0
2016-02-18,0.0
2016-02-19,0.0
2016-02-20,0.0
2016-02-21,0.0087466330661
2016-02-22,1.9841635967343916
2016-02-23,0.2738186470854331
2016-02-24,27.658671277686498
2016-02-25,0.0
2016-02-26,0.0
2016-02-27,0.0
2016-02-28,0.0
2016-02-29,0.7781325108865369
2016-03-01,0.003207541633635541
2016-03-02,1.8526413840499592
2016-03-03,0.039927818157324595
2016-03-04,12.67229327726888
2016-03-05,0.0
2016-03-06,0.0
2016-03-07,0.0
2016-03-08,0.0
2016-03-09,0.0
2016-03-10,0.0
2016-03-11,0.0
2016-03-12,0.0
2016-03-13,1.096767905784534
2016-03-14,0.005688229317079896
2016-03-15,0.0
2016-03-16,0.6222635709664923
2016-03-17,8.8187897495835
2016-03-18,7.089687388469411
2016-03-19,13.442506446143716
2016-03-20,0.22061386698233396
2016-03-21,0.0
2016-03-22,0.0
2016-03-23,0.0
2016-03-24,0.09028199968332339
2016-03-25,12.105925904782014
2016-03-26,26.20585705444731
2016-03-27,16.180898195403852
2016-03-28,3.503640060024167
2016-03-29,0.0
2016-03-30,0.0
2016-03-31,0.301701148229973
2016-04-01,21.703220727192118
2016-04-02,55.32824802740991
2016-04-03,0.0
2016-04-04,0.0
2016-04-05,0.0
2016-04-06,0.0
2016-04-07,0.0
2016-04-08,0.0
2016-04-09,0.0
2016-04-10,0.0
2016-04-11,0.00805950698959381
2016-04-12,6.978050034810669
2016-04-13,0.6604439224292833
2016-04-14,7.544044836247855
2016-04-15,3.337231748973912
2016-04-16,6.065867428788462
2016-04-17,0.0
2016-04-18,0.0
2016-04-19,0.0
2016-04-20,0.0
2016-04-21,0.2130854739931666
2016-04-22,3.2912637667719995
2016-04-23,0.6554715259121037
2016-04-24,0.0
2016-04-25,0.06014481666936677
2016-04-26,0.30651070221848004
2016-04-27,0.2960824323964654
2016-04-28,4.708716393568614
2016-04-29,0.12564223365084357
2016-04-30,0.4344611065727078
2016-05-01,1.8244627377956764
2016-05-02,5.350403761518956
2016-05-03,4.628015347547592
2016-05-04,5.005510549226619
2016-05-05,0.0
2016-05-06,0.0
2016-05-07,0.0
2016-05-08,0.0
2016-05-09,0.0
2016-05-10,6.6402918966224425
2016-05-11,0.0
2016-05-12,0.0
2016-05-13,0.0
2016-05-14,0.0
2016-05-15,0.0
2016-05-16,0.025740948299352553
2016-05-17,6.488841398972622
2016-05-18,5.1823315773258525
2016-05-19,11.496492799684024
2016-05-20,8.622764834289951
2016-05-21,6.6174156126474415
2016-05-22,0.13058264212671206
2016-05-23,0.0
2016-05-24,0.0
2016-05-25,0.0
2016-05-26,0.09061032334633982
2016-05-27,0.002325395723307962
2016-05-28,0.18654486867365092
2016-05-29,0.0008056093176450316
2016-05-30,0.20772724641846868
2016-05-31,1.1469748678513498
2016-06-01,1.0006015128698142
2016-06-02,6.3171109056997885
2016-06-03,0.4384852926926515
2016-06-04,2.603966201579896
2016-06-05,10.227199352009249
2016-06-06,53.47267165105816
2016-06-07,7.180446765372998
2016-06-08,0.0
2016-06-09,0.0
2016-06-10,0.0
2016-06-11,0.0
2016-06-12,0.0
2016-06-13,0.0
2016-06-14,0.0
2016-06-15,0.0
2016-06-16,3.9838379895826357
2016-06-17,12.26809629812306
2016-06-18,22.801834249573478
2016-06-19,4.342371495225269e-07
2016-06-20,0.0
2016-06-21,0.0
2016-06-22,2.123614521550677e-07
2016-06-23,0.0
2016-06-24,0.0
2016-06-25,0.176607117144487
2016-06-26,3.3273856583430454
2016-06-27,0.2286441530722256
2016-06-28,0.47225774244112556
2016-06-29,3.7550247114290842
2016-06-30,3.1527787775606515
2016-07-01,0.423999360768478
2016-07-02,0.021211598946307923
2016-07-03,0.033156977466106255
2016-07-04,0.03135759649934497
2016-07-05,0.23921101368908074
2016-07-06,0.7065828696948218
2016-07-07,0.2834168484661154
2016-07-08,0.9772410017293571
2016-07-09,13.141559659415265
2016-07-10,1.1981029229990492
2016-07-11,0.14664640975401302
2016-07-12,0.007973144599310377
2016-07-13,0.17217949510384614
2016-07-14,0.06392106480660856
2016-07-15,0.33290265256775653
2016-07-16,1.8946517260056808
2016-07-17,4.1235636466931265
2016-07-18,4.827671702802186
2016-07-19,8.395779147093277
2016-07-20,0.6129138469948283
2016-07-21,10.108936553637493
2016-07-22,0.43612020331045476
2016-07-23,0.9399328373784099
2016-07-24,3.494004118732173
2016-07-25,0.49237182037361177
2016-07-26,0.23815012142143022
2016-07-27,0.026431195653983306
2016-07-28,0.029686808161528168
2016-07-29,0.6328933004714611
2016-07-30,0.07473292083213164
2016-07-31,2.3196807368427823
2016-08-01,4.134139589142102
2016-08-02,1.9983442799056306
2016-08-03,2.4867568449409756
2016-08-04,16.531204750343747
2016-08-05,6.222379116459941
2016-08-06,0.7801022126873568
2016-08-07,0.04932965011657778
2016-08-08,3.401595359100211
2016-08-09,4.050972775512851
2016-08-10,2.0285694979857936
2016-08-11,4.063441539507593
2016-08-12,3.833211569172462
2016-08-13,2.4622112762345676
2016-08-14,0.5397097051869989
2016-08-15,3.990823517423171
2016-08-16,7.1417135204984294
2016-08-17,4.395528000843906
2016-08-18,4.328888428020941
2016-08-19,7.7336353048003526
2016-08-20,0.34525917124681355
2016-08-21,4.206448281801772
2016-08-22,5.762884294373999
2016-08-23,3.4585690899220785
2016-08-24,0.22047858113182817
2016-08-25,0.0
2016-08-26,0.0001697474616714964
2016-08-27,0.052725593539211864
2016-08-28,0.00538890595255901
2016-08-29,0.6326347034662012
2016-08-30,0.11205914646554223
2016-08-31,1.016037417244465
2016-09-01,2.2473230245163243
2016-09-02,95.73305811023151
2016-09-03,0.10423846953125042
2016-09-04,2.253520922290385
2016-09-05,0.00042904193872723794
2016-09-06,0.20123221793847867
2016-09-07,0.20123221793847867
2016-09-08,0.20123221793847867
2016-09-09,0.20123221793847867
2016-09-10,0.2621236485976851
2016-09-11,0.168976053733432
2016-09-12,5.457352393565754
2016-09-13,7.1580864891168945
2016-09-14,3.0143461516956007
2016-09-15,0.007470880195279805
2016-09-16,0.18923907917457167
2016-09-17,0.09465901537418737
2016-09-18,1.0593990894339067
2016-09-19,3.816414637150865
2016-09-20,0.17270588368948256
2016-09-21,0.0013243006096765601
2016-09-22,0.31820791974215556
2016-09-23,0.05487045448251763
2016-09-24,0.09865837029784999
2016-09-25,0.6383188019099888
2016-09-26,0.6386595332669753
2016-09-27,0.011747394706011766
2016-09-28,0.29965319149561703
2016-09-29,0.00088983398152971
2016-09-30,0.0
2016-10-01,0.0
2016-10-02,0.0
2016-10-03,0.32658475824809624
2016-10-04,0.1166526912773553
2016-10-05,0.3898225131581499
2016-10-06,0.3145865329959059
2016-10-07,9.874472668707382
2016-10-08,8.860853091208991
2016-10-09,0.0
2016-10-10,0.0
2016-10-11,0.0
2016-10-12,0.0019086259615663439
2016-10-13,0.0
2016-10-14,0.0
2016-10-15,0.8013990516753505
2016-10-16,0.10657413103274804
2016-10-17,0.020473497432825862
2016-10-18,0.0
2016-10-19,0.0
2016-10-20,0.0
2016-10-21,0.14104181398011867
2016-10-22,0.14104181398011867
2016-10-23,0.14104181398011867
2016-10-24,0.14104181398011867
2016-10-25,0.14104181398011867
2016-10-26,0.4877725973811276
2016-10-27,0.0014981919873359563
2016-10-28,0.0014981919873359563
2016-10-29,0.0014981919873359563
2016-10-30,0.0014981919873359563
2016-10-31,0.0014981919873359563
2016-11-01,0.015540768281443266
2016-11-02,0.7601314933561559
2016-11-03,7.647939724910034e-05
2016-11-04,0.06886027865908377
2016-11-05,0.0
2016-11-06,0.66668452267882
2016-11-07,0.66668452267882
2016-11-08,0.66668452267882
2016-11-09,0.66668452267882
2016-11-10,0.66668452267882
2016-11-11,0.0
2016-11-12,0.0
2016-11-13,2.208839737834068
2016-11-14,0.9047797183599335
2016-11-15,0.0
2016-11-16,0.0035107325903734003
2016-11-17,0.0
2016-11-18,0.0
2016-11-19,0.0003513345570853002
2016-11-20,0.0
2016-11-21,0.0
2016-11-22,0.0
2016-11-23,0.3240005995466538
2016-11-24,0.006651693173895886
2016-11-25,0.12223433084657717
2016-11-26,0.0
2016-11-27,0.0
2016-11-28,0.19456589008270408
2016-11-29,1.6685446699471305
2016-11-30,1.6765111413613456
2016-12-01,10.259640265476284
2016-12-02,0.0
2016-12-03,0.0
2016-12-04,3.943325650982909
2016-12-05,36.08082923522187
2016-12-06,107.59969436350627
2016-12-07,0.17166256117783643
2016-12-08,0.055105309425794446
2016-12-09,0.0
2016-12-10,0.0
2016-12-11,0.0036373337716633833
2016-12-12,0.08853598390764547
2016-12-13,0.9047036813787552
2016-12-14,3.195369769349275
2016-12-15,0.07506462947586702
2016-12-16,0.0
2016-12-17,0.05915265348328211
2016-12-18,5.55878596450213
2016-12-19,14.097588019772777
2016-12-20,0.6980936873520336
2016-12-21,0.0
2016-12-22,0.0
2016-12-23,0.0
2016-12-24,0.0
2016-12-25,0.0
2016-12-26,0.04176771445832706
2016-12-27,0.6293017253523591
2016-12-28,0.2902608870564196
2016-12-29,16.538882064837853
2016-12-30,0.0
2016-12-31,0.16380465471993216
2017-01-01,28.887536037189463
2017-01-02,10.72516016490192
2017-01-03,7.042259768717207
2017-01-04,0.007694718440393697
2017-01-05,0.0
2017-01-06,1.4211365139320384
2017-01-07,17.479381184882506
2017-01-08,0.0
2017-01-09,0.0
2017-01-10,0.0006974374781839912
2017-01-11,8.719584099471196e-05
2017-01-12,0.0
2017-01-13,0.0
2017-01-14,0.0
2017-01-15,0.0020913204749856184
2017-01-16,0.15261862694445377
2017-01-17,0.014193722389694744
2017-01-18,0.8575220358341744
2017-01-19,0.0003193176812295584
2017-01-20,4.38017437358566
2017-01-21,25.236712289732505
2017-01-22,54.622004957764894
2017-01-23,7.036958588777587
2017-01-24,0.0
2017-01-25,0.0
2017-01-26,2.056831204363201
2017-01-27,0.0
2017-01-28,0.0
2017-01-29,0.0
2017-01-30,0.0008725892219031563
2017-01-31,0.0
2017-02-01,0.0
2017-02-02,2.4348634582938986e-05
2017-02-03,0.002552016277631718
2017-02-04,7.475177565521178e-05
2017-02-05,0.0060888967856255
2017-02-06,0.0036506820662022803
2017-02-07,3.1578011562820323
2017-02-08,17.701388523126216
2017-02-09,9.487245045822624
2017-02-10,0.0
2017-02-11,0.0
2017-02-12,0.13531119792745028
2017-02-13,0.00038640349214647684
2017-02-14,4.2448908530704917e-05
2017-02-15,2.4973757193034074
2017-02-16,0.0
2017-02-17,0.0
2017-02-18,6.599819664489054
2017-02-19,0.8122632528125484
2017-02-20,0.0
2017-02-21,0.46527388992412044
2017-02-22,6.094533795842113
2017-02-23,0.4791126871168417
2017-02-24,0.0
2017-02-25,0.5912177477163126
2017-02-26,0.0
2017-02-27,1.3407416436963664
2017-02-28,2.1649418537129894
2017-03-01,0.0026276596893261748
2017-03-02,1.349196016446725
2017-03-03,0.0
2017-03-04,0.0
2017-03-05,0.0
2017-03-06,0.40487854048679345
2017-03-07,0.0
2017-03-08,0.44426919759616834
2017-03-09,0.0
2017-03-10,0.23547627552903347
2017-03-11,0.00015975921691097777
2017-03-12,1.8936099052587796
2017-03-13,16.48630300184587
2017-03-14,9.817244829949681
2017-03-15,0.0
2017-03-16,0.0
2017-03-17,0.0
2017-03-18,0.0
2017-03-19,0.0
2017-03-20,0.0
2017-03-21,0.0
2017-03-22,0.0
2017-03-23,0.0
2017-03-24,0.0
2017-03-25,0.0
2017-03-26,0.9675236684123462
2017-03-27,0.06464446713018308
2017-03-28,0.26560146384437905
2017-03-29,0.01902638053956495
2017-03-30,0.027679080487894817
2017-03-31,4.088160354897519
2017-04-01,0.0
2017-04-02,0.0
2017-04-03,42.761438553674516
2017-04-04,1.606321488270045
2017-04-05,12.588664534314983
2017-04-06,0.05411914713266181
2017-04-07,0.0
2017-04-08,0.0
2017-04-09,0.0
2017-04-10,0.0
2017-04-11,0.0
2017-04-12,0.0
2017-04-13,0.0
2017-04-14,0.0
2017-04-15,0.0
2017-04-16,0.0
2017-04-17,0.0
2017-04-18,0.0
2017-04-19,0.0
2017-04-20,0.0
2017-04-21,0.0
2017-04-22,0.0
2017-04-23,0.0
2017-04-24,0.0
2017-04-25,0.0
2017-04-26,0.0
2017-04-27,6.262593418578426
2017-04-28,2.3122075640058624
2017-04-29,1.7512767101039604
2017-04-30,0.0003734534400317011
2017-05-01,1.2567771154900444
2017-05-02,0.0
2017-05-03,0.0
2017-05-04,19.19029026626191
2017-05-05,4.6146718833463805
2017-05-06,0.0
2017-05-07,0.0
2017-05-08,0.0
2017-05-09,0.0
2017-05-10,0.0
2017-05-11,0.0
2017-05-12,0.0
2017-05-13,12.406974492259867
2017-05-14,0.51637907140115
2017-05-15,0.0
2017-05-16,0.0
2017-05-17,0.0
2017-05-18,0.17953709277997473
2017-05-19,0.0
2017-05-20,9.027315542108237
2017-05-21,19.588674345747236
2017-05-22,7.752713689213712
2017-05-23,47.088299205839704
2017-05-24,22.990080573596224
2017-05-25,3.8984294555808705
2017-05-26,0.0
2017-05-27,0.0
2017-05-28,0.07309310607457452
2017-05-29,0.696418053551897
2017-05-30,0.6727384383750517
2017-05-31,0.31127835135310455
2017-06-01,1.6297472304981484
2017-06-02,31.16570246075974
2017-06-03,0.9940174595445949
2017-06-04,0.5938934010444361
2017-06-05,2.584992350795544
2017-06-06,15.15348640124478
2017-06-07,16.510025409105953
2017-06-08,0.3428207878746435
2017-06-09,4.358397213857905e-05
2017-06-10,0.0005910585415772172
2017-06-11,6.05284054377946
2017-06-12,4.315243507481297
2017-06-13,1.2789546082333318
2017-06-14,0.24968181475681753
2017-06-15,7.750394256278357
2017-06-16,0.6783718468468678
2017-06-17,1.8476984658234652
2017-06-18,0.5483049687976954
2017-06-19,2.379323013187695
2017-06-20,10.924019183265663
2017-06-21,15.376410876147919
2017-06-22,4.408106974875643
2017-06-23,1.515510213935436
2017-06-24,11.80073116500944
2017-06-25,4.544889769735707
2017-06-26,0.9087388576763614
2017-06-27,0.3551604656475153
2017-06-28,0.41750540818796095
2017-06-29,11.200735201726172
2017-06-30,13.961920043512656
2017-07-01,3.8359863271929
2017-07-02,2.8567760676534157
2017-07-03,1.0510766895186883
2017-07-04,0.13483981828072422
2017-07-05,1.9904525853214112
2017-07-06,3.2423686647453134
2017-07-07,0.48197335678873904
2017-07-08,8.885253004361736
2017-07-09,3.4454239261583495
2017-07-10,8.703686325782646
2017-07-11,0.19471232967432883
2017-07-12,5.373467593618625
2017-07-13,2.4139878951262337
2017-07-14,1.1009700207898137
2017-07-15,8.620208501461791
2017-07-16,26.547641472120002
2017-07-17,25.873840232406323
2017-07-18,4.1230292496366125
2017-07-19,1.9806738320803339
2017-07-20,0.09469359904837223
2017-07-21,1.5108546293713934
2017-07-22,0.7401842316808256
2017-07-23,0.6591582449121969
2017-07-24,0.8767330358157879
2017-07-25,16.548210280337155
2017-07-26,8.454914619035284
2017-07-27,0.2479136451180559
2017-07-28,0.11649628398189989
2017-07-29,7.544470810509036
2017-07-30,1.4509139285001467
2017-07-31,0.0
2017-08-01,0.0
2017-08-02,0.2700493562230376
2017-08-03,4.257157042398468
2017-08-04,14.944677434611894
2017-08-05,14.48916720018982
2017-08-06,0.2072337462609165
2017-08-07,0.20469466526931376
2017-08-08,1.4211876761605122
2017-08-09,1.6826224824531133
2017-08-10,2.0678831315226947
2017-08-11,0.7958583864495027
2017-08-12,1.8537324927334662
2017-08-13,0.9093680758471914
2017-08-14,2.9966567932549806
2017-08-15,0.6619136421304705
2017-08-16,0.0318187678217536
2017-08-17,0.18898989943337877
2017-08-18,0.03100503260491347
2017-08-19,0.0008405185823353198
2017-08-20,0.007554997960751451
2017-08-21,0.19779996170998768
2017-08-22,0.023559029900719165
2017-08-23,0.04214895698796017
2017-08-24,0.5249979887619207
2017-08-25,4.415728603258535
2017-08-26,3.0420496576195877
2017-08-27,4.211242209060073
2017-08-28,2.534744085839758
2017-08-29,0.014583123341755794
2017-08-30,3.504991285846763
2017-08-31,17.01795489914784
2017-09-01,7.86943080827717
2017-09-02,1.6372166880263843
2017-09-03,0.006791654607604171
2017-09-04,4.318989317768507
2017-09-05,0.5282166229500875
2017-09-06,1.2031156593348422
2017-09-07,0.01724519394105826
2017-09-08,0.0
2017-09-09,0.02619992091023896
2017-09-10,9.664907293472691
2017-09-11,114.59419599101236
2017-09-12,1.361989523127193
2017-09-13,1.2227331173730758
2017-09-14,0.15409295554039756
2017-09-15,0.3589412524759199
2017-09-16,0.22314081065474417
2017-09-17,1.2356660510796004e-08
2017-09-18,0.0008279488378738884
2017-09-19,0.00589838118559515
2017-09-20,1.3636878246425996
2017-09-21,3.929231284384925
2017-09-22,2.0052193636144735
2017-09-23,0.9763206049747153
2017-09-24,0.0
2017-09-25,0.0
2017-09-26,0.0
2017-09-27,0.15209670577277493
2017-09-28,0.0
2017-09-29,0.003427077672224259
2017-09-30,1.9968210075010777
2017-10-01,0.09854446277361796
2017-10-02,0.08206478693990482
2017-10-03,0.07361985057662174
2017-10-04,0.011281302934719337
2017-10-05,0.8450196894305197
2017-10-06,0.8584271377294289
2017-10-07,0.5169758480079848
2017-10-08,4.617354089430556
2017-10-09,1.2297797246243114
2017-10-10,8.502646116169227
2017-10-11,5.071975568322699
2017-10-12,0.5587777068667271
2017-10-13,0.26708830635641506
2017-10-14,0.07172739580675352
2017-10-15,0.38554592480651645
2017-10-16,0.13808173375332522
2017-10-17,0.01516131838292377
2017-10-18,0.0
2017-10-19,0.0
2017-10-20,0.0
2017-10-21,0.0
2017-10-22,0.3458522584828286
2017-10-23,16.10500129488708
2017-10-24,0.00012258784940626035
2017-10-25,0.0
2017-10-26,0.0
2017-10-27,0.0
2017-10-28,0.02076551310954831
2017-10-29,0.7600512569631311
2017-10-30,0.0
2017-10-31,0.0
2017-11-01,0.0
2017-11-02,0.03727972717703648
2017-11-03,0.0
2017-11-04,0.9648548371692839
2017-11-05,0.013094416695482836
2017-11-06,0.00011287277130803361
2017-11-07,0.03857834013579313
2017-11-08,1.4217193771720742
2017-11-09,15.53542568654539
2017-11-10,0.0051598585345164535
2017-11-11,0.0
2017-11-12,0.19911541160827442
2017-11-13,0.039033898302291724
2017-11-14,0.0
2017-11-15,0.0
2017-11-16,0.0
2017-11-17,0.0
2017-11-18,0.0
2017-11-19,0.007641124423627042
2017-11-20,0.0
2017-11-21,0.48281521293649443
2017-11-22,1.1229214111110333
2017-11-23,6.063944523005997
2017-11-24,0.0
2017-11-25,0.0
2017-11-26,0.0
2017-11-27,0.0
2017-11-28,0.020885005945139864
2017-11-29,0.41683903586328647
2017-11-30,0.3417261619565544
2017-12-01,0.23363944508521964
2017-12-02,0.003990660351916964
2017-12-03,0.00523220342772556
2017-12-04,0.0
2017-12-05,0.0016583537686909874
2017-12-06,4.098766306388881
2017-12-07,7.478054729249851
2017-12-08,30.13744659396321
2017-12-09,2.8558767571728065
2017-12-10,0.0
2017-12-11,0.07345360239591635
2017-12-12,0.07345360239591635
2017-12-13,0.07345360239591635
2017-12-14,0.07345360239591635
2017-12-15,0.07345360239591635
2017-12-16,0.0
2017-12-17,0.011257539940165762
2017-12-18,0.3698781046523456
2017-12-19,0.008131249081088037
2017-12-20,0.8273572078290239
2017-12-21,0.0
2017-12-22,0.0
2017-12-23,0.0
2017-12-24,0.0
2017-12-25,0.0
2017-12-26,0.0
2017-12-27,0.0
2017-12-28,0.0
2017-12-29,0.0
2017-12-30,0.0
2017-12-31,0.0
2018-01-01,1.3152932295042072
2018-01-02,0.0
2018-01-03,1.874637552471009
2018-01-04,0.0
2018-01-05,0.0
2018-01-06,0.0
2018-01-07,0.0
2018-01-08,0.011268903980553727
2018-01-09,0.7223740680694033
2018-01-10,5.773285686458718
2018-01-11,0.003185769231747053
2018-01-12,0.018932818487119044
2018-01-13,2.691729400458847e-05
2018-01-14,0.0
2018-01-15,0.0
2018-01-16,0.0
2018-01-17,2.5885108803341064
2018-01-18,0.0
2018-01-19,0.0
2018-01-20,0.0
2018-01-21,0.1362274302098585
2018-01-22,0.14769831047112175
2018-01-23,8.99006970570499
2018-01-24,0.0
2018-01-25,0.0
2018-01-26,0.00027307603804706086
2018-01-27,0.9351153083791711
2018-01-28,22.398287761863685
2018-01-29,38.59128397849709
2018-01-30,0.0
2018-01-31,0.0
2018-02-01,0.059335632451811254
2018-02-02,2.8362186952881157
2018-02-03,0.0
2018-02-04,27.926070392172125
2018-02-05,0.31212909186777554
2018-02-06,0.0
2018-02-07,21.79602275419537
2018-02-08,3.10376312956768
2018-02-09,10.815263012859782
2018-02-10,1.5090157138511628
2018-02-11,18.09407510388167
2018-02-12,31.075480422494493
2018-02-13,0.09640132136483158
2018-02-14,0.5222978270051359
2018-02-15,0.4332345308957762
2018-02-16,0.11684462780839457
2018-02-17,0.10122440474316599
2018-02-18,0.07756698888060695
2018-02-19,0.09409615422312101
2018-02-20,0.19429005973533764
2018-02-21,0.0
2018-02-22,0.0
2018-02-23,0.0
2018-02-24,0.0
2018-02-25,0.0
2018-02-26,3.902457418791248
2018-02-27,0.00306020520409906
2018-02-28,1.352575091083387
2018-03-01,0.0
2018-03-02,0.0
2018-03-03,0.0
2018-03-04,0.0
2018-03-05,0.0
2018-03-06,1.506782479139053
2018-03-07,1.0409755170223365
2018-03-08,0.0
2018-03-09,0.0
2018-03-10,0.0
2018-03-11,2.4476365082351808
2018-03-12,16.82815884539346
2018-03-13,0.0
2018-03-14,0.0
2018-03-15,0.0
2018-03-16,0.0
2018-03-17,0.4828030486690568
2018-03-18,0.17287943694066826
2018-03-19,26.880982170266506
2018-03-20,0.9356916228911217
2018-03-21,0.0
2018-03-22,0.0
2018-03-23,0.0
2018-03-24,0.0
2018-03-25,0.0
2018-03-26,0.2873173721666783
2018-03-27,0.10034526346264847
2018-03-28,0.000866628212502853
2018-03-29,0.004144695291239786
2018-03-30,35.356741905471914
2018-03-31,0.0
2018-04-01,0.0
2018-04-02,0.0
2018-04-03,0.00021171900544871588
2018-04-04,3.906981545600845
2018-04-05,0.0
2018-04-06,0.0039037907496754514
2018-04-07,9.21886761452272
2018-04-08,0.28999972736234697
2018-04-09,0.7985281673626237
2018-04-10,1.343972307317452
2018-04-11,0.0
2018-04-12,0.0
2018-04-13,0.006647618208298875
2018-04-14,0.0016808405911751458
2018-04-15,9.98333847440095
2018-04-16,0.0
2018-04-17,0.0
2018-04-18,0.0
2018-04-19,0.0
2018-04-20,0.0
2018-04-21,0.16542677877404705
2018-04-22,3.6953790855058823
2018-04-23,35.66416170393127
2018-04-24,0.474058572401185
2018-04-25,0.1197733964681991
2018-04-26,4.050390593201731
2018-04-27,7.205122444784906
2018-04-28,0.0
2018-04-29,0.0
2018-04-30,0.0
2018-05-01,0.0
2018-05-02,0.0
2018-05-03,0.0
2018-05-04,0.0
2018-05-05,0.0
2018-05-06,0.0
2018-05-07,0.0
2018-05-08,0.0
2018-05-09,0.0
2018-05-10,0.0
2018-05-11,0.0
2018-05-12,0.0
2018-05-13,0.005270836288049618
2018-05-14,0.02711772943604038
2018-05-15,20.002854422097332
2018-05-16,8.562793113457097
2018-05-17,18.46161219617093
2018-05-18,5.526294405436923
2018-05-19,0.058419411959742304
2018-05-20,1.8988214164415722
2018-05-21,5.469584245478689
2018-05-22,19.565094597211612
2018-05-23,16.477439620457993
2018-05-24,16.28859134449582
2018-05-25,2.9647480029691895
2018-05-26,5.532841283649061
2018-05-27,9.562799953647055
2018-05-28,27.919433919140396
2018-05-29,14.416902403842315
2018-05-30,8.322053479596038
2018-05-31,3.1538287437881896
2018-06-01,0.5727951258847234
2018-06-02,13.300460780617385
2018-06-03,1.4061503182325856
2018-06-04,0.570658761518915
2018-06-05,0.0
2018-06-06,0.00022590871492379617
2018-06-07,0.0
2018-06-08,0.7422926916376648
2018-06-09,2.0123822591233638
2018-06-10,6.287847386782341
2018-06-11,3.7342693916022536
2018-06-12,20.98344029659859
2018-06-13,7.737306169835099
2018-06-14,1.9138897144862168
2018-06-15,1.3997794532022094
2018-06-16,0.4557911382021587
2018-06-17,5.931410541927888
2018-06-18,0.9921550537602164
2018-06-19,0.0728735721136942
2018-06-20,0.03411874980893528
2018-06-21,0.08932257545937021
2018-06-22,0.436522300248024
2018-06-23,0.13493488542686316
2018-06-24,0.1441425547793235
2018-06-25,1.2541528422008992
2018-06-26,5.293357459148626
2018-06-27,26.3412630913481
2018-06-28,3.285196742397787
2018-06-29,13.13134131512557
2018-06-30,3.752558049325985
2018-07-01,5.57871284241107
2018-07-02,6.2619821732071514
2018-07-03,6.930093290149034
2018-07-04,7.46971210386579
2018-07-05,2.101576640264488
2018-07-06,3.616009633466706
2018-07-07,9.781618031495583
2018-07-08,9.07454145804471
2018-07-09,0.5454958377575634
2018-07-10,0.0
2018-07-11,0.0
2018-07-12,5.943867025898105e-05
2018-07-13,1.096793345680849
2018-07-14,9.247231684275118
2018-07-15,9.19389102856879
2018-07-16,3.387130340920834
2018-07-17,6.412937555117886
2018-07-18,1.138851329487552
2018-07-19,4.873891405624657
2018-07-20,5.402325213794791
2018-07-21,0.8744300199361572
2018-07-22,0.3383375478326074
2018-07-23,4.42265997094521
2018-07-24,23.357336323035618
2018-07-25,13.918513102151184
2018-07-26,2.1973421124816626
2018-07-27,0.9239348379564133
2018-07-28,1.2310239000836904
2018-07-29,22.7614213715118
2018-07-30,1.024815955104614
2018-07-31,4.713474877447948
2018-08-01,6.007765149770131
2018-08-02,12.205544135534971
2018-08-03,2.188704719698007
2018-08-04,0.5150103992607203
2018-08-05,0.07809274059538159
2018-08-06,1.8817507713702222
2018-08-07,5.6571196076589025
2018-08-08,14.17037765752868
2018-08-09,12.646933810277806
2018-08-10,13.08527417181545
2018-08-11,1.8801316013331546
2018-08-12,0.31514729956689
2018-08-13,0.5080168222157219
2018-08-14,11.967643460843393
2018-08-15,15.366175786023087
2018-08-16,2.920085866708953
2018-08-17,16.6852524915649
2018-08-18,3.842072262202862
2018-08-19,10.004517968379208
2018-08-20,0.5165162418663167
2018-08-21,9.39470431161765
2018-08-22,4.575915728592763
2018-08-23,0.32355387717844114
2018-08-24,2.8483507432495947
2018-08-25,6.3552992985239865
2018-08-26,0.09833232751175443
2018-08-27,0.5206815372936742
2018-08-28,1.0279378109801975
2018-08-29,0.972198172847065
2018-08-30,0.1541182569035591
2018-08-31,0.7138392774545725
2018-09-01,5.0207632441192205
2018-09-02,4.169385457322501
2018-09-03,1.5152738484157766
2018-09-04,1.7501124086410504
2018-09-05,0.8195151084112389
2018-09-06,0.8639388300267143
2018-09-07,8.089621513251165
2018-09-08,0.16352115977863965
2018-09-09,2.4874699569772027
2018-09-10,1.0080555009417254
2018-09-11,3.903482608892204
2018-09-12,2.864767595449671
2018-09-13,3.0876781103533077
2018-09-14,0.05384607927911888
2018-09-15,0.015890971539927783
2018-09-16,0.044866662395036054
2018-09-17,4.2182304076957555
2018-09-18,1.3091609064379466
2018-09-19,5.457622859659484e-05
2018-09-20,9.622584331473464e-07
2018-09-21,0.054514175823502
2018-09-22,0.0036394858366827457
2018-09-23,0.10459273472631334
2018-09-24,0.6217935420502405
2018-09-25,0.7352006918356182
2018-09-26,2.3903641235757505
2018-09-27,8.903199769763331
2018-09-28,0.7474494345008724
2018-09-29,2.077360503197859
2018-09-30,10.038208019346099
2018-10-01,0.10044564278524652
2018-10-02,0.7821651266169095
2018-10-03,0.1498204012939272
2018-10-04,0.38757745838339847
2018-10-05,0.007877463531276281
2018-10-06,3.35675498365161e-05
2018-10-07,0.2950975029406822
2018-10-08,0.5699161219274934
2018-10-09,6.463481138666
2018-10-10,11.808418360973779
2018-10-11,52.00273234252647
2018-10-12,0.0
2018-10-13,0.0
2018-10-14,0.0
2018-10-15,0.03300399911741307
2018-10-16,0.0740434441247918
2018-10-17,0.10427734375312861
2018-10-18,1.1702031543028585e-05
2018-10-19,0.007993712588983199
2018-10-20,0.03763968896590857
2018-10-21,0.25635686743396935
2018-10-22,0.0
2018-10-23,0.3301463837840287
2018-10-24,0.0
2018-10-25,4.095929439365938
2018-10-26,1.0755325271406966
2018-10-27,0.02052464236330814
2018-10-28,0.0
2018-10-29,0.0005397552723018063
2018-10-30,0.0
2018-10-31,0.0
2018-11-01,4.6957693324154945
2018-11-02,34.99917197816087
2018-11-03,0.0
2018-11-04,2.058005884524799
2018-11-05,1.082646673428301
2018-11-06,4.063124011047532
2018-11-07,8.540701815596561
2018-11-08,23.108880632611562
2018-11-09,11.275844145352966
2018-11-10,3.6805441594757764
2018-11-11,0.0
2018-11-12,3.496371808404857
2018-11-13,16.956769592310653
2018-11-14,9.061995167756441
2018-11-15,29.15189742877841
2018-11-16,0.0020449484715320183
2018-11-17,0.0
2018-11-18,0.05117522716318159
2018-11-19,2.3241421825803963
2018-11-20,0.4699494004962135
2018-11-21,0.0
2018-11-22,0.0
2018-11-23,0.004210628648974256
2018-11-24,6.515225345961239
2018-11-25,0.08619383191560488
2018-11-26,14.313384153037076
2018-11-27,0.0
2018-11-28,0.0
2018-11-29,0.0
2018-11-30,0.0
2018-12-01,35.71117076243957
2018-12-02,90.4751575340128
2018-12-03,10.125383856770545
2018-12-04,0.0
2018-12-05,0.0
2018-12-06,0.0
2018-12-07,0.0
2018-12-08,4.3845405333063905
2018-12-09,38.90377645674648
2018-12-10,0.4873192709247257
2018-12-11,0.4499866457155639
2018-12-12,0.0
2018-12-13,0.0005239880149730059
2018-12-14,33.2192445145978
2018-12-15,22.854997849371617
2018-12-16,0.013142815159764249
2018-12-17,0.006522872621735123
2018-12-18,0.0
2018-12-19,0.0
2018-12-20,16.58185141875316
2018-12-21,0.0
2018-12-22,0.0
2018-12-23,0.0
2018-12-24,0.0
2018-12-25,0.0
2018-12-26,0.0
2018-12-27,2.0784653050587165
2018-12-28,21.183801448037663
2018-12-29,5.445390485957889
2018-12-30,12.570736155812684
2018-12-31,0.4715945205623841
2019-01-01,3.0717734031270862
2019-01-02,1.6201477506157174
2019-01-03,3.2225495002513918
2019-01-04,31.719956213063703
2019-01-05,0.0
2019-01-06,0.0
2019-01-07,0.0
2019-01-08,0.0
2019-01-09,0.6886178599821047
2019-01-10,0.0
2019-01-11,0.0
2019-01-12,0.0728532978234745
2019-01-13,1.2340662380818967
2019-01-14,0.04452524690941016
2019-01-15,0.028089932253724907
2019-01-16,0.0
2019-01-17,0.07777281382692462
2019-01-18,1.6749496530548738
2019-01-19,1.2207561440286177
2019-01-20,14.338499312299728
2019-01-21,0.0
2019-01-22,9.099991420120987e-08
2019-01-23,0.2466487077026055
2019-01-24,38.916152569441074
2019-01-25,0.0
2019-01-26,0.0
2019-01-27,0.0
2019-01-28,0.06873922669628124
2019-01-29,12.333164503333265
2019-01-30,0.03148518187566784
2019-01-31,0.0
2019-02-01,0.010453937331203101
2019-02-02,7.457497946129415
2019-02-03,9.078212855892135
2019-02-04,0.024763450797709127
2019-02-05,0.257766938500462
2019-02-06,0.045399814648264196
2019-02-07,0.0
2019-02-08,0.07130210649168765
2019-02-09,0.0
2019-02-10,1.5102797544836133
2019-02-11,2.101766329470664
2019-02-12,4.072360569844849
2019-02-13,0.7756408065181968
2019-02-14,0.0
2019-02-15,0.5906541315767909
2019-02-16,2.3029588467064257
2019-02-17,0.4590872370174228
2019-02-18,1.2550487182247898
2019-02-19,0.335292434361524
2019-02-20,0.9452603883490185
2019-02-21,0.0
2019-02-22,0.0
2019-02-23,0.0
2019-02-24,0.0
2019-02-25,0.0
2019-02-26,0.0014397617788168234
2019-02-27,0.5720938324005604
2019-02-28,3.55418202330172
2019-03-01,8.307595538969686
2019-03-02,2.213831394613582
2019-03-03,6.553560085865745
2019-03-04,21.45045684335264
2019-03-05,7.13185030077546
2019-03-06,0.0
2019-03-07,0.0
2019-03-08,0.0
2019-03-09,0.0
2019-03-10,1.147953304685722
2019-03-11,3.2099914958949
2019-03-12,2.5669953404394867
2019-03-13,0.0
2019-03-14,0.021823254527496828
2019-03-15,0.42204045000883955
2019-03-16,0.02790832509377625
2019-03-17,3.177729333082017
2019-03-18,0.016604927910022535
2019-03-19,0.016604927910022535
2019-03-20,0.016604927910022535
2019-03-21,0.0
2019-03-22,0.0
2019-03-23,0.0
2019-03-24,0.0
2019-03-25,0.0
2019-03-26,0.0
2019-03-27,0.0
2019-03-28,0.0
2019-03-29,0.0
2019-03-30,0.0
2019-03-31,0.0
2019-04-01,0.001011956182337468
2019-04-02,1.3418168338197756
2019-04-03,0.0
2019-04-04,0.007511360538321305
2019-04-05,5.024289099977725
2019-04-06,5.573925110082078
2019-04-07,0.9678698859213754
2019-04-08,5.72994607498182
2019-04-09,25.268825166607478
2019-04-10,4.765698936045029
2019-04-11,0.0024482809918802014
2019-04-12,1.2134956786860867
2019-04-13,0.23118258468842326
2019-04-14,11.794302926442402
2019-04-15,0.024509854877031657
2019-04-16,0.0
2019-04-17,0.0
2019-04-18,0.004386262443954112
2019-04-19,8.340195599715488
2019-04-20,0.1457268704396128
2019-04-21,0.0
2019-04-22,0.0
2019-04-23,0.0
2019-04-24,0.0
2019-04-25,0.0
2019-04-26,3.9916470661593233
2019-04-27,0.0
2019-04-28,0.0
2019-04-29,0.0010554811949496092
2019-04-30,0.0
2019-05-01,0.12164746380031285
2019-05-02,3.0234086279731325
2019-05-03,3.60465702346131
2019-05-04,2.873714319596332
2019-05-05,2.8532629899047612
2019-05-06,7.735059432276194e-05
2019-05-07,0.001373135696594752
2019-05-08,0.6326685661374766
2019-05-09,0.13762334117382044
2019-05-10,2.4389032287899286
2019-05-11,17.039669901611262
2019-05-12,17.730713621506922
2019-05-13,1.8442049094809916
2019-05-14,1.202700546080479e-07
2019-05-15,0.00013516832740796483
2019-05-16,0.9762644449130592
2019-05-17,7.298416454644951
2019-05-18,1.7584225536058793
2019-05-19,0.02677978399773832
2019-05-20,0.028297391533973343
2019-05-21,0.0
2019-05-22,0.0
2019-05-23,0.0
2019-05-24,0.0
2019-05-25,0.0
2019-05-26,0.0
2019-05-27,0.06814687206948063
2019-05-28,0.0
2019-05-29,7.057831583074484e-08
2019-05-30,0.0006744426702160885
2019-05-31,0.6627958809519509
2019-06-01,0.0
2019-06-02,0.0
2019-06-03,0.0
2019-06-04,0.0017217803095221657
2019-06-05,1.2449702662474404
2019-06-06,3.520901644221268
2019-06-07,8.195654641352265
2019-06-08,6.326662860347291
2019-06-09,8.801783839453858
2019-06-10,5.067766389707204
2019-06-11,12.192274671089123
2019-06-12,24.531096284760796
2019-06-13,2.444777152748285
2019-06-14,0.0
2019-06-15,3.431835778554881e-05
2019-06-16,0.15071468753939826
2019-06-17,1.2055907081400743
2019-06-18,2.1759665417672505
2019-06-19,5.729803958061341
2019-06-20,1.6888884494429786
2019-06-21,9.32242489819141
2019-06-22,10.746614421344148
2019-06-23,9.046833788384967
2019-06-24,3.1843967781147597
2019-06-25,0.0008708059585964337
2019-06-26,0.0
2019-06-27,0.027365962861771485
2019-06-28,0.5689018954379371
2019-06-29,2.490000886599562
2019-06-30,1.34595452319132
2019-07-01,0.21945112404955483
2019-07-02,0.007937376670104277
2019-07-03,0.09581373719786943
2019-07-04,1.0433839476224123
2019-07-05,2.243419941355701
2019-07-06,22.140271565453876
2019-07-07,0.7963567838812271
2019-07-08,0.9048079789541714
2019-07-09,6.1790382576275595
2019-07-10,3.6572767520723977
2019-07-11,1.0736904373377338
2019-07-12,1.1291640098436075
2019-07-13,0.5621195364594885
2019-07-14,0.003865020785584773
2019-07-15,0.008773722463037557
2019-07-16,2.830913334933428
2019-07-17,0.6841732682894108
2019-07-18,11.091343833748866
2019-07-19,18.01702927318055
2019-07-20,0.35346736775337967
2019-07-21,0.09674399531972448
2019-07-22,1.4199917294246183
2019-07-23,12.478617400826902
2019-07-24,15.647953261322419
2019-07-25,8.84956739088192e-08
2019-07-26,0.12913972583909902
2019-07-27,0.05490262828292844
2019-07-28,6.87115583542708e-05
2019-07-29,0.004820847641661485
2019-07-30,0.0
2019-07-31,0.6206460811768534
2019-08-01,6.829162828728445
2019-08-02,3.9986286251053986
2019-08-03,0.22560754243961706
2019-08-04,1.4737833908933349
2019-08-05,10.905354713417148
2019-08-06,1.0729115790005728
2019-08-07,0.8624749506069124
2019-08-08,0.05276060076875326
2019-08-09,0.02704221596538658
2019-08-10,3.3931853502247593
2019-08-11,5.032392727795892
2019-08-12,1.2672155542775725
2019-08-13,1.6664748841064467
2019-08-14,0.9049466691859561
2019-08-15,12.739653156280987
2019-08-16,9.724493373974004
2019-08-17,0.4132324984978015
2019-08-18,12.883157664028897
2019-08-19,17.89989451430943
2019-08-20,8.238272205066439
2019-08-21,6.382409762460121
2019-08-22,0.5190133623764932
2019-08-23,1.643129511127964
2019-08-24,1.3032117700381316
2019-08-25,9.470174940869844
2019-08-26,0.2943123354616835
2019-08-27,4.16681109793383
2019-08-28,1.9170788340012903
2019-08-29,0.0
2019-08-30,0.0
2019-08-31,5.910572997579887
2019-09-01,7.86353871299503
2019-09-02,4.554647922506408
2019-09-03,1.2866545811379062
2019-09-04,0.18657141913631295
2019-09-05,0.0
2019-09-06,0.0
2019-09-07,0.0
2019-09-08,0.0002980210691096862
2019-09-09,8.419888745465459
2019-09-10,0.39785912734634804
2019-09-11,0.28982484484413934
2019-09-12,0.002335198137359684
2019-09-13,0.00015129106525284782
2019-09-14,2.725996167337321
2019-09-15,0.07868404323363645
2019-09-16,0.0
2019-09-17,0.0
2019-09-18,1.7834814566019805
2019-09-19,0.007688449283911142
2019-09-20,0.0
2019-09-21,0.3488931471856717
2019-09-22,0.3488931471856717
2019-09-23,0.3488931471856717
2019-09-24,0.3489998699347616
2019-09-25,0.3488931471856717
2019-09-26,0.15133289759646618
2019-09-27,0.047022890970477405
2019-09-28,5.2293120839045875
2019-09-29,0.0
2019-09-30,0.6188579480330794
2019-10-01,0.14776125966757764
2019-10-02,0.03066335829047529
2019-10-03,0.01805460906440671
2019-10-04,0.00020198356815092613
2019-10-05,0.9258458998964223
2019-10-06,3.125291422135137
2019-10-07,0.6021501243337701
2019-10-08,0.04823418360981927
2019-10-09,0.5746945978004813
2019-10-10,0.0
2019-10-11,0.0
2019-10-12,0.0
2019-10-13,0.026510853480414952
2019-10-14,1.2237634738306724
2019-10-15,16.00996791539731
2019-10-16,48.248019743260414
2019-10-17,0.0
2019-10-18,0.0
2019-10-19,35.436084321622275
2019-10-20,2.4205444437092463
2019-10-21,0.001150555244063878
2019-10-22,0.5565124775422136
2019-10-23,0.0
2019-10-24,0.01601176241454427
2019-10-25,1.2953846186955484
2019-10-26,3.323821721641559
2019-10-27,4.753268362074902
2019-10-28,0.0
2019-10-29,23.138068638401652
2019-10-30,18.798030448176288
2019-10-31,8.488265780020718
2019-11-01,0.00355956679789008
2019-11-02,0.00021993489423819022
2019-11-03,0.0
2019-11-04,0.002569963022389748
2019-11-05,2.650106085219916
2019-11-06,0.04051594609879616
2019-11-07,0.868703737297647
2019-11-08,26.466132211849374
2019-11-09,0.0
2019-11-10,0.0
2019-11-11,0.0
2019-11-12,2.714908025994074
2019-11-13,0.0006136825086206957
2019-11-14,0.4622459613912648
2019-11-15,21.627772724408224
2019-11-16,13.476660123870294
2019-11-17,0.021363776817491964
2019-11-18,0.582697080628019
2019-11-19,0.0030592133622347694
2019-11-20,0.0
2019-11-21,0.0
2019-11-22,0.07567748732219787
2019-11-23,1.107391103542674
2019-11-24,0.8205980258662274
2019-11-25,0.0
2019-11-26,0.0
2019-11-27,0.7537254077238256
2019-11-28,5.1188563248944425e-05
2019-11-29,0.0
2019-11-30,0.022502301879272765
2019-12-01,9.542046276410405
2019-12-02,0.0
2019-12-03,0.0
2019-12-04,0.0
2019-12-05,0.0
2019-12-06,0.6929293715257732
2019-12-07,0.1393217169150249
2019-12-08,0.060910812085325394
2019-12-09,0.16053484469418455
2019-12-10,0.2513099341774373
2019-12-11,2.9930743876548047
2019-12-12,0.5350430153547212
2019-12-13,57.2287382862434
2019-12-14,14.155195509193211
2019-12-15,0.0
2019-12-16,0.0
2019-12-17,39.27601150131338
2019-12-18,0.015222553874189247
2019-12-19,0.0
2019-12-20,0.0
2019-12-21,0.5624496190530623
2019-12-22,37.502278444956765
2019-12-23,32.831633620880865
2019-12-24,4.380550784778929
2019-12-25,0.0
2019-12-26,0.0694609780478232
2019-12-27,1.3163788815232782
2019-12-28,2.315571245501281
2019-12-29,10.374776354257412
2019-12-30,5.244749381926219
2019-12-31,0.0
