,precipitation
1989-01-01,0.09100044707672193
1989-01-02,0.03425570872449118
1989-01-03,0.050014005217554336
1989-01-04,0.0
1989-01-05,2.4271382955864063
1989-01-06,0.9331085358683698
1989-01-07,0.005182522070724536
1989-01-08,0.0
1989-01-09,0.0
1989-01-10,0.0
1989-01-11,0.12883745667015997
1989-01-12,0.41596735286434466
1989-01-13,0.0
1989-01-14,1.4838973877370132
1989-01-15,0.0
1989-01-16,0.0
1989-01-17,0.0
1989-01-18,0.0
1989-01-19,0.0
1989-01-20,0.0
1989-01-21,0.0
1989-01-22,0.0
1989-01-23,0.0
1989-01-24,0.03930590115128943
1989-01-25,1.2125794678057453
1989-01-26,2.4328809768748867
1989-01-27,0.0
1989-01-28,21.447684246242748
1989-01-29,1.533398808895211
1989-01-30,9.986174979609128e-07
1989-01-31,0.0
1989-02-01,0.00038827687831423
1989-02-02,3.1983897464539557
1989-02-03,0.21691672073347756
1989-02-04,0.4653898845410177
1989-02-05,2.8698369233257206
1989-02-06,6.3791445472304495
1989-02-07,0.0
1989-02-08,0.0
1989-02-09,0.0
1989-02-10,0.0
1989-02-11,0.0
1989-02-12,0.9547336696675016
1989-02-13,6.756025930542167
1989-02-14,2.7282227587086885
1989-02-15,7.938219643221006
1989-02-16,0.000878361851399984
1989-02-17,0.09930562152725966
1989-02-18,0.0027120543646020766
1989-02-19,0.07876602108445804
1989-02-20,8.273001162564537
1989-02-21,0.0
1989-02-22,0.0
1989-02-23,0.0
1989-02-24,0.0
1989-02-25,0.0
1989-02-26,0.0
1989-02-27,0.0
1989-02-28,0.0
1989-03-01,0.03878167035867784
1989-03-02,0.0
1989-03-03,0.9631687345402303
1989-03-04,6.015465589241496
1989-03-05,15.471687133533427
1989-03-06,4.858585895714653
1989-03-07,0.0
1989-03-08,0.0
1989-03-09,0.0
1989-03-10,0.0
1989-03-11,0.0
1989-03-12,0.0
1989-03-13,0.0
1989-03-14,0.40949371603806617
1989-03-15,0.0
1989-03-16,0.0
1989-03-17,0.025339908916545514
1989-03-18,0.0001005813230946265
1989-03-19,0.0055551461213457385
1989-03-20,1.1141317199194294
1989-03-21,0.04241569821551651
1989-03-22,0.0
1989-03-23,0.0
1989-03-24,0.0
1989-03-25,0.0
1989-03-26,0.025302489912211623
1989-03-27,2.0922642933606803
1989-03-28,13.146975037731394
1989-03-29,1.3960008742083465
1989-03-30,53.03452607402099
1989-03-31,0.22072070424885398
1989-04-01,0.0
1989-04-02,3.931816504925715
1989-04-03,1.2333027897291977
1989-04-04,0.049745657000505865
1989-04-05,0.028782042198327768
1989-04-06,2.2878865954770617
1989-04-07,2.18873698583303
1989-04-08,0.7371966590730038
1989-04-09,0.22401922691202003
1989-04-10,0.5872399656385394
1989-04-11,0.0
1989-04-12,0.534646740428852
1989-04-13,1.8060196670832143e-05
1989-04-14,5.583511685228805e-05
1989-04-15,0.4555588387460418
1989-04-16,0.0
1989-04-17,0.0
1989-04-18,0.0
1989-04-19,0.0
1989-04-20,0.0
1989-04-21,0.0
1989-04-22,0.02336209568421816
1989-04-23,0.037280678392802684
1989-04-24,0.05478057739179093
1989-04-25,0.01419352401128176
1989-04-26,0.1681919356230189
1989-04-27,0.0521747235123363
1989-04-28,1.7733374274054188
1989-04-29,0.0
1989-04-30,0.023692908560421166
1989-05-01,9.640822693344383e-05
1989-05-02,5.579813779217697
1989-05-03,0.20248127178273437
1989-05-04,3.1322928199231823
1989-05-05,0.7497613928317557
1989-05-06,0.12196570600437441
1989-05-07,0.0
1989-05-08,2.817965720462889
1989-05-09,2.041752179388146
1989-05-10,0.0
1989-05-11,0.0
1989-05-12,0.036818800989986106
1989-05-13,0.6262296271840542
1989-05-14,0.04193972539574029
1989-05-15,0.2767658385889414
1989-05-16,4.261110390652382
1989-05-17,3.9998818860918375
1989-05-18,42.610390880409945
1989-05-19,6.728096820453285
1989-05-20,0.005745456572528188
1989-05-21,8.383682164656404
1989-05-22,33.767191996624746
1989-05-23,0.0003903645284189236
1989-05-24,0.0011188573714308323
1989-05-25,16.52148939071095
1989-05-26,0.2256945075309404
1989-05-27,0.0
1989-05-28,12.677355030381099
1989-05-29,0.0
1989-05-30,0.3252400943471525
1989-05-31,0.4835276694267715
1989-06-01,12.821103165920556
1989-06-02,1.338977934896653
1989-06-03,7.690808935318764
1989-06-04,9.668068930738457
1989-06-05,41.96427665734628
1989-06-06,0.00277478113464494
1989-06-07,3.752061285512392
1989-06-08,2.8730209040726122
1989-06-09,0.0015691670204944922
1989-06-10,2.6924238096712694
1989-06-11,34.01308863831621
1989-06-12,9.074480686290721
1989-06-13,0.7400787942162071
1989-06-14,0.20498259079358255
1989-06-15,0.751108438762685
1989-06-16,0.0
1989-06-17,0.4342061255868925
1989-06-18,0.8226755958348332
1989-06-19,0.0
1989-06-20,0.0
1989-06-21,0.0
1989-06-22,0.4517155057138691
1989-06-23,4.964746891834973
1989-06-24,1.0390889921461655
1989-06-25,0.25431762123481
1989-06-26,0.353965422959587
1989-06-27,21.783970582796496
1989-06-28,0.7564558810738178
1989-06-29,0.2363050715371079
1989-06-30,1.83648976288754
1989-07-01,0.2236973196345158
1989-07-02,0.0421513474946893
1989-07-03,0.0011482705260770134
1989-07-04,0.0
1989-07-05,0.0
1989-07-06,0.0
1989-07-07,0.0
1989-07-08,0.0
1989-07-09,0.0
1989-07-10,0.5958127036591356
1989-07-11,0.4782206086439189
1989-07-12,12.485592752688193
1989-07-13,2.8208074590577694
1989-07-14,0.19898279009644018
1989-07-15,6.636172114956958
1989-07-16,22.02096483749741
1989-07-17,1.8782038473613814
1989-07-18,32.015111271430534
1989-07-19,0.2652890575285934
1989-07-20,0.2310771455115837
1989-07-21,0.09236818427740356
1989-07-22,7.698771071766663
1989-07-23,1.6988532839443868
1989-07-24,3.6954691673748017
1989-07-25,0.4988299203249166
1989-07-26,0.8466143320936648
1989-07-27,0.6393124490571238
1989-07-28,0.3611816827491843
1989-07-29,1.6354613156222177
1989-07-30,0.8825880811393723
1989-07-31,38.19881887106267
1989-08-01,2.6911060849011466
1989-08-02,0.20490817773012315
1989-08-03,3.523741646719175
1989-08-04,0.005347893408977917
1989-08-05,0.8656427530931694
1989-08-06,11.033494061469163
1989-08-07,0.0
1989-08-08,0.0
1989-08-09,0.0
1989-08-10,0.0
1989-08-11,0.0
1989-08-12,0.0
1989-08-13,1.2407934139180663
1989-08-14,0.5054466260562338
1989-08-15,0.22866100551477445
1989-08-16,19.32575666060248
1989-08-17,1.7076339166956307
1989-08-18,1.04523407917113
1989-08-19,35.33387937489083
1989-08-20,45.853404337871616
1989-08-21,19.5891696854534
1989-08-22,3.8089392196485825
1989-08-23,18.490443234127756
1989-08-24,1.297721526403831
1989-08-25,20.458308114273393
1989-08-26,0.35501000554386286
1989-08-27,4.584551872855373
1989-08-28,2.054487050210588
1989-08-29,20.632101179264822
1989-08-30,5.383609093721977
1989-08-31,1.7486420450881475
1989-09-01,5.771940312948238
1989-09-02,0.6426400120127893
1989-09-03,1.176869018674154
1989-09-04,8.563250547441205
1989-09-05,2.4481730646157804
1989-09-06,1.217043881171647
1989-09-07,1.4328645973915373
1989-09-08,7.327464418195953
1989-09-09,33.689432407180014
1989-09-10,5.3212492844425235e-06
1989-09-11,1.7798720174558407
1989-09-12,3.7864952016350313
1989-09-13,22.41248910154328
1989-09-14,1.6223985529753975
1989-09-15,1.461308107244434
1989-09-16,0.0016801803058946732
1989-09-17,0.00019160971265749164
1989-09-18,0.00019160971265749164
1989-09-19,0.00019160971265749164
1989-09-20,0.00019160971265749164
1989-09-21,0.0
1989-09-22,0.11384668369631896
1989-09-23,0.0027171439715584986
1989-09-24,0.0
1989-09-25,0.0
1989-09-26,0.0
1989-09-27,0.0
1989-09-28,0.0
1989-09-29,0.0
1989-09-30,0.0
1989-10-01,0.0
1989-10-02,0.0
1989-10-03,0.0
1989-10-04,0.0
1989-10-05,2.2863072763219368
1989-10-06,24.710734580320512
1989-10-07,0.0
1989-10-08,0.18976921614306042
1989-10-09,0.0
1989-10-10,0.0
1989-10-11,0.0
1989-10-12,0.0
1989-10-13,0.0
1989-10-14,0.0
1989-10-15,0.0
1989-10-16,3.2095268327059774
1989-10-17,1.0593165367788748
1989-10-18,0.02974734985849325
1989-10-19,0.03816801406131084
1989-10-20,0.0
1989-10-21,0.0
1989-10-22,0.0
1989-10-23,0.0
1989-10-24,0.014118196355171479
1989-10-25,0.21525582089523415
1989-10-26,0.0
1989-10-27,31.699776936601253
1989-10-28,4.912321408701974
1989-10-29,3.673797582632372
1989-10-30,35.1924685659894
1989-10-31,0.0
1989-11-01,0.0
1989-11-02,0.26877094766894394
1989-11-03,0.0
1989-11-04,0.004653030153432063
1989-11-05,0.002644463868629893
1989-11-06,0.0
1989-11-07,0.1994965210944988
1989-11-08,0.0058844122219918246
1989-11-09,0.0
1989-11-10,0.0
1989-11-11,0.0
1989-11-12,0.0
1989-11-13,0.24945413899283408
1989-11-14,2.8397483602751223
1989-11-15,0.1341599669205589
1989-11-16,0.000244550874108847
1989-11-17,9.026646867549374e-05
1989-11-18,9.026646867549374e-05
1989-11-19,0.0003919120913722971
1989-11-20,9.026646867549374e-05
1989-11-21,0.0
1989-11-22,0.9557466640673644
1989-11-23,0.0
1989-11-24,0.0
1989-11-25,0.0006153559820392916
1989-11-26,0.0
1989-11-27,0.0
1989-11-28,0.0
1989-11-29,0.0
1989-11-30,0.0
1989-12-01,0.0
1989-12-02,0.0
1989-12-03,0.0
1989-12-04,0.0
1989-12-05,0.0
1989-12-06,0.010410588898430474
1989-12-07,2.0097427805190473
1989-12-08,1.7642728917707104
1989-12-09,0.0
1989-12-10,0.0
1989-12-11,0.15718518799818704
1989-12-12,0.0
1989-12-13,0.05055761029140627
1989-12-14,0.2672335430061604
1989-12-15,3.528135936111468
1989-12-16,0.0
1989-12-17,0.6079889635994221
1989-12-18,1.4259318901901072
1989-12-19,0.4853374160578507
1989-12-20,8.757819497409618e-06
1989-12-21,0.22838507318976917
1989-12-22,0.07407475441482969
1989-12-23,0.0
1989-12-24,1.5044777413808574
1989-12-25,0.22033864898088887
1989-12-26,0.0
1989-12-27,0.17162862772570112
1989-12-28,0.05316329425664996
1989-12-29,1.7482783667332182
1989-12-30,0.5118547285709096
1989-12-31,0.27786558261708644
1990-01-01,0.0
1990-01-02,0.0
1990-01-03,3.881347279738334
1990-01-04,4.495276335783071
1990-01-05,0.0
1990-01-06,2.677327410436449e-05
1990-01-07,2.677327410436449e-05
1990-01-08,2.677327410436449e-05
1990-01-09,0.003519445315341616
1990-01-10,2.677327410436449e-05
1990-01-11,0.0
1990-01-12,0.0
1990-01-13,0.0
1990-01-14,0.0
1990-01-15,0.002993024929581781
1990-01-16,0.032855855923792095
1990-01-17,9.895535339390113
1990-01-18,0.002557409165954259
1990-01-19,34.55971599792247
1990-01-20,3.8024668774296426
1990-01-21,0.0021742550340127184
1990-01-22,0.0
1990-01-23,0.00980888807552148
1990-01-24,0.040403267711634216
1990-01-25,0.19390387870440787
1990-01-26,0.0
1990-01-27,0.0
1990-01-28,0.0
1990-01-29,0.0
1990-01-30,0.040400920428474985
1990-01-31,0.0
1990-02-01,7.651919184766777
1990-02-02,3.111680155466154
1990-02-03,5.07794266387166
1990-02-04,6.300133119922935
1990-02-05,0.0
1990-02-06,3.2813399378646255
1990-02-07,4.431601201562447e-06
1990-02-08,0.0
1990-02-09,0.20087426700385957
1990-02-10,0.0
1990-02-11,0.0
1990-02-12,0.0
1990-02-13,0.0013995017110464893
1990-02-14,9.215771933327677
1990-02-15,25.14808768352115
1990-02-16,0.09405182329654217
1990-02-17,0.0
1990-02-18,0.0
1990-02-19,0.0
1990-02-20,0.0
1990-02-21,0.0014492082146338552
1990-02-22,33.297911128472684
1990-02-23,0.5648214916417972
1990-02-24,0.05458291922336929
1990-02-25,0.003287360749147672
1990-02-26,0.0007366462682098654
1990-02-27,1.5864781033656965
1990-02-28,9.151253150391652
1990-03-01,0.0
1990-03-02,0.0
1990-03-03,0.0
1990-03-04,0.0
1990-03-05,0.0
1990-03-06,3.6022486177903215
1990-03-07,13.759200049000997
1990-03-08,1.0048067651331445
1990-03-09,0.05319016302421197
1990-03-10,0.3383191340821554
1990-03-11,12.187928127603092
1990-03-12,15.322372821268564
1990-03-13,9.372710045152807
1990-03-14,61.188866217658585
1990-03-15,19.211057048266245
1990-03-16,0.0
1990-03-17,0.0
1990-03-18,0.0
1990-03-19,0.0
1990-03-20,0.0
1990-03-21,0.0
1990-03-22,0.0991162538565483
1990-03-23,0.5588529050574442
1990-03-24,8.455317930464835
1990-03-25,6.492122974399915e-05
1990-03-26,0.018182765288006976
1990-03-27,0.0
1990-03-28,7.877651335186318
1990-03-29,0.9206040014822912
1990-03-30,0.9826177073948175
1990-03-31,2.236525546320796
1990-04-01,2.2389368018085327
1990-04-02,0.0
1990-04-03,0.0
1990-04-04,0.023394475456211674
1990-04-05,7.126379094304328
1990-04-06,0.587910731619547
1990-04-07,0.0
1990-04-08,0.0
1990-04-09,8.764152555426726
1990-04-10,18.677055707205415
1990-04-11,6.168157319969713e-05
1990-04-12,0.11915497586129338
1990-04-13,14.468520235443268
1990-04-14,0.25402860361984175
1990-04-15,2.2211318037259615
1990-04-16,0.2338375176459982
1990-04-17,0.28883537321624414
1990-04-18,0.00531359706218294
1990-04-19,3.7900892845347043
1990-04-20,10.730790962859674
1990-04-21,0.16096858446619988
1990-04-22,0.06147008311904154
1990-04-23,0.0170965959280968
1990-04-24,0.08624613828891473
1990-04-25,0.1709559666955036
1990-04-26,2.665869656891824
1990-04-27,37.77744415628103
1990-04-28,0.7742250698441187
1990-04-29,0.14649688337992756
1990-04-30,0.003648541078418041
1990-05-01,0.0
1990-05-02,3.8367137998992407
1990-05-03,31.01416599655153
1990-05-04,0.29654861637774926
1990-05-05,0.7338729909852153
1990-05-06,0.0
1990-05-07,0.0
1990-05-08,0.0
1990-05-09,0.0
1990-05-10,0.0
1990-05-11,0.5621931977303891
1990-05-12,17.68607632106582
1990-05-13,0.0031113589873451868
1990-05-14,0.5976968515007506
1990-05-15,18.95822895025175
1990-05-16,71.7426630270159
1990-05-17,0.20342983179129817
1990-05-18,2.178467377839927
1990-05-19,6.301475290842969
1990-05-20,0.23504252623501776
1990-05-21,12.77751299739591
1990-05-22,0.0028846631566270178
1990-05-23,0.17901984795336362
1990-05-24,14.973138967646928
1990-05-25,3.0238394906951425
1990-05-26,35.842278593507984
1990-05-27,39.03780408987856
1990-05-28,0.4381648852946276
1990-05-29,0.032274011160910616
1990-05-30,18.349469850004596
1990-05-31,6.737580851126642
1990-06-01,0.4407013799937556
1990-06-02,3.3944159615386598
1990-06-03,0.0
1990-06-04,0.0
1990-06-05,0.01906356348660659
1990-06-06,0.3834497209839285
1990-06-07,8.477482367301976
1990-06-08,5.675828066058275
1990-06-09,14.516012641476477
1990-06-10,0.2373640881030832
1990-06-11,0.15018137069547827
1990-06-12,0.007494876876469376
1990-06-13,2.7411704800612706
1990-06-14,19.53155626776131
1990-06-15,1.3880635910755275
1990-06-16,1.8285169893959146
1990-06-17,0.7972372612867825
1990-06-18,0.11290275428211052
1990-06-19,0.00020434704546912655
1990-06-20,28.630941844300114
1990-06-21,5.469414030823192
1990-06-22,30.175458357437847
1990-06-23,0.0
1990-06-24,0.0
1990-06-25,0.45066619467620184
1990-06-26,18.33662742276237
1990-06-27,0.2423258149300485
1990-06-28,0.009587417842790373
1990-06-29,0.016679875409355276
1990-06-30,0.0021419524142814177
1990-07-01,0.0010763577102791111
1990-07-02,0.0009816155324523332
1990-07-03,0.0009816155324523332
1990-07-04,0.0009816155324523332
1990-07-05,0.09566146209945174
1990-07-06,4.2665337194435065
1990-07-07,0.007389777364868371
1990-07-08,0.0
1990-07-09,0.17660109611715502
1990-07-10,0.1314612938488131
1990-07-11,11.514429727064151
1990-07-12,3.64292617259271
1990-07-13,20.654274314952346
1990-07-14,1.0757665269568784
1990-07-15,0.0008115336603578931
1990-07-16,0.08445478004025114
1990-07-17,0.24228373475355067
1990-07-18,0.31490197223613686
1990-07-19,0.35855725529974597
1990-07-20,0.3093085809613398
1990-07-21,31.029938978771895
1990-07-22,20.427618002772995
1990-07-23,0.0034394992625885286
1990-07-24,0.6598751940958959
1990-07-25,6.875939276082142
1990-07-26,9.480281266784589
1990-07-27,0.5319853727967434
1990-07-28,2.792104236112277
1990-07-29,5.752381223197951
1990-07-30,0.19415858433252198
1990-07-31,0.0
1990-08-01,1.1384559606640807
1990-08-02,0.6528871107543609
1990-08-03,13.30007793040358
1990-08-04,11.186091788867751
1990-08-05,0.038631927748413356
1990-08-06,0.0
1990-08-07,0.0
1990-08-08,0.0
1990-08-09,0.0
1990-08-10,0.0
1990-08-11,26.56049827428186
1990-08-12,12.293475458110548
1990-08-13,1.2898974263517737
1990-08-14,0.33566537213030384
1990-08-15,13.448800044757682
1990-08-16,2.6612283561328947
1990-08-17,0.0008285686779417135
1990-08-18,0.07181963519284323
1990-08-19,9.029288539029611
1990-08-20,2.743232805771683
1990-08-21,6.045920154752511e-07
1990-08-22,1.2230458273529312e-06
1990-08-23,2.9586835169800492e-05
1990-08-24,1.725607179834339e-05
1990-08-25,8.987435701347142e-06
1990-08-26,0.0
1990-08-27,0.0
1990-08-28,0.0
1990-08-29,0.0
1990-08-30,0.0
1990-08-31,0.0
1990-09-01,0.0
1990-09-02,0.0
1990-09-03,0.22671649907242833
1990-09-04,0.0
1990-09-05,0.47115197745264176
1990-09-06,0.0
1990-09-07,0.9743911491256244
1990-09-08,0.04156533344436628
1990-09-09,0.0015066883913926903
1990-09-10,0.6260043748974798
1990-09-11,13.6151946428119
1990-09-12,3.0696097981087473
1990-09-13,1.469660205090844
1990-09-14,0.0
1990-09-15,0.0
1990-09-16,0.0
1990-09-17,1.424244797706555
1990-09-18,9.779121960735143
1990-09-19,0.31390864234931526
1990-09-20,4.9920852681749786
1990-09-21,7.996785767121127
1990-09-22,0.0
1990-09-23,0.0
1990-09-24,0.0
1990-09-25,0.0
1990-09-26,0.0
1990-09-27,9.88321666181375e-06
1990-09-28,0.8521307083560214
1990-09-29,0.3846475561942928
1990-09-30,1.6211781128608698
1990-10-01,0.0
1990-10-02,0.26436427755428066
1990-10-03,28.751879879394426
1990-10-04,0.0
1990-10-05,0.0
1990-10-06,0.7769734710856626
1990-10-07,12.67414530781843
1990-10-08,6.7867647230405685
1990-10-09,14.942194623858606
1990-10-10,1.4753725375522733
1990-10-11,0.0004093973765667061
1990-10-12,0.0004093973765667061
1990-10-13,0.0004093973765667061
1990-10-14,0.0004093973765667061
1990-10-15,0.0004093973765667061
1990-10-16,0.0
1990-10-17,0.0
1990-10-18,0.0
1990-10-19,0.0
1990-10-20,0.0
1990-10-21,0.6632191901142934
1990-10-22,0.0
1990-10-23,0.0
1990-10-24,0.0035648252649010505
1990-10-25,0.0
1990-10-26,0.24059403838096494
1990-10-27,0.24059403838096494
1990-10-28,0.24059403838096494
1990-10-29,0.24059403838096494
1990-10-30,0.24059403838096494
1990-10-31,0.24059403838096494
1990-11-01,0.0
1990-11-02,0.0
1990-11-03,0.3614657388676687
1990-11-04,37.73600922636878
1990-11-05,2.6234104147098734
1990-11-06,0.0
1990-11-07,0.10154784069734177
1990-11-08,1.7624324259052224
1990-11-09,17.761667135664446
1990-11-10,0.0
1990-11-11,0.2156139435700135
1990-11-12,0.2156139435700135
1990-11-13,0.2156139435700135
1990-11-14,0.2156139435700135
1990-11-15,0.2156139435700135
1990-11-16,0.14041451791065387
1990-11-17,0.0
1990-11-18,0.04999921776900783
1990-11-19,0.07542273638217217
1990-11-20,0.13938690575127322
1990-11-21,0.007400334131799291
1990-11-22,0.001327107409649466
1990-11-23,0.0
1990-11-24,0.0
1990-11-25,0.0
1990-11-26,0.886478441428228
1990-11-27,7.663488389397878
1990-11-28,0.0
1990-11-29,0.0
1990-11-30,0.0
1990-12-01,0.0
1990-12-02,0.003805476668270204
1990-12-03,0.013608118606132863
1990-12-04,3.458269316752685e-06
1990-12-05,0.0
1990-12-06,1.7211789515570608
1990-12-07,0.0
1990-12-08,0.0
1990-12-09,0.0
1990-12-10,0.0
1990-12-11,0.0
1990-12-12,0.0
1990-12-13,0.0
1990-12-14,0.0
1990-12-15,0.0
1990-12-16,7.453765385800416
1990-12-17,11.239316046134503
1990-12-18,0.9713836209023716
1990-12-19,0.0
1990-12-20,0.09450275845018516
1990-12-21,0.19877567682793015
1990-12-22,0.3626011071892066
1990-12-23,0.17795219784297864
1990-12-24,0.0
1990-12-25,0.0
1990-12-26,0.008200127634830998
1990-12-27,1.1275834122721293
1990-12-28,1.0241231612853454
1990-12-29,10.979762083150494
1990-12-30,5.188662130005395
1990-12-31,0.0
1991-01-01,0.0
1991-01-02,0.0
1991-01-03,0.0
1991-01-04,0.0
1991-01-05,0.0
1991-01-06,0.28864482943018616
1991-01-07,0.5161669856831108
1991-01-08,0.2788334226238329
1991-01-09,0.7853160687475769
1991-01-10,6.872527432778662
1991-01-11,0.4166321215277204
1991-01-12,0.038502968627025284
1991-01-13,9.343865964003921e-05
1991-01-14,0.041915623661687114
1991-01-15,18.458828330549746
1991-01-16,3.1521253746356854
1991-01-17,0.1460883171579862
1991-01-18,0.00019125813931703263
1991-01-19,0.29690923864054963
1991-01-20,2.3519940073216823
1991-01-21,7.693338932907746e-05
1991-01-22,7.693338932907746e-05
1991-01-23,7.693338932907746e-05
1991-01-24,7.693338932907746e-05
1991-01-25,4.834160279937499
1991-01-26,0.4687833605424899
1991-01-27,4.655843551900642
1991-01-28,0.00011660637317148787
1991-01-29,5.765684127268285
1991-01-30,0.02208731215011609
1991-01-31,0.00011660637317148787
1991-02-01,2.8632479769258538e-05
1991-02-02,2.8632479769258538e-05
1991-02-03,2.8632479769258538e-05
1991-02-04,1.162146422899741
1991-02-05,0.1256190374186062
1991-02-06,0.0
1991-02-07,0.0
1991-02-08,0.0
1991-02-09,0.0
1991-02-10,0.0
1991-02-11,2.952255011362504e-05
1991-02-12,2.952255011362504e-05
1991-02-13,0.044166388745379835
1991-02-14,0.1265678396069731
1991-02-15,2.952255011362504e-05
1991-02-16,5.09385051512562e-06
1991-02-17,0.015112318178087931
1991-02-18,0.014308826914852519
1991-02-19,0.0032697229575368216
1991-02-20,5.09385051512562e-06
1991-02-21,0.0
1991-02-22,0.0
1991-02-23,0.0
1991-02-24,0.0
1991-02-25,0.0
1991-02-26,0.0
1991-02-27,0.0
1991-02-28,0.0
1991-03-01,14.603549811808413
1991-03-02,0.1222844590819466
1991-03-03,0.004446510372300437
1991-03-04,0.3116293352738209
1991-03-05,0.00020467077962089562
1991-03-06,0.11861700884249901
1991-03-07,1.010132681475431e-05
1991-03-08,1.010132681475431e-05
1991-03-09,3.255161340645196e-05
1991-03-10,1.010132681475431e-05
1991-03-11,0.00016660132316170389
1991-03-12,0.19375363034503415
1991-03-13,2.5094708833921855
1991-03-14,0.6541558459721868
1991-03-15,1.6574550739301512
1991-03-16,0.37394038703139343
1991-03-17,13.332143645065832
1991-03-18,0.011794675861013912
1991-03-19,7.140493411468287e-05
1991-03-20,0.978978467593277
1991-03-21,0.0
1991-03-22,0.0
1991-03-23,0.0
1991-03-24,0.0
1991-03-25,0.0
1991-03-26,0.3325360682738899
1991-03-27,12.790857647163476
1991-03-28,2.794239932515093e-05
1991-03-29,0.03731609457849704
1991-03-30,2.794239932515093e-05
1991-03-31,2.794239932515093e-05
1991-04-01,0.00011762303022031184
1991-04-02,0.14657445234705976
1991-04-03,11.941930575832465
1991-04-04,0.5762691185687694
1991-04-05,0.00011762303022031184
1991-04-06,2.3004061471118834e-07
1991-04-07,0.0031350866122378533
1991-04-08,0.0032249503084551528
1991-04-09,0.003324983467774536
1991-04-10,2.3004061471118834e-07
1991-04-11,7.680354776796884
1991-04-12,3.3152927088329025
1991-04-13,12.661947225057782
1991-04-14,11.56183619922247
1991-04-15,0.0013087716277067534
1991-04-16,8.686483005130579e-05
1991-04-17,7.272545147567594
1991-04-18,19.552405594687194
1991-04-19,0.0024214989650008403
1991-04-20,0.5244088830116561
1991-04-21,0.8313979477440235
1991-04-22,1.4888323877533176
1991-04-23,3.2906106011538037
1991-04-24,0.397166936673327
1991-04-25,4.332659010672209
1991-04-26,2.084579752908341
1991-04-27,27.712740829448265
1991-04-28,2.6351593878158583
1991-04-29,6.939415509787997
1991-04-30,2.6646342881189207
1991-05-01,3.013372062335402
1991-05-02,0.001914448175348938
1991-05-03,13.580870361423012
1991-05-04,6.029503324711418
1991-05-05,15.210316507963553
1991-05-06,7.875531683263703e-05
1991-05-07,7.875531683263703e-05
1991-05-08,3.7975559275231716
1991-05-09,0.08322304606472558
1991-05-10,0.4590609250631827
1991-05-11,0.36916287526283775
1991-05-12,2.48550196712224
1991-05-13,7.856971634742337
1991-05-14,0.3112409519765656
1991-05-15,8.987802235633007
1991-05-16,1.1007058690126366
1991-05-17,5.345280803362611
1991-05-18,0.0015673769848485875
1991-05-19,1.0735176773786586
1991-05-20,6.90078861478959
1991-05-21,9.852837611073316
1991-05-22,3.3495022265670897
1991-05-23,13.4510112963041
1991-05-24,11.057939492368666
1991-05-25,2.3631500915925625
1991-05-26,2.133652076776818
1991-05-27,4.209029342225197
1991-05-28,0.00014580756765815805
1991-05-29,0.8567039043559652
1991-05-30,10.96773271266913
1991-05-31,0.2706660830704231
1991-06-01,1.1490637817897356
1991-06-02,2.274726604679537
1991-06-03,2.914214916571143
1991-06-04,0.07222131783107438
1991-06-05,9.435742408744304
1991-06-06,2.397338399238332
1991-06-07,0.009909710337330025
1991-06-08,7.629970048106352
1991-06-09,0.6907434032428128
1991-06-10,0.22172131393995176
1991-06-11,0.06351800261598049
1991-06-12,0.09607778230066173
1991-06-13,0.6058584603427236
1991-06-14,0.22730292699364912
1991-06-15,0.6135691064613281
1991-06-16,18.11983724709091
1991-06-17,0.00022221384881694525
1991-06-18,0.002679091895353268
1991-06-19,0.00010792979672509644
1991-06-20,0.00010792979672509644
1991-06-21,1.9556035461774826
1991-06-22,8.742038188567603
1991-06-23,0.9302219119323021
1991-06-24,0.5289923683714791
1991-06-25,0.09766023070689576
1991-06-26,0.0
1991-06-27,0.0
1991-06-28,0.0
1991-06-29,0.0
1991-06-30,0.0
1991-07-01,0.0360550201077825
1991-07-02,2.75738239425524
1991-07-03,3.022915029976482
1991-07-04,1.0629599844847426
1991-07-05,0.0004189669878106353
1991-07-06,0.000301929605231141
1991-07-07,0.000301929605231141
1991-07-08,0.36836561163075765
1991-07-09,3.193043059817882
1991-07-10,0.4976371851862968
1991-07-11,1.2661076314257635
1991-07-12,8.2040849077537
1991-07-13,0.6187328579548602
1991-07-14,0.00012210588869348372
1991-07-15,0.00012171456625648298
1991-07-16,0.002931928849905123
1991-07-17,0.00012625286180013346
1991-07-18,0.00012625286180013346
1991-07-19,1.179595980159723
1991-07-20,0.1775644079084399
1991-07-21,0.3738941161426278
1991-07-22,0.010455942229949947
1991-07-23,0.9787652758633332
1991-07-24,42.12320370915654
1991-07-25,0.00015385881947527907
1991-07-26,0.0002507073421151636
1991-07-27,2.1067718167932594
1991-07-28,4.948481592013573
1991-07-29,2.6665911983342325
1991-07-30,0.0002507073421151636
1991-07-31,0.0780377649393819
1991-08-01,9.031842697300762e-05
1991-08-02,9.031842697300762e-05
1991-08-03,0.45998638711094153
1991-08-04,0.7692740258949552
1991-08-05,0.7349068831371747
1991-08-06,0.9750657574318462
1991-08-07,0.01892181958962236
1991-08-08,0.15798863103539978
1991-08-09,0.21843341697967225
1991-08-10,0.003926996655181843
1991-08-11,0.0
1991-08-12,0.0
1991-08-13,0.0
1991-08-14,0.0
1991-08-15,0.0
1991-08-16,0.0005921899794632547
1991-08-17,0.3778914215684976
1991-08-18,0.0015643273897695449
1991-08-19,0.0004149660757167389
1991-08-20,9.893353523646947e-05
1991-08-21,0.0036852811696572773
1991-08-22,0.8040129657393417
1991-08-23,9.954361962280853
1991-08-24,7.630229662080544
1991-08-25,0.0023079934992051567
1991-08-26,0.00883621193023247
1991-08-27,0.5247397550511569
1991-08-28,1.1711488240749488
1991-08-29,1.417625010896015
1991-08-30,8.753666929336257
1991-08-31,3.634652535382155
1991-09-01,11.742266003675104
1991-09-02,5.582673621166615
1991-09-03,3.009723704635582
1991-09-04,7.887335529232157
1991-09-05,6.392170908056725e-05
1991-09-06,7.269945426915838e-05
1991-09-07,2.7800790659735077
1991-09-08,8.143464665111692
1991-09-09,0.4278291163333708
1991-09-10,0.2753963958259627
1991-09-11,0.027348122995228926
1991-09-12,0.43797077717026245
1991-09-13,0.077415800394594
1991-09-14,1.6055665679013738
1991-09-15,12.699669876671074
1991-09-16,4.731950909316642
1991-09-17,0.1322189350243197
1991-09-18,28.352428175444793
1991-09-19,0.00023411007850983236
1991-09-20,0.00023411007850983236
1991-09-21,1.8003859784814793
1991-09-22,2.2176963811480785
1991-09-23,0.039469157616616846
1991-09-24,0.35120325129897023
1991-09-25,0.00015411963269984575
1991-09-26,0.0001251196767486651
1991-09-27,0.0001251196767486651
1991-09-28,0.0001251196767486651
1991-09-29,0.0001251196767486651
1991-09-30,0.0001251196767486651
1991-10-01,6.157955541104779e-05
1991-10-02,6.157955541104779e-05
1991-10-03,5.81097565257753
1991-10-04,0.9664626246356801
1991-10-05,0.10201914293994396
1991-10-06,0.2643344770117342
1991-10-07,0.2643344770117342
1991-10-08,0.2643344770117342
1991-10-09,0.2643344770117342
1991-10-10,0.2643344770117342
1991-10-11,4.869363744849633e-07
1991-10-12,4.869363744849633e-07
1991-10-13,0.001000056338866958
1991-10-14,0.001178144296219624
1991-10-15,0.0004008946021221972
1991-10-16,0.00043168075034028105
1991-10-17,0.00043168075034028105
1991-10-18,0.0005033944297939993
1991-10-19,0.027265283413827807
1991-10-20,0.00043168075034028105
1991-10-21,0.00016780287459652464
1991-10-22,0.00016780287459652464
1991-10-23,0.057229481656469364
1991-10-24,9.788929060464856
1991-10-25,10.356463584514625
1991-10-26,13.259239500496678
1991-10-27,0.9558117290989601
1991-10-28,7.549683568257893
1991-10-29,10.020627371136705
1991-10-30,4.358353222881225
1991-10-31,10.595501735061552
1991-11-01,19.22188792119711
1991-11-02,0.9409153631967602
1991-11-03,0.002958405559216301
1991-11-04,0.0003296049032609159
1991-11-05,0.00421626399191572
1991-11-06,3.3721592126836053
1991-11-07,3.8118856724999217
1991-11-08,0.00021728467790500675
1991-11-09,0.00021728467790500675
1991-11-10,0.0016057788728407088
1991-11-11,0.1342819174226402
1991-11-12,0.5310023268599222
1991-11-13,6.507314103078905e-05
1991-11-14,1.8165030894078498
1991-11-15,2.441594489705938
1991-11-16,15.113106250417179
1991-11-17,20.009450078876302
1991-11-18,0.0006924647743625532
1991-11-19,2.5704722490624374
1991-11-20,2.6764084918679756
1991-11-21,4.8233854229524495e-05
1991-11-22,0.7171786554438647
1991-11-23,0.988774082351935
1991-11-24,4.8233854229524495e-05
1991-11-25,4.8233854229524495e-05
1991-11-26,0.06542662761452252
1991-11-27,3.2079227045616747
1991-11-28,0.9029027545125076
1991-11-29,6.02212211682227
1991-11-30,2.0611905746662615
1991-12-01,1.5383406613639485
1991-12-02,1.9331015220129872
1991-12-03,0.12046873108662252
1991-12-04,6.533164262912366e-05
1991-12-05,6.533164262912366e-05
1991-12-06,0.0001378145324270304
1991-12-07,0.010817659501806517
1991-12-08,0.010513818008624111
1991-12-09,0.0001378145324270304
1991-12-10,0.0001378145324270304
1991-12-11,0.5952216362432265
1991-12-12,27.616439300727528
1991-12-13,0.00590888922843561
1991-12-14,0.00032529136869496335
1991-12-15,0.00017979762140625006
1991-12-16,6.70182292243153e-05
1991-12-17,6.70182292243153e-05
1991-12-18,6.70182292243153e-05
1991-12-19,4.113125501848918
1991-12-20,38.24814925738289
1991-12-21,5.702382183140998e-05
1991-12-22,0.004362239813725253
1991-12-23,0.0019552740186700723
1991-12-24,1.1317537228064367e-07
1991-12-25,1.1317537228064367e-07
1991-12-26,0.0005180251183829707
1991-12-27,2.350229073960573
1991-12-28,0.1563482316087535
1991-12-29,0.09705227499966784
1991-12-30,1.275543063139089
1991-12-31,2.307073769751966
1992-01-01,3.416563304570819
1992-01-02,2.4051698077655694
1992-01-03,0.0
1992-01-04,0.0
1992-01-05,2.730081261093414
1992-01-06,0.0
1992-01-07,0.0
1992-01-08,0.0
1992-01-09,0.0
1992-01-10,0.0
1992-01-11,0.0
1992-01-12,0.26306604123900573
1992-01-13,7.491369513895242
1992-01-14,0.010254269812074697
1992-01-15,0.0579202972558164
1992-01-16,0.0
1992-01-17,0.0
1992-01-18,5.932470495847718
1992-01-19,0.0
1992-01-20,0.0
1992-01-21,0.0
1992-01-22,0.9607175176923153
1992-01-23,0.16146714305632692
1992-01-24,0.0
1992-01-25,0.0010219037379724468
1992-01-26,0.010110577336988315
1992-01-27,2.826436665320277
1992-01-28,0.010110577336988315
1992-01-29,0.010110577336988315
1992-01-30,0.010624099140410369
1992-01-31,0.010110577336988315
1992-02-01,2.9085734795659902e-05
1992-02-02,2.9085734795659902e-05
1992-02-03,2.9085734795659902e-05
1992-02-04,0.0018037526370343622
1992-02-05,2.9085734795659902e-05
1992-02-06,0.0
1992-02-07,0.0
1992-02-08,0.0
1992-02-09,0.0006653217586696709
1992-02-10,1.0420870175931212
1992-02-11,0.816017188681044
1992-02-12,14.681598220466327
1992-02-13,0.08315784969266037
1992-02-14,11.411013733466518
1992-02-15,1.673825898486587
1992-02-16,0.0
1992-02-17,5.430209300054978
1992-02-18,0.19550816291602832
1992-02-19,0.0021226769601747427
1992-02-20,0.0
1992-02-21,0.0
1992-02-22,0.0
1992-02-23,0.0
1992-02-24,0.0
1992-02-25,0.0
1992-02-26,0.0
1992-02-27,0.0
1992-02-28,0.0
1992-02-29,0.0
1992-03-01,0.0
1992-03-02,0.0
1992-03-03,0.5085329442317229
1992-03-04,9.840731678092741
1992-03-05,19.470071296250314
1992-03-06,3.662301770549351
1992-03-07,0.000200232332367539
1992-03-08,0.0025679069173296758
1992-03-09,2.6773466387868745
1992-03-10,0.07153899904147634
1992-03-11,0.0
1992-03-12,0.0
1992-03-13,0.0
1992-03-14,0.0
1992-03-15,0.0
1992-03-16,0.020623058211037732
1992-03-17,8.559036412620513
1992-03-18,20.145007703378212
1992-03-19,4.736066000155664
1992-03-20,0.1761686840799078
1992-03-21,5.178223340000076
1992-03-22,3.9123112845523615
1992-03-23,0.0
1992-03-24,4.5501323043093675
1992-03-25,5.914951173867607
1992-03-26,0.028060600482209572
1992-03-27,0.0
1992-03-28,0.7011851490103935
1992-03-29,4.313169404764958
1992-03-30,0.3637463065685399
1992-03-31,0.11436883735386195
1992-04-01,0.0
1992-04-02,0.0
1992-04-03,0.0
1992-04-04,0.0
1992-04-05,0.0
1992-04-06,0.051439904761451556
1992-04-07,1.9153525272541285
1992-04-08,0.520334354987324
1992-04-09,5.513916542163893
1992-04-10,0.8732876697326485
1992-04-11,5.550582469998755
1992-04-12,15.728888713975909
1992-04-13,0.06887862529454752
1992-04-14,0.03981502573900845
1992-04-15,3.7490339857348225
1992-04-16,9.230628746185259
1992-04-17,7.786656768657068
1992-04-18,13.464524728488888
1992-04-19,21.012938128958147
1992-04-20,30.374879644465018
1992-04-21,0.1213970906630275
1992-04-22,0.00011517890450320741
1992-04-23,4.540560191330037
1992-04-24,0.39067404494989094
1992-04-25,0.27386963155513344
1992-04-26,0.0001914982656760973
1992-04-27,0.0005796458344759943
1992-04-28,3.1213718695515142
1992-04-29,0.23648177569523604
1992-04-30,0.0
1992-05-01,0.0
1992-05-02,0.0
1992-05-03,0.0
1992-05-04,0.0
1992-05-05,0.0
1992-05-06,0.0
1992-05-07,0.0
1992-05-08,0.0
1992-05-09,0.0
1992-05-10,0.0
1992-05-11,7.537435820991916
1992-05-12,4.070221778757871
1992-05-13,0.21938588294500955
1992-05-14,13.191599228738447
1992-05-15,0.07490474133189574
1992-05-16,0.8672399169376956
1992-05-17,5.13067142077662
1992-05-18,0.11118812932622253
1992-05-19,1.436679231208639
1992-05-20,2.0154225006256716
1992-05-21,0.0
1992-05-22,0.0
1992-05-23,0.0
1992-05-24,0.0
1992-05-25,0.0
1992-05-26,0.6401607613948975
1992-05-27,1.496744851450591
1992-05-28,1.228285436766344
1992-05-29,0.13103420009606837
1992-05-30,0.0
1992-05-31,1.4580304098558134
1992-06-01,15.281042791700438
1992-06-02,23.859048765083546
1992-06-03,26.921567536420824
1992-06-04,0.26795117753453296
1992-06-05,0.36779408140066194
1992-06-06,7.669059717305999
1992-06-07,0.0
1992-06-08,3.4904555754222955
1992-06-09,9.214235660767091
1992-06-10,14.301428965250661
1992-06-11,6.2331203579929495
1992-06-12,0.0
1992-06-13,0.0
1992-06-14,14.79899368916564
1992-06-15,22.78399466907065
1992-06-16,2.6058270218685124
1992-06-17,7.992545682332566
1992-06-18,0.0
1992-06-19,0.9139352632711918
1992-06-20,7.859204801803082e-06
1992-06-21,0.0
1992-06-22,0.004948938191476616
1992-06-23,0.7271201607666887
1992-06-24,15.466667563106487
1992-06-25,8.553421436300585
1992-06-26,0.0
1992-06-27,0.0
1992-06-28,0.0
1992-06-29,0.0
1992-06-30,0.0
1992-07-01,1.4618329632191402
1992-07-02,7.460022651016299
1992-07-03,6.300861242453596
1992-07-04,4.544900956220017
1992-07-05,66.4969651431182
1992-07-06,6.921611273617864
1992-07-07,0.5520956084593612
1992-07-08,0.0
1992-07-09,0.0
1992-07-10,9.741874959259468
1992-07-11,47.35661602708066
1992-07-12,0.05786200359546988
1992-07-13,0.332997324202129
1992-07-14,19.24141971296287
1992-07-15,0.13846667665827062
1992-07-16,35.84858022554841
1992-07-17,0.6629002733436854
1992-07-18,0.14407062700365952
1992-07-19,0.29865061133800935
1992-07-20,7.751889990083836
1992-07-21,3.123360498388891
1992-07-22,1.9542943183377202
1992-07-23,53.74680364186044
1992-07-24,3.9047914134394865
1992-07-25,0.8692211200467864
1992-07-26,38.188867480161264
1992-07-27,0.2869883948471268
1992-07-28,0.0
1992-07-29,0.0
1992-07-30,7.2821244139662165
1992-07-31,1.6836491961258961
1992-08-01,0.07097667934882673
1992-08-02,4.766606911193488
1992-08-03,4.7065943216736015
1992-08-04,4.166240253498097
1992-08-05,1.1974119022947374
1992-08-06,0.27403939449877934
1992-08-07,6.420024569885155
1992-08-08,8.964011891576973
1992-08-09,3.690364014174001
1992-08-10,2.679342600270639
1992-08-11,11.104090813678914
1992-08-12,0.07431401736102437
1992-08-13,0.00043053153274261034
1992-08-14,1.423023135035103
1992-08-15,0.17714737340537254
1992-08-16,0.0
1992-08-17,0.0
1992-08-18,0.0
1992-08-19,0.0
1992-08-20,0.0
1992-08-21,0.0
1992-08-22,4.111457162752058e-08
1992-08-23,1.5360606124232293e-05
1992-08-24,2.2249888456713578e-05
1992-08-25,3.2182278134057396e-05
1992-08-26,11.187334875197665
1992-08-27,0.39104890399125947
1992-08-28,0.0
1992-08-29,0.0
1992-08-30,1.9595133635650852
1992-08-31,19.333898675832266
1992-09-01,3.3228150738312205
1992-09-02,2.6543361888376333
1992-09-03,0.0221849134774451
1992-09-04,0.0
1992-09-05,0.33474925147353074
1992-09-06,30.09586763392932
1992-09-07,1.4941317441378088
1992-09-08,27.269576678300908
1992-09-09,24.541436856230803
1992-09-10,2.391254996213986
1992-09-11,0.0
1992-09-12,0.0
1992-09-13,0.0
1992-09-14,0.0342859328419088
1992-09-15,0.13934539148097694
1992-09-16,0.0
1992-09-17,0.017509475125873347
1992-09-18,3.3341647059389588
1992-09-19,0.0007765371841668622
1992-09-20,20.894293146599978
1992-09-21,4.794234858479134
1992-09-22,0.006370658283936854
1992-09-23,0.0
1992-09-24,0.0
1992-09-25,1.9462378151696564
1992-09-26,0.0
1992-09-27,0.0
1992-09-28,0.0
1992-09-29,0.0
1992-09-30,0.0
1992-10-01,0.00030391685581255596
1992-10-02,0.00030391685581255596
1992-10-03,0.00030391685581255596
1992-10-04,0.00030391685581255596
1992-10-05,0.00030391685581255596
1992-10-06,0.003770707291494167
1992-10-07,0.5895106985201499
1992-10-08,28.73663355982776
1992-10-09,0.3116937118646812
1992-10-10,0.0
1992-10-11,0.0
1992-10-12,0.0
1992-10-13,0.0
1992-10-14,0.00020022137073969222
1992-10-15,0.002094936698500411
1992-10-16,0.0
1992-10-17,0.0
1992-10-18,0.0
1992-10-19,0.0
1992-10-20,0.0
1992-10-21,0.059428310044645834
1992-10-22,0.059428310044645834
1992-10-23,0.059428310044645834
1992-10-24,0.3533112717848706
1992-10-25,0.059428310044645834
1992-10-26,2.1220131951221792
1992-10-27,0.0
1992-10-28,0.0
1992-10-29,20.159122799180114
1992-10-30,5.591083125865659
1992-10-31,5.075153606861044
1992-11-01,30.804637525973135
1992-11-02,2.2847626212296155
1992-11-03,9.562209837557226
1992-11-04,0.1802964647081532
1992-11-05,0.008212236737947203
1992-11-06,0.008288093527623394
1992-11-07,0.2427041502767534
1992-11-08,0.0
1992-11-09,0.01246595322337431
1992-11-10,0.2241206942598456
1992-11-11,37.934851982351375
1992-11-12,29.212003285160428
1992-11-13,2.77595750226211e-05
1992-11-14,0.0
1992-11-15,0.0
1992-11-16,0.0
1992-11-17,0.11608925021305104
1992-11-18,8.162924262325507
1992-11-19,12.83970354836907
1992-11-20,4.6223879328828295
1992-11-21,2.056672760291611
1992-11-22,54.84715397003418
1992-11-23,0.005769858236428893
1992-11-24,3.781074114986018
1992-11-25,29.06278401064108
1992-11-26,0.22506952513778283
1992-11-27,0.03647279420221216
1992-11-28,0.0
1992-11-29,0.0
1992-11-30,0.036580444046712395
1992-12-01,3.930794943851588
1992-12-02,0.0
1992-12-03,0.0
1992-12-04,0.009695155151801074
1992-12-05,2.38135665349531
1992-12-06,2.807594648955153
1992-12-07,0.01392367062336749
1992-12-08,0.0
1992-12-09,20.903118771945504
1992-12-10,0.21531511280532897
1992-12-11,0.0
1992-12-12,0.0
1992-12-13,24.012600409050187
1992-12-14,67.3754788827845
1992-12-15,12.508768349700166
1992-12-16,0.0007512771104618573
1992-12-17,0.015576275798522178
1992-12-18,0.0
1992-12-19,0.447043233436747
1992-12-20,0.0004855219746311119
1992-12-21,0.031145958604847278
1992-12-22,0.031145958604847278
1992-12-23,0.031145958604847278
1992-12-24,0.031145958604847278
1992-12-25,0.031145958604847278
1992-12-26,0.0
1992-12-27,0.0
1992-12-28,0.5648287396003432
1992-12-29,2.547086604183474
1992-12-30,2.516492522425765
1992-12-31,3.6620141722602755
1993-01-01,0.0
1993-01-02,19.651961492727402
1993-01-03,1.203425655638414
1993-01-04,11.60789922261795
1993-01-05,0.0
1993-01-06,0.0
1993-01-07,0.09834039061112303
1993-01-08,0.972267451790496
1993-01-09,4.0691219824409925
1993-01-10,0.257428187231235
1993-01-11,0.00365291897959868
1993-01-12,0.013982102833993598
1993-01-13,0.00040784732858594895
1993-01-14,0.00011092443289445098
1993-01-15,0.00011472847076817277
1993-01-16,0.08653765313065404
1993-01-17,0.0
1993-01-18,3.3567096471042652
1993-01-19,0.18979337947721667
1993-01-20,13.089473833844666
1993-01-21,2.981968045718511e-07
1993-01-22,0.0
1993-01-23,6.435674987450307e-10
1993-01-24,1.798306689267368e-07
1993-01-25,0.0
1993-01-26,0.0
1993-01-27,0.0
1993-01-28,0.0
1993-01-29,0.0
1993-01-30,0.0
1993-01-31,0.0
1993-02-01,0.0
1993-02-02,0.0
1993-02-03,0.0
1993-02-04,0.0
1993-02-05,0.0
1993-02-06,0.0014539632625352814
1993-02-07,0.0014539632625352814
1993-02-08,0.0014539632625352814
1993-02-09,0.0014539632625352814
1993-02-10,0.6954831050163852
1993-02-11,6.545601013876079
1993-02-12,0.354106134581325
1993-02-13,0.003826771663981006
1993-02-14,0.00041324714844139356
1993-02-15,19.787101635116798
1993-02-16,11.707508834458165
1993-02-17,0.4686736319115008
1993-02-18,0.03826194681786973
1993-02-19,0.0
1993-02-20,1.711551456302604
1993-02-21,0.2624619197959731
1993-02-22,0.000685193192792556
1993-02-23,0.0073708004835561294
1993-02-24,2.095602240338265
1993-02-25,24.174132118469036
1993-02-26,0.0
1993-02-27,0.0
1993-02-28,0.0
1993-03-01,4.500297509355761
1993-03-02,20.173398192783726
1993-03-03,3.4856760227908543
1993-03-04,2.2891480855663464
1993-03-05,0.12336997826101477
1993-03-06,0.0
1993-03-07,0.0
1993-03-08,0.0
1993-03-09,0.0
1993-03-10,0.0
1993-03-11,0.09728547181236237
1993-03-12,0.26673249621763734
1993-03-13,0.0027516261863954465
1993-03-14,0.0
1993-03-15,0.31325738039624323
1993-03-16,0.0
1993-03-17,0.0
1993-03-18,0.0
1993-03-19,0.0
1993-03-20,0.0
1993-03-21,1.8498822693117478
1993-03-22,12.464514874383447
1993-03-23,0.06420372126156008
1993-03-24,3.4599456235594916e-05
1993-03-25,0.05309083257752717
1993-03-26,0.0
1993-03-27,1.8520406395992717e-06
1993-03-28,2.2074218067481235
1993-03-29,0.39772436764691826
1993-03-30,11.960390112054439
1993-03-31,14.43046247268673
1993-04-01,4.186790013741599
1993-04-02,0.0
1993-04-03,2.765755473342346
1993-04-04,3.373016745044774
1993-04-05,0.23873429632079726
1993-04-06,0.30706281635889565
1993-04-07,8.306516495011662
1993-04-08,5.196466885171072
1993-04-09,0.0
1993-04-10,0.0
1993-04-11,0.0
1993-04-12,5.6692612988868
1993-04-13,10.788922431397063
1993-04-14,6.290342302022011
1993-04-15,5.439772293612415
1993-04-16,0.18707743382675354
1993-04-17,3.365061611841017
1993-04-18,0.0004847754020672502
1993-04-19,1.5115896699780915
1993-04-20,0.2743572728367334
1993-04-21,0.08024882244094962
1993-04-22,0.0
1993-04-23,0.01648692948943924
1993-04-24,5.218783375693905
1993-04-25,3.7161419864179406
1993-04-26,0.0
1993-04-27,0.008937553058490198
1993-04-28,21.823223709456972
1993-04-29,12.256494692573302
1993-04-30,4.4955271449393114e-05
1993-05-01,0.4208812502362403
1993-05-02,5.286300388918367
1993-05-03,14.678338346455114
1993-05-04,0.5376503924442413
1993-05-05,6.834728205284564
1993-05-06,8.09737985744658
1993-05-07,20.392853152613593
1993-05-08,2.242845830390729
1993-05-09,37.59035994856077
1993-05-10,13.699326223635747
1993-05-11,0.003377416057992424
1993-05-12,0.006132661966617823
1993-05-13,0.00018165073391191716
1993-05-14,0.0
1993-05-15,0.0038190720340708973
1993-05-16,1.2778755633215024
1993-05-17,8.48762961109245
1993-05-18,13.91426289745737
1993-05-19,2.18679921839559
1993-05-20,0.0012181436129196732
1993-05-21,0.0
1993-05-22,0.5776687366548655
1993-05-23,0.5960389178985682
1993-05-24,0.030519354040331764
1993-05-25,0.0
1993-05-26,0.0
1993-05-27,0.0
1993-05-28,0.5766753995756779
1993-05-29,22.96463477862154
1993-05-30,29.450548235223586
1993-05-31,3.3808921013645628
1993-06-01,0.7487841297884037
1993-06-02,0.6212421713811852
1993-06-03,14.452732474710967
1993-06-04,11.745348966085697
1993-06-05,0.12632280463418888
1993-06-06,6.109798956380469
1993-06-07,1.5483362169377062
1993-06-08,8.524722907184684
1993-06-09,2.1731599978111906
1993-06-10,1.4508629611159847
1993-06-11,1.684154019485633
1993-06-12,0.6972659278693746
1993-06-13,0.06105190518976522
1993-06-14,2.373840453819109
1993-06-15,0.0
1993-06-16,0.17740890839617077
1993-06-17,2.6872384545004935
1993-06-18,3.481001916664998
1993-06-19,6.442724826784692
1993-06-20,1.6805644904978965
1993-06-21,0.04945558829281293
1993-06-22,0.06225390397687603
1993-06-23,0.6108309755928383
1993-06-24,12.733383139248835
1993-06-25,32.164892015897856
1993-06-26,0.16922868055906942
1993-06-27,0.32714883211528456
1993-06-28,0.47862377891577784
1993-06-29,3.410819041069522
1993-06-30,0.05177349738264469
1993-07-01,10.283287040001646
1993-07-02,8.891215679109875
1993-07-03,0.03227001836923559
1993-07-04,1.7355908895250043
1993-07-05,6.724516702285176
1993-07-06,50.48710233764513
1993-07-07,6.1732766211172345
1993-07-08,0.034655855228254526
1993-07-09,0.31270856049042156
1993-07-10,19.26589487034959
1993-07-11,0.23082558491513813
1993-07-12,19.001493125680696
1993-07-13,0.6394637398723972
1993-07-14,18.237927960080146
1993-07-15,3.2282568326813026
1993-07-16,0.10500970749485533
1993-07-17,0.00664205163697743
1993-07-18,8.256912570506465
1993-07-19,30.703391458577
1993-07-20,0.9953492000190436
1993-07-21,17.145618102308177
1993-07-22,13.725597265615608
1993-07-23,26.801924875771324
1993-07-24,0.2840775953529107
1993-07-25,0.0
1993-07-26,6.353539939121209
1993-07-27,0.0
1993-07-28,1.656691180323936
1993-07-29,0.3638691369461399
1993-07-30,1.8814508336478049
1993-07-31,0.6260145117790252
1993-08-01,1.3648167098437411
1993-08-02,0.05479526602293574
1993-08-03,0.4400476049606144
1993-08-04,0.129905275317978
1993-08-05,17.060520928488234
1993-08-06,2.6717501370709287
1993-08-07,0.0
1993-08-08,0.13179577573549425
1993-08-09,16.298254409531516
1993-08-10,3.1939610727944743
1993-08-11,13.41192064184935
1993-08-12,0.43760375371201066
1993-08-13,0.06762488215305354
1993-08-14,0.21961615329651202
1993-08-15,0.17314497580449476
1993-08-16,0.0
1993-08-17,0.0
1993-08-18,0.0
1993-08-19,0.0
1993-08-20,0.0
1993-08-21,1.1974106425234
1993-08-22,0.5056643208128927
1993-08-23,1.8205023492440489
1993-08-24,0.2978549741894252
1993-08-25,0.16762746843517842
1993-08-26,0.00041441402191579323
1993-08-27,0.0
1993-08-28,0.07018231928555023
1993-08-29,0.23707458297698045
1993-08-30,3.301272226615802
1993-08-31,21.10972265011061
1993-09-01,0.04964329836212996
1993-09-02,8.242167550487148
1993-09-03,5.671907319523167
1993-09-04,0.0
1993-09-05,0.0
1993-09-06,0.4447724632242817
1993-09-07,0.16594858968870516
1993-09-08,0.3530701251894603
1993-09-09,0.0
1993-09-10,4.6409408540868545e-12
1993-09-11,1.325061455807704
1993-09-12,0.6052123806936905
1993-09-13,39.371068682729465
1993-09-14,46.104296681184124
1993-09-15,0.0
1993-09-16,0.0
1993-09-17,0.0
1993-09-18,0.0
1993-09-19,7.650674646106824
1993-09-20,0.06676083060788922
1993-09-21,0.006766695420550984
1993-09-22,0.11323781272108199
1993-09-23,40.46272902425594
1993-09-24,52.65341873606607
1993-09-25,47.222857259923714
1993-09-26,0.0
1993-09-27,0.0
1993-09-28,0.0
1993-09-29,0.0
1993-09-30,0.0
1993-10-01,0.0
1993-10-02,0.0014437592160847408
1993-10-03,0.0
1993-10-04,0.0
1993-10-05,0.0
1993-10-06,0.0
1993-10-07,0.0006114796069137185
1993-10-08,3.1918981110371076
1993-10-09,0.0306762454195647
1993-10-10,0.11666544358876571
1993-10-11,0.03424423364882306
1993-10-12,0.0
1993-10-13,4.262450152990155e-05
1993-10-14,0.0
1993-10-15,0.12609805732226878
1993-10-16,37.39930009823532
1993-10-17,0.38540804174140136
1993-10-18,4.675960276374308
1993-10-19,0.3242020134580775
1993-10-20,0.9750928644721898
1993-10-21,0.14264215077036402
1993-10-22,0.14264215077036402
1993-10-23,0.14264215077036402
1993-10-24,0.14264215077036402
1993-10-25,0.14264215077036402
1993-10-26,0.010872403521657262
1993-10-27,0.0
1993-10-28,0.0
1993-10-29,5.417449057781063
1993-10-30,0.13226848116136966
1993-10-31,0.044596555690053746
1993-11-01,0.0
1993-11-02,0.29304947465288156
1993-11-03,0.000547309568435079
1993-11-04,0.0
1993-11-05,0.003497792817035574
1993-11-06,0.03108165116222277
1993-11-07,0.03108165116222277
1993-11-08,0.03108165116222277
1993-11-09,0.03108165116222277
1993-11-10,0.03108165116222277
1993-11-11,0.16560871851459058
1993-11-12,32.67506814237252
1993-11-13,2.814895526481452
1993-11-14,32.561911841962484
1993-11-15,0.04193011298903966
1993-11-16,4.302083224872563
1993-11-17,8.486221086017919
1993-11-18,0.0
1993-11-19,0.0004690354274226703
1993-11-20,0.0
1993-11-21,0.0
1993-11-22,9.18883540957345e-05
1993-11-23,0.37336272209155535
1993-11-24,3.2277673372225935
1993-11-25,0.8812539952905197
1993-11-26,1.5732306834627016e-05
1993-11-27,0.17385324812126968
1993-11-28,0.001699918246705507
1993-11-29,0.0
1993-11-30,0.017510232805443744
1993-12-01,1.7672002924337713
1993-12-02,5.574982734166833
1993-12-03,2.746708644770147
1993-12-04,1.637521188385402
1993-12-05,1.5021021925584352e-06
1993-12-06,0.0
1993-12-07,0.0
1993-12-08,0.0
1993-12-09,3.163393993371312e-06
1993-12-10,0.0
1993-12-11,0.0
1993-12-12,0.748121217621666
1993-12-13,12.285936215417502
1993-12-14,2.768769372327723
1993-12-15,0.04863608866923512
1993-12-16,0.0
1993-12-17,0.0
1993-12-18,0.0
1993-12-19,0.0
1993-12-20,0.0
1993-12-21,0.0
1993-12-22,0.0
1993-12-23,0.0
1993-12-24,0.0
1993-12-25,0.0
1993-12-26,0.0
1993-12-27,0.0
1993-12-28,4.712769825775395
1993-12-29,0.0
1993-12-30,0.0
1993-12-31,0.0
1994-01-01,0.0
1994-01-02,2.6138644453904285
1994-01-03,13.778735937939004
1994-01-04,2.446333751519002
1994-01-05,0.0
1994-01-06,0.0
1994-01-07,0.0
1994-01-08,0.0
1994-01-09,0.0
1994-01-10,0.0
1994-01-11,0.002106366881338581
1994-01-12,0.003617181884705973
1994-01-13,0.0009074699013261992
1994-01-14,0.0052063425678189595
1994-01-15,0.0017517804118084455
1994-01-16,3.4862046170821097
1994-01-17,0.1002441650212317
1994-01-18,0.2708015291691455
1994-01-19,0.0
1994-01-20,6.869865342171773e-05
1994-01-21,0.0
1994-01-22,0.00041884038835975936
1994-01-23,0.0015543956763288773
1994-01-24,0.017573485735172135
1994-01-25,0.08319753343558656
1994-01-26,2.046564598649301
1994-01-27,0.037019968411834664
1994-01-28,0.002594108355204419
1994-01-29,1.5404291202782652e-05
1994-01-30,0.0
1994-01-31,0.0011599756834592494
1994-02-01,0.004479520422505153
1994-02-02,0.02406896487857344
1994-02-03,0.0
1994-02-04,0.0012862280026590181
1994-02-05,0.5123302359659877
1994-02-06,0.0
1994-02-07,0.00012131001386865417
1994-02-08,6.071528709897158
1994-02-09,9.572527367092164
1994-02-10,0.0
1994-02-11,0.0
1994-02-12,0.11574140916854692
1994-02-13,0.0
1994-02-14,0.0
1994-02-15,0.0
1994-02-16,0.0
1994-02-17,0.0
1994-02-18,0.0006415308815115509
1994-02-19,22.628349295950724
1994-02-20,42.984761417852646
1994-02-21,0.021315208636966208
1994-02-22,10.962896395207608
1994-02-23,12.178186574537657
1994-02-24,0.19948505923894977
1994-02-25,0.04507184792683602
1994-02-26,0.0
1994-02-27,0.0
1994-02-28,5.507755515716022
1994-03-01,0.0
1994-03-02,0.0
1994-03-03,0.0
1994-03-04,0.0
1994-03-05,0.0
1994-03-06,0.4003444801202953
1994-03-07,11.204541230346633
1994-03-08,5.199646003079902
1994-03-09,3.9102876338035717
1994-03-10,0.0
1994-03-11,0.0
1994-03-12,0.0
1994-03-13,0.0
1994-03-14,0.0
1994-03-15,0.0
1994-03-16,0.0
1994-03-17,0.0
1994-03-18,0.3265185768998474
1994-03-19,1.1797231465839222
1994-03-20,0.26730232427208933
1994-03-21,0.0
1994-03-22,0.0
1994-03-23,0.0011563332913334726
1994-03-24,0.024315918085926386
1994-03-25,0.002959883386691101
1994-03-26,12.181536560028997
1994-03-27,1.7515676431103353
1994-03-28,0.09465558722680478
1994-03-29,0.28398997739040577
1994-03-30,0.09497114900158084
1994-03-31,0.0
1994-04-01,0.0
1994-04-02,6.9979508368043
1994-04-03,14.927736324603568
1994-04-04,0.0
1994-04-05,5.748541385382603
1994-04-06,2.7236296220099896
1994-04-07,0.0
1994-04-08,0.9785190613252125
1994-04-09,16.49313630967041
1994-04-10,24.35613666628776
1994-04-11,69.86739928769501
1994-04-12,3.1021473106842947
1994-04-13,0.0021987730979711735
1994-04-14,0.045403834708252926
1994-04-15,11.747809385385862
1994-04-16,0.0
1994-04-17,0.0
1994-04-18,0.0
1994-04-19,0.0
1994-04-20,0.0
1994-04-21,11.232057772308668
1994-04-22,3.9532445060166235
1994-04-23,0.0
1994-04-24,0.6016478364706244
1994-04-25,5.076825450109724
1994-04-26,2.668694512920022
1994-04-27,8.55454313639623
1994-04-28,106.67881311870048
1994-04-29,9.276809990122288
1994-04-30,35.48104311500617
1994-05-01,0.0008890069181236149
1994-05-02,2.2987150058580137
1994-05-03,0.6514883050443966
1994-05-04,0.008613611956471886
1994-05-05,0.0009152520970630485
1994-05-06,17.792920192746063
1994-05-07,10.253619793386482
1994-05-08,0.050116406352872594
1994-05-09,0.0
1994-05-10,0.0
1994-05-11,0.02188311738495127
1994-05-12,0.9990935883255057
1994-05-13,2.063206642807482
1994-05-14,6.75513425861824
1994-05-15,0.5140613758638869
1994-05-16,0.0
1994-05-17,0.0
1994-05-18,0.0
1994-05-19,0.0
1994-05-20,0.0
1994-05-21,0.0
1994-05-22,0.0
1994-05-23,0.0
1994-05-24,0.32980336299167595
1994-05-25,0.7324045002010493
1994-05-26,0.01410168551919792
1994-05-27,0.0
1994-05-28,0.3948186090415838
1994-05-29,8.041554084027267
1994-05-30,0.0035855837155192075
1994-05-31,0.2826002408638061
1994-06-01,0.009368672605621573
1994-06-02,4.5160655804941525
1994-06-03,3.929307454196495
1994-06-04,2.9025527175291317
1994-06-05,1.872225830605247
1994-06-06,19.53453854394855
1994-06-07,0.0006046530343208542
1994-06-08,48.87585979384183
1994-06-09,0.6213804646871953
1994-06-10,0.2855532910006231
1994-06-11,0.0005977957105098417
1994-06-12,1.7213392276241706
1994-06-13,0.0017345946007599334
1994-06-14,0.04386959623050313
1994-06-15,0.533635898767862
1994-06-16,0.2232068330278418
1994-06-17,0.004406943779642516
1994-06-18,0.10251618817968067
1994-06-19,0.06587139943875744
1994-06-20,0.08485881241143238
1994-06-21,0.0
1994-06-22,0.0
1994-06-23,0.0
1994-06-24,0.0
1994-06-25,0.0
1994-06-26,0.012496189426882472
1994-06-27,0.0
1994-06-28,0.010696382771344243
1994-06-29,0.0
1994-06-30,2.009164993077658
1994-07-01,0.5672595433224902
1994-07-02,22.041494156245303
1994-07-03,0.16548423013670865
1994-07-04,0.25122498643710356
1994-07-05,7.960892037427561e-05
1994-07-06,2.0783690377994866
1994-07-07,1.2506188927941868
1994-07-08,31.586759349574518
1994-07-09,0.00015881864466393847
1994-07-10,0.007654464339460534
1994-07-11,0.0027110184412159778
1994-07-12,0.0
1994-07-13,0.6552604780332277
1994-07-14,2.6244708946419166
1994-07-15,1.3446968651188256
1994-07-16,17.30828879315119
1994-07-17,13.772756652825992
1994-07-18,0.9032178628574425
1994-07-19,0.5201855792868141
1994-07-20,12.482755941953435
1994-07-21,13.793433879655282
1994-07-22,0.0
1994-07-23,0.0
1994-07-24,0.03529552899262047
1994-07-25,0.20982052801007428
1994-07-26,8.492103431179611
1994-07-27,0.15134582302709063
1994-07-28,1.4003157513469904
1994-07-29,0.0
1994-07-30,0.7512206994560048
1994-07-31,0.5224052202627391
1994-08-01,2.099253306450115
1994-08-02,0.15014467498037723
1994-08-03,0.12525691949276466
1994-08-04,5.969584992968528
1994-08-05,2.3804641342878434
1994-08-06,0.0003896320496165571
1994-08-07,17.030885246009046
1994-08-08,0.22197936497996293
1994-08-09,0.24053451684694635
1994-08-10,7.078517325934961e-05
1994-08-11,0.03316542656082377
1994-08-12,0.009212433768656736
1994-08-13,0.004948267567788196
1994-08-14,5.371778610220516
1994-08-15,0.0
1994-08-16,0.0
1994-08-17,0.0
1994-08-18,0.0
1994-08-19,8.988586383565142
1994-08-20,43.79815911496812
1994-08-21,5.402569365133417e-06
1994-08-22,0.0
1994-08-23,0.0
1994-08-24,3.3821957154146184e-05
1994-08-25,2.5242746913722945e-05
1994-08-26,25.586145695369424
1994-08-27,0.08047220445712346
1994-08-28,0.025773117609445274
1994-08-29,11.223942759642636
1994-08-30,1.6694684907866195
1994-08-31,24.017252996892335
1994-09-01,0.16173082316035797
1994-09-02,5.010183251110798e-05
1994-09-03,0.161580341514584
1994-09-04,0.12861633291832872
1994-09-05,4.347358675147081
1994-09-06,6.66787586564043
1994-09-07,0.09544196330738858
1994-09-08,0.20424926519599548
1994-09-09,0.838901562553414
1994-09-10,0.07535544921678546
1994-09-11,0.0
1994-09-12,0.0
1994-09-13,0.0038212109956845563
1994-09-14,5.9287619747938614e-05
1994-09-15,0.15554651585052945
1994-09-16,4.569682578258821
1994-09-17,0.0
1994-09-18,0.0
1994-09-19,0.0
1994-09-20,0.0
1994-09-21,2.061869693342642
1994-09-22,12.322464652668092
1994-09-23,6.6222086891880485
1994-09-24,5.865705663013699
1994-09-25,3.2286316166042766
1994-09-26,0.0
1994-09-27,0.0
1994-09-28,0.0
1994-09-29,0.0
1994-09-30,0.0
1994-10-01,0.0
1994-10-02,0.005758513908505574
1994-10-03,5.435559023180459
1994-10-04,11.781116578916391
1994-10-05,0.5180535203140373
1994-10-06,0.043465418756636766
1994-10-07,6.461739886107059
1994-10-08,31.513017980081738
1994-10-09,0.0
1994-10-10,0.0
1994-10-11,0.0
1994-10-12,0.0
1994-10-13,2.2930189762234977e-05
1994-10-14,1.392219036000461e-06
1994-10-15,0.004287671268209832
1994-10-16,1.6213856044166557
1994-10-17,5.7714970988990855
1994-10-18,1.1096371011082085
1994-10-19,0.011987032189379914
1994-10-20,0.0
1994-10-21,1.6935094533888229
1994-10-22,0.03525174044929254
1994-10-23,0.10171030410739548
1994-10-24,0.36992816467860773
1994-10-25,0.0
1994-10-26,0.0
1994-10-27,0.0
1994-10-28,0.0
1994-10-29,0.017813352076812398
1994-10-30,3.0936533478561756
1994-10-31,40.709798748974116
1994-11-01,0.0
1994-11-02,0.0
1994-11-03,6.046791807746217
1994-11-04,27.80616362769529
1994-11-05,9.779922517583767
1994-11-06,0.005329975382174076
1994-11-07,0.0
1994-11-08,0.005728722559706613
1994-11-09,25.468345546325878
1994-11-10,0.0
1994-11-11,0.022547257643897544
1994-11-12,0.0
1994-11-13,2.482560090623599
1994-11-14,1.8871519940406358
1994-11-15,0.08964276735655809
1994-11-16,0.0
1994-11-17,3.5402593895271094e-05
1994-11-18,0.06192553830643065
1994-11-19,12.42522917299316
1994-11-20,63.942952092481214
1994-11-21,8.467553433856905
1994-11-22,2.2063422660978333
1994-11-23,0.0
1994-11-24,0.0
1994-11-25,6.614088510763982
1994-11-26,1.023643824501111
1994-11-27,16.10578090627961
1994-11-28,0.0
1994-11-29,0.0
1994-11-30,0.0
1994-12-01,0.0
1994-12-02,0.0004693827126673609
1994-12-03,0.4594786964421272
1994-12-04,0.8755029774239896
1994-12-05,0.12344130002214355
1994-12-06,3.429753515871259
1994-12-07,8.78705582014527
1994-12-08,0.06057717365911213
1994-12-09,0.6226960419843651
1994-12-10,0.001541150807303533
1994-12-11,0.0
1994-12-12,0.0
1994-12-13,0.0
1994-12-14,0.7246150548696084
1994-12-15,2.5887331796423467
1994-12-16,0.0
1994-12-17,0.0
1994-12-18,0.0
1994-12-19,0.0
1994-12-20,0.0
1994-12-21,0.0
1994-12-22,0.0
1994-12-23,0.0
1994-12-24,0.0
1994-12-25,0.0
1994-12-26,0.0
1994-12-27,0.0
1994-12-28,0.0
1994-12-29,0.0
1994-12-30,0.0
1994-12-31,1.2099766108730594
1995-01-01,4.707015786722594
1995-01-02,0.0
1995-01-03,0.4061571404787155
1995-01-04,0.0
1995-01-05,0.0041499345089545
1995-01-06,0.9019218293261239
1995-01-07,0.0060941990209060475
1995-01-08,0.03851397268299741
1995-01-09,0.0
1995-01-10,0.06026510006475907
1995-01-11,1.8899713218333778
1995-01-12,1.2205763510146932
1995-01-13,4.592764791902743
1995-01-14,2.5343854375453945
1995-01-15,0.0
1995-01-16,1.6532953315090273
1995-01-17,4.0237747265915775
1995-01-18,2.0421284457429563
1995-01-19,11.487594839129082
1995-01-20,0.0
1995-01-21,0.0
1995-01-22,0.0
1995-01-23,0.0
1995-01-24,0.0
1995-01-25,0.0
1995-01-26,0.14245847212775098
1995-01-27,6.442274769891833
1995-01-28,9.016020697444446
1995-01-29,0.8600302387812658
1995-01-30,0.0024680903320315967
1995-01-31,0.0
1995-02-01,0.0
1995-02-02,0.03562260635327846
1995-02-03,2.165890672420723
1995-02-04,0.0
1995-02-05,2.485286664330485e-05
1995-02-06,0.0
1995-02-07,0.0
1995-02-08,0.0
1995-02-09,0.0
1995-02-10,0.0
1995-02-11,0.17402172986218953
1995-02-12,0.13765734261962295
1995-02-13,0.5226150621176827
1995-02-14,1.8380905092306092
1995-02-15,0.41927507410012266
1995-02-16,0.5551234603169257
1995-02-17,0.5551234603169257
1995-02-18,0.5551234603169257
1995-02-19,0.5551234603169257
1995-02-20,0.5551234603169257
1995-02-21,0.0
1995-02-22,0.0
1995-02-23,0.0
1995-02-24,0.0
1995-02-25,0.0
1995-02-26,10.721019914148853
1995-02-27,4.5922910277496705
1995-02-28,0.4428127356327481
1995-03-01,0.3897231458688118
1995-03-02,2.3524183781180144
1995-03-03,0.27268201357252514
1995-03-04,1.6377985652928795
1995-03-05,1.5942065771311158
1995-03-06,0.5986191447587874
1995-03-07,6.08500628574018
1995-03-08,0.0
1995-03-09,0.0
1995-03-10,0.0
1995-03-11,0.0
1995-03-12,0.18484281719949827
1995-03-13,7.706168337901601
1995-03-14,4.000244510741031
1995-03-15,1.1034007547782159e-05
1995-03-16,0.0
1995-03-17,0.0
1995-03-18,0.0037958739303307217
1995-03-19,0.0015475214232040335
1995-03-20,0.21412848797644038
1995-03-21,0.0
1995-03-22,0.004880127908784326
1995-03-23,0.0
1995-03-24,0.0
1995-03-25,3.6457105809460244
1995-03-26,8.342715407526144
1995-03-27,0.0
1995-03-28,0.0
1995-03-29,0.156815122797734
1995-03-30,0.0
1995-03-31,0.08944717763267808
1995-04-01,0.09001874590054397
1995-04-02,0.0
1995-04-03,1.7484161105135687
1995-04-04,0.011180686699431534
1995-04-05,0.0
1995-04-06,0.0
1995-04-07,0.0
1995-04-08,3.813919765454708
1995-04-09,0.012444130539063878
1995-04-10,5.251509341232856
1995-04-11,36.79740549342393
1995-04-12,0.0015664226398439706
1995-04-13,0.0
1995-04-14,0.0
1995-04-15,0.0031840055134899413
1995-04-16,2.5244681890959706
1995-04-17,7.508968533336378
1995-04-18,24.234490578690348
1995-04-19,0.0
1995-04-20,9.430233950339872
1995-04-21,0.0
1995-04-22,0.6934671700734806
1995-04-23,15.78537293977222
1995-04-24,0.22375040679488442
1995-04-25,0.36340806615789073
1995-04-26,3.0981704336298965
1995-04-27,2.9997424982462766
1995-04-28,0.11958928239484311
1995-04-29,20.1323618855166
1995-04-30,0.8091583786673469
1995-05-01,17.191683124067545
1995-05-02,0.006350744325532153
1995-05-03,18.26964898477954
1995-05-04,4.520479592630828
1995-05-05,0.0026793621929185277
1995-05-06,9.740276396210398
1995-05-07,8.572760364235162
1995-05-08,51.49307136502157
1995-05-09,0.3617871141346415
1995-05-10,0.5230244853987039
1995-05-11,0.0005144188269994085
1995-05-12,0.007767600746133683
1995-05-13,0.0030788027676653083
1995-05-14,0.0
1995-05-15,0.0
1995-05-16,13.398523397385373
1995-05-17,49.073113908659586
1995-05-18,18.28790550512164
1995-05-19,0.0
1995-05-20,0.4603558244640638
1995-05-21,13.196955350379545
1995-05-22,0.7591879215112157
1995-05-23,7.852623364910469
1995-05-24,30.237968684538114
1995-05-25,1.228249598214063
1995-05-26,12.795578408065138
1995-05-27,23.322783375573756
1995-05-28,1.11394566320853
1995-05-29,0.0
1995-05-30,0.3162516986647358
1995-05-31,7.878492050745434
1995-06-01,3.909928787441475
1995-06-02,0.6492415703973707
1995-06-03,3.238402282166843
1995-06-04,17.21722156647639
1995-06-05,17.92731205546437
1995-06-06,11.279191024000836
1995-06-07,0.12346978911580686
1995-06-08,25.226983262068668
1995-06-09,30.715185459246605
1995-06-10,44.395233334557155
1995-06-11,0.26635380554498467
1995-06-12,0.0
1995-06-13,0.0
1995-06-14,0.02294275718888271
1995-06-15,3.5475825642147413e-07
1995-06-16,0.0
1995-06-17,0.0
1995-06-18,0.35425694109124567
1995-06-19,0.0444622835501316
1995-06-20,0.0
1995-06-21,0.007901568705328828
1995-06-22,0.14412590802989494
1995-06-23,0.3179339464227193
1995-06-24,10.289549106179479
1995-06-25,18.788152684653273
1995-06-26,15.537973026217058
1995-06-27,0.09015175728373818
1995-06-28,1.8150085706982786
1995-06-29,8.637364659837418
1995-06-30,1.7465474796013059
1995-07-01,0.0
1995-07-02,0.5241592021222704
1995-07-03,4.995300493396281
1995-07-04,10.28684677848381
1995-07-05,3.792932379407557
1995-07-06,0.4616009759771336
1995-07-07,0.44717667492930185
1995-07-08,0.0
1995-07-09,8.979395777640013
1995-07-10,0.0
1995-07-11,0.0
1995-07-12,0.0
1995-07-13,0.046524044550687434
1995-07-14,0.0035861772602359936
1995-07-15,0.013404147714527786
1995-07-16,14.081036387899474
1995-07-17,1.3689581301125635
1995-07-18,0.12920337211999766
1995-07-19,1.4203454708950882
1995-07-20,39.99796217610902
1995-07-21,0.25695756092906913
1995-07-22,3.231510723980153
1995-07-23,3.1385633709843765
1995-07-24,1.884097182281244
1995-07-25,0.009775732991539615
1995-07-26,5.736692056989268
1995-07-27,0.0
1995-07-28,0.0
1995-07-29,0.0
1995-07-30,0.08264652921765536
1995-07-31,2.270234645436356
1995-08-01,24.328943458294994
1995-08-02,28.227735538712018
1995-08-03,13.370884756577606
1995-08-04,12.911833532670872
1995-08-05,1.6315231874302878
1995-08-06,0.5965345333505396
1995-08-07,2.6127706022737343
1995-08-08,0.08287256055853405
1995-08-09,0.37490242723297484
1995-08-10,0.0
1995-08-11,0.0
1995-08-12,0.0001639213195330716
1995-08-13,0.05682115709882361
1995-08-14,0.167956671118734
1995-08-15,7.491647949736473
1995-08-16,11.865456240534819
1995-08-17,0.0027388779228547924
1995-08-18,0.001897474070144607
1995-08-19,0.6345347647759715
1995-08-20,0.0
1995-08-21,1.2183899127419701e-05
1995-08-22,1.2183899127419701e-05
1995-08-23,1.2183899127419701e-05
1995-08-24,1.2183899127419701e-05
1995-08-25,1.2183899127419701e-05
1995-08-26,0.005048195439817485
1995-08-27,0.027351736557484952
1995-08-28,0.005048195439817485
1995-08-29,0.005048195439817485
1995-08-30,0.005048195439817485
1995-08-31,0.2048652744948506
1995-09-01,6.116398399413986
1995-09-02,2.7977693500493417
1995-09-03,14.095610909335145
1995-09-04,1.7579211084784179
1995-09-05,0.0
1995-09-06,0.036721946696341615
1995-09-07,12.147796632969385
1995-09-08,0.14309147385386592
1995-09-09,0.010880231246052688
1995-09-10,0.0
1995-09-11,0.10540406530943526
1995-09-12,8.811647259428442
1995-09-13,0.00037133172324270983
1995-09-14,0.0028891695843347638
1995-09-15,0.38993218549104486
1995-09-16,0.06484683579022958
1995-09-17,0.0
1995-09-18,0.0009540354687103593
1995-09-19,10.306777376012551
1995-09-20,0.03369944399882858
1995-09-21,5.00721742995308
1995-09-22,0.0
1995-09-23,0.0
1995-09-24,0.0
1995-09-25,0.15259111343901233
1995-09-26,0.0003590471170402035
1995-09-27,0.0
1995-09-28,0.37568325038897554
1995-09-29,0.20030237608269433
1995-09-30,4.747043254056942
1995-10-01,8.107156927613693e-05
1995-10-02,7.262661711503485
1995-10-03,2.1893610036584468
1995-10-04,0.0
1995-10-05,0.06269058782699292
1995-10-06,0.1694778642780188
1995-10-07,0.0
1995-10-08,0.0
1995-10-09,0.0
1995-10-10,1.6257992411700937
1995-10-11,0.0
1995-10-12,0.0
1995-10-13,0.0023351136584986937
1995-10-14,0.0002100176173194634
1995-10-15,0.0
1995-10-16,0.0
1995-10-17,0.0
1995-10-18,0.0
1995-10-19,0.0
1995-10-20,0.0
1995-10-21,0.0
1995-10-22,0.0
1995-10-23,0.8945712260508581
1995-10-24,0.0
1995-10-25,0.0
1995-10-26,0.08395981373391198
1995-10-27,0.095972597756121
1995-10-28,0.0
1995-10-29,0.0
1995-10-30,3.058166509281629
1995-10-31,3.1474568112495915
1995-11-01,4.816969111533684
1995-11-02,2.764330605229722
1995-11-03,0.0
1995-11-04,0.0
1995-11-05,1.1549199853639929
1995-11-06,0.11660524432754713
1995-11-07,0.2317813047562509
1995-11-08,0.0
1995-11-09,0.0
1995-11-10,2.5526062079515777
1995-11-11,0.39455288015940726
1995-11-12,0.0012845715660721232
1995-11-13,0.09163210248732903
1995-11-14,0.0
1995-11-15,0.9018818892994576
1995-11-16,0.06435462137119115
1995-11-17,0.0019641075171513414
1995-11-18,0.2520657506905992
1995-11-19,0.0019641075171513414
1995-11-20,0.0019641075171513414
1995-11-21,0.4980221033858717
1995-11-22,0.4980221033858717
1995-11-23,0.932264043771052
1995-11-24,0.4980221033858717
1995-11-25,0.4980221033858717
1995-11-26,0.0
1995-11-27,0.252967473215848
1995-11-28,0.0
1995-11-29,0.0
1995-11-30,0.0
1995-12-01,0.0
1995-12-02,0.0
1995-12-03,0.0
1995-12-04,0.0
1995-12-05,0.0
1995-12-06,0.2567120151223725
1995-12-07,0.00030808502213748633
1995-12-08,1.1559103009904959
1995-12-09,0.0
1995-12-10,0.0
1995-12-11,0.0
1995-12-12,0.39648675174998455
1995-12-13,2.763477363643466
1995-12-14,0.0009763149572921444
1995-12-15,0.5348053391909341
1995-12-16,0.0
1995-12-17,11.570107300954064
1995-12-18,7.001681720954246
1995-12-19,27.246001433375596
1995-12-20,0.20246915651965072
1995-12-21,0.0
1995-12-22,0.0
1995-12-23,0.0
1995-12-24,0.0
1995-12-25,0.0
1995-12-26,0.000746847172911913
1995-12-27,0.00010262487527025067
1995-12-28,0.008723840882670225
1995-12-29,0.0
1995-12-30,4.695276889087034
1995-12-31,0.6473991538481786
1996-01-01,0.027524869670099397
1996-01-02,0.1601875422721567
1996-01-03,0.011077703896129646
1996-01-04,0.07535926964478323
1996-01-05,0.06211866694214279
1996-01-06,1.288363550198834
1996-01-07,0.0
1996-01-08,0.0
1996-01-09,0.0
1996-01-10,0.0
1996-01-11,3.2932442793659176
1996-01-12,0.0
1996-01-13,0.0
1996-01-14,0.0
1996-01-15,0.04865747399438048
1996-01-16,0.419993324355047
1996-01-17,2.340137428813844
1996-01-18,30.208788730772238
1996-01-19,0.024572115083912476
1996-01-20,0.6326902297144802
1996-01-21,0.0
1996-01-22,0.3688835263783025
1996-01-23,4.976485000045096
1996-01-24,0.0
1996-01-25,0.0
1996-01-26,2.22555676311271
1996-01-27,0.01599899830243362
1996-01-28,0.0
1996-01-29,0.0014056406792782772
1996-01-30,0.017629479146076276
1996-01-31,0.14254936414426728
1996-02-01,2.191102003074016
1996-02-02,0.4860913223816755
1996-02-03,0.0436900706612913
1996-02-04,0.0
1996-02-05,0.0
1996-02-06,0.06053346808473688
1996-02-07,5.262105210252577
1996-02-08,0.02171413137918494
1996-02-09,0.0
1996-02-10,0.0
1996-02-11,0.0
1996-02-12,0.0
1996-02-13,0.0
1996-02-14,0.030433962596957534
1996-02-15,0.4910953554674136
1996-02-16,0.00012781230936170521
1996-02-17,0.0
1996-02-18,0.9346651261060227
1996-02-19,0.425766295064449
1996-02-20,0.030146247272262228
1996-02-21,0.0
1996-02-22,2.5701840429298426
1996-02-23,0.0
1996-02-24,0.0
1996-02-25,0.0
1996-02-26,1.0663928489812933
1996-02-27,2.9704377747897617
1996-02-28,0.0
1996-02-29,0.0
1996-03-01,0.0032903017076863555
1996-03-02,0.15659032777485665
1996-03-03,0.07860524706748057
1996-03-04,0.0
1996-03-05,0.1995863800074019
1996-03-06,0.0
1996-03-07,0.0
1996-03-08,0.0
1996-03-09,0.0
1996-03-10,0.0
1996-03-11,0.0
1996-03-12,0.0
1996-03-13,0.002770348273842777
1996-03-14,4.951692719288338
1996-03-15,2.7824138754779986
1996-03-16,0.10281202557132554
1996-03-17,0.48387307831478027
1996-03-18,0.3095246495299133
1996-03-19,0.20665664350460855
1996-03-20,0.027670779278304223
1996-03-21,2.4614483944863348e-05
1996-03-22,0.004717989409450657
1996-03-23,3.0174602495089577
1996-03-24,8.792437024265999
1996-03-25,7.513800907008508
1996-03-26,0.0
1996-03-27,2.7303394661717038
1996-03-28,7.509054025862422
1996-03-29,0.010923868839984491
1996-03-30,14.886390192959027
1996-03-31,2.2866689842006607
1996-04-01,0.0
1996-04-02,0.0
1996-04-03,0.0
1996-04-04,0.0
1996-04-05,0.0
1996-04-06,0.0
1996-04-07,0.007034798803334862
1996-04-08,0.0025452606473698527
1996-04-09,0.0046384511289347
1996-04-10,0.0
1996-04-11,0.00024865769625750293
1996-04-12,0.00669311683319011
1996-04-13,0.0
1996-04-14,5.078628619360871
1996-04-15,0.7108931695488486
1996-04-16,0.0
1996-04-17,0.0
1996-04-18,0.0
1996-04-19,0.15854437251813347
1996-04-20,0.0
1996-04-21,2.216864960988137
1996-04-22,28.16309953392278
1996-04-23,0.0
1996-04-24,0.0
1996-04-25,0.0
1996-04-26,0.0
1996-04-27,1.0711599423532292
1996-04-28,41.603148542009045
1996-04-29,1.6758306124298492
1996-04-30,0.5590025880167766
1996-05-01,0.08496972217131168
1996-05-02,0.47709422691213677
1996-05-03,2.488024180700974
1996-05-04,3.1715035330553616
1996-05-05,14.353864119822488
1996-05-06,29.99082102657312
1996-05-07,7.945300707541906
1996-05-08,6.484009374628053
1996-05-09,0.04031869221694234
1996-05-10,31.515736313837266
1996-05-11,0.6986419917540314
1996-05-12,1.9116743416423827
1996-05-13,1.128310787496174
1996-05-14,5.121814192195596
1996-05-15,0.008554707702142653
1996-05-16,0.0
1996-05-17,0.0
1996-05-18,0.0
1996-05-19,0.0
1996-05-20,0.1477264487012822
1996-05-21,4.713317122400179
1996-05-22,0.021208104799123998
1996-05-23,0.13984046785202334
1996-05-24,0.35636582713081877
1996-05-25,1.5149129676534276
1996-05-26,1.2711235862765764
1996-05-27,7.949752632442368
1996-05-28,0.0
1996-05-29,0.022632795769683803
1996-05-30,0.005641915161856195
1996-05-31,28.260671418221467
1996-06-01,22.437904847020565
1996-06-02,1.127525639352101
1996-06-03,0.911006274171817
1996-06-04,0.5705409402461141
1996-06-05,7.545390354280267
1996-06-06,46.0884253655014
1996-06-07,1.0245666545272227
1996-06-08,1.104472969334731
1996-06-09,0.7643066450351929
1996-06-10,0.21937723283990615
1996-06-11,0.0002544166911569009
1996-06-12,0.06317310482955177
1996-06-13,0.2820837590167427
1996-06-14,0.8730523184444955
1996-06-15,0.5346657567290235
1996-06-16,2.8505052750451556
1996-06-17,14.021551554074483
1996-06-18,0.16497938749699223
1996-06-19,4.5816415810631375
1996-06-20,0.0
1996-06-21,0.0
1996-06-22,0.00015464504159068082
1996-06-23,0.0452793452820622
1996-06-24,8.643640996683756
1996-06-25,0.022107660094602126
1996-06-26,0.0
1996-06-27,0.0
1996-06-28,0.0
1996-06-29,0.0
1996-06-30,0.0
1996-07-01,27.480012185927567
1996-07-02,8.292462294772244
1996-07-03,0.013751193007430324
1996-07-04,11.17603105830951
1996-07-05,4.113546903322485
1996-07-06,1.2792233850255052e-06
1996-07-07,0.18122607055351056
1996-07-08,38.91288232382237
1996-07-09,0.0019327151064589564
1996-07-10,0.0
1996-07-11,0.0011408419868379918
1996-07-12,0.11648781470840089
1996-07-13,0.019166644096239045
1996-07-14,0.5438739850747838
1996-07-15,0.00040052963831001357
1996-07-16,0.0056927328793078165
1996-07-17,0.01920156202966001
1996-07-18,0.0
1996-07-19,0.04522548736741141
1996-07-20,0.4720932172686218
1996-07-21,6.9123998027303095
1996-07-22,9.764885193003543
1996-07-23,0.07565220303751806
1996-07-24,2.322013553668743
1996-07-25,0.0
1996-07-26,3.653418681075632
1996-07-27,0.27336362581596046
1996-07-28,0.04511330800959117
1996-07-29,7.357638462498773
1996-07-30,0.7035248607055138
1996-07-31,0.08390708606157553
1996-08-01,4.527810302060163
1996-08-02,1.6253399346245325
1996-08-03,5.901876915044387
1996-08-04,0.0
1996-08-05,0.7922381454094006
1996-08-06,0.18250074216949164
1996-08-07,0.4422685547583222
1996-08-08,6.583285118912638
1996-08-09,0.0
1996-08-10,7.556632964120781
1996-08-11,0.07750064472369309
1996-08-12,0.0002394195005186387
1996-08-13,0.0
1996-08-14,0.0
1996-08-15,0.007075533349742962
1996-08-16,2.900633138180986
1996-08-17,75.2265492484475
1996-08-18,13.165895189393101
1996-08-19,2.8642779503937907
1996-08-20,1.6785576442068306
1996-08-21,0.09286298019092305
1996-08-22,0.30313403654009113
1996-08-23,15.955357551900333
1996-08-24,3.566952651239613
1996-08-25,0.043525230777160084
1996-08-26,2.9753075862497096
1996-08-27,0.3952448692486641
1996-08-28,0.5160353820879148
1996-08-29,0.3999322523308944
1996-08-30,0.4805821374057736
1996-08-31,0.041586325987789725
1996-09-01,0.8093778850804906
1996-09-02,0.001127548412455006
1996-09-03,0.0
1996-09-04,0.0023319578129327436
1996-09-05,0.0
1996-09-06,1.1413460968487217e-09
1996-09-07,1.0123660047492523e-08
1996-09-08,1.263765289609354e-07
1996-09-09,0.0
1996-09-10,0.0
1996-09-11,0.9061688178789593
1996-09-12,0.15616842718186513
1996-09-13,0.0
1996-09-14,0.22740932545506126
1996-09-15,17.03443497577501
1996-09-16,41.72666856124075
1996-09-17,0.00032372938088901334
1996-09-18,0.5035473788380588
1996-09-19,16.869786558824643
1996-09-20,0.18103363032120953
1996-09-21,0.0
1996-09-22,0.0
1996-09-23,9.25849506735257
1996-09-24,1.5721937985059373
1996-09-25,2.0833751282476216
1996-09-26,39.54676347748625
1996-09-27,0.5407430337024483
1996-09-28,0.0
1996-09-29,0.0
1996-09-30,0.0
1996-10-01,0.00029704561534233835
1996-10-02,0.00034341411442719694
1996-10-03,0.00029704561534233835
1996-10-04,0.00029704561534233835
1996-10-05,0.00029704561534233835
1996-10-06,0.6341144592458904
1996-10-07,6.147450788768958
1996-10-08,0.09295295288842827
1996-10-09,0.11606886701168684
1996-10-10,0.0
1996-10-11,0.0
1996-10-12,0.0
1996-10-13,0.0
1996-10-14,0.0
1996-10-15,0.0021786424399789584
1996-10-16,0.15595497747503229
1996-10-17,3.195586828009246
1996-10-18,0.0
1996-10-19,0.0
1996-10-20,1.1339424332130998
1996-10-21,5.66126914226012
1996-10-22,40.20629383841447
1996-10-23,9.754201047381775
1996-10-24,0.0
1996-10-25,0.009754252445907878
1996-10-26,0.4843357713172996
1996-10-27,4.073332424932461
1996-10-28,0.08664168924155895
1996-10-29,12.310910902784297
1996-10-30,0.0
1996-10-31,0.008441580406113936
1996-11-01,1.742525919953589
1996-11-02,0.0
1996-11-03,0.0
1996-11-04,10.959264442420372
1996-11-05,0.01714432001118561
1996-11-06,15.48260728679242
1996-11-07,0.6790326067497142
1996-11-08,0.17892974757105787
1996-11-09,0.022377541204331056
1996-11-10,9.102740388903634e-07
1996-11-11,0.0
1996-11-12,0.012867115070829266
1996-11-13,0.887270243518661
1996-11-14,0.7721337747449671
1996-11-15,0.18896513258562814
1996-11-16,14.666455019767362
1996-11-17,43.68903169567331
1996-11-18,0.688227625623677
1996-11-19,0.0
1996-11-20,1.836921250589269
1996-11-21,2.8184661355060867
1996-11-22,0.01652835833773343
1996-11-23,1.6943567258552592
1996-11-24,7.004085483873436
1996-11-25,0.01816761231029578
1996-11-26,0.0
1996-11-27,0.0
1996-11-28,0.0
1996-11-29,22.047089755127153
1996-11-30,0.8581913156172704
1996-12-01,4.5392698866859265
1996-12-02,0.0
1996-12-03,0.0
1996-12-04,0.008367753032720086
1996-12-05,0.7891958645715783
1996-12-06,0.03009369823096696
1996-12-07,2.697132880280478
1996-12-08,0.03009369823096696
1996-12-09,0.03009369823096696
1996-12-10,0.03009369823096696
1996-12-11,0.0
1996-12-12,0.0
1996-12-13,0.0
1996-12-14,0.0
1996-12-15,0.0
1996-12-16,0.0
1996-12-17,0.0
1996-12-18,0.0
1996-12-19,0.0
1996-12-20,0.0
1996-12-21,0.11055941412361552
1996-12-22,0.4296838307176108
1996-12-23,12.441854657917785
1996-12-24,0.0054248861076578074
1996-12-25,0.0
1996-12-26,0.009088440039162655
1996-12-27,2.4069533289912397
1996-12-28,0.0
1996-12-29,0.0
1996-12-30,1.0624398474989796
1996-12-31,0.2011536132521215
1997-01-01,5.216946912508833
1997-01-02,1.421216573571442
1997-01-03,0.02235734218893063
1997-01-04,2.0339889159931515
1997-01-05,0.0010197058091912234
1997-01-06,1.184660969735918e-05
1997-01-07,1.184660969735918e-05
1997-01-08,0.1720813627444893
1997-01-09,0.7506357359565035
1997-01-10,0.0022355380805999807
1997-01-11,0.00810950095484273
1997-01-12,0.19500352185009406
1997-01-13,6.204002663032736e-05
1997-01-14,0.11348894357830908
1997-01-15,4.078372428387986
1997-01-16,0.0
1997-01-17,0.0
1997-01-18,0.0
1997-01-19,0.0
1997-01-20,0.0
1997-01-21,0.3304609108126667
1997-01-22,0.12549318904783469
1997-01-23,6.784540962307931e-05
1997-01-24,7.799039835150688
1997-01-25,6.784540962307931e-05
1997-01-26,0.257203625528052
1997-01-27,17.425736902048513
1997-01-28,0.027659249605798308
1997-01-29,0.00019493253050480736
1997-01-30,0.00019493253050480736
1997-01-31,0.00019493253050480736
1997-02-01,5.8806400374052074e-05
1997-02-02,5.8806400374052074e-05
1997-02-03,3.012552605875513
1997-02-04,1.2098019545720888
1997-02-05,0.0027030993451031948
1997-02-06,0.7025589697282784
1997-02-07,6.801587187057682
1997-02-08,0.22511143908435283
1997-02-09,0.2215053815011095
1997-02-10,0.1809688675156238
1997-02-11,0.039446630365450014
1997-02-12,0.16626382771498835
1997-02-13,0.0002092114958852219
1997-02-14,0.7443929628535518
1997-02-15,0.09592823117619789
1997-02-16,0.5143820085996438
1997-02-17,4.4777612850506564e-05
1997-02-18,4.4777612850506564e-05
1997-02-19,0.4649937455470309
1997-02-20,21.502384338149138
1997-02-21,78.68941810456725
1997-02-22,0.005357203774382088
1997-02-23,0.00010182428445434947
1997-02-24,0.0002626639557726213
1997-02-25,0.00010182428445434947
1997-02-26,31.66531895324882
1997-02-27,6.2307943154604875
1997-02-28,0.2575909232669653
1997-03-01,1.1047458135416284
1997-03-02,0.000190182880890013
1997-03-03,0.000190182880890013
1997-03-04,0.003970348162198361
1997-03-05,1.0601702506065815
1997-03-06,0.0001141580550012738
1997-03-07,0.0001141580550012738
1997-03-08,0.0001141580550012738
1997-03-09,10.007353492649797
1997-03-10,0.0001141580550012738
1997-03-11,0.0011362113981982416
1997-03-12,0.0011362113981982416
1997-03-13,1.6251021748013135
1997-03-14,2.2961572174424187
1997-03-15,3.3994509609108063
1997-03-16,0.0001021343948082658
1997-03-17,0.6200020145215763
1997-03-18,14.667476557523976
1997-03-19,0.16742393921445217
1997-03-20,0.0001021343948082658
1997-03-21,9.917159172873916e-05
1997-03-22,9.917159172873916e-05
1997-03-23,9.917159172873916e-05
1997-03-24,2.578146913278074
1997-03-25,28.459397150376574
1997-03-26,0.0
1997-03-27,0.0
1997-03-28,0.0
1997-03-29,0.0
1997-03-30,0.0
1997-03-31,0.0
1997-04-01,0.02020800957674747
1997-04-02,2.3800391332921245
1997-04-03,0.0011510369597234882
1997-04-04,10.598678433534547
1997-04-05,9.883186461795164
1997-04-06,0.0807205445896699
1997-04-07,0.0015868809856310591
1997-04-08,1.7756990560221706
1997-04-09,0.10699182999618023
1997-04-10,4.712839179414318
1997-04-11,44.54691719232956
1997-04-12,0.7479895938036926
1997-04-13,0.0021319121894446263
1997-04-14,8.586764236144965e-05
1997-04-15,8.586764236144965e-05
1997-04-16,0.6445562223294716
1997-04-17,4.3470009791488105e-05
1997-04-18,0.15436121760609456
1997-04-19,0.0018764703733651763
1997-04-20,4.909692870983726
1997-04-21,0.46701343004308776
1997-04-22,0.3717382158977209
1997-04-23,0.4007254459803386
1997-04-24,0.02083221550537092
1997-04-25,3.477494877735297e-05
1997-04-26,0.5368392358509414
1997-04-27,4.842074569654574
1997-04-28,0.000267169867839899
1997-04-29,0.07433575538235777
1997-04-30,0.3649311176845826
1997-05-01,1.1154051189886014
1997-05-02,20.092069252793525
1997-05-03,0.04824598516148723
1997-05-04,0.00011530758253081776
1997-05-05,1.1627315814805228
1997-05-06,0.0021647078372393235
1997-05-07,2.289657651607964
1997-05-08,18.88471573720025
1997-05-09,0.02924010151781999
1997-05-10,8.92148793512406e-05
1997-05-11,0.002947547632015589
1997-05-12,0.001285165852666962
1997-05-13,0.001038777771232938
1997-05-14,0.0037790336855985517
1997-05-15,1.9738903182233196e-07
1997-05-16,7.480621222101211e-05
1997-05-17,0.06547808093458014
1997-05-18,12.528507935931705
1997-05-19,41.80292352068291
1997-05-20,7.480621222101211e-05
1997-05-21,4.677338226117057e-07
1997-05-22,4.677338226117057e-07
1997-05-23,1.1329137029384778e-05
1997-05-24,0.009964068448188337
1997-05-25,0.05374803188041122
1997-05-26,3.971033383645095
1997-05-27,14.779155448774306
1997-05-28,0.2919868458801174
1997-05-29,0.8256872774480292
1997-05-30,35.33467544751021
1997-05-31,6.927768037496784e-05
1997-06-01,5.68362837357662e-05
1997-06-02,0.013628855984701227
1997-06-03,0.290752472217835
1997-06-04,1.4217072110828743
1997-06-05,5.68362837357662e-05
1997-06-06,0.0
1997-06-07,0.0
1997-06-08,0.0
1997-06-09,0.0
1997-06-10,0.0
1997-06-11,1.315581103632274
1997-06-12,5.530745300735113
1997-06-13,23.4985235310239
1997-06-14,2.826243214597846
1997-06-15,18.080320883775673
1997-06-16,35.09906349208235
1997-06-17,3.6184252013542006
1997-06-18,1.5307916435459523
1997-06-19,0.011444510765413184
1997-06-20,0.006073162217152772
1997-06-21,0.24850753354438745
1997-06-22,0.01322949968564026
1997-06-23,0.10360431570088152
1997-06-24,0.29756938194675947
1997-06-25,13.373081716920327
1997-06-26,22.06680141208456
1997-06-27,8.350528454284202
1997-06-28,4.259564944457505
1997-06-29,3.772468126793513
1997-06-30,18.241014799489566
1997-07-01,0.00014860633951398558
1997-07-02,0.00014860633951398558
1997-07-03,0.09987097384474622
1997-07-04,8.379634229212261
1997-07-05,0.00014860633951398558
1997-07-06,0.06728840116333845
1997-07-07,0.13020700889894984
1997-07-08,0.5791950169661013
1997-07-09,43.507450216936526
1997-07-10,2.4661025434179606
1997-07-11,22.747073489830164
1997-07-12,0.7357815038971851
1997-07-13,0.13155224383678615
1997-07-14,9.466910018617064
1997-07-15,0.000166389879097531
1997-07-16,1.2009109561592808
1997-07-17,0.41130588103285526
1997-07-18,0.20085779939041062
1997-07-19,0.16706097209979404
1997-07-20,0.3043842557215794
1997-07-21,3.265039604698613
1997-07-22,4.461792578685341
1997-07-23,0.8116663673069341
1997-07-24,0.01014080586595552
1997-07-25,0.10081086554659457
1997-07-26,0.00023660429162165964
1997-07-27,0.0030664925623361825
1997-07-28,6.932976288693518
1997-07-29,6.066916392622595
1997-07-30,0.00017626648019527613
1997-07-31,0.00017626648019527613
1997-08-01,0.0
1997-08-02,0.0
1997-08-03,0.0
1997-08-04,0.0
1997-08-05,0.0
1997-08-06,1.0054967856551733
1997-08-07,0.0004722539544745672
1997-08-08,0.33104931268405635
1997-08-09,0.6739881751896364
1997-08-10,11.723191698632576
1997-08-11,5.868455752746916
1997-08-12,6.613103228138559
1997-08-13,0.3592923019913348
1997-08-14,0.8443540720657561
1997-08-15,11.746529869339957
1997-08-16,0.00014911693139361742
1997-08-17,33.56381273947279
1997-08-18,0.22691078121256866
1997-08-19,43.113998153390455
1997-08-20,0.3362283474636685
1997-08-21,0.00032764800111618873
1997-08-22,7.238307189237042
1997-08-23,0.00035795135464935184
1997-08-24,0.00030400869723966166
1997-08-25,0.00030400869723966166
1997-08-26,2.1653766576704608e-05
1997-08-27,2.1653766576704608e-05
1997-08-28,2.1653766576704608e-05
1997-08-29,0.00032091869936805404
1997-08-30,0.2615716792403814
1997-08-31,0.35934924011348635
1997-09-01,0.1387538114306568
1997-09-02,0.748635554977463
1997-09-03,19.282470338769375
1997-09-04,0.00012866113108456862
1997-09-05,0.00012866113108456862
1997-09-06,0.00015713567495978886
1997-09-07,0.6116783721897467
1997-09-08,0.38113007526442727
1997-09-09,3.039298334169841
1997-09-10,0.00015713567495978886
1997-09-11,0.00022075072428608334
1997-09-12,0.00022075072428608334
1997-09-13,43.59798021215142
1997-09-14,1.6811969877897024
1997-09-15,0.46400871929534626
1997-09-16,0.9469865885493471
1997-09-17,3.832108743306233
1997-09-18,7.0431133441532
1997-09-19,0.12749034243435756
1997-09-20,0.9935757502044998
1997-09-21,0.9593986897043788
1997-09-22,3.0051910614136474
1997-09-23,54.81412318462138
1997-09-24,3.8254146552533
1997-09-25,0.5170702569723317
1997-09-26,0.0
1997-09-27,0.0
1997-09-28,0.0
1997-09-29,0.0
1997-09-30,0.0
1997-10-01,1.945462804736684e-06
1997-10-02,1.945462804736684e-06
1997-10-03,1.945462804736684e-06
1997-10-04,0.002745127404005932
1997-10-05,1.945462804736684e-06
1997-10-06,0.11065837086998627
1997-10-07,1.1113104623742267
1997-10-08,22.179518955484323
1997-10-09,7.834374564473981
1997-10-10,1.7562696784553973
1997-10-11,0.00823255230425685
1997-10-12,3.003316126718068
1997-10-13,0.9447750771840511
1997-10-14,7.171498446344398e-06
1997-10-15,7.171498446344398e-06
1997-10-16,0.0
1997-10-17,0.0
1997-10-18,0.0
1997-10-19,0.0
1997-10-20,0.0
1997-10-21,1.264614623740765
1997-10-22,0.00013576772890972304
1997-10-23,0.04510738755693364
1997-10-24,4.50023142208402
1997-10-25,19.960650612056803
1997-10-26,18.203761451642123
1997-10-27,0.0010968441958687303
1997-10-28,6.290986283745336e-05
1997-10-29,6.290986283745336e-05
1997-10-30,0.5116467105081562
1997-10-31,0.4437607357529188
1997-11-01,0.916736362348427
1997-11-02,0.8534226709099276
1997-11-03,0.7428328149078514
1997-11-04,0.00046836792609636206
1997-11-05,3.7659833068923647
1997-11-06,0.0009829755091129858
1997-11-07,0.01462798781813895
1997-11-08,0.0011904886902357281
1997-11-09,0.0343186874393076
1997-11-10,0.19349655675832317
1997-11-11,0.0003206163874075533
1997-11-12,4.755895575234427
1997-11-13,1.949461744370767
1997-11-14,0.9740320396329623
1997-11-15,0.34442873327625095
1997-11-16,0.20865707579739176
1997-11-17,0.04836287010966813
1997-11-18,0.04836287010966813
1997-11-19,0.04836287010966813
1997-11-20,3.984822565992079
1997-11-21,2.82756271326593e-05
1997-11-22,1.7584680242841792e-06
1997-11-23,0.0011766205971959903
1997-11-24,6.444908058856845e-06
1997-11-25,6.230243764735666e-08
1997-11-26,0.003935371109847149
1997-11-27,0.17702319653312612
1997-11-28,22.103197540617572
1997-11-29,28.421345291092774
1997-11-30,8.130733510155935
1997-12-01,0.0009153154521389402
1997-12-02,0.36402935893359556
1997-12-03,3.366131650659009
1997-12-04,5.210353932125457e-05
1997-12-05,3.417507793680453e-05
1997-12-06,0.0009728688461035114
1997-12-07,0.5321917384036512
1997-12-08,14.40444435578258
1997-12-09,3.5745671652675486
1997-12-10,0.825890633059403
1997-12-11,0.0
1997-12-12,0.0
1997-12-13,0.0
1997-12-14,0.0
1997-12-15,0.0
1997-12-16,0.00896236260360612
1997-12-17,0.00896236260360612
1997-12-18,0.00896236260360612
1997-12-19,0.00896236260360612
1997-12-20,2.933340242500357
1997-12-21,21.265332902971963
1997-12-22,4.154441225981424
1997-12-23,0.6886086961084823
1997-12-24,26.0994694287062
1997-12-25,0.8506954026970253
1997-12-26,0.0025062502946768695
1997-12-27,1.1728750136924333e-05
1997-12-28,0.49630419159039674
1997-12-29,0.10214511454403319
1997-12-30,0.10801692220326649
1997-12-31,3.280883021848192e-05
1998-01-01,0.0
1998-01-02,0.7324754742600242
1998-01-03,0.9757003807230724
1998-01-04,27.798098944443623
1998-01-05,2.7564464305553313
1998-01-06,19.751488483877043
1998-01-07,3.2297127668601378
1998-01-08,13.28986503767435
1998-01-09,0.0037253910822268887
1998-01-10,0.021901917698065418
1998-01-11,0.2626637335050073
1998-01-12,0.6378281301802573
1998-01-13,0.049729149486501124
1998-01-14,2.1347555655314414
1998-01-15,0.0005601548851246776
1998-01-16,0.022163835796865317
1998-01-17,0.24664584336235376
1998-01-18,12.119635230404882
1998-01-19,0.00251754925488544
1998-01-20,0.270610132545895
1998-01-21,0.9436439459249857
1998-01-22,0.5790543675436199
1998-01-23,0.058005608912277754
1998-01-24,0.307855192020386
1998-01-25,0.0
1998-01-26,0.0
1998-01-27,0.0
1998-01-28,0.0
1998-01-29,0.0
1998-01-30,0.0
1998-01-31,0.0
1998-02-01,2.2684270903294137
1998-02-02,0.0025267069305025397
1998-02-03,0.0
1998-02-04,0.0016807663883043685
1998-02-05,0.002018163232959842
1998-02-06,0.0
1998-02-07,0.0
1998-02-08,0.0
1998-02-09,0.5950541511905241
1998-02-10,2.9093524210673145
1998-02-11,5.235706310555494
1998-02-12,0.0
1998-02-13,0.0013476890456065932
1998-02-14,0.02436432105960269
1998-02-15,2.64929064668732
1998-02-16,6.1098381211797035
1998-02-17,0.41748357442882694
1998-02-18,0.15283699734577968
1998-02-19,0.0594162852395045
1998-02-20,0.005414827545489695
1998-02-21,0.8706039313201592
1998-02-22,0.2343475797115209
1998-02-23,0.005206641454484791
1998-02-24,0.0
1998-02-25,0.7873764204637672
1998-02-26,3.5670733888428234
1998-02-27,0.0
1998-02-28,0.11145853133292025
1998-03-01,0.0
1998-03-02,0.0
1998-03-03,0.0
1998-03-04,0.0
1998-03-05,0.0
1998-03-06,0.2971666315969805
1998-03-07,7.48560963181182
1998-03-08,29.08815849262353
1998-03-09,2.6178593943414206
1998-03-10,0.0
1998-03-11,0.8496304158777183
1998-03-12,5.979352170428077e-05
1998-03-13,0.0
1998-03-14,0.20696318291053586
1998-03-15,1.5919199357655591
1998-03-16,15.57307848227152
1998-03-17,9.901242972831557
1998-03-18,0.7498867154347757
1998-03-19,27.14922489004671
1998-03-20,7.774321618173367
1998-03-21,0.0
1998-03-22,0.0
1998-03-23,0.00019378466810652164
1998-03-24,9.958951213753175e-05
1998-03-25,5.741711098477133e-06
1998-03-26,0.00021225049211810891
1998-03-27,3.9253329156578554
1998-03-28,4.22967195167897
1998-03-29,0.3217360790362826
1998-03-30,9.814428421286697
1998-03-31,24.711260292748904
1998-04-01,0.0
1998-04-02,0.0
1998-04-03,0.0
1998-04-04,0.0
1998-04-05,0.0
1998-04-06,2.876743934533147e-08
1998-04-07,0.02708945378150156
1998-04-08,0.0019137032881339857
1998-04-09,0.0021531630435631505
1998-04-10,0.0
1998-04-11,0.0
1998-04-12,0.35366076044123984
1998-04-13,4.197265953078412
1998-04-14,0.0014703964098124363
1998-04-15,11.479077473670378
1998-04-16,0.0
1998-04-17,0.0
1998-04-18,0.0
1998-04-19,0.0
1998-04-20,0.0
1998-04-21,0.0
1998-04-22,0.0
1998-04-23,0.0
1998-04-24,0.0
1998-04-25,0.0
1998-04-26,3.0490860779878677
1998-04-27,36.778106776895974
1998-04-28,11.55352313730604
1998-04-29,4.470335267789982
1998-04-30,2.468414076077088
1998-05-01,0.07465666356755911
1998-05-02,0.5829007587217931
1998-05-03,0.13498942309970224
1998-05-04,0.0
1998-05-05,0.16366173846207013
1998-05-06,4.036910230445937
1998-05-07,0.14579628200921596
1998-05-08,7.881504490324499e-07
1998-05-09,5.837998742604803
1998-05-10,0.6886766573599523
1998-05-11,0.0312676758648595
1998-05-12,0.48209384249583304
1998-05-13,0.0
1998-05-14,0.04731046569026735
1998-05-15,2.5840611729824214
1998-05-16,0.0
1998-05-17,0.0
1998-05-18,0.0
1998-05-19,0.0
1998-05-20,1.7533193455127045
1998-05-21,2.0937223684556097
1998-05-22,0.23447762865990604
1998-05-23,0.44336146984621927
1998-05-24,2.33124801483912
1998-05-25,17.349026256356318
1998-05-26,4.850314824054579
1998-05-27,3.1367470268540596
1998-05-28,0.0468126492446768
1998-05-29,2.845599266291593
1998-05-30,0.00011007387806072846
1998-05-31,0.025560491716853286
1998-06-01,0.0
1998-06-02,0.0
1998-06-03,0.0
1998-06-04,0.0
1998-06-05,0.0
1998-06-06,0.0031679334882138113
1998-06-07,0.0021027496795497876
1998-06-08,18.918090592336064
1998-06-09,14.165938523943687
1998-06-10,6.170483454288817
1998-06-11,19.012570617042805
1998-06-12,0.030525642078230986
1998-06-13,0.0
1998-06-14,15.444549892541938
1998-06-15,3.4281071764345965
1998-06-16,1.6689720241820363
1998-06-17,0.0
1998-06-18,6.16320429643104
1998-06-19,1.7561763082499238
1998-06-20,27.733931485774303
1998-06-21,6.24239497805484
1998-06-22,33.61605101920615
1998-06-23,10.213444041490527
1998-06-24,0.0
1998-06-25,0.0
1998-06-26,0.0
1998-06-27,0.0
1998-06-28,8.589752477264506
1998-06-29,11.453740487795447
1998-06-30,50.53962104007181
1998-07-01,0.0
1998-07-02,0.06404626944882558
1998-07-03,0.05141745371566892
1998-07-04,0.024215311085914026
1998-07-05,0.04208572463098775
1998-07-06,0.10856798212810838
1998-07-07,14.11709507053736
1998-07-08,0.0911010948111554
1998-07-09,0.17246366086377582
1998-07-10,0.6403590923285464
1998-07-11,29.83657194885169
1998-07-12,3.1430953834175703
1998-07-13,1.7093234852043493
1998-07-14,0.006517133698441493
1998-07-15,0.00022866103707245037
1998-07-16,0.0018113886368471977
1998-07-17,0.0
1998-07-18,0.0
1998-07-19,0.0
1998-07-20,0.0
1998-07-21,0.00015178691855875694
1998-07-22,2.1176769079375326
1998-07-23,23.762138458051673
1998-07-24,78.75687262491877
1998-07-25,4.982263783007781
1998-07-26,0.27362685455911784
1998-07-27,8.159282725546973
1998-07-28,8.667865564475596
1998-07-29,36.58297707486674
1998-07-30,1.343581438481151
1998-07-31,4.582618625736497
1998-08-01,4.0337128447099175
1998-08-02,1.7462620522779466
1998-08-03,1.0148779363525662
1998-08-04,0.34676747896637855
1998-08-05,3.3212775540772355
1998-08-06,0.9038965445332393
1998-08-07,0.6689765939267193
1998-08-08,0.06491157393296701
1998-08-09,2.8195082525677013
1998-08-10,0.02472403052491126
1998-08-11,0.0
1998-08-12,0.0
1998-08-13,0.0
1998-08-14,0.0
1998-08-15,0.0
1998-08-16,0.0
1998-08-17,0.0
1998-08-18,0.0
1998-08-19,0.0
1998-08-20,0.0
1998-08-21,0.0
1998-08-22,0.0
1998-08-23,5.929924223245942e-07
1998-08-24,0.0
1998-08-25,7.380407994353949e-05
1998-08-26,0.4486533211414374
1998-08-27,0.19132852497166544
1998-08-28,18.178412447378374
1998-08-29,1.4730029884133179e-05
1998-08-30,0.0
1998-08-31,0.5057496351245717
1998-09-01,1.0382741653991545
1998-09-02,0.0
1998-09-03,0.0
1998-09-04,0.0
1998-09-05,0.012627163482974253
1998-09-06,2.4435879471779156e-08
1998-09-07,2.4435879471779156e-08
1998-09-08,2.4435879471779156e-08
1998-09-09,2.4435879471779156e-08
1998-09-10,2.4435879471779156e-08
1998-09-11,0.0
1998-09-12,0.0
1998-09-13,64.01982627874581
1998-09-14,60.82735991915337
1998-09-15,0.8181630769159859
1998-09-16,1.422446327114037
1998-09-17,1.0374818680819575
1998-09-18,0.036917381816385986
1998-09-19,0.1210309842345419
1998-09-20,0.062262290397431044
1998-09-21,32.559879861436215
1998-09-22,32.644360369803884
1998-09-23,0.0004400078202299301
1998-09-24,31.7371428679318
1998-09-25,4.867266687360574
1998-09-26,0.0
1998-09-27,4.024261672422555
1998-09-28,0.014533948193616232
1998-09-29,0.16481192769316905
1998-09-30,34.090359346736705
1998-10-01,0.21281630825920045
1998-10-02,17.106172037413888
1998-10-03,16.210068035620143
1998-10-04,13.187434375480768
1998-10-05,79.29160491497439
1998-10-06,13.242493326169857
1998-10-07,0.8867892246322933
1998-10-08,0.8867892246322933
1998-10-09,0.8867892246322933
1998-10-10,0.8867892246322933
1998-10-11,0.0
1998-10-12,0.002213268546786952
1998-10-13,0.0
1998-10-14,0.0
1998-10-15,0.0
1998-10-16,0.5773593353924237
1998-10-17,42.0737216086902
1998-10-18,2.493850560715033
1998-10-19,0.0
1998-10-20,0.0
1998-10-21,0.0
1998-10-22,0.0
1998-10-23,0.0
1998-10-24,0.5661149944729091
1998-10-25,0.0017547488778254224
1998-10-26,0.0
1998-10-27,0.008871182492193716
1998-10-28,10.794052787003045
1998-10-29,5.13468300719109
1998-10-30,0.0
1998-10-31,7.727178101724477
1998-11-01,24.23382913491276
1998-11-02,22.240241520127494
1998-11-03,1.3557038614592356
1998-11-04,1.4967127177102213
1998-11-05,0.027873205751380893
1998-11-06,0.0
1998-11-07,18.765849779414072
1998-11-08,1.665094036219299
1998-11-09,3.663862943881874
1998-11-10,7.923750351457646
1998-11-11,0.04400457828865003
1998-11-12,0.04400457828865003
1998-11-13,0.04400457828865003
1998-11-14,2.110192608769899
1998-11-15,0.04400457828865003
1998-11-16,0.0
1998-11-17,0.0
1998-11-18,0.10970788719812373
1998-11-19,0.3035358510770641
1998-11-20,0.13434857694478272
1998-11-21,0.0
1998-11-22,0.0
1998-11-23,0.0
1998-11-24,3.011515341878059e-05
1998-11-25,0.0011655786090002535
1998-11-26,0.0
1998-11-27,0.0
1998-11-28,0.2703388084735996
1998-11-29,0.17848456166046947
1998-11-30,11.137249314444194
1998-12-01,0.0
1998-12-02,0.0
1998-12-03,0.5471229575682506
1998-12-04,16.924216418510003
1998-12-05,0.005919980991233538
1998-12-06,0.31129144588480634
1998-12-07,0.00032854238825829154
1998-12-08,0.0
1998-12-09,0.0
1998-12-10,0.0
1998-12-11,0.0
1998-12-12,0.0
1998-12-13,0.0
1998-12-14,0.0
1998-12-15,0.0
1998-12-16,0.0
1998-12-17,0.0
1998-12-18,4.116134437590215
1998-12-19,27.017898657063046
1998-12-20,3.0042887714431594
1998-12-21,0.0
1998-12-22,0.0
1998-12-23,0.0
1998-12-24,0.0
1998-12-25,0.0
1998-12-26,0.0
1998-12-27,0.0
1998-12-28,0.0
1998-12-29,4.058769616354712
1998-12-30,0.8029659871601922
1998-12-31,0.0
1999-01-01,9.186126625366057
1999-01-02,6.039876323175076
1999-01-03,0.012842212911787353
1999-01-04,0.0010093492116168867
1999-01-05,0.04066842254551535
1999-01-06,0.044278038105336
1999-01-07,0.13897831243332368
1999-01-08,1.0301696558015323
1999-01-09,0.007495141988012107
1999-01-10,0.0054452937750932556
1999-01-11,0.0
1999-01-12,0.09839771728079809
1999-01-13,1.0154371565884905
1999-01-14,1.2798886732201806
1999-01-15,0.0
1999-01-16,0.13321104149496005
1999-01-17,1.628536828224422
1999-01-18,0.0
1999-01-19,0.01632947407333507
1999-01-20,0.3790809342714781
1999-01-21,7.140527843650994
1999-01-22,2.046072489330664
1999-01-23,3.2615427131409658
1999-01-24,0.0
1999-01-25,0.0
1999-01-26,0.0
1999-01-27,0.0
1999-01-28,0.0309358941106092
1999-01-29,0.7833633429653136
1999-01-30,11.882698401551318
1999-01-31,11.777565603713192
1999-02-01,0.0
1999-02-02,0.0
1999-02-03,0.0
1999-02-04,0.0
1999-02-05,0.0
1999-02-06,6.937663373401
1999-02-07,18.422269128831786
1999-02-08,0.0
1999-02-09,0.0
1999-02-10,0.29595027858169887
1999-02-11,6.953839029449698
1999-02-12,0.01030776579983029
1999-02-13,0.0
1999-02-14,0.0
1999-02-15,0.0
1999-02-16,13.262844424682404
1999-02-17,2.128610352604784
1999-02-18,8.94737942622329
1999-02-19,1.4112130887146468
1999-02-20,0.35927447450623534
1999-02-21,0.30148987525829307
1999-02-22,1.5378339901871396
1999-02-23,4.297789133575649
1999-02-24,2.3845342508338287e-05
1999-02-25,0.0
1999-02-26,0.4688514104231963
1999-02-27,1.835157424563559
1999-02-28,0.0
1999-03-01,0.0
1999-03-02,2.7391090029082594
1999-03-03,0.0
1999-03-04,0.0
1999-03-05,2.9148162210954234
1999-03-06,0.05567042873660787
1999-03-07,0.0
1999-03-08,32.55756901093949
1999-03-09,1.4706618882965194
1999-03-10,0.0
1999-03-11,0.015060928665821222
1999-03-12,2.517300796689642
1999-03-13,15.783107045232303
1999-03-14,0.6652369101820992
1999-03-15,0.0
1999-03-16,0.0
1999-03-17,0.48726293266107645
1999-03-18,0.15541596061293564
1999-03-19,1.5095513625956083
1999-03-20,12.55044724664029
1999-03-21,0.0
1999-03-22,0.0
1999-03-23,0.0
1999-03-24,0.0
1999-03-25,0.0
1999-03-26,0.0
1999-03-27,0.0
1999-03-28,0.0
1999-03-29,0.0
1999-03-30,0.0
1999-03-31,0.0
1999-04-01,0.00011119771788314526
1999-04-02,0.5710608609612885
1999-04-03,13.02322482039689
1999-04-04,9.69110372186571e-07
1999-04-05,16.02910126576771
1999-04-06,0.0
1999-04-07,0.05043070161149946
1999-04-08,6.821127243950545
1999-04-09,0.0
1999-04-10,0.45340502848342434
1999-04-11,0.0
1999-04-12,0.0
1999-04-13,9.501550598600096
1999-04-14,60.14465618899648
1999-04-15,31.40398691787975
1999-04-16,0.0
1999-04-17,0.0
1999-04-18,0.0
1999-04-19,0.0
1999-04-20,0.0
1999-04-21,0.22547741945621513
1999-04-22,16.00452498088177
1999-04-23,1.359324038462602
1999-04-24,2.7614987017662544
1999-04-25,17.745767016780118
1999-04-26,8.380937147583186
1999-04-27,10.689408528105874
1999-04-28,0.15794481929256576
1999-04-29,0.012051310030978517
1999-04-30,0.0
1999-05-01,0.0
1999-05-02,4.949497813572628
1999-05-03,0.19973699987776836
1999-05-04,28.62618663990347
1999-05-05,14.126872961857886
1999-05-06,0.10218306301226927
1999-05-07,0.0037478953884161497
1999-05-08,0.0
1999-05-09,0.0
1999-05-10,5.205295161518123
1999-05-11,6.708582709616532
1999-05-12,19.328463508472872
1999-05-13,0.0
1999-05-14,0.15427991385499729
1999-05-15,0.09540547162328314
1999-05-16,1.5345572013993112
1999-05-17,36.4818946628631
1999-05-18,0.07567485337591719
1999-05-19,0.0
1999-05-20,0.008957511442589002
1999-05-21,5.206614847764299
1999-05-22,0.0
1999-05-23,22.255803847951512
1999-05-24,0.0
1999-05-25,0.027278644449732763
1999-05-26,0.0
1999-05-27,0.0
1999-05-28,0.0
1999-05-29,0.5251350448808482
1999-05-30,4.365306692484799
1999-05-31,7.813151509448866
1999-06-01,16.60558384138602
1999-06-02,0.0
1999-06-03,0.8231372350442169
1999-06-04,6.043531115926126
1999-06-05,0.0
1999-06-06,8.346700649969149
1999-06-07,0.9299963863094128
1999-06-08,0.38228575544121984
1999-06-09,0.6863810194422594
1999-06-10,14.14855266003328
1999-06-11,0.4127387794409133
1999-06-12,0.11511022356846536
1999-06-13,0.37990615255303406
1999-06-14,0.22593455869317786
1999-06-15,0.0
1999-06-16,15.477324752290913
1999-06-17,0.019660772797190283
1999-06-18,2.135062916229768
1999-06-19,15.835773780684876
1999-06-20,0.29993662001279564
1999-06-21,6.2362041101804495
1999-06-22,1.5476926525381738
1999-06-23,11.17285103898048
1999-06-24,2.295848045840267
1999-06-25,1.6785575524669238
1999-06-26,2.6984545153098662
1999-06-27,2.878019472758836
1999-06-28,32.859799250968244
1999-06-29,1.0984827054391249
1999-06-30,15.928341352153545
1999-07-01,11.00830149467851
1999-07-02,0.09674302560371158
1999-07-03,0.0
1999-07-04,0.0006808362934882091
1999-07-05,0.03296006572690079
1999-07-06,3.3574643366675705
1999-07-07,2.9146031476758933
1999-07-08,0.11628091510175145
1999-07-09,3.047608000008477
1999-07-10,21.20725686670492
1999-07-11,0.07764328165169537
1999-07-12,0.0014943110395488567
1999-07-13,0.0
1999-07-14,0.0
1999-07-15,0.0
1999-07-16,1.345215885619828
1999-07-17,0.00023268253270183485
1999-07-18,3.283977907562821
1999-07-19,1.06100473432706
1999-07-20,0.9671427626162566
1999-07-21,0.002051858040858642
1999-07-22,0.10746585565223483
1999-07-23,0.7550256701625596
1999-07-24,0.05579225890177543
1999-07-25,0.04489788815832908
1999-07-26,0.2993626729074201
1999-07-27,0.2845093696836304
1999-07-28,0.22264185693257776
1999-07-29,0.001326956812045291
1999-07-30,0.0021460060279055626
1999-07-31,0.540579879091907
1999-08-01,23.519445420498002
1999-08-02,4.884842352838763
1999-08-03,0.2050035523023818
1999-08-04,0.027201961706461452
1999-08-05,0.2793152515567715
1999-08-06,0.1881285232179197
1999-08-07,0.14598386172011413
1999-08-08,5.519910993065073
1999-08-09,0.0
1999-08-10,0.0804221000632263
1999-08-11,0.0
1999-08-12,0.0
1999-08-13,0.0
1999-08-14,0.0
1999-08-15,0.0
1999-08-16,0.034227830928717354
1999-08-17,0.07902287287293938
1999-08-18,1.6522806946108004
1999-08-19,0.0749829187432193
1999-08-20,0.034227830928717354
1999-08-21,0.0
1999-08-22,0.11996231682845344
1999-08-23,30.07993038335934
1999-08-24,0.0
1999-08-25,0.0
1999-08-26,0.6941821935322313
1999-08-27,1.466247655672956
1999-08-28,0.0
1999-08-29,0.0
1999-08-30,2.3802383631153066
1999-08-31,0.16188768195926695
1999-09-01,0.0
1999-09-02,0.08997655505697301
1999-09-03,0.28972938096831
1999-09-04,5.654713533782151
1999-09-05,10.581706665190978
1999-09-06,0.0
1999-09-07,0.643777493205394
1999-09-08,2.9614895324953245
1999-09-09,0.0
1999-09-10,14.25832135054136
1999-09-11,1.3933338848913812
1999-09-12,12.663247059512434
1999-09-13,0.0
1999-09-14,0.08174612888036822
1999-09-15,0.10082661155397686
1999-09-16,0.0
1999-09-17,0.0
1999-09-18,4.012429082246267
1999-09-19,15.891781259923633
1999-09-20,4.97812237769862
1999-09-21,0.9038471613546959
1999-09-22,0.0
1999-09-23,0.0
1999-09-24,0.0
1999-09-25,2.0530957426858003
1999-09-26,0.004057302197283791
1999-09-27,48.66053197832149
1999-09-28,54.594078332364276
1999-09-29,0.1745158336501473
1999-09-30,0.0
1999-10-01,0.0
1999-10-02,0.006126643637903624
1999-10-03,0.0005035780802367379
1999-10-04,1.682428760684681e-07
1999-10-05,0.0
1999-10-06,0.0
1999-10-07,0.0
1999-10-08,0.8406902086519852
1999-10-09,0.7335211349400207
1999-10-10,0.0
1999-10-11,0.00043941057333248906
1999-10-12,0.00043941057333248906
1999-10-13,0.00043941057333248906
1999-10-14,0.00043941057333248906
1999-10-15,0.00043941057333248906
1999-10-16,0.0
1999-10-17,0.0
1999-10-18,0.0
1999-10-19,0.0
1999-10-20,0.0
1999-10-21,0.13212104885148138
1999-10-22,0.13212104885148138
1999-10-23,0.13212104885148138
1999-10-24,0.13212104885148138
1999-10-25,0.13212104885148138
1999-10-26,0.0
1999-10-27,0.0
1999-10-28,0.004826739054176929
1999-10-29,0.012107135219359768
1999-10-30,13.525913194063445
1999-10-31,0.9393460907804626
1999-11-01,0.0
1999-11-02,0.0
1999-11-03,0.0
1999-11-04,0.0
1999-11-05,0.0
1999-11-06,0.02880613937383775
1999-11-07,0.02880613937383775
1999-11-08,0.02880613937383775
1999-11-09,0.02880613937383775
1999-11-10,0.02880613937383775
1999-11-11,0.24431991728853616
1999-11-12,0.24431991728853616
1999-11-13,0.24431991728853616
1999-11-14,0.24431991728853616
1999-11-15,0.24431991728853616
1999-11-16,0.0
1999-11-17,0.0
1999-11-18,0.0
1999-11-19,1.2704530786212587
1999-11-20,0.0
1999-11-21,0.0
1999-11-22,3.6191182257832586
1999-11-23,23.649397628955324
1999-11-24,2.662066083809266e-06
1999-11-25,0.0
1999-11-26,0.032557022109866246
1999-11-27,0.028450956230795004
1999-11-28,0.028450956230795004
1999-11-29,0.028450956230795004
1999-11-30,0.028450956230795004
1999-12-01,0.0
1999-12-02,0.054612312815613344
1999-12-03,8.027124088864552
1999-12-04,29.556625013846887
1999-12-05,14.506079132868733
1999-12-06,0.0
1999-12-07,0.0
1999-12-08,0.009094985311370329
1999-12-09,18.388458905833737
1999-12-10,0.6612465771377158
1999-12-11,0.0
1999-12-12,0.0
1999-12-13,0.0
1999-12-14,0.0
1999-12-15,0.0
1999-12-16,0.000672900502452393
1999-12-17,0.2269758252560293
1999-12-18,2.3567167264616566
1999-12-19,0.37170609532577387
1999-12-20,0.9498300995984466
1999-12-21,0.0
1999-12-22,0.0
1999-12-23,0.0
1999-12-24,0.0
1999-12-25,0.0
1999-12-26,0.0
1999-12-27,0.0018524762692892426
1999-12-28,0.0
1999-12-29,0.0
1999-12-30,0.0
1999-12-31,0.0
2000-01-01,0.0
2000-01-02,0.0
2000-01-03,4.771528211997999
2000-01-04,1.4789245638580746
2000-01-05,0.0
2000-01-06,0.0
2000-01-07,0.0
2000-01-08,0.0
2000-01-09,0.0
2000-01-10,0.0
2000-01-11,2.819280446782247
2000-01-12,0.03230802453021147
2000-01-13,0.03230802453021147
2000-01-14,0.03230802453021147
2000-01-15,0.03230802453021147
2000-01-16,0.06340281100849934
2000-01-17,8.199052666011214
2000-01-18,0.46492207505446115
2000-01-19,2.973227578376821
2000-01-20,0.0
2000-01-21,0.0
2000-01-22,0.2789665369600225
2000-01-23,0.572729695989098
2000-01-24,0.011783436672841324
2000-01-25,0.0
2000-01-26,0.0
2000-01-27,0.0
2000-01-28,0.0
2000-01-29,0.0
2000-01-30,0.0
2000-01-31,0.0
2000-02-01,0.0
2000-02-02,0.0
2000-02-03,0.0
2000-02-04,0.0
2000-02-05,0.0
2000-02-06,0.0008279854144712066
2000-02-07,0.0008279854144712066
2000-02-08,0.0008279854144712066
2000-02-09,0.0008279854144712066
2000-02-10,0.047584553420207946
2000-02-11,0.758773710120241
2000-02-12,0.9550414549698184
2000-02-13,0.6725877314397587
2000-02-14,0.0032030379525353485
2000-02-15,0.0
2000-02-16,0.0
2000-02-17,8.725446779833256
2000-02-18,29.73785413791736
2000-02-19,0.010018105306370382
2000-02-20,0.0
2000-02-21,0.5767467617290961
2000-02-22,0.02640554380427935
2000-02-23,6.654185319460222
2000-02-24,0.8260928403505771
2000-02-25,3.982342099619471
2000-02-26,0.27381240007210633
2000-02-27,0.0
2000-02-28,0.0
2000-02-29,7.025193862698994
2000-03-01,1.901219105361886e-05
2000-03-02,2.534996096357263
2000-03-03,16.42971418320416
2000-03-04,0.0028512601473588994
2000-03-05,0.0
2000-03-06,0.018359500882553486
2000-03-07,0.0016851490743277633
2000-03-08,8.05966834601799
2000-03-09,0.0
2000-03-10,0.09417280645029831
2000-03-11,14.79688406633062
2000-03-12,0.0
2000-03-13,0.1461769987696984
2000-03-14,12.49196585994872
2000-03-15,1.122264357708832
2000-03-16,12.550854414908915
2000-03-17,0.0008591240566612154
2000-03-18,4.403191386488762
2000-03-19,9.693838730311189
2000-03-20,0.0004401700062381689
2000-03-21,0.9203195098994703
2000-03-22,0.5059029260827669
2000-03-23,5.422780251169029
2000-03-24,15.823526944487602
2000-03-25,0.14775343614553832
2000-03-26,4.387861878790051
2000-03-27,1.5617646222175687
2000-03-28,0.0
2000-03-29,7.212162416984113
2000-03-30,2.0937784040288383
2000-03-31,0.24165966442592782
2000-04-01,4.730557969603854
2000-04-02,1.679510844260927
2000-04-03,0.13668937418338545
2000-04-04,1.9243855388021505e-05
2000-04-05,0.0
2000-04-06,0.00847437075197289
2000-04-07,0.00030344473336416496
2000-04-08,0.0
2000-04-09,0.0
2000-04-10,0.0012864522341234374
2000-04-11,3.6957815724550245
2000-04-12,0.0
2000-04-13,0.0
2000-04-14,0.0
2000-04-15,0.0039006305587741155
2000-04-16,9.846910600371949
2000-04-17,4.025555347523335e-05
2000-04-18,0.00025215137651399706
2000-04-19,0.5672274324509609
2000-04-20,2.9242932931324868
2000-04-21,0.0
2000-04-22,0.0
2000-04-23,8.29052291420323
2000-04-24,0.20132476697021143
2000-04-25,2.3373534440422485
2000-04-26,4.407691538808901
2000-04-27,0.5453650306542366
2000-04-28,0.0
2000-04-29,0.0
2000-04-30,4.110680058182468
2000-05-01,6.792441014540295
2000-05-02,0.8551175051312869
2000-05-03,0.1317758728188865
2000-05-04,0.050423654444375555
2000-05-05,0.2984474839027791
2000-05-06,2.728442621381185
2000-05-07,1.521855669011253
2000-05-08,0.0060119406786317674
2000-05-09,26.244182940236833
2000-05-10,0.005113407912089733
2000-05-11,0.01661517671280386
2000-05-12,0.8038801092447677
2000-05-13,0.0
2000-05-14,0.13193154830268275
2000-05-15,1.6571942006328342
2000-05-16,1.3556259990552177
2000-05-17,1.5563766814008697
2000-05-18,1.8295262542575683
2000-05-19,8.417036515342863
2000-05-20,0.24713316477458214
2000-05-21,8.723375617092646
2000-05-22,0.011765975345965473
2000-05-23,0.001806561520378631
2000-05-24,0.27666993604840584
2000-05-25,0.40573051863664833
2000-05-26,21.381317917305054
2000-05-27,10.01707378247322
2000-05-28,2.0522010804251463e-05
2000-05-29,0.0
2000-05-30,0.0
2000-05-31,0.0
2000-06-01,0.0
2000-06-02,7.4218114823334185
2000-06-03,0.10294001977653912
2000-06-04,0.5801251537992034
2000-06-05,0.10341975412946372
2000-06-06,0.0
2000-06-07,0.0
2000-06-08,0.0
2000-06-09,0.0
2000-06-10,0.0
2000-06-11,18.564944068858626
2000-06-12,4.615589735279569
2000-06-13,0.19636975213468247
2000-06-14,41.20627595251853
2000-06-15,0.0
2000-06-16,16.20255059560771
2000-06-17,18.105679697668155
2000-06-18,0.015573527694859904
2000-06-19,5.775382904418973
2000-06-20,13.990439407580128
2000-06-21,19.894263815784978
2000-06-22,0.29206829832078257
2000-06-23,0.6708456859561499
2000-06-24,17.96104061272764
2000-06-25,0.8786683813668033
2000-06-26,37.90508628638074
2000-06-27,0.014686474519678824
2000-06-28,0.6611709889958223
2000-06-29,0.010234287113443853
2000-06-30,7.767998623397781
2000-07-01,1.1709712608588962
2000-07-02,1.5584598358366109
2000-07-03,1.701645554560217
2000-07-04,0.6292872707519255
2000-07-05,0.0
2000-07-06,0.0636899495088062
2000-07-07,0.02814162384836054
2000-07-08,0.0262217115365458
2000-07-09,0.0262217115365458
2000-07-10,0.0262217115365458
2000-07-11,0.16298428717788277
2000-07-12,3.1732304394181057
2000-07-13,0.0003779222356766909
2000-07-14,0.0
2000-07-15,0.002307092952630043
2000-07-16,0.003473405481836513
2000-07-17,5.358597437820828
2000-07-18,2.0652861638970386
2000-07-19,0.09855246660033837
2000-07-20,34.75920013848285
2000-07-21,6.011012469752474
2000-07-22,16.17132850062648
2000-07-23,0.00010921366066422118
2000-07-24,0.0
2000-07-25,7.451370959318073e-05
2000-07-26,0.0
2000-07-27,0.6335025248918409
2000-07-28,1.9841143676291153
2000-07-29,7.76794456411029
2000-07-30,0.43777432709354613
2000-07-31,0.6605663169080995
2000-08-01,0.0
2000-08-02,0.03511471593707964
2000-08-03,0.5034254620493034
2000-08-04,0.12088129207357576
2000-08-05,0.01984884170557507
2000-08-06,0.017180409080950493
2000-08-07,0.0724224863556042
2000-08-08,0.1523837262832818
2000-08-09,0.008533858133645527
2000-08-10,0.007887955984318025
2000-08-11,0.0
2000-08-12,0.0
2000-08-13,0.0
2000-08-14,0.0
2000-08-15,0.0
2000-08-16,0.16464592372385656
2000-08-17,1.5094558455078755
2000-08-18,0.010698949970105197
2000-08-19,0.15078912817476764
2000-08-20,0.03207326366737372
2000-08-21,0.03149363245241856
2000-08-22,0.008173436925805003
2000-08-23,0.068196526619558
2000-08-24,0.13103702790387017
2000-08-25,0.005882032831116429
2000-08-26,1.7130499592238888
2000-08-27,0.8887205619834093
2000-08-28,0.0
2000-08-29,0.0
2000-08-30,0.0
2000-08-31,0.0
2000-09-01,4.412628112494558e-05
2000-09-02,1.1970623592609158
2000-09-03,4.412628112494558e-05
2000-09-04,0.3331418989300545
2000-09-05,1.9138964231871802
2000-09-06,0.0
2000-09-07,0.0
2000-09-08,0.0
2000-09-09,9.27576982338716e-08
2000-09-10,2.9921923473062654e-08
2000-09-11,0.00047734357937097565
2000-09-12,26.1278086947915
2000-09-13,0.0
2000-09-14,0.0
2000-09-15,0.0
2000-09-16,0.0
2000-09-17,0.0
2000-09-18,0.0
2000-09-19,0.0
2000-09-20,1.2794326110568057
2000-09-21,0.0
2000-09-22,0.0015456713742085103
2000-09-23,23.566828429836992
2000-09-24,3.66811789744887
2000-09-25,2.760952055793611
2000-09-26,0.0
2000-09-27,0.0
2000-09-28,0.0
2000-09-29,0.0
2000-09-30,1.1046289535304599
2000-10-01,0.06733858238968678
2000-10-02,0.0
2000-10-03,0.0
2000-10-04,0.33417359710004235
2000-10-05,13.506444776021647
2000-10-06,0.5910512777886466
2000-10-07,1.9645230883200027
2000-10-08,0.35997793147182244
2000-10-09,0.35997793147182244
2000-10-10,0.35997793147182244
2000-10-11,0.0
2000-10-12,0.0
2000-10-13,0.9172435268981577
2000-10-14,8.628862405640605
2000-10-15,2.5354107576107565
2000-10-16,44.38905624897674
2000-10-17,0.053476889541434196
2000-10-18,0.0
2000-10-19,0.0
2000-10-20,0.0011254057487270425
2000-10-21,0.2653675987521901
2000-10-22,5.231092368059635
2000-10-23,5.257044616814689
2000-10-24,0.16570629642524862
2000-10-25,0.6509362372965651
2000-10-26,5.2943112691315175
2000-10-27,4.774373317665562
2000-10-28,0.7712076746897032
2000-10-29,3.029047178611269
2000-10-30,0.2853023754125277
2000-10-31,0.15828105214109378
2000-11-01,11.687029072873823
2000-11-02,0.7351523728604493
2000-11-03,0.010050619720949918
2000-11-04,0.0009576664599913595
2000-11-05,0.07451183417295713
2000-11-06,23.55412702963569
2000-11-07,0.006914325325609432
2000-11-08,6.511168900327292
2000-11-09,7.674313818741481
2000-11-10,0.0
2000-11-11,0.34930122353593746
2000-11-12,2.115485315558232
2000-11-13,0.016083666185572085
2000-11-14,3.977440681955052e-05
2000-11-15,0.0
2000-11-16,0.0016220575346066652
2000-11-17,0.0016220575346066652
2000-11-18,0.3392666226957304
2000-11-19,0.259019692272772
2000-11-20,0.0016220575346066652
2000-11-21,0.0
2000-11-22,0.0
2000-11-23,1.500408630068618
2000-11-24,6.497372883305697
2000-11-25,2.099106350399891
2000-11-26,0.030188214272790836
2000-11-27,0.030188214272790836
2000-11-28,0.034691941416453154
2000-11-29,0.030188214272790836
2000-11-30,0.030188214272790836
2000-12-01,0.11828019094635996
2000-12-02,0.09764042971221444
2000-12-03,0.0
2000-12-04,0.0
2000-12-05,7.211494078071502e-05
2000-12-06,1.476655277909227
2000-12-07,0.0
2000-12-08,0.013336355701601469
2000-12-09,1.805361914382245
2000-12-10,0.04852905800138909
2000-12-11,2.7333329866543465
2000-12-12,1.680214107858257e-07
2000-12-13,20.765541294290323
2000-12-14,0.03530482263261491
2000-12-15,0.22119078910619783
2000-12-16,2.5220466013762572
2000-12-17,6.322244801277376e-06
2000-12-18,1.55797770494432
2000-12-19,0.06751560503509565
2000-12-20,1.2116886393433737
2000-12-21,0.0
2000-12-22,0.0
2000-12-23,0.0
2000-12-24,0.0
2000-12-25,0.0
2000-12-26,3.2620712951188744
2000-12-27,0.07090908148571808
2000-12-28,0.02385852098486808
2000-12-29,0.04226588011494921
2000-12-30,0.009319533221280004
2000-12-31,0.02214819445699781
2001-01-01,0.0
2001-01-02,0.0
2001-01-03,0.0
2001-01-04,0.0
2001-01-05,0.0
2001-01-06,0.0
2001-01-07,0.0
2001-01-08,0.0
2001-01-09,0.0
2001-01-10,0.0
2001-01-11,1.3956767780177293
2001-01-12,0.05556539498783755
2001-01-13,0.5922884922670925
2001-01-14,0.16532097524339515
2001-01-15,0.0
2001-01-16,0.0005029903454950839
2001-01-17,0.00311540544911681
2001-01-18,0.0
2001-01-19,0.000990479900853599
2001-01-20,0.0
2001-01-21,0.017416949534038766
2001-01-22,0.017416949534038766
2001-01-23,0.017416949534038766
2001-01-24,0.017416949534038766
2001-01-25,0.017416949534038766
2001-01-26,2.3371348589689167
2001-01-27,3.487451814929295e-05
2001-01-28,12.636207647842882
2001-01-29,35.43846964347726
2001-01-30,2.762933988847442
2001-01-31,0.6775315180195353
2001-02-01,0.25046271478391735
2001-02-02,0.0
2001-02-03,2.1274053544629257
2001-02-04,0.2391399906995992
2001-02-05,0.0015471985706579914
2001-02-06,0.0
2001-02-07,0.053239223023276466
2001-02-08,4.435676459127474
2001-02-09,25.38748313060335
2001-02-10,0.0
2001-02-11,0.0
2001-02-12,0.20159447178622797
2001-02-13,4.513118714188586
2001-02-14,9.078987820923984
2001-02-15,0.3112262670356823
2001-02-16,0.5753317003732019
2001-02-17,0.0
2001-02-18,0.0
2001-02-19,0.01770632157110039
2001-02-20,3.8971625841972606
2001-02-21,8.18214485456406
2001-02-22,0.9570733555644837
2001-02-23,14.69661914179049
2001-02-24,43.09194302007592
2001-02-25,0.07604363475226432
2001-02-26,0.0
2001-02-27,7.154358902250307
2001-02-28,4.669985918468498
2001-03-01,3.5605580531286942
2001-03-02,0.00012016155961886918
2001-03-03,0.0
2001-03-04,0.0
2001-03-05,0.015590097750513407
2001-03-06,0.0
2001-03-07,0.0
2001-03-08,0.0
2001-03-09,0.0
2001-03-10,0.0
2001-03-11,2.462695628616281
2001-03-12,8.579876570930226
2001-03-13,0.002557445979530189
2001-03-14,0.8529122160276282
2001-03-15,21.40880434885755
2001-03-16,16.371899862106705
2001-03-17,0.0
2001-03-18,0.017760680889248218
2001-03-19,0.016423777382002635
2001-03-20,0.0
2001-03-21,0.21156154815262312
2001-03-22,0.9679634898874068
2001-03-23,0.0
2001-03-24,1.3987690772165763e-08
2001-03-25,0.0
2001-03-26,0.0
2001-03-27,0.0
2001-03-28,0.0
2001-03-29,0.0
2001-03-30,0.0
2001-03-31,0.0
2001-04-01,0.15930161432595477
2001-04-02,4.5935226988150974
2001-04-03,10.08468789033869
2001-04-04,2.9891183175355893
2001-04-05,0.9556859865693675
2001-04-06,0.3494648093055971
2001-04-07,0.0007021622641924791
2001-04-08,0.1952825550854813
2001-04-09,3.360936795776003
2001-04-10,46.248889922516696
2001-04-11,15.42474803070057
2001-04-12,0.0
2001-04-13,0.0
2001-04-14,0.4958246522886541
2001-04-15,8.361201370704897
2001-04-16,2.3437810522839335
2001-04-17,0.0
2001-04-18,0.0
2001-04-19,0.03361308854784448
2001-04-20,0.453558271922133
2001-04-21,1.383683559998447
2001-04-22,2.4290714670280695
2001-04-23,11.074406018808913
2001-04-24,0.0
2001-04-25,0.0
2001-04-26,0.0
2001-04-27,0.0
2001-04-28,0.0
2001-04-29,0.0
2001-04-30,0.0
2001-05-01,0.1670552738322032
2001-05-02,0.0028347609703404638
2001-05-03,0.6294965933244547
2001-05-04,2.5297777621140694
2001-05-05,4.713790036348838
2001-05-06,22.40033883440025
2001-05-07,4.057788456364181
2001-05-08,0.000426474551150708
2001-05-09,0.006660257517625084
2001-05-10,1.030283200140746
2001-05-11,9.333972863361751
2001-05-12,0.0026425376643582875
2001-05-13,0.047468720933660134
2001-05-14,0.007037109732984228
2001-05-15,0.0005661259148055864
2001-05-16,0.0009780265881629748
2001-05-17,5.740794509233179
2001-05-18,27.08734100509665
2001-05-19,1.6036977637816723
2001-05-20,11.821441171818039
2001-05-21,4.962247855197857
2001-05-22,0.12499856684687416
2001-05-23,0.6615915971668307
2001-05-24,0.4811026920196952
2001-05-25,0.37661025709463136
2001-05-26,0.016051811140653825
2001-05-27,0.024258227397082676
2001-05-28,0.27771783032945757
2001-05-29,1.960459294805812
2001-05-30,35.07585095774249
2001-05-31,0.34758572588553655
2001-06-01,0.06185737038735808
2001-06-02,11.891165670354466
2001-06-03,44.902645372883136
2001-06-04,1.952839681760125
2001-06-05,1.2999088733131319
2001-06-06,26.31594712958604
2001-06-07,0.9545913640667754
2001-06-08,0.4714785660784695
2001-06-09,0.0
2001-06-10,0.008996278608989848
2001-06-11,0.0
2001-06-12,0.0
2001-06-13,0.0
2001-06-14,18.03297111259411
2001-06-15,6.430991739737325
2001-06-16,0.0
2001-06-17,0.2522592376406219
2001-06-18,0.0
2001-06-19,1.5955742818764453
2001-06-20,44.615392987904805
2001-06-21,19.737450025492116
2001-06-22,4.59010883793665e-06
2001-06-23,0.0
2001-06-24,0.0
2001-06-25,0.0
2001-06-26,6.372035884585908e-05
2001-06-27,0.0006068888664712658
2001-06-28,0.044127712101382256
2001-06-29,0.01159697332358031
2001-06-30,0.008728844656569056
2001-07-01,0.42457281481160425
2001-07-02,0.24259897802643374
2001-07-03,0.0022776112194758183
2001-07-04,2.2158901735470304
2001-07-05,7.275506947634871
2001-07-06,1.6947489861615688
2001-07-07,0.0
2001-07-08,0.0
2001-07-09,2.874576784643216
2001-07-10,3.4778427940162
2001-07-11,0.35059471726296343
2001-07-12,3.8199543036024513
2001-07-13,0.062778761847408
2001-07-14,0.0
2001-07-15,0.0
2001-07-16,3.676349625693066
2001-07-17,1.238114854479674
2001-07-18,4.938273870991073
2001-07-19,3.775153946325554
2001-07-20,0.02495720943311659
2001-07-21,0.0
2001-07-22,3.856717355099214e-05
2001-07-23,0.05202954731677327
2001-07-24,0.528794351996836
2001-07-25,3.041334201029839
2001-07-26,61.665013475702125
2001-07-27,18.512845481218097
2001-07-28,39.62387586847591
2001-07-29,19.4253096557494
2001-07-30,0.28422839405971595
2001-07-31,0.14190711618663185
2001-08-01,0.0
2001-08-02,0.0
2001-08-03,0.0
2001-08-04,0.0
2001-08-05,0.0
2001-08-06,0.0
2001-08-07,0.0
2001-08-08,0.0
2001-08-09,0.0
2001-08-10,0.0
2001-08-11,0.0006411843045220533
2001-08-12,0.0
2001-08-13,0.0010655347148778645
2001-08-14,0.0
2001-08-15,0.2012885792534586
2001-08-16,0.3151615917315876
2001-08-17,1.5324719575055321
2001-08-18,2.0341308573551355
2001-08-19,0.0
2001-08-20,0.3013975343029446
2001-08-21,0.0
2001-08-22,0.18868103318488372
2001-08-23,16.320417657965645
2001-08-24,10.118270536763871
2001-08-25,2.619340087169601
2001-08-26,0.0009036306784546167
2001-08-27,0.0
2001-08-28,0.0
2001-08-29,3.913769674437311
2001-08-30,3.0774749871285763
2001-08-31,10.457850367308437
2001-09-01,0.0
2001-09-02,0.35239007990201027
2001-09-03,0.17693298398523663
2001-09-04,2.4703298861268846e-05
2001-09-05,1.5057375184878892
2001-09-06,12.771993349046769
2001-09-07,0.17523146339459397
2001-09-08,16.325400213663105
2001-09-09,0.6697493981794359
2001-09-10,0.0
2001-09-11,0.0
2001-09-12,0.0
2001-09-13,0.0
2001-09-14,0.0
2001-09-15,2.5884228895686423
2001-09-16,3.235480910695291
2001-09-17,17.523880002543876
2001-09-18,59.53650112905857
2001-09-19,0.0036961315991815773
2001-09-20,0.12047778053338905
2001-09-21,15.068189754687063
2001-09-22,0.0
2001-09-23,2.769990300396411
2001-09-24,0.00019695836585877354
2001-09-25,0.0
2001-09-26,0.0
2001-09-27,0.0
2001-09-28,0.0
2001-09-29,0.0
2001-09-30,0.0
2001-10-01,0.0
2001-10-02,0.0
2001-10-03,0.0
2001-10-04,0.8777649279942243
2001-10-05,55.66186269985788
2001-10-06,0.0
2001-10-07,0.0
2001-10-08,0.0
2001-10-09,6.493724314780472
2001-10-10,22.049053907726318
2001-10-11,0.027801327631780295
2001-10-12,0.3367248101956989
2001-10-13,2.0573130400606727
2001-10-14,0.0
2001-10-15,10.951650584797331
2001-10-16,0.14346160329758983
2001-10-17,0.13515362439011908
2001-10-18,0.13515362439011908
2001-10-19,0.13515362439011908
2001-10-20,0.13515362439011908
2001-10-21,0.09725683502860305
2001-10-22,0.393866129701797
2001-10-23,3.890367425798203
2001-10-24,0.17017432047550526
2001-10-25,0.0
2001-10-26,0.9793306161789828
2001-10-27,0.9793306161789828
2001-10-28,0.9793306161789828
2001-10-29,0.9793306161789828
2001-10-30,0.9793306161789828
2001-10-31,0.9793306161789828
2001-11-01,0.2483680369200968
2001-11-02,8.116467965479925
2001-11-03,0.004387777204914121
2001-11-04,0.049172044061453334
2001-11-05,0.04159866765613757
2001-11-06,0.0
2001-11-07,0.0
2001-11-08,0.15011583918408405
2001-11-09,0.0
2001-11-10,0.0
2001-11-11,2.7812779022311585e-05
2001-11-12,1.175624395837663
2001-11-13,0.0006505304288351066
2001-11-14,0.01301264457771566
2001-11-15,2.7812779022311585e-05
2001-11-16,0.0
2001-11-17,0.8527134138117966
2001-11-18,4.820245771442629
2001-11-19,4.359157592024125
2001-11-20,0.0
2001-11-21,0.0
2001-11-22,0.0
2001-11-23,1.128314741312098
2001-11-24,4.204597994243285
2001-11-25,0.10753002279048947
2001-11-26,1.0419727851701894
2001-11-27,0.0
2001-11-28,3.2060085857941925
2001-11-29,1.4259320903358923
2001-11-30,0.08423991038254708
2001-12-01,0.0
2001-12-02,0.0
2001-12-03,0.0
2001-12-04,0.0
2001-12-05,0.0
2001-12-06,0.0
2001-12-07,0.0
2001-12-08,0.0
2001-12-09,0.0
2001-12-10,0.0
2001-12-11,0.0
2001-12-12,16.99085748315873
2001-12-13,6.716092627955017
2001-12-14,4.3955379181006276
2001-12-15,0.06647817783701615
2001-12-16,7.284932226099484
2001-12-17,1.9355656216398338
2001-12-18,0.0
2001-12-19,0.3520291329785728
2001-12-20,0.0
2001-12-21,0.0
2001-12-22,0.0
2001-12-23,0.0
2001-12-24,0.0
2001-12-25,0.0
2001-12-26,0.0
2001-12-27,0.0
2001-12-28,0.0
2001-12-29,0.0
2001-12-30,0.0
2001-12-31,0.0
2002-01-01,0.0
2002-01-02,0.0
2002-01-03,0.0
2002-01-04,0.0
2002-01-05,1.8588115103634928
2002-01-06,1.8263900562302975
2002-01-07,0.3906349317569807
2002-01-08,0.0
2002-01-09,0.0013317528265201226
2002-01-10,0.0007134203340575638
2002-01-11,0.0
2002-01-12,0.002768129559962607
2002-01-13,0.0
2002-01-14,0.0
2002-01-15,0.0
2002-01-16,0.0
2002-01-17,1.1378217457038007
2002-01-18,0.6079588492516192
2002-01-19,9.030659889636315
2002-01-20,0.0
2002-01-21,0.0
2002-01-22,0.04235073289310508
2002-01-23,2.527896675035292
2002-01-24,0.46346690817532865
2002-01-25,0.0
2002-01-26,0.0
2002-01-27,0.0
2002-01-28,0.0
2002-01-29,0.9188550862065884
2002-01-30,29.03156972060437
2002-01-31,21.406257796795387
2002-02-01,10.032997207149092
2002-02-02,0.0
2002-02-03,0.0
2002-02-04,0.0
2002-02-05,3.6656796289949325
2002-02-06,0.10443510590867895
2002-02-07,0.0006091823810845679
2002-02-08,0.0
2002-02-09,0.031178817754573346
2002-02-10,0.030322466093501917
2002-02-11,0.0
2002-02-12,0.0
2002-02-13,0.0
2002-02-14,0.0
2002-02-15,0.0
2002-02-16,0.0
2002-02-17,0.0
2002-02-18,0.1998763177569749
2002-02-19,11.203762330560723
2002-02-20,8.788949135727107
2002-02-21,0.0
2002-02-22,0.0
2002-02-23,0.0
2002-02-24,0.0
2002-02-25,0.0
2002-02-26,0.0
2002-02-27,0.0
2002-02-28,0.0
2002-03-01,4.520202050812631
2002-03-02,13.36072385668587
2002-03-03,0.01889670565905366
2002-03-04,0.008804811120268681
2002-03-05,0.0
2002-03-06,5.344312203071385e-05
2002-03-07,0.052526268717462736
2002-03-08,0.2007386764090207
2002-03-09,1.7740661166219913
2002-03-10,0.0
2002-03-11,0.0
2002-03-12,0.0
2002-03-13,0.0
2002-03-14,0.0
2002-03-15,0.0
2002-03-16,1.4897477745618717
2002-03-17,4.756514040351032
2002-03-18,2.447074582408513
2002-03-19,19.944711643282815
2002-03-20,0.03666946291248927
2002-03-21,0.03092643991505091
2002-03-22,0.0
2002-03-23,0.0
2002-03-24,1.258626550882632
2002-03-25,4.956336908438076
2002-03-26,0.1664668677640605
2002-03-27,0.0
2002-03-28,2.5946576069286524
2002-03-29,0.45652259950194574
2002-03-30,0.0
2002-03-31,0.0
2002-04-01,0.0
2002-04-02,0.0
2002-04-03,0.0
2002-04-04,0.0
2002-04-05,0.0
2002-04-06,0.05434909349316591
2002-04-07,10.554438493447343
2002-04-08,10.39023714910549
2002-04-09,5.508435549525702
2002-04-10,0.0
2002-04-11,0.3113104363360687
2002-04-12,14.820066302843795
2002-04-13,0.0994780429157631
2002-04-14,0.9963172266312262
2002-04-15,0.006033188922352052
2002-04-16,0.3279137020030987
2002-04-17,0.7284351605212308
2002-04-18,7.693894708128437e-05
2002-04-19,6.552228898010921
2002-04-20,19.928509617760078
2002-04-21,8.394851921477548
2002-04-22,0.0
2002-04-23,0.05136092147517658
2002-04-24,0.6134085290203201
2002-04-25,0.0
2002-04-26,8.88004168443267
2002-04-27,34.92038279766694
2002-04-28,0.0006809026600733758
2002-04-29,0.11542592152498253
2002-04-30,8.051699001817209
2002-05-01,2.2729226878228324
2002-05-02,0.217660533128943
2002-05-03,0.0
2002-05-04,0.0032510884849605297
2002-05-05,0.0
2002-05-06,3.510548438300973
2002-05-07,27.599632734302922
2002-05-08,23.509036456456094
2002-05-09,22.732495879199867
2002-05-10,0.37275729855669215
2002-05-11,9.349197369990375
2002-05-12,13.146697444992235
2002-05-13,4.63117178838404
2002-05-14,0.0
2002-05-15,0.0329288918612225
2002-05-16,20.07684370705927
2002-05-17,2.7422782985063097
2002-05-18,0.000405725982902676
2002-05-19,1.6560985014833038
2002-05-20,1.5029368212290513
2002-05-21,0.004871034122126649
2002-05-22,0.0
2002-05-23,0.6649604674930447
2002-05-24,56.04613952111206
2002-05-25,14.350785113546051
2002-05-26,0.0
2002-05-27,19.325267558193044
2002-05-28,1.2930333786820158
2002-05-29,0.1301242721436809
2002-05-30,7.01287442024654e-06
2002-05-31,0.0
2002-06-01,0.0
2002-06-02,0.0
2002-06-03,0.017553188372481425
2002-06-04,2.4346843439055346
2002-06-05,22.90359042569199
2002-06-06,0.1841000380836126
2002-06-07,9.711036205317921e-06
2002-06-08,0.06678249949208412
2002-06-09,0.5287058143124502
2002-06-10,0.7417619054966282
2002-06-11,0.5305579132455647
2002-06-12,24.869564669942033
2002-06-13,39.67179422051693
2002-06-14,0.050408442502633516
2002-06-15,0.0
2002-06-16,7.139767149369747
2002-06-17,0.0
2002-06-18,0.45293022417223167
2002-06-19,0.0
2002-06-20,0.08080509454933679
2002-06-21,0.0
2002-06-22,0.0
2002-06-23,0.0
2002-06-24,0.0
2002-06-25,0.0
2002-06-26,0.14829949698796419
2002-06-27,12.582648873661242
2002-06-28,5.947810988463979
2002-06-29,0.7021470610774753
2002-06-30,0.2124363914308991
2002-07-01,0.041337017720040135
2002-07-02,1.6079187058650604
2002-07-03,0.3546566528749219
2002-07-04,0.2639781010333295
2002-07-05,0.18618313893946625
2002-07-06,2.0345790287534893
2002-07-07,1.746482036507084
2002-07-08,6.983933529256592
2002-07-09,1.9167907182742643
2002-07-10,4.928876279058384
2002-07-11,20.92930198483445
2002-07-12,4.683500506841595
2002-07-13,3.198936208020664
2002-07-14,0.006689733514146193
2002-07-15,0.0
2002-07-16,0.1459507356867037
2002-07-17,0.3376877390495183
2002-07-18,5.472377094648939
2002-07-19,0.47721391911295263
2002-07-20,0.3854457775070115
2002-07-21,0.9433898169703206
2002-07-22,7.763546264500467
2002-07-23,5.844855898810223
2002-07-24,0.0
2002-07-25,0.0
2002-07-26,0.0
2002-07-27,0.0005104720804189198
2002-07-28,0.4639020603210062
2002-07-29,29.42008277424264
2002-07-30,0.0
2002-07-31,0.18517902907548078
2002-08-01,0.015235824218806596
2002-08-02,1.0868707619279163
2002-08-03,0.0032826939935870214
2002-08-04,0.0
2002-08-05,0.0001363125930191398
2002-08-06,1.460465793072544
2002-08-07,1.2653424449846664
2002-08-08,0.0
2002-08-09,0.0
2002-08-10,3.4778509639349053
2002-08-11,0.5241716364509673
2002-08-12,0.0033118672345195934
2002-08-13,18.415242528270227
2002-08-14,0.8105876955963589
2002-08-15,0.2537105490987697
2002-08-16,0.10178201280805457
2002-08-17,8.82466228511327
2002-08-18,5.947080887407941
2002-08-19,0.021278578324911552
2002-08-20,5.138501206366748
2002-08-21,0.11548123999462884
2002-08-22,0.0020369069226716468
2002-08-23,0.8291641441221588
2002-08-24,9.487299797687264
2002-08-25,5.452485529821781
2002-08-26,0.0
2002-08-27,0.0
2002-08-28,0.0
2002-08-29,0.0
2002-08-30,0.0
2002-08-31,0.0
2002-09-01,0.09009892258923964
2002-09-02,0.0005773254570469391
2002-09-03,0.03725035992660647
2002-09-04,4.216717322885905
2002-09-05,0.5639605221759431
2002-09-06,4.6166411177332184e-08
2002-09-07,0.0
2002-09-08,4.2857837813356595e-08
2002-09-09,2.4816441575788037e-08
2002-09-10,2.581778534992001e-09
2002-09-11,0.0
2002-09-12,0.058720166202174656
2002-09-13,0.21738106902154045
2002-09-14,12.58522884776516
2002-09-15,3.6702385261035095
2002-09-16,0.08075127266058633
2002-09-17,0.04675540265873279
2002-09-18,1.1795481783338855
2002-09-19,36.31431103670198
2002-09-20,0.27467180556844994
2002-09-21,0.0
2002-09-22,1.8448383576207303
2002-09-23,0.0
2002-09-24,0.0
2002-09-25,0.0
2002-09-26,0.0
2002-09-27,0.0
2002-09-28,0.0
2002-09-29,0.0
2002-09-30,0.0
2002-10-01,0.0003318624877470876
2002-10-02,2.3149274391370507
2002-10-03,7.28721951014076
2002-10-04,2.1650378375220893
2002-10-05,0.0
2002-10-06,7.597174622622363
2002-10-07,0.0
2002-10-08,0.0
2002-10-09,0.19989089855803174
2002-10-10,0.03769723469274216
2002-10-11,3.360394267060688e-06
2002-10-12,0.0036379787389637917
2002-10-13,0.0
2002-10-14,0.0
2002-10-15,0.0
2002-10-16,5.467848307037845
2002-10-17,1.7434234540069724
2002-10-18,3.299032531382833
2002-10-19,12.712911871150697
2002-10-20,0.15832823159422676
2002-10-21,0.0
2002-10-22,0.0
2002-10-23,6.68651550752152
2002-10-24,7.123674145748068
2002-10-25,11.075437453223966
2002-10-26,0.31008204666800593
2002-10-27,5.2234399553976845
2002-10-28,2.8361797837273413
2002-10-29,14.721727684472402
2002-10-30,4.05819065835533
2002-10-31,0.3502394662527739
2002-11-01,0.0
2002-11-02,0.001334020496679872
2002-11-03,0.00037440618619995154
2002-11-04,2.6438667180208675e-06
2002-11-05,0.0008107594755700904
2002-11-06,0.10912749659547705
2002-11-07,0.0
2002-11-08,0.0
2002-11-09,0.0
2002-11-10,2.5954493051252636
2002-11-11,0.0
2002-11-12,0.0
2002-11-13,0.0
2002-11-14,10.532599888515522
2002-11-15,3.663605638349901
2002-11-16,0.6407237465154199
2002-11-17,0.5616551471081642
2002-11-18,1.5776310489176781
2002-11-19,0.5614888599319536
2002-11-20,0.5614888599319536
2002-11-21,0.0
2002-11-22,0.0
2002-11-23,0.0
2002-11-24,0.0013830355977213452
2002-11-25,9.019741927368005e-06
2002-11-26,1.176266228243514
2002-11-27,0.002223467235177344
2002-11-28,0.0
2002-11-29,0.0
2002-11-30,0.0
2002-12-01,0.0
2002-12-02,0.0
2002-12-03,0.07286708082883131
2002-12-04,19.859005522067832
2002-12-05,0.0234537550545733
2002-12-06,0.0
2002-12-07,0.0
2002-12-08,0.0
2002-12-09,0.0
2002-12-10,0.020916536072496824
2002-12-11,0.040281823717566154
2002-12-12,0.07365501313887943
2002-12-13,0.7320151070328518
2002-12-14,0.0
2002-12-15,0.0
2002-12-16,0.01069375237744522
2002-12-17,1.4569455417266275
2002-12-18,1.0695920346802101
2002-12-19,0.0
2002-12-20,0.0
2002-12-21,0.10150354559422932
2002-12-22,4.303117655299179e-06
2002-12-23,2.8356683406330516
2002-12-24,6.872152971548282
2002-12-25,1.7714636860673654e-05
2002-12-26,1.4378880494422048
2002-12-27,3.9836180452113448
2002-12-28,0.0
2002-12-29,0.0
2002-12-30,0.10849344145980719
2002-12-31,0.0
2003-01-01,0.00010916825501091921
2003-01-02,3.8930325492759668
2003-01-03,0.0
2003-01-04,0.0
2003-01-05,0.0
2003-01-06,0.0
2003-01-07,0.0
2003-01-08,0.0
2003-01-09,0.0
2003-01-10,0.0
2003-01-11,0.20531425029703518
2003-01-12,3.4535026711376946
2003-01-13,0.20531425029703518
2003-01-14,0.20531425029703518
2003-01-15,0.7073284795259771
2003-01-16,4.262886395094865
2003-01-17,0.0
2003-01-18,0.14530959522659506
2003-01-19,0.0
2003-01-20,0.0
2003-01-21,0.0
2003-01-22,0.0
2003-01-23,0.0
2003-01-24,0.0
2003-01-25,0.0
2003-01-26,0.3516906954225591
2003-01-27,0.0
2003-01-28,0.25853138174245965
2003-01-29,1.3732260958773905
2003-01-30,0.0016470288379326172
2003-01-31,5.494118536267454
2003-02-01,0.0
2003-02-02,0.0
2003-02-03,4.061783074272679
2003-02-04,0.4707809879148271
2003-02-05,0.11809877423337431
2003-02-06,0.0
2003-02-07,0.0
2003-02-08,0.0
2003-02-09,0.0
2003-02-10,0.0
2003-02-11,0.00032513715497105875
2003-02-12,0.0
2003-02-13,0.029790276785585212
2003-02-14,48.063358902486534
2003-02-15,4.448509595419915
2003-02-16,1.995649922029574
2003-02-17,0.003293787607880251
2003-02-18,0.5726522951723694
2003-02-19,5.68069229780219
2003-02-20,0.0
2003-02-21,0.0
2003-02-22,0.8713419239292716
2003-02-23,9.874962362530137
2003-02-24,5.414168500335757
2003-02-25,0.036913088986696894
2003-02-26,0.0
2003-02-27,0.0
2003-02-28,0.0
2003-03-01,1.3815841673495062
2003-03-02,0.0004422191223854351
2003-03-03,0.0
2003-03-04,1.43046207863575
2003-03-05,5.459647427438036
2003-03-06,0.0
2003-03-07,0.0
2003-03-08,0.0
2003-03-09,0.0
2003-03-10,0.0
2003-03-11,7.687111364114897
2003-03-12,6.985457962936041
2003-03-13,20.327537565403627
2003-03-14,0.004080927073802346
2003-03-15,0.0
2003-03-16,7.450115015210765e-05
2003-03-17,0.0003466455478079007
2003-03-18,0.027777529726347075
2003-03-19,0.2667901376906111
2003-03-20,0.06764588704845297
2003-03-21,7.38909541933445e-05
2003-03-22,0.02926149896627092
2003-03-23,0.07439994251381508
2003-03-24,0.0
2003-03-25,10.862578073207128
2003-03-26,0.0
2003-03-27,0.47772286935028435
2003-03-28,14.23474899646666
2003-03-29,0.21394639892794448
2003-03-30,0.00018490282406368572
2003-03-31,0.0
2003-04-01,0.0
2003-04-02,0.0
2003-04-03,0.975227549520698
2003-04-04,1.2976577701306202
2003-04-05,0.0
2003-04-06,19.134102245943005
2003-04-07,1.503967123831601
2003-04-08,0.19106289142142507
2003-04-09,0.003290335895702887
2003-04-10,0.0
2003-04-11,0.40979132707283344
2003-04-12,0.40979132707283344
2003-04-13,0.40979132707283344
2003-04-14,0.40979132707283344
2003-04-15,0.9695931985344154
2003-04-16,9.665006362515633
2003-04-17,0.0001065635475653714
2003-04-18,0.1420952630805269
2003-04-19,12.898896445266121
2003-04-20,15.38414045321837
2003-04-21,0.0
2003-04-22,0.0
2003-04-23,5.146496032488913
2003-04-24,26.510140081389398
2003-04-25,1.779665028143455
2003-04-26,0.004690914342362272
2003-04-27,0.037887883108610104
2003-04-28,0.9926754823038105
2003-04-29,2.0028316981912377
2003-04-30,1.2066826386114262
2003-05-01,19.037049591770046
2003-05-02,0.9799378089658403
2003-05-03,0.0
2003-05-04,8.38865400090197
2003-05-05,2.830566335848509
2003-05-06,4.655913377530459
2003-05-07,0.1582762215162042
2003-05-08,10.005176123185615
2003-05-09,0.39287469994644575
2003-05-10,5.793258027411038
2003-05-11,0.0
2003-05-12,0.0
2003-05-13,11.409723526429833
2003-05-14,1.8170832562268693
2003-05-15,0.06825071324023387
2003-05-16,24.503856614814822
2003-05-17,9.29089858807369
2003-05-18,0.0006328337347387843
2003-05-19,0.24016727523030762
2003-05-20,20.191372489360678
2003-05-21,0.28383622667033587
2003-05-22,0.0
2003-05-23,0.031933199635877
2003-05-24,5.8712556382662155
2003-05-25,2.512234397985776
2003-05-26,0.03998066373679355
2003-05-27,0.0
2003-05-28,0.11223838208388026
2003-05-29,0.0
2003-05-30,2.727544026686766
2003-05-31,0.12105847317450763
2003-06-01,0.0
2003-06-02,28.455795366617778
2003-06-03,0.02442738152572648
2003-06-04,0.0010593412662995843
2003-06-05,0.12922138446204526
2003-06-06,31.438989146428007
2003-06-07,0.39701761330294794
2003-06-08,0.00336302451244596
2003-06-09,0.0
2003-06-10,2.808649029370156
2003-06-11,2.6349525615365246
2003-06-12,0.4810773070474148
2003-06-13,7.846304412051388
2003-06-14,0.024291145154348256
2003-06-15,0.002141216507337313
2003-06-16,0.005490187260038663
2003-06-17,2.3047195001029402e-07
2003-06-18,0.0008433964278440058
2003-06-19,0.25443403571404277
2003-06-20,0.2222862194909431
2003-06-21,0.5220273600769136
2003-06-22,0.5209209145313834
2003-06-23,0.19477224822391662
2003-06-24,0.33046115892505284
2003-06-25,5.864699612145087
2003-06-26,24.98774105851272
2003-06-27,0.03432495291357721
2003-06-28,0.0001631227065272889
2003-06-29,0.04737315483729031
2003-06-30,11.084401776700881
2003-07-01,0.03479522650662942
2003-07-02,0.07393447465580086
2003-07-03,0.0
2003-07-04,0.0
2003-07-05,0.0
2003-07-06,0.0
2003-07-07,0.2079442811593204
2003-07-08,0.19013218044912278
2003-07-09,0.18838078244252632
2003-07-10,10.495219947631178
2003-07-11,0.20562040033967835
2003-07-12,7.612080366304957
2003-07-13,0.05904656252445142
2003-07-14,0.0
2003-07-15,0.0
2003-07-16,0.0031030849536819102
2003-07-17,1.506080549332768e-05
2003-07-18,0.0
2003-07-19,0.03688013480634329
2003-07-20,0.03767948748833721
2003-07-21,0.0
2003-07-22,11.323906455996964
2003-07-23,0.0
2003-07-24,0.0
2003-07-25,0.0
2003-07-26,0.0
2003-07-27,0.0
2003-07-28,0.003545630808068364
2003-07-29,12.900060724955956
2003-07-30,0.295131603817986
2003-07-31,0.15101046031167203
2003-08-01,1.5299865342296326
2003-08-02,12.037963099690913
2003-08-03,0.3893030219532005
2003-08-04,0.24982164105873514
2003-08-05,3.6246151450611817
2003-08-06,4.656602885374135
2003-08-07,0.0
2003-08-08,0.0
2003-08-09,0.030607148727868554
2003-08-10,1.215801365778214
2003-08-11,4.209726681980031
2003-08-12,0.13464701706038404
2003-08-13,1.5005459975611903
2003-08-14,2.5329801572313015
2003-08-15,0.24750683960984127
2003-08-16,0.0
2003-08-17,0.0
2003-08-18,0.0
2003-08-19,0.0
2003-08-20,0.0
2003-08-21,4.403357229846546
2003-08-22,0.41543965531046445
2003-08-23,0.0
2003-08-24,0.0
2003-08-25,0.0025737391470914577
2003-08-26,0.06547942101844292
2003-08-27,0.12652811795800328
2003-08-28,0.4108757517283155
2003-08-29,36.21405367777352
2003-08-30,44.808472712230184
2003-08-31,58.99875258562821
2003-09-01,32.70534148385093
2003-09-02,0.13546617006684852
2003-09-03,3.3845416744912094e-06
2003-09-04,0.0
2003-09-05,0.0
2003-09-06,6.519042752439366e-09
2003-09-07,6.519042752439366e-09
2003-09-08,6.519042752439366e-09
2003-09-09,1.097372263173858e-07
2003-09-10,6.519042752439366e-09
2003-09-11,14.892387490842877
2003-09-12,1.1574744027446324
2003-09-13,5.669373548769989
2003-09-14,0.631919079298452
2003-09-15,0.0
2003-09-16,0.13128005488988254
2003-09-17,0.273873409572409
2003-09-18,4.352015559770732
2003-09-19,4.117792675372924
2003-09-20,0.0
2003-09-21,18.435655309439266
2003-09-22,2.655418244078169
2003-09-23,0.0
2003-09-24,0.0
2003-09-25,0.0
2003-09-26,0.38205080119098006
2003-09-27,0.0432665337173391
2003-09-28,0.0
2003-09-29,0.0
2003-09-30,0.7773578739699893
2003-10-01,0.3649796924325904
2003-10-02,0.0
2003-10-03,4.152322820409786
2003-10-04,0.026057257828830043
2003-10-05,10.55489170892927
2003-10-06,0.0
2003-10-07,0.00039033973605892075
2003-10-08,0.08799198483412544
2003-10-09,17.32938163291985
2003-10-10,0.1295844672588714
2003-10-11,1.4966833033879787
2003-10-12,0.012500068665229043
2003-10-13,0.0810438115328582
2003-10-14,5.238410846179561
2003-10-15,0.0
2003-10-16,0.3654279266108165
2003-10-17,0.584314905157876
2003-10-18,0.0
2003-10-19,0.0
2003-10-20,0.0
2003-10-21,0.0
2003-10-22,0.0
2003-10-23,0.0
2003-10-24,0.0
2003-10-25,2.49692515225457
2003-10-26,0.0
2003-10-27,0.0
2003-10-28,4.412631780981993
2003-10-29,0.0
2003-10-30,0.0
2003-10-31,2.3522379901322967
2003-11-01,0.0006660572895183186
2003-11-02,0.0003736604878298222
2003-11-03,0.00032535875473119435
2003-11-04,0.0009102235497200682
2003-11-05,2.8747809120953448e-06
2003-11-06,0.16787236170279957
2003-11-07,0.0
2003-11-08,0.49802831633081035
2003-11-09,0.7390232958395608
2003-11-10,2.162004279539799
2003-11-11,2.862622645190653
2003-11-12,0.09061863571138253
2003-11-13,0.0
2003-11-14,2.073629126285699
2003-11-15,0.07657842044098322
2003-11-16,0.11959850300618573
2003-11-17,4.450920450422265
2003-11-18,37.13848596800604
2003-11-19,0.0
2003-11-20,0.0
2003-11-21,0.0
2003-11-22,0.19779298040536186
2003-11-23,9.901897165498092
2003-11-24,0.003373894084342291
2003-11-25,0.0
2003-11-26,0.5317812658315153
2003-11-27,0.045696855569335885
2003-11-28,0.0
2003-11-29,0.0
2003-11-30,0.0
2003-12-01,0.0
2003-12-02,0.00045742963470641744
2003-12-03,30.738243314684
2003-12-04,0.08479994813897539
2003-12-05,0.10881776701015643
2003-12-06,0.0014521492989857058
2003-12-07,0.0
2003-12-08,0.0008280408384975515
2003-12-09,22.558736384248125
2003-12-10,8.395046397193987
2003-12-11,0.0
2003-12-12,0.1108847961655221
2003-12-13,18.08522657621904
2003-12-14,0.15473592154106883
2003-12-15,0.0
2003-12-16,0.0
2003-12-17,0.0
2003-12-18,0.0
2003-12-19,0.0
2003-12-20,0.0
2003-12-21,0.0
2003-12-22,7.059680356709681
2003-12-23,14.119934997051503
2003-12-24,2.1882148234668435e-05
2003-12-25,0.0
2003-12-26,0.0
2003-12-27,0.0
2003-12-28,0.0
2003-12-29,0.0
2003-12-30,0.0
2003-12-31,0.0
2004-01-01,0.2854710565922517
2004-01-02,0.2621323274053362
2004-01-03,1.5139983743521375
2004-01-04,6.910148492151169
2004-01-05,0.012769512651146231
2004-01-06,0.0
2004-01-07,0.0
2004-01-08,0.0
2004-01-09,0.0
2004-01-10,0.0
2004-01-11,0.000775476842050542
2004-01-12,0.000775476842050542
2004-01-13,0.000775476842050542
2004-01-14,0.000775476842050542
2004-01-15,0.000775476842050542
2004-01-16,3.317944663572791
2004-01-17,33.76551993520063
2004-01-18,10.57965615360331
2004-01-19,0.0
2004-01-20,0.021590908822414098
2004-01-21,0.0
2004-01-22,0.015163813169349187
2004-01-23,0.0
2004-01-24,0.005685132446177094
2004-01-25,9.302836315626498
2004-01-26,0.0
2004-01-27,0.0
2004-01-28,0.0
2004-01-29,0.0
2004-01-30,0.0
2004-01-31,0.0
2004-02-01,2.646669466716869
2004-02-02,6.207040456698211
2004-02-03,0.002141363742734525
2004-02-04,0.47518286524832215
2004-02-05,10.134235387608484
2004-02-06,0.0
2004-02-07,0.0
2004-02-08,0.0
2004-02-09,0.0
2004-02-10,0.0
2004-02-11,0.0
2004-02-12,0.0
2004-02-13,0.0
2004-02-14,0.0
2004-02-15,0.0
2004-02-16,0.0
2004-02-17,0.8193022793158574
2004-02-18,0.0
2004-02-19,0.0
2004-02-20,3.6273847521953364
2004-02-21,2.392166856319862e-05
2004-02-22,0.008525982059625896
2004-02-23,0.010707955190016376
2004-02-24,0.00014845810665915508
2004-02-25,0.0003376537350534246
2004-02-26,0.0
2004-02-27,0.0
2004-02-28,0.0
2004-02-29,7.597214396108592
2004-03-01,0.08912442299869305
2004-03-02,0.0
2004-03-03,7.766490630320853
2004-03-04,64.68534400687581
2004-03-05,27.816349854027003
2004-03-06,0.0
2004-03-07,0.0
2004-03-08,0.0
2004-03-09,0.0
2004-03-10,0.0
2004-03-11,0.09431123430271574
2004-03-12,0.0
2004-03-13,1.402864559415682
2004-03-14,0.5000008588271567
2004-03-15,4.811592696698659
2004-03-16,0.0
2004-03-17,0.0
2004-03-18,0.0
2004-03-19,0.0
2004-03-20,0.0
2004-03-21,0.0
2004-03-22,0.0
2004-03-23,0.0
2004-03-24,0.0
2004-03-25,0.0
2004-03-26,11.179177363396622
2004-03-27,1.9083359054571962
2004-03-28,37.52389471867351
2004-03-29,2.7570866753231105
2004-03-30,0.032955042304668676
2004-03-31,0.0
2004-04-01,0.0
2004-04-02,0.0
2004-04-03,0.0
2004-04-04,0.0
2004-04-05,0.0
2004-04-06,0.024172674337877727
2004-04-07,0.1404399228206329
2004-04-08,0.019392844793655037
2004-04-09,2.889168948423209
2004-04-10,7.827968701985906
2004-04-11,0.5350917604425519
2004-04-12,0.0
2004-04-13,0.0209115077052026
2004-04-14,0.0
2004-04-15,3.01176147617369
2004-04-16,0.0
2004-04-17,0.0
2004-04-18,1.1254733018614504
2004-04-19,1.6438906871023395
2004-04-20,21.801800012299267
2004-04-21,8.68593877852293
2004-04-22,11.742355515991685
2004-04-23,7.981978688826378
2004-04-24,35.63558984432496
2004-04-25,0.0013071746315675829
2004-04-26,0.05828880183904555
2004-04-27,0.0
2004-04-28,0.0
2004-04-29,0.9521546353473391
2004-04-30,3.513420546656721
2004-05-01,10.469627298172695
2004-05-02,3.1825068460873793
2004-05-03,0.10848145982641934
2004-05-04,0.14560045759692358
2004-05-05,0.0
2004-05-06,0.0
2004-05-07,0.0
2004-05-08,1.2496881770417723
2004-05-09,0.19654366369477394
2004-05-10,1.7007451677535648
2004-05-11,0.9470634602047646
2004-05-12,2.071300274169002
2004-05-13,30.548754151654812
2004-05-14,9.668413765398679
2004-05-15,1.0621139076810021e-06
2004-05-16,0.009536709687590178
2004-05-17,0.0
2004-05-18,13.574480872747932
2004-05-19,5.981260896142471
2004-05-20,0.0
2004-05-21,0.018497128462299024
2004-05-22,0.011087667707059745
2004-05-23,0.9531357149281049
2004-05-24,0.1177836010899472
2004-05-25,13.970611532201964
2004-05-26,4.403919888064101
2004-05-27,12.387496284684062
2004-05-28,0.2892725756089372
2004-05-29,0.21972475276133094
2004-05-30,1.4767441098019143
2004-05-31,0.1683313097396046
2004-06-01,0.0
2004-06-02,0.0
2004-06-03,2.0273396711096865
2004-06-04,0.0
2004-06-05,2.9738079824198853
2004-06-06,3.7321011512842044
2004-06-07,0.42773817226140776
2004-06-08,0.15745633349434546
2004-06-09,9.687613356385574
2004-06-10,10.663275671318273
2004-06-11,1.9337381446655908
2004-06-12,34.71080955231983
2004-06-13,19.28987599951334
2004-06-14,3.126068620153374
2004-06-15,20.675455810812895
2004-06-16,2.3431700054283584
2004-06-17,3.651503528948867
2004-06-18,22.513399150914278
2004-06-19,0.10210788128263586
2004-06-20,0.17466020705144522
2004-06-21,3.812248202822253
2004-06-22,7.8518222598958145
2004-06-23,0.0
2004-06-24,0.0
2004-06-25,4.013198263486506e-05
2004-06-26,0.0
2004-06-27,13.454592462382779
2004-06-28,18.404133952889126
2004-06-29,0.017134789496218918
2004-06-30,7.07498255163395
2004-07-01,18.756943899952102
2004-07-02,22.089383917365502
2004-07-03,4.552745297736503
2004-07-04,0.008939585551076053
2004-07-05,25.285822830023445
2004-07-06,15.429029295577854
2004-07-07,0.12770178107352603
2004-07-08,13.387653330885104
2004-07-09,0.10858596439957391
2004-07-10,0.3681885797883343
2004-07-11,0.7483409139767255
2004-07-12,0.04888393768475195
2004-07-13,0.0
2004-07-14,0.0
2004-07-15,0.029038540536971438
2004-07-16,21.27306477727763
2004-07-17,1.7467225412982073
2004-07-18,0.0
2004-07-19,0.21305380114646605
2004-07-20,0.0
2004-07-21,0.041362343604482675
2004-07-22,0.14810484245411024
2004-07-23,3.64618203981748
2004-07-24,35.55832671887415
2004-07-25,0.11979346986520001
2004-07-26,0.00023109157407448245
2004-07-27,0.0
2004-07-28,0.8597278055478302
2004-07-29,2.1636831581476175
2004-07-30,0.2363004225508341
2004-07-31,0.0
2004-08-01,0.0
2004-08-02,0.0
2004-08-03,0.0
2004-08-04,4.69128928991679
2004-08-05,0.2626938731604119
2004-08-06,0.0
2004-08-07,0.0
2004-08-08,0.013680656100041589
2004-08-09,4.081722958392744
2004-08-10,0.10263311698705173
2004-08-11,4.652379839367868
2004-08-12,0.05346319809757346
2004-08-13,1.917366691856095
2004-08-14,0.9087240636356883
2004-08-15,1.0198270866574106e-05
2004-08-16,1.2950387552355782
2004-08-17,0.9299024924969805
2004-08-18,0.0006361757823011278
2004-08-19,3.7995589191978323
2004-08-20,11.499782080096109
2004-08-21,0.27556119918523225
2004-08-22,0.024473326997306814
2004-08-23,15.685874147511162
2004-08-24,8.747102441268343
2004-08-25,1.3765487620789831
2004-08-26,0.0045408396198720604
2004-08-27,0.0161105543197277
2004-08-28,13.892985848643688
2004-08-29,0.00808100553426698
2004-08-30,0.0
2004-08-31,0.5313114399577733
2004-09-01,0.000804355807572784
2004-09-02,0.0
2004-09-03,0.06711349711903764
2004-09-04,1.03972888663601
2004-09-05,0.6306557622422937
2004-09-06,25.923462068780168
2004-09-07,0.0
2004-09-08,0.0
2004-09-09,0.0
2004-09-10,0.0
2004-09-11,0.0003887366079220097
2004-09-12,0.0
2004-09-13,0.0
2004-09-14,0.0017499600115453765
2004-09-15,1.1192523186628287
2004-09-16,7.5156298583484995
2004-09-17,0.0
2004-09-18,0.0
2004-09-19,0.0
2004-09-20,0.0
2004-09-21,0.0
2004-09-22,0.0
2004-09-23,2.2558522360496496
2004-09-24,0.005043868198901291
2004-09-25,0.0
2004-09-26,0.0
2004-09-27,0.0
2004-09-28,0.0
2004-09-29,0.0
2004-09-30,0.0
2004-10-01,0.006710234791241661
2004-10-02,0.00044765996564217537
2004-10-03,0.0
2004-10-04,0.0
2004-10-05,0.0
2004-10-06,0.005705361585385072
2004-10-07,27.491626650983516
2004-10-08,8.534134437951593
2004-10-09,1.3421672169352625
2004-10-10,10.219102756029287
2004-10-11,19.04323698912555
2004-10-12,1.7669801726804704
2004-10-13,0.33421010567787907
2004-10-14,2.800492180003179
2004-10-15,1.033510643665951
2004-10-16,0.101384974861188
2004-10-17,0.0
2004-10-18,1.216335757730641
2004-10-19,0.06667465112402164
2004-10-20,0.04278258490733645
2004-10-21,0.06963186595484856
2004-10-22,7.379958316237004
2004-10-23,5.60623555121088
2004-10-24,0.0
2004-10-25,0.0056103728183383925
2004-10-26,22.99210189046146
2004-10-27,13.233691027282154
2004-10-28,5.411327471604667
2004-10-29,1.8954623992965336
2004-10-30,0.08377503897646478
2004-10-31,3.530021444395408
2004-11-01,23.37990686313687
2004-11-02,0.044541876131113746
2004-11-03,15.078798644507819
2004-11-04,3.297571654222814
2004-11-05,0.0
2004-11-06,0.0
2004-11-07,0.0
2004-11-08,0.0
2004-11-09,0.0
2004-11-10,8.894384066736032
2004-11-11,40.959557918044304
2004-11-12,0.002437957622896776
2004-11-13,0.0
2004-11-14,0.0058533122291877055
2004-11-15,3.6403209055212313
2004-11-16,5.261804485345699
2004-11-17,0.004179697478644503
2004-11-18,9.678624137853438
2004-11-19,1.330884002694274
2004-11-20,0.4287967931306631
2004-11-21,1.9908074222524652
2004-11-22,0.16145027977893633
2004-11-23,8.686708436976597
2004-11-24,31.976241092096064
2004-11-25,0.0
2004-11-26,0.026550517369207903
2004-11-27,9.185910387574566
2004-11-28,1.7393709652429493e-05
2004-11-29,6.21231855684057
2004-11-30,4.348235105105657
2004-12-01,0.010751318190725773
2004-12-02,0.0
2004-12-03,0.0
2004-12-04,0.0
2004-12-05,6.485536974123302
2004-12-06,1.7719178335117454
2004-12-07,28.073329799965286
2004-12-08,0.0
2004-12-09,0.004301691687644975
2004-12-10,0.006371047951769946
2004-12-11,0.0
2004-12-12,0.0
2004-12-13,0.0
2004-12-14,0.0
2004-12-15,0.0
2004-12-16,0.0
2004-12-17,0.0
2004-12-18,0.0
2004-12-19,0.0
2004-12-20,0.0
2004-12-21,0.0
2004-12-22,6.1457988383698865
2004-12-23,0.0
2004-12-24,0.014328617363799553
2004-12-25,0.0
2004-12-26,0.0
2004-12-27,0.0
2004-12-28,0.0
2004-12-29,0.0
2004-12-30,0.0
2004-12-31,0.0
2005-01-01,1.2161921441073347
2005-01-02,5.0782097447551235
2005-01-03,9.798994176571364
2005-01-04,30.12995942692312
2005-01-05,47.36686254547469
2005-01-06,0.7129720353845455
2005-01-07,4.156636995344674
2005-01-08,0.3406089320961611
2005-01-09,0.0
2005-01-10,8.385171479602638
2005-01-11,2.4570852211288035
2005-01-12,10.877106614022226
2005-01-13,4.180191008219047
2005-01-14,0.0
2005-01-15,0.2884165083593765
2005-01-16,0.1766189614882086
2005-01-17,0.0
2005-01-18,0.0
2005-01-19,7.455509844282034e-07
2005-01-20,0.0
2005-01-21,0.02839645468828089
2005-01-22,0.022343308704135912
2005-01-23,0.0
2005-01-24,0.0
2005-01-25,0.05482980946546293
2005-01-26,3.7437408794908054e-05
2005-01-27,0.0
2005-01-28,7.87855844290133e-05
2005-01-29,0.00018758981133002313
2005-01-30,5.383184255040382e-06
2005-01-31,0.0004163389331670977
2005-02-01,0.02016147774496926
2005-02-02,1.105492924678189
2005-02-03,2.1402274389881864e-06
2005-02-04,0.0
2005-02-05,0.0
2005-02-06,15.07437545834781
2005-02-07,1.0546327100243553
2005-02-08,3.923843297691325
2005-02-09,0.967929790376044
2005-02-10,0.0
2005-02-11,0.0
2005-02-12,7.569755841863632
2005-02-13,15.508799125527494
2005-02-14,0.008818411951166198
2005-02-15,0.0
2005-02-16,0.0
2005-02-17,0.0
2005-02-18,0.0
2005-02-19,2.937990763196132
2005-02-20,0.24475375180996928
2005-02-21,0.0638119939375981
2005-02-22,2.0782363665902298e-06
2005-02-23,10.704095447600634
2005-02-24,1.0744385496657014
2005-02-25,0.0
2005-02-26,0.0
2005-02-27,2.935173331411683
2005-02-28,1.0593173575838226
2005-03-01,0.0
2005-03-02,0.0
2005-03-03,0.0
2005-03-04,0.0
2005-03-05,0.0
2005-03-06,0.0
2005-03-07,0.0
2005-03-08,0.0
2005-03-09,0.0
2005-03-10,0.0
2005-03-11,0.0
2005-03-12,0.0
2005-03-13,0.0
2005-03-14,0.0
2005-03-15,0.0
2005-03-16,0.0
2005-03-17,0.0
2005-03-18,0.0
2005-03-19,0.0
2005-03-20,0.0
2005-03-21,8.25909814221732
2005-03-22,13.15658358308434
2005-03-23,1.1003925223317745
2005-03-24,3.498188030443116
2005-03-25,6.800236847866878
2005-03-26,2.9793096736596216
2005-03-27,1.5805693725083036
2005-03-28,0.0
2005-03-29,0.0
2005-03-30,0.8344990668882093
2005-03-31,3.4985262654388483
2005-04-01,7.056397854526042
2005-04-02,0.0
2005-04-03,0.0
2005-04-04,0.0
2005-04-05,4.088727779941114
2005-04-06,18.507875591055676
2005-04-07,1.072241868772798
2005-04-08,0.0003397923458993405
2005-04-09,0.333836772774227
2005-04-10,0.1935742829921359
2005-04-11,14.386822309283739
2005-04-12,0.37075986548392625
2005-04-13,0.06100540690523969
2005-04-14,0.0
2005-04-15,0.0
2005-04-16,0.0
2005-04-17,0.0
2005-04-18,0.0
2005-04-19,0.0
2005-04-20,0.0
2005-04-21,0.059354768313110026
2005-04-22,0.002211339243742484
2005-04-23,0.0
2005-04-24,0.0
2005-04-25,0.005759314954784893
2005-04-26,2.3733428176246534
2005-04-27,0.02289708764911302
2005-04-28,4.3757764950238816
2005-04-29,2.833632624277131
2005-04-30,0.597729197248855
2005-05-01,0.0
2005-05-02,0.0
2005-05-03,0.0
2005-05-04,0.0
2005-05-05,0.0
2005-05-06,0.6926848521468971
2005-05-07,0.0012379481598101991
2005-05-08,10.309844554969983
2005-05-09,2.027648913328833
2005-05-10,0.33511234051539224
2005-05-11,0.8834919740510023
2005-05-12,7.077963334506312
2005-05-13,29.7674787086578
2005-05-14,30.92073214915839
2005-05-15,0.0
2005-05-16,0.0
2005-05-17,0.0
2005-05-18,0.028725364068917077
2005-05-19,4.432999978638287
2005-05-20,0.0
2005-05-21,0.0
2005-05-22,0.11747089582121781
2005-05-23,1.001474769918673
2005-05-24,21.95229818107295
2005-05-25,0.0038495989933740177
2005-05-26,0.0015076448291906424
2005-05-27,0.001973171900610131
2005-05-28,0.0007682355977271557
2005-05-29,0.0001344099180891685
2005-05-30,4.657292524426525e-05
2005-05-31,0.0016027783550002308
2005-06-01,4.582309902039715
2005-06-02,0.0
2005-06-03,4.541085731607919
2005-06-04,54.34326337688894
2005-06-05,11.764951024640036
2005-06-06,3.161110763586915
2005-06-07,0.8154138306430828
2005-06-08,0.3978953731662601
2005-06-09,20.615354378664104
2005-06-10,0.5841596687749734
2005-06-11,5.674196980782708
2005-06-12,21.126313297034187
2005-06-13,45.541267094927356
2005-06-14,0.0
2005-06-15,0.0
2005-06-16,12.28956862022638
2005-06-17,0.047035532736995136
2005-06-18,0.0003292398025488037
2005-06-19,0.0
2005-06-20,0.0
2005-06-21,0.006821229688752626
2005-06-22,0.006821229688752626
2005-06-23,0.006821229688752626
2005-06-24,0.006821229688752626
2005-06-25,0.006821229688752626
2005-06-26,0.0
2005-06-27,0.0014537221961693153
2005-06-28,0.0
2005-06-29,0.0
2005-06-30,0.3651542763651165
2005-07-01,1.8976256115437253
2005-07-02,0.0
2005-07-03,0.0
2005-07-04,54.812956888257105
2005-07-05,0.0037428478035002404
2005-07-06,0.027064101756933297
2005-07-07,0.0
2005-07-08,0.0
2005-07-09,0.1212148121944246
2005-07-10,0.02614161542837519
2005-07-11,1.0399035768520186
2005-07-12,0.21265536819427291
2005-07-13,0.18409836826186787
2005-07-14,0.39089298568274233
2005-07-15,0.3680589029316117
2005-07-16,0.010355770856800832
2005-07-17,0.20493411924068608
2005-07-18,5.878916285612671
2005-07-19,9.48456842417552
2005-07-20,0.21705801817380874
2005-07-21,0.0
2005-07-22,0.9591715004935908
2005-07-23,0.048122090383325995
2005-07-24,0.00564771155026046
2005-07-25,0.012760195804718204
2005-07-26,3.6062882649243475
2005-07-27,9.567318715250094
2005-07-28,0.0
2005-07-29,0.0
2005-07-30,0.0
2005-07-31,0.0
2005-08-01,1.01820937478726
2005-08-02,5.005798718104534
2005-08-03,0.5559942323812709
2005-08-04,2.151636703260823
2005-08-05,2.5807662907350677
2005-08-06,0.17404041571897735
2005-08-07,0.22054932392482296
2005-08-08,0.15069622722483425
2005-08-09,0.0009172488838595275
2005-08-10,0.0005506340987291877
2005-08-11,0.037743825394990306
2005-08-12,3.1179558682822566
2005-08-13,21.23255608233394
2005-08-14,33.92095980854334
2005-08-15,15.08874092525369
2005-08-16,2.6379892278881614
2005-08-17,10.614749959632416
2005-08-18,4.561944234429849
2005-08-19,0.08863299506121843
2005-08-20,21.40723508788181
2005-08-21,4.238135840148247
2005-08-22,24.36881188557187
2005-08-23,14.585525567349398
2005-08-24,1.8284710681179042
2005-08-25,38.65714426656003
2005-08-26,16.249428580224894
2005-08-27,0.16597650228041597
2005-08-28,8.62907715830586
2005-08-29,3.354705261191315
2005-08-30,0.009067841611317275
2005-08-31,0.0
2005-09-01,0.77578635574185
2005-09-02,0.002631125260156012
2005-09-03,0.49668649462412523
2005-09-04,0.29203960377391774
2005-09-05,0.0
2005-09-06,0.0
2005-09-07,1.4758159169661763e-07
2005-09-08,3.8495995886015876e-08
2005-09-09,0.0
2005-09-10,0.0
2005-09-11,0.0
2005-09-12,0.0008078883997793047
2005-09-13,0.5922732813984648
2005-09-14,19.853360137946257
2005-09-15,32.13950364879671
2005-09-16,0.03460615894644024
2005-09-17,2.824694772027417e-05
2005-09-18,10.717269985369583
2005-09-19,0.051851657789807465
2005-09-20,0.13770362289056187
2005-09-21,0.0
2005-09-22,0.0
2005-09-23,3.37365125119116
2005-09-24,1.7639924879719966
2005-09-25,0.0
2005-09-26,0.015076027954706533
2005-09-27,0.0
2005-09-28,0.2855951144829027
2005-09-29,0.0
2005-09-30,0.0
2005-10-01,14.158532855111199
2005-10-02,7.06988500086885
2005-10-03,0.1637785475727987
2005-10-04,0.0034233315268180175
2005-10-05,1.03351995325509
2005-10-06,2.7011978466054147
2005-10-07,0.0
2005-10-08,0.0
2005-10-09,0.0
2005-10-10,0.012050406284552725
2005-10-11,0.002725793099719001
2005-10-12,0.0016732975406326147
2005-10-13,0.0
2005-10-14,0.0
2005-10-15,0.0
2005-10-16,0.010539511820312654
2005-10-17,0.0
2005-10-18,0.0
2005-10-19,7.058150537836142
2005-10-20,8.658017171091549
2005-10-21,0.015075386624914646
2005-10-22,0.02728143087855556
2005-10-23,1.0368002623847208
2005-10-24,0.0
2005-10-25,0.0
2005-10-26,0.0
2005-10-27,0.0
2005-10-28,0.0
2005-10-29,0.0
2005-10-30,2.505131539351
2005-10-31,12.13444937877402
2005-11-01,0.0
2005-11-02,0.0
2005-11-03,0.0
2005-11-04,0.0
2005-11-05,4.500519003531598
2005-11-06,1.1124794802732114
2005-11-07,0.0
2005-11-08,0.1412649969270671
2005-11-09,0.1458767107007859
2005-11-10,0.0
2005-11-11,0.0
2005-11-12,0.45537777334509477
2005-11-13,0.0036879554364073505
2005-11-14,1.0012824443592185
2005-11-15,13.225442056440434
2005-11-16,0.0
2005-11-17,0.0
2005-11-18,0.0
2005-11-19,0.08519691264106521
2005-11-20,0.6641715700999593
2005-11-21,0.0002283178802360791
2005-11-22,0.0002283178802360791
2005-11-23,0.0002283178802360791
2005-11-24,0.0002283178802360791
2005-11-25,0.0002283178802360791
2005-11-26,0.0002319226140278854
2005-11-27,0.9120071596439329
2005-11-28,0.9409844039938553
2005-11-29,0.048296549534543806
2005-11-30,0.03763498310299929
2005-12-01,0.0
2005-12-02,0.0
2005-12-03,0.0
2005-12-04,0.0
2005-12-05,0.0
2005-12-06,0.0
2005-12-07,0.0
2005-12-08,0.0
2005-12-09,0.0
2005-12-10,0.0
2005-12-11,0.0
2005-12-12,0.0
2005-12-13,0.1336201813545473
2005-12-14,7.901292687642979
2005-12-15,0.38067089455979963
2005-12-16,0.0
2005-12-17,0.0
2005-12-18,0.0
2005-12-19,0.0
2005-12-20,0.0
2005-12-21,7.842913921903644e-06
2005-12-22,0.0
2005-12-23,0.0
2005-12-24,9.408075968101965
2005-12-25,0.7330459492661892
2005-12-26,0.0
2005-12-27,0.0
2005-12-28,0.2294254052132838
2005-12-29,0.00018991484245740813
2005-12-30,0.6872090414963672
2005-12-31,0.0
2006-01-01,7.297393407053173e-05
2006-01-02,0.0027961002771933084
2006-01-03,0.0
2006-01-04,0.0
2006-01-05,0.0
2006-01-06,0.0
2006-01-07,0.0
2006-01-08,0.0
2006-01-09,0.0
2006-01-10,0.0
2006-01-11,0.005412732230210483
2006-01-12,0.0
2006-01-13,0.013938869323143756
2006-01-14,0.0
2006-01-15,0.0
2006-01-16,0.0
2006-01-17,0.051078878349767286
2006-01-18,0.07587342685043537
2006-01-19,0.0
2006-01-20,6.0886579951245965
2006-01-21,0.0350096855128836
2006-01-22,0.0
2006-01-23,0.000431295178072415
2006-01-24,0.0
2006-01-25,0.0
2006-01-26,0.0
2006-01-27,0.2828889832200721
2006-01-28,18.00261801999793
2006-01-29,6.179791150311301
2006-01-30,0.0
2006-01-31,0.0
2006-02-01,1.0931944895150871
2006-02-02,0.0
2006-02-03,0.0
2006-02-04,0.0
2006-02-05,0.0
2006-02-06,0.0
2006-02-07,0.0
2006-02-08,0.0
2006-02-09,0.0
2006-02-10,0.0
2006-02-11,0.006330824109169262
2006-02-12,8.668150098474056e-05
2006-02-13,0.0
2006-02-14,0.0
2006-02-15,0.006596363775256745
2006-02-16,0.8023461771306535
2006-02-17,0.0
2006-02-18,0.4905336085229487
2006-02-19,2.9065012815354874e-05
2006-02-20,0.0027971337374615365
2006-02-21,0.014643968082445233
2006-02-22,0.014643968082445233
2006-02-23,0.014643968082445233
2006-02-24,0.014643968082445233
2006-02-25,0.014643968082445233
2006-02-26,0.0
2006-02-27,0.0
2006-02-28,0.0
2006-03-01,0.0
2006-03-02,0.0
2006-03-03,0.0
2006-03-04,10.239737219121418
2006-03-05,1.885438627954594
2006-03-06,0.0
2006-03-07,1.2651937425503987
2006-03-08,0.4671243818465838
2006-03-09,26.28813570439854
2006-03-10,0.6841584685925856
2006-03-11,0.37604698928647684
2006-03-12,10.280965345284587
2006-03-13,7.778993383607091
2006-03-14,0.0
2006-03-15,0.0
2006-03-16,0.30857856074361223
2006-03-17,0.0007860006481912121
2006-03-18,3.8571736993979107
2006-03-19,8.561688626393362
2006-03-20,18.941256202172465
2006-03-21,0.0
2006-03-22,0.0
2006-03-23,0.0
2006-03-24,0.0
2006-03-25,0.0
2006-03-26,0.0
2006-03-27,5.015570251059985
2006-03-28,0.0
2006-03-29,0.030898104090419216
2006-03-30,12.521303974116169
2006-03-31,3.0583996817977073
2006-04-01,0.0
2006-04-02,8.924071643443758
2006-04-03,0.18757884493407012
2006-04-04,0.0
2006-04-05,2.056664207101933
2006-04-06,1.7983362523680393
2006-04-07,8.081666669941045
2006-04-08,0.5548161251888095
2006-04-09,0.0
2006-04-10,0.0
2006-04-11,0.000877846735387853
2006-04-12,0.02058742102262861
2006-04-13,0.0
2006-04-14,0.0
2006-04-15,6.558389281301309
2006-04-16,0.18528867470298382
2006-04-17,0.009777611212367986
2006-04-18,0.009777611212367986
2006-04-19,0.009777611212367986
2006-04-20,0.009777611212367986
2006-04-21,0.0
2006-04-22,0.11999357006991568
2006-04-23,0.17549401615314664
2006-04-24,19.69371804553202
2006-04-25,26.070274425141104
2006-04-26,0.28901747222322716
2006-04-27,1.8490727227286747e-06
2006-04-28,21.91910280927869
2006-04-29,29.604595361237966
2006-04-30,24.45793776727026
2006-05-01,1.0196970148950286
2006-05-02,0.002964213095124263
2006-05-03,21.83621863488238
2006-05-04,15.787366035972628
2006-05-05,0.08542625657964219
2006-05-06,4.277269419438813
2006-05-07,1.5001107513038647
2006-05-08,7.676833607786917
2006-05-09,22.992639123797684
2006-05-10,4.265513795980526
2006-05-11,0.0009761662174900105
2006-05-12,0.0
2006-05-13,0.0023792322757636426
2006-05-14,0.001380959058670841
2006-05-15,0.00501178563134019
2006-05-16,0.0
2006-05-17,0.0
2006-05-18,0.0
2006-05-19,0.0
2006-05-20,0.0
2006-05-21,3.5264926656843754
2006-05-22,0.6844861095058248
2006-05-23,3.404441457968006
2006-05-24,0.7967597043101444
2006-05-25,0.0
2006-05-26,0.14846939293004
2006-05-27,0.0023778348506914497
2006-05-28,0.4816845040572566
2006-05-29,0.969334591078263
2006-05-30,1.504907379151999
2006-05-31,21.26189128569893
2006-06-01,5.895304629223316
2006-06-02,0.42427414067999447
2006-06-03,0.0
2006-06-04,2.3814303959004586
2006-06-05,0.0
2006-06-06,6.47406693573393
2006-06-07,0.1108127384755307
2006-06-08,0.0
2006-06-09,0.0
2006-06-10,0.04372905178169207
2006-06-11,9.21812229991449
2006-06-12,0.0017011983253711967
2006-06-13,0.0
2006-06-14,0.0
2006-06-15,0.0
2006-06-16,0.32635116425093924
2006-06-17,20.60901167026352
2006-06-18,0.7845532218647031
2006-06-19,0.30136728372305066
2006-06-20,0.0
2006-06-21,0.0
2006-06-22,7.459678938140024
2006-06-23,0.0
2006-06-24,0.48460581666933905
2006-06-25,0.3245652052974488
2006-06-26,0.0
2006-06-27,0.10616551591027014
2006-06-28,0.03891991758420412
2006-06-29,0.039916543216821226
2006-06-30,0.0
2006-07-01,0.0
2006-07-02,0.0
2006-07-03,2.1627699580120377e-05
2006-07-04,16.378946596383223
2006-07-05,0.028588672034159452
2006-07-06,0.0
2006-07-07,0.0
2006-07-08,0.0
2006-07-09,15.765880298549463
2006-07-10,10.494749668577782
2006-07-11,22.05730471254142
2006-07-12,13.41261682603568
2006-07-13,0.48054093485571464
2006-07-14,8.78860272131039
2006-07-15,0.0
2006-07-16,0.0
2006-07-17,0.0
2006-07-18,0.00030183182676707284
2006-07-19,0.0013885509009832961
2006-07-20,4.423686368504763e-05
2006-07-21,1.7736559374712442
2006-07-22,0.3674759230240611
2006-07-23,0.0
2006-07-24,0.0
2006-07-25,0.0
2006-07-26,0.030968010681901758
2006-07-27,0.5986019862068287
2006-07-28,1.5069174101685494
2006-07-29,0.23018722691079246
2006-07-30,0.0
2006-07-31,0.0
2006-08-01,0.0
2006-08-02,0.008239832263299437
2006-08-03,7.073250212284049
2006-08-04,0.010462530727715053
2006-08-05,0.3042902107585299
2006-08-06,0.002683054382174837
2006-08-07,0.4616436114645632
2006-08-08,0.10991856727407588
2006-08-09,0.02286933496924724
2006-08-10,0.5002570510826766
2006-08-11,5.599721724445631
2006-08-12,0.2082406110967685
2006-08-13,0.07330090305474138
2006-08-14,10.82202142938548
2006-08-15,1.0214439655629077
2006-08-16,0.041569414232630705
2006-08-17,0.12266093636211434
2006-08-18,1.2642630235508125
2006-08-19,0.04733481287068704
2006-08-20,0.18397458583420673
2006-08-21,0.22865604382547114
2006-08-22,0.3700497262950304
2006-08-23,0.38442639659613453
2006-08-24,0.17708943269543087
2006-08-25,5.22616187447835
2006-08-26,19.227786256634374
2006-08-27,18.135627760197444
2006-08-28,7.101166635257802
2006-08-29,0.03892894984743814
2006-08-30,0.010627227379577877
2006-08-31,0.0
2006-09-01,0.0004041450621962334
2006-09-02,0.23277375749275375
2006-09-03,1.4881887116980501
2006-09-04,2.800778759034548e-05
2006-09-05,0.004886412638468987
2006-09-06,0.0
2006-09-07,0.00017084221789608983
2006-09-08,0.002276652170749233
2006-09-09,1.0306023445940187
2006-09-10,2.0162786518115645
2006-09-11,0.3767573889411637
2006-09-12,0.0019670837821468964
2006-09-13,0.0
2006-09-14,0.0
2006-09-15,0.0
2006-09-16,0.0
2006-09-17,20.01497073246316
2006-09-18,0.2633418153855632
2006-09-19,0.0
2006-09-20,0.0
2006-09-21,19.456639445786987
2006-09-22,3.8412157121858588
2006-09-23,0.9551431926656954
2006-09-24,0.45433328282805224
2006-09-25,0.0
2006-09-26,0.0
2006-09-27,0.0646841685426309
2006-09-28,0.6401959681266045
2006-09-29,2.9310892803359048
2006-09-30,0.0
2006-10-01,0.0013901437343539836
2006-10-02,9.33312611281541e-05
2006-10-03,9.33312611281541e-05
2006-10-04,9.33312611281541e-05
2006-10-05,9.33312611281541e-05
2006-10-06,0.0
2006-10-07,0.0
2006-10-08,0.0
2006-10-09,0.0
2006-10-10,8.61890920689093
2006-10-11,3.2835933571687934
2006-10-12,0.0988040586330859
2006-10-13,0.0
2006-10-14,0.0
2006-10-15,2.9547046180502585
2006-10-16,0.3811437934758819
2006-10-17,0.1199157014760091
2006-10-18,0.011639173279268458
2006-10-19,0.0
2006-10-20,0.0
2006-10-21,2.884706523539112
2006-10-22,0.033285881024833326
2006-10-23,0.0
2006-10-24,0.0
2006-10-25,0.1782245481944065
2006-10-26,24.5115908091748
2006-10-27,18.042399812971365
2006-10-28,0.0
2006-10-29,0.0
2006-10-30,0.015898861761102466
2006-10-31,0.0
2006-11-01,0.0
2006-11-02,0.0
2006-11-03,0.0
2006-11-04,0.0021647031791208896
2006-11-05,1.1944627799396332
2006-11-06,0.05460950710368288
2006-11-07,5.0739401477237885e-05
2006-11-08,0.0
2006-11-09,0.0
2006-11-10,0.8593737760042504
2006-11-11,0.0
2006-11-12,0.0
2006-11-13,1.3672904451616275
2006-11-14,0.052104941800942384
2006-11-15,8.715361776748646
2006-11-16,0.0023003599722944386
2006-11-17,0.0
2006-11-18,0.01114324551730876
2006-11-19,0.0
2006-11-20,0.3605042796315168
2006-11-21,0.37605302734587953
2006-11-22,0.37605302734587953
2006-11-23,0.37605302734587953
2006-11-24,0.37605302734587953
2006-11-25,0.37605302734587953
2006-11-26,0.021958133824730785
2006-11-27,4.092782050803105
2006-11-28,2.8573990353410665
2006-11-29,24.473464310405113
2006-11-30,15.760495773825179
2006-12-01,18.880767058116053
2006-12-02,0.0
2006-12-03,0.011232985561854574
2006-12-04,0.0
2006-12-05,0.0
2006-12-06,0.0
2006-12-07,0.0
2006-12-08,0.0
2006-12-09,0.0
2006-12-10,0.0
2006-12-11,2.6393238707195397
2006-12-12,0.22623325517705098
2006-12-13,0.0
2006-12-14,0.16659495046374198
2006-12-15,0.0
2006-12-16,0.08613547523390737
2006-12-17,2.5841101473756867
2006-12-18,0.8202220298971321
2006-12-19,0.0
2006-12-20,30.739238632892313
2006-12-21,0.03397018736847137
2006-12-22,0.0027709964729389493
2006-12-23,5.903308197655828e-05
2006-12-24,0.0
2006-12-25,0.0
2006-12-26,0.0
2006-12-27,0.0
2006-12-28,0.10442164190357149
2006-12-29,1.0082778929113765
2006-12-30,34.47336734072275
2006-12-31,8.66487277748892
2007-01-01,0.0
2007-01-02,0.0
2007-01-03,0.0
2007-01-04,0.0
2007-01-05,0.0
2007-01-06,0.0
2007-01-07,0.0
2007-01-08,0.0
2007-01-09,0.0
2007-01-10,0.0
2007-01-11,0.0020596829201947053
2007-01-12,6.661267016622581
2007-01-13,9.590805774808317
2007-01-14,10.511050899994274
2007-01-15,0.9037450611136926
2007-01-16,0.0
2007-01-17,0.8793758105016867
2007-01-18,0.05625488106543067
2007-01-19,0.0
2007-01-20,5.190644643469674
2007-01-21,7.838812942549531
2007-01-22,0.04360163751984726
2007-01-23,0.010018109687607961
2007-01-24,0.0005521254179191317
2007-01-25,0.013220258312575731
2007-01-26,0.0
2007-01-27,0.0
2007-01-28,0.0
2007-01-29,0.0
2007-01-30,0.0
2007-01-31,0.0
2007-02-01,0.0
2007-02-02,0.0
2007-02-03,0.0
2007-02-04,0.0
2007-02-05,0.0
2007-02-06,0.0
2007-02-07,0.0
2007-02-08,0.0
2007-02-09,0.021443487097392643
2007-02-10,0.0022087039459472105
2007-02-11,0.0
2007-02-12,6.859872852304759
2007-02-13,4.564142125548319
2007-02-14,0.041108621067514235
2007-02-15,0.3754098651150363
2007-02-16,0.03582170372064065
2007-02-17,0.2134990601999191
2007-02-18,0.0
2007-02-19,0.001491648017472493
2007-02-20,2.8145186267485856e-06
2007-02-21,0.0
2007-02-22,0.0
2007-02-23,0.02637353749056659
2007-02-24,9.32201930213366
2007-02-25,0.293093407214291
2007-02-26,1.1274620209139907
2007-02-27,0.0
2007-02-28,0.13856537574114494
2007-03-01,1.1500705898714327
2007-03-02,0.01012238385630616
2007-03-03,0.02470658142566664
2007-03-04,0.0
2007-03-05,0.0
2007-03-06,0.0
2007-03-07,0.0
2007-03-08,0.0
2007-03-09,4.1516489551396845
2007-03-10,0.0
2007-03-11,4.084671581628348
2007-03-12,0.03287898818762343
2007-03-13,0.0019996773416246843
2007-03-14,0.0
2007-03-15,0.68005288414599
2007-03-16,0.08339305135412216
2007-03-17,0.37825254829395605
2007-03-18,0.0
2007-03-19,0.8568974938586253
2007-03-20,10.510873316523227
2007-03-21,2.9215606566736105
2007-03-22,1.1869454972176467
2007-03-23,30.031789320045622
2007-03-24,0.0
2007-03-25,0.9582560563161099
2007-03-26,1.5596642601532273
2007-03-27,8.133486605785402
2007-03-28,0.4404307893572513
2007-03-29,0.07800020011459333
2007-03-30,12.612265276242022
2007-03-31,17.519405552494675
2007-04-01,0.012216297472136607
2007-04-02,0.0037774352228480434
2007-04-03,2.485646579476787
2007-04-04,0.0
2007-04-05,1.1403703643110943
2007-04-06,0.004799763833177733
2007-04-07,0.0
2007-04-08,0.0
2007-04-09,0.0
2007-04-10,0.021043427046693704
2007-04-11,14.208225422981728
2007-04-12,0.0
2007-04-13,27.83796744829056
2007-04-14,39.328332175507555
2007-04-15,0.013254276417682079
2007-04-16,0.0
2007-04-17,1.8368935122775936
2007-04-18,6.485115429211107
2007-04-19,0.0
2007-04-20,0.0
2007-04-21,0.0
2007-04-22,0.1826903731171354
2007-04-23,0.01788091950610853
2007-04-24,12.03533262153795
2007-04-25,18.103693693720686
2007-04-26,0.0
2007-04-27,0.0
2007-04-28,0.0
2007-04-29,0.0
2007-04-30,0.0
2007-05-01,8.260386063008662
2007-05-02,21.28360643812577
2007-05-03,9.735151560758016
2007-05-04,0.9457095020470591
2007-05-05,0.09588020851431625
2007-05-06,61.008059279418426
2007-05-07,22.398779241325418
2007-05-08,2.61222627526691
2007-05-09,5.915971352185641
2007-05-10,6.862135521135687
2007-05-11,6.662858737799906
2007-05-12,0.026901940560100635
2007-05-13,0.0005885418742568949
2007-05-14,0.00034910255570677574
2007-05-15,9.410049429727286
2007-05-16,0.0
2007-05-17,0.0
2007-05-18,0.0
2007-05-19,0.0
2007-05-20,0.0
2007-05-21,0.030760898066396404
2007-05-22,0.2507992398686952
2007-05-23,0.1228609483332851
2007-05-24,6.871868237108985
2007-05-25,2.2556273062877756
2007-05-26,5.389089799164215
2007-05-27,3.9560079728742203
2007-05-28,9.462687562961023
2007-05-29,0.5117334205576565
2007-05-30,12.798549736630395
2007-05-31,0.6116346835382511
2007-06-01,28.53746162819726
2007-06-02,13.713364202933596
2007-06-03,0.003157237171120468
2007-06-04,0.12114372943225049
2007-06-05,0.017010302740163463
2007-06-06,0.0
2007-06-07,0.44538745560183723
2007-06-08,1.6408622611893902
2007-06-09,0.0
2007-06-10,25.731464316994938
2007-06-11,30.897064601422823
2007-06-12,1.1445416558000847
2007-06-13,0.19503856004955475
2007-06-14,0.011685555999014108
2007-06-15,0.46395510893590575
2007-06-16,0.6805449441802389
2007-06-17,0.6378443589575211
2007-06-18,16.230556196004486
2007-06-19,10.470058244707618
2007-06-20,9.563819415578685
2007-06-21,0.0
2007-06-22,0.0
2007-06-23,0.0
2007-06-24,0.0
2007-06-25,0.0
2007-06-26,5.636022945929778
2007-06-27,22.419533509905122
2007-06-28,98.83885791128475
2007-06-29,33.96110010261006
2007-06-30,63.88138046709702
2007-07-01,58.407061373961284
2007-07-02,0.35559985081508144
2007-07-03,0.5525988465029055
2007-07-04,2.1821751631960993
2007-07-05,2.32774287133516
2007-07-06,0.0
2007-07-07,0.0
2007-07-08,0.0
2007-07-09,0.32232070766420917
2007-07-10,5.883417077411481
2007-07-11,3.5009813073139973
2007-07-12,3.0446651700146266
2007-07-13,2.555913855856311
2007-07-14,1.5276938186058557
2007-07-15,1.6519625552228387
2007-07-16,0.0
2007-07-17,0.0013227260137738716
2007-07-18,0.0
2007-07-19,0.007477114456383386
2007-07-20,1.7922769996351298
2007-07-21,1.1682208304120092
2007-07-22,2.4742811936499955
2007-07-23,10.013250570592836
2007-07-24,2.189794181760265
2007-07-25,0.0
2007-07-26,0.042260897230316036
2007-07-27,0.00789489192835561
2007-07-28,8.574448103078652
2007-07-29,16.062972140101415
2007-07-30,21.755462118970282
2007-07-31,2.723314282567339
2007-08-01,0.0003815380575375575
2007-08-02,0.002903981725095755
2007-08-03,0.01763291445917524
2007-08-04,0.007607373005796333
2007-08-05,0.0016717057137806606
2007-08-06,0.00034282897325273724
2007-08-07,0.0
2007-08-08,0.633916838825829
2007-08-09,0.07781581619778315
2007-08-10,0.0
2007-08-11,0.0
2007-08-12,0.0
2007-08-13,0.0
2007-08-14,0.0
2007-08-15,0.0
2007-08-16,0.0
2007-08-17,0.07293373188029108
2007-08-18,2.5324653248480233
2007-08-19,6.046264466987428
2007-08-20,3.2165912549773137
2007-08-21,0.0019244880335898482
2007-08-22,0.30918148245561855
2007-08-23,0.006992433532922274
2007-08-24,10.414467479428396
2007-08-25,9.568767410160055
2007-08-26,0.0001208380033231514
2007-08-27,0.0
2007-08-28,0.0
2007-08-29,1.4703062345283626
2007-08-30,1.0155002484575195
2007-08-31,0.0
2007-09-01,0.0
2007-09-02,0.0
2007-09-03,0.0
2007-09-04,0.7130638063587152
2007-09-05,3.511439590728158
2007-09-06,1.4672499231316818
2007-09-07,18.701734916202877
2007-09-08,0.6029775635668714
2007-09-09,0.0006728581340853458
2007-09-10,0.8197308949261981
2007-09-11,0.04347837366502014
2007-09-12,0.0
2007-09-13,0.0
2007-09-14,0.0
2007-09-15,7.189276140839543
2007-09-16,0.38303618898210384
2007-09-17,0.0053515797312514895
2007-09-18,3.3200077572477515
2007-09-19,4.646233233745226
2007-09-20,0.7306418338905747
2007-09-21,0.0
2007-09-22,0.16075287242223693
2007-09-23,0.05038095762071816
2007-09-24,0.22268408529906966
2007-09-25,7.686748956552852
2007-09-26,0.3946641855016189
2007-09-27,0.041560428779793185
2007-09-28,0.0
2007-09-29,0.0
2007-09-30,5.9815172086893025
2007-10-01,1.0055788395340828
2007-10-02,22.623437916930076
2007-10-03,5.744187929110519
2007-10-04,0.08340589792812468
2007-10-05,0.0
2007-10-06,0.38813768091383505
2007-10-07,7.193303115718009
2007-10-08,20.11638469839925
2007-10-09,0.0
2007-10-10,0.0
2007-10-11,0.0
2007-10-12,0.2385112329521372
2007-10-13,12.481716669059523
2007-10-14,0.15033696975319882
2007-10-15,12.481846085620566
2007-10-16,0.0
2007-10-17,0.2761778163912244
2007-10-18,0.37615082395642413
2007-10-19,0.0018109039839361918
2007-10-20,0.0
2007-10-21,0.01057709358972589
2007-10-22,42.34910232800422
2007-10-23,0.937808669208146
2007-10-24,0.0
2007-10-25,0.0
2007-10-26,2.409831312804649
2007-10-27,0.0029827720065248396
2007-10-28,0.0
2007-10-29,0.0
2007-10-30,0.0
2007-10-31,0.0
2007-11-01,0.0
2007-11-02,0.0
2007-11-03,0.0
2007-11-04,0.0
2007-11-05,0.0
2007-11-06,0.02608746507529966
2007-11-07,0.02608746507529966
2007-11-08,0.02608746507529966
2007-11-09,0.02608746507529966
2007-11-10,0.02608746507529966
2007-11-11,0.05868354341056394
2007-11-12,0.5906791420133123
2007-11-13,0.39737960526564536
2007-11-14,0.0015013489843473929
2007-11-15,0.0
2007-11-16,0.0
2007-11-17,0.0
2007-11-18,0.2173802114650271
2007-11-19,0.04346774197842505
2007-11-20,0.047062939657695896
2007-11-21,3.700186615084698
2007-11-22,0.008397347420127996
2007-11-23,0.0
2007-11-24,0.27051039264887955
2007-11-25,0.13013621222456703
2007-11-26,1.2910580724382053
2007-11-27,0.0
2007-11-28,0.00013741577873398227
2007-11-29,0.0
2007-11-30,0.0
2007-12-01,6.328074298693088
2007-12-02,15.496758591834059
2007-12-03,0.0
2007-12-04,0.0
2007-12-05,0.0
2007-12-06,8.104724897963814
2007-12-07,2.2543445362583414
2007-12-08,4.320669760922379
2007-12-09,7.437481771703464
2007-12-10,5.653641501515779
2007-12-11,0.0
2007-12-12,0.0
2007-12-13,0.0
2007-12-14,0.0
2007-12-15,0.0
2007-12-16,0.0
2007-12-17,0.0
2007-12-18,0.0
2007-12-19,0.0
2007-12-20,0.0
2007-12-21,0.0
2007-12-22,0.0
2007-12-23,0.0
2007-12-24,0.0
2007-12-25,0.0
2007-12-26,0.0
2007-12-27,0.0
2007-12-28,0.0
2007-12-29,0.0
2007-12-30,0.0
2007-12-31,0.0
2008-01-01,1.308691630338528
2008-01-02,0.0029351152556505067
2008-01-03,0.0
2008-01-04,0.0
2008-01-05,0.05934820039275438
2008-01-06,0.0
2008-01-07,1.6971751807648405
2008-01-08,14.25409012190205
2008-01-09,0.0
2008-01-10,2.7306428690974154
2008-01-11,0.00295062453025942
2008-01-12,0.002202218714112161
2008-01-13,0.002894126076229965
2008-01-14,0.0
2008-01-15,0.0
2008-01-16,0.0
2008-01-17,0.0
2008-01-18,0.0
2008-01-19,0.0
2008-01-20,0.0
2008-01-21,0.0
2008-01-22,0.0
2008-01-23,0.0
2008-01-24,0.0
2008-01-25,0.0
2008-01-26,0.0
2008-01-27,0.0
2008-01-28,0.003934153493164357
2008-01-29,1.0518441812736643
2008-01-30,0.0
2008-01-31,3.9844765806864704
2008-02-01,0.11160070514100925
2008-02-02,0.0
2008-02-03,4.4118764717878305
2008-02-04,0.03839244928629349
2008-02-05,14.732981926413604
2008-02-06,0.0
2008-02-07,0.0
2008-02-08,0.0
2008-02-09,0.0
2008-02-10,0.0
2008-02-11,2.064148172596695
2008-02-12,0.30801819617055726
2008-02-13,0.0
2008-02-14,0.0
2008-02-15,0.0
2008-02-16,0.5373315367617971
2008-02-17,30.375832834281667
2008-02-18,0.09299645522285051
2008-02-19,0.008014865218995183
2008-02-20,0.0005829953707762782
2008-02-21,15.607738432962446
2008-02-22,2.496521467358679
2008-02-23,0.5493427746486956
2008-02-24,7.6342198710317115
2008-02-25,0.8828706258463649
2008-02-26,9.649285412951418
2008-02-27,0.0
2008-02-28,0.0
2008-02-29,0.0
2008-03-01,0.0
2008-03-02,0.2813710283148739
2008-03-03,25.914913065477766
2008-03-04,0.0036652415294501197
2008-03-05,0.0019550184250612637
2008-03-06,0.0
2008-03-07,0.9021875323569563
2008-03-08,0.1297268627672518
2008-03-09,0.0167738592499921
2008-03-10,0.0
2008-03-11,0.0
2008-03-12,0.0
2008-03-13,3.053273567448262
2008-03-14,0.3348527134958885
2008-03-15,2.8049423740696002
2008-03-16,0.016048919128301194
2008-03-17,29.334347104228105
2008-03-18,20.966374621835147
2008-03-19,0.26071804640716933
2008-03-20,0.0
2008-03-21,0.0
2008-03-22,0.0
2008-03-23,1.086198926341921
2008-03-24,0.010230641598688653
2008-03-25,0.0
2008-03-26,1.0997568658047385
2008-03-27,1.4495039885342766
2008-03-28,0.09645295730509947
2008-03-29,0.68558156002896
2008-03-30,6.295831650787195
2008-03-31,7.8049029376869035
2008-04-01,0.0
2008-04-02,0.0
2008-04-03,0.0
2008-04-04,0.0
2008-04-05,0.0
2008-04-06,0.1950343170483524
2008-04-07,0.0807975724534043
2008-04-08,34.736061459308736
2008-04-09,0.21619726635003156
2008-04-10,46.636187750214916
2008-04-11,0.06543779090245119
2008-04-12,0.0705403927589225
2008-04-13,0.010418984939504673
2008-04-14,0.0
2008-04-15,0.0
2008-04-16,0.001436699345218336
2008-04-17,7.494333758531624
2008-04-18,14.54037898219352
2008-04-19,0.014190790217907402
2008-04-20,0.0
2008-04-21,0.2533434400452202
2008-04-22,12.427160948906808
2008-04-23,4.12443026628813
2008-04-24,16.047830269969882
2008-04-25,1.632565576041143
2008-04-26,0.0
2008-04-27,0.0
2008-04-28,0.0
2008-04-29,0.0
2008-04-30,0.0
2008-05-01,0.05817593895905106
2008-05-02,34.29011732802404
2008-05-03,0.007870688104652352
2008-05-04,0.0
2008-05-05,0.6448181341949383
2008-05-06,8.663883980689253
2008-05-07,28.325425091022556
2008-05-08,5.139452521593733
2008-05-09,7.489399972076287
2008-05-10,7.964876885852269
2008-05-11,0.1733080013632403
2008-05-12,0.0
2008-05-13,0.38588166685102926
2008-05-14,2.3867112464104454
2008-05-15,4.132118424657241
2008-05-16,0.0
2008-05-17,0.0
2008-05-18,0.0
2008-05-19,0.0
2008-05-20,0.0
2008-05-21,0.7400244236433593
2008-05-22,1.0016981397396858
2008-05-23,10.04342717447428
2008-05-24,43.97563802082053
2008-05-25,1.7760617508740708
2008-05-26,4.086546686986604
2008-05-27,49.7320868740941
2008-05-28,2.8187429773744173
2008-05-29,0.08862234887488267
2008-05-30,0.14519266574731396
2008-05-31,3.9277438420070134
2008-06-01,16.35755920300459
2008-06-02,5.254053941853162
2008-06-03,0.2744558943654777
2008-06-04,4.865705453440644
2008-06-05,0.4408492319946368
2008-06-06,11.975233085570807
2008-06-07,0.12878271094327892
2008-06-08,0.21033475494429016
2008-06-09,78.51956078449439
2008-06-10,2.285411740786123e-05
2008-06-11,0.028840164304320796
2008-06-12,0.24898086934988167
2008-06-13,27.87360376535017
2008-06-14,1.62850996795528e-05
2008-06-15,11.69920132694596
2008-06-16,9.976418898876855
2008-06-17,0.024957464253015087
2008-06-18,0.2984061075190437
2008-06-19,5.5367993043862604
2008-06-20,2.143308243928467
2008-06-21,0.11965319081142495
2008-06-22,0.950315249329069
2008-06-23,9.717612752794242
2008-06-24,0.045030124123900554
2008-06-25,0.28168217956533664
2008-06-26,0.036134267492824876
2008-06-27,9.077775617453852
2008-06-28,37.47010716908782
2008-06-29,0.00026078817316238035
2008-06-30,0.0
2008-07-01,0.0
2008-07-02,0.01060726715758703
2008-07-03,4.20420037406574
2008-07-04,0.058434669740680636
2008-07-05,0.5486253038995257
2008-07-06,0.14898071969014584
2008-07-07,0.4430884894841427
2008-07-08,7.367744544226142
2008-07-09,20.956522879236864
2008-07-10,0.6746103710450833
2008-07-11,0.06352107750300784
2008-07-12,11.470171766808171
2008-07-13,0.33413931993252227
2008-07-14,0.0
2008-07-15,0.0
2008-07-16,0.0
2008-07-17,0.0002777940305703001
2008-07-18,0.37995854730391826
2008-07-19,0.5412464956139209
2008-07-20,0.0
2008-07-21,0.0
2008-07-22,1.8863750037694107
2008-07-23,0.9234753764735171
2008-07-24,0.15070510385806368
2008-07-25,0.7119929546365384
2008-07-26,16.702214407470045
2008-07-27,0.10720311809058373
2008-07-28,0.0656653207203977
2008-07-29,1.4010068858205862
2008-07-30,40.58973691259173
2008-07-31,0.7048703696781279
2008-08-01,0.0
2008-08-02,0.0
2008-08-03,0.0
2008-08-04,0.0
2008-08-05,0.0
2008-08-06,6.9969304775313885
2008-08-07,0.0063071635568384314
2008-08-08,0.002554255314057495
2008-08-09,26.46897568836773
2008-08-10,19.28013570594751
2008-08-11,0.17705372525072421
2008-08-12,0.31090905767305255
2008-08-13,0.038873273255948075
2008-08-14,3.1618197755587425
2008-08-15,0.4096084473390514
2008-08-16,0.023885165057495706
2008-08-17,0.0
2008-08-18,0.0
2008-08-19,0.002864650603927816
2008-08-20,0.14398597924009143
2008-08-21,1.8800384233647982
2008-08-22,0.16952106872987419
2008-08-23,6.582542899334881
2008-08-24,0.006898089471389641
2008-08-25,0.0016282811933772412
2008-08-26,0.0
2008-08-27,0.05072512366696831
2008-08-28,0.8105973726264463
2008-08-29,21.31844578672507
2008-08-30,0.2618840372896936
2008-08-31,1.7528286484252706
2008-09-01,0.08143343946519963
2008-09-02,1.9540177170665654
2008-09-03,9.555519566862083
2008-09-04,39.413084069088754
2008-09-05,0.12238933372846245
2008-09-06,9.967665620157739
2008-09-07,4.199966266068986
2008-09-08,0.26123374065835453
2008-09-09,0.08375566660421398
2008-09-10,2.583517908659996
2008-09-11,10.177727548842386
2008-09-12,21.74273999569742
2008-09-13,47.29125063441604
2008-09-14,40.98937497064744
2008-09-15,0.0
2008-09-16,0.0
2008-09-17,0.0
2008-09-18,0.0
2008-09-19,0.43354188667555393
2008-09-20,0.9557832422516369
2008-09-21,4.792337617832535
2008-09-22,0.041956337109691454
2008-09-23,0.0
2008-09-24,0.6639388362215689
2008-09-25,2.417250592319459e-05
2008-09-26,0.3190273760644284
2008-09-27,0.3190273760644284
2008-09-28,0.3190273760644284
2008-09-29,2.282605966187002
2008-09-30,0.3190273760644284
2008-10-01,0.0
2008-10-02,0.0
2008-10-03,0.0005094314015268388
2008-10-04,0.05455139716305291
2008-10-05,0.0005865476601471581
2008-10-06,10.995577278508556
2008-10-07,9.9693401046753
2008-10-08,0.00030789852445754746
2008-10-09,0.0
2008-10-10,0.0
2008-10-11,0.0
2008-10-12,0.00025078654014950484
2008-10-13,0.0025768042025954025
2008-10-14,0.003871934194039586
2008-10-15,0.006813734759612079
2008-10-16,0.0
2008-10-17,0.0
2008-10-18,0.0
2008-10-19,0.0
2008-10-20,0.0
2008-10-21,3.1556785737917923
2008-10-22,57.860108369146786
2008-10-23,5.959165713322327
2008-10-24,1.3159770437301024
2008-10-25,0.0
2008-10-26,0.09208711995904201
2008-10-27,0.09208711995904201
2008-10-28,0.09208711995904201
2008-10-29,0.09208711995904201
2008-10-30,0.09208711995904201
2008-10-31,1.6929444167146106
2008-11-01,6.869917898804783e-05
2008-11-02,0.0
2008-11-03,0.0
2008-11-04,0.0
2008-11-05,0.13957392191886497
2008-11-06,36.16318421098626
2008-11-07,0.003499776367148005
2008-11-08,0.0
2008-11-09,0.0
2008-11-10,6.3899341162502985
2008-11-11,12.03423755679693
2008-11-12,0.6250674647778701
2008-11-13,0.07665463369846985
2008-11-14,5.318886695139808
2008-11-15,0.22747751421734885
2008-11-16,0.07771638923165168
2008-11-17,0.07771638923165168
2008-11-18,0.07771638923165168
2008-11-19,0.07771638923165168
2008-11-20,0.07802770536846633
2008-11-21,0.0
2008-11-22,0.0
2008-11-23,3.255888897834394e-05
2008-11-24,0.0012166400290142003
2008-11-25,0.0
2008-11-26,0.0
2008-11-27,0.0
2008-11-28,0.2873601232873617
2008-11-29,4.541243873775707
2008-11-30,3.346686610122184
2008-12-01,0.46709489642441954
2008-12-02,0.0
2008-12-03,0.015352144861488526
2008-12-04,0.0
2008-12-05,0.07240527493005519
2008-12-06,0.04710717268009143
2008-12-07,0.0
2008-12-08,0.4331790773063078
2008-12-09,27.318168127474728
2008-12-10,1.025688905071838
2008-12-11,0.0
2008-12-12,0.004624235359488246
2008-12-13,0.14605442726372297
2008-12-14,1.749088304013684
2008-12-15,3.6926195279234353
2008-12-16,8.893858031453034
2008-12-17,0.20807457521698455
2008-12-18,0.9521865908936676
2008-12-19,6.159203217923069
2008-12-20,0.0
2008-12-21,0.0
2008-12-22,0.0008260546491120653
2008-12-23,1.3588158593734938
2008-12-24,4.8852270589881
2008-12-25,0.0
2008-12-26,0.40409833596259026
2008-12-27,13.040585080852358
2008-12-28,0.017661100482924994
2008-12-29,0.0
2008-12-30,0.0
2008-12-31,0.0
2009-01-01,0.0
2009-01-02,0.0
2009-01-03,0.0
2009-01-04,0.0
2009-01-05,0.0
2009-01-06,0.0
2009-01-07,0.0
2009-01-08,0.0
2009-01-09,0.0
2009-01-10,0.0
2009-01-11,0.0
2009-01-12,0.6393813310683253
2009-01-13,0.16179687485995164
2009-01-14,0.0
2009-01-15,0.13231455159860342
2009-01-16,1.3406126865377928
2009-01-17,0.0
2009-01-18,0.0
2009-01-19,0.07818837311812013
2009-01-20,0.7786747124692001
2009-01-21,0.0
2009-01-22,0.0
2009-01-23,0.0
2009-01-24,0.0
2009-01-25,0.0
2009-01-26,0.7162291760664348
2009-01-27,4.6932145840037665
2009-01-28,0.3417744442590735
2009-01-29,0.0
2009-01-30,0.0
2009-01-31,0.0
2009-02-01,0.0
2009-02-02,0.0
2009-02-03,0.0
2009-02-04,0.0
2009-02-05,0.0
2009-02-06,0.0
2009-02-07,0.019770306582745648
2009-02-08,0.43680627943873457
2009-02-09,6.097269031003655
2009-02-10,0.0
2009-02-11,32.1285704072137
2009-02-12,0.0
2009-02-13,0.24649650340827728
2009-02-14,0.028548902852663188
2009-02-15,0.0
2009-02-16,0.0
2009-02-17,0.016953389989662643
2009-02-18,0.012265220018078742
2009-02-19,0.0
2009-02-20,0.0
2009-02-21,0.0515975930425975
2009-02-22,0.0
2009-02-23,0.0
2009-02-24,0.24594988325245584
2009-02-25,0.0
2009-02-26,0.04241232215135631
2009-02-27,0.0057160542913202925
2009-02-28,0.04928531415930112
2009-03-01,2.997175448946413
2009-03-02,0.0
2009-03-03,0.0
2009-03-04,0.0
2009-03-05,0.0
2009-03-06,0.013981775104781321
2009-03-07,0.1646714224891444
2009-03-08,5.908835614498992
2009-03-09,4.966672044473019
2009-03-10,19.24820748848835
2009-03-11,0.0
2009-03-12,0.0
2009-03-13,0.0
2009-03-14,0.0
2009-03-15,0.0
2009-03-16,0.0
2009-03-17,0.0
2009-03-18,0.0
2009-03-19,0.0
2009-03-20,0.0
2009-03-21,4.501584338736172
2009-03-22,0.17073701941564592
2009-03-23,3.4213824475529684
2009-03-24,17.223186558910054
2009-03-25,0.0
2009-03-26,1.0241592684600311
2009-03-27,14.589534448692913
2009-03-28,40.423438253953066
2009-03-29,3.0075783841010977
2009-03-30,0.20320248409157976
2009-03-31,9.666972559269302
2009-04-01,0.0
2009-04-02,9.492070010588245
2009-04-03,0.00257104101380225
2009-04-04,0.8522027778722524
2009-04-05,2.06170719567741
2009-04-06,0.13070902065302073
2009-04-07,0.0013645375864694204
2009-04-08,0.0
2009-04-09,1.7730537221744616
2009-04-10,22.428472299613404
2009-04-11,0.0
2009-04-12,14.607618316816925
2009-04-13,13.529129291020748
2009-04-14,0.0
2009-04-15,0.0
2009-04-16,0.16944415058285317
2009-04-17,0.5338428052992417
2009-04-18,6.013059502474679
2009-04-19,43.82406284863794
2009-04-20,0.04434403272660211
2009-04-21,0.0016680087417971833
2009-04-22,0.0
2009-04-23,4.243240169671295
2009-04-24,5.713255090697104e-05
2009-04-25,1.298061727287356
2009-04-26,27.983570478851785
2009-04-27,41.30733884604221
2009-04-28,2.655955957910503
2009-04-29,50.753135286517924
2009-04-30,6.980188842645379
2009-05-01,21.598221893590086
2009-05-02,0.9569620594952993
2009-05-03,7.330438373897163
2009-05-04,0.24465305196174966
2009-05-05,0.7543127796980756
2009-05-06,1.9957796502851197
2009-05-07,0.4398281706314517
2009-05-08,41.78331832703912
2009-05-09,0.36577829813758145
2009-05-10,0.39124109149231606
2009-05-11,0.6955695837160095
2009-05-12,1.4652344133972475
2009-05-13,0.7974326516175402
2009-05-14,17.793296433893545
2009-05-15,19.532950795774973
2009-05-16,21.293092698364692
2009-05-17,0.0
2009-05-18,0.0
2009-05-19,0.0
2009-05-20,0.0
2009-05-21,0.0
2009-05-22,0.0
2009-05-23,0.0
2009-05-24,0.0
2009-05-25,0.0
2009-05-26,0.0005251032729867818
2009-05-27,0.0004971299299815169
2009-05-28,6.419817594650186e-05
2009-05-29,6.743570857039098e-08
2009-05-30,0.0
2009-05-31,0.0
2009-06-01,0.0
2009-06-02,6.34007190821265
2009-06-03,6.1352017387518805
2009-06-04,0.0035084595708429677
2009-06-05,0.0
2009-06-06,12.419891070940947
2009-06-07,1.0200641139343885
2009-06-08,0.5677882718771946
2009-06-09,10.632975419145177
2009-06-10,29.194131723192672
2009-06-11,9.30293225128301
2009-06-12,0.2794606170258795
2009-06-13,0.15711177716464605
2009-06-14,0.4880441396489924
2009-06-15,16.425737263125058
2009-06-16,51.537648496369876
2009-06-17,1.5860452138931347
2009-06-18,0.04436144303283708
2009-06-19,1.467177046728219
2009-06-20,13.041487086908596
2009-06-21,0.012926475358551242
2009-06-22,0.004147054512248412
2009-06-23,0.0
2009-06-24,3.166886673623628
2009-06-25,0.2526324932145779
2009-06-26,0.13771073800310288
2009-06-27,0.08520223315608329
2009-06-28,10.766381826177875
2009-06-29,0.009285255797101379
2009-06-30,0.05045194127717461
2009-07-01,0.0
2009-07-02,1.5121499387005561
2009-07-03,2.64785278382337
2009-07-04,9.442696409572221
2009-07-05,6.01370137719968
2009-07-06,5.867084747814416
2009-07-07,0.10756291925426721
2009-07-08,0.24347368376894338
2009-07-09,0.0
2009-07-10,4.253406269500406
2009-07-11,0.5421704713025491
2009-07-12,0.5469322662725883
2009-07-13,13.914341904738475
2009-07-14,0.8693152995503621
2009-07-15,4.506222209087606
2009-07-16,3.093593428475754
2009-07-17,0.08709668875807601
2009-07-18,0.0025136861036363116
2009-07-19,0.0
2009-07-20,5.3679275509664315
2009-07-21,38.88087752109183
2009-07-22,0.9087332303867806
2009-07-23,0.003679701010804052
2009-07-24,0.0
2009-07-25,0.5983538563138977
2009-07-26,0.37954492182615013
2009-07-27,3.6446142976542473
2009-07-28,3.4179601965033615
2009-07-29,3.9607498819691287
2009-07-30,0.7992960487982738
2009-07-31,0.0
2009-08-01,9.547323566375598
2009-08-02,0.0
2009-08-03,0.015596372374547508
2009-08-04,0.4526376300289263
2009-08-05,0.31945660506306306
2009-08-06,0.024717509467602754
2009-08-07,0.004638670657510033
2009-08-08,0.0
2009-08-09,0.3912872305465777
2009-08-10,3.398420956233583
2009-08-11,20.046095229104317
2009-08-12,1.0053787599098062e-05
2009-08-13,0.0
2009-08-14,0.0
2009-08-15,5.494194944642487
2009-08-16,1.924816532036823
2009-08-17,47.7669126911541
2009-08-18,1.7832882692420848
2009-08-19,5.070580786636627
2009-08-20,19.30503926840537
2009-08-21,1.1400052294496066e-05
2009-08-22,1.1400052294496066e-05
2009-08-23,1.1400052294496066e-05
2009-08-24,1.1400052294496066e-05
2009-08-25,1.1400052294496066e-05
2009-08-26,0.09749622170130065
2009-08-27,8.204199383260603
2009-08-28,1.0008174806031986
2009-08-29,1.6615797192152222
2009-08-30,0.09260782313935542
2009-08-31,0.004483377312668921
2009-09-01,0.0
2009-09-02,15.129263954040633
2009-09-03,0.14004569180188473
2009-09-04,33.28895008138658
2009-09-05,1.427591435026732
2009-09-06,0.43429433220744623
2009-09-07,0.009597230132038774
2009-09-08,1.6724426855636596
2009-09-09,74.72682410927375
2009-09-10,2.5023937512162515
2009-09-11,0.11414673578756859
2009-09-12,0.015539665893078982
2009-09-13,0.0026736177955497117
2009-09-14,0.4274502884060713
2009-09-15,0.895294453963695
2009-09-16,0.5022125066857371
2009-09-17,0.05068168840743784
2009-09-18,0.0
2009-09-19,1.101986153161079
2009-09-20,2.3124637217525827
2009-09-21,18.893536134826036
2009-09-22,29.525371509308414
2009-09-23,0.0
2009-09-24,0.05363416716888185
2009-09-25,1.6473022755030093
2009-09-26,0.014765130109389147
2009-09-27,0.0
2009-09-28,0.0
2009-09-29,0.0
2009-09-30,0.0
2009-10-01,7.875014979934783
2009-10-02,0.0
2009-10-03,0.1112511034604281
2009-10-04,0.03791600974443468
2009-10-05,0.0
2009-10-06,18.33800945669221
2009-10-07,0.004739286587646493
2009-10-08,85.9116428294318
2009-10-09,7.432477863764401
2009-10-10,0.0
2009-10-11,0.013356465235456921
2009-10-12,0.9180897545647597
2009-10-13,3.989819367545458
2009-10-14,12.906507189712887
2009-10-15,2.223816731252033
2009-10-16,0.002071221987344139
2009-10-17,0.11289723839953161
2009-10-18,0.0
2009-10-19,0.0
2009-10-20,0.07287243270502873
2009-10-21,0.4415114382689596
2009-10-22,19.934617988010064
2009-10-23,0.0252027443228442
2009-10-24,0.0
2009-10-25,6.764045016110157
2009-10-26,6.3705421572977565
2009-10-27,1.439105838546993
2009-10-28,0.15078421926160698
2009-10-29,26.983535002937654
2009-10-30,4.9908384111064565
2009-10-31,0.0
2009-11-01,0.0
2009-11-02,0.0
2009-11-03,0.0
2009-11-04,0.0
2009-11-05,0.0
2009-11-06,0.0
2009-11-07,0.0
2009-11-08,0.0
2009-11-09,2.2737358954572735
2009-11-10,13.919946831125712
2009-11-11,0.0440891504834088
2009-11-12,0.0
2009-11-13,0.0
2009-11-14,0.61796120680196
2009-11-15,19.936867977876993
2009-11-16,2.6751393793757186
2009-11-17,2.9343880941036926
2009-11-18,0.30006552900555267
2009-11-19,0.001321454164212085
2009-11-20,0.14977927700199734
2009-11-21,0.003990353321598942
2009-11-22,0.00023808830321864953
2009-11-23,0.010596370040465956
2009-11-24,0.039672824309354614
2009-11-25,0.0037129120017011744
2009-11-26,0.0
2009-11-27,0.0
2009-11-28,0.0
2009-11-29,0.7204506334190162
2009-11-30,0.0
2009-12-01,0.0
2009-12-02,3.6016625045872006
2009-12-03,0.00038373453828585924
2009-12-04,0.0002128117663473542
2009-12-05,0.0
2009-12-06,0.2727562694087231
2009-12-07,1.0959649388963852
2009-12-08,5.624408106738315
2009-12-09,1.9854682763071956
2009-12-10,0.0
2009-12-11,0.0
2009-12-12,0.26581580116640724
2009-12-13,0.34858065124603593
2009-12-14,0.039346129379407825
2009-12-15,0.0
2009-12-16,0.0
2009-12-17,0.0
2009-12-18,0.0
2009-12-19,0.0
2009-12-20,0.0
2009-12-21,0.1647709170948896
2009-12-22,0.285845863218547
2009-12-23,19.457323846846897
2009-12-24,16.696463038737654
2009-12-25,27.028864372016056
2009-12-26,0.8327074871310937
2009-12-27,0.13923739556336379
2009-12-28,0.0020619650806093393
2009-12-29,0.03608034057134198
2009-12-30,5.334609048190872
2009-12-31,0.8674821675910653
2010-01-01,0.0
2010-01-02,0.0027110033520870054
2010-01-03,0.06209177944177818
2010-01-04,0.0005667246032995594
2010-01-05,0.0001879462993299688
2010-01-06,0.0
2010-01-07,0.0
2010-01-08,0.0
2010-01-09,0.0
2010-01-10,0.0
2010-01-11,0.0
2010-01-12,0.00011218642547373864
2010-01-13,0.0
2010-01-14,0.0009093880812945241
2010-01-15,0.002473682784053971
2010-01-16,0.30598020062475845
2010-01-17,0.4109818353447776
2010-01-18,0.0
2010-01-19,2.6613081274568504
2010-01-20,2.000288021726496
2010-01-21,7.144622276010994
2010-01-22,0.12732970380202444
2010-01-23,3.6055509615796457
2010-01-24,0.5795575206762176
2010-01-25,0.04672029264732828
2010-01-26,5.305320021391322e-07
2010-01-27,0.008946202321612086
2010-01-28,0.0008274363937290297
2010-01-29,15.639791283205673
2010-01-30,7.080894605122073
2010-01-31,0.0
2010-02-01,0.3865479060308543
2010-02-02,0.3328746746770683
2010-02-03,0.003495214278437735
2010-02-04,5.106578726319825
2010-02-05,11.868238506634409
2010-02-06,0.0
2010-02-07,0.0
2010-02-08,0.0
2010-02-09,0.0
2010-02-10,0.0
2010-02-11,0.0
2010-02-12,0.0
2010-02-13,0.0
2010-02-14,0.0
2010-02-15,0.0
2010-02-16,0.0012333414434115822
2010-02-17,5.8223816857835674e-05
2010-02-18,0.0
2010-02-19,6.630403726014891
2010-02-20,6.443278235606429
2010-02-21,38.368163942012146
2010-02-22,0.8768582426730306
2010-02-23,0.00013442189268904065
2010-02-24,0.00013544310007615273
2010-02-25,0.0
2010-02-26,0.2715540290740246
2010-02-27,1.6783933038712122
2010-02-28,0.2715540290740246
2010-03-01,0.8688969600740135
2010-03-02,5.000814107093405
2010-03-03,0.0
2010-03-04,0.0
2010-03-05,0.0
2010-03-06,0.047435171663986864
2010-03-07,0.5026168114566748
2010-03-08,1.0481163047815565
2010-03-09,9.273038588334666
2010-03-10,1.38392117068199
2010-03-11,8.471104503334894e-05
2010-03-12,3.281079148444039e-05
2010-03-13,7.35744878591838e-06
2010-03-14,1.0055226360675861e-06
2010-03-15,3.94469654493817e-07
2010-03-16,0.00021275669723538662
2010-03-17,0.09111723065360146
2010-03-18,0.029881980450081433
2010-03-19,0.11941544940745226
2010-03-20,12.827653068796852
2010-03-21,10.380260349382398
2010-03-22,0.0
2010-03-23,0.0
2010-03-24,6.312066054168224
2010-03-25,5.992004344285676
2010-03-26,0.0
2010-03-27,15.044497782557647
2010-03-28,8.060946717021135
2010-03-29,0.0
2010-03-30,0.0
2010-03-31,0.0
2010-04-01,0.0
2010-04-02,8.327078866742252
2010-04-03,0.0003774270967050497
2010-04-04,0.03525016786178073
2010-04-05,1.9940647450216744
2010-04-06,0.04559888164781951
2010-04-07,10.268579472509336
2010-04-08,2.2230622740167028
2010-04-09,0.0
2010-04-10,0.0
2010-04-11,0.0
2010-04-12,0.0
2010-04-13,0.0
2010-04-14,0.0
2010-04-15,0.10555390780746747
2010-04-16,4.105334750158795
2010-04-17,0.014088285999758624
2010-04-18,0.006608080314846141
2010-04-19,0.0
2010-04-20,0.0
2010-04-21,0.16045368236998186
2010-04-22,20.320013126530792
2010-04-23,17.803896064837687
2010-04-24,18.42402918446779
2010-04-25,1.6230848629881571
2010-04-26,0.04553252806982817
2010-04-27,0.20619276894664568
2010-04-28,0.0
2010-04-29,0.0
2010-04-30,6.79651665685535
2010-05-01,0.0
2010-05-02,0.0
2010-05-03,0.0
2010-05-04,0.0
2010-05-05,0.0
2010-05-06,0.0009121580836024194
2010-05-07,0.052350408885227157
2010-05-08,0.0
2010-05-09,0.13148140180652607
2010-05-10,15.135936097771703
2010-05-11,15.422253281187228
2010-05-12,25.08125000690372
2010-05-13,28.601002983418507
2010-05-14,0.29126178457693924
2010-05-15,25.92728207838984
2010-05-16,3.8943641656891783
2010-05-17,0.7211170782234706
2010-05-18,0.006005290217055179
2010-05-19,4.628193471056926
2010-05-20,25.92126763131493
2010-05-21,0.0
2010-05-22,0.0
2010-05-23,0.0
2010-05-24,0.0
2010-05-25,0.0
2010-05-26,8.143068265861547
2010-05-27,2.249572060090478
2010-05-28,0.17503839568817703
2010-05-29,0.0
2010-05-30,0.0018237295200174786
2010-05-31,1.5521762181911911
2010-06-01,3.3073048065537716
2010-06-02,2.2889535061523367
2010-06-03,5.284256069210429
2010-06-04,0.027895409890057288
2010-06-05,0.0
2010-06-06,0.2565970828534054
2010-06-07,1.6929693298137487
2010-06-08,2.499691089549822
2010-06-09,56.692447831242355
2010-06-10,0.37330344323208975
2010-06-11,1.3706930317538377
2010-06-12,3.0192201473744875
2010-06-13,0.9475929060027786
2010-06-14,26.169619985042928
2010-06-15,10.540529556588464
2010-06-16,2.931759321537581
2010-06-17,19.619686262160386
2010-06-18,0.3334230714668887
2010-06-19,0.5267704744333993
2010-06-20,0.03401431510867024
2010-06-21,0.20327328986413307
2010-06-22,0.006732295241018663
2010-06-23,0.8774708753693827
2010-06-24,12.914817187770357
2010-06-25,0.27730211409736116
2010-06-26,0.5100049220204232
2010-06-27,3.653805550744921
2010-06-28,0.020156887671832636
2010-06-29,0.02930255715341154
2010-06-30,0.0
2010-07-01,0.0
2010-07-02,0.0
2010-07-03,3.1249738017462576
2010-07-04,1.631176476726545
2010-07-05,6.573840187991109
2010-07-06,11.773033871413995
2010-07-07,4.879776782286554
2010-07-08,3.028494209815712
2010-07-09,1.0916595487688279
2010-07-10,0.09691822566814873
2010-07-11,17.048471392142353
2010-07-12,13.918890255571323
2010-07-13,2.4015862428688957
2010-07-14,0.038503670340025054
2010-07-15,14.767504427064205
2010-07-16,1.8537491230116183
2010-07-17,0.3517277418658509
2010-07-18,0.00041154299021791936
2010-07-19,0.14938953598569185
2010-07-20,0.027280505526014305
2010-07-21,2.5208304199044878
2010-07-22,0.14808360367852674
2010-07-23,1.6779170496391786
2010-07-24,68.28578541899101
2010-07-25,22.229068091429713
2010-07-26,0.5840372388334378
2010-07-27,0.3865745270781301
2010-07-28,0.24207079428579922
2010-07-29,11.014295088532846
2010-07-30,0.043641042060391357
2010-07-31,0.025835923740758295
2010-08-01,0.0
2010-08-02,0.0
2010-08-03,0.00023959086688014037
2010-08-04,0.3749417963678289
2010-08-05,1.3078759306822376
2010-08-06,0.0
2010-08-07,0.0
2010-08-08,0.0
2010-08-09,0.0
2010-08-10,0.0
2010-08-11,0.5249136119338871
2010-08-12,0.14703715450350704
2010-08-13,0.2355278737255383
2010-08-14,1.2900326450096933
2010-08-15,13.12372177506486
2010-08-16,0.0
2010-08-17,9.723285182169688
2010-08-18,0.046645276762677566
2010-08-19,0.0
2010-08-20,0.5342230658303012
2010-08-21,2.724651385015078
2010-08-22,0.0
2010-08-23,0.0
2010-08-24,0.004562627180348614
2010-08-25,0.0
2010-08-26,0.0
2010-08-27,0.0
2010-08-28,0.0
2010-08-29,0.0
2010-08-30,0.0
2010-08-31,0.0
2010-09-01,82.41678415549394
2010-09-02,12.411116225368088
2010-09-03,12.275290811621826
2010-09-04,0.0
2010-09-05,0.0
2010-09-06,0.0
2010-09-07,0.37662938546959784
2010-09-08,1.5213470132954312
2010-09-09,27.643761270003672
2010-09-10,1.0629201453336174
2010-09-11,49.88997097890969
2010-09-12,0.0
2010-09-13,1.6118780846775678
2010-09-14,7.898260096790161
2010-09-15,3.958447398852595
2010-09-16,38.32728088807376
2010-09-17,0.07620589535112163
2010-09-18,4.422303699197772
2010-09-19,8.428650620068515
2010-09-20,0.0
2010-09-21,0.004571811243014926
2010-09-22,7.150425908118777
2010-09-23,0.14405225579821251
2010-09-24,7.707891226789832
2010-09-25,0.0014338620814929118
2010-09-26,0.0
2010-09-27,0.0
2010-09-28,0.0
2010-09-29,0.0
2010-09-30,0.0
2010-10-01,0.0002602384216308813
2010-10-02,0.0002602384216308813
2010-10-03,0.0002602384216308813
2010-10-04,0.0002602384216308813
2010-10-05,0.0002602384216308813
2010-10-06,0.010579174414967063
2010-10-07,0.010579174414967063
2010-10-08,0.010579174414967063
2010-10-09,0.010579174414967063
2010-10-10,2.4909691391111592
2010-10-11,9.545975496364282
2010-10-12,2.9040434270434625
2010-10-13,0.0
2010-10-14,0.0
2010-10-15,0.0
2010-10-16,0.0
2010-10-17,0.0
2010-10-18,0.08539535259571239
2010-10-19,0.27923060670934513
2010-10-20,0.0
2010-10-21,0.4896077364634056
2010-10-22,0.35491368692653996
2010-10-23,9.279550868119868
2010-10-24,0.6930739565067374
2010-10-25,5.040456507527882e-07
2010-10-26,5.946615109210537
2010-10-27,0.0
2010-10-28,0.0
2010-10-29,0.0
2010-10-30,0.0
2010-10-31,0.0
2010-11-01,0.08745774927589915
2010-11-02,0.14815457458361575
2010-11-03,0.0
2010-11-04,0.0
2010-11-05,0.0
2010-11-06,0.0
2010-11-07,0.0
2010-11-08,0.0
2010-11-09,0.0
2010-11-10,0.4530640759792251
2010-11-11,3.8434038650416467
2010-11-12,14.740632622347679
2010-11-13,8.136306213941065
2010-11-14,0.0029847070795409473
2010-11-15,0.06386012934048936
2010-11-16,0.8520195056425774
2010-11-17,11.714685034554112
2010-11-18,10.592964206002794
2010-11-19,0.0
2010-11-20,0.0
2010-11-21,2.3622465544890634
2010-11-22,5.429270463084698
2010-11-23,0.01738979275560027
2010-11-24,13.144034553813134
2010-11-25,0.9917981579703278
2010-11-26,0.0
2010-11-27,0.0
2010-11-28,0.0
2010-11-29,0.29373334079869595
2010-11-30,0.0015511195326885856
2010-12-01,0.0
2010-12-02,0.0
2010-12-03,0.0
2010-12-04,0.0
2010-12-05,0.0
2010-12-06,0.8570171580789648
2010-12-07,0.8570171580789648
2010-12-08,0.8570171580789648
2010-12-09,0.8570171580789648
2010-12-10,0.8570171580789648
2010-12-11,2.0674945191607055
2010-12-12,1.6815500013039058
2010-12-13,0.0
2010-12-14,0.010733647915142409
2010-12-15,0.23100637719658954
2010-12-16,5.808957591256916
2010-12-17,0.0
2010-12-18,0.001337614479902459
2010-12-19,0.012541419705378615
2010-12-20,0.0
2010-12-21,0.002693363568843849
2010-12-22,0.00559044909796124
2010-12-23,0.0
2010-12-24,3.855710183666711
2010-12-25,0.13049252521749322
2010-12-26,5.165099887076605e-05
2010-12-27,0.0
2010-12-28,0.0
2010-12-29,0.3253459603242343
2010-12-30,0.16187844676730512
2010-12-31,2.93126821357415
2011-01-01,0.0
2011-01-02,0.0
2011-01-03,0.0
2011-01-04,0.0
2011-01-05,0.0
2011-01-06,0.0
2011-01-07,0.000249501107445661
2011-01-08,0.0
2011-01-09,0.017587465765696888
2011-01-10,0.6060929280773201
2011-01-11,4.2598871561132015
2011-01-12,0.002983431175569622
2011-01-13,0.0009728786057249597
2011-01-14,0.0
2011-01-15,0.0
2011-01-16,0.0010658396092654864
2011-01-17,0.40966873936680515
2011-01-18,0.4914733023012586
2011-01-19,1.8408518647279897
2011-01-20,7.14262809858121
2011-01-21,1.4481293765025385
2011-01-22,0.009490205585656062
2011-01-23,0.9964227790367359
2011-01-24,0.09564844655648637
2011-01-25,0.0
2011-01-26,0.0
2011-01-27,5.647543821632627e-05
2011-01-28,0.0
2011-01-29,0.0
2011-01-30,7.580349187585674e-06
2011-01-31,0.04606286681977251
2011-02-01,24.250107253806505
2011-02-02,1.5672917025789173
2011-02-03,0.0
2011-02-04,0.11131553514057942
2011-02-05,0.3415931235925664
2011-02-06,0.011224612108610298
2011-02-07,0.7169344424223566
2011-02-08,3.1560569474935614
2011-02-09,9.055684672417692
2011-02-10,0.0
2011-02-11,0.0
2011-02-12,0.0
2011-02-13,0.0
2011-02-14,0.0
2011-02-15,0.0
2011-02-16,0.04541254369947803
2011-02-17,0.0038694801602099853
2011-02-18,3.701473991068063e-05
2011-02-19,0.8823647526575888
2011-02-20,0.05613666348671992
2011-02-21,9.338448867122056
2011-02-22,0.0
2011-02-23,0.5853394035603414
2011-02-24,30.794416172298565
2011-02-25,4.457150870506176
2011-02-26,0.017415617718999955
2011-02-27,0.54050100435258
2011-02-28,7.598908925718696
2011-03-01,0.0
2011-03-02,0.0
2011-03-03,0.0004264159033384261
2011-03-04,0.1816640419479467
2011-03-05,0.05241282126911783
2011-03-06,0.0
2011-03-07,0.009667711299919547
2011-03-08,23.481266935598512
2011-03-09,0.7945804172212566
2011-03-10,0.008352701126674996
2011-03-11,0.0
2011-03-12,0.0
2011-03-13,0.060699251329161215
2011-03-14,0.7178834296964897
2011-03-15,0.0016213412145392647
2011-03-16,0.0
2011-03-17,0.003440790254809882
2011-03-18,1.3666881330958731
2011-03-19,10.304465352102586
2011-03-20,4.685303080719523
2011-03-21,0.00012326309936836803
2011-03-22,0.03798196750587622
2011-03-23,0.0
2011-03-24,0.0
2011-03-25,6.151183603244696
2011-03-26,4.011545764311849
2011-03-27,0.5610181602131769
2011-03-28,0.4450740995897508
2011-03-29,0.13799010368321193
2011-03-30,0.7080811905522919
2011-03-31,1.0369082152915081
2011-04-01,0.14541758286767073
2011-04-02,0.0
2011-04-03,0.0
2011-04-04,16.95110033171316
2011-04-05,0.0
2011-04-06,0.00047567560263116513
2011-04-07,1.6512051478116756
2011-04-08,0.057332426900748405
2011-04-09,7.4414942034335825
2011-04-10,0.11223370922516071
2011-04-11,0.006831630243991642
2011-04-12,0.0
2011-04-13,0.0
2011-04-14,0.03834975638208144
2011-04-15,26.03815680221841
2011-04-16,0.06559295380518415
2011-04-17,0.0
2011-04-18,0.34986582762350327
2011-04-19,0.3048834473160788
2011-04-20,0.06263778140041634
2011-04-21,6.851880732555852
2011-04-22,6.950254545530542
2011-04-23,0.20961983926426286
2011-04-24,0.09214544869191886
2011-04-25,17.43783312433987
2011-04-26,11.302579593663262
2011-04-27,0.4703512297456425
2011-04-28,0.10994154728232639
2011-04-29,0.0
2011-04-30,0.0
2011-05-01,2.4580336299488126
2011-05-02,0.045091602251732484
2011-05-03,0.20421060559771112
2011-05-04,0.01615918848761541
2011-05-05,1.089654592439957
2011-05-06,0.03531664833408545
2011-05-07,2.831139516459852
2011-05-08,7.465132093791038e-05
2011-05-09,0.0
2011-05-10,0.0
2011-05-11,7.976156503867643
2011-05-12,9.488783868178421
2011-05-13,3.887830034982709
2011-05-14,0.0009353709474963503
2011-05-15,0.20029252076071752
2011-05-16,0.01536815379006863
2011-05-17,0.0
2011-05-18,3.8995017835395536
2011-05-19,15.908362558729058
2011-05-20,22.72049296402824
2011-05-21,4.254199748729607
2011-05-22,2.8272664574426987
2011-05-23,8.576439342983578
2011-05-24,12.273363173155
2011-05-25,23.09555769654146
2011-05-26,3.2840273367901847
2011-05-27,8.7542699810242
2011-05-28,3.5271080943178053
2011-05-29,0.28320213895209234
2011-05-30,0.002398100753143238
2011-05-31,2.0601120419336474
2011-06-01,12.402940959372438
2011-06-02,0.0
2011-06-03,0.0
2011-06-04,0.1240476582468205
2011-06-05,0.0
2011-06-06,0.13033706285332433
2011-06-07,0.0
2011-06-08,0.0
2011-06-09,0.005195134604690594
2011-06-10,2.237681304265429
2011-06-11,13.584185134311953
2011-06-12,12.229400548242417
2011-06-13,0.27436986742490116
2011-06-14,0.027423049337822015
2011-06-15,3.818682539923717
2011-06-16,0.006844085759751017
2011-06-17,0.10491012083427027
2011-06-18,27.60258004129694
2011-06-19,14.690957076806844
2011-06-20,0.0010911861128522805
2011-06-21,13.323097939909893
2011-06-22,0.0
2011-06-23,0.0
2011-06-24,1.7987797275917181
2011-06-25,0.9706758707458758
2011-06-26,7.322907070819243
2011-06-27,0.4911772569744914
2011-06-28,0.168360688720022
2011-06-29,0.021443145628182007
2011-06-30,0.07203461351432693
2011-07-01,0.5554051962750375
2011-07-02,11.687950108446687
2011-07-03,4.926536066276546
2011-07-04,1.549148472311169
2011-07-05,0.5343186353077146
2011-07-06,0.05200171219774993
2011-07-07,13.223322930101212
2011-07-08,0.004025245819165528
2011-07-09,0.0
2011-07-10,0.0
2011-07-11,0.02811212218468131
2011-07-12,1.6226712768996454
2011-07-13,3.2795362784236652
2011-07-14,0.14706947240897297
2011-07-15,0.03691688012000764
2011-07-16,0.0004963818656157238
2011-07-17,0.0012669606793481384
2011-07-18,5.464805327494023e-06
2011-07-19,0.0
2011-07-20,0.0
2011-07-21,0.0
2011-07-22,1.8173731593083422
2011-07-23,0.21585060169621148
2011-07-24,7.8775364627118485
2011-07-25,5.610676141767729
2011-07-26,4.2613629434451
2011-07-27,0.3703002796712755
2011-07-28,0.0
2011-07-29,0.3927179203087004
2011-07-30,4.01828623179354
2011-07-31,5.979395809164214
2011-08-01,0.3601617073867184
2011-08-02,0.0
2011-08-03,0.0
2011-08-04,13.396325212474155
2011-08-05,12.963065038462016
2011-08-06,0.8642276815991327
2011-08-07,7.656691789272684
2011-08-08,0.4725478520001551
2011-08-09,10.760256719728263
2011-08-10,4.9654280280297725
2011-08-11,1.6389006656446736
2011-08-12,8.323140536602494
2011-08-13,17.856177378082773
2011-08-14,0.004433582646275201
2011-08-15,0.5066651948720243
2011-08-16,0.13724935279112999
2011-08-17,0.27784570286086063
2011-08-18,1.2604834846226016
2011-08-19,5.2916143572011975
2011-08-20,2.688922524342525
2011-08-21,7.738150944381734e-06
2011-08-22,4.447646709897443e-05
2011-08-23,1.0209907874050389e-05
2011-08-24,0.0
2011-08-25,0.0
2011-08-26,0.0
2011-08-27,0.0
2011-08-28,0.0005135126516866987
2011-08-29,0.004416410222831756
2011-08-30,0.0726290952891486
2011-08-31,0.0
2011-09-01,0.0
2011-09-02,0.0
2011-09-03,1.2282683091106399
2011-09-04,1.6733971820331432
2011-09-05,0.0
2011-09-06,0.0
2011-09-07,0.0
2011-09-08,0.0
2011-09-09,2.008606893280425e-09
2011-09-10,1.3107695440161746e-07
2011-09-11,1.7154116052248525
2011-09-12,0.0
2011-09-13,0.11317745094725275
2011-09-14,8.07856942537423
2011-09-15,0.0
2011-09-16,1.0563670742474134
2011-09-17,10.244150429737278
2011-09-18,31.143087047042616
2011-09-19,0.1798952798798146
2011-09-20,0.0
2011-09-21,0.4744628057590263
2011-09-22,2.944328121665323
2011-09-23,0.06308877088699952
2011-09-24,1.414483039299321
2011-09-25,3.8000542277196727
2011-09-26,0.0
2011-09-27,0.0
2011-09-28,0.0
2011-09-29,0.0
2011-09-30,0.0
2011-10-01,0.00035858262108470236
2011-10-02,0.00035858262108470236
2011-10-03,0.00035858262108470236
2011-10-04,0.00035858262108470236
2011-10-05,0.00035858262108470236
2011-10-06,0.0
2011-10-07,0.0
2011-10-08,0.0
2011-10-09,0.14712113234012356
2011-10-10,5.3329358125853545
2011-10-11,0.0010826830669883956
2011-10-12,0.002314520319958692
2011-10-13,9.905673320664924e-06
2011-10-14,0.0
2011-10-15,0.0
2011-10-16,0.0
2011-10-17,1.0313615589194742
2011-10-18,4.244439431143163
2011-10-19,0.0
2011-10-20,0.0
2011-10-21,0.007619425472569414
2011-10-22,0.007619425472569414
2011-10-23,0.6780073897332991
2011-10-24,0.007619425472569414
2011-10-25,0.007619425472569414
2011-10-26,2.5636722603613475
2011-10-27,0.8902262521578818
2011-10-28,0.0033201321731888746
2011-10-29,0.0
2011-10-30,0.0
2011-10-31,0.0
2011-11-01,0.0
2011-11-02,4.7015555500317765
2011-11-03,14.848601493680498
2011-11-04,0.0
2011-11-05,0.0
2011-11-06,0.9569980263216747
2011-11-07,35.55128585505805
2011-11-08,50.14660302917753
2011-11-09,17.420986308161147
2011-11-10,0.0
2011-11-11,1.5894499546892924
2011-11-12,1.5894499546892924
2011-11-13,1.5894499546892924
2011-11-14,1.5894499546892924
2011-11-15,1.5894499546892924
2011-11-16,1.1880883467876453
2011-11-17,0.06226779995993254
2011-11-18,0.0
2011-11-19,0.5720642755533291
2011-11-20,2.8849472149690554
2011-11-21,0.4596835767039351
2011-11-22,17.302930309229
2011-11-23,0.07075963869290479
2011-11-24,0.0
2011-11-25,0.007173866024903394
2011-11-26,27.8131908292191
2011-11-27,0.06061309599567632
2011-11-28,0.0012403760217199694
2011-11-29,0.0
2011-11-30,0.0
2011-12-01,0.0
2011-12-02,0.39505820856099266
2011-12-03,21.88714681033104
2011-12-04,1.877818551213344
2011-12-05,0.0
2011-12-06,0.0
2011-12-07,0.0
2011-12-08,0.0
2011-12-09,0.0
2011-12-10,0.0
2011-12-11,0.0
2011-12-12,0.24409400947840457
2011-12-13,11.76508868350845
2011-12-14,11.712786614786946
2011-12-15,1.1942537100685382
2011-12-16,0.0
2011-12-17,0.0
2011-12-18,0.0
2011-12-19,30.621023537790062
2011-12-20,19.086593956281554
2011-12-21,0.0
2011-12-22,0.0
2011-12-23,0.0
2011-12-24,0.0
2011-12-25,0.0
2011-12-26,0.0
2011-12-27,0.0
2011-12-28,0.0
2011-12-29,0.0
2011-12-30,0.0
2011-12-31,0.0
2012-01-01,0.0
2012-01-02,0.0
2012-01-03,0.0
2012-01-04,0.0
2012-01-05,0.0
2012-01-06,0.024356487519515434
2012-01-07,0.024356487519515434
2012-01-08,0.024356487519515434
2012-01-09,1.6594133100375634
2012-01-10,0.024356487519515434
2012-01-11,0.0
2012-01-12,0.005426639070303116
2012-01-13,0.0
2012-01-14,0.0
2012-01-15,0.0
2012-01-16,8.14278655378082e-06
2012-01-17,0.44627566088801573
2012-01-18,8.252546264627314e-05
2012-01-19,0.0
2012-01-20,0.015039365965750782
2012-01-21,0.08939685760386339
2012-01-22,0.5928862292694301
2012-01-23,1.0007618333590158
2012-01-24,0.0
2012-01-25,0.9736009194192031
2012-01-26,2.7353574084943217e-07
2012-01-27,3.15879140345242e-05
2012-01-28,0.00016300460172855437
2012-01-29,0.0
2012-01-30,0.0
2012-01-31,0.00032850267158914394
2012-02-01,0.0
2012-02-02,0.0
2012-02-03,29.49721271007243
2012-02-04,3.117927724728926
2012-02-05,0.30883354618977893
2012-02-06,0.0
2012-02-07,0.0
2012-02-08,0.0
2012-02-09,0.0
2012-02-10,0.0
2012-02-11,0.0
2012-02-12,0.0
2012-02-13,2.5025482451607264
2012-02-14,0.206714627540339
2012-02-15,2.2018157866755272
2012-02-16,3.6082149801204864
2012-02-17,0.0
2012-02-18,0.3416794969080547
2012-02-19,0.003953056660635927
2012-02-20,1.1350582907874671
2012-02-21,0.7090579876886011
2012-02-22,0.0
2012-02-23,0.0005028995228108983
2012-02-24,0.00030725028177125673
2012-02-25,0.0
2012-02-26,0.0
2012-02-27,0.07636115227154283
2012-02-28,1.3634745477254953
2012-02-29,3.5765688486969514
2012-03-01,0.0
2012-03-02,0.0
2012-03-03,0.0
2012-03-04,0.0
2012-03-05,0.0
2012-03-06,0.0
2012-03-07,0.46890710212820824
2012-03-08,11.158771124302863
2012-03-09,0.0
2012-03-10,0.0
2012-03-11,20.765720251034004
2012-03-12,2.0622392856497678
2012-03-13,0.0
2012-03-14,0.10560843000980291
2012-03-15,3.028430441819583
2012-03-16,0.2526774439295689
2012-03-17,0.23612931306602833
2012-03-18,0.14243642582021798
2012-03-19,5.149154863157831
2012-03-20,70.51512484121012
2012-03-21,20.39330109597589
2012-03-22,9.74579753708081
2012-03-23,4.728139064972979
2012-03-24,6.038600644581371e-07
2012-03-25,0.0
2012-03-26,0.0
2012-03-27,0.002239264590908496
2012-03-28,0.12453185498818155
2012-03-29,4.70509501083668
2012-03-30,1.2924757304891328
2012-03-31,0.002989200447070675
2012-04-01,0.0
2012-04-02,0.0
2012-04-03,0.2115325737722339
2012-04-04,7.705350653738654
2012-04-05,0.8468724992589114
2012-04-06,0.0
2012-04-07,5.659811500404302
2012-04-08,1.0878147702672012e-06
2012-04-09,0.013358500268854974
2012-04-10,0.37717221418146907
2012-04-11,0.0
2012-04-12,0.6865817537418675
2012-04-13,24.182204143537447
2012-04-14,16.710196843642496
2012-04-15,7.668271843593915
2012-04-16,0.0
2012-04-17,4.975407196367412e-08
2012-04-18,0.0
2012-04-19,0.029686819240603186
2012-04-20,3.8141550689922745
2012-04-21,0.0
2012-04-22,0.0
2012-04-23,0.0
2012-04-24,0.0
2012-04-25,0.0
2012-04-26,0.0
2012-04-27,3.2994792602626593
2012-04-28,15.231552842458356
2012-04-29,27.69456328092493
2012-04-30,19.406931538888834
2012-05-01,24.776703201984986
2012-05-02,0.005127811403100723
2012-05-03,0.10704038762979956
2012-05-04,0.20516146476327302
2012-05-05,0.8374205477988829
2012-05-06,10.277744344351467
2012-05-07,8.71665228809127
2012-05-08,0.0
2012-05-09,0.0
2012-05-10,0.0
2012-05-11,0.0
2012-05-12,0.0034352645371488128
2012-05-13,0.0013822763635690306
2012-05-14,6.03020480293545e-05
2012-05-15,0.0
2012-05-16,0.5659565101526917
2012-05-17,0.5659565101526917
2012-05-18,0.5659565101526917
2012-05-19,0.5668940115737331
2012-05-20,1.819569984228975
2012-05-21,0.0
2012-05-22,0.0
2012-05-23,0.0
2012-05-24,0.0
2012-05-25,0.0
2012-05-26,0.0
2012-05-27,0.0
2012-05-28,0.012555137429161882
2012-05-29,0.20097538024191985
2012-05-30,1.0061617949611619
2012-05-31,22.02836903592089
2012-06-01,3.727533063371979
2012-06-02,8.12610931439442e-07
2012-06-03,7.525307471223869
2012-06-04,0.14308297329825512
2012-06-05,0.0008639425592165813
2012-06-06,0.0
2012-06-07,0.0
2012-06-08,0.0
2012-06-09,0.0
2012-06-10,0.0
2012-06-11,8.742519591977372
2012-06-12,0.0
2012-06-13,0.0
2012-06-14,0.0021055655405426716
2012-06-15,3.4658923599735725
2012-06-16,2.1626862256010058
2012-06-17,1.9196385944591938
2012-06-18,0.20601647705343143
2012-06-19,0.0013135925568873582
2012-06-20,0.10980329812140938
2012-06-21,29.825428584864216
2012-06-22,0.0
2012-06-23,0.0
2012-06-24,0.0
2012-06-25,0.0
2012-06-26,0.0
2012-06-27,0.0
2012-06-28,0.0
2012-06-29,0.0
2012-06-30,0.0
2012-07-01,0.0
2012-07-02,0.8243282355954916
2012-07-03,0.5152073678991718
2012-07-04,0.0
2012-07-05,0.0
2012-07-06,0.0
2012-07-07,5.231331571627179
2012-07-08,1.7595839231098866
2012-07-09,1.409437357042694
2012-07-10,0.4800413413324915
2012-07-11,0.00537463929499392
2012-07-12,0.0
2012-07-13,9.071563600819491
2012-07-14,0.0030696805414543245
2012-07-15,0.1906803067314264
2012-07-16,2.500268416317621
2012-07-17,0.2687437622652973
2012-07-18,0.0
2012-07-19,4.1784228336841185
2012-07-20,0.3388408829392075
2012-07-21,0.14419752634075028
2012-07-22,0.14419752634075028
2012-07-23,0.14475934430414142
2012-07-24,0.14421846810606737
2012-07-25,0.24695458761554576
2012-07-26,5.789956078529007
2012-07-27,0.12578788988991538
2012-07-28,0.0
2012-07-29,0.028173579690301903
2012-07-30,0.3664198293437456
2012-07-31,0.422714530975866
2012-08-01,0.033787312669556396
2012-08-02,0.05980178378323401
2012-08-03,0.29895921451467455
2012-08-04,1.4918450583399876
2012-08-05,4.11689438562469
2012-08-06,0.0
2012-08-07,0.0
2012-08-08,0.0
2012-08-09,0.0
2012-08-10,0.0
2012-08-11,0.0
2012-08-12,1.8483235361869899
2012-08-13,0.9043448385089073
2012-08-14,12.38453615609329
2012-08-15,0.003990694430335094
2012-08-16,2.3552631485239157
2012-08-17,0.5508410426822858
2012-08-18,0.0
2012-08-19,0.4076379041866763
2012-08-20,0.0
2012-08-21,0.0
2012-08-22,0.0
2012-08-23,0.0
2012-08-24,0.0007516049865855029
2012-08-25,0.0029855113981750504
2012-08-26,32.80189253367929
2012-08-27,0.009478525045755635
2012-08-28,0.0
2012-08-29,0.0
2012-08-30,0.0
2012-08-31,9.93821780323303
2012-09-01,28.80978571646488
2012-09-02,0.018298764592771282
2012-09-03,0.0
2012-09-04,0.05296290985568416
2012-09-05,1.5229452429852015
2012-09-06,0.1036893571381146
2012-09-07,17.48856778798338
2012-09-08,2.7298487427008817
2012-09-09,0.0
2012-09-10,0.0
2012-09-11,0.0
2012-09-12,0.0
2012-09-13,3.0841922321322284
2012-09-14,9.345664120187932
2012-09-15,5.083481779760415
2012-09-16,3.116321071623862
2012-09-17,1.4793650342192466
2012-09-18,0.6785116487901016
2012-09-19,0.0
2012-09-20,1.805883338316783
2012-09-21,3.481752808472032
2012-09-22,0.0
2012-09-23,0.0
2012-09-24,0.025841485241163302
2012-09-25,5.788770815206478
2012-09-26,63.158979376930745
2012-09-27,7.785106821638304
2012-09-28,5.103107133690477
2012-09-29,0.0006466508513270871
2012-09-30,0.0
2012-10-01,0.0
2012-10-02,0.0
2012-10-03,0.0
2012-10-04,0.01599081721957603
2012-10-05,6.699997098272291
2012-10-06,1.4609345117474604
2012-10-07,0.0
2012-10-08,0.0
2012-10-09,0.4164406417689556
2012-10-10,0.06786008930568443
2012-10-11,0.20645893409560254
2012-10-12,12.521671653586814
2012-10-13,29.158786131857813
2012-10-14,22.677604605246348
2012-10-15,0.0
2012-10-16,0.0
2012-10-17,0.0
2012-10-18,0.0
2012-10-19,0.0
2012-10-20,0.0
2012-10-21,0.01613269364527972
2012-10-22,0.005799640631447938
2012-10-23,0.967353631044379
2012-10-24,0.001296070407356617
2012-10-25,0.5418168385757199
2012-10-26,0.0
2012-10-27,0.0
2012-10-28,0.0
2012-10-29,0.0
2012-10-30,1.8718701656861316
2012-10-31,0.0
2012-11-01,0.0
2012-11-02,0.0
2012-11-03,0.0
2012-11-04,0.0
2012-11-05,0.0816075980478478
2012-11-06,0.14751605190637576
2012-11-07,0.0
2012-11-08,0.0
2012-11-09,0.0
2012-11-10,0.0
2012-11-11,29.431607799377154
2012-11-12,1.9744043538574562e-06
2012-11-13,0.0
2012-11-14,0.0
2012-11-15,0.0
2012-11-16,0.0
2012-11-17,0.0
2012-11-18,0.0
2012-11-19,3.7820750104658605
2012-11-20,0.0
2012-11-21,0.0
2012-11-22,0.0009098258295329464
2012-11-23,0.00010191605850063148
2012-11-24,0.0
2012-11-25,0.0
2012-11-26,0.02800942107120323
2012-11-27,0.02800942107120323
2012-11-28,0.02800942107120323
2012-11-29,0.02800942107120323
2012-11-30,0.02800942107120323
2012-12-01,0.22668711514022188
2012-12-02,0.0010817678458011429
2012-12-03,0.13482212365421622
2012-12-04,0.5047165592368336
2012-12-05,0.0
2012-12-06,1.3667046636576885e-05
2012-12-07,0.008329783243133155
2012-12-08,0.0009034531488193356
2012-12-09,0.003841552289802344
2012-12-10,5.166393321933146e-05
2012-12-11,0.0
2012-12-12,0.0
2012-12-13,0.0
2012-12-14,0.04787787086114667
2012-12-15,10.360591647374264
2012-12-16,0.0
2012-12-17,0.1673830566986943
2012-12-18,0.0
2012-12-19,0.3716261056381581
2012-12-20,3.948442448448813
2012-12-21,0.0
2012-12-22,0.0
2012-12-23,0.0
2012-12-24,0.019745434321339995
2012-12-25,1.3604740731999758
2012-12-26,0.017604929306439008
2012-12-27,0.863513146520937
2012-12-28,0.06747389256406852
2012-12-29,0.00037239762594007934
2012-12-30,0.0
2012-12-31,6.541710742360031
2013-01-01,0.0
2013-01-02,0.0
2013-01-03,0.0
2013-01-04,0.0
2013-01-05,0.0
2013-01-06,0.0
2013-01-07,0.0
2013-01-08,0.0
2013-01-09,0.0
2013-01-10,7.957718515250385
2013-01-11,0.6881411695542105
2013-01-12,3.852504625557614
2013-01-13,7.585604808457592
2013-01-14,0.0
2013-01-15,0.0
2013-01-16,0.0
2013-01-17,0.0
2013-01-18,0.0
2013-01-19,0.0
2013-01-20,0.0
2013-01-21,0.0
2013-01-22,0.0
2013-01-23,0.0
2013-01-24,0.0
2013-01-25,0.0
2013-01-26,0.0
2013-01-27,2.7420172073588462
2013-01-28,0.48888863759046697
2013-01-29,56.56136168179872
2013-01-30,2.0474123889733766
2013-01-31,1.0076739780448498
2013-02-01,0.0
2013-02-02,1.8318479532279979
2013-02-03,0.0
2013-02-04,0.09798224487482532
2013-02-05,0.0
2013-02-06,0.00010209589017857695
2013-02-07,14.355136191955612
2013-02-08,0.010453816890899487
2013-02-09,0.8250009422857236
2013-02-10,3.2479948343066236
2013-02-11,0.0
2013-02-12,0.23136217595121003
2013-02-13,1.4288317485553557
2013-02-14,0.0
2013-02-15,0.019226115388264284
2013-02-16,0.6053133599817387
2013-02-17,0.0
2013-02-18,2.478870443019288
2013-02-19,0.0
2013-02-20,1.1244850859556057
2013-02-21,18.489092000341607
2013-02-22,2.874216410362773
2013-02-23,0.0002401783711312578
2013-02-24,0.0
2013-02-25,5.758203329604422
2013-02-26,33.826502582236195
2013-02-27,0.8244664336429702
2013-02-28,0.0166063657458428
2013-03-01,0.535292920606749
2013-03-02,0.07216422231750372
2013-03-03,0.0
2013-03-04,0.003487912634341598
2013-03-05,1.0348180561258233
2013-03-06,0.0
2013-03-07,0.0
2013-03-08,0.12269877664273153
2013-03-09,4.299187607183519
2013-03-10,14.414680551505953
2013-03-11,0.0
2013-03-12,0.0
2013-03-13,0.0
2013-03-14,0.0
2013-03-15,0.0
2013-03-16,0.0
2013-03-17,10.863614530122156
2013-03-18,2.8044354347954616
2013-03-19,0.40734607900137454
2013-03-20,0.3349143642024028
2013-03-21,0.005331281431002973
2013-03-22,0.006078722130369536
2013-03-23,0.02981291856442315
2013-03-24,0.09083374718345329
2013-03-25,0.0017898966174267656
2013-03-26,0.03359592526934583
2013-03-27,0.97907896439195
2013-03-28,0.0
2013-03-29,25.001709175069454
2013-03-30,17.084271542841986
2013-03-31,11.859810644638078
2013-04-01,0.9051070747613019
2013-04-02,0.510030038177044
2013-04-03,1.4979561426856325
2013-04-04,0.5635998375572774
2013-04-05,0.0
2013-04-06,0.20422408027989158
2013-04-07,0.483827968306087
2013-04-08,14.113109403572189
2013-04-09,1.7082679793001454
2013-04-10,35.37833796947573
2013-04-11,0.0015765948951031053
2013-04-12,0.0
2013-04-13,0.0
2013-04-14,0.010557992510961494
2013-04-15,0.5345538615395328
2013-04-16,8.032749836934668
2013-04-17,8.134557272893758
2013-04-18,17.107809426577784
2013-04-19,0.04970058575392039
2013-04-20,0.0
2013-04-21,0.004337480517733327
2013-04-22,2.136940961608634
2013-04-23,29.920813677410923
2013-04-24,0.6587806957773498
2013-04-25,0.0
2013-04-26,15.642947644998632
2013-04-27,11.074032285634248
2013-04-28,0.005720776885213775
2013-04-29,0.0
2013-04-30,0.0
2013-05-01,0.3985270755271276
2013-05-02,7.254448723244221
2013-05-03,11.164887302331266
2013-05-04,11.293212869862979
2013-05-05,0.7786473270005609
2013-05-06,0.20000687987722848
2013-05-07,0.07423020271256336
2013-05-08,1.7914161893721157
2013-05-09,14.889474479206976
2013-05-10,1.827199888768543
2013-05-11,0.00012074211254766951
2013-05-12,0.02274425590974846
2013-05-13,0.0
2013-05-14,0.0
2013-05-15,0.02224578834168163
2013-05-16,2.2361437716548096
2013-05-17,0.2914842967823759
2013-05-18,0.5389447168842172
2013-05-19,4.229091596287838
2013-05-20,33.47214803805351
2013-05-21,5.316224413120197
2013-05-22,7.0769419877761965
2013-05-23,0.0
2013-05-24,0.0
2013-05-25,6.563128478496586
2013-05-26,1.0981247393351743
2013-05-27,0.3016582541663422
2013-05-28,0.3220306686966889
2013-05-29,0.1638110425939245
2013-05-30,9.698994587128931
2013-05-31,58.051870545396824
2013-06-01,12.619248389034695
2013-06-02,0.002574575836778938
2013-06-03,1.5322455244343059e-06
2013-06-04,0.6542381602005762
2013-06-05,32.02982637697918
2013-06-06,0.33052225169404625
2013-06-07,0.07091872909155202
2013-06-08,0.11903480913675284
2013-06-09,10.81441463494028
2013-06-10,0.008329270160835728
2013-06-11,0.0
2013-06-12,0.0
2013-06-13,0.0
2013-06-14,0.04848021040372579
2013-06-15,4.988999440918771
2013-06-16,9.148424010065341
2013-06-17,55.40105449002393
2013-06-18,14.394541729815161
2013-06-19,2.492110226600011
2013-06-20,3.0896808220280514
2013-06-21,0.0
2013-06-22,0.626696145002651
2013-06-23,3.6915639137336576
2013-06-24,0.15714790190476077
2013-06-25,0.14607370016531218
2013-06-26,0.0
2013-06-27,0.15440586879766913
2013-06-28,23.41378391417964
2013-06-29,0.0
2013-06-30,0.04168167566842094
2013-07-01,0.03254900033858686
2013-07-02,0.0
2013-07-03,0.05829622225473858
2013-07-04,0.14118712751296358
2013-07-05,0.01729935421878616
2013-07-06,0.4723508121406421
2013-07-07,1.9766428139072456
2013-07-08,0.0019870115372051522
2013-07-09,0.05358917242346805
2013-07-10,5.556210279250994
2013-07-11,0.0009363720271612025
2013-07-12,0.040613522656883644
2013-07-13,0.0037402096568860442
2013-07-14,0.2761500464471882
2013-07-15,1.000993083168636
2013-07-16,1.1122389232569445
2013-07-17,3.369396920051777
2013-07-18,0.5510674696196053
2013-07-19,0.010003320048254207
2013-07-20,0.8214614296122872
2013-07-21,10.639504692713263
2013-07-22,2.540812312166542
2013-07-23,1.2271467976623784
2013-07-24,5.749380664332112
2013-07-25,0.04022975700894229
2013-07-26,32.61492616479581
2013-07-27,1.0001139788034812
2013-07-28,14.714204571854065
2013-07-29,11.351692179090183
2013-07-30,43.49839586272452
2013-07-31,2.9272243946753904
2013-08-01,0.0002301184744463528
2013-08-02,3.119606135913431
2013-08-03,34.58794512602744
2013-08-04,51.76102948394815
2013-08-05,5.453941476930233
2013-08-06,12.18165622576732
2013-08-07,31.338440974884886
2013-08-08,22.363481033212157
2013-08-09,13.986118461248711
2013-08-10,0.4059596208939351
2013-08-11,1.2254814487898744
2013-08-12,3.414779214854462
2013-08-13,0.7458270709034579
2013-08-14,0.0028076773568212823
2013-08-15,0.018871165684758127
2013-08-16,9.151989068328227
2013-08-17,0.09430271724797924
2013-08-18,0.9767658389354215
2013-08-19,0.09430271724797924
2013-08-20,0.09430271724797924
2013-08-21,0.0
2013-08-22,0.0
2013-08-23,6.723650732135948e-07
2013-08-24,5.462701113750975e-05
2013-08-25,1.4114685082943146e-06
2013-08-26,0.0
2013-08-27,0.0
2013-08-28,0.0
2013-08-29,0.0
2013-08-30,0.0
2013-08-31,0.0
2013-09-01,6.466780649072287
2013-09-02,0.013833759273477726
2013-09-03,0.0
2013-09-04,0.0
2013-09-05,0.0
2013-09-06,0.0
2013-09-07,0.0
2013-09-08,1.2158088089791993e-07
2013-09-09,0.0
2013-09-10,0.0
2013-09-11,0.0
2013-09-12,2.1600737494132676
2013-09-13,0.0
2013-09-14,0.0
2013-09-15,0.026868454933953758
2013-09-16,8.078935562947416
2013-09-17,5.661591264401941
2013-09-18,0.10933475773119722
2013-09-19,0.29680450011434073
2013-09-20,14.322768956566852
2013-09-21,0.0
2013-09-22,0.0
2013-09-23,0.0
2013-09-24,1.511788657647884
2013-09-25,6.88262677501139e-05
2013-09-26,0.0
2013-09-27,0.0
2013-09-28,15.06940022582014
2013-09-29,0.0
2013-09-30,0.0
2013-10-01,0.014465153914349757
2013-10-02,1.144610395978044
2013-10-03,0.01768697315892766
2013-10-04,0.0
2013-10-05,19.598883774975764
2013-10-06,0.3267366611860288
2013-10-07,0.2749587683964735
2013-10-08,0.2749587683964735
2013-10-09,0.2749587683964735
2013-10-10,0.2749587683964735
2013-10-11,0.1306471816203653
2013-10-12,0.896848159826381
2013-10-13,0.0016477132583784056
2013-10-14,9.201948360649027
2013-10-15,17.393124286864627
2013-10-16,0.0
2013-10-17,0.0
2013-10-18,0.0
2013-10-19,0.0
2013-10-20,0.0
2013-10-21,0.010940844755134467
2013-10-22,0.5219867796886517
2013-10-23,0.001638236180749127
2013-10-24,5.180327016300472e-05
2013-10-25,0.0
2013-10-26,0.07676826002533323
2013-10-27,0.0
2013-10-28,0.0014210577783991508
2013-10-29,46.97402576732176
2013-10-30,21.752831447564215
2013-10-31,76.94111607724709
2013-11-01,0.1934446575179609
2013-11-02,0.0
2013-11-03,0.0
2013-11-04,0.14126403610792765
2013-11-05,6.231768482966387
2013-11-06,1.0928040155778698
2013-11-07,0.0
2013-11-08,0.0
2013-11-09,0.0
2013-11-10,0.0
2013-11-11,1.8667079064307646
2013-11-12,0.6060975823974488
2013-11-13,0.0
2013-11-14,0.0
2013-11-15,0.3360175012363048
2013-11-16,0.26068272286648314
2013-11-17,0.019049153009384628
2013-11-18,0.0
2013-11-19,0.0
2013-11-20,8.259924925431726
2013-11-21,27.30197241078319
2013-11-22,3.9083563032448803
2013-11-23,0.28982221419549165
2013-11-24,0.0
2013-11-25,0.3509479586365494
2013-11-26,0.04770518738766802
2013-11-27,0.04768161328785361
2013-11-28,0.04768161328785361
2013-11-29,0.04768161328785361
2013-11-30,0.04768161328785361
2013-12-01,0.022604013785173488
2013-12-02,0.22111511610337573
2013-12-03,0.0
2013-12-04,2.053801996649187
2013-12-05,2.064975720251289
2013-12-06,2.344938347749251
2013-12-07,0.0
2013-12-08,1.8238600336838389
2013-12-09,0.24792349591296112
2013-12-10,0.2333354716243179
2013-12-11,0.0
2013-12-12,0.0
2013-12-13,1.4476981391895805
2013-12-14,0.9295819283112858
2013-12-15,0.0
2013-12-16,0.0
2013-12-17,0.0
2013-12-18,0.0
2013-12-19,0.23222798196754157
2013-12-20,2.283853128969208
2013-12-21,12.17170582409545
2013-12-22,8.455209456963825
2013-12-23,0.6767719862063237
2013-12-24,0.0
2013-12-25,0.0017854636493534136
2013-12-26,0.0
2013-12-27,0.0
2013-12-28,0.0
2013-12-29,0.0
2013-12-30,0.0
2013-12-31,0.0
2014-01-01,0.0
2014-01-02,0.0
2014-01-03,0.0
2014-01-04,0.0
2014-01-05,0.0
2014-01-06,0.044081944878625844
2014-01-07,0.0
2014-01-08,1.1322699424067606
2014-01-09,3.185740997030618
2014-01-10,6.149418539878493
2014-01-11,0.003178355477834466
2014-01-12,0.0
2014-01-13,0.00013313390508804088
2014-01-14,0.0057651675496381664
2014-01-15,0.0
2014-01-16,0.0
2014-01-17,0.0
2014-01-18,0.0
2014-01-19,0.0
2014-01-20,0.0
2014-01-21,0.0
2014-01-22,0.0
2014-01-23,0.0
2014-01-24,0.0
2014-01-25,0.0
2014-01-26,0.0
2014-01-27,1.0657152214387193
2014-01-28,0.0969129587368134
2014-01-29,0.008025384137548785
2014-01-30,0.029962879329322848
2014-01-31,5.782656698996926
2014-02-01,3.5531498320865897
2014-02-02,0.16561996070372711
2014-02-03,0.0
2014-02-04,11.637744508213903
2014-02-05,4.066877608389246
2014-02-06,0.011299057742927854
2014-02-07,0.00156593347630105
2014-02-08,0.03088095840222233
2014-02-09,0.0916851065721631
2014-02-10,0.6516876760488646
2014-02-11,0.016679365626242226
2014-02-12,0.2094385053851292
2014-02-13,0.0027861891528509395
2014-02-14,0.6208186860678235
2014-02-15,0.7023515975909861
2014-02-16,5.0840962699815605e-05
2014-02-17,0.834944043737369
2014-02-18,0.0
2014-02-19,1.1573175813424588
2014-02-20,3.783619429431484
2014-02-21,0.0
2014-02-22,0.0
2014-02-23,0.0
2014-02-24,0.0
2014-02-25,0.0
2014-02-26,0.5524158633236277
2014-02-27,0.0
2014-02-28,1.2564669180154107
2014-03-01,0.04201857474914183
2014-03-02,4.828541540910194
2014-03-03,5.85489251491899
2014-03-04,0.0
2014-03-05,0.15947339975094116
2014-03-06,0.0012928870451703754
2014-03-07,0.0
2014-03-08,0.015109652582378296
2014-03-09,0.00014954787543464563
2014-03-10,0.0
2014-03-11,0.014522817008910614
2014-03-12,0.2743048304731399
2014-03-13,0.0
2014-03-14,0.00015010282470211974
2014-03-15,0.3284374791718145
2014-03-16,16.660658268409787
2014-03-17,0.0
2014-03-18,0.09237164956877972
2014-03-19,0.011670930601349121
2014-03-20,0.0
2014-03-21,0.0
2014-03-22,0.0
2014-03-23,0.006900288801997083
2014-03-24,0.23906319874215545
2014-03-25,0.014980007847843578
2014-03-26,5.5135906695895285
2014-03-27,5.457031919340551
2014-03-28,0.0029347243199722406
2014-03-29,0.0
2014-03-30,0.0
2014-03-31,0.44361835900670393
2014-04-01,0.3375614337438806
2014-04-02,15.831683564021937
2014-04-03,5.359583249264139
2014-04-04,0.0350309923749757
2014-04-05,0.0
2014-04-06,1.131353558237953
2014-04-07,1.425970385056883
2014-04-08,1.8612161958648572
2014-04-09,0.0
2014-04-10,0.028683983467697682
2014-04-11,0.0
2014-04-12,0.0018409237755161807
2014-04-13,19.648106513545276
2014-04-14,4.573950619969249
2014-04-15,0.0
2014-04-16,0.0
2014-04-17,3.3030686951234838
2014-04-18,0.025924794329284056
2014-04-19,0.0
2014-04-20,1.146749436910138
2014-04-21,3.073025926183424
2014-04-22,0.26816641805549485
2014-04-23,0.002648081441124443
2014-04-24,21.06061386352903
2014-04-25,0.22028817468260534
2014-04-26,0.8778876900078173
2014-04-27,9.840702824855605
2014-04-28,0.4916654249542449
2014-04-29,9.378135449010045
2014-04-30,1.6149492068597744
2014-05-01,0.025072573286732208
2014-05-02,0.0
2014-05-03,0.0005417993618054673
2014-05-04,0.0
2014-05-05,0.0
2014-05-06,0.0
2014-05-07,0.0003573619151127955
2014-05-08,5.594273875774552
2014-05-09,14.040788557737994
2014-05-10,0.0882905767947987
2014-05-11,0.5943931171275956
2014-05-12,11.409005697885082
2014-05-13,13.55236808807194
2014-05-14,0.005324654548430212
2014-05-15,0.0008250889609082712
2014-05-16,0.0
2014-05-17,0.0
2014-05-18,0.0
2014-05-19,0.0
2014-05-20,0.0
2014-05-21,0.00597716765055985
2014-05-22,0.5201392914869414
2014-05-23,1.3068260784312056
2014-05-24,13.683620275512741
2014-05-25,0.13079333034937557
2014-05-26,17.16385377963937
2014-05-27,5.518584942106201
2014-05-28,5.424955248039697
2014-05-29,1.388009449202527
2014-05-30,1.2817617472262564
2014-05-31,1.993873148431069
2014-06-01,0.42082162997671146
2014-06-02,2.045688971850975
2014-06-03,0.8028831090837618
2014-06-04,0.10680482227162977
2014-06-05,30.880236506106236
2014-06-06,1.6199371030337593
2014-06-07,29.190405708304997
2014-06-08,0.0021465910173155286
2014-06-09,24.55026610062918
2014-06-10,14.840366366014061
2014-06-11,0.0037686485480169806
2014-06-12,23.155426083034513
2014-06-13,0.0
2014-06-14,3.9002247213690765e-05
2014-06-15,2.2914701263211126
2014-06-16,0.17337623111568784
2014-06-17,0.0
2014-06-18,0.04116980037731317
2014-06-19,3.232851780100965
2014-06-20,1.5412972551567736
2014-06-21,0.07251918454042511
2014-06-22,0.5445040675918746
2014-06-23,19.49343196608009
2014-06-24,0.0
2014-06-25,11.365124427999127
2014-06-26,0.13400086943993744
2014-06-27,0.38593008505006365
2014-06-28,19.92221314161182
2014-06-29,8.259942973891526
2014-06-30,0.06302558456277349
2014-07-01,14.911034826886098
2014-07-02,0.019983731856409313
2014-07-03,0.0
2014-07-04,0.0
2014-07-05,0.0
2014-07-06,1.4960952716702112
2014-07-07,0.8150999179569383
2014-07-08,13.68501407137319
2014-07-09,0.0
2014-07-10,15.878067218306672
2014-07-11,0.02474370924628938
2014-07-12,0.0
2014-07-13,0.00644574321965185
2014-07-14,0.12029203007107203
2014-07-15,0.0
2014-07-16,0.013945025104801247
2014-07-17,0.38987803290529616
2014-07-18,3.356814937736157
2014-07-19,0.06819033036009783
2014-07-20,0.0
2014-07-21,0.0
2014-07-22,0.0
2014-07-23,1.911114414060445
2014-07-24,0.0
2014-07-25,0.0
2014-07-26,0.006229548909078269
2014-07-27,0.011986731094752892
2014-07-28,0.0
2014-07-29,0.14213971421327723
2014-07-30,9.35823408398124
2014-07-31,0.6457526836578402
2014-08-01,0.07193889188460627
2014-08-02,0.01837157915093159
2014-08-03,0.06472219370449574
2014-08-04,0.10852302939230124
2014-08-05,0.05826646395206411
2014-08-06,0.10949561896889158
2014-08-07,38.592218561326675
2014-08-08,0.3085269488595746
2014-08-09,1.1208943111576841
2014-08-10,12.848290693230506
2014-08-11,0.9795625424967311
2014-08-12,0.0
2014-08-13,0.0
2014-08-14,0.0
2014-08-15,0.0
2014-08-16,7.790916136631043
2014-08-17,0.05843467624614644
2014-08-18,0.027144496982485555
2014-08-19,3.974854765904068
2014-08-20,0.277142590702387
2014-08-21,0.0
2014-08-22,6.22678094985995e-05
2014-08-23,0.0
2014-08-24,0.0
2014-08-25,0.0
2014-08-26,0.0
2014-08-27,0.0
2014-08-28,0.0
2014-08-29,0.0
2014-08-30,0.0
2014-08-31,0.0
2014-09-01,32.31581752098947
2014-09-02,70.69851785765495
2014-09-03,7.527015598158323
2014-09-04,0.0
2014-09-05,1.4402056842420012
2014-09-06,6.758998814528229
2014-09-07,0.0
2014-09-08,0.00044679069791749053
2014-09-09,1.032667166424357
2014-09-10,3.7455857186527797
2014-09-11,0.036409678695502615
2014-09-12,0.46219133192120876
2014-09-13,0.0059308474973166015
2014-09-14,0.0
2014-09-15,0.40699815311245663
2014-09-16,1.965449923766225
2014-09-17,14.894952672742019
2014-09-18,16.453553198341346
2014-09-19,0.024341829530208234
2014-09-20,0.21689482476926367
2014-09-21,0.1150113030466891
2014-09-22,0.0
2014-09-23,0.06523511908949474
2014-09-24,4.691462757823345
2014-09-25,0.006021164712675838
2014-09-26,0.0
2014-09-27,0.0
2014-09-28,0.0
2014-09-29,0.0
2014-09-30,0.0
2014-10-01,8.900159192931655
2014-10-02,30.56352859367093
2014-10-03,0.06552206002663818
2014-10-04,0.0
2014-10-05,1.9639844451891367e-07
2014-10-06,0.12777606656692095
2014-10-07,0.1341143623079931
2014-10-08,0.0
2014-10-09,13.416786719971869
2014-10-10,29.01009573136047
2014-10-11,0.17398385812472228
2014-10-12,0.3015424058213416
2014-10-13,56.27814750423579
2014-10-14,6.093554229924977
2014-10-15,0.0
2014-10-16,0.0
2014-10-17,0.0
2014-10-18,0.0
2014-10-19,0.0
2014-10-20,0.0
2014-10-21,0.0
2014-10-22,0.0
2014-10-23,9.938683821351113
2014-10-24,0.09239450282004343
2014-10-25,0.0
2014-10-26,0.0
2014-10-27,4.300736687070405
2014-10-28,0.29766179839510276
2014-10-29,0.0
2014-10-30,1.9829008421086598
2014-10-31,0.0
2014-11-01,0.0
2014-11-02,0.07373056628231664
2014-11-03,0.25403126688826505
2014-11-04,35.47352388520733
2014-11-05,0.0
2014-11-06,0.3824500568964986
2014-11-07,0.3824500568964986
2014-11-08,0.3824500568964986
2014-11-09,0.8376232709882655
2014-11-10,0.3824500568964986
2014-11-11,0.36343463994012276
2014-11-12,0.0
2014-11-13,0.002025174065978039
2014-11-14,0.0
2014-11-15,1.017693851229429
2014-11-16,9.253865009698085
2014-11-17,0.0056653063644777485
2014-11-18,0.0
2014-11-19,0.0
2014-11-20,0.0
2014-11-21,0.32497506715733765
2014-11-22,0.3372298305102679
2014-11-23,1.7561889467250122
2014-11-24,2.736614989841117
2014-11-25,0.0
2014-11-26,4.6897327087604115
2014-11-27,0.0
2014-11-28,0.0
2014-11-29,0.0
2014-11-30,8.076920216952239e-05
2014-12-01,0.0052031624553737
2014-12-02,0.026282633282309634
2014-12-03,0.0
2014-12-04,0.6427209755776015
2014-12-05,16.92303729707711
2014-12-06,0.0
2014-12-07,0.0
2014-12-08,0.0
2014-12-09,0.0
2014-12-10,0.0
2014-12-11,1.5137452040401875
2014-12-12,1.021072809340218
2014-12-13,0.521259952042832
2014-12-14,0.6327552762113903
2014-12-15,11.81831586247335
2014-12-16,2.94265651178312e-05
2014-12-17,8.465033197475381e-05
2014-12-18,0.45007370680321435
2014-12-19,0.006867903615776967
2014-12-20,0.0030291945087179955
2014-12-21,0.0
2014-12-22,0.0
2014-12-23,0.0
2014-12-24,0.0
2014-12-25,0.0
2014-12-26,0.008246578512387904
2014-12-27,0.02165204215987579
2014-12-28,0.0
2014-12-29,0.0
2014-12-30,0.002389802685044804
2014-12-31,0.0038763348099514964
2015-01-01,0.022911879518341397
2015-01-02,0.10934982817222265
2015-01-03,7.227971274519448
2015-01-04,3.0326412781562078
2015-01-05,7.360731655287532e-05
2015-01-06,0.0007785162463220552
2015-01-07,0.7510897536962655
2015-01-08,0.0007785162463220552
2015-01-09,0.0007785162463220552
2015-01-10,0.0007785162463220552
2015-01-11,0.001391386250351819
2015-01-12,0.0022699477782156343
2015-01-13,1.5297263153936823e-07
2015-01-14,0.00027492978616931485
2015-01-15,1.5297263153936823e-07
2015-01-16,0.026219995303128452
2015-01-17,0.026219995303128452
2015-01-18,0.026219995303128452
2015-01-19,0.026219995303128452
2015-01-20,1.0710053662053893
2015-01-21,0.0002799970846223461
2015-01-22,0.0002799970846223461
2015-01-23,0.0002802370100213482
2015-01-24,0.16560894302015275
2015-01-25,3.1702340146267765
2015-01-26,0.0001388223805169793
2015-01-27,0.0001388223805169793
2015-01-28,0.0001388223805169793
2015-01-29,0.0001388223805169793
2015-01-30,0.0001388223805169793
2015-01-31,5.8367715634965265
2015-02-01,14.901704226950544
2015-02-02,0.15688310123479488
2015-02-03,9.786074922629819e-05
2015-02-04,0.9861667200240607
2015-02-05,0.4081942229473092
2015-02-06,0.0
2015-02-07,0.0
2015-02-08,0.0
2015-02-09,0.0
2015-02-10,0.0
2015-02-11,0.0
2015-02-12,0.0
2015-02-13,0.0
2015-02-14,0.0
2015-02-15,0.0
2015-02-16,0.4824972707187865
2015-02-17,0.021486153774549484
2015-02-18,0.019232721636541567
2015-02-19,0.002625699783910086
2015-02-20,0.018581232736463168
2015-02-21,0.052559732177182836
2015-02-22,0.009151091106306904
2015-02-23,0.00011936205833054212
2015-02-24,1.0399900550085826e-06
2015-02-25,1.0399900550085826e-06
2015-02-26,0.02858660854752749
2015-02-27,0.06014258827199909
2015-02-28,2.0698894413796762
2015-03-01,4.832222913626414
2015-03-02,0.04673283354789267
2015-03-03,1.4591464419166096
2015-03-04,7.7164278727324165
2015-03-05,0.2276928234532415
2015-03-06,0.00013559645223618818
2015-03-07,0.00013559645223618818
2015-03-08,0.09269327483292204
2015-03-09,0.008246589222020465
2015-03-10,3.890731602866298
2015-03-11,0.0016880579990991974
2015-03-12,0.0016880579990991974
2015-03-13,1.290827669546706
2015-03-14,0.10454970553904747
2015-03-15,0.0016880579990991974
2015-03-16,0.0
2015-03-17,0.0
2015-03-18,0.0
2015-03-19,0.0
2015-03-20,0.0
2015-03-21,7.522656197211298e-05
2015-03-22,7.522656197211298e-05
2015-03-23,0.014995867356705796
2015-03-24,5.541904988624242
2015-03-25,5.607874120551454
2015-03-26,8.03088346434155
2015-03-27,1.0142549410245347
2015-03-28,1.2493941942041622
2015-03-29,0.3272566929441393
2015-03-30,0.00011031801947883212
2015-03-31,0.00011031801947883212
2015-04-01,0.8793211381120147
2015-04-02,0.8076085346292102
2015-04-03,15.048438299545944
2015-04-04,8.113953744664349e-05
2015-04-05,0.018851991731043453
2015-04-06,2.432376807113018
2015-04-07,0.3425085798690733
2015-04-08,8.034791740643211
2015-04-09,9.738652236671559
2015-04-10,0.0003113321384780574
2015-04-11,0.19735499404121387
2015-04-12,7.8007374716791205
2015-04-13,38.43709422834955
2015-04-14,0.1702752598517492
2015-04-15,4.1229507161478605
2015-04-16,0.06100339774909625
2015-04-17,1.3271269030929838
2015-04-18,11.059358173073623
2015-04-19,17.164749510225437
2015-04-20,0.5732650819437053
2015-04-21,0.19293590020436854
2015-04-22,0.03500830323235128
2015-04-23,0.02037421217251126
2015-04-24,3.0998108400089754
2015-04-25,2.091694665613613
2015-04-26,3.8555092832497158
2015-04-27,0.011879058313880874
2015-04-28,0.011879058313880874
2015-04-29,0.011932185673312893
2015-04-30,0.011879058313880874
2015-05-01,0.0
2015-05-02,0.0
2015-05-03,0.0
2015-05-04,0.0
2015-05-05,0.0
2015-05-06,11.988595845423868
2015-05-07,1.134194326208741
2015-05-08,24.98723108598514
2015-05-09,5.629719913681558
2015-05-10,27.802278432020344
2015-05-11,3.127520388963182
2015-05-12,0.00010901351771896038
2015-05-13,1.0698123634377175
2015-05-14,17.669463114915224
2015-05-15,4.971555299633175
2015-05-16,1.84008145203705
2015-05-17,16.841761535393577
2015-05-18,0.017455948629384332
2015-05-19,0.5968527249826356
2015-05-20,45.21746042223003
2015-05-21,0.28222225218329555
2015-05-22,0.34170744572123984
2015-05-23,1.0641812276922278
2015-05-24,65.2349141797138
2015-05-25,1.4762994882923217
2015-05-26,26.871603686542706
2015-05-27,0.4079135121866918
2015-05-28,11.252406068890714
2015-05-29,11.435945961453797
2015-05-30,0.8942418649364327
2015-05-31,1.1454148747376327
2015-06-01,0.910203724642332
2015-06-02,0.09850852591256673
2015-06-03,2.4674673510711327
2015-06-04,11.268518295160584
2015-06-05,2.280413523579923
2015-06-06,0.09816952439380569
2015-06-07,0.6338004820146149
2015-06-08,2.8122318561006243
2015-06-09,0.00011034332841580238
2015-06-10,0.0026132062511018323
2015-06-11,0.10291002585552018
2015-06-12,4.10183736611306
2015-06-13,14.387873445811062
2015-06-14,3.3399312930653586
2015-06-15,9.83662550947757
2015-06-16,19.84638733341362
2015-06-17,5.126643866171976
2015-06-18,5.939950949241612
2015-06-19,0.05872311297233905
2015-06-20,0.00012588038743412296
2015-06-21,0.26074201503719874
2015-06-22,0.001971090218147373
2015-06-23,0.6923125030534851
2015-06-24,0.014197373088841714
2015-06-25,1.599607737337269
2015-06-26,32.07407752087721
2015-06-27,0.1427736039015671
2015-06-28,0.03488766247631606
2015-06-29,0.0001893274594330168
2015-06-30,0.0001893274594330168
2015-07-01,0.45970437688082627
2015-07-02,7.157797061887605
2015-07-03,6.370576775209923
2015-07-04,0.04877233514208493
2015-07-05,0.39418517776012696
2015-07-06,0.28577371721433503
2015-07-07,25.853075855131543
2015-07-08,36.961887071941916
2015-07-09,4.19914595944705
2015-07-10,6.915222244652523
2015-07-11,2.959456641310953
2015-07-12,0.005491457460570558
2015-07-13,0.005491457460570558
2015-07-14,1.5530815850673636
2015-07-15,11.580069315806643
2015-07-16,1.4268572606797905
2015-07-17,0.08047664707290034
2015-07-18,2.9809960215146716
2015-07-19,2.3198727913108903
2015-07-20,22.994106712519574
2015-07-21,0.16675253557150188
2015-07-22,3.301608135544549
2015-07-23,5.5215128414069445
2015-07-24,1.40164296110563
2015-07-25,0.40274840693974384
2015-07-26,0.42986859486344603
2015-07-27,0.5369457852448848
2015-07-28,0.0003405309898882554
2015-07-29,1.0300858228875507
2015-07-30,0.027859820521971116
2015-07-31,0.0003405309898882554
2015-08-01,5.167037461787044e-05
2015-08-02,0.04398460596640086
2015-08-03,5.167037461787044e-05
2015-08-04,0.8200078837915286
2015-08-05,16.933191835463173
2015-08-06,0.005130927571085832
2015-08-07,0.7568517043736782
2015-08-08,0.41671931756761055
2015-08-09,0.18415886895808214
2015-08-10,40.7354561898568
2015-08-11,0.0
2015-08-12,0.0
2015-08-13,0.0
2015-08-14,0.0
2015-08-15,0.0
2015-08-16,5.8599691458030406e-05
2015-08-17,0.097050338711726
2015-08-18,5.1124372601342545
2015-08-19,13.17147535987009
2015-08-20,5.8599691458030406e-05
2015-08-21,0.07288283662748053
2015-08-22,0.4113685040709233
2015-08-23,29.327254292355146
2015-08-24,0.0001787965308041387
2015-08-25,0.0001787965308041387
2015-08-26,0.000357344385411005
2015-08-27,16.609489695400846
2015-08-28,3.862972175958358
2015-08-29,15.366128372330103
2015-08-30,5.38497341024398
2015-08-31,1.7577284962733992
2015-09-01,0.007218331032901971
2015-09-02,0.0014059078964286896
2015-09-03,0.000994374677839378
2015-09-04,0.1799932649187208
2015-09-05,0.41287714009894055
2015-09-06,0.04173278822344525
2015-09-07,4.965470441383469
2015-09-08,10.45085554025203
2015-09-09,7.828955998626306
2015-09-10,0.2794348175416126
2015-09-11,21.4910223049574
2015-09-12,7.50486632126031e-05
2015-09-13,0.008773533170050961
2015-09-14,0.09394788648896399
2015-09-15,0.21017725156807665
2015-09-16,0.2139303518418273
2015-09-17,0.00028912430061304566
2015-09-18,13.536151784670654
2015-09-19,0.5835677867702134
2015-09-20,0.00028912430061304566
2015-09-21,0.7426664217764757
2015-09-22,0.060262505288764846
2015-09-23,0.23853731711473575
2015-09-24,0.0009136458225958015
2015-09-25,1.8247093709967035
2015-09-26,0.0
2015-09-27,0.0
2015-09-28,0.0
2015-09-29,0.0
2015-09-30,0.0
2015-10-01,1.2802290290523775e-06
2015-10-02,1.2802290290523775e-06
2015-10-03,1.2802290290523775e-06
2015-10-04,1.2802290290523775e-06
2015-10-05,0.0013341973804856069
2015-10-06,0.01767535264710383
2015-10-07,0.00019751697324602453
2015-10-08,0.0023504382896466828
2015-10-09,22.918537969763456
2015-10-10,0.00019751697324602453
2015-10-11,1.5448212924278885e-07
2015-10-12,1.5448212924278885e-07
2015-10-13,1.5448212924278885e-07
2015-10-14,1.5448212924278885e-07
2015-10-15,0.0022894086163084675
2015-10-16,0.0
2015-10-17,0.0
2015-10-18,0.0
2015-10-19,0.0
2015-10-20,0.0
2015-10-21,5.619964260498235e-05
2015-10-22,0.017232993104255617
2015-10-23,12.588745879425135
2015-10-24,0.052023060015880314
2015-10-25,5.619964260498235e-05
2015-10-26,0.00015865639947118827
2015-10-27,2.0672563175230927
2015-10-28,0.34920365522868313
2015-10-29,0.018885962298953327
2015-10-30,7.5613217475269545
2015-10-31,19.53781959633256
2015-11-01,7.408571767901014e-05
2015-11-02,7.408571767901014e-05
2015-11-03,7.544234912740201e-05
2015-11-04,0.15389266398096652
2015-11-05,4.363335093797925
2015-11-06,0.30451015492752787
2015-11-07,9.007397318266368e-06
2015-11-08,9.007397318266368e-06
2015-11-09,9.007397318266368e-06
2015-11-10,9.007397318266368e-06
2015-11-11,1.7246031352057758
2015-11-12,0.00023848675864458782
2015-11-13,0.00023848675864458782
2015-11-14,0.00023848675864458782
2015-11-15,0.7616256797527851
2015-11-16,10.315706608437983
2015-11-17,64.6097862100992
2015-11-18,0.21012459680827472
2015-11-19,0.00030462655540728506
2015-11-20,0.05572765788795374
2015-11-21,0.00413591095300213
2015-11-22,3.908817563733344e-08
2015-11-23,3.908817563733344e-08
2015-11-24,3.908817563733344e-08
2015-11-25,0.00024230845589973845
2015-11-26,31.337380961098624
2015-11-27,55.013826117086914
2015-11-28,3.826818251458387
2015-11-29,9.73918888325823
2015-11-30,12.663014939303105
2015-12-01,0.0
2015-12-02,0.0
2015-12-03,0.0
2015-12-04,0.0
2015-12-05,0.0
2015-12-06,0.0
2015-12-07,0.0
2015-12-08,0.0
2015-12-09,0.0
2015-12-10,0.0
2015-12-11,0.010396826612995104
2015-12-12,2.5035393884704815
2015-12-13,48.15181914702281
2015-12-14,6.594630932923498
2015-12-15,0.00010844839085203668
2015-12-16,0.005406005819789613
2015-12-17,1.4626799708133813
2015-12-18,0.23967072028200584
2015-12-19,0.005406005819789613
2015-12-20,0.8716423804362566
2015-12-21,0.9545537075802544
2015-12-22,4.439687878652616e-05
2015-12-23,0.37812788836440503
2015-12-24,0.0018137504372210524
2015-12-25,4.439687878652616e-05
2015-12-26,6.682494538068918
2015-12-27,39.54290591491605
2015-12-28,34.03323219696027
2015-12-29,0.03759694925571758
2015-12-30,0.2879087851613285
2015-12-31,0.0025785312273531947
2016-01-01,0.0
2016-01-02,0.0
2016-01-03,0.0
2016-01-04,0.0
2016-01-05,0.0
2016-01-06,1.4005846032852751
2016-01-07,17.611906978783946
2016-01-08,4.339507961614489
2016-01-09,0.7089385724207491
2016-01-10,0.0
2016-01-11,0.0
2016-01-12,0.0
2016-01-13,0.0
2016-01-14,0.0
2016-01-15,0.004046095608637342
2016-01-16,0.0
2016-01-17,0.0024017869305452584
2016-01-18,7.803281898941574e-05
2016-01-19,0.014884979151442579
2016-01-20,0.00767649980092072
2016-01-21,0.9594360849364687
2016-01-22,0.18421381446734322
2016-01-23,0.0011190205730431625
2016-01-24,0.0
2016-01-25,0.1008487636086068
2016-01-26,2.2513909652323365
2016-01-27,0.006851980578150376
2016-01-28,0.006851980578150376
2016-01-29,0.006851980578150376
2016-01-30,0.006851980578150376
2016-01-31,0.017150836293911426
2016-02-01,0.1188611556723779
2016-02-02,4.583834670099359
2016-02-03,0.04357722186676881
2016-02-04,0.0
2016-02-05,0.0
2016-02-06,0.0
2016-02-07,0.0
2016-02-08,0.0
2016-02-09,0.0
2016-02-10,0.0
2016-02-11,0.0
2016-02-12,0.0024611470261012344
2016-02-13,0.0
2016-02-14,0.32692540067883613
2016-02-15,0.042476936601845316
2016-02-16,6.511881401103346
2016-02-17,0.0
2016-02-18,0.0
2016-02-19,0.0
2016-02-20,0.416763161706131
2016-02-21,0.9171575972630228
2016-02-22,0.0
2016-02-23,3.214811403607753
2016-02-24,1.7589837550631726
2016-02-25,1.1626683992864895
2016-02-26,0.0
2016-02-27,0.0
2016-02-28,0.0
2016-02-29,0.0
2016-03-01,1.6015483823972056
2016-03-02,0.0
2016-03-03,0.5119273922150106
2016-03-04,0.0
2016-03-05,0.0
2016-03-06,0.0
2016-03-07,1.5166500874401718
2016-03-08,18.872708498460007
2016-03-09,7.2020229741570505
2016-03-10,1.5284437184422262
2016-03-11,0.0
2016-03-12,5.544449559275438
2016-03-13,1.6621767635755547
2016-03-14,0.7393056274087351
2016-03-15,0.10861670033589937
2016-03-16,0.0
2016-03-17,0.0
2016-03-18,0.0
2016-03-19,0.0
2016-03-20,0.0
2016-03-21,0.0
2016-03-22,0.0
2016-03-23,0.0
2016-03-24,0.0
2016-03-25,0.0
2016-03-26,4.857163198191438
2016-03-27,12.129111839291008
2016-03-28,0.0
2016-03-29,0.0
2016-03-30,9.905320130483013
2016-03-31,2.3067497843510103
2016-04-01,0.0
2016-04-02,0.0
2016-04-03,0.0
2016-04-04,0.0
2016-04-05,0.0
2016-04-06,1.1870755612531207
2016-04-07,0.0
2016-04-08,2.877154021029688e-07
2016-04-09,0.0
2016-04-10,2.2243564756874568
2016-04-11,29.85306840450004
2016-04-12,0.0
2016-04-13,0.0
2016-04-14,0.0
2016-04-15,0.3241431125189127
2016-04-16,0.4147896692852668
2016-04-17,1.052327052084554
2016-04-18,17.423651720012618
2016-04-19,3.3644944791497546
2016-04-20,12.126975897210539
2016-04-21,0.0
2016-04-22,0.0
2016-04-23,0.0
2016-04-24,0.0
2016-04-25,0.0
2016-04-26,35.954301619754524
2016-04-27,28.716830247449707
2016-04-28,0.0009845630676772734
2016-04-29,4.316359507793238
2016-04-30,14.124621019637864
2016-05-01,0.0
2016-05-02,0.0
2016-05-03,0.0
2016-05-04,0.0
2016-05-05,0.0
2016-05-06,0.0
2016-05-07,0.0
2016-05-08,1.6902879587081214
2016-05-09,8.80429244134877
2016-05-10,1.0172850975421397
2016-05-11,0.161362410446909
2016-05-12,0.263894892198785
2016-05-13,0.7747087220195438
2016-05-14,6.8851247766243375
2016-05-15,0.010820593241472293
2016-05-16,9.134787371552147
2016-05-17,18.45878446599143
2016-05-18,0.02447296454817348
2016-05-19,0.10327682576590322
2016-05-20,2.386857784494553
2016-05-21,0.5439159499736465
2016-05-22,2.184068703132958
2016-05-23,2.8827147804525373
2016-05-24,1.7418784741083049
2016-05-25,29.96202133185072
2016-05-26,4.508394284397724
2016-05-27,9.188449169786036
2016-05-28,3.65877147075229
2016-05-29,0.08685259534327362
2016-05-30,3.113927692891087
2016-05-31,2.3367655924621187
2016-06-01,1.8555537231525623
2016-06-02,0.09351961807921762
2016-06-03,1.9639936925264307
2016-06-04,4.2108205346805825
2016-06-05,0.0
2016-06-06,0.0
2016-06-07,0.0
2016-06-08,0.0
2016-06-09,0.0
2016-06-10,0.0
2016-06-11,0.0003725895808539102
2016-06-12,0.1465323202309829
2016-06-13,0.13381693507955986
2016-06-14,0.3107668254787699
2016-06-15,0.06488968942457163
2016-06-16,7.561816005919582
2016-06-17,1.011042719157995
2016-06-18,2.572105394405379
2016-06-19,0.025686372513216402
2016-06-20,0.4747448892657062
2016-06-21,0.0008707853043710281
2016-06-22,0.0
2016-06-23,1.5868156236790942
2016-06-24,7.4780629214693075
2016-06-25,13.544118638992439
2016-06-26,9.646040519038987
2016-06-27,2.528753160445543
2016-06-28,0.668614589212864
2016-06-29,0.14489253903017085
2016-06-30,2.9977461983220066
2016-07-01,1.4670971245126998
2016-07-02,24.284097530909428
2016-07-03,31.452479675023717
2016-07-04,3.3261328690049243
2016-07-05,1.5702494261563817
2016-07-06,10.783016733513666
2016-07-07,0.07023464407094787
2016-07-08,12.945433881556543
2016-07-09,3.3222646023323925
2016-07-10,0.13488927063336156
2016-07-11,0.06816244549302836
2016-07-12,7.281371405329188
2016-07-13,5.028837409431871
2016-07-14,21.867810633202325
2016-07-15,2.491574910265598
2016-07-16,0.017178544459070414
2016-07-17,0.004123649790878109
2016-07-18,4.17749861858647e-05
2016-07-19,0.01132883486842871
2016-07-20,0.0018729595032796968
2016-07-21,0.0
2016-07-22,0.0007576087752340174
2016-07-23,0.027021180677066776
2016-07-24,0.12008473151084575
2016-07-25,17.729051544281553
2016-07-26,5.657455805556489
2016-07-27,3.922242483442669
2016-07-28,0.3102565955969432
2016-07-29,11.916120914152664
2016-07-30,0.9843326485962384
2016-07-31,6.081972269773229
2016-08-01,4.054087741673686
2016-08-02,0.1905143288452803
2016-08-03,1.0181453692723292
2016-08-04,3.2195621142671813
2016-08-05,1.4815712308214297
2016-08-06,21.287704241084928
2016-08-07,2.4097440782939676
2016-08-08,35.74022859304043
2016-08-09,7.5972777975155505
2016-08-10,4.894968100425145
2016-08-11,2.7789792592970803
2016-08-12,16.645394568739988
2016-08-13,0.34192352667753706
2016-08-14,0.07855171155263818
2016-08-15,0.0020852291085422152
2016-08-16,0.0
2016-08-17,0.0
2016-08-18,0.018129734571745052
2016-08-19,2.047633417050652
2016-08-20,36.921827983670674
2016-08-21,0.0
2016-08-22,0.0
2016-08-23,1.125474877333519
2016-08-24,0.04956809384909457
2016-08-25,5.320137445736385
2016-08-26,17.384930362695147
2016-08-27,2.62726120672536
2016-08-28,3.2669692616680925
2016-08-29,0.08726788186190758
2016-08-30,5.553021876453393
2016-08-31,3.599222635753055
2016-09-01,2.1937658022063276
2016-09-02,0.0
2016-09-03,0.0
2016-09-04,0.0
2016-09-05,0.04225671997256551
2016-09-06,0.0073301462407453855
2016-09-07,0.791348221463896
2016-09-08,31.473643572186827
2016-09-09,54.00432739501539
2016-09-10,33.58272552726732
2016-09-11,0.0
2016-09-12,0.0
2016-09-13,2.0113325529028656
2016-09-14,3.123485924690474
2016-09-15,1.3301236156915834
2016-09-16,45.58883764351655
2016-09-17,0.47203840083980575
2016-09-18,0.2856711433858596
2016-09-19,0.009578608630231591
2016-09-20,0.03953065378957779
2016-09-21,0.0
2016-09-22,0.00010923150708532798
2016-09-23,0.0
2016-09-24,0.1983627402316936
2016-09-25,4.4021006165240735
2016-09-26,0.0
2016-09-27,0.0
2016-09-28,0.0
2016-09-29,0.0
2016-09-30,0.0
2016-10-01,0.0033144110717363575
2016-10-02,0.0
2016-10-03,0.0
2016-10-04,0.4555505955872966
2016-10-05,10.284553848455005
2016-10-06,27.45155631551853
2016-10-07,88.02174136626653
2016-10-08,0.0
2016-10-09,0.06515318815568778
2016-10-10,0.3707039033922362
2016-10-11,0.16022039017369513
2016-10-12,15.449284841169582
2016-10-13,0.00022056968605113641
2016-10-14,4.1976059280848155
2016-10-15,0.28581947993655477
2016-10-16,0.0
2016-10-17,0.0
2016-10-18,0.0
2016-10-19,0.0
2016-10-20,0.0
2016-10-21,0.14381903706704047
2016-10-22,0.14381903706704047
2016-10-23,0.14381903706704047
2016-10-24,0.14381903706704047
2016-10-25,0.188467046126176
2016-10-26,11.86024399280666
2016-10-27,0.02329770336727276
2016-10-28,0.0
2016-10-29,0.0
2016-10-30,0.01694324786357389
2016-10-31,0.15553325776605995
2016-11-01,0.0004391990807160438
2016-11-02,3.226279121950361
2016-11-03,6.645947408095688
2016-11-04,5.9767497634009736e-05
2016-11-05,0.0
2016-11-06,0.0
2016-11-07,0.33149454241184984
2016-11-08,0.6837545034972943
2016-11-09,0.0
2016-11-10,0.0
2016-11-11,0.33311563266510696
2016-11-12,0.33311563266510696
2016-11-13,0.33311563266510696
2016-11-14,0.4366618820532433
2016-11-15,0.33311563266510696
2016-11-16,0.0
2016-11-17,0.0
2016-11-18,0.7635437016636838
2016-11-19,0.0
2016-11-20,0.0
2016-11-21,0.0
2016-11-22,5.338198989000003
2016-11-23,1.0862635172979502
2016-11-24,0.004218077637498958
2016-11-25,0.0037601037671082353
2016-11-26,0.0
2016-11-27,5.719739127457615
2016-11-28,6.871445297667732
2016-11-29,0.22009585242142463
2016-11-30,0.0
2016-12-01,0.0
2016-12-02,8.660477137101707e-05
2016-12-03,0.06233399207165325
2016-12-04,8.40748130491632
2016-12-05,0.0
2016-12-06,0.0
2016-12-07,0.0
2016-12-08,0.0
2016-12-09,0.0
2016-12-10,0.0
2016-12-11,14.885357317851508
2016-12-12,0.002736556015436421
2016-12-13,0.009556129570908602
2016-12-14,0.0012398201119542761
2016-12-15,0.014015100742709124
2016-12-16,2.5443691936095667
2016-12-17,3.4724574088584093
2016-12-18,6.555677623091859
2016-12-19,0.0
2016-12-20,0.0
2016-12-21,0.0
2016-12-22,0.0
2016-12-23,4.038754461676572
2016-12-24,0.01344147705063285
2016-12-25,1.6584813422909443
2016-12-26,0.0
2016-12-27,0.0
2016-12-28,0.0
2016-12-29,0.0
2016-12-30,0.0
2016-12-31,0.0
2017-01-01,0.00034378912503592394
2017-01-02,0.21830425456166289
2017-01-03,0.08219325190924026
2017-01-04,0.0
2017-01-05,0.10904370713939775
2017-01-06,1.4230036671572095
2017-01-07,0.0
2017-01-08,0.0
2017-01-09,0.0
2017-01-10,0.8695581864576295
2017-01-11,0.012094292016699048
2017-01-12,0.012071909521885025
2017-01-13,0.6171097726658443
2017-01-14,0.73278058085519
2017-01-15,16.013569801559253
2017-01-16,13.887278103301037
2017-01-17,0.02764578119339028
2017-01-18,0.0
2017-01-19,0.3620376381920497
2017-01-20,0.7065278017726555
2017-01-21,0.03991226475519972
2017-01-22,14.233010250195784
2017-01-23,0.00824436066977718
2017-01-24,0.00034819388263039033
2017-01-25,0.1400215284884215
2017-01-26,0.0
2017-01-27,0.0
2017-01-28,0.0
2017-01-29,0.0
2017-01-30,0.0
2017-01-31,0.0
2017-02-01,1.6153995982422004e-05
2017-02-02,1.6153995982422004e-05
2017-02-03,7.00006482881067e-05
2017-02-04,1.6153995982422004e-05
2017-02-05,1.6153995982422004e-05
2017-02-06,1.5828018317694181
2017-02-07,0.018573962233857638
2017-02-08,0.033703672612237875
2017-02-09,0.0
2017-02-10,0.0
2017-02-11,0.0
2017-02-12,0.022711178022454797
2017-02-13,0.18758159496764024
2017-02-14,11.236563327657551
2017-02-15,0.0
2017-02-16,0.0
2017-02-17,0.0
2017-02-18,0.0
2017-02-19,3.2632733388782e-09
2017-02-20,1.8062135436442637
2017-02-21,0.0
2017-02-22,0.0
2017-02-23,0.028363372353573165
2017-02-24,0.0014101254272459423
2017-02-25,0.0005979077556641389
2017-02-26,1.8565267627116693
2017-02-27,1.2071963068317249
2017-02-28,4.867927535160873
2017-03-01,5.59613889920543
2017-03-02,0.0
2017-03-03,0.0
2017-03-04,0.0
2017-03-05,0.023632400409799966
2017-03-06,0.568837214934423
2017-03-07,5.571268131981363
2017-03-08,0.0
2017-03-09,12.055088514588556
2017-03-10,0.009747534721112127
2017-03-11,0.40364887652229736
2017-03-12,0.0897813158940317
2017-03-13,1.6261025686925052
2017-03-14,0.8964072784702355
2017-03-15,0.008567373284712047
2017-03-16,0.0
2017-03-17,0.02152569813823525
2017-03-18,0.0
2017-03-19,0.006272534056044767
2017-03-20,0.0
2017-03-21,0.014814771603602325
2017-03-22,0.15711446842655577
2017-03-23,0.16855873676785632
2017-03-24,2.5218479542927015
2017-03-25,2.893273950858915
2017-03-26,0.0780859774162373
2017-03-27,11.917299899061613
2017-03-28,0.18653058983592122
2017-03-29,24.242559522321482
2017-03-30,3.8928661605395334
2017-03-31,0.05139105521284272
2017-04-01,0.0037499297516723046
2017-04-02,18.87546865774619
2017-04-03,9.44620574803445
2017-04-04,5.961890347221267
2017-04-05,14.148419736761737
2017-04-06,0.07398679076225843
2017-04-07,0.0
2017-04-08,0.0
2017-04-09,0.0029032435639622643
2017-04-10,1.9596369418893942
2017-04-11,0.0
2017-04-12,0.004778619231458024
2017-04-13,0.08646334129923942
2017-04-14,7.480408099032994
2017-04-15,0.1658887737013498
2017-04-16,30.52307950294724
2017-04-17,22.728733041045523
2017-04-18,0.0119669077921567
2017-04-19,0.003410874336889992
2017-04-20,19.70019581826837
2017-04-21,10.976478250600167
2017-04-22,22.57051436681003
2017-04-23,0.0
2017-04-24,0.0
2017-04-25,0.05644115774332253
2017-04-26,29.209189028691736
2017-04-27,1.2823821902008172
2017-04-28,8.683817030312076
2017-04-29,28.61876426245965
2017-04-30,53.643412223425244
2017-05-01,1.7345047494413703
2017-05-02,0.0
2017-05-03,35.89448375020117
2017-05-04,0.049163263553809615
2017-05-05,0.0
2017-05-06,0.0
2017-05-07,0.0
2017-05-08,0.0
2017-05-09,0.1311048427484302
2017-05-10,1.2873868113174622
2017-05-11,23.097747716333572
2017-05-12,8.807033690187554
2017-05-13,0.0
2017-05-14,0.0
2017-05-15,0.0
2017-05-16,0.0
2017-05-17,0.42145023413096944
2017-05-18,0.1374470839562507
2017-05-19,13.192513340206807
2017-05-20,26.97836475926947
2017-05-21,0.0
2017-05-22,0.02991088123828957
2017-05-23,0.08377761917961456
2017-05-24,0.020027813670539147
2017-05-25,0.0
2017-05-26,0.27056683044348445
2017-05-27,10.130740951467802
2017-05-28,0.5298183373315525
2017-05-29,0.10376966151951736
2017-05-30,0.035677658622093135
2017-05-31,0.5937566987110097
2017-06-01,4.642091126401036
2017-06-02,0.6710844556906017
2017-06-03,2.762386346381941
2017-06-04,6.023216853614801
2017-06-05,0.19159943524083886
2017-06-06,0.0
2017-06-07,0.0
2017-06-08,0.0
2017-06-09,0.0
2017-06-10,0.0
2017-06-11,0.011046934643079324
2017-06-12,0.008284794943759725
2017-06-13,0.06548910692481406
2017-06-14,1.5175939672032632
2017-06-15,18.225766238814792
2017-06-16,41.75799734455114
2017-06-17,0.46027913158236217
2017-06-18,43.117982105657546
2017-06-19,0.00026548749988262814
2017-06-20,0.0
2017-06-21,0.0
2017-06-22,0.0
2017-06-23,0.0
2017-06-24,0.0
2017-06-25,0.0
2017-06-26,3.533212691996734
2017-06-27,4.120118608098292
2017-06-28,0.02203184836278744
2017-06-29,1.5743658913141432
2017-06-30,21.245488614008888
2017-07-01,0.21590051322525172
2017-07-02,0.2411705289243043
2017-07-03,0.8160090034542347
2017-07-04,11.20233932353614
2017-07-05,30.425455967412955
2017-07-06,0.06422362711745609
2017-07-07,0.1311896857761808
2017-07-08,0.0033958244865045202
2017-07-09,0.0509427399369318
2017-07-10,0.012595633546804662
2017-07-11,0.0
2017-07-12,1.003471791741703
2017-07-13,3.673827557968074
2017-07-14,23.805881553928465
2017-07-15,7.323045939869474
2017-07-16,0.0
2017-07-17,0.0
2017-07-18,0.0
2017-07-19,0.0018747093131136826
2017-07-20,1.3515540891662805e-06
2017-07-21,0.0
2017-07-22,0.19889833372217836
2017-07-23,11.993018233838086
2017-07-24,0.0466688315462367
2017-07-25,2.423927784256767e-06
2017-07-26,0.35101340075393855
2017-07-27,29.497909879267965
2017-07-28,1.6950065723129353
2017-07-29,0.0
2017-07-30,0.0
2017-07-31,2.507673582841988
2017-08-01,0.9085707465530198
2017-08-02,1.994248513121874
2017-08-03,1.8897515074426852
2017-08-04,0.034208400303933004
2017-08-05,9.596019715988152
2017-08-06,56.587036643920946
2017-08-07,0.6363011464453413
2017-08-08,0.06057532127144532
2017-08-09,0.5407963943184715
2017-08-10,1.8143180479338308
2017-08-11,20.372669782666403
2017-08-12,0.009774403069612813
2017-08-13,0.33316107629866115
2017-08-14,0.0015941796410511595
2017-08-15,0.07590523696710345
2017-08-16,27.57649078919131
2017-08-17,7.7374107258025795
2017-08-18,0.17748747142537416
2017-08-19,0.15266361572408646
2017-08-20,0.555604611009296
2017-08-21,0.6168389597896602
2017-08-22,27.025484265113583
2017-08-23,0.0
2017-08-24,0.0
2017-08-25,0.0
2017-08-26,0.0
2017-08-27,0.0
2017-08-28,0.0
2017-08-29,0.0
2017-08-30,0.0
2017-08-31,0.0
2017-09-01,0.07807540851653692
2017-09-02,0.14721835948096773
2017-09-03,0.27534234152064746
2017-09-04,0.07532726586682775
2017-09-05,0.1111327058427653
2017-09-06,2.7684862301599324e-08
2017-09-07,2.7684862301599324e-08
2017-09-08,2.7684862301599324e-08
2017-09-09,2.7684862301599324e-08
2017-09-10,2.7684862301599324e-08
2017-09-11,0.05530677899266699
2017-09-12,0.05530677899266699
2017-09-13,0.05530677899266699
2017-09-14,0.0927225518116459
2017-09-15,0.05530677899266699
2017-09-16,0.4305464550719275
2017-09-17,36.91843059338439
2017-09-18,36.54574880209824
2017-09-19,3.6890280618248057
2017-09-20,0.0372863781091248
2017-09-21,0.810723784285574
2017-09-22,0.0019020590041675574
2017-09-23,2.4538898031302148e-05
2017-09-24,0.5235880474016325
2017-09-25,0.28532653539481767
2017-09-26,0.0
2017-09-27,0.0
2017-09-28,0.0
2017-09-29,0.0
2017-09-30,0.0
2017-10-01,0.16366169982320541
2017-10-02,0.007819327516749035
2017-10-03,0.7992837204940572
2017-10-04,12.227791124872512
2017-10-05,4.350788218627325
2017-10-06,6.732257919686494
2017-10-07,7.26358350815632
2017-10-08,0.0
2017-10-09,0.0033875112489619675
2017-10-10,17.16817816727109
2017-10-11,3.797284715703535e-05
2017-10-12,0.0
2017-10-13,0.00016048770062560014
2017-10-14,0.2625742162592935
2017-10-15,40.2870048739776
2017-10-16,0.0
2017-10-17,0.0
2017-10-18,0.0
2017-10-19,0.0
2017-10-20,0.01150007049170727
2017-10-21,0.5343041652261201
2017-10-22,45.666883814064654
2017-10-23,0.0
2017-10-24,0.0002102264106307073
2017-10-25,0.0
2017-10-26,0.016004227252047035
2017-10-27,0.016004227252047035
2017-10-28,0.016004227252047035
2017-10-29,0.016004227252047035
2017-10-30,0.0392697563776884
2017-10-31,1.367009987545133
2017-11-01,0.3704043551420462
2017-11-02,0.07019988132325454
2017-11-03,0.9375216253382354
2017-11-04,0.9460125360263757
2017-11-05,0.2658879369617912
2017-11-06,0.2877184447623761
2017-11-07,1.1395820385971152
2017-11-08,0.08581887941188847
2017-11-09,0.0
2017-11-10,0.0
2017-11-11,0.5846600150854199
2017-11-12,0.5054124397286947
2017-11-13,0.02641576824847113
2017-11-14,0.9692086831929412
2017-11-15,2.0977446973107687
2017-11-16,0.0
2017-11-17,0.358599403152
2017-11-18,1.1231898850329871
2017-11-19,0.0
2017-11-20,0.0
2017-11-21,1.987825237437284
2017-11-22,0.0
2017-11-23,0.0
2017-11-24,0.0
2017-11-25,2.1407966693728246
2017-11-26,0.0
2017-11-27,0.0
2017-11-28,0.01738313405772839
2017-11-29,0.25174577005845766
2017-11-30,0.00016828115186378795
2017-12-01,0.0
2017-12-02,0.0
2017-12-03,6.0163418792948596e-05
2017-12-04,1.3315966561573627
2017-12-05,0.0
2017-12-06,0.0
2017-12-07,0.0
2017-12-08,0.0
2017-12-09,0.0
2017-12-10,0.0
2017-12-11,0.0
2017-12-12,0.0
2017-12-13,0.0
2017-12-14,0.0
2017-12-15,0.0
2017-12-16,0.0
2017-12-17,8.337910683297702
2017-12-18,0.4739987467759887
2017-12-19,0.0325743123379009
2017-12-20,0.8343370441151177
2017-12-21,0.619837231404309
2017-12-22,0.01027812702678276
2017-12-23,1.0520407355902366
2017-12-24,1.4364271516325804
2017-12-25,0.014981365970918403
2017-12-26,0.29821876020052046
2017-12-27,4.367619631251966e-06
2017-12-28,4.367619631251966e-06
2017-12-29,0.020171611554336798
2017-12-30,0.010161263482735593
2017-12-31,0.009198160297042731
2018-01-01,0.0
2018-01-02,0.0
2018-01-03,0.0
2018-01-04,0.0
2018-01-05,0.0
2018-01-06,0.0
2018-01-07,17.006287028504698
2018-01-08,0.6461864139065039
2018-01-09,0.0004439594671868142
2018-01-10,0.19291876445549466
2018-01-11,1.8991179692715563
2018-01-12,2.7622013962117968e-06
2018-01-13,0.0048444143590889565
2018-01-14,0.5379155173134392
2018-01-15,0.8126216480799693
2018-01-16,0.0
2018-01-17,0.0
2018-01-18,0.0
2018-01-19,0.0
2018-01-20,0.0
2018-01-21,0.0
2018-01-22,0.0
2018-01-23,0.0
2018-01-24,0.0
2018-01-25,0.0
2018-01-26,0.13745917044781505
2018-01-27,0.38246287996395784
2018-01-28,0.00026486101292628046
2018-01-29,0.1064157744445198
2018-01-30,0.0
2018-01-31,0.0
2018-02-01,0.0004876123178726677
2018-02-02,0.0
2018-02-03,0.014885646299437979
2018-02-04,0.02401150021359811
2018-02-05,0.0
2018-02-06,0.004251569984986404
2018-02-07,0.0037966798082425778
2018-02-08,0.0
2018-02-09,0.0
2018-02-10,0.03743250627692522
2018-02-11,1.6661681696406918
2018-02-12,0.0
2018-02-13,0.0007526188130346295
2018-02-14,0.5860770674908922
2018-02-15,0.03950031553680205
2018-02-16,0.06181560227295701
2018-02-17,1.0493348575897108
2018-02-18,0.0
2018-02-19,2.926624051888539
2018-02-20,20.873649689538194
2018-02-21,0.8722352202559184
2018-02-22,4.117387813901406
2018-02-23,6.009696350167623
2018-02-24,43.8512901695529
2018-02-25,0.004011932485874045
2018-02-26,0.035838956794235564
2018-02-27,0.42740176965327165
2018-02-28,3.4378046236800555
2018-03-01,0.0005717865911727338
2018-03-02,0.0
2018-03-03,0.0
2018-03-04,2.7130983446908666e-05
2018-03-05,0.00129443853643932
2018-03-06,0.20739959506164957
2018-03-07,0.004232920484726495
2018-03-08,0.0
2018-03-09,0.0
2018-03-10,0.020728876565714472
2018-03-11,0.0
2018-03-12,0.0
2018-03-13,0.0
2018-03-14,0.0
2018-03-15,0.0
2018-03-16,1.5075427273455513
2018-03-17,0.0017617960267140738
2018-03-18,3.748137086963954e-05
2018-03-19,19.410193940523907
2018-03-20,1.075292192062195
2018-03-21,0.0002703095585727766
2018-03-22,0.0
2018-03-23,1.2745660287842768
2018-03-24,0.17371856497705823
2018-03-25,0.9950209987787575
2018-03-26,2.8657330004407635
2018-03-27,24.500943313345317
2018-03-28,2.73019821924001
2018-03-29,0.8161531469728278
2018-03-30,0.19708406025779998
2018-03-31,2.2194598106308887
2018-04-01,0.14323315534140793
2018-04-02,0.02173100735913398
2018-04-03,0.7120856572565586
2018-04-04,0.0
2018-04-05,0.0
2018-04-06,0.1400096825766809
2018-04-07,1.9196097228433475
2018-04-08,0.4445456395076822
2018-04-09,0.028553978931459292
2018-04-10,2.9760862991517875e-08
2018-04-11,0.0
2018-04-12,0.0
2018-04-13,3.9274000773755593
2018-04-14,7.400670568447554
2018-04-15,0.6201718364317697
2018-04-16,0.0
2018-04-17,0.0
2018-04-18,0.0
2018-04-19,0.0
2018-04-20,0.0
2018-04-21,2.9147879213540744
2018-04-22,12.482904171366364
2018-04-23,0.021604727369336232
2018-04-24,0.24035264625511968
2018-04-25,7.662961909552476
2018-04-26,0.0
2018-04-27,0.0
2018-04-28,0.0
2018-04-29,0.0
2018-04-30,0.0
2018-05-01,0.9234996175275241
2018-05-02,1.1138404802392547
2018-05-03,19.89501282288737
2018-05-04,0.11104329982182577
2018-05-05,0.0
2018-05-06,1.8282792418170495
2018-05-07,0.0
2018-05-08,0.0018718823321140377
2018-05-09,1.129401400861217
2018-05-10,2.152005084808416
2018-05-11,0.0
2018-05-12,0.04222584735024453
2018-05-13,0.11947992137693668
2018-05-14,13.548908918864008
2018-05-15,20.981553227440006
2018-05-16,1.4286517627466635
2018-05-17,1.0258008371778657
2018-05-18,0.006797678001586433
2018-05-19,17.83591360615364
2018-05-20,33.07459987690154
2018-05-21,1.3955967429034
2018-05-22,0.009042923987615468
2018-05-23,1.9532308214275014
2018-05-24,6.945661212427872
2018-05-25,22.8256611638478
2018-05-26,0.27482522269135407
2018-05-27,0.08249231984125474
2018-05-28,0.2878951843962194
2018-05-29,0.05267448967171274
2018-05-30,1.9623079563607098
2018-05-31,20.554095176141306
2018-06-01,0.021225659889584785
2018-06-02,4.864658766627104
2018-06-03,0.0
2018-06-04,0.0
2018-06-05,0.0
2018-06-06,0.0
2018-06-07,2.6847999091586754
2018-06-08,1.6715449574052514
2018-06-09,0.0
2018-06-10,0.0035088036358206613
2018-06-11,1.3528207308277471
2018-06-12,14.291701388719497
2018-06-13,15.547191519060123
2018-06-14,0.26338804658818915
2018-06-15,1.165983800240406
2018-06-16,0.004856350287831405
2018-06-17,0.014093321656599505
2018-06-18,0.01963373117643611
2018-06-19,0.1866663131671661
2018-06-20,0.16621821117897298
2018-06-21,0.17244656817095463
2018-06-22,0.5560380597198312
2018-06-23,2.2954436042024167
2018-06-24,11.950503400103196
2018-06-25,8.051707620604548
2018-06-26,15.388162808341173
2018-06-27,0.07620974317166902
2018-06-28,0.0
2018-06-29,0.0
2018-06-30,0.3028985728878746
2018-07-01,37.17698654090675
2018-07-02,0.03802225264179177
2018-07-03,0.9707620821183199
2018-07-04,0.17566783961526308
2018-07-05,0.2796467454663352
2018-07-06,0.03004352196182097
2018-07-07,0.10475405346796912
2018-07-08,0.0
2018-07-09,0.045595259886592326
2018-07-10,0.01783298231303678
2018-07-11,0.1637648540900412
2018-07-12,0.06662532690966358
2018-07-13,0.2805554129646045
2018-07-14,3.4154179180635635
2018-07-15,4.438242634956499
2018-07-16,4.908495136792313
2018-07-17,4.695963955539556
2018-07-18,8.805967197455276
2018-07-19,3.9051408805781116
2018-07-20,2.989250253094489
2018-07-21,0.7286836189308805
2018-07-22,0.00033277783219389087
2018-07-23,0.0
2018-07-24,0.5811103280880796
2018-07-25,0.0
2018-07-26,3.2804313784600363
2018-07-27,0.003106115581009047
2018-07-28,7.089624075290003
2018-07-29,17.395525096798796
2018-07-30,5.935120395038681
2018-07-31,0.1851975745100908
2018-08-01,0.16368125946570258
2018-08-02,0.009533367346604118
2018-08-03,0.0
2018-08-04,0.0
2018-08-05,0.06076265298236817
2018-08-06,3.435493601749632
2018-08-07,22.497886433667663
2018-08-08,0.37906585073968213
2018-08-09,0.8204509670935822
2018-08-10,10.972591867936302
2018-08-11,0.04087326699392327
2018-08-12,0.10017403178706477
2018-08-13,1.9185236470930411
2018-08-14,14.45660562348172
2018-08-15,4.577204017644368
2018-08-16,0.3991318263267017
2018-08-17,26.641812620526455
2018-08-18,0.004744495672467173
2018-08-19,44.97580179841012
2018-08-20,13.204312583288976
2018-08-21,0.4610397583354834
2018-08-22,0.02467722017663343
2018-08-23,43.94728203223246
2018-08-24,1.3035515322774687
2018-08-25,1.1175962550380165
2018-08-26,0.0
2018-08-27,0.0
2018-08-28,0.0
2018-08-29,21.99661296159681
2018-08-30,10.300949072620385
2018-08-31,0.07202913208844793
2018-09-01,0.027234539828255456
2018-09-02,1.9670249620936828
2018-09-03,0.03286533724478644
2018-09-04,0.2616196223442877
2018-09-05,3.246452485085636
2018-09-06,16.162668719090856
2018-09-07,31.52288162244293
2018-09-08,11.353260346824566
2018-09-09,0.07005850095436367
2018-09-10,0.18847545772736288
2018-09-11,0.003293662740517556
2018-09-12,0.019603306302362376
2018-09-13,0.07464839099402143
2018-09-14,0.035586575435835016
2018-09-15,0.010214050024196486
2018-09-16,0.0
2018-09-17,0.10368715911938471
2018-09-18,0.9003060286265785
2018-09-19,0.035628518892866785
2018-09-20,0.2134456113865422
2018-09-21,8.450521291434962
2018-09-22,0.0
2018-09-23,6.318246850029235e-05
2018-09-24,0.22291490580359652
2018-09-25,2.9375634196773577
2018-09-26,1.7651093874942165
2018-09-27,0.0
2018-09-28,0.19272720838999008
2018-09-29,1.0483803820977287
2018-09-30,2.2869465693985176
2018-10-01,0.6675337560661495
2018-10-02,1.018850764214446
2018-10-03,0.004941071673035065
2018-10-04,18.835107935151086
2018-10-05,2.207860963082916
2018-10-06,18.22208848121409
2018-10-07,27.896204657487804
2018-10-08,30.50758125773582
2018-10-09,54.245902102108225
2018-10-10,9.59535418341229
2018-10-11,0.0
2018-10-12,2.017825721885569
2018-10-13,0.00288586043959469
2018-10-14,0.7595039602670425
2018-10-15,0.24405837008499087
2018-10-16,0.0
2018-10-17,0.0
2018-10-18,0.0
2018-10-19,0.0004373017679651646
2018-10-20,1.2269664760734247e-07
2018-10-21,0.0
2018-10-22,0.0
2018-10-23,0.0
2018-10-24,0.0
2018-10-25,4.848830933439222
2018-10-26,2.194449956265386
2018-10-27,0.00405395213949148
2018-10-28,0.0
2018-10-29,0.0
2018-10-30,4.540722167592304
2018-10-31,2.519492795928088
2018-11-01,2.381129750769069
2018-11-02,2.6756930076168093
2018-11-03,1.39899754909416
2018-11-04,12.52945456550192
2018-11-05,5.667328531282853
2018-11-06,0.037278125576391014
2018-11-07,0.011851133791511244
2018-11-08,4.732880606619311
2018-11-09,3.089927775419581
2018-11-10,0.0
2018-11-11,0.48718482313158884
2018-11-12,7.831338788483376
2018-11-13,0.007694022135646514
2018-11-14,0.0
2018-11-15,0.0
2018-11-16,0.0
2018-11-17,0.0
2018-11-18,0.38919577186459636
2018-11-19,0.009548870612919248
2018-11-20,0.0
2018-11-21,0.0
2018-11-22,0.0
2018-11-23,0.7808474581452148
2018-11-24,0.001487631469958143
2018-11-25,2.2180679721509975
2018-11-26,2.7399201726993745
2018-11-27,0.007515096620129092
2018-11-28,0.0
2018-11-29,0.8239035354635962
2018-11-30,2.4525460648861763
2018-12-01,25.248863174623864
2018-12-02,2.11396390160301
2018-12-03,0.034613711969698986
2018-12-04,0.09952782721428421
2018-12-05,0.0
2018-12-06,1.1278874085288846
2018-12-07,0.0
2018-12-08,0.0
2018-12-09,0.0
2018-12-10,0.0
2018-12-11,0.0
2018-12-12,0.0
2018-12-13,3.5035532821504463
2018-12-14,0.2898911028511117
2018-12-15,0.020829221563932472
2018-12-16,0.0
2018-12-17,0.0
2018-12-18,0.0
2018-12-19,0.0
2018-12-20,0.0
2018-12-21,0.0
2018-12-22,0.0
2018-12-23,0.0
2018-12-24,0.0
2018-12-25,0.0
2018-12-26,10.529278318280952
2018-12-27,11.793991259232362
2018-12-28,2.0535976654628252e-07
2018-12-29,0.04218229084284652
2018-12-30,0.0
2018-12-31,34.117722492129104
2019-01-01,10.005529225253941
2019-01-02,1.5703295570422837
2019-01-03,0.0
2019-01-04,8.271814580781374
2019-01-05,0.0
2019-01-06,1.1876266966827353
2019-01-07,1.4557290788461712
2019-01-08,0.0
2019-01-09,0.0
2019-01-10,0.0
2019-01-11,14.704887617230858
2019-01-12,24.449841088107526
2019-01-13,0.47428009761435785
2019-01-14,0.06073930535257243
2019-01-15,0.004322117142253502
2019-01-16,0.05640526154160941
2019-01-17,0.27210531818551187
2019-01-18,0.16144479329466507
2019-01-19,2.4044260344553847
2019-01-20,0.0
2019-01-21,0.0
2019-01-22,8.094710889885992
2019-01-23,3.056623728588785
2019-01-24,0.0016824804278076065
2019-01-25,0.013188061806916437
2019-01-26,0.0
2019-01-27,0.022376272450967512
2019-01-28,0.4917792345259972
2019-01-29,0.022307705056286688
2019-01-30,0.044318610997918305
2019-01-31,1.2202318256577623e-06
2019-02-01,0.0
2019-02-02,0.0
2019-02-03,0.0
2019-02-04,0.0
2019-02-05,0.0
2019-02-06,2.1490516676516593
2019-02-07,20.377991665515932
2019-02-08,0.0
2019-02-09,0.0
2019-02-10,3.5242442631533963
2019-02-11,5.773838764450591
2019-02-12,0.4141109942461019
2019-02-13,0.0
2019-02-14,0.0
2019-02-15,7.142059994188253
2019-02-16,2.0257853511619106
2019-02-17,0.7801546514569145
2019-02-18,0.006116025426572012
2019-02-19,0.1380669551688664
2019-02-20,13.626796928348858
2019-02-21,0.0
2019-02-22,0.6587066233957445
2019-02-23,6.609505971917835
2019-02-24,0.057634695101215716
2019-02-25,0.0
2019-02-26,6.115182960607955e-05
2019-02-27,0.0020699568439664687
2019-02-28,0.002355402879611523
2019-03-01,0.0004663533408554575
2019-03-02,0.29390138777017966
2019-03-03,6.891698459273104
2019-03-04,0.006602952939324561
2019-03-05,0.0
2019-03-06,0.0
2019-03-07,0.04496194697794747
2019-03-08,0.36551718509074704
2019-03-09,22.154124495555042
2019-03-10,0.0
2019-03-11,0.008490588370786705
2019-03-12,27.204169909001116
2019-03-13,28.693902130248464
2019-03-14,0.5672949228012615
2019-03-15,0.08183434424282147
2019-03-16,0.0
2019-03-17,0.0
2019-03-18,0.0
2019-03-19,0.0
2019-03-20,0.0
2019-03-21,0.0
2019-03-22,0.0
2019-03-23,5.826010644633948
2019-03-24,3.8967339595456925
2019-03-25,0.6025975284633827
2019-03-26,0.0009851815138832729
2019-03-27,0.0
2019-03-28,12.125874900548828
2019-03-29,10.566656586332337
2019-03-30,21.27843965407577
2019-03-31,0.0
2019-04-01,0.0
2019-04-02,0.0053592442164681516
2019-04-03,0.6764224129390318
2019-04-04,9.322957468465827
2019-04-05,0.022133216668782554
2019-04-06,0.012975851571499058
2019-04-07,10.566890560586096
2019-04-08,0.0
2019-04-09,0.0
2019-04-10,0.0038990244554882544
2019-04-11,0.010171085316912486
2019-04-12,0.0
2019-04-13,0.019961825203112696
2019-04-14,9.073660826313628
2019-04-15,0.0
2019-04-16,0.0
2019-04-17,0.34436790128240563
2019-04-18,17.058100759177723
2019-04-19,0.02052534849061342
2019-04-20,0.0
2019-04-21,0.0047778076401927645
2019-04-22,0.5952885827576093
2019-04-23,6.038651720321019
2019-04-24,5.017834606272978
2019-04-25,0.09716203718210835
2019-04-26,0.0
2019-04-27,2.6979200900988602
2019-04-28,1.00817873112374
2019-04-29,2.659848624979803
2019-04-30,34.023146823232544
2019-05-01,50.455851951434596
2019-05-02,14.457350820617366
2019-05-03,4.337183617653907
2019-05-04,0.11156482520540613
2019-05-05,0.0
2019-05-06,6.765400677946926
2019-05-07,7.9127435216959885
2019-05-08,50.65142356869065
2019-05-09,5.935899565991442
2019-05-10,0.00045791639408407234
2019-05-11,5.699048594002257
2019-05-12,0.7558324461126524
2019-05-13,0.0
2019-05-14,0.19645358908997768
2019-05-15,0.9823269175669954
2019-05-16,0.6766297198724586
2019-05-17,3.542005223869445e-05
2019-05-18,18.495472512000067
2019-05-19,1.581410670860961
2019-05-20,6.087717188392877
2019-05-21,118.04282121085076
2019-05-22,8.503029526621745
2019-05-23,47.60490295358826
2019-05-24,4.163272431121163
2019-05-25,7.164511868486495
2019-05-26,17.504873324935986
2019-05-27,0.8136739170308934
2019-05-28,3.1145960796669008
2019-05-29,13.444688858636619
2019-05-30,0.7936769535915819
2019-05-31,0.0
2019-06-01,1.4513897104632147
2019-06-02,0.3580463198935603
2019-06-03,6.9321606480319735
2019-06-04,4.6126583282828815
2019-06-05,0.09562263325025137
2019-06-06,1.0464997577407336
2019-06-07,0.1588636855734596
2019-06-08,0.0005582663263229718
2019-06-09,0.0014211577194968004
2019-06-10,0.0
2019-06-11,0.0
2019-06-12,10.593675260874095
2019-06-13,0.017025945318386887
2019-06-14,2.843376063225741
2019-06-15,11.885531477048074
2019-06-16,20.366106415431865
2019-06-17,5.75030445857772
2019-06-18,0.04661120416668957
2019-06-19,18.41423410929437
2019-06-20,0.09052406768604897
2019-06-21,10.550981203719735
2019-06-22,9.979428623819208
2019-06-23,58.96381282612609
2019-06-24,3.0320656695548474
2019-06-25,0.01727525366548267
2019-06-26,3.11097108773995
2019-06-27,0.0
2019-06-28,0.015144028643945748
2019-06-29,10.812323113758266
2019-06-30,0.0003492006921258038
2019-07-01,3.6650063461286573
2019-07-02,7.554874680829614
2019-07-03,11.986688308158918
2019-07-04,10.912053191964974
2019-07-05,2.445184519985012
2019-07-06,9.545430026504304
2019-07-07,16.0263962724821
2019-07-08,0.4802755188800086
2019-07-09,0.38676973592774355
2019-07-10,14.616621770404096
2019-07-11,3.521854277634407e-06
2019-07-12,0.002230064070575454
2019-07-13,0.0
2019-07-14,0.05181814222854662
2019-07-15,0.027553985265803525
2019-07-16,0.0005855240106582192
2019-07-17,6.341013695817563e-06
2019-07-18,0.0015555439849067258
2019-07-19,0.0
2019-07-20,0.0
2019-07-21,0.18352168590197168
2019-07-22,25.336412281138923
2019-07-23,0.0
2019-07-24,0.0
2019-07-25,0.0008170905431617319
2019-07-26,0.004538207880351153
2019-07-27,0.0
2019-07-28,0.0
2019-07-29,17.602726048658337
2019-07-30,0.0003606731613602546
2019-07-31,1.807072663338706
2019-08-01,36.93534269399712
2019-08-02,17.373475216345934
2019-08-03,18.79974064732517
2019-08-04,3.7402721709621125
2019-08-05,0.10186146397108994
2019-08-06,2.9394898009020483
2019-08-07,0.11277775538284658
2019-08-08,74.87683473495107
2019-08-09,1.2896630239746896
2019-08-10,1.0245360421698804
2019-08-11,29.399531537361952
2019-08-12,0.0015443144994412917
2019-08-13,12.082379284669251
2019-08-14,0.0025008260094174003
2019-08-15,0.029217728423551664
2019-08-16,55.44201412954998
2019-08-17,2.040485028631232
2019-08-18,26.37669527676218
2019-08-19,0.7101584003447393
2019-08-20,4.772292631756732
2019-08-21,0.3893270609383948
2019-08-22,22.734459219452447
2019-08-23,3.6861513728383604
2019-08-24,2.595915677263797
2019-08-25,7.210554128703974
2019-08-26,13.807491027084662
2019-08-27,4.485302106236599
2019-08-28,0.0
2019-08-29,1.1744929810211375
2019-08-30,42.04696684138041
2019-08-31,0.04098649427022561
2019-09-01,0.023412993054260468
2019-09-02,0.5271043526010608
2019-09-03,0.0
2019-09-04,0.01167829300487444
2019-09-05,0.0
2019-09-06,0.0
2019-09-07,0.0
2019-09-08,1.2888996964029091
2019-09-09,0.0
2019-09-10,0.554765264756617
2019-09-11,0.012581845311355108
2019-09-12,4.492640804833511
2019-09-13,11.480593874172229
2019-09-14,0.023171895938276593
2019-09-15,0.0
2019-09-16,0.12412621899512004
2019-09-17,0.0
2019-09-18,0.11274713629839957
2019-09-19,1.1779079679244864
2019-09-20,0.37609393761029686
2019-09-21,5.103461241957622
2019-09-22,44.80006350565461
2019-09-23,1.245753083058779
2019-09-24,2.616176140676331
2019-09-25,5.152490284883371
2019-09-26,16.979559113453153
2019-09-27,0.005654947023296217
2019-09-28,23.434623798903978
2019-09-29,2.2799489750044852
2019-09-30,0.00015134693122589865
2019-10-01,0.008847912158468982
2019-10-02,0.34640615471316705
2019-10-03,13.565104952274023
2019-10-04,0.20568968803321672
2019-10-05,3.7111294001544763
2019-10-06,0.17526068021347424
2019-10-07,1.6243518015991356e-05
2019-10-08,0.0
2019-10-09,10.591861211646856
2019-10-10,31.17335339892262
2019-10-11,0.0001584050909765015
2019-10-12,0.0
2019-10-13,0.0
2019-10-14,0.0
2019-10-15,0.003520850423145585
2019-10-16,0.0
2019-10-17,0.0
2019-10-18,0.0
2019-10-19,0.0
2019-10-20,0.0
2019-10-21,9.886986377654424
2019-10-22,0.0010145199958830093
2019-10-23,0.0037342565086653694
2019-10-24,2.178092622486684
2019-10-25,12.837777813540097
2019-10-26,0.0
2019-10-27,0.00020928660508185418
2019-10-28,2.2806097838343935
2019-10-29,4.302508995459107
2019-10-30,19.242973544779566
2019-10-31,0.9665686850242284
2019-11-01,0.009964794647247211
2019-11-02,0.009964794647247211
2019-11-03,0.009964794647247211
2019-11-04,0.009964794647247211
2019-11-05,0.009964794647247211
2019-11-06,4.297180273076967
2019-11-07,3.455287408487798
2019-11-08,0.0
2019-11-09,0.0
2019-11-10,0.0
2019-11-11,3.262693263189085
2019-11-12,0.0
2019-11-13,0.0
2019-11-14,0.0
2019-11-15,0.0
2019-11-16,0.0
2019-11-17,0.5069333215573495
2019-11-18,0.19170576159346822
2019-11-19,0.0
2019-11-20,5.243447097459309
2019-11-21,6.734601358808421
2019-11-22,1.6736345783113145
2019-11-23,0.66834914991879
2019-11-24,0.0
2019-11-25,0.0
2019-11-26,0.23797230110469753
2019-11-27,0.0011842688352316907
2019-11-28,5.002938050499874
2019-11-29,1.881658657016754
2019-11-30,17.70764713973272
2019-12-01,0.0
2019-12-02,0.0
2019-12-03,0.0
2019-12-04,0.0
2019-12-05,0.0
2019-12-06,0.09188593871259147
2019-12-07,0.0
2019-12-08,0.0008707845734975741
2019-12-09,0.08693335285386787
2019-12-10,0.0
2019-12-11,0.0
2019-12-12,0.0
2019-12-13,0.0
2019-12-14,0.0027021910070766752
2019-12-15,0.4240038783034212
2019-12-16,0.0
2019-12-17,0.0
2019-12-18,0.0
2019-12-19,0.0
2019-12-20,0.0
2019-12-21,0.0
2019-12-22,0.0
2019-12-23,0.0
2019-12-24,0.0
2019-12-25,0.0
2019-12-26,1.4591518220029878e-06
2019-12-27,0.8049847400725996
2019-12-28,25.117599902318123
2019-12-29,17.012703242920132
2019-12-30,0.27576739685855634
2019-12-31,2.004403790970278e-06
