,precipitation
1989-01-01,0.0
1989-01-02,0.0
1989-01-03,0.0
1989-01-04,0.0
1989-01-05,0.0
1989-01-06,0.9492909389007033
1989-01-07,1.9340922032615273
1989-01-08,0.15017479657106883
1989-01-09,0.011555943998526445
1989-01-10,0.03504163104797882
1989-01-11,3.626003701923762e-05
1989-01-12,0.0
1989-01-13,0.0
1989-01-14,8.745116534118828e-06
1989-01-15,0.00031673445832300704
1989-01-16,1.0210351630834928
1989-01-17,0.0
1989-01-18,1.0630206921259413
1989-01-19,25.536040097918733
1989-01-20,7.338676413706604
1989-01-21,0.0
1989-01-22,0.031140311161475
1989-01-23,0.048081884492499255
1989-01-24,0.4181307176818346
1989-01-25,2.145674337911966
1989-01-26,2.7348807712789887
1989-01-27,0.24263495877018348
1989-01-28,5.634106784169945
1989-01-29,9.893912778727595
1989-01-30,0.05946677334977598
1989-01-31,0.33524134153491564
1989-02-01,0.8167388434190167
1989-02-02,0.8816476934119143
1989-02-03,1.0989844968394586
1989-02-04,0.0
1989-02-05,0.0
1989-02-06,0.0
1989-02-07,7.026247610163324
1989-02-08,3.5411003129030902
1989-02-09,1.795300753801476
1989-02-10,0.058079127600660016
1989-02-11,0.0
1989-02-12,0.0
1989-02-13,0.0
1989-02-14,0.004462708674617524
1989-02-15,1.3788006463081277
1989-02-16,1.6095103135049524
1989-02-17,0.0010266014775730853
1989-02-18,0.0
1989-02-19,0.018392371486978525
1989-02-20,5.495243795377383
1989-02-21,2.0607892618395476
1989-02-22,0.0
1989-02-23,0.000344406919166062
1989-02-24,0.0
1989-02-25,0.0
1989-02-26,0.07982732252416637
1989-02-27,0.07982732252416637
1989-02-28,0.18353953089155844
1989-03-01,1.2604241485775476
1989-03-02,18.79583063122672
1989-03-03,0.5712371965379466
1989-03-04,0.5654726377166668
1989-03-05,0.12288776041343923
1989-03-06,0.0
1989-03-07,0.0
1989-03-08,0.0
1989-03-09,0.0
1989-03-10,0.0
1989-03-11,0.08105925635462471
1989-03-12,7.805039577991955e-06
1989-03-13,0.0
1989-03-14,0.00045112086267053045
1989-03-15,3.851972175688489e-05
1989-03-16,0.0007156906580680204
1989-03-17,0.002632780619050788
1989-03-18,2.339390682044402e-07
1989-03-19,0.0
1989-03-20,1.025089326045392
1989-03-21,17.194731253084772
1989-03-22,2.098029195583119
1989-03-23,0.4059853061054268
1989-03-24,0.2502817820957644
1989-03-25,6.449720010439556
1989-03-26,1.4512774205095027
1989-03-27,0.0
1989-03-28,0.0
1989-03-29,6.054615682057428
1989-03-30,10.799066674932856
1989-03-31,0.024702471091558074
1989-04-01,2.704742770354845
1989-04-02,0.029361094969195346
1989-04-03,0.2979277574130191
1989-04-04,0.0010023073072314875
1989-04-05,0.5459970325823207
1989-04-06,0.013225416290751977
1989-04-07,1.4628607961312963
1989-04-08,1.2219948085323848
1989-04-09,25.83047385504498
1989-04-10,18.445960921799344
1989-04-11,5.3305833517911686e-05
1989-04-12,5.3305833517911686e-05
1989-04-13,0.00010405988500783714
1989-04-14,5.3305833517911686e-05
1989-04-15,5.3305833517911686e-05
1989-04-16,22.283588908177194
1989-04-17,10.474746322130082
1989-04-18,0.0003553289804095423
1989-04-19,0.0
1989-04-20,0.0
1989-04-21,0.0
1989-04-22,0.0
1989-04-23,0.0
1989-04-24,0.0
1989-04-25,0.0
1989-04-26,5.981169396758788
1989-04-27,0.21399870663088102
1989-04-28,0.1650650365678699
1989-04-29,9.4300916584048
1989-04-30,0.6410542629002215
1989-05-01,0.0
1989-05-02,0.0
1989-05-03,0.0
1989-05-04,0.0
1989-05-05,0.0
1989-05-06,14.522156447712394
1989-05-07,0.00010924639819618477
1989-05-08,0.02808037379908655
1989-05-09,0.0
1989-05-10,0.0
1989-05-11,0.0
1989-05-12,0.0
1989-05-13,0.0
1989-05-14,0.0
1989-05-15,0.3783949716447638
1989-05-16,0.06259094425974751
1989-05-17,0.0
1989-05-18,0.0
1989-05-19,0.0019616581968686787
1989-05-20,0.00012741603297570343
1989-05-21,0.0
1989-05-22,0.0
1989-05-23,3.347969312663133
1989-05-24,0.4903195409496104
1989-05-25,0.0
1989-05-26,0.0
1989-05-27,0.0
1989-05-28,0.0
1989-05-29,0.0
1989-05-30,0.0
1989-05-31,0.0
1989-06-01,0.0
1989-06-02,0.9455190179782338
1989-06-03,0.016043903049811663
1989-06-04,0.0
1989-06-05,0.0
1989-06-06,0.0
1989-06-07,0.0
1989-06-08,0.0
1989-06-09,0.0
1989-06-10,0.0
1989-06-11,0.0
1989-06-12,0.0
1989-06-13,0.0
1989-06-14,0.0
1989-06-15,0.0
1989-06-16,0.0
1989-06-17,0.0
1989-06-18,0.0
1989-06-19,0.0
1989-06-20,0.0
1989-06-21,3.7548039584758635
1989-06-22,3.331376419035425
1989-06-23,0.016117073934610645
1989-06-24,0.0016328740355716677
1989-06-25,0.014225851962717737
1989-06-26,0.20472602099466383
1989-06-27,1.709441746417411
1989-06-28,1.72552578433466
1989-06-29,0.0058986149735158885
1989-06-30,7.1806892540425435
1989-07-01,0.8821823096264542
1989-07-02,0.2897077187762119
1989-07-03,0.0
1989-07-04,0.014828494367124821
1989-07-05,0.0002721506004053545
1989-07-06,0.0
1989-07-07,0.004197984897129277
1989-07-08,0.0
1989-07-09,0.0008871188701318204
1989-07-10,0.0013003236521510573
1989-07-11,0.0
1989-07-12,1.0185551303409488
1989-07-13,0.12075315315207827
1989-07-14,0.0022022773913746656
1989-07-15,0.0
1989-07-16,0.0
1989-07-17,0.0
1989-07-18,0.0
1989-07-19,0.0
1989-07-20,3.1209429684979813
1989-07-21,0.27847179597359917
1989-07-22,0.12923553790937417
1989-07-23,25.71559799515694
1989-07-24,1.9872110477282952
1989-07-25,0.0
1989-07-26,0.14172879571752306
1989-07-27,1.7047977657446982
1989-07-28,4.934176308290528
1989-07-29,0.7629599272983
1989-07-30,0.7309090633600195
1989-07-31,0.0
1989-08-01,0.0
1989-08-02,2.245647137281547e-06
1989-08-03,0.6474362470019246
1989-08-04,17.576551722175964
1989-08-05,0.0
1989-08-06,0.0
1989-08-07,0.0008126769578106571
1989-08-08,0.19581489892606074
1989-08-09,32.512528018507794
1989-08-10,2.0365058320765765
1989-08-11,0.0
1989-08-12,0.0
1989-08-13,0.0
1989-08-14,0.0
1989-08-15,0.0
1989-08-16,0.0
1989-08-17,0.3264724605796779
1989-08-18,0.0037669474182821243
1989-08-19,11.716722234983319
1989-08-20,0.7346492102400722
1989-08-21,12.590838095538865
1989-08-22,9.639272939604888
1989-08-23,2.640809888320189e-06
1989-08-24,0.5341654271550074
1989-08-25,8.696709384743439e-05
1989-08-26,0.0
1989-08-27,0.02813115099127737
1989-08-28,0.0
1989-08-29,0.0
1989-08-30,4.085708372189607
1989-08-31,2.3175829518678848
1989-09-01,0.001674127866838847
1989-09-02,0.0
1989-09-03,0.0
1989-09-04,0.0
1989-09-05,0.6745251138420587
1989-09-06,0.0
1989-09-07,0.0
1989-09-08,0.0
1989-09-09,0.0
1989-09-10,0.0
1989-09-11,2.981271220282536
1989-09-12,0.47702348702540337
1989-09-13,2.5238561725769353
1989-09-14,0.49371118386173934
1989-09-15,0.007830153669270853
1989-09-16,0.2800264104690642
1989-09-17,0.14630317090671446
1989-09-18,0.0
1989-09-19,0.0
1989-09-20,0.0
1989-09-21,0.0015597641173441582
1989-09-22,27.150983420402504
1989-09-23,31.022690824599717
1989-09-24,0.06650738507101323
1989-09-25,0.012207383594392288
1989-09-26,0.0
1989-09-27,0.0
1989-09-28,0.0
1989-09-29,0.0
1989-09-30,0.0
1989-10-01,0.0
1989-10-02,4.613120336261487
1989-10-03,1.7283769768727102
1989-10-04,0.0
1989-10-05,0.0
1989-10-06,0.2741038177877186
1989-10-07,1.5563107089995434
1989-10-08,0.5982285883219195
1989-10-09,0.0
1989-10-10,3.050003117332424
1989-10-11,0.0
1989-10-12,0.0
1989-10-13,0.0
1989-10-14,0.0
1989-10-15,0.0
1989-10-16,0.0
1989-10-17,0.0
1989-10-18,0.0
1989-10-19,0.0
1989-10-20,0.0
1989-10-21,0.00644676816574293
1989-10-22,0.0
1989-10-23,0.0
1989-10-24,0.9112371893428166
1989-10-25,31.25277178336732
1989-10-26,27.744001450670705
1989-10-27,0.0
1989-10-28,0.0
1989-10-29,0.0007937132047772744
1989-10-30,4.7606491999549805
1989-10-31,0.16841036070610427
1989-11-01,0.0
1989-11-02,3.3500495291071033
1989-11-03,22.31676129389653
1989-11-04,0.037591606372441834
1989-11-05,7.34001711473022e-05
1989-11-06,0.0
1989-11-07,0.0072155114579085045
1989-11-08,3.117815034973744
1989-11-09,0.09279484004911971
1989-11-10,0.0011775612063005601
1989-11-11,6.740964398290327
1989-11-12,34.92586551493263
1989-11-13,3.7556090017146344
1989-11-14,0.003392084668016242
1989-11-15,0.0
1989-11-16,0.0
1989-11-17,0.0
1989-11-18,0.0
1989-11-19,0.26322137757923575
1989-11-20,3.8484834083229695
1989-11-21,0.43686432922446955
1989-11-22,2.324083023628208
1989-11-23,18.044013206246042
1989-11-24,15.177647578541544
1989-11-25,0.008657909918101805
1989-11-26,0.0
1989-11-27,0.2299699506750869
1989-11-28,0.0
1989-11-29,1.77809197859565
1989-11-30,0.4006731239508666
1989-12-01,0.20118625861236691
1989-12-02,1.4944230688717044
1989-12-03,7.293584803933868
1989-12-04,0.01294821705545745
1989-12-05,0.00012355559701945738
1989-12-06,0.005868094586701572
1989-12-07,2.8878453523655545
1989-12-08,0.048080003601331266
1989-12-09,1.7751338500084777
1989-12-10,0.17036527480906705
1989-12-11,0.0
1989-12-12,0.0
1989-12-13,0.0
1989-12-14,0.0
1989-12-15,0.0
1989-12-16,0.03880837494790573
1989-12-17,39.729729639082024
1989-12-18,0.04265357884400661
1989-12-19,0.11202133307516904
1989-12-20,0.0
1989-12-21,0.0
1989-12-22,0.0
1989-12-23,0.0
1989-12-24,0.0
1989-12-25,0.0
1989-12-26,4.547652416747387
1989-12-27,5.68322244386762
1989-12-28,2.877735013008289
1989-12-29,6.034860402271007
1989-12-30,2.891217294523477
1989-12-31,0.0708693792781739
1990-01-01,0.0
1990-01-02,0.0
1990-01-03,0.0
1990-01-04,0.0
1990-01-05,0.0
1990-01-06,0.0
1990-01-07,0.0
1990-01-08,0.0
1990-01-09,0.0
1990-01-10,0.0
1990-01-11,0.17779090904810207
1990-01-12,0.6479968045590754
1990-01-13,0.8624692015911293
1990-01-14,3.3218107600520126
1990-01-15,0.08356035703269245
1990-01-16,0.0
1990-01-17,0.0
1990-01-18,0.0
1990-01-19,0.0
1990-01-20,0.0
1990-01-21,0.0
1990-01-22,0.03736393178812373
1990-01-23,0.04968915762407106
1990-01-24,22.46772246704504
1990-01-25,4.3258674011655595e-06
1990-01-26,0.01093872132345739
1990-01-27,0.1287304799771776
1990-01-28,4.574863469401454
1990-01-29,2.1159379518503414
1990-01-30,5.61857877424906
1990-01-31,21.113282275897905
1990-02-01,7.635455469530994
1990-02-02,7.222319309664976
1990-02-03,12.60565534261593
1990-02-04,16.851463716510995
1990-02-05,0.5210787387997415
1990-02-06,0.04183123668157606
1990-02-07,0.5712518038201723
1990-02-08,8.468263549801385
1990-02-09,6.479076139705425
1990-02-10,10.108604843218501
1990-02-11,79.38384409398876
1990-02-12,63.78939812916932
1990-02-13,8.280702845674153
1990-02-14,20.032205065300612
1990-02-15,23.912384021241543
1990-02-16,1.686231223136277
1990-02-17,0.12933332530692399
1990-02-18,2.3136216847169626
1990-02-19,0.03807938206831515
1990-02-20,0.0
1990-02-21,0.030359427667845707
1990-02-22,2.8489875974371857
1990-02-23,22.09109758529816
1990-02-24,0.2653028325191817
1990-02-25,0.0094200019666344
1990-02-26,21.733726128212165
1990-02-27,11.438411789817113
1990-02-28,1.243404653211751
1990-03-01,0.11340882075958116
1990-03-02,0.0
1990-03-03,0.004528912049928603
1990-03-04,0.03704482780048933
1990-03-05,6.348552823458633
1990-03-06,1.526065611840969
1990-03-07,0.13170749038678395
1990-03-08,52.49942444803575
1990-03-09,14.230868344021097
1990-03-10,11.08143016081561
1990-03-11,41.45430829329336
1990-03-12,35.48906668260415
1990-03-13,16.782578860789815
1990-03-14,11.82638496950979
1990-03-15,4.7956345332532475
1990-03-16,2.0030834215116284
1990-03-17,0.14733834912635546
1990-03-18,0.1293215662441298
1990-03-19,0.018244894939975505
1990-03-20,0.40198457645643443
1990-03-21,0.001446252036102308
1990-03-22,0.019732493166874324
1990-03-23,0.3116375102429491
1990-03-24,1.9964263036902863
1990-03-25,0.0
1990-03-26,0.3516684465054381
1990-03-27,0.8047455748044537
1990-03-28,0.0
1990-03-29,2.2492724122475036
1990-03-30,93.51984522539139
1990-03-31,1.926286279037789
1990-04-01,0.002105202618830724
1990-04-02,0.882467944109551
1990-04-03,0.0009327431708278917
1990-04-04,1.9280462509113487
1990-04-05,2.216976520877711
1990-04-06,0.573150344881988
1990-04-07,0.34008135189221633
1990-04-08,1.5787172521555473
1990-04-09,0.7899155965928151
1990-04-10,0.04904553393439276
1990-04-11,0.04452476124520287
1990-04-12,0.31366770579405095
1990-04-13,2.891921879362402
1990-04-14,0.0769373065929794
1990-04-15,16.547250094255546
1990-04-16,29.395426826433056
1990-04-17,9.880634667772977
1990-04-18,0.0
1990-04-19,0.0
1990-04-20,5.2968868966986635
1990-04-21,11.530590382703775
1990-04-22,32.00821325666164
1990-04-23,31.172537687343585
1990-04-24,26.999000679539648
1990-04-25,19.276691619840747
1990-04-26,12.848088357567601
1990-04-27,0.004270257305281914
1990-04-28,0.0003479901134953878
1990-04-29,0.0
1990-04-30,0.0006409101065560306
1990-05-01,0.0
1990-05-02,0.0
1990-05-03,0.0
1990-05-04,0.0
1990-05-05,0.0
1990-05-06,1.9867497589298506
1990-05-07,0.8398325727468532
1990-05-08,0.0
1990-05-09,0.007854423145081535
1990-05-10,21.781416839214998
1990-05-11,0.0
1990-05-12,0.5320060836047497
1990-05-13,1.227304993878966
1990-05-14,6.125440227263738
1990-05-15,0.12472487530042997
1990-05-16,0.0
1990-05-17,0.07876256434316126
1990-05-18,0.0160669762495288
1990-05-19,5.691673861818627e-07
1990-05-20,0.0
1990-05-21,0.3006426070674172
1990-05-22,0.0
1990-05-23,0.0
1990-05-24,0.0
1990-05-25,0.0
1990-05-26,4.531802097316518
1990-05-27,23.3144403777785
1990-05-28,0.0
1990-05-29,2.3131655739661676
1990-05-30,11.645406462002523
1990-05-31,0.9957870558897741
1990-06-01,0.0003594469985744494
1990-06-02,0.0
1990-06-03,0.08864598620180943
1990-06-04,8.784990296533502
1990-06-05,4.40420312758085
1990-06-06,0.0
1990-06-07,0.0
1990-06-08,0.0
1990-06-09,0.0
1990-06-10,0.0
1990-06-11,0.0
1990-06-12,1.0064050515615193
1990-06-13,4.089755527622593
1990-06-14,0.058147597601474914
1990-06-15,0.3279635577217425
1990-06-16,0.0
1990-06-17,0.0
1990-06-18,0.0
1990-06-19,0.3534004498697756
1990-06-20,2.980078983342806
1990-06-21,0.0
1990-06-22,0.0
1990-06-23,0.0
1990-06-24,0.0
1990-06-25,0.0
1990-06-26,0.0
1990-06-27,0.0
1990-06-28,0.0
1990-06-29,0.0011586914905518087
1990-06-30,0.05537571911668013
1990-07-01,0.8436571948934508
1990-07-02,0.17981554789183868
1990-07-03,0.6458445388054882
1990-07-04,1.054896434121894
1990-07-05,0.26841138584405416
1990-07-06,0.0018367376529363022
1990-07-07,0.0012454087843766473
1990-07-08,0.004912968641289423
1990-07-09,0.02274910399333495
1990-07-10,0.0023028833134157763
1990-07-11,0.0
1990-07-12,0.00048627040049247335
1990-07-13,0.0
1990-07-14,0.0
1990-07-15,0.8362691766793307
1990-07-16,18.855187457317193
1990-07-17,1.2919398044933141
1990-07-18,0.3010002830302598
1990-07-19,0.0
1990-07-20,0.011513844941912668
1990-07-21,0.011226837178035947
1990-07-22,0.0
1990-07-23,0.0
1990-07-24,0.004002789169581428
1990-07-25,0.016819220134045867
1990-07-26,0.0
1990-07-27,0.0
1990-07-28,0.0
1990-07-29,0.8833473809879562
1990-07-30,0.05438448906354457
1990-07-31,8.919848440875752e-08
1990-08-01,0.0
1990-08-02,0.0
1990-08-03,0.0
1990-08-04,0.0
1990-08-05,0.0
1990-08-06,0.0
1990-08-07,0.0
1990-08-08,0.23174436133388673
1990-08-09,6.77946830919805
1990-08-10,0.0
1990-08-11,0.0
1990-08-12,0.0
1990-08-13,0.0
1990-08-14,0.06130274800877126
1990-08-15,3.7502085559985257
1990-08-16,0.0
1990-08-17,0.0
1990-08-18,0.0
1990-08-19,0.0
1990-08-20,0.0
1990-08-21,0.0
1990-08-22,0.0
1990-08-23,0.0
1990-08-24,0.0
1990-08-25,0.0
1990-08-26,0.8823017617007007
1990-08-27,12.14576097060858
1990-08-28,0.12049626686867158
1990-08-29,0.0
1990-08-30,0.0
1990-08-31,2.2677661097082944
1990-09-01,0.0
1990-09-02,0.0
1990-09-03,0.0
1990-09-04,0.0
1990-09-05,0.0
1990-09-06,8.363329833175209
1990-09-07,15.592628210451124
1990-09-08,4.071331945099409
1990-09-09,1.9355286501429528e-05
1990-09-10,0.0
1990-09-11,21.340699622264633
1990-09-12,1.2270897472429987
1990-09-13,0.386060285248963
1990-09-14,0.0
1990-09-15,0.0
1990-09-16,0.0
1990-09-17,1.908532572093712
1990-09-18,20.795299264614883
1990-09-19,0.04830842465559161
1990-09-20,4.7930201862023925
1990-09-21,8.737018598434936
1990-09-22,2.2452779282304425
1990-09-23,0.04473885090323601
1990-09-24,0.0057785678672255605
1990-09-25,0.0
1990-09-26,0.0
1990-09-27,0.0
1990-09-28,1.8871911123752667e-05
1990-09-29,1.3678237689799513
1990-09-30,0.004050252270976334
1990-10-01,0.0
1990-10-02,0.0
1990-10-03,0.02178156772861104
1990-10-04,0.07151484151041175
1990-10-05,15.023772506558776
1990-10-06,14.75334059683589
1990-10-07,29.58968365213233
1990-10-08,1.820400528171242
1990-10-09,0.010984417444929683
1990-10-10,0.0
1990-10-11,18.179426450379154
1990-10-12,6.2574014232064625
1990-10-13,0.0249127169075195
1990-10-14,1.6975876064027372e-05
1990-10-15,0.0
1990-10-16,0.0
1990-10-17,0.0
1990-10-18,0.0
1990-10-19,0.0
1990-10-20,0.0
1990-10-21,0.13390186223638897
1990-10-22,0.0
1990-10-23,0.059070852073693524
1990-10-24,0.20253681404046384
1990-10-25,0.04775813835550141
1990-10-26,28.180830992906206
1990-10-27,1.6297164521338874
1990-10-28,3.2579834532946523
1990-10-29,5.970583959363218
1990-10-30,9.746590266664128
1990-10-31,2.5166123650387995
1990-11-01,0.010284139511040218
1990-11-02,0.031223245344057245
1990-11-03,18.694457150869123
1990-11-04,17.113097272257203
1990-11-05,0.0
1990-11-06,0.24660712931964812
1990-11-07,0.9604702238572727
1990-11-08,0.8001395571098409
1990-11-09,1.8054933596222789
1990-11-10,0.0089267974443679
1990-11-11,6.34531975408251
1990-11-12,4.696938715007922
1990-11-13,0.32219112448837867
1990-11-14,19.651442465249232
1990-11-15,19.78634750947364
1990-11-16,1.8070426557237538
1990-11-17,0.0
1990-11-18,0.30041889411789835
1990-11-19,5.627544511846208
1990-11-20,36.55225111058605
1990-11-21,0.07563532477975289
1990-11-22,0.0
1990-11-23,0.0
1990-11-24,0.0
1990-11-25,0.2575841961279361
1990-11-26,22.034861570868514
1990-11-27,0.0
1990-11-28,0.0
1990-11-29,0.0
1990-11-30,0.3918935063378837
1990-12-01,0.01033059852441726
1990-12-02,12.198489950749206
1990-12-03,0.019907627305065522
1990-12-04,0.0
1990-12-05,15.854513357703045
1990-12-06,38.63672114180494
1990-12-07,0.09345854960377133
1990-12-08,0.0
1990-12-09,7.017297836120312
1990-12-10,52.85479196555658
1990-12-11,0.05970062628698091
1990-12-12,0.016568123356198266
1990-12-13,0.20728615377355408
1990-12-14,0.0012834345329067267
1990-12-15,0.0
1990-12-16,0.0
1990-12-17,0.0002820951074125365
1990-12-18,6.441746278602831
1990-12-19,0.0
1990-12-20,0.0
1990-12-21,0.0
1990-12-22,5.6642895051799265
1990-12-23,0.5684650645760078
1990-12-24,11.129239079244032
1990-12-25,0.0007613487450025157
1990-12-26,7.86810319086897e-05
1990-12-27,1.7971507787128054
1990-12-28,1.886277671617228
1990-12-29,0.0
1990-12-30,0.0
1990-12-31,0.0
1991-01-01,0.0
1991-01-02,0.0
1991-01-03,0.0
1991-01-04,0.0
1991-01-05,0.0
1991-01-06,2.154278410218661e-06
1991-01-07,0.00026453441257108144
1991-01-08,0.00023826609446988024
1991-01-09,0.016970788569119318
1991-01-10,0.006339047784723233
1991-01-11,0.00021953974450444075
1991-01-12,9.381537790378492e-05
1991-01-13,0.0002666113938131979
1991-01-14,7.636289791406545e-06
1991-01-15,3.2533901592787965e-07
1991-01-16,0.0
1991-01-17,0.0
1991-01-18,0.0
1991-01-19,0.0
1991-01-20,0.0
1991-01-21,28.638868398434674
1991-01-22,0.6190372531032672
1991-01-23,0.00017228825620866685
1991-01-24,3.242869493992041
1991-01-25,1.4018680535946977
1991-01-26,0.0868187632911238
1991-01-27,0.007592592867251559
1991-01-28,7.325006727086045e-05
1991-01-29,4.157018110813275
1991-01-30,28.951995885835863
1991-01-31,0.35636541239285197
1991-02-01,0.0002733364701493554
1991-02-02,0.006832141859076971
1991-02-03,0.0002908818612867027
1991-02-04,0.22444101434900549
1991-02-05,1.2328615675235195
1991-02-06,0.5977397147266547
1991-02-07,0.03201851990806236
1991-02-08,0.006041362861684013
1991-02-09,1.8056493599289336
1991-02-10,1.5624500433937414
1991-02-11,1.6719814976086356
1991-02-12,0.03855335224156208
1991-02-13,2.3274587419293167
1991-02-14,0.4900936607267511
1991-02-15,0.018831908496248433
1991-02-16,0.0018399651617309377
1991-02-17,0.0018399651617309377
1991-02-18,0.45448824475410404
1991-02-19,0.014469864010546238
1991-02-20,2.109431137546232
1991-02-21,1.0618938849192492
1991-02-22,0.8252178129389849
1991-02-23,4.839439937994607e-05
1991-02-24,4.839439937994607e-05
1991-02-25,4.839439937994607e-05
1991-02-26,0.0032587215572353542
1991-02-27,0.0019059631459040964
1991-02-28,7.272806988401156
1991-03-01,2.4058511047416204
1991-03-02,0.20523064641970076
1991-03-03,0.0018135513447153058
1991-03-04,4.871065388480115e-05
1991-03-05,3.4519449687623794e-05
1991-03-06,0.0
1991-03-07,0.0
1991-03-08,0.0
1991-03-09,0.0
1991-03-10,0.0
1991-03-11,0.0
1991-03-12,0.0
1991-03-13,0.0
1991-03-14,0.0
1991-03-15,0.0
1991-03-16,0.01543033831125297
1991-03-17,1.2753334612681968
1991-03-18,0.04544541698613749
1991-03-19,6.342851054954412e-06
1991-03-20,6.325451679412463e-06
1991-03-21,0.06519324275392317
1991-03-22,0.0005972349844619072
1991-03-23,0.0005972349844619072
1991-03-24,0.0005972349844619072
1991-03-25,0.7546325498494795
1991-03-26,0.0
1991-03-27,0.0
1991-03-28,0.0
1991-03-29,0.0
1991-03-30,0.0
1991-03-31,0.0
1991-04-01,0.18916388796241723
1991-04-02,0.18888800504950798
1991-04-03,0.1891492330559005
1991-04-04,0.5825144086126139
1991-04-05,0.18888800504950798
1991-04-06,0.0007609534967579387
1991-04-07,15.212227560122574
1991-04-08,0.005813160321579807
1991-04-09,1.1354632163441576
1991-04-10,26.845387371672
1991-04-11,0.4070983902992683
1991-04-12,0.5469350370991481
1991-04-13,0.28569419646915006
1991-04-14,7.408081192108395
1991-04-15,21.409581416921387
1991-04-16,42.27200519888147
1991-04-17,52.98140922408416
1991-04-18,0.08484857611245254
1991-04-19,9.737530356173137e-05
1991-04-20,9.737530356173137e-05
1991-04-21,2.431284278747905e-05
1991-04-22,0.08284242769883966
1991-04-23,12.854477174059413
1991-04-24,0.4902496329944215
1991-04-25,0.6019186446912458
1991-04-26,0.0
1991-04-27,0.0
1991-04-28,0.0
1991-04-29,0.0
1991-04-30,0.0
1991-05-01,1.4187216787082104
1991-05-02,6.487273313540144
1991-05-03,3.807172330349117
1991-05-04,27.57750917836505
1991-05-05,2.794905203932194
1991-05-06,0.033604538936896966
1991-05-07,0.033604538936896966
1991-05-08,0.033604538936896966
1991-05-09,0.033604538936896966
1991-05-10,0.035432937092850635
1991-05-11,0.006621174399919629
1991-05-12,8.34361016035532e-05
1991-05-13,0.23001118929497502
1991-05-14,13.436921334526714
1991-05-15,2.0239640030096164
1991-05-16,0.005912098245281306
1991-05-17,0.002325831265182689
1991-05-18,3.890737267605366e-06
1991-05-19,3.890737267605366e-06
1991-05-20,0.01779549524975319
1991-05-21,4.824321655275935
1991-05-22,19.185157063202617
1991-05-23,8.978976586071669e-05
1991-05-24,8.864847642496321e-05
1991-05-25,0.0031308475737244442
1991-05-26,5.808375294380286
1991-05-27,4.032163151377122
1991-05-28,9.484426458874152
1991-05-29,0.2487858173410923
1991-05-30,1.2519967794287876
1991-05-31,5.036257849845833
1991-06-01,0.0
1991-06-02,0.0
1991-06-03,0.0
1991-06-04,0.0
1991-06-05,0.0
1991-06-06,0.0
1991-06-07,0.0
1991-06-08,0.0
1991-06-09,0.0
1991-06-10,0.0
1991-06-11,0.12485766455049452
1991-06-12,0.11654803860468706
1991-06-13,0.18856667357647658
1991-06-14,0.6022001981515394
1991-06-15,11.996167527739724
1991-06-16,0.47418211076574457
1991-06-17,1.91346156588105
1991-06-18,56.71936736219287
1991-06-19,5.64169695994691
1991-06-20,0.0020298250661539307
1991-06-21,0.0
1991-06-22,0.0
1991-06-23,0.0
1991-06-24,0.0
1991-06-25,0.0
1991-06-26,15.661434921004435
1991-06-27,68.26300072990313
1991-06-28,0.9847947115391507
1991-06-29,8.850901411603315e-05
1991-06-30,0.0023499544209352853
1991-07-01,0.0
1991-07-02,0.0
1991-07-03,0.0
1991-07-04,0.0
1991-07-05,0.0
1991-07-06,0.49664937788165037
1991-07-07,0.0023365910753728562
1991-07-08,0.21560894803460542
1991-07-09,21.259469983525907
1991-07-10,2.540345542830413
1991-07-11,0.35137860975204216
1991-07-12,0.35622577475139405
1991-07-13,0.013378411446598924
1991-07-14,0.000700387972495025
1991-07-15,0.000700387972495025
1991-07-16,0.0001017876641242147
1991-07-17,25.709414603122884
1991-07-18,26.472955814513572
1991-07-19,0.7204345964736639
1991-07-20,25.515094396563082
1991-07-21,72.64754853597627
1991-07-22,11.395623974257854
1991-07-23,3.402452806229832
1991-07-24,0.00012583013982682658
1991-07-25,0.00012583013982682658
1991-07-26,9.006632237184054e-05
1991-07-27,9.006632237184054e-05
1991-07-28,9.006632237184054e-05
1991-07-29,0.0014347448584907927
1991-07-30,24.600659313956946
1991-07-31,0.0009800695054948373
1991-08-01,0.004508772976106847
1991-08-02,0.0003477883466550957
1991-08-03,0.0003477883466550957
1991-08-04,2.5023264613137792
1991-08-05,0.6347837754435711
1991-08-06,0.00022131773752768685
1991-08-07,3.1705200878064226e-05
1991-08-08,0.0023518937812897667
1991-08-09,0.6887619534509646
1991-08-10,0.0322762494793781
1991-08-11,0.0
1991-08-12,0.0
1991-08-13,0.0
1991-08-14,0.0
1991-08-15,0.0
1991-08-16,0.6805158543083929
1991-08-17,0.6805158543083929
1991-08-18,0.6805158543083929
1991-08-19,0.6805158543083929
1991-08-20,0.6805158543083929
1991-08-21,0.0
1991-08-22,0.0
1991-08-23,0.0
1991-08-24,0.0
1991-08-25,0.0
1991-08-26,2.2470180302110614
1991-08-27,0.7607821982230597
1991-08-28,0.3789264596444127
1991-08-29,0.26509616656845
1991-08-30,4.364319366156054
1991-08-31,19.789933722570126
1991-09-01,0.0036920480723012265
1991-09-02,1.848131289335205
1991-09-03,0.7157736950093568
1991-09-04,2.5092342840682587e-05
1991-09-05,2.5092342840682587e-05
1991-09-06,0.061261182427458975
1991-09-07,1.6293854921898374
1991-09-08,0.08301668381090165
1991-09-09,0.012300128467540545
1991-09-10,6.906542457460076e-06
1991-09-11,0.0002975311569516241
1991-09-12,4.773829939580067e-05
1991-09-13,4.773829939580067e-05
1991-09-14,8.496725580287013
1991-09-15,1.0960449413087139
1991-09-16,0.8135169838161151
1991-09-17,40.99909479051887
1991-09-18,18.316897431622174
1991-09-19,0.00015530351377873578
1991-09-20,0.00015530351377873578
1991-09-21,0.1869809719371748
1991-09-22,4.465390554300156
1991-09-23,0.0001341589053557431
1991-09-24,0.0001341589053557431
1991-09-25,0.10966535914318981
1991-09-26,0.0
1991-09-27,0.0
1991-09-28,0.0
1991-09-29,0.0
1991-09-30,0.0
1991-10-01,0.006457402932503545
1991-10-02,3.123496067782857e-05
1991-10-03,0.020087358035525412
1991-10-04,0.3466827110286866
1991-10-05,7.841431888952929
1991-10-06,0.0
1991-10-07,0.0
1991-10-08,0.0
1991-10-09,0.0
1991-10-10,0.0
1991-10-11,6.389192078967965e-05
1991-10-12,6.389192078967965e-05
1991-10-13,2.1540679722322564
1991-10-14,12.746081017610683
1991-10-15,43.22851490237325
1991-10-16,67.38636529326202
1991-10-17,0.6925530691040608
1991-10-18,0.0002610191978659133
1991-10-19,0.0002610191978659133
1991-10-20,0.0002610191978659133
1991-10-21,0.0002266566254299465
1991-10-22,0.0026195214621269488
1991-10-23,16.43203112923398
1991-10-24,0.4852887055090363
1991-10-25,7.524804062217362
1991-10-26,0.6358718012701569
1991-10-27,0.42037480804083643
1991-10-28,0.02993556248810326
1991-10-29,2.466961403270019
1991-10-30,2.496378817861643
1991-10-31,0.09264058838415502
1991-11-01,0.033534146286085476
1991-11-02,0.003866300144936017
1991-11-03,0.0025762852877632427
1991-11-04,0.00042467688075968765
1991-11-05,0.005037394581009525
1991-11-06,0.0
1991-11-07,0.0
1991-11-08,0.0
1991-11-09,0.0
1991-11-10,0.0
1991-11-11,0.03752320530290087
1991-11-12,9.123701860721255e-06
1991-11-13,9.123701860721255e-06
1991-11-14,0.03905801490471724
1991-11-15,0.31144865771765307
1991-11-16,0.15948653994703688
1991-11-17,0.00022926661293276343
1991-11-18,0.0034560744184475973
1991-11-19,0.03285390484492703
1991-11-20,0.001992455561445258
1991-11-21,0.0001295445660567005
1991-11-22,0.0001295445660567005
1991-11-23,0.019663634533330303
1991-11-24,25.697629431676344
1991-11-25,40.39028744901754
1991-11-26,17.776818278754526
1991-11-27,0.026140141541660212
1991-11-28,0.00014780569020758714
1991-11-29,43.32142383297956
1991-11-30,0.004113216825750004
1991-12-01,0.003784385273929901
1991-12-02,0.3383202684389987
1991-12-03,1.3580312128354282
1991-12-04,0.04447316199144588
1991-12-05,7.831277785049195
1991-12-06,1.1553909096774122
1991-12-07,3.1630041300743312
1991-12-08,1.8084331503033484
1991-12-09,10.94998161182998
1991-12-10,6.845359982342892
1991-12-11,0.008931505317717012
1991-12-12,0.4548429766144894
1991-12-13,0.03844854985045559
1991-12-14,6.9105079485862895
1991-12-15,9.470443013688376
1991-12-16,22.630422797636516
1991-12-17,0.23150059104393175
1991-12-18,2.217689600549764
1991-12-19,8.198060029591716
1991-12-20,0.7894084289985284
1991-12-21,0.02338602467875405
1991-12-22,18.51265415675055
1991-12-23,0.10339787135611717
1991-12-24,0.9836023189949954
1991-12-25,7.8449934592715085
1991-12-26,0.18311253628458796
1991-12-27,2.0113505030113744e-06
1991-12-28,2.0113505030113744e-06
1991-12-29,2.0113505030113744e-06
1991-12-30,0.0012268117119032642
1991-12-31,0.0025539963090738136
1992-01-01,6.170216380237341
1992-01-02,30.20420347813209
1992-01-03,0.01407093444248461
1992-01-04,0.0
1992-01-05,0.0
1992-01-06,0.0
1992-01-07,0.0017113300439160473
1992-01-08,0.36869424857778765
1992-01-09,0.17479058896202695
1992-01-10,0.5779698077691398
1992-01-11,9.437371535469667e-07
1992-01-12,0.0
1992-01-13,8.460043512335642e-07
1992-01-14,0.000822726321095844
1992-01-15,0.00019909326366131282
1992-01-16,0.04957330955097397
1992-01-17,0.04957330955097397
1992-01-18,0.04957330955097397
1992-01-19,0.04957330955097397
1992-01-20,0.04957330955097397
1992-01-21,0.038839696084373355
1992-01-22,0.0
1992-01-23,0.04441045449769085
1992-01-24,0.5921980813405633
1992-01-25,1.0281172397561142
1992-01-26,10.666035015234863
1992-01-27,2.0994662402585647
1992-01-28,1.688948514426782
1992-01-29,2.2221113805556976
1992-01-30,6.856023546136615
1992-01-31,10.048660475407894
1992-02-01,1.7099660182253726
1992-02-02,0.21075803714433072
1992-02-03,0.6785881946410036
1992-02-04,1.0322427553639457
1992-02-05,0.877953577501004
1992-02-06,0.052365525077321715
1992-02-07,0.0729916033821931
1992-02-08,0.13596124352471675
1992-02-09,0.6675103941421159
1992-02-10,0.3320792809980748
1992-02-11,19.367886292707453
1992-02-12,0.4211996742928332
1992-02-13,0.8179206971981057
1992-02-14,32.45044138357487
1992-02-15,2.262989995243093
1992-02-16,0.7085856152274382
1992-02-17,0.5785154063507469
1992-02-18,0.026431477290178886
1992-02-19,0.22710740581652308
1992-02-20,0.02331885785884784
1992-02-21,5.078994495367045
1992-02-22,26.230406639966613
1992-02-23,1.0777938596842305
1992-02-24,0.014598887892693048
1992-02-25,0.0
1992-02-26,0.6229848334361987
1992-02-27,1.1537440694987535
1992-02-28,0.0
1992-02-29,0.0
1992-03-01,0.00016903893251483273
1992-03-02,0.03206489202019473
1992-03-03,6.025916987141625
1992-03-04,5.084891063501611
1992-03-05,3.527095693262895
1992-03-06,0.7714688091359403
1992-03-07,0.6593906016180058
1992-03-08,0.745278843646638
1992-03-09,1.166596804708955
1992-03-10,16.02918374476171
1992-03-11,22.761018214061906
1992-03-12,2.2575469310477336
1992-03-13,3.725384853928047
1992-03-14,2.8154863948990076
1992-03-15,0.9759317097379873
1992-03-16,9.369679246641444e-05
1992-03-17,2.772330791641268
1992-03-18,0.004410478234253901
1992-03-19,0.0
1992-03-20,0.0
1992-03-21,12.41576807684015
1992-03-22,9.03047912458163
1992-03-23,2.9479414383501337e-06
1992-03-24,0.004810551917682368
1992-03-25,0.19550907498707282
1992-03-26,0.39054770979591935
1992-03-27,33.87135412000972
1992-03-28,5.095022850958247
1992-03-29,0.1589521603670091
1992-03-30,0.2779976715154351
1992-03-31,0.05115731191544399
1992-04-01,0.030099082804778507
1992-04-02,9.481787610635012e-06
1992-04-03,0.37737732663984497
1992-04-04,0.2041627162947851
1992-04-05,2.830100539613222
1992-04-06,23.649746372334143
1992-04-07,0.10403606214021238
1992-04-08,0.0
1992-04-09,0.0038010762975488332
1992-04-10,0.0
1992-04-11,60.34970694065914
1992-04-12,25.664150667302263
1992-04-13,20.980327015112845
1992-04-14,0.06079921756739043
1992-04-15,6.34471345053868
1992-04-16,0.22516759346104193
1992-04-17,0.09688673859752721
1992-04-18,0.04574358822574094
1992-04-19,0.03172452786938425
1992-04-20,0.04006006367789571
1992-04-21,0.0
1992-04-22,9.8559145943161
1992-04-23,26.878708156926738
1992-04-24,0.31062358642323473
1992-04-25,0.13226648673249647
1992-04-26,0.4200833788835052
1992-04-27,0.19280900396723463
1992-04-28,1.7200993021417506
1992-04-29,45.017549827691674
1992-04-30,1.649420923537527
1992-05-01,0.0
1992-05-02,0.0
1992-05-03,0.0
1992-05-04,0.0
1992-05-05,0.0
1992-05-06,0.0010288748772951906
1992-05-07,10.648273161907396
1992-05-08,0.7734755756378948
1992-05-09,5.73717647941886
1992-05-10,30.325704643649825
1992-05-11,39.088344729643325
1992-05-12,0.24819853297971073
1992-05-13,0.0
1992-05-14,0.0
1992-05-15,0.915319543423786
1992-05-16,0.018071089018147878
1992-05-17,0.0
1992-05-18,0.0031031781666542744
1992-05-19,0.0
1992-05-20,0.0
1992-05-21,0.13682720941927237
1992-05-22,5.5282690293706125
1992-05-23,0.005527400320641009
1992-05-24,0.0
1992-05-25,0.06798969916182412
1992-05-26,15.196993963278437
1992-05-27,14.036081520081336
1992-05-28,1.8491559084846065
1992-05-29,3.1531823005202626
1992-05-30,0.0
1992-05-31,0.0
1992-06-01,0.0
1992-06-02,9.641490639588229
1992-06-03,1.4851572725206075
1992-06-04,3.0825895622172013
1992-06-05,54.18327345376441
1992-06-06,10.212596531116708
1992-06-07,36.039837456436025
1992-06-08,34.291881546880454
1992-06-09,0.34719291012847725
1992-06-10,0.0
1992-06-11,0.0
1992-06-12,0.0
1992-06-13,0.1791807746323992
1992-06-14,0.0
1992-06-15,4.3028724596808905
1992-06-16,7.037269800281267
1992-06-17,0.0
1992-06-18,0.0010827914360912656
1992-06-19,0.0
1992-06-20,10.67827112657345
1992-06-21,24.990896237403565
1992-06-22,13.106986943352272
1992-06-23,4.892605570979108
1992-06-24,7.920072340721787
1992-06-25,0.30472392966192735
1992-06-26,33.463542178370545
1992-06-27,2.307362784699805
1992-06-28,0.0030368363335813997
1992-06-29,0.0
1992-06-30,0.0
1992-07-01,10.887657157039971
1992-07-02,6.39974645812861
1992-07-03,0.0014217913309907896
1992-07-04,2.403389382033374
1992-07-05,0.14616658682938194
1992-07-06,0.0046176767714382234
1992-07-07,0.004190797225169738
1992-07-08,0.0016078370855725766
1992-07-09,0.0016078370855725766
1992-07-10,0.0016078370855725766
1992-07-11,0.0
1992-07-12,0.0
1992-07-13,0.0011689844342612544
1992-07-14,5.045087386574431
1992-07-15,0.00304185607201885
1992-07-16,0.0
1992-07-17,0.0
1992-07-18,12.027416512566308
1992-07-19,0.8481584853541342
1992-07-20,0.0
1992-07-21,0.06747287696107032
1992-07-22,5.451838030707846
1992-07-23,0.0
1992-07-24,0.47012814759754007
1992-07-25,0.0
1992-07-26,22.90640405034482
1992-07-27,1.6585096385695015
1992-07-28,0.21733212493238455
1992-07-29,1.2857534313587327
1992-07-30,36.706268870320535
1992-07-31,2.2092183137781687
1992-08-01,0.009399671495808238
1992-08-02,0.0
1992-08-03,0.0
1992-08-04,0.42975405325721827
1992-08-05,0.0
1992-08-06,0.0
1992-08-07,2.6301270202063627
1992-08-08,0.00034912179374419253
1992-08-09,3.2263933621978494e-07
1992-08-10,0.1270648789481478
1992-08-11,0.0
1992-08-12,0.0
1992-08-13,0.0
1992-08-14,0.0
1992-08-15,0.0
1992-08-16,0.0
1992-08-17,0.0
1992-08-18,0.0
1992-08-19,0.0
1992-08-20,0.0
1992-08-21,0.0006227447999281
1992-08-22,19.8704151121945
1992-08-23,0.10197095389403725
1992-08-24,0.0
1992-08-25,0.0
1992-08-26,0.0
1992-08-27,0.004522183859142419
1992-08-28,0.0020821732489630933
1992-08-29,0.0007344963467169151
1992-08-30,9.687346453110782
1992-08-31,11.075914681663368
1992-09-01,0.0
1992-09-02,0.0
1992-09-03,0.0
1992-09-04,0.0
1992-09-05,0.0
1992-09-06,0.0
1992-09-07,0.0
1992-09-08,0.0
1992-09-09,0.0
1992-09-10,0.0
1992-09-11,2.571033638879938
1992-09-12,2.51439890359851
1992-09-13,0.024479003266446253
1992-09-14,0.0001502794432751341
1992-09-15,0.0037991697401860824
1992-09-16,0.8123299157256398
1992-09-17,3.1205889995351326
1992-09-18,18.84365292005576
1992-09-19,0.0
1992-09-20,0.0
1992-09-21,0.00029663651660421825
1992-09-22,28.413548372770336
1992-09-23,0.000311637533131939
1992-09-24,13.505318209886415
1992-09-25,2.4790674378876396
1992-09-26,0.0
1992-09-27,0.0
1992-09-28,0.0
1992-09-29,0.0
1992-09-30,0.0
1992-10-01,0.21638465755550182
1992-10-02,2.735442275358956
1992-10-03,0.045303740202178366
1992-10-04,0.021355477929545424
1992-10-05,13.254371916502528
1992-10-06,0.0
1992-10-07,0.0
1992-10-08,0.0
1992-10-09,0.0
1992-10-10,0.0
1992-10-11,0.21895917633864523
1992-10-12,0.028492491788653873
1992-10-13,0.0
1992-10-14,0.0
1992-10-15,0.12651757403277153
1992-10-16,33.807230748302196
1992-10-17,0.017467312123164675
1992-10-18,0.0
1992-10-19,0.8382104714596811
1992-10-20,5.289474767433361
1992-10-21,0.0
1992-10-22,0.0
1992-10-23,0.0
1992-10-24,0.0
1992-10-25,1.3065500744250838
1992-10-26,0.7150350019175052
1992-10-27,0.0009482662941952766
1992-10-28,4.290033382024083
1992-10-29,0.0
1992-10-30,0.0
1992-10-31,0.0
1992-11-01,0.0
1992-11-02,0.0
1992-11-03,3.1218074761471093
1992-11-04,0.3624933538798871
1992-11-05,0.0004988662951334777
1992-11-06,0.04202504146133391
1992-11-07,0.0
1992-11-08,0.0
1992-11-09,0.0
1992-11-10,6.440209214594281
1992-11-11,7.263589059735094
1992-11-12,0.0005315808521912282
1992-11-13,0.0
1992-11-14,0.0075221081216356326
1992-11-15,24.826412651618146
1992-11-16,0.025926321012022156
1992-11-17,0.025926321012022156
1992-11-18,0.025926321012022156
1992-11-19,0.025926321012022156
1992-11-20,0.08958317767348266
1992-11-21,0.7342617843855203
1992-11-22,0.20572328321385436
1992-11-23,0.0
1992-11-24,0.5596153714219801
1992-11-25,3.921882688578352
1992-11-26,0.03705341541518517
1992-11-27,0.003216868572539868
1992-11-28,0.0
1992-11-29,2.8748693141100667
1992-11-30,11.377124505362271
1992-12-01,0.0764804507191942
1992-12-02,0.0
1992-12-03,0.0
1992-12-04,0.0
1992-12-05,7.190909345062584
1992-12-06,1.520408051448367
1992-12-07,2.592777156651798e-06
1992-12-08,0.0
1992-12-09,0.00026439175238523376
1992-12-10,0.20101641157736252
1992-12-11,0.0
1992-12-12,0.0
1992-12-13,0.0
1992-12-14,0.0
1992-12-15,0.0
1992-12-16,0.04224627180840668
1992-12-17,3.229021395998244
1992-12-18,0.0
1992-12-19,0.018129934934545042
1992-12-20,0.001168906658048768
1992-12-21,0.8989957908815841
1992-12-22,0.45385951351341536
1992-12-23,8.459904429185517
1992-12-24,10.690598051383002
1992-12-25,0.13894452493459283
1992-12-26,0.0015313718762425788
1992-12-27,0.0
1992-12-28,0.0
1992-12-29,1.7199850023686878
1992-12-30,2.5000595115307447
1992-12-31,37.1221973302441
1993-01-01,27.014681863346624
1993-01-02,10.393217389943269
1993-01-03,2.272774958534319
1993-01-04,5.217394462521536
1993-01-05,1.911889249683993
1993-01-06,0.023209237673732827
1993-01-07,0.3326274300990473
1993-01-08,37.704692133952996
1993-01-09,0.05571574373907541
1993-01-10,0.017202194596582895
1993-01-11,0.0
1993-01-12,0.0
1993-01-13,0.7635930437029036
1993-01-14,11.840503080009046
1993-01-15,12.041065997009813
1993-01-16,8.721703799555952
1993-01-17,3.493066510376813
1993-01-18,0.03735953832501565
1993-01-19,0.09935199614362658
1993-01-20,0.024309758529444912
1993-01-21,0.0
1993-01-22,0.0
1993-01-23,1.025631584493148
1993-01-24,0.5400765205943604
1993-01-25,31.434182393602022
1993-01-26,0.1372582180622129
1993-01-27,5.624798081268427
1993-01-28,3.169602751982531
1993-01-29,5.368105747357959
1993-01-30,0.16193322978771785
1993-01-31,0.14938522467725876
1993-02-01,4.175147413489208
1993-02-02,2.1418812736139836
1993-02-03,0.13289261298418648
1993-02-04,0.13869110440140509
1993-02-05,0.0
1993-02-06,1.38446073949935
1993-02-07,15.139873106488778
1993-02-08,0.08731115640777137
1993-02-09,0.2808018862782038
1993-02-10,0.005583186237091387
1993-02-11,0.08180699791831207
1993-02-12,0.3006047544344074
1993-02-13,5.530888478678161
1993-02-14,0.5247789314541439
1993-02-15,1.1346644811768301e-07
1993-02-16,9.77131098460314
1993-02-17,2.460429358501673
1993-02-18,6.52656181707318
1993-02-19,9.396421781230032
1993-02-20,5.922527372348441
1993-02-21,0.6860249890806981
1993-02-22,0.32016859780566514
1993-02-23,0.023387735281058815
1993-02-24,0.07128460939084202
1993-02-25,2.182839037805594
1993-02-26,0.002428009142878551
1993-02-27,0.019905725717103202
1993-02-28,0.4419407396883598
1993-03-01,0.9382196584704031
1993-03-02,0.00031510392276987593
1993-03-03,0.0029233685471786895
1993-03-04,0.002671909577044882
1993-03-05,0.0009834987371585154
1993-03-06,1.2741277020526427
1993-03-07,2.3326277380009888
1993-03-08,2.501347367059938
1993-03-09,7.714892969020451e-05
1993-03-10,0.0
1993-03-11,0.0
1993-03-12,6.308900239848881
1993-03-13,10.963546808920428
1993-03-14,2.1180214380158433
1993-03-15,0.004855984991367284
1993-03-16,9.293745179180789
1993-03-17,0.06876730826167127
1993-03-18,1.9526027445565077
1993-03-19,5.010915487812659
1993-03-20,0.0
1993-03-21,0.014659513656982814
1993-03-22,0.38555453948403595
1993-03-23,0.0
1993-03-24,0.0
1993-03-25,0.014554516117293324
1993-03-26,0.0
1993-03-27,0.0
1993-03-28,0.014277172358006978
1993-03-29,0.6062649878485623
1993-03-30,0.9780693870218621
1993-03-31,0.07414917243312132
1993-04-01,0.06306183530418764
1993-04-02,0.17029720811808954
1993-04-03,2.296648979194774
1993-04-04,1.9498666907219595
1993-04-05,8.380640311216778
1993-04-06,0.175745661012704
1993-04-07,0.2793215622822098
1993-04-08,1.401421065300092
1993-04-09,0.0
1993-04-10,0.0
1993-04-11,0.0
1993-04-12,0.0007312460900576464
1993-04-13,0.06399661491411353
1993-04-14,2.5754039354999874
1993-04-15,20.205048378475276
1993-04-16,39.53480643392952
1993-04-17,0.6793328719864419
1993-04-18,34.21178768818677
1993-04-19,0.0
1993-04-20,24.372839872725535
1993-04-21,0.07761230688182852
1993-04-22,0.004778833646130063
1993-04-23,0.005002689454664564
1993-04-24,0.011195415712557642
1993-04-25,0.36363893409827325
1993-04-26,0.0
1993-04-27,0.0
1993-04-28,0.0
1993-04-29,0.0
1993-04-30,0.0
1993-05-01,10.063918491227913
1993-05-02,1.1417616087581275
1993-05-03,0.19257043948240204
1993-05-04,17.996166281890236
1993-05-05,0.030001438703621118
1993-05-06,1.1310140237027159e-05
1993-05-07,31.39429998186352
1993-05-08,39.503295031474295
1993-05-09,14.299933860165362
1993-05-10,45.931427629759725
1993-05-11,74.9853818822373
1993-05-12,20.41000842926403
1993-05-13,9.249950924306836
1993-05-14,1.122923576058272
1993-05-15,0.0
1993-05-16,0.0
1993-05-17,0.0
1993-05-18,0.0
1993-05-19,0.0006056873501929486
1993-05-20,0.019630422702159915
1993-05-21,0.019727617087376362
1993-05-22,0.00016587498199421407
1993-05-23,0.0
1993-05-24,4.596687181693357
1993-05-25,14.58262768922881
1993-05-26,2.7445060349564567
1993-05-27,0.0
1993-05-28,0.0
1993-05-29,0.004211437497989634
1993-05-30,7.288912879487504
1993-05-31,1.4053284703983577
1993-06-01,0.0
1993-06-02,0.0
1993-06-03,5.060526997402248
1993-06-04,21.04509500129853
1993-06-05,0.6973886841735567
1993-06-06,0.26193362666837106
1993-06-07,0.41909482867212905
1993-06-08,41.81274948987023
1993-06-09,0.49416262559381596
1993-06-10,0.0010697682799436076
1993-06-11,0.005128568924340005
1993-06-12,0.012822135112918255
1993-06-13,0.8493845237515641
1993-06-14,0.014741395825890458
1993-06-15,8.675310917184408
1993-06-16,35.792811696171
1993-06-17,0.6552333753337248
1993-06-18,0.006702187700904546
1993-06-19,0.0
1993-06-20,0.0
1993-06-21,0.0
1993-06-22,0.0
1993-06-23,0.0
1993-06-24,0.0
1993-06-25,0.0
1993-06-26,0.009809987349545631
1993-06-27,0.26312998531714865
1993-06-28,0.0
1993-06-29,0.0
1993-06-30,0.0
1993-07-01,0.0
1993-07-02,0.0
1993-07-03,0.00316561461059476
1993-07-04,0.8974124156792574
1993-07-05,3.758550619873027
1993-07-06,0.023939919937093282
1993-07-07,0.0005095073906485149
1993-07-08,0.0
1993-07-09,0.0
1993-07-10,9.920698592941102e-06
1993-07-11,0.00012208031185665432
1993-07-12,0.006849205937027692
1993-07-13,0.6164542853105426
1993-07-14,0.15564935312073216
1993-07-15,0.0
1993-07-16,0.0
1993-07-17,0.0
1993-07-18,0.012854676317387646
1993-07-19,0.13107755396731802
1993-07-20,0.3120544242745068
1993-07-21,0.016741611978816292
1993-07-22,0.006561651318085374
1993-07-23,0.0024167794459549466
1993-07-24,0.001092241762880438
1993-07-25,5.465713472520008e-06
1993-07-26,0.7456307983241571
1993-07-27,2.2811004301576894
1993-07-28,27.84564906553586
1993-07-29,3.193872569464506
1993-07-30,1.67077261597681
1993-07-31,12.613761343087907
1993-08-01,1.1452156675594494
1993-08-02,0.0
1993-08-03,0.0
1993-08-04,0.0
1993-08-05,0.0
1993-08-06,0.0
1993-08-07,0.0
1993-08-08,0.0
1993-08-09,0.0
1993-08-10,0.0
1993-08-11,0.12723795709551408
1993-08-12,0.12723795709551408
1993-08-13,0.12723795709551408
1993-08-14,0.12723795709551408
1993-08-15,0.12723795709551408
1993-08-16,1.587099473540722
1993-08-17,7.043053666289967
1993-08-18,0.003069447229748896
1993-08-19,0.0
1993-08-20,0.0
1993-08-21,0.0
1993-08-22,0.0
1993-08-23,0.0007062977175434686
1993-08-24,0.041885760089849705
1993-08-25,0.0015123720112425972
1993-08-26,0.042441777688020516
1993-08-27,0.00046822355778772837
1993-08-28,0.20105134760385449
1993-08-29,5.630305899153279
1993-08-30,3.1892101372807473
1993-08-31,0.38387558967981483
1993-09-01,0.0
1993-09-02,0.0
1993-09-03,0.0
1993-09-04,0.0
1993-09-05,0.0
1993-09-06,2.0329602767139328
1993-09-07,0.96152963341512
1993-09-08,0.0
1993-09-09,0.0
1993-09-10,0.0
1993-09-11,0.2708910931365802
1993-09-12,0.0
1993-09-13,0.0
1993-09-14,1.2899809052228803
1993-09-15,1.1954658139543028
1993-09-16,0.12071015648623722
1993-09-17,0.12898608483599613
1993-09-18,11.903049171617173
1993-09-19,1.3589155345786206
1993-09-20,8.82050250417233
1993-09-21,0.0
1993-09-22,0.0
1993-09-23,0.0
1993-09-24,0.0
1993-09-25,0.0
1993-09-26,0.00011656388931062875
1993-09-27,2.6442250648825755e-07
1993-09-28,1.3021423038252025e-08
1993-09-29,7.004792904906305e-07
1993-09-30,3.866623912700108e-06
1993-10-01,1.4855329842864045
1993-10-02,8.471799767621942
1993-10-03,1.9846694303627912
1993-10-04,0.6640614854820043
1993-10-05,0.19059992166363618
1993-10-06,0.0
1993-10-07,0.0
1993-10-08,0.0
1993-10-09,0.0
1993-10-10,0.0
1993-10-11,0.008633429338944494
1993-10-12,6.94965231464187
1993-10-13,5.771490842122508
1993-10-14,2.138613462870456
1993-10-15,0.17628505327339694
1993-10-16,0.0
1993-10-17,8.093297746177415
1993-10-18,0.8034121024975289
1993-10-19,4.616103291213832
1993-10-20,17.91749318424561
1993-10-21,0.48530264752957125
1993-10-22,15.088981381880457
1993-10-23,2.256895442351319
1993-10-24,0.44982990699330044
1993-10-25,0.1316654286177204
1993-10-26,0.0
1993-10-27,0.0
1993-10-28,0.0
1993-10-29,2.4397382003300836e-07
1993-10-30,0.028271007383601228
1993-10-31,35.00263056885155
1993-11-01,0.14593495994374298
1993-11-02,0.0
1993-11-03,0.017591288631691845
1993-11-04,0.0
1993-11-05,11.06338946146521
1993-11-06,0.0
1993-11-07,0.0
1993-11-08,0.0
1993-11-09,0.0
1993-11-10,0.0
1993-11-11,3.809195272077084
1993-11-12,3.806447962539301
1993-11-13,37.261531774599206
1993-11-14,3.3074913967084387
1993-11-15,14.60855096839667
1993-11-16,31.734483591171376
1993-11-17,2.770729440105095
1993-11-18,0.10922773773561119
1993-11-19,0.0
1993-11-20,0.0
1993-11-21,6.5668425100802934e-06
1993-11-22,0.0
1993-11-23,0.06252853236791944
1993-11-24,0.23621886343611773
1993-11-25,5.76681620835101
1993-11-26,14.377764633140552
1993-11-27,5.409027666353828
1993-11-28,1.9877145575993125
1993-11-29,0.0
1993-11-30,21.195868180941815
1993-12-01,0.04323525284886765
1993-12-02,0.0
1993-12-03,3.9153024594683377
1993-12-04,62.714526312948664
1993-12-05,22.46715030808916
1993-12-06,0.0
1993-12-07,0.0
1993-12-08,0.0
1993-12-09,0.0
1993-12-10,0.0
1993-12-11,0.07830199383137287
1993-12-12,4.766699794691244
1993-12-13,20.182999326149165
1993-12-14,3.7591289728941795
1993-12-15,19.296896216353986
1993-12-16,0.0
1993-12-17,0.0
1993-12-18,0.0
1993-12-19,0.0
1993-12-20,0.0
1993-12-21,0.0
1993-12-22,0.0
1993-12-23,0.0
1993-12-24,0.0
1993-12-25,0.0
1993-12-26,10.770542266425085
1993-12-27,8.82536916577356
1993-12-28,11.490284908634445
1993-12-29,0.04325098835225079
1993-12-30,0.0
1993-12-31,0.0
1994-01-01,0.0
1994-01-02,0.0
1994-01-03,0.0
1994-01-04,0.0
1994-01-05,0.0
1994-01-06,0.36911704902984166
1994-01-07,13.033014949303482
1994-01-08,17.043096713848993
1994-01-09,2.075548888759232
1994-01-10,0.0176493254327878
1994-01-11,5.762753947403367e-05
1994-01-12,5.762753947403367e-05
1994-01-13,9.364476111024827e-05
1994-01-14,0.0006339031338386345
1994-01-15,5.762753947403367e-05
1994-01-16,0.0
1994-01-17,0.0
1994-01-18,0.0
1994-01-19,0.0
1994-01-20,0.0
1994-01-21,0.004501526816813219
1994-01-22,0.0
1994-01-23,0.7731979397755974
1994-01-24,5.15755452828174
1994-01-25,4.221048999278345
1994-01-26,0.004373036356575939
1994-01-27,0.008839104485436929
1994-01-28,0.0
1994-01-29,0.004355987825183987
1994-01-30,0.035760164708680986
1994-01-31,0.4250151259794971
1994-02-01,4.444689277188148
1994-02-02,2.354651519932039
1994-02-03,6.008297537648725
1994-02-04,4.551128660109682
1994-02-05,0.020521486529877127
1994-02-06,0.0
1994-02-07,0.0
1994-02-08,0.2445345390461217
1994-02-09,32.64255966169135
1994-02-10,1.4413591845877343
1994-02-11,0.23726223485407638
1994-02-12,2.028785871211826
1994-02-13,0.11327259375908388
1994-02-14,10.094172205218193
1994-02-15,0.07322267858155765
1994-02-16,29.777104759153257
1994-02-17,0.2529017669165217
1994-02-18,0.0
1994-02-19,0.0
1994-02-20,0.0
1994-02-21,2.5931437221224964
1994-02-22,5.85335647473048
1994-02-23,2.555873322302874
1994-02-24,0.3869718944682449
1994-02-25,0.14637924758422044
1994-02-26,0.06206581138766167
1994-02-27,0.004734307481734308
1994-02-28,0.2639675301731194
1994-03-01,0.7099044540076531
1994-03-02,0.0
1994-03-03,0.0
1994-03-04,0.0
1994-03-05,5.3148959076002745e-05
1994-03-06,1.049965120384016
1994-03-07,0.6306736060904762
1994-03-08,0.0
1994-03-09,0.579405666004808
1994-03-10,0.30443628205738055
1994-03-11,0.0
1994-03-12,0.03335833146938972
1994-03-13,0.0
1994-03-14,0.009052443629555255
1994-03-15,4.80066333284498
1994-03-16,12.042157823342935
1994-03-17,18.180603129774784
1994-03-18,15.50839740545154
1994-03-19,1.930224645832413
1994-03-20,1.1233008376214568
1994-03-21,7.054361335413819
1994-03-22,1.4691959166677528
1994-03-23,0.031033118099342352
1994-03-24,0.0
1994-03-25,19.36230697062777
1994-03-26,0.0
1994-03-27,0.0
1994-03-28,3.255609943347149
1994-03-29,54.318687176937075
1994-03-30,0.06789952058974182
1994-03-31,0.0
1994-04-01,0.0
1994-04-02,0.0
1994-04-03,1.2402998737782207
1994-04-04,18.45588430980392
1994-04-05,6.429398337817363
1994-04-06,11.754930443870323
1994-04-07,0.5925351133938305
1994-04-08,0.0002746354964723069
1994-04-09,0.22232208419977925
1994-04-10,0.2905728695159254
1994-04-11,5.147376553243981e-05
1994-04-12,5.147376553243981e-05
1994-04-13,5.147376553243981e-05
1994-04-14,5.147376553243981e-05
1994-04-15,5.147376553243981e-05
1994-04-16,0.0027119271194481123
1994-04-17,14.149848331797699
1994-04-18,0.0
1994-04-19,0.01933720866537618
1994-04-20,0.3740115244529986
1994-04-21,0.0046332567058080636
1994-04-22,0.0
1994-04-23,0.0
1994-04-24,0.5963504637518136
1994-04-25,8.603566272393039
1994-04-26,0.6743715530226424
1994-04-27,1.1822780121190042
1994-04-28,7.880343570157884
1994-04-29,2.0488457709821404
1994-04-30,0.005156641471503607
1994-05-01,5.010036512461391
1994-05-02,3.406838990434443
1994-05-03,13.041494866989137
1994-05-04,27.22993888044272
1994-05-05,0.0
1994-05-06,0.0
1994-05-07,2.3009076908478785
1994-05-08,31.146092712768226
1994-05-09,7.267704713548801
1994-05-10,0.0
1994-05-11,0.0358408507134375
1994-05-12,3.4827111346587714
1994-05-13,0.84738750858309
1994-05-14,0.02504522918838997
1994-05-15,0.16411665196404102
1994-05-16,0.09042166956587708
1994-05-17,0.7162343925589009
1994-05-18,0.6898310516219321
1994-05-19,6.455227873375474
1994-05-20,0.33895242186833013
1994-05-21,0.011325368769767974
1994-05-22,0.01283581704805429
1994-05-23,1.9447169991821125
1994-05-24,0.8463914565581384
1994-05-25,3.319560792621496
1994-05-26,0.35646636675080035
1994-05-27,0.03277445943439011
1994-05-28,0.4669886126074914
1994-05-29,0.0008326659600483797
1994-05-30,0.0
1994-05-31,5.51453597880332
1994-06-01,0.0
1994-06-02,0.0
1994-06-03,0.0
1994-06-04,0.0
1994-06-05,0.0
1994-06-06,0.8887617453047778
1994-06-07,0.026237723533900508
1994-06-08,0.0
1994-06-09,0.0
1994-06-10,0.0
1994-06-11,0.0
1994-06-12,0.0013356423039552578
1994-06-13,0.2046286074337115
1994-06-14,0.00234645251884635
1994-06-15,0.07732716025192794
1994-06-16,27.55998547742727
1994-06-17,80.31016152068268
1994-06-18,30.015210263300904
1994-06-19,0.3887091558796826
1994-06-20,4.387145525730229
1994-06-21,5.139550690133329
1994-06-22,8.10898033625095
1994-06-23,0.0
1994-06-24,1.2334901077273908
1994-06-25,0.03902443567026456
1994-06-26,0.0
1994-06-27,0.0
1994-06-28,0.0
1994-06-29,0.0
1994-06-30,0.05331177086121837
1994-07-01,0.0
1994-07-02,0.0
1994-07-03,0.0
1994-07-04,0.005832957510579706
1994-07-05,2.158386587196894
1994-07-06,9.990826979079708
1994-07-07,1.917611080478382
1994-07-08,2.1207230855849404
1994-07-09,1.3635840529015764
1994-07-10,0.013805920830067075
1994-07-11,0.020086938555312277
1994-07-12,0.020086938555312277
1994-07-13,0.5522361038355725
1994-07-14,0.020088038807759178
1994-07-15,0.020086938555312277
1994-07-16,0.0
1994-07-17,0.11711933938927788
1994-07-18,0.43438827221289184
1994-07-19,2.299167722986321
1994-07-20,3.3315923740501643
1994-07-21,27.643578347679806
1994-07-22,4.7573826266618395
1994-07-23,0.0
1994-07-24,0.0
1994-07-25,0.17349539126949376
1994-07-26,0.0
1994-07-27,0.39531151016388044
1994-07-28,40.41587403598698
1994-07-29,23.17568622653034
1994-07-30,29.52719282750374
1994-07-31,29.13544105120355
1994-08-01,9.7677068178803
1994-08-02,0.2654379774587408
1994-08-03,0.007455754090600641
1994-08-04,0.0010517664740205294
1994-08-05,0.0
1994-08-06,0.0
1994-08-07,0.0
1994-08-08,0.45954040908670796
1994-08-09,12.094559427727836
1994-08-10,0.1148404387425589
1994-08-11,0.0
1994-08-12,0.0
1994-08-13,0.0
1994-08-14,0.0
1994-08-15,0.0
1994-08-16,0.0
1994-08-17,0.0
1994-08-18,0.0
1994-08-19,0.0
1994-08-20,0.0
1994-08-21,0.0006225193833200366
1994-08-22,0.00036165761089017073
1994-08-23,0.0
1994-08-24,0.0
1994-08-25,6.577683401378433e-05
1994-08-26,0.03396568779970902
1994-08-27,0.05488340411634304
1994-08-28,0.1972644861162367
1994-08-29,0.038903830772079935
1994-08-30,15.48573131254743
1994-08-31,17.34367623256717
1994-09-01,25.25626286952939
1994-09-02,1.7777200568372036
1994-09-03,0.0008454230562711881
1994-09-04,0.0
1994-09-05,0.0
1994-09-06,0.0
1994-09-07,0.0
1994-09-08,0.0
1994-09-09,0.0
1994-09-10,0.0
1994-09-11,0.014428278190773807
1994-09-12,4.950938331271381
1994-09-13,3.739708262439666
1994-09-14,20.093741704030577
1994-09-15,3.9796976926397787
1994-09-16,0.08610618107948469
1994-09-17,0.08610618107948469
1994-09-18,0.0861627888978104
1994-09-19,0.08610618107948469
1994-09-20,0.08610618107948469
1994-09-21,5.253320551488793
1994-09-22,2.1620011318963783
1994-09-23,0.0
1994-09-24,0.12766536593224564
1994-09-25,8.988282687124833
1994-09-26,0.0
1994-09-27,0.0
1994-09-28,0.0
1994-09-29,9.481278180974233
1994-09-30,1.6585201682438147
1994-10-01,0.3517636970217784
1994-10-02,0.18277739611722435
1994-10-03,8.167841002584552
1994-10-04,0.5664457558299776
1994-10-05,0.06345719744417926
1994-10-06,0.2325054939290516
1994-10-07,0.1408494631053086
1994-10-08,0.05186714688877484
1994-10-09,9.046641140650694
1994-10-10,2.630105043075901
1994-10-11,0.5142816639661286
1994-10-12,46.9483711614651
1994-10-13,21.780042792522707
1994-10-14,0.0
1994-10-15,0.0
1994-10-16,8.800718976151161
1994-10-17,22.160691935835644
1994-10-18,0.02213367814555164
1994-10-19,6.658405210022738
1994-10-20,0.027546128515518416
1994-10-21,0.08381831941651725
1994-10-22,0.0
1994-10-23,2.969041568563662
1994-10-24,1.298543541233517
1994-10-25,0.9078959038515245
1994-10-26,0.0026241130643809185
1994-10-27,0.003689625892230397
1994-10-28,0.0
1994-10-29,0.0
1994-10-30,1.8883384190334278
1994-10-31,15.396542923371458
1994-11-01,13.414505723812267
1994-11-02,0.0
1994-11-03,0.0
1994-11-04,0.7766028523562218
1994-11-05,27.313283277457916
1994-11-06,0.0
1994-11-07,0.0
1994-11-08,0.0
1994-11-09,0.0
1994-11-10,0.0
1994-11-11,0.02548057586551971
1994-11-12,0.4298708229008608
1994-11-13,0.00018662135839441
1994-11-14,0.02387303104624374
1994-11-15,6.324434398932059
1994-11-16,0.16559847469535924
1994-11-17,2.1181536471796605
1994-11-18,0.0
1994-11-19,0.006080031495433528
1994-11-20,0.39942930024901063
1994-11-21,0.0
1994-11-22,0.0
1994-11-23,0.0
1994-11-24,0.0
1994-11-25,0.0
1994-11-26,0.5245281029493559
1994-11-27,0.02712279807639687
1994-11-28,9.56225227963006
1994-11-29,11.893074839262733
1994-11-30,0.0
1994-12-01,0.0
1994-12-02,1.1113195536168987
1994-12-03,38.3582502221916
1994-12-04,8.551849991590155
1994-12-05,0.010424531070831173
1994-12-06,0.0
1994-12-07,0.0
1994-12-08,0.0
1994-12-09,0.0
1994-12-10,0.0
1994-12-11,0.00027595172134319034
1994-12-12,0.4924694705228866
1994-12-13,5.867222707867614
1994-12-14,15.561958834623256
1994-12-15,0.003001982771711427
1994-12-16,1.110005871827101
1994-12-17,2.214082070290504
1994-12-18,0.05886302548631022
1994-12-19,0.008924449356118821
1994-12-20,0.00036184135945160537
1994-12-21,0.015497136686544946
1994-12-22,0.000509071646017483
1994-12-23,0.0
1994-12-24,0.0014867068085907902
1994-12-25,0.0013412313779888364
1994-12-26,5.41234967819208e-05
1994-12-27,6.118495715018092e-05
1994-12-28,2.9288591464256246
1994-12-29,4.132108544039073
1994-12-30,0.11305348347136089
1994-12-31,0.07601279892148859
1995-01-01,1.1378053499385592
1995-01-02,0.003161798116669936
1995-01-03,0.00011634430160297291
1995-01-04,0.392553006913956
1995-01-05,17.416231776059277
1995-01-06,0.0
1995-01-07,0.0
1995-01-08,0.0
1995-01-09,0.0
1995-01-10,0.0
1995-01-11,0.03891545983497212
1995-01-12,0.004589922036243192
1995-01-13,0.5990749580762147
1995-01-14,0.43357302799283076
1995-01-15,0.5943698231265626
1995-01-16,0.0
1995-01-17,0.0
1995-01-18,0.0
1995-01-19,0.0
1995-01-20,0.0
1995-01-21,0.008271229233611763
1995-01-22,0.07232627360143498
1995-01-23,0.003461709096961684
1995-01-24,0.1992604092457669
1995-01-25,1.0938687200061987
1995-01-26,0.0
1995-01-27,1.0071163584235958
1995-01-28,9.557346007757642
1995-01-29,0.0
1995-01-30,0.0
1995-01-31,0.0
1995-02-01,7.4373247793277955
1995-02-02,0.0005990834701147447
1995-02-03,0.012421673708869138
1995-02-04,0.01458802517675023
1995-02-05,0.08712623170762596
1995-02-06,0.005315928311271751
1995-02-07,0.0
1995-02-08,0.0
1995-02-09,8.292064761357564
1995-02-10,9.998387628444325
1995-02-11,22.290410913198723
1995-02-12,5.182629132260576
1995-02-13,2.729433232298393
1995-02-14,12.195078114058505
1995-02-15,4.954349421464477
1995-02-16,0.6635268334048704
1995-02-17,2.812288663715501
1995-02-18,0.0
1995-02-19,0.0
1995-02-20,0.0
1995-02-21,0.005731992093611933
1995-02-22,17.35796416432962
1995-02-23,5.039272442604377
1995-02-24,25.690750580500737
1995-02-25,0.38818594552608066
1995-02-26,0.0
1995-02-27,41.58761537625324
1995-02-28,2.3871878183496213
1995-03-01,8.056418727987165
1995-03-02,1.295323902534197
1995-03-03,0.7908506102998993
1995-03-04,1.851115702076031
1995-03-05,0.01771758701778334
1995-03-06,0.1518486472068803
1995-03-07,58.394023651640026
1995-03-08,9.036038107506124
1995-03-09,0.0
1995-03-10,0.0
1995-03-11,0.0
1995-03-12,0.0
1995-03-13,0.0
1995-03-14,0.0
1995-03-15,0.0
1995-03-16,1.3089886417280534
1995-03-17,0.0
1995-03-18,0.0
1995-03-19,0.0
1995-03-20,0.0
1995-03-21,0.0
1995-03-22,2.2408734245622752
1995-03-23,11.214254892008356
1995-03-24,0.0
1995-03-25,0.0
1995-03-26,0.0
1995-03-27,0.0
1995-03-28,1.8117753194372495
1995-03-29,0.8317119156786452
1995-03-30,0.0
1995-03-31,12.210085200153745
1995-04-01,5.287585280727974
1995-04-02,0.002240701434705836
1995-04-03,0.0
1995-04-04,0.0
1995-04-05,0.0
1995-04-06,0.0
1995-04-07,0.0011689592434366875
1995-04-08,0.0
1995-04-09,2.7258166589463872
1995-04-10,3.786307548498904
1995-04-11,0.0007824621225524548
1995-04-12,1.6375295600532385e-05
1995-04-13,0.0
1995-04-14,0.0
1995-04-15,9.040245066120142e-05
1995-04-16,0.7357273333872978
1995-04-17,7.854942277357383
1995-04-18,0.0
1995-04-19,0.012656893790513591
1995-04-20,0.3322709767657821
1995-04-21,0.0
1995-04-22,0.0
1995-04-23,0.0
1995-04-24,0.0
1995-04-25,0.0
1995-04-26,0.0
1995-04-27,0.0011678800262725367
1995-04-28,40.13770527338736
1995-04-29,0.6150418437575492
1995-04-30,9.299242174918886
1995-05-01,52.356239443345835
1995-05-02,1.4389183998474419e-06
1995-05-03,0.0
1995-05-04,0.0
1995-05-05,2.2511050780588766
1995-05-06,5.732843654353947
1995-05-07,0.0
1995-05-08,0.0
1995-05-09,0.0
1995-05-10,0.0
1995-05-11,0.08662066657680002
1995-05-12,1.9958943803463696
1995-05-13,0.3971741024972732
1995-05-14,15.059073107995816
1995-05-15,0.45937866378936876
1995-05-16,0.013499847737060592
1995-05-17,0.011539833868737455
1995-05-18,2.5709046172161652e-05
1995-05-19,0.00010603368162787963
1995-05-20,4.540824986567249e-07
1995-05-21,0.0
1995-05-22,0.0
1995-05-23,0.0
1995-05-24,0.0
1995-05-25,0.0
1995-05-26,0.0
1995-05-27,0.1953423966542119
1995-05-28,0.029689095653086566
1995-05-29,1.8788223563527156
1995-05-30,0.1403924631200135
1995-05-31,1.1348649982049102
1995-06-01,0.0
1995-06-02,0.0
1995-06-03,0.0
1995-06-04,0.0
1995-06-05,0.0
1995-06-06,15.552610282889074
1995-06-07,0.4633062996262701
1995-06-08,7.296389942538435e-05
1995-06-09,0.00022634695045135712
1995-06-10,1.8084680484795366
1995-06-11,0.03087729540297972
1995-06-12,19.16386463823063
1995-06-13,1.3996774260159208
1995-06-14,0.0
1995-06-15,2.04920814753857
1995-06-16,62.15186033642267
1995-06-17,0.1580094023306848
1995-06-18,0.007172498102684264
1995-06-19,0.0008844671160950831
1995-06-20,0.0012017730874185684
1995-06-21,0.0
1995-06-22,0.0
1995-06-23,0.0066586806325815455
1995-06-24,13.83746389307982
1995-06-25,0.07127607370069645
1995-06-26,0.0
1995-06-27,0.04347845740460809
1995-06-28,0.09359573011678499
1995-06-29,0.0
1995-06-30,5.617633317784771
1995-07-01,35.63465613961417
1995-07-02,33.63318816548866
1995-07-03,1.3124275475209741
1995-07-04,0.016932048845186117
1995-07-05,22.7638639594699
1995-07-06,17.397304131887743
1995-07-07,0.0
1995-07-08,0.0
1995-07-09,0.0
1995-07-10,0.00013007960371517663
1995-07-11,0.12035075048986203
1995-07-12,20.029866278099913
1995-07-13,40.32743786281014
1995-07-14,31.041229470406243
1995-07-15,5.559396566721497
1995-07-16,1.4296522649809793
1995-07-17,0.005496267421960352
1995-07-18,7.535524943543754
1995-07-19,7.108867768835468
1995-07-20,9.05703152883356
1995-07-21,0.0
1995-07-22,0.0
1995-07-23,0.0
1995-07-24,0.0
1995-07-25,0.02863035846074806
1995-07-26,4.322553270587544
1995-07-27,21.326077936239937
1995-07-28,7.519814711598424
1995-07-29,0.024163453567660496
1995-07-30,0.061740952519171
1995-07-31,0.2719968767867127
1995-08-01,6.086426802025767
1995-08-02,1.0799859612278435
1995-08-03,0.02731577285714953
1995-08-04,0.0
1995-08-05,0.0
1995-08-06,0.0
1995-08-07,0.0
1995-08-08,0.0
1995-08-09,0.0
1995-08-10,0.0
1995-08-11,7.6308070341414505
1995-08-12,1.0164668949224518
1995-08-13,0.4592751704013169
1995-08-14,11.032397612752904
1995-08-15,2.8949912298108007
1995-08-16,0.0
1995-08-17,0.0
1995-08-18,0.0
1995-08-19,0.0
1995-08-20,0.0
1995-08-21,0.0
1995-08-22,0.0
1995-08-23,0.0
1995-08-24,0.0
1995-08-25,0.0
1995-08-26,0.0
1995-08-27,0.03475527707668966
1995-08-28,0.13957928150015866
1995-08-29,4.914284177536921
1995-08-30,0.2648977526700173
1995-08-31,0.009515873280522849
1995-09-01,0.0
1995-09-02,0.0
1995-09-03,0.0
1995-09-04,0.0
1995-09-05,0.0
1995-09-06,0.0
1995-09-07,0.0
1995-09-08,0.0010194419998626838
1995-09-09,0.05987427089586635
1995-09-10,0.016061330364413026
1995-09-11,0.2023456725993678
1995-09-12,0.0
1995-09-13,56.961922041463886
1995-09-14,2.538646677433966
1995-09-15,1.1923997477240603e-06
1995-09-16,0.0
1995-09-17,0.0
1995-09-18,0.051972688592304604
1995-09-19,0.534652037492246
1995-09-20,0.0
1995-09-21,0.0
1995-09-22,0.0
1995-09-23,0.0
1995-09-24,0.0
1995-09-25,0.0
1995-09-26,7.321171082499072
1995-09-27,0.28576956306220463
1995-09-28,0.05536564174269227
1995-09-29,7.768368073437227
1995-09-30,2.6318074714455233
1995-10-01,0.2969620418998065
1995-10-02,0.23153639380801136
1995-10-03,0.6759158537135438
1995-10-04,29.181024342578453
1995-10-05,32.373210067933556
1995-10-06,0.00045008906202141506
1995-10-07,0.009027046393201284
1995-10-08,0.0
1995-10-09,0.006370466202764721
1995-10-10,2.1195188534641773e-06
1995-10-11,2.5422880338900233
1995-10-12,11.21264012038783
1995-10-13,3.60635752864307
1995-10-14,0.0
1995-10-15,0.0
1995-10-16,0.0
1995-10-17,0.0035601623574864393
1995-10-18,1.0911616138389544
1995-10-19,0.22687040577283682
1995-10-20,0.7196847768314332
1995-10-21,0.0
1995-10-22,0.0
1995-10-23,0.0
1995-10-24,0.00017819207399085528
1995-10-25,7.979714697417153
1995-10-26,35.79386373703438
1995-10-27,6.319731934359969
1995-10-28,0.0
1995-10-29,0.0020442931295853333
1995-10-30,0.0
1995-10-31,1.898580980778064e-06
1995-11-01,0.0
1995-11-02,0.0
1995-11-03,0.0
1995-11-04,0.031973367689392705
1995-11-05,0.003759065552114015
1995-11-06,0.4788505419005607
1995-11-07,0.013126688400449872
1995-11-08,22.126860417661366
1995-11-09,52.22150331760728
1995-11-10,0.1685673317573057
1995-11-11,1.734075830308465e-05
1995-11-12,0.013832421102889075
1995-11-13,0.016575639128961803
1995-11-14,0.19607977683730848
1995-11-15,0.06683343896416488
1995-11-16,0.003953037160677299
1995-11-17,7.726922035388714
1995-11-18,3.468542293409674
1995-11-19,0.03062305278657215
1995-11-20,0.002422210112011625
1995-11-21,0.2494925730835902
1995-11-22,1.4717725159475439
1995-11-23,0.3953678069973176
1995-11-24,0.0
1995-11-25,0.0
1995-11-26,0.8585224709781124
1995-11-27,1.23025620182859
1995-11-28,0.0
1995-11-29,0.0
1995-11-30,0.0
1995-12-01,6.545383529496274
1995-12-02,1.6917277021658852
1995-12-03,0.011543518352322148
1995-12-04,0.1065952991734959
1995-12-05,0.0
1995-12-06,0.0
1995-12-07,0.0
1995-12-08,0.0
1995-12-09,0.0
1995-12-10,0.0
1995-12-11,0.0
1995-12-12,0.0
1995-12-13,0.0
1995-12-14,0.0
1995-12-15,0.0
1995-12-16,0.0
1995-12-17,0.0
1995-12-18,0.0
1995-12-19,0.0
1995-12-20,0.0
1995-12-21,0.6340557831795538
1995-12-22,3.008884685782195
1995-12-23,8.434978919474048
1995-12-24,1.4436677488514462
1995-12-25,0.2603093590907542
1995-12-26,0.0
1995-12-27,0.0
1995-12-28,0.0
1995-12-29,0.0
1995-12-30,0.0
1995-12-31,0.0
1996-01-01,0.0
1996-01-02,0.02113147841645361
1996-01-03,0.07527634967599207
1996-01-04,3.3133104030128093
1996-01-05,5.492149164458268
1996-01-06,0.0
1996-01-07,0.0
1996-01-08,0.0
1996-01-09,0.0
1996-01-10,0.0
1996-01-11,11.404939227990665
1996-01-12,10.651641789795937
1996-01-13,6.746040882100554
1996-01-14,0.0018130706576158077
1996-01-15,0.9284069771563592
1996-01-16,0.05800784989662476
1996-01-17,0.11309086465779157
1996-01-18,0.0010853247818600664
1996-01-19,0.0002630089935301816
1996-01-20,0.0023157189017188385
1996-01-21,0.5829501515627743
1996-01-22,0.22860119050300973
1996-01-23,0.2093462830699002
1996-01-24,9.95530000606219
1996-01-25,12.531441019679129
1996-01-26,36.17320642189479
1996-01-27,0.5604403384681332
1996-01-28,0.3847228500914673
1996-01-29,20.28709002570936
1996-01-30,6.877885657045828
1996-01-31,0.993609905209326
1996-02-01,0.923145502162176
1996-02-02,0.0028112129268871946
1996-02-03,0.20424253095639558
1996-02-04,0.915597423180608
1996-02-05,0.49486871239913
1996-02-06,0.0
1996-02-07,0.0
1996-02-08,0.18105400411394365
1996-02-09,3.9704338777286963
1996-02-10,13.286548378578553
1996-02-11,3.1628557907174166e-07
1996-02-12,0.0
1996-02-13,0.0
1996-02-14,0.19520034077509174
1996-02-15,1.0804597312456168
1996-02-16,0.011592262759359265
1996-02-17,0.3343694987785363
1996-02-18,0.09628000603594554
1996-02-19,0.48060039948083677
1996-02-20,0.502693499952604
1996-02-21,0.0
1996-02-22,0.17919385840003083
1996-02-23,8.25214534018155
1996-02-24,3.87971265450442
1996-02-25,8.825251096008396
1996-02-26,0.1084290932023332
1996-02-27,0.012883387841489898
1996-02-28,24.036547799063865
1996-02-29,1.0091531933270523
1996-03-01,0.01279290734946232
1996-03-02,9.213869608866496e-08
1996-03-03,0.04361351540413258
1996-03-04,0.08226910565228798
1996-03-05,0.7277992876307161
1996-03-06,0.0
1996-03-07,0.0
1996-03-08,0.0
1996-03-09,0.0
1996-03-10,0.0
1996-03-11,0.5877744520239736
1996-03-12,11.353728414987062
1996-03-13,5.949858314560524
1996-03-14,0.20111925509350767
1996-03-15,0.20478468820386445
1996-03-16,0.06389352888802416
1996-03-17,0.06085027834587282
1996-03-18,0.002824369342367757
1996-03-19,0.8520352083566398
1996-03-20,0.023196290212567458
1996-03-21,0.01291222015841433
1996-03-22,1.8468763185830457
1996-03-23,1.872552124591555
1996-03-24,0.014966316019615317
1996-03-25,0.0
1996-03-26,0.5691558423592982
1996-03-27,0.0
1996-03-28,0.0
1996-03-29,30.955916005544523
1996-03-30,0.004595524563175802
1996-03-31,0.01497822584155062
1996-04-01,3.3385856855683427
1996-04-02,62.2946595250321
1996-04-03,60.12755121654999
1996-04-04,24.776203012104094
1996-04-05,2.3481735642975745
1996-04-06,30.440415373038057
1996-04-07,0.0
1996-04-08,0.0
1996-04-09,18.352670176008353
1996-04-10,0.8633625009113314
1996-04-11,0.07205941494175791
1996-04-12,0.07805388230395816
1996-04-13,0.11645197870619915
1996-04-14,0.0018064706648780093
1996-04-15,3.2700026343798476
1996-04-16,0.0
1996-04-17,0.0
1996-04-18,0.0
1996-04-19,0.0
1996-04-20,0.0
1996-04-21,0.0
1996-04-22,0.6636138509966643
1996-04-23,8.438975734875564
1996-04-24,29.746168880112826
1996-04-25,4.21857478105953
1996-04-26,0.0
1996-04-27,0.0
1996-04-28,0.0
1996-04-29,0.0
1996-04-30,0.0
1996-05-01,0.0
1996-05-02,0.0
1996-05-03,0.0
1996-05-04,0.0
1996-05-05,0.0
1996-05-06,0.0
1996-05-07,0.0
1996-05-08,0.5504647045352823
1996-05-09,1.6788711076602518
1996-05-10,0.03065546318778167
1996-05-11,0.0
1996-05-12,0.0
1996-05-13,0.4668092334910967
1996-05-14,0.025924018439742794
1996-05-15,0.016680712722421626
1996-05-16,0.0251896034199489
1996-05-17,0.3158451806074229
1996-05-18,0.0007427206861961299
1996-05-19,0.06049107027745526
1996-05-20,0.0
1996-05-21,0.0
1996-05-22,2.0100857699048698
1996-05-23,0.0
1996-05-24,0.0
1996-05-25,0.0
1996-05-26,0.0
1996-05-27,0.0
1996-05-28,0.0
1996-05-29,0.0
1996-05-30,0.0
1996-05-31,0.0
1996-06-01,0.0
1996-06-02,0.0
1996-06-03,0.0
1996-06-04,0.0
1996-06-05,0.0
1996-06-06,0.0
1996-06-07,0.0
1996-06-08,0.0
1996-06-09,0.0
1996-06-10,0.0
1996-06-11,0.0
1996-06-12,0.0
1996-06-13,0.0
1996-06-14,0.023587287091809538
1996-06-15,12.725308824778544
1996-06-16,16.835065027740892
1996-06-17,5.009342254437058
1996-06-18,2.543254906807451
1996-06-19,0.0
1996-06-20,8.777573186621183
1996-06-21,0.0
1996-06-22,0.0
1996-06-23,0.0
1996-06-24,0.0
1996-06-25,0.0
1996-06-26,0.23047570125364908
1996-06-27,4.3451638762338
1996-06-28,0.1392188932320324
1996-06-29,0.0
1996-06-30,0.0
1996-07-01,0.0
1996-07-02,3.5363890055467557
1996-07-03,0.001018619141402529
1996-07-04,0.006138638269024108
1996-07-05,0.004201547293645754
1996-07-06,0.0
1996-07-07,0.13406352679174383
1996-07-08,3.6271251708780143
1996-07-09,3.731202446627586
1996-07-10,1.2059461843523198
1996-07-11,1.003838025838151
1996-07-12,0.06574297951261723
1996-07-13,0.03996469091417719
1996-07-14,0.05919214278028851
1996-07-15,5.729542470126995e-07
1996-07-16,0.0
1996-07-17,0.0
1996-07-18,0.11501733564144852
1996-07-19,0.27876721605208893
1996-07-20,4.0003162222438864e-06
1996-07-21,0.022386820207366914
1996-07-22,0.0
1996-07-23,0.0
1996-07-24,0.0
1996-07-25,0.002989674827730105
1996-07-26,0.6693792100176362
1996-07-27,0.0
1996-07-28,0.0
1996-07-29,0.0
1996-07-30,0.0
1996-07-31,0.0
1996-08-01,0.0
1996-08-02,0.0
1996-08-03,0.0
1996-08-04,0.0
1996-08-05,0.0
1996-08-06,10.43990296095314
1996-08-07,1.1764175132608408
1996-08-08,6.000375708196182
1996-08-09,6.890897858262704
1996-08-10,0.0011734942371155904
1996-08-11,0.0
1996-08-12,0.0
1996-08-13,4.847581153192684
1996-08-14,0.006631223508270216
1996-08-15,0.0
1996-08-16,0.0
1996-08-17,0.0
1996-08-18,0.0
1996-08-19,0.0
1996-08-20,0.0
1996-08-21,0.0018807057022724198
1996-08-22,0.0003157465130666086
1996-08-23,8.812721421406058e-10
1996-08-24,0.0
1996-08-25,0.06837287705279427
1996-08-26,7.93846819957637
1996-08-27,0.10067063138546042
1996-08-28,0.0
1996-08-29,0.0
1996-08-30,0.0869806508989059
1996-08-31,15.643963957374845
1996-09-01,0.0
1996-09-02,3.78156269658239
1996-09-03,1.5140171615247096
1996-09-04,0.7070183054451165
1996-09-05,0.11705316847618773
1996-09-06,0.0
1996-09-07,0.2028413940954925
1996-09-08,8.0456360741255
1996-09-09,0.1921182573384178
1996-09-10,0.0
1996-09-11,0.0
1996-09-12,0.0
1996-09-13,1.1504306901028047e-05
1996-09-14,0.10230948980287795
1996-09-15,7.09573226146989
1996-09-16,8.899773659069664
1996-09-17,0.00015209677007336806
1996-09-18,0.0
1996-09-19,8.20509098080972
1996-09-20,5.477296964010482
1996-09-21,17.68283939530578
1996-09-22,65.40796438494341
1996-09-23,1.6955528453138091
1996-09-24,0.0026531770607356258
1996-09-25,0.9810867952953276
1996-09-26,0.0
1996-09-27,0.0
1996-09-28,0.0
1996-09-29,0.0
1996-09-30,0.0
1996-10-01,8.159564754214145
1996-10-02,24.67132197188771
1996-10-03,0.7716749091754236
1996-10-04,0.22425491660856756
1996-10-05,9.760943520861955
1996-10-06,0.0
1996-10-07,0.0
1996-10-08,1.6076738422847862e-08
1996-10-09,0.16568140578271867
1996-10-10,1.5097082247267979
1996-10-11,0.0
1996-10-12,0.0
1996-10-13,0.0
1996-10-14,0.0
1996-10-15,0.0
1996-10-16,0.0
1996-10-17,2.338026765507336
1996-10-18,6.168275885727539
1996-10-19,16.042472412383546
1996-10-20,0.04695450008325041
1996-10-21,0.5332234654830109
1996-10-22,2.1627659363650884
1996-10-23,0.7041455988004767
1996-10-24,10.192845030316292
1996-10-25,1.178516770072986
1996-10-26,0.004623103755352021
1996-10-27,0.21150837083231894
1996-10-28,0.2945882284759758
1996-10-29,0.017378427036963046
1996-10-30,0.003101307035710098
1996-10-31,0.004134470720767292
1996-11-01,0.6451390715342296
1996-11-02,17.77540038444438
1996-11-03,0.01677346261866718
1996-11-04,0.3752141650571952
1996-11-05,0.02459011889427325
1996-11-06,0.619125299155775
1996-11-07,43.402297656630594
1996-11-08,2.3171226984222266
1996-11-09,29.84381876893347
1996-11-10,0.20323145959199115
1996-11-11,0.04593093905187337
1996-11-12,0.0
1996-11-13,0.6278607809808086
1996-11-14,0.875545429989034
1996-11-15,0.31576649597571227
1996-11-16,0.06465548406548632
1996-11-17,0.10182542263553143
1996-11-18,0.00016134796822159738
1996-11-19,7.456273914950672e-05
1996-11-20,0.0
1996-11-21,0.0
1996-11-22,0.07904191983605931
1996-11-23,2.8922697240174804
1996-11-24,0.0
1996-11-25,0.0
1996-11-26,0.0007532042680882158
1996-11-27,0.0
1996-11-28,0.0
1996-11-29,0.8566447599887648
1996-11-30,2.034057905200962
1996-12-01,0.012153804732914863
1996-12-02,0.8149739730470907
1996-12-03,4.356704502550569
1996-12-04,5.937142612541369
1996-12-05,0.47040119845014977
1996-12-06,9.705682960685392
1996-12-07,1.0575098956070326
1996-12-08,0.0
1996-12-09,1.9995799461881019
1996-12-10,4.461451377583943
1996-12-11,0.07190894273627274
1996-12-12,0.7014022172504237
1996-12-13,1.4114661743284886
1996-12-14,0.001476884078072498
1996-12-15,0.004865339038863818
1996-12-16,5.595698160934782
1996-12-17,14.211293067718987
1996-12-18,0.001789002557409036
1996-12-19,2.057782487978353
1996-12-20,0.04365808723938031
1996-12-21,1.5648193260719596
1996-12-22,0.21470723692949847
1996-12-23,0.0
1996-12-24,0.0
1996-12-25,0.025614334150382827
1996-12-26,0.2036699475499802
1996-12-27,0.004518929154254223
1996-12-28,0.0
1996-12-29,2.3065862386320317
1996-12-30,0.0
1996-12-31,0.0
1997-01-01,0.0
1997-01-02,0.0
1997-01-03,0.0
1997-01-04,0.0
1997-01-05,0.0
1997-01-06,0.021964832051098348
1997-01-07,0.0009360207259013185
1997-01-08,8.449810126919214
1997-01-09,0.0006703922082236339
1997-01-10,8.346465171203632e-05
1997-01-11,0.0007019230622799661
1997-01-12,0.3325422680491885
1997-01-13,4.563495367283676
1997-01-14,0.5159734487157702
1997-01-15,0.33223879839870074
1997-01-16,0.04764068332574678
1997-01-17,0.5649135917566991
1997-01-18,43.57992320634245
1997-01-19,0.42148069750697137
1997-01-20,0.0002578208554543108
1997-01-21,0.0
1997-01-22,0.0
1997-01-23,0.0
1997-01-24,0.0
1997-01-25,0.0
1997-01-26,0.16393454467475913
1997-01-27,0.0719305138721881
1997-01-28,0.5772601846027917
1997-01-29,0.7645120067300379
1997-01-30,1.8852668541538544
1997-01-31,0.0024896135612831696
1997-02-01,9.223021525165965e-05
1997-02-02,0.6591780742294182
1997-02-03,9.223021525165965e-05
1997-02-04,23.83362545282829
1997-02-05,46.74977851432616
1997-02-06,39.97494103719984
1997-02-07,1.1983741847501364
1997-02-08,2.871797971119925
1997-02-09,17.5981704180448
1997-02-10,9.911558041859424
1997-02-11,0.013392642253713612
1997-02-12,0.0008835681757506825
1997-02-13,10.979752647159012
1997-02-14,1.13439666707786
1997-02-15,0.04319257445306316
1997-02-16,0.39985575701649934
1997-02-17,30.19584857979863
1997-02-18,1.649363308819681
1997-02-19,3.9908277211716747
1997-02-20,0.5327495268024852
1997-02-21,0.011399456509839848
1997-02-22,3.5508230627216237
1997-02-23,0.8015723542589582
1997-02-24,0.22423173827779821
1997-02-25,0.41916329890227294
1997-02-26,0.33488711444261177
1997-02-27,0.09399844943835438
1997-02-28,0.0003753571703052312
1997-03-01,0.08862049527046123
1997-03-02,0.07432214547359435
1997-03-03,0.00712525653925047
1997-03-04,0.0033054262080965623
1997-03-05,0.4430954718387958
1997-03-06,0.0
1997-03-07,0.0
1997-03-08,0.0
1997-03-09,0.0
1997-03-10,0.0
1997-03-11,16.465827724284875
1997-03-12,2.2561804893647874
1997-03-13,0.003457550637101535
1997-03-14,0.004492169227765132
1997-03-15,0.00010756392702362379
1997-03-16,0.00016429695525042
1997-03-17,0.000549446497152265
1997-03-18,0.3880161393639431
1997-03-19,0.2820417431697956
1997-03-20,0.0051389315283453165
1997-03-21,0.0012664551884684508
1997-03-22,10.481916415993265
1997-03-23,10.502879832385686
1997-03-24,8.955755173497364e-05
1997-03-25,8.955755173497364e-05
1997-03-26,0.0
1997-03-27,0.0
1997-03-28,0.0
1997-03-29,0.0
1997-03-30,0.0
1997-03-31,0.0
1997-04-01,0.005294180014261687
1997-04-02,0.00010326106081034333
1997-04-03,2.572515433864564
1997-04-04,7.767830880510481
1997-04-05,0.00010326106081034333
1997-04-06,1.4549741741297826e-05
1997-04-07,1.4549741741297826e-05
1997-04-08,1.4549741741297826e-05
1997-04-09,1.4549741741297826e-05
1997-04-10,0.9082456760139541
1997-04-11,6.858900716797513
1997-04-12,0.22553770971342013
1997-04-13,0.00028491701586893327
1997-04-14,4.860649006957749e-05
1997-04-15,4.860649006957749e-05
1997-04-16,3.127270583047413
1997-04-17,23.699137815615085
1997-04-18,0.2867033864518206
1997-04-19,16.0606603261866
1997-04-20,0.4702346517298008
1997-04-21,0.3875477316269068
1997-04-22,0.2458979548249524
1997-04-23,0.0011433555344445637
1997-04-24,19.42526563333309
1997-04-25,0.9254078053341995
1997-04-26,0.00018205851122467823
1997-04-27,0.6794565522616884
1997-04-28,1.7724816885813053
1997-04-29,0.00018205851122467823
1997-04-30,0.04513308013112178
1997-05-01,0.0
1997-05-02,0.0
1997-05-03,0.0
1997-05-04,0.0
1997-05-05,0.0
1997-05-06,0.0012110125296227149
1997-05-07,0.0012110125296227149
1997-05-08,0.0012110125296227149
1997-05-09,0.0012110125296227149
1997-05-10,0.1442193193395771
1997-05-11,0.0001581626543812053
1997-05-12,0.0017355325568525815
1997-05-13,0.001051942851546319
1997-05-14,0.42701721314145846
1997-05-15,0.06792084086487701
1997-05-16,0.000288932834191545
1997-05-17,0.000634212168337659
1997-05-18,36.542710984322156
1997-05-19,132.07976912176366
1997-05-20,1.6437749243657485
1997-05-21,0.0
1997-05-22,0.0
1997-05-23,0.0
1997-05-24,0.0
1997-05-25,0.0
1997-05-26,0.00692935331008572
1997-05-27,0.00692935331008572
1997-05-28,0.00692935331008572
1997-05-29,2.0074185249747702
1997-05-30,0.00692935331008572
1997-05-31,0.00692935331008572
1997-06-01,6.068801474237813e-05
1997-06-02,4.381200424440634
1997-06-03,0.13164495111380747
1997-06-04,0.0070372140025767695
1997-06-05,9.867360157381912
1997-06-06,5.615202953387862
1997-06-07,1.84196051850785
1997-06-08,0.10729987235592786
1997-06-09,0.12883191481117487
1997-06-10,0.008522597008911817
1997-06-11,0.04596267660926614
1997-06-12,0.003937569492354019
1997-06-13,34.852157583575085
1997-06-14,2.3710004466136474
1997-06-15,17.24112524713565
1997-06-16,0.23379972027627655
1997-06-17,0.022264354954040208
1997-06-18,0.5943051820830471
1997-06-19,7.320849844502819
1997-06-20,1.5962772040060376
1997-06-21,24.15602651453356
1997-06-22,11.545763472701882
1997-06-23,5.345092918319072
1997-06-24,5.492280972614724
1997-06-25,7.093346171995866e-05
1997-06-26,0.012358874536677023
1997-06-27,0.012358874536677023
1997-06-28,0.012358874536677023
1997-06-29,0.012358874536677023
1997-06-30,0.012358874536677023
1997-07-01,2.4101978633135556e-05
1997-07-02,0.006020406866143504
1997-07-03,2.476252639624132e-05
1997-07-04,5.423672099310875e-05
1997-07-05,2.143723288797843
1997-07-06,5.478914623276484
1997-07-07,0.015328187648925672
1997-07-08,19.35472933652722
1997-07-09,2.298310737398515
1997-07-10,0.137032107784113
1997-07-11,1.71961077627559
1997-07-12,1.904875872174359
1997-07-13,0.6022493064147195
1997-07-14,0.0031412285404652913
1997-07-15,0.9846076642716001
1997-07-16,6.545042773277498
1997-07-17,0.0003935153396477759
1997-07-18,0.0003935153396477759
1997-07-19,0.30443217790919624
1997-07-20,0.6086463141258439
1997-07-21,0.002319840180302939
1997-07-22,0.009695534398899985
1997-07-23,0.011264824722885513
1997-07-24,1.0759071943952946e-05
1997-07-25,1.0759071943952946e-05
1997-07-26,2.472640902628954e-06
1997-07-27,2.472640902628954e-06
1997-07-28,2.472640902628954e-06
1997-07-29,2.472640902628954e-06
1997-07-30,2.472640902628954e-06
1997-07-31,0.6816372666053024
1997-08-01,22.459481109558705
1997-08-02,9.824418015353709
1997-08-03,10.809660281045932
1997-08-04,2.0601365980996134
1997-08-05,0.00014907971083924458
1997-08-06,0.0
1997-08-07,0.0
1997-08-08,0.0
1997-08-09,0.0
1997-08-10,0.0
1997-08-11,0.0001659931951011642
1997-08-12,0.0001659931951011642
1997-08-13,0.0001659931951011642
1997-08-14,0.0001659931951011642
1997-08-15,4.580822038217464
1997-08-16,20.373483796665177
1997-08-17,9.891628953682723
1997-08-18,0.2963666854485306
1997-08-19,40.87744278188376
1997-08-20,0.24051340951784592
1997-08-21,0.0
1997-08-22,0.0
1997-08-23,0.0
1997-08-24,0.0
1997-08-25,0.0
1997-08-26,0.0009051572287919971
1997-08-27,0.0009051572287919971
1997-08-28,0.0009051572287919971
1997-08-29,0.0009051572287919971
1997-08-30,0.0009051572287919971
1997-08-31,0.09482337135659956
1997-09-01,19.478622068285425
1997-09-02,26.440678442341298
1997-09-03,2.3838705035181267
1997-09-04,22.08679404364004
1997-09-05,4.148270296913634
1997-09-06,0.00011627975395805231
1997-09-07,4.4174037725893305
1997-09-08,13.967303319558832
1997-09-09,0.13764977840809403
1997-09-10,1.9078515842242693e-05
1997-09-11,3.3334148749717496e-05
1997-09-12,0.05290611700812589
1997-09-13,0.0447593643641373
1997-09-14,3.3334148749717496e-05
1997-09-15,3.3334148749717496e-05
1997-09-16,0.00021222490710731893
1997-09-17,0.00021222490710731893
1997-09-18,0.0006303089370244197
1997-09-19,1.1325970301706163
1997-09-20,2.0054044199742016
1997-09-21,0.0
1997-09-22,0.0
1997-09-23,0.0
1997-09-24,0.0
1997-09-25,0.0
1997-09-26,0.0003005627234379585
1997-09-27,5.087833039623119
1997-09-28,0.6767756273086801
1997-09-29,0.05956523055163488
1997-09-30,0.012966468231003479
1997-10-01,22.75007679527799
1997-10-02,1.9308328816959384
1997-10-03,0.18997855418054702
1997-10-04,26.79659185973308
1997-10-05,2.5699025252169516
1997-10-06,2.1109242106863136e-05
1997-10-07,2.1109242106863136e-05
1997-10-08,0.08749154714629491
1997-10-09,3.564512787473065
1997-10-10,0.1520380930772552
1997-10-11,12.512992873528141
1997-10-12,12.257850252522035
1997-10-13,1.1369069958873472
1997-10-14,14.274350146481892
1997-10-15,13.300445452350614
1997-10-16,0.0
1997-10-17,0.0
1997-10-18,0.0
1997-10-19,0.0
1997-10-20,0.0
1997-10-21,0.0
1997-10-22,0.0
1997-10-23,0.0
1997-10-24,0.0
1997-10-25,0.0
1997-10-26,0.0019428061768140392
1997-10-27,13.485954013116206
1997-10-28,31.443902203532044
1997-10-29,0.7161236820386407
1997-10-30,0.620118794259326
1997-10-31,1.460789829456956
1997-11-01,0.16657469728300833
1997-11-02,29.417298685734977
1997-11-03,1.0565293220937635
1997-11-04,7.9594232464278605
1997-11-05,7.320527927705557
1997-11-06,7.341643240912425
1997-11-07,0.0962480597852711
1997-11-08,0.08426054760291257
1997-11-09,15.59171734809915
1997-11-10,5.693705063772699
1997-11-11,2.7747903932838764
1997-11-12,42.44133305493661
1997-11-13,1.0324947221823213
1997-11-14,7.546832936239881e-05
1997-11-15,7.546832936239881e-05
1997-11-16,2.1997366087586413e-05
1997-11-17,0.0076798648663755804
1997-11-18,2.1997366087586413e-05
1997-11-19,2.1997366087586413e-05
1997-11-20,3.654890820202523
1997-11-21,12.041164471238481
1997-11-22,0.01424328359474792
1997-11-23,1.6319596303427601
1997-11-24,0.0029923498142791927
1997-11-25,0.12185381509770657
1997-11-26,18.376598778906033
1997-11-27,0.24770385904489345
1997-11-28,0.030179863233708387
1997-11-29,0.00016114569895827745
1997-11-30,0.05494477128513157
1997-12-01,0.029127013517911467
1997-12-02,2.605173275345142e-05
1997-12-03,0.6371841378383208
1997-12-04,2.605173275345142e-05
1997-12-05,0.004789950695528595
1997-12-06,0.001351041835013675
1997-12-07,0.7405493697394838
1997-12-08,0.000637544345454719
1997-12-09,5.5632444185534015e-05
1997-12-10,0.18066159113556335
1997-12-11,5.343578980322757
1997-12-12,21.970481412674683
1997-12-13,45.54169246733685
1997-12-14,4.625213773308623
1997-12-15,0.8741509272111372
1997-12-16,0.0005109129736879042
1997-12-17,0.232398786163098
1997-12-18,0.5892538334933728
1997-12-19,0.29321419574552826
1997-12-20,19.724238656588458
1997-12-21,17.08528990483007
1997-12-22,62.67308313048823
1997-12-23,1.0130632607796177
1997-12-24,0.7751837832774068
1997-12-25,11.879818355586856
1997-12-26,21.54402064783083
1997-12-27,78.80100841214276
1997-12-28,0.1704395018391746
1997-12-29,7.338450936004515
1997-12-30,6.9569313516111295
1997-12-31,0.017550452963556274
1998-01-01,19.41973514584054
1998-01-02,0.2247579780193836
1998-01-03,0.8700823956792907
1998-01-04,1.2388150226315666
1998-01-05,18.971161149584233
1998-01-06,90.50691880005708
1998-01-07,0.5033084027694711
1998-01-08,0.0
1998-01-09,0.02794277493724224
1998-01-10,0.4014560631750855
1998-01-11,2.0823395323716296
1998-01-12,1.0247252530655921
1998-01-13,0.05030712600302302
1998-01-14,2.739514091347649
1998-01-15,0.1993335052959522
1998-01-16,0.0
1998-01-17,0.0
1998-01-18,0.0
1998-01-19,0.0
1998-01-20,0.0
1998-01-21,1.2340805209920875
1998-01-22,19.78995189838133
1998-01-23,0.016190459208148867
1998-01-24,0.027034780247281846
1998-01-25,0.012585383959310971
1998-01-26,0.8941973489253732
1998-01-27,15.424756905147271
1998-01-28,26.739795825867162
1998-01-29,0.8138090071322868
1998-01-30,33.48948616629725
1998-01-31,0.6774960174905027
1998-02-01,3.182553781819246
1998-02-02,0.26962635645038835
1998-02-03,38.84587056987436
1998-02-04,33.39412842663372
1998-02-05,1.0703244756922052
1998-02-06,5.013312418989818
1998-02-07,7.118314197061914
1998-02-08,0.052374789471009875
1998-02-09,39.76899630954059
1998-02-10,0.23055572429630736
1998-02-11,2.291825287738578
1998-02-12,0.12326586957803698
1998-02-13,0.0004730898916900617
1998-02-14,0.0
1998-02-15,0.03917315668409104
1998-02-16,0.6819775046363825
1998-02-17,0.0
1998-02-18,0.06504176213730674
1998-02-19,0.0298891203997681
1998-02-20,2.1893996416517973
1998-02-21,4.445485953334479
1998-02-22,0.06941074856458954
1998-02-23,5.712533798509638
1998-02-24,8.483330918370628
1998-02-25,0.2105543443108827
1998-02-26,0.24957174587917547
1998-02-27,0.03364477099462664
1998-02-28,0.1622034580589437
1998-03-01,3.708259464265456
1998-03-02,0.20003831645485742
1998-03-03,0.0
1998-03-04,0.0
1998-03-05,4.885461772579589
1998-03-06,13.220723414807036
1998-03-07,14.97821589840659
1998-03-08,19.466588077084374
1998-03-09,10.102146824364391
1998-03-10,25.761326962535502
1998-03-11,0.08748783891567477
1998-03-12,2.899071330448291
1998-03-13,8.984449351677895
1998-03-14,0.9468579117669028
1998-03-15,0.011630489249523016
1998-03-16,0.08118844369940174
1998-03-17,1.4682250421865968
1998-03-18,18.60521194129081
1998-03-19,1.5481504926692167
1998-03-20,0.0019658487609105473
1998-03-21,0.23211059591787767
1998-03-22,4.690769232485917
1998-03-23,0.0006738495370494637
1998-03-24,1.1606483111814212
1998-03-25,0.027803662620488896
1998-03-26,0.0
1998-03-27,22.885445256929167
1998-03-28,3.3680991264570985
1998-03-29,0.0
1998-03-30,0.0
1998-03-31,0.0
1998-04-01,0.23083341938226562
1998-04-02,0.23083341938226562
1998-04-03,0.23083341938226562
1998-04-04,0.23083341938226562
1998-04-05,0.23083341938226562
1998-04-06,22.860373871239574
1998-04-07,41.53053598935805
1998-04-08,0.9538696595207904
1998-04-09,0.0288518874178026
1998-04-10,11.585049079216063
1998-04-11,20.63505338506477
1998-04-12,29.083303642715403
1998-04-13,34.654313343491985
1998-04-14,23.485293114438083
1998-04-15,7.922147006812365
1998-04-16,7.175603949906428
1998-04-17,42.72271276931104
1998-04-18,17.263357216647425
1998-04-19,0.026462823185869625
1998-04-20,0.01566169529602871
1998-04-21,0.06269463744548444
1998-04-22,9.268527648726355
1998-04-23,6.384538956379664
1998-04-24,7.168729674969851
1998-04-25,0.5832047653672314
1998-04-26,0.02069452560969053
1998-04-27,10.184605829390268
1998-04-28,0.44133482439439087
1998-04-29,3.8811494564918263
1998-04-30,1.0403244640807652
1998-05-01,0.0
1998-05-02,0.0
1998-05-03,0.0
1998-05-04,0.0
1998-05-05,0.0
1998-05-06,0.0
1998-05-07,0.0
1998-05-08,2.2393991351948795e-06
1998-05-09,0.00795611363773323
1998-05-10,0.18318461093232144
1998-05-11,25.53774937370154
1998-05-12,4.549003114070258
1998-05-13,0.5123924620519533
1998-05-14,40.57368813615152
1998-05-15,26.42506477397633
1998-05-16,0.10419074462551951
1998-05-17,1.1304687876112887e-05
1998-05-18,9.73024745214518e-05
1998-05-19,0.0
1998-05-20,5.553709094777397e-05
1998-05-21,0.026726811653375177
1998-05-22,0.008753961805285211
1998-05-23,0.6969896745641156
1998-05-24,10.037165404811757
1998-05-25,32.01847563006132
1998-05-26,38.864433397002706
1998-05-27,0.3665931264317937
1998-05-28,0.31369396278024725
1998-05-29,0.6958360680570737
1998-05-30,2.307493112980004
1998-05-31,0.0002348224987678445
1998-06-01,0.23437823840380834
1998-06-02,0.011101565487807462
1998-06-03,0.0
1998-06-04,0.0
1998-06-05,0.0
1998-06-06,3.258073846511582e-05
1998-06-07,7.405217963711576
1998-06-08,2.9435428605332565
1998-06-09,14.618986816512113
1998-06-10,19.98861607748964
1998-06-11,11.296441498833742
1998-06-12,0.029588480097309182
1998-06-13,0.0003873273643852004
1998-06-14,0.7776479889962745
1998-06-15,11.807225929653844
1998-06-16,44.038182606732455
1998-06-17,0.08099243113818981
1998-06-18,0.0
1998-06-19,0.0
1998-06-20,0.0
1998-06-21,0.0
1998-06-22,0.0
1998-06-23,0.0
1998-06-24,0.0
1998-06-25,0.0
1998-06-26,0.0
1998-06-27,0.0017613786655534518
1998-06-28,3.713686334286279e-06
1998-06-29,0.4203738801672965
1998-06-30,6.722097732442427
1998-07-01,23.902882598805707
1998-07-02,0.4185013055815083
1998-07-03,0.04046646279332903
1998-07-04,4.207029316837769
1998-07-05,29.69173499702066
1998-07-06,0.032872831818353425
1998-07-07,0.0013700576910141249
1998-07-08,0.0004915501843605178
1998-07-09,7.810787965140146e-05
1998-07-10,0.0
1998-07-11,0.06146993840644024
1998-07-12,0.06146993840644024
1998-07-13,0.4309785984925497
1998-07-14,0.06146993840644024
1998-07-15,0.06146993840644024
1998-07-16,1.3502423757136053
1998-07-17,43.936267655035834
1998-07-18,0.7849955245477418
1998-07-19,0.0
1998-07-20,0.9488725862860092
1998-07-21,1.368613470919502
1998-07-22,0.39623564056546845
1998-07-23,1.7219130162852263
1998-07-24,20.855478688846457
1998-07-25,8.994489785114965
1998-07-26,0.3849858539168468
1998-07-27,0.20853646511558935
1998-07-28,0.871247036168548
1998-07-29,5.460686481281839e-07
1998-07-30,0.0
1998-07-31,0.886424826340392
1998-08-01,0.0
1998-08-02,0.0
1998-08-03,0.0
1998-08-04,0.0
1998-08-05,0.0
1998-08-06,0.0
1998-08-07,0.0
1998-08-08,0.0
1998-08-09,0.0
1998-08-10,0.0
1998-08-11,45.43841108076936
1998-08-12,0.0005249099051510451
1998-08-13,0.0
1998-08-14,0.005722548714829835
1998-08-15,6.217551543019035
1998-08-16,0.0
1998-08-17,0.017826987135058498
1998-08-18,0.0
1998-08-19,0.0017436063683246529
1998-08-20,0.0014285772969517179
1998-08-21,0.008874206429145673
1998-08-22,0.44227307543784394
1998-08-23,34.147585651998234
1998-08-24,0.6829476012565194
1998-08-25,4.633905523564379
1998-08-26,0.05388602605928282
1998-08-27,0.0039876641100586125
1998-08-28,0.0
1998-08-29,0.0007296067582333059
1998-08-30,0.0
1998-08-31,0.0
1998-09-01,0.0
1998-09-02,16.973613422187075
1998-09-03,35.60383308202494
1998-09-04,0.25329991195077445
1998-09-05,5.149811041804733e-07
1998-09-06,0.0
1998-09-07,0.0
1998-09-08,0.0
1998-09-09,0.0
1998-09-10,0.0
1998-09-11,4.899649513324591
1998-09-12,5.138451782325712
1998-09-13,1.1616539049883068
1998-09-14,0.07167290886712907
1998-09-15,0.0
1998-09-16,0.0
1998-09-17,6.120064073933625
1998-09-18,4.0821936214433805
1998-09-19,0.01947144884211667
1998-09-20,0.0
1998-09-21,0.04920757206733934
1998-09-22,0.21904605905051414
1998-09-23,0.0037034920616974684
1998-09-24,0.6772376690821578
1998-09-25,0.3278587842382618
1998-09-26,10.612500496851347
1998-09-27,8.39817267901434
1998-09-28,0.0
1998-09-29,0.0
1998-09-30,0.0
1998-10-01,0.003182611491530387
1998-10-02,0.45782296563534597
1998-10-03,0.8120335605909959
1998-10-04,0.01523702716934116
1998-10-05,1.9724936597215494
1998-10-06,0.0
1998-10-07,0.0
1998-10-08,0.0
1998-10-09,0.0
1998-10-10,0.0
1998-10-11,0.0
1998-10-12,0.0
1998-10-13,0.0
1998-10-14,0.0
1998-10-15,0.0
1998-10-16,2.7280850298100576
1998-10-17,0.22338920411737945
1998-10-18,0.007367309261996172
1998-10-19,0.0
1998-10-20,0.004372768042503817
1998-10-21,0.002686430472942308
1998-10-22,0.0
1998-10-23,6.383709644465203
1998-10-24,0.0
1998-10-25,5.788767627685736
1998-10-26,0.0
1998-10-27,0.0
1998-10-28,0.0
1998-10-29,0.0
1998-10-30,0.0
1998-10-31,0.0
1998-11-01,0.0
1998-11-02,0.0
1998-11-03,0.011765368474475934
1998-11-04,0.026221145248157617
1998-11-05,0.0
1998-11-06,0.1302671455833056
1998-11-07,8.757160115518051
1998-11-08,0.1461574607596916
1998-11-09,0.072478146945265
1998-11-10,0.0
1998-11-11,0.0
1998-11-12,0.2744615095573508
1998-11-13,5.952944767051649e-05
1998-11-14,1.2474322367513452e-05
1998-11-15,0.009098027322515672
1998-11-16,14.26181192452363
1998-11-17,6.6730674270712855
1998-11-18,0.0
1998-11-19,0.0
1998-11-20,0.0
1998-11-21,0.006148696257719618
1998-11-22,0.0005247858158711518
1998-11-23,0.00012715094480521678
1998-11-24,20.53752310670072
1998-11-25,1.2988266641194872
1998-11-26,0.0
1998-11-27,0.0
1998-11-28,0.0
1998-11-29,0.0
1998-11-30,0.0
1998-12-01,0.0
1998-12-02,0.0
1998-12-03,0.208022418584204
1998-12-04,0.03348659731416855
1998-12-05,0.3129132051574812
1998-12-06,0.49398188209376265
1998-12-07,0.0
1998-12-08,0.1444383643694323
1998-12-09,0.1609305372261102
1998-12-10,0.19063901565002667
1998-12-11,15.373457179410998
1998-12-12,3.579428127098867
1998-12-13,6.026352545092205
1998-12-14,0.23778924524025366
1998-12-15,0.0
1998-12-16,25.48796798622
1998-12-17,2.11587710242253
1998-12-18,0.001930886329826116
1998-12-19,0.0
1998-12-20,0.25280918870152547
1998-12-21,2.8813790739650083
1998-12-22,0.40472824271013574
1998-12-23,0.0
1998-12-24,0.0
1998-12-25,0.0
1998-12-26,0.00868709341481117
1998-12-27,3.3593263841845196
1998-12-28,8.63072159835269
1998-12-29,3.9070947165317214
1998-12-30,0.005635359833638673
1998-12-31,0.02083960032440092
1999-01-01,0.0
1999-01-02,2.05067587014396
1999-01-03,0.0
1999-01-04,5.517461677314441
1999-01-05,1.7381338323987563
1999-01-06,0.0
1999-01-07,0.0
1999-01-08,0.0
1999-01-09,0.0
1999-01-10,0.0
1999-01-11,9.375672795078198e-06
1999-01-12,4.777819185752632e-05
1999-01-13,7.129363074437249e-05
1999-01-14,0.0003632607616763399
1999-01-15,0.0
1999-01-16,0.0
1999-01-17,0.0
1999-01-18,0.019930615387082847
1999-01-19,2.1646408061277125
1999-01-20,0.20798008172738175
1999-01-21,0.0785636278576202
1999-01-22,0.18026147112828705
1999-01-23,0.055118058861090696
1999-01-24,1.293291849201499
1999-01-25,0.1676544300907853
1999-01-26,0.0015506742404224872
1999-01-27,0.005613405923976861
1999-01-28,4.567008616955072
1999-01-29,23.991451510340127
1999-01-30,0.3962068710051445
1999-01-31,0.001951103247312593
1999-02-01,2.9524760935553793
1999-02-02,31.231963834135733
1999-02-03,0.0
1999-02-04,25.989107852656158
1999-02-05,0.002563907858062555
1999-02-06,4.355475513212626
1999-02-07,47.51505401370799
1999-02-08,0.020480034641956704
1999-02-09,0.0
1999-02-10,0.0
1999-02-11,0.0054655283495763235
1999-02-12,9.128881395201421e-05
1999-02-13,13.756115063093468
1999-02-14,0.00021638398115772346
1999-02-15,0.05230431830518683
1999-02-16,0.0
1999-02-17,1.3789802721975277
1999-02-18,0.4751521404677876
1999-02-19,2.3675651640678645
1999-02-20,0.0
1999-02-21,0.0066354702031376275
1999-02-22,0.002943825302488019
1999-02-23,0.22003872283188924
1999-02-24,0.5598859007482083
1999-02-25,0.4231029744213282
1999-02-26,0.2652430367996663
1999-02-27,0.01678250197005828
1999-02-28,0.07444614225328211
1999-03-01,0.0
1999-03-02,0.9570335578467878
1999-03-03,3.0825068223674212
1999-03-04,1.023284837047123
1999-03-05,0.5938102011235238
1999-03-06,0.015483662529884815
1999-03-07,0.0
1999-03-08,0.0784381394115694
1999-03-09,6.240447948409907
1999-03-10,1.9574726045105884
1999-03-11,0.0017280325895989547
1999-03-12,0.0007797841229281212
1999-03-13,0.0
1999-03-14,0.0313822661396021
1999-03-15,0.06628325883797134
1999-03-16,0.042379006680655855
1999-03-17,0.01587196578471773
1999-03-18,6.11498327242299
1999-03-19,4.723408313379082
1999-03-20,11.552108063159372
1999-03-21,0.44974768910489665
1999-03-22,0.0021688192071586737
1999-03-23,0.0448983184146174
1999-03-24,0.4812307049478386
1999-03-25,18.415007943455272
1999-03-26,0.0
1999-03-27,0.00033169240445541986
1999-03-28,51.1993070547386
1999-03-29,0.045438876410344956
1999-03-30,0.0
1999-03-31,0.0
1999-04-01,3.216697219656521
1999-04-02,45.49406880140784
1999-04-03,9.209119891801135
1999-04-04,26.77708710954575
1999-04-05,2.271969368694166
1999-04-06,0.008956929660612394
1999-04-07,0.0
1999-04-08,0.0
1999-04-09,0.0068574261515542256
1999-04-10,4.848319058096297
1999-04-11,11.464246866865604
1999-04-12,0.8359382647632164
1999-04-13,0.0
1999-04-14,0.0
1999-04-15,0.9454114351150372
1999-04-16,0.0
1999-04-17,0.0
1999-04-18,0.0
1999-04-19,0.0
1999-04-20,0.0
1999-04-21,0.0
1999-04-22,0.0
1999-04-23,0.0
1999-04-24,2.2456499579452953
1999-04-25,6.49310991704916
1999-04-26,0.0
1999-04-27,16.438428521596514
1999-04-28,10.594278281519001
1999-04-29,0.045422148977966356
1999-04-30,0.07473661420802065
1999-05-01,0.0
1999-05-02,0.0
1999-05-03,0.0
1999-05-04,6.980712082420771
1999-05-05,0.7454543920896824
1999-05-06,0.27554225525668274
1999-05-07,0.1285220462945701
1999-05-08,0.0
1999-05-09,0.0
1999-05-10,0.0
1999-05-11,0.3960845169206622
1999-05-12,0.05084671390536986
1999-05-13,0.0
1999-05-14,0.0
1999-05-15,0.0
1999-05-16,1.097703169280659e-05
1999-05-17,0.07323638752169445
1999-05-18,0.6210709558691248
1999-05-19,1.2308581432603556
1999-05-20,0.0014598156039120702
1999-05-21,0.0
1999-05-22,0.0
1999-05-23,0.40715372204765926
1999-05-24,0.16086168763827358
1999-05-25,0.0
1999-05-26,3.9853678857143864
1999-05-27,0.24729882769953096
1999-05-28,34.970566348568575
1999-05-29,1.7920783665679243
1999-05-30,0.2860340736729806
1999-05-31,0.6755158773988257
1999-06-01,0.0
1999-06-02,0.0
1999-06-03,0.0
1999-06-04,0.0
1999-06-05,0.0
1999-06-06,0.0
1999-06-07,0.0
1999-06-08,0.00415624722294746
1999-06-09,11.440317724241659
1999-06-10,0.0438670008377208
1999-06-11,0.0
1999-06-12,0.0
1999-06-13,0.0029081120625016966
1999-06-14,0.0
1999-06-15,1.6800723825631563
1999-06-16,0.0
1999-06-17,0.0
1999-06-18,0.0
1999-06-19,0.0
1999-06-20,0.0
1999-06-21,5.051377587209214e-05
1999-06-22,6.19509657800075e-05
1999-06-23,0.0010619633468137313
1999-06-24,0.039846549546895094
1999-06-25,0.0012731114632903275
1999-06-26,2.778964661201095
1999-06-27,12.253573680053465
1999-06-28,21.662213113201023
1999-06-29,11.553743982786298
1999-06-30,0.03147831673720785
1999-07-01,0.0
1999-07-02,0.0
1999-07-03,0.0
1999-07-04,0.0
1999-07-05,0.0
1999-07-06,0.0
1999-07-07,0.0013634386716870072
1999-07-08,0.004294693922237492
1999-07-09,0.0016262722722786963
1999-07-10,0.0006989346628956509
1999-07-11,0.0
1999-07-12,3.522224253280564
1999-07-13,0.19573989017299653
1999-07-14,17.02628492535122
1999-07-15,4.388194219218906
1999-07-16,0.12627739228831592
1999-07-17,0.3585820939125608
1999-07-18,0.24090299916840552
1999-07-19,7.098863722051595
1999-07-20,18.466444175108144
1999-07-21,0.03527828396423153
1999-07-22,0.017836360836253604
1999-07-23,0.0005897849720688104
1999-07-24,0.0
1999-07-25,0.0
1999-07-26,2.7667802014097025
1999-07-27,0.5619329769818411
1999-07-28,0.00023730062810900323
1999-07-29,7.784387784300963
1999-07-30,3.791598524362482
1999-07-31,0.0
1999-08-01,0.0
1999-08-02,0.0
1999-08-03,0.0
1999-08-04,0.0
1999-08-05,0.0
1999-08-06,4.645598059044592
1999-08-07,39.124819380291804
1999-08-08,0.0
1999-08-09,0.001573178432875791
1999-08-10,0.0
1999-08-11,0.0
1999-08-12,0.0
1999-08-13,0.0
1999-08-14,0.0
1999-08-15,0.0
1999-08-16,0.0
1999-08-17,0.0
1999-08-18,0.0
1999-08-19,0.0
1999-08-20,0.0
1999-08-21,0.0
1999-08-22,0.0
1999-08-23,0.0
1999-08-24,0.0
1999-08-25,0.0
1999-08-26,0.0
1999-08-27,0.0
1999-08-28,0.006065036126172232
1999-08-29,0.04071590265920587
1999-08-30,0.0
1999-08-31,9.738561282713368
1999-09-01,1.2035296486492888
1999-09-02,0.1929721993482996
1999-09-03,16.489090707153288
1999-09-04,1.7037069563190186
1999-09-05,13.871684630686323
1999-09-06,5.467270347797146
1999-09-07,19.663292944096533
1999-09-08,5.855532824503634
1999-09-09,0.0
1999-09-10,0.0
1999-09-11,0.024739285289427
1999-09-12,0.040015275919926804
1999-09-13,14.01840375538926
1999-09-14,7.500621537262123
1999-09-15,0.0
1999-09-16,0.0538752965362556
1999-09-17,0.0538752965362556
1999-09-18,0.0538752965362556
1999-09-19,0.13149023489515765
1999-09-20,0.0538752965362556
1999-09-21,0.06626619676366689
1999-09-22,1.886825383120491
1999-09-23,0.0
1999-09-24,0.0
1999-09-25,5.021251453237406
1999-09-26,0.05018919465969157
1999-09-27,0.0074765908841270675
1999-09-28,0.9049696285696391
1999-09-29,0.42771526586316444
1999-09-30,0.0
1999-10-01,14.171735396665811
1999-10-02,0.5336031696851096
1999-10-03,0.029936539385223268
1999-10-04,0.001550181802676854
1999-10-05,0.006507920688045916
1999-10-06,0.01313703408679718
1999-10-07,8.995155641613486
1999-10-08,3.864886581230667
1999-10-09,0.06863748347771306
1999-10-10,0.017673397288613748
1999-10-11,1.4132999763900215e-05
1999-10-12,11.455778249021396
1999-10-13,23.229672442445242
1999-10-14,2.105186590078185
1999-10-15,6.509631902746825
1999-10-16,0.0
1999-10-17,0.0
1999-10-18,0.0
1999-10-19,0.0
1999-10-20,0.0
1999-10-21,0.3520359628830037
1999-10-22,0.5588159509157438
1999-10-23,0.039208086254520894
1999-10-24,0.1729809173329534
1999-10-25,6.417587627907189
1999-10-26,0.2039577299372138
1999-10-27,0.24920136343848875
1999-10-28,0.13440099754211815
1999-10-29,0.040927778809159855
1999-10-30,0.55047103394892
1999-10-31,0.09917049166533108
1999-11-01,5.474052005215804
1999-11-02,1.453580530743926
1999-11-03,0.9496767202909662
1999-11-04,4.3931394588422785
1999-11-05,0.0028730039937232585
1999-11-06,0.0
1999-11-07,0.0
1999-11-08,0.0
1999-11-09,0.0
1999-11-10,0.0
1999-11-11,0.0
1999-11-12,0.0
1999-11-13,0.008499872783223542
1999-11-14,0.5199254713226695
1999-11-15,0.000307078835701004
1999-11-16,0.0
1999-11-17,0.0
1999-11-18,0.0
1999-11-19,0.12131525584704632
1999-11-20,0.1745430858597215
1999-11-21,0.966060432204897
1999-11-22,0.047555349279441994
1999-11-23,2.3990780005310173
1999-11-24,1.6776769899026425
1999-11-25,1.2895396154104544
1999-11-26,2.8785657068090713
1999-11-27,0.04210112793146374
1999-11-28,0.0
1999-11-29,0.0
1999-11-30,0.0
1999-12-01,0.0003786144047867058
1999-12-02,8.38127296156194
1999-12-03,2.689806474918805
1999-12-04,0.011342173067559469
1999-12-05,2.217197709119422
1999-12-06,0.0
1999-12-07,0.0
1999-12-08,0.0
1999-12-09,0.0
1999-12-10,0.0
1999-12-11,0.0
1999-12-12,1.180801404771269
1999-12-13,17.007694962998997
1999-12-14,0.44358312176866527
1999-12-15,0.03758998449170771
1999-12-16,0.0
1999-12-17,0.0
1999-12-18,0.0
1999-12-19,0.0
1999-12-20,0.0
1999-12-21,0.0
1999-12-22,0.0
1999-12-23,0.0
1999-12-24,0.0
1999-12-25,0.0
1999-12-26,0.0
1999-12-27,0.0
1999-12-28,0.0
1999-12-29,0.0
1999-12-30,0.0
1999-12-31,0.0
2000-01-01,0.0
2000-01-02,0.0
2000-01-03,0.0
2000-01-04,0.0
2000-01-05,0.0
2000-01-06,0.0
2000-01-07,0.0
2000-01-08,0.0
2000-01-09,0.0
2000-01-10,0.0
2000-01-11,0.8257728656389168
2000-01-12,0.02723636428060209
2000-01-13,4.522037899256206
2000-01-14,29.002137701232154
2000-01-15,13.763616182522039
2000-01-16,1.6598705976924006
2000-01-17,12.546494477687746
2000-01-18,0.050499523951253754
2000-01-19,0.0
2000-01-20,0.0
2000-01-21,0.0
2000-01-22,5.403778263416912
2000-01-23,0.03174654055637701
2000-01-24,0.5599402528813205
2000-01-25,0.036708538519541846
2000-01-26,0.007310066370837661
2000-01-27,0.0
2000-01-28,0.0013091442462054815
2000-01-29,0.0
2000-01-30,1.374506052053705
2000-01-31,30.186760858177237
2000-02-01,6.50308644436232
2000-02-02,0.014012462163774457
2000-02-03,0.8835970410690792
2000-02-04,0.07697963183000638
2000-02-05,0.0
2000-02-06,0.0
2000-02-07,0.012774836051575493
2000-02-08,0.0
2000-02-09,43.550362052308984
2000-02-10,0.14946713735340247
2000-02-11,0.0
2000-02-12,6.205855132216839
2000-02-13,15.345939150320714
2000-02-14,0.048711419297082476
2000-02-15,4.8288181320991495
2000-02-16,0.0001779352980561559
2000-02-17,0.2999621885653866
2000-02-18,0.0001779352980561559
2000-02-19,0.0001779352980561559
2000-02-20,1.3081385385074855
2000-02-21,0.48114795852144526
2000-02-22,2.699223562347777
2000-02-23,0.1527045856987972
2000-02-24,4.83858644119853e-05
2000-02-25,0.22420675358379114
2000-02-26,4.617625630054617
2000-02-27,10.184170721109064
2000-02-28,8.424768444520003
2000-02-29,0.0
2000-03-01,0.0022115224334650066
2000-03-02,1.6701871954736391
2000-03-03,12.258169165047605
2000-03-04,8.964122400235121
2000-03-05,2.8073599574114794
2000-03-06,0.0
2000-03-07,0.0
2000-03-08,0.0
2000-03-09,0.0
2000-03-10,0.0
2000-03-11,0.0
2000-03-12,0.0
2000-03-13,0.0
2000-03-14,0.0
2000-03-15,0.0
2000-03-16,9.841367196326294
2000-03-17,8.898250072713367
2000-03-18,0.05631160892722631
2000-03-19,0.0
2000-03-20,0.0
2000-03-21,6.558356076914079
2000-03-22,0.0052772529737213246
2000-03-23,1.188713670541403
2000-03-24,27.045828466179426
2000-03-25,0.0
2000-03-26,7.866990765761257
2000-03-27,11.582505636537363
2000-03-28,0.15508376653045564
2000-03-29,0.0
2000-03-30,0.021121126218422152
2000-03-31,0.5300228562918936
2000-04-01,0.00326513696567355
2000-04-02,0.0
2000-04-03,0.0
2000-04-04,6.439020969638119
2000-04-05,11.125016181763183
2000-04-06,22.510028210993973
2000-04-07,7.995974686198811
2000-04-08,5.409876299609011
2000-04-09,0.012994550795704307
2000-04-10,0.6622872079225492
2000-04-11,3.2330774699311977
2000-04-12,0.05269462919378209
2000-04-13,0.0379960040752172
2000-04-14,0.004811508441584758
2000-04-15,0.02495256703944
2000-04-16,7.6043898120212985
2000-04-17,10.398153963487294
2000-04-18,3.9677680330224674
2000-04-19,5.559762439477051
2000-04-20,2.035398610572919
2000-04-21,0.0
2000-04-22,0.0
2000-04-23,0.0
2000-04-24,0.0
2000-04-25,0.0
2000-04-26,0.1039613634647256
2000-04-27,8.190613935120954
2000-04-28,15.748391936383678
2000-04-29,1.1473478445362828
2000-04-30,40.13754510831249
2000-05-01,38.62433492334915
2000-05-02,56.71873080047137
2000-05-03,15.468144023595178
2000-05-04,21.655042207515947
2000-05-05,51.49058403943068
2000-05-06,0.27741597808846136
2000-05-07,0.0
2000-05-08,0.015376095039573965
2000-05-09,3.744499785393046e-07
2000-05-10,0.00022574811044305892
2000-05-11,0.0031310288296036385
2000-05-12,0.5124773818786498
2000-05-13,0.0
2000-05-14,2.624823192975351
2000-05-15,58.48111291905694
2000-05-16,26.083743341379446
2000-05-17,4.853897980903195
2000-05-18,0.29121944008964934
2000-05-19,1.299674452418594e-05
2000-05-20,0.09064034737023703
2000-05-21,0.01954668008660376
2000-05-22,0.012139325113333104
2000-05-23,0.024799641261683096
2000-05-24,0.008813554973671802
2000-05-25,31.63546394441811
2000-05-26,0.7772337539706122
2000-05-27,0.0
2000-05-28,0.0
2000-05-29,0.1015215444010315
2000-05-30,1.4331211271010047
2000-05-31,0.6752578843723834
2000-06-01,0.0
2000-06-02,0.0
2000-06-03,0.0
2000-06-04,0.0
2000-06-05,0.0
2000-06-06,14.26810991482769
2000-06-07,20.638267383986335
2000-06-08,10.02957904983406
2000-06-09,0.5367351054759546
2000-06-10,45.76968870262956
2000-06-11,0.3242816531583389
2000-06-12,0.5241583134085508
2000-06-13,2.16212662660644
2000-06-14,0.0016321382828645271
2000-06-15,6.131626039672073
2000-06-16,5.2961050672682655
2000-06-17,0.00907710359468781
2000-06-18,4.19745626692742
2000-06-19,0.10932513712571992
2000-06-20,0.0002116523373171272
2000-06-21,0.0
2000-06-22,0.0
2000-06-23,0.0
2000-06-24,0.0
2000-06-25,0.0
2000-06-26,0.0045200809628045775
2000-06-27,0.055870224278008404
2000-06-28,66.62979520432118
2000-06-29,0.12006483764476228
2000-06-30,0.10270273209402123
2000-07-01,15.03150155367105
2000-07-02,44.879117061869195
2000-07-03,0.0
2000-07-04,0.0
2000-07-05,0.015421583766781108
2000-07-06,0.0
2000-07-07,0.001930794641758226
2000-07-08,4.842778244389662
2000-07-09,6.835670115302215
2000-07-10,26.38065622251547
2000-07-11,3.007259489192664
2000-07-12,0.6850148172936195
2000-07-13,1.2934621673609117
2000-07-14,0.0
2000-07-15,0.0007347010043763536
2000-07-16,0.4596775731965001
2000-07-17,0.0
2000-07-18,0.0
2000-07-19,0.008865610079942405
2000-07-20,0.015397509407545144
2000-07-21,0.0
2000-07-22,0.5926802723389337
2000-07-23,0.0
2000-07-24,0.0
2000-07-25,0.0
2000-07-26,0.0
2000-07-27,0.0
2000-07-28,0.0
2000-07-29,0.2941175989147919
2000-07-30,0.38856248479645616
2000-07-31,0.024287814238626602
2000-08-01,0.0
2000-08-02,0.0
2000-08-03,0.0
2000-08-04,0.0
2000-08-05,0.0
2000-08-06,0.0004311857995760631
2000-08-07,0.0
2000-08-08,1.0621047793734406
2000-08-09,10.497644394310635
2000-08-10,0.0
2000-08-11,0.0
2000-08-12,0.0
2000-08-13,0.0
2000-08-14,0.036225246501200015
2000-08-15,0.0013478415584002798
2000-08-16,0.0
2000-08-17,0.0
2000-08-18,0.0
2000-08-19,0.0
2000-08-20,9.038113993366165
2000-08-21,4.35690203930123
2000-08-22,1.3043395773765898
2000-08-23,9.608929692965935
2000-08-24,22.254546968558433
2000-08-25,36.718280458530934
2000-08-26,0.0
2000-08-27,0.0
2000-08-28,0.0
2000-08-29,0.0
2000-08-30,0.0
2000-08-31,0.0
2000-09-01,0.0
2000-09-02,0.0
2000-09-03,0.0
2000-09-04,0.0
2000-09-05,0.0
2000-09-06,0.0
2000-09-07,0.0
2000-09-08,0.002448255210675734
2000-09-09,6.710632890411349
2000-09-10,9.236675717493608
2000-09-11,17.12337635523769
2000-09-12,7.201716899866821
2000-09-13,9.518185976222492
2000-09-14,15.0492707068366
2000-09-15,6.636311284293372
2000-09-16,0.383369239117321
2000-09-17,0.17601423779802178
2000-09-18,32.95489939848469
2000-09-19,0.057251462531515626
2000-09-20,27.380661485250805
2000-09-21,6.372727155698694
2000-09-22,0.0
2000-09-23,1.2621601402779214
2000-09-24,5.342349718698787
2000-09-25,0.0
2000-09-26,0.0
2000-09-27,0.0
2000-09-28,0.0
2000-09-29,0.0
2000-09-30,0.0
2000-10-01,10.35690741750048
2000-10-02,0.33051779438968154
2000-10-03,23.39309060373491
2000-10-04,1.7631825095171787
2000-10-05,0.8437577851766909
2000-10-06,1.6607777508034232e-05
2000-10-07,0.0002073511577087367
2000-10-08,0.0
2000-10-09,24.239160665394383
2000-10-10,0.0
2000-10-11,0.11239104609407928
2000-10-12,0.4087469394710647
2000-10-13,0.0
2000-10-14,0.023370303354343973
2000-10-15,0.04712987172811473
2000-10-16,3.1028370033017216
2000-10-17,2.7681589407801908
2000-10-18,0.9890896382945588
2000-10-19,11.694595948456948
2000-10-20,3.341680741543989
2000-10-21,0.0
2000-10-22,2.108472010918456
2000-10-23,16.466554037124688
2000-10-24,1.4134716991807765
2000-10-25,1.4284570591492725
2000-10-26,25.4125434251698
2000-10-27,0.8321322788569556
2000-10-28,0.02799130965324697
2000-10-29,0.0019455893623651587
2000-10-30,0.0
2000-10-31,0.0
2000-11-01,6.626906047845144
2000-11-02,12.099174532747659
2000-11-03,0.0
2000-11-04,0.0
2000-11-05,0.0008900396817972264
2000-11-06,0.00838370601280487
2000-11-07,3.927548822709058
2000-11-08,3.4482671148897164
2000-11-09,0.8537600587066532
2000-11-10,0.026395903259959653
2000-11-11,1.580259594136713
2000-11-12,17.11089899247162
2000-11-13,1.788568516471286
2000-11-14,2.353367980752183
2000-11-15,0.12275071851129653
2000-11-16,0.0
2000-11-17,0.0
2000-11-18,0.0
2000-11-19,0.04241072625558686
2000-11-20,3.615886984208935
2000-11-21,0.0
2000-11-22,0.13348282947537923
2000-11-23,2.317859066474089
2000-11-24,11.252770597887702
2000-11-25,0.014178263437222555
2000-11-26,0.0
2000-11-27,0.6766387755452387
2000-11-28,13.890082741218754
2000-11-29,0.1806158475345251
2000-11-30,3.8864122845146393e-07
2000-12-01,0.0
2000-12-02,2.5003359114758558e-05
2000-12-03,0.008304524242237507
2000-12-04,0.2671124658715253
2000-12-05,0.01264121737911758
2000-12-06,0.0
2000-12-07,0.0
2000-12-08,0.0
2000-12-09,0.0
2000-12-10,0.0
2000-12-11,0.340192633699277
2000-12-12,0.42757138856974014
2000-12-13,0.5431486832266603
2000-12-14,57.035275249164286
2000-12-15,7.618937926889314
2000-12-16,0.0
2000-12-17,0.0
2000-12-18,0.0
2000-12-19,0.0
2000-12-20,0.0
2000-12-21,9.43315003371723
2000-12-22,0.663413434152198
2000-12-23,0.044114516473294986
2000-12-24,0.09854304310491306
2000-12-25,0.29158935704823774
2000-12-26,1.6598414452932162
2000-12-27,41.9739970863865
2000-12-28,0.013671389433903653
2000-12-29,4.723817445602822
2000-12-30,0.3345335280233208
2000-12-31,0.0002353306304664264
2001-01-01,0.0
2001-01-02,0.0
2001-01-03,0.0
2001-01-04,2.5957716794173247
2001-01-05,1.550259666877502
2001-01-06,0.7156957014027693
2001-01-07,7.510797882405158
2001-01-08,15.740618647445167
2001-01-09,0.6367159531722402
2001-01-10,14.813025617666117
2001-01-11,0.12648214680530273
2001-01-12,0.0
2001-01-13,0.5066912944350975
2001-01-14,32.11214120070462
2001-01-15,4.319562403011691
2001-01-16,1.181635439626883
2001-01-17,2.3981071649034553
2001-01-18,4.956379263954072
2001-01-19,2.648328873546776
2001-01-20,0.0
2001-01-21,0.010381179073847314
2001-01-22,0.7883094283105074
2001-01-23,0.044533936467682056
2001-01-24,3.0447338397496275
2001-01-25,1.0965556131089538
2001-01-26,0.30277393618487264
2001-01-27,1.8347877740400649
2001-01-28,21.524203777110195
2001-01-29,0.5961473842576208
2001-01-30,0.0
2001-01-31,0.4930895463673779
2001-02-01,0.3700596915733435
2001-02-02,4.886669822270302
2001-02-03,0.6077721822006358
2001-02-04,0.0058131421034148985
2001-02-05,0.5813134539107137
2001-02-06,0.0
2001-02-07,0.0
2001-02-08,0.12471264949019134
2001-02-09,9.78775516622559
2001-02-10,7.548087274133932
2001-02-11,4.399451718230114
2001-02-12,40.64375608343615
2001-02-13,0.06257449329340198
2001-02-14,0.7172568596137857
2001-02-15,1.0403700383452317
2001-02-16,0.003518668222476871
2001-02-17,0.09776369727376735
2001-02-18,1.2186520363244935
2001-02-19,0.32169382894695825
2001-02-20,0.010095953795473627
2001-02-21,1.5792263041174834
2001-02-22,5.730498239652998
2001-02-23,8.625367740101296
2001-02-24,11.150629337455731
2001-02-25,9.116887771239613
2001-02-26,0.35802165055708424
2001-02-27,0.3612333342098396
2001-02-28,0.17754307087962626
2001-03-01,7.589905138913394
2001-03-02,22.227538921042175
2001-03-03,7.937239080839123
2001-03-04,1.8288047334790107
2001-03-05,18.976706797534657
2001-03-06,16.544564733580707
2001-03-07,0.07808466773121238
2001-03-08,0.040973157872138476
2001-03-09,0.523989259339507
2001-03-10,0.11769316716658461
2001-03-11,0.0315166093305139
2001-03-12,0.013375024569272476
2001-03-13,0.20245207180105002
2001-03-14,0.17590306868859887
2001-03-15,2.778242583018647
2001-03-16,11.008701610562678
2001-03-17,5.84563583855497
2001-03-18,5.452559479718465
2001-03-19,0.8993810606037609
2001-03-20,1.3211715178267749
2001-03-21,22.20264004154843
2001-03-22,57.527062803549875
2001-03-23,20.5690519363079
2001-03-24,6.122394838205099
2001-03-25,27.893701329566138
2001-03-26,1.2086985434842574
2001-03-27,0.07185105952917595
2001-03-28,0.10753260407835123
2001-03-29,0.057369616892166055
2001-03-30,0.0001313577621946633
2001-03-31,2.06311976215778e-06
2001-04-01,0.2040555006013511
2001-04-02,0.0011143243387303583
2001-04-03,0.0011517909379667591
2001-04-04,0.32081779848502084
2001-04-05,9.052154135247289
2001-04-06,2.0842802948697647
2001-04-07,0.23023059224079964
2001-04-08,9.599852048287913
2001-04-09,20.43516130551495
2001-04-10,0.03455194782648645
2001-04-11,0.0
2001-04-12,9.115840657587492
2001-04-13,0.020009969763071192
2001-04-14,0.10304555558600742
2001-04-15,4.577467404968748
2001-04-16,0.0
2001-04-17,0.0
2001-04-18,0.0
2001-04-19,4.3262687110713385
2001-04-20,0.16746030182226715
2001-04-21,0.0
2001-04-22,0.0
2001-04-23,50.14920897446655
2001-04-24,0.5803466249294599
2001-04-25,0.7699002454412677
2001-04-26,2.4507735438845244
2001-04-27,0.17971878653553391
2001-04-28,24.72605723398761
2001-04-29,9.120967386306312
2001-04-30,46.99445539515877
2001-05-01,66.24684093979177
2001-05-02,0.5519289573873815
2001-05-03,0.0002420229734790691
2001-05-04,1.6958825263578796
2001-05-05,0.005298639269266417
2001-05-06,2.795265339288404e-07
2001-05-07,0.06940778423094603
2001-05-08,12.12571199357051
2001-05-09,1.519966267056159
2001-05-10,0.15459723660520366
2001-05-11,0.08784652802445882
2001-05-12,0.8273894522962167
2001-05-13,1.0825480733543252e-05
2001-05-14,0.7336478011712376
2001-05-15,1.0071867617974888
2001-05-16,6.101906844000962
2001-05-17,1.3991793556774654
2001-05-18,0.009239822640520897
2001-05-19,0.001249687961363924
2001-05-20,0.0005605550737911135
2001-05-21,12.10882816531647
2001-05-22,0.777657900433168
2001-05-23,0.03428022720210664
2001-05-24,0.0009401496366950893
2001-05-25,0.0
2001-05-26,0.0
2001-05-27,0.01317246103605287
2001-05-28,8.706853413355239e-08
2001-05-29,0.1072722090884771
2001-05-30,0.25485286161218235
2001-05-31,22.952496532745815
2001-06-01,83.6158712029029
2001-06-02,15.670827864646322
2001-06-03,10.026899825981895
2001-06-04,0.2947613864850031
2001-06-05,25.068286320133197
2001-06-06,1.146692068789722
2001-06-07,0.00337124611873979
2001-06-08,0.05501964664443067
2001-06-09,5.11019718673837
2001-06-10,7.826512308713164
2001-06-11,0.00028506421241537627
2001-06-12,0.0
2001-06-13,0.0
2001-06-14,0.007479316108805514
2001-06-15,13.028542580354202
2001-06-16,0.0
2001-06-17,0.0
2001-06-18,0.0
2001-06-19,0.0
2001-06-20,0.0
2001-06-21,0.00017677368175459773
2001-06-22,0.0026225737469883037
2001-06-23,0.0
2001-06-24,0.01638254410499256
2001-06-25,0.719518327608654
2001-06-26,5.472536122762115
2001-06-27,0.0
2001-06-28,0.0
2001-06-29,0.0
2001-06-30,1.0264679146001958
2001-07-01,1.407965868851257
2001-07-02,7.866618348497641
2001-07-03,0.1578896202852427
2001-07-04,25.096885086373955
2001-07-05,0.0
2001-07-06,0.0015547596584149905
2001-07-07,0.15608015659692812
2001-07-08,0.003386159985957015
2001-07-09,5.979724680030338
2001-07-10,10.039640579894545
2001-07-11,20.001452375372317
2001-07-12,0.0
2001-07-13,0.0
2001-07-14,0.0008744927847803305
2001-07-15,0.029889908970623852
2001-07-16,0.9128962497583595
2001-07-17,25.13633889575686
2001-07-18,9.419853888665243
2001-07-19,3.239105221542049
2001-07-20,7.795572000710232
2001-07-21,2.8365510276766927e-05
2001-07-22,0.0
2001-07-23,0.0
2001-07-24,1.4780458221720168e-05
2001-07-25,0.03285435700614241
2001-07-26,1.4702321455945546
2001-07-27,0.2830245979089322
2001-07-28,0.0
2001-07-29,0.0
2001-07-30,0.0
2001-07-31,1.6138306160075864
2001-08-01,0.0
2001-08-02,0.0
2001-08-03,0.0
2001-08-04,0.0
2001-08-05,0.0
2001-08-06,1.2328165645464304
2001-08-07,1.5951907862209238
2001-08-08,0.0
2001-08-09,0.5123655749383067
2001-08-10,2.144665782429405
2001-08-11,0.0
2001-08-12,0.0002577834161052376
2001-08-13,0.12149781539062694
2001-08-14,5.270977246268585
2001-08-15,1.3049191583212287
2001-08-16,3.413968785545135
2001-08-17,14.72895342596377
2001-08-18,31.872810404201218
2001-08-19,0.8894013044925914
2001-08-20,0.0
2001-08-21,0.0
2001-08-22,0.0
2001-08-23,0.0
2001-08-24,0.0
2001-08-25,0.0
2001-08-26,0.0
2001-08-27,8.832786252811756
2001-08-28,0.0
2001-08-29,0.06354616718517862
2001-08-30,0.09848029590577517
2001-08-31,15.185065958177487
2001-09-01,48.64455118090831
2001-09-02,64.02368776004464
2001-09-03,10.719782724608548
2001-09-04,0.06614367155488729
2001-09-05,0.011010311415015454
2001-09-06,0.011149467426111632
2001-09-07,49.75885401781559
2001-09-08,4.723317803237065
2001-09-09,0.5245986129565856
2001-09-10,0.002692470749608252
2001-09-11,0.0
2001-09-12,0.0
2001-09-13,7.394767694163879
2001-09-14,0.16492145299990676
2001-09-15,3.610640522986067
2001-09-16,0.2794525110040826
2001-09-17,0.0
2001-09-18,0.0
2001-09-19,0.14014174839793164
2001-09-20,0.0
2001-09-21,0.0146595021074373
2001-09-22,0.008459336509874798
2001-09-23,0.011101499735914873
2001-09-24,0.12147801561306987
2001-09-25,4.732248094311968
2001-09-26,1.6029175530117192
2001-09-27,2.882305292757871
2001-09-28,3.0935352516543397
2001-09-29,23.664400791756957
2001-09-30,51.19565790390603
2001-10-01,0.0
2001-10-02,0.0
2001-10-03,0.0
2001-10-04,0.0
2001-10-05,0.0
2001-10-06,0.09316572401755985
2001-10-07,2.8552108341332407
2001-10-08,29.131062952612048
2001-10-09,2.083614995201282
2001-10-10,0.2015280625676228
2001-10-11,1.0302504594342508
2001-10-12,0.0838474370293457
2001-10-13,0.4553476454098093
2001-10-14,1.2779021694798967
2001-10-15,6.269848186631098
2001-10-16,22.8353231242343
2001-10-17,4.300358181026689
2001-10-18,0.9758752100757289
2001-10-19,0.687876084376237
2001-10-20,0.029328087231140512
2001-10-21,4.30072860113733
2001-10-22,0.0
2001-10-23,0.0
2001-10-24,0.0
2001-10-25,0.0
2001-10-26,0.8809777370289995
2001-10-27,3.1069700405470573
2001-10-28,43.7640907355247
2001-10-29,38.95474926109855
2001-10-30,14.905425809841342
2001-10-31,0.00118469554548148
2001-11-01,1.0832010293894816e-05
2001-11-02,1.0832010293894816e-05
2001-11-03,0.0
2001-11-04,0.0
2001-11-05,0.03843344577107888
2001-11-06,3.389886245571923
2001-11-07,40.17441676145272
2001-11-08,0.24331322591271493
2001-11-09,4.926963308344129
2001-11-10,48.3576604066074
2001-11-11,0.0486908003406254
2001-11-12,0.0
2001-11-13,25.48587553763324
2001-11-14,13.861417096890298
2001-11-15,0.0
2001-11-16,0.22575874226966147
2001-11-17,0.005344981559519424
2001-11-18,0.005344981559519424
2001-11-19,0.005344981559519424
2001-11-20,0.005344981559519424
2001-11-21,4.363515703312284
2001-11-22,0.8199988592483137
2001-11-23,0.017122497615959704
2001-11-24,45.56152168208521
2001-11-25,3.0325391970495916
2001-11-26,6.065037481405454
2001-11-27,0.3698011092300922
2001-11-28,0.0
2001-11-29,8.903172735849977e-05
2001-11-30,6.710644027211533
2001-12-01,0.025170058351281374
2001-12-02,0.012658536037228238
2001-12-03,0.008514912719639686
2001-12-04,0.213858305632986
2001-12-05,0.2618538693419368
2001-12-06,0.0
2001-12-07,0.0
2001-12-08,0.0
2001-12-09,0.0
2001-12-10,0.0
2001-12-11,0.0
2001-12-12,0.0
2001-12-13,0.0
2001-12-14,0.0
2001-12-15,0.0
2001-12-16,0.07326910877053144
2001-12-17,0.18590012297995165
2001-12-18,0.3558424440593049
2001-12-19,0.01607558959278088
2001-12-20,5.895953814539018
2001-12-21,24.350127327017738
2001-12-22,0.39424778053663373
2001-12-23,0.0
2001-12-24,0.0
2001-12-25,0.0
2001-12-26,0.0
2001-12-27,0.0
2001-12-28,0.0036568791515616574
2001-12-29,1.0135787355454657
2001-12-30,0.005988269543632016
2001-12-31,10.228171313370574
2002-01-01,2.9275567343735798
2002-01-02,0.1390244559681903
2002-01-03,0.0018575759429380135
2002-01-04,0.0060576294824394895
2002-01-05,11.862225013822718
2002-01-06,0.0
2002-01-07,0.0
2002-01-08,0.0
2002-01-09,0.0
2002-01-10,0.0
2002-01-11,0.0009929807621749823
2002-01-12,9.567327404713712e-05
2002-01-13,4.526533194511814e-05
2002-01-14,0.000991016459415214
2002-01-15,0.0
2002-01-16,0.0
2002-01-17,0.0
2002-01-18,0.0
2002-01-19,0.0
2002-01-20,0.0
2002-01-21,1.221445665419079
2002-01-22,1.151548369657363
2002-01-23,0.11073545136950555
2002-01-24,14.93300984434515
2002-01-25,16.171937996643603
2002-01-26,0.47978404040810135
2002-01-27,30.77764657212325
2002-01-28,0.0021014598080196798
2002-01-29,0.3540500926058029
2002-01-30,0.38816317757649765
2002-01-31,69.36823912903638
2002-02-01,0.0
2002-02-02,0.36300676969534984
2002-02-03,2.3107536472860075e-06
2002-02-04,0.0
2002-02-05,1.4402926844146497
2002-02-06,1.7778716688917222
2002-02-07,4.350380824169098
2002-02-08,0.9134339247431208
2002-02-09,2.9975431329701143
2002-02-10,2.1514578319175426
2002-02-11,0.1713643690325615
2002-02-12,2.7704411497495403
2002-02-13,0.7688625825094364
2002-02-14,0.8457825725215449
2002-02-15,8.595276217385996
2002-02-16,0.00042510984424360304
2002-02-17,0.008931615689190688
2002-02-18,0.3637237983689607
2002-02-19,1.0994338717898917
2002-02-20,14.034824187368397
2002-02-21,1.9525609231126064
2002-02-22,1.034033799905374
2002-02-23,1.1250582608816428
2002-02-24,0.0
2002-02-25,0.0
2002-02-26,0.0
2002-02-27,0.001277479281545294
2002-02-28,7.979811098771119
2002-03-01,21.725409277163994
2002-03-02,0.0
2002-03-03,0.00997883737114608
2002-03-04,22.240630279918015
2002-03-05,19.95400515542674
2002-03-06,0.9746095166647961
2002-03-07,4.598624336515003
2002-03-08,27.80301926335183
2002-03-09,0.06762303056394493
2002-03-10,4.015091567598068
2002-03-11,5.894497775449958
2002-03-12,24.626157020142777
2002-03-13,8.868050234690601
2002-03-14,0.6161693960660747
2002-03-15,0.3038806492301202
2002-03-16,0.00021916468514384792
2002-03-17,10.169012883244775
2002-03-18,14.055677875767577
2002-03-19,47.936050193120266
2002-03-20,1.3571548924756316
2002-03-21,0.18590954386565525
2002-03-22,0.09969855881987953
2002-03-23,8.54454888382021
2002-03-24,2.3848975361743014
2002-03-25,2.2246744407805568
2002-03-26,20.27745748788534
2002-03-27,6.106661553080175
2002-03-28,9.264753947179623
2002-03-29,0.8504057476333078
2002-03-30,22.667632556298095
2002-03-31,1.7671112821031505
2002-04-01,0.0031447083046623582
2002-04-02,0.0
2002-04-03,0.0
2002-04-04,0.0
2002-04-05,1.2032000570665553
2002-04-06,0.14242071759144853
2002-04-07,0.32531750811038834
2002-04-08,7.746217557366438
2002-04-09,1.0127995034834172
2002-04-10,18.35167288031091
2002-04-11,17.02357155248669
2002-04-12,0.30816805719065016
2002-04-13,0.020121333171591486
2002-04-14,0.019693339592909805
2002-04-15,1.2201529435596556
2002-04-16,41.44346875470229
2002-04-17,22.22403884784551
2002-04-18,0.0
2002-04-19,2.729552203719393
2002-04-20,11.60897343874944
2002-04-21,0.0
2002-04-22,16.8464916969482
2002-04-23,50.131131907417945
2002-04-24,106.43387716250129
2002-04-25,51.255731291641155
2002-04-26,0.5408172826519438
2002-04-27,0.0
2002-04-28,1.1524220918131622
2002-04-29,10.258740461438634
2002-04-30,0.6680874753350136
2002-05-01,0.0
2002-05-02,0.0
2002-05-03,0.0
2002-05-04,0.0
2002-05-05,0.0
2002-05-06,0.006684389548743679
2002-05-07,0.01288720951590251
2002-05-08,0.060366700271178804
2002-05-09,0.05595921259592367
2002-05-10,0.00019804771267276986
2002-05-11,0.7624561061000115
2002-05-12,7.4736473192078945
2002-05-13,0.0
2002-05-14,0.0
2002-05-15,19.68003413914659
2002-05-16,0.12320486216358197
2002-05-17,5.492206739506533
2002-05-18,22.734008085074823
2002-05-19,0.12875300248514818
2002-05-20,1.8768481297631945
2002-05-21,0.01496057398059113
2002-05-22,0.01628495214800022
2002-05-23,0.010084255433980093
2002-05-24,0.010084255433980093
2002-05-25,0.010084255433980093
2002-05-26,0.0
2002-05-27,15.31489798459447
2002-05-28,20.019119096549492
2002-05-29,52.99619687420359
2002-05-30,0.45382292172798727
2002-05-31,0.5829794036501994
2002-06-01,0.5336992342546761
2002-06-02,56.651573944944424
2002-06-03,6.657646127575625
2002-06-04,1.9761913568638116
2002-06-05,22.863267831963807
2002-06-06,2.5358621195523714
2002-06-07,5.694837127110029
2002-06-08,0.0
2002-06-09,0.5364888928916622
2002-06-10,0.000979807645755949
2002-06-11,0.0
2002-06-12,0.0
2002-06-13,0.0
2002-06-14,0.0
2002-06-15,0.0
2002-06-16,0.007162135681673014
2002-06-17,27.99998788877871
2002-06-18,0.12388012150789672
2002-06-19,0.0
2002-06-20,0.0
2002-06-21,0.0
2002-06-22,0.0
2002-06-23,0.0
2002-06-24,0.0
2002-06-25,0.0
2002-06-26,0.0
2002-06-27,3.7236015386972734e-06
2002-06-28,0.14049829189390906
2002-06-29,0.04021909996205958
2002-06-30,0.04544850121032798
2002-07-01,6.528469105124809
2002-07-02,14.553230113960234
2002-07-03,1.3384557757381033
2002-07-04,5.322502256143051
2002-07-05,10.84274786388653
2002-07-06,60.039817979043924
2002-07-07,3.5751574459629936
2002-07-08,0.35960708500985944
2002-07-09,0.1210296097985614
2002-07-10,0.0
2002-07-11,1.1020231729351841
2002-07-12,1.1020231729351841
2002-07-13,1.1674650707388075
2002-07-14,1.1020231729351841
2002-07-15,1.1020231729351841
2002-07-16,0.0
2002-07-17,0.011315785076639958
2002-07-18,0.0
2002-07-19,0.0
2002-07-20,0.6936741474392171
2002-07-21,5.221617592518271
2002-07-22,16.54148050917369
2002-07-23,0.0018562033709151697
2002-07-24,12.695747283919516
2002-07-25,5.333999083133085
2002-07-26,2.0999855754679544
2002-07-27,3.517454033293785
2002-07-28,0.0
2002-07-29,0.0
2002-07-30,35.45001672981712
2002-07-31,0.7821705544328951
2002-08-01,0.13394127450791674
2002-08-02,0.10387613059694596
2002-08-03,0.6448100008155203
2002-08-04,2.108197889136398
2002-08-05,0.00894341825815953
2002-08-06,0.005781427034943984
2002-08-07,12.242243720824153
2002-08-08,22.357489416875968
2002-08-09,31.90133976335001
2002-08-10,0.0
2002-08-11,0.013239508507958702
2002-08-12,1.0375329460101201
2002-08-13,0.7503392103136682
2002-08-14,0.013239508507958702
2002-08-15,0.013239508507958702
2002-08-16,1.3621864013744274
2002-08-17,2.7655855907826523
2002-08-18,0.0
2002-08-19,19.59292174840696
2002-08-20,53.77785586917146
2002-08-21,0.0
2002-08-22,0.0
2002-08-23,0.0
2002-08-24,0.0
2002-08-25,0.0
2002-08-26,0.0
2002-08-27,0.0
2002-08-28,0.0017095831247974863
2002-08-29,20.015745896340576
2002-08-30,0.000758102123568181
2002-08-31,0.008724661705652965
2002-09-01,0.0
2002-09-02,0.0
2002-09-03,0.0
2002-09-04,0.0
2002-09-05,0.0
2002-09-06,11.360107523930143
2002-09-07,0.019898904286175363
2002-09-08,0.0
2002-09-09,0.0
2002-09-10,6.183518836482093
2002-09-11,50.820374406036485
2002-09-12,36.94731016530293
2002-09-13,0.0
2002-09-14,0.011061987729272462
2002-09-15,0.0
2002-09-16,0.41722870457188305
2002-09-17,1.1652229361562185
2002-09-18,4.670229275754526
2002-09-19,47.21336218575731
2002-09-20,0.20470763618252186
2002-09-21,0.0
2002-09-22,0.0
2002-09-23,0.0
2002-09-24,0.0
2002-09-25,0.0
2002-09-26,0.0
2002-09-27,0.002982761109457218
2002-09-28,0.0686491761845957
2002-09-29,23.728758214057386
2002-09-30,5.63754673906071
2002-10-01,0.01759557010051944
2002-10-02,14.524753396700982
2002-10-03,1.5671579504171145
2002-10-04,11.952791743614307
2002-10-05,0.31196777030400447
2002-10-06,0.0036023215753357898
2002-10-07,59.14306934280056
2002-10-08,4.696954064478568
2002-10-09,22.852271425842243
2002-10-10,13.427878605099677
2002-10-11,11.127414074808572
2002-10-12,0.40366031101859784
2002-10-13,0.0003382928213700924
2002-10-14,0.09864080089351143
2002-10-15,3.4626760653496635
2002-10-16,15.333715684436756
2002-10-17,0.0
2002-10-18,0.012155320114704394
2002-10-19,32.05256455937118
2002-10-20,9.537746663489774
2002-10-21,2.759018377281519
2002-10-22,0.0
2002-10-23,0.0
2002-10-24,5.922238859955132
2002-10-25,0.3096016490167947
2002-10-26,0.27005881959911077
2002-10-27,8.487986000670618
2002-10-28,5.54827619356766
2002-10-29,11.055241600393284
2002-10-30,0.0
2002-10-31,0.040441574476202904
2002-11-01,0.11218904984542752
2002-11-02,0.7613446374619094
2002-11-03,30.91365601758066
2002-11-04,7.764883858431019
2002-11-05,0.030845437921279382
2002-11-06,0.05308177377566242
2002-11-07,0.0
2002-11-08,0.0
2002-11-09,15.636376539459464
2002-11-10,2.564455094419996
2002-11-11,0.002386836481569807
2002-11-12,0.0
2002-11-13,0.0
2002-11-14,4.619519576147725
2002-11-15,14.796139949655387
2002-11-16,0.4071629663985945
2002-11-17,0.14469860660486855
2002-11-18,16.7203350393652
2002-11-19,0.8392357929578077
2002-11-20,47.0378052571202
2002-11-21,0.06859452816777276
2002-11-22,0.0
2002-11-23,0.09003325369578198
2002-11-24,3.7490764099934526
2002-11-25,38.06130378438411
2002-11-26,0.9470650057089214
2002-11-27,2.9685513473392136
2002-11-28,2.210308701955699
2002-11-29,0.5257156455966435
2002-11-30,2.0840796672378845
2002-12-01,37.118067078316116
2002-12-02,0.058649072281902956
2002-12-03,0.0
2002-12-04,90.22038941484755
2002-12-05,25.38229481862062
2002-12-06,35.64255037926588
2002-12-07,0.6439939352771884
2002-12-08,0.03746188633299271
2002-12-09,0.5654030473811713
2002-12-10,31.022397936138304
2002-12-11,0.0
2002-12-12,0.0
2002-12-13,0.0
2002-12-14,0.0
2002-12-15,0.0
2002-12-16,0.4632356922088592
2002-12-17,0.07267354634378219
2002-12-18,0.0
2002-12-19,18.46757437875685
2002-12-20,0.007971007272462263
2002-12-21,0.0
2002-12-22,33.34296192088908
2002-12-23,46.883969432421864
2002-12-24,0.030804732102874273
2002-12-25,0.0
2002-12-26,0.0
2002-12-27,0.0010689659359185528
2002-12-28,0.0013011648002204696
2002-12-29,6.132659769670553
2002-12-30,2.034922210511668
2002-12-31,0.9878285523902396
2003-01-01,0.8915479554699711
2003-01-02,0.010834020934472851
2003-01-03,0.2818389551266953
2003-01-04,0.8044240804925451
2003-01-05,0.018025278275237124
2003-01-06,0.0014901085548766262
2003-01-07,0.0
2003-01-08,0.0
2003-01-09,1.984527633406294
2003-01-10,14.558890533210922
2003-01-11,0.000433641834189487
2003-01-12,5.538221888301735e-07
2003-01-13,1.8354237053220587e-07
2003-01-14,0.0
2003-01-15,0.0004842363148410117
2003-01-16,16.909288634916923
2003-01-17,0.3888606534980138
2003-01-18,0.26644447060186066
2003-01-19,0.006401319566360908
2003-01-20,19.089223162141128
2003-01-21,0.011336137015974976
2003-01-22,3.1380725118251642
2003-01-23,0.03852124011671992
2003-01-24,9.366333722139896e-08
2003-01-25,0.0
2003-01-26,0.0
2003-01-27,0.0008020129447843659
2003-01-28,0.1923919788746178
2003-01-29,0.0
2003-01-30,0.0
2003-01-31,0.0
2003-02-01,0.028152088855293668
2003-02-02,1.404046408286391
2003-02-03,6.498415392251489
2003-02-04,13.10457347882753
2003-02-05,23.496850259483377
2003-02-06,9.633330181555042
2003-02-07,10.673019719968794
2003-02-08,2.942547328718205
2003-02-09,3.908107612682241
2003-02-10,2.787079517774422
2003-02-11,36.595950552577364
2003-02-12,5.505323853098896
2003-02-13,0.9994586449730838
2003-02-14,0.5450186887215157
2003-02-15,0.39215161633659085
2003-02-16,18.907847972811926
2003-02-17,0.0
2003-02-18,0.0
2003-02-19,7.547635632832688
2003-02-20,0.00021763449450477756
2003-02-21,0.0
2003-02-22,2.4441849900877366
2003-02-23,22.084307294224324
2003-02-24,38.36424918343085
2003-02-25,1.407717741587539e-05
2003-02-26,2.310946964260444
2003-02-27,5.956871852520661
2003-02-28,33.40407013634501
2003-03-01,5.094766810781136
2003-03-02,1.3102132989815958
2003-03-03,5.568257592044042
2003-03-04,0.012319547773444005
2003-03-05,0.01558162351469256
2003-03-06,0.01454236371626689
2003-03-07,14.313298983750249
2003-03-08,0.35562682692165126
2003-03-09,5.335489729713133
2003-03-10,22.749381970340526
2003-03-11,18.674588748066597
2003-03-12,7.246854963018109
2003-03-13,0.20604015323985184
2003-03-14,0.1824128076503343
2003-03-15,1.9090611310009762
2003-03-16,5.484650894432671
2003-03-17,0.0
2003-03-18,0.0
2003-03-19,0.0
2003-03-20,15.573706427643142
2003-03-21,0.006558443803883186
2003-03-22,0.0
2003-03-23,0.0006255158673168791
2003-03-24,0.30055334907798503
2003-03-25,1.9568454049522797
2003-03-26,0.6578958398781882
2003-03-27,0.3699065254709604
2003-03-28,0.12604445164957553
2003-03-29,3.0135512017311075
2003-03-30,34.80781148973123
2003-03-31,1.9312118353855408
2003-04-01,0.0
2003-04-02,7.613933632827821e-05
2003-04-03,8.818342593929305
2003-04-04,11.834480605413546
2003-04-05,2.5369100930811035
2003-04-06,0.025389600095315486
2003-04-07,0.0
2003-04-08,0.0017384294693932006
2003-04-09,0.9390949728224787
2003-04-10,0.14723246590070593
2003-04-11,0.0003002275576965616
2003-04-12,0.0
2003-04-13,5.317489867666072e-06
2003-04-14,0.0
2003-04-15,0.0
2003-04-16,0.0
2003-04-17,0.0
2003-04-18,12.74575031575816
2003-04-19,0.875658617949575
2003-04-20,0.0
2003-04-21,0.0
2003-04-22,0.0
2003-04-23,13.466758995799585
2003-04-24,13.046404011127448
2003-04-25,13.583439286701694
2003-04-26,10.823428375967437
2003-04-27,99.45806100671383
2003-04-28,0.6600946562487485
2003-04-29,26.78916938496174
2003-04-30,21.687572630577154
2003-05-01,1.8491745433153148
2003-05-02,0.00023869727933132148
2003-05-03,0.0
2003-05-04,0.0
2003-05-05,0.0009069384573704174
2003-05-06,0.23721758318298491
2003-05-07,0.0014044713965157057
2003-05-08,0.0
2003-05-09,0.0
2003-05-10,0.0
2003-05-11,0.0
2003-05-12,0.0
2003-05-13,1.9535707848648496
2003-05-14,0.005907349636428255
2003-05-15,2.1171991544304816
2003-05-16,5.280754869759409
2003-05-17,41.20215603286083
2003-05-18,1.177945512421558
2003-05-19,36.1832675188265
2003-05-20,41.77101921353639
2003-05-21,0.4161760749715772
2003-05-22,47.420079971292665
2003-05-23,14.00839622190719
2003-05-24,0.26436329022941535
2003-05-25,0.14195264572779748
2003-05-26,0.0009532203855283656
2003-05-27,0.0
2003-05-28,0.0
2003-05-29,0.0
2003-05-30,0.0
2003-05-31,0.4164633629087976
2003-06-01,2.9307534523476537
2003-06-02,41.223701796178645
2003-06-03,4.162985527177527
2003-06-04,0.002106762874776474
2003-06-05,0.02043953735557835
2003-06-06,0.00014921191281056718
2003-06-07,0.02829779262236503
2003-06-08,0.0
2003-06-09,0.00736506040151468
2003-06-10,3.1618402962562966
2003-06-11,0.13200111256941718
2003-06-12,0.015518142114866601
2003-06-13,0.11217335817114932
2003-06-14,0.014443293385126647
2003-06-15,0.9755801499470821
2003-06-16,0.85252896482998
2003-06-17,0.3683214706479282
2003-06-18,19.381168659488313
2003-06-19,0.9635568873127429
2003-06-20,0.14196642195827613
2003-06-21,4.112777469773582
2003-06-22,0.0037456174368499695
2003-06-23,0.36833123672481977
2003-06-24,1.032264551294646
2003-06-25,1.2201363053481757
2003-06-26,0.03029640803400361
2003-06-27,0.0009743798898242689
2003-06-28,0.03758142583577113
2003-06-29,0.00214536230337452
2003-06-30,1.1373530860990244e-05
2003-07-01,0.14400633977550703
2003-07-02,0.4241620327927167
2003-07-03,0.546246998003651
2003-07-04,1.3546925918014263
2003-07-05,1.487828861594319
2003-07-06,2.15331605012642
2003-07-07,6.55111946162082e-05
2003-07-08,8.229756495497817
2003-07-09,0.056676655200523555
2003-07-10,0.09360446820837437
2003-07-11,0.0014531224191486056
2003-07-12,0.0
2003-07-13,0.0
2003-07-14,0.002335057891895873
2003-07-15,8.138789006003641
2003-07-16,0.0
2003-07-17,0.0
2003-07-18,0.0
2003-07-19,0.0
2003-07-20,6.174210264345741
2003-07-21,0.03992285855422307
2003-07-22,0.0009446717021513658
2003-07-23,0.015607605867030494
2003-07-24,0.0009168258743624823
2003-07-25,0.005780715598343749
2003-07-26,0.0
2003-07-27,4.529373647709675
2003-07-28,0.3382129474188379
2003-07-29,9.873085733511983
2003-07-30,0.0
2003-07-31,0.00027292381818957306
2003-08-01,0.0
2003-08-02,0.00024963528959560314
2003-08-03,2.3137220589802263
2003-08-04,14.542390362458988
2003-08-05,68.97354994442522
2003-08-06,0.0
2003-08-07,0.0
2003-08-08,0.0
2003-08-09,0.0
2003-08-10,0.0
2003-08-11,0.013342400785834829
2003-08-12,0.0
2003-08-13,0.7401785280346808
2003-08-14,0.041867556990469276
2003-08-15,0.3281883502552021
2003-08-16,0.0
2003-08-17,0.0
2003-08-18,0.0
2003-08-19,0.0
2003-08-20,0.0
2003-08-21,0.0
2003-08-22,3.413379342321335
2003-08-23,5.052395055689873
2003-08-24,1.108377755714473
2003-08-25,0.062482353982367726
2003-08-26,0.0
2003-08-27,0.0
2003-08-28,0.0
2003-08-29,0.0
2003-08-30,0.0
2003-08-31,0.0
2003-09-01,0.1494140178175503
2003-09-02,0.0
2003-09-03,0.0
2003-09-04,3.1083806057173935
2003-09-05,1.5459235634884037
2003-09-06,0.009453115298216784
2003-09-07,15.689153742103406
2003-09-08,33.63661851715566
2003-09-09,0.38062028439296064
2003-09-10,0.0
2003-09-11,0.013529948906898435
2003-09-12,0.013529948906898435
2003-09-13,0.013529948906898435
2003-09-14,0.013529948906898435
2003-09-15,0.013529948906898435
2003-09-16,0.0011003343909044795
2003-09-17,0.0
2003-09-18,0.0
2003-09-19,5.35758503297295
2003-09-20,0.008124452586678042
2003-09-21,1.942756332437462
2003-09-22,7.440869004493227
2003-09-23,27.293180217466563
2003-09-24,0.26474044039008565
2003-09-25,0.0
2003-09-26,0.6177559537958519
2003-09-27,0.08846471096706236
2003-09-28,6.6068158368380985
2003-09-29,0.0
2003-09-30,0.0
2003-10-01,0.0
2003-10-02,1.1368526646099057
2003-10-03,0.014485384979323654
2003-10-04,4.901805643074172
2003-10-05,8.690155170951796
2003-10-06,0.0672192524545839
2003-10-07,0.02095347970813153
2003-10-08,22.37991477833625
2003-10-09,0.08881164106351373
2003-10-10,0.0
2003-10-11,0.0
2003-10-12,0.0
2003-10-13,0.0
2003-10-14,0.0
2003-10-15,0.0
2003-10-16,0.0
2003-10-17,0.0
2003-10-18,4.717736862417934
2003-10-19,5.657897714500482
2003-10-20,0.1192681424647212
2003-10-21,0.10562737598397019
2003-10-22,0.060473845739735486
2003-10-23,0.0
2003-10-24,0.6652043578156718
2003-10-25,17.244832120577417
2003-10-26,3.957842211320702
2003-10-27,0.0
2003-10-28,0.0
2003-10-29,0.0009538842537900445
2003-10-30,0.32781675585074566
2003-10-31,10.464564292860903
2003-11-01,0.8063240247423625
2003-11-02,0.0
2003-11-03,0.0
2003-11-04,0.0
2003-11-05,0.0
2003-11-06,0.03036598303526071
2003-11-07,0.26920714380765226
2003-11-08,0.04676092418794082
2003-11-09,5.816626763640184
2003-11-10,2.1829821731073844
2003-11-11,19.693728181606257
2003-11-12,34.154123321138535
2003-11-13,1.2504900799765848
2003-11-14,0.00010744273178633854
2003-11-15,0.011253832201391895
2003-11-16,1.232822679505486
2003-11-17,2.6831012693740064
2003-11-18,39.44855851206634
2003-11-19,35.52904227271182
2003-11-20,0.01808531619775601
2003-11-21,0.0
2003-11-22,0.0
2003-11-23,0.030803373009586472
2003-11-24,28.453606452851854
2003-11-25,0.4876081319613556
2003-11-26,5.984818281541887
2003-11-27,14.112702671552398
2003-11-28,3.1899139881296014e-05
2003-11-29,0.09239206103145163
2003-11-30,4.2629210464595655
2003-12-01,0.01658552790960268
2003-12-02,0.014705605202802905
2003-12-03,0.0
2003-12-04,17.994767331370507
2003-12-05,0.3314061158128445
2003-12-06,0.0
2003-12-07,0.0659600329054763
2003-12-08,4.366704643286053
2003-12-09,0.27865766853163026
2003-12-10,0.0
2003-12-11,18.416916542938026
2003-12-12,9.15727534253969e-05
2003-12-13,0.8017289299034288
2003-12-14,0.5595146761042322
2003-12-15,9.398635801851754
2003-12-16,3.926391247832847
2003-12-17,0.0
2003-12-18,9.645385728312601e-07
2003-12-19,4.392429167323891
2003-12-20,11.562432380139
2003-12-21,2.306729820404318
2003-12-22,20.197567829922903
2003-12-23,0.0
2003-12-24,0.04650915917881186
2003-12-25,0.030307674839633432
2003-12-26,0.0
2003-12-27,1.2533579533235615
2003-12-28,18.559782026586003
2003-12-29,0.0
2003-12-30,0.04358258341652084
2003-12-31,0.01150762214945084
2004-01-01,0.0
2004-01-02,0.0
2004-01-03,0.0
2004-01-04,0.008305897627084885
2004-01-05,6.896904311210287
2004-01-06,1.3390205184606758
2004-01-07,9.233760458474688
2004-01-08,3.330649714874258
2004-01-09,3.234988812678562
2004-01-10,2.26856912066843
2004-01-11,0.38037960012811806
2004-01-12,0.03307088360113685
2004-01-13,0.012884703762909048
2004-01-14,0.0009764539805087414
2004-01-15,0.004578848871303374
2004-01-16,0.010021778243976412
2004-01-17,0.023697200850679424
2004-01-18,0.018831785661128485
2004-01-19,0.19811864782621144
2004-01-20,2.00772177753992
2004-01-21,1.2969292950146978
2004-01-22,0.23514398263961697
2004-01-23,0.17804020996159822
2004-01-24,0.18386127215659584
2004-01-25,0.016970326956528503
2004-01-26,0.0
2004-01-27,0.0
2004-01-28,2.9325850997199745
2004-01-29,0.8508370385138038
2004-01-30,0.26438723166426387
2004-01-31,13.23626042735684
2004-02-01,15.919270119472152
2004-02-02,0.04253264349959694
2004-02-03,3.8566464219907632
2004-02-04,8.94078078030356
2004-02-05,0.44679860727065523
2004-02-06,0.0010719325349846326
2004-02-07,0.6207733921724151
2004-02-08,0.13508160637633124
2004-02-09,0.04901973374998443
2004-02-10,0.0018708789844364025
2004-02-11,0.01736870333935743
2004-02-12,0.0
2004-02-13,9.842120997034952
2004-02-14,19.138484635289423
2004-02-15,0.2133308536434398
2004-02-16,0.18736984626904415
2004-02-17,4.131354191336681
2004-02-18,0.0
2004-02-19,0.18567666692413218
2004-02-20,0.0
2004-02-21,0.2973761246472045
2004-02-22,0.4893758103212595
2004-02-23,0.2614684100690949
2004-02-24,0.06881799649070859
2004-02-25,0.0010448731708343928
2004-02-26,0.554964740398676
2004-02-27,0.5056631178580107
2004-02-28,2.4117909748072774
2004-02-29,0.4724680607340932
2004-03-01,0.0
2004-03-02,8.567529019979217
2004-03-03,0.0
2004-03-04,0.0
2004-03-05,0.0
2004-03-06,0.2412921111328706
2004-03-07,2.273901562465242
2004-03-08,2.212001939742442
2004-03-09,0.08837477873362011
2004-03-10,0.0005450886839994291
2004-03-11,0.001960177556952139
2004-03-12,0.003166987284333503
2004-03-13,1.2787775927053757
2004-03-14,0.2910889803235556
2004-03-15,0.41393624262378287
2004-03-16,0.19628285494841982
2004-03-17,0.05553301705766028
2004-03-18,0.12240989999159367
2004-03-19,0.004103542552254381
2004-03-20,0.09319217129783895
2004-03-21,0.06598410130911626
2004-03-22,0.07011542022704612
2004-03-23,0.06598410130911626
2004-03-24,0.06598410130911626
2004-03-25,0.06598410130911626
2004-03-26,0.0
2004-03-27,0.005302329741046978
2004-03-28,0.008029438095780408
2004-03-29,0.05570728617056736
2004-03-30,0.0044865785268059155
2004-03-31,0.0
2004-04-01,1.926804760697217
2004-04-02,5.457915498744492
2004-04-03,0.007220742701699937
2004-04-04,0.004952801390100987
2004-04-05,0.09453792128759149
2004-04-06,0.1661995663092719
2004-04-07,0.09168380378914505
2004-04-08,5.402221458081563
2004-04-09,2.647252540810983
2004-04-10,0.13852396579585474
2004-04-11,0.10281128329605133
2004-04-12,0.009266109571053636
2004-04-13,0.0
2004-04-14,3.626784679820525e-07
2004-04-15,0.029176438236374853
2004-04-16,8.557565903588927
2004-04-17,45.16410381698332
2004-04-18,0.0
2004-04-19,0.0
2004-04-20,0.0
2004-04-21,3.532763135048044
2004-04-22,77.52434747234024
2004-04-23,3.0866069534738663
2004-04-24,0.2557942867931573
2004-04-25,0.04042173427859656
2004-04-26,0.0
2004-04-27,0.0
2004-04-28,0.0
2004-04-29,24.254386800212387
2004-04-30,2.2837894152692106
2004-05-01,0.0
2004-05-02,0.0
2004-05-03,0.0
2004-05-04,0.0
2004-05-05,0.0
2004-05-06,0.402589382559905
2004-05-07,0.18950089108729923
2004-05-08,0.004569479752937556
2004-05-09,0.005037232775213838
2004-05-10,0.004321802303112339
2004-05-11,0.01798358777008374
2004-05-12,0.2417998033966524
2004-05-13,0.293525187609489
2004-05-14,1.3773937469631412
2004-05-15,0.0231857483430189
2004-05-16,0.0010862963211140618
2004-05-17,0.025635517706247158
2004-05-18,0.0004607952262617024
2004-05-19,0.0
2004-05-20,0.0
2004-05-21,1.1122530403736937
2004-05-22,11.879389431651829
2004-05-23,16.766262828554034
2004-05-24,1.114094694597363
2004-05-25,17.77034514994455
2004-05-26,0.0
2004-05-27,0.0
2004-05-28,0.0
2004-05-29,0.0
2004-05-30,0.0
2004-05-31,0.0
2004-06-01,0.0
2004-06-02,0.0
2004-06-03,0.0
2004-06-04,0.0
2004-06-05,0.0
2004-06-06,0.07358005459574768
2004-06-07,3.3091892763771816e-05
2004-06-08,5.727062783651261e-05
2004-06-09,0.004903490427001697
2004-06-10,3.2223153048126916
2004-06-11,0.5031903632253258
2004-06-12,0.8923781008798962
2004-06-13,0.0
2004-06-14,0.0
2004-06-15,0.0
2004-06-16,0.0002400145572311607
2004-06-17,0.2946377134459002
2004-06-18,1.0313548769956657e-05
2004-06-19,0.0
2004-06-20,0.0
2004-06-21,4.2029200681946595
2004-06-22,0.03543471345669679
2004-06-23,32.662429150790416
2004-06-24,0.4423015699357317
2004-06-25,1.5751814125972947
2004-06-26,23.78943322920755
2004-06-27,0.5102897541009591
2004-06-28,0.23509544180531097
2004-06-29,0.6611439143408547
2004-06-30,10.507050824490921
2004-07-01,4.824453516411286
2004-07-02,10.16895431829509
2004-07-03,4.279181961329813
2004-07-04,0.0
2004-07-05,0.0
2004-07-06,0.0
2004-07-07,0.0
2004-07-08,0.0
2004-07-09,0.0001930760906472002
2004-07-10,3.6723994572707266
2004-07-11,0.0
2004-07-12,0.0
2004-07-13,2.439136259769322
2004-07-14,0.27890677468131775
2004-07-15,0.05166765778515289
2004-07-16,0.0
2004-07-17,0.0
2004-07-18,0.08574468894663975
2004-07-19,0.07956883741994793
2004-07-20,0.2937068332473202
2004-07-21,0.12169630375196021
2004-07-22,0.12169630375196021
2004-07-23,0.12169630375196021
2004-07-24,6.076264374401955
2004-07-25,0.12169630375196021
2004-07-26,0.0
2004-07-27,0.0
2004-07-28,0.03060348035167688
2004-07-29,30.09296817736297
2004-07-30,0.17482675622139962
2004-07-31,0.614322108609844
2004-08-01,1.5200038676575196
2004-08-02,0.055809926019766115
2004-08-03,0.0
2004-08-04,0.6448606836974086
2004-08-05,2.5121054591103715
2004-08-06,0.0
2004-08-07,0.0
2004-08-08,0.0
2004-08-09,0.0
2004-08-10,0.0
2004-08-11,0.0003864737993300793
2004-08-12,0.04327546776463653
2004-08-13,0.0
2004-08-14,0.0
2004-08-15,3.733182328886461
2004-08-16,1.3614041515974447
2004-08-17,10.403502415199837
2004-08-18,0.20076737833056615
2004-08-19,6.409086387491976
2004-08-20,8.143027437036533
2004-08-21,0.2743087687177064
2004-08-22,0.031598441101023986
2004-08-23,0.19235182516343483
2004-08-24,0.0
2004-08-25,0.0
2004-08-26,0.0
2004-08-27,0.0
2004-08-28,0.0
2004-08-29,0.0
2004-08-30,0.0
2004-08-31,0.0
2004-09-01,0.00039463631838059085
2004-09-02,14.85733328607388
2004-09-03,0.3427805080237319
2004-09-04,0.0
2004-09-05,0.005479349280252688
2004-09-06,0.008604593228321557
2004-09-07,0.5933235181505624
2004-09-08,48.61375932615205
2004-09-09,0.9518767463179174
2004-09-10,0.002570874572349994
2004-09-11,0.0
2004-09-12,0.025305324760954716
2004-09-13,0.03269348511628277
2004-09-14,0.005301320084154424
2004-09-15,0.21844658475625015
2004-09-16,0.0
2004-09-17,0.0
2004-09-18,0.0
2004-09-19,5.382965158576128
2004-09-20,7.202792346406513
2004-09-21,19.727037607041222
2004-09-22,0.062178668309378536
2004-09-23,0.0
2004-09-24,0.0
2004-09-25,0.0
2004-09-26,5.491277768635041e-05
2004-09-27,3.465272226045709
2004-09-28,2.2500512581770677
2004-09-29,0.0
2004-09-30,0.6879296287360255
2004-10-01,0.0
2004-10-02,0.0
2004-10-03,0.0
2004-10-04,0.0
2004-10-05,0.0
2004-10-06,0.0
2004-10-07,0.0
2004-10-08,0.0
2004-10-09,0.05185163637224089
2004-10-10,0.0035245151490487067
2004-10-11,0.0
2004-10-12,16.260626493078654
2004-10-13,7.3549622590715735
2004-10-14,0.0
2004-10-15,0.283002773198413
2004-10-16,28.723801038532645
2004-10-17,8.939525638847921e-05
2004-10-18,0.6934446587740617
2004-10-19,0.0
2004-10-20,0.0
2004-10-21,0.0
2004-10-22,0.0
2004-10-23,13.355255676704996
2004-10-24,0.0001188690954574912
2004-10-25,0.0009300656467924173
2004-10-26,3.203240164592739
2004-10-27,1.707569254700905
2004-10-28,0.0
2004-10-29,0.0
2004-10-30,12.647340985101302
2004-10-31,0.3990128687183529
2004-11-01,0.0002901161760432146
2004-11-02,1.1351335469085875
2004-11-03,30.7799095502477
2004-11-04,1.233945006848105
2004-11-05,21.409530219172126
2004-11-06,1.867078061158002e-05
2004-11-07,0.0
2004-11-08,0.0
2004-11-09,38.74630035722347
2004-11-10,2.024146418729072
2004-11-11,0.5042832593372132
2004-11-12,0.17462464203847688
2004-11-13,0.007551334352419231
2004-11-14,0.14980976268113572
2004-11-15,0.12996458530761748
2004-11-16,13.457325056032891
2004-11-17,0.25426373544739206
2004-11-18,0.27721397682602655
2004-11-19,0.6261307228541488
2004-11-20,0.00850277849329752
2004-11-21,0.0
2004-11-22,0.0
2004-11-23,8.177306815119244e-05
2004-11-24,0.039694834146026384
2004-11-25,0.07927968694434369
2004-11-26,0.07261659474888865
2004-11-27,0.04006090428492041
2004-11-28,1.9195717051957613
2004-11-29,0.018776818452547826
2004-11-30,0.02794795656817574
2004-12-01,0.013289516834090938
2004-12-02,0.1280543877543167
2004-12-03,0.0076448360265487045
2004-12-04,7.052965197146526
2004-12-05,0.0027764985423881913
2004-12-06,9.405838072954873
2004-12-07,0.1869573056587497
2004-12-08,0.7948490232704132
2004-12-09,0.03345336115343661
2004-12-10,0.00705532097955998
2004-12-11,0.022201139830734858
2004-12-12,0.0004260012616521058
2004-12-13,0.0
2004-12-14,0.0
2004-12-15,0.47180902974050754
2004-12-16,13.079253055502278
2004-12-17,0.0
2004-12-18,0.0
2004-12-19,5.062300465752113
2004-12-20,0.12021277218916968
2004-12-21,0.0
2004-12-22,0.0
2004-12-23,0.06518839601332006
2004-12-24,0.09240116149625942
2004-12-25,3.5485922112709356
2004-12-26,0.096236407897846
2004-12-27,0.05972942081016515
2004-12-28,0.05573762115678174
2004-12-29,0.0
2004-12-30,0.45713549902701006
2004-12-31,0.00043638324967817753
2005-01-01,0.0
2005-01-02,0.0914101788751321
2005-01-03,5.116384399740745
2005-01-04,0.6934077833726098
2005-01-05,0.09994487432688325
2005-01-06,0.08130478128760399
2005-01-07,0.0
2005-01-08,0.008259141081594725
2005-01-09,7.944993407501224
2005-01-10,2.019070687444779
2005-01-11,0.0010981822599858086
2005-01-12,0.005693862473331106
2005-01-13,0.3203657078025865
2005-01-14,0.0
2005-01-15,13.531890942172764
2005-01-16,0.0
2005-01-17,0.0
2005-01-18,0.0
2005-01-19,0.0
2005-01-20,0.0
2005-01-21,0.001974997669218839
2005-01-22,0.001974997669218839
2005-01-23,0.001974997669218839
2005-01-24,0.001974997669218839
2005-01-25,0.001974997669218839
2005-01-26,0.0
2005-01-27,0.0
2005-01-28,0.02602209285809466
2005-01-29,0.15002648260525525
2005-01-30,5.138472587535314
2005-01-31,25.377872213545754
2005-02-01,3.5986008690754123
2005-02-02,0.0
2005-02-03,0.0
2005-02-04,0.0
2005-02-05,0.015495041855080195
2005-02-06,0.09374112508037477
2005-02-07,0.03314331354201967
2005-02-08,9.21686993800145
2005-02-09,11.74542433579994
2005-02-10,2.6662733480702414
2005-02-11,2.299946895399183
2005-02-12,2.5822279705394044
2005-02-13,0.4237916164925551
2005-02-14,0.2565900799585692
2005-02-15,0.0005938184122342742
2005-02-16,0.873421309535601
2005-02-17,0.0009154440900276899
2005-02-18,5.543004330089948e-05
2005-02-19,1.2693187046889383
2005-02-20,0.4187044760906532
2005-02-21,0.0
2005-02-22,0.021647976225041093
2005-02-23,0.0
2005-02-24,0.33835162193988305
2005-02-25,13.15010929030648
2005-02-26,1.9836435417039717
2005-02-27,0.6934995767324637
2005-02-28,0.37153820523944603
2005-03-01,0.0
2005-03-02,0.0
2005-03-03,0.0
2005-03-04,0.46664787153185266
2005-03-05,0.0
2005-03-06,0.0
2005-03-07,0.0
2005-03-08,0.0
2005-03-09,0.0
2005-03-10,0.0
2005-03-11,0.0
2005-03-12,0.0412770059039303
2005-03-13,25.21317916401535
2005-03-14,9.56648043759718
2005-03-15,0.615333598843325
2005-03-16,0.3134374361035604
2005-03-17,0.10714585888518875
2005-03-18,0.3027015871080168
2005-03-19,0.0
2005-03-20,0.0
2005-03-21,1.9061436454699894
2005-03-22,6.397472298989124
2005-03-23,0.2450804837766943
2005-03-24,0.4491558774752162
2005-03-25,0.0019870591200461343
2005-03-26,0.01707863462328045
2005-03-27,0.45380548974649476
2005-03-28,1.2996747592791644
2005-03-29,14.514608072256687
2005-03-30,0.3217902179387938
2005-03-31,10.735722292922814
2005-04-01,3.206112927937467
2005-04-02,14.047284309123377
2005-04-03,0.04464888094619241
2005-04-04,0.0
2005-04-05,0.0
2005-04-06,7.056722863195548
2005-04-07,33.098069094885425
2005-04-08,0.11035718577146182
2005-04-09,3.254014253533558
2005-04-10,15.866849339550779
2005-04-11,47.4310061831359
2005-04-12,13.337559657493012
2005-04-13,2.5674042726957715
2005-04-14,30.60830517083694
2005-04-15,1.428243025344322
2005-04-16,0.0
2005-04-17,0.0
2005-04-18,0.05411807903446909
2005-04-19,0.7482282658561409
2005-04-20,1.1117545449809088
2005-04-21,0.0001836307904178874
2005-04-22,0.0
2005-04-23,0.0
2005-04-24,1.9244256826163522
2005-04-25,0.017038947427609356
2005-04-26,8.564508187491384e-06
2005-04-27,0.00015751064874478822
2005-04-28,0.0006623364855463607
2005-04-29,0.997130933432599
2005-04-30,0.0
2005-05-01,0.0
2005-05-02,0.0
2005-05-03,0.0
2005-05-04,0.0
2005-05-05,10.466493040565004
2005-05-06,58.770559887321625
2005-05-07,3.976475140428653
2005-05-08,0.10444555107052635
2005-05-09,18.441046864135597
2005-05-10,0.45446786587666055
2005-05-11,19.903393508630632
2005-05-12,17.12485572689004
2005-05-13,9.391473470703538
2005-05-14,8.575070689724518
2005-05-15,34.635582413743826
2005-05-16,14.118707021585466
2005-05-17,0.0024397903347393684
2005-05-18,2.6743587656426553
2005-05-19,0.43651386462329644
2005-05-20,5.030488009852428
2005-05-21,0.013724211088642423
2005-05-22,0.0
2005-05-23,0.0
2005-05-24,8.564254043032008
2005-05-25,0.03895180390403962
2005-05-26,0.001994569854056848
2005-05-27,0.0
2005-05-28,0.0
2005-05-29,0.3048219474653099
2005-05-30,24.957708761061998
2005-05-31,0.14895778625810993
2005-06-01,4.547134566702517
2005-06-02,0.0006014182037865584
2005-06-03,2.8154879150261833
2005-06-04,42.342207476607264
2005-06-05,15.842051055532702
2005-06-06,2.2177225163917007
2005-06-07,0.0
2005-06-08,0.6392195037868444
2005-06-09,9.349269219813182
2005-06-10,0.41033069828841096
2005-06-11,29.60449390018002
2005-06-12,4.671963998621487
2005-06-13,32.138202459950634
2005-06-14,15.343609629042762
2005-06-15,1.6431417012920426
2005-06-16,0.20677579712164879
2005-06-17,3.003222376236294
2005-06-18,0.4175447314911719
2005-06-19,0.08137946641097134
2005-06-20,3.733845021996893e-05
2005-06-21,0.02255315631154389
2005-06-22,4.609133959558984
2005-06-23,0.2610924054676089
2005-06-24,0.003198091466055489
2005-06-25,0.5499340936588055
2005-06-26,11.060566703723286
2005-06-27,0.7912458079641849
2005-06-28,3.9695938168668503
2005-06-29,2.132188383106748
2005-06-30,0.6407826334460618
2005-07-01,0.016989578125445142
2005-07-02,0.008081797716384724
2005-07-03,1.9629379669004186
2005-07-04,0.15869785646484924
2005-07-05,0.00031665219619529363
2005-07-06,0.25481009872228605
2005-07-07,0.0787771428755144
2005-07-08,0.0
2005-07-09,0.0
2005-07-10,0.0
2005-07-11,0.0009528134997054325
2005-07-12,1.8801226781658038e-06
2005-07-13,0.0
2005-07-14,0.0
2005-07-15,1.3938968176243964
2005-07-16,2.8344476382056483
2005-07-17,0.5155392549350092
2005-07-18,0.002157938651432417
2005-07-19,0.0
2005-07-20,0.0
2005-07-21,2.327748887689387
2005-07-22,0.10259343791416133
2005-07-23,0.2109479120154091
2005-07-24,0.13597441008975747
2005-07-25,0.48902864468857477
2005-07-26,0.7923867005628014
2005-07-27,0.521857025747427
2005-07-28,0.0
2005-07-29,0.04086375707687677
2005-07-30,0.0
2005-07-31,0.0
2005-08-01,0.0
2005-08-02,0.0
2005-08-03,0.0
2005-08-04,0.0
2005-08-05,0.0
2005-08-06,0.0
2005-08-07,0.0
2005-08-08,0.0
2005-08-09,0.0
2005-08-10,0.0
2005-08-11,0.0
2005-08-12,0.0
2005-08-13,0.0
2005-08-14,0.0
2005-08-15,2.1200689903125847
2005-08-16,0.602909064338662
2005-08-17,12.911738150970296
2005-08-18,0.008207323153111108
2005-08-19,0.012536058031944672
2005-08-20,0.02878879131572324
2005-08-21,8.93559005686137
2005-08-22,3.731623636420431
2005-08-23,14.694146226935674
2005-08-24,0.1669324471604314
2005-08-25,0.0
2005-08-26,0.0
2005-08-27,0.008088561786248291
2005-08-28,2.397360779247511
2005-08-29,27.31442575754289
2005-08-30,0.4060239571646709
2005-08-31,1.1716671136361498e-07
2005-09-01,0.04234500123422208
2005-09-02,0.015283209768138729
2005-09-03,0.0
2005-09-04,0.005379689686265843
2005-09-05,0.0060599228582622735
2005-09-06,0.0002978128408846195
2005-09-07,0.0
2005-09-08,0.0
2005-09-09,17.685574857915217
2005-09-10,64.09785242953907
2005-09-11,12.723436572737924
2005-09-12,0.0
2005-09-13,7.941999992868846e-07
2005-09-14,17.330216048021036
2005-09-15,0.327570308184086
2005-09-16,0.027494074189182118
2005-09-17,0.15496754203507798
2005-09-18,1.6596713608364446
2005-09-19,0.39225531573244454
2005-09-20,0.10810830738989226
2005-09-21,0.2851213320882787
2005-09-22,0.8407926993844658
2005-09-23,0.020941326056857577
2005-09-24,26.977926071249986
2005-09-25,0.051223792367024554
2005-09-26,0.0
2005-09-27,0.00044399275048557455
2005-09-28,0.0
2005-09-29,0.8696652659548453
2005-09-30,6.690346766956136
2005-10-01,0.0
2005-10-02,0.004609632260449092
2005-10-03,16.08608973968813
2005-10-04,34.19629996753483
2005-10-05,0.661360763044354
2005-10-06,0.0
2005-10-07,0.0
2005-10-08,0.0
2005-10-09,0.0
2005-10-10,0.0
2005-10-11,0.005653865996487341
2005-10-12,0.0
2005-10-13,12.642726105194175
2005-10-14,17.159901933687696
2005-10-15,0.17459098045806853
2005-10-16,0.0
2005-10-17,0.0
2005-10-18,0.0
2005-10-19,0.0
2005-10-20,0.0
2005-10-21,1.9507150473064498
2005-10-22,0.3642847650809103
2005-10-23,0.1764229892820408
2005-10-24,18.094268135912532
2005-10-25,1.9196833986400494
2005-10-26,0.0
2005-10-27,0.0
2005-10-28,0.0
2005-10-29,0.0
2005-10-30,0.0
2005-10-31,0.0
2005-11-01,0.0
2005-11-02,0.0
2005-11-03,0.0004276643871546326
2005-11-04,6.931712252087858
2005-11-05,1.8300877375165716e-07
2005-11-06,0.4500889782871161
2005-11-07,0.0
2005-11-08,0.0
2005-11-09,4.604823349467491e-06
2005-11-10,0.08292498965742025
2005-11-11,0.27604894828459803
2005-11-12,0.0
2005-11-13,0.00779611025917828
2005-11-14,0.11208947413079177
2005-11-15,4.526350125554025
2005-11-16,0.5845246709376162
2005-11-17,1.2520970940936336
2005-11-18,0.5845246709376162
2005-11-19,0.998010399472741
2005-11-20,0.5845246709376162
2005-11-21,0.0
2005-11-22,0.001108297636765902
2005-11-23,0.47403607568717737
2005-11-24,15.610971250228657
2005-11-25,0.0
2005-11-26,0.0
2005-11-27,0.0
2005-11-28,0.0
2005-11-29,1.1276954422451624e-05
2005-11-30,0.009533753893965284
2005-12-01,1.519097757541996
2005-12-02,0.0
2005-12-03,0.0
2005-12-04,13.673384132064294
2005-12-05,17.759772730946818
2005-12-06,0.005267800196243724
2005-12-07,0.13469880375130056
2005-12-08,0.1468226812037173
2005-12-09,8.613265706622734
2005-12-10,0.0
2005-12-11,0.0
2005-12-12,0.0
2005-12-13,0.0
2005-12-14,0.0
2005-12-15,0.0
2005-12-16,1.863561471816216
2005-12-17,0.6749973013007083
2005-12-18,0.09166554453413897
2005-12-19,0.551201676591577
2005-12-20,0.0
2005-12-21,0.0
2005-12-22,0.0
2005-12-23,0.7382454072740184
2005-12-24,0.0012470526648145678
2005-12-25,0.0
2005-12-26,0.0
2005-12-27,0.0
2005-12-28,0.0033915544589637396
2005-12-29,13.272179775309214
2005-12-30,0.7389575716106449
2005-12-31,3.943838861369906
2006-01-01,6.38564207781336e-05
2006-01-02,0.0012431990980201074
2006-01-03,0.25333879045079183
2006-01-04,0.05096634410208176
2006-01-05,0.0
2006-01-06,0.0
2006-01-07,0.0
2006-01-08,3.155331226428595
2006-01-09,0.14592530739262397
2006-01-10,9.590415427053486
2006-01-11,10.092920210390556
2006-01-12,34.133267018628636
2006-01-13,24.828608761766564
2006-01-14,13.880058431182805
2006-01-15,2.407742467818854
2006-01-16,11.233284275999438
2006-01-17,0.0009038836617509942
2006-01-18,0.0
2006-01-19,0.26656903459531595
2006-01-20,0.08066113092871971
2006-01-21,11.33903864689135
2006-01-22,0.3313958609166989
2006-01-23,0.8809398218997816
2006-01-24,4.015275112004958
2006-01-25,16.72066866480084
2006-01-26,0.016795936004700855
2006-01-27,0.0
2006-01-28,9.995928274066748e-05
2006-01-29,0.0009232422562141107
2006-01-30,0.12037075923489317
2006-01-31,0.0
2006-02-01,0.15810859132029464
2006-02-02,0.0
2006-02-03,5.541955285581969
2006-02-04,3.959548010305814
2006-02-05,20.833847433363882
2006-02-06,0.8738549397869909
2006-02-07,0.003411116168369675
2006-02-08,0.003411116168369675
2006-02-09,0.09642697745935647
2006-02-10,0.008626335709213314
2006-02-11,1.6549426932482936
2006-02-12,0.017870535298262914
2006-02-13,0.06282095087417115
2006-02-14,0.0
2006-02-15,0.0
2006-02-16,5.7542741865957385
2006-02-17,0.115567019530804
2006-02-18,1.0118103081375091e-06
2006-02-19,0.3284505493401844
2006-02-20,2.2899728307488374
2006-02-21,0.21034859609069015
2006-02-22,0.0
2006-02-23,0.772855967822613
2006-02-24,6.525030437891237
2006-02-25,0.8435665021752278
2006-02-26,0.00027649205295868457
2006-02-27,0.2686971275866544
2006-02-28,5.155947289947429
2006-03-01,0.5236540935896579
2006-03-02,7.418585928397514
2006-03-03,18.90473438813362
2006-03-04,0.07016425158938597
2006-03-05,8.947533907593062e-05
2006-03-06,0.0
2006-03-07,0.0
2006-03-08,0.0
2006-03-09,0.0
2006-03-10,0.0
2006-03-11,0.0
2006-03-12,0.07153616838622959
2006-03-13,0.0
2006-03-14,1.4068062678428181
2006-03-15,0.0011960792520347555
2006-03-16,2.8570032465280852
2006-03-17,7.635276960881982
2006-03-18,22.62498693256579
2006-03-19,3.0356881346142024
2006-03-20,2.8714728942278387
2006-03-21,0.026128872810992104
2006-03-22,0.017158346404837103
2006-03-23,3.0749061318790227
2006-03-24,0.009913854953218738
2006-03-25,0.014368713022039816
2006-03-26,0.0
2006-03-27,0.0027007765128742277
2006-03-28,0.0029421035176880202
2006-03-29,0.004903835932951042
2006-03-30,0.0
2006-03-31,0.0
2006-04-01,0.6077862253586049
2006-04-02,0.020633844363412108
2006-04-03,0.17876221120946428
2006-04-04,0.4327507140671198
2006-04-05,0.6357699779518805
2006-04-06,0.5872868518340495
2006-04-07,1.6982956179987914
2006-04-08,0.302952590848422
2006-04-09,0.3024612198441868
2006-04-10,0.31364492028395885
2006-04-11,0.0
2006-04-12,2.9562030344672588e-05
2006-04-13,0.025039189524514394
2006-04-14,14.403954491895243
2006-04-15,2.4851820149600514
2006-04-16,0.0
2006-04-17,0.0
2006-04-18,0.0
2006-04-19,0.0
2006-04-20,11.772305505548319
2006-04-21,17.85588514285962
2006-04-22,0.0
2006-04-23,0.0
2006-04-24,0.0
2006-04-25,23.171202962703937
2006-04-26,0.03511250377254692
2006-04-27,0.0003990350277349982
2006-04-28,0.0
2006-04-29,0.20913166390802593
2006-04-30,0.05494566372317699
2006-05-01,0.0
2006-05-02,0.0
2006-05-03,0.0
2006-05-04,0.0
2006-05-05,0.0
2006-05-06,0.012338734073186638
2006-05-07,0.044133870385888375
2006-05-08,0.10236860324585144
2006-05-09,3.706150217117693e-05
2006-05-10,0.006676848530017171
2006-05-11,0.0
2006-05-12,0.4200438584850714
2006-05-13,0.010542692283031636
2006-05-14,0.0
2006-05-15,0.0
2006-05-16,0.0
2006-05-17,0.0
2006-05-18,18.09261663021175
2006-05-19,2.0868658524652828
2006-05-20,0.05657867924873564
2006-05-21,0.0
2006-05-22,0.0
2006-05-23,0.0
2006-05-24,0.0
2006-05-25,0.0
2006-05-26,0.0
2006-05-27,3.0986270667360554
2006-05-28,0.016909117586158415
2006-05-29,3.6352376250548026
2006-05-30,14.724603075507869
2006-05-31,15.51483098991416
2006-06-01,0.0005480150540148039
2006-06-02,7.948717924541735
2006-06-03,34.01312676428322
2006-06-04,2.4390920612694584
2006-06-05,0.0
2006-06-06,0.0
2006-06-07,0.23678695488312376
2006-06-08,0.0
2006-06-09,32.941357782145495
2006-06-10,0.33381580764521157
2006-06-11,0.0
2006-06-12,0.0
2006-06-13,0.4263269670940037
2006-06-14,3.7829548831590105
2006-06-15,0.02632569859340788
2006-06-16,0.0074698529945371635
2006-06-17,0.0
2006-06-18,6.025815749300037
2006-06-19,0.0
2006-06-20,5.91425299261996
2006-06-21,4.70920773936829
2006-06-22,0.0
2006-06-23,0.0
2006-06-24,10.295955413403073
2006-06-25,6.833266564116051
2006-06-26,14.058832214977631
2006-06-27,2.141377595367103
2006-06-28,6.28366906690609
2006-06-29,5.110623440436661
2006-06-30,0.00028120113312895206
2006-07-01,0.0
2006-07-02,0.13209944999707196
2006-07-03,0.003635467892612526
2006-07-04,1.3313288929607523
2006-07-05,2.180990871411041
2006-07-06,0.00449667133887301
2006-07-07,0.0
2006-07-08,1.7261475917516753
2006-07-09,2.249934164489424
2006-07-10,0.0
2006-07-11,1.4928604950343691
2006-07-12,11.164846814022852
2006-07-13,9.81965845597606
2006-07-14,12.917721168041272
2006-07-15,0.003655711611711279
2006-07-16,2.638768459937331
2006-07-17,0.6245700668270817
2006-07-18,0.0
2006-07-19,0.01964724461823718
2006-07-20,0.0
2006-07-21,0.0
2006-07-22,1.3888722568745207e-05
2006-07-23,0.01489813493861522
2006-07-24,0.0009969510113553002
2006-07-25,0.02364590055612442
2006-07-26,0.9344662663348711
2006-07-27,8.44103144856667
2006-07-28,0.013311550710933054
2006-07-29,0.030589135818119343
2006-07-30,0.0017493347134623074
2006-07-31,0.0
2006-08-01,0.09012177755115842
2006-08-02,0.0
2006-08-03,0.0
2006-08-04,0.0020711740868178045
2006-08-05,5.569873395690978
2006-08-06,3.5422698867380924
2006-08-07,0.015550978325815649
2006-08-08,5.237797327068846
2006-08-09,20.842543127304893
2006-08-10,0.23037445981304022
2006-08-11,6.772030011893763
2006-08-12,4.302653031098795
2006-08-13,16.857620131660823
2006-08-14,14.107996340722549
2006-08-15,0.009875519699969073
2006-08-16,0.0
2006-08-17,0.0
2006-08-18,0.0
2006-08-19,0.0
2006-08-20,0.0
2006-08-21,0.0
2006-08-22,0.0
2006-08-23,0.0
2006-08-24,0.0
2006-08-25,0.0
2006-08-26,13.578277125050203
2006-08-27,0.05083740660482142
2006-08-28,0.10279920835865682
2006-08-29,0.0
2006-08-30,0.0
2006-08-31,8.051187918635856
2006-09-01,0.004293914268328388
2006-09-02,24.66501800876387
2006-09-03,0.19567596120481326
2006-09-04,0.29295038654253125
2006-09-05,0.0
2006-09-06,0.1014613006575956
2006-09-07,0.1014613006575956
2006-09-08,1.772124960475349
2006-09-09,2.480934008323771
2006-09-10,0.1014613006575956
2006-09-11,0.1565501799621987
2006-09-12,3.234519494092936
2006-09-13,1.6586789021160164
2006-09-14,3.287017969958734
2006-09-15,0.09750896958307782
2006-09-16,0.0
2006-09-17,0.0
2006-09-18,0.0
2006-09-19,0.04882519505261384
2006-09-20,10.03055995046555
2006-09-21,0.18782371242048299
2006-09-22,0.0006803392135372751
2006-09-23,5.879577296180072
2006-09-24,0.0
2006-09-25,0.0
2006-09-26,0.0
2006-09-27,1.365041988281401
2006-09-28,2.701964266085541
2006-09-29,0.15690075618519836
2006-09-30,0.0
2006-10-01,0.3142691816608387
2006-10-02,0.00037559351856277217
2006-10-03,0.013913192623152276
2006-10-04,0.005485501504591278
2006-10-05,34.78254188845086
2006-10-06,0.0
2006-10-07,0.0018220120241583201
2006-10-08,0.0
2006-10-09,0.0
2006-10-10,2.7636691896041015
2006-10-11,2.2404570334229503
2006-10-12,0.06398828460602503
2006-10-13,0.09560193996807317
2006-10-14,7.140684693115767
2006-10-15,7.130001288915141
2006-10-16,0.0
2006-10-17,0.0
2006-10-18,0.0
2006-10-19,0.0
2006-10-20,0.0
2006-10-21,0.0
2006-10-22,0.0
2006-10-23,0.0
2006-10-24,0.0
2006-10-25,0.0
2006-10-26,0.9352750469216997
2006-10-27,0.26495900117845556
2006-10-28,0.0
2006-10-29,5.530082511747199
2006-10-30,2.081657052392304
2006-10-31,7.097019766949591
2006-11-01,3.8536733416393694
2006-11-02,0.0005407120405513217
2006-11-03,0.17258916717762082
2006-11-04,0.003121206184777187
2006-11-05,9.788697323965755
2006-11-06,35.678930398218704
2006-11-07,0.0
2006-11-08,0.0
2006-11-09,0.0
2006-11-10,0.42153951758708
2006-11-11,0.018159602766646757
2006-11-12,0.018159602766646757
2006-11-13,0.018159602766646757
2006-11-14,0.018159602766646757
2006-11-15,0.4815647996609299
2006-11-16,15.287592387150346
2006-11-17,57.31402306560548
2006-11-18,0.0969163553008104
2006-11-19,0.033599393359175715
2006-11-20,0.0
2006-11-21,7.4959235548413e-06
2006-11-22,0.008603645996918938
2006-11-23,0.0
2006-11-24,2.4056228292125126
2006-11-25,4.362193671686636
2006-11-26,0.09209292813790483
2006-11-27,0.2629817404768721
2006-11-28,0.06890659462893071
2006-11-29,0.21451884334625465
2006-11-30,0.0
2006-12-01,0.0
2006-12-02,4.0349279020148465
2006-12-03,6.885524108652579
2006-12-04,0.1242265627897798
2006-12-05,0.013803395981723528
2006-12-06,0.0
2006-12-07,0.0
2006-12-08,0.0
2006-12-09,0.0
2006-12-10,0.0
2006-12-11,0.00013016419677802776
2006-12-12,0.05369636880903
2006-12-13,8.355824767046167
2006-12-14,6.809599696654372
2006-12-15,1.0560230087254232
2006-12-16,0.0026756850169655237
2006-12-17,0.2790374316463301
2006-12-18,13.15724563400581
2006-12-19,14.723881243647465
2006-12-20,33.259396562263284
2006-12-21,0.003800427142534739
2006-12-22,0.0
2006-12-23,4.438352688139108
2006-12-24,12.298366248458947
2006-12-25,48.88177350033041
2006-12-26,0.0
2006-12-27,0.0
2006-12-28,0.0
2006-12-29,0.0
2006-12-30,0.0
2006-12-31,0.0
2007-01-01,0.0031701121883372357
2007-01-02,0.4625402488648511
2007-01-03,2.7858330817300327
2007-01-04,2.712937657883596
2007-01-05,1.321923386727465
2007-01-06,0.33998037765782074
2007-01-07,0.0
2007-01-08,3.82542327790996
2007-01-09,0.0
2007-01-10,6.750129857655872
2007-01-11,11.362342299496909
2007-01-12,0.20907942376130492
2007-01-13,0.12021289087955936
2007-01-14,0.0
2007-01-15,0.0
2007-01-16,0.0
2007-01-17,7.053625316334982
2007-01-18,17.02157954427494
2007-01-19,6.718187291494849
2007-01-20,6.50560190332828
2007-01-21,0.0
2007-01-22,0.00011328424618013741
2007-01-23,0.017659212662357666
2007-01-24,3.6622753904908
2007-01-25,10.21798213324464
2007-01-26,16.55110316770375
2007-01-27,0.725718600540705
2007-01-28,1.0276159262693624e-05
2007-01-29,0.3526424633148642
2007-01-30,0.27178277872960027
2007-01-31,0.16772642028426743
2007-02-01,0.00010417103332638526
2007-02-02,0.0
2007-02-03,0.0
2007-02-04,2.431773614191301
2007-02-05,6.9591987707035585
2007-02-06,1.7431404787010123
2007-02-07,1.8241211679656693
2007-02-08,0.0
2007-02-09,0.0
2007-02-10,0.4578425465856606
2007-02-11,0.35592360437198245
2007-02-12,0.0
2007-02-13,0.1735104908538906
2007-02-14,1.2915672917172938
2007-02-15,6.504984427455012
2007-02-16,0.9431886885491938
2007-02-17,36.82978121680586
2007-02-18,0.0036914943048767315
2007-02-19,0.0
2007-02-20,0.1761135259900642
2007-02-21,0.10689372376351604
2007-02-22,15.699254659523726
2007-02-23,45.52122290688765
2007-02-24,20.030386981041072
2007-02-25,0.5529918290902912
2007-02-26,1.0601865261956713
2007-02-27,9.938341480742405
2007-02-28,10.244157769530961
2007-03-01,25.810458001167056
2007-03-02,31.248766687071235
2007-03-03,3.1180712548275036
2007-03-04,13.599570260107734
2007-03-05,5.1953235549162615
2007-03-06,33.639691090678106
2007-03-07,19.24294325066717
2007-03-08,0.10210074691645726
2007-03-09,53.92450006522191
2007-03-10,0.0
2007-03-11,0.0
2007-03-12,0.0
2007-03-13,0.0005211746028308204
2007-03-14,0.788165445168106
2007-03-15,8.653486908556369
2007-03-16,0.31891883240536295
2007-03-17,1.822794695306699
2007-03-18,2.1171690682439572
2007-03-19,0.3878824486620273
2007-03-20,0.012248465064660945
2007-03-21,0.0023256632840122178
2007-03-22,0.44692602762314426
2007-03-23,4.641385340758287
2007-03-24,0.0770681760906243
2007-03-25,2.3307951481300435
2007-03-26,14.363529688498204
2007-03-27,19.118831298421558
2007-03-28,0.7592830736118581
2007-03-29,0.14451641625337056
2007-03-30,15.776519852018206
2007-03-31,24.682206509277982
2007-04-01,4.794256704634757
2007-04-02,29.05978108861189
2007-04-03,41.06561185425766
2007-04-04,6.300722613346432e-05
2007-04-05,0.0
2007-04-06,0.0
2007-04-07,10.59272139139927
2007-04-08,3.656137086708831
2007-04-09,0.0033449027030614384
2007-04-10,0.0
2007-04-11,0.8446666075411086
2007-04-12,4.2826313688846565
2007-04-13,0.0
2007-04-14,10.465442795976195
2007-04-15,2.5822012818752507
2007-04-16,0.3621638538023018
2007-04-17,0.08592694362820445
2007-04-18,0.0
2007-04-19,0.0
2007-04-20,0.067753794964126
2007-04-21,1.6615499122538728
2007-04-22,0.3544335278274754
2007-04-23,0.39824735100629655
2007-04-24,33.71420376966298
2007-04-25,1.7303557185741252
2007-04-26,1.8287378254185516
2007-04-27,0.0
2007-04-28,0.0
2007-04-29,0.0
2007-04-30,0.0
2007-05-01,2.8548634523865344
2007-05-02,3.552514421981156
2007-05-03,0.1078376425889266
2007-05-04,57.866585801580726
2007-05-05,28.47559996027072
2007-05-06,38.59888961304654
2007-05-07,0.24127142547781613
2007-05-08,0.0
2007-05-09,0.0
2007-05-10,0.000711258967060849
2007-05-11,0.24188436609897093
2007-05-12,6.086125231711093e-07
2007-05-13,1.0365782747774706
2007-05-14,0.07409524551140677
2007-05-15,0.11713029891478281
2007-05-16,1.987532523351582
2007-05-17,0.0
2007-05-18,0.0
2007-05-19,0.0
2007-05-20,0.0
2007-05-21,7.131885701391284
2007-05-22,1.41993040022234
2007-05-23,0.3929971811600621
2007-05-24,0.00010886509002339349
2007-05-25,5.251809232997744e-06
2007-05-26,0.0
2007-05-27,0.0
2007-05-28,0.0
2007-05-29,0.0
2007-05-30,0.0
2007-05-31,0.0
2007-06-01,0.0
2007-06-02,0.0
2007-06-03,0.0
2007-06-04,0.0
2007-06-05,0.0
2007-06-06,0.0
2007-06-07,0.0
2007-06-08,0.0
2007-06-09,9.21613414342352
2007-06-10,0.23870728641674094
2007-06-11,4.038453509535875
2007-06-12,2.065725173052001
2007-06-13,17.463320304371813
2007-06-14,9.134710125287375
2007-06-15,40.302015118197765
2007-06-16,0.00048685067509873043
2007-06-17,0.0
2007-06-18,0.0
2007-06-19,1.6228608420784305
2007-06-20,0.3177667956650151
2007-06-21,14.109274426908616
2007-06-22,14.944747379712604
2007-06-23,12.51135652935656
2007-06-24,0.0
2007-06-25,0.0
2007-06-26,17.439966470930248
2007-06-27,15.19336664442655
2007-06-28,0.0
2007-06-29,0.0
2007-06-30,0.0009236610572556489
2007-07-01,0.1376376162563657
2007-07-02,0.0
2007-07-03,0.0
2007-07-04,0.08175877667987219
2007-07-05,3.3755519777048616e-05
2007-07-06,0.3090620348531388
2007-07-07,18.77363700853119
2007-07-08,1.0224547337313368
2007-07-09,4.169068699368551
2007-07-10,13.508017617235556
2007-07-11,0.0
2007-07-12,0.0
2007-07-13,0.3392113233916432
2007-07-14,0.6645110219788002
2007-07-15,0.0
2007-07-16,0.0
2007-07-17,4.58475714397393
2007-07-18,0.0
2007-07-19,0.0
2007-07-20,0.0
2007-07-21,1.5124734406753155
2007-07-22,0.8523052441245423
2007-07-23,0.0
2007-07-24,0.018089017977134587
2007-07-25,0.016661293782717194
2007-07-26,0.33514823058988236
2007-07-27,0.04103767929175795
2007-07-28,0.04103767929175795
2007-07-29,0.04103767929175795
2007-07-30,0.04103767929175795
2007-07-31,0.17527690334691076
2007-08-01,0.002502879969131153
2007-08-02,0.15678769472886145
2007-08-03,2.0554494304035544
2007-08-04,0.027620040604446356
2007-08-05,0.005884434678357957
2007-08-06,0.7804801818316277
2007-08-07,0.2653678679386124
2007-08-08,0.0
2007-08-09,9.3742674245706
2007-08-10,17.79341430023276
2007-08-11,0.0
2007-08-12,0.0
2007-08-13,1.532818350152985
2007-08-14,0.00010574287635073282
2007-08-15,9.555799369711204
2007-08-16,20.50496330329068
2007-08-17,11.056912423349651
2007-08-18,1.4521482386879512
2007-08-19,28.220179070914103
2007-08-20,5.76448745659269
2007-08-21,0.00021878260719906034
2007-08-22,0.0
2007-08-23,1.1383714091230526
2007-08-24,25.06046445920506
2007-08-25,1.1351360993555144
2007-08-26,0.0
2007-08-27,0.0
2007-08-28,0.0
2007-08-29,0.0
2007-08-30,0.0
2007-08-31,0.0
2007-09-01,1.6807285244625696
2007-09-02,6.084651215913251
2007-09-03,1.0285572536536673
2007-09-04,0.0
2007-09-05,0.6653851823430932
2007-09-06,2.227139321573739
2007-09-07,0.005264921995698026
2007-09-08,1.7036748322473752e-07
2007-09-09,0.0002165419703054137
2007-09-10,0.0
2007-09-11,0.05966584737286874
2007-09-12,0.5781278085874928
2007-09-13,3.0965137001002243
2007-09-14,8.017139431363097
2007-09-15,4.17187748131868
2007-09-16,3.085024398687381
2007-09-17,1.9320726928869367
2007-09-18,25.246319762814114
2007-09-19,0.009575256259701565
2007-09-20,0.05128504248077688
2007-09-21,0.14215667199778415
2007-09-22,6.058485623209787
2007-09-23,3.6597074800144127
2007-09-24,0.0090117048203295
2007-09-25,0.0
2007-09-26,0.00030820241018836655
2007-09-27,0.0013699197497074004
2007-09-28,0.0
2007-09-29,0.0
2007-09-30,0.0
2007-10-01,0.0
2007-10-02,5.2848379056981525
2007-10-03,22.95749925819915
2007-10-04,30.958944899070023
2007-10-05,3.4939507260082148
2007-10-06,30.88831003128759
2007-10-07,0.017672807907547015
2007-10-08,0.3224344979801452
2007-10-09,31.52809148095046
2007-10-10,0.3663239911373987
2007-10-11,5.673283254471168
2007-10-12,12.205269246488667
2007-10-13,0.15881800934121604
2007-10-14,0.001325405605526456
2007-10-15,0.6337612513594038
2007-10-16,2.1825038107530244
2007-10-17,0.018306621485727526
2007-10-18,0.0
2007-10-19,0.0
2007-10-20,2.6262051938574187
2007-10-21,1.3448884952320943
2007-10-22,0.0
2007-10-23,0.39610031602771384
2007-10-24,0.0
2007-10-25,1.7317853565869565
2007-10-26,20.899539092877692
2007-10-27,14.125615154168738
2007-10-28,2.3013729827019245
2007-10-29,4.404991991577074
2007-10-30,0.187308552085076
2007-10-31,18.791517719326443
2007-11-01,2.3753999568334603
2007-11-02,0.0002590647525176775
2007-11-03,0.17843022854516877
2007-11-04,0.4837650100957602
2007-11-05,0.0
2007-11-06,0.03536905826171833
2007-11-07,0.0
2007-11-08,0.06480233930596155
2007-11-09,7.326110441913959
2007-11-10,0.5090139165382858
2007-11-11,0.06902550375725701
2007-11-12,0.0
2007-11-13,0.89385926823385
2007-11-14,0.11571122405871453
2007-11-15,0.0
2007-11-16,0.0
2007-11-17,2.0861686026107353
2007-11-18,14.33251905479906
2007-11-19,9.598570911265265
2007-11-20,0.01710025035498568
2007-11-21,0.0
2007-11-22,0.0
2007-11-23,20.184750000417733
2007-11-24,0.9902029713294045
2007-11-25,0.0
2007-11-26,0.0
2007-11-27,0.0
2007-11-28,0.0
2007-11-29,0.0
2007-11-30,0.0
2007-12-01,0.0
2007-12-02,0.0
2007-12-03,0.0
2007-12-04,0.00549749071008879
2007-12-05,6.400456230415022
2007-12-06,0.0
2007-12-07,0.0
2007-12-08,0.0
2007-12-09,0.0
2007-12-10,0.0
2007-12-11,0.04142937215669475
2007-12-12,0.0
2007-12-13,0.0
2007-12-14,0.0
2007-12-15,0.09000164169804532
2007-12-16,0.0
2007-12-17,0.0
2007-12-18,0.0
2007-12-19,0.0
2007-12-20,0.0
2007-12-21,0.0
2007-12-22,0.2848549552861497
2007-12-23,1.9037722409720463
2007-12-24,7.778022430882783
2007-12-25,17.11212897387448
2007-12-26,0.001946343065947791
2007-12-27,0.007491912172755268
2007-12-28,30.184989027425424
2007-12-29,7.633716795014863
2007-12-30,0.8769605123929234
2007-12-31,0.02259767578503697
2008-01-01,0.0
2008-01-02,0.0
2008-01-03,0.3107184324542573
2008-01-04,0.0015449808827948676
2008-01-05,1.915058627668484e-06
2008-01-06,0.00017268909003767378
2008-01-07,0.00020652957671358924
2008-01-08,0.020382711449665854
2008-01-09,6.022762840221095e-06
2008-01-10,0.1483728290252473
2008-01-11,17.642493618857827
2008-01-12,0.0
2008-01-13,0.011851801884230405
2008-01-14,0.005337741769337536
2008-01-15,0.1533426480194755
2008-01-16,26.19514308920479
2008-01-17,0.04297534502262423
2008-01-18,0.12738452242132464
2008-01-19,0.0019591034214492095
2008-01-20,0.0
2008-01-21,0.0
2008-01-22,0.008943741823555607
2008-01-23,0.4649027771406887
2008-01-24,1.2286544187649284
2008-01-25,0.04235909512165673
2008-01-26,0.0006385826561122412
2008-01-27,0.0
2008-01-28,0.0016917923276275123
2008-01-29,1.623936968170627
2008-01-30,16.150757745859497
2008-01-31,10.156929212076744
2008-02-01,6.237581705131597
2008-02-02,4.831939956149727
2008-02-03,0.3865198941668694
2008-02-04,0.0
2008-02-05,0.0
2008-02-06,0.0
2008-02-07,1.0373454576775119
2008-02-08,0.007655514845605881
2008-02-09,9.660487953194162
2008-02-10,0.6630810379879111
2008-02-11,4.57820603722124
2008-02-12,6.199764684335291
2008-02-13,0.04093806319170017
2008-02-14,0.0
2008-02-15,0.052184748301367774
2008-02-16,3.823945637144367
2008-02-17,0.028365675644289715
2008-02-18,0.015390274893584587
2008-02-19,1.2865773030509053
2008-02-20,1.545030760001849
2008-02-21,0.10385874434320956
2008-02-22,0.004421624877016257
2008-02-23,1.1038787338671459
2008-02-24,0.10464237919860887
2008-02-25,2.698306384055231
2008-02-26,1.1183835495537036
2008-02-27,1.6886172748024117
2008-02-28,17.830412998941384
2008-02-29,45.78090279702305
2008-03-01,5.372255495429467
2008-03-02,6.845505897171886
2008-03-03,7.7078144216578774
2008-03-04,5.5702605159943
2008-03-05,0.8553079013675957
2008-03-06,0.0
2008-03-07,0.0
2008-03-08,0.0
2008-03-09,0.0
2008-03-10,0.0
2008-03-11,0.0
2008-03-12,0.0
2008-03-13,0.0
2008-03-14,0.0
2008-03-15,0.0
2008-03-16,0.0
2008-03-17,0.0
2008-03-18,0.043721292832391206
2008-03-19,1.3846039497853673
2008-03-20,3.2678695716442347
2008-03-21,0.0
2008-03-22,0.8241263108802135
2008-03-23,0.0
2008-03-24,0.0027721275306299615
2008-03-25,2.1705752093564648e-07
2008-03-26,0.003757807262461219
2008-03-27,13.30987212353208
2008-03-28,0.247500261404057
2008-03-29,0.0004920433454351103
2008-03-30,0.005821407467353045
2008-03-31,0.9841765246592824
2008-04-01,1.3877691054941417
2008-04-02,1.6970150070018388
2008-04-03,0.0
2008-04-04,0.0
2008-04-05,0.0
2008-04-06,0.0
2008-04-07,0.0
2008-04-08,0.0
2008-04-09,0.0
2008-04-10,2.27129979300128
2008-04-11,2.1325504297990775e-06
2008-04-12,2.500570104461073
2008-04-13,0.009139608467312009
2008-04-14,0.0
2008-04-15,0.0
2008-04-16,0.0
2008-04-17,0.0
2008-04-18,0.0
2008-04-19,0.0
2008-04-20,0.0
2008-04-21,0.01862500681421027
2008-04-22,0.6028468027667951
2008-04-23,0.021429173817278283
2008-04-24,0.0
2008-04-25,2.0436390731835608
2008-04-26,14.753327523301564
2008-04-27,0.6527305761582404
2008-04-28,20.482833350386926
2008-04-29,1.5541295753664741
2008-04-30,0.0
2008-05-01,0.23427043220032984
2008-05-02,22.613068688497044
2008-05-03,0.4755525829066911
2008-05-04,0.35604631847278834
2008-05-05,0.3140997307179503
2008-05-06,0.0
2008-05-07,0.0017202699086309337
2008-05-08,0.1403160687720125
2008-05-09,0.0
2008-05-10,5.77025609600729e-07
2008-05-11,0.03839243134235204
2008-05-12,0.029549595099680064
2008-05-13,0.032549640981163294
2008-05-14,0.34008241451915183
2008-05-15,0.0
2008-05-16,0.0
2008-05-17,0.0
2008-05-18,0.029430780764263698
2008-05-19,1.501640965257968
2008-05-20,7.678595330681294
2008-05-21,4.547933287003777
2008-05-22,1.8895650534152675
2008-05-23,3.9092895277665853
2008-05-24,16.812873856870308
2008-05-25,0.04314774409148345
2008-05-26,0.05915059631595959
2008-05-27,29.514890621360955
2008-05-28,78.81403440544948
2008-05-29,1.8746742481769487
2008-05-30,0.0
2008-05-31,0.0
2008-06-01,0.0
2008-06-02,0.0
2008-06-03,0.5623231127890189
2008-06-04,1.210467190424765
2008-06-05,6.71198596427011
2008-06-06,7.076642238975129e-05
2008-06-07,0.4561057150716703
2008-06-08,15.390298724446582
2008-06-09,6.24036449031318
2008-06-10,1.2122367284355748
2008-06-11,0.0
2008-06-12,0.0
2008-06-13,0.0
2008-06-14,0.0
2008-06-15,0.0
2008-06-16,0.0
2008-06-17,0.0
2008-06-18,0.0
2008-06-19,51.703077183278914
2008-06-20,2.240504174609545
2008-06-21,0.0
2008-06-22,0.0
2008-06-23,0.0
2008-06-24,0.0
2008-06-25,0.0
2008-06-26,5.321278481232337
2008-06-27,0.2272632661904319
2008-06-28,0.16058626630504882
2008-06-29,0.05955567292937759
2008-06-30,0.2780744026422324
2008-07-01,0.000581664972315643
2008-07-02,0.018814156423067073
2008-07-03,0.00015153477105253358
2008-07-04,0.0007533777061518256
2008-07-05,0.0
2008-07-06,0.0
2008-07-07,19.53855527810676
2008-07-08,0.28274122999337564
2008-07-09,0.0
2008-07-10,0.02272960154958474
2008-07-11,0.2467206029452982
2008-07-12,0.0044836967636718164
2008-07-13,0.0044836967636718164
2008-07-14,0.394782349155768
2008-07-15,0.0044836967636718164
2008-07-16,0.0
2008-07-17,0.0
2008-07-18,0.0
2008-07-19,0.09591918468779247
2008-07-20,0.8352218435712898
2008-07-21,41.55761723240129
2008-07-22,22.454455335864587
2008-07-23,0.2981218764748823
2008-07-24,3.581877432050201
2008-07-25,0.0
2008-07-26,0.0
2008-07-27,6.6177203721394875
2008-07-28,0.04299336465227977
2008-07-29,15.394584008753943
2008-07-30,0.7158478278685313
2008-07-31,0.07371051686688582
2008-08-01,0.00020145613173040111
2008-08-02,0.8849873773772522
2008-08-03,0.0668581516410833
2008-08-04,0.0
2008-08-05,1.0148712441243126
2008-08-06,0.0
2008-08-07,0.0
2008-08-08,0.0
2008-08-09,0.0
2008-08-10,0.0
2008-08-11,0.012037545493913991
2008-08-12,63.78981487459517
2008-08-13,0.0
2008-08-14,0.16775815873746036
2008-08-15,1.186079757064708
2008-08-16,0.3204821931839507
2008-08-17,1.1189026757167926
2008-08-18,0.027077111566528745
2008-08-19,0.11866632222807681
2008-08-20,1.749606752187323
2008-08-21,0.05796966175449964
2008-08-22,0.0
2008-08-23,0.004290477827021607
2008-08-24,2.4561557208325624
2008-08-25,0.0018032145597941466
2008-08-26,0.0
2008-08-27,0.0
2008-08-28,21.67232401509078
2008-08-29,3.815418889426175
2008-08-30,0.0
2008-08-31,0.0
2008-09-01,0.0
2008-09-02,0.0
2008-09-03,0.8668895585009324
2008-09-04,1.1583468491788294e-06
2008-09-05,9.00871876860884
2008-09-06,0.0
2008-09-07,0.0
2008-09-08,0.0
2008-09-09,0.0
2008-09-10,0.0
2008-09-11,15.654169943846643
2008-09-12,3.145038204061151
2008-09-13,0.0
2008-09-14,0.3905639304905069
2008-09-15,6.498080112900902
2008-09-16,0.21539367577939736
2008-09-17,0.0035905515256247082
2008-09-18,0.0
2008-09-19,0.0016918311318604251
2008-09-20,1.4267093610183963
2008-09-21,0.0007520594461707013
2008-09-22,0.0004823285902019076
2008-09-23,3.6281287363771586e-05
2008-09-24,0.0
2008-09-25,0.00011661783448711188
2008-09-26,0.13325637240201282
2008-09-27,0.05405776280666553
2008-09-28,0.0
2008-09-29,9.061771427260263
2008-09-30,9.16236379414335
2008-10-01,0.0
2008-10-02,0.0
2008-10-03,0.0
2008-10-04,0.0
2008-10-05,0.0
2008-10-06,0.0
2008-10-07,0.0
2008-10-08,0.0
2008-10-09,0.0
2008-10-10,0.0
2008-10-11,4.637921972351374
2008-10-12,1.9883477491906447
2008-10-13,29.30332049241269
2008-10-14,7.250471451076723
2008-10-15,2.4643683805587795
2008-10-16,0.0
2008-10-17,0.0
2008-10-18,0.0
2008-10-19,0.0
2008-10-20,0.0
2008-10-21,5.710676684232892
2008-10-22,6.405946107590462
2008-10-23,0.07787908415219684
2008-10-24,0.42881457804281076
2008-10-25,18.874917834222863
2008-10-26,16.775628396258448
2008-10-27,0.08269761296838969
2008-10-28,0.0
2008-10-29,0.08866762489285596
2008-10-30,0.0
2008-10-31,0.007249049538578551
2008-11-01,0.021274074031196
2008-11-02,5.077036623064579e-07
2008-11-03,2.234602470675778
2008-11-04,0.001896109243832666
2008-11-05,2.03538009037253e-06
2008-11-06,15.265099274200907
2008-11-07,0.5893426919535087
2008-11-08,0.7331242718682315
2008-11-09,0.3689066814314741
2008-11-10,0.11916951199973405
2008-11-11,0.02417742028189752
2008-11-12,0.0
2008-11-13,0.009191898948452888
2008-11-14,0.0011578971121230443
2008-11-15,1.847217717860715
2008-11-16,3.059053499060096e-07
2008-11-17,0.0
2008-11-18,0.0
2008-11-19,0.0
2008-11-20,0.152768032871945
2008-11-21,0.28880538845307613
2008-11-22,0.28297587626812704
2008-11-23,0.0010167176004974934
2008-11-24,0.0
2008-11-25,0.056138243939172515
2008-11-26,0.438519132646936
2008-11-27,0.5480284538974937
2008-11-28,0.04295384853647521
2008-11-29,1.1793610075825203
2008-11-30,8.447465780522341
2008-12-01,0.0
2008-12-02,0.0
2008-12-03,0.0
2008-12-04,0.0
2008-12-05,0.0
2008-12-06,0.0
2008-12-07,0.0
2008-12-08,0.0
2008-12-09,4.977053493115761
2008-12-10,9.110244034121768
2008-12-11,0.0
2008-12-12,0.0
2008-12-13,0.0
2008-12-14,0.0
2008-12-15,0.0
2008-12-16,0.0
2008-12-17,0.0
2008-12-18,0.0
2008-12-19,0.0
2008-12-20,0.0
2008-12-21,0.14225540698842673
2008-12-22,0.6230696500855276
2008-12-23,1.1508152704228176
2008-12-24,0.9927993275418411
2008-12-25,0.00010738651324516657
2008-12-26,0.0
2008-12-27,0.0
2008-12-28,0.0
2008-12-29,0.0
2008-12-30,0.0
2008-12-31,0.0
2009-01-01,0.014019951399412681
2009-01-02,0.1517494661704654
2009-01-03,1.0419132339974853
2009-01-04,0.0
2009-01-05,0.0
2009-01-06,0.0
2009-01-07,0.008749009494929924
2009-01-08,0.049763944611966926
2009-01-09,1.2523753836297814e-05
2009-01-10,0.1648664968165577
2009-01-11,0.543379430072737
2009-01-12,0.00036944308376291154
2009-01-13,31.177480237553254
2009-01-14,0.21860370528759993
2009-01-15,0.03121898977740333
2009-01-16,0.0
2009-01-17,0.0
2009-01-18,0.0
2009-01-19,0.0
2009-01-20,0.0
2009-01-21,0.0
2009-01-22,0.0
2009-01-23,0.0
2009-01-24,0.0
2009-01-25,5.241265942515652
2009-01-26,0.7023796723978911
2009-01-27,0.2680378934613626
2009-01-28,10.42716397214329
2009-01-29,22.262090811392838
2009-01-30,10.395976099425518
2009-01-31,2.5508677789021874
2009-02-01,0.022076082567259816
2009-02-02,0.1062964570629826
2009-02-03,8.52357980382004
2009-02-04,0.5567081782306773
2009-02-05,0.0
2009-02-06,3.818134835924245
2009-02-07,0.0
2009-02-08,0.22337601785581143
2009-02-09,0.0
2009-02-10,1.9413284935048938
2009-02-11,19.111385083445
2009-02-12,0.0
2009-02-13,0.0
2009-02-14,0.0
2009-02-15,0.010816193375069252
2009-02-16,5.8730737539521245
2009-02-17,4.5627996406733855
2009-02-18,0.5435605140632985
2009-02-19,10.60437291866755
2009-02-20,13.10008115343253
2009-02-21,8.185207581564244
2009-02-22,16.274330619000715
2009-02-23,2.156035855695744
2009-02-24,1.3449931384543826e-07
2009-02-25,0.027601777643495737
2009-02-26,0.9431632390605306
2009-02-27,0.6393911459640472
2009-02-28,0.005917859316326965
2009-03-01,1.531226311663502
2009-03-02,1.9356756512757518
2009-03-03,0.3544125833654568
2009-03-04,16.847390065786833
2009-03-05,1.4952107965517172
2009-03-06,0.0
2009-03-07,0.0
2009-03-08,0.0
2009-03-09,0.0
2009-03-10,0.0
2009-03-11,21.075266956448267
2009-03-12,7.0204793975084465
2009-03-13,0.04741205730994159
2009-03-14,0.010345199613162883
2009-03-15,1.9511399899767172
2009-03-16,0.0
2009-03-17,22.14827335334068
2009-03-18,0.0
2009-03-19,0.164218640882243
2009-03-20,1.76224262719768
2009-03-21,0.05546808589913097
2009-03-22,0.05468881666001134
2009-03-23,0.12123918540047558
2009-03-24,0.2112747897263589
2009-03-25,0.0014971744910696264
2009-03-26,0.014602025776118865
2009-03-27,0.459825283898094
2009-03-28,0.0
2009-03-29,0.0
2009-03-30,0.0
2009-03-31,0.01589002418089368
2009-04-01,0.0002353788630842203
2009-04-02,0.0
2009-04-03,0.0902840054615252
2009-04-04,6.317819136511165
2009-04-05,0.062044097145246065
2009-04-06,0.0
2009-04-07,0.0
2009-04-08,0.5637737174841263
2009-04-09,0.3264020060213367
2009-04-10,0.0
2009-04-11,0.0
2009-04-12,0.0
2009-04-13,0.0
2009-04-14,0.00027730433509731673
2009-04-15,0.0
2009-04-16,0.0
2009-04-17,0.0
2009-04-18,0.37626475163464507
2009-04-19,0.019048305693358254
2009-04-20,0.0
2009-04-21,0.0
2009-04-22,9.473323185808463e-07
2009-04-23,0.008641729651781865
2009-04-24,0.0023107689946867877
2009-04-25,0.24425504249635793
2009-04-26,0.0
2009-04-27,0.0
2009-04-28,0.0
2009-04-29,0.0
2009-04-30,0.0
2009-05-01,0.0
2009-05-02,0.0
2009-05-03,0.0
2009-05-04,0.0
2009-05-05,0.0
2009-05-06,0.06640379271869407
2009-05-07,0.06627085765580006
2009-05-08,0.06627085765580006
2009-05-09,0.06627085765580006
2009-05-10,0.06627085765580006
2009-05-11,7.26015033761447
2009-05-12,38.08581030666667
2009-05-13,14.914054677517932
2009-05-14,2.263294365501366
2009-05-15,0.0003580297386303082
2009-05-16,0.0
2009-05-17,0.0
2009-05-18,0.07601509259615055
2009-05-19,0.0002467934486299585
2009-05-20,0.0034085705601121456
2009-05-21,0.0
2009-05-22,0.0
2009-05-23,0.0
2009-05-24,0.0
2009-05-25,0.0
2009-05-26,0.3098391777757306
2009-05-27,0.11131807217923262
2009-05-28,0.0
2009-05-29,0.0
2009-05-30,33.67676373155898
2009-05-31,7.620316099578114
2009-06-01,0.0
2009-06-02,0.0
2009-06-03,0.0
2009-06-04,0.0
2009-06-05,0.0
2009-06-06,0.0
2009-06-07,0.0
2009-06-08,0.0
2009-06-09,0.0
2009-06-10,0.0
2009-06-11,0.5271093327666794
2009-06-12,0.0
2009-06-13,0.009198823433434691
2009-06-14,0.0
2009-06-15,4.069514018280563
2009-06-16,2.373265868695587
2009-06-17,0.029636703974159545
2009-06-18,0.07662570407201852
2009-06-19,0.0008215938746398564
2009-06-20,2.1205966773777125
2009-06-21,29.302836593366187
2009-06-22,17.157793098270094
2009-06-23,7.321615177344603
2009-06-24,0.0
2009-06-25,0.0
2009-06-26,0.0
2009-06-27,0.001170099200571785
2009-06-28,0.0020800723239827955
2009-06-29,29.238481736824916
2009-06-30,0.002691391266704811
2009-07-01,0.6023583757470058
2009-07-02,0.0
2009-07-03,0.0
2009-07-04,0.0
2009-07-05,3.5668877596500224
2009-07-06,22.324560469467364
2009-07-07,1.7256731956246198
2009-07-08,5.7781927863883045
2009-07-09,0.0
2009-07-10,0.2907013761030746
2009-07-11,0.14513551796422794
2009-07-12,0.003596619054380818
2009-07-13,0.0
2009-07-14,0.0016268815294549874
2009-07-15,12.805418021345382
2009-07-16,0.03292327065668783
2009-07-17,0.08949481188475421
2009-07-18,0.15027694749534878
2009-07-19,0.2843030250184929
2009-07-20,0.013625750604052151
2009-07-21,16.803607568757716
2009-07-22,7.206685275279537
2009-07-23,0.0
2009-07-24,0.0
2009-07-25,0.0
2009-07-26,0.01901039562691459
2009-07-27,0.01901039562691459
2009-07-28,0.01901039562691459
2009-07-29,0.6266994717859353
2009-07-30,0.01901039562691459
2009-07-31,0.01901039562691459
2009-08-01,0.008078427901801796
2009-08-02,24.669622585073856
2009-08-03,0.003086828858660377
2009-08-04,0.0011218490734454343
2009-08-05,17.501339171759135
2009-08-06,9.691114748544717
2009-08-07,0.0
2009-08-08,4.693993139057811
2009-08-09,0.7940190172960551
2009-08-10,0.3421416141763492
2009-08-11,0.11949167887185162
2009-08-12,0.11949167887185162
2009-08-13,0.11949167887185162
2009-08-14,0.11949167887185162
2009-08-15,0.11949167887185162
2009-08-16,8.474538451841006
2009-08-17,5.769770962191902
2009-08-18,0.0
2009-08-19,17.579259742463805
2009-08-20,9.533540268303893
2009-08-21,0.0
2009-08-22,0.0
2009-08-23,0.0
2009-08-24,0.0
2009-08-25,0.0
2009-08-26,0.0
2009-08-27,0.0
2009-08-28,0.0
2009-08-29,0.0
2009-08-30,0.0
2009-08-31,0.06023481332741523
2009-09-01,39.973745744729285
2009-09-02,24.521393720459407
2009-09-03,9.2446942169
2009-09-04,7.196185846423905
2009-09-05,0.514060048819661
2009-09-06,0.0
2009-09-07,14.632433080305354
2009-09-08,1.1885393883248883
2009-09-09,0.0
2009-09-10,1.4797284583007322e-06
2009-09-11,0.008965480717449367
2009-09-12,0.2322380110751562
2009-09-13,0.0002869124823839792
2009-09-14,0.0010142826800922516
2009-09-15,1.3091346360550923e-05
2009-09-16,0.05265278294181308
2009-09-17,25.39137155332753
2009-09-18,22.643430119563288
2009-09-19,0.36274704157927185
2009-09-20,0.00041440841537690676
2009-09-21,0.0
2009-09-22,0.0
2009-09-23,0.0
2009-09-24,0.0
2009-09-25,0.0
2009-09-26,0.0
2009-09-27,0.0
2009-09-28,0.0
2009-09-29,0.0
2009-09-30,0.0
2009-10-01,12.508807908056898
2009-10-02,0.018620430621549555
2009-10-03,0.0
2009-10-04,0.005933993594723814
2009-10-05,7.2917673137415795
2009-10-06,29.148710055656544
2009-10-07,0.013739268772947998
2009-10-08,0.0
2009-10-09,0.0
2009-10-10,0.007998749023740767
2009-10-11,31.104909408391418
2009-10-12,0.0
2009-10-13,0.0
2009-10-14,0.37921619692402914
2009-10-15,0.018138187491112158
2009-10-16,0.0
2009-10-17,0.0
2009-10-18,0.0
2009-10-19,0.0
2009-10-20,0.0
2009-10-21,0.6165036156715523
2009-10-22,0.12981361998349802
2009-10-23,0.0
2009-10-24,20.887103306901967
2009-10-25,0.07622075342238213
2009-10-26,0.0
2009-10-27,0.0
2009-10-28,1.740310462048961
2009-10-29,2.955783186852664
2009-10-30,0.0008943415093797411
2009-10-31,6.137061385029874
2009-11-01,0.0008865941216962154
2009-11-02,0.0016347003115082393
2009-11-03,50.87302805606272
2009-11-04,28.4472767459854
2009-11-05,38.42376669512297
2009-11-06,13.607578319801675
2009-11-07,5.263033170276223
2009-11-08,0.11702792325140214
2009-11-09,4.085421646066765e-06
2009-11-10,0.11980908143238751
2009-11-11,1.3174369070771572
2009-11-12,1.8546187351054668
2009-11-13,12.159807697219481
2009-11-14,44.20747501622762
2009-11-15,3.66949131886826
2009-11-16,0.0
2009-11-17,0.5906695472709601
2009-11-18,75.32829232307418
2009-11-19,41.39378988206863
2009-11-20,0.2773152659383203
2009-11-21,20.46145498381075
2009-11-22,17.73288746955608
2009-11-23,14.71300834494159
2009-11-24,0.28248394596837817
2009-11-25,1.3115842553311523
2009-11-26,41.602318098329405
2009-11-27,0.5914854876540885
2009-11-28,19.335967423400064
2009-11-29,2.3416242544356867
2009-11-30,17.368442572139475
2009-12-01,0.0
2009-12-02,26.509685693914307
2009-12-03,0.003641035972558586
2009-12-04,0.00038092823584395016
2009-12-05,0.0461574012000641
2009-12-06,0.0
2009-12-07,0.0
2009-12-08,0.0
2009-12-09,0.0
2009-12-10,0.0
2009-12-11,24.72610309892755
2009-12-12,6.597911195836833
2009-12-13,0.01006132009895985
2009-12-14,0.01910242788466546
2009-12-15,0.008305347061125847
2009-12-16,0.7462290745448614
2009-12-17,3.1267381609461954e-07
2009-12-18,0.032310142921355915
2009-12-19,0.5538293215567035
2009-12-20,13.593249956594756
2009-12-21,23.64696609389832
2009-12-22,0.15939367322556314
2009-12-23,4.505648970423627
2009-12-24,0.9616354325022164
2009-12-25,0.8558731920654262
2009-12-26,21.809085604579145
2009-12-27,6.442797140874971
2009-12-28,0.48607880800649383
2009-12-29,0.0081832090917252
2009-12-30,13.201207331921122
2009-12-31,0.08077462974565204
2010-01-01,0.0
2010-01-02,2.366178613734525e-06
2010-01-03,0.0
2010-01-04,10.887947105814062
2010-01-05,8.858732833482424
2010-01-06,4.600089558974075
2010-01-07,0.030861320699481765
2010-01-08,0.41308188243216676
2010-01-09,2.750718182154152
2010-01-10,12.037432496954604
2010-01-11,3.2231362437161657
2010-01-12,15.684547082925079
2010-01-13,0.002224943730815419
2010-01-14,0.0
2010-01-15,0.0
2010-01-16,4.941622790388884
2010-01-17,0.003579149112715784
2010-01-18,0.31997820533694266
2010-01-19,32.40147481570289
2010-01-20,0.01030276790087764
2010-01-21,0.0
2010-01-22,0.0
2010-01-23,0.0
2010-01-24,0.0
2010-01-25,0.0
2010-01-26,0.22638220461739522
2010-01-27,0.2345337751905202
2010-01-28,1.2237946345034656
2010-01-29,0.6668132500337984
2010-01-30,0.19382640804176263
2010-01-31,12.119899291766757
2010-02-01,7.065508322714351
2010-02-02,9.804421597393933
2010-02-03,18.571139571518113
2010-02-04,82.79102703922057
2010-02-05,20.486085944123715
2010-02-06,21.814532361154548
2010-02-07,1.554775422739924
2010-02-08,115.95694693278848
2010-02-09,0.0
2010-02-10,0.0
2010-02-11,0.14924895766981375
2010-02-12,0.4150680494347339
2010-02-13,4.018556263170225
2010-02-14,51.25967252607097
2010-02-15,15.404029792040163
2010-02-16,84.607700094387
2010-02-17,0.6284615327416595
2010-02-18,0.6219083973467374
2010-02-19,0.013191575308435588
2010-02-20,3.832072006414668
2010-02-21,19.296406262961348
2010-02-22,21.65402563262879
2010-02-23,8.983519778349544
2010-02-24,1.6747161455457416e-05
2010-02-25,0.0
2010-02-26,0.0
2010-02-27,0.32927783366297486
2010-02-28,0.006217123005334487
2010-03-01,0.05509733948704156
2010-03-02,0.047207073291467234
2010-03-03,1.365885446636652
2010-03-04,3.030782904020645
2010-03-05,1.932304910638901
2010-03-06,0.0
2010-03-07,0.0
2010-03-08,0.0
2010-03-09,0.0
2010-03-10,0.0
2010-03-11,0.08814930490014829
2010-03-12,0.2809714530388355
2010-03-13,1.283538163102937
2010-03-14,1.3013974692435635
2010-03-15,0.15472498832241302
2010-03-16,0.0
2010-03-17,0.0
2010-03-18,0.008700770437728825
2010-03-19,10.945895933271435
2010-03-20,6.2635494158811085
2010-03-21,7.704351503327807
2010-03-22,21.815400908636796
2010-03-23,0.0
2010-03-24,0.0
2010-03-25,0.0004949114988150512
2010-03-26,0.0
2010-03-27,0.0
2010-03-28,0.0
2010-03-29,0.0
2010-03-30,0.0
2010-03-31,0.0
2010-04-01,0.341449395389668
2010-04-02,2.1408940755232586
2010-04-03,6.708165328516885
2010-04-04,0.04814809011684109
2010-04-05,0.14165760742926312
2010-04-06,0.021543391228285642
2010-04-07,0.020885958549384125
2010-04-08,0.3096118224332891
2010-04-09,0.5031969331769475
2010-04-10,0.020885958549384125
2010-04-11,0.0
2010-04-12,0.0004586271413194669
2010-04-13,0.0
2010-04-14,2.2136667520528195
2010-04-15,2.837718770637761
2010-04-16,0.0006222471489046838
2010-04-17,0.0
2010-04-18,0.03290629591162515
2010-04-19,8.73360571552333
2010-04-20,11.670038015655335
2010-04-21,5.539375278502623
2010-04-22,0.13926863504091583
2010-04-23,0.0
2010-04-24,0.16856673803724367
2010-04-25,0.7886176179725859
2010-04-26,0.0
2010-04-27,0.0
2010-04-28,0.0
2010-04-29,0.0
2010-04-30,0.0
2010-05-01,0.0
2010-05-02,0.0
2010-05-03,3.2468443435549723
2010-05-04,23.097807544963626
2010-05-05,0.05653732027388841
2010-05-06,0.13470862135839617
2010-05-07,0.03536422582628253
2010-05-08,0.0
2010-05-09,0.007992628260210868
2010-05-10,3.0866200909982644
2010-05-11,1.901911684500608
2010-05-12,0.0535260236453945
2010-05-13,0.022020995677490916
2010-05-14,0.0
2010-05-15,0.36688303105770503
2010-05-16,1.6305383365082917
2010-05-17,4.025676303604184
2010-05-18,23.201334724391803
2010-05-19,4.250846518035442
2010-05-20,2.9585084052742205
2010-05-21,0.32331718893418765
2010-05-22,0.05818100493176881
2010-05-23,0.2048903699501764
2010-05-24,19.347034726380873
2010-05-25,2.9443851040423943
2010-05-26,0.0001725044358027216
2010-05-27,0.6535119922458569
2010-05-28,0.6307866269278936
2010-05-29,14.30234246632946
2010-05-30,8.296215983439119
2010-05-31,0.015738280679340702
2010-06-01,0.0
2010-06-02,0.0
2010-06-03,0.0
2010-06-04,0.0
2010-06-05,0.0
2010-06-06,0.0
2010-06-07,0.0
2010-06-08,0.0
2010-06-09,0.0
2010-06-10,0.0
2010-06-11,0.0006524329432716843
2010-06-12,6.755987510684501
2010-06-13,10.24335122810416
2010-06-14,3.6633434664448274
2010-06-15,1.11206519644635
2010-06-16,19.555911938522005
2010-06-17,6.9398675677137405
2010-06-18,22.96653665177764
2010-06-19,5.581327049372841
2010-06-20,0.0
2010-06-21,0.0
2010-06-22,0.0
2010-06-23,0.0
2010-06-24,1.3897596039150457
2010-06-25,0.026146729737720042
2010-06-26,0.23320576684938946
2010-06-27,0.45350714349282656
2010-06-28,0.001951897505487689
2010-06-29,0.0013389267509441819
2010-06-30,0.020314559028523263
2010-07-01,0.0
2010-07-02,0.0
2010-07-03,0.0
2010-07-04,0.0
2010-07-05,0.0
2010-07-06,0.11641385454219043
2010-07-07,1.6627252574541942
2010-07-08,0.0012384273481207907
2010-07-09,0.0
2010-07-10,2.8423352751251615e-05
2010-07-11,31.980140746310898
2010-07-12,38.72037826754834
2010-07-13,0.0
2010-07-14,0.024666519282054995
2010-07-15,0.0069563100789796104
2010-07-16,0.0
2010-07-17,3.3178804584226342
2010-07-18,52.38076217305445
2010-07-19,34.768157314412996
2010-07-20,3.447881654976667
2010-07-21,11.423882045041069
2010-07-22,0.0005270610031058766
2010-07-23,0.0017147061256153082
2010-07-24,4.5751883317819155
2010-07-25,42.530750193797715
2010-07-26,0.3064277087018808
2010-07-27,0.0
2010-07-28,1.0781004222156554
2010-07-29,0.0014718514360015707
2010-07-30,2.003635925007592
2010-07-31,31.990625724352622
2010-08-01,0.0
2010-08-02,0.0
2010-08-03,0.0
2010-08-04,0.0
2010-08-05,0.0
2010-08-06,0.0
2010-08-07,0.0
2010-08-08,0.0
2010-08-09,0.0
2010-08-10,0.0
2010-08-11,0.0
2010-08-12,8.394708035082465
2010-08-13,6.427433631311859
2010-08-14,0.23134958951053422
2010-08-15,0.008360634512904384
2010-08-16,0.0
2010-08-17,0.0
2010-08-18,0.0
2010-08-19,0.027830612814080866
2010-08-20,0.0
2010-08-21,0.0
2010-08-22,0.001127178313486974
2010-08-23,0.0
2010-08-24,0.05761883283902076
2010-08-25,3.562150796764631
2010-08-26,0.5227093395792852
2010-08-27,0.3746732950173583
2010-08-28,0.020271406162932142
2010-08-29,0.8589080312934655
2010-08-30,14.730949620252655
2010-08-31,17.030739389363127
2010-09-01,14.849428742456995
2010-09-02,5.642624985953105
2010-09-03,19.359606339246483
2010-09-04,0.15222139049820363
2010-09-05,0.0024593295689478126
2010-09-06,0.0
2010-09-07,0.0
2010-09-08,0.0
2010-09-09,0.0
2010-09-10,0.0
2010-09-11,18.624540736061444
2010-09-12,6.1096842095540715
2010-09-13,31.103087302921097
2010-09-14,6.2925859859560775
2010-09-15,0.0009710634869597513
2010-09-16,0.0
2010-09-17,0.0
2010-09-18,0.0
2010-09-19,0.0
2010-09-20,0.35774545198391167
2010-09-21,0.2665774299722571
2010-09-22,0.3379581431928346
2010-09-23,0.01510650568193616
2010-09-24,0.006203616576023057
2010-09-25,0.007878636076843654
2010-09-26,0.0
2010-09-27,0.0
2010-09-28,0.0
2010-09-29,0.0
2010-09-30,0.0
2010-10-01,0.0
2010-10-02,0.0
2010-10-03,0.0
2010-10-04,0.0
2010-10-05,0.0
2010-10-06,0.0
2010-10-07,13.580115627271123
2010-10-08,0.5333546336199927
2010-10-09,0.4075053752370306
2010-10-10,0.0
2010-10-11,0.0
2010-10-12,0.0
2010-10-13,0.0
2010-10-14,0.7791025640686943
2010-10-15,0.11850177662276863
2010-10-16,0.0
2010-10-17,0.0
2010-10-18,0.0
2010-10-19,0.0
2010-10-20,0.0
2010-10-21,0.0
2010-10-22,0.0
2010-10-23,0.0
2010-10-24,0.0
2010-10-25,0.0
2010-10-26,0.0
2010-10-27,0.004844565818946581
2010-10-28,0.17206063471370678
2010-10-29,1.5272631773282215
2010-10-30,2.1541464353890567
2010-10-31,0.0
2010-11-01,0.0
2010-11-02,0.00415777882174066
2010-11-03,0.0
2010-11-04,0.5610435996980838
2010-11-05,17.346965108084134
2010-11-06,0.00796206625722986
2010-11-07,0.0
2010-11-08,0.0
2010-11-09,30.59861978367541
2010-11-10,0.14506134065051654
2010-11-11,0.0
2010-11-12,0.0
2010-11-13,5.200206174773834e-05
2010-11-14,0.02825305767998476
2010-11-15,0.539208483395372
2010-11-16,0.5879423904161721
2010-11-17,0.09068491667696572
2010-11-18,0.0
2010-11-19,0.0
2010-11-20,0.17259665185637676
2010-11-21,0.0
2010-11-22,0.12323542972722179
2010-11-23,3.091259239370078
2010-11-24,4.502238494738867
2010-11-25,0.058622449650594426
2010-11-26,1.657898345690727e-05
2010-11-27,1.653021033995068e-05
2010-11-28,0.04182010633360691
2010-11-29,4.3181881748075954e-05
2010-11-30,0.0
2010-12-01,0.0
2010-12-02,0.0
2010-12-03,0.0
2010-12-04,0.0
2010-12-05,0.0
2010-12-06,0.0
2010-12-07,0.0
2010-12-08,0.0
2010-12-09,0.0
2010-12-10,0.0
2010-12-11,2.6886790553446915
2010-12-12,16.08744988567726
2010-12-13,0.09284002125307406
2010-12-14,0.0
2010-12-15,0.0
2010-12-16,0.0
2010-12-17,0.015291537481800723
2010-12-18,0.10553111547137868
2010-12-19,0.5515820381649867
2010-12-20,1.4598428079381474
2010-12-21,0.0
2010-12-22,0.0
2010-12-23,0.00023174826628074313
2010-12-24,7.665906509771155
2010-12-25,0.704062194327452
2010-12-26,0.0
2010-12-27,0.0
2010-12-28,0.0
2010-12-29,0.0
2010-12-30,0.0
2010-12-31,0.0
2011-01-01,0.2727095782720065
2011-01-02,1.260118833532097
2011-01-03,0.5651769881916688
2011-01-04,0.7876081430804934
2011-01-05,1.4360545345627937
2011-01-06,0.0233763890794863
2011-01-07,0.0
2011-01-08,0.39658210261274685
2011-01-09,0.0011759463549570164
2011-01-10,0.0028270213392091875
2011-01-11,2.5340907909246435
2011-01-12,8.111071339913973
2011-01-13,0.136248128941761
2011-01-14,0.24442164249922138
2011-01-15,0.0005446684358523261
2011-01-16,0.5442381877722549
2011-01-17,9.062717822857184
2011-01-18,0.0
2011-01-19,0.01914397124301769
2011-01-20,1.3655813243838368
2011-01-21,0.0
2011-01-22,0.0
2011-01-23,0.0
2011-01-24,0.0
2011-01-25,0.0
2011-01-26,11.139860605184781
2011-01-27,6.385823454936276
2011-01-28,1.41122733338934
2011-01-29,0.49116069042341676
2011-01-30,0.0120419294209384
2011-01-31,5.4675855569995155
2011-02-01,9.176773631608922
2011-02-02,0.0
2011-02-03,0.06740700412564621
2011-02-04,2.4729014762379866
2011-02-05,0.01651817359347798
2011-02-06,0.013842724061679813
2011-02-07,0.0
2011-02-08,18.030870540523168
2011-02-09,5.519326498720076
2011-02-10,0.23266821108153873
2011-02-11,0.7528231590477036
2011-02-12,0.31193757350540124
2011-02-13,0.7188266911460638
2011-02-14,0.00406510460163681
2011-02-15,0.0
2011-02-16,0.0
2011-02-17,0.45138117039663195
2011-02-18,0.008621026378586116
2011-02-19,0.2357648121424549
2011-02-20,0.7416609584530511
2011-02-21,0.39878902713278425
2011-02-22,0.8759305239923434
2011-02-23,18.101583626979572
2011-02-24,2.1015139655716255
2011-02-25,0.5068743297846994
2011-02-26,0.3388796847490027
2011-02-27,0.0
2011-02-28,0.0
2011-03-01,0.07338367005672132
2011-03-02,0.0
2011-03-03,0.0
2011-03-04,0.0
2011-03-05,0.6300299093103146
2011-03-06,0.0
2011-03-07,0.0
2011-03-08,0.0
2011-03-09,0.0
2011-03-10,0.0
2011-03-11,2.98809271530999
2011-03-12,0.3311737220896333
2011-03-13,0.20405994354433168
2011-03-14,0.0
2011-03-15,0.0
2011-03-16,6.547317854426604e-08
2011-03-17,5.80883502451093
2011-03-18,0.11721562742336689
2011-03-19,0.0
2011-03-20,0.0
2011-03-21,0.0
2011-03-22,0.05227870805180601
2011-03-23,11.131251757010952
2011-03-24,21.151829395359865
2011-03-25,34.68839839334594
2011-03-26,0.8711402259885647
2011-03-27,0.04792897496570755
2011-03-28,0.5219639294099405
2011-03-29,0.0
2011-03-30,0.0030317639854944758
2011-03-31,0.021468790364415007
2011-04-01,1.0195147610123283
2011-04-02,0.02943459008546359
2011-04-03,0.04068724888407943
2011-04-04,1.3345681459942467
2011-04-05,5.319525685196568e-07
2011-04-06,0.0
2011-04-07,0.0
2011-04-08,1.0120712691783202
2011-04-09,0.0004494926403404394
2011-04-10,0.00016395488484477916
2011-04-11,0.0041614388883956435
2011-04-12,0.0025305778751391443
2011-04-13,0.004120019276333359
2011-04-14,0.36275699667203815
2011-04-15,2.2412625358030662
2011-04-16,7.392994021544467
2011-04-17,23.57236697672906
2011-04-18,0.0
2011-04-19,0.0
2011-04-20,21.621259131369694
2011-04-21,0.9087459473357794
2011-04-22,11.884009803477994
2011-04-23,5.970285006990818
2011-04-24,0.0
2011-04-25,0.0
2011-04-26,0.0
2011-04-27,0.0
2011-04-28,0.0
2011-04-29,0.0006812099197152919
2011-04-30,0.12492013012446448
2011-05-01,0.0
2011-05-02,0.0
2011-05-03,0.0
2011-05-04,0.0
2011-05-05,0.0
2011-05-06,0.002283340000843065
2011-05-07,0.0
2011-05-08,0.005725786783901276
2011-05-09,0.0
2011-05-10,0.6680493691119389
2011-05-11,1.9815975622112083
2011-05-12,0.07517204080725846
2011-05-13,0.031513615169681874
2011-05-14,3.816621541396699
2011-05-15,0.9812417001625231
2011-05-16,0.006253935487459389
2011-05-17,0.2784864261240164
2011-05-18,0.0
2011-05-19,0.0
2011-05-20,0.0
2011-05-21,0.0
2011-05-22,3.904764017109458
2011-05-23,1.2162869096684703
2011-05-24,19.352507372456646
2011-05-25,56.3012798723468
2011-05-26,0.0
2011-05-27,0.0
2011-05-28,0.0
2011-05-29,0.0
2011-05-30,0.0
2011-05-31,0.0
2011-06-01,0.0
2011-06-02,0.0
2011-06-03,0.0
2011-06-04,0.0
2011-06-05,0.0
2011-06-06,3.036280546365312
2011-06-07,17.099594874105833
2011-06-08,0.030642593282922678
2011-06-09,0.0
2011-06-10,0.18485422528672718
2011-06-11,0.0
2011-06-12,0.31824749056751345
2011-06-13,0.002171945061763472
2011-06-14,0.0
2011-06-15,1.644995957586126e-08
2011-06-16,0.1369311621761431
2011-06-17,23.978837177887478
2011-06-18,1.3507956532579641
2011-06-19,31.85639896315975
2011-06-20,12.686596277584266
2011-06-21,1.3229995318389411
2011-06-22,0.4582778931110851
2011-06-23,16.949872198105776
2011-06-24,0.04845147565977158
2011-06-25,0.0356790588988216
2011-06-26,2.1287777278203954
2011-06-27,4.8790317333947584e-05
2011-06-28,0.0
2011-06-29,0.2797851517561521
2011-06-30,1.0190555742276945
2011-07-01,0.0
2011-07-02,0.0
2011-07-03,0.0
2011-07-04,0.0
2011-07-05,0.0
2011-07-06,0.0
2011-07-07,0.0
2011-07-08,0.0
2011-07-09,0.0
2011-07-10,4.2628453220287374
2011-07-11,0.010082077434610053
2011-07-12,0.0004729057514350089
2011-07-13,0.0598082051933399
2011-07-14,11.63949147639688
2011-07-15,10.40340875077078
2011-07-16,18.401799194009424
2011-07-17,0.006836021461590725
2011-07-18,1.219371129978071
2011-07-19,0.6881129367696597
2011-07-20,0.0004628689078923354
2011-07-21,0.7847520844712291
2011-07-22,0.6592233506764456
2011-07-23,0.0
2011-07-24,0.0
2011-07-25,0.0
2011-07-26,7.680410912684742
2011-07-27,2.866168164129754
2011-07-28,36.308584889363324
2011-07-29,0.8781172250160456
2011-07-30,0.020957418485455553
2011-07-31,0.01797813349038445
2011-08-01,10.771811503776414
2011-08-02,24.296453812761662
2011-08-03,1.297096510839801
2011-08-04,0.0
2011-08-05,0.0
2011-08-06,0.0
2011-08-07,0.08387242251779707
2011-08-08,4.158080825213551
2011-08-09,0.6071775781026714
2011-08-10,0.009960156338189424
2011-08-11,0.0
2011-08-12,0.0
2011-08-13,0.0
2011-08-14,0.0
2011-08-15,0.0
2011-08-16,11.702351999086645
2011-08-17,0.07238140410148206
2011-08-18,7.719509813762085
2011-08-19,1.1180313169396954
2011-08-20,0.017453238747459833
2011-08-21,0.0
2011-08-22,0.0
2011-08-23,0.0
2011-08-24,0.0
2011-08-25,0.0
2011-08-26,0.0030205287543253745
2011-08-27,14.016231306499774
2011-08-28,9.203444054872449
2011-08-29,0.027039433245410617
2011-08-30,0.01169200646900765
2011-08-31,0.0
2011-09-01,0.0
2011-09-02,0.0
2011-09-03,0.0
2011-09-04,7.784767587310969
2011-09-05,5.664597996855495
2011-09-06,0.0
2011-09-07,0.0
2011-09-08,0.0
2011-09-09,0.0
2011-09-10,0.0
2011-09-11,0.06555261420862894
2011-09-12,0.0042196086772665386
2011-09-13,0.0042196086772665386
2011-09-14,0.0042196086772665386
2011-09-15,0.0042196086772665386
2011-09-16,0.00836294910187938
2011-09-17,49.08693195267636
2011-09-18,0.31105914720230016
2011-09-19,0.9374394089791328
2011-09-20,0.7649675210870637
2011-09-21,0.0
2011-09-22,0.0
2011-09-23,0.23174796106482864
2011-09-24,0.00024890396607079717
2011-09-25,0.0004606132501412433
2011-09-26,0.21998214713684233
2011-09-27,0.00901608163006834
2011-09-28,0.0009154010380708607
2011-09-29,0.5112073900025136
2011-09-30,19.5808687461244
2011-10-01,28.78052096666444
2011-10-02,0.5535234881467748
2011-10-03,0.01017187761201687
2011-10-04,1.2118148632048142
2011-10-05,4.3846123788189635
2011-10-06,0.11567384450444344
2011-10-07,30.838207837484713
2011-10-08,23.56963070471816
2011-10-09,3.555836162811274
2011-10-10,0.02251009542220497
2011-10-11,0.32387388782469634
2011-10-12,1.9227683492902556
2011-10-13,10.299888707073356
2011-10-14,0.7741267085476106
2011-10-15,3.93069934279723e-07
2011-10-16,0.0
2011-10-17,0.0
2011-10-18,0.0
2011-10-19,0.0
2011-10-20,0.0
2011-10-21,0.05205967834148495
2011-10-22,3.0778197347697747
2011-10-23,6.465166660653433
2011-10-24,20.095165748425586
2011-10-25,3.0109945702166505
2011-10-26,0.0
2011-10-27,0.0
2011-10-28,0.0
2011-10-29,0.0
2011-10-30,0.0
2011-10-31,0.0
2011-11-01,0.0
2011-11-02,0.0
2011-11-03,0.0
2011-11-04,0.0
2011-11-05,3.909274858781114
2011-11-06,0.5668318114753139
2011-11-07,0.0005250689090617046
2011-11-08,0.0
2011-11-09,14.594111442561426
2011-11-10,18.806775745024186
2011-11-11,0.02165317256886128
2011-11-12,0.02165317256886128
2011-11-13,0.02165317256886128
2011-11-14,0.23105045599126037
2011-11-15,0.02165317256886128
2011-11-16,0.002293085335134681
2011-11-17,0.14429726761234293
2011-11-18,0.0
2011-11-19,0.017931804280000095
2011-11-20,11.157824197926956
2011-11-21,0.5579013562361619
2011-11-22,1.1254847743163794
2011-11-23,0.00031295261981032136
2011-11-24,8.445954014792369e-09
2011-11-25,0.0
2011-11-26,0.017758336297398786
2011-11-27,0.0003795882821952902
2011-11-28,0.04714421587399954
2011-11-29,0.12763050968928957
2011-11-30,2.3299580061262524
2011-12-01,0.0
2011-12-02,0.0
2011-12-03,0.0
2011-12-04,0.00010905240239833439
2011-12-05,0.013333874951011362
2011-12-06,0.5572406340332677
2011-12-07,0.001363051824777866
2011-12-08,1.7550093802067706e-05
2011-12-09,0.0006706366966963632
2011-12-10,0.002351994242830637
2011-12-11,0.0
2011-12-12,0.0
2011-12-13,0.0
2011-12-14,0.0
2011-12-15,0.0
2011-12-16,0.5833853446090482
2011-12-17,0.4834109178287004
2011-12-18,0.04454335530100368
2011-12-19,0.0
2011-12-20,0.0
2011-12-21,0.0
2011-12-22,1.8310386368841947
2011-12-23,27.13697741471057
2011-12-24,3.3092783251319062
2011-12-25,0.0
2011-12-26,0.0
2011-12-27,0.0
2011-12-28,0.0
2011-12-29,0.0
2011-12-30,0.0
2011-12-31,0.0
2012-01-01,0.0
2012-01-02,0.0
2012-01-03,0.0
2012-01-04,0.0
2012-01-05,0.0
2012-01-06,0.0
2012-01-07,0.0
2012-01-08,0.0
2012-01-09,0.0
2012-01-10,0.0
2012-01-11,0.10937461309476182
2012-01-12,1.3662033197955585
2012-01-13,0.00048632366682339065
2012-01-14,0.0029063975456720768
2012-01-15,2.3296016081502675e-05
2012-01-16,0.0
2012-01-17,0.0
2012-01-18,0.0
2012-01-19,0.0
2012-01-20,0.0
2012-01-21,0.4280417915166465
2012-01-22,1.5511901057371502
2012-01-23,12.43384775643897
2012-01-24,2.646200288548132
2012-01-25,0.1660790144331313
2012-01-26,0.3256785180030366
2012-01-27,1.1548940784057895
2012-01-28,0.00017898042739306787
2012-01-29,0.00017898042739306787
2012-01-30,0.00017898042739306787
2012-01-31,0.00017898042739306787
2012-02-01,0.5542568288764225
2012-02-02,2.0967572831015935
2012-02-03,22.175597799417552
2012-02-04,3.7033570956721067
2012-02-05,12.662874944465985
2012-02-06,35.3312393757817
2012-02-07,16.37091662025131
2012-02-08,31.762500214864613
2012-02-09,4.125629272404978
2012-02-10,0.01223451732920961
2012-02-11,0.2376592020193771
2012-02-12,0.2376592020193771
2012-02-13,0.2376592020193771
2012-02-14,0.2376592020193771
2012-02-15,0.41788822071687437
2012-02-16,1.0376814707993602
2012-02-17,11.000899012631587
2012-02-18,7.806083098541051
2012-02-19,4.557402407665054
2012-02-20,1.6430549837018493
2012-02-21,22.27475568661335
2012-02-22,0.7926273974628867
2012-02-23,0.00720575627720469
2012-02-24,0.0
2012-02-25,0.05583280568097043
2012-02-26,0.14591686006252708
2012-02-27,0.0
2012-02-28,1.1354146222953172
2012-02-29,41.839938519721045
2012-03-01,43.70871547476541
2012-03-02,0.001278381562176725
2012-03-03,0.0
2012-03-04,0.0
2012-03-05,0.0
2012-03-06,4.71975564102974
2012-03-07,13.480226450733031
2012-03-08,0.06977925244408831
2012-03-09,2.6700356074132294
2012-03-10,0.061285220986512116
2012-03-11,0.08500456893163441
2012-03-12,0.3268588074682021
2012-03-13,21.370501661431362
2012-03-14,0.004381667366224163
2012-03-15,0.021886634947926406
2012-03-16,0.005463208585579868
2012-03-17,0.0
2012-03-18,0.0
2012-03-19,0.003777304074117252
2012-03-20,7.670954646158521
2012-03-21,1.8951047115287556
2012-03-22,4.495402947248517
2012-03-23,0.3901798241015489
2012-03-24,0.0
2012-03-25,0.021446449163891223
2012-03-26,7.741378520569956
2012-03-27,0.537602120579735
2012-03-28,0.0
2012-03-29,0.001811945898765878
2012-03-30,0.0
2012-03-31,0.0
2012-04-01,0.0
2012-04-02,0.0
2012-04-03,0.08210214595594253
2012-04-04,0.44491232549319715
2012-04-05,56.385672728324266
2012-04-06,0.0
2012-04-07,0.0
2012-04-08,0.0
2012-04-09,0.0
2012-04-10,17.224147528438337
2012-04-11,21.532483362915194
2012-04-12,0.5450382251737403
2012-04-13,0.2827395034905546
2012-04-14,4.339572919770897
2012-04-15,5.193079095291878
2012-04-16,0.00874377134148499
2012-04-17,0.06966378654418207
2012-04-18,2.657835194393129e-05
2012-04-19,11.175620698485272
2012-04-20,0.4262563363256857
2012-04-21,0.0
2012-04-22,0.0
2012-04-23,0.0
2012-04-24,0.0
2012-04-25,0.0
2012-04-26,0.0
2012-04-27,0.0
2012-04-28,0.0
2012-04-29,0.0
2012-04-30,0.0
2012-05-01,0.0
2012-05-02,0.0
2012-05-03,0.0
2012-05-04,0.0
2012-05-05,0.0
2012-05-06,0.12231937862975786
2012-05-07,0.02293253523201639
2012-05-08,0.0
2012-05-09,0.005787381245518218
2012-05-10,0.7684623724896236
2012-05-11,0.06081342335553355
2012-05-12,0.5359964798319423
2012-05-13,0.0
2012-05-14,0.000550198340340738
2012-05-15,0.0
2012-05-16,0.0
2012-05-17,5.766177078486869e-06
2012-05-18,1.8717631358373308e-05
2012-05-19,3.7601898158643516
2012-05-20,0.028032310463548572
2012-05-21,0.00042005538591065013
2012-05-22,0.0
2012-05-23,16.1677904589101
2012-05-24,0.9801438811187603
2012-05-25,0.14275074173044588
2012-05-26,0.01859642421925542
2012-05-27,0.004412620648846565
2012-05-28,0.3184151497660973
2012-05-29,0.4814488377232832
2012-05-30,0.0007225002572869085
2012-05-31,0.0
2012-06-01,0.0
2012-06-02,0.0
2012-06-03,0.0
2012-06-04,0.0
2012-06-05,0.0
2012-06-06,1.5211529923843599
2012-06-07,0.0
2012-06-08,0.0
2012-06-09,0.0
2012-06-10,1.071527835229183
2012-06-11,0.31351906336536856
2012-06-12,0.07155271341507279
2012-06-13,0.1063667783500171
2012-06-14,28.63453481524249
2012-06-15,33.177782349648844
2012-06-16,7.788856660462828
2012-06-17,2.164296877449031
2012-06-18,4.964858727694114
2012-06-19,0.10456347844395136
2012-06-20,0.0
2012-06-21,0.0
2012-06-22,0.0
2012-06-23,0.0
2012-06-24,0.0
2012-06-25,0.0
2012-06-26,0.0
2012-06-27,0.0
2012-06-28,1.1829137927662376
2012-06-29,31.343386738255635
2012-06-30,2.7552917951815927
2012-07-01,0.10597422459361448
2012-07-02,1.6826175000844978
2012-07-03,2.1899425972415187
2012-07-04,5.953889849494508
2012-07-05,1.4579015864189935
2012-07-06,0.0
2012-07-07,0.0
2012-07-08,0.0
2012-07-09,0.013595055156094034
2012-07-10,0.02200588711544326
2012-07-11,5.8621258626318005
2012-07-12,1.4948658602320313
2012-07-13,0.0
2012-07-14,0.0
2012-07-15,0.0
2012-07-16,0.45633288001572675
2012-07-17,0.377756584217419
2012-07-18,0.15139796495774832
2012-07-19,0.14979895294509982
2012-07-20,0.14979895294509982
2012-07-21,0.0
2012-07-22,0.0
2012-07-23,0.0
2012-07-24,0.05613088474204093
2012-07-25,0.0
2012-07-26,0.0
2012-07-27,0.08186916820121047
2012-07-28,0.0
2012-07-29,0.2314574672556189
2012-07-30,0.0
2012-07-31,24.360958022398332
2012-08-01,15.173826779018302
2012-08-02,0.03856109237675333
2012-08-03,0.0
2012-08-04,7.7011913045070886
2012-08-05,0.13025950085959406
2012-08-06,0.0
2012-08-07,0.0
2012-08-08,0.5223096947082656
2012-08-09,0.0015084182820611573
2012-08-10,2.250018252456202e-09
2012-08-11,0.01960852285534051
2012-08-12,20.55581703721967
2012-08-13,0.3560237216592653
2012-08-14,0.12896017349512168
2012-08-15,0.5887230552305273
2012-08-16,10.613363259071683
2012-08-17,0.04388398854289413
2012-08-18,0.40365519565744984
2012-08-19,1.8722925737125613
2012-08-20,29.897823729422328
2012-08-21,1.0925400113200638
2012-08-22,0.0
2012-08-23,0.0
2012-08-24,0.08757509752806328
2012-08-25,2.126267541371237
2012-08-26,0.0
2012-08-27,0.0
2012-08-28,0.0
2012-08-29,0.0
2012-08-30,0.0
2012-08-31,0.0
2012-09-01,0.0
2012-09-02,0.005334566373382643
2012-09-03,0.0
2012-09-04,0.0
2012-09-05,4.2290721575426735
2012-09-06,4.015113163247246
2012-09-07,13.642928900313697
2012-09-08,0.5402001520198115
2012-09-09,0.41021797512866465
2012-09-10,0.07184558420034973
2012-09-11,0.005020633579990083
2012-09-12,0.01313081956757216
2012-09-13,0.0
2012-09-14,0.0
2012-09-15,3.8081071018542376
2012-09-16,28.20664565666222
2012-09-17,5.890780216005557
2012-09-18,12.511409225810786
2012-09-19,19.713689111135015
2012-09-20,0.018078940962917633
2012-09-21,0.025268457158986558
2012-09-22,0.0
2012-09-23,0.0
2012-09-24,0.6518777918209235
2012-09-25,0.46509014248538444
2012-09-26,0.0021391892026648104
2012-09-27,0.01614906532495663
2012-09-28,0.0
2012-09-29,9.16584873134284
2012-09-30,1.1766787623806092
2012-10-01,4.339106632703907
2012-10-02,12.741833773170882
2012-10-03,1.2856069460197865
2012-10-04,0.35091405254002017
2012-10-05,0.014472036652673832
2012-10-06,7.2810836528305884
2012-10-07,19.280926988800523
2012-10-08,15.989140468207363
2012-10-09,68.8505168616912
2012-10-10,8.395510133983032
2012-10-11,0.0021760303699606695
2012-10-12,0.0
2012-10-13,5.019990535263171e-06
2012-10-14,0.0
2012-10-15,1.8424787755322902
2012-10-16,4.245359160238778
2012-10-17,0.4667462370699602
2012-10-18,0.0
2012-10-19,0.004800291924771049
2012-10-20,0.10369861451603865
2012-10-21,0.0730116730589601
2012-10-22,8.189824758557831
2012-10-23,1.012057624547498
2012-10-24,0.0
2012-10-25,0.0005595472913399096
2012-10-26,0.0
2012-10-27,0.07197818539253621
2012-10-28,1.9144240788540994
2012-10-29,11.421099760478244
2012-10-30,1.6267470763976242
2012-10-31,0.03772260050524111
2012-11-01,0.009349725739613915
2012-11-02,0.005562454298457253
2012-11-03,0.005410478199923614
2012-11-04,0.01836613742483719
2012-11-05,0.012675837213805946
2012-11-06,0.0
2012-11-07,0.0
2012-11-08,0.16563556761147916
2012-11-09,0.25686540201248514
2012-11-10,12.255252515372979
2012-11-11,0.47789067044699934
2012-11-12,1.0590580361471287
2012-11-13,0.14031903562909642
2012-11-14,0.3977763578708932
2012-11-15,0.022631812795548722
2012-11-16,0.004006959503457679
2012-11-17,3.1257253700008364e-05
2012-11-18,0.24722778676600407
2012-11-19,14.59268162982063
2012-11-20,0.000246468090527981
2012-11-21,0.0
2012-11-22,1.6720576136849925
2012-11-23,10.443640412586628
2012-11-24,0.8368662366534114
2012-11-25,0.005750191673940736
2012-11-26,0.2749309178477241
2012-11-27,1.8702109089395225
2012-11-28,0.8729401220890456
2012-11-29,0.2780556351662361
2012-11-30,4.416391528874998
2012-12-01,0.07720301139445905
2012-12-02,0.0
2012-12-03,0.0
2012-12-04,3.79672343381169
2012-12-05,1.4796817740738748
2012-12-06,10.82482719333891
2012-12-07,26.209308009016727
2012-12-08,0.0
2012-12-09,0.0
2012-12-10,10.156784079714729
2012-12-11,15.097174301478573
2012-12-12,0.025937264324319545
2012-12-13,8.485554022569753
2012-12-14,0.0
2012-12-15,0.0
2012-12-16,2.3130353512406265
2012-12-17,0.05953860663458793
2012-12-18,2.2562922681333974
2012-12-19,1.3286167121225032
2012-12-20,17.34175460505291
2012-12-21,4.490557074543733
2012-12-22,0.0
2012-12-23,0.5143878152291225
2012-12-24,0.22315001016271283
2012-12-25,11.390900900350454
2012-12-26,5.75895365649699
2012-12-27,0.07014701911100037
2012-12-28,0.013955651493665245
2012-12-29,0.0
2012-12-30,0.0
2012-12-31,12.923508063304302
2013-01-01,24.452409046741305
2013-01-02,0.0
2013-01-03,0.0
2013-01-04,0.24769752345760948
2013-01-05,11.455910478175785
2013-01-06,0.39961501883105527
2013-01-07,30.091353106767343
2013-01-08,1.3640014309479316
2013-01-09,0.17250040420287946
2013-01-10,0.0
2013-01-11,0.0
2013-01-12,0.0
2013-01-13,0.0
2013-01-14,9.638095583093127e-05
2013-01-15,0.0003401157737968917
2013-01-16,0.09527360775337707
2013-01-17,2.228367590224985
2013-01-18,0.1512396981461824
2013-01-19,0.32217856742936574
2013-01-20,0.007165636838250882
2013-01-21,0.0
2013-01-22,1.0681694249600293
2013-01-23,0.9740485087738112
2013-01-24,31.01453191472007
2013-01-25,0.9795145564431905
2013-01-26,0.0
2013-01-27,0.0
2013-01-28,0.0
2013-01-29,0.0
2013-01-30,0.00013817519061981863
2013-01-31,4.8695784118971615
2013-02-01,1.005166883822285
2013-02-02,22.5394308813929
2013-02-03,3.1253865046493847
2013-02-04,0.0
2013-02-05,0.0015567093850317672
2013-02-06,0.07614883970551725
2013-02-07,0.10508013626151004
2013-02-08,0.0
2013-02-09,0.38400186997505875
2013-02-10,0.9121098550277582
2013-02-11,4.53658496292261
2013-02-12,3.1298216381624058
2013-02-13,0.39838540880424533
2013-02-14,26.958927309787896
2013-02-15,5.38420486331806
2013-02-16,0.23026835485125638
2013-02-17,6.322108528146072
2013-02-18,0.8139177728206985
2013-02-19,4.15332213137211
2013-02-20,11.64191462886721
2013-02-21,29.325332821208278
2013-02-22,0.005914513526769072
2013-02-23,0.006635824626123101
2013-02-24,6.785540348398171
2013-02-25,16.10673831863436
2013-02-26,0.1546425907821825
2013-02-27,0.11560215491844195
2013-02-28,0.11560215491844195
2013-03-01,0.0
2013-03-02,15.876905501226366
2013-03-03,1.0387696175192966
2013-03-04,0.00018477098284956788
2013-03-05,0.008224766204580607
2013-03-06,0.0
2013-03-07,0.0
2013-03-08,0.27951620495488994
2013-03-09,6.924059364554636
2013-03-10,4.3878445853845
2013-03-11,0.00047237409856972705
2013-03-12,5.437933518059369
2013-03-13,0.0
2013-03-14,0.04689405752648493
2013-03-15,4.863047220377567
2013-03-16,0.19765773995933453
2013-03-17,0.0
2013-03-18,0.7481526782804591
2013-03-19,0.0946562867502867
2013-03-20,21.465926394252158
2013-03-21,1.7663214516698535
2013-03-22,0.0036248044209286775
2013-03-23,0.0
2013-03-24,0.0
2013-03-25,7.014029991535644e-05
2013-03-26,0.0
2013-03-27,0.0
2013-03-28,0.0
2013-03-29,0.0
2013-03-30,0.0
2013-03-31,0.0
2013-04-01,4.435876053904125
2013-04-02,7.860165568977423
2013-04-03,21.89588709617285
2013-04-04,32.992945481887894
2013-04-05,1.679519717425155
2013-04-06,0.2937645551624486
2013-04-07,0.0018089401362178065
2013-04-08,0.0018089401362178065
2013-04-09,0.0018089401362178065
2013-04-10,0.6226374275490849
2013-04-11,26.922400574146252
2013-04-12,21.818116060545616
2013-04-13,0.0
2013-04-14,0.0
2013-04-15,3.31782127043314e-07
2013-04-16,0.0
2013-04-17,0.0
2013-04-18,0.0
2013-04-19,0.0
2013-04-20,0.0
2013-04-21,0.0
2013-04-22,0.0
2013-04-23,0.0
2013-04-24,0.0
2013-04-25,0.0
2013-04-26,0.005369328184985459
2013-04-27,0.0
2013-04-28,9.227557709250133
2013-04-29,7.464306265036984
2013-04-30,0.0
2013-05-01,11.721204027652625
2013-05-02,21.877800460745004
2013-05-03,64.24067295537705
2013-05-04,0.2850507891343716
2013-05-05,0.007676668107740166
2013-05-06,0.0
2013-05-07,0.2816795550396837
2013-05-08,0.0
2013-05-09,0.0
2013-05-10,0.0
2013-05-11,8.75257616576385
2013-05-12,7.366998581200193
2013-05-13,0.8633004924079318
2013-05-14,2.2163076650168105
2013-05-15,1.8886024075310024
2013-05-16,0.0
2013-05-17,0.0
2013-05-18,0.34857684751290896
2013-05-19,9.879394198125393
2013-05-20,1.0600056905549688
2013-05-21,0.0
2013-05-22,0.0
2013-05-23,0.0
2013-05-24,0.0
2013-05-25,0.0
2013-05-26,0.004529577666442876
2013-05-27,0.1164843453218961
2013-05-28,19.83882841535926
2013-05-29,21.989495139740836
2013-05-30,0.0
2013-05-31,0.015116051726979505
2013-06-01,7.698677169548122
2013-06-02,0.0959325931835482
2013-06-03,0.0
2013-06-04,0.0
2013-06-05,0.0
2013-06-06,0.0
2013-06-07,0.0
2013-06-08,0.0
2013-06-09,0.0
2013-06-10,0.0
2013-06-11,0.0
2013-06-12,0.0
2013-06-13,0.0
2013-06-14,0.0
2013-06-15,0.0
2013-06-16,0.14316999395136742
2013-06-17,0.6629139236221816
2013-06-18,1.3662965158924203
2013-06-19,0.06454348203388932
2013-06-20,0.11482750744448028
2013-06-21,27.260650718325195
2013-06-22,0.6898718319346482
2013-06-23,0.0
2013-06-24,2.5065719848725663
2013-06-25,2.7373422331885706
2013-06-26,2.870956875774825
2013-06-27,0.0
2013-06-28,12.023684226275297
2013-06-29,5.36769980326844
2013-06-30,0.0
2013-07-01,0.0
2013-07-02,0.0
2013-07-03,0.0
2013-07-04,0.1465817845688639
2013-07-05,0.10922088817872411
2013-07-06,17.658796347932203
2013-07-07,0.11225467406333021
2013-07-08,0.0
2013-07-09,0.22093918754024466
2013-07-10,2.3998004609214014
2013-07-11,6.579480372804744e-05
2013-07-12,36.74528765090194
2013-07-13,0.8851757584308962
2013-07-14,0.12182981340989554
2013-07-15,0.0
2013-07-16,0.0
2013-07-17,0.0
2013-07-18,2.03085816771515
2013-07-19,0.0
2013-07-20,3.148206630026489
2013-07-21,0.030810080082186136
2013-07-22,0.00958499578762569
2013-07-23,0.0056701290775555925
2013-07-24,0.0
2013-07-25,0.0
2013-07-26,0.0
2013-07-27,0.0
2013-07-28,7.682477199556662
2013-07-29,0.0020062785703354002
2013-07-30,0.0
2013-07-31,0.0
2013-08-01,0.43290101300051287
2013-08-02,14.920404479031484
2013-08-03,0.1446058067811963
2013-08-04,0.0996033378467711
2013-08-05,0.0
2013-08-06,0.0
2013-08-07,13.626461637791737
2013-08-08,4.022804637210727
2013-08-09,0.17241644447655843
2013-08-10,0.0
2013-08-11,0.0
2013-08-12,0.0
2013-08-13,5.650972131538715
2013-08-14,0.0
2013-08-15,0.0
2013-08-16,0.0
2013-08-17,0.0
2013-08-18,0.0
2013-08-19,0.0
2013-08-20,0.0
2013-08-21,9.446063255921985
2013-08-22,8.494908673306899
2013-08-23,0.0
2013-08-24,0.18350839612169056
2013-08-25,0.46892059640544653
2013-08-26,0.0
2013-08-27,0.0
2013-08-28,0.0
2013-08-29,0.0
2013-08-30,0.0
2013-08-31,0.0
2013-09-01,0.15881217174624476
2013-09-02,0.24775786689009593
2013-09-03,0.03645780849977811
2013-09-04,0.0
2013-09-05,0.0
2013-09-06,0.009239889789430772
2013-09-07,0.0048515744940129165
2013-09-08,7.924381512021338
2013-09-09,0.0
2013-09-10,0.0
2013-09-11,0.0
2013-09-12,0.0
2013-09-13,20.246307920050544
2013-09-14,89.48553511849197
2013-09-15,45.4493649844132
2013-09-16,3.4184362726119857
2013-09-17,1.5669915571327433
2013-09-18,0.0
2013-09-19,0.0
2013-09-20,0.18790502382654126
2013-09-21,0.0
2013-09-22,0.0
2013-09-23,0.0
2013-09-24,0.0
2013-09-25,0.0
2013-09-26,0.0
2013-09-27,0.30319623002573254
2013-09-28,1.3449125226997416
2013-09-29,0.29929557719274436
2013-09-30,1.7917209571831503
2013-10-01,0.0
2013-10-02,0.0
2013-10-03,0.0
2013-10-04,0.0
2013-10-05,0.0
2013-10-06,0.0011945469597268304
2013-10-07,0.0
2013-10-08,0.0
2013-10-09,0.0
2013-10-10,7.850607982586345
2013-10-11,10.29065769792224
2013-10-12,16.785777937654867
2013-10-13,2.2140015577157612
2013-10-14,0.00336555865895214
2013-10-15,0.0
2013-10-16,0.0
2013-10-17,2.0705303218387434
2013-10-18,8.899047093773989
2013-10-19,0.34373125530622006
2013-10-20,0.11956138209586627
2013-10-21,34.433350881616825
2013-10-22,0.0006947285102322409
2013-10-23,11.856337881088903
2013-10-24,0.000449906797960992
2013-10-25,0.9232852315527195
2013-10-26,45.95653380528144
2013-10-27,0.06277279863345565
2013-10-28,0.0
2013-10-29,0.0
2013-10-30,0.0
2013-10-31,0.008074011479205126
2013-11-01,1.166126546072327
2013-11-02,37.737077512702825
2013-11-03,0.6856583308181563
2013-11-04,0.0007040132060558321
2013-11-05,0.0
2013-11-06,0.0
2013-11-07,0.01925154822099118
2013-11-08,1.490603404705033
2013-11-09,5.63490538162616
2013-11-10,30.774677633133887
2013-11-11,41.535572587010236
2013-11-12,15.06579634442524
2013-11-13,0.0
2013-11-14,0.0
2013-11-15,14.284337311182119
2013-11-16,0.0
2013-11-17,0.0
2013-11-18,0.07423459187822523
2013-11-19,19.457850734610744
2013-11-20,10.979914801430903
2013-11-21,1.8400767734186128
2013-11-22,0.004602411600389275
2013-11-23,0.0
2013-11-24,0.0033062932411092733
2013-11-25,0.8932538424969724
2013-11-26,3.5181726575545356
2013-11-27,9.746610229975978
2013-11-28,0.005492360542456473
2013-11-29,0.11735689621850452
2013-11-30,0.0009476197956094674
2013-12-01,2.215474494925953
2013-12-02,6.7440887207221
2013-12-03,0.39576554357475213
2013-12-04,0.0
2013-12-05,4.8471483185433435
2013-12-06,0.08195101796507892
2013-12-07,0.0
2013-12-08,0.0
2013-12-09,3.513436105578977
2013-12-10,4.693115484992064
2013-12-11,0.0
2013-12-12,0.0
2013-12-13,0.0
2013-12-14,0.0
2013-12-15,0.0
2013-12-16,0.0
2013-12-17,0.0
2013-12-18,0.0
2013-12-19,0.0
2013-12-20,0.0
2013-12-21,0.0
2013-12-22,0.0
2013-12-23,0.0
2013-12-24,0.0
2013-12-25,0.0
2013-12-26,0.0
2013-12-27,0.8076792075248149
2013-12-28,1.143885908918208
2013-12-29,7.915081740000196
2013-12-30,0.6238926059462999
2013-12-31,14.643835692338047
2014-01-01,0.05441761102367268
2014-01-02,0.27768204069182295
2014-01-03,1.7179499159961062e-05
2014-01-04,6.304819524425765e-07
2014-01-05,0.0
2014-01-06,0.0
2014-01-07,11.415804117903164
2014-01-08,29.824744278172066
2014-01-09,0.13694253080485214
2014-01-10,14.06229457544698
2014-01-11,14.288187978652331
2014-01-12,0.15923342747635066
2014-01-13,9.511851035838795
2014-01-14,20.319633423600216
2014-01-15,0.07019806688882643
2014-01-16,0.0
2014-01-17,0.0
2014-01-18,0.02648369934264382
2014-01-19,1.8377144348107088
2014-01-20,4.8547306840632105
2014-01-21,8.426441762983767
2014-01-22,1.7533252162643436
2014-01-23,0.15465261741999917
2014-01-24,25.459646939952645
2014-01-25,0.018139353584810333
2014-01-26,7.212621864718526
2014-01-27,16.33378528680608
2014-01-28,16.992211146558116
2014-01-29,2.3390958006414704
2014-01-30,10.299602175808614
2014-01-31,17.599794020505783
2014-02-01,76.82818784554011
2014-02-02,30.30317115662695
2014-02-03,3.7569726230290486
2014-02-04,11.02575354606266
2014-02-05,0.08671077528923508
2014-02-06,1.8665285268452034
2014-02-07,0.21101338810661083
2014-02-08,0.061957711706720445
2014-02-09,1.2093249841936118
2014-02-10,6.501704229592925
2014-02-11,16.167680211412637
2014-02-12,6.961504836754022
2014-02-13,21.625067668625917
2014-02-14,0.1475668420795958
2014-02-15,0.09102491749505794
2014-02-16,6.126174091057961e-05
2014-02-17,0.001857375982966888
2014-02-18,0.3739659785253362
2014-02-19,6.325262778710996
2014-02-20,21.78254037526431
2014-02-21,0.7615449933501995
2014-02-22,4.098865836874849
2014-02-23,27.457649630498377
2014-02-24,0.6896874625674326
2014-02-25,26.14783092026701
2014-02-26,13.994829458040206
2014-02-27,0.8673511550750919
2014-02-28,0.45043251155849623
2014-03-01,0.014701690933729453
2014-03-02,0.05016803080439524
2014-03-03,3.753442021989674
2014-03-04,19.092317346000755
2014-03-05,0.7151583314174205
2014-03-06,0.4691589341695125
2014-03-07,0.11188289356395766
2014-03-08,0.0
2014-03-09,0.0
2014-03-10,3.505295943282415
2014-03-11,0.0
2014-03-12,0.0
2014-03-13,0.0008126633737466616
2014-03-14,0.0044730623847254675
2014-03-15,22.62856982090035
2014-03-16,15.729456789310019
2014-03-17,11.653413049498248
2014-03-18,1.3856496455699118e-06
2014-03-19,16.179596307032146
2014-03-20,1.326790156535516
2014-03-21,0.35342339198682415
2014-03-22,0.04223983643869679
2014-03-23,0.0
2014-03-24,0.0
2014-03-25,0.00011702193582200764
2014-03-26,0.03484106688691042
2014-03-27,0.4467746259458614
2014-03-28,4.1002789305568434
2014-03-29,0.03238598122587492
2014-03-30,31.77271627991858
2014-03-31,0.7020435962652473
2014-04-01,0.6456332076755472
2014-04-02,1.054042093680508
2014-04-03,0.0159567138285894
2014-04-04,0.02698273679347208
2014-04-05,0.44099044553950834
2014-04-06,1.472824805894384
2014-04-07,13.706084127133556
2014-04-08,56.22245838626911
2014-04-09,1.1705932615019994
2014-04-10,11.567722620002451
2014-04-11,16.164215520905927
2014-04-12,5.230728428215089
2014-04-13,0.0315493530705973
2014-04-14,0.042466735083803796
2014-04-15,0.00012628898706619149
2014-04-16,0.0
2014-04-17,0.0590194521195545
2014-04-18,1.5462086042502405
2014-04-19,0.0006689658674672729
2014-04-20,0.0
2014-04-21,0.0
2014-04-22,0.0
2014-04-23,0.0
2014-04-24,0.0
2014-04-25,0.0
2014-04-26,0.09077477108327227
2014-04-27,0.0
2014-04-28,19.58188847429101
2014-04-29,2.5245397169759216
2014-04-30,2.1205860589508747
2014-05-01,10.224463018141996
2014-05-02,0.005750803521512331
2014-05-03,2.110353997195707
2014-05-04,27.24918477164829
2014-05-05,1.1683045074021252
2014-05-06,0.14241872785924142
2014-05-07,0.011592905185651732
2014-05-08,0.015317201325509648
2014-05-09,0.03528962647295239
2014-05-10,6.595310698499746e-08
2014-05-11,0.0009127635439575097
2014-05-12,5.993823768109375
2014-05-13,1.1182802375826935
2014-05-14,0.05692152974451235
2014-05-15,2.5065235119924805
2014-05-16,6.363741648448612
2014-05-17,8.343574790845317
2014-05-18,0.006019114768552521
2014-05-19,0.01519203268436666
2014-05-20,0.0
2014-05-21,11.437126470413535
2014-05-22,3.584807724335717
2014-05-23,0.009650603247507133
2014-05-24,0.0018950391943316563
2014-05-25,0.0
2014-05-26,0.0
2014-05-27,0.5634927495917266
2014-05-28,6.504316587276251e-05
2014-05-29,0.0
2014-05-30,3.7899623826276008
2014-05-31,14.13940367223195
2014-06-01,0.46250080858178955
2014-06-02,0.0
2014-06-03,0.0
2014-06-04,2.1524092300684696
2014-06-05,0.02712497917767884
2014-06-06,0.0
2014-06-07,0.0
2014-06-08,0.0
2014-06-09,0.0
2014-06-10,0.0
2014-06-11,4.71929679855891
2014-06-12,0.11638815312790826
2014-06-13,40.305216831961175
2014-06-14,0.0
2014-06-15,0.13734546028535877
2014-06-16,0.1296041986044402
2014-06-17,0.0010061113210715848
2014-06-18,0.0
2014-06-19,0.0
2014-06-20,0.0
2014-06-21,0.0
2014-06-22,0.12328570022793385
2014-06-23,0.6485097242590324
2014-06-24,0.17424429234232708
2014-06-25,0.944259048441487
2014-06-26,1.9279873863635952
2014-06-27,0.32562572124036265
2014-06-28,0.22357832361987723
2014-06-29,32.14115436288883
2014-06-30,5.551596880470175
2014-07-01,0.08144508310742733
2014-07-02,0.015306385260413086
2014-07-03,0.005249919359457674
2014-07-04,5.98109954259145
2014-07-05,54.23860925848991
2014-07-06,10.977712283005086
2014-07-07,0.0
2014-07-08,0.0
2014-07-09,0.0024302432908025274
2014-07-10,0.027885416686538312
2014-07-11,0.00870205705329477
2014-07-12,0.06419768839097743
2014-07-13,35.36207353055314
2014-07-14,0.39065328572878116
2014-07-15,11.357626214297843
2014-07-16,6.738309243206214
2014-07-17,55.42788921939924
2014-07-18,1.3347898503097817
2014-07-19,0.0
2014-07-20,0.0
2014-07-21,0.0
2014-07-22,18.352354801528136
2014-07-23,41.99566786337179
2014-07-24,3.0119111635946627
2014-07-25,0.0
2014-07-26,0.0
2014-07-27,0.0
2014-07-28,0.0
2014-07-29,7.843476600530247
2014-07-30,28.181141327170327
2014-07-31,1.0593852776337094
2014-08-01,17.14832705642059
2014-08-02,1.5636197922129613
2014-08-03,11.94642879377053
2014-08-04,0.2279823252421025
2014-08-05,0.0
2014-08-06,0.0
2014-08-07,0.10484884813023589
2014-08-08,0.0
2014-08-09,0.009907183453239111
2014-08-10,0.2295475781332677
2014-08-11,1.0264177084856592e-05
2014-08-12,4.4839387545661116e-08
2014-08-13,0.0
2014-08-14,0.0
2014-08-15,0.0
2014-08-16,0.0
2014-08-17,0.0
2014-08-18,0.0
2014-08-19,0.0
2014-08-20,0.0
2014-08-21,0.0
2014-08-22,0.0
2014-08-23,0.0
2014-08-24,0.0
2014-08-25,0.0
2014-08-26,0.2951948459121025
2014-08-27,0.0037616170414413227
2014-08-28,0.0
2014-08-29,0.0
2014-08-30,0.2589996054561902
2014-08-31,11.757764906080817
2014-09-01,9.083233380912321e-08
2014-09-02,9.589041239155378
2014-09-03,0.12737807424281225
2014-09-04,0.18520425936597562
2014-09-05,6.923884624260871
2014-09-06,28.595062098554113
2014-09-07,5.201356125298554e-07
2014-09-08,0.09836271869346283
2014-09-09,0.49468402157621716
2014-09-10,45.273022134922
2014-09-11,0.0
2014-09-12,9.198446075771246
2014-09-13,7.74172874141404
2014-09-14,9.895798767419825
2014-09-15,2.697438246902185
2014-09-16,0.0005382140935168083
2014-09-17,0.0
2014-09-18,0.0020654054717497683
2014-09-19,4.730219804053651
2014-09-20,0.1255544951988266
2014-09-21,0.10593693367926857
2014-09-22,0.0
2014-09-23,0.15050906611281292
2014-09-24,7.819418074196161
2014-09-25,4.947129310171242
2014-09-26,7.284929190870731
2014-09-27,0.0
2014-09-28,9.807922863075248
2014-09-29,2.357262706232972
2014-09-30,1.3389319730354963
2014-10-01,4.495163949341955
2014-10-02,0.0
2014-10-03,7.372400736718211
2014-10-04,6.568887761547598
2014-10-05,15.382492648183074
2014-10-06,12.72949532068594
2014-10-07,0.009200387050222086
2014-10-08,0.001287002578749519
2014-10-09,13.118226863818226
2014-10-10,39.838537275012726
2014-10-11,0.02009634102695968
2014-10-12,8.363989293599714
2014-10-13,0.03187350279249102
2014-10-14,0.008755265723373349
2014-10-15,4.912252989938359
2014-10-16,27.707362487061744
2014-10-17,0.6123576598573524
2014-10-18,6.526972541786963
2014-10-19,2.7542903937829184
2014-10-20,0.0
2014-10-21,0.0
2014-10-22,0.0
2014-10-23,0.0
2014-10-24,0.0
2014-10-25,7.185137558771784e-05
2014-10-26,0.022355753793170514
2014-10-27,0.0
2014-10-28,0.0008582567202270597
2014-10-29,10.121138809320607
2014-10-30,70.92392727774775
2014-10-31,7.093505835904324
2014-11-01,11.725163495848102
2014-11-02,3.920871329908487
2014-11-03,42.55750937931665
2014-11-04,0.2516522241369482
2014-11-05,0.0
2014-11-06,0.0
2014-11-07,0.0
2014-11-08,0.0
2014-11-09,0.0
2014-11-10,0.0
2014-11-11,1.131440592648919
2014-11-12,14.867202042521528
2014-11-13,0.0392399908058257
2014-11-14,0.0
2014-11-15,0.0
2014-11-16,0.07425230619313584
2014-11-17,0.004151496950702375
2014-11-18,0.0
2014-11-19,0.12975349503529982
2014-11-20,0.039823908421303025
2014-11-21,15.08932219103356
2014-11-22,3.929944442040687
2014-11-23,0.0
2014-11-24,0.0
2014-11-25,7.513566678670711
2014-11-26,0.22109192479485348
2014-11-27,0.03716598853081825
2014-11-28,0.0
2014-11-29,0.3081617160255675
2014-11-30,33.48225861470872
2014-12-01,12.51786364720184
2014-12-02,32.2587343448825
2014-12-03,0.3879761635087281
2014-12-04,0.0
2014-12-05,0.0
2014-12-06,0.0
2014-12-07,0.0
2014-12-08,2.918377280040999
2014-12-09,18.147735291462602
2014-12-10,11.71355243432586
2014-12-11,0.0
2014-12-12,0.0
2014-12-13,0.0
2014-12-14,0.0
2014-12-15,0.0
2014-12-16,32.88291364550814
2014-12-17,6.3399648034702745
2014-12-18,0.02091560389675997
2014-12-19,0.0
2014-12-20,3.487268514497612
2014-12-21,24.843751101648085
2014-12-22,0.005724746228215891
2014-12-23,0.009734108110163344
2014-12-24,0.0
2014-12-25,1.3438751063582108
2014-12-26,2.805896257203654
2014-12-27,13.799420895926891
2014-12-28,2.6208068871634502
2014-12-29,0.27052948914116787
2014-12-30,0.7094607756259558
2014-12-31,0.46160485664578715
2015-01-01,14.33557621720719
2015-01-02,0.658801302446594
2015-01-03,0.00019768963559720358
2015-01-04,0.00019768963559720358
2015-01-05,0.00019768963559720358
2015-01-06,11.184324449051925
2015-01-07,28.09537198108721
2015-01-08,1.2135786536824993
2015-01-09,19.983833140587787
2015-01-10,0.45861303877420806
2015-01-11,18.50164180043948
2015-01-12,5.8038569627170755
2015-01-13,13.46774191700441
2015-01-14,12.022643330970086
2015-01-15,0.7530615135656856
2015-01-16,1.5455914532619548
2015-01-17,2.9245211265668707
2015-01-18,0.2692101994754339
2015-01-19,7.307802705655964
2015-01-20,2.047312620818231
2015-01-21,0.005469601020735322
2015-01-22,1.3079108451892613e-05
2015-01-23,0.034731106813740996
2015-01-24,0.05544080337965902
2015-01-25,0.1364623836719966
2015-01-26,0.21854155014796312
2015-01-27,1.1126055637402963
2015-01-28,9.767695952837824
2015-01-29,13.391154329278155
2015-01-30,8.560579142473379e-05
2015-01-31,0.07898366055604732
2015-02-01,0.1387881247485705
2015-02-02,0.20620966319804115
2015-02-03,0.10236717465916291
2015-02-04,0.7952094520891262
2015-02-05,0.004781554436927078
2015-02-06,5.168388068292354
2015-02-07,0.002246317641111209
2015-02-08,0.0006539388421400499
2015-02-09,0.1480980303309991
2015-02-10,6.984144212896652
2015-02-11,4.057089372774795
2015-02-12,0.19262271845949558
2015-02-13,0.000330866208225968
2015-02-14,0.0004448983987624354
2015-02-15,0.39632691660337965
2015-02-16,0.2115028346238751
2015-02-17,0.00011700964743285824
2015-02-18,0.19219511936671627
2015-02-19,7.341364362509966
2015-02-20,2.423598348807535
2015-02-21,0.5325997975299772
2015-02-22,0.7070573259489579
2015-02-23,10.702180506385432
2015-02-24,0.2647590411841153
2015-02-25,2.1003934869872323
2015-02-26,10.612130629327941
2015-02-27,1.031174044074538
2015-02-28,3.16637939146621e-05
2015-03-01,0.2050626033991751
2015-03-02,15.511855642799079
2015-03-03,1.8424085929156784
2015-03-04,17.9132183924463
2015-03-05,0.08257671224055277
2015-03-06,0.0
2015-03-07,0.0
2015-03-08,0.0
2015-03-09,0.0
2015-03-10,0.0
2015-03-11,0.0
2015-03-12,0.0
2015-03-13,0.0
2015-03-14,0.0
2015-03-15,0.0
2015-03-16,0.0007428017818669622
2015-03-17,0.0005990978575776669
2015-03-18,0.0005990978575776669
2015-03-19,0.0005990978575776669
2015-03-20,3.954046520659592
2015-03-21,0.02897486249532675
2015-03-22,0.15592719479482314
2015-03-23,0.3761157840439011
2015-03-24,0.029915881768596202
2015-03-25,2.6493845499317645
2015-03-26,1.0491452176118377
2015-03-27,0.00033980122035426325
2015-03-28,0.0073184812701737375
2015-03-29,0.7204874555511808
2015-03-30,11.495842554489023
2015-03-31,0.7598123858294764
2015-04-01,0.171085326243272
2015-04-02,0.0011787734857895919
2015-04-03,0.0011787734857895919
2015-04-04,0.0011787734857895919
2015-04-05,0.9941538923247334
2015-04-06,0.3079322814204233
2015-04-07,0.15836019698156037
2015-04-08,0.15836019698156037
2015-04-09,0.15836019698156037
2015-04-10,0.15836019698156037
2015-04-11,0.0002675278880028433
2015-04-12,7.858179865055668e-07
2015-04-13,2.542986547304094e-07
2015-04-14,2.542986547304094e-07
2015-04-15,3.130514850435046e-05
2015-04-16,1.5065918158598153
2015-04-17,14.18671761317157
2015-04-18,0.13322241722603984
2015-04-19,0.0007829778466554387
2015-04-20,0.037294334643551995
2015-04-21,0.0
2015-04-22,0.0
2015-04-23,0.0
2015-04-24,0.0
2015-04-25,0.0
2015-04-26,5.879334210784323e-05
2015-04-27,5.879334210784323e-05
2015-04-28,5.9095068178104935e-05
2015-04-29,0.04139226810100892
2015-04-30,1.4927366512304117
2015-05-01,0.28013896474935057
2015-05-02,41.91227503531925
2015-05-03,3.968709531316427
2015-05-04,0.00015032948304704392
2015-05-05,0.00015032948304704392
2015-05-06,0.0007123164484743063
2015-05-07,0.0007123164484743063
2015-05-08,0.18963250350503716
2015-05-09,0.12051145267195716
2015-05-10,24.3953451147613
2015-05-11,0.8131995799851945
2015-05-12,0.002714064838705278
2015-05-13,0.08315508877631157
2015-05-14,0.002235674019421774
2015-05-15,0.0008910752121714612
2015-05-16,0.020323897172021363
2015-05-17,4.8641894923870304e-05
2015-05-18,0.0004767388876667385
2015-05-19,0.004038894132626397
2015-05-20,4.415126401594531e-06
2015-05-21,3.332995542100509e-08
2015-05-22,5.474244295825039e-05
2015-05-23,0.007172556346854512
2015-05-24,0.00011687036865038581
2015-05-25,3.332995542100509e-08
2015-05-26,0.0013750441217945343
2015-05-27,28.630317891399308
2015-05-28,0.42061439098775444
2015-05-29,0.2777094525499092
2015-05-30,0.40071720504528596
2015-05-31,0.03028945023587375
2015-06-01,0.00015183100816068665
2015-06-02,0.00015183100816068665
2015-06-03,1.5957715626732927
2015-06-04,0.34885631544677415
2015-06-05,27.34374502378739
2015-06-06,0.0036696542699389905
2015-06-07,0.02227351232544243
2015-06-08,0.3199828805362824
2015-06-09,0.32702778252097014
2015-06-10,0.31623369420569647
2015-06-11,0.0
2015-06-12,0.0
2015-06-13,0.0
2015-06-14,0.0
2015-06-15,0.0
2015-06-16,0.006119250535179801
2015-06-17,0.006119250535179801
2015-06-18,0.02614417073015708
2015-06-19,0.006119250535179801
2015-06-20,0.10874976519356924
2015-06-21,2.82732697263245
2015-06-22,5.166339523933799
2015-06-23,0.3620919986719966
2015-06-24,0.001072648307701881
2015-06-25,0.001081538317305603
2015-06-26,0.0002556490922492121
2015-06-27,0.0002556490922492121
2015-06-28,0.0002556490922492121
2015-06-29,33.07902301591287
2015-06-30,18.989677372557995
2015-07-01,0.0005077652006398733
2015-07-02,4.439022088361051
2015-07-03,9.044477406638304
2015-07-04,1.2765225568291143
2015-07-05,0.0005077652006398733
2015-07-06,6.689455195193695
2015-07-07,4.227080751970227
2015-07-08,0.043364769119466955
2015-07-09,0.03311649069243318
2015-07-10,1.9920423866808463
2015-07-11,0.049551304465228076
2015-07-12,1.9112203785499806
2015-07-13,43.89350618655934
2015-07-14,6.182674273692897
2015-07-15,0.0001947851833624427
2015-07-16,0.04804357743224535
2015-07-17,4.532299382423039
2015-07-18,0.044276790567840674
2015-07-19,28.81540907848939
2015-07-20,1.861326793854559
2015-07-21,0.05363238518877807
2015-07-22,0.016102384381207292
2015-07-23,0.02844655318769903
2015-07-24,2.1166824404078697
2015-07-25,0.05477131953266492
2015-07-26,2.126876279536002e-05
2015-07-27,5.2236413965417595e-05
2015-07-28,1.6815825727751475e-05
2015-07-29,0.00010052631774708169
2015-07-30,0.4352343705925224
2015-07-31,0.4285616854092417
2015-08-01,0.4292367484285481
2015-08-02,4.124874873316088
2015-08-03,24.75934067009747
2015-08-04,10.214527247340953
2015-08-05,8.01756421760455
2015-08-06,3.734217292106509
2015-08-07,1.9037643187882451
2015-08-08,0.004312197865378602
2015-08-09,1.6797344461337738e-05
2015-08-10,0.012401528885919545
2015-08-11,17.718068111147407
2015-08-12,13.91081664778298
2015-08-13,25.704377023181546
2015-08-14,8.152879068536258
2015-08-15,5.4467626449606845
2015-08-16,0.031512956940607365
2015-08-17,21.037877218393547
2015-08-18,36.90385056135754
2015-08-19,2.032312863230214
2015-08-20,0.04126257929262908
2015-08-21,0.0036671232916406045
2015-08-22,0.8010085359053816
2015-08-23,0.2551362503550815
2015-08-24,2.3770147316367165e-05
2015-08-25,2.3770147316367165e-05
2015-08-26,5.230344890615977
2015-08-27,0.003858569446424078
2015-08-28,3.1556232368688534e-05
2015-08-29,3.1556232368688534e-05
2015-08-30,3.1556232368688534e-05
2015-08-31,0.1358623400287937
2015-09-01,0.0
2015-09-02,0.0
2015-09-03,0.0
2015-09-04,0.0
2015-09-05,0.0
2015-09-06,0.006691873559154992
2015-09-07,0.04812322949699778
2015-09-08,0.10606075820590773
2015-09-09,0.0001962346941269428
2015-09-10,10.9072537686565
2015-09-11,0.011641590499276589
2015-09-12,0.011641590499276589
2015-09-13,0.39327684810820435
2015-09-14,0.011641590499276589
2015-09-15,0.012659327516872099
2015-09-16,22.51623424593858
2015-09-17,0.04485627849334687
2015-09-18,0.0004828437460223664
2015-09-19,0.3799426469510601
2015-09-20,0.37979497015635255
2015-09-21,31.268563966822025
2015-09-22,16.87286764752141
2015-09-23,26.8928697466708
2015-09-24,9.175414044490678
2015-09-25,5.0486129843394965
2015-09-26,0.22506760747919008
2015-09-27,0.15042161114324976
2015-09-28,0.00012625616257848726
2015-09-29,1.965611783004233
2015-09-30,0.00012625616257848726
2015-10-01,4.1863188119078795e-05
2015-10-02,14.424617340935567
2015-10-03,0.0021522160815373274
2015-10-04,0.0004905681270122858
2015-10-05,0.0005181116551352922
2015-10-06,0.3291467291862054
2015-10-07,55.33285711195829
2015-10-08,28.4292364081405
2015-10-09,0.7114447701649335
2015-10-10,7.620232942034487
2015-10-11,6.6592933786559225
2015-10-12,3.0094621073051435
2015-10-13,0.0007857652621450088
2015-10-14,10.33676974511663
2015-10-15,12.938890120609697
2015-10-16,0.00010237595514158027
2015-10-17,0.00010237595514158027
2015-10-18,0.00010237595514158027
2015-10-19,30.468817171111773
2015-10-20,26.769122127742218
2015-10-21,0.2184310477163282
2015-10-22,0.2118984164466666
2015-10-23,0.5372302920371361
2015-10-24,1.3237649404857588
2015-10-25,2.829579092093293
2015-10-26,0.3330313433650454
2015-10-27,1.2968811090752066
2015-10-28,0.14075304435428443
2015-10-29,0.0429566207760267
2015-10-30,34.823821326349645
2015-10-31,0.25530567629063516
2015-11-01,0.009792657991183762
2015-11-02,0.022936646677789264
2015-11-03,2.9570328210284753
2015-11-04,4.241874769184719
2015-11-05,2.027292948221228
2015-11-06,0.0003644565458710854
2015-11-07,0.006146416513236913
2015-11-08,0.5280345611501642
2015-11-09,1.085735397879921
2015-11-10,31.359561240510885
2015-11-11,0.02587894846014695
2015-11-12,5.150969006150208
2015-11-13,29.190597594662627
2015-11-14,0.001245968872933129
2015-11-15,0.00015242345439717242
2015-11-16,1.1161919995948382
2015-11-17,8.353420342855628
2015-11-18,0.9434721893445346
2015-11-19,7.069833353482608
2015-11-20,3.396951440534356
2015-11-21,0.0
2015-11-22,0.0
2015-11-23,0.0
2015-11-24,0.0
2015-11-25,0.0
2015-11-26,1.2033713132696497
2015-11-27,22.570643129477205
2015-11-28,2.515117008240544
2015-11-29,0.00010423778884760181
2015-11-30,0.00010423778884760181
2015-12-01,0.02961446310585483
2015-12-02,0.4863347483808171
2015-12-03,2.468246742626909
2015-12-04,28.077501776105994
2015-12-05,0.008912382123084631
2015-12-06,0.005548893876719662
2015-12-07,0.00045285039992046364
2015-12-08,0.00045285039992046364
2015-12-09,5.026059450751726
2015-12-10,0.003760014346276132
2015-12-11,0.0008025823549833186
2015-12-12,0.02613943199228347
2015-12-13,9.449431359304818
2015-12-14,2.665904509361943
2015-12-15,13.330448978153361
2015-12-16,0.0015475668353311922
2015-12-17,15.010368180930307
2015-12-18,51.769615486263504
2015-12-19,0.005379736165756344
2015-12-20,5.861914816895345e-05
2015-12-21,5.080536294386697
2015-12-22,24.370055479926965
2015-12-23,18.65253896612956
2015-12-24,0.6458784920211667
2015-12-25,0.004733345092676199
2015-12-26,0.015149883540961395
2015-12-27,0.029398385936899276
2015-12-28,0.0001675433234103146
2015-12-29,0.9177630852817522
2015-12-30,4.71509584251499
2015-12-31,0.19639671482933332
2016-01-01,0.17450654685800526
2016-01-02,0.28273312019985863
2016-01-03,0.4252563036441278
2016-01-04,0.34344019483874133
2016-01-05,34.99859774507673
2016-01-06,0.0
2016-01-07,0.0
2016-01-08,0.0
2016-01-09,0.0
2016-01-10,0.0
2016-01-11,0.2761478284948569
2016-01-12,0.013144941304588155
2016-01-13,0.009325613464686737
2016-01-14,0.0
2016-01-15,0.0
2016-01-16,0.021084324290506714
2016-01-17,0.2100852131715115
2016-01-18,0.7076176012174066
2016-01-19,0.19275806736073342
2016-01-20,0.0023421640379887847
2016-01-21,0.007959792149875466
2016-01-22,0.0
2016-01-23,4.251054201485994
2016-01-24,0.014103558936341642
2016-01-25,0.805169071652243
2016-01-26,0.32100754034822765
2016-01-27,0.0
2016-01-28,0.8800761493530312
2016-01-29,17.722039473981976
2016-01-30,6.730450252628167
2016-01-31,2.9716086961008443
2016-02-01,0.02004073929451215
2016-02-02,0.5001178825193944
2016-02-03,0.28281189952035685
2016-02-04,2.039837792031251
2016-02-05,0.8549862758345523
2016-02-06,0.0
2016-02-07,0.001943892874532829
2016-02-08,9.692716165372998
2016-02-09,7.033774754320217
2016-02-10,0.00612954870582401
2016-02-11,0.0
2016-02-12,0.0
2016-02-13,42.55751805016502
2016-02-14,3.8289477627468678
2016-02-15,0.002453265385389745
2016-02-16,7.095563756596976
2016-02-17,24.624830845736273
2016-02-18,0.8606787298347467
2016-02-19,0.18404243237677895
2016-02-20,0.16828867285872892
2016-02-21,0.0006508558341990136
2016-02-22,0.5639213221301027
2016-02-23,0.2732725991120442
2016-02-24,0.1179770588885924
2016-02-25,0.11656872393812716
2016-02-26,19.303865808556996
2016-02-27,4.71916974490888
2016-02-28,0.0
2016-02-29,0.0
2016-03-01,0.3905741691808434
2016-03-02,16.348097346050654
2016-03-03,1.9628292625233619
2016-03-04,1.1396731832703841
2016-03-05,8.455037639989579
2016-03-06,0.025072811148939503
2016-03-07,0.0
2016-03-08,0.0
2016-03-09,3.9349064321555285
2016-03-10,8.12657183759421
2016-03-11,0.0
2016-03-12,0.0
2016-03-13,0.0
2016-03-14,0.0
2016-03-15,0.0
2016-03-16,0.0
2016-03-17,0.024536985319726538
2016-03-18,15.924535834299572
2016-03-19,8.50135240036525
2016-03-20,44.64644890357719
2016-03-21,32.11020744079281
2016-03-22,2.577488230279704
2016-03-23,0.9883836483656361
2016-03-24,0.049539792960502635
2016-03-25,1.276874173821757
2016-03-26,47.454860701644314
2016-03-27,2.9531942260051802
2016-03-28,2.8592443592891934
2016-03-29,0.07340315683619908
2016-03-30,0.000961402325482888
2016-03-31,0.003089196390612148
2016-04-01,0.04942426053122018
2016-04-02,2.562748326578676
2016-04-03,4.542750885783528
2016-04-04,59.60213742620421
2016-04-05,23.096410189614833
2016-04-06,26.16632484616498
2016-04-07,0.4002507278974739
2016-04-08,19.779959722258393
2016-04-09,10.932513074363834
2016-04-10,24.014016857042616
2016-04-11,33.165216637281524
2016-04-12,0.46301525051748793
2016-04-13,18.57735573539879
2016-04-14,0.5621666251681701
2016-04-15,0.5251372656058695
2016-04-16,6.620018859581202
2016-04-17,7.6791958167873595
2016-04-18,105.27772838208763
2016-04-19,60.24774856565612
2016-04-20,3.768234836598652
2016-04-21,44.47721923419738
2016-04-22,0.0
2016-04-23,4.760223816834266
2016-04-24,26.007345648053814
2016-04-25,19.613537862167917
2016-04-26,2.8025576431786168
2016-04-27,0.046218160687708024
2016-04-28,0.00016664013643906452
2016-04-29,0.06766518231124485
2016-04-30,0.02439736491310768
2016-05-01,0.02145847175918649
2016-05-02,0.0
2016-05-03,0.6509746032451831
2016-05-04,0.0011236410066591898
2016-05-05,0.06049318360712441
2016-05-06,1.094250621653045
2016-05-07,0.46529014921215367
2016-05-08,2.8995723928611024
2016-05-09,3.643577766406841
2016-05-10,2.082699878646587
2016-05-11,0.19971393767359202
2016-05-12,0.00026454142466026846
2016-05-13,0.044674184876095396
2016-05-14,0.041587831031698476
2016-05-15,48.051161255541146
2016-05-16,2.7720649119785423
2016-05-17,0.0
2016-05-18,0.0
2016-05-19,0.0
2016-05-20,0.013903552435155793
2016-05-21,0.0
2016-05-22,0.0
2016-05-23,0.0
2016-05-24,0.0
2016-05-25,0.0
2016-05-26,0.029174249310049135
2016-05-27,1.835913501259099
2016-05-28,2.460038648245595
2016-05-29,32.73049368166583
2016-05-30,9.400696507795173
2016-05-31,1.651994982160547
2016-06-01,0.006309109757093911
2016-06-02,0.3215074225572477
2016-06-03,0.04353082990108791
2016-06-04,0.5335993641116741
2016-06-05,0.050691247738779505
2016-06-06,0.0
2016-06-07,0.0
2016-06-08,0.0
2016-06-09,0.0
2016-06-10,0.0
2016-06-11,0.0
2016-06-12,0.0
2016-06-13,0.0
2016-06-14,0.0
2016-06-15,3.758495741957208
2016-06-16,0.0
2016-06-17,0.0
2016-06-18,0.0
2016-06-19,0.0
2016-06-20,0.0
2016-06-21,4.868950929705978e-05
2016-06-22,5.770184857942308e-06
2016-06-23,0.2617357089393205
2016-06-24,0.03571928058433122
2016-06-25,24.59926780910085
2016-06-26,46.30598845721109
2016-06-27,9.075132187306414
2016-06-28,2.1577517410223845
2016-06-29,7.607780943365031
2016-06-30,2.119252846722468e-06
2016-07-01,0.0
2016-07-02,0.0
2016-07-03,0.0
2016-07-04,0.7345161864647013
2016-07-05,30.683716801229632
2016-07-06,13.18435693001321
2016-07-07,0.0
2016-07-08,0.0
2016-07-09,21.091345229604737
2016-07-10,0.0058633099840701445
2016-07-11,20.182267436172967
2016-07-12,0.8395188077316776
2016-07-13,0.0021288285856290207
2016-07-14,0.20923515115972804
2016-07-15,4.986547033564002
2016-07-16,0.5961196176293336
2016-07-17,0.0
2016-07-18,0.0008742336938367734
2016-07-19,0.0
2016-07-20,0.017259905565190626
2016-07-21,0.019635948371498735
2016-07-22,0.0
2016-07-23,0.0
2016-07-24,0.050807123633453306
2016-07-25,18.322705211063468
2016-07-26,13.220435977895994
2016-07-27,0.10305689491537208
2016-07-28,9.868709128279057e-05
2016-07-29,0.0
2016-07-30,0.0
2016-07-31,0.05140964402046235
2016-08-01,0.12941042995431581
2016-08-02,0.004257805443949181
2016-08-03,0.004301413640441768
2016-08-04,0.07131535620421217
2016-08-05,0.01580091420174846
2016-08-06,3.1056917231208643
2016-08-07,4.6127294242579155e-05
2016-08-08,0.0
2016-08-09,0.09072529070475555
2016-08-10,0.0026176921340093314
2016-08-11,0.0
2016-08-12,0.0
2016-08-13,0.0
2016-08-14,0.0
2016-08-15,0.0
2016-08-16,0.002105346521008262
2016-08-17,8.19109927190925
2016-08-18,0.0
2016-08-19,0.0
2016-08-20,0.47630299882906935
2016-08-21,0.0
2016-08-22,0.0
2016-08-23,0.0
2016-08-24,0.0
2016-08-25,0.0
2016-08-26,0.0
2016-08-27,6.533301084167324
2016-08-28,27.4012330974121
2016-08-29,0.9454111158741624
2016-08-30,7.7707490693231565
2016-08-31,0.5320838834984543
2016-09-01,0.0
2016-09-02,0.0
2016-09-03,0.0
2016-09-04,0.0
2016-09-05,0.0
2016-09-06,0.0
2016-09-07,0.0
2016-09-08,0.0
2016-09-09,0.0
2016-09-10,0.0
2016-09-11,0.0
2016-09-12,16.522234408852974
2016-09-13,28.754443875270805
2016-09-14,0.5291829348976977
2016-09-15,0.0
2016-09-16,0.0
2016-09-17,0.015478869073555439
2016-09-18,0.09581358959850399
2016-09-19,0.15635999433654799
2016-09-20,0.2660657381585403
2016-09-21,0.1669496168040597
2016-09-22,0.1436912023963476
2016-09-23,0.6269512039717752
2016-09-24,0.1436912023963476
2016-09-25,0.2126681684101767
2016-09-26,0.0
2016-09-27,0.0
2016-09-28,0.0
2016-09-29,0.0
2016-09-30,0.0
2016-10-01,0.0
2016-10-02,0.0
2016-10-03,0.0
2016-10-04,0.0
2016-10-05,0.0
2016-10-06,0.0
2016-10-07,0.0
2016-10-08,0.0
2016-10-09,0.0
2016-10-10,0.0
2016-10-11,0.2651848860862697
2016-10-12,1.1982254288849132
2016-10-13,0.6949964042772686
2016-10-14,0.0511231140366179
2016-10-15,13.036009651862852
2016-10-16,21.38522830437639
2016-10-17,2.05181433603573
2016-10-18,32.05698420920121
2016-10-19,31.563474763574213
2016-10-20,0.8639604342838091
2016-10-21,0.5045155216021449
2016-10-22,0.0066426844913886115
2016-10-23,0.042320685568841526
2016-10-24,0.5110865705076825
2016-10-25,18.612661503301883
2016-10-26,7.690071389960751
2016-10-27,7.829053929453171
2016-10-28,0.001053874752319445
2016-10-29,0.0
2016-10-30,0.0
2016-10-31,0.02899083202738565
2016-11-01,31.985502855079947
2016-11-02,33.39467167369124
2016-11-03,0.0
2016-11-04,0.0
2016-11-05,0.0
2016-11-06,0.0
2016-11-07,2.038690342533962
2016-11-08,1.1554481692961653
2016-11-09,3.4583732316322204
2016-11-10,0.09674928736108042
2016-11-11,0.09048988763997672
2016-11-12,0.0
2016-11-13,0.0
2016-11-14,0.0
2016-11-15,7.4447373141944535
2016-11-16,2.3497883049896613
2016-11-17,9.177593764649389
2016-11-18,0.033518678976640695
2016-11-19,0.005242057598770794
2016-11-20,0.0
2016-11-21,1.1370311564866228e-07
2016-11-22,0.0
2016-11-23,0.0
2016-11-24,0.0
2016-11-25,9.615180050567314e-08
2016-11-26,0.6121841189760877
2016-11-27,32.98333549532198
2016-11-28,0.009301131176515298
2016-11-29,0.42161560622668964
2016-11-30,0.0
2016-12-01,0.0007066571746109346
2016-12-02,0.21932671000972503
2016-12-03,28.056182131562352
2016-12-04,0.05126599723581074
2016-12-05,0.0
2016-12-06,0.0
2016-12-07,0.0
2016-12-08,0.0
2016-12-09,0.0
2016-12-10,0.0
2016-12-11,0.32110859113600926
2016-12-12,0.0
2016-12-13,3.2646856491971534
2016-12-14,0.0
2016-12-15,0.0
2016-12-16,0.0
2016-12-17,0.0
2016-12-18,8.003407161964033
2016-12-19,8.194424652836139
2016-12-20,0.0
2016-12-21,0.0
2016-12-22,1.547205173632995
2016-12-23,5.270900208263044
2016-12-24,0.10002664654540148
2016-12-25,5.910847210856957
2016-12-26,42.743938799562926
2016-12-27,6.423745290611881
2016-12-28,0.05381464254730244
2016-12-29,1.4986470983275284
2016-12-30,1.9165935922870263
2016-12-31,2.3689564251358517
2017-01-01,5.5371426544212845
2017-01-02,0.6128503000450974
2017-01-03,21.62716808491644
2017-01-04,51.10309377172855
2017-01-05,0.7586739536305925
2017-01-06,0.0
2017-01-07,0.20873021708940503
2017-01-08,4.983956709464088
2017-01-09,4.915983836564857
2017-01-10,22.10097985881979
2017-01-11,0.0003572577179046021
2017-01-12,0.001166721229267609
2017-01-13,0.2792814135150474
2017-01-14,11.643135657231099
2017-01-15,0.40498044785336
2017-01-16,24.113766197697146
2017-01-17,1.7470871235270284
2017-01-18,0.4528142843310507
2017-01-19,0.0
2017-01-20,0.0
2017-01-21,0.0
2017-01-22,0.0
2017-01-23,0.0287268290025563
2017-01-24,5.582657911468314
2017-01-25,2.7445208575638818
2017-01-26,0.42939245935727
2017-01-27,0.06794254668989118
2017-01-28,0.0
2017-01-29,1.5645443684899853e-06
2017-01-30,1.7004547602367974
2017-01-31,5.408463459919675
2017-02-01,12.19499752056268
2017-02-02,5.665658379347633
2017-02-03,0.8419606500899026
2017-02-04,0.10660240786967624
2017-02-05,11.983349877951479
2017-02-06,0.0025954881886465077
2017-02-07,0.0
2017-02-08,0.15088877130448847
2017-02-09,0.041875715608250756
2017-02-10,11.269514756346728
2017-02-11,9.253714586863008
2017-02-12,8.304409018660445
2017-02-13,27.318304841519346
2017-02-14,5.446718860044006
2017-02-15,1.0897850865168266
2017-02-16,15.441668986224615
2017-02-17,26.18783946636042
2017-02-18,11.809130163129195
2017-02-19,1.3445823068783613
2017-02-20,2.645558801354319
2017-02-21,10.60301984304487
2017-02-22,15.919387291415338
2017-02-23,2.989346344487392
2017-02-24,1.9909028311979027
2017-02-25,0.013849983479169617
2017-02-26,6.913632932646665e-05
2017-02-27,0.0
2017-02-28,1.665111657423582
2017-03-01,0.17146668038493354
2017-03-02,0.043107922153943073
2017-03-03,5.359414639965665
2017-03-04,14.701102804488066
2017-03-05,0.05656470171144743
2017-03-06,0.0002481638250706654
2017-03-07,0.0
2017-03-08,1.4055086349445492e-06
2017-03-09,92.19377239663305
2017-03-10,4.47228004164825
2017-03-11,0.038335101557973095
2017-03-12,17.605273287929414
2017-03-13,0.0
2017-03-14,0.0
2017-03-15,1.2687049500785728
2017-03-16,5.447599170766431
2017-03-17,0.0008848152247648999
2017-03-18,0.0
2017-03-19,0.006930732106706285
2017-03-20,0.00991172347280018
2017-03-21,0.8067718634939266
2017-03-22,0.8380300665421933
2017-03-23,11.331390840902912
2017-03-24,1.1221758104478723
2017-03-25,0.06819955067500735
2017-03-26,0.0
2017-03-27,0.0
2017-03-28,0.0
2017-03-29,0.0
2017-03-30,0.0
2017-03-31,0.0
2017-04-01,1.4065366465572163e-06
2017-04-02,0.0
2017-04-03,0.004413652877088748
2017-04-04,0.06814952090245087
2017-04-05,1.2054406678831848
2017-04-06,0.0
2017-04-07,0.004784083801979744
2017-04-08,3.297205399764809
2017-04-09,58.899210375335535
2017-04-10,72.95715727692773
2017-04-11,0.0019382878088847926
2017-04-12,0.0
2017-04-13,0.0007581977191598882
2017-04-14,3.6013079814674756e-05
2017-04-15,0.0646172193343904
2017-04-16,1.9336142941031251
2017-04-17,0.182480700809237
2017-04-18,0.14397985357279086
2017-04-19,26.159489922881235
2017-04-20,14.731994760621829
2017-04-21,0.39432093630260456
2017-04-22,0.0
2017-04-23,0.0
2017-04-24,0.05828543094301745
2017-04-25,2.2186125313588363
2017-04-26,0.0
2017-04-27,0.0
2017-04-28,0.0
2017-04-29,0.0
2017-04-30,0.0
2017-05-01,0.0
2017-05-02,0.5689557984610001
2017-05-03,2.974289089721541
2017-05-04,0.9132405471113344
2017-05-05,1.1811513944722227
2017-05-06,0.05170831589428827
2017-05-07,0.12759390583056596
2017-05-08,16.131910136269646
2017-05-09,0.7659409275362368
2017-05-10,0.0
2017-05-11,0.13572967461523172
2017-05-12,39.64353444205882
2017-05-13,50.72170990081891
2017-05-14,1.4978004509941953
2017-05-15,0.39139066105506237
2017-05-16,0.0010912101775337967
2017-05-17,0.0024976516137218407
2017-05-18,0.7933450640467485
2017-05-19,7.401745771054248
2017-05-20,0.04798539871078523
2017-05-21,1.004897878717401e-05
2017-05-22,0.0
2017-05-23,0.7758777209667248
2017-05-24,1.186403013418469
2017-05-25,60.6662767376202
2017-05-26,21.891310321471888
2017-05-27,0.06310645029254335
2017-05-28,33.93422359831817
2017-05-29,4.809052973481218
2017-05-30,0.13535086623085796
2017-05-31,0.0002687366973369409
2017-06-01,0.0
2017-06-02,0.0
2017-06-03,0.0
2017-06-04,0.0
2017-06-05,0.0
2017-06-06,0.0
2017-06-07,4.3005660689108725
2017-06-08,23.770571941427235
2017-06-09,2.4970804519973724
2017-06-10,0.0
2017-06-11,0.0
2017-06-12,0.0
2017-06-13,0.0
2017-06-14,0.0
2017-06-15,0.0
2017-06-16,0.003850136496373384
2017-06-17,0.22903430178082465
2017-06-18,9.367973971884522
2017-06-19,0.0
2017-06-20,0.0
2017-06-21,0.0
2017-06-22,0.0
2017-06-23,0.0
2017-06-24,0.0
2017-06-25,0.0
2017-06-26,0.0
2017-06-27,0.017403976734800146
2017-06-28,9.139205316559888
2017-06-29,29.689966315138484
2017-06-30,0.07909918992507585
2017-07-01,0.0
2017-07-02,0.0
2017-07-03,0.0
2017-07-04,0.0
2017-07-05,0.0
2017-07-06,0.024060531282877672
2017-07-07,0.11494025925058486
2017-07-08,1.3623879251070843
2017-07-09,0.9377872398749926
2017-07-10,16.32142378584643
2017-07-11,9.14200736049028
2017-07-12,9.976477158291765
2017-07-13,0.0
2017-07-14,0.0
2017-07-15,0.36551954172581896
2017-07-16,3.552736707637102
2017-07-17,2.9611575637080975e-05
2017-07-18,0.0
2017-07-19,0.0
2017-07-20,0.0
2017-07-21,0.0
2017-07-22,0.0
2017-07-23,0.0
2017-07-24,0.002427525623250726
2017-07-25,0.032939457906559964
2017-07-26,4.445452448707333
2017-07-27,0.09499700519897579
2017-07-28,0.0
2017-07-29,0.0
2017-07-30,0.0
2017-07-31,0.5064821140753321
2017-08-01,0.47435788405186047
2017-08-02,41.19875437368674
2017-08-03,0.004022995523403578
2017-08-04,0.0
2017-08-05,0.0
2017-08-06,0.0
2017-08-07,3.237796840708077
2017-08-08,27.65904947186637
2017-08-09,0.09268578559412526
2017-08-10,0.012126816505757872
2017-08-11,24.525832160655213
2017-08-12,55.96525762862347
2017-08-13,3.4969894520202653
2017-08-14,0.10311268933469354
2017-08-15,0.0
2017-08-16,0.0
2017-08-17,0.0
2017-08-18,0.0
2017-08-19,1.1319682186177382
2017-08-20,0.4933773226518574
2017-08-21,0.0
2017-08-22,0.0
2017-08-23,0.0
2017-08-24,0.5070470759649209
2017-08-25,0.001033577260829699
2017-08-26,12.283478188670134
2017-08-27,0.10436392460222514
2017-08-28,2.4983988229418315
2017-08-29,2.0494588131845544
2017-08-30,6.033127895236706
2017-08-31,0.0051085908904688546
2017-09-01,0.0
2017-09-02,0.0
2017-09-03,0.0002343288697282016
2017-09-04,20.265691563320452
2017-09-05,0.741254406376555
2017-09-06,0.02880937414491696
2017-09-07,12.203960952338871
2017-09-08,13.3120957616218
2017-09-09,3.4986951355262157
2017-09-10,9.543510732446109
2017-09-11,25.692092198977516
2017-09-12,0.17619659375534866
2017-09-13,53.99137301354611
2017-09-14,39.94131817959758
2017-09-15,1.2815917862014927e-05
2017-09-16,0.542086455725735
2017-09-17,0.012873676982176013
2017-09-18,0.0
2017-09-19,0.0002570951828726082
2017-09-20,0.0
2017-09-21,0.05038355849488017
2017-09-22,6.43570517395672
2017-09-23,0.1768739936781489
2017-09-24,1.0992776148440788e-05
2017-09-25,3.05647266544572
2017-09-26,0.4436635318857242
2017-09-27,17.793458111286736
2017-09-28,0.02439960040159812
2017-09-29,0.04746907261146032
2017-09-30,1.2088207321358284
2017-10-01,10.01820291799095
2017-10-02,5.992329062441729
2017-10-03,0.004575203538210466
2017-10-04,0.0017350445000326098
2017-10-05,0.002623417708816013
2017-10-06,0.4996697493325617
2017-10-07,0.0
2017-10-08,0.0035697254204963133
2017-10-09,0.28316569238076955
2017-10-10,0.20791411856693512
2017-10-11,7.330383089258484
2017-10-12,19.386821403542097
2017-10-13,0.923065016156098
2017-10-14,0.06360217649745041
2017-10-15,0.0
2017-10-16,0.0
2017-10-17,15.52994554692904
2017-10-18,13.29813009868824
2017-10-19,49.38895917009264
2017-10-20,0.0
2017-10-21,8.666089568364002
2017-10-22,0.17237116083907458
2017-10-23,0.0
2017-10-24,0.14550658745121195
2017-10-25,0.3868752066694599
2017-10-26,0.047926146394750874
2017-10-27,7.074992160876671
2017-10-28,1.1028166815441367
2017-10-29,0.2265865058387266
2017-10-30,0.12874727289462823
2017-10-31,0.0
2017-11-01,0.0
2017-11-02,0.054451352207035786
2017-11-03,10.81844228777691
2017-11-04,7.077013637872165
2017-11-05,0.0
2017-11-06,0.0
2017-11-07,0.7341306446178486
2017-11-08,1.5215344047351549
2017-11-09,0.2296088510216646
2017-11-10,0.171672952634858
2017-11-11,0.30464658659874744
2017-11-12,0.0945183191067748
2017-11-13,0.0945183191067748
2017-11-14,0.0945183191067748
2017-11-15,0.0945183191067748
2017-11-16,15.606886569015263
2017-11-17,0.0
2017-11-18,0.0
2017-11-19,0.0
2017-11-20,0.009900379980572055
2017-11-21,12.074707414740738
2017-11-22,0.0
2017-11-23,0.0
2017-11-24,0.4501704386333989
2017-11-25,0.9203538290937339
2017-11-26,0.0
2017-11-27,0.0
2017-11-28,0.0
2017-11-29,0.0
2017-11-30,0.0
2017-12-01,0.0
2017-12-02,0.0
2017-12-03,0.0
2017-12-04,0.0
2017-12-05,0.0
2017-12-06,0.0
2017-12-07,0.0
2017-12-08,0.0
2017-12-09,0.0
2017-12-10,0.0
2017-12-11,0.0
2017-12-12,0.0
2017-12-13,0.0
2017-12-14,7.136533224706811
2017-12-15,0.0
2017-12-16,0.0
2017-12-17,22.742183539837953
2017-12-18,0.0
2017-12-19,0.18304160891016732
2017-12-20,0.6619285702548326
2017-12-21,0.0
2017-12-22,0.0
2017-12-23,0.0
2017-12-24,0.0
2017-12-25,0.0
2017-12-26,0.0
2017-12-27,0.17583438748388397
2017-12-28,4.750748050182156e-05
2017-12-29,0.0
2017-12-30,0.0011946452372211815
2017-12-31,7.782137667596773
2018-01-01,5.997928031102855
2018-01-02,0.5735569620268688
2018-01-03,0.0
2018-01-04,0.0
2018-01-05,0.0
2018-01-06,9.27355042889472
2018-01-07,0.0
2018-01-08,0.0
2018-01-09,0.02623292566849167
2018-01-10,0.010518791078951959
2018-01-11,0.13903676621399072
2018-01-12,0.0
2018-01-13,0.13758085141684745
2018-01-14,5.628759563204404
2018-01-15,2.0363390667230368
2018-01-16,0.03356361980882615
2018-01-17,1.2019460868269982
2018-01-18,17.652199701735537
2018-01-19,0.04219818569226249
2018-01-20,0.0017002910308885654
2018-01-21,8.92768189070618
2018-01-22,1.25429152841487
2018-01-23,3.3668060749051087
2018-01-24,0.085525872311441
2018-01-25,0.0
2018-01-26,0.0
2018-01-27,3.4161360126544635
2018-01-28,1.8603400238832855
2018-01-29,0.0002422504175934824
2018-01-30,0.016906791313578848
2018-01-31,0.0
2018-02-01,0.2356773563980483
2018-02-02,0.2356773563980483
2018-02-03,0.2356773563980483
2018-02-04,0.2356773563980483
2018-02-05,0.2356773563980483
2018-02-06,0.0
2018-02-07,0.0
2018-02-08,0.05176105688322755
2018-02-09,4.05286686237559
2018-02-10,6.81088983188099
2018-02-11,4.971788602475413
2018-02-12,0.2120286654272562
2018-02-13,0.0
2018-02-14,0.0
2018-02-15,0.0
2018-02-16,0.0
2018-02-17,0.0
2018-02-18,0.006195963767110176
2018-02-19,5.282629832430059
2018-02-20,3.9614496705323035
2018-02-21,1.1886794176906752
2018-02-22,0.029447996353291248
2018-02-23,0.0
2018-02-24,0.0001022613169001322
2018-02-25,0.001262861872203182
2018-02-26,0.006063813979841285
2018-02-27,13.118491168024109
2018-02-28,0.3284481413720077
2018-03-01,0.384217332289466
2018-03-02,0.08491001252802598
2018-03-03,0.007085369607248016
2018-03-04,0.022401809443295617
2018-03-05,0.006803473524274667
2018-03-06,0.0
2018-03-07,0.0
2018-03-08,0.0
2018-03-09,0.0
2018-03-10,0.0
2018-03-11,5.279951730318898
2018-03-12,0.0
2018-03-13,0.016619216588605205
2018-03-14,0.0
2018-03-15,21.409935238673775
2018-03-16,0.0
2018-03-17,1.8430938135608572
2018-03-18,9.48254034938715
2018-03-19,0.6305641253016026
2018-03-20,0.0
2018-03-21,0.0015610586463856515
2018-03-22,0.0001860962259876008
2018-03-23,0.0068990325999074165
2018-03-24,21.828867730695507
2018-03-25,16.56465521212053
2018-03-26,1.4382045924829045e-07
2018-03-27,0.05167382991092701
2018-03-28,0.12758286035719293
2018-03-29,0.050958434128145
2018-03-30,0.033043402189666726
2018-03-31,0.0
2018-04-01,14.834356034868195
2018-04-02,6.345184506185815
2018-04-03,2.834801539580213
2018-04-04,0.9308764227356559
2018-04-05,0.002520519471998165
2018-04-06,0.011125925372660517
2018-04-07,0.18031462637281243
2018-04-08,0.08755004321277256
2018-04-09,1.1418518678541114
2018-04-10,0.00016817229422297564
2018-04-11,0.03212852926347756
2018-04-12,27.9053157770748
2018-04-13,0.005989354953157981
2018-04-14,0.0010531497151732927
2018-04-15,0.0
2018-04-16,0.00024294589255755055
2018-04-17,0.0075116277331106355
2018-04-18,0.0016913630143791038
2018-04-19,0.09773803679209891
2018-04-20,6.690003770052814
2018-04-21,22.690606321736386
2018-04-22,13.636635866225959
2018-04-23,12.278623773250256
2018-04-24,4.8817255469690135
2018-04-25,2.086945113461773
2018-04-26,0.04196227057220058
2018-04-27,1.0758428724057978
2018-04-28,0.23141966399848618
2018-04-29,26.891707530486464
2018-04-30,6.183782022660588
2018-05-01,2.3904194313091414
2018-05-02,37.05937016462152
2018-05-03,18.845346520560877
2018-05-04,17.606499814222325
2018-05-05,0.29952844971309694
2018-05-06,0.43956587807361797
2018-05-07,0.00110509444163641
2018-05-08,0.010982427824604069
2018-05-09,7.488873486686474
2018-05-10,18.237670210693945
2018-05-11,1.494095698185165
2018-05-12,7.570860261683634e-06
2018-05-13,0.0
2018-05-14,6.7403415911473374e-06
2018-05-15,0.17396140535904658
2018-05-16,0.0
2018-05-17,2.7185621584167534
2018-05-18,10.50745451149685
2018-05-19,1.6016162570557018
2018-05-20,0.26732814496047824
2018-05-21,0.13405021387748503
2018-05-22,0.07250088890976
2018-05-23,0.0
2018-05-24,0.0
2018-05-25,0.0
2018-05-26,0.0
2018-05-27,0.0
2018-05-28,0.0
2018-05-29,0.0
2018-05-30,6.259275981621238
2018-05-31,57.753182492916416
2018-06-01,13.59110850293889
2018-06-02,0.43516142575959627
2018-06-03,0.003034072351765039
2018-06-04,2.4411670847298796
2018-06-05,8.197502991343036
2018-06-06,0.001258730389082104
2018-06-07,2.00791943092883e-05
2018-06-08,0.0
2018-06-09,0.0
2018-06-10,0.2300344319735555
2018-06-11,30.920349366186247
2018-06-12,0.8116117986934688
2018-06-13,0.49773589223159315
2018-06-14,0.00786690629625255
2018-06-15,0.00042971756030750144
2018-06-16,0.0
2018-06-17,0.0
2018-06-18,0.0
2018-06-19,0.0
2018-06-20,0.0
2018-06-21,0.0
2018-06-22,0.0
2018-06-23,0.0
2018-06-24,0.0
2018-06-25,0.0
2018-06-26,0.0
2018-06-27,0.0
2018-06-28,2.430517429400291
2018-06-29,21.809514957254393
2018-06-30,0.5026009156601331
2018-07-01,4.6740339978046475
2018-07-02,36.99492960282946
2018-07-03,0.07386395338441296
2018-07-04,1.2734151524417545
2018-07-05,0.7304104827272259
2018-07-06,3.743982921303596
2018-07-07,24.301337043359446
2018-07-08,0.27605963589610233
2018-07-09,0.7076641295898546
2018-07-10,0.009966761704919882
2018-07-11,0.0019713174729795798
2018-07-12,1.1808086830530351e-05
2018-07-13,0.00524720811091902
2018-07-14,0.0
2018-07-15,1.1619906627871501
2018-07-16,1.4553360846948706
2018-07-17,12.515219077228165
2018-07-18,24.204185572041094
2018-07-19,0.034163165215294104
2018-07-20,58.675289294225784
2018-07-21,0.060698565834187354
2018-07-22,3.077587271870256
2018-07-23,19.79436013349252
2018-07-24,0.003666245226648018
2018-07-25,32.55205033104723
2018-07-26,3.1715795223702186
2018-07-27,0.1907098851391236
2018-07-28,0.4112690956473935
2018-07-29,0.1606601192046776
2018-07-30,0.044919505162780204
2018-07-31,0.0010342683544305945
2018-08-01,0.0
2018-08-02,0.0
2018-08-03,0.0
2018-08-04,0.0
2018-08-05,0.0
2018-08-06,0.0
2018-08-07,0.0
2018-08-08,4.051181247027018
2018-08-09,0.9332183291531495
2018-08-10,0.0320174067032148
2018-08-11,0.0
2018-08-12,0.0
2018-08-13,0.0
2018-08-14,0.0
2018-08-15,0.0
2018-08-16,0.0007596260821273172
2018-08-17,0.0
2018-08-18,0.0
2018-08-19,14.335642983766547
2018-08-20,0.0050555159003822965
2018-08-21,0.026610466445950463
2018-08-22,0.38565514226341124
2018-08-23,0.0
2018-08-24,23.482620632552553
2018-08-25,1.0792804756296461
2018-08-26,0.0
2018-08-27,0.0
2018-08-28,0.0
2018-08-29,16.814812364489896
2018-08-30,37.94101427698007
2018-08-31,32.80004800965794
2018-09-01,5.154248490356777
2018-09-02,7.120507522450163
2018-09-03,0.3126792741806337
2018-09-04,8.908210537288804e-07
2018-09-05,0.0
2018-09-06,0.0
2018-09-07,0.0
2018-09-08,0.0
2018-09-09,0.0
2018-09-10,0.0
2018-09-11,0.0
2018-09-12,0.039578631792414116
2018-09-13,0.12075189216168758
2018-09-14,6.07388273402177
2018-09-15,24.694595951077492
2018-09-16,1.869290102844475
2018-09-17,0.9285611037604341
2018-09-18,0.6895933253469086
2018-09-19,0.16718020437371017
2018-09-20,0.0
2018-09-21,0.39001716630471983
2018-09-22,0.11462118391439716
2018-09-23,45.83663319880667
2018-09-24,21.18245143027616
2018-09-25,6.547635170750968
2018-09-26,2.354208027486196
2018-09-27,0.4699476749618095
2018-09-28,2.509457978851052
2018-09-29,38.507571508148516
2018-09-30,32.056381817512154
2018-10-01,42.3842978975796
2018-10-02,0.0
2018-10-03,0.0
2018-10-04,0.016849063106202575
2018-10-05,0.0
2018-10-06,0.0
2018-10-07,1.4042507305374012e-06
2018-10-08,0.08022393786156924
2018-10-09,7.356830924829272
2018-10-10,0.034977834765803135
2018-10-11,8.503137320899148e-05
2018-10-12,0.17028261295723746
2018-10-13,0.0021239125617826945
2018-10-14,0.0
2018-10-15,0.0
2018-10-16,0.0
2018-10-17,0.0
2018-10-18,0.0
2018-10-19,0.0
2018-10-20,0.0
2018-10-21,0.0
2018-10-22,0.0
2018-10-23,0.0
2018-10-24,0.0
2018-10-25,0.0
2018-10-26,7.21651062616771
2018-10-27,4.93443330080929
2018-10-28,0.05164614905052005
2018-10-29,9.309891896667474e-06
2018-10-30,0.927398869050243
2018-10-31,0.8244912646585945
2018-11-01,0.06684849939706194
2018-11-02,0.0
2018-11-03,4.275642930254112
2018-11-04,0.0
2018-11-05,0.0
2018-11-06,0.0
2018-11-07,0.0
2018-11-08,0.0
2018-11-09,0.0
2018-11-10,0.0
2018-11-11,0.015344995449930107
2018-11-12,0.0
2018-11-13,53.69747436088797
2018-11-14,25.237534435582628
2018-11-15,0.0
2018-11-16,0.0
2018-11-17,46.28519026915946
2018-11-18,0.36497963120753885
2018-11-19,0.0
2018-11-20,0.0
2018-11-21,0.0
2018-11-22,0.0
2018-11-23,6.213562107725195
2018-11-24,0.7123828415011498
2018-11-25,0.01871889499664105
2018-11-26,0.011387701531080766
2018-11-27,1.7298787819502057
2018-11-28,2.10167060084714
2018-11-29,0.18437290497333297
2018-11-30,0.2474114133617949
2018-12-01,0.0
2018-12-02,0.0
2018-12-03,0.0
2018-12-04,0.0
2018-12-05,0.0
2018-12-06,0.0
2018-12-07,0.0
2018-12-08,0.0
2018-12-09,0.0
2018-12-10,0.6112757889679967
2018-12-11,6.137127208037619
2018-12-12,25.56897164281365
2018-12-13,0.24112373892573624
2018-12-14,54.256741941160456
2018-12-15,0.007291758878682121
2018-12-16,0.007605672809808305
2018-12-17,36.31066007442682
2018-12-18,3.2576894376020693
2018-12-19,12.523162627205435
2018-12-20,5.416182742931647
2018-12-21,6.014163899174567
2018-12-22,0.062692646094724
2018-12-23,0.04811837283652893
2018-12-24,0.0
2018-12-25,0.07303575055914183
2018-12-26,0.0
2018-12-27,0.0
2018-12-28,0.0
2018-12-29,0.0
2018-12-30,0.0
2018-12-31,0.0
2019-01-01,0.3182548401686189
2019-01-02,20.572801950287978
2019-01-03,17.65208156780363
2019-01-04,0.0
2019-01-05,0.0
2019-01-06,1.151474222751119
2019-01-07,37.39439242219822
2019-01-08,0.060071784204913915
2019-01-09,24.555810753106183
2019-01-10,50.94243430804475
2019-01-11,0.09687717700267966
2019-01-12,7.642893916029568
2019-01-13,1.8047151795590675
2019-01-14,7.255546846011753
2019-01-15,36.96534342195134
2019-01-16,2.075601362380006
2019-01-17,14.437007340266101
2019-01-18,47.25065841157789
2019-01-19,0.9262704486917783
2019-01-20,0.07612421241049787
2019-01-21,4.892547368541232
2019-01-22,0.0016528465195113314
2019-01-23,7.898595893143176
2019-01-24,5.939198812815344
2019-01-25,2.6551457658039177
2019-01-26,0.37592212736044545
2019-01-27,0.18836112167705354
2019-01-28,0.2794604727370284
2019-01-29,0.9918348329281752
2019-01-30,9.819221801447924
2019-01-31,9.831347006227768
2019-02-01,22.23663765934746
2019-02-02,1.7214626808360134
2019-02-03,0.1001621792138785
2019-02-04,0.0023389733472010525
2019-02-05,0.018790598849528384
2019-02-06,0.004442250598172147
2019-02-07,0.022151908340421356
2019-02-08,0.0
2019-02-09,0.010622008708526065
2019-02-10,1.783251580310864
2019-02-11,11.252905608777604
2019-02-12,0.0019208536246710418
2019-02-13,0.00022640004761477565
2019-02-14,1.8847702863389553
2019-02-15,0.46544727308726036
2019-02-16,0.34958131619839733
2019-02-17,0.004344640800020046
2019-02-18,0.23491120666333118
2019-02-19,1.8701217397750711
2019-02-20,2.1347845500368114e-05
2019-02-21,0.0
2019-02-22,0.0
2019-02-23,0.024814153989014084
2019-02-24,32.21178680133635
2019-02-25,0.9829068365794005
2019-02-26,0.22503987933784922
2019-02-27,0.0
2019-02-28,0.11165788217943333
2019-03-01,0.0
2019-03-02,1.3793641922750484
2019-03-03,0.0
2019-03-04,2.3561802688227793
2019-03-05,0.5916851766446862
2019-03-06,0.23694194794031476
2019-03-07,0.7541103614663555
2019-03-08,2.1567537463786506
2019-03-09,0.008965409816910293
2019-03-10,0.07504809572652509
2019-03-11,1.530572940108973e-05
2019-03-12,0.011343325842494962
2019-03-13,0.00010032500611181594
2019-03-14,4.2517330874558444e-05
2019-03-15,8.135859606875404e-05
2019-03-16,0.026857433545182986
2019-03-17,19.078471188679202
2019-03-18,1.1504368350583098
2019-03-19,0.0
2019-03-20,0.13461029657009943
2019-03-21,0.0
2019-03-22,0.0017268310861669298
2019-03-23,0.03535323485524931
2019-03-24,0.31769743093047237
2019-03-25,0.06551091648124549
2019-03-26,0.00880851171105957
2019-03-27,0.00014890395653190266
2019-03-28,0.00037015833942910113
2019-03-29,0.0030975401767795
2019-03-30,0.13270158964417697
2019-03-31,0.014231785647495781
2019-04-01,0.039898819297573856
2019-04-02,0.0026272634544734427
2019-04-03,0.5104740749740115
2019-04-04,17.906703368853993
2019-04-05,2.6504531591902896
2019-04-06,0.0009001470785612037
2019-04-07,0.9807992185284777
2019-04-08,4.387349472207618e-05
2019-04-09,0.0
2019-04-10,0.07472512185908402
2019-04-11,1.4804106796540797
2019-04-12,0.30366471794735184
2019-04-13,0.08490196250438703
2019-04-14,0.011979094513147217
2019-04-15,14.879701202948548
2019-04-16,1.9065349307102402
2019-04-17,5.791010215555799e-06
2019-04-18,0.006629290200306756
2019-04-19,0.0
2019-04-20,0.06920571245727222
2019-04-21,0.0006628203576435084
2019-04-22,0.0036782046271696188
2019-04-23,0.21811556576036745
2019-04-24,0.15850887837121105
2019-04-25,27.590201671090036
2019-04-26,35.39616644771819
2019-04-27,23.87871208756612
2019-04-28,0.15372929380797448
2019-04-29,0.00022144124431398236
2019-04-30,0.46661447667903294
2019-05-01,0.02160407864109696
2019-05-02,0.0
2019-05-03,1.358976371655008
2019-05-04,1.9959690774529115
2019-05-05,2.3284098897399748
2019-05-06,2.171417510483775
2019-05-07,1.3202505133852937e-05
2019-05-08,0.016429423731009286
2019-05-09,4.245590859458396
2019-05-10,22.62092298076985
2019-05-11,0.9437537088752171
2019-05-12,0.011374253149535411
2019-05-13,23.163283745260685
2019-05-14,0.04413296474700718
2019-05-15,0.032517917535293685
2019-05-16,0.03940571506473217
2019-05-17,0.0008258291515721021
2019-05-18,0.00011110314971499543
2019-05-19,6.4644676576931515
2019-05-20,22.648045978366742
2019-05-21,6.952525506543256
2019-05-22,0.22215597414895744
2019-05-23,1.2868372588569525
2019-05-24,0.0
2019-05-25,0.0
2019-05-26,0.5830036333294629
2019-05-27,0.16597684892947862
2019-05-28,7.060283066380461
2019-05-29,0.31593572137054143
2019-05-30,6.255517622978028
2019-05-31,1.140715959882223
2019-06-01,0.0
2019-06-02,0.0
2019-06-03,0.0
2019-06-04,0.0
2019-06-05,0.0
2019-06-06,0.0
2019-06-07,0.3567061858749454
2019-06-08,2.6233305458263887e-06
2019-06-09,0.003331660272772775
2019-06-10,9.264934386639316
2019-06-11,21.478062407455056
2019-06-12,13.19639899224991
2019-06-13,10.42468865567606
2019-06-14,7.532645376430841
2019-06-15,4.116781237693479
2019-06-16,0.08030145728678831
2019-06-17,0.21609368597666218
2019-06-18,0.39839551228341874
2019-06-19,0.00012103916891721026
2019-06-20,0.0
2019-06-21,0.0
2019-06-22,0.0
2019-06-23,0.0
2019-06-24,0.12236509034452477
2019-06-25,7.724008981531151
2019-06-26,0.0
2019-06-27,0.0
2019-06-28,23.60830127945551
2019-06-29,14.251605915649302
2019-06-30,1.9830348589094622
2019-07-01,0.0
2019-07-02,0.0
2019-07-03,0.0
2019-07-04,0.0
2019-07-05,0.0
2019-07-06,0.0
2019-07-07,0.0
2019-07-08,0.0
2019-07-09,0.0
2019-07-10,1.0537457160411396
2019-07-11,1.4341761312440953
2019-07-12,18.987490051886663
2019-07-13,0.9219401960971446
2019-07-14,0.15805599125486353
2019-07-15,0.002092072172334628
2019-07-16,0.05891192753393343
2019-07-17,0.0
2019-07-18,0.0
2019-07-19,0.2130288729688883
2019-07-20,0.5749498342167257
2019-07-21,0.0012358985432659264
2019-07-22,32.43495674624233
2019-07-23,21.427662895241717
2019-07-24,20.33109322293759
2019-07-25,36.24610267309264
2019-07-26,17.758280297483935
2019-07-27,1.3101470028465334
2019-07-28,0.050045204374733185
2019-07-29,9.953738891265353
2019-07-30,0.006758197208872979
2019-07-31,0.0
2019-08-01,48.81655052435049
2019-08-02,0.06802939479620307
2019-08-03,0.0
2019-08-04,0.0
2019-08-05,0.0
2019-08-06,0.0
2019-08-07,0.00047579190716327157
2019-08-08,0.05431697801685241
2019-08-09,0.06018593738159563
2019-08-10,0.007517029522358784
2019-08-11,0.0
2019-08-12,0.0
2019-08-13,0.0
2019-08-14,0.0
2019-08-15,0.0
2019-08-16,0.0
2019-08-17,0.0
2019-08-18,0.0
2019-08-19,0.0
2019-08-20,0.0
2019-08-21,0.0
2019-08-22,0.0
2019-08-23,0.6831198052458988
2019-08-24,0.0
2019-08-25,4.242742954036484
2019-08-26,20.216308380253448
2019-08-27,0.0953241040195014
2019-08-28,0.0
2019-08-29,0.13458094698753698
2019-08-30,67.2785890243423
2019-08-31,1.336735072425816
2019-09-01,0.0
2019-09-02,0.0
2019-09-03,0.0
2019-09-04,0.0
2019-09-05,0.0
2019-09-06,2.2813131188203313
2019-09-07,22.88222612093132
2019-09-08,15.809141395137921
2019-09-09,18.373774956945184
2019-09-10,4.007426952477258
2019-09-11,0.509627294531259
2019-09-12,0.12914308269661925
2019-09-13,8.112190464174198e-05
2019-09-14,0.003839535162703908
2019-09-15,0.03952753461895799
2019-09-16,14.42307675153313
2019-09-17,0.0
2019-09-18,0.0
2019-09-19,0.0
2019-09-20,0.0005580122517294236
2019-09-21,0.0
2019-09-22,0.0
2019-09-23,0.0
2019-09-24,0.0
2019-09-25,0.0
2019-09-26,0.0
2019-09-27,0.0
2019-09-28,0.0
2019-09-29,0.0
2019-09-30,0.0
2019-10-01,13.236905010712526
2019-10-02,60.82278558100332
2019-10-03,2.938298104799238
2019-10-04,5.55030885410342
2019-10-05,0.40589218206458244
2019-10-06,0.0
2019-10-07,0.0
2019-10-08,0.0
2019-10-09,0.0
2019-10-10,0.0
2019-10-11,0.14916728424337417
2019-10-12,1.4225922127291897
2019-10-13,17.17157632907938
2019-10-14,16.807190368370893
2019-10-15,0.024766949868893783
2019-10-16,11.90853383594898
2019-10-17,50.709579187277946
2019-10-18,0.3455361686995243
2019-10-19,0.0
2019-10-20,0.8757151996034729
2019-10-21,0.0
2019-10-22,0.0
2019-10-23,0.0
2019-10-24,0.0
2019-10-25,0.0
2019-10-26,0.0
2019-10-27,19.05949379559544
2019-10-28,1.4867444026037187
2019-10-29,71.1415400312565
2019-10-30,44.292880517462436
2019-10-31,0.8163399393348051
2019-11-01,0.07594931069914575
2019-11-02,17.698526768900386
2019-11-03,0.6745004216923538
2019-11-04,23.865453946834148
2019-11-05,0.15393542601867694
2019-11-06,0.0
2019-11-07,0.0
2019-11-08,0.0
2019-11-09,0.0
2019-11-10,0.0
2019-11-11,0.24082593403360172
2019-11-12,0.06840171361103914
2019-11-13,9.018655939495064
2019-11-14,3.1137882749929835
2019-11-15,0.0038548251093231648
2019-11-16,0.21786339193315152
2019-11-17,0.21786339193315152
2019-11-18,0.21786339193315152
2019-11-19,0.21786339193315152
2019-11-20,0.2187492765099017
2019-11-21,1.5261024704458997e-05
2019-11-22,19.98479889960437
2019-11-23,0.038517906506029556
2019-11-24,0.001298364987013634
2019-11-25,0.21758366056085865
2019-11-26,26.602347073727508
2019-11-27,1.809248689789633
2019-11-28,0.0
2019-11-29,0.0
2019-11-30,0.029252582262033925
2019-12-01,0.0
2019-12-02,0.0
2019-12-03,0.0
2019-12-04,0.0
2019-12-05,0.0
2019-12-06,0.021035977923637657
2019-12-07,0.02057206237680697
2019-12-08,0.02057206237680697
2019-12-09,0.04100490553726768
2019-12-10,0.02057206237680697
2019-12-11,0.0
2019-12-12,0.0006740322965253757
2019-12-13,0.0
2019-12-14,2.199655151917832
2019-12-15,39.48351784923296
2019-12-16,0.42993407386545895
2019-12-17,1.5621516152953574
2019-12-18,0.0
2019-12-19,0.30818822379217914
2019-12-20,16.427487510210266
2019-12-21,2.9450019793778264
2019-12-22,0.11403165502695775
2019-12-23,0.0
2019-12-24,0.0
2019-12-25,0.0
2019-12-26,1.936205254726154
2019-12-27,1.1736835253334381
2019-12-28,3.1576275111743324
2019-12-29,0.3824076564287306
2019-12-30,0.962323667617992
2019-12-31,16.46255322620523
