,precipitation
1989-01-01,0.07616416624035864
1989-01-02,0.4614828842711813
1989-01-03,0.3979243735230924
1989-01-04,0.00868900604642481
1989-01-05,7.8167483772544335
1989-01-06,0.14190175950929307
1989-01-07,5.547735946735795
1989-01-08,1.0662745761805674
1989-01-09,5.164596727847457
1989-01-10,0.06737301256307945
1989-01-11,0.29501081829951487
1989-01-12,0.7994534989270419
1989-01-13,0.8598261159583845
1989-01-14,0.8540124184078024
1989-01-15,6.906749878058927e-05
1989-01-16,0.0
1989-01-17,0.0
1989-01-18,0.0
1989-01-19,0.0
1989-01-20,0.0
1989-01-21,0.0
1989-01-22,0.0
1989-01-23,0.014909186769781816
1989-01-24,0.19563734771071353
1989-01-25,14.6926994551446
1989-01-26,38.85669549897286
1989-01-27,0.0
1989-01-28,3.5949675779630996
1989-01-29,28.440301924973053
1989-01-30,0.5426904313516789
1989-01-31,0.0
1989-02-01,0.0
1989-02-02,12.458341132419692
1989-02-03,41.985779195690206
1989-02-04,0.12183348943402965
1989-02-05,1.3158706314225097
1989-02-06,0.3842173366341289
1989-02-07,0.0
1989-02-08,0.0
1989-02-09,0.0
1989-02-10,0.0
1989-02-11,0.0
1989-02-12,2.2437330515232876
1989-02-13,12.997523791083376
1989-02-14,20.42909815509137
1989-02-15,60.568330611778634
1989-02-16,22.584328461106736
1989-02-17,34.129761527064616
1989-02-18,7.437591523942521
1989-02-19,0.19861553818747574
1989-02-20,11.28097946648874
1989-02-21,6.628406358253292
1989-02-22,0.0
1989-02-23,0.0
1989-02-24,0.0
1989-02-25,0.0
1989-02-26,0.4585228577583086
1989-02-27,20.261940342642262
1989-02-28,4.076208860310361
1989-03-01,0.0
1989-03-02,0.04787729109783131
1989-03-03,1.055434985991156
1989-03-04,20.490534331625977
1989-03-05,17.911365208825277
1989-03-06,1.220311469183658
1989-03-07,0.0
1989-03-08,0.0
1989-03-09,0.0
1989-03-10,0.0
1989-03-11,0.0
1989-03-12,0.0
1989-03-13,0.0
1989-03-14,0.0012882841620494535
1989-03-15,0.045642709044976346
1989-03-16,0.0
1989-03-17,0.0007622913463451806
1989-03-18,11.452957958395116
1989-03-19,2.0443723105765277
1989-03-20,8.168551176897152
1989-03-21,11.204056664785858
1989-03-22,0.0
1989-03-23,0.0
1989-03-24,0.0
1989-03-25,0.032608155716916665
1989-03-26,6.064072293023537
1989-03-27,11.761140453891871
1989-03-28,28.07051640862514
1989-03-29,61.05356129503948
1989-03-30,12.485451878354775
1989-03-31,0.031095951848653044
1989-04-01,0.0
1989-04-02,0.7339321694883872
1989-04-03,0.1571110911789227
1989-04-04,4.35997412518371
1989-04-05,0.02993122886336055
1989-04-06,0.0
1989-04-07,0.0
1989-04-08,0.16726508348652372
1989-04-09,0.0
1989-04-10,0.4227298791608408
1989-04-11,0.0
1989-04-12,0.985470961461696
1989-04-13,0.06233040304800136
1989-04-14,11.51245103533993
1989-04-15,0.17564838080588924
1989-04-16,0.0
1989-04-17,0.03316625808994405
1989-04-18,21.810248890076593
1989-04-19,4.120515226564073
1989-04-20,0.0
1989-04-21,0.0010144657601903844
1989-04-22,0.0
1989-04-23,0.0
1989-04-24,0.0
1989-04-25,0.1078095640145356
1989-04-26,0.1127811819476722
1989-04-27,0.0
1989-04-28,8.304240226622108
1989-04-29,12.98288485268249
1989-04-30,16.142281143406944
1989-05-01,0.8653407043814267
1989-05-02,1.045644466827284
1989-05-03,35.07783738644073
1989-05-04,11.88707057928816
1989-05-05,3.272304599741384
1989-05-06,0.0
1989-05-07,0.0
1989-05-08,3.0847698902037637
1989-05-09,21.933652381972635
1989-05-10,0.0
1989-05-11,0.0015022927230364152
1989-05-12,0.14503159291401457
1989-05-13,8.104932870084205
1989-05-14,5.631614559965681
1989-05-15,0.3669341793996782
1989-05-16,5.993616052857692
1989-05-17,8.329668638329885
1989-05-18,64.64049908148925
1989-05-19,6.161908304372671
1989-05-20,9.787591423229276
1989-05-21,0.3289783586394879
1989-05-22,8.387812943670156
1989-05-23,1.6973163051951377
1989-05-24,0.0
1989-05-25,0.00505137293042261
1989-05-26,1.238093960382457
1989-05-27,31.906155244482306
1989-05-28,0.45266540285270446
1989-05-29,0.0
1989-05-30,0.0
1989-05-31,0.0
1989-06-01,1.3795439083789212
1989-06-02,6.212882560054447
1989-06-03,7.015633291369902
1989-06-04,45.73612780550855
1989-06-05,11.238876638053322
1989-06-06,0.5279779480945962
1989-06-07,17.59843820878587
1989-06-08,17.00759039349816
1989-06-09,0.002998044420063806
1989-06-10,1.3074521232241774
1989-06-11,10.967674401163372
1989-06-12,16.268933822373793
1989-06-13,8.478817670991221
1989-06-14,15.943648723568677
1989-06-15,0.1233082122623801
1989-06-16,0.16079242263191124
1989-06-17,0.0
1989-06-18,1.093725032048959
1989-06-19,0.0025983200249387766
1989-06-20,0.0
1989-06-21,0.0
1989-06-22,0.2746621565886077
1989-06-23,0.7552546146613909
1989-06-24,0.6078606506220479
1989-06-25,1.3759447557648583
1989-06-26,7.689027474951027
1989-06-27,7.620204426115999
1989-06-28,5.945036625109028
1989-06-29,10.726436092152063
1989-06-30,9.833159306766815
1989-07-01,21.079112375118424
1989-07-02,5.4941151114191
1989-07-03,0.5336480111966705
1989-07-04,0.03646180512794887
1989-07-05,0.46112536033038254
1989-07-06,3.1477443453033636
1989-07-07,21.579441016801276
1989-07-08,3.870062004724367
1989-07-09,5.272099361524543
1989-07-10,0.45165060183315026
1989-07-11,0.1423888773957964
1989-07-12,1.9433471239297329
1989-07-13,25.59418923975068
1989-07-14,0.4587709767766237
1989-07-15,13.345823003756717
1989-07-16,3.3939905712366527
1989-07-17,21.648071826675707
1989-07-18,10.124712141742028
1989-07-19,36.59106334728131
1989-07-20,0.30430736744228687
1989-07-21,0.08007904895599668
1989-07-22,0.44282177448120935
1989-07-23,1.0618753352697365
1989-07-24,6.012706389102178
1989-07-25,1.5106298705023875
1989-07-26,0.667632608347651
1989-07-27,1.6115746865756286
1989-07-28,0.5593836177267821
1989-07-29,0.8936907107850205
1989-07-30,6.403513296005678
1989-07-31,11.516614126169666
1989-08-01,0.16049547046864335
1989-08-02,0.04587772751120795
1989-08-03,0.007761212493856564
1989-08-04,0.0
1989-08-05,0.003684736073512614
1989-08-06,4.361544008683341
1989-08-07,0.2970552645427635
1989-08-08,0.12953950973056552
1989-08-09,0.0
1989-08-10,0.0
1989-08-11,0.0031111190909487332
1989-08-12,0.4056802746238385
1989-08-13,0.040268922795859995
1989-08-14,0.5863045177217826
1989-08-15,0.4636076772193088
1989-08-16,2.471056002795408
1989-08-17,1.1024108630692246
1989-08-18,0.23096174338643208
1989-08-19,0.4760604404998311
1989-08-20,0.0933922771399425
1989-08-21,0.0959259437159634
1989-08-22,0.0024993625529710945
1989-08-23,1.5009717392334552
1989-08-24,3.354727865373653
1989-08-25,0.9496914808456901
1989-08-26,0.35075158040748267
1989-08-27,0.560962348757368
1989-08-28,0.9935137493111624
1989-08-29,15.053268602947888
1989-08-30,3.1905470261784017
1989-08-31,0.39909764955318044
1989-09-01,1.4564296730919102
1989-09-02,14.59420129392672
1989-09-03,3.5603701527419083
1989-09-04,0.08001283074325899
1989-09-05,0.09774430075485521
1989-09-06,0.19232298488102761
1989-09-07,1.7276597197640438
1989-09-08,0.30836001143898434
1989-09-09,10.345647534255662
1989-09-10,26.282040393300623
1989-09-11,2.4434069843908137
1989-09-12,2.723143188405414
1989-09-13,8.956632407484786
1989-09-14,1.6745741447960194
1989-09-15,2.7268402435025916
1989-09-16,0.0
1989-09-17,0.0010596205861544943
1989-09-18,0.0
1989-09-19,0.0
1989-09-20,0.0
1989-09-21,0.0
1989-09-22,0.24694849146548922
1989-09-23,0.10334934398636028
1989-09-24,0.0
1989-09-25,0.0
1989-09-26,0.0
1989-09-27,0.0
1989-09-28,0.5974618630983234
1989-09-29,21.27580530573777
1989-09-30,3.045736442117198
1989-10-01,0.007018262608842139
1989-10-02,0.0
1989-10-03,0.21622186753804928
1989-10-04,0.0
1989-10-05,0.0
1989-10-06,4.518380119062204
1989-10-07,8.18360454177562
1989-10-08,0.0
1989-10-09,0.0
1989-10-10,0.0759867867510269
1989-10-11,0.0
1989-10-12,0.0
1989-10-13,0.0
1989-10-14,0.0
1989-10-15,0.04064797343500309
1989-10-16,6.277695010332743
1989-10-17,0.044341202343132415
1989-10-18,1.7910463602009037
1989-10-19,0.002726364664034046
1989-10-20,0.0
1989-10-21,0.13643067046328497
1989-10-22,0.0
1989-10-23,0.0003199417079768018
1989-10-24,0.21757592577847293
1989-10-25,0.17104956404579846
1989-10-26,0.0
1989-10-27,0.0
1989-10-28,0.0
1989-10-29,0.002206275512760131
1989-10-30,16.51787169556304
1989-10-31,0.5424732521986715
1989-11-01,0.0
1989-11-02,0.25551721822538664
1989-11-03,0.0
1989-11-04,0.0
1989-11-05,1.7699230888062982
1989-11-06,23.43892687171715
1989-11-07,1.9341934108140721
1989-11-08,0.9183896372484912
1989-11-09,0.0
1989-11-10,0.0
1989-11-11,0.0
1989-11-12,0.0
1989-11-13,0.0007269940472364574
1989-11-14,5.143559252879568
1989-11-15,0.6932168989879773
1989-11-16,0.0
1989-11-17,0.0
1989-11-18,0.0
1989-11-19,0.0
1989-11-20,0.0
1989-11-21,0.1457855324046319
1989-11-22,16.85172579026263
1989-11-23,0.0
1989-11-24,0.0
1989-11-25,0.1502385463357581
1989-11-26,0.49619106469353447
1989-11-27,0.20511083422855805
1989-11-28,0.0
1989-11-29,0.0
1989-11-30,0.0
1989-12-01,0.0
1989-12-02,0.0
1989-12-03,0.0
1989-12-04,0.0
1989-12-05,0.0
1989-12-06,0.0
1989-12-07,12.65320950341019
1989-12-08,1.759921559675169
1989-12-09,0.0
1989-12-10,0.0
1989-12-11,0.054817385170792446
1989-12-12,0.29225915141790026
1989-12-13,0.0
1989-12-14,0.0
1989-12-15,0.00088042961707842
1989-12-16,0.10736339650808953
1989-12-17,1.1702476249041778
1989-12-18,0.7274999582414695
1989-12-19,1.4028903860555302
1989-12-20,0.0
1989-12-21,0.007099418649185992
1989-12-22,0.23618482717269712
1989-12-23,0.0
1989-12-24,0.7024283201789686
1989-12-25,0.0
1989-12-26,0.0
1989-12-27,0.0
1989-12-28,0.0
1989-12-29,12.292255690517248
1989-12-30,17.700940945080724
1989-12-31,1.5560122545576447
1990-01-01,0.0
1990-01-02,0.11582243619752344
1990-01-03,22.32425577718786
1990-01-04,11.536151916284625
1990-01-05,0.01384690184725407
1990-01-06,0.11929035706678776
1990-01-07,0.38629911432925695
1990-01-08,0.0
1990-01-09,0.0
1990-01-10,0.0
1990-01-11,0.0
1990-01-12,0.0
1990-01-13,0.0
1990-01-14,0.0
1990-01-15,0.0
1990-01-16,7.436875178685248
1990-01-17,70.07608139899872
1990-01-18,2.82091527907809
1990-01-19,51.02283322216543
1990-01-20,19.93698278002052
1990-01-21,0.0
1990-01-22,0.0
1990-01-23,0.052656842908762005
1990-01-24,2.8687595730243274
1990-01-25,3.3628830217558283
1990-01-26,0.0
1990-01-27,0.3835675533704062
1990-01-28,23.199398233085233
1990-01-29,10.423500515232003
1990-01-30,0.0
1990-01-31,0.0
1990-02-01,38.655519069558736
1990-02-02,24.59205058451308
1990-02-03,18.13884656975057
1990-02-04,0.024962356786759753
1990-02-05,0.0
1990-02-06,0.11343483497742254
1990-02-07,0.0
1990-02-08,0.32962596319639176
1990-02-09,14.386213779314565
1990-02-10,5.394718973790818
1990-02-11,0.0
1990-02-12,0.0
1990-02-13,0.0
1990-02-14,1.0804400659135989
1990-02-15,22.383064279968156
1990-02-16,7.775060827065754
1990-02-17,0.0
1990-02-18,0.4621364994153913
1990-02-19,0.0
1990-02-20,0.0
1990-02-21,11.561160624161376
1990-02-22,18.564001005573893
1990-02-23,0.05834267424469954
1990-02-24,0.0
1990-02-25,0.0
1990-02-26,0.003847041715959056
1990-02-27,0.015091221409098505
1990-02-28,3.5023088842804126
1990-03-01,12.862353834454627
1990-03-02,0.0014018925933754927
1990-03-03,0.0
1990-03-04,0.0
1990-03-05,0.7006367292728235
1990-03-06,4.13677668680056
1990-03-07,62.22121017961706
1990-03-08,57.309016431968416
1990-03-09,3.9626182329632345
1990-03-10,1.9142897079086758
1990-03-11,6.512790559064845
1990-03-12,13.919614606367906
1990-03-13,1.8412282986348674
1990-03-14,5.8458941477992425
1990-03-15,23.880635690323768
1990-03-16,0.0
1990-03-17,0.0
1990-03-18,0.0
1990-03-19,0.0
1990-03-20,0.0
1990-03-21,0.0
1990-03-22,0.1519904233400912
1990-03-23,0.05146089028663885
1990-03-24,2.3173574964817765
1990-03-25,0.24254038752359014
1990-03-26,5.731862183897406
1990-03-27,0.0
1990-03-28,17.94185108996341
1990-03-29,9.378939973866462
1990-03-30,26.467841988480536
1990-03-31,1.7568228601164666
1990-04-01,0.05264403581701415
1990-04-02,0.0
1990-04-03,0.0
1990-04-04,0.004222160243330819
1990-04-05,9.801110176515747
1990-04-06,49.95454602649041
1990-04-07,0.0
1990-04-08,0.0
1990-04-09,1.2202435408461203
1990-04-10,20.780648741990895
1990-04-11,0.0
1990-04-12,0.0
1990-04-13,2.240197238047871
1990-04-14,27.270638315083932
1990-04-15,0.5431429786688737
1990-04-16,6.473993688165754
1990-04-17,13.768394318474536
1990-04-18,1.6005542720426638
1990-04-19,1.0525916271050653
1990-04-20,6.68571108267352
1990-04-21,19.14012534622809
1990-04-22,8.025237883642486
1990-04-23,0.2639383827664904
1990-04-24,0.09763592732967598
1990-04-25,1.3000870700978124
1990-04-26,0.6216486652672363
1990-04-27,24.101962147562777
1990-04-28,1.952488892026611
1990-04-29,0.0005390622453666095
1990-04-30,0.38606548041484845
1990-05-01,35.52489003344765
1990-05-02,27.077453494954135
1990-05-03,28.527109113462796
1990-05-04,41.06722771142319
1990-05-05,0.01096446339986332
1990-05-06,0.00028376927123599527
1990-05-07,0.0
1990-05-08,0.21575928496145047
1990-05-09,0.0345846856320461
1990-05-10,0.0
1990-05-11,2.1860643168088005
1990-05-12,30.334958125858847
1990-05-13,0.032032025697290537
1990-05-14,0.04946028672458754
1990-05-15,0.089302915118439
1990-05-16,32.19789249683085
1990-05-17,45.21226644459145
1990-05-18,0.09353614103757571
1990-05-19,56.54595139989591
1990-05-20,56.104091909422586
1990-05-21,11.52673173484209
1990-05-22,0.0
1990-05-23,0.0
1990-05-24,0.0
1990-05-25,1.2918658271964576
1990-05-26,2.926306132337727
1990-05-27,7.56821374504553
1990-05-28,1.8285979239558958
1990-05-29,0.013430206996386295
1990-05-30,30.668308796083604
1990-05-31,27.30840850254198
1990-06-01,12.315873576503058
1990-06-02,17.00021284879498
1990-06-03,19.75164403271656
1990-06-04,0.025923438652987987
1990-06-05,0.0
1990-06-06,0.0
1990-06-07,0.01158653312320746
1990-06-08,0.0
1990-06-09,0.04726875848166443
1990-06-10,2.8787215066638168
1990-06-11,0.9463811067905968
1990-06-12,0.20840449597170546
1990-06-13,0.0919832662142396
1990-06-14,2.2048839817341785
1990-06-15,5.40439151379476
1990-06-16,0.25014078760178
1990-06-17,0.026766152086695576
1990-06-18,0.8263100748141751
1990-06-19,0.20035184408116863
1990-06-20,4.245945892692521e-05
1990-06-21,4.434473187234602
1990-06-22,2.9348679932889645
1990-06-23,0.0
1990-06-24,0.0073590585326109535
1990-06-25,2.1463461593319293
1990-06-26,2.2901056253882217
1990-06-27,7.57095354026211
1990-06-28,0.2562514109925697
1990-06-29,0.0
1990-06-30,0.0014443619053800061
1990-07-01,0.005338470328996357
1990-07-02,0.821405278931475
1990-07-03,1.9756016128893477
1990-07-04,0.28862570357358464
1990-07-05,0.010888499541979724
1990-07-06,0.03791381571683204
1990-07-07,0.04821753874946875
1990-07-08,0.0
1990-07-09,0.000973901851124839
1990-07-10,1.771061216918005
1990-07-11,2.395087335326925
1990-07-12,43.427107854034965
1990-07-13,0.727476963953704
1990-07-14,0.4219323435729627
1990-07-15,0.0
1990-07-16,0.00019448995746201844
1990-07-17,7.150789915758468
1990-07-18,1.0717736606669048
1990-07-19,0.27395747749597377
1990-07-20,0.7787674774819239
1990-07-21,0.2884851508749297
1990-07-22,6.053449440212192
1990-07-23,35.20629921543477
1990-07-24,0.41927204151651015
1990-07-25,12.611785711496198
1990-07-26,6.172771073818966
1990-07-27,0.0
1990-07-28,0.015367771362150966
1990-07-29,2.986279740476051
1990-07-30,4.409437635942965
1990-07-31,6.246799693266169
1990-08-01,3.8925713648316265
1990-08-02,6.947751068866484
1990-08-03,0.8088530142750227
1990-08-04,4.640085044340423
1990-08-05,0.3944340651894948
1990-08-06,0.0
1990-08-07,0.0
1990-08-08,0.0
1990-08-09,0.0
1990-08-10,0.0
1990-08-11,0.4043595675271006
1990-08-12,3.847509602018042
1990-08-13,5.385147885225307
1990-08-14,8.978469110794812
1990-08-15,1.0838340964105255
1990-08-16,0.2055926118864298
1990-08-17,0.12297222121164382
1990-08-18,0.0064949467754612635
1990-08-19,1.097596336666274
1990-08-20,1.3997437152523398
1990-08-21,5.132186753133144
1990-08-22,3.629315133219678
1990-08-23,8.399260475605644
1990-08-24,3.746418378140746
1990-08-25,0.6404697367120424
1990-08-26,0.6955719239513857
1990-08-27,0.6071313056099946
1990-08-28,0.08189292214633949
1990-08-29,0.002509044367648882
1990-08-30,0.0
1990-08-31,0.0
1990-09-01,0.0
1990-09-02,0.26789768321673957
1990-09-03,0.5751543090649951
1990-09-04,0.14555442399504476
1990-09-05,1.0760046700018542
1990-09-06,0.09652238601629264
1990-09-07,1.7555411219374566
1990-09-08,9.183341107614233
1990-09-09,6.669836520781794
1990-09-10,1.9023290515828108
1990-09-11,32.85654374122958
1990-09-12,8.259281246210506
1990-09-13,9.680173563768486
1990-09-14,0.7458959952097051
1990-09-15,4.7051776196535364e-05
1990-09-16,0.07055652140553305
1990-09-17,1.3693385669971103
1990-09-18,1.8153309783339913
1990-09-19,4.972849417897956
1990-09-20,22.462267634663878
1990-09-21,24.959857351786663
1990-09-22,1.103804686892882
1990-09-23,0.0
1990-09-24,0.0
1990-09-25,0.0
1990-09-26,0.0
1990-09-27,0.0
1990-09-28,0.08549456901837585
1990-09-29,1.5969246056251538
1990-09-30,4.423517313812085
1990-10-01,1.5573574711836156
1990-10-02,0.6924857809353624
1990-10-03,10.993072433278154
1990-10-04,21.346999865621857
1990-10-05,0.0
1990-10-06,0.00464156295235567
1990-10-07,45.61594157417256
1990-10-08,13.737957154782128
1990-10-09,110.54327260424111
1990-10-10,0.0167642452427877
1990-10-11,0.0
1990-10-12,0.0
1990-10-13,0.0
1990-10-14,0.0
1990-10-15,1.6861522337309425
1990-10-16,0.0004590893590323299
1990-10-17,0.6637069962028819
1990-10-18,1.244353486560386
1990-10-19,0.0
1990-10-20,0.0
1990-10-21,17.45295532427158
1990-10-22,0.11580115568474328
1990-10-23,0.0
1990-10-24,0.0
1990-10-25,0.0
1990-10-26,0.3823014310913164
1990-10-27,0.3823014310913164
1990-10-28,0.3823014310913164
1990-10-29,0.3823014310913164
1990-10-30,0.3823014310913164
1990-10-31,0.3823014310913164
1990-11-01,0.0
1990-11-02,4.1622277531859326e-05
1990-11-03,0.01522443595461452
1990-11-04,12.892197137882455
1990-11-05,4.246652039171085
1990-11-06,0.0
1990-11-07,0.0
1990-11-08,7.020322603110387
1990-11-09,45.842511702981334
1990-11-10,0.0
1990-11-11,0.4782858119060876
1990-11-12,0.4782858119060876
1990-11-13,0.4782858119060876
1990-11-14,0.4782858119060876
1990-11-15,0.4782858119060876
1990-11-16,0.7176351535610631
1990-11-17,0.0
1990-11-18,0.016278364611384905
1990-11-19,1.748568905949888
1990-11-20,0.46581934134100245
1990-11-21,0.08038811461134204
1990-11-22,18.352465439747476
1990-11-23,0.13951337063824312
1990-11-24,0.0
1990-11-25,0.44961160217830554
1990-11-26,4.550525686662138
1990-11-27,30.894579661981524
1990-11-28,5.28971268551798
1990-11-29,0.0
1990-11-30,0.0
1990-12-01,0.0
1990-12-02,10.005592853623437
1990-12-03,24.572700219228356
1990-12-04,0.0
1990-12-05,0.0
1990-12-06,1.2368146825177508
1990-12-07,0.8022735675324464
1990-12-08,0.0
1990-12-09,0.0
1990-12-10,0.0
1990-12-11,0.0
1990-12-12,3.60446751142159e-05
1990-12-13,0.22462447773138347
1990-12-14,0.8762071642700264
1990-12-15,1.8510615578912504
1990-12-16,4.213467585936911
1990-12-17,16.266934612547516
1990-12-18,60.40688803362648
1990-12-19,0.0
1990-12-20,0.7172452148069529
1990-12-21,69.15893664122308
1990-12-22,0.5147803781370819
1990-12-23,0.09754545637258139
1990-12-24,0.0
1990-12-25,0.0
1990-12-26,0.35278864621122286
1990-12-27,18.15895462650642
1990-12-28,0.627947902401541
1990-12-29,7.15857033691079
1990-12-30,23.28441791443588
1990-12-31,0.0
1991-01-01,4.637101959809936e-05
1991-01-02,1.0378056892462848
1991-01-03,2.036162441547968
1991-01-04,0.05557142673368645
1991-01-05,0.5767089296381784
1991-01-06,46.59528546288074
1991-01-07,0.4629394048563978
1991-01-08,0.2999062225650574
1991-01-09,0.22345122644806364
1991-01-10,36.66633366060984
1991-01-11,8.087293195248623
1991-01-12,0.0013755191409001737
1991-01-13,0.0001610243892022596
1991-01-14,0.031313826442735865
1991-01-15,36.27768371917791
1991-01-16,0.142508655709402
1991-01-17,0.002303762370006355
1991-01-18,7.914633216833676
1991-01-19,14.43923447805535
1991-01-20,0.24305193616394433
1991-01-21,5.528344669879089e-05
1991-01-22,5.528344669879089e-05
1991-01-23,0.007090910020190176
1991-01-24,2.65130589465424
1991-01-25,0.0002287141272703384
1991-01-26,0.0749270160153256
1991-01-27,0.3649137189278771
1991-01-28,0.2924766039244175
1991-01-29,0.5969323690606829
1991-01-30,1.1427877600033587
1991-01-31,8.201178508963427e-05
1991-02-01,0.00011898507036769254
1991-02-02,0.00011898507036769254
1991-02-03,0.00011898507036769254
1991-02-04,3.510005567851044
1991-02-05,14.127237996201279
1991-02-06,0.9779480823923686
1991-02-07,0.003941533682639642
1991-02-08,0.00010987473588926172
1991-02-09,0.00010987473588926172
1991-02-10,0.5116213860456139
1991-02-11,0.0
1991-02-12,0.0
1991-02-13,0.0
1991-02-14,0.0
1991-02-15,0.0
1991-02-16,0.00013922984431166653
1991-02-17,5.908653657922703
1991-02-18,18.392105085755006
1991-02-19,9.920525755765174
1991-02-20,0.00013922984431166653
1991-02-21,0.0003142632325862156
1991-02-22,38.66792765112174
1991-02-23,0.0696376046014699
1991-02-24,0.0003142632325862156
1991-02-25,6.47728709447046
1991-02-26,0.0007935663248334014
1991-02-27,0.0007935663248334014
1991-02-28,0.07348430869735322
1991-03-01,35.44032696034281
1991-03-02,0.6939694200869356
1991-03-03,2.9885949651877923
1991-03-04,0.00013449688283066305
1991-03-05,0.00013449688283066305
1991-03-06,0.008120931097395302
1991-03-07,2.825882223876624
1991-03-08,2.1992226924180973
1991-03-09,0.011540259502208477
1991-03-10,0.0002541610998823554
1991-03-11,0.01647354211164626
1991-03-12,1.6901892445496156
1991-03-13,0.0009036669573601216
1991-03-14,0.0009036669573601216
1991-03-15,1.1541794787398465
1991-03-16,3.4262493107833656
1991-03-17,13.992437505482563
1991-03-18,0.00021538917241970538
1991-03-19,0.00021538917241970538
1991-03-20,0.2365186934675509
1991-03-21,1.7603360389963276
1991-03-22,15.275230246091038
1991-03-23,8.924616815876624e-05
1991-03-24,8.924616815876624e-05
1991-03-25,0.1166108341136608
1991-03-26,1.0926000278301577
1991-03-27,7.740535434701677
1991-03-28,3.265639072292313
1991-03-29,27.33370451372345
1991-03-30,7.991526296551633e-05
1991-03-31,7.991526296551633e-05
1991-04-01,0.0
1991-04-02,0.0
1991-04-03,0.0
1991-04-04,0.0
1991-04-05,0.0
1991-04-06,0.18829989247060194
1991-04-07,4.263329149721305
1991-04-08,3.6958030788115868
1991-04-09,6.655836538950351
1991-04-10,5.769518723833019e-05
1991-04-11,23.21309276674756
1991-04-12,64.56303222284639
1991-04-13,12.014777968418642
1991-04-14,36.97573221326769
1991-04-15,0.8239955854667138
1991-04-16,0.00011011632935438777
1991-04-17,4.281411458919131
1991-04-18,7.50191048762439
1991-04-19,1.773355415063474
1991-04-20,0.00011011632935438777
1991-04-21,1.381261664499256
1991-04-22,11.56016733436553
1991-04-23,0.044066671617662596
1991-04-24,5.814378256628898e-05
1991-04-25,6.733432025752427
1991-04-26,4.3950154236263215
1991-04-27,13.958968682695287
1991-04-28,40.449259011124106
1991-04-29,27.1894967002662
1991-04-30,9.130609081721003e-05
1991-05-01,0.00014419773561910034
1991-05-02,0.062462898808106654
1991-05-03,57.42585868753432
1991-05-04,2.9857269826146497
1991-05-05,4.560333585285057
1991-05-06,1.2541665192622958e-05
1991-05-07,1.2541665192622958e-05
1991-05-08,1.435950804605173
1991-05-09,0.2058940741013283
1991-05-10,0.3960755475406457
1991-05-11,1.807205062200686
1991-05-12,9.7560173970902
1991-05-13,1.0679642272581047
1991-05-14,0.9647046954620018
1991-05-15,14.404102613912046
1991-05-16,1.465588072258529
1991-05-17,3.405117083346132
1991-05-18,4.267422868463268
1991-05-19,6.442443330642078
1991-05-20,8.983558259513027
1991-05-21,3.928790405728604
1991-05-22,3.754115142302087
1991-05-23,3.365604851296291
1991-05-24,6.176610355099135
1991-05-25,25.197593473822497
1991-05-26,0.11762734903117568
1991-05-27,0.00034206946330573885
1991-05-28,0.039305262684557814
1991-05-29,0.23798566443334154
1991-05-30,0.36190988489419523
1991-05-31,0.5476748075954645
1991-06-01,0.0429932619896467
1991-06-02,0.06948313127523746
1991-06-03,0.2175335546584198
1991-06-04,0.10969793660624347
1991-06-05,2.839043906643801
1991-06-06,0.001231533644814585
1991-06-07,0.8032916838791327
1991-06-08,0.0021050156744340143
1991-06-09,8.727566306690487e-05
1991-06-10,5.6289167256697805
1991-06-11,6.4551406982300925
1991-06-12,0.6064603299073461
1991-06-13,0.36283868502711697
1991-06-14,0.1257331542101627
1991-06-15,3.466012092578777
1991-06-16,17.8139102369177
1991-06-17,7.553907696006891
1991-06-18,2.0593174976418505
1991-06-19,0.23430173163797374
1991-06-20,3.857709497879846
1991-06-21,0.9445153361061234
1991-06-22,0.6568316313038005
1991-06-23,12.512484953481723
1991-06-24,3.8670393880728002
1991-06-25,0.9383485002121843
1991-06-26,0.058620932178511
1991-06-27,0.008214886783394298
1991-06-28,0.06545514047042249
1991-06-29,0.0038443023012742655
1991-06-30,1.4189697844732908e-05
1991-07-01,0.00306819329795156
1991-07-02,1.8952779523765964
1991-07-03,13.506872070846823
1991-07-04,23.981922531359093
1991-07-05,0.0006182929030527981
1991-07-06,0.051599178705343064
1991-07-07,0.2795671905995786
1991-07-08,0.5694461073279458
1991-07-09,0.3071407679920824
1991-07-10,0.00010005694867604086
1991-07-11,0.00977903229875036
1991-07-12,0.08714504519340852
1991-07-13,4.010527275451861
1991-07-14,6.3490597827423985
1991-07-15,0.0047012986441823295
1991-07-16,7.15698084595337e-05
1991-07-17,0.16368958797820987
1991-07-18,1.0918821583021094
1991-07-19,0.6325684743531975
1991-07-20,1.6961348569821655
1991-07-21,0.07013929573797355
1991-07-22,0.0019294435044629168
1991-07-23,0.30582937082889694
1991-07-24,5.237082470110671
1991-07-25,21.65177077497407
1991-07-26,13.400922330893966
1991-07-27,19.461326066966233
1991-07-28,38.30972089730573
1991-07-29,1.9332971426132524
1991-07-30,0.00020116791570458622
1991-07-31,0.00020116791570458622
1991-08-01,0.2587533020700327
1991-08-02,5.167687986631417e-05
1991-08-03,5.167687986631417e-05
1991-08-04,0.0004800647243174156
1991-08-05,0.9157065000861184
1991-08-06,0.43583927601527783
1991-08-07,3.2018689321525726
1991-08-08,1.9296272265969616
1991-08-09,8.241765214823621
1991-08-10,0.6369059277423111
1991-08-11,0.25673291688905514
1991-08-12,0.00024593301258477956
1991-08-13,1.5142677175017594
1991-08-14,2.3973143988067744
1991-08-15,0.00485530139351571
1991-08-16,0.8311066913663454
1991-08-17,2.1431015653385947
1991-08-18,2.1129196458588213
1991-08-19,8.27889685252835e-05
1991-08-20,8.27889685252835e-05
1991-08-21,13.312639669834356
1991-08-22,8.2437713429588
1991-08-23,0.13308195163495284
1991-08-24,0.0028477166187991514
1991-08-25,0.011523726593606946
1991-08-26,6.002679136593778
1991-08-27,0.3954814189759375
1991-08-28,1.8318315116543946
1991-08-29,0.9889389704396824
1991-08-30,6.978124902625898
1991-08-31,11.220749408435871
1991-09-01,7.28758429750804
1991-09-02,5.6314816535210515
1991-09-03,4.179302580429288
1991-09-04,4.2996183292516665
1991-09-05,2.4898328457948518
1991-09-06,5.714971186705876
1991-09-07,10.9145869587921
1991-09-08,2.721136748039152
1991-09-09,0.2075250538576925
1991-09-10,0.3574713578453071
1991-09-11,0.4451709184734486
1991-09-12,0.013418732129912056
1991-09-13,0.224643680982332
1991-09-14,0.01658102576689594
1991-09-15,0.42653270094213364
1991-09-16,1.7893573049298523
1991-09-17,5.247214748792754
1991-09-18,16.837820672139433
1991-09-19,1.2982444753822835
1991-09-20,0.00014208765237466674
1991-09-21,0.03037396270928704
1991-09-22,0.004490684060395525
1991-09-23,0.6206260316792748
1991-09-24,7.814987196113278
1991-09-25,0.005515886697455485
1991-09-26,0.00013015205619197143
1991-09-27,0.00013015205619197143
1991-09-28,0.00013015205619197143
1991-09-29,0.00013015205619197143
1991-09-30,0.00013015205619197143
1991-10-01,0.10151741051267
1991-10-02,0.3847489540895675
1991-10-03,0.17143396182440096
1991-10-04,0.0007625115341059435
1991-10-05,10.423914976737722
1991-10-06,0.4799536651707413
1991-10-07,0.4799536651707413
1991-10-08,0.4799536651707413
1991-10-09,0.4799536651707413
1991-10-10,0.4799536651707413
1991-10-11,0.0005038036465003346
1991-10-12,0.0005038036465003346
1991-10-13,0.0005038036465003346
1991-10-14,8.440065540609185
1991-10-15,7.6253298244391505
1991-10-16,0.00011801924210542502
1991-10-17,0.00011801924210542502
1991-10-18,0.00011801924210542502
1991-10-19,0.00011801924210542502
1991-10-20,0.00011801924210542502
1991-10-21,0.000732021169943695
1991-10-22,0.000732021169943695
1991-10-23,2.7746091008167952
1991-10-24,20.540869608037244
1991-10-25,38.42313639501515
1991-10-26,4.112803348733823
1991-10-27,18.577454665566453
1991-10-28,12.78573029071818
1991-10-29,92.33644316601433
1991-10-30,32.41423732957059
1991-10-31,32.99752181834242
1991-11-01,21.16340646313637
1991-11-02,0.0001988678693844672
1991-11-03,0.03813829300207268
1991-11-04,0.0001988678693844672
1991-11-05,0.0001988678693844672
1991-11-06,0.2381890439508862
1991-11-07,3.3614561630042807
1991-11-08,1.5778194479645635
1991-11-09,0.00017695702990991782
1991-11-10,0.00017695702990991782
1991-11-11,0.0006241981714151105
1991-11-12,0.13764869376592614
1991-11-13,0.001685426110941141
1991-11-14,3.8211779317834744
1991-11-15,10.33267515130096
1991-11-16,1.749193380668809
1991-11-17,39.44691994506604
1991-11-18,8.812178607729253
1991-11-19,68.35078898068055
1991-11-20,3.4411394820293624
1991-11-21,0.3621602974027097
1991-11-22,0.3621602974027097
1991-11-23,1.1303639066746898
1991-11-24,0.3621602974027097
1991-11-25,0.3621602974027097
1991-11-26,0.00010667271545646588
1991-11-27,0.41299971380048545
1991-11-28,1.7591577037419148
1991-11-29,5.8078938932216575
1991-11-30,34.07422938870995
1991-12-01,38.71188871314595
1991-12-02,29.500387582061546
1991-12-03,0.13704646670631648
1991-12-04,0.00019216230905701835
1991-12-05,0.00019216230905701835
1991-12-06,0.08112199992893278
1991-12-07,0.17438810351996245
1991-12-08,2.31916415890421
1991-12-09,66.0082886171016
1991-12-10,0.0001430924937874982
1991-12-11,0.26853055729846276
1991-12-12,28.560588455920712
1991-12-13,6.815489917086827
1991-12-14,0.00017156768208531528
1991-12-15,0.00017156768208531528
1991-12-16,0.0006982793118157229
1991-12-17,0.0006982793118157229
1991-12-18,0.0006982793118157229
1991-12-19,3.9892354899378293
1991-12-20,11.750802209251512
1991-12-21,12.142306621531956
1991-12-22,9.894532494742723
1991-12-23,5.1833614972131095
1991-12-24,0.017785279621111375
1991-12-25,6.568478872845431e-05
1991-12-26,1.0808719633267432
1991-12-27,5.210273943821071
1991-12-28,1.0280044669890633
1991-12-29,0.09962194720354618
1991-12-30,0.00465914691332474
1991-12-31,0.022510106275872355
1992-01-01,2.5062270458917997
1992-01-02,9.477030028355555
1992-01-03,0.0
1992-01-04,0.0
1992-01-05,0.0
1992-01-06,0.26278467833049574
1992-01-07,0.37140163170018553
1992-01-08,11.319671980192545
1992-01-09,0.0
1992-01-10,0.0
1992-01-11,0.0
1992-01-12,8.233452349716355
1992-01-13,11.911360171349047
1992-01-14,2.341997498592302
1992-01-15,0.01582472155267921
1992-01-16,0.0
1992-01-17,0.0
1992-01-18,12.593484745280714
1992-01-19,0.007161505070205084
1992-01-20,0.0
1992-01-21,0.0
1992-01-22,0.0
1992-01-23,0.0
1992-01-24,0.0
1992-01-25,0.0
1992-01-26,0.012184923592441096
1992-01-27,10.725318173517417
1992-01-28,0.02531949391122602
1992-01-29,0.0
1992-01-30,0.043467218345275956
1992-01-31,0.0
1992-02-01,0.004779613212286188
1992-02-02,0.004779613212286188
1992-02-03,0.19338005052179133
1992-02-04,0.004779613212286188
1992-02-05,0.03189984067407961
1992-02-06,0.000574818042699269
1992-02-07,0.013087860488755888
1992-02-08,0.000574818042699269
1992-02-09,0.000574818042699269
1992-02-10,0.0025850900397029887
1992-02-11,19.80458604431427
1992-02-12,19.470089159818656
1992-02-13,6.188744947705013
1992-02-14,26.26780082280435
1992-02-15,0.5394655504994348
1992-02-16,0.0
1992-02-17,9.952414868473166
1992-02-18,0.0
1992-02-19,0.0
1992-02-20,0.0
1992-02-21,0.0
1992-02-22,6.20806669782314
1992-02-23,28.455442116239848
1992-02-24,0.14386542656649706
1992-02-25,14.866420196947825
1992-02-26,0.15976069470222312
1992-02-27,0.05928524509101659
1992-02-28,0.0
1992-02-29,0.0
1992-03-01,0.0
1992-03-02,0.0
1992-03-03,1.7606840967065545
1992-03-04,6.394750678207188
1992-03-05,20.73495724883463
1992-03-06,4.0158444515769816
1992-03-07,0.0
1992-03-08,0.4814512098601395
1992-03-09,44.16967885501849
1992-03-10,2.5284566783443263
1992-03-11,0.0
1992-03-12,0.0
1992-03-13,0.0
1992-03-14,0.0
1992-03-15,0.0
1992-03-16,0.0
1992-03-17,0.856109855108597
1992-03-18,80.5127801654962
1992-03-19,0.09489082708896339
1992-03-20,0.0
1992-03-21,0.7047622316146557
1992-03-22,13.311422950909602
1992-03-23,0.0004785099064006637
1992-03-24,4.264686588660049
1992-03-25,4.1626997747551515
1992-03-26,0.013206539711157964
1992-03-27,0.9047103922973105
1992-03-28,1.0590644560173135
1992-03-29,3.215633469656066
1992-03-30,1.0638654350010421
1992-03-31,0.0
1992-04-01,0.0
1992-04-02,0.0
1992-04-03,0.0
1992-04-04,0.0
1992-04-05,0.0
1992-04-06,0.0
1992-04-07,0.0
1992-04-08,0.0
1992-04-09,0.0
1992-04-10,0.0
1992-04-11,0.004260923547581879
1992-04-12,0.6843670588638753
1992-04-13,0.0
1992-04-14,0.7680593418276594
1992-04-15,1.8396283193196983
1992-04-16,0.42867716577731574
1992-04-17,0.8181990419900198
1992-04-18,2.558621219638784
1992-04-19,9.478839200964577
1992-04-20,20.011671523321894
1992-04-21,0.3010197275653649
1992-04-22,0.0035562714168191766
1992-04-23,0.0
1992-04-24,4.5616985209765675
1992-04-25,0.36078919164093826
1992-04-26,0.0
1992-04-27,0.0
1992-04-28,2.0994865118007717
1992-04-29,46.557253190696656
1992-04-30,0.0007429878140763823
1992-05-01,0.0
1992-05-02,0.0
1992-05-03,0.0
1992-05-04,0.0
1992-05-05,0.0
1992-05-06,0.0
1992-05-07,0.0
1992-05-08,0.0
1992-05-09,0.0
1992-05-10,0.16493122053092302
1992-05-11,10.654944595330957
1992-05-12,12.400817976115277
1992-05-13,0.16094148726362817
1992-05-14,3.3196657601039323
1992-05-15,1.7969969468421612
1992-05-16,2.4919617840517807
1992-05-17,8.74839743616197
1992-05-18,7.413602833994432
1992-05-19,6.30716824278445
1992-05-20,5.731126613519718
1992-05-21,3.286084931694244
1992-05-22,2.438195104233172
1992-05-23,8.60748349393491
1992-05-24,1.786602335692278
1992-05-25,4.769824502001578
1992-05-26,6.574410663498666
1992-05-27,1.1442343345955976
1992-05-28,11.265331297729405
1992-05-29,8.31980835636981
1992-05-30,0.0001610314521235409
1992-05-31,0.835324794980744
1992-06-01,6.201804579385392
1992-06-02,31.95792113235355
1992-06-03,12.372162125902225
1992-06-04,0.19220227557609715
1992-06-05,0.000591887655867395
1992-06-06,10.786618479314606
1992-06-07,0.0
1992-06-08,2.2472761709782865
1992-06-09,3.397420588727214
1992-06-10,11.19577667239328
1992-06-11,57.74756065344855
1992-06-12,8.055830690041947
1992-06-13,3.217187643065751
1992-06-14,0.7067281559088322
1992-06-15,0.9995842134151676
1992-06-16,0.005902577870669405
1992-06-17,0.0013579819222796598
1992-06-18,3.503664558739237
1992-06-19,5.374887705794328
1992-06-20,22.060868302064073
1992-06-21,1.4360265956095122
1992-06-22,0.013722974084730704
1992-06-23,0.9254618152018405
1992-06-24,0.4410431229696937
1992-06-25,5.764132066366199
1992-06-26,10.674072755270142
1992-06-27,1.017446818111279
1992-06-28,0.1147800053582965
1992-06-29,39.27584987120179
1992-06-30,4.6230350053409754
1992-07-01,0.5039994692883452
1992-07-02,0.137074031079635
1992-07-03,5.230372436771739
1992-07-04,0.12790429589187086
1992-07-05,0.020177549788027577
1992-07-06,0.0
1992-07-07,0.0
1992-07-08,0.0
1992-07-09,0.01351007118601865
1992-07-10,0.9079888197194477
1992-07-11,0.0
1992-07-12,0.0
1992-07-13,0.0
1992-07-14,1.5761803713999336
1992-07-15,11.360375178724034
1992-07-16,8.680279015211022
1992-07-17,41.886788267483055
1992-07-18,0.004667339464771807
1992-07-19,1.5770392238557047
1992-07-20,1.7730081803292703
1992-07-21,5.983082901716708
1992-07-22,5.697908374695173
1992-07-23,1.0287702809694557
1992-07-24,0.8491029830964761
1992-07-25,0.26161959215511443
1992-07-26,0.05069498642602221
1992-07-27,18.059415027855373
1992-07-28,3.602000426594821
1992-07-29,2.15484449399593
1992-07-30,3.1346807627640274
1992-07-31,13.586186662522934
1992-08-01,0.008351319881235213
1992-08-02,3.296974339407429
1992-08-03,7.396379271773974
1992-08-04,10.071641345753523
1992-08-05,10.610990445728085
1992-08-06,4.461186133237007
1992-08-07,0.1988744696171788
1992-08-08,0.01233516280235683
1992-08-09,0.025858067877507034
1992-08-10,0.0633228331705333
1992-08-11,0.0
1992-08-12,0.0
1992-08-13,0.0
1992-08-14,0.0
1992-08-15,0.0
1992-08-16,0.0
1992-08-17,0.0
1992-08-18,0.09015133514372167
1992-08-19,0.1050403283592806
1992-08-20,0.07891139838058817
1992-08-21,0.0
1992-08-22,0.0
1992-08-23,0.0
1992-08-24,0.0
1992-08-25,0.0
1992-08-26,1.0780135214175903
1992-08-27,0.9809214940144173
1992-08-28,0.0
1992-08-29,0.0
1992-08-30,0.0
1992-08-31,0.04963017828765606
1992-09-01,14.920009387974915
1992-09-02,35.32249775625525
1992-09-03,34.868364167230744
1992-09-04,0.11850632033564433
1992-09-05,1.363600359937804
1992-09-06,0.36708622994194573
1992-09-07,0.0112165064988115
1992-09-08,0.07171486607727946
1992-09-09,0.046336404988402004
1992-09-10,14.596095487575163
1992-09-11,0.0016259980233870866
1992-09-12,0.0
1992-09-13,0.0
1992-09-14,2.0770381502308255
1992-09-15,1.2846148199528258
1992-09-16,0.6311243542394258
1992-09-17,9.836558830438907
1992-09-18,1.8515743812584156
1992-09-19,29.135808923711775
1992-09-20,29.254987775403105
1992-09-21,17.41273512111932
1992-09-22,57.13435472584471
1992-09-23,0.0
1992-09-24,0.0
1992-09-25,0.5077214178527354
1992-09-26,1.4449677215190413
1992-09-27,0.7322167796970165
1992-09-28,0.0
1992-09-29,0.0
1992-09-30,0.0
1992-10-01,0.5151385425375224
1992-10-02,0.5151385425375224
1992-10-03,0.5151385425375224
1992-10-04,0.5151385425375224
1992-10-05,0.5151385425375224
1992-10-06,0.0
1992-10-07,0.150280954025126
1992-10-08,4.978269960724205
1992-10-09,0.0
1992-10-10,3.217321438252513
1992-10-11,0.0
1992-10-12,0.0
1992-10-13,0.0
1992-10-14,0.0
1992-10-15,3.7917419574987874
1992-10-16,9.758761553623765
1992-10-17,0.0002574486766742018
1992-10-18,0.0
1992-10-19,0.0
1992-10-20,5.189520269546712
1992-10-21,1.873087362342405
1992-10-22,0.0
1992-10-23,0.0
1992-10-24,0.7438311219213617
1992-10-25,0.0
1992-10-26,0.20293566384090456
1992-10-27,8.248405409933945
1992-10-28,0.0
1992-10-29,14.39547891154439
1992-10-30,14.073971280805077
1992-10-31,2.7731243959094996
1992-11-01,14.652922971373387
1992-11-02,0.00108527275867796
1992-11-03,5.072135554260977
1992-11-04,0.006136254371233134
1992-11-05,0.0
1992-11-06,0.0
1992-11-07,0.0
1992-11-08,0.0
1992-11-09,8.729429356606406
1992-11-10,3.6966693022821797
1992-11-11,2.5684516239112503
1992-11-12,24.149444928871272
1992-11-13,0.0
1992-11-14,0.0
1992-11-15,0.0
1992-11-16,0.0
1992-11-17,0.0
1992-11-18,6.0841110603399644e-05
1992-11-19,1.2964523387855955
1992-11-20,28.408713884947893
1992-11-21,2.4756737858515487
1992-11-22,41.42225972355768
1992-11-23,0.0
1992-11-24,10.55369662122768
1992-11-25,2.7481882146718917
1992-11-26,0.8582724386854527
1992-11-27,0.07969801798597322
1992-11-28,0.0
1992-11-29,0.0
1992-11-30,0.5646785719178077
1992-12-01,0.0
1992-12-02,0.0
1992-12-03,0.0
1992-12-04,2.739814304283979
1992-12-05,6.088768825998448
1992-12-06,6.35554134202168
1992-12-07,0.0
1992-12-08,0.0
1992-12-09,45.291239065597736
1992-12-10,0.1781767614106662
1992-12-11,0.0
1992-12-12,0.0
1992-12-13,0.18620116007882337
1992-12-14,6.533879557365855
1992-12-15,83.49380824494455
1992-12-16,0.13744988385611495
1992-12-17,0.0029556707741922863
1992-12-18,0.0
1992-12-19,22.48268507080535
1992-12-20,8.165469532515916
1992-12-21,0.2956438637571578
1992-12-22,0.21177770233259954
1992-12-23,0.5797498438630827
1992-12-24,0.0
1992-12-25,0.775593758936147
1992-12-26,0.0020809552063534424
1992-12-27,3.37052972683282
1992-12-28,1.9666537281391134
1992-12-29,4.264815620815759
1992-12-30,1.3982182016333904
1992-12-31,2.1835564024989123
1993-01-01,0.31062357515498
1993-01-02,0.34713043339332933
1993-01-03,9.443078703871581
1993-01-04,72.18404693712634
1993-01-05,0.0
1993-01-06,0.0
1993-01-07,1.4373429543638878
1993-01-08,0.3562405349433773
1993-01-09,7.8375431229406205
1993-01-10,2.6714418709587617
1993-01-11,0.7161776866567099
1993-01-12,0.8416642243548849
1993-01-13,0.0
1993-01-14,0.3124826020280431
1993-01-15,0.0025244729421349333
1993-01-16,0.7661780764738011
1993-01-17,0.12525152445862678
1993-01-18,14.747643429907935
1993-01-19,2.685122727272831
1993-01-20,13.894055255745183
1993-01-21,0.09154216499851058
1993-01-22,0.0
1993-01-23,0.46543473150169895
1993-01-24,10.484667704441682
1993-01-25,0.0
1993-01-26,0.0
1993-01-27,0.0
1993-01-28,0.0
1993-01-29,0.1938284779911338
1993-01-30,0.0
1993-01-31,0.0
1993-02-01,0.0
1993-02-02,0.0
1993-02-03,0.0
1993-02-04,4.317250468824536
1993-02-05,2.984843788471844
1993-02-06,1.509293542257948
1993-02-07,0.0
1993-02-08,0.0
1993-02-09,0.0
1993-02-10,10.244065531846234
1993-02-11,6.495146517450818
1993-02-12,0.0012930913994865134
1993-02-13,0.0
1993-02-14,0.0
1993-02-15,19.931156517213704
1993-02-16,0.0
1993-02-17,0.0
1993-02-18,0.0
1993-02-19,0.0
1993-02-20,0.0
1993-02-21,3.5080077907406477
1993-02-22,0.0
1993-02-23,0.0
1993-02-24,1.2296196557917067
1993-02-25,60.43749494808991
1993-02-26,0.0004424302370334247
1993-02-27,0.005082417738286782
1993-02-28,1.2580313919314765
1993-03-01,25.839774420149727
1993-03-02,21.33751207913165
1993-03-03,0.7725480312116169
1993-03-04,0.016684728108947167
1993-03-05,0.015679778017088475
1993-03-06,0.0
1993-03-07,0.0
1993-03-08,0.0
1993-03-09,0.0
1993-03-10,0.0
1993-03-11,0.0
1993-03-12,4.134829280903734
1993-03-13,0.0
1993-03-14,0.0
1993-03-15,10.31135458321792
1993-03-16,34.08815548088338
1993-03-17,0.09036619688035309
1993-03-18,0.0
1993-03-19,7.163253211874315
1993-03-20,29.090983742554272
1993-03-21,0.0
1993-03-22,0.0
1993-03-23,0.0
1993-03-24,0.0
1993-03-25,0.0
1993-03-26,0.0037248437134206652
1993-03-27,0.0
1993-03-28,0.00387234213253885
1993-03-29,0.028261944480531462
1993-03-30,4.6698129186636805
1993-03-31,0.4147126312063641
1993-04-01,0.0
1993-04-02,0.0
1993-04-03,1.1079034242925991
1993-04-04,25.916376334555505
1993-04-05,1.3078177588472586
1993-04-06,0.008717532044220462
1993-04-07,5.566322926332187
1993-04-08,15.991692107865166
1993-04-09,0.00022832607968354188
1993-04-10,0.0
1993-04-11,0.0
1993-04-12,0.20906843356193403
1993-04-13,1.227941419173603
1993-04-14,38.12652479578959
1993-04-15,8.611611742571563
1993-04-16,8.238256320815226e-05
1993-04-17,1.6952511533604688
1993-04-18,1.9864494258703178
1993-04-19,0.05477884790043783
1993-04-20,8.32049258976933
1993-04-21,0.0
1993-04-22,0.0
1993-04-23,0.028511195163373543
1993-04-24,0.4337610256385454
1993-04-25,29.93978486133012
1993-04-26,0.0
1993-04-27,0.0
1993-04-28,0.0
1993-04-29,42.73835462059999
1993-04-30,1.144699634577993
1993-05-01,1.9320870933681515
1993-05-02,1.5382968850782246
1993-05-03,0.8906514073167895
1993-05-04,0.01977898551251613
1993-05-05,0.07046084426128893
1993-05-06,0.3487415284966959
1993-05-07,0.004715568698316744
1993-05-08,0.09685869983645756
1993-05-09,1.9540164290272133
1993-05-10,72.8340808510286
1993-05-11,0.612883217438789
1993-05-12,2.743441249790535
1993-05-13,0.3290894398808586
1993-05-14,0.00020800704468235636
1993-05-15,0.0
1993-05-16,0.08001927690186407
1993-05-17,1.0795202151926224
1993-05-18,10.882751661723015
1993-05-19,0.7339955032927522
1993-05-20,0.0470882238765343
1993-05-21,0.0
1993-05-22,0.42932614371494093
1993-05-23,3.0725270276665757
1993-05-24,15.670123129737611
1993-05-25,0.005613457707415669
1993-05-26,0.0
1993-05-27,0.6610434644819639
1993-05-28,0.5941285589320056
1993-05-29,2.0311880914101827
1993-05-30,6.076512793910617
1993-05-31,5.220059939020764
1993-06-01,0.0
1993-06-02,0.0016557403981015402
1993-06-03,0.0006875105962507686
1993-06-04,0.06861809885439704
1993-06-05,0.7238936630806306
1993-06-06,0.9206467743044434
1993-06-07,8.561091164764761
1993-06-08,5.050036046818933
1993-06-09,4.660174644100236
1993-06-10,12.67917950163079
1993-06-11,7.924087241709677
1993-06-12,19.043545249447725
1993-06-13,4.5490714105317185
1993-06-14,3.736039043062978
1993-06-15,4.615683532700598
1993-06-16,2.2186970842919975
1993-06-17,0.9682144754024468
1993-06-18,0.2153768082583811
1993-06-19,0.07239912806490471
1993-06-20,5.5186284773544445
1993-06-21,7.147018781985353
1993-06-22,3.397373637674663
1993-06-23,3.9485402938768557
1993-06-24,1.197577633340987
1993-06-25,2.0415904043164157
1993-06-26,2.872377997829456
1993-06-27,6.514917835895244
1993-06-28,4.823683201970464
1993-06-29,0.025925573996070737
1993-06-30,0.0
1993-07-01,0.0
1993-07-02,0.0
1993-07-03,0.0
1993-07-04,0.009404522235371795
1993-07-05,0.23498457743312862
1993-07-06,0.8740911235026101
1993-07-07,0.026080943596670198
1993-07-08,0.0001415655692544073
1993-07-09,0.0
1993-07-10,0.16213226935866237
1993-07-11,0.5004393425722665
1993-07-12,0.06921655557219278
1993-07-13,0.008117592657855137
1993-07-14,0.006813332898736826
1993-07-15,0.05075364487103116
1993-07-16,0.09401951828679463
1993-07-17,0.04380078879806473
1993-07-18,0.00309336116706585
1993-07-19,0.0004447435943844726
1993-07-20,0.12851491298229073
1993-07-21,1.1367614808037918
1993-07-22,0.6974584112696182
1993-07-23,0.00012011776901502133
1993-07-24,0.0
1993-07-25,0.0
1993-07-26,0.0
1993-07-27,0.017820815257359127
1993-07-28,0.3962940992983767
1993-07-29,7.49948920998387
1993-07-30,6.847091927726786
1993-07-31,2.5608973119051135
1993-08-01,0.1753640081742776
1993-08-02,2.818334146046688
1993-08-03,9.162617334999247
1993-08-04,7.259903949432303
1993-08-05,2.6078909534931918
1993-08-06,30.088303278708267
1993-08-07,0.11908345560482404
1993-08-08,3.445617152164042
1993-08-09,13.93598531412223
1993-08-10,0.6818309424572537
1993-08-11,0.21073967860446555
1993-08-12,0.18154373843243996
1993-08-13,0.43975370024822663
1993-08-14,0.30629118429240115
1993-08-15,0.15234902750501775
1993-08-16,0.0
1993-08-17,0.0
1993-08-18,0.0
1993-08-19,0.0
1993-08-20,0.0
1993-08-21,5.572661682610788
1993-08-22,1.6065402759052771
1993-08-23,0.8219524924481123
1993-08-24,0.5459243355613294
1993-08-25,0.9368720602998699
1993-08-26,0.42892004186811483
1993-08-27,0.011298604303999335
1993-08-28,0.27638512822078504
1993-08-29,1.0341912082844922
1993-08-30,0.8814620832135298
1993-08-31,6.937958540174554
1993-09-01,16.93206638315065
1993-09-02,12.737009962807928
1993-09-03,1.569314314847062
1993-09-04,0.0
1993-09-05,0.0
1993-09-06,0.001357825741152028
1993-09-07,3.5666209454726867
1993-09-08,19.710185284603654
1993-09-09,1.186020915566531
1993-09-10,0.0
1993-09-11,0.0
1993-09-12,0.09816258810334647
1993-09-13,8.475035544258175
1993-09-14,29.43111482309025
1993-09-15,0.0
1993-09-16,0.0
1993-09-17,0.0
1993-09-18,0.0
1993-09-19,2.0629918399518967
1993-09-20,18.686828833762952
1993-09-21,0.0
1993-09-22,0.35959421639333516
1993-09-23,3.7569527539452134
1993-09-24,2.8535826568705067
1993-09-25,3.2874080844864837
1993-09-26,6.933135989828123
1993-09-27,0.00038916844787058357
1993-09-28,0.0
1993-09-29,0.0
1993-09-30,0.0
1993-10-01,0.0
1993-10-02,28.690050042801644
1993-10-03,19.885215260744005
1993-10-04,0.0
1993-10-05,0.0
1993-10-06,0.0
1993-10-07,0.0
1993-10-08,2.7160896374188312
1993-10-09,39.4669420000652
1993-10-10,0.0
1993-10-11,7.274982828619305
1993-10-12,0.0
1993-10-13,1.772597608426179
1993-10-14,0.0
1993-10-15,0.003250428486383848
1993-10-16,0.8536493217747377
1993-10-17,3.48464830459971
1993-10-18,16.022557698824347
1993-10-19,72.06358134139072
1993-10-20,72.42643154352423
1993-10-21,10.904589967625043
1993-10-22,0.7378461417406535
1993-10-23,0.7378461417406535
1993-10-24,0.7378461417406535
1993-10-25,0.7378461417406535
1993-10-26,0.0
1993-10-27,0.0
1993-10-28,0.0
1993-10-29,3.031871188945887
1993-10-30,8.880808354235324
1993-10-31,0.0
1993-11-01,0.0
1993-11-02,2.260935423342775
1993-11-03,8.670622590516576
1993-11-04,0.25073902132022735
1993-11-05,1.9345565915959226
1993-11-06,0.0
1993-11-07,0.0
1993-11-08,0.0
1993-11-09,2.823805802486323
1993-11-10,0.0
1993-11-11,0.46002569543881894
1993-11-12,9.966589931429944
1993-11-13,21.886287311387285
1993-11-14,69.59313140657521
1993-11-15,0.0
1993-11-16,26.14615905372142
1993-11-17,0.9838617631933588
1993-11-18,0.0
1993-11-19,0.001596110091567541
1993-11-20,0.0
1993-11-21,0.0
1993-11-22,0.0
1993-11-23,0.0
1993-11-24,10.80646320202191
1993-11-25,6.165636627279115
1993-11-26,36.54495661682508
1993-11-27,0.0
1993-11-28,0.0
1993-11-29,0.0
1993-11-30,0.0
1993-12-01,0.0
1993-12-02,16.24966717192364
1993-12-03,117.19043883010745
1993-12-04,10.638265313486247
1993-12-05,0.0
1993-12-06,0.0
1993-12-07,0.0
1993-12-08,0.006407590326384913
1993-12-09,1.229203906447197
1993-12-10,1.8050594762879477
1993-12-11,0.0
1993-12-12,0.340033979156395
1993-12-13,11.240504167614082
1993-12-14,0.015942583853651195
1993-12-15,0.0
1993-12-16,0.0002935931629639344
1993-12-17,2.3452404535871194
1993-12-18,0.27711629331216486
1993-12-19,0.0
1993-12-20,4.2222933596483045
1993-12-21,0.0
1993-12-22,3.4678029890802056
1993-12-23,0.0
1993-12-24,0.0010113549407281353
1993-12-25,0.0
1993-12-26,0.0
1993-12-27,6.560563638805863e-05
1993-12-28,0.7164868780526622
1993-12-29,0.012747447195109415
1993-12-30,0.0
1993-12-31,0.0
1994-01-01,0.4312756326391833
1994-01-02,0.03141596342278825
1994-01-03,0.8192647019616373
1994-01-04,0.24570030370842214
1994-01-05,0.0
1994-01-06,0.16864599030246216
1994-01-07,1.792201992425038
1994-01-08,0.0
1994-01-09,0.0
1994-01-10,3.6394309257541164
1994-01-11,14.10125088445327
1994-01-12,0.11793969489648023
1994-01-13,0.008823103230335633
1994-01-14,0.0022813772148477757
1994-01-15,0.0
1994-01-16,9.56892104069736
1994-01-17,50.28234363035257
1994-01-18,0.0
1994-01-19,0.0
1994-01-20,0.3549328637419225
1994-01-21,0.012928746577903974
1994-01-22,0.04306802391599788
1994-01-23,0.586369373856893
1994-01-24,0.24576154320189902
1994-01-25,1.0914622561135572
1994-01-26,52.62396879273204
1994-01-27,42.34699182922279
1994-01-28,0.15977926761630498
1994-01-29,0.4362007512447369
1994-01-30,0.9163564945379633
1994-01-31,0.14581330901454678
1994-02-01,0.0
1994-02-02,0.0
1994-02-03,0.0
1994-02-04,2.2538821344278723
1994-02-05,5.3349512944991595
1994-02-06,0.0
1994-02-07,0.004711511225566308
1994-02-08,1.4443060717482823
1994-02-09,16.80668874113502
1994-02-10,1.808476119867457
1994-02-11,2.779340714806134
1994-02-12,0.12324316609609305
1994-02-13,0.007367650216269353
1994-02-14,0.0
1994-02-15,0.0
1994-02-16,0.0
1994-02-17,0.0
1994-02-18,0.0
1994-02-19,0.9129531544549883
1994-02-20,24.382104832125385
1994-02-21,0.936325676028405
1994-02-22,54.23620152725548
1994-02-23,0.5094941694428653
1994-02-24,0.0
1994-02-25,0.0
1994-02-26,0.0176732930546754
1994-02-27,0.0176732930546754
1994-02-28,0.02486233090911642
1994-03-01,17.467053485834846
1994-03-02,24.933450032653496
1994-03-03,0.0
1994-03-04,0.0
1994-03-05,0.0
1994-03-06,1.8597614545845766
1994-03-07,0.5147073705431953
1994-03-08,10.451534661602134
1994-03-09,28.0226135349921
1994-03-10,0.0
1994-03-11,0.0
1994-03-12,0.0
1994-03-13,0.0
1994-03-14,0.0
1994-03-15,0.0
1994-03-16,0.0
1994-03-17,0.0
1994-03-18,0.0
1994-03-19,0.24684228885742518
1994-03-20,0.0999141308409916
1994-03-21,1.7445556108115459
1994-03-22,0.0
1994-03-23,0.9310674029165275
1994-03-24,19.661138765433424
1994-03-25,1.9465858024461526
1994-03-26,15.120577056220768
1994-03-27,21.29632289688749
1994-03-28,0.136250063297198
1994-03-29,0.0
1994-03-30,0.015416996510864985
1994-03-31,0.0
1994-04-01,0.0
1994-04-02,0.0
1994-04-03,0.6441774662049619
1994-04-04,0.0
1994-04-05,9.289923631701482
1994-04-06,0.0
1994-04-07,0.0
1994-04-08,0.0
1994-04-09,0.0
1994-04-10,0.0
1994-04-11,10.358186268282108
1994-04-12,27.579631452695427
1994-04-13,0.0
1994-04-14,0.9647391720012637
1994-04-15,1.8672027451629643
1994-04-16,0.0
1994-04-17,0.0
1994-04-18,0.0
1994-04-19,0.0021861579115447817
1994-04-20,0.0058964336099225955
1994-04-21,0.0
1994-04-22,0.0
1994-04-23,0.0
1994-04-24,0.0
1994-04-25,0.0
1994-04-26,11.57616044850895
1994-04-27,34.20977563140219
1994-04-28,4.514282359066365
1994-04-29,1.2369366579697874
1994-04-30,24.694149854838177
1994-05-01,0.0
1994-05-02,13.891455461534012
1994-05-03,39.609538618416565
1994-05-04,0.0
1994-05-05,0.33300713270388044
1994-05-06,0.8179178227322947
1994-05-07,13.147510199972984
1994-05-08,0.7540273608270296
1994-05-09,4.093223368025308
1994-05-10,1.1760455479484446
1994-05-11,2.6842859338946403
1994-05-12,9.431690721085511
1994-05-13,5.09822111354303
1994-05-14,15.324371559710146
1994-05-15,3.9988598960569277
1994-05-16,1.5525079188137165
1994-05-17,0.001786115537745387
1994-05-18,0.0
1994-05-19,0.0
1994-05-20,0.0
1994-05-21,0.0
1994-05-22,0.0
1994-05-23,0.0
1994-05-24,0.0
1994-05-25,6.130573099153724
1994-05-26,34.917477454892065
1994-05-27,0.11589764305723763
1994-05-28,0.00537431460432005
1994-05-29,1.4751658109407928
1994-05-30,6.73815256467731
1994-05-31,0.2610598222676638
1994-06-01,0.0029445942719637445
1994-06-02,0.19343350994894962
1994-06-03,2.6829572549037253
1994-06-04,5.818320259659225
1994-06-05,0.5759380588857528
1994-06-06,3.708929743548792
1994-06-07,4.8135739131340305
1994-06-08,0.0
1994-06-09,25.104468389147115
1994-06-10,8.171218781924571
1994-06-11,2.570825315337914
1994-06-12,8.91290690564974
1994-06-13,0.7898639632327417
1994-06-14,0.05199685996174143
1994-06-15,1.8503399816161754
1994-06-16,2.183101486805539
1994-06-17,1.90360744996841
1994-06-18,5.222537370218285
1994-06-19,2.573771865132256
1994-06-20,0.46377779264673935
1994-06-21,2.65350760962864
1994-06-22,0.16025056441344424
1994-06-23,2.470679683312402
1994-06-24,10.333292090522043
1994-06-25,0.036657019737313425
1994-06-26,8.451412470394708e-05
1994-06-27,0.0
1994-06-28,0.00017281530444679884
1994-06-29,0.08947620528658864
1994-06-30,0.11486219624501158
1994-07-01,13.270918820400597
1994-07-02,0.1012591371862752
1994-07-03,0.842880146850617
1994-07-04,0.39325629767925757
1994-07-05,0.012795734089953565
1994-07-06,0.082627902035248
1994-07-07,5.559906631446015
1994-07-08,2.2994831156811
1994-07-09,8.793760295689296
1994-07-10,5.55973038878682
1994-07-11,2.6041078947177354
1994-07-12,7.122690326658463
1994-07-13,17.523957526109857
1994-07-14,45.85717436548424
1994-07-15,17.309608816571384
1994-07-16,16.63305485877607
1994-07-17,12.77999090078239
1994-07-18,7.660957258116782
1994-07-19,1.4577962572249754
1994-07-20,1.4851168921015663
1994-07-21,6.775621848970027
1994-07-22,16.358502092011882
1994-07-23,0.008604396633502424
1994-07-24,0.16487200926205844
1994-07-25,3.4101089626880445
1994-07-26,6.321492885285371
1994-07-27,9.816980626126233
1994-07-28,0.10472724183565771
1994-07-29,0.0008845009127889717
1994-07-30,0.46051867545930525
1994-07-31,0.23884599848650942
1994-08-01,0.7020599801519088
1994-08-02,0.1010537847701421
1994-08-03,1.302305813130997
1994-08-04,5.0058810463153645
1994-08-05,25.679727489029755
1994-08-06,0.7374789513847
1994-08-07,17.257568761591003
1994-08-08,2.475177367740993
1994-08-09,0.14058483591807613
1994-08-10,0.27617316738884967
1994-08-11,0.055668351046223995
1994-08-12,0.02825947964553695
1994-08-13,0.220337109844622
1994-08-14,8.306021113657211
1994-08-15,1.1431721578624514
1994-08-16,0.0
1994-08-17,0.0
1994-08-18,0.17182018572763455
1994-08-19,19.252201696242725
1994-08-20,20.64138044787723
1994-08-21,7.0613119517448215
1994-08-22,0.007681218196267681
1994-08-23,0.044218816962093954
1994-08-24,0.4163821311996824
1994-08-25,1.1337144360746978
1994-08-26,0.390404127524575
1994-08-27,0.07883277695685881
1994-08-28,0.0004093122580554688
1994-08-29,0.009608956122190088
1994-08-30,0.020962066500289426
1994-08-31,1.5287505857552814
1994-09-01,51.52586382865749
1994-09-02,0.9289828251429125
1994-09-03,0.07504040414572868
1994-09-04,0.7722537948819821
1994-09-05,0.6459306867583625
1994-09-06,1.686277766699961
1994-09-07,0.12210585122971296
1994-09-08,0.06588217150649071
1994-09-09,0.0058865622302446555
1994-09-10,0.0
1994-09-11,0.022827013199023232
1994-09-12,0.4793230855672688
1994-09-13,0.08155452162768612
1994-09-14,0.22108359089383775
1994-09-15,0.0018045421326453156
1994-09-16,1.4104427701591449
1994-09-17,0.7287658157102647
1994-09-18,0.0
1994-09-19,0.0
1994-09-20,0.0
1994-09-21,0.0
1994-09-22,12.8749861147982
1994-09-23,0.21942074393685884
1994-09-24,1.183402076506457
1994-09-25,0.0031436186707154198
1994-09-26,0.3352073884718093
1994-09-27,0.3352073884718093
1994-09-28,0.3352073884718093
1994-09-29,0.3352073884718093
1994-09-30,0.3352073884718093
1994-10-01,0.0
1994-10-02,1.0290185250342752
1994-10-03,0.0
1994-10-04,0.9729352485365733
1994-10-05,0.034242951810687185
1994-10-06,0.0
1994-10-07,1.1751628907436924
1994-10-08,72.09676450410294
1994-10-09,0.005130947402349708
1994-10-10,0.0
1994-10-11,0.24811680471720596
1994-10-12,6.177675731977762
1994-10-13,0.6603443191188283
1994-10-14,0.44563308773423016
1994-10-15,1.8863207734926628
1994-10-16,15.827491175817112
1994-10-17,8.246863937228037
1994-10-18,12.812385210265107
1994-10-19,0.2792099785766769
1994-10-20,0.7069873713285132
1994-10-21,26.19614547659993
1994-10-22,2.04098742997706
1994-10-23,0.0
1994-10-24,0.029798120097132237
1994-10-25,2.9212370845798707
1994-10-26,0.0
1994-10-27,0.0
1994-10-28,0.0
1994-10-29,0.0
1994-10-30,0.0
1994-10-31,6.349607144836083
1994-11-01,0.0
1994-11-02,0.041135231032935704
1994-11-03,7.209536476731845
1994-11-04,27.715301983440312
1994-11-05,49.37938205505435
1994-11-06,0.0
1994-11-07,0.0
1994-11-08,0.2781093848600213
1994-11-09,24.370476050713577
1994-11-10,0.44845262736482255
1994-11-11,0.37393353679273356
1994-11-12,0.6091323115880343
1994-11-13,0.0071588441426652175
1994-11-14,3.279860540362626
1994-11-15,8.043825907554734
1994-11-16,0.02545112835425751
1994-11-17,0.0003100062276703121
1994-11-18,0.009904592796725297
1994-11-19,1.9056481769319036
1994-11-20,4.949049212402626
1994-11-21,0.14622715723128832
1994-11-22,0.0
1994-11-23,0.0
1994-11-24,3.4178215941655825
1994-11-25,8.254921755328864
1994-11-26,7.554903087676329
1994-11-27,27.0545672036712
1994-11-28,0.0
1994-11-29,0.0
1994-11-30,0.0
1994-12-01,0.0
1994-12-02,0.0005003878647361696
1994-12-03,0.0028568765399877233
1994-12-04,0.0007552716573173397
1994-12-05,0.0011082632316067153
1994-12-06,0.08399884466975617
1994-12-07,0.46483793886495
1994-12-08,18.000720804748582
1994-12-09,27.665347806476962
1994-12-10,40.24193416286908
1994-12-11,0.0
1994-12-12,0.0
1994-12-13,0.01570235626537064
1994-12-14,2.27051161368309
1994-12-15,9.636317265736952
1994-12-16,13.85444141852038
1994-12-17,0.0032930876876066315
1994-12-18,0.0
1994-12-19,0.0
1994-12-20,11.331352851092152
1994-12-21,3.0045686894533046
1994-12-22,0.1769443622388343
1994-12-23,0.01569278435702554
1994-12-24,0.0
1994-12-25,0.0
1994-12-26,0.0
1994-12-27,0.0
1994-12-28,1.763730046819011
1994-12-29,16.50274675688002
1994-12-30,0.0
1994-12-31,0.7931078338655768
1995-01-01,0.3946774662408365
1995-01-02,0.0
1995-01-03,3.3239019518405706
1995-01-04,0.0
1995-01-05,0.0
1995-01-06,4.91651192915696
1995-01-07,0.012474863492390192
1995-01-08,0.0
1995-01-09,0.0
1995-01-10,0.6238975586276748
1995-01-11,1.7850247966256916
1995-01-12,4.236489026867015
1995-01-13,66.031939475079
1995-01-14,5.2276005089916495
1995-01-15,0.0
1995-01-16,0.0
1995-01-17,7.991928375769378
1995-01-18,37.959888759880826
1995-01-19,7.279621852404318
1995-01-20,0.0
1995-01-21,0.0
1995-01-22,0.0
1995-01-23,0.0
1995-01-24,0.0
1995-01-25,0.0
1995-01-26,6.341197368466746
1995-01-27,15.893746194940865
1995-01-28,0.03756608151517087
1995-01-29,2.399146653149652
1995-01-30,0.1612524304526891
1995-01-31,0.0
1995-02-01,0.0
1995-02-02,0.0
1995-02-03,0.10762493585738503
1995-02-04,0.0
1995-02-05,0.0
1995-02-06,0.31170817021455616
1995-02-07,0.03770028746098014
1995-02-08,0.0
1995-02-09,0.013613969983998643
1995-02-10,0.27014522611314523
1995-02-11,2.2188463725883936
1995-02-12,0.0
1995-02-13,0.617483411249637
1995-02-14,5.078369132454999
1995-02-15,5.956375611097296
1995-02-16,11.51277128913664
1995-02-17,0.0
1995-02-18,0.0
1995-02-19,0.0
1995-02-20,0.0
1995-02-21,0.0
1995-02-22,0.0
1995-02-23,0.37513967586020586
1995-02-24,0.0
1995-02-25,0.0
1995-02-26,10.721984933899437
1995-02-27,23.57074560934571
1995-02-28,1.5935290686142043
1995-03-01,0.0010463846692990299
1995-03-02,0.9236266915348427
1995-03-03,2.3249536539942866
1995-03-04,1.7464205309138192
1995-03-05,2.586119688468776
1995-03-06,2.9930154491095045
1995-03-07,46.281102158341135
1995-03-08,0.0
1995-03-09,0.0
1995-03-10,0.0
1995-03-11,0.007075788295108566
1995-03-12,0.29565989597219505
1995-03-13,1.2955880350441382
1995-03-14,12.268128991548549
1995-03-15,5.592874684317227
1995-03-16,0.07831518705456827
1995-03-17,0.025084455540189336
1995-03-18,0.0
1995-03-19,0.0
1995-03-20,1.3671348353089794e-05
1995-03-21,0.0
1995-03-22,0.0
1995-03-23,0.0
1995-03-24,0.5124353272555205
1995-03-25,3.0137961948653094
1995-03-26,7.924327587495143
1995-03-27,7.589463450780717
1995-03-28,1.042498689394662
1995-03-29,1.1975209267128093
1995-03-30,0.020743699600123528
1995-03-31,0.0008354870630244483
1995-04-01,0.5261271678306702
1995-04-02,0.0
1995-04-03,1.9638868994294547
1995-04-04,16.020421784385544
1995-04-05,2.7009074013052774
1995-04-06,0.048159439958235954
1995-04-07,0.0
1995-04-08,0.007671750601053738
1995-04-09,0.0
1995-04-10,5.69225132653897
1995-04-11,62.92300729787393
1995-04-12,0.0
1995-04-13,0.0
1995-04-14,0.0
1995-04-15,0.2845941591749217
1995-04-16,0.7476963572453972
1995-04-17,4.389244401771139
1995-04-18,16.429501980137204
1995-04-19,4.201409754131684
1995-04-20,19.931365090003837
1995-04-21,0.0
1995-04-22,1.1841162300751216
1995-04-23,15.799642302014936
1995-04-24,0.0015833104370112762
1995-04-25,0.001417998735830174
1995-04-26,0.0
1995-04-27,4.830119050310061
1995-04-28,0.0019481959805873897
1995-04-29,2.6898535846730396
1995-04-30,8.5395242610775
1995-05-01,25.746471493997866
1995-05-02,0.010860778395266871
1995-05-03,9.68795771124862
1995-05-04,8.27640332651263
1995-05-05,0.0
1995-05-06,10.158696718470031
1995-05-07,7.024968183278747
1995-05-08,71.67825121965977
1995-05-09,6.480835381118984e-05
1995-05-10,0.0
1995-05-11,0.007080001004605167
1995-05-12,0.18059844693626737
1995-05-13,1.1683683557798283
1995-05-14,0.5992309266087226
1995-05-15,0.8111458674885318
1995-05-16,0.16296177386921162
1995-05-17,2.437050578099919
1995-05-18,9.745372015564373
1995-05-19,0.0
1995-05-20,0.0
1995-05-21,2.7134917196004023
1995-05-22,0.04335335667390394
1995-05-23,0.0
1995-05-24,0.9877825274722891
1995-05-25,24.798945519808957
1995-05-26,7.6416828567520705
1995-05-27,6.073704693907916
1995-05-28,0.74099041022891
1995-05-29,1.1570824971241687
1995-05-30,2.5434076166352937
1995-05-31,14.83271199904993
1995-06-01,16.745625003791904
1995-06-02,3.2247206714132264
1995-06-03,2.2545816211349194
1995-06-04,0.21223561629846752
1995-06-05,0.007843723302200624
1995-06-06,0.5141813757972337
1995-06-07,0.7153681778101751
1995-06-08,0.004204321712097969
1995-06-09,1.9096515693406577
1995-06-10,4.332350014159024
1995-06-11,24.923910894038297
1995-06-12,0.0
1995-06-13,0.0
1995-06-14,0.0
1995-06-15,0.002887415259530987
1995-06-16,0.0
1995-06-17,0.0
1995-06-18,0.5129153052706487
1995-06-19,0.5480036143675732
1995-06-20,0.1929060822708742
1995-06-21,0.6570974015644064
1995-06-22,0.9978475701260585
1995-06-23,7.501316709345422
1995-06-24,2.4619080269046485
1995-06-25,4.248936381575454
1995-06-26,0.005862754041749396
1995-06-27,0.12037574881198257
1995-06-28,0.31025277821901376
1995-06-29,1.9184634159617666
1995-06-30,21.4302440117284
1995-07-01,1.7600125130959043
1995-07-02,0.2843370774991587
1995-07-03,10.124845917170173
1995-07-04,14.875739597580354
1995-07-05,57.46973910711338
1995-07-06,0.6482520259495013
1995-07-07,0.4654140625365912
1995-07-08,0.04275027343688216
1995-07-09,0.2681770733506579
1995-07-10,0.38186526898671097
1995-07-11,0.033559051915348366
1995-07-12,0.11246685317517385
1995-07-13,0.05575025308770591
1995-07-14,0.35369843342182805
1995-07-15,0.21639739439362876
1995-07-16,0.34682595605802724
1995-07-17,6.949803978311301
1995-07-18,6.859675989576498
1995-07-19,0.2899088352221388
1995-07-20,1.7430397229314518
1995-07-21,6.2026815711605705
1995-07-22,0.16575743539657023
1995-07-23,7.399673172572835
1995-07-24,4.859242941044083
1995-07-25,1.2711841376766322
1995-07-26,0.05017169649252321
1995-07-27,0.0008874399777712798
1995-07-28,0.07459486291368136
1995-07-29,0.058825513851213734
1995-07-30,0.005572241157966394
1995-07-31,0.5676462424089863
1995-08-01,0.0
1995-08-02,0.0
1995-08-03,0.0
1995-08-04,0.0
1995-08-05,0.0
1995-08-06,16.27202028754261
1995-08-07,4.597867680500036
1995-08-08,3.521463473361638
1995-08-09,0.03994181860144664
1995-08-10,3.2087121113188894
1995-08-11,0.009121357310320953
1995-08-12,0.001564018264090361
1995-08-13,0.010504094857901911
1995-08-14,0.2388954855085137
1995-08-15,0.024785560142152767
1995-08-16,0.011781016781216135
1995-08-17,0.017081384541252992
1995-08-18,0.843151092518878
1995-08-19,3.9091070837543573
1995-08-20,1.2385648201409445
1995-08-21,0.0
1995-08-22,0.0
1995-08-23,0.0
1995-08-24,0.0
1995-08-25,0.0
1995-08-26,0.7905196599502332
1995-08-27,0.14649944260401526
1995-08-28,0.0
1995-08-29,0.0
1995-08-30,0.0
1995-08-31,0.17626451048036418
1995-09-01,0.15563935103931303
1995-09-02,0.0003708704699818334
1995-09-03,0.0012385554379045272
1995-09-04,0.16309844182316505
1995-09-05,5.350620780278914
1995-09-06,0.0
1995-09-07,6.766591782486469
1995-09-08,0.6222441577827375
1995-09-09,0.0
1995-09-10,0.0
1995-09-11,0.00026164792801148645
1995-09-12,13.045739089019664
1995-09-13,1.39673663117593
1995-09-14,0.13240134027875228
1995-09-15,4.833230721277705
1995-09-16,26.017282267280542
1995-09-17,11.49162859061156
1995-09-18,0.0
1995-09-19,36.99216416592074
1995-09-20,14.259565613016772
1995-09-21,2.683456836575426
1995-09-22,0.20028296424973027
1995-09-23,0.0
1995-09-24,0.0
1995-09-25,1.3969071405085443
1995-09-26,2.407550083202792
1995-09-27,0.26781451771783177
1995-09-28,0.6010612633176203
1995-09-29,0.0
1995-09-30,0.0005571201109374141
1995-10-01,1.7179343125110105
1995-10-02,5.230737581707094
1995-10-03,19.317081514686357
1995-10-04,0.0
1995-10-05,0.0
1995-10-06,0.5108451657796612
1995-10-07,0.5108451657796612
1995-10-08,0.5108451657796612
1995-10-09,0.5108451657796612
1995-10-10,0.5108451657796612
1995-10-11,0.34311649214642476
1995-10-12,0.34311649214642476
1995-10-13,0.34311649214642476
1995-10-14,0.34311649214642476
1995-10-15,0.34311649214642476
1995-10-16,0.0
1995-10-17,0.0
1995-10-18,0.0
1995-10-19,0.0
1995-10-20,3.237254908943812
1995-10-21,0.0
1995-10-22,0.0
1995-10-23,1.568843757718996
1995-10-24,0.0
1995-10-25,1.0496082536015978
1995-10-26,3.099642767350004
1995-10-27,14.488863188174125
1995-10-28,0.0
1995-10-29,0.0
1995-10-30,0.8210658013960707
1995-10-31,0.014385471990811586
1995-11-01,30.773294989128775
1995-11-02,4.874619964780455
1995-11-03,1.1881792478568158
1995-11-04,0.0
1995-11-05,1.491377626016509
1995-11-06,2.248963348860393
1995-11-07,7.490658353156084
1995-11-08,0.0
1995-11-09,0.0
1995-11-10,5.865186501517356
1995-11-11,21.276807701319726
1995-11-12,0.0
1995-11-13,0.03834007079173273
1995-11-14,0.0
1995-11-15,3.931889981280764
1995-11-16,0.0
1995-11-17,0.0
1995-11-18,0.0
1995-11-19,0.0
1995-11-20,1.8321849210815229
1995-11-21,0.004752796278505826
1995-11-22,0.008711859662690334
1995-11-23,5.212892579173902
1995-11-24,0.0
1995-11-25,0.0
1995-11-26,0.0
1995-11-27,0.08261081065137174
1995-11-28,1.4257161174270365
1995-11-29,0.0
1995-11-30,0.0
1995-12-01,0.0
1995-12-02,0.001441299808213959
1995-12-03,0.004134176968226053
1995-12-04,3.2258568183711786e-05
1995-12-05,3.759091833985527e-07
1995-12-06,2.8446945934622105
1995-12-07,0.14706506127874472
1995-12-08,22.67897864404123
1995-12-09,0.025213519475174816
1995-12-10,0.0
1995-12-11,0.0
1995-12-12,0.21752608720437847
1995-12-13,0.25001928133015294
1995-12-14,0.12097058678794537
1995-12-15,1.7029872639475239
1995-12-16,2.307357846969374
1995-12-17,35.55038744322785
1995-12-18,38.81373397397794
1995-12-19,3.0484713035062008
1995-12-20,0.0
1995-12-21,0.0
1995-12-22,0.5362574103213128
1995-12-23,0.23076775574607578
1995-12-24,0.0
1995-12-25,0.0
1995-12-26,0.0
1995-12-27,0.0
1995-12-28,0.0
1995-12-29,0.0
1995-12-30,1.8214237881051203
1995-12-31,1.0008244883854418
1996-01-01,23.035269821630436
1996-01-02,29.765241552027184
1996-01-03,0.4208885334919666
1996-01-04,0.0
1996-01-05,0.0
1996-01-06,0.0
1996-01-07,0.0
1996-01-08,0.0
1996-01-09,0.0
1996-01-10,0.0
1996-01-11,1.6553295007682445
1996-01-12,0.0
1996-01-13,0.0
1996-01-14,0.0
1996-01-15,1.077268265833469
1996-01-16,1.173672432061932
1996-01-17,2.3025695728196114
1996-01-18,15.416582588259187
1996-01-19,0.0
1996-01-20,0.9968987630556366
1996-01-21,0.0
1996-01-22,0.0
1996-01-23,0.0
1996-01-24,0.0
1996-01-25,0.0
1996-01-26,1.387906928547279
1996-01-27,0.0
1996-01-28,0.0
1996-01-29,0.48866345757523527
1996-01-30,2.879038628935192
1996-01-31,0.25419729314419404
1996-02-01,1.5554231536620673
1996-02-02,7.434133688948984
1996-02-03,0.08474118423081725
1996-02-04,0.014430492635828693
1996-02-05,0.0
1996-02-06,1.2745819348523526
1996-02-07,8.69732856373081
1996-02-08,4.425859431490615
1996-02-09,0.7738589226824283
1996-02-10,0.31590970260492396
1996-02-11,0.0
1996-02-12,0.0
1996-02-13,0.0
1996-02-14,0.0
1996-02-15,0.0
1996-02-16,0.00289975045413222
1996-02-17,0.0
1996-02-18,0.0
1996-02-19,45.72602804043352
1996-02-20,0.0
1996-02-21,0.0
1996-02-22,0.0
1996-02-23,0.0
1996-02-24,0.0
1996-02-25,0.718385667380413
1996-02-26,2.3290363920675072
1996-02-27,21.525445906087608
1996-02-28,0.002482193518839852
1996-02-29,0.00010805585983426842
1996-03-01,0.0
1996-03-02,0.0
1996-03-03,0.0
1996-03-04,0.0
1996-03-05,0.0
1996-03-06,13.879505045443793
1996-03-07,0.39121001027792346
1996-03-08,0.0
1996-03-09,0.0
1996-03-10,0.0
1996-03-11,0.0
1996-03-12,0.0
1996-03-13,0.0
1996-03-14,0.0
1996-03-15,0.0
1996-03-16,0.0003729900194302788
1996-03-17,0.7876346181442115
1996-03-18,32.872686127367196
1996-03-19,0.1943801152594007
1996-03-20,0.004152762354035009
1996-03-21,0.0
1996-03-22,0.0
1996-03-23,0.048739377932551925
1996-03-24,19.168097355273563
1996-03-25,7.913073127395685
1996-03-26,0.0007037339449633954
1996-03-27,3.052788437850612
1996-03-28,8.435035000132139
1996-03-29,0.08500575938220721
1996-03-30,8.557225350303067
1996-03-31,6.139636575707652
1996-04-01,0.0
1996-04-02,0.0
1996-04-03,0.0
1996-04-04,9.066491033232044
1996-04-05,0.30358001139574753
1996-04-06,0.0
1996-04-07,0.0
1996-04-08,0.0
1996-04-09,0.0
1996-04-10,0.0
1996-04-11,0.0
1996-04-12,7.717571784727725
1996-04-13,54.566576775206634
1996-04-14,4.047469020747488
1996-04-15,0.0
1996-04-16,0.0
1996-04-17,0.0
1996-04-18,1.0432619541609036
1996-04-19,1.9180326603299045
1996-04-20,6.866482174058188
1996-04-21,3.2308592165775454
1996-04-22,29.69989489243812
1996-04-23,6.385129648921202
1996-04-24,0.0
1996-04-25,0.0
1996-04-26,0.012983690815896514
1996-04-27,0.0
1996-04-28,1.155269645166482
1996-04-29,21.030809431929328
1996-04-30,0.0
1996-05-01,0.0
1996-05-02,0.0
1996-05-03,0.0
1996-05-04,0.0
1996-05-05,0.0
1996-05-06,9.160285735680109
1996-05-07,16.42384387754911
1996-05-08,0.033251170641987515
1996-05-09,1.0041017844505
1996-05-10,3.5268446950127514
1996-05-11,49.29943446525483
1996-05-12,0.08631808882937102
1996-05-13,16.914881906025222
1996-05-14,5.051147722888176
1996-05-15,1.0222572754027899
1996-05-16,0.22791740428225946
1996-05-17,0.08905062060915615
1996-05-18,0.2776221295380886
1996-05-19,0.08905062060915615
1996-05-20,0.11345471373140732
1996-05-21,9.495595754958499
1996-05-22,46.00951896503172
1996-05-23,0.0
1996-05-24,0.0010520071482577411
1996-05-25,0.0
1996-05-26,0.8383355419038064
1996-05-27,16.40715546573139
1996-05-28,3.272850368407997
1996-05-29,5.8486547916631855
1996-05-30,3.4450249552923324
1996-05-31,4.348914580418419
1996-06-01,19.35835143491903
1996-06-02,0.16399405544878914
1996-06-03,0.5130093071045778
1996-06-04,2.097613840629999
1996-06-05,4.348042677858169
1996-06-06,0.5255519358093846
1996-06-07,30.09508404034695
1996-06-08,0.5794152775359451
1996-06-09,1.444312413823006
1996-06-10,0.05045299879062716
1996-06-11,1.141434545173676
1996-06-12,0.6690731593257224
1996-06-13,16.51095205302878
1996-06-14,1.012636148439513
1996-06-15,1.2176844111987981
1996-06-16,0.9269682432858888
1996-06-17,4.475803821712015
1996-06-18,8.253082341898365
1996-06-19,14.289167025188219
1996-06-20,0.06682602034634819
1996-06-21,0.005176297960201451
1996-06-22,0.014379110220479632
1996-06-23,0.017894617558953635
1996-06-24,0.07312477234823628
1996-06-25,0.8039168501280365
1996-06-26,10.583974554210247
1996-06-27,12.046722714646535
1996-06-28,0.21178581840023258
1996-06-29,0.16853935068057477
1996-06-30,0.0023980039163514527
1996-07-01,0.0
1996-07-02,0.13136879063402926
1996-07-03,0.14808621129894572
1996-07-04,0.1807418553165024
1996-07-05,15.142299009130245
1996-07-06,0.672976097811044
1996-07-07,3.3053442057462283
1996-07-08,0.30758104476813175
1996-07-09,3.449345412738926
1996-07-10,15.06242717630283
1996-07-11,10.057844312938698
1996-07-12,20.554556341996815
1996-07-13,2.2985227027161934
1996-07-14,14.552094821220319
1996-07-15,1.3371590644334406
1996-07-16,0.15224017439770424
1996-07-17,0.016073752754956688
1996-07-18,0.015316817783406537
1996-07-19,0.041051665169950166
1996-07-20,0.03322641865335113
1996-07-21,0.0
1996-07-22,1.110482654559799
1996-07-23,29.03532676708537
1996-07-24,7.546515307978158
1996-07-25,2.190068587514401
1996-07-26,0.0007755457295340563
1996-07-27,6.763762535417298
1996-07-28,0.7855679278467178
1996-07-29,0.3334301643254589
1996-07-30,2.771408230116932
1996-07-31,23.896243871267455
1996-08-01,5.9794481262006345
1996-08-02,13.78970080558423
1996-08-03,22.46550891148795
1996-08-04,0.04863215093754625
1996-08-05,0.0
1996-08-06,0.055051648004736456
1996-08-07,2.84080807733215
1996-08-08,6.439535684466521
1996-08-09,2.5170828491632404
1996-08-10,0.0
1996-08-11,4.387060741656175
1996-08-12,7.419118693648229
1996-08-13,0.051507952516234405
1996-08-14,0.00010446314807006899
1996-08-15,0.0
1996-08-16,0.0014151400389909845
1996-08-17,1.6714128489425961
1996-08-18,8.58364112232644
1996-08-19,0.7745376401557293
1996-08-20,5.894825649380846
1996-08-21,0.2367902885568968
1996-08-22,0.013885267890437909
1996-08-23,0.025023397530177276
1996-08-24,0.11170369934773045
1996-08-25,3.125886225132313
1996-08-26,6.8915610263300335
1996-08-27,16.27507283392685
1996-08-28,10.449900427805728
1996-08-29,1.9419159075575543
1996-08-30,0.24019545907544929
1996-08-31,0.9136845070498587
1996-09-01,0.4664964785487512
1996-09-02,3.799455603919485
1996-09-03,1.8983160317772627
1996-09-04,0.3336923793767319
1996-09-05,0.5787373819072782
1996-09-06,0.33757468603747354
1996-09-07,0.06670032131854463
1996-09-08,1.1534108243909251
1996-09-09,0.0009210596301575648
1996-09-10,0.0
1996-09-11,0.0
1996-09-12,0.0025617095884144254
1996-09-13,0.001349720763233942
1996-09-14,0.4073476371934461
1996-09-15,13.037456525851542
1996-09-16,7.818812626230977
1996-09-17,1.2232099789361879
1996-09-18,0.007721367994490179
1996-09-19,1.1986591951862442
1996-09-20,28.658287380076565
1996-09-21,16.14501584100364
1996-09-22,0.0
1996-09-23,0.0
1996-09-24,32.301422724817485
1996-09-25,1.008394015045859
1996-09-26,37.19154095115981
1996-09-27,28.738474552774342
1996-09-28,0.001005236662661156
1996-09-29,0.0
1996-09-30,0.0
1996-10-01,0.0
1996-10-02,0.3125370254142704
1996-10-03,0.22903050091060767
1996-10-04,0.0
1996-10-05,1.207338332945451
1996-10-06,0.0020597762747638355
1996-10-07,0.14510499713564995
1996-10-08,2.8365994534016803
1996-10-09,0.006535346760810246
1996-10-10,0.0
1996-10-11,0.0
1996-10-12,0.0
1996-10-13,0.0
1996-10-14,0.0
1996-10-15,1.7575318991051732
1996-10-16,0.0
1996-10-17,1.45472556355251
1996-10-18,0.26159541049234336
1996-10-19,0.0
1996-10-20,0.03793523496442089
1996-10-21,27.121783715197356
1996-10-22,82.21158326566004
1996-10-23,0.0
1996-10-24,0.0
1996-10-25,2.9624233929096775
1996-10-26,1.5896208505611844
1996-10-27,19.993027261965267
1996-10-28,15.844777634494807
1996-10-29,3.013231520559027
1996-10-30,0.0037780379336336996
1996-10-31,0.23573093425351507
1996-11-01,34.889391937186886
1996-11-02,0.057702846044681635
1996-11-03,0.0
1996-11-04,0.06665600538528668
1996-11-05,1.4648441517942392
1996-11-06,0.4471131646710494
1996-11-07,65.0445289828463
1996-11-08,0.0007167211417691414
1996-11-09,0.0
1996-11-10,0.0
1996-11-11,0.0
1996-11-12,1.0201172819862971
1996-11-13,9.835041051235272
1996-11-14,2.9612255922719384
1996-11-15,0.35565176582100716
1996-11-16,2.543760866474867
1996-11-17,36.70205294797199
1996-11-18,0.0
1996-11-19,0.36626785423555386
1996-11-20,4.123506466766056
1996-11-21,2.0848404767542403
1996-11-22,0.00010216522525490718
1996-11-23,0.2993736597628185
1996-11-24,66.47960255081233
1996-11-25,51.800091796000785
1996-11-26,0.002882056452097503
1996-11-27,0.0
1996-11-28,0.0
1996-11-29,34.636812504663105
1996-11-30,11.864109380110529
1996-12-01,0.00015111424562617293
1996-12-02,0.0
1996-12-03,0.0
1996-12-04,0.0
1996-12-05,0.027529589009038076
1996-12-06,0.36325263470512237
1996-12-07,0.36325263470512237
1996-12-08,0.36325263470512237
1996-12-09,0.36325263470512237
1996-12-10,7.673995472007295
1996-12-11,0.052818646983404466
1996-12-12,0.0031594021842592935
1996-12-13,0.0
1996-12-14,0.5378758170305357
1996-12-15,57.8120726076854
1996-12-16,11.634655518405783
1996-12-17,0.15082676370221518
1996-12-18,0.19826786337776214
1996-12-19,0.0
1996-12-20,0.0
1996-12-21,0.5114482996415132
1996-12-22,7.885676847526224
1996-12-23,25.89509552967106
1996-12-24,0.3092671513769772
1996-12-25,0.0
1996-12-26,16.19147579098566
1996-12-27,1.361971303728203
1996-12-28,0.08205863510621222
1996-12-29,1.0219801447312096
1996-12-30,2.385425686864149
1996-12-31,0.7793153662190884
1997-01-01,0.12195345172475007
1997-01-02,0.021804274005906312
1997-01-03,0.15070770555651553
1997-01-04,0.16885197450121806
1997-01-05,1.4943794349144526e-05
1997-01-06,0.09415034544911902
1997-01-07,0.35935787244737594
1997-01-08,12.532290875027329
1997-01-09,7.139236928349197
1997-01-10,0.13715796612496228
1997-01-11,0.0
1997-01-12,0.0
1997-01-13,0.0
1997-01-14,0.0
1997-01-15,0.0
1997-01-16,1.5420057374251435
1997-01-17,1.5420057374251435
1997-01-18,1.5420057374251435
1997-01-19,1.5420057374251435
1997-01-20,1.5420057374251435
1997-01-21,13.893679803493272
1997-01-22,17.52652617175946
1997-01-23,1.7543043637800741
1997-01-24,11.544065403780875
1997-01-25,0.0031815724325291333
1997-01-26,0.0002463633148971952
1997-01-27,9.631315443588116
1997-01-28,1.2392605217609842
1997-01-29,0.0002463633148971952
1997-01-30,0.0002463633148971952
1997-01-31,0.0002463633148971952
1997-02-01,0.00010809854027574991
1997-02-02,0.05656742365239372
1997-02-03,25.489434108909418
1997-02-04,18.460222955698324
1997-02-05,0.00010809854027574991
1997-02-06,11.590578481383574
1997-02-07,14.158981119839307
1997-02-08,0.31819215644439025
1997-02-09,0.06861278564765598
1997-02-10,0.15044273799157798
1997-02-11,0.00010994171163505372
1997-02-12,1.1361009788307816
1997-02-13,25.45465015285782
1997-02-14,0.0013164933708365795
1997-02-15,0.00010994171163505372
1997-02-16,0.00013910587929045302
1997-02-17,0.00013910587929045302
1997-02-18,0.00031613561031167993
1997-02-19,9.847665637192506
1997-02-20,18.22560097853273
1997-02-21,35.23028839971628
1997-02-22,0.4566044921071822
1997-02-23,8.044656991027469e-05
1997-02-24,0.05850411042559483
1997-02-25,5.290656367625242
1997-02-26,22.049112328439886
1997-02-27,3.063671441339822
1997-02-28,3.47869096895753
1997-03-01,1.9944343855984308
1997-03-02,0.6572114566960154
1997-03-03,1.1250564108193033
1997-03-04,4.928026447616011e-06
1997-03-05,1.2739623519926255
1997-03-06,0.00013022688235490772
1997-03-07,0.9164754090665712
1997-03-08,0.9035031551661521
1997-03-09,6.623990382456103
1997-03-10,0.387445369251517
1997-03-11,0.0007841555496443975
1997-03-12,7.174877386308826
1997-03-13,87.71736752474087
1997-03-14,0.3331504797677886
1997-03-15,0.00017588380714446178
1997-03-16,0.0
1997-03-17,0.0
1997-03-18,0.0
1997-03-19,0.0
1997-03-20,0.0
1997-03-21,5.252801380921643e-05
1997-03-22,5.252801380921643e-05
1997-03-23,5.252801380921643e-05
1997-03-24,0.044405854209141477
1997-03-25,6.06229046089224
1997-03-26,0.0012107425702801127
1997-03-27,0.0001663170843694308
1997-03-28,0.3777194419555323
1997-03-29,0.0001663170843694308
1997-03-30,15.926109482829382
1997-03-31,0.0001663170843694308
1997-04-01,0.4021417652471314
1997-04-02,6.223181654314277e-05
1997-04-03,6.223181654314277e-05
1997-04-04,34.56359495737999
1997-04-05,53.01652101651904
1997-04-06,0.0
1997-04-07,0.0
1997-04-08,0.0
1997-04-09,0.0
1997-04-10,0.0
1997-04-11,5.347464940812317
1997-04-12,1.6670141097244349
1997-04-13,3.530948774740674e-05
1997-04-14,3.530948774740674e-05
1997-04-15,3.530948774740674e-05
1997-04-16,0.2807576443141808
1997-04-17,0.21646375955421007
1997-04-18,6.399792910549132e-05
1997-04-19,0.0004957501972401893
1997-04-20,6.515798624292789e-05
1997-04-21,0.5980768655018852
1997-04-22,11.746870886753817
1997-04-23,0.5438762297028685
1997-04-24,1.203455984563102
1997-04-25,12.298446199350076
1997-04-26,48.51894640455411
1997-04-27,15.002041462133693
1997-04-28,7.991312622064287
1997-04-29,0.00018352077119677756
1997-04-30,0.002405985303139241
1997-05-01,0.0
1997-05-02,0.0
1997-05-03,0.0
1997-05-04,0.0
1997-05-05,0.0
1997-05-06,0.6094736672116752
1997-05-07,0.43601413840953734
1997-05-08,1.5211759760137198
1997-05-09,14.999845028995331
1997-05-10,0.00030592893245782885
1997-05-11,6.578756561310881e-05
1997-05-12,0.09418627319458839
1997-05-13,0.005597348571830674
1997-05-14,0.24204886242914836
1997-05-15,0.33763978132288364
1997-05-16,0.00011848009914605731
1997-05-17,0.006930536019100617
1997-05-18,0.05114254429120416
1997-05-19,2.163292408971437
1997-05-20,10.709754982933328
1997-05-21,1.120001782069033
1997-05-22,0.0008799506150227675
1997-05-23,1.0733912042364282
1997-05-24,7.365522771517683
1997-05-25,0.8055814369017019
1997-05-26,9.16646543065408
1997-05-27,27.066250767805887
1997-05-28,4.04603521183372
1997-05-29,0.08450844776373802
1997-05-30,4.842236660662381
1997-05-31,0.23272507899504452
1997-06-01,7.47021027985354e-05
1997-06-02,7.47021027985354e-05
1997-06-03,7.47021027985354e-05
1997-06-04,3.2309827753313174
1997-06-05,0.8583557286346817
1997-06-06,0.001233863738011174
1997-06-07,2.4773323488049723e-05
1997-06-08,0.0038123056525022144
1997-06-09,0.20301412874464286
1997-06-10,0.2942849677509308
1997-06-11,2.5483089627166797
1997-06-12,7.601114479867824
1997-06-13,1.0282906494767687
1997-06-14,0.12400981850072423
1997-06-15,19.878669436136956
1997-06-16,14.362293251783818
1997-06-17,55.36560770701026
1997-06-18,0.15039952910842933
1997-06-19,0.07220839836041609
1997-06-20,11.222601878432313
1997-06-21,0.2263259407591565
1997-06-22,0.09947275367924935
1997-06-23,2.3471644940266173e-05
1997-06-24,0.0021929825138361845
1997-06-25,1.6753122704788168
1997-06-26,2.097215740273758
1997-06-27,10.982480520787657
1997-06-28,11.388748529770501
1997-06-29,26.791254715665623
1997-06-30,0.17165302864002285
1997-07-01,0.0005278457711365476
1997-07-02,0.002551260163811728
1997-07-03,7.9782210205132e-06
1997-07-04,0.20637791749574905
1997-07-05,1.5876975224371247e-05
1997-07-06,0.014493196153050988
1997-07-07,0.7905141551574852
1997-07-08,0.47465152290270063
1997-07-09,0.1265597864779184
1997-07-10,2.6450166906427355
1997-07-11,1.6527314569515361
1997-07-12,1.289071107597433
1997-07-13,0.17294157182355827
1997-07-14,7.463410179370248
1997-07-15,3.385079506007254
1997-07-16,2.7826566769238106
1997-07-17,1.4182198333869258
1997-07-18,0.11257723303590561
1997-07-19,0.12481520358739145
1997-07-20,0.5852600483087197
1997-07-21,1.8979048389153095
1997-07-22,1.6942060317196832
1997-07-23,4.804801021824835
1997-07-24,0.15174590665991503
1997-07-25,0.04679912333263546
1997-07-26,0.00018334561064876646
1997-07-27,0.00018334561064876646
1997-07-28,0.08594340161087638
1997-07-29,3.987142987338194
1997-07-30,12.98158996123883
1997-07-31,0.00018334561064876646
1997-08-01,0.8506891128767724
1997-08-02,0.08744163169680698
1997-08-03,0.00015832446724363703
1997-08-04,0.05628158394657248
1997-08-05,0.11556668110509045
1997-08-06,0.06279544210787318
1997-08-07,17.519231103309615
1997-08-08,0.7955863511542054
1997-08-09,0.6215354849335012
1997-08-10,0.2565954840819374
1997-08-11,2.8884697637068
1997-08-12,0.798889120353462
1997-08-13,6.455616552106121
1997-08-14,3.2346238424723914
1997-08-15,0.0757832264982141
1997-08-16,1.5846410335141616
1997-08-17,0.40486469271823233
1997-08-18,2.24137303340865
1997-08-19,0.4742956846774418
1997-08-20,4.659684175484009
1997-08-21,0.0006446345284546206
1997-08-22,8.89447851743938
1997-08-23,0.04549469954886032
1997-08-24,0.0006446345284546206
1997-08-25,0.0006446345284546206
1997-08-26,0.0047724768946517775
1997-08-27,0.0047724768946517775
1997-08-28,0.0047724768946517775
1997-08-29,0.9759717731225226
1997-08-30,5.080015678981818
1997-08-31,0.5749413900596932
1997-09-01,6.0474646721106025
1997-09-02,1.270973175526557
1997-09-03,20.3716493461623
1997-09-04,0.0003256197935087095
1997-09-05,0.00017576390113005296
1997-09-06,0.0014101953341283868
1997-09-07,0.0014101953341283868
1997-09-08,5.736456465627789
1997-09-09,5.548871209522837
1997-09-10,0.0014101953341283868
1997-09-11,0.0004469200125262602
1997-09-12,0.0004469200125262602
1997-09-13,0.014191892357663953
1997-09-14,1.4646964228767576
1997-09-15,9.660920247831958
1997-09-16,0.20332249834026253
1997-09-17,1.5725112040969829
1997-09-18,0.2491713774637975
1997-09-19,0.00017845973371083951
1997-09-20,0.7856064658421175
1997-09-21,0.1183083492558307
1997-09-22,8.12749417068913e-05
1997-09-23,34.31644866951904
1997-09-24,15.053875033142194
1997-09-25,1.987599709632597
1997-09-26,0.00014041154567015824
1997-09-27,0.00014041154567015824
1997-09-28,0.00014041154567015824
1997-09-29,0.00014041154567015824
1997-09-30,1.748011176080844
1997-10-01,0.7880941052986095
1997-10-02,0.30525364457936105
1997-10-03,0.30525364457936105
1997-10-04,0.30525364457936105
1997-10-05,0.30525364457936105
1997-10-06,0.04020285351266008
1997-10-07,1.001811485937302
1997-10-08,22.09739547782902
1997-10-09,30.26241094299919
1997-10-10,1.4842331219398504
1997-10-11,0.002678303074769037
1997-10-12,1.9989043965933777
1997-10-13,14.638593237962105
1997-10-14,5.481161860184623e-05
1997-10-15,5.481161860184623e-05
1997-10-16,0.00020860957969348173
1997-10-17,0.6152540101463904
1997-10-18,0.00020860957969348173
1997-10-19,0.00020860957969348173
1997-10-20,0.5227880108662504
1997-10-21,4.835656388150258
1997-10-22,0.022415517381714087
1997-10-23,20.049873294154345
1997-10-24,10.44012576089812
1997-10-25,14.107500193945704
1997-10-26,0.3715520880895936
1997-10-27,0.0015052014585556339
1997-10-28,0.0006897525626205605
1997-10-29,0.010923034876606822
1997-10-30,2.7068608241673897
1997-10-31,59.17282783262726
1997-11-01,0.25006308344015665
1997-11-02,0.0024580614443244293
1997-11-03,0.0002582873906502429
1997-11-04,0.0002582873906502429
1997-11-05,37.6781287213591
1997-11-06,0.00031344514784171747
1997-11-07,0.00031344514784171747
1997-11-08,0.00031344514784171747
1997-11-09,3.4772084714187392
1997-11-10,24.929009466458556
1997-11-11,0.8407870547429085
1997-11-12,9.229045603549636
1997-11-13,23.64224295450751
1997-11-14,3.586212313963125
1997-11-15,0.2992738248852296
1997-11-16,0.010466156490296226
1997-11-17,0.010466156490296226
1997-11-18,0.17314022481939928
1997-11-19,0.010466156490296226
1997-11-20,1.8954143717230503
1997-11-21,6.032097308206762
1997-11-22,0.009488205171908131
1997-11-23,0.003728576821384072
1997-11-24,0.003728576821384072
1997-11-25,4.277886610512705
1997-11-26,1.5300660442818006
1997-11-27,1.2840715711232331
1997-11-28,10.918267029533654
1997-11-29,25.172821902155913
1997-11-30,0.054354488292093196
1997-12-01,0.08061170961419677
1997-12-02,0.7825155668835747
1997-12-03,19.884852634797387
1997-12-04,0.26453447900292437
1997-12-05,0.00026611319569960713
1997-12-06,0.0001809709447340405
1997-12-07,0.32868352157995434
1997-12-08,33.74323957743445
1997-12-09,0.9131666828321008
1997-12-10,0.026702859920012763
1997-12-11,1.540823502981718
1997-12-12,0.7401669266303209
1997-12-13,0.08931659530414628
1997-12-14,0.0019567555644281706
1997-12-15,0.0019567555644281706
1997-12-16,9.015002870219722e-06
1997-12-17,9.015002870219722e-06
1997-12-18,9.015002870219722e-06
1997-12-19,3.542135326072036e-05
1997-12-20,1.136785877895745
1997-12-21,43.02819625252815
1997-12-22,0.12593976659912376
1997-12-23,4.010857058731824
1997-12-24,27.049715567908425
1997-12-25,0.0074269899214347715
1997-12-26,5.712039867153002
1997-12-27,0.03962297506657038
1997-12-28,1.652428954177159
1997-12-29,0.6524957380595926
1997-12-30,0.00012996302518411662
1997-12-31,0.00012996302518411662
1998-01-01,0.0
1998-01-02,0.5862739027397696
1998-01-03,0.29610862052420905
1998-01-04,5.319231390707687
1998-01-05,32.43426413298082
1998-01-06,29.941150028087975
1998-01-07,16.437757475533733
1998-01-08,16.632545389284076
1998-01-09,0.15047107144523733
1998-01-10,1.4762115080524425
1998-01-11,7.653114289548049
1998-01-12,5.980732845849117
1998-01-13,0.9799786648827159
1998-01-14,2.1610151401752886
1998-01-15,3.3532135377980894
1998-01-16,0.0
1998-01-17,0.0
1998-01-18,2.323973277503081
1998-01-19,1.2437656897675688
1998-01-20,0.008019371168035284
1998-01-21,0.9430279838813517
1998-01-22,22.64403203983219
1998-01-23,0.0
1998-01-24,0.0
1998-01-25,0.10998671811198849
1998-01-26,9.971976003711756
1998-01-27,0.10741110337524355
1998-01-28,0.0
1998-01-29,0.0
1998-01-30,0.0
1998-01-31,0.0
1998-02-01,0.0
1998-02-02,0.0
1998-02-03,0.0
1998-02-04,0.0
1998-02-05,0.0
1998-02-06,0.0
1998-02-07,0.0
1998-02-08,0.20094090214258375
1998-02-09,0.0034791776314993784
1998-02-10,17.41789493882987
1998-02-11,69.40785513704334
1998-02-12,0.0
1998-02-13,0.0034561647954464616
1998-02-14,0.0
1998-02-15,1.4773086494908942
1998-02-16,10.687214533185822
1998-02-17,23.5985287531599
1998-02-18,0.0
1998-02-19,5.459356662843323
1998-02-20,0.2244883967434019
1998-02-21,0.0
1998-02-22,14.255483415846435
1998-02-23,0.35957887973756997
1998-02-24,0.0
1998-02-25,0.11979935969491683
1998-02-26,31.07920113833211
1998-02-27,0.09235903292420203
1998-02-28,0.8823609223089034
1998-03-01,0.0
1998-03-02,5.024762763449664e-05
1998-03-03,0.0
1998-03-04,0.7591237106247015
1998-03-05,15.322522123376407
1998-03-06,4.150783869172355
1998-03-07,26.22698621704862
1998-03-08,14.668333552325718
1998-03-09,0.09304268179964345
1998-03-10,0.0
1998-03-11,0.0
1998-03-12,0.0
1998-03-13,0.00261427511161107
1998-03-14,1.2894529440270808
1998-03-15,5.613494123190802
1998-03-16,22.53161710848594
1998-03-17,24.963067146259267
1998-03-18,0.6079493892103984
1998-03-19,29.59862389663921
1998-03-20,0.17226370516826645
1998-03-21,0.0
1998-03-22,0.0
1998-03-23,0.0
1998-03-24,0.0
1998-03-25,0.0
1998-03-26,0.09139735002902424
1998-03-27,10.31350040595442
1998-03-28,0.41416428373219805
1998-03-29,1.270816113276915
1998-03-30,1.023514297731228
1998-03-31,13.570404650375968
1998-04-01,0.0
1998-04-02,0.0
1998-04-03,0.0
1998-04-04,0.0
1998-04-05,0.0
1998-04-06,0.0
1998-04-07,2.72328465181453
1998-04-08,0.9830129220654665
1998-04-09,0.0
1998-04-10,0.0
1998-04-11,0.0
1998-04-12,0.0
1998-04-13,0.1446355182387536
1998-04-14,0.029566956706927813
1998-04-15,0.1892880196560125
1998-04-16,30.78389992189632
1998-04-17,0.08813120466206165
1998-04-18,0.1169761388718927
1998-04-19,0.05033867548270232
1998-04-20,0.20306917495519902
1998-04-21,10.100825046433435
1998-04-22,0.36669639436698515
1998-04-23,0.0
1998-04-24,0.0
1998-04-25,0.0
1998-04-26,1.8619937664033206
1998-04-27,42.5880400293145
1998-04-28,4.7869396352273785
1998-04-29,0.004911740225462925
1998-04-30,0.3163502082394963
1998-05-01,0.0
1998-05-02,0.47541876781680303
1998-05-03,0.6819915363903862
1998-05-04,0.0
1998-05-05,4.055967394159969
1998-05-06,11.643833351105886
1998-05-07,12.622270408650836
1998-05-08,0.0
1998-05-09,7.065653819102843
1998-05-10,0.4257705512043885
1998-05-11,0.0
1998-05-12,0.0
1998-05-13,0.0
1998-05-14,0.6181944797493015
1998-05-15,0.046367978317341074
1998-05-16,0.04840152890523367
1998-05-17,0.04840152890523367
1998-05-18,0.04840152890523367
1998-05-19,0.04840152890523367
1998-05-20,0.5287505594845366
1998-05-21,0.0
1998-05-22,0.0
1998-05-23,0.04960420610890728
1998-05-24,1.1017186065699736
1998-05-25,6.972320807016937
1998-05-26,36.02748269190403
1998-05-27,3.0128272584367863
1998-05-28,70.58450495174006
1998-05-29,2.184826279124606
1998-05-30,0.0
1998-05-31,0.0
1998-06-01,0.08333770748367869
1998-06-02,0.0
1998-06-03,0.0016711047864277789
1998-06-04,0.29481768475421977
1998-06-05,20.976081912457083
1998-06-06,0.6875946752764021
1998-06-07,0.0
1998-06-08,4.328552287901744
1998-06-09,4.545745420884724
1998-06-10,2.1679992878514285
1998-06-11,4.741032412192934
1998-06-12,0.0
1998-06-13,17.049795775574324
1998-06-14,0.00015652933424516727
1998-06-15,0.5319534385056784
1998-06-16,0.0
1998-06-17,0.0032476705486674104
1998-06-18,0.4270401041433223
1998-06-19,18.242763824320225
1998-06-20,0.02479732474431748
1998-06-21,0.3229759305466319
1998-06-22,0.09032994882509722
1998-06-23,0.2828458445899584
1998-06-24,0.0
1998-06-25,0.0
1998-06-26,0.0019243591014724089
1998-06-27,0.07328518438991577
1998-06-28,0.03938035417762432
1998-06-29,0.02749162578530995
1998-06-30,0.018968579720813596
1998-07-01,1.6879836073159356
1998-07-02,7.215327222840295
1998-07-03,0.6827946337531949
1998-07-04,2.724477763501922
1998-07-05,0.25035878259187067
1998-07-06,0.0
1998-07-07,0.005194927651931996
1998-07-08,0.27676838977245216
1998-07-09,7.009003201896349
1998-07-10,3.960570485169055
1998-07-11,0.6013056615765529
1998-07-12,5.047247415066387
1998-07-13,4.131667039673321
1998-07-14,0.15656366094947974
1998-07-15,0.13303546974677657
1998-07-16,0.2319274439898601
1998-07-17,0.0
1998-07-18,0.041364987515589084
1998-07-19,0.008998280849439827
1998-07-20,0.10427817346850435
1998-07-21,0.08262671778881055
1998-07-22,2.1396610064680024
1998-07-23,2.022399931094174
1998-07-24,7.221274242465579
1998-07-25,1.5857303497518047
1998-07-26,1.6197541690943908
1998-07-27,4.691161770144332
1998-07-28,0.980330716860346
1998-07-29,0.6025749408417647
1998-07-30,0.001290795487185739
1998-07-31,0.18648369715481905
1998-08-01,0.07528611060903131
1998-08-02,3.362623965931705
1998-08-03,11.39357640033576
1998-08-04,1.931432790363615
1998-08-05,15.118367190426088
1998-08-06,7.690482216654406
1998-08-07,5.930806741313547
1998-08-08,7.112272166104077
1998-08-09,2.961332627922673
1998-08-10,1.2959001943626423
1998-08-11,2.058602125918404
1998-08-12,20.781187946396813
1998-08-13,14.930164748285074
1998-08-14,4.651045482259124
1998-08-15,1.5905632379577468
1998-08-16,0.0
1998-08-17,0.0
1998-08-18,0.0
1998-08-19,0.0
1998-08-20,0.0
1998-08-21,0.0
1998-08-22,0.0
1998-08-23,0.0
1998-08-24,0.0
1998-08-25,0.0
1998-08-26,0.7576949082765464
1998-08-27,0.0
1998-08-28,0.1394113673191281
1998-08-29,0.20597954232049093
1998-08-30,0.040962226212644066
1998-08-31,0.0
1998-09-01,0.0
1998-09-02,0.5898914427121152
1998-09-03,0.0
1998-09-04,0.36300160427360334
1998-09-05,0.3580794052256608
1998-09-06,0.0
1998-09-07,0.0
1998-09-08,0.9573178684373027
1998-09-09,0.0
1998-09-10,0.0
1998-09-11,0.1295626972262025
1998-09-12,22.431729255536865
1998-09-13,18.30979688049551
1998-09-14,23.457774149926482
1998-09-15,52.29855036167678
1998-09-16,39.54872712045913
1998-09-17,0.7468277065740127
1998-09-18,0.5497729422656814
1998-09-19,0.1317645236875916
1998-09-20,3.160550900330181
1998-09-21,3.275771206192201
1998-09-22,6.53908264835204
1998-09-23,7.287143076531981
1998-09-24,0.0
1998-09-25,0.0
1998-09-26,0.0
1998-09-27,0.4211710608068242
1998-09-28,1.1473674677041592
1998-09-29,0.0
1998-09-30,0.0
1998-10-01,0.22855398273043176
1998-10-02,4.223970532105491
1998-10-03,31.681618303978546
1998-10-04,5.912984426813518
1998-10-05,30.485470750017484
1998-10-06,105.41561077213969
1998-10-07,0.09216688384605053
1998-10-08,0.0
1998-10-09,0.0
1998-10-10,0.0
1998-10-11,0.3834804517553714
1998-10-12,0.3834804517553714
1998-10-13,0.3834804517553714
1998-10-14,0.3834804517553714
1998-10-15,0.3834804517553714
1998-10-16,1.2053600456761808
1998-10-17,2.102423541136684
1998-10-18,5.014282180910222
1998-10-19,0.0
1998-10-20,0.007081549361587786
1998-10-21,2.2256149033910764
1998-10-22,0.0
1998-10-23,0.0
1998-10-24,0.04421648892434715
1998-10-25,0.0
1998-10-26,0.0
1998-10-27,0.0
1998-10-28,0.0
1998-10-29,0.24579167617077136
1998-10-30,2.1833174913642277
1998-10-31,0.1836213075651185
1998-11-01,7.020427775641519
1998-11-02,14.427516141993587
1998-11-03,0.20713311265717466
1998-11-04,1.5048756866754642
1998-11-05,0.2114122633226428
1998-11-06,0.0
1998-11-07,15.265160083286228
1998-11-08,4.085284219333184
1998-11-09,8.801779575344348
1998-11-10,17.93949088133348
1998-11-11,0.0
1998-11-12,2.9958053016025668
1998-11-13,5.1012496051992215
1998-11-14,9.318033162106683
1998-11-15,0.0
1998-11-16,0.0
1998-11-17,0.0
1998-11-18,0.19165300857184092
1998-11-19,1.2307242279493738
1998-11-20,5.269219875971715
1998-11-21,0.0
1998-11-22,0.0
1998-11-23,0.4299284474134447
1998-11-24,1.1795430106908125
1998-11-25,0.679199056141929
1998-11-26,0.0
1998-11-27,0.0003758616437025119
1998-11-28,0.01612976909766423
1998-11-29,0.032453211795144744
1998-11-30,8.61562061065546
1998-12-01,0.0
1998-12-02,6.755941817136051e-07
1998-12-03,0.0012857482809865975
1998-12-04,0.03668148111914478
1998-12-05,0.003236501863485198
1998-12-06,5.168817347313677
1998-12-07,1.841887812793523
1998-12-08,8.01762187880644
1998-12-09,0.0
1998-12-10,13.965843156040144
1998-12-11,5.387154045450973
1998-12-12,18.78577472251151
1998-12-13,0.004183542086315938
1998-12-14,0.0
1998-12-15,0.0
1998-12-16,0.0
1998-12-17,0.0
1998-12-18,1.1727947179677933
1998-12-19,40.535658688745286
1998-12-20,3.9961914350843877
1998-12-21,10.320438922377047
1998-12-22,2.7785571361325427
1998-12-23,3.488607804237295
1998-12-24,0.17061411573079177
1998-12-25,0.0
1998-12-26,0.0
1998-12-27,2.8569281206827433
1998-12-28,3.2944336777176377
1998-12-29,0.0
1998-12-30,0.0
1998-12-31,0.0
1999-01-01,19.296479177356723
1999-01-02,58.66731969524761
1999-01-03,0.0
1999-01-04,0.00023443309062551605
1999-01-05,0.0011020599394015631
1999-01-06,0.0
1999-01-07,0.0
1999-01-08,0.0
1999-01-09,0.0
1999-01-10,0.0
1999-01-11,0.0
1999-01-12,0.004065733784675593
1999-01-13,0.15368749942466473
1999-01-14,0.0517740248646413
1999-01-15,0.0
1999-01-16,0.0
1999-01-17,0.0
1999-01-18,0.0
1999-01-19,0.0
1999-01-20,0.0
1999-01-21,6.58554490825452
1999-01-22,13.396916185667852
1999-01-23,2.7953210888208404
1999-01-24,0.0
1999-01-25,0.0
1999-01-26,0.0
1999-01-27,0.1399424259674057
1999-01-28,6.824991042377468
1999-01-29,24.110867975295335
1999-01-30,34.697204417021226
1999-01-31,0.13564285121823205
1999-02-01,0.0
1999-02-02,0.0
1999-02-03,0.0
1999-02-04,0.0
1999-02-05,0.0
1999-02-06,0.5746628990048787
1999-02-07,3.8215165075490063
1999-02-08,0.013916188819213384
1999-02-09,1.1600941813008352
1999-02-10,0.18777254123617584
1999-02-11,15.213666855388816
1999-02-12,0.1294454062079291
1999-02-13,0.0
1999-02-14,0.0
1999-02-15,0.0
1999-02-16,0.0
1999-02-17,0.0
1999-02-18,0.0
1999-02-19,0.0
1999-02-20,0.0
1999-02-21,0.0
1999-02-22,0.0
1999-02-23,0.0
1999-02-24,0.0
1999-02-25,0.0
1999-02-26,0.9675040687388423
1999-02-27,6.030772511808401
1999-02-28,0.0
1999-03-01,0.0
1999-03-02,0.09890060572014132
1999-03-03,0.0
1999-03-04,0.0
1999-03-05,0.32319227517861493
1999-03-06,3.418531798371258
1999-03-07,0.15748713859567515
1999-03-08,34.804877228440084
1999-03-09,6.051827225856441
1999-03-10,0.23020436485345322
1999-03-11,0.4111512780491318
1999-03-12,10.432695071393285
1999-03-13,57.51784157838819
1999-03-14,3.5751519129130336
1999-03-15,0.0
1999-03-16,0.0
1999-03-17,0.0
1999-03-18,0.0
1999-03-19,0.0
1999-03-20,0.0
1999-03-21,0.020588936232013865
1999-03-22,0.0
1999-03-23,1.8817228461432978
1999-03-24,1.755957993062303
1999-03-25,8.922588461884564
1999-03-26,0.0
1999-03-27,0.0
1999-03-28,2.0202366478460148
1999-03-29,6.3781670572328295
1999-03-30,1.507981317644715
1999-03-31,0.1707606108205802
1999-04-01,0.42952165073488635
1999-04-02,0.824943257899833
1999-04-03,32.674269644151366
1999-04-04,1.7293826276086508
1999-04-05,18.434572754641398
1999-04-06,0.0
1999-04-07,0.28496505221315127
1999-04-08,4.552247670305859
1999-04-09,9.28735458011092
1999-04-10,4.386278730473317
1999-04-11,0.0
1999-04-12,0.0
1999-04-13,0.7317079009488142
1999-04-14,34.47726327203648
1999-04-15,0.7470773302452367
1999-04-16,0.000741220236672168
1999-04-17,0.00030737610564613354
1999-04-18,0.00022040353003691064
1999-04-19,0.0006205419689593994
1999-04-20,0.004174421773029226
1999-04-21,0.005285495137865174
1999-04-22,2.354693408854403
1999-04-23,3.9553293155982328
1999-04-24,17.275347806776225
1999-04-25,2.2468107931836796
1999-04-26,30.479009871212558
1999-04-27,4.624809270904052
1999-04-28,0.005044464269955973
1999-04-29,0.00016916139118719996
1999-04-30,0.0
1999-05-01,0.0
1999-05-02,0.2659552023045674
1999-05-03,0.5550131758131227
1999-05-04,14.227592763249065
1999-05-05,3.350107076292514
1999-05-06,0.15957980706135963
1999-05-07,0.0005562646654860587
1999-05-08,0.0
1999-05-09,0.0
1999-05-10,14.796847181946788
1999-05-11,10.047909777025078
1999-05-12,40.57769490885841
1999-05-13,0.0
1999-05-14,0.0
1999-05-15,0.07920734555373193
1999-05-16,0.0073405208342461545
1999-05-17,12.003251512684994
1999-05-18,3.204221256195024
1999-05-19,0.0
1999-05-20,0.0
1999-05-21,2.2072196304173515
1999-05-22,6.754177387825203
1999-05-23,8.859073524238058
1999-05-24,0.19128447741936053
1999-05-25,18.56298880009222
1999-05-26,0.16358581733587838
1999-05-27,0.0003595006437779822
1999-05-28,0.0019804184813521685
1999-05-29,2.457551929467929
1999-05-30,6.4603588273165595
1999-05-31,4.077886388688118
1999-06-01,0.5722172197388707
1999-06-02,27.09960087366467
1999-06-03,0.6633356215735544
1999-06-04,0.0
1999-06-05,0.0
1999-06-06,0.007085051972221423
1999-06-07,0.10927978617374093
1999-06-08,0.036928400976136144
1999-06-09,0.008787231363567854
1999-06-10,0.32191744995798155
1999-06-11,1.1026907895720972
1999-06-12,0.9627831333882806
1999-06-13,0.9026578361748294
1999-06-14,0.6613347415732224
1999-06-15,0.03829482637730386
1999-06-16,0.056191993840770206
1999-06-17,1.4130566060932666
1999-06-18,0.0
1999-06-19,0.0
1999-06-20,0.2128133097242962
1999-06-21,0.8758038755303594
1999-06-22,0.6538562146855489
1999-06-23,12.95805868424927
1999-06-24,7.888750789396817
1999-06-25,5.318811360646973
1999-06-26,42.75742213824347
1999-06-27,1.357301176861155
1999-06-28,0.5384673923677353
1999-06-29,11.839459035541722
1999-06-30,0.9940203956052881
1999-07-01,0.06901090776490951
1999-07-02,0.009603251034040245
1999-07-03,0.000107766156914478
1999-07-04,0.16025956792543142
1999-07-05,0.06568281150662675
1999-07-06,0.11366044504702619
1999-07-07,0.6616416124520416
1999-07-08,0.29737657346377905
1999-07-09,0.07587097848685712
1999-07-10,2.935075752859451
1999-07-11,10.823334109252395
1999-07-12,0.03296228144658916
1999-07-13,0.05667889591144281
1999-07-14,0.3290304939548882
1999-07-15,0.5237821494902202
1999-07-16,0.0021478958002733054
1999-07-17,0.07550417636218745
1999-07-18,0.10323635749461743
1999-07-19,0.1321733462368697
1999-07-20,0.015198344705553592
1999-07-21,0.419562013555704
1999-07-22,0.07375148275655007
1999-07-23,0.010375614831494122
1999-07-24,0.14962090091270513
1999-07-25,0.30639826860230346
1999-07-26,2.403523869825307
1999-07-27,0.5289526903607188
1999-07-28,0.05608969713391833
1999-07-29,0.0
1999-07-30,0.03843497320226479
1999-07-31,0.0
1999-08-01,0.003098352115940147
1999-08-02,2.9372747677626863
1999-08-03,1.009658296342873
1999-08-04,0.03029598725706855
1999-08-05,0.41279282321260763
1999-08-06,0.227060064318655
1999-08-07,0.08828042874113876
1999-08-08,7.0709613878467845
1999-08-09,7.795234509162285
1999-08-10,10.175341937158134
1999-08-11,3.5490154066457875
1999-08-12,0.032478838328521636
1999-08-13,3.221486705180766
1999-08-14,0.06202688388985575
1999-08-15,0.0
1999-08-16,0.0
1999-08-17,0.0
1999-08-18,0.0
1999-08-19,0.0
1999-08-20,0.0
1999-08-21,0.0
1999-08-22,0.0
1999-08-23,0.24454616025267834
1999-08-24,6.03629485629001
1999-08-25,0.0
1999-08-26,11.781851894010346
1999-08-27,19.566757877066113
1999-08-28,3.9837999501399626
1999-08-29,0.0
1999-08-30,0.06405019853674185
1999-08-31,0.0
1999-09-01,5.209168090235443
1999-09-02,1.701203541789279
1999-09-03,0.41557041401222383
1999-09-04,2.845764186906765
1999-09-05,14.978634519694573
1999-09-06,1.5499615857148699
1999-09-07,0.5707844696889728
1999-09-08,11.119062392618927
1999-09-09,0.0
1999-09-10,0.0
1999-09-11,4.5033882075686344
1999-09-12,3.161680433888572
1999-09-13,30.26683545970228
1999-09-14,0.0
1999-09-15,0.0
1999-09-16,0.0
1999-09-17,0.0
1999-09-18,0.0
1999-09-19,0.0
1999-09-20,2.441460816272992
1999-09-21,2.6532404152758104
1999-09-22,0.0
1999-09-23,0.0
1999-09-24,0.0
1999-09-25,0.5407534338227401
1999-09-26,0.02011579602266176
1999-09-27,0.0005159166955762108
1999-09-28,0.0
1999-09-29,2.1178890723375123
1999-09-30,0.0
1999-10-01,0.0
1999-10-02,0.0
1999-10-03,1.1041873161947302
1999-10-04,1.2552567681406792
1999-10-05,0.0
1999-10-06,0.0
1999-10-07,1.9087794743678916
1999-10-08,27.60209646454344
1999-10-09,1.212527863763051
1999-10-10,0.03897978313326239
1999-10-11,0.3915853129841704
1999-10-12,0.3915853129841704
1999-10-13,0.3915853129841704
1999-10-14,0.3915853129841704
1999-10-15,0.3915853129841704
1999-10-16,0.00014953112957021337
1999-10-17,0.2878023254775808
1999-10-18,0.0
1999-10-19,3.6223234652965157
1999-10-20,0.0
1999-10-21,0.3986046386197173
1999-10-22,0.3986046386197173
1999-10-23,0.3986046386197173
1999-10-24,0.3986046386197173
1999-10-25,0.3986046386197173
1999-10-26,0.0
1999-10-27,0.0
1999-10-28,0.0
1999-10-29,0.018015995760552867
1999-10-30,7.928482276997519
1999-10-31,35.07923808164155
1999-11-01,5.440799171946573
1999-11-02,4.002406784819068
1999-11-03,0.0
1999-11-04,0.0
1999-11-05,0.0017484221534931287
1999-11-06,0.6736056078499104
1999-11-07,0.6736056078499104
1999-11-08,0.6736056078499104
1999-11-09,0.6736056078499104
1999-11-10,0.6736056078499104
1999-11-11,0.555417237101737
1999-11-12,0.555417237101737
1999-11-13,0.555417237101737
1999-11-14,0.555417237101737
1999-11-15,0.555417237101737
1999-11-16,0.0
1999-11-17,0.0
1999-11-18,0.0
1999-11-19,2.625478276537924
1999-11-20,0.0377325346707353
1999-11-21,0.0003801069463980045
1999-11-22,1.4890532924104583
1999-11-23,20.79595777170013
1999-11-24,0.0
1999-11-25,0.9621531665435584
1999-11-26,0.3293601078769271
1999-11-27,0.3293601078769271
1999-11-28,0.3293601078769271
1999-11-29,0.3293601078769271
1999-11-30,0.3293601078769271
1999-12-01,0.0
1999-12-02,0.013014934400386667
1999-12-03,26.947678197268534
1999-12-04,11.369855533135064
1999-12-05,8.8462955510248
1999-12-06,0.0
1999-12-07,0.0
1999-12-08,0.0026629275780859166
1999-12-09,9.997677702794645
1999-12-10,0.0022982877903533743
1999-12-11,3.8588617394118128
1999-12-12,58.63377352440129
1999-12-13,1.0683023649974668
1999-12-14,0.0
1999-12-15,0.0
1999-12-16,0.0
1999-12-17,0.0
1999-12-18,1.906558313569154
1999-12-19,0.0
1999-12-20,2.308542068166762
1999-12-21,0.20641428041880236
1999-12-22,0.15847123437976782
1999-12-23,0.15847123437976782
1999-12-24,0.15847123437976782
1999-12-25,0.15847123437976782
1999-12-26,0.11371001274987005
1999-12-27,0.11371001274987005
1999-12-28,0.11371001274987005
1999-12-29,0.11371001274987005
1999-12-30,0.11371001274987005
1999-12-31,0.11371001274987005
2000-01-01,0.0
2000-01-02,0.9268743345247911
2000-01-03,2.008156603709318
2000-01-04,0.002132169606006697
2000-01-05,0.0
2000-01-06,0.0001865795990965181
2000-01-07,0.010950030989193258
2000-01-08,9.006858412167531
2000-01-09,0.12097185039108381
2000-01-10,0.0
2000-01-11,0.0
2000-01-12,0.7938058455585543
2000-01-13,0.12629590234352217
2000-01-14,0.0
2000-01-15,0.0
2000-01-16,0.0
2000-01-17,0.0
2000-01-18,0.0
2000-01-19,0.0
2000-01-20,0.0
2000-01-21,0.0
2000-01-22,4.291590942941768
2000-01-23,0.11578856217942088
2000-01-24,0.8716852606666722
2000-01-25,0.0
2000-01-26,1.7712279124546504
2000-01-27,37.1075918787578
2000-01-28,13.76594148965445
2000-01-29,0.20718677554024464
2000-01-30,0.0002160765511270385
2000-01-31,0.0
2000-02-01,0.0
2000-02-02,0.0
2000-02-03,0.0
2000-02-04,0.0
2000-02-05,0.0
2000-02-06,0.0
2000-02-07,0.007825679988727154
2000-02-08,0.6025525820789777
2000-02-09,0.0
2000-02-10,5.770101544739777
2000-02-11,2.7182799640964164
2000-02-12,1.939508185658394
2000-02-13,3.7159639094574897
2000-02-14,0.0
2000-02-15,0.0
2000-02-16,0.2822754839842248
2000-02-17,3.320559217988131
2000-02-18,24.83837416288408
2000-02-19,0.0
2000-02-20,0.0
2000-02-21,0.02958110002669874
2000-02-22,3.3155644056964855e-05
2000-02-23,14.725904457132264
2000-02-24,0.26929256352847025
2000-02-25,6.62187055266913
2000-02-26,27.67397855196385
2000-02-27,0.0
2000-02-28,0.0
2000-02-29,0.7583724409434915
2000-03-01,0.41375830180369166
2000-03-02,1.4685599890256833
2000-03-03,20.15256187158485
2000-03-04,0.0
2000-03-05,0.0
2000-03-06,0.0
2000-03-07,0.0
2000-03-08,2.194517521899331
2000-03-09,0.0
2000-03-10,9.66102458836627
2000-03-11,15.212051979495431
2000-03-12,0.0
2000-03-13,0.0
2000-03-14,1.004658383220963
2000-03-15,0.6538674467468575
2000-03-16,0.3161452779789666
2000-03-17,0.8172467187111991
2000-03-18,9.301513844931254
2000-03-19,17.953833933959533
2000-03-20,0.0
2000-03-21,3.040960696019229
2000-03-22,0.963198899841911
2000-03-23,0.41208237910573003
2000-03-24,2.2077989545483443
2000-03-25,6.137160414082194
2000-03-26,3.0728797563584975
2000-03-27,5.693802551767398
2000-03-28,0.2573866001112035
2000-03-29,18.101596751254785
2000-03-30,3.502749390140096
2000-03-31,0.0
2000-04-01,1.7031201491366112
2000-04-02,21.792289231650823
2000-04-03,7.252051061917112
2000-04-04,0.0
2000-04-05,0.0
2000-04-06,0.0
2000-04-07,0.002160998997233702
2000-04-08,0.001015541628633601
2000-04-09,0.0
2000-04-10,6.579151694567148e-06
2000-04-11,31.05889667792432
2000-04-12,13.18881140595752
2000-04-13,1.3754474722340109
2000-04-14,0.025526196522173295
2000-04-15,0.1036425337688108
2000-04-16,1.2570845318089658
2000-04-17,0.0007130125914091899
2000-04-18,0.0
2000-04-19,0.014427030092644181
2000-04-20,0.014021495025848608
2000-04-21,0.0
2000-04-22,0.0
2000-04-23,13.176692022664124
2000-04-24,6.287165692288735
2000-04-25,0.01986395541345603
2000-04-26,0.010725555425065604
2000-04-27,5.74605451497514
2000-04-28,0.0033034924095590415
2000-04-29,0.19466462286611655
2000-04-30,1.218617796101581
2000-05-01,0.8793091535911277
2000-05-02,3.0423061492229175
2000-05-03,2.3066967319578353
2000-05-04,2.5808835261268257
2000-05-05,6.625447369139863
2000-05-06,1.3772112887063206
2000-05-07,0.44911158847057187
2000-05-08,0.03920975874378773
2000-05-09,12.600603190591611
2000-05-10,0.062125848973873986
2000-05-11,0.37980093257212094
2000-05-12,1.5653419265476358
2000-05-13,8.948365690835182
2000-05-14,0.0
2000-05-15,0.14341394107553207
2000-05-16,0.06770275912579929
2000-05-17,0.0010431105199753205
2000-05-18,22.320279298686177
2000-05-19,46.7688633741558
2000-05-20,15.992791237382981
2000-05-21,3.1378476042294206
2000-05-22,0.07025039984330479
2000-05-23,0.0
2000-05-24,0.01088155578023109
2000-05-25,8.445984865119325
2000-05-26,5.448332639698835
2000-05-27,47.132929457851795
2000-05-28,9.546754040062948
2000-05-29,0.0
2000-05-30,0.0
2000-05-31,0.0
2000-06-01,0.0007571569947455734
2000-06-02,1.9041923616977072
2000-06-03,9.491438962735364
2000-06-04,25.8601377239254
2000-06-05,0.8421540944756482
2000-06-06,0.0
2000-06-07,0.0
2000-06-08,0.0
2000-06-09,4.349617126903056
2000-06-10,14.913409848374915
2000-06-11,11.089415767862802
2000-06-12,4.478827881267307
2000-06-13,1.2906795345721165
2000-06-14,3.4001067845483512
2000-06-15,30.28967329622184
2000-06-16,1.2608141090424791
2000-06-17,25.207047187563905
2000-06-18,24.66237116645744
2000-06-19,17.142102921195047
2000-06-20,6.289184873976058
2000-06-21,33.468987996203374
2000-06-22,10.680868074145861
2000-06-23,0.0886710077938606
2000-06-24,0.0
2000-06-25,0.005305361822105803
2000-06-26,1.4076849793809745
2000-06-27,2.362989640397529
2000-06-28,14.681164693405611
2000-06-29,0.5372449903956038
2000-06-30,0.04060605982204659
2000-07-01,0.23644258368427729
2000-07-02,1.1958274634108967
2000-07-03,0.05271657924174852
2000-07-04,0.04187171884067597
2000-07-05,0.0
2000-07-06,0.0011756592357780194
2000-07-07,0.00022159203060032306
2000-07-08,0.7217379471171683
2000-07-09,0.10434077950070272
2000-07-10,0.04606729566035263
2000-07-11,0.010539345009449223
2000-07-12,1.300991593976287
2000-07-13,5.060928271457939
2000-07-14,0.08285981190340198
2000-07-15,0.0022545145063016794
2000-07-16,0.0
2000-07-17,0.0
2000-07-18,0.03914114009503369
2000-07-19,0.18266211307945132
2000-07-20,0.282630890869438
2000-07-21,15.13232906914916
2000-07-22,0.7539378857571408
2000-07-23,0.9421598754105258
2000-07-24,0.0
2000-07-25,0.0
2000-07-26,0.0
2000-07-27,0.03105263674938871
2000-07-28,0.06483363693682961
2000-07-29,2.261543440770855
2000-07-30,0.42664651807176973
2000-07-31,0.10845701342381371
2000-08-01,0.22622146147492148
2000-08-02,0.04666480055585709
2000-08-03,0.07751320155683007
2000-08-04,0.0878985322763978
2000-08-05,0.0
2000-08-06,0.0013980040360378353
2000-08-07,0.005881415128940712
2000-08-08,0.0005080588327755843
2000-08-09,0.009847916627043447
2000-08-10,0.003828061856139091
2000-08-11,7.265082371093741
2000-08-12,0.6226521824889524
2000-08-13,0.0
2000-08-14,0.0
2000-08-15,1.5553814227920235
2000-08-16,0.7343804963605673
2000-08-17,0.0
2000-08-18,2.3234308791526956
2000-08-19,10.490123117576186
2000-08-20,2.766707641037926
2000-08-21,0.08897970480979425
2000-08-22,1.0850101711035738
2000-08-23,0.1404647040288879
2000-08-24,0.04274661577866971
2000-08-25,0.00045527041093846747
2000-08-26,0.045146369311909504
2000-08-27,0.3830685184598632
2000-08-28,0.38867105499036025
2000-08-29,0.045146369311909504
2000-08-30,0.045146369311909504
2000-08-31,0.045146369311909504
2000-09-01,0.1199128521174488
2000-09-02,0.038728174260954415
2000-09-03,3.334016014752265
2000-09-04,3.030976474923999
2000-09-05,0.0
2000-09-06,5.69780697383588e-05
2000-09-07,0.001973061592263378
2000-09-08,0.9166856858310383
2000-09-09,1.5566717863500408
2000-09-10,1.9091883988251483
2000-09-11,1.340298232131222
2000-09-12,1.447656815333486
2000-09-13,0.20751323416523615
2000-09-14,0.0
2000-09-15,0.0
2000-09-16,0.0
2000-09-17,0.0
2000-09-18,0.0
2000-09-19,0.0
2000-09-20,1.9216501516239666
2000-09-21,0.0
2000-09-22,21.714940160662202
2000-09-23,0.9404579458604979
2000-09-24,52.33167218037379
2000-09-25,2.4919537196457053
2000-09-26,0.369757973732216
2000-09-27,0.369757973732216
2000-09-28,0.369757973732216
2000-09-29,0.369757973732216
2000-09-30,0.369757973732216
2000-10-01,0.0
2000-10-02,0.0
2000-10-03,1.8230016294737381
2000-10-04,0.0
2000-10-05,0.0
2000-10-06,17.272803436690495
2000-10-07,0.39465392207575256
2000-10-08,0.0
2000-10-09,0.0
2000-10-10,0.0
2000-10-11,0.0
2000-10-12,0.0
2000-10-13,0.0
2000-10-14,0.0
2000-10-15,1.8081760768568862
2000-10-16,13.431849662725808
2000-10-17,0.07316289348946972
2000-10-18,0.0
2000-10-19,0.0
2000-10-20,0.39896307710944334
2000-10-21,1.7240419297719187
2000-10-22,1.7323572449535447
2000-10-23,0.03563754230176092
2000-10-24,0.0
2000-10-25,0.0
2000-10-26,0.46593131853389314
2000-10-27,4.668078973896913
2000-10-28,0.018780273503532813
2000-10-29,3.7023598617625204
2000-10-30,1.770441871230375
2000-10-31,1.3464996927391533
2000-11-01,1.596655307524408
2000-11-02,33.81403854148313
2000-11-03,12.339336343120912
2000-11-04,55.42816707752925
2000-11-05,1.125906745950185
2000-11-06,71.86635212974046
2000-11-07,0.7571405392792383
2000-11-08,20.99337890779347
2000-11-09,3.602765789582066
2000-11-10,0.0
2000-11-11,0.0
2000-11-12,23.28984388275047
2000-11-13,14.853660087193164
2000-11-14,0.0
2000-11-15,0.0
2000-11-16,19.861878475512242
2000-11-17,0.0
2000-11-18,0.17279946429846177
2000-11-19,0.012701288255516799
2000-11-20,0.0
2000-11-21,0.0
2000-11-22,0.0
2000-11-23,28.414836148926575
2000-11-24,77.40759872495919
2000-11-25,2.3995217797913244
2000-11-26,0.0
2000-11-27,0.0
2000-11-28,1.2244868628519086
2000-11-29,0.17573479386627372
2000-11-30,0.0
2000-12-01,0.0031873304366498547
2000-12-02,0.0004123008341508301
2000-12-03,0.00020264923627726132
2000-12-04,0.00020264923627726132
2000-12-05,0.00020264923627726132
2000-12-06,1.336010186970117
2000-12-07,0.02359832948812151
2000-12-08,0.0
2000-12-09,3.1823011810139454
2000-12-10,0.7187795384338441
2000-12-11,3.831235749428729
2000-12-12,0.0
2000-12-13,27.003325066889257
2000-12-14,0.015709634293655517
2000-12-15,5.299555336543638
2000-12-16,3.4150896332839036
2000-12-17,0.0001391254186249667
2000-12-18,0.01899667863764422
2000-12-19,0.014816506873170474
2000-12-20,0.0
2000-12-21,0.6233026350402906
2000-12-22,0.0
2000-12-23,0.20221152819956933
2000-12-24,0.02032551214949349
2000-12-25,7.00393713161287
2000-12-26,51.291595119092555
2000-12-27,11.214253101547442
2000-12-28,0.81097636708158
2000-12-29,0.002493888849773042
2000-12-30,0.0
2000-12-31,3.4991518351996915
2001-01-01,1.896519153395921
2001-01-02,0.0
2001-01-03,0.0
2001-01-04,0.0
2001-01-05,0.0
2001-01-06,0.0
2001-01-07,0.0009671215008920562
2001-01-08,0.0
2001-01-09,0.0
2001-01-10,0.0005162703651354122
2001-01-11,19.77910456984433
2001-01-12,0.04838844958913515
2001-01-13,4.310035723534674
2001-01-14,1.414340071780197
2001-01-15,0.0
2001-01-16,4.204729004267779
2001-01-17,23.511671995409287
2001-01-18,11.074116224066817
2001-01-19,0.9476952974604622
2001-01-20,0.002154453753514709
2001-01-21,0.0
2001-01-22,0.0
2001-01-23,0.0
2001-01-24,0.22757734127420248
2001-01-25,0.0
2001-01-26,0.4308225135148968
2001-01-27,0.19682818117497144
2001-01-28,0.5310347371443072
2001-01-29,26.139817042006253
2001-01-30,0.07790631043580017
2001-01-31,0.0
2001-02-01,0.0
2001-02-02,0.0
2001-02-03,0.0
2001-02-04,0.0
2001-02-05,0.0
2001-02-06,0.011549439459277076
2001-02-07,0.551730522444526
2001-02-08,1.7346346110811868
2001-02-09,14.154663465460454
2001-02-10,0.0
2001-02-11,5.1938917971286
2001-02-12,3.071053328730167
2001-02-13,19.520036522324975
2001-02-14,3.6184751765119394
2001-02-15,62.29586162077817
2001-02-16,60.45846515186523
2001-02-17,0.2339207755682399
2001-02-18,0.0
2001-02-19,0.005471926112591432
2001-02-20,0.18651368865564885
2001-02-21,3.314340208671306
2001-02-22,1.4252596431339513
2001-02-23,0.05231134093141889
2001-02-24,14.282719411974554
2001-02-25,0.4000723659932756
2001-02-26,0.0
2001-02-27,20.119041136251813
2001-02-28,8.811717854170896
2001-03-01,4.4822080516922
2001-03-02,0.5783045243456201
2001-03-03,9.913665473493763
2001-03-04,22.894115364180717
2001-03-05,0.0
2001-03-06,0.0
2001-03-07,1.8517721003839975
2001-03-08,0.7346607478180771
2001-03-09,7.787847598980769
2001-03-10,0.0
2001-03-11,0.42215869507181253
2001-03-12,27.790676449415297
2001-03-13,0.0
2001-03-14,15.59814697372963
2001-03-15,10.024928503790344
2001-03-16,0.0
2001-03-17,0.0
2001-03-18,0.0027668890129120397
2001-03-19,0.007322893526252807
2001-03-20,0.0
2001-03-21,0.0
2001-03-22,0.8582722794192239
2001-03-23,0.8400836432752219
2001-03-24,14.419212340934019
2001-03-25,0.0
2001-03-26,0.0
2001-03-27,1.1778989958403294
2001-03-28,6.505295583518151
2001-03-29,6.733602045618765
2001-03-30,2.9676699000642874
2001-03-31,4.716055563086024
2001-04-01,0.0005112766851402358
2001-04-02,0.14627768309022637
2001-04-03,0.2929832709701551
2001-04-04,0.4427018658264442
2001-04-05,0.47139458581303206
2001-04-06,0.8464098233552422
2001-04-07,1.4954678356605116
2001-04-08,2.6683214643582174
2001-04-09,0.9006137001696894
2001-04-10,2.5215367865024203
2001-04-11,4.188722130406524
2001-04-12,0.7067151491490751
2001-04-13,4.1808378493428595
2001-04-14,29.175319172419734
2001-04-15,10.735677009811402
2001-04-16,0.0
2001-04-17,0.0
2001-04-18,0.0
2001-04-19,0.0001995773850363843
2001-04-20,4.137889816051528
2001-04-21,0.15343533312511806
2001-04-22,1.2479440371133645
2001-04-23,17.825247589036266
2001-04-24,0.0
2001-04-25,0.0
2001-04-26,0.0
2001-04-27,0.0
2001-04-28,0.0
2001-04-29,0.0
2001-04-30,0.0
2001-05-01,0.17225318905498666
2001-05-02,0.12901908605003315
2001-05-03,0.04326413154955274
2001-05-04,0.0019530690299319287
2001-05-05,3.8635187324018068
2001-05-06,13.445767894588027
2001-05-07,10.20607256124201
2001-05-08,7.330085477674417
2001-05-09,0.6970366799495572
2001-05-10,0.566980759143556
2001-05-11,6.459076405452859
2001-05-12,14.432293506397032
2001-05-13,0.0
2001-05-14,0.0
2001-05-15,0.0
2001-05-16,0.0
2001-05-17,0.0
2001-05-18,1.3191125359166278
2001-05-19,1.6919209385772527
2001-05-20,5.715467572514443
2001-05-21,26.310925747181905
2001-05-22,0.00582067602406163
2001-05-23,0.05627698458758443
2001-05-24,7.257444376053085
2001-05-25,0.0
2001-05-26,0.0005931594965041293
2001-05-27,5.43147271419654
2001-05-28,32.80843956863603
2001-05-29,5.247500788978721
2001-05-30,7.411854198261759
2001-05-31,33.16080606266756
2001-06-01,0.08768870174705641
2001-06-02,0.5725473853140407
2001-06-03,0.033841361962726066
2001-06-04,0.6538947819160608
2001-06-05,1.4650257284363548
2001-06-06,11.250236964566103
2001-06-07,3.7484354591396136
2001-06-08,0.41545171657782165
2001-06-09,0.08771444270929066
2001-06-10,0.004355703757426631
2001-06-11,5.809009534590486e-05
2001-06-12,0.0
2001-06-13,0.02142267184224063
2001-06-14,1.363050204258722
2001-06-15,20.449497362750535
2001-06-16,0.0
2001-06-17,0.0
2001-06-18,0.0
2001-06-19,1.496357126710298
2001-06-20,1.4143327987635204
2001-06-21,5.0761704905367715
2001-06-22,0.6881296057330888
2001-06-23,0.0
2001-06-24,0.0024263677277828405
2001-06-25,0.0
2001-06-26,0.003425370786348774
2001-06-27,0.29069239147012077
2001-06-28,7.514153476645177
2001-06-29,3.4198962809096125
2001-06-30,12.417071384996744
2001-07-01,6.893368400411161
2001-07-02,0.9233612629566008
2001-07-03,2.1551580523228457
2001-07-04,0.1018722853215151
2001-07-05,1.5337127783582585
2001-07-06,0.24344312427199943
2001-07-07,0.2559532400613918
2001-07-08,0.0005312767562440184
2001-07-09,0.0
2001-07-10,0.2931126710690605
2001-07-11,9.271704018665513
2001-07-12,0.15829952419261922
2001-07-13,21.020004638416044
2001-07-14,1.0146343766963917
2001-07-15,0.0
2001-07-16,0.08412499342692013
2001-07-17,0.02998449703194619
2001-07-18,0.04427657058742484
2001-07-19,0.0684153636754657
2001-07-20,0.003279753329451348
2001-07-21,0.01493698746791583
2001-07-22,0.011923040160188053
2001-07-23,0.0012890645052893598
2001-07-24,0.05584132535003937
2001-07-25,0.6125853883739808
2001-07-26,6.0991468690426
2001-07-27,2.715986535956087
2001-07-28,11.152432873253037
2001-07-29,13.69816733778637
2001-07-30,3.136639825384722
2001-07-31,2.359641809508923
2001-08-01,0.0
2001-08-02,0.0
2001-08-03,0.0
2001-08-04,0.0
2001-08-05,0.0
2001-08-06,0.18617590964187047
2001-08-07,0.5189923488676319
2001-08-08,0.06507444349040914
2001-08-09,0.026043533212569435
2001-08-10,0.3943624151432903
2001-08-11,15.443910876185976
2001-08-12,10.76337977923373
2001-08-13,0.6427315375528146
2001-08-14,0.0
2001-08-15,0.0
2001-08-16,7.244677931262967
2001-08-17,5.900365595663941
2001-08-18,3.7344502405452675
2001-08-19,0.21664024337314527
2001-08-20,0.5288923611661304
2001-08-21,0.0
2001-08-22,0.0
2001-08-23,0.0
2001-08-24,0.0
2001-08-25,0.0
2001-08-26,5.81149120333251
2001-08-27,6.291134152880495
2001-08-28,1.361070701582393
2001-08-29,0.6557953921681952
2001-08-30,2.066317462703606
2001-08-31,8.152846726558481
2001-09-01,6.5280235086641545
2001-09-02,3.017240040020707
2001-09-03,2.077503307749398
2001-09-04,0.04591975992954765
2001-09-05,1.33022398712458
2001-09-06,2.240203796712277
2001-09-07,0.2983609549036247
2001-09-08,2.5412701455455227
2001-09-09,80.30162386011055
2001-09-10,0.0
2001-09-11,0.0
2001-09-12,0.0
2001-09-13,0.0
2001-09-14,0.5083208442401632
2001-09-15,0.456571958575161
2001-09-16,2.3264811158962417
2001-09-17,11.543365037441786
2001-09-18,1.329583455717395
2001-09-19,5.992793073711439
2001-09-20,0.0
2001-09-21,1.40564670597691
2001-09-22,2.522977595742397
2001-09-23,12.286075395102758
2001-09-24,1.172233383263406
2001-09-25,0.0
2001-09-26,0.3576543040095794
2001-09-27,0.3576543040095794
2001-09-28,0.3576543040095794
2001-09-29,0.3576543040095794
2001-09-30,0.3576543040095794
2001-10-01,0.0
2001-10-02,0.0
2001-10-03,0.0
2001-10-04,0.03329176016881969
2001-10-05,8.866005805908594
2001-10-06,0.020448796395488925
2001-10-07,0.0
2001-10-08,0.0
2001-10-09,0.21078204119583777
2001-10-10,16.416221067150072
2001-10-11,32.47071220352089
2001-10-12,4.6139922392221315
2001-10-13,72.40501751467968
2001-10-14,1.9508102659297888
2001-10-15,0.07946074247180926
2001-10-16,0.307950430637793
2001-10-17,0.0
2001-10-18,0.0
2001-10-19,0.0006416236540514857
2001-10-20,0.5946010338396055
2001-10-21,0.0
2001-10-22,0.26608130718109224
2001-10-23,0.9619190829392151
2001-10-24,0.5887164345385624
2001-10-25,0.0
2001-10-26,0.67641379740824
2001-10-27,0.67641379740824
2001-10-28,0.67641379740824
2001-10-29,0.67641379740824
2001-10-30,0.67641379740824
2001-10-31,0.67641379740824
2001-11-01,0.17158220880820113
2001-11-02,1.051995191131556
2001-11-03,2.542876880893929
2001-11-04,0.009743679642007735
2001-11-05,0.0
2001-11-06,0.0
2001-11-07,0.0
2001-11-08,0.009740887277092316
2001-11-09,0.9920627244916407
2001-11-10,1.985597880824775
2001-11-11,0.0
2001-11-12,0.0
2001-11-13,1.7211381563836092
2001-11-14,2.4615350404959675
2001-11-15,0.0
2001-11-16,0.0
2001-11-17,0.0
2001-11-18,0.01104688195852093
2001-11-19,4.787170051839545
2001-11-20,0.024729621535976964
2001-11-21,0.0
2001-11-22,0.05551132137195609
2001-11-23,2.2355310003064224
2001-11-24,14.87933550635838
2001-11-25,0.0
2001-11-26,8.24532975877306
2001-11-27,0.013930408518719536
2001-11-28,58.90512903832428
2001-11-29,19.622004543688654
2001-11-30,0.16002712280789194
2001-12-01,0.0
2001-12-02,0.0
2001-12-03,0.0005992878837316788
2001-12-04,0.0014089145366217785
2001-12-05,0.008296990144766802
2001-12-06,13.69768705163412
2001-12-07,4.977653464441552
2001-12-08,1.5086945710294342
2001-12-09,0.0
2001-12-10,0.02360943921428017
2001-12-11,0.16896894943141014
2001-12-12,54.37552056472378
2001-12-13,8.144741589016348
2001-12-14,1.6494884339790024
2001-12-15,8.145092875875243
2001-12-16,69.83816985502295
2001-12-17,48.680756207597305
2001-12-18,0.0
2001-12-19,0.0
2001-12-20,0.0
2001-12-21,0.0
2001-12-22,0.9302130729237467
2001-12-23,0.00037141561923056797
2001-12-24,0.0
2001-12-25,0.0
2001-12-26,0.0009739519779720034
2001-12-27,0.0
2001-12-28,0.0
2001-12-29,0.0
2001-12-30,1.6060075889690395
2001-12-31,0.24981486023318186
2002-01-01,0.0
2002-01-02,0.00965762549179868
2002-01-03,0.0
2002-01-04,0.0
2002-01-05,9.108388149006771
2002-01-06,10.336311208564206
2002-01-07,0.19622737093142056
2002-01-08,0.0
2002-01-09,0.0
2002-01-10,3.862085410239233
2002-01-11,0.0
2002-01-12,0.0
2002-01-13,0.0
2002-01-14,0.0
2002-01-15,0.0
2002-01-16,0.0
2002-01-17,4.513559569312556
2002-01-18,0.8591604544805937
2002-01-19,11.642166031959938
2002-01-20,0.0
2002-01-21,0.0893543529787252
2002-01-22,8.251503032293051
2002-01-23,10.549946703356428
2002-01-24,24.541933198812487
2002-01-25,0.0
2002-01-26,0.0
2002-01-27,0.0
2002-01-28,0.0
2002-01-29,0.3116960637385863
2002-01-30,0.5713356195464295
2002-01-31,3.6848003176159145
2002-02-01,0.0
2002-02-02,0.0
2002-02-03,1.0325460111509757
2002-02-04,0.0
2002-02-05,13.685671801105919
2002-02-06,15.906661565449387
2002-02-07,0.6339422888187447
2002-02-08,0.00035669005439705365
2002-02-09,0.17918593170018352
2002-02-10,0.0
2002-02-11,0.0
2002-02-12,0.0
2002-02-13,0.0
2002-02-14,0.0
2002-02-15,0.0
2002-02-16,0.009873339191365344
2002-02-17,0.0
2002-02-18,0.0035614036327782884
2002-02-19,33.26440363236687
2002-02-20,0.013786948131912936
2002-02-21,0.4622826398577193
2002-02-22,0.0
2002-02-23,0.0
2002-02-24,0.0
2002-02-25,1.6261991646313831
2002-02-26,0.060527660024057926
2002-02-27,0.0
2002-02-28,0.0
2002-03-01,1.6440413194387025
2002-03-02,1.6239784096684275
2002-03-03,4.91199283684801e-07
2002-03-04,0.0
2002-03-05,0.0
2002-03-06,0.12513266375604093
2002-03-07,1.461149012694066
2002-03-08,0.5436610839903915
2002-03-09,21.022464510505333
2002-03-10,0.0
2002-03-11,6.6705954903954705
2002-03-12,17.492259632051226
2002-03-13,0.0
2002-03-14,0.0005967763671501451
2002-03-15,7.771342193314254
2002-03-16,1.8155649749427172
2002-03-17,7.889231951253439
2002-03-18,3.0528677757331026
2002-03-19,29.52274223565176
2002-03-20,33.53956626065421
2002-03-21,0.0
2002-03-22,0.0
2002-03-23,0.0
2002-03-24,0.0
2002-03-25,0.0
2002-03-26,4.847717312463741
2002-03-27,0.0
2002-03-28,0.0
2002-03-29,0.831699082289099
2002-03-30,15.619857699277853
2002-03-31,35.08985641058944
2002-04-01,0.0
2002-04-02,0.0
2002-04-03,0.0
2002-04-04,0.0
2002-04-05,0.0
2002-04-06,0.0033398641183577486
2002-04-07,20.862572606747012
2002-04-08,43.710135002314786
2002-04-09,1.6953707234094624
2002-04-10,0.0
2002-04-11,0.04904069313701932
2002-04-12,0.6565210025413566
2002-04-13,1.4208396695139283
2002-04-14,2.407607123096595
2002-04-15,0.008308120708875986
2002-04-16,7.3074143079306735
2002-04-17,11.778420928909144
2002-04-18,0.007461719930043239
2002-04-19,0.18743578031721064
2002-04-20,0.07328537612365832
2002-04-21,0.0025994505851340746
2002-04-22,0.0006598414333868461
2002-04-23,6.776120686473676e-05
2002-04-24,0.00023318893672423413
2002-04-25,0.00022503022471532667
2002-04-26,30.29403776346065
2002-04-27,6.371040703763713
2002-04-28,0.8286663835735795
2002-04-29,1.2682799477950446
2002-04-30,0.8114379984943612
2002-05-01,0.0674735272379984
2002-05-02,2.17639406977467
2002-05-03,18.24620682938558
2002-05-04,0.4471929566738267
2002-05-05,1.5519799216782866
2002-05-06,0.007892979462849314
2002-05-07,0.2007035958537517
2002-05-08,0.8713051766686293
2002-05-09,1.6008635446877781
2002-05-10,15.509075333063018
2002-05-11,0.02897276852205097
2002-05-12,2.1200853007704406
2002-05-13,33.76693772321226
2002-05-14,0.0
2002-05-15,0.0004716927097131156
2002-05-16,1.182545356700695
2002-05-17,25.590642606264115
2002-05-18,0.010438012356289286
2002-05-19,0.0
2002-05-20,0.01347405405179715
2002-05-21,0.03348241235226948
2002-05-22,0.0
2002-05-23,0.0
2002-05-24,0.0
2002-05-25,2.7002048997312635
2002-05-26,14.400180058227065
2002-05-27,5.41929968687748
2002-05-28,22.75010919323896
2002-05-29,31.950871460593724
2002-05-30,7.302328407473155
2002-05-31,0.5036637140305907
2002-06-01,0.015176163813700138
2002-06-02,0.0
2002-06-03,0.0001252217734323438
2002-06-04,1.8116048828208935
2002-06-05,2.2184583212241575
2002-06-06,0.09057538330845903
2002-06-07,0.0033818356422305527
2002-06-08,0.018476764331822514
2002-06-09,6.022940111553492
2002-06-10,1.828170574955253
2002-06-11,4.226626413731233
2002-06-12,0.34205166389076386
2002-06-13,4.724428774718995
2002-06-14,3.988951957430712
2002-06-15,0.0
2002-06-16,3.1420966552060046
2002-06-17,0.015006877808082256
2002-06-18,0.0
2002-06-19,0.0
2002-06-20,1.631290779158497
2002-06-21,0.06345354509165238
2002-06-22,0.00042008189182432
2002-06-23,0.00854593592245347
2002-06-24,0.5249063343511178
2002-06-25,1.3246934465242035
2002-06-26,7.565262264504059
2002-06-27,0.48645665260421384
2002-06-28,0.8054387603133508
2002-06-29,0.3248824039164939
2002-06-30,1.3302068528768514
2002-07-01,1.944410019338108
2002-07-02,5.274510227909934
2002-07-03,19.318857627133532
2002-07-04,2.1403909376491517
2002-07-05,1.6151533235981
2002-07-06,0.42459360980492294
2002-07-07,0.03377952943339202
2002-07-08,0.00027970375937225265
2002-07-09,0.0
2002-07-10,1.5569141779052966
2002-07-11,4.451010504881305
2002-07-12,3.72464663701881
2002-07-13,11.491669039527043
2002-07-14,6.474122940757397
2002-07-15,3.646302172784761
2002-07-16,1.807449407997528
2002-07-17,16.29403911102254
2002-07-18,7.147326004176574
2002-07-19,0.15864882754644397
2002-07-20,0.327976133558216
2002-07-21,0.06982023406402138
2002-07-22,0.46600202942419805
2002-07-23,6.944773559114986
2002-07-24,9.338873604987642
2002-07-25,1.0989439904054181
2002-07-26,0.2176425452749034
2002-07-27,0.21434113393781323
2002-07-28,0.08399646051196596
2002-07-29,0.2023779701575995
2002-07-30,0.5354233602715718
2002-07-31,0.7799182405595014
2002-08-01,8.841740789339517e-05
2002-08-02,0.033843998516992164
2002-08-03,0.008121083907236181
2002-08-04,0.04027340070219149
2002-08-05,0.016765753799588785
2002-08-06,0.013989499343844147
2002-08-07,0.8927753276102065
2002-08-08,0.0
2002-08-09,0.0
2002-08-10,0.03130333220039587
2002-08-11,0.001154473394393632
2002-08-12,0.7923073498526775
2002-08-13,1.9071399372836615
2002-08-14,19.049756226158138
2002-08-15,2.5005066024519365
2002-08-16,0.0
2002-08-17,0.0
2002-08-18,0.0
2002-08-19,0.0
2002-08-20,0.0
2002-08-21,0.701172272849341
2002-08-22,0.6685550719550135
2002-08-23,8.953204392031342
2002-08-24,1.8132404082216182
2002-08-25,22.022550316985352
2002-08-26,1.300997264432308
2002-08-27,0.0
2002-08-28,0.0
2002-08-29,0.0
2002-08-30,1.765139600113923
2002-08-31,3.921955866314097
2002-09-01,1.0296206118173308
2002-09-02,0.012999188835928894
2002-09-03,0.029513685719573152
2002-09-04,0.06339439500793745
2002-09-05,0.29069657925624504
2002-09-06,0.03891340436014133
2002-09-07,0.974886838267019
2002-09-08,0.4743125333165608
2002-09-09,0.08886549849871166
2002-09-10,0.0
2002-09-11,0.0
2002-09-12,0.10106024579198272
2002-09-13,0.0
2002-09-14,1.4048325802702664
2002-09-15,0.338765539509768
2002-09-16,1.1556256288613966
2002-09-17,1.9877465619349235
2002-09-18,0.9463525852954799
2002-09-19,18.84912679470502
2002-09-20,24.516246161241547
2002-09-21,0.0
2002-09-22,0.0
2002-09-23,0.0
2002-09-24,0.0
2002-09-25,2.8355849023947313
2002-09-26,0.345601034668285
2002-09-27,0.345601034668285
2002-09-28,0.345601034668285
2002-09-29,0.345601034668285
2002-09-30,0.345601034668285
2002-10-01,0.0
2002-10-02,0.47237023517247473
2002-10-03,1.5415381275182727
2002-10-04,0.39959050982144045
2002-10-05,0.0
2002-10-06,6.4132403669831755
2002-10-07,2.8782338179557603
2002-10-08,0.0
2002-10-09,35.019055608744814
2002-10-10,27.40046125095802
2002-10-11,0.9837468229958148
2002-10-12,0.17056365030818135
2002-10-13,1.6744467987022857
2002-10-14,0.0
2002-10-15,0.0
2002-10-16,0.0
2002-10-17,0.1984014294470742
2002-10-18,0.22415234859476874
2002-10-19,56.962257609210916
2002-10-20,3.7788474218246293
2002-10-21,4.172575253772188
2002-10-22,2.156579742047323
2002-10-23,0.573498893576809
2002-10-24,1.640593696347554
2002-10-25,5.107614900257729
2002-10-26,0.01762316481053457
2002-10-27,0.7215053686620789
2002-10-28,2.556318872071744
2002-10-29,5.55216744469896
2002-10-30,0.12371158285204108
2002-10-31,0.07275191899061821
2002-11-01,0.6910228592646359
2002-11-02,3.2131093719845665
2002-11-03,15.248088249737906
2002-11-04,0.06650635021083803
2002-11-05,10.586420374353082
2002-11-06,2.7870733930212794
2002-11-07,0.0
2002-11-08,0.0
2002-11-09,3.485038839562117
2002-11-10,0.18766579209540027
2002-11-11,0.004881744842279294
2002-11-12,0.0
2002-11-13,0.0
2002-11-14,0.9268622324429169
2002-11-15,2.2019113372967545
2002-11-16,2.000053627855264
2002-11-17,0.2487568578005276
2002-11-18,0.4898659622380257
2002-11-19,0.2487568578005276
2002-11-20,0.2487568578005276
2002-11-21,0.0
2002-11-22,0.0
2002-11-23,0.0
2002-11-24,0.0
2002-11-25,7.764299604376328
2002-11-26,5.055884494397628
2002-11-27,0.0
2002-11-28,0.0
2002-11-29,0.0
2002-11-30,0.0
2002-12-01,0.0
2002-12-02,0.04510608285337164
2002-12-03,4.159544796999057
2002-12-04,52.07964945420768
2002-12-05,0.2591726451871098
2002-12-06,0.0
2002-12-07,0.0
2002-12-08,0.30125530217094454
2002-12-09,1.3532295918038535
2002-12-10,18.437370087671923
2002-12-11,0.16007944056170417
2002-12-12,1.3612167982910475
2002-12-13,42.68674354167703
2002-12-14,0.0
2002-12-15,0.0
2002-12-16,0.729264104108137
2002-12-17,0.9867777382830532
2002-12-18,6.51378826151672
2002-12-19,4.612761045409057
2002-12-20,0.0
2002-12-21,0.14647287528764744
2002-12-22,0.0
2002-12-23,45.48461929137072
2002-12-24,15.225210839763792
2002-12-25,0.06357880506470673
2002-12-26,0.0
2002-12-27,0.0008758139629199673
2002-12-28,0.0
2002-12-29,0.2877372742687821
2002-12-30,30.74576986260338
2002-12-31,29.24507319436916
2003-01-01,0.8459531932214466
2003-01-02,1.7835452282180366
2003-01-03,0.0
2003-01-04,0.0
2003-01-05,0.0
2003-01-06,0.0
2003-01-07,0.0
2003-01-08,0.0
2003-01-09,0.0
2003-01-10,0.0
2003-01-11,0.0
2003-01-12,3.106345773752723
2003-01-13,0.3321319118727629
2003-01-14,0.023825315337061226
2003-01-15,0.021361422523741156
2003-01-16,0.0
2003-01-17,0.0
2003-01-18,0.0
2003-01-19,0.0
2003-01-20,0.0
2003-01-21,2.3840369598199707
2003-01-22,3.9102937137632505
2003-01-23,0.024280335066057555
2003-01-24,0.0
2003-01-25,0.014390240104860836
2003-01-26,2.1146647418502113e-05
2003-01-27,5.002700624003732e-06
2003-01-28,0.008343960424972274
2003-01-29,0.016688614503724292
2003-01-30,0.00026019525065762233
2003-01-31,0.0010996641178899259
2003-02-01,0.0
2003-02-02,0.023567323829266934
2003-02-03,0.9791495647105717
2003-02-04,0.0
2003-02-05,0.004086949910336489
2003-02-06,22.961978550235216
2003-02-07,0.4376916868702635
2003-02-08,0.0
2003-02-09,8.466219715747705
2003-02-10,0.04490326121256654
2003-02-11,0.0
2003-02-12,0.0
2003-02-13,7.569348254935519
2003-02-14,25.239594457330593
2003-02-15,10.653367913903908
2003-02-16,10.012036434380095
2003-02-17,0.0006536390263550199
2003-02-18,0.0006944583418076989
2003-02-19,5.492195158944492
2003-02-20,1.5729616853444537
2003-02-21,12.926852942042514
2003-02-22,30.058133308207307
2003-02-23,3.279356747075482
2003-02-24,0.22254720869951605
2003-02-25,10.354779864782495
2003-02-26,0.13914089437201038
2003-02-27,0.017694245502007756
2003-02-28,0.0075223959949052505
2003-03-01,0.0
2003-03-02,0.0
2003-03-03,0.0
2003-03-04,0.0
2003-03-05,0.0
2003-03-06,1.6006276265588675
2003-03-07,0.5737786156624317
2003-03-08,0.5737786156624317
2003-03-09,0.5737786156624317
2003-03-10,0.5737786156624317
2003-03-11,0.0023010716666754666
2003-03-12,1.1447353225714714
2003-03-13,18.809956655929497
2003-03-14,0.038144118461238836
2003-03-15,0.0005238355395643058
2003-03-16,2.3251662920348625e-05
2003-03-17,0.0
2003-03-18,0.003083320145019118
2003-03-19,0.025099732844570614
2003-03-20,0.0006169936732970664
2003-03-21,0.08813311416182741
2003-03-22,0.03547726802681343
2003-03-23,0.004884157881371456
2003-03-24,0.0
2003-03-25,4.891455775629936
2003-03-26,5.012427129382088
2003-03-27,0.00019440570099526773
2003-03-28,5.552075591646967
2003-03-29,0.0
2003-03-30,0.02305494661938374
2003-03-31,0.0
2003-04-01,0.0
2003-04-02,0.0
2003-04-03,2.3030665102713654
2003-04-04,4.501607426801087
2003-04-05,1.4390287519128762
2003-04-06,10.444203331222072
2003-04-07,0.301669609494491
2003-04-08,0.0061793750348694415
2003-04-09,0.0045083942067941935
2003-04-10,0.0
2003-04-11,0.3964321641176829
2003-04-12,0.3964321641176829
2003-04-13,0.3964321641176829
2003-04-14,0.3964321641176829
2003-04-15,0.3964321641176829
2003-04-16,2.3915960924988706
2003-04-17,0.0
2003-04-18,0.0
2003-04-19,8.12370171885494
2003-04-20,6.2576910743951615
2003-04-21,0.0
2003-04-22,0.0
2003-04-23,2.217434433367737
2003-04-24,33.87182762734042
2003-04-25,0.05843556248100834
2003-04-26,0.00655011517737152
2003-04-27,0.0633866314547964
2003-04-28,0.0
2003-04-29,0.3288993126796533
2003-04-30,0.2621135443126501
2003-05-01,4.462455905913076
2003-05-02,0.018612756988770067
2003-05-03,1.2602719206011337
2003-05-04,15.064616635730266
2003-05-05,9.339393515580754
2003-05-06,22.18240654094258
2003-05-07,5.127705598951092
2003-05-08,0.8315472195646639
2003-05-09,0.0384386755629679
2003-05-10,0.2685821626177829
2003-05-11,5.11451218338662
2003-05-12,0.0
2003-05-13,5.408741511319851
2003-05-14,16.316250568967895
2003-05-15,4.849782748379294
2003-05-16,36.45645513184707
2003-05-17,3.8969582833780634
2003-05-18,0.11095626118764726
2003-05-19,0.002145890752889728
2003-05-20,7.639745339381125
2003-05-21,4.245362123724787
2003-05-22,0.0068338271813519385
2003-05-23,0.00020781704692336592
2003-05-24,0.3848917415935212
2003-05-25,6.673550830353535
2003-05-26,0.3935790395295335
2003-05-27,0.08914357910690321
2003-05-28,0.08914357910690321
2003-05-29,0.08914357910690321
2003-05-30,0.30113187354261084
2003-05-31,0.08914357910690321
2003-06-01,6.418224365042231
2003-06-02,14.148304430779309
2003-06-03,0.6346442613040058
2003-06-04,0.14392094670313926
2003-06-05,9.673832822385984
2003-06-06,23.60332597079178
2003-06-07,0.8039036064066157
2003-06-08,6.587211615630435
2003-06-09,0.024960409025201403
2003-06-10,0.0010790618513286123
2003-06-11,31.580273059585647
2003-06-12,15.414009344407624
2003-06-13,3.1460631388740494
2003-06-14,13.113055476952397
2003-06-15,6.685851444935439
2003-06-16,18.80871491171499
2003-06-17,9.078874511334243
2003-06-18,14.853570868349594
2003-06-19,1.1602128356806471
2003-06-20,0.7744381257827483
2003-06-21,0.10613817138301374
2003-06-22,0.0
2003-06-23,0.340156738360536
2003-06-24,0.3309328394424524
2003-06-25,1.3861627381075259
2003-06-26,9.186949224185478
2003-06-27,0.00013942782805183204
2003-06-28,0.0
2003-06-29,0.08082072119355903
2003-06-30,1.626726389705952
2003-07-01,0.2905292247966311
2003-07-02,0.08330771943915315
2003-07-03,0.02980499306364014
2003-07-04,0.055972757148301265
2003-07-05,0.5256476187144534
2003-07-06,0.7022486186947429
2003-07-07,0.26431585632878984
2003-07-08,0.10823410023839915
2003-07-09,0.2104488146802708
2003-07-10,10.617012362802852
2003-07-11,4.018417432552921
2003-07-12,1.0281091040260097
2003-07-13,18.079357449339433
2003-07-14,1.3075333309685018
2003-07-15,0.0
2003-07-16,0.0
2003-07-17,1.7319592609436283
2003-07-18,1.4782484078873614
2003-07-19,3.928785868911192
2003-07-20,4.339734272243533
2003-07-21,0.3878941146342344
2003-07-22,6.9097084146382795
2003-07-23,0.000227144178593601
2003-07-24,0.0
2003-07-25,0.0
2003-07-26,6.26555747216503
2003-07-27,0.3838425044048215
2003-07-28,0.03272564885093664
2003-07-29,1.1823587998869558
2003-07-30,14.380819129676098
2003-07-31,17.428088104079343
2003-08-01,0.001670666373010926
2003-08-02,8.295120040284234
2003-08-03,10.646500309627779
2003-08-04,1.4657177983330727
2003-08-05,3.915945574552399
2003-08-06,3.8876685985992356
2003-08-07,0.0027846936163949693
2003-08-08,0.0
2003-08-09,0.00030397229857639506
2003-08-10,0.07921612413003133
2003-08-11,9.46124284150003
2003-08-12,0.9210576394216251
2003-08-13,2.638549074097574
2003-08-14,0.32540864137266373
2003-08-15,0.0016100219908786507
2003-08-16,0.41849271698730256
2003-08-17,0.9355573064117343
2003-08-18,0.9520291458148211
2003-08-19,0.3038693991998689
2003-08-20,0.24863179427518367
2003-08-21,0.46612301642662024
2003-08-22,2.6591108253880087
2003-08-23,0.102323958580392
2003-08-24,0.20276195938799224
2003-08-25,0.002140346056277758
2003-08-26,3.685912083319816
2003-08-27,2.483737419190932
2003-08-28,4.031348617925685
2003-08-29,3.565172864792495
2003-08-30,10.346412640577544
2003-08-31,8.105263637433668
2003-09-01,13.644432236643022
2003-09-02,20.216466443619645
2003-09-03,6.4624251924590945
2003-09-04,0.19605095242072423
2003-09-05,0.0
2003-09-06,0.0
2003-09-07,0.0
2003-09-08,0.46303569907827397
2003-09-09,0.12150800821022664
2003-09-10,0.46467635495438914
2003-09-11,3.1582281928500215
2003-09-12,35.712824015833895
2003-09-13,7.772873019850551
2003-09-14,0.003119334406640362
2003-09-15,0.0
2003-09-16,0.045215041779247844
2003-09-17,0.045215041779247844
2003-09-18,0.045215041779247844
2003-09-19,1.691258190684607
2003-09-20,0.045215041779247844
2003-09-21,11.994896635864169
2003-09-22,3.782361909206455
2003-09-23,0.08097014168305093
2003-09-24,0.0
2003-09-25,1.9452415095135063
2003-09-26,0.0
2003-09-27,0.27121576457887975
2003-09-28,0.0
2003-09-29,0.05897591612304438
2003-09-30,1.3816662694663109
2003-10-01,0.011111037086630358
2003-10-02,0.0
2003-10-03,0.04093753230332476
2003-10-04,0.0
2003-10-05,7.288653719665953
2003-10-06,8.155208068008864
2003-10-07,2.7246267532711332
2003-10-08,1.0552688068496594
2003-10-09,11.922901886335357
2003-10-10,1.8620463466741055
2003-10-11,0.08714628734307968
2003-10-12,0.025794419926271902
2003-10-13,0.6769271178095794
2003-10-14,2.999809747723629
2003-10-15,0.0
2003-10-16,0.0
2003-10-17,2.6277459827632383
2003-10-18,0.0
2003-10-19,0.0
2003-10-20,0.0
2003-10-21,0.0
2003-10-22,0.0
2003-10-23,0.0
2003-10-24,0.0
2003-10-25,3.097914772253891
2003-10-26,3.326958539345148
2003-10-27,0.0
2003-10-28,0.0172364540695683
2003-10-29,0.0
2003-10-30,0.03705988625335226
2003-10-31,1.6576373935405817
2003-11-01,3.2220269145906895
2003-11-02,0.14621146912539748
2003-11-03,0.0002732197059140094
2003-11-04,0.00041941841195830174
2003-11-05,2.0558963468304614
2003-11-06,45.13725240272649
2003-11-07,14.628116779639194
2003-11-08,1.575441953752798
2003-11-09,10.630290318479618
2003-11-10,1.1540027258259133
2003-11-11,1.1778457313133888
2003-11-12,0.8966819755958493
2003-11-13,0.0
2003-11-14,0.8470410078778746
2003-11-15,3.875413032804671
2003-11-16,0.17228318826934927
2003-11-17,11.746189215874145
2003-11-18,59.29341272731204
2003-11-19,4.005758695391859
2003-11-20,0.0
2003-11-21,0.0
2003-11-22,0.14302132108418025
2003-11-23,9.07171833408829
2003-11-24,0.0
2003-11-25,0.0
2003-11-26,0.5973760934505444
2003-11-27,15.040475553705754
2003-11-28,0.7613812679044181
2003-11-29,0.0
2003-11-30,0.0
2003-12-01,0.0
2003-12-02,0.0
2003-12-03,7.6025530497294795
2003-12-04,0.32380145328057686
2003-12-05,0.0003049166502148717
2003-12-06,0.0
2003-12-07,0.003118022821906221
2003-12-08,0.0
2003-12-09,8.372782920735057
2003-12-10,0.47496660602373736
2003-12-11,0.0
2003-12-12,0.009375082466188145
2003-12-13,11.959317106318574
2003-12-14,0.023062328441063065
2003-12-15,0.007036161486579673
2003-12-16,2.3393993192338756
2003-12-17,0.0
2003-12-18,0.0
2003-12-19,0.0
2003-12-20,0.0
2003-12-21,0.0
2003-12-22,0.23814707737795343
2003-12-23,6.015071312126355
2003-12-24,0.0
2003-12-25,0.0
2003-12-26,0.005969680349879711
2003-12-27,1.4185041599143042
2003-12-28,13.12712892117762
2003-12-29,15.614213819895722
2003-12-30,0.0
2003-12-31,0.0
2004-01-01,0.7219576841961491
2004-01-02,1.4645656871714252
2004-01-03,1.3876234380537122
2004-01-04,6.1120791723037415
2004-01-05,0.027930013618549885
2004-01-06,0.0
2004-01-07,0.00017796434552544869
2004-01-08,0.2228553052447771
2004-01-09,0.04054098086202667
2004-01-10,0.0
2004-01-11,0.0
2004-01-12,0.0
2004-01-13,0.9357427334873297
2004-01-14,0.08532462364029131
2004-01-15,0.0
2004-01-16,7.0468152480737745
2004-01-17,26.416034408074022
2004-01-18,2.659496394028212
2004-01-19,0.0
2004-01-20,0.0
2004-01-21,0.0
2004-01-22,0.0
2004-01-23,0.0
2004-01-24,14.112849240276354
2004-01-25,24.799371046390206
2004-01-26,0.001619388528904051
2004-01-27,0.0022475119281884447
2004-01-28,0.0
2004-01-29,0.0025548434596278564
2004-01-30,0.006083571583662258
2004-01-31,0.0
2004-02-01,0.005151721958730051
2004-02-02,13.745921110172956
2004-02-03,0.0
2004-02-04,7.996436743489572
2004-02-05,47.601711023533284
2004-02-06,0.015321118752938703
2004-02-07,0.004063389415673886
2004-02-08,0.0
2004-02-09,8.402059915703216
2004-02-10,0.023275685547675153
2004-02-11,13.208449879877183
2004-02-12,6.334025611456595
2004-02-13,0.0
2004-02-14,11.445945501547534
2004-02-15,9.364110509931923
2004-02-16,0.0
2004-02-17,1.4717331433217462
2004-02-18,0.0
2004-02-19,0.0
2004-02-20,0.009094950146998347
2004-02-21,0.0
2004-02-22,0.0
2004-02-23,0.4463584334284651
2004-02-24,4.172374741445242
2004-02-25,3.0146198415970975
2004-02-26,0.24411866743185567
2004-02-27,0.0
2004-02-28,0.0
2004-02-29,15.633923187368762
2004-03-01,5.068533863065305
2004-03-02,0.0
2004-03-03,35.24620632067447
2004-03-04,11.985339688255443
2004-03-05,20.864779587857626
2004-03-06,0.005547954317079656
2004-03-07,0.0
2004-03-08,0.0
2004-03-09,0.0
2004-03-10,0.0
2004-03-11,0.3502231863717507
2004-03-12,0.0
2004-03-13,1.3446846737542009
2004-03-14,14.906183653442158
2004-03-15,0.776854188160699
2004-03-16,2.3597523000018406
2004-03-17,0.6114774827437284
2004-03-18,25.536359921428957
2004-03-19,0.9873679280082588
2004-03-20,1.3449604056948639
2004-03-21,2.2519612050575124
2004-03-22,0.0
2004-03-23,0.0
2004-03-24,1.7849195051655402
2004-03-25,0.5005100174061623
2004-03-26,0.09085532278060322
2004-03-27,0.011872946487270695
2004-03-28,0.9586182133691397
2004-03-29,0.33154907115637156
2004-03-30,0.0009147105173685547
2004-03-31,0.0
2004-04-01,0.0
2004-04-02,0.0
2004-04-03,0.0
2004-04-04,0.0
2004-04-05,0.0
2004-04-06,0.1867353944366829
2004-04-07,5.789204110554124
2004-04-08,1.6642206015769818
2004-04-09,0.14883616446108075
2004-04-10,18.348052875258354
2004-04-11,4.606078663151556
2004-04-12,10.645632806712648
2004-04-13,0.04119336543259015
2004-04-14,0.0
2004-04-15,0.0
2004-04-16,0.012612606394609673
2004-04-17,9.25002477673923e-05
2004-04-18,0.16547970860210406
2004-04-19,1.7779006720586352
2004-04-20,2.509734295913019
2004-04-21,14.89065744415968
2004-04-22,21.67924645924208
2004-04-23,8.767886780191242
2004-04-24,29.09553859976382
2004-04-25,1.1076316911598967
2004-04-26,0.002201737537569804
2004-04-27,0.0
2004-04-28,0.0
2004-04-29,1.3449926415776612
2004-04-30,0.24726560080159388
2004-05-01,34.95452920007037
2004-05-02,4.115977047071219
2004-05-03,0.0029718632418086915
2004-05-04,0.0
2004-05-05,0.0
2004-05-06,0.0
2004-05-07,0.0
2004-05-08,0.012535134223866207
2004-05-09,0.11007995821219652
2004-05-10,0.055450352928036836
2004-05-11,2.4934715887509777
2004-05-12,13.973711023490784
2004-05-13,5.054537253187993
2004-05-14,14.735252263462034
2004-05-15,0.3950886593944325
2004-05-16,0.3817112601697627
2004-05-17,0.6724962775885999
2004-05-18,0.6939612252490792
2004-05-19,0.2511817422539088
2004-05-20,0.005555022452247593
2004-05-21,0.28524572545327465
2004-05-22,0.7276168529176179
2004-05-23,2.4215068639193773
2004-05-24,1.0675001922088974
2004-05-25,3.6221629897356107
2004-05-26,0.4482003825118263
2004-05-27,0.05999573811880713
2004-05-28,39.84757774718495
2004-05-29,1.4256942638478325
2004-05-30,13.20988797264827
2004-05-31,9.969931345051759
2004-06-01,0.0008404505629924997
2004-06-02,10.42253234607601
2004-06-03,1.4091722328102094
2004-06-04,3.8251498187585766
2004-06-05,33.410460755045
2004-06-06,3.7075728390391305
2004-06-07,2.975063931499974
2004-06-08,3.4454021649902296
2004-06-09,10.550678540632145
2004-06-10,2.369360556899018
2004-06-11,1.0507171397542203
2004-06-12,1.809173512697475
2004-06-13,0.5475853697647336
2004-06-14,0.4775124831926977
2004-06-15,3.573218594851953
2004-06-16,15.619843749560207
2004-06-17,1.8455072866761206
2004-06-18,1.2872014361695365
2004-06-19,17.180077567340888
2004-06-20,5.082373135080126
2004-06-21,5.096138284281037
2004-06-22,26.69628867228427
2004-06-23,3.7278447343577947
2004-06-24,4.631122084513092
2004-06-25,2.858928185213683
2004-06-26,1.0112797824858302
2004-06-27,5.09841107531425
2004-06-28,7.4428488636442385
2004-06-29,17.125014984410917
2004-06-30,5.766024508710424
2004-07-01,34.80313166980722
2004-07-02,2.3443416707794515
2004-07-03,7.774839579250177
2004-07-04,0.052844747118410564
2004-07-05,0.0
2004-07-06,1.4845006429238654
2004-07-07,13.777542798976846
2004-07-08,0.438713362522312
2004-07-09,1.3032234878119915
2004-07-10,3.176074430310659
2004-07-11,0.7022962210675824
2004-07-12,0.002367366345367179
2004-07-13,0.024591786209192706
2004-07-14,0.0
2004-07-15,0.03170845214337554
2004-07-16,0.5242381182667724
2004-07-17,1.1369247961105482
2004-07-18,0.0033427822819492013
2004-07-19,0.0
2004-07-20,0.0053882134594850405
2004-07-21,0.0025936866358369894
2004-07-22,0.1953356394821881
2004-07-23,2.089673066855091
2004-07-24,4.364687849164679
2004-07-25,4.701301942482987
2004-07-26,0.41645133081234653
2004-07-27,0.0030882005771559265
2004-07-28,0.06777972038549539
2004-07-29,24.556271999270894
2004-07-30,7.469504581992284
2004-07-31,0.112465253085376
2004-08-01,0.0
2004-08-02,0.0
2004-08-03,0.0
2004-08-04,0.0
2004-08-05,0.0
2004-08-06,0.0
2004-08-07,0.0
2004-08-08,0.0
2004-08-09,0.0
2004-08-10,0.0
2004-08-11,3.6465648948176397
2004-08-12,1.2341491768615571
2004-08-13,0.0
2004-08-14,0.03229556815914355
2004-08-15,0.014955329721772716
2004-08-16,0.06038090070966339
2004-08-17,0.005041402225059575
2004-08-18,0.0
2004-08-19,7.611948407168164
2004-08-20,23.351655966441285
2004-08-21,0.5936522879597458
2004-08-22,3.8268970307815304
2004-08-23,3.218997227605513
2004-08-24,1.0348120014438993
2004-08-25,0.33740005341570634
2004-08-26,0.5709378960276243
2004-08-27,0.0
2004-08-28,2.8558538376454474
2004-08-29,6.207049040867469
2004-08-30,0.0
2004-08-31,0.0
2004-09-01,0.0
2004-09-02,0.002410377548177366
2004-09-03,0.2646550775342457
2004-09-04,0.539339039368527
2004-09-05,0.6760010913725389
2004-09-06,1.2240212626904965
2004-09-07,0.0010321229499897528
2004-09-08,0.0
2004-09-09,0.0
2004-09-10,0.0
2004-09-11,0.0
2004-09-12,0.0
2004-09-13,0.0015040150315907548
2004-09-14,0.43142572235468213
2004-09-15,0.4696251839336027
2004-09-16,2.281887783774047
2004-09-17,0.0
2004-09-18,0.0
2004-09-19,0.0
2004-09-20,0.0
2004-09-21,0.0
2004-09-22,0.0
2004-09-23,0.0
2004-09-24,3.344723910201892
2004-09-25,0.138688264457041
2004-09-26,0.0
2004-09-27,0.0
2004-09-28,0.0
2004-09-29,2.3478887687405585
2004-09-30,0.0
2004-10-01,6.681302734721847
2004-10-02,1.2452525150822011
2004-10-03,0.0
2004-10-04,3.2568552646565125
2004-10-05,0.07537303012293449
2004-10-06,0.0
2004-10-07,18.686861968178516
2004-10-08,73.64773256920715
2004-10-09,3.1512189520689096
2004-10-10,22.19782720914165
2004-10-11,4.9760467778040045
2004-10-12,0.031257808372253414
2004-10-13,0.0
2004-10-14,6.394791846824111
2004-10-15,0.0
2004-10-16,1.8326137350017038
2004-10-17,0.5857646402303988
2004-10-18,13.732120814015369
2004-10-19,1.115603210773995
2004-10-20,0.01087058042432586
2004-10-21,0.28745446209719216
2004-10-22,1.154191955463039
2004-10-23,13.96156715816471
2004-10-24,0.0
2004-10-25,4.417758462871348
2004-10-26,2.970100433459699
2004-10-27,36.52938116184315
2004-10-28,0.5871957119376751
2004-10-29,2.8381875046944094
2004-10-30,7.722373362326358
2004-10-31,36.67995813617335
2004-11-01,33.99800241999984
2004-11-02,2.6719077276844425
2004-11-03,11.343743299826748
2004-11-04,0.48967225020899996
2004-11-05,0.0
2004-11-06,0.0
2004-11-07,0.0
2004-11-08,0.0
2004-11-09,0.0
2004-11-10,9.994436628245687
2004-11-11,17.26928516514796
2004-11-12,0.014566581636462602
2004-11-13,0.0010759588853308639
2004-11-14,0.01301929560722965
2004-11-15,0.20233332387896055
2004-11-16,0.11400298515053797
2004-11-17,0.001089064511356614
2004-11-18,40.832930007084094
2004-11-19,0.8858310318292744
2004-11-20,0.7928659828417985
2004-11-21,4.72362605691642
2004-11-22,15.728479848840973
2004-11-23,28.082443482813744
2004-11-24,40.58775124637466
2004-11-25,0.0
2004-11-26,0.07398224186552166
2004-11-27,3.86449134934574
2004-11-28,0.0
2004-11-29,9.296257624302156
2004-11-30,2.762935513484237
2004-12-01,0.0
2004-12-02,0.0
2004-12-03,0.0
2004-12-04,0.0
2004-12-05,13.464018148976505
2004-12-06,1.3721677913888386
2004-12-07,31.67221657628226
2004-12-08,0.0
2004-12-09,0.03635353262336659
2004-12-10,0.0
2004-12-11,0.3267311008423852
2004-12-12,0.3267311008423852
2004-12-13,0.3267311008423852
2004-12-14,0.3267311008423852
2004-12-15,0.3267311008423852
2004-12-16,0.7233302179767644
2004-12-17,0.011780594964465912
2004-12-18,0.011780594964465912
2004-12-19,0.011780594964465912
2004-12-20,0.011780594964465912
2004-12-21,0.8123558758254826
2004-12-22,25.28223096445737
2004-12-23,1.5097481684665344
2004-12-24,0.0
2004-12-25,0.0
2004-12-26,0.0
2004-12-27,0.0
2004-12-28,0.0
2004-12-29,0.050375982407771296
2004-12-30,2.612666402915212
2004-12-31,9.360158438887757
2005-01-01,14.983474840077829
2005-01-02,11.805985902135072
2005-01-03,38.47924455917922
2005-01-04,9.512202226386291
2005-01-05,28.304899357785832
2005-01-06,7.915836336534509
2005-01-07,33.05447412271364
2005-01-08,0.15643312139683732
2005-01-09,0.0
2005-01-10,2.4019469214753166
2005-01-11,1.4000206819899457
2005-01-12,1.5107647920397886
2005-01-13,25.55650564966549
2005-01-14,0.0
2005-01-15,0.0
2005-01-16,0.0035449322302298246
2005-01-17,0.0035449322302298246
2005-01-18,0.0035449322302298246
2005-01-19,0.0035449322302298246
2005-01-20,0.0035449322302298246
2005-01-21,0.2317099097130101
2005-01-22,0.2317099097130101
2005-01-23,0.2317099097130101
2005-01-24,0.2317099097130101
2005-01-25,0.2317099097130101
2005-01-26,0.0
2005-01-27,0.0
2005-01-28,6.423107423402568
2005-01-29,1.2472924155071448
2005-01-30,0.03601991095277788
2005-01-31,5.746575628575698
2005-02-01,0.01334123601440088
2005-02-02,16.475441125120355
2005-02-03,0.0011490424654500026
2005-02-04,0.0
2005-02-05,0.0
2005-02-06,7.1910413746073605
2005-02-07,18.632997088112724
2005-02-08,0.09224497539904908
2005-02-09,0.8306174925714679
2005-02-10,0.0
2005-02-11,0.0
2005-02-12,1.5382458771775211
2005-02-13,9.04763968290043
2005-02-14,0.0
2005-02-15,0.0
2005-02-16,0.0
2005-02-17,0.0
2005-02-18,0.0
2005-02-19,0.7521902274893376
2005-02-20,1.2553900810706182
2005-02-21,14.771252319099537
2005-02-22,0.0
2005-02-23,11.772946041942783
2005-02-24,4.307672940059449
2005-02-25,0.0
2005-02-26,0.0
2005-02-27,4.045955009239634
2005-02-28,0.4817865601042404
2005-03-01,0.00806663555921273
2005-03-02,2.6745566796729907
2005-03-03,2.527911060448499
2005-03-04,0.00938158319082442
2005-03-05,0.0
2005-03-06,0.009236243232160326
2005-03-07,4.487914222956948
2005-03-08,0.0
2005-03-09,2.5361193762230148
2005-03-10,0.01569249259912164
2005-03-11,0.0
2005-03-12,0.0
2005-03-13,0.003437755439191316
2005-03-14,0.00022088628094661919
2005-03-15,0.012289061499164785
2005-03-16,0.2193963851522073
2005-03-17,0.020516528291500698
2005-03-18,0.0032157770757855722
2005-03-19,0.4616901047277975
2005-03-20,0.18739046276474114
2005-03-21,7.300776168014766
2005-03-22,9.458813785057787
2005-03-23,0.022594886084631737
2005-03-24,0.22321570306568456
2005-03-25,5.032964010315371
2005-03-26,24.63771371081347
2005-03-27,20.909229478665157
2005-03-28,0.9144711630749626
2005-03-29,0.0
2005-03-30,0.32819698454791074
2005-03-31,0.33612090495295627
2005-04-01,0.13046035047796614
2005-04-02,0.0
2005-04-03,0.0
2005-04-04,7.109818336921913e-05
2005-04-05,0.023415193051957457
2005-04-06,19.50771692979493
2005-04-07,1.0853501051239576
2005-04-08,0.013444574702836278
2005-04-09,0.0
2005-04-10,0.10142915351283353
2005-04-11,21.820599249806158
2005-04-12,0.0
2005-04-13,0.012222777266819692
2005-04-14,0.019023533787227983
2005-04-15,0.0
2005-04-16,0.0
2005-04-17,0.0
2005-04-18,0.18726619290165072
2005-04-19,0.48525770274965063
2005-04-20,0.06465780449775858
2005-04-21,0.8391687833558539
2005-04-22,5.443078636306446
2005-04-23,0.0
2005-04-24,0.0
2005-04-25,2.8997599295048686
2005-04-26,8.019422053523478
2005-04-27,0.0
2005-04-28,0.10841197436850668
2005-04-29,6.269072627615515
2005-04-30,0.8063292191577461
2005-05-01,0.00029523943895517753
2005-05-02,0.0219562678363765
2005-05-03,0.00019536295941187157
2005-05-04,0.0
2005-05-05,0.0
2005-05-06,0.0
2005-05-07,0.0
2005-05-08,9.491697250372047
2005-05-09,0.18749388000281952
2005-05-10,1.5768705935902323
2005-05-11,0.013309984160102862
2005-05-12,0.0
2005-05-13,0.15710212466314988
2005-05-14,9.674077666776475
2005-05-15,0.04632053276805369
2005-05-16,0.0
2005-05-17,0.0
2005-05-18,0.0
2005-05-19,1.846525082495586
2005-05-20,1.123228219576679
2005-05-21,0.0
2005-05-22,0.004337854833930878
2005-05-23,0.11870208403058524
2005-05-24,2.621233730380207
2005-05-25,21.335691447248966
2005-05-26,0.03979425468580626
2005-05-27,0.8011099740707243
2005-05-28,0.43779117610581386
2005-05-29,26.066937162421645
2005-05-30,2.5639509077865856
2005-05-31,0.7388907691236372
2005-06-01,11.159724608213562
2005-06-02,0.40183775315154663
2005-06-03,0.00452963756747941
2005-06-04,0.08267316434185891
2005-06-05,0.28883773038814414
2005-06-06,1.3824943223963755
2005-06-07,2.9429156577997926
2005-06-08,1.5529008610150807
2005-06-09,0.24464685265607738
2005-06-10,0.5291069849781648
2005-06-11,1.2465760206304393
2005-06-12,0.0038787821476455047
2005-06-13,0.024865469021515457
2005-06-14,0.25509665616513555
2005-06-15,0.0
2005-06-16,0.9790320662405029
2005-06-17,18.21593187212284
2005-06-18,0.0
2005-06-19,0.0
2005-06-20,0.0
2005-06-21,0.0
2005-06-22,0.0
2005-06-23,0.34662131115464784
2005-06-24,0.0
2005-06-25,0.4009938651975899
2005-06-26,0.11620673401710888
2005-06-27,0.029815047879658853
2005-06-28,0.0
2005-06-29,0.028803341338910854
2005-06-30,0.007425191649900388
2005-07-01,1.7088226030182625
2005-07-02,0.0
2005-07-03,0.0
2005-07-04,0.08742319674123934
2005-07-05,3.3469981201030095
2005-07-06,1.7121016328831544
2005-07-07,0.026627236875684513
2005-07-08,0.0
2005-07-09,0.3514171409237682
2005-07-10,2.0628285644081568
2005-07-11,9.05843145654323
2005-07-12,3.5480516266001665
2005-07-13,2.3191217354711053
2005-07-14,1.201063705933122
2005-07-15,3.2372836522313415
2005-07-16,5.951998988398961
2005-07-17,7.370387451081658
2005-07-18,1.3136767948392682
2005-07-19,0.3672224756792636
2005-07-20,0.18042773744612722
2005-07-21,10.4077075095781
2005-07-22,4.098047489441125
2005-07-23,2.38096136696151
2005-07-24,0.1937381706879905
2005-07-25,0.3750808761717504
2005-07-26,0.0
2005-07-27,12.758100776743888
2005-07-28,8.506664714586677
2005-07-29,0.0
2005-07-30,0.0
2005-07-31,0.022948994925175742
2005-08-01,0.0
2005-08-02,0.0
2005-08-03,0.0
2005-08-04,0.0
2005-08-05,0.0
2005-08-06,4.254144166266448
2005-08-07,2.459995726037552
2005-08-08,1.1723990399738602
2005-08-09,0.06516417841390201
2005-08-10,0.4683301116158138
2005-08-11,0.004677397209847863
2005-08-12,0.02489924400148619
2005-08-13,0.1565218175562656
2005-08-14,0.7451775321855236
2005-08-15,9.343147269205085
2005-08-16,4.460718366346247
2005-08-17,0.10096832435082624
2005-08-18,0.024237248710937128
2005-08-19,0.0005908717153031699
2005-08-20,0.15414081951870387
2005-08-21,4.571929993883966
2005-08-22,0.05913962452117516
2005-08-23,1.1853860416008293
2005-08-24,6.19425492165895
2005-08-25,7.613598172895329
2005-08-26,2.3855196324713472
2005-08-27,7.217704110178028
2005-08-28,0.2803352164232629
2005-08-29,7.895137644619809
2005-08-30,0.35282901302883407
2005-08-31,0.0
2005-09-01,0.0
2005-09-02,0.28992765738065307
2005-09-03,1.1868521078696737
2005-09-04,0.0
2005-09-05,0.0
2005-09-06,1.0680259000901144
2005-09-07,0.0
2005-09-08,0.0
2005-09-09,0.0
2005-09-10,0.0
2005-09-11,0.0
2005-09-12,0.0
2005-09-13,0.30323546563813897
2005-09-14,4.138976127321603
2005-09-15,11.902865277311987
2005-09-16,6.025571028955419
2005-09-17,0.0
2005-09-18,0.5193355156799546
2005-09-19,0.0
2005-09-20,0.008392357814385598
2005-09-21,0.0
2005-09-22,0.0
2005-09-23,0.15871174923079584
2005-09-24,24.88640925436716
2005-09-25,67.49681621721848
2005-09-26,0.01161594437539469
2005-09-27,9.55253260273437
2005-09-28,0.007985471703078608
2005-09-29,7.1790472195429755
2005-09-30,0.0
2005-10-01,0.04348137213728752
2005-10-02,1.3352599278995896
2005-10-03,0.12100938179567139
2005-10-04,0.023076375567564724
2005-10-05,0.5361646804532257
2005-10-06,2.475899636435461
2005-10-07,0.14102035270387273
2005-10-08,0.0007588158856900723
2005-10-09,0.18565423197980435
2005-10-10,0.0
2005-10-11,0.0
2005-10-12,1.6861080165856068
2005-10-13,0.0
2005-10-14,0.0
2005-10-15,0.0
2005-10-16,0.0
2005-10-17,0.0
2005-10-18,0.0
2005-10-19,0.0
2005-10-20,0.9151613836485815
2005-10-21,0.0
2005-10-22,0.0
2005-10-23,1.8171479458817517
2005-10-24,0.0
2005-10-25,0.0
2005-10-26,0.0
2005-10-27,0.0
2005-10-28,0.0
2005-10-29,0.0
2005-10-30,0.03786289003797597
2005-10-31,12.805441251329656
2005-11-01,22.12730874937525
2005-11-02,0.0
2005-11-03,0.0
2005-11-04,0.0
2005-11-05,0.007543074458473479
2005-11-06,0.2442839498609558
2005-11-07,0.04964044665801265
2005-11-08,1.0427491115384735
2005-11-09,1.3595443878379982
2005-11-10,0.22645214669609265
2005-11-11,0.0
2005-11-12,4.04964189416382
2005-11-13,25.768070893123227
2005-11-14,14.82116300768725
2005-11-15,22.883990342905495
2005-11-16,0.0
2005-11-17,0.0
2005-11-18,0.0
2005-11-19,1.230131758354992
2005-11-20,3.591541192531955
2005-11-21,2.740702303183402
2005-11-22,0.050446113145112145
2005-11-23,0.050446113145112145
2005-11-24,0.050446113145112145
2005-11-25,0.050446113145112145
2005-11-26,0.26908575881882724
2005-11-27,10.792652731908339
2005-11-28,21.259123376024387
2005-11-29,0.0
2005-11-30,0.0
2005-12-01,0.003916001191177265
2005-12-02,0.0
2005-12-03,0.0008698308668275404
2005-12-04,0.0
2005-12-05,0.0
2005-12-06,0.0
2005-12-07,0.11869495206925983
2005-12-08,3.46116324040938
2005-12-09,0.0
2005-12-10,0.0
2005-12-11,0.0
2005-12-12,0.0
2005-12-13,0.0
2005-12-14,7.864456803357922
2005-12-15,0.0
2005-12-16,0.0
2005-12-17,0.0
2005-12-18,0.0
2005-12-19,0.02953676370698277
2005-12-20,3.994729540545516
2005-12-21,0.04636318374052972
2005-12-22,0.001448332303157145
2005-12-23,0.0
2005-12-24,4.554274713309902
2005-12-25,0.4981044728515758
2005-12-26,0.007412636441681426
2005-12-27,0.2801480908931848
2005-12-28,0.007412636441681426
2005-12-29,0.007412636441681426
2005-12-30,0.3061625889586668
2005-12-31,0.007412636441681426
2006-01-01,1.0609639135134126
2006-01-02,0.0
2006-01-03,0.0
2006-01-04,0.0
2006-01-05,0.0
2006-01-06,0.0
2006-01-07,0.0
2006-01-08,0.0
2006-01-09,0.04074649142419189
2006-01-10,0.6662209671012204
2006-01-11,0.0
2006-01-12,0.2979619491104474
2006-01-13,6.833008845110671
2006-01-14,0.0
2006-01-15,0.10226071147709435
2006-01-16,0.6355351340496185
2006-01-17,0.37083040429899183
2006-01-18,0.0
2006-01-19,0.0
2006-01-20,0.8224856982829157
2006-01-21,0.6774877574085972
2006-01-22,57.26637669618118
2006-01-23,11.346875899265926
2006-01-24,0.0
2006-01-25,0.0
2006-01-26,0.0
2006-01-27,0.0
2006-01-28,37.224641747094275
2006-01-29,0.21855112031479948
2006-01-30,0.0298034661300465
2006-01-31,0.0
2006-02-01,0.4411698789735202
2006-02-02,17.833033212840157
2006-02-03,12.100290185980713
2006-02-04,0.0
2006-02-05,0.0
2006-02-06,2.6697134365119988
2006-02-07,0.0
2006-02-08,0.0
2006-02-09,0.0
2006-02-10,8.531645087504135
2006-02-11,0.0
2006-02-12,0.0
2006-02-13,0.0
2006-02-14,0.0
2006-02-15,0.0
2006-02-16,0.3001271646067261
2006-02-17,0.4646517580811958
2006-02-18,0.342529530755514
2006-02-19,0.00860294501731472
2006-02-20,0.018690879309454768
2006-02-21,0.7119604744048204
2006-02-22,10.543934145291292
2006-02-23,0.24927398919901847
2006-02-24,0.0
2006-02-25,17.772345187977535
2006-02-26,0.15083550521405711
2006-02-27,0.15083550521405711
2006-02-28,0.15083550521405711
2006-03-01,0.0
2006-03-02,0.014732026441727763
2006-03-03,0.17017648051067427
2006-03-04,0.0
2006-03-05,1.5679045738868451
2006-03-06,0.3128320087504002
2006-03-07,0.0007087322566186928
2006-03-08,2.611323381229589
2006-03-09,27.152950550715744
2006-03-10,0.0
2006-03-11,1.4714908381303398
2006-03-12,0.8268178235001035
2006-03-13,6.3137635940273205
2006-03-14,0.0
2006-03-15,0.0
2006-03-16,0.040095294937514736
2006-03-17,0.0
2006-03-18,11.531403459594495
2006-03-19,56.21300858290152
2006-03-20,68.25978083090085
2006-03-21,0.0
2006-03-22,0.0
2006-03-23,0.0
2006-03-24,0.0
2006-03-25,0.0
2006-03-26,0.0
2006-03-27,1.0371229520342857
2006-03-28,0.00011798488498009962
2006-03-29,0.0
2006-03-30,0.20453508864468276
2006-03-31,13.595221816401073
2006-04-01,17.19240521947856
2006-04-02,4.902271662142926
2006-04-03,1.9404293896928924
2006-04-04,0.0
2006-04-05,8.642968762048845
2006-04-06,0.9934021787626943
2006-04-07,4.870644939024539
2006-04-08,4.506367103379235e-05
2006-04-09,0.0
2006-04-10,0.0
2006-04-11,0.0
2006-04-12,2.6041453427760706
2006-04-13,0.0
2006-04-14,0.0
2006-04-15,0.0
2006-04-16,0.0
2006-04-17,0.0
2006-04-18,0.0
2006-04-19,1.3268883016603752
2006-04-20,16.56982152426824
2006-04-21,18.203124922880423
2006-04-22,0.0
2006-04-23,0.0
2006-04-24,0.15864195393734565
2006-04-25,12.226652334456714
2006-04-26,7.094666704049402
2006-04-27,0.0
2006-04-28,13.405030246688945
2006-04-29,48.010074949806665
2006-04-30,0.1269225695300039
2006-05-01,0.07876162089931533
2006-05-02,12.222743906073985
2006-05-03,0.5717592270220484
2006-05-04,22.101722533586024
2006-05-05,1.1690963410664958
2006-05-06,7.388422766497392
2006-05-07,0.9198158194251346
2006-05-08,0.49262770302899983
2006-05-09,1.428796902118423
2006-05-10,30.44795928797363
2006-05-11,0.0
2006-05-12,0.0
2006-05-13,1.5727832597603688
2006-05-14,1.2501654370946784
2006-05-15,0.2353266661495243
2006-05-16,0.677287990180094
2006-05-17,0.021566200802531535
2006-05-18,0.08227508819540631
2006-05-19,0.006573091299019391
2006-05-20,0.0
2006-05-21,0.0
2006-05-22,0.006623429379068212
2006-05-23,0.11004383810980728
2006-05-24,0.02380687529270097
2006-05-25,1.044610669559782
2006-05-26,0.3323434221915541
2006-05-27,0.0
2006-05-28,2.2674778995867686
2006-05-29,7.110709241747753
2006-05-30,12.003050868278685
2006-05-31,6.570451746488327
2006-06-01,1.1299024603625614
2006-06-02,3.010188760975264
2006-06-03,0.0
2006-06-04,0.0
2006-06-05,0.4886832398169682
2006-06-06,6.421258633275261
2006-06-07,3.9199166916216703
2006-06-08,0.0
2006-06-09,0.0
2006-06-10,0.0
2006-06-11,0.0
2006-06-12,2.6717232267099127
2006-06-13,0.09572002797375524
2006-06-14,0.0
2006-06-15,0.0
2006-06-16,1.4628165937085094
2006-06-17,27.939398733179182
2006-06-18,5.531249875113715
2006-06-19,0.11477906089894936
2006-06-20,0.007607913121455338
2006-06-21,0.05410930724391764
2006-06-22,0.3076940356338974
2006-06-23,14.065841338036627
2006-06-24,5.9709923665627445
2006-06-25,0.38334051916897466
2006-06-26,0.0310615925191206
2006-06-27,0.0310615925191206
2006-06-28,0.0310615925191206
2006-06-29,0.0310615925191206
2006-06-30,0.0310615925191206
2006-07-01,0.0
2006-07-02,0.22803456445220333
2006-07-03,3.276886910170395
2006-07-04,11.304208432685405
2006-07-05,2.4657248592101113
2006-07-06,0.1332704166930941
2006-07-07,0.0
2006-07-08,0.0
2006-07-09,2.938870820704182
2006-07-10,10.713725540155856
2006-07-11,0.8470978139739939
2006-07-12,0.7342362838504766
2006-07-13,3.3022636012707762
2006-07-14,1.751513131951904
2006-07-15,0.505371577156816
2006-07-16,7.19939069324976
2006-07-17,0.5496803208039431
2006-07-18,0.001876548544147649
2006-07-19,0.12650463162952938
2006-07-20,0.07765547954182431
2006-07-21,0.5517905974526284
2006-07-22,9.135353096701397
2006-07-23,0.05647504222977369
2006-07-24,0.0
2006-07-25,4.190139490721509
2006-07-26,0.03186650272800474
2006-07-27,1.1878225302715584
2006-07-28,0.2848589835031962
2006-07-29,0.0020915405104404653
2006-07-30,0.0017948073908543155
2006-07-31,9.622326557973955e-05
2006-08-01,1.3391398427691454
2006-08-02,0.0003241291236723544
2006-08-03,0.0
2006-08-04,5.652993849404179
2006-08-05,1.5178736106629913
2006-08-06,1.2598360825322248
2006-08-07,0.6522003971406047
2006-08-08,0.1304353399575134
2006-08-09,0.019445221061198004
2006-08-10,0.029174342636157292
2006-08-11,7.131330726215548
2006-08-12,15.555928875222966
2006-08-13,0.5632698354217791
2006-08-14,0.07931408778930321
2006-08-15,5.1630122914981165
2006-08-16,0.03453397094664604
2006-08-17,0.0
2006-08-18,0.0043410491730540325
2006-08-19,0.0002806139223042181
2006-08-20,1.8485288324634894
2006-08-21,9.338823915096693
2006-08-22,3.7500944014101036
2006-08-23,29.65824283463821
2006-08-24,1.6301366240438253
2006-08-25,4.1184757835928245
2006-08-26,3.3580773990868993
2006-08-27,7.406030290001304
2006-08-28,9.044080535965815
2006-08-29,0.6611043607914663
2006-08-30,0.0006836767784471685
2006-08-31,0.0
2006-09-01,0.0
2006-09-02,0.008986199392936356
2006-09-03,0.06937130974702878
2006-09-04,0.3374394937385774
2006-09-05,1.3982490083036205
2006-09-06,0.026398026532375253
2006-09-07,0.026398026532375253
2006-09-08,0.026398026532375253
2006-09-09,0.026398026532375253
2006-09-10,0.9712255191387509
2006-09-11,5.436633773481456
2006-09-12,5.999203673079259
2006-09-13,0.0
2006-09-14,0.0
2006-09-15,0.0
2006-09-16,0.0526985927945539
2006-09-17,4.368417590496707
2006-09-18,27.764519233619854
2006-09-19,0.0
2006-09-20,0.0
2006-09-21,0.08722040781340333
2006-09-22,33.27510169826085
2006-09-23,22.655093517759394
2006-09-24,0.00025935206283815186
2006-09-25,0.0
2006-09-26,0.0
2006-09-27,0.5261351134887012
2006-09-28,0.1365706134252685
2006-09-29,0.0
2006-09-30,1.1798014384797044
2006-10-01,1.104351758173479
2006-10-02,0.0
2006-10-03,0.011768939227869459
2006-10-04,0.0
2006-10-05,1.0701604085023717
2006-10-06,0.0
2006-10-07,0.0
2006-10-08,0.0
2006-10-09,0.0
2006-10-10,15.839209197884148
2006-10-11,1.3054281363669642
2006-10-12,0.9755563168092045
2006-10-13,0.0
2006-10-14,0.0
2006-10-15,3.4024000095764886
2006-10-16,36.178221076279385
2006-10-17,0.12126271355844359
2006-10-18,0.13630863062289966
2006-10-19,2.7606629974141756
2006-10-20,0.0
2006-10-21,0.0
2006-10-22,0.0
2006-10-23,0.0
2006-10-24,0.0
2006-10-25,18.912387919445596
2006-10-26,8.150219344921796
2006-10-27,31.517727595240093
2006-10-28,0.01233430126080479
2006-10-29,0.0
2006-10-30,0.1271397998810051
2006-10-31,9.144142174254887
2006-11-01,5.049365952753468
2006-11-02,0.0008266068218594017
2006-11-03,0.0
2006-11-04,0.0
2006-11-05,3.8041072185394964
2006-11-06,62.88273998190336
2006-11-07,0.18286649086003323
2006-11-08,0.0
2006-11-09,0.0068349279804719035
2006-11-10,5.080889815585054
2006-11-11,0.003338159930802196
2006-11-12,0.0
2006-11-13,2.1301071127924316
2006-11-14,0.23072216662737624
2006-11-15,20.73827990155263
2006-11-16,7.614988874586022
2006-11-17,0.0
2006-11-18,0.0
2006-11-19,0.0
2006-11-20,0.0
2006-11-21,0.449570828346297
2006-11-22,0.449570828346297
2006-11-23,0.449570828346297
2006-11-24,0.449570828346297
2006-11-25,0.449570828346297
2006-11-26,0.05164586692686622
2006-11-27,0.24168673348580996
2006-11-28,3.5719007195855363
2006-11-29,3.569029022990592
2006-11-30,25.362277408713794
2006-12-01,0.02310286469019098
2006-12-02,0.0
2006-12-03,0.0
2006-12-04,0.0
2006-12-05,0.0
2006-12-06,0.10038381479148592
2006-12-07,0.10038381479148592
2006-12-08,0.10038381479148592
2006-12-09,0.10038381479148592
2006-12-10,1.1355278651527647
2006-12-11,7.33275446027288
2006-12-12,3.202670817417553
2006-12-13,0.0
2006-12-14,0.0
2006-12-15,0.1470329008160201
2006-12-16,1.3338889642273484
2006-12-17,1.1967522333556726
2006-12-18,1.1863967245000344
2006-12-19,2.71641663375895
2006-12-20,13.378265259869385
2006-12-21,17.665322305757115
2006-12-22,0.07944420462690258
2006-12-23,0.0
2006-12-24,4.31706859448305
2006-12-25,39.17136012885198
2006-12-26,0.0
2006-12-27,0.0
2006-12-28,0.03094368435118157
2006-12-29,1.4292275883915946
2006-12-30,73.11578571445214
2006-12-31,1.2135725870628375
2007-01-01,0.0
2007-01-02,0.0
2007-01-03,0.0
2007-01-04,29.512893614987586
2007-01-05,1.126845757724551
2007-01-06,0.0
2007-01-07,0.0
2007-01-08,0.0
2007-01-09,0.0
2007-01-10,0.0
2007-01-11,0.18636859580989645
2007-01-12,1.649798722099126
2007-01-13,49.19717667392779
2007-01-14,89.40104672291483
2007-01-15,32.419692577646906
2007-01-16,0.0
2007-01-17,0.0
2007-01-18,0.0
2007-01-19,0.0
2007-01-20,22.159567208626875
2007-01-21,27.47331921037177
2007-01-22,0.01341248301986468
2007-01-23,0.0
2007-01-24,0.0
2007-01-25,0.0
2007-01-26,0.0
2007-01-27,7.68201115554174
2007-01-28,0.04795159924088896
2007-01-29,0.0
2007-01-30,0.0
2007-01-31,0.2745326009597419
2007-02-01,0.0
2007-02-02,0.0
2007-02-03,0.0
2007-02-04,0.0
2007-02-05,0.0
2007-02-06,0.0
2007-02-07,0.0010484987640847231
2007-02-08,0.17668243003731954
2007-02-09,0.13176325887915583
2007-02-10,0.0
2007-02-11,0.0066171963232506
2007-02-12,12.744511753543103
2007-02-13,21.311696326905835
2007-02-14,0.0
2007-02-15,0.2130707498773294
2007-02-16,0.0
2007-02-17,0.0
2007-02-18,0.0
2007-02-19,0.0
2007-02-20,0.0
2007-02-21,0.03722429546328538
2007-02-22,0.0
2007-02-23,0.0
2007-02-24,23.666219972271104
2007-02-25,0.0
2007-02-26,0.0
2007-02-27,0.0
2007-02-28,3.4143273655976865
2007-03-01,0.0
2007-03-02,0.0
2007-03-03,0.0
2007-03-04,0.0
2007-03-05,0.0
2007-03-06,0.0
2007-03-07,0.0
2007-03-08,0.0
2007-03-09,0.5642439631921464
2007-03-10,2.665245090548408
2007-03-11,0.07921604179773124
2007-03-12,0.09204175738041012
2007-03-13,0.5501058111657042
2007-03-14,3.791739228830299
2007-03-15,0.1687331001616534
2007-03-16,0.0
2007-03-17,0.0
2007-03-18,0.0
2007-03-19,0.0
2007-03-20,0.0
2007-03-21,2.3594924197898433
2007-03-22,0.5255617801321701
2007-03-23,0.005846548650258257
2007-03-24,0.48533562247821593
2007-03-25,1.6357965353346846
2007-03-26,0.5547038556606255
2007-03-27,36.015645455664156
2007-03-28,6.57369815405629
2007-03-29,0.25040709715315185
2007-03-30,6.175780654890555
2007-03-31,24.965029091021957
2007-04-01,0.0
2007-04-02,0.0
2007-04-03,6.519863022891968
2007-04-04,2.0713508484551206
2007-04-05,0.0
2007-04-06,0.13485670220273985
2007-04-07,3.1484893526356766e-06
2007-04-08,0.0
2007-04-09,0.05526767688285396
2007-04-10,0.7413011720004767
2007-04-11,4.935342665626697
2007-04-12,0.042143653020517466
2007-04-13,7.138784348247586
2007-04-14,21.90710337782948
2007-04-15,0.00012433810009752403
2007-04-16,0.0
2007-04-17,0.06989403351429987
2007-04-18,3.1031898641275313
2007-04-19,0.0
2007-04-20,0.0
2007-04-21,0.0
2007-04-22,1.1866311378289662
2007-04-23,2.7964164197390047
2007-04-24,18.34685194129435
2007-04-25,57.49170310079114
2007-04-26,0.0
2007-04-27,0.0
2007-04-28,0.0
2007-04-29,0.0
2007-04-30,0.0
2007-05-01,4.3379893679800645
2007-05-02,11.056163592937223
2007-05-03,11.798095236686617
2007-05-04,2.413301782858391
2007-05-05,2.7154841919482005
2007-05-06,0.16500276016546142
2007-05-07,2.6997268292006935
2007-05-08,5.489667398879179
2007-05-09,11.84319292110269
2007-05-10,5.726704903914845
2007-05-11,1.2214904312580945
2007-05-12,1.1859073962317443
2007-05-13,0.0
2007-05-14,0.0
2007-05-15,18.52024611483946
2007-05-16,12.857881089037324
2007-05-17,0.0
2007-05-18,0.0
2007-05-19,0.05457165958441272
2007-05-20,0.7269693404646825
2007-05-21,7.418322879652444
2007-05-22,6.636271813829422
2007-05-23,1.887822428606097
2007-05-24,0.042127000304634586
2007-05-25,0.32689767336508374
2007-05-26,0.03565962013411143
2007-05-27,2.7290594569744533
2007-05-28,0.10013838223601795
2007-05-29,4.699062331476436
2007-05-30,5.90833163167047
2007-05-31,4.894407836955112
2007-06-01,0.37233385892451304
2007-06-02,6.142691144063711
2007-06-03,0.333387449978088
2007-06-04,0.39725998077888636
2007-06-05,0.0013720391658635634
2007-06-06,0.0
2007-06-07,0.17835251277293335
2007-06-08,7.327782580526781
2007-06-09,0.8348349853356652
2007-06-10,6.249994937089966
2007-06-11,2.4954002187651967
2007-06-12,10.423486246088267
2007-06-13,0.16977253215667315
2007-06-14,0.05278539406672861
2007-06-15,7.561183773074701
2007-06-16,9.269514084457656
2007-06-17,5.395956600330429
2007-06-18,10.694328595185965
2007-06-19,24.928104813416322
2007-06-20,0.8161524384818536
2007-06-21,3.823776942294269
2007-06-22,3.3635842549077406
2007-06-23,7.789409203008918
2007-06-24,0.44094269705115574
2007-06-25,0.10082531467702373
2007-06-26,16.780760997246787
2007-06-27,16.106839075243478
2007-06-28,0.41123119617854553
2007-06-29,1.9264904262873581
2007-06-30,5.8846496192675755
2007-07-01,4.309114541752496
2007-07-02,5.01723802912752
2007-07-03,4.23766626712352
2007-07-04,1.551383242990948
2007-07-05,1.3358829593651533
2007-07-06,2.6487639884184406
2007-07-07,0.9424896293971016
2007-07-08,1.5732034200309164
2007-07-09,2.277007766323382
2007-07-10,30.995471811920577
2007-07-11,14.06915098878829
2007-07-12,6.611272793945636
2007-07-13,49.451633645293
2007-07-14,8.000764721647792
2007-07-15,0.8135833634075877
2007-07-16,0.010239695247504881
2007-07-17,0.03186736312870053
2007-07-18,0.009580876222254833
2007-07-19,0.004826488804319639
2007-07-20,0.2619123106889922
2007-07-21,5.160212722215538
2007-07-22,0.5715095681630119
2007-07-23,0.0
2007-07-24,0.0
2007-07-25,0.0807821855679761
2007-07-26,0.0025597608674935504
2007-07-27,0.18105305653940643
2007-07-28,0.42079489806940806
2007-07-29,3.903013065581994
2007-07-30,14.127639370526804
2007-07-31,1.2628399455204302
2007-08-01,0.0
2007-08-02,0.0
2007-08-03,0.0
2007-08-04,0.0
2007-08-05,0.0
2007-08-06,0.0
2007-08-07,0.0
2007-08-08,0.0
2007-08-09,0.0
2007-08-10,0.0
2007-08-11,2.0462837627771018
2007-08-12,2.0462837627771018
2007-08-13,0.4444530939839998
2007-08-14,0.4444530939839998
2007-08-15,0.4444530939839998
2007-08-16,0.0
2007-08-17,0.21915338555833408
2007-08-18,3.826501360497835
2007-08-19,1.543950619765159
2007-08-20,0.516274908138648
2007-08-21,0.04947290998784251
2007-08-22,0.010167020868212393
2007-08-23,0.0
2007-08-24,0.0
2007-08-25,1.4638479459966374
2007-08-26,0.0
2007-08-27,0.0
2007-08-28,0.06916590137134103
2007-08-29,7.170966418058367
2007-08-30,10.068597634307084
2007-08-31,0.808460962856252
2007-09-01,0.0
2007-09-02,0.00479916362329853
2007-09-03,1.3365150161368045
2007-09-04,3.2138881934730374
2007-09-05,27.2071021647087
2007-09-06,12.027889058877358
2007-09-07,1.2865424537079966
2007-09-08,5.767369204570202
2007-09-09,17.934227041601225
2007-09-10,14.052026143078628
2007-09-11,0.9459323538286302
2007-09-12,0.0
2007-09-13,1.796672555564565
2007-09-14,0.065948171458221
2007-09-15,0.001353333353678518
2007-09-16,0.36482142627510405
2007-09-17,0.36482142627510405
2007-09-18,0.36482142627510405
2007-09-19,0.5425713561239701
2007-09-20,0.36482142627510405
2007-09-21,0.0
2007-09-22,0.0
2007-09-23,1.6775168178662534
2007-09-24,1.018114673290067
2007-09-25,1.1226032529452035
2007-09-26,16.10537997023351
2007-09-27,0.028540812569844608
2007-09-28,0.0
2007-09-29,0.0
2007-09-30,0.04177812902724432
2007-10-01,5.411604718305426
2007-10-02,2.3211264364840454
2007-10-03,19.597068719364533
2007-10-04,0.7667834123246898
2007-10-05,0.5807869187511916
2007-10-06,0.6226716296305889
2007-10-07,1.4195353996689233
2007-10-08,12.14861286060947
2007-10-09,0.11240642723348059
2007-10-10,0.0
2007-10-11,0.0
2007-10-12,0.0
2007-10-13,0.0
2007-10-14,0.0
2007-10-15,49.99098725955113
2007-10-16,0.31413300433041397
2007-10-17,17.486691545041175
2007-10-18,3.629086195168637
2007-10-19,0.0
2007-10-20,0.0
2007-10-21,0.0
2007-10-22,6.176148177542591
2007-10-23,6.797129985456083
2007-10-24,0.1642101202880436
2007-10-25,0.02367142656713743
2007-10-26,5.2300355807508705
2007-10-27,0.0
2007-10-28,0.0
2007-10-29,0.0
2007-10-30,0.0
2007-10-31,0.0
2007-11-01,3.2166648880136544
2007-11-02,0.0
2007-11-03,0.5359505337347681
2007-11-04,0.0
2007-11-05,0.0
2007-11-06,0.3580418721099158
2007-11-07,0.0
2007-11-08,0.0
2007-11-09,0.07928835916033272
2007-11-10,2.315536609550077
2007-11-11,0.3091300714145456
2007-11-12,1.4406303779750713
2007-11-13,0.43336089164741876
2007-11-14,1.7613744933511009
2007-11-15,0.02465997175988669
2007-11-16,0.0
2007-11-17,0.0
2007-11-18,0.5519229663770883
2007-11-19,2.064631704708513
2007-11-20,2.942404509460896
2007-11-21,5.148992993405256
2007-11-22,0.1498703765911575
2007-11-23,0.0
2007-11-24,2.8958502593848907
2007-11-25,30.230714172238798
2007-11-26,14.603144616953129
2007-11-27,0.0
2007-11-28,0.0
2007-11-29,0.005008219804474826
2007-11-30,0.07669048086421763
2007-12-01,0.012119270629154737
2007-12-02,0.08849431222852218
2007-12-03,0.0
2007-12-04,0.0
2007-12-05,0.0
2007-12-06,0.0
2007-12-07,0.2998098699089891
2007-12-08,0.9177526889962508
2007-12-09,3.8386201286667405
2007-12-10,1.1236676399330139
2007-12-11,4.096148170172144
2007-12-12,51.49180087492016
2007-12-13,7.055810678443883
2007-12-14,0.14871804935182564
2007-12-15,36.07994514519958
2007-12-16,0.2298590659784174
2007-12-17,0.0
2007-12-18,0.3739631092442917
2007-12-19,0.3877494045954337
2007-12-20,24.250346083115492
2007-12-21,0.04264961742853264
2007-12-22,5.874204859998246
2007-12-23,0.006203161379515114
2007-12-24,0.0
2007-12-25,0.0
2007-12-26,16.022612079254895
2007-12-27,0.2981058355063032
2007-12-28,10.419656225215775
2007-12-29,0.0
2007-12-30,0.0
2007-12-31,0.0
2008-01-01,0.0
2008-01-02,0.0
2008-01-03,0.0
2008-01-04,0.0
2008-01-05,3.667168982056939
2008-01-06,0.23405312485428048
2008-01-07,2.5346051827018843
2008-01-08,7.874712515220289
2008-01-09,0.0
2008-01-10,0.037909981017119294
2008-01-11,0.0
2008-01-12,0.8414781580414235
2008-01-13,5.715429275947287
2008-01-14,0.0
2008-01-15,0.0
2008-01-16,6.133911106925113
2008-01-17,0.9438380720392583
2008-01-18,0.0
2008-01-19,0.0
2008-01-20,0.0
2008-01-21,1.1465530175302696
2008-01-22,10.118898307024171
2008-01-23,0.003829775765369843
2008-01-24,0.0
2008-01-25,0.7207996661269114
2008-01-26,0.08205600216694221
2008-01-27,0.0
2008-01-28,0.024097926629278708
2008-01-29,14.839490605793106
2008-01-30,0.0
2008-01-31,14.516139404911614
2008-02-01,0.3207565929797474
2008-02-02,0.0
2008-02-03,0.20290870339858638
2008-02-04,1.513190390578955
2008-02-05,6.865948807501978
2008-02-06,10.85437967539701
2008-02-07,0.6928048262374819
2008-02-08,0.04246637981219665
2008-02-09,0.0
2008-02-10,0.0
2008-02-11,0.2794972878822514
2008-02-12,38.57159240023899
2008-02-13,0.0
2008-02-14,0.0
2008-02-15,0.2480749281213522
2008-02-16,32.899349441900604
2008-02-17,36.394584231734896
2008-02-18,0.0
2008-02-19,0.0
2008-02-20,0.3565351034491448
2008-02-21,0.5179614308630361
2008-02-22,2.366317717684181
2008-02-23,0.04158406744796419
2008-02-24,0.688333088283807
2008-02-25,0.019906023151261106
2008-02-26,0.04079655870827977
2008-02-27,0.0
2008-02-28,0.0
2008-02-29,0.11300646567103927
2008-03-01,0.008725540732076908
2008-03-02,1.238265768398094
2008-03-03,46.873008833318686
2008-03-04,12.369764459941825
2008-03-05,0.0
2008-03-06,6.301934309174965
2008-03-07,24.104613366415784
2008-03-08,0.12655784538369755
2008-03-09,0.0
2008-03-10,6.171158017600575
2008-03-11,1.4408371622653788
2008-03-12,0.0
2008-03-13,0.8232420874744022
2008-03-14,13.625454651986864
2008-03-15,2.2366376752743453
2008-03-16,0.0
2008-03-17,1.5374280090897878
2008-03-18,33.17223905944536
2008-03-19,74.48210780996435
2008-03-20,0.0
2008-03-21,0.0
2008-03-22,0.0
2008-03-23,0.0
2008-03-24,0.0
2008-03-25,0.0
2008-03-26,0.39860558714875477
2008-03-27,0.28452236899335903
2008-03-28,3.310265014948934
2008-03-29,5.554969284028221
2008-03-30,14.70843296549164
2008-03-31,25.756726005991073
2008-04-01,78.08086922246645
2008-04-02,2.769743671143927
2008-04-03,9.644571847653491
2008-04-04,41.128533399045345
2008-04-05,0.008984667649086765
2008-04-06,0.0
2008-04-07,0.0
2008-04-08,8.926856704320816
2008-04-09,12.728943916049195
2008-04-10,40.39635119118655
2008-04-11,0.07392248681316639
2008-04-12,0.07392248681316639
2008-04-13,0.5448505333023821
2008-04-14,0.07392248681316639
2008-04-15,0.07392248681316639
2008-04-16,0.0
2008-04-17,1.4646213216367894
2008-04-18,13.713735955346149
2008-04-19,0.0
2008-04-20,0.0
2008-04-21,0.3137564703380564
2008-04-22,3.5553186121206273
2008-04-23,4.345759914611279
2008-04-24,13.266510273814006
2008-04-25,2.069786812596449
2008-04-26,10.822969679100531
2008-04-27,5.823713926872139
2008-04-28,0.0
2008-04-29,0.0
2008-04-30,0.0
2008-05-01,0.4248020207655569
2008-05-02,20.195994314294374
2008-05-03,0.0
2008-05-04,0.0
2008-05-05,0.0
2008-05-06,2.9774423516878157
2008-05-07,7.4996936990026555
2008-05-08,15.0468896796873
2008-05-09,0.0
2008-05-10,1.5185338886296589
2008-05-11,12.233017916382389
2008-05-12,0.0
2008-05-13,1.224556522309435
2008-05-14,11.936671838066378
2008-05-15,16.99873659606249
2008-05-16,2.8108664095725486
2008-05-17,0.0
2008-05-18,0.20984633804925115
2008-05-19,0.0
2008-05-20,0.0
2008-05-21,0.24811695265856154
2008-05-22,2.0221847960225103
2008-05-23,1.8404711190448397
2008-05-24,1.487809166694665
2008-05-25,1.2237949272019142
2008-05-26,1.1892315443546593
2008-05-27,13.925103610386392
2008-05-28,4.923223867362881
2008-05-29,0.0034681187078466633
2008-05-30,0.0
2008-05-31,0.0
2008-06-01,10.89906701724716
2008-06-02,0.03519887522084711
2008-06-03,0.0
2008-06-04,0.039782163191210446
2008-06-05,0.9420000163857778
2008-06-06,3.1841042962034876
2008-06-07,1.5818921690965153
2008-06-08,0.13773556609628804
2008-06-09,35.920636581273996
2008-06-10,13.551019432489275
2008-06-11,15.049436600600828
2008-06-12,0.0
2008-06-13,6.519280758040436
2008-06-14,41.22221345679838
2008-06-15,1.039992939084209
2008-06-16,4.138680116869947
2008-06-17,0.028909933602589154
2008-06-18,0.646140433147439
2008-06-19,0.0019083022803347374
2008-06-20,5.207647228915789
2008-06-21,3.6704289596589814
2008-06-22,0.0
2008-06-23,0.6260081793813198
2008-06-24,0.6000929912458769
2008-06-25,3.4825390763831283
2008-06-26,11.424728222018432
2008-06-27,1.319394276978952
2008-06-28,2.7963086049846893
2008-06-29,24.240660204078686
2008-06-30,0.0
2008-07-01,0.0
2008-07-02,0.28940157114567083
2008-07-03,0.07749393647021827
2008-07-04,4.131529837769648
2008-07-05,4.840970303313277
2008-07-06,0.4393962641554833
2008-07-07,0.028308944874807094
2008-07-08,0.1122408300171914
2008-07-09,0.16032724166416418
2008-07-10,9.329188531849073
2008-07-11,7.067589047022973
2008-07-12,0.0014305813291230686
2008-07-13,7.777773614848468
2008-07-14,0.2917618797850586
2008-07-15,0.0
2008-07-16,0.0
2008-07-17,0.0
2008-07-18,0.1119487970644962
2008-07-19,0.08599795298529438
2008-07-20,0.047138118945123486
2008-07-21,0.1038795550489757
2008-07-22,3.078610343755536
2008-07-23,6.585456863292615
2008-07-24,3.715002287949237
2008-07-25,1.339796147295978
2008-07-26,0.32460527241336096
2008-07-27,0.5666795130716195
2008-07-28,0.0
2008-07-29,0.0
2008-07-30,0.011184237854416185
2008-07-31,0.0900735611172343
2008-08-01,0.38778205242833563
2008-08-02,0.5911231705295207
2008-08-03,0.4554252784650229
2008-08-04,0.028039635991220786
2008-08-05,0.017603022476700064
2008-08-06,0.04566078878313529
2008-08-07,4.637508791059568
2008-08-08,0.006902009732943899
2008-08-09,0.8331340822321469
2008-08-10,64.52803125591437
2008-08-11,87.3423078098288
2008-08-12,13.19329176591519
2008-08-13,0.035165572386665074
2008-08-14,0.0
2008-08-15,5.8630975150160705
2008-08-16,9.190647215891374
2008-08-17,0.004030353043476672
2008-08-18,0.09365943060405395
2008-08-19,7.349308118715822
2008-08-20,7.058755792145336
2008-08-21,21.398474596167986
2008-08-22,6.062427032393186
2008-08-23,3.3219627906939464
2008-08-24,3.924945160348592
2008-08-25,0.4083227110929988
2008-08-26,0.0
2008-08-27,0.6518324349630841
2008-08-28,0.6361258752565175
2008-08-29,1.1739120444272997
2008-08-30,5.575957776239602
2008-08-31,0.044718926508987705
2008-09-01,0.13721728456965837
2008-09-02,66.11156884241859
2008-09-03,89.60290615372826
2008-09-04,0.6021070000740124
2008-09-05,0.005165740473953745
2008-09-06,0.0
2008-09-07,0.0
2008-09-08,0.3112027798619082
2008-09-09,1.8726280344025905
2008-09-10,0.8938818045977324
2008-09-11,0.7900175055277676
2008-09-12,2.2052067311028396
2008-09-13,8.621998227574954
2008-09-14,59.10538293892659
2008-09-15,0.0
2008-09-16,0.0007049492715541204
2008-09-17,0.0
2008-09-18,0.004791147419579415
2008-09-19,1.2762792514029055
2008-09-20,0.9513721496434864
2008-09-21,0.8268103053077173
2008-09-22,0.8741795075237035
2008-09-23,0.040181391884710684
2008-09-24,1.4440548373009776
2008-09-25,0.0
2008-09-26,0.1851042414132826
2008-09-27,0.1851042414132826
2008-09-28,0.1851042414132826
2008-09-29,0.1851042414132826
2008-09-30,0.970274443093958
2008-10-01,0.0
2008-10-02,0.0
2008-10-03,0.014307387825708484
2008-10-04,13.32287112347092
2008-10-05,14.364556308558539
2008-10-06,15.773427169008132
2008-10-07,50.945402517614
2008-10-08,0.003101345396147235
2008-10-09,0.0
2008-10-10,0.0
2008-10-11,0.050828902115120714
2008-10-12,0.27070772308641805
2008-10-13,0.30881823883208276
2008-10-14,0.6777680779493039
2008-10-15,3.4123665861267374
2008-10-16,6.274748040159693
2008-10-17,0.0
2008-10-18,0.0
2008-10-19,0.0
2008-10-20,0.0
2008-10-21,0.00013782960079250874
2008-10-22,0.03241131754296576
2008-10-23,13.76186491103518
2008-10-24,0.0
2008-10-25,0.0
2008-10-26,0.03276334568348122
2008-10-27,0.03276334568348122
2008-10-28,0.03276334568348122
2008-10-29,0.03276334568348122
2008-10-30,0.03276334568348122
2008-10-31,2.4398277719482895
2008-11-01,1.982390561192407
2008-11-02,0.03701769133740564
2008-11-03,0.0007059730487474011
2008-11-04,0.0
2008-11-05,0.5824325774568655
2008-11-06,7.321265284591793
2008-11-07,0.0
2008-11-08,0.0
2008-11-09,0.0
2008-11-10,1.865753701438685
2008-11-11,24.578056217939203
2008-11-12,13.16395971496928
2008-11-13,0.0082616008883827
2008-11-14,0.5779630167305574
2008-11-15,0.11342272166061669
2008-11-16,0.40970594454067344
2008-11-17,0.40970594454067344
2008-11-18,0.40970594454067344
2008-11-19,0.40970594454067344
2008-11-20,0.40970594454067344
2008-11-21,0.0
2008-11-22,0.008290654041287138
2008-11-23,1.3761238657061903
2008-11-24,13.585766824461878
2008-11-25,0.0
2008-11-26,0.0
2008-11-27,0.0
2008-11-28,1.5321994450760148
2008-11-29,0.9599318663434909
2008-11-30,0.35759411842120703
2008-12-01,0.8832321126385274
2008-12-02,0.0
2008-12-03,6.835978924902165
2008-12-04,2.046054435814813
2008-12-05,0.0
2008-12-06,0.0
2008-12-07,0.0
2008-12-08,0.1261573820168619
2008-12-09,28.583362762202327
2008-12-10,0.40200134493772127
2008-12-11,0.0036193532427142984
2008-12-12,0.0
2008-12-13,0.03563778918553342
2008-12-14,8.851698832508314
2008-12-15,12.528725380514631
2008-12-16,7.106297069345057
2008-12-17,2.556236955534565
2008-12-18,7.274600244308465
2008-12-19,20.55286001496235
2008-12-20,0.3683537791724907
2008-12-21,0.0
2008-12-22,0.0
2008-12-23,2.3296099654264513
2008-12-24,1.6605369881469882
2008-12-25,0.00699495838650036
2008-12-26,1.9732069186661791
2008-12-27,14.429232720445405
2008-12-28,0.0
2008-12-29,0.0
2008-12-30,0.0
2008-12-31,0.0
2009-01-01,0.0
2009-01-02,0.37329837083999007
2009-01-03,1.6082558255486217
2009-01-04,0.2564549399617345
2009-01-05,6.656427196650048
2009-01-06,3.6818478688756926
2009-01-07,0.0007027631892214309
2009-01-08,0.0
2009-01-09,2.21484604186861
2009-01-10,5.616800476079754
2009-01-11,0.0
2009-01-12,0.0
2009-01-13,0.0
2009-01-14,0.0
2009-01-15,0.0
2009-01-16,0.0
2009-01-17,0.0018096628267842431
2009-01-18,0.02887968143104407
2009-01-19,0.0
2009-01-20,0.21628789045041924
2009-01-21,0.0
2009-01-22,0.0
2009-01-23,0.11020214327432934
2009-01-24,0.8300628476253376
2009-01-25,0.003044475953385569
2009-01-26,1.0884728652342566
2009-01-27,8.12401328739432
2009-01-28,12.11076188455474
2009-01-29,0.0
2009-01-30,0.0
2009-01-31,0.0
2009-02-01,0.0
2009-02-02,0.0
2009-02-03,0.0
2009-02-04,0.0
2009-02-05,0.0
2009-02-06,0.06145278341184761
2009-02-07,0.060332522376186803
2009-02-08,0.00033195322669780393
2009-02-09,15.392991006010755
2009-02-10,6.885533260267239
2009-02-11,25.327046801710313
2009-02-12,0.0
2009-02-13,0.00870534546835506
2009-02-14,0.0008014411118902417
2009-02-15,1.2814872075288164
2009-02-16,0.0
2009-02-17,2.126216121024022
2009-02-18,2.3272791646784583
2009-02-19,0.0
2009-02-20,0.0
2009-02-21,0.4068089628148505
2009-02-22,0.0
2009-02-23,0.0
2009-02-24,0.190431342856907
2009-02-25,0.1312292147601141
2009-02-26,0.6062733312036195
2009-02-27,15.903658376659475
2009-02-28,2.10428756710574
2009-03-01,0.0
2009-03-02,0.0
2009-03-03,0.0
2009-03-04,0.0
2009-03-05,0.0
2009-03-06,0.0006406819023746851
2009-03-07,0.8110811631502021
2009-03-08,3.0994191145695495
2009-03-09,0.57328835536746
2009-03-10,2.2636076578757547
2009-03-11,25.189666711369345
2009-03-12,24.660672291654706
2009-03-13,1.9540645755463202
2009-03-14,11.806698146136085
2009-03-15,0.16524892700142294
2009-03-16,0.03927301314156248
2009-03-17,0.0
2009-03-18,0.0
2009-03-19,1.961591896458541
2009-03-20,0.024991269148876408
2009-03-21,1.5810821070762093
2009-03-22,0.3108990000544249
2009-03-23,1.125086694928452
2009-03-24,20.310549750908752
2009-03-25,3.069468300129798
2009-03-26,6.801184453585638
2009-03-27,13.895868312147208
2009-03-28,24.793344996968845
2009-03-29,0.2665124876768273
2009-03-30,0.0
2009-03-31,14.015469167541864
2009-04-01,0.0
2009-04-02,13.352291718934266
2009-04-03,0.0030912888625320937
2009-04-04,0.0
2009-04-05,0.9509212569342067
2009-04-06,0.0
2009-04-07,0.0
2009-04-08,0.0
2009-04-09,1.3014157767903303
2009-04-10,8.9011419149356
2009-04-11,0.0
2009-04-12,40.165527555044285
2009-04-13,10.268787182151472
2009-04-14,0.0
2009-04-15,0.0
2009-04-16,0.7030498165990113
2009-04-17,1.4421100781037874
2009-04-18,19.50713104648381
2009-04-19,20.15120057491583
2009-04-20,0.002708936623124461
2009-04-21,0.0
2009-04-22,0.0
2009-04-23,0.0
2009-04-24,0.0
2009-04-25,0.0
2009-04-26,0.07067897676599758
2009-04-27,13.21908209536443
2009-04-28,16.592637978722205
2009-04-29,6.8017793702739455
2009-04-30,9.9548414536448
2009-05-01,3.4735144330891994
2009-05-02,51.86599236008662
2009-05-03,31.096375178042365
2009-05-04,0.4566859070255413
2009-05-05,11.104808818742603
2009-05-06,28.93499506622168
2009-05-07,0.9048428986509611
2009-05-08,0.48725185549783945
2009-05-09,28.676355130126538
2009-05-10,64.96885135339015
2009-05-11,54.607894409456115
2009-05-12,26.829443542375685
2009-05-13,0.6158396704834882
2009-05-14,10.10051248657151
2009-05-15,0.14401692974332297
2009-05-16,13.369863236898622
2009-05-17,0.6985311155810748
2009-05-18,0.0
2009-05-19,0.0
2009-05-20,0.0
2009-05-21,0.05479246332910566
2009-05-22,1.2275689081559065
2009-05-23,3.3308203151845497
2009-05-24,15.17621310687923
2009-05-25,8.769618782533474
2009-05-26,2.3595092216510287
2009-05-27,4.138701203563149
2009-05-28,0.13839783510335432
2009-05-29,9.84309825823005e-05
2009-05-30,0.0
2009-05-31,0.0
2009-06-01,0.0
2009-06-02,0.4017752975444935
2009-06-03,2.893293476559314
2009-06-04,1.2105622452678
2009-06-05,0.0
2009-06-06,0.0
2009-06-07,0.9007915699363562
2009-06-08,0.20661153138718666
2009-06-09,0.27409582245280417
2009-06-10,3.775555021394054
2009-06-11,5.3735791350561914
2009-06-12,18.56241439116381
2009-06-13,5.90052586327859
2009-06-14,4.514632700736805
2009-06-15,0.0
2009-06-16,0.2813693661114271
2009-06-17,0.238834644229699
2009-06-18,0.238834644229699
2009-06-19,0.238834644229699
2009-06-20,0.238834644229699
2009-06-21,0.0
2009-06-22,0.0
2009-06-23,3.970594624190834
2009-06-24,0.0
2009-06-25,1.4250754276026016
2009-06-26,3.25193809591783
2009-06-27,0.0
2009-06-28,5.493441658718389
2009-06-29,0.0
2009-06-30,1.1088423532576532
2009-07-01,0.04347695799552404
2009-07-02,0.0
2009-07-03,0.016649194037962323
2009-07-04,0.2789869948316837
2009-07-05,42.869666151870696
2009-07-06,2.3949201248896412
2009-07-07,0.24140378070540874
2009-07-08,0.011365181916171854
2009-07-09,0.05800292234981521
2009-07-10,0.33391281671037376
2009-07-11,0.6527861753628704
2009-07-12,2.0111957436988597
2009-07-13,5.689552042370839
2009-07-14,3.2675836194336343
2009-07-15,0.18227619668703204
2009-07-16,17.22379103336466
2009-07-17,6.559983845092085
2009-07-18,0.02732302879688886
2009-07-19,1.2361715117401546
2009-07-20,6.726243300231871
2009-07-21,57.580761594181205
2009-07-22,0.020266939663744165
2009-07-23,0.013228600842767283
2009-07-24,0.0
2009-07-25,0.08651493059305088
2009-07-26,5.267733124828501
2009-07-27,3.762051073478479
2009-07-28,48.46547607695807
2009-07-29,4.7151316175401545
2009-07-30,35.468631015319765
2009-07-31,1.6229013163241996
2009-08-01,29.695043397767503
2009-08-02,3.692800818465534
2009-08-03,0.6205296209099685
2009-08-04,0.0
2009-08-05,10.210066359047087
2009-08-06,0.28517581631406785
2009-08-07,0.17809240215042485
2009-08-08,0.012494286057632906
2009-08-09,0.27500034883751007
2009-08-10,5.378697951086243
2009-08-11,14.368210439482995
2009-08-12,2.0649422691890007
2009-08-13,0.0
2009-08-14,0.0
2009-08-15,0.014300749030484087
2009-08-16,0.20623480415885556
2009-08-17,0.7769739876384333
2009-08-18,1.8272320287428478
2009-08-19,3.2914914544249823
2009-08-20,4.589862043423096
2009-08-21,14.11153039687965
2009-08-22,0.0008384733021383011
2009-08-23,0.0
2009-08-24,0.0
2009-08-25,0.0
2009-08-26,0.0
2009-08-27,0.0
2009-08-28,2.742116056506152
2009-08-29,0.0336529967692117
2009-08-30,0.25036917489239036
2009-08-31,0.0020523674889671426
2009-09-01,0.0
2009-09-02,0.9498748001444051
2009-09-03,8.468689597503952
2009-09-04,4.589340665716033
2009-09-05,17.896503975486795
2009-09-06,2.612097979943907
2009-09-07,0.05867768751301811
2009-09-08,0.15040574298817597
2009-09-09,4.14428047420425
2009-09-10,5.540671779835415
2009-09-11,1.3680768932410816
2009-09-12,27.20657083327822
2009-09-13,36.80751229046152
2009-09-14,13.857210117157507
2009-09-15,31.82965950587053
2009-09-16,67.72544595594135
2009-09-17,18.087369871131685
2009-09-18,10.233532623155723
2009-09-19,0.3471116613489424
2009-09-20,0.12336131412181767
2009-09-21,3.4592108727526845
2009-09-22,28.67894261026491
2009-09-23,0.2526696790619283
2009-09-24,4.625059983664749
2009-09-25,0.3771154342839541
2009-09-26,1.9077490109333242
2009-09-27,0.0
2009-09-28,0.0
2009-09-29,0.0
2009-09-30,0.0
2009-10-01,1.6052254158068568
2009-10-02,7.981606566841626
2009-10-03,0.0
2009-10-04,18.4689674549007
2009-10-05,0.026330378673928564
2009-10-06,2.7645114596514544
2009-10-07,7.880091268601746
2009-10-08,1.2704598326249315
2009-10-09,73.35385573017099
2009-10-10,0.00145131641973292
2009-10-11,0.000980017404639885
2009-10-12,13.920675309439726
2009-10-13,28.096257812698465
2009-10-14,0.35198211617450714
2009-10-15,15.859495415711566
2009-10-16,0.0
2009-10-17,1.303388009606662
2009-10-18,0.0
2009-10-19,0.0
2009-10-20,0.0
2009-10-21,1.7786733435453543
2009-10-22,45.30912141084045
2009-10-23,0.06335334513814002
2009-10-24,0.0
2009-10-25,0.4096558757729553
2009-10-26,28.11411202407126
2009-10-27,10.099891884956266
2009-10-28,0.0030283487888057505
2009-10-29,26.72446704173648
2009-10-30,41.1450896346406
2009-10-31,0.0
2009-11-01,0.5029179747303839
2009-11-02,0.5029179747303839
2009-11-03,0.5029179747303839
2009-11-04,0.5029179747303839
2009-11-05,0.5029179747303839
2009-11-06,0.0
2009-11-07,0.09068538594146205
2009-11-08,0.4331085718794151
2009-11-09,5.478700450156785
2009-11-10,1.6607907405438282
2009-11-11,0.052167694290857415
2009-11-12,0.0
2009-11-13,0.0
2009-11-14,0.0
2009-11-15,5.494702220458223
2009-11-16,12.922905837797556
2009-11-17,0.0701217690110435
2009-11-18,0.00013636200855852656
2009-11-19,0.0
2009-11-20,1.5128356712594564
2009-11-21,1.589733301291439
2009-11-22,0.0014799519192009933
2009-11-23,0.2109512970826672
2009-11-24,1.5809900121867366
2009-11-25,0.0
2009-11-26,0.0
2009-11-27,0.0
2009-11-28,0.0
2009-11-29,3.69623998669303
2009-11-30,16.9073714291579
2009-12-01,0.00010678024846753979
2009-12-02,32.10347100255261
2009-12-03,0.002371100712199532
2009-12-04,0.0
2009-12-05,0.0
2009-12-06,0.2921294445901395
2009-12-07,3.6162648781474633
2009-12-08,23.55449512513755
2009-12-09,0.8931518522845375
2009-12-10,0.0
2009-12-11,0.0
2009-12-12,3.8097231166347414
2009-12-13,0.21181123602445853
2009-12-14,0.18333216686992637
2009-12-15,0.0
2009-12-16,0.998154172825094
2009-12-17,0.998154172825094
2009-12-18,0.998154172825094
2009-12-19,0.998154172825094
2009-12-20,0.998154172825094
2009-12-21,0.0
2009-12-22,1.5137095464068402
2009-12-23,33.73982531536381
2009-12-24,93.70332522544676
2009-12-25,1.8514166085469226
2009-12-26,0.0
2009-12-27,0.0
2009-12-28,0.0
2009-12-29,0.003103293741437747
2009-12-30,4.8892428887428
2009-12-31,0.23701746410196525
2010-01-01,0.12842790026894293
2010-01-02,0.0
2010-01-03,0.07965602649810494
2010-01-04,0.2351539975307147
2010-01-05,0.0
2010-01-06,0.0
2010-01-07,0.0
2010-01-08,0.0
2010-01-09,0.0
2010-01-10,0.0
2010-01-11,0.0
2010-01-12,0.0
2010-01-13,0.0
2010-01-14,0.10732230878772586
2010-01-15,1.9415583242010274e-05
2010-01-16,14.199103929655056
2010-01-17,15.80301066089696
2010-01-18,0.0030948090452220006
2010-01-19,1.6163888100161485
2010-01-20,13.253241187621818
2010-01-21,10.785851894707477
2010-01-22,0.0
2010-01-23,15.110428798107275
2010-01-24,5.299555231088778
2010-01-25,0.0
2010-01-26,0.0
2010-01-27,0.0
2010-01-28,1.1885691018935556
2010-01-29,34.77292802840896
2010-01-30,1.9690544282817264
2010-01-31,0.0
2010-02-01,0.09901093597460216
2010-02-02,0.5084475197118372
2010-02-03,0.0
2010-02-04,34.586845114036414
2010-02-05,21.023861522448065
2010-02-06,0.014360132165436502
2010-02-07,0.0002553072914066962
2010-02-08,66.74350125925058
2010-02-09,2.9915349644167417
2010-02-10,0.0
2010-02-11,1.9601267049582196
2010-02-12,7.528932046299628
2010-02-13,0.0
2010-02-14,8.18235422686179
2010-02-15,0.4170854420730717
2010-02-16,0.0
2010-02-17,0.0
2010-02-18,0.0
2010-02-19,0.0
2010-02-20,0.0
2010-02-21,16.390197268123117
2010-02-22,2.3368633967026486
2010-02-23,0.005467634163292769
2010-02-24,0.0
2010-02-25,0.0
2010-02-26,5.552465727501981
2010-02-27,0.34181395241940815
2010-02-28,0.0
2010-03-01,8.904035641094975
2010-03-02,3.269984233048388
2010-03-03,0.0
2010-03-04,0.0
2010-03-05,0.0
2010-03-06,0.0
2010-03-07,0.0
2010-03-08,0.9303189684773999
2010-03-09,31.83362392589246
2010-03-10,0.1595840614154788
2010-03-11,2.676336448823877
2010-03-12,0.13286172614589103
2010-03-13,0.003220543417483105
2010-03-14,0.0
2010-03-15,0.0
2010-03-16,0.0009234813205805619
2010-03-17,0.37247925000303994
2010-03-18,0.0
2010-03-19,0.0
2010-03-20,7.829704120663745
2010-03-21,9.1787253477466
2010-03-22,1.4002267979554128
2010-03-23,0.0
2010-03-24,0.06777806090029619
2010-03-25,19.435441444595583
2010-03-26,0.0
2010-03-27,0.0
2010-03-28,0.0
2010-03-29,0.0
2010-03-30,0.0
2010-03-31,0.0
2010-04-01,0.0
2010-04-02,2.2845075797380603
2010-04-03,18.29889398775657
2010-04-04,1.201656474694268
2010-04-05,0.3452999390346803
2010-04-06,0.0
2010-04-07,0.0
2010-04-08,0.0
2010-04-09,0.0
2010-04-10,0.0
2010-04-11,0.06478424111596769
2010-04-12,0.06478424111596769
2010-04-13,0.06478424111596769
2010-04-14,0.06478424111596769
2010-04-15,0.06478424111596769
2010-04-16,0.0
2010-04-17,2.13453151187055
2010-04-18,3.9430216842811707
2010-04-19,1.0155957665257311
2010-04-20,0.0
2010-04-21,0.0
2010-04-22,0.0
2010-04-23,5.0304623702537885
2010-04-24,24.76290601772769
2010-04-25,0.3833753560143124
2010-04-26,0.0805319831866939
2010-04-27,0.0
2010-04-28,0.0
2010-04-29,0.0
2010-04-30,4.990290591134992
2010-05-01,19.69357665111492
2010-05-02,10.612296294127942
2010-05-03,0.0
2010-05-04,0.0
2010-05-05,0.0
2010-05-06,0.0
2010-05-07,0.3222448340922701
2010-05-08,0.0
2010-05-09,2.8634781153651088
2010-05-10,12.035511826028536
2010-05-11,0.5361645640447402
2010-05-12,0.5450899535064059
2010-05-13,0.6174795126631095
2010-05-14,2.2623281814175478
2010-05-15,58.72637552424828
2010-05-16,17.55831960397237
2010-05-17,5.726823243865183
2010-05-18,0.0012497401248652623
2010-05-19,0.06781833957882216
2010-05-20,47.76353737650756
2010-05-21,0.8535946771919186
2010-05-22,0.5507264553108674
2010-05-23,0.9025453241937743
2010-05-24,4.730620000808892
2010-05-25,7.131470303059349
2010-05-26,8.994422407831797
2010-05-27,0.28627363945118556
2010-05-28,0.13629127470350724
2010-05-29,0.007217298268717633
2010-05-30,0.03439995074668164
2010-05-31,0.273849679075825
2010-06-01,0.529950705685485
2010-06-02,0.6431486142499201
2010-06-03,2.5054076988887206
2010-06-04,1.5667757878606032
2010-06-05,0.09608861257438545
2010-06-06,0.524984105205278
2010-06-07,0.3012649675472953
2010-06-08,0.7822026990285335
2010-06-09,5.591594655614099
2010-06-10,23.292801857605824
2010-06-11,100.44280893957055
2010-06-12,0.608322634978612
2010-06-13,0.742168373277932
2010-06-14,0.6109873052280744
2010-06-15,0.05033856878744201
2010-06-16,1.5988176147080548
2010-06-17,0.5161089992781623
2010-06-18,0.0746196882835493
2010-06-19,0.1763933046441344
2010-06-20,0.25454912633718313
2010-06-21,0.0
2010-06-22,0.0
2010-06-23,0.01714900634163316
2010-06-24,1.91092692831763
2010-06-25,3.6104865132020025
2010-06-26,0.330257327852911
2010-06-27,0.3180935436549454
2010-06-28,4.540615104957205
2010-06-29,15.982451382054716
2010-06-30,0.002230701372012321
2010-07-01,0.006747611444996104
2010-07-02,0.03678886728012494
2010-07-03,0.7741881484147553
2010-07-04,0.06008069899261246
2010-07-05,0.3679747202760354
2010-07-06,1.9285026142806112
2010-07-07,7.08043204598897
2010-07-08,14.416520174437983
2010-07-09,2.2902459405761064
2010-07-10,8.054705883168863
2010-07-11,9.522680647412349
2010-07-12,2.738330596406865
2010-07-13,1.33782785853255
2010-07-14,0.06104624376163831
2010-07-15,0.0
2010-07-16,0.46296416714716776
2010-07-17,22.098556827059966
2010-07-18,0.5677962188020631
2010-07-19,2.6659705791741977
2010-07-20,0.892453534751009
2010-07-21,0.98856780153365
2010-07-22,0.2854981645934792
2010-07-23,0.3302262220478088
2010-07-24,0.03462019362001009
2010-07-25,0.09204505935443553
2010-07-26,4.930331553899152
2010-07-27,11.234872985755079
2010-07-28,24.872396841226657
2010-07-29,2.188373739136103
2010-07-30,0.02672894073444474
2010-07-31,0.0
2010-08-01,0.1790965487287517
2010-08-02,0.02947553735848301
2010-08-03,0.0012048949365906488
2010-08-04,0.002075649113943414
2010-08-05,0.015343813074983245
2010-08-06,5.977064213922937
2010-08-07,6.647016510269989
2010-08-08,7.250316029273566
2010-08-09,0.32076737399925886
2010-08-10,5.469028997057277
2010-08-11,0.6282964633355069
2010-08-12,1.2702559797868214
2010-08-13,0.10555352861746914
2010-08-14,0.2215169089729128
2010-08-15,0.44807339559635617
2010-08-16,0.00035947261200671305
2010-08-17,2.5504963524836435e-07
2010-08-18,0.0005964086282963403
2010-08-19,0.002261028201005908
2010-08-20,0.0005050651354997496
2010-08-21,1.4161941677138021
2010-08-22,7.96110440014855
2010-08-23,0.27017634869293
2010-08-24,0.0
2010-08-25,0.28790957787524607
2010-08-26,0.0
2010-08-27,0.0
2010-08-28,0.27879253046442015
2010-08-29,1.1505756077883298
2010-08-30,1.8230907227626114
2010-08-31,7.921583925413853
2010-09-01,1.1125839196988927
2010-09-02,6.186320435345704
2010-09-03,0.253724351097476
2010-09-04,0.0
2010-09-05,0.0
2010-09-06,0.00011168922032487559
2010-09-07,26.409877274351473
2010-09-08,7.627591075350533
2010-09-09,6.643883527750119
2010-09-10,0.16193629504839704
2010-09-11,7.114363603240568
2010-09-12,2.088057685919779
2010-09-13,0.0
2010-09-14,0.5757117992974599
2010-09-15,0.056685184341331046
2010-09-16,0.0
2010-09-17,0.2153528365678553
2010-09-18,2.020674613579187
2010-09-19,0.0
2010-09-20,0.0
2010-09-21,0.00040023741515862277
2010-09-22,0.1514371830259361
2010-09-23,0.031503548751062975
2010-09-24,2.879883641118511
2010-09-25,1.8153900145272643
2010-09-26,3.2539900999292093
2010-09-27,0.0
2010-09-28,0.0
2010-09-29,0.0
2010-09-30,0.0
2010-10-01,0.35375304277114056
2010-10-02,0.35375304277114056
2010-10-03,0.35375304277114056
2010-10-04,0.35375304277114056
2010-10-05,0.35375304277114056
2010-10-06,0.49265427984416604
2010-10-07,0.49265427984416604
2010-10-08,0.49265427984416604
2010-10-09,0.49265427984416604
2010-10-10,0.49265427984416604
2010-10-11,9.069747811831617
2010-10-12,0.5093661299380887
2010-10-13,0.1696971697335585
2010-10-14,0.0
2010-10-15,0.0
2010-10-16,0.0
2010-10-17,0.0
2010-10-18,0.0
2010-10-19,15.149302901331549
2010-10-20,1.2846996862385578
2010-10-21,0.0
2010-10-22,0.252330102198529
2010-10-23,0.32082563023023764
2010-10-24,25.04818666248163
2010-10-25,1.4674301739849462
2010-10-26,12.336929397493916
2010-10-27,0.0
2010-10-28,0.0
2010-10-29,0.0
2010-10-30,0.0
2010-10-31,0.0
2010-11-01,0.14918159115944202
2010-11-02,18.2217661470333
2010-11-03,6.006220386471418
2010-11-04,0.0
2010-11-05,0.0
2010-11-06,0.0
2010-11-07,0.0
2010-11-08,0.0
2010-11-09,0.0
2010-11-10,3.062388619583589
2010-11-11,0.6535751270742991
2010-11-12,0.003203621905580805
2010-11-13,7.2885907747972825
2010-11-14,0.0
2010-11-15,0.0
2010-11-16,13.844993204135736
2010-11-17,1.521949141930391
2010-11-18,3.0261752671911935
2010-11-19,0.0
2010-11-20,0.0
2010-11-21,0.05199408887120603
2010-11-22,0.7049122624039847
2010-11-23,3.0702909716683617
2010-11-24,2.02008675410064
2010-11-25,4.1044183840597315
2010-11-26,1.9622641134105154
2010-11-27,0.0
2010-11-28,0.0
2010-11-29,21.52850995551521
2010-11-30,0.5168029607410708
2010-12-01,0.12132900205361195
2010-12-02,0.12132900205361195
2010-12-03,0.12132900205361195
2010-12-04,0.12132900205361195
2010-12-05,0.12132900205361195
2010-12-06,0.0
2010-12-07,0.2834380262906045
2010-12-08,7.870028336454121
2010-12-09,0.0
2010-12-10,1.13351824203293
2010-12-11,4.083712363705997
2010-12-12,0.0
2010-12-13,0.0
2010-12-14,0.0
2010-12-15,0.8079886807755255
2010-12-16,0.06004782919790817
2010-12-17,0.2711239044711366
2010-12-18,2.167085564937434
2010-12-19,0.0
2010-12-20,0.14942021221406898
2010-12-21,0.011716124358333833
2010-12-22,0.015090632005137009
2010-12-23,0.0
2010-12-24,3.126269028200795
2010-12-25,0.9754984364232989
2010-12-26,0.0
2010-12-27,0.0
2010-12-28,0.05890805457995521
2010-12-29,27.64110210466854
2010-12-30,4.2071591753594895
2010-12-31,19.438227403012213
2011-01-01,0.000274177397042217
2011-01-02,0.0
2011-01-03,0.0
2011-01-04,0.000606836418849504
2011-01-05,1.1449262906015492
2011-01-06,0.0
2011-01-07,0.0
2011-01-08,0.0
2011-01-09,11.609687406043372
2011-01-10,9.578252259525964
2011-01-11,0.0
2011-01-12,0.0
2011-01-13,0.0
2011-01-14,0.0
2011-01-15,0.0
2011-01-16,1.4088681296553183
2011-01-17,1.768367238501553
2011-01-18,1.5823703545812111
2011-01-19,0.0
2011-01-20,8.811138620597099
2011-01-21,0.0
2011-01-22,0.0
2011-01-23,0.825643497506449
2011-01-24,0.41324465416484085
2011-01-25,1.1940687727484611e-05
2011-01-26,0.0
2011-01-27,0.0
2011-01-28,0.0
2011-01-29,0.0
2011-01-30,2.0554468779207635
2011-01-31,6.747148370199532
2011-02-01,39.78888914506878
2011-02-02,0.027620156985104678
2011-02-03,0.0
2011-02-04,8.700469453355401
2011-02-05,0.8458243053855652
2011-02-06,0.1978339743279731
2011-02-07,5.106506527574891
2011-02-08,0.0
2011-02-09,7.9991232100379985
2011-02-10,0.19555301541525244
2011-02-11,0.0
2011-02-12,0.0
2011-02-13,0.0
2011-02-14,0.0
2011-02-15,0.0
2011-02-16,0.0
2011-02-17,0.0
2011-02-18,0.0
2011-02-19,0.0
2011-02-20,0.0
2011-02-21,2.057468235870832
2011-02-22,0.022017497515541447
2011-02-23,1.037149399948898
2011-02-24,28.95407538295863
2011-02-25,3.1593808584620224
2011-02-26,0.0
2011-02-27,2.9636468865042627
2011-02-28,7.601464215181155
2011-03-01,0.0
2011-03-02,0.0
2011-03-03,0.0
2011-03-04,2.8557047907492863
2011-03-05,6.128455235217948
2011-03-06,0.0
2011-03-07,0.0
2011-03-08,23.174768555843325
2011-03-09,0.8216751539139854
2011-03-10,0.0
2011-03-11,0.0
2011-03-12,0.0
2011-03-13,0.7659206000161469
2011-03-14,8.365284381543885
2011-03-15,0.000377575964870667
2011-03-16,0.0
2011-03-17,0.0
2011-03-18,0.0
2011-03-19,0.0
2011-03-20,0.0
2011-03-21,0.0
2011-03-22,0.8522782077012783
2011-03-23,3.378400304179564
2011-03-24,0.0
2011-03-25,0.011044031775849332
2011-03-26,1.7120804764522233
2011-03-27,2.8832701710822177
2011-03-28,0.6426519257361885
2011-03-29,1.4908571117243419
2011-03-30,1.2264873433526897
2011-03-31,0.8698360750182
2011-04-01,0.5702778894725543
2011-04-02,0.0
2011-04-03,0.0
2011-04-04,11.751427283058398
2011-04-05,0.0
2011-04-06,0.0
2011-04-07,0.10427495077178474
2011-04-08,1.1361437964962133
2011-04-09,0.09331530584541456
2011-04-10,0.13365109799554897
2011-04-11,36.06819764987427
2011-04-12,0.0
2011-04-13,0.0
2011-04-14,0.19382260292362388
2011-04-15,17.924645284193378
2011-04-16,0.0
2011-04-17,0.0
2011-04-18,0.07102127252350912
2011-04-19,0.24925410573222745
2011-04-20,14.127556886864584
2011-04-21,18.515271417020767
2011-04-22,1.737414291135553
2011-04-23,3.595040234161808
2011-04-24,16.517577319621893
2011-04-25,118.36408205918647
2011-04-26,58.436325737106706
2011-04-27,32.310545766628984
2011-04-28,0.0
2011-04-29,0.0
2011-04-30,13.51187310806662
2011-05-01,57.51614356737734
2011-05-02,83.07727874227943
2011-05-03,6.512532658718336
2011-05-04,0.0
2011-05-05,0.0
2011-05-06,0.39485673104636604
2011-05-07,0.0
2011-05-08,0.0771993022890085
2011-05-09,1.8215983079383573
2011-05-10,0.24514784312018906
2011-05-11,0.050266521492773754
2011-05-12,2.176227235673311
2011-05-13,6.1988544533297825
2011-05-14,0.0
2011-05-15,0.0
2011-05-16,0.0
2011-05-17,0.0
2011-05-18,1.8055732666546336
2011-05-19,1.4821273770273131
2011-05-20,7.508415537914619
2011-05-21,87.90713143270244
2011-05-22,3.243036967663596
2011-05-23,13.987168779959905
2011-05-24,16.502929885558114
2011-05-25,3.589277318562875
2011-05-26,0.08271452733330933
2011-05-27,0.0
2011-05-28,0.14410552025133455
2011-05-29,0.6306863951412807
2011-05-30,0.16705127486954666
2011-05-31,0.0
2011-06-01,0.00018372463072338616
2011-06-02,0.0
2011-06-03,0.0
2011-06-04,0.0
2011-06-05,5.762188405717211
2011-06-06,0.8914292252658894
2011-06-07,0.08271834803105105
2011-06-08,2.4429218675227222
2011-06-09,0.0
2011-06-10,0.592438434226451
2011-06-11,2.90144971141893
2011-06-12,3.3984233789115947
2011-06-13,0.17970846865898737
2011-06-14,0.0
2011-06-15,2.9604320754276636
2011-06-16,1.351956158471917
2011-06-17,0.0
2011-06-18,0.0
2011-06-19,0.0
2011-06-20,0.008506478136125966
2011-06-21,8.230940062337933
2011-06-22,1.5226077735058625
2011-06-23,0.0013016068195128387
2011-06-24,0.25247628772775427
2011-06-25,0.0
2011-06-26,0.0
2011-06-27,0.0
2011-06-28,9.13343543625803
2011-06-29,12.075520739481723
2011-06-30,7.67145234984832
2011-07-01,7.9039611264457
2011-07-02,2.888751008545694
2011-07-03,0.34535072898726576
2011-07-04,13.906870893216428
2011-07-05,7.872087546217564
2011-07-06,0.053389033275016366
2011-07-07,0.5987651086877733
2011-07-08,0.251921172347752
2011-07-09,1.2630783502118434
2011-07-10,0.12394455537133447
2011-07-11,0.1743187011194141
2011-07-12,0.5716366059218115
2011-07-13,2.7172508754144977
2011-07-14,7.930112612189872
2011-07-15,4.925513625723098
2011-07-16,0.07907209713109568
2011-07-17,0.0532472192358927
2011-07-18,0.11045118263359563
2011-07-19,0.0034093570443982017
2011-07-20,1.876789617522183e-05
2011-07-21,0.12723685190413417
2011-07-22,0.6812313652465167
2011-07-23,0.6812582327530184
2011-07-24,11.159636826782982
2011-07-25,2.035204546463262
2011-07-26,2.0782745558649096
2011-07-27,0.04909309257924271
2011-07-28,0.476167202476364
2011-07-29,6.6098332816777186
2011-07-30,0.6867734977139555
2011-07-31,1.6337427626488625
2011-08-01,0.28143858849335984
2011-08-02,0.07724114695307274
2011-08-03,1.6420063583812734
2011-08-04,9.261317371096931
2011-08-05,1.6489424025531727
2011-08-06,0.17958048921956132
2011-08-07,3.6231160782357232
2011-08-08,0.1340125140125505
2011-08-09,3.334720247289255
2011-08-10,1.3851155695368491
2011-08-11,11.012485414720643
2011-08-12,1.0095383070930546
2011-08-13,26.361954813290676
2011-08-14,0.018313159236799038
2011-08-15,0.1757003051267657
2011-08-16,0.2510275089300493
2011-08-17,1.7621174481719495
2011-08-18,0.7806777468160966
2011-08-19,0.13868003996978467
2011-08-20,4.2039625795536955
2011-08-21,2.498721668377471
2011-08-22,5.116514295294183
2011-08-23,1.575283004446428
2011-08-24,5.57763863759859
2011-08-25,0.03402932502842861
2011-08-26,0.023495870949908234
2011-08-27,0.0
2011-08-28,0.11507144495230019
2011-08-29,2.7357361886950624
2011-08-30,0.0
2011-08-31,4.189165947044333
2011-09-01,0.0
2011-09-02,0.1349436143471534
2011-09-03,0.00121208004832664
2011-09-04,1.1285051302693112
2011-09-05,0.39437404315210106
2011-09-06,0.0
2011-09-07,0.0
2011-09-08,0.0
2011-09-09,0.0
2011-09-10,1.0488507996300147
2011-09-11,0.038744141104661775
2011-09-12,0.0
2011-09-13,0.007501311292023629
2011-09-14,0.6946902405606925
2011-09-15,0.9838293371790213
2011-09-16,13.302045459791268
2011-09-17,11.945588987331838
2011-09-18,7.456488442524125
2011-09-19,28.543593590557904
2011-09-20,0.002490173967824639
2011-09-21,0.13717700940977368
2011-09-22,16.507363202066088
2011-09-23,4.084892110448765
2011-09-24,0.42071956804178434
2011-09-25,0.7133399005360714
2011-09-26,0.03632144724135248
2011-09-27,1.8705826813327802
2011-09-28,0.03632144724135248
2011-09-29,0.03632144724135248
2011-09-30,0.03632144724135248
2011-10-01,0.35661226446728056
2011-10-02,0.35661226446728056
2011-10-03,0.35661226446728056
2011-10-04,0.35661226446728056
2011-10-05,0.35661226446728056
2011-10-06,6.954628616706857e-05
2011-10-07,0.0
2011-10-08,0.0
2011-10-09,0.0
2011-10-10,2.8356677476798358
2011-10-11,0.7200375342115506
2011-10-12,5.275551289583344
2011-10-13,0.0003538084415002542
2011-10-14,0.0
2011-10-15,0.0
2011-10-16,0.0
2011-10-17,0.0
2011-10-18,18.526290143568122
2011-10-19,0.0
2011-10-20,0.0
2011-10-21,0.0
2011-10-22,0.09114818742259483
2011-10-23,32.47017100474604
2011-10-24,0.0
2011-10-25,0.0
2011-10-26,0.12425625162885653
2011-10-27,3.5259006739103054
2011-10-28,7.116523855553566
2011-10-29,0.0
2011-10-30,0.0
2011-10-31,0.0
2011-11-01,0.0
2011-11-02,0.0129714394989406
2011-11-03,7.088247065479287
2011-11-04,0.0
2011-11-05,0.017034316278078204
2011-11-06,0.9029601763483307
2011-11-07,1.4482647349635942
2011-11-08,14.731792385291818
2011-11-09,12.348192676328683
2011-11-10,0.0
2011-11-11,0.0
2011-11-12,0.0
2011-11-13,0.23101538634043586
2011-11-14,5.260978167863224
2011-11-15,60.35415225443697
2011-11-16,33.93522938651573
2011-11-17,0.8784764923713326
2011-11-18,0.0
2011-11-19,0.6130909727517091
2011-11-20,11.30842767440122
2011-11-21,112.08063818473175
2011-11-22,37.38219370213919
2011-11-23,0.0
2011-11-24,0.0
2011-11-25,0.003685217189292337
2011-11-26,14.097184921386019
2011-11-27,0.9324154884224852
2011-11-28,9.697897152545619e-05
2011-11-29,0.0
2011-11-30,0.0
2011-12-01,0.0
2011-12-02,0.12354601297333957
2011-12-03,1.2562589858838105
2011-12-04,51.130981391697446
2011-12-05,40.23114161378859
2011-12-06,3.662243425680112
2011-12-07,1.0990738751739193
2011-12-08,0.0
2011-12-09,0.0
2011-12-10,0.0
2011-12-11,0.0
2011-12-12,0.0
2011-12-13,1.7708939127434387
2011-12-14,2.9493643368022644
2011-12-15,27.711613818275573
2011-12-16,35.293778029505624
2011-12-17,0.0
2011-12-18,0.008004089621127537
2011-12-19,0.0
2011-12-20,18.621683133977598
2011-12-21,0.0030752093884598977
2011-12-22,6.526755681157639
2011-12-23,0.40978381722379653
2011-12-24,0.15137459315020185
2011-12-25,0.5875388011518071
2011-12-26,14.001438421718186
2011-12-27,1.7327211117005983
2011-12-28,0.0
2011-12-29,0.0
2011-12-30,0.0
2011-12-31,0.05288922051681337
2012-01-01,0.4982497791021465
2012-01-02,0.0
2012-01-03,0.0
2012-01-04,0.0
2012-01-05,0.0
2012-01-06,0.08185233948367152
2012-01-07,0.34552098563463435
2012-01-08,2.0282223914888675
2012-01-09,1.0675756806124794
2012-01-10,15.046936187038307
2012-01-11,0.0
2012-01-12,0.0
2012-01-13,0.0
2012-01-14,0.0
2012-01-15,0.0
2012-01-16,0.0007757782475662231
2012-01-17,0.0017272512285016037
2012-01-18,0.0
2012-01-19,0.0
2012-01-20,0.0005673199827100013
2012-01-21,1.3468662162521159
2012-01-22,4.976711541031894
2012-01-23,0.5878955905103826
2012-01-24,0.0
2012-01-25,59.54619929723894
2012-01-26,20.707430860564013
2012-01-27,0.0007488638236894249
2012-01-28,6.418712028293727e-05
2012-01-29,0.0
2012-01-30,0.0
2012-01-31,2.0708001753201533
2012-02-01,5.892510503905254
2012-02-02,0.021399846340941952
2012-02-03,26.46994716107777
2012-02-04,22.209983132791997
2012-02-05,0.0
2012-02-06,8.654905441826116e-05
2012-02-07,0.887475653164633
2012-02-08,0.028719353324751878
2012-02-09,0.005098182446946954
2012-02-10,3.2066804943712484
2012-02-11,0.0
2012-02-12,0.0
2012-02-13,0.8916938460227551
2012-02-14,0.050804946894046535
2012-02-15,0.9886558690444452
2012-02-16,0.3955831941904169
2012-02-17,0.8913398557907819
2012-02-18,3.2757476522366282
2012-02-19,21.363466854905603
2012-02-20,0.0
2012-02-21,0.2299786254791633
2012-02-22,0.5678118622246268
2012-02-23,0.0
2012-02-24,0.0
2012-02-25,0.0
2012-02-26,0.0
2012-02-27,0.0003039576814590907
2012-02-28,0.02337563516869978
2012-02-29,0.18855809831826345
2012-03-01,0.0
2012-03-02,0.0
2012-03-03,0.0
2012-03-04,0.0
2012-03-05,0.0
2012-03-06,0.0
2012-03-07,0.6521902973763473
2012-03-08,42.58367364352276
2012-03-09,12.41409719112094
2012-03-10,0.0
2012-03-11,30.594315960333766
2012-03-12,3.4401249657222106
2012-03-13,0.009368836181435415
2012-03-14,0.05424053406788107
2012-03-15,0.7024296414203272
2012-03-16,1.1799522316083244
2012-03-17,0.16301205157573906
2012-03-18,0.3929354710782642
2012-03-19,1.8081744619020512
2012-03-20,17.707183509178346
2012-03-21,63.92724320110158
2012-03-22,0.08747739149943524
2012-03-23,11.113899678133885
2012-03-24,0.0
2012-03-25,0.0
2012-03-26,0.0
2012-03-27,0.0
2012-03-28,0.0
2012-03-29,0.0
2012-03-30,0.0
2012-03-31,0.0
2012-04-01,0.0332150342942466
2012-04-02,0.22770892856750996
2012-04-03,22.77961344608367
2012-04-04,9.543792114545788
2012-04-05,0.9757926414525063
2012-04-06,0.001394996386481479
2012-04-07,0.0
2012-04-08,3.441148693177509
2012-04-09,0.8649785085165269
2012-04-10,3.4742340608078517
2012-04-11,2.7404733546508444
2012-04-12,0.00745285299405085
2012-04-13,0.8966688780340236
2012-04-14,1.107828891444607
2012-04-15,11.475132534991204
2012-04-16,12.012762201871057
2012-04-17,0.007777460090115931
2012-04-18,0.0
2012-04-19,0.0
2012-04-20,12.090642787648719
2012-04-21,6.802198209492382
2012-04-22,0.0
2012-04-23,0.0
2012-04-24,0.0
2012-04-25,0.021790306645940873
2012-04-26,0.09161897205849504
2012-04-27,0.34360014451691423
2012-04-28,0.4996538031872497
2012-04-29,0.45044406593159736
2012-04-30,16.286376085160924
2012-05-01,4.436085699073243
2012-05-02,4.197696078007069
2012-05-03,6.752351416273097
2012-05-04,0.0
2012-05-05,5.926535665703314
2012-05-06,0.15338147243456499
2012-05-07,24.275304623381828
2012-05-08,0.9961017569915589
2012-05-09,0.04769519941068089
2012-05-10,0.0
2012-05-11,2.3086074063046365
2012-05-12,14.388353184250368
2012-05-13,0.0
2012-05-14,1.2657534477467225
2012-05-15,0.07025004029162828
2012-05-16,0.0
2012-05-17,0.0
2012-05-18,0.0
2012-05-19,0.0
2012-05-20,0.7991537373928341
2012-05-21,0.4886234212953904
2012-05-22,0.0
2012-05-23,0.010063201779026509
2012-05-24,0.029118007611870406
2012-05-25,0.8497015257005521
2012-05-26,0.0007109585415096305
2012-05-27,0.0
2012-05-28,0.0
2012-05-29,1.004804177521674
2012-05-30,2.331868810608241
2012-05-31,2.107723922247913
2012-06-01,0.11128022792293929
2012-06-02,6.388728835012008
2012-06-03,0.24951104877441618
2012-06-04,2.1391409166732007
2012-06-05,0.13446555529576712
2012-06-06,0.035258882116237976
2012-06-07,0.0
2012-06-08,0.0
2012-06-09,0.010901784157916693
2012-06-10,0.062171065637125066
2012-06-11,0.251207658140585
2012-06-12,32.191891317790294
2012-06-13,0.022705281580074937
2012-06-14,0.6016283565705908
2012-06-15,13.875513536394216
2012-06-16,2.2669430679161326
2012-06-17,3.014545295383823
2012-06-18,1.9157936592334743
2012-06-19,18.355488801994078
2012-06-20,0.6513032580722107
2012-06-21,0.0
2012-06-22,0.382506391412522
2012-06-23,0.0
2012-06-24,0.0
2012-06-25,0.3389913727331188
2012-06-26,0.10113938974410468
2012-06-27,0.0
2012-06-28,0.0
2012-06-29,0.033883836690013464
2012-06-30,0.015407128307810249
2012-07-01,0.13491760666348257
2012-07-02,0.0679292799778732
2012-07-03,0.008442327756034065
2012-07-04,0.0792075024663169
2012-07-05,0.012328289953763552
2012-07-06,2.0585428712103466
2012-07-07,4.490907678385659
2012-07-08,5.350472246029565
2012-07-09,7.727271753493908
2012-07-10,10.893702004605112
2012-07-11,0.7067968453303926
2012-07-12,0.4277830880374632
2012-07-13,0.3255041422226691
2012-07-14,0.15988588380284274
2012-07-15,0.9482051435256877
2012-07-16,1.8999781335788695
2012-07-17,0.3843740848189887
2012-07-18,0.33158638083863307
2012-07-19,0.02036506114864866
2012-07-20,0.06968409329050976
2012-07-21,0.09800508176843595
2012-07-22,0.2778083158013493
2012-07-23,0.3459261804304442
2012-07-24,0.0801777915750271
2012-07-25,0.06784043434820945
2012-07-26,1.942317066967564
2012-07-27,32.628920003540614
2012-07-28,0.0
2012-07-29,0.5953992618591962
2012-07-30,0.0
2012-07-31,0.056592388847421654
2012-08-01,0.3450223098044673
2012-08-02,0.021273108554689765
2012-08-03,1.734382353487377
2012-08-04,1.8601616572910165
2012-08-05,2.9282889056893557
2012-08-06,5.3222779569958005
2012-08-07,6.245838218831365
2012-08-08,5.971644054773885
2012-08-09,10.531483778047544
2012-08-10,0.00019353067913619685
2012-08-11,0.0
2012-08-12,0.1925692230508927
2012-08-13,0.0032075669354622964
2012-08-14,0.0
2012-08-15,10.131831039465363
2012-08-16,9.87235776652688
2012-08-17,11.639355639109784
2012-08-18,26.214181221618546
2012-08-19,35.52979715137972
2012-08-20,0.32223077632935254
2012-08-21,0.0
2012-08-22,0.0
2012-08-23,0.0
2012-08-24,0.06168781137612617
2012-08-25,0.4718970004427459
2012-08-26,0.7169348297434738
2012-08-27,0.11099896611079979
2012-08-28,0.17354046100256632
2012-08-29,0.0007716716717902327
2012-08-30,1.2628975227912078
2012-08-31,5.101268966494344
2012-09-01,1.4972720830963062
2012-09-02,4.447399940421211
2012-09-03,0.0
2012-09-04,0.0
2012-09-05,0.17111830018723753
2012-09-06,1.610759994298404
2012-09-07,0.38754289254493507
2012-09-08,25.989801049199205
2012-09-09,0.0
2012-09-10,0.0
2012-09-11,0.0
2012-09-12,0.0004978834254710667
2012-09-13,0.8161791210872869
2012-09-14,6.468675237973415
2012-09-15,13.391882517189414
2012-09-16,16.89050339104358
2012-09-17,40.50519011653127
2012-09-18,1.1641715446955208
2012-09-19,0.0
2012-09-20,0.0
2012-09-21,0.0
2012-09-22,0.04351753051602032
2012-09-23,0.7412787263510942
2012-09-24,1.7889065921669196
2012-09-25,0.014993411839988022
2012-09-26,0.028697514174354198
2012-09-27,1.070318370252197
2012-09-28,0.3968971901485864
2012-09-29,11.199043687022604
2012-09-30,15.7918385852373
2012-10-01,0.2831656033893956
2012-10-02,0.00938686808035051
2012-10-03,0.08945807911576123
2012-10-04,0.0
2012-10-05,3.2876262253185975
2012-10-06,5.716822210104021
2012-10-07,0.17110084172069745
2012-10-08,0.06032217794240215
2012-10-09,0.02316925538134967
2012-10-10,0.09542888777178059
2012-10-11,0.7217606419275091
2012-10-12,4.049639711245608
2012-10-13,0.9414808687379604
2012-10-14,38.78476753038754
2012-10-15,0.0
2012-10-16,0.0
2012-10-17,2.6472244557847233
2012-10-18,0.13010600089207494
2012-10-19,0.0
2012-10-20,0.0
2012-10-21,0.06169869803813994
2012-10-22,1.7337011418917447
2012-10-23,0.014148687744150156
2012-10-24,0.0012958929951198983
2012-10-25,3.2194675516660403
2012-10-26,17.814323072219324
2012-10-27,0.0
2012-10-28,0.0
2012-10-29,0.0
2012-10-30,0.0
2012-10-31,0.0
2012-11-01,0.0
2012-11-02,0.0
2012-11-03,0.046316452136973274
2012-11-04,6.442299719566583
2012-11-05,0.6738918483300157
2012-11-06,0.0
2012-11-07,0.0
2012-11-08,0.0
2012-11-09,0.004668585231120322
2012-11-10,2.89329212365334
2012-11-11,17.86348326683816
2012-11-12,6.777755248428861
2012-11-13,0.0
2012-11-14,0.07075678787643468
2012-11-15,0.0
2012-11-16,0.0
2012-11-17,0.0
2012-11-18,0.0
2012-11-19,1.7611166171635655
2012-11-20,0.1855164373252161
2012-11-21,0.0
2012-11-22,0.1329337291190587
2012-11-23,8.288253071365768
2012-11-24,0.0
2012-11-25,0.0
2012-11-26,0.4632576771935355
2012-11-27,0.8718428873313535
2012-11-28,0.0
2012-11-29,0.0
2012-11-30,0.003999496860980004
2012-12-01,0.7187539300122661
2012-12-02,1.0685222859541357
2012-12-03,2.6502722276127346
2012-12-04,8.845381890786546
2012-12-05,0.010657601431751521
2012-12-06,0.2279737190438438
2012-12-07,1.3664190543244517
2012-12-08,2.129919666546344
2012-12-09,8.40593928015181
2012-12-10,0.3514423966965572
2012-12-11,0.0
2012-12-12,0.0
2012-12-13,0.0
2012-12-14,0.2663345425381363
2012-12-15,12.340548648501244
2012-12-16,0.0
2012-12-17,0.27135588594146987
2012-12-18,0.0
2012-12-19,2.282843085488141
2012-12-20,19.69532288490504
2012-12-21,0.0
2012-12-22,0.0
2012-12-23,0.13732743572530146
2012-12-24,0.009384401650849342
2012-12-25,15.675176455467367
2012-12-26,18.068378207160386
2012-12-27,0.00012934905557371678
2012-12-28,6.916329215217369
2012-12-29,0.009779453641870077
2012-12-30,0.0
2012-12-31,12.936329326937413
2013-01-01,5.099888635198432
2013-01-02,0.16725327599208534
2013-01-03,0.0
2013-01-04,0.0
2013-01-05,0.2569898687894611
2013-01-06,8.897132279919314e-05
2013-01-07,0.0
2013-01-08,0.09474277172947845
2013-01-09,13.521231908801392
2013-01-10,29.676738419521545
2013-01-11,0.001246341682318366
2013-01-12,32.57117996361017
2013-01-13,25.74886772720917
2013-01-14,0.012986920841039355
2013-01-15,1.9480698828387883
2013-01-16,0.0
2013-01-17,0.0
2013-01-18,0.0
2013-01-19,0.0
2013-01-20,0.0
2013-01-21,0.09554286997326165
2013-01-22,0.0
2013-01-23,0.000708338226479832
2013-01-24,0.049033157521227166
2013-01-25,0.8327487309409322
2013-01-26,1.7836180957082808
2013-01-27,0.9707649893687186
2013-01-28,3.0807148426104134
2013-01-29,7.753949087751811
2013-01-30,19.09311610751641
2013-01-31,0.0
2013-02-01,0.0
2013-02-02,0.0001052449891880966
2013-02-03,0.0
2013-02-04,0.003449884960058263
2013-02-05,1.8675674278206058e-05
2013-02-06,0.49338614547506565
2013-02-07,2.7326680857986245
2013-02-08,2.655649702185077
2013-02-09,0.8987577195256732
2013-02-10,16.383521146556234
2013-02-11,0.0
2013-02-12,14.643017403605391
2013-02-13,3.201920870504068
2013-02-14,0.0
2013-02-15,2.104725477390408
2013-02-16,0.0013402856129888403
2013-02-17,0.0
2013-02-18,9.810430026640685
2013-02-19,0.5242384626896295
2013-02-20,10.235455687636447
2013-02-21,17.99795953196905
2013-02-22,0.024230882093764186
2013-02-23,0.0005640860826144555
2013-02-24,0.0
2013-02-25,27.700962887768213
2013-02-26,0.20691369888453856
2013-02-27,0.014561911091522887
2013-02-28,0.0
2013-03-01,0.0022839909409012676
2013-03-02,0.0008411283000483048
2013-03-03,0.0
2013-03-04,0.35697925350571996
2013-03-05,1.0004147241723436
2013-03-06,0.0
2013-03-07,0.0
2013-03-08,0.0
2013-03-09,1.852005175053219
2013-03-10,16.852995477178332
2013-03-11,0.0
2013-03-12,0.0
2013-03-13,0.0
2013-03-14,0.0
2013-03-15,0.0
2013-03-16,0.0
2013-03-17,0.8084059189788246
2013-03-18,5.236040698988061
2013-03-19,0.0
2013-03-20,0.0
2013-03-21,1.869771522925704
2013-03-22,24.026990754718717
2013-03-23,2.2230625444910275
2013-03-24,2.6634753146037533
2013-03-25,0.0
2013-03-26,0.0
2013-03-27,0.0
2013-03-28,0.17122813865130446
2013-03-29,9.884012442973077
2013-03-30,23.5488540884375
2013-03-31,5.280364508856991
2013-04-01,0.030861676450292478
2013-04-02,10.234269040514436
2013-04-03,30.298439755237418
2013-04-04,40.00935462297217
2013-04-05,0.21321734419536242
2013-04-06,0.0
2013-04-07,0.08267764801274863
2013-04-08,0.4128526276278999
2013-04-09,0.3476456095060713
2013-04-10,15.810010233551845
2013-04-11,9.341813048071588
2013-04-12,0.0
2013-04-13,0.3116814069849418
2013-04-14,0.0
2013-04-15,0.042003701906421095
2013-04-16,0.9386013644026486
2013-04-17,1.479483169068517
2013-04-18,19.571142752844395
2013-04-19,0.0
2013-04-20,0.0
2013-04-21,0.18658396989312342
2013-04-22,0.0
2013-04-23,0.16551871889105918
2013-04-24,9.115967328599911
2013-04-25,0.0
2013-04-26,7.345861226440937
2013-04-27,9.204471650610166
2013-04-28,0.005116482806515998
2013-04-29,0.030387312493319597
2013-04-30,0.0
2013-05-01,0.0
2013-05-02,0.0
2013-05-03,0.0
2013-05-04,0.0
2013-05-05,0.0
2013-05-06,0.0347078075911234
2013-05-07,0.0006640220812907398
2013-05-08,0.5418541353085075
2013-05-09,0.47307143207490815
2013-05-10,14.765882918618008
2013-05-11,0.004497711127184339
2013-05-12,0.0
2013-05-13,0.0
2013-05-14,0.0
2013-05-15,3.4856034407449306
2013-05-16,22.10138414914873
2013-05-17,4.21936160410143
2013-05-18,0.05898928719258207
2013-05-19,0.0034637507692908552
2013-05-20,0.9294719000522925
2013-05-21,44.94683994170869
2013-05-22,31.10957035027035
2013-05-23,0.04977066573553426
2013-05-24,0.015088480476883059
2013-05-25,0.023231233681349953
2013-05-26,9.071673048790792
2013-05-27,0.6884536274104526
2013-05-28,0.0739539797586072
2013-05-29,0.5634806001934463
2013-05-30,36.3065095016876
2013-05-31,60.36282449260146
2013-06-01,74.29023496962738
2013-06-02,0.27613875515738956
2013-06-03,0.0
2013-06-04,0.1594208659085163
2013-06-05,13.196019201407257
2013-06-06,3.851556838825633
2013-06-07,0.005559836851127505
2013-06-08,0.0
2013-06-09,9.002178084198173
2013-06-10,0.00015395142105680963
2013-06-11,0.0
2013-06-12,0.0032621098782193484
2013-06-13,0.0690836078371824
2013-06-14,0.9359208995392607
2013-06-15,0.0
2013-06-16,18.56177194722428
2013-06-17,20.275390521108516
2013-06-18,4.335921350821515
2013-06-19,0.0
2013-06-20,0.5719764542539176
2013-06-21,0.35960594479643554
2013-06-22,0.2969117748468194
2013-06-23,0.15458808730493537
2013-06-24,0.07003638123692697
2013-06-25,0.07429146153624816
2013-06-26,0.0
2013-06-27,0.008043974416181399
2013-06-28,1.1191223477682417
2013-06-29,0.0
2013-06-30,0.009883621486065789
2013-07-01,0.19719345339943997
2013-07-02,0.005664813908487467
2013-07-03,0.0008698087287640452
2013-07-04,0.013305867609566317
2013-07-05,0.00027431680877115756
2013-07-06,0.0
2013-07-07,0.0
2013-07-08,0.8441414281916597
2013-07-09,0.11114604160804432
2013-07-10,4.386826721491447
2013-07-11,0.789918520725284
2013-07-12,0.21445912743266587
2013-07-13,0.0
2013-07-14,0.004162438617271618
2013-07-15,12.202572378914113
2013-07-16,3.4839367745259358
2013-07-17,1.26978011950769
2013-07-18,0.08319075553249747
2013-07-19,15.245788246146061
2013-07-20,6.782174480924124
2013-07-21,18.289600989461213
2013-07-22,17.945119851856678
2013-07-23,19.65035269083107
2013-07-24,8.525794457806473
2013-07-25,10.484210368928986
2013-07-26,12.157566593402626
2013-07-27,54.856705375566534
2013-07-28,0.08673243841219506
2013-07-29,1.2631560145841385
2013-07-30,0.4844387350883283
2013-07-31,8.477049609121542
2013-08-01,3.1103913503722005
2013-08-02,0.30851882404735986
2013-08-03,0.38345902166031565
2013-08-04,1.8213188219267151
2013-08-05,0.7745354142317664
2013-08-06,0.13004055973786988
2013-08-07,0.07225295089599576
2013-08-08,0.23752208891152982
2013-08-09,0.21370990330148865
2013-08-10,1.1699962203861698
2013-08-11,2.0180045317497175
2013-08-12,4.811343704548979
2013-08-13,31.85771278551409
2013-08-14,0.9504076144166386
2013-08-15,0.0
2013-08-16,0.3489831163074569
2013-08-17,0.6148907962349761
2013-08-18,0.9499756708921888
2013-08-19,0.0008873804313964776
2013-08-20,0.012704194382876092
2013-08-21,0.0
2013-08-22,0.0
2013-08-23,0.0
2013-08-24,0.0
2013-08-25,0.0
2013-08-26,0.022994144080048396
2013-08-27,0.1345744018126936
2013-08-28,0.004640786867563206
2013-08-29,0.0
2013-08-30,0.0017748113127008728
2013-08-31,0.8205313958096841
2013-09-01,3.587222643503402
2013-09-02,10.607625961458155
2013-09-03,0.0002772313793159664
2013-09-04,0.0
2013-09-05,0.0
2013-09-06,0.0
2013-09-07,0.16400663450132713
2013-09-08,0.0
2013-09-09,0.0
2013-09-10,0.904169442672597
2013-09-11,1.8633933065371096
2013-09-12,5.525950736047418
2013-09-13,3.811410696017078
2013-09-14,0.0
2013-09-15,0.0
2013-09-16,0.0
2013-09-17,0.002089550709619308
2013-09-18,0.32072122102072187
2013-09-19,0.6784045612571593
2013-09-20,34.85495311068338
2013-09-21,21.180226917265312
2013-09-22,0.0
2013-09-23,0.0
2013-09-24,0.0007837800836603883
2013-09-25,0.0
2013-09-26,0.0
2013-09-27,0.0
2013-09-28,0.675350220953717
2013-09-29,25.08756787210503
2013-09-30,9.766314690974957
2013-10-01,0.298568540830746
2013-10-02,1.70055534709177
2013-10-03,0.5827138030694262
2013-10-04,0.11906568802685305
2013-10-05,0.9377355120526532
2013-10-06,8.909937235703252
2013-10-07,0.0
2013-10-08,0.0
2013-10-09,0.0
2013-10-10,0.0
2013-10-11,0.04274699174131077
2013-10-12,4.525897142082617
2013-10-13,3.0675419323501725
2013-10-14,0.780310538974046
2013-10-15,29.4817919257199
2013-10-16,34.7923566755324
2013-10-17,0.007498305928658775
2013-10-18,5.207642378294654
2013-10-19,3.0996551208306227
2013-10-20,0.0
2013-10-21,0.6418763964673504
2013-10-22,8.660138354739168
2013-10-23,0.0
2013-10-24,0.0
2013-10-25,0.0
2013-10-26,5.140715222470974
2013-10-27,11.613832520129181
2013-10-28,1.0865537368424785
2013-10-29,0.5875264904231414
2013-10-30,10.863021078444229
2013-10-31,44.27169469687788
2013-11-01,0.0
2013-11-02,0.06610314931050534
2013-11-03,0.0
2013-11-04,5.167095665590543
2013-11-05,10.643040718143995
2013-11-06,30.468376556812643
2013-11-07,0.0
2013-11-08,0.0
2013-11-09,5.074873569279926
2013-11-10,0.0695407406299685
2013-11-11,0.0
2013-11-12,0.33203662475467527
2013-11-13,0.0
2013-11-14,0.0
2013-11-15,3.6758879144459304
2013-11-16,0.19640123413804172
2013-11-17,9.813523655977967
2013-11-18,0.0
2013-11-19,0.0
2013-11-20,0.0
2013-11-21,9.508699923763597
2013-11-22,39.256850203303465
2013-11-23,22.913374324899706
2013-11-24,0.09307335846493489
2013-11-25,19.587805384582573
2013-11-26,11.822280288362505
2013-11-27,0.0
2013-11-28,0.0
2013-11-29,0.0
2013-11-30,0.0
2013-12-01,0.07848472930216663
2013-12-02,0.49272678371332096
2013-12-03,0.20739423372100263
2013-12-04,0.025071605304277322
2013-12-05,1.886991747125249
2013-12-06,52.57028850249575
2013-12-07,0.027611743856675575
2013-12-08,0.9948708692479081
2013-12-09,0.4151366184430816
2013-12-10,0.9931165972826012
2013-12-11,0.0
2013-12-12,0.0
2013-12-13,4.605644671484453
2013-12-14,4.40645662537278
2013-12-15,0.0
2013-12-16,0.0
2013-12-17,0.0
2013-12-18,0.0
2013-12-19,0.19584270382712296
2013-12-20,4.805380901183847
2013-12-21,62.89846415126142
2013-12-22,0.029135463547841876
2013-12-23,0.0
2013-12-24,0.0
2013-12-25,0.0
2013-12-26,0.0
2013-12-27,0.0
2013-12-28,0.005374633114851084
2013-12-29,1.1766263398572854
2013-12-30,3.0187901644149995
2013-12-31,0.0
2014-01-01,0.00017217055481776836
2014-01-02,0.2616835136366209
2014-01-03,0.0
2014-01-04,0.0009925965418775217
2014-01-05,4.298317853552521
2014-01-06,0.0
2014-01-07,0.0
2014-01-08,3.2923933448252702
2014-01-09,9.05940442476107
2014-01-10,29.45950767646696
2014-01-11,5.4391248409887964
2014-01-12,0.0
2014-01-13,1.4906499200717453
2014-01-14,0.02587323051059658
2014-01-15,0.0
2014-01-16,0.0
2014-01-17,0.0
2014-01-18,0.0
2014-01-19,0.0
2014-01-20,0.0
2014-01-21,0.0
2014-01-22,0.0
2014-01-23,0.0
2014-01-24,0.0
2014-01-25,0.0
2014-01-26,0.0
2014-01-27,0.0
2014-01-28,0.6198607763606001
2014-01-29,0.0
2014-01-30,0.0
2014-01-31,4.802215968036638
2014-02-01,3.7825714658912624
2014-02-02,25.250858980494794
2014-02-03,1.7522701723199612
2014-02-04,15.48174943513937
2014-02-05,0.05267135477595434
2014-02-06,0.0884945828735417
2014-02-07,0.36772491905491544
2014-02-08,0.9143737567020976
2014-02-09,0.0676613145989734
2014-02-10,0.4946009453380945
2014-02-11,4.270182735656284
2014-02-12,0.050378067705576415
2014-02-13,0.0
2014-02-14,0.7401928890239975
2014-02-15,0.0
2014-02-16,0.0
2014-02-17,0.4399410438503138
2014-02-18,0.0
2014-02-19,0.44303676496500566
2014-02-20,0.32302233450977874
2014-02-21,0.0
2014-02-22,0.0
2014-02-23,0.0
2014-02-24,0.0
2014-02-25,0.0
2014-02-26,0.35992809395529696
2014-02-27,0.0
2014-02-28,0.709878008022343
2014-03-01,1.1678883677308558
2014-03-02,43.295885516196655
2014-03-03,12.722949460294252
2014-03-04,0.0
2014-03-05,0.0030015977231931286
2014-03-06,0.6840493024285134
2014-03-07,0.0
2014-03-08,0.6518048739565026
2014-03-09,1.5223331779714255
2014-03-10,0.016970227736744278
2014-03-11,0.02103925984200235
2014-03-12,0.06844142087845743
2014-03-13,0.0
2014-03-14,0.9135370947701406
2014-03-15,9.37666128417249
2014-03-16,5.580546197092283
2014-03-17,0.01124307454095998
2014-03-18,0.0
2014-03-19,0.0007466086750864116
2014-03-20,0.0
2014-03-21,0.0
2014-03-22,8.844270750877167
2014-03-23,26.172226558276353
2014-03-24,0.0
2014-03-25,0.002665605360238202
2014-03-26,0.7314310349965282
2014-03-27,2.182901013669876
2014-03-28,15.479707862989002
2014-03-29,3.133050755552865
2014-03-30,0.0
2014-03-31,4.916101137295549
2014-04-01,0.22033954181866344
2014-04-02,1.0022205829072046
2014-04-03,7.193170300421611
2014-04-04,17.010243471999186
2014-04-05,0.0
2014-04-06,10.678976471690882
2014-04-07,8.288103567909785
2014-04-08,3.3574022524415574
2014-04-09,0.03046396571295719
2014-04-10,0.0
2014-04-11,0.2814974642697202
2014-04-12,0.04019189226769854
2014-04-13,26.26464784622883
2014-04-14,31.088727079903116
2014-04-15,0.0
2014-04-16,0.0
2014-04-17,0.10561883488641832
2014-04-18,0.14138215967177978
2014-04-19,0.0011556558641391652
2014-04-20,0.029915370292590004
2014-04-21,8.767577809341997
2014-04-22,7.147865487039338
2014-04-23,0.0
2014-04-24,2.8524073786397666
2014-04-25,1.0052627297476253
2014-04-26,0.009146718997737148
2014-04-27,10.52395005075215
2014-04-28,3.3977908144377524
2014-04-29,0.2616898993928058
2014-04-30,0.0
2014-05-01,0.0
2014-05-02,0.0
2014-05-03,0.0
2014-05-04,0.0
2014-05-05,0.0
2014-05-06,0.0
2014-05-07,0.022965164640914453
2014-05-08,20.619750057760864
2014-05-09,36.79109275961234
2014-05-10,5.900564989414353
2014-05-11,5.165961749494159
2014-05-12,14.294573718651346
2014-05-13,27.27988314513054
2014-05-14,29.508561975497106
2014-05-15,1.1801673573764082
2014-05-16,0.5054043972359581
2014-05-17,0.18919462807442552
2014-05-18,0.8675747230381181
2014-05-19,0.0
2014-05-20,0.03579899487385829
2014-05-21,0.0023309493944932034
2014-05-22,0.0
2014-05-23,0.42039371037160966
2014-05-24,1.1322774348758746
2014-05-25,1.6628800300800168
2014-05-26,0.018711798809239788
2014-05-27,36.011980620780726
2014-05-28,13.17534626997297
2014-05-29,4.6779908382129225
2014-05-30,5.477730523376038
2014-05-31,9.478743653272799
2014-06-01,6.2430381680281615
2014-06-02,4.979665534604801
2014-06-03,0.7028482332884446
2014-06-04,0.48698098475726576
2014-06-05,1.7724958762205718
2014-06-06,1.805811626079074
2014-06-07,4.9239316757395555
2014-06-08,26.010202417472712
2014-06-09,42.40821226006584
2014-06-10,1.381613894656171
2014-06-11,0.0073627488854817276
2014-06-12,2.8859455130822944
2014-06-13,2.2530590320412585
2014-06-14,0.3649488892320628
2014-06-15,0.13888891480917617
2014-06-16,0.6130040353841208
2014-06-17,4.658388334466913
2014-06-18,0.6368638951212575
2014-06-19,0.2542189547075946
2014-06-20,0.06939299410514273
2014-06-21,0.07946854120267141
2014-06-22,2.3307416321380505
2014-06-23,12.085718272028613
2014-06-24,10.215360915089246
2014-06-25,3.959385181182387
2014-06-26,3.681726451437354
2014-06-27,1.8818053934734127
2014-06-28,2.2010892663285304
2014-06-29,1.6532790083955535
2014-06-30,0.0035230707274996258
2014-07-01,1.2456426059089323
2014-07-02,2.187439272577876
2014-07-03,0.001811827123883286
2014-07-04,0.0
2014-07-05,0.004482895661563309
2014-07-06,0.0017027677329847606
2014-07-07,0.8951012467769984
2014-07-08,6.271952742276023
2014-07-09,12.829357774035687
2014-07-10,55.31223581056587
2014-07-11,1.3375095229758092
2014-07-12,0.0
2014-07-13,0.0
2014-07-14,15.881218516453206
2014-07-15,1.2576784516903303
2014-07-16,0.0
2014-07-17,32.275260717643725
2014-07-18,20.347008729289126
2014-07-19,0.1823046570836222
2014-07-20,0.20076644999759224
2014-07-21,0.0012086946198563602
2014-07-22,0.0
2014-07-23,22.725839004159386
2014-07-24,5.413306226695807
2014-07-25,0.020712226008549783
2014-07-26,0.0
2014-07-27,0.012339795629209465
2014-07-28,1.241005602986751
2014-07-29,0.0
2014-07-30,3.673727696866208
2014-07-31,27.805444194347828
2014-08-01,0.0
2014-08-02,0.0
2014-08-03,0.0
2014-08-04,0.0
2014-08-05,0.0
2014-08-06,1.9342695970214663
2014-08-07,12.299340539454596
2014-08-08,9.908108218653771
2014-08-09,13.023395390860705
2014-08-10,6.40468456394065
2014-08-11,14.192696437488747
2014-08-12,0.0
2014-08-13,0.0
2014-08-14,0.0
2014-08-15,0.0
2014-08-16,4.266782398451216
2014-08-17,5.120267026101813
2014-08-18,7.265923369752108
2014-08-19,6.841994931865179
2014-08-20,0.12050015558234095
2014-08-21,0.0
2014-08-22,0.0
2014-08-23,0.0
2014-08-24,0.0
2014-08-25,0.0
2014-08-26,3.2794013151489256
2014-08-27,0.0981929463463777
2014-08-28,0.007772159756870708
2014-08-29,4.718451024020985
2014-08-30,14.564587332571625
2014-08-31,4.493153655966407
2014-09-01,0.1894796656609965
2014-09-02,0.5000988448249374
2014-09-03,1.9189812340385604
2014-09-04,0.027791342693485776
2014-09-05,0.970021871615503
2014-09-06,1.9803448946441649
2014-09-07,0.1145724223379877
2014-09-08,0.09051528533090088
2014-09-09,0.0494755732016548
2014-09-10,0.07999393948071598
2014-09-11,37.75597619171949
2014-09-12,37.03014513998015
2014-09-13,6.57267827120248
2014-09-14,0.0
2014-09-15,0.051204998412123275
2014-09-16,2.0702970659808364
2014-09-17,0.47491524348712255
2014-09-18,5.721379353810256
2014-09-19,2.0112774148031205
2014-09-20,0.448608535873584
2014-09-21,1.9722874940388841
2014-09-22,0.005239717573720355
2014-09-23,0.0
2014-09-24,0.0
2014-09-25,0.0
2014-09-26,0.0021174185302444224
2014-09-27,1.3336373590304638
2014-09-28,0.2025474032972499
2014-09-29,0.007853336585469353
2014-09-30,0.0
2014-10-01,0.5323479484021033
2014-10-02,5.274399994598344
2014-10-03,19.5186160151369
2014-10-04,0.0
2014-10-05,0.0
2014-10-06,6.157567055627687
2014-10-07,0.07420727463695538
2014-10-08,13.476275945345906
2014-10-09,1.8071248413317225
2014-10-10,0.3401925483999326
2014-10-11,32.688291110921796
2014-10-12,2.912056458620412
2014-10-13,34.84867532331928
2014-10-14,0.460600793326063
2014-10-15,0.0
2014-10-16,0.046373901934194446
2014-10-17,0.046373901934194446
2014-10-18,0.046373901934194446
2014-10-19,0.046373901934194446
2014-10-20,1.0230869739212844
2014-10-21,0.36344829060502715
2014-10-22,0.0
2014-10-23,4.804442464465376
2014-10-24,0.0
2014-10-25,0.0
2014-10-26,0.0
2014-10-27,0.0
2014-10-28,18.623871757419888
2014-10-29,1.479629557622747
2014-10-30,0.0
2014-10-31,0.003261929003590975
2014-11-01,0.0
2014-11-02,0.0
2014-11-03,0.0
2014-11-04,12.61547597769051
2014-11-05,21.55980764225836
2014-11-06,4.749678491995604
2014-11-07,1.536115936176786
2014-11-08,1.536115936176786
2014-11-09,1.536115936176786
2014-11-10,1.536115936176786
2014-11-11,0.37195196088774707
2014-11-12,0.0
2014-11-13,1.817517032937942
2014-11-14,0.0
2014-11-15,0.14424954852153943
2014-11-16,5.7226294671028795
2014-11-17,2.099807320199746
2014-11-18,0.0
2014-11-19,0.0
2014-11-20,0.0018016809626096818
2014-11-21,4.995224207286919
2014-11-22,3.2965371530251293
2014-11-23,15.47861363698615
2014-11-24,0.010435797356963263
2014-11-25,0.0
2014-11-26,0.03853120452565328
2014-11-27,0.0
2014-11-28,0.0
2014-11-29,0.0
2014-11-30,1.337138711081915
2014-12-01,3.177852595473306
2014-12-02,0.6367899158400652
2014-12-03,2.566855339724184
2014-12-04,1.8496020073303137
2014-12-05,4.779587448409893
2014-12-06,6.006581399340578
2014-12-07,0.0
2014-12-08,0.0
2014-12-09,0.0
2014-12-10,0.0
2014-12-11,0.2152397270891183
2014-12-12,5.422684059261051
2014-12-13,0.5596679442726052
2014-12-14,0.7477313653021271
2014-12-15,21.54118222744931
2014-12-16,0.0
2014-12-17,0.5715264764946479
2014-12-18,17.983326286003006
2014-12-19,3.5965691556549744
2014-12-20,0.08456794262661259
2014-12-21,0.022322123027267167
2014-12-22,2.0170093836025944
2014-12-23,5.05527534604512
2014-12-24,0.49925245245337924
2014-12-25,0.0
2014-12-26,2.3017548152278233
2014-12-27,15.415804280496207
2014-12-28,1.7686719052541646
2014-12-29,0.0
2014-12-30,0.006409710342470933
2014-12-31,0.0
2015-01-01,24.372411284963327
2015-01-02,19.13275000698185
2015-01-03,46.41885087441762
2015-01-04,0.048869029666881676
2015-01-05,0.00016031543922617752
2015-01-06,0.0
2015-01-07,0.0
2015-01-08,0.0
2015-01-09,0.0
2015-01-10,0.0
2015-01-11,21.465346648783555
2015-01-12,1.4216003070178629
2015-01-13,0.002115332309523069
2015-01-14,0.00013343514570015637
2015-01-15,0.15341820050074528
2015-01-16,0.0
2015-01-17,0.0
2015-01-18,0.0
2015-01-19,0.0
2015-01-20,0.0
2015-01-21,0.0001543230748828795
2015-01-22,14.075497322703455
2015-01-23,6.911249791053318
2015-01-24,0.0001543230748828795
2015-01-25,0.05767128889491715
2015-01-26,0.0014267125430483091
2015-01-27,0.0014267125430483091
2015-01-28,0.0014267125430483091
2015-01-29,0.0014267125430483091
2015-01-30,0.0014267125430483091
2015-01-31,0.0014267125430483091
2015-02-01,3.228056620179393
2015-02-02,3.7006448405678065e-05
2015-02-03,3.7006448405678065e-05
2015-02-04,0.3809313483596527
2015-02-05,0.29432856753794645
2015-02-06,0.0005828908153351597
2015-02-07,0.0005828908153351597
2015-02-08,0.581413492478522
2015-02-09,0.0007215680798833536
2015-02-10,0.0005828908153351597
2015-02-11,0.0
2015-02-12,0.0
2015-02-13,0.0
2015-02-14,0.0
2015-02-15,0.0
2015-02-16,0.0
2015-02-17,0.0
2015-02-18,0.0
2015-02-19,0.0
2015-02-20,0.0
2015-02-21,39.93782956336679
2015-02-22,7.183158417292118
2015-02-23,20.00545132169338
2015-02-24,0.43377226518756784
2015-02-25,11.316101782807939
2015-02-26,0.00020610666577086084
2015-02-27,0.13073810910038045
2015-02-28,0.28513322329646135
2015-03-01,4.275778652400182
2015-03-02,1.9650702225869288
2015-03-03,2.4789503241339435
2015-03-04,31.01973165848003
2015-03-05,15.653787185860894
2015-03-06,9.979414121055661e-05
2015-03-07,9.979414121055661e-05
2015-03-08,7.0359429789181185
2015-03-09,15.700853512106825
2015-03-10,24.3195361080829
2015-03-11,9.397025734640171e-05
2015-03-12,16.386396912989188
2015-03-13,32.419199406130176
2015-03-14,3.0265077517901764
2015-03-15,0.7828700401659928
2015-03-16,0.01739644635869277
2015-03-17,0.0012307813885142928
2015-03-18,10.34750193945891
2015-03-19,3.2149321227291776
2015-03-20,9.131275667465202
2015-03-21,0.20981062337739848
2015-03-22,20.00484684866243
2015-03-23,0.0018296174418137145
2015-03-24,0.000271375846862532
2015-03-25,2.5589520828537533
2015-03-26,6.451941663914498
2015-03-27,0.00040437328012860594
2015-03-28,0.0883351999787322
2015-03-29,0.00010301860602261464
2015-03-30,0.6796742627730648
2015-03-31,5.204525186962044
2015-04-01,9.087360695713368
2015-04-02,7.393899043809115
2015-04-03,1.7849970709696652
2015-04-04,0.00018058486070356085
2015-04-05,14.124230538867835
2015-04-06,4.600871837881678
2015-04-07,1.8235448269864971
2015-04-08,0.5519113208835773
2015-04-09,13.376973344635267
2015-04-10,3.650236147383166
2015-04-11,7.343240774005591e-05
2015-04-12,4.301036423515581
2015-04-13,20.9299676251232
2015-04-14,12.47477553119598
2015-04-15,11.483944510432515
2015-04-16,0.06991304796619525
2015-04-17,4.107498975366373
2015-04-18,3.681370236141982
2015-04-19,3.285559216280877
2015-04-20,3.1041779849452893
2015-04-21,0.13516193775830254
2015-04-22,2.7582760797559227
2015-04-23,17.498595409737327
2015-04-24,18.64862596690417
2015-04-25,19.491445467888312
2015-04-26,0.009389855230486528
2015-04-27,8.477829837035856
2015-04-28,21.90572576771956
2015-04-29,0.002644370448261602
2015-04-30,0.00013456838040065014
2015-05-01,0.0
2015-05-02,0.0
2015-05-03,0.0
2015-05-04,0.0
2015-05-05,0.0
2015-05-06,4.03545474906899
2015-05-07,5.730987595722906
2015-05-08,26.16472550631802
2015-05-09,55.29081848426472
2015-05-10,20.20639742030685
2015-05-11,75.98729276063192
2015-05-12,0.00014414049588747668
2015-05-13,2.608871254104589
2015-05-14,5.889328041542156
2015-05-15,1.857939932091261
2015-05-16,25.565435419671054
2015-05-17,29.762695760688572
2015-05-18,24.405805822112363
2015-05-19,4.752463059536915
2015-05-20,12.660547283962972
2015-05-21,6.811418413692867
2015-05-22,0.00024338562793340326
2015-05-23,1.4296569939848547
2015-05-24,28.114734453746923
2015-05-25,12.108010814522364
2015-05-26,11.301469000021086
2015-05-27,3.5142082922340947
2015-05-28,7.8231795177103
2015-05-29,25.841048906890737
2015-05-30,11.68503254386785
2015-05-31,11.626455151331703
2015-06-01,0.5002073725724383
2015-06-02,0.35209583764891617
2015-06-03,0.01764480994199161
2015-06-04,0.003519382131844526
2015-06-05,5.045492174350421e-05
2015-06-06,0.4976465294797759
2015-06-07,0.33104502081333825
2015-06-08,0.12967540168079353
2015-06-09,0.0002537943434649624
2015-06-10,0.0002537943434649624
2015-06-11,0.09571605416119623
2015-06-12,0.23859288994276168
2015-06-13,1.2993666752566515
2015-06-14,4.400496488744314
2015-06-15,0.45490202046621997
2015-06-16,20.19706698305391
2015-06-17,10.094056625611929
2015-06-18,22.57323327189242
2015-06-19,8.357910201443625
2015-06-20,0.34331528223970637
2015-06-21,12.22466296409557
2015-06-22,0.30829950263542893
2015-06-23,0.0030778369675904436
2015-06-24,4.046781166803009
2015-06-25,0.5597113881939155
2015-06-26,1.6096233520804435
2015-06-27,22.674131874749033
2015-06-28,0.00048362527440245535
2015-06-29,1.1026609277196513
2015-06-30,32.28995399892306
2015-07-01,1.307984087505291
2015-07-02,1.1200038511731054
2015-07-03,44.12957560919652
2015-07-04,7.450379774093346
2015-07-05,18.63214805940967
2015-07-06,4.722159578685052
2015-07-07,2.521450845733894
2015-07-08,3.535923364406579
2015-07-09,0.023328041985310646
2015-07-10,9.260671084257728e-05
2015-07-11,0.12951722220122028
2015-07-12,0.0011674374737917794
2015-07-13,0.025253733127463766
2015-07-14,0.058876337466357315
2015-07-15,0.5522436355529612
2015-07-16,0.04468384550426733
2015-07-17,0.04468384550426733
2015-07-18,0.08856362900680466
2015-07-19,0.04468384550426733
2015-07-20,0.04468384550426733
2015-07-21,0.2749566142746335
2015-07-22,1.4327866972128334
2015-07-23,0.1871747503986723
2015-07-24,0.03517033591919314
2015-07-25,2.8096343345502666
2015-07-26,1.5365421633296727
2015-07-27,0.0014987117397997937
2015-07-28,2.576985195409422
2015-07-29,0.011316619248361097
2015-07-30,13.20932938028033
2015-07-31,0.13029881418500316
2015-08-01,0.0
2015-08-02,0.0
2015-08-03,0.0
2015-08-04,0.0
2015-08-05,0.0
2015-08-06,4.608157522156827
2015-08-07,0.8568329350663764
2015-08-08,1.251475388317141
2015-08-09,0.46463614191550556
2015-08-10,0.0017235906604014244
2015-08-11,0.09488634595452483
2015-08-12,0.13137413472552437
2015-08-13,0.09488634595452483
2015-08-14,0.09488634595452483
2015-08-15,0.09488634595452483
2015-08-16,0.3658150905365278
2015-08-17,0.21107737869009666
2015-08-18,0.5760812557454678
2015-08-19,28.103652418373482
2015-08-20,2.18846778419555
2015-08-21,4.142322342587074
2015-08-22,9.360810660108346
2015-08-23,0.718518117601564
2015-08-24,8.68000699863408
2015-08-25,0.06902808672958076
2015-08-26,0.00011276844078777656
2015-08-27,0.00011276844078777656
2015-08-28,0.00011276844078777656
2015-08-29,0.9305516763537435
2015-08-30,0.7769842749596503
2015-08-31,0.5241526897618012
2015-09-01,0.9228416971838764
2015-09-02,0.03815541486355811
2015-09-03,0.08187427366629603
2015-09-04,0.05845516967089585
2015-09-05,0.4262680205617651
2015-09-06,0.18171635386339716
2015-09-07,0.05243406564896695
2015-09-08,2.473165267321503
2015-09-09,19.63138610306923
2015-09-10,0.005077151313961166
2015-09-11,0.8308885335413839
2015-09-12,5.097652637133812e-05
2015-09-13,5.097652637133812e-05
2015-09-14,5.097652637133812e-05
2015-09-15,0.006906214096762179
2015-09-16,1.8975335574173327
2015-09-17,0.00035597821102431663
2015-09-18,0.00035597821102431663
2015-09-19,1.5244011903298138
2015-09-20,4.299027378301777
2015-09-21,3.2079670004459824
2015-09-22,0.0042670810292168475
2015-09-23,0.0042670810292168475
2015-09-24,0.0042670810292168475
2015-09-25,1.3944469284081868
2015-09-26,0.00015905142862754606
2015-09-27,0.1583772049573213
2015-09-28,1.07344941254297
2015-09-29,0.4327572338015415
2015-09-30,0.1942389529917807
2015-10-01,0.28861102475652206
2015-10-02,0.28861102475652206
2015-10-03,0.28861102475652206
2015-10-04,0.28861102475652206
2015-10-05,0.7986343413753734
2015-10-06,0.0003496255821523964
2015-10-07,0.3659260615144483
2015-10-08,0.15955184585574925
2015-10-09,4.098877919514637
2015-10-10,0.0017576475884687796
2015-10-11,0.0003838290950139094
2015-10-12,1.816081487460695
2015-10-13,0.0003838290950139094
2015-10-14,0.0003838290950139094
2015-10-15,0.0003838290950139094
2015-10-16,0.2685978412022436
2015-10-17,0.17990811841405716
2015-10-18,0.17990811841405716
2015-10-19,0.17990811841405716
2015-10-20,0.17990811841405716
2015-10-21,0.6281319829627127
2015-10-22,0.00013572137257882846
2015-10-23,34.02412056868373
2015-10-24,44.25530126109159
2015-10-25,22.252180839927423
2015-10-26,1.0489557668667349
2015-10-27,3.6704514285433807
2015-10-28,2.6514167569386315
2015-10-29,7.689866466126135e-05
2015-10-30,1.578594162202867
2015-10-31,46.02273544479561
2015-11-01,0.16732466163605458
2015-11-02,1.400943814733571
2015-11-03,0.08627994072543312
2015-11-04,0.5930461018724739
2015-11-05,17.461404599587535
2015-11-06,36.787260710382405
2015-11-07,0.12248338101231185
2015-11-08,0.0001671149254037561
2015-11-09,0.0001671149254037561
2015-11-10,0.0001671149254037561
2015-11-11,16.35976925066624
2015-11-12,0.3592247855756216
2015-11-13,0.0002772444237801099
2015-11-14,0.0002772444237801099
2015-11-15,0.18391100773877014
2015-11-16,22.658420434688185
2015-11-17,76.95607109046256
2015-11-18,0.041123389490163316
2015-11-19,0.00012211257125170014
2015-11-20,0.00012211257125170014
2015-11-21,2.900018880859269
2015-11-22,0.00021549866639204528
2015-11-23,0.00021549866639204528
2015-11-24,0.0033396594842172375
2015-11-25,1.1713824200602618
2015-11-26,0.7958613165718372
2015-11-27,78.2013486628829
2015-11-28,95.73223336392924
2015-11-29,27.2520790987938
2015-11-30,2.9932057420667455
2015-12-01,5.290682002592302
2015-12-02,0.0006082380955850488
2015-12-03,0.0006082380955850488
2015-12-04,0.0006082380955850488
2015-12-05,0.0006082380955850488
2015-12-06,0.0029238663099086033
2015-12-07,0.0029238663099086033
2015-12-08,0.0029238663099086033
2015-12-09,1.7068795672281192
2015-12-10,0.28806949576442975
2015-12-11,0.7728950941721718
2015-12-12,2.225148671015798
2015-12-13,64.7107170866344
2015-12-14,4.04354667374665
2015-12-15,0.0061880275656959055
2015-12-16,12.044450714394937
2015-12-17,0.00024229777020239
2015-12-18,0.006496932384030945
2015-12-19,0.00024229777020239
2015-12-20,0.22611407887671972
2015-12-21,4.472213562509609
2015-12-22,7.745399399069274e-05
2015-12-23,25.59476649748963
2015-12-24,7.745399399069274e-05
2015-12-25,0.12238669757538313
2015-12-26,26.013284765474985
2015-12-27,64.70715121158013
2015-12-28,51.556091593859165
2015-12-29,7.479066484985369e-05
2015-12-30,0.005149030870153023
2015-12-31,7.479066484985369e-05
2016-01-01,0.23171846987021427
2016-01-02,0.23171846987021427
2016-01-03,0.23171846987021427
2016-01-04,0.23171846987021427
2016-01-05,0.23171846987021427
2016-01-06,0.07778313841583961
2016-01-07,20.135065177482677
2016-01-08,0.844420903693165
2016-01-09,21.55169043779504
2016-01-10,0.0004484961852924452
2016-01-11,0.0
2016-01-12,0.0
2016-01-13,0.0
2016-01-14,0.0
2016-01-15,0.0
2016-01-16,1.3604416556870538
2016-01-17,0.008319947052018087
2016-01-18,0.11012339983369351
2016-01-19,0.004874539961817467
2016-01-20,5.889127573362929
2016-01-21,2.763148848339788
2016-01-22,7.846830121480895
2016-01-23,0.0
2016-01-24,0.0
2016-01-25,0.30513887240243787
2016-01-26,0.0
2016-01-27,0.0
2016-01-28,0.0
2016-01-29,0.0
2016-01-30,0.0
2016-01-31,2.344683948867663
2016-02-01,0.0
2016-02-02,0.0
2016-02-03,0.0
2016-02-04,0.0
2016-02-05,0.0
2016-02-06,0.0596699648638171
2016-02-07,0.0596699648638171
2016-02-08,0.0596699648638171
2016-02-09,0.0596699648638171
2016-02-10,0.0596699648638171
2016-02-11,0.0
2016-02-12,0.0
2016-02-13,0.0
2016-02-14,0.3067608395239333
2016-02-15,6.719228488968952
2016-02-16,0.005889507724685393
2016-02-17,0.0
2016-02-18,0.0
2016-02-19,0.01974596736909041
2016-02-20,0.03891649314588866
2016-02-21,2.4027328085157555
2016-02-22,6.642259922263606
2016-02-23,36.066976072166206
2016-02-24,13.734408441426039
2016-02-25,0.0
2016-02-26,0.0
2016-02-27,0.0
2016-02-28,0.058684600071051855
2016-02-29,0.035599782697624434
2016-03-01,15.824781267010637
2016-03-02,0.0
2016-03-03,22.477749904902176
2016-03-04,0.0
2016-03-05,0.0
2016-03-06,0.0
2016-03-07,0.3997462322849518
2016-03-08,16.21801483854951
2016-03-09,64.6261129041541
2016-03-10,36.20325968991273
2016-03-11,8.891695393203218
2016-03-12,2.6856002518652757
2016-03-13,11.101950877099659
2016-03-14,1.8474437892951303
2016-03-15,0.03766796363246182
2016-03-16,0.0
2016-03-17,1.0254058405812896
2016-03-18,6.671629392507681
2016-03-19,8.700154795751429
2016-03-20,0.0004764887380219712
2016-03-21,0.0
2016-03-22,0.0
2016-03-23,1.610543636487803
2016-03-24,19.217067530896973
2016-03-25,0.0
2016-03-26,0.0
2016-03-27,0.013445180051157446
2016-03-28,0.0
2016-03-29,0.0
2016-03-30,23.757699077033145
2016-03-31,9.30810765507872
2016-04-01,1.1959794666565304
2016-04-02,1.1959794666565304
2016-04-03,1.1959794666565304
2016-04-04,1.1959794666565304
2016-04-05,1.1959794666565304
2016-04-06,3.67785939922584
2016-04-07,0.0
2016-04-08,0.0
2016-04-09,0.0411617948749733
2016-04-10,2.8039849043656186
2016-04-11,25.32891487626206
2016-04-12,15.674605250211837
2016-04-13,2.9197522797817723
2016-04-14,4.991946136209971
2016-04-15,5.334000136523988
2016-04-16,2.465553323175995
2016-04-17,4.715798320861972
2016-04-18,26.232057896668724
2016-04-19,36.51204640915922
2016-04-20,13.8930844205408
2016-04-21,0.0
2016-04-22,0.0
2016-04-23,0.0
2016-04-24,0.0
2016-04-25,0.0
2016-04-26,1.1701889198388467
2016-04-27,5.994570532974931
2016-04-28,0.0
2016-04-29,54.25358387631193
2016-04-30,65.4699259168158
2016-05-01,0.01708859577208027
2016-05-02,0.22343026160488766
2016-05-03,3.0726980507789905e-06
2016-05-04,0.0
2016-05-05,0.0
2016-05-06,0.0
2016-05-07,0.0
2016-05-08,1.8102238453404647
2016-05-09,35.53252016916503
2016-05-10,2.716555701511656
2016-05-11,2.844633288374052
2016-05-12,4.918915384749982
2016-05-13,0.0
2016-05-14,0.0018379715618597
2016-05-15,0.2256314133158569
2016-05-16,2.0818170607135476
2016-05-17,1.6122798400722254
2016-05-18,0.2669902926196056
2016-05-19,7.057962744401998
2016-05-20,5.4168396917890576
2016-05-21,0.14479753280754304
2016-05-22,0.0
2016-05-23,0.5781596693051864
2016-05-24,14.454484710600964
2016-05-25,1.8798870689417275
2016-05-26,7.711145109312156
2016-05-27,16.851914713839907
2016-05-28,4.494544095448426
2016-05-29,11.903720527395475
2016-05-30,13.125733392790313
2016-05-31,3.1044983547989125
2016-06-01,3.1296349158219456
2016-06-02,11.679197470403503
2016-06-03,28.47666592827551
2016-06-04,3.3806333643515494
2016-06-05,0.4042711765851268
2016-06-06,0.016547805338560685
2016-06-07,0.016547805338560685
2016-06-08,0.016547805338560685
2016-06-09,0.05323733529042992
2016-06-10,0.016547805338560685
2016-06-11,3.8523778791252434
2016-06-12,2.7445592200396107
2016-06-13,15.011082538437709
2016-06-14,2.8347952710114286
2016-06-15,0.2231608320153012
2016-06-16,0.20169510561907084
2016-06-17,1.4916011057985603
2016-06-18,0.999635942758299
2016-06-19,3.2174650109088545
2016-06-20,2.993615273893264
2016-06-21,0.32914790064249694
2016-06-22,0.041004000963290356
2016-06-23,0.2133617995249028
2016-06-24,0.07958130732304926
2016-06-25,0.10741394546768675
2016-06-26,0.7725994790874056
2016-06-27,18.84454243807588
2016-06-28,6.07291563584189
2016-06-29,0.27287727537433953
2016-06-30,0.009718170516098204
2016-07-01,0.03593164986974072
2016-07-02,0.03402687884964816
2016-07-03,0.8958435555882661
2016-07-04,13.536155472482061
2016-07-05,2.6786679440823513
2016-07-06,0.7296410927404781
2016-07-07,0.0
2016-07-08,0.00547283234771304
2016-07-09,6.887447160112081
2016-07-10,1.395051272788478
2016-07-11,2.819293980138693
2016-07-12,0.029054091127318684
2016-07-13,0.11448730468825088
2016-07-14,5.887209394206468
2016-07-15,4.989570335913915
2016-07-16,0.2934837521465308
2016-07-17,0.13661311992530847
2016-07-18,0.394811084297484
2016-07-19,1.228134646807687
2016-07-20,0.8515206082673062
2016-07-21,0.16087010806691063
2016-07-22,0.021000970663772836
2016-07-23,3.1128947881445304
2016-07-24,6.982123411006842
2016-07-25,3.904334728608805
2016-07-26,0.05869057775580768
2016-07-27,9.096716725514508
2016-07-28,26.035750440746803
2016-07-29,7.926657584229817
2016-07-30,15.447253442230531
2016-07-31,0.5470075782887086
2016-08-01,8.396366249165172e-05
2016-08-02,0.0
2016-08-03,0.002126665274467684
2016-08-04,0.0007465578811152882
2016-08-05,0.0020998087069083416
2016-08-06,3.7902362927539146
2016-08-07,22.280388660930733
2016-08-08,3.742690060565266
2016-08-09,13.66850064085315
2016-08-10,11.134540666366762
2016-08-11,6.547644831664721
2016-08-12,6.789299636431605
2016-08-13,44.87353520526004
2016-08-14,17.47388860568647
2016-08-15,32.28594278823035
2016-08-16,50.20261442681542
2016-08-17,1.5442047926541889
2016-08-18,8.901684971776515
2016-08-19,7.380610425294934
2016-08-20,34.42330572819922
2016-08-21,0.3428452676632618
2016-08-22,1.8766875598649244
2016-08-23,1.813461109138018
2016-08-24,0.0005012134917044013
2016-08-25,13.154533670585591
2016-08-26,6.591462940865574
2016-08-27,1.7022608948782914
2016-08-28,2.1985326213533725
2016-08-29,1.963749612317974
2016-08-30,1.0117464559595073
2016-08-31,0.6447474006081493
2016-09-01,6.772087354516421
2016-09-02,0.18690476129055253
2016-09-03,0.0
2016-09-04,0.0
2016-09-05,0.18748083156560005
2016-09-06,0.10956353857041447
2016-09-07,0.010224344533801702
2016-09-08,0.04863576535814876
2016-09-09,0.07239733780493461
2016-09-10,0.9332235892483538
2016-09-11,0.0
2016-09-12,0.27412871909602154
2016-09-13,0.472021967640723
2016-09-14,0.26709915737292517
2016-09-15,1.0075557874675414
2016-09-16,32.0460719323339
2016-09-17,7.19798629788923
2016-09-18,2.7081113692649743
2016-09-19,1.6435497385853257
2016-09-20,0.0009654582550131099
2016-09-21,0.0
2016-09-22,0.0
2016-09-23,1.8389487024657312
2016-09-24,0.4461435731184662
2016-09-25,0.27725224496068124
2016-09-26,4.078644851658723
2016-09-27,0.0
2016-09-28,0.0
2016-09-29,0.0
2016-09-30,0.0
2016-10-01,0.049203071907189186
2016-10-02,0.0
2016-10-03,0.0
2016-10-04,0.0
2016-10-05,1.8099932273591928
2016-10-06,0.8126686279344913
2016-10-07,1.2212016962630883
2016-10-08,0.0
2016-10-09,0.0
2016-10-10,0.4051117706254633
2016-10-11,0.007612915405614129
2016-10-12,0.14991304835217187
2016-10-13,3.664093546463309
2016-10-14,4.488477770208639
2016-10-15,0.05387470146505422
2016-10-16,0.00579636340762238
2016-10-17,0.006709198970742556
2016-10-18,0.3819222962899943
2016-10-19,0.1598781806693673
2016-10-20,10.64347242821599
2016-10-21,0.7713051701228933
2016-10-22,0.7713051701228933
2016-10-23,0.7713051701228933
2016-10-24,0.7713051701228933
2016-10-25,0.8834422659248664
2016-10-26,0.07208076677289975
2016-10-27,4.938386754418329
2016-10-28,0.0
2016-10-29,0.0
2016-10-30,0.0
2016-10-31,0.0
2016-11-01,0.0032213935367776327
2016-11-02,0.011268093838609076
2016-11-03,11.22015464059697
2016-11-04,1.4204251401591799
2016-11-05,0.0
2016-11-06,0.0
2016-11-07,6.099421053078417
2016-11-08,4.121174282388522
2016-11-09,0.0
2016-11-10,0.0
2016-11-11,0.0
2016-11-12,0.0
2016-11-13,0.0
2016-11-14,2.9958190167503465
2016-11-15,0.0
2016-11-16,0.0
2016-11-17,0.0
2016-11-18,32.19276505095765
2016-11-19,0.0
2016-11-20,0.0
2016-11-21,0.0
2016-11-22,6.295627352111748
2016-11-23,43.52038623119955
2016-11-24,0.00016637447247996314
2016-11-25,0.0
2016-11-26,0.0
2016-11-27,0.03286272905465827
2016-11-28,36.82598142795698
2016-11-29,0.013651084578220845
2016-11-30,0.0
2016-12-01,0.0
2016-12-02,0.0
2016-12-03,36.58011600040862
2016-12-04,5.762459453601651
2016-12-05,1.226250932511773
2016-12-06,4.422264998583806
2016-12-07,0.04876990573922829
2016-12-08,0.10766583219719017
2016-12-09,0.0
2016-12-10,0.0
2016-12-11,2.760695921591328
2016-12-12,6.306689445481225
2016-12-13,0.5128347405114985
2016-12-14,0.020917360218161762
2016-12-15,0.14991459948906236
2016-12-16,1.21755996886795
2016-12-17,6.374842191612825
2016-12-18,1.9041596040610969
2016-12-19,0.0
2016-12-20,0.0
2016-12-21,0.0
2016-12-22,0.0
2016-12-23,0.26868796262442385
2016-12-24,5.186435551608284
2016-12-25,0.2777297980156278
2016-12-26,28.63856983668554
2016-12-27,3.7274002553260197
2016-12-28,4.131686463472308
2016-12-29,0.6282804900157465
2016-12-30,0.0
2016-12-31,1.3181318685812269
2017-01-01,2.3746535007028764
2017-01-02,20.758611625903175
2017-01-03,0.34027857110515364
2017-01-04,0.12468616977968376
2017-01-05,0.007822227553770848
2017-01-06,6.010450381867631
2017-01-07,0.3067858131643743
2017-01-08,0.0
2017-01-09,0.1575558397983637
2017-01-10,2.837621856638729
2017-01-11,0.0028836679497763256
2017-01-12,0.0043635323568194506
2017-01-13,0.006093721566224848
2017-01-14,0.0017496624137135397
2017-01-15,0.0013728501880555376
2017-01-16,26.9657392255089
2017-01-17,0.6171463994025235
2017-01-18,14.505986822528401
2017-01-19,3.230849973957751
2017-01-20,0.12190740669133256
2017-01-21,3.6104024606524483
2017-01-22,14.485282120054002
2017-01-23,0.0016945877172351975
2017-01-24,0.0
2017-01-25,2.18425643544094
2017-01-26,0.0015360264136670084
2017-01-27,0.0015360264136670084
2017-01-28,0.0015360264136670084
2017-01-29,0.0015360264136670084
2017-01-30,0.0015360264136670084
2017-01-31,0.0015360264136670084
2017-02-01,0.0
2017-02-02,0.0
2017-02-03,0.0
2017-02-04,0.0
2017-02-05,0.0
2017-02-06,1.4579441874065397
2017-02-07,16.588796606312062
2017-02-08,0.0
2017-02-09,0.0
2017-02-10,0.010165476760275197
2017-02-11,0.6290905570277198
2017-02-12,0.34757150506140005
2017-02-13,0.16499978446837782
2017-02-14,35.21382856016771
2017-02-15,6.897978484942825
2017-02-16,0.0
2017-02-17,0.017790820269910086
2017-02-18,2.139533007489386
2017-02-19,0.0758769520493115
2017-02-20,3.8175358913743294
2017-02-21,19.536914529669367
2017-02-22,0.056059946581751056
2017-02-23,0.0
2017-02-24,0.016491665337967115
2017-02-25,0.0
2017-02-26,0.4250242600061153
2017-02-27,4.960283559359784
2017-02-28,4.207612550007923
2017-03-01,6.702340573860589
2017-03-02,0.0
2017-03-03,0.0
2017-03-04,0.0
2017-03-05,4.657165102637883
2017-03-06,3.3806112418266685
2017-03-07,19.920348943939928
2017-03-08,0.0
2017-03-09,0.31747252832903666
2017-03-10,3.0748992960805372
2017-03-11,1.7065846923415857
2017-03-12,3.67042884798896
2017-03-13,11.085119217190439
2017-03-14,0.0
2017-03-15,0.0
2017-03-16,0.0
2017-03-17,0.0
2017-03-18,0.0
2017-03-19,0.0
2017-03-20,0.0
2017-03-21,0.0
2017-03-22,0.11538095608334219
2017-03-23,0.0
2017-03-24,9.357304084171044
2017-03-25,28.82655039358339
2017-03-26,0.0
2017-03-27,17.849640979511815
2017-03-28,0.22658075474228279
2017-03-29,12.934720491779034
2017-03-30,3.887654048760954
2017-03-31,0.0
2017-04-01,0.0
2017-04-02,17.314820272829103
2017-04-03,10.308772590009585
2017-04-04,0.11304356140779362
2017-04-05,12.514543657821207
2017-04-06,0.00013342850979770955
2017-04-07,0.0
2017-04-08,0.0
2017-04-09,0.03207286361280666
2017-04-10,7.2977284127672
2017-04-11,21.5439596073455
2017-04-12,0.2978588889014143
2017-04-13,0.20708835303765608
2017-04-14,0.005618074569162152
2017-04-15,0.23397924905800027
2017-04-16,0.8697370094528774
2017-04-17,13.093819989677119
2017-04-18,3.3684209921128403
2017-04-19,0.6359868784178851
2017-04-20,2.1728142892578663
2017-04-21,1.3196699025535796
2017-04-22,32.15361615268186
2017-04-23,0.08672271102982981
2017-04-24,0.0
2017-04-25,0.0
2017-04-26,26.06677062180507
2017-04-27,0.02078677025683789
2017-04-28,1.6880768422934995
2017-04-29,69.74715221287205
2017-04-30,40.479052942719534
2017-05-01,0.0
2017-05-02,0.0050987956954460225
2017-05-03,24.524743318141415
2017-05-04,27.33914633711153
2017-05-05,0.0
2017-05-06,0.0
2017-05-07,0.0
2017-05-08,0.0
2017-05-09,0.0
2017-05-10,0.1673393942431509
2017-05-11,12.567492153674099
2017-05-12,20.237828537411502
2017-05-13,0.12491685274204166
2017-05-14,0.0
2017-05-15,0.0
2017-05-16,0.0
2017-05-17,1.6855370022111782
2017-05-18,4.609458674608686
2017-05-19,1.0798030986306688
2017-05-20,16.835763529956655
2017-05-21,2.415793766355204
2017-05-22,0.0
2017-05-23,1.9084993558512016
2017-05-24,6.233846255363278
2017-05-25,0.0
2017-05-26,0.9839113402796525
2017-05-27,2.7577641843947194
2017-05-28,27.542257223328967
2017-05-29,0.42957981597590233
2017-05-30,0.10986907331507717
2017-05-31,0.11353716551844725
2017-06-01,15.646372300144856
2017-06-02,1.8889603062184284
2017-06-03,2.5345765541335177
2017-06-04,15.59631906072739
2017-06-05,7.190425849109321
2017-06-06,0.40343203418558926
2017-06-07,0.0
2017-06-08,0.0
2017-06-09,0.0
2017-06-10,0.02582633111020483
2017-06-11,0.0
2017-06-12,0.3509199100154556
2017-06-13,1.0769831229273277
2017-06-14,0.25098226849479593
2017-06-15,0.6300881286620691
2017-06-16,1.055090620041702
2017-06-17,0.00115369204447157
2017-06-18,4.992914484095107
2017-06-19,24.365978348899233
2017-06-20,0.0
2017-06-21,0.056837016610260915
2017-06-22,18.44147208819928
2017-06-23,11.723357310097803
2017-06-24,4.834351893479915
2017-06-25,0.0036040389435446265
2017-06-26,0.8751308330896351
2017-06-27,0.14744726804773428
2017-06-28,0.21104789177748318
2017-06-29,0.9659611982228474
2017-06-30,5.460297563812852
2017-07-01,13.343886338156182
2017-07-02,1.327355716381821
2017-07-03,45.124534431879376
2017-07-04,6.164914510233205
2017-07-05,16.015722835482087
2017-07-06,4.531361271254418
2017-07-07,0.6646262201278901
2017-07-08,11.844758811805
2017-07-09,1.0881017918560896
2017-07-10,0.07468574005443256
2017-07-11,0.5126489092515495
2017-07-12,0.5406341829058919
2017-07-13,1.1666179312547669
2017-07-14,8.77762345745285
2017-07-15,2.261782572484287
2017-07-16,0.22676859550615255
2017-07-17,0.006719742346224194
2017-07-18,0.021193107593018956
2017-07-19,0.03893841428880543
2017-07-20,0.03567870988239866
2017-07-21,0.017438927619857533
2017-07-22,1.5473430663419758
2017-07-23,9.8035474737921
2017-07-24,3.0521123373338184
2017-07-25,1.620683200389499
2017-07-26,0.00022698879515116381
2017-07-27,0.7797125527874954
2017-07-28,7.342454929282837
2017-07-29,1.9812913365412284
2017-07-30,0.0
2017-07-31,0.018930592139030946
2017-08-01,5.772509151120614
2017-08-02,5.163333395543279
2017-08-03,0.6329127461168444
2017-08-04,4.329000533824299
2017-08-05,0.14978873572972545
2017-08-06,13.969235894168067
2017-08-07,28.516051360446955
2017-08-08,1.6035671888418974
2017-08-09,1.1292907866231476
2017-08-10,16.14409139422834
2017-08-11,6.852848385423657
2017-08-12,0.2704863063076895
2017-08-13,24.672145899362086
2017-08-14,14.778810021261208
2017-08-15,12.771503322704879
2017-08-16,3.584324854544563
2017-08-17,13.878973656114006
2017-08-18,0.3321664569145163
2017-08-19,1.0849562381659295
2017-08-20,0.003934039509880334
2017-08-21,1.5888362058024437
2017-08-22,1.4986794933319492
2017-08-23,34.79191989028069
2017-08-24,0.04115260188479312
2017-08-25,0.0
2017-08-26,1.5326666206152004
2017-08-27,0.2076772256373183
2017-08-28,0.33922484943006076
2017-08-29,0.6611920878846659
2017-08-30,0.6539823670803053
2017-08-31,1.1248186073611117
2017-09-01,0.0579966143706569
2017-09-02,0.054284734952302655
2017-09-03,0.4032733121483424
2017-09-04,0.24639578622143452
2017-09-05,2.960452289206081
2017-09-06,0.3041046987661086
2017-09-07,0.3041046987661086
2017-09-08,0.3041046987661086
2017-09-09,0.3041046987661086
2017-09-10,0.3041046987661086
2017-09-11,0.021886426010183303
2017-09-12,0.6758101737726624
2017-09-13,0.09634284673821165
2017-09-14,0.021886426010183303
2017-09-15,0.021886426010183303
2017-09-16,0.0
2017-09-17,0.0
2017-09-18,0.10198741474554818
2017-09-19,0.5407987083378534
2017-09-20,1.26437693539939
2017-09-21,3.0687445457323177
2017-09-22,0.5749299927320247
2017-09-23,0.0023849723709635936
2017-09-24,0.49032980114948516
2017-09-25,0.4024068424353138
2017-09-26,0.02588636084405122
2017-09-27,1.192176856013543
2017-09-28,0.39286818450212596
2017-09-29,0.1882359644645966
2017-09-30,0.0
2017-10-01,0.003830744468832211
2017-10-02,0.0007893780619630616
2017-10-03,5.720070082914359
2017-10-04,1.1428516946553149
2017-10-05,0.0
2017-10-06,0.0
2017-10-07,0.6173725533857721
2017-10-08,0.02134154754320717
2017-10-09,0.1476341478691955
2017-10-10,1.811107236593752
2017-10-11,0.0
2017-10-12,0.0
2017-10-13,0.0
2017-10-14,0.007813339534526106
2017-10-15,10.532569039506514
2017-10-16,0.7574269611345646
2017-10-17,0.7574269611345646
2017-10-18,0.7574269611345646
2017-10-19,0.7574269611345646
2017-10-20,1.198940691821586
2017-10-21,1.3520442373464625
2017-10-22,25.341327196960297
2017-10-23,0.0
2017-10-24,0.0
2017-10-25,0.0
2017-10-26,0.0
2017-10-27,2.0214042175257703
2017-10-28,0.0
2017-10-29,0.0
2017-10-30,0.0
2017-10-31,0.207432340002818
2017-11-01,2.554256252890203
2017-11-02,0.7015366465701112
2017-11-03,2.464549427372533
2017-11-04,0.4356949077224754
2017-11-05,0.6898690401326965
2017-11-06,4.045129748539036
2017-11-07,3.821929258955847
2017-11-08,3.8215371684947117
2017-11-09,0.20420561130589798
2017-11-10,0.0
2017-11-11,0.0
2017-11-12,1.2107977018316445
2017-11-13,2.563736088901735e-05
2017-11-14,0.975008564597386
2017-11-15,1.8720838371543203
2017-11-16,0.9529096754956733
2017-11-17,0.7896368397789421
2017-11-18,0.5487616721658012
2017-11-19,0.0
2017-11-20,0.0
2017-11-21,0.08221430390840985
2017-11-22,0.08221430390840985
2017-11-23,0.08221430390840985
2017-11-24,0.08221430390840985
2017-11-25,2.1534358563679463
2017-11-26,0.0
2017-11-27,0.0
2017-11-28,0.0
2017-11-29,1.4104137863910071
2017-11-30,0.006023836687197436
2017-12-01,0.0
2017-12-02,0.0
2017-12-03,0.0
2017-12-04,4.123912635531096
2017-12-05,19.841574648546654
2017-12-06,1.3695356076227152
2017-12-07,1.3695356076227152
2017-12-08,1.3695356076227152
2017-12-09,1.3695356076227152
2017-12-10,1.3695356076227152
2017-12-11,0.30998616808915785
2017-12-12,0.30998616808915785
2017-12-13,0.30998616808915785
2017-12-14,0.30998616808915785
2017-12-15,0.30998616808915785
2017-12-16,0.0
2017-12-17,17.42561989918099
2017-12-18,0.1251014057757971
2017-12-19,12.055993140504189
2017-12-20,20.73990641746168
2017-12-21,0.00010975992022275335
2017-12-22,40.273435216032134
2017-12-23,26.963006103698245
2017-12-24,0.03503723505647358
2017-12-25,0.0
2017-12-26,0.03882641918555721
2017-12-27,0.09806572551678516
2017-12-28,0.0038487718590655222
2017-12-29,0.009067580935133568
2017-12-30,0.18414625837718948
2017-12-31,0.24812826702442428
2018-01-01,0.0
2018-01-02,0.0003712350867332236
2018-01-03,0.585243162874809
2018-01-04,0.0
2018-01-05,0.0
2018-01-06,0.0
2018-01-07,2.9880138984872615
2018-01-08,26.762007238555256
2018-01-09,0.24628040812207852
2018-01-10,2.393295988191319
2018-01-11,4.950945909548903
2018-01-12,2.4720134599899186
2018-01-13,0.0
2018-01-14,0.44683971887452456
2018-01-15,0.003477372185934112
2018-01-16,0.0
2018-01-17,0.0
2018-01-18,0.0
2018-01-19,0.0
2018-01-20,0.0
2018-01-21,4.415488356298645
2018-01-22,22.68775905855721
2018-01-23,0.0
2018-01-24,0.0
2018-01-25,0.0
2018-01-26,0.0001710313340926374
2018-01-27,4.7371196474339685
2018-01-28,0.018340136996329446
2018-01-29,0.0
2018-01-30,0.0
2018-01-31,0.0
2018-02-01,0.6285574732392761
2018-02-02,0.0
2018-02-03,0.044184446816747366
2018-02-04,2.3264851030568647
2018-02-05,0.004047582043843602
2018-02-06,5.7822428430355375
2018-02-07,12.137297085401304
2018-02-08,0.0
2018-02-09,2.7608864072012973
2018-02-10,13.556857572673211
2018-02-11,0.7236921214974097
2018-02-12,0.0
2018-02-13,0.7531538553262531
2018-02-14,0.3013388353053784
2018-02-15,0.30738041515578224
2018-02-16,4.326508752008372
2018-02-17,32.69595404498564
2018-02-18,2.7636086170366476
2018-02-19,2.311573657626763
2018-02-20,7.1361589461433255
2018-02-21,118.9688523789163
2018-02-22,23.582241790637937
2018-02-23,55.264088666064715
2018-02-24,35.33513804302388
2018-02-25,0.12599286427818998
2018-02-26,0.0
2018-02-27,4.452972631174223
2018-02-28,39.446334492683775
2018-03-01,53.59048109461896
2018-03-02,0.0
2018-03-03,0.0
2018-03-04,14.160164169380772
2018-03-05,8.280263231125192
2018-03-06,0.0
2018-03-07,0.0
2018-03-08,0.0
2018-03-09,0.01584912352572028
2018-03-10,0.4015546820493052
2018-03-11,0.4280420817796852
2018-03-12,0.0
2018-03-13,0.0
2018-03-14,0.0
2018-03-15,0.0
2018-03-16,0.06204501305040736
2018-03-17,0.0
2018-03-18,0.17144502563153136
2018-03-19,0.3169108076964455
2018-03-20,0.0005971195386204105
2018-03-21,0.0
2018-03-22,0.0
2018-03-23,0.12146161586306164
2018-03-24,1.0565819714112916
2018-03-25,1.6430992279404126
2018-03-26,2.5168180394074464
2018-03-27,7.031769748909358
2018-03-28,50.69337215496354
2018-03-29,23.89942309669149
2018-03-30,0.0
2018-03-31,0.0
2018-04-01,5.803216316190056
2018-04-02,1.1435289494729006
2018-04-03,3.4160417767024778
2018-04-04,0.00872492812616672
2018-04-05,0.19741426672852827
2018-04-06,46.500052661165576
2018-04-07,5.203439419907739
2018-04-08,0.0
2018-04-09,0.07238327076952966
2018-04-10,0.0
2018-04-11,0.0
2018-04-12,0.0
2018-04-13,17.896130699341043
2018-04-14,28.311528956113946
2018-04-15,0.0
2018-04-16,0.0
2018-04-17,0.0
2018-04-18,0.005834251500895953
2018-04-19,0.0
2018-04-20,0.0
2018-04-21,1.2803918098167388
2018-04-22,11.385348359381188
2018-04-23,0.17341610629366772
2018-04-24,5.081492751260552e-05
2018-04-25,4.903264307952784
2018-04-26,0.0
2018-04-27,0.0
2018-04-28,0.0
2018-04-29,0.0
2018-04-30,0.0
2018-05-01,0.09502889254432109
2018-05-02,2.321193689500666
2018-05-03,18.931355686380613
2018-05-04,5.605533751526174
2018-05-05,1.4705524090830542
2018-05-06,0.01570931555875407
2018-05-07,0.08386321477386857
2018-05-08,0.03473176701405451
2018-05-09,0.02181440105078301
2018-05-10,0.0
2018-05-11,0.0
2018-05-12,0.007918309604311103
2018-05-13,2.667798265936237e-05
2018-05-14,0.014367781965772682
2018-05-15,0.6483526734439837
2018-05-16,2.8018467389374346
2018-05-17,0.06346446388416921
2018-05-18,1.56571688169233
2018-05-19,0.14084886188942466
2018-05-20,1.937061197772583
2018-05-21,10.892173071197735
2018-05-22,5.66516748297957
2018-05-23,7.87971420224991
2018-05-24,2.066741095979657
2018-05-25,12.252649887489868
2018-05-26,1.853926448513859
2018-05-27,0.17153271463467573
2018-05-28,0.29688870441758397
2018-05-29,0.29026304907466444
2018-05-30,0.3839180772577156
2018-05-31,0.09888406214731275
2018-06-01,0.8575887716302337
2018-06-02,1.1753672296793851
2018-06-03,1.8519938809247727
2018-06-04,0.0
2018-06-05,0.2369396353424517
2018-06-06,0.0
2018-06-07,0.2845797828337232
2018-06-08,9.95383951485368
2018-06-09,11.997058088631249
2018-06-10,1.6443700868988462
2018-06-11,0.809990968942433
2018-06-12,4.404604421224316
2018-06-13,5.979826047277052
2018-06-14,0.9970380915785597
2018-06-15,0.24346612316819827
2018-06-16,0.028680111309110155
2018-06-17,0.1376558787564257
2018-06-18,0.9656600037219046
2018-06-19,0.19215211369180177
2018-06-20,3.6597029572882622
2018-06-21,22.386623591965822
2018-06-22,1.590008586265593
2018-06-23,4.394495398600952
2018-06-24,2.8208521433766123
2018-06-25,1.2061722115290505
2018-06-26,0.09702464725074042
2018-06-27,0.0
2018-06-28,0.0
2018-06-29,0.04318398800876365
2018-06-30,0.008900599777047945
2018-07-01,3.35466412544753
2018-07-02,1.2896176407809536
2018-07-03,4.4587180732683604
2018-07-04,0.5897215510331087
2018-07-05,9.730650424234526
2018-07-06,4.025405431604392
2018-07-07,1.6506563544729973
2018-07-08,1.9797191908640457
2018-07-09,1.0169890747751573
2018-07-10,2.8372451170680546
2018-07-11,6.487064023355486
2018-07-12,5.523060108757953
2018-07-13,1.0400772464313954
2018-07-14,0.7726113966325138
2018-07-15,3.705586365578596
2018-07-16,8.759904429251634
2018-07-17,0.3135307728617473
2018-07-18,14.617606709451351
2018-07-19,1.2348239891819979
2018-07-20,0.5132146284031851
2018-07-21,2.067590798693327
2018-07-22,1.5974894695805242
2018-07-23,0.0
2018-07-24,0.0
2018-07-25,0.0
2018-07-26,0.0
2018-07-27,0.8180475110191212
2018-07-28,22.105734788250473
2018-07-29,2.457471193646544
2018-07-30,27.449502094069473
2018-07-31,13.46998647371896
2018-08-01,0.0
2018-08-02,0.0
2018-08-03,0.0
2018-08-04,0.0
2018-08-05,0.0
2018-08-06,0.1978037442766775
2018-08-07,0.8024481257012476
2018-08-08,7.5981007102272455
2018-08-09,43.8729110142031
2018-08-10,1.8249760788572855
2018-08-11,2.5881182738977895
2018-08-12,19.202843088287867
2018-08-13,46.06379604659697
2018-08-14,7.850803571833715
2018-08-15,12.281868871982306
2018-08-16,0.9173737829911471
2018-08-17,10.333706654502677
2018-08-18,9.39092182466714
2018-08-19,5.057690855946425
2018-08-20,19.65712857165317
2018-08-21,0.0
2018-08-22,0.0
2018-08-23,0.0
2018-08-24,0.0
2018-08-25,0.0
2018-08-26,0.0
2018-08-27,0.22302971234468125
2018-08-28,0.9399133160084806
2018-08-29,6.12639798907906
2018-08-30,12.45709918637563
2018-08-31,0.3398084131376913
2018-09-01,1.41143964271621
2018-09-02,2.2914432001318565
2018-09-03,0.6017271912324071
2018-09-04,0.28186222913591324
2018-09-05,0.3358576006892562
2018-09-06,0.4853236480669898
2018-09-07,9.478043229359564
2018-09-08,6.735918782837843
2018-09-09,1.4386133058693606
2018-09-10,0.2384689778172385
2018-09-11,0.06337884094989686
2018-09-12,2.669672021173457
2018-09-13,0.27640069090476554
2018-09-14,0.8944119192462691
2018-09-15,0.07938106046918231
2018-09-16,0.1802239010741522
2018-09-17,0.1939845591340715
2018-09-18,0.31277893081986097
2018-09-19,0.4181757316786945
2018-09-20,0.8406386172910605
2018-09-21,3.972159745118964
2018-09-22,46.70589128683975
2018-09-23,57.299176229083315
2018-09-24,8.89722093733391
2018-09-25,1.3210339210766002
2018-09-26,2.0957842351613407
2018-09-27,4.730109054130491
2018-09-28,0.0005988129523526117
2018-09-29,0.0
2018-09-30,0.47589712393075495
2018-10-01,2.84846920669996
2018-10-02,0.6388644045941367
2018-10-03,0.6874462968136108
2018-10-04,1.3342426749511893
2018-10-05,1.3637902479560249
2018-10-06,0.5269068368808604
2018-10-07,0.7302332357218297
2018-10-08,1.615325295942697
2018-10-09,6.414258038319747
2018-10-10,30.599452468258463
2018-10-11,0.0
2018-10-12,2.4117478393044403
2018-10-13,15.612230757903667
2018-10-14,9.421100082523392
2018-10-15,26.163182236905417
2018-10-16,14.571005395931458
2018-10-17,2.9944789628892954
2018-10-18,0.7065710559064778
2018-10-19,9.600594459703926
2018-10-20,16.586108443549094
2018-10-21,0.0
2018-10-22,0.0
2018-10-23,0.0
2018-10-24,0.0
2018-10-25,18.9610371458207
2018-10-26,0.250912534095022
2018-10-27,0.0
2018-10-28,0.0
2018-10-29,0.0
2018-10-30,1.7812715575794662
2018-10-31,35.07299273947004
2018-11-01,66.54061155568122
2018-11-02,1.4283947931273955
2018-11-03,0.0
2018-11-04,22.541512658721164
2018-11-05,11.260321119542313
2018-11-06,0.19682357403494283
2018-11-07,14.51021329411224
2018-11-08,0.4348680765895264
2018-11-09,4.00310259715717
2018-11-10,0.0
2018-11-11,0.15375206528250587
2018-11-12,18.335208751089105
2018-11-13,0.2668380776514041
2018-11-14,0.7184563686046889
2018-11-15,0.005669023201000969
2018-11-16,0.0
2018-11-17,0.0
2018-11-18,3.1361519727742624
2018-11-19,0.03829195743111298
2018-11-20,0.0
2018-11-21,0.0
2018-11-22,0.003903611441885867
2018-11-23,12.235671668653309
2018-11-24,0.04939567061455747
2018-11-25,0.7948991250472216
2018-11-26,0.0
2018-11-27,0.0
2018-11-28,0.0
2018-11-29,0.2780104224257695
2018-11-30,1.1238416306268104
2018-12-01,13.20015847529459
2018-12-02,0.0
2018-12-03,0.0
2018-12-04,0.0
2018-12-05,0.0
2018-12-06,2.1523514369947017
2018-12-07,8.536295030126425
2018-12-08,41.47184933367822
2018-12-09,7.105447951894156
2018-12-10,0.0
2018-12-11,0.0
2018-12-12,0.5386750165141097
2018-12-13,28.65234577338541
2018-12-14,27.340945839502208
2018-12-15,2.8322139206560175
2018-12-16,0.0029697906754045608
2018-12-17,0.0
2018-12-18,0.006164757425528945
2018-12-19,5.837345549577256
2018-12-20,5.168568540764867
2018-12-21,0.0
2018-12-22,0.0
2018-12-23,0.0
2018-12-24,0.0
2018-12-25,0.8497163511806132
2018-12-26,0.8174361482157461
2018-12-27,63.23776679751594
2018-12-28,0.013202344764862813
2018-12-29,0.0
2018-12-30,0.6219997771639544
2018-12-31,24.764505435610797
2019-01-01,0.012165458387751167
2019-01-02,15.152163486965003
2019-01-03,31.483335647247202
2019-01-04,15.59280073571393
2019-01-05,0.0
2019-01-06,0.0
2019-01-07,0.0
2019-01-08,0.0
2019-01-09,0.0
2019-01-10,0.0
2019-01-11,2.162124589735562
2019-01-12,10.013348184676264
2019-01-13,0.01705883437159187
2019-01-14,0.0
2019-01-15,0.0
2019-01-16,0.07026911744259491
2019-01-17,0.7652201031807304
2019-01-18,0.13491543459212255
2019-01-19,9.538717623256717
2019-01-20,0.0
2019-01-21,0.0
2019-01-22,3.1700895834207374
2019-01-23,38.25679344259867
2019-01-24,0.0
2019-01-25,0.0
2019-01-26,0.46214553242216916
2019-01-27,0.0
2019-01-28,0.05468156807351405
2019-01-29,0.002281242128013106
2019-01-30,0.0
2019-01-31,0.022150181507631664
2019-02-01,0.4360047237662844
2019-02-02,0.02893638850491355
2019-02-03,0.06117061870674933
2019-02-04,0.2703556617026586
2019-02-05,0.11880104609600477
2019-02-06,7.927126889697078
2019-02-07,18.607607310362898
2019-02-08,0.0
2019-02-09,0.6529277163094589
2019-02-10,11.892599636193939
2019-02-11,60.80029821949722
2019-02-12,11.592033972399829
2019-02-13,0.0
2019-02-14,0.006668405632017924
2019-02-15,3.7217126211726064
2019-02-16,1.9250000027002185
2019-02-17,4.208096721148237
2019-02-18,0.0
2019-02-19,29.83657749144631
2019-02-20,41.3295834695037
2019-02-21,3.8991742293239713
2019-02-22,6.059297120095394
2019-02-23,26.12823687850846
2019-02-24,0.0
2019-02-25,0.0
2019-02-26,0.019534692521099448
2019-02-27,0.4016499492521211
2019-02-28,0.8568109932343889
2019-03-01,0.00956037316223537
2019-03-02,0.06487134694598891
2019-03-03,0.7986625814910794
2019-03-04,0.0
2019-03-05,0.0
2019-03-06,0.0
2019-03-07,0.8823283889724667
2019-03-08,3.7981038541862406
2019-03-09,41.02770454677242
2019-03-10,0.020945940782166883
2019-03-11,2.197732442150015
2019-03-12,6.4041168168371
2019-03-13,20.873755557967037
2019-03-14,17.78775522421883
2019-03-15,0.0
2019-03-16,0.0
2019-03-17,0.0
2019-03-18,0.0
2019-03-19,0.0
2019-03-20,0.0
2019-03-21,0.0
2019-03-22,0.0
2019-03-23,1.4245610483599638
2019-03-24,13.399171747964054
2019-03-25,12.578870159459917
2019-03-26,0.00018389953714570488
2019-03-27,0.0
2019-03-28,0.0
2019-03-29,1.4852866572122894
2019-03-30,3.30300437220523
2019-03-31,0.0
2019-04-01,0.5909772403547635
2019-04-02,0.0
2019-04-03,0.0
2019-04-04,28.707149073076874
2019-04-05,0.05713226985869342
2019-04-06,30.772160502292788
2019-04-07,7.139290914355146
2019-04-08,2.830143820435378
2019-04-09,0.0
2019-04-10,0.0
2019-04-11,0.021375631604326407
2019-04-12,0.0
2019-04-13,41.946764210662714
2019-04-14,16.954770382475502
2019-04-15,0.0
2019-04-16,0.0
2019-04-17,4.003371777159887
2019-04-18,53.73823225127637
2019-04-19,0.777406321177578
2019-04-20,0.0
2019-04-21,0.0
2019-04-22,0.0
2019-04-23,0.5193332058273838
2019-04-24,2.7993775798230587
2019-04-25,30.02923617009127
2019-04-26,0.0
2019-04-27,0.07070273061215826
2019-04-28,0.5213605339923764
2019-04-29,0.036927473876238404
2019-04-30,0.6662196056090225
2019-05-01,34.91714265586993
2019-05-02,64.77518748143882
2019-05-03,1.4171168151478362
2019-05-04,12.89874247854739
2019-05-05,0.040551383875812884
2019-05-06,0.6062390906168426
2019-05-07,0.08294183889826923
2019-05-08,32.58963103370849
2019-05-09,22.591232194748272
2019-05-10,1.751118360110643
2019-05-11,10.592583237553793
2019-05-12,0.2209954635557254
2019-05-13,0.1145547229926797
2019-05-14,1.41599061439692
2019-05-15,0.5370944131055619
2019-05-16,0.06924545161011011
2019-05-17,0.0
2019-05-18,4.724480831923157
2019-05-19,35.59752185776286
2019-05-20,4.185179783233686
2019-05-21,16.230283724348066
2019-05-22,2.4808955615720363
2019-05-23,0.25839408466883435
2019-05-24,0.0013511969193751873
2019-05-25,0.004169550445910617
2019-05-26,0.002273782182900478
2019-05-27,0.01651641501823493
2019-05-28,2.6427311482209666
2019-05-29,22.379865893675536
2019-05-30,34.168049367977936
2019-05-31,0.0
2019-06-01,0.007297967331984234
2019-06-02,2.9596025408012396
2019-06-03,4.194271791784108
2019-06-04,1.5739959035794586
2019-06-05,33.41376039395871
2019-06-06,19.18360522530515
2019-06-07,5.8990530002465915
2019-06-08,0.6830480964815426
2019-06-09,0.0002571547781740495
2019-06-10,0.0
2019-06-11,0.0
2019-06-12,2.0052316603960922
2019-06-13,0.026047402162816414
2019-06-14,0.01140487735332489
2019-06-15,0.516902930194739
2019-06-16,16.274091612430908
2019-06-17,5.412092383740754
2019-06-18,0.21443855822216368
2019-06-19,9.290649902212081
2019-06-20,11.621010711916261
2019-06-21,0.10290658986751855
2019-06-22,28.68661418430116
2019-06-23,32.10067396445335
2019-06-24,37.93253315719028
2019-06-25,6.947045299806223
2019-06-26,1.1313993509571647
2019-06-27,0.057310227353040956
2019-06-28,1.4945428261975786
2019-06-29,2.7358696096722417
2019-06-30,1.0581278100097424
2019-07-01,5.3951959149123185
2019-07-02,2.340828934042902
2019-07-03,4.938818806152757
2019-07-04,4.5033511538874285
2019-07-05,0.3558952936903754
2019-07-06,20.55369023019535
2019-07-07,15.591614249498202
2019-07-08,15.704643950078282
2019-07-09,0.02407631834679384
2019-07-10,1.3041149262261935
2019-07-11,0.0
2019-07-12,0.0
2019-07-13,1.4282568009405698
2019-07-14,16.37566224472026
2019-07-15,37.87940207735781
2019-07-16,51.82753967549555
2019-07-17,0.03025915036019122
2019-07-18,0.09667110269336063
2019-07-19,0.0062383382912255024
2019-07-20,0.24474275426857908
2019-07-21,0.0909122117770874
2019-07-22,2.124409247082862
2019-07-23,0.013572753346631439
2019-07-24,0.0
2019-07-25,0.0
2019-07-26,0.0
2019-07-27,0.0
2019-07-28,0.12702083756338214
2019-07-29,5.2095581301974265
2019-07-30,0.5806134923688961
2019-07-31,0.14231517523840514
2019-08-01,12.000458937359221
2019-08-02,3.3512614603992246
2019-08-03,4.4319516675579775
2019-08-04,0.6403540932263102
2019-08-05,0.7808115497514311
2019-08-06,0.39417876038305866
2019-08-07,0.27739784615336727
2019-08-08,9.528398047897717
2019-08-09,3.6552828590304376
2019-08-10,1.524262249037018
2019-08-11,0.04564737990881936
2019-08-12,0.0713037310706024
2019-08-13,1.8738102482957133
2019-08-14,0.027424661595363598
2019-08-15,0.3740491591958139
2019-08-16,0.010075648525930122
2019-08-17,0.09364323605774082
2019-08-18,1.084575941402136
2019-08-19,0.4001095661928747
2019-08-20,0.17495344973904095
2019-08-21,0.0064558729112872675
2019-08-22,3.959674948722555
2019-08-23,3.296863792391471
2019-08-24,6.536287003951364
2019-08-25,5.841600539407136
2019-08-26,0.906101811097387
2019-08-27,44.24581299439899
2019-08-28,3.4751102336273356
2019-08-29,0.007689849899410382
2019-08-30,0.1199275772827998
2019-08-31,5.113084720204413
2019-09-01,2.0847008645568117
2019-09-02,1.4872186233348548
2019-09-03,0.0011837034528809735
2019-09-04,0.0
2019-09-05,0.015503948926880312
2019-09-06,0.006514025656315806
2019-09-07,0.9063827048413623
2019-09-08,0.010999451551489922
2019-09-09,0.0
2019-09-10,0.12725800509553012
2019-09-11,0.2434118829167783
2019-09-12,0.038104961222886556
2019-09-13,0.25540361574279435
2019-09-14,0.3289993341580857
2019-09-15,0.012135027224099178
2019-09-16,0.0
2019-09-17,0.017246778551875775
2019-09-18,0.010176088572499726
2019-09-19,0.7726178013721522
2019-09-20,10.70175554389604
2019-09-21,1.1724330924852373
2019-09-22,4.219688093413121
2019-09-23,24.442641722711127
2019-09-24,19.204940587809713
2019-09-25,1.2532488486570157
2019-09-26,0.809233954049772
2019-09-27,0.07212094880378454
2019-09-28,3.8574578468378635
2019-09-29,0.04319347723652058
2019-09-30,0.02548034662623072
2019-10-01,0.0
2019-10-02,0.0
2019-10-03,8.133708900043302
2019-10-04,4.9075512153849115
2019-10-05,0.024593192098979724
2019-10-06,1.214555107380493
2019-10-07,24.403655097502117
2019-10-08,0.0
2019-10-09,0.0
2019-10-10,0.016800634333028742
2019-10-11,31.67045343922734
2019-10-12,0.0
2019-10-13,0.050276320290185944
2019-10-14,0.0
2019-10-15,28.690953568255832
2019-10-16,6.97748616182431
2019-10-17,0.0
2019-10-18,0.0
2019-10-19,2.723108505675816
2019-10-20,4.659587327400175
2019-10-21,30.283559446842084
2019-10-22,0.0
2019-10-23,0.0
2019-10-24,0.022995511040669558
2019-10-25,8.530232663172473
2019-10-26,4.641865124608644
2019-10-27,0.0
2019-10-28,0.24514443066584168
2019-10-29,0.879639812269814
2019-10-30,45.80412658568402
2019-10-31,1.0847345936918866
2019-11-01,0.0
2019-11-02,0.0
2019-11-03,0.0
2019-11-04,0.1903140100021344
2019-11-05,2.1812614122505214
2019-11-06,0.02571632290928337
2019-11-07,66.34993858891303
2019-11-08,0.0
2019-11-09,0.0
2019-11-10,0.0
2019-11-11,15.207113755570319
2019-11-12,0.5823542145170202
2019-11-13,0.0
2019-11-14,0.0003646388188312097
2019-11-15,0.0
2019-11-16,0.09275360340692788
2019-11-17,0.09275360340692788
2019-11-18,0.09275360340692788
2019-11-19,0.09275360340692788
2019-11-20,2.012187753574758
2019-11-21,10.982223822963292
2019-11-22,35.00445572296619
2019-11-23,0.5169260053498405
2019-11-24,0.0
2019-11-25,9.946371069295703e-05
2019-11-26,9.441858917178156
2019-11-27,0.9042183590175884
2019-11-28,10.5877830621542
2019-11-29,3.959329711230884
2019-11-30,16.388416439068315
2019-12-01,0.0033814937282206033
2019-12-02,0.0033814937282206033
2019-12-03,0.0033814937282206033
2019-12-04,0.0033814937282206033
2019-12-05,0.0033814937282206033
2019-12-06,12.249024843784659
2019-12-07,0.0
2019-12-08,0.0
2019-12-09,0.3708842180799648
2019-12-10,8.320728751913721
2019-12-11,0.0
2019-12-12,0.0
2019-12-13,0.4122813691806303
2019-12-14,0.13234642539283176
2019-12-15,1.2045804234763888
2019-12-16,13.207064972753873
2019-12-17,0.07151067353230552
2019-12-18,0.0
2019-12-19,0.0
2019-12-20,0.0
2019-12-21,1.689955840563435
2019-12-22,0.0
2019-12-23,0.0
2019-12-24,0.0
2019-12-25,0.0
2019-12-26,0.11490472168270506
2019-12-27,0.2498186274096401
2019-12-28,8.176475284745052
2019-12-29,19.314935980513905
2019-12-30,0.0
2019-12-31,0.0
