,precipitation
1989-01-01,0.0
1989-01-02,0.02333993934945972
1989-01-03,0.0
1989-01-04,0.0
1989-01-05,0.08692033725501816
1989-01-06,0.10395205120200321
1989-01-07,0.10395205120200321
1989-01-08,0.10395205120200321
1989-01-09,0.10395205120200321
1989-01-10,0.10395205120200321
1989-01-11,0.0
1989-01-12,0.0
1989-01-13,0.0
1989-01-14,0.0
1989-01-15,0.0
1989-01-16,0.0
1989-01-17,0.0
1989-01-18,0.0
1989-01-19,0.0
1989-01-20,0.0
1989-01-21,0.0
1989-01-22,0.0
1989-01-23,0.0
1989-01-24,0.0
1989-01-25,0.0
1989-01-26,0.5748642772247602
1989-01-27,0.8806951164358093
1989-01-28,12.590484614895587
1989-01-29,0.003666152188559663
1989-01-30,0.0
1989-01-31,0.0
1989-02-01,0.0
1989-02-02,0.12492635556411325
1989-02-03,0.3198789171987929
1989-02-04,0.18369837726651542
1989-02-05,0.18391619920655108
1989-02-06,1.3885044531335868
1989-02-07,0.013752019694471622
1989-02-08,0.03392565886795688
1989-02-09,8.208580922948648e-05
1989-02-10,0.0
1989-02-11,0.0
1989-02-12,2.4092370056627996
1989-02-13,0.10350996166820946
1989-02-14,2.4344973779015815
1989-02-15,0.8590436523646493
1989-02-16,0.014510182151834172
1989-02-17,12.812165921370354
1989-02-18,0.46292638550702064
1989-02-19,0.2368832994409124
1989-02-20,0.8373073671741837
1989-02-21,0.0
1989-02-22,0.0
1989-02-23,0.0
1989-02-24,0.0
1989-02-25,0.0
1989-02-26,0.0
1989-02-27,0.0
1989-02-28,0.0
1989-03-01,0.8159633866610593
1989-03-02,0.14795500018378588
1989-03-03,0.003488006753172962
1989-03-04,0.10766459710773742
1989-03-05,0.1515987080233063
1989-03-06,0.0
1989-03-07,0.0
1989-03-08,0.0
1989-03-09,0.0
1989-03-10,0.0
1989-03-11,0.0
1989-03-12,0.0
1989-03-13,0.0
1989-03-14,0.0
1989-03-15,0.0
1989-03-16,0.0
1989-03-17,0.0
1989-03-18,0.0
1989-03-19,0.0
1989-03-20,0.0
1989-03-21,3.5807714816315213
1989-03-22,0.0
1989-03-23,0.0
1989-03-24,0.0
1989-03-25,0.0
1989-03-26,3.9535813962399886
1989-03-27,26.320424405133075
1989-03-28,0.24827154968701587
1989-03-29,0.0
1989-03-30,2.06557527390417
1989-03-31,0.2502116079647286
1989-04-01,0.0
1989-04-02,0.0015065498733532723
1989-04-03,0.0
1989-04-04,0.0005791299021589159
1989-04-05,0.8725734756904826
1989-04-06,0.0
1989-04-07,0.0
1989-04-08,0.0
1989-04-09,0.0
1989-04-10,0.5052915715451908
1989-04-11,0.05117695490717727
1989-04-12,2.3020956933096897
1989-04-13,3.367784068952386
1989-04-14,0.03413932832108483
1989-04-15,0.0035916481385946273
1989-04-16,0.0
1989-04-17,0.0
1989-04-18,0.0
1989-04-19,0.0
1989-04-20,0.0
1989-04-21,1.0343306397326777
1989-04-22,1.0106509849880199
1989-04-23,0.12307907879585042
1989-04-24,0.7052902940917327
1989-04-25,1.3395221478318466
1989-04-26,4.911055367918276
1989-04-27,6.187841710963164
1989-04-28,0.0
1989-04-29,0.0
1989-04-30,0.3327266076144771
1989-05-01,4.590515395573939
1989-05-02,1.267314768403362
1989-05-03,0.5340150330257752
1989-05-04,14.07814791830078
1989-05-05,11.996234390372342
1989-05-06,0.0
1989-05-07,0.0
1989-05-08,6.57849017836133e-05
1989-05-09,0.0
1989-05-10,1.526169712242674
1989-05-11,1.3736426145870788
1989-05-12,9.250403680489049
1989-05-13,2.559047492537775
1989-05-14,1.438650012774482
1989-05-15,40.528266991816544
1989-05-16,6.110799604696595
1989-05-17,21.8990996891413
1989-05-18,3.412262908093679
1989-05-19,0.13063181433689186
1989-05-20,0.0011151502768315476
1989-05-21,0.09587668484433615
1989-05-22,0.08402811694886454
1989-05-23,0.012021407955231572
1989-05-24,0.0
1989-05-25,0.0
1989-05-26,0.0016777092639607915
1989-05-27,0.0
1989-05-28,0.10556001654855458
1989-05-29,0.013878922146502598
1989-05-30,1.168685067621653
1989-05-31,8.362358767863654
1989-06-01,35.24646583082691
1989-06-02,1.2364170403096844
1989-06-03,3.362727158362865
1989-06-04,27.633822695016615
1989-06-05,4.374392881924188e-05
1989-06-06,2.6512626516094473
1989-06-07,16.75490693450039
1989-06-08,0.07892086731966015
1989-06-09,2.3015462633130714
1989-06-10,2.1521898968183497
1989-06-11,24.05604123497538
1989-06-12,8.902848526030597
1989-06-13,45.95531446654168
1989-06-14,0.055652233754468275
1989-06-15,0.0
1989-06-16,1.133807372030687
1989-06-17,1.133807372030687
1989-06-18,1.133807372030687
1989-06-19,1.133807372030687
1989-06-20,1.133807372030687
1989-06-21,0.27906562759048387
1989-06-22,10.455557405382065
1989-06-23,24.972794312306785
1989-06-24,0.15876343602818654
1989-06-25,0.003078585904541187
1989-06-26,0.38948907027712165
1989-06-27,1.453623943983254
1989-06-28,0.7651127657372916
1989-06-29,0.013652188549474937
1989-06-30,0.5626505177564017
1989-07-01,0.0
1989-07-02,0.0
1989-07-03,0.0
1989-07-04,0.0
1989-07-05,0.0
1989-07-06,0.0
1989-07-07,0.0
1989-07-08,0.0
1989-07-09,2.361277941621371
1989-07-10,0.9256205249464589
1989-07-11,2.4907108897076085
1989-07-12,4.464511256693012
1989-07-13,14.604413176322097
1989-07-14,8.671438776185633
1989-07-15,0.7990180715422491
1989-07-16,1.23481441969128
1989-07-17,1.852501304405797
1989-07-18,0.9997827932807596
1989-07-19,0.0
1989-07-20,0.0
1989-07-21,0.0
1989-07-22,0.0
1989-07-23,0.0
1989-07-24,0.0
1989-07-25,0.0
1989-07-26,0.35817478108338907
1989-07-27,0.8041777003131282
1989-07-28,0.4954831369523423
1989-07-29,0.6961569399351959
1989-07-30,3.5992958666049395
1989-07-31,1.297936163408269
1989-08-01,0.0940532878265604
1989-08-02,0.09127014939186286
1989-08-03,0.0638654222550302
1989-08-04,0.05843003478467078
1989-08-05,0.13495373277742465
1989-08-06,28.73694902522447
1989-08-07,21.203762381566193
1989-08-08,0.001323998638847416
1989-08-09,0.17011686365160117
1989-08-10,1.888526950036051
1989-08-11,1.557077729104686
1989-08-12,6.021937376880173
1989-08-13,16.047356492507628
1989-08-14,9.611735156165565
1989-08-15,1.1916661753550217
1989-08-16,0.3980180395818717
1989-08-17,0.6573169811729941
1989-08-18,0.3392496050872455
1989-08-19,0.08745629963433633
1989-08-20,0.29123052245682945
1989-08-21,2.6353641352941373
1989-08-22,4.238978711650828
1989-08-23,1.0152300084275676
1989-08-24,2.7668316727064997
1989-08-25,0.7177464243561084
1989-08-26,0.40139916699415806
1989-08-27,1.3273506840502183
1989-08-28,2.4857926081765425
1989-08-29,12.091832962162526
1989-08-30,4.517155203305645
1989-08-31,0.13052479456302032
1989-09-01,0.6930631003121237
1989-09-02,4.401880899508903
1989-09-03,2.6555519036134436
1989-09-04,0.5819228802570783
1989-09-05,0.2858363581299238
1989-09-06,0.0786318322901001
1989-09-07,0.11355047372264063
1989-09-08,1.2091789499180938
1989-09-09,0.23427442490387304
1989-09-10,0.018204433741103563
1989-09-11,10.974044538817884
1989-09-12,10.45036336008993
1989-09-13,32.88913085925321
1989-09-14,0.0033486456092102616
1989-09-15,0.0
1989-09-16,0.0
1989-09-17,0.0
1989-09-18,0.0
1989-09-19,0.0
1989-09-20,0.0
1989-09-21,0.0005359339394018533
1989-09-22,0.11755664136583169
1989-09-23,0.0
1989-09-24,0.0
1989-09-25,0.0
1989-09-26,0.0
1989-09-27,0.0
1989-09-28,0.0
1989-09-29,0.0
1989-09-30,0.0
1989-10-01,0.0
1989-10-02,0.0
1989-10-03,0.0
1989-10-04,0.0
1989-10-05,1.160168589909069
1989-10-06,34.88716112662164
1989-10-07,0.0
1989-10-08,0.012918373392554321
1989-10-09,0.1453988087101352
1989-10-10,0.008549836782558577
1989-10-11,0.0
1989-10-12,0.0
1989-10-13,0.0
1989-10-14,0.0
1989-10-15,0.0
1989-10-16,0.00046342994388016523
1989-10-17,0.806414874244881
1989-10-18,0.12138707923625781
1989-10-19,0.0012397604395809785
1989-10-20,0.0
1989-10-21,2.7013097256706863e-05
1989-10-22,2.7013097256706863e-05
1989-10-23,2.7013097256706863e-05
1989-10-24,2.7013097256706863e-05
1989-10-25,0.011616017682489639
1989-10-26,0.16485676694916448
1989-10-27,0.6504047146866997
1989-10-28,0.5612136207354497
1989-10-29,0.7759060885632967
1989-10-30,0.8677463779328467
1989-10-31,0.0
1989-11-01,0.0
1989-11-02,0.0
1989-11-03,0.0
1989-11-04,0.0
1989-11-05,0.0
1989-11-06,0.0
1989-11-07,0.0
1989-11-08,0.0008135034125145981
1989-11-09,0.0
1989-11-10,0.0
1989-11-11,0.0
1989-11-12,0.0
1989-11-13,0.0
1989-11-14,0.0
1989-11-15,0.016502099265453003
1989-11-16,0.0
1989-11-17,0.0
1989-11-18,0.0
1989-11-19,0.0
1989-11-20,0.0
1989-11-21,2.2817384953246538e-05
1989-11-22,0.005530460828246874
1989-11-23,2.2817384953246538e-05
1989-11-24,2.2817384953246538e-05
1989-11-25,2.2817384953246538e-05
1989-11-26,0.00016150584253351135
1989-11-27,0.00016150584253351135
1989-11-28,0.00016150584253351135
1989-11-29,0.00016150584253351135
1989-11-30,0.18811537535244907
1989-12-01,1.1108131315404286
1989-12-02,0.9015369981010922
1989-12-03,0.0
1989-12-04,0.0
1989-12-05,0.0
1989-12-06,0.0
1989-12-07,6.9846441024574615
1989-12-08,0.4010862422541771
1989-12-09,0.0
1989-12-10,0.0
1989-12-11,0.9654454471497238
1989-12-12,0.0008722611771728498
1989-12-13,0.0
1989-12-14,0.0
1989-12-15,0.007411322053225084
1989-12-16,3.7062511026029044
1989-12-17,0.5252675213698589
1989-12-18,0.08066942214166552
1989-12-19,0.105899850959599
1989-12-20,0.0
1989-12-21,0.27772706761845173
1989-12-22,0.4610241924657706
1989-12-23,0.0
1989-12-24,0.0
1989-12-25,0.0
1989-12-26,0.0
1989-12-27,0.0
1989-12-28,0.2931995237240699
1989-12-29,0.0034981951626130024
1989-12-30,0.044199685676006815
1989-12-31,0.16649256948380792
1990-01-01,0.0
1990-01-02,0.0
1990-01-03,0.2918967086386
1990-01-04,0.0
1990-01-05,0.0
1990-01-06,0.0
1990-01-07,0.0
1990-01-08,0.0
1990-01-09,0.0
1990-01-10,0.0
1990-01-11,0.0
1990-01-12,0.0
1990-01-13,0.0
1990-01-14,0.0
1990-01-15,0.0
1990-01-16,5.685999172466499
1990-01-17,0.0008413824669686028
1990-01-18,4.638010859337209
1990-01-19,16.73439281953644
1990-01-20,1.5958794880735257e-05
1990-01-21,0.0
1990-01-22,0.0
1990-01-23,0.0
1990-01-24,0.0
1990-01-25,0.0
1990-01-26,8.473860418918103e-05
1990-01-27,8.473860418918103e-05
1990-01-28,8.473860418918103e-05
1990-01-29,8.473860418918103e-05
1990-01-30,8.473860418918103e-05
1990-01-31,0.0002762335122062903
1990-02-01,0.13769048064749573
1990-02-02,0.6694069807559551
1990-02-03,1.2212358054277763
1990-02-04,0.0
1990-02-05,0.0
1990-02-06,1.5225417153992729
1990-02-07,0.0
1990-02-08,0.0
1990-02-09,0.0
1990-02-10,0.0
1990-02-11,0.0
1990-02-12,0.0
1990-02-13,0.17392853641844977
1990-02-14,8.268008002073843
1990-02-15,6.720726715788319
1990-02-16,0.003257842317960038
1990-02-17,0.0
1990-02-18,0.0
1990-02-19,0.5815803153992057
1990-02-20,8.342107760933544
1990-02-21,14.516958679747981
1990-02-22,14.380250727461837
1990-02-23,0.0
1990-02-24,0.0
1990-02-25,0.0
1990-02-26,0.0
1990-02-27,3.44633165215669
1990-02-28,19.700681860294257
1990-03-01,0.0005363390034102732
1990-03-02,0.0
1990-03-03,0.0
1990-03-04,1.871385460200633e-05
1990-03-05,0.811066342574819
1990-03-06,5.088005642041744
1990-03-07,0.04130830406542403
1990-03-08,0.0
1990-03-09,0.08002227866031603
1990-03-10,5.48096989787584
1990-03-11,5.049623018416512
1990-03-12,5.1411485389691995e-05
1990-03-13,7.767380139788638
1990-03-14,0.02974673526102872
1990-03-15,0.06503922333668075
1990-03-16,0.0
1990-03-17,0.0
1990-03-18,0.0
1990-03-19,0.0
1990-03-20,0.0
1990-03-21,0.0
1990-03-22,0.0
1990-03-23,0.7008527374205086
1990-03-24,0.5033636996573878
1990-03-25,0.1413643458318917
1990-03-26,0.567497191793318
1990-03-27,1.7470713643855833
1990-03-28,1.8584304399822156
1990-03-29,8.519433555002891
1990-03-30,5.439844827488392
1990-03-31,0.8922107075630624
1990-04-01,1.509983696733165
1990-04-02,0.0
1990-04-03,0.011504089119501439
1990-04-04,0.029918639568821445
1990-04-05,0.736352339873742
1990-04-06,0.569137654514379
1990-04-07,0.0
1990-04-08,0.06677278763896317
1990-04-09,0.38608659179903326
1990-04-10,0.06230308353118338
1990-04-11,0.0
1990-04-12,0.8578908505389701
1990-04-13,1.1020185053802944
1990-04-14,0.1808675027803365
1990-04-15,0.000266851645009771
1990-04-16,0.07797047381888006
1990-04-17,7.328550264445225
1990-04-18,3.325944720788201
1990-04-19,6.02732436047844
1990-04-20,0.1939708864744677
1990-04-21,0.018490980651266323
1990-04-22,1.2282102424244328
1990-04-23,0.4554769624686458
1990-04-24,11.486619311952605
1990-04-25,21.746114303030225
1990-04-26,2.192214377921361
1990-04-27,13.567685632700982
1990-04-28,0.0
1990-04-29,0.0
1990-04-30,0.0
1990-05-01,0.40510371532035483
1990-05-02,3.619448739480455
1990-05-03,0.27851091352091295
1990-05-04,0.002029500664354822
1990-05-05,0.0046726946558075435
1990-05-06,0.059965565242030845
1990-05-07,0.004080303096535963
1990-05-08,0.004080303096535963
1990-05-09,0.2663199651766961
1990-05-10,0.004080303096535963
1990-05-11,4.8036168785018445
1990-05-12,1.887768345537589
1990-05-13,0.0
1990-05-14,0.3505935729381488
1990-05-15,5.667717236153876
1990-05-16,0.009140363279647961
1990-05-17,0.0
1990-05-18,3.039021954898607
1990-05-19,0.01955541913531397
1990-05-20,0.03581093371012053
1990-05-21,0.12461560384581834
1990-05-22,0.0
1990-05-23,0.4706005561755025
1990-05-24,6.999299892549134
1990-05-25,0.042384985472751026
1990-05-26,0.0023696542685466
1990-05-27,2.4748528453250356
1990-05-28,0.4862640571446775
1990-05-29,20.6021492727738
1990-05-30,7.625938604594855
1990-05-31,0.5523958065259804
1990-06-01,4.473723010159266
1990-06-02,0.0
1990-06-03,0.0
1990-06-04,0.0
1990-06-05,1.5391329008721752
1990-06-06,0.0006163208186399072
1990-06-07,1.1021296125657674
1990-06-08,0.06389414814002241
1990-06-09,5.745418030221655
1990-06-10,0.033109764037252264
1990-06-11,0.0
1990-06-12,0.025714316242266708
1990-06-13,1.2110793194423244
1990-06-14,2.3819043834579237
1990-06-15,0.09179994972824138
1990-06-16,16.795652174636064
1990-06-17,0.0
1990-06-18,0.0
1990-06-19,0.0
1990-06-20,0.042930694179865295
1990-06-21,6.2237315095831205
1990-06-22,4.742243262967427
1990-06-23,0.019376980674414363
1990-06-24,0.22650477467412652
1990-06-25,0.037575317006690014
1990-06-26,0.39389503040987145
1990-06-27,0.13473657987819546
1990-06-28,0.06616730661477839
1990-06-29,0.0
1990-06-30,0.0
1990-07-01,0.0
1990-07-02,0.0
1990-07-03,0.0
1990-07-04,0.0
1990-07-05,0.0
1990-07-06,0.0001284840001341637
1990-07-07,0.0026054631097079256
1990-07-08,0.07962281551651108
1990-07-09,0.1597288599747637
1990-07-10,0.0007022087840731349
1990-07-11,1.4001626930107625
1990-07-12,0.0043837927320811276
1990-07-13,0.0
1990-07-14,0.0
1990-07-15,0.962020348363571
1990-07-16,0.035075629244213445
1990-07-17,0.39839919064067825
1990-07-18,1.575224296235399
1990-07-19,0.2533588139073024
1990-07-20,0.356663059018185
1990-07-21,3.136911579662171
1990-07-22,1.5364460365655594
1990-07-23,0.361691535763219
1990-07-24,0.13844229061369592
1990-07-25,1.3975195983484343
1990-07-26,0.7662206096896004
1990-07-27,1.7255333830273079
1990-07-28,18.301041140214917
1990-07-29,5.812244278781499
1990-07-30,8.212810184390724
1990-07-31,9.75151020708079
1990-08-01,0.7511279106848553
1990-08-02,2.7010029042244805
1990-08-03,18.64889159453195
1990-08-04,11.379931259597887
1990-08-05,0.040487509781413404
1990-08-06,0.0
1990-08-07,0.0
1990-08-08,0.0
1990-08-09,0.4872191939989822
1990-08-10,0.159685310855893
1990-08-11,0.622560533340517
1990-08-12,3.434786038334401
1990-08-13,5.396861150242906
1990-08-14,0.8780722910821092
1990-08-15,9.073863277184032
1990-08-16,5.765366319571759
1990-08-17,1.7672830573118556
1990-08-18,16.24022713655495
1990-08-19,3.552941721515737
1990-08-20,2.514081074826162
1990-08-21,0.2981917890016967
1990-08-22,0.13117633122412353
1990-08-23,2.7420639330066447
1990-08-24,3.5808651531190216
1990-08-25,0.07431370139175475
1990-08-26,0.0
1990-08-27,0.0
1990-08-28,0.0
1990-08-29,0.0
1990-08-30,0.0
1990-08-31,0.0
1990-09-01,0.0
1990-09-02,0.0
1990-09-03,0.0
1990-09-04,0.0
1990-09-05,0.0
1990-09-06,0.009717273876595
1990-09-07,1.5252942811465675
1990-09-08,6.516059145114111
1990-09-09,0.0
1990-09-10,0.49399734526845396
1990-09-11,1.9677081279146469
1990-09-12,0.5056603828052725
1990-09-13,0.13591928276661924
1990-09-14,0.0
1990-09-15,0.0
1990-09-16,0.13880637427274223
1990-09-17,26.622031165401378
1990-09-18,0.588851953008873
1990-09-19,6.12410652072611
1990-09-20,6.01976534311082
1990-09-21,7.5193976508755735
1990-09-22,0.012149293399641384
1990-09-23,0.0
1990-09-24,0.0
1990-09-25,0.0
1990-09-26,0.8811875075969483
1990-09-27,0.05742733036995977
1990-09-28,1.2042397850620563
1990-09-29,13.832176939759913
1990-09-30,8.231659248975554
1990-10-01,1.324616583268659
1990-10-02,11.510661118397177
1990-10-03,3.8346563057323038
1990-10-04,0.0
1990-10-05,0.0
1990-10-06,0.02018763685084859
1990-10-07,0.00013498353518372398
1990-10-08,2.8922241656489756
1990-10-09,11.265207274810724
1990-10-10,0.0
1990-10-11,6.473377469264012e-05
1990-10-12,6.473377469264012e-05
1990-10-13,6.473377469264012e-05
1990-10-14,6.473377469264012e-05
1990-10-15,6.473377469264012e-05
1990-10-16,0.0
1990-10-17,0.0
1990-10-18,0.0
1990-10-19,0.0
1990-10-20,0.0
1990-10-21,0.2614831171713678
1990-10-22,0.14552753711501568
1990-10-23,0.14552753711501568
1990-10-24,0.14552753711501568
1990-10-25,0.14552753711501568
1990-10-26,0.09088144053294499
1990-10-27,0.09088144053294499
1990-10-28,0.09088144053294499
1990-10-29,0.09088144053294499
1990-10-30,0.09088144053294499
1990-10-31,0.09088144053294499
1990-11-01,0.0
1990-11-02,0.964781025737789
1990-11-03,11.210279382418127
1990-11-04,7.230550993156274
1990-11-05,0.0
1990-11-06,0.0
1990-11-07,0.004910679752468172
1990-11-08,0.06892595890422334
1990-11-09,0.00018032092037092735
1990-11-10,0.0
1990-11-11,0.0
1990-11-12,0.0
1990-11-13,0.0
1990-11-14,0.0
1990-11-15,0.0
1990-11-16,0.08152601748747375
1990-11-17,0.0
1990-11-18,0.0
1990-11-19,0.0
1990-11-20,0.13170782756970706
1990-11-21,0.0
1990-11-22,0.0
1990-11-23,0.0
1990-11-24,0.0
1990-11-25,0.0
1990-11-26,0.2542992273701863
1990-11-27,0.0
1990-11-28,0.0
1990-11-29,0.0
1990-11-30,0.0
1990-12-01,0.00010277911823194003
1990-12-02,0.00044537619801551754
1990-12-03,0.00010277911823194003
1990-12-04,0.00010277911823194003
1990-12-05,0.00010277911823194003
1990-12-06,0.0010756491444715098
1990-12-07,0.0
1990-12-08,0.0
1990-12-09,0.0
1990-12-10,0.0
1990-12-11,0.0
1990-12-12,0.0
1990-12-13,0.0
1990-12-14,0.0
1990-12-15,0.0
1990-12-16,8.216186445735236
1990-12-17,1.764059066409069
1990-12-18,0.5918111592470297
1990-12-19,0.0
1990-12-20,0.0
1990-12-21,1.0472316633055907
1990-12-22,0.9566345184779901
1990-12-23,0.7942847954697047
1990-12-24,0.0
1990-12-25,0.0
1990-12-26,0.0034404034174980087
1990-12-27,0.4525325387590225
1990-12-28,0.2952741377328872
1990-12-29,0.05052082976446884
1990-12-30,1.16922039819337
1990-12-31,0.001372500692110051
1991-01-01,0.004424048046388863
1991-01-02,0.11872255063366238
1991-01-03,0.7043950192871505
1991-01-04,2.5925195982970153
1991-01-05,0.2627949787832931
1991-01-06,0.6344602367032656
1991-01-07,0.10929897803485637
1991-01-08,0.028086804002837515
1991-01-09,0.9937741105312331
1991-01-10,6.750678978211298
1991-01-11,0.24862638686289623
1991-01-12,0.00016300662095658467
1991-01-13,0.00016300662095658467
1991-01-14,0.2494077421822869
1991-01-15,1.430293476098631
1991-01-16,0.13074550208049748
1991-01-17,9.869960593352238e-05
1991-01-18,0.001078044547428637
1991-01-19,0.04902710282063803
1991-01-20,0.036647686442009136
1991-01-21,0.09833952141710164
1991-01-22,0.0001267417478561209
1991-01-23,0.0001267417478561209
1991-01-24,0.02904522149057976
1991-01-25,0.008581696820632312
1991-01-26,0.000858989920928657
1991-01-27,0.0006898732121987286
1991-01-28,0.0005274131943826861
1991-01-29,0.042599691540566836
1991-01-30,1.2629564839455025
1991-01-31,7.532927295717727e-05
1991-02-01,1.2878287159242566e-05
1991-02-02,1.2878287159242566e-05
1991-02-03,1.2878287159242566e-05
1991-02-04,0.00037269195517175454
1991-02-05,0.00015850829373876223
1991-02-06,0.0
1991-02-07,0.0
1991-02-08,0.0
1991-02-09,0.0
1991-02-10,0.0
1991-02-11,0.0
1991-02-12,0.0
1991-02-13,0.0
1991-02-14,0.0
1991-02-15,0.0
1991-02-16,1.6070304866259726e-05
1991-02-17,0.00010585222106738093
1991-02-18,0.032172378980354244
1991-02-19,0.03649299420355171
1991-02-20,1.6070304866259726e-05
1991-02-21,2.218445164623084e-06
1991-02-22,2.218445164623084e-06
1991-02-23,2.218445164623084e-06
1991-02-24,8.868382396073618e-05
1991-02-25,0.010046574470050224
1991-02-26,0.03794717611886743
1991-02-27,0.002628862067191303
1991-02-28,0.10758865440869493
1991-03-01,0.7011007478298777
1991-03-02,0.001095934226361555
1991-03-03,0.00014502032733853122
1991-03-04,8.22798514102454e-05
1991-03-05,8.22798514102454e-05
1991-03-06,0.00045749145266810133
1991-03-07,0.0005945980536355684
1991-03-08,0.16573011654196226
1991-03-09,0.00010510261222624478
1991-03-10,0.00010510261222624478
1991-03-11,0.0001246569230905382
1991-03-12,0.0001246569230905382
1991-03-13,0.0001246569230905382
1991-03-14,0.37956981487624164
1991-03-15,3.511812214296021
1991-03-16,5.2785368026338215
1991-03-17,2.413787186084861
1991-03-18,9.134505283411512e-05
1991-03-19,9.134505283411512e-05
1991-03-20,0.00025576759760684054
1991-03-21,0.244945589703233
1991-03-22,0.22535006012287095
1991-03-23,0.0023127569634331527
1991-03-24,0.0023127569634331527
1991-03-25,0.15522547236148831
1991-03-26,0.05635535310824853
1991-03-27,0.07269909159582445
1991-03-28,0.9644626242621572
1991-03-29,4.779489612144356
1991-03-30,0.87593746356544
1991-03-31,0.005369945001376273
1991-04-01,0.0
1991-04-02,0.0
1991-04-03,0.0
1991-04-04,0.0
1991-04-05,0.0
1991-04-06,0.08722486554965832
1991-04-07,0.08722486554965832
1991-04-08,0.08722486554965832
1991-04-09,0.08722486554965832
1991-04-10,0.08722486554965832
1991-04-11,0.02811802478626852
1991-04-12,0.00975149085107729
1991-04-13,0.0008835163219904523
1991-04-14,0.2318676793616781
1991-04-15,6.72027675397332e-06
1991-04-16,0.00012052571963472066
1991-04-17,0.027546779745697154
1991-04-18,0.10578256516797192
1991-04-19,0.04085311395799861
1991-04-20,0.8631565609284094
1991-04-21,1.2267361853724363
1991-04-22,0.9442558910468577
1991-04-23,0.17931662450297778
1991-04-24,1.764368380990413
1991-04-25,0.5361909134143222
1991-04-26,0.0
1991-04-27,0.0
1991-04-28,0.0
1991-04-29,0.0
1991-04-30,0.0
1991-05-01,0.00039528489597181365
1991-05-02,5.097875497613578
1991-05-03,4.76035841472969
1991-05-04,0.19899705215887845
1991-05-05,0.23692500947168632
1991-05-06,0.00011647006942391021
1991-05-07,2.332799052480712
1991-05-08,18.863026484050547
1991-05-09,1.3508656965037094
1991-05-10,0.8829520771829011
1991-05-11,10.39274141049999
1991-05-12,0.3137266179251717
1991-05-13,0.87157123387404
1991-05-14,0.538466340435359
1991-05-15,0.6991851234739485
1991-05-16,0.0
1991-05-17,0.0
1991-05-18,0.0
1991-05-19,0.0
1991-05-20,0.0
1991-05-21,2.4815723656342663
1991-05-22,13.119009627045187
1991-05-23,1.4844827534421121
1991-05-24,13.317560875625253
1991-05-25,9.44140638007501
1991-05-26,0.2850864215031558
1991-05-27,1.4658439625477773
1991-05-28,0.00026220174171810837
1991-05-29,0.637465842788781
1991-05-30,24.725274742795147
1991-05-31,6.968260294602308
1991-06-01,32.01131633439511
1991-06-02,5.5226557984525675
1991-06-03,1.832460447546012
1991-06-04,0.09242483448125388
1991-06-05,3.373213039743474
1991-06-06,7.534600420819323
1991-06-07,23.86923669509421
1991-06-08,2.62168332384223
1991-06-09,4.5899223624385
1991-06-10,5.180860207130638
1991-06-11,2.2220827952063997
1991-06-12,1.31150508796021
1991-06-13,0.38786292918186654
1991-06-14,1.6307029474536487
1991-06-15,3.918006291702677
1991-06-16,1.2545586883748503
1991-06-17,5.550938120073411
1991-06-18,2.1120238037459145
1991-06-19,7.4271876587930645
1991-06-20,0.7020983327170653
1991-06-21,2.9945153746340534
1991-06-22,5.292910644500153
1991-06-23,1.6788543851505595
1991-06-24,3.5145885322578327
1991-06-25,0.0002968498005411771
1991-06-26,0.0
1991-06-27,0.0
1991-06-28,0.0
1991-06-29,0.0
1991-06-30,0.0
1991-07-01,0.23078245342564513
1991-07-02,1.38350583933782
1991-07-03,6.854762254673506
1991-07-04,0.015060856208143097
1991-07-05,0.0003265218518057053
1991-07-06,0.0012456118610428089
1991-07-07,0.0012456118610428089
1991-07-08,0.0030674029355671163
1991-07-09,0.0013360998258460685
1991-07-10,0.01556949159821767
1991-07-11,4.346061531405869
1991-07-12,1.5196084306191278
1991-07-13,34.69201311006201
1991-07-14,20.48890366835014
1991-07-15,0.9799710898289947
1991-07-16,0.06355611157851097
1991-07-17,0.20127722743069826
1991-07-18,0.0033906709131626567
1991-07-19,0.02085144016685554
1991-07-20,0.08696919729929353
1991-07-21,0.45442434328978576
1991-07-22,0.03585529866863811
1991-07-23,0.060763761205767784
1991-07-24,5.809162736736382
1991-07-25,0.0050079025481093095
1991-07-26,2.380597347501331
1991-07-27,9.799790653748754
1991-07-28,2.7280990784311916
1991-07-29,0.00013386445783245574
1991-07-30,0.00013386445783245574
1991-07-31,0.00013386445783245574
1991-08-01,0.00022841234561209558
1991-08-02,0.00022841234561209558
1991-08-03,0.2233287344173448
1991-08-04,0.43051710306389585
1991-08-05,1.7680925529502216
1991-08-06,0.9033516616982133
1991-08-07,0.04743533442862618
1991-08-08,0.08262030265943714
1991-08-09,2.4690129509949585
1991-08-10,0.05878941843938037
1991-08-11,1.0674069563004374
1991-08-12,9.005148874802101
1991-08-13,10.935707810055492
1991-08-14,0.0065882714036711
1991-08-15,0.13472161430069113
1991-08-16,3.7484541384535444
1991-08-17,0.04876341492885498
1991-08-18,0.16050999498616608
1991-08-19,1.1960922683006647
1991-08-20,19.392661435550412
1991-08-21,3.4754704103035143
1991-08-22,0.03318206100032496
1991-08-23,0.00012361682470460252
1991-08-24,0.2256479164656386
1991-08-25,0.07643068317548463
1991-08-26,0.0012541663059372676
1991-08-27,0.013026437546357216
1991-08-28,1.8720890462092308
1991-08-29,4.549823177087201
1991-08-30,0.2708379909792786
1991-08-31,11.270020648404282
1991-09-01,6.780137413138506
1991-09-02,1.232285912059194
1991-09-03,0.49007967608267905
1991-09-04,20.140304628584826
1991-09-05,6.1043811373823775
1991-09-06,13.387334198645995
1991-09-07,9.001228256011219
1991-09-08,1.015351371942934
1991-09-09,0.1360847050173691
1991-09-10,0.1829117389317552
1991-09-11,0.00010367069552930906
1991-09-12,0.00034810861504285147
1991-09-13,3.028625430635627
1991-09-14,0.5041687208117711
1991-09-15,0.7142725052082428
1991-09-16,6.229459234929625
1991-09-17,0.7080106391999672
1991-09-18,22.04291368182657
1991-09-19,0.6159948935662606
1991-09-20,5.001231666419777
1991-09-21,0.002920661485209249
1991-09-22,0.005896949275192837
1991-09-23,7.987996061805148e-05
1991-09-24,0.6705947611982627
1991-09-25,7.987996061805148e-05
1991-09-26,0.00010131315897424471
1991-09-27,0.00010131315897424471
1991-09-28,0.00012873638063912285
1991-09-29,0.00010131315897424471
1991-09-30,0.00010131315897424471
1991-10-01,0.026670504524490067
1991-10-02,0.23605753486768064
1991-10-03,0.0033056078247845084
1991-10-04,0.24759077310196426
1991-10-05,0.0033056078247845084
1991-10-06,0.1665535831170426
1991-10-07,0.1665535831170426
1991-10-08,0.1665535831170426
1991-10-09,0.17661733160020854
1991-10-10,0.1665535831170426
1991-10-11,1.85728357047204e-06
1991-10-12,1.85728357047204e-06
1991-10-13,1.85728357047204e-06
1991-10-14,0.0002985190494990063
1991-10-15,1.85728357047204e-06
1991-10-16,9.850971619918484e-05
1991-10-17,9.850971619918484e-05
1991-10-18,9.850971619918484e-05
1991-10-19,9.850971619918484e-05
1991-10-20,9.850971619918484e-05
1991-10-21,0.07748077360147919
1991-10-22,0.2047413047873188
1991-10-23,0.5103224041374903
1991-10-24,0.0054702557374089154
1991-10-25,0.012723022791041597
1991-10-26,1.547689519247515
1991-10-27,2.026264923752841
1991-10-28,4.1046174535577995
1991-10-29,0.1249429007760397
1991-10-30,1.1609685322367933
1991-10-31,15.900031267851093
1991-11-01,0.17253108524249078
1991-11-02,1.921312795499698
1991-11-03,5.484216169680708
1991-11-04,0.00018813907029674123
1991-11-05,0.00018813907029674123
1991-11-06,0.0015546679813311377
1991-11-07,0.8685266465972449
1991-11-08,0.002454208167110736
1991-11-09,0.0015546679813311377
1991-11-10,0.030421760259692038
1991-11-11,0.0
1991-11-12,0.0
1991-11-13,0.0
1991-11-14,0.0
1991-11-15,0.0
1991-11-16,4.0070358629320095
1991-11-17,0.11976830609933409
1991-11-18,1.0820506247932258e-05
1991-11-19,0.14959751280670233
1991-11-20,0.007219975884159983
1991-11-21,0.14446725785103445
1991-11-22,0.1879271723203172
1991-11-23,0.14446725785103445
1991-11-24,0.14446725785103445
1991-11-25,0.14446725785103445
1991-11-26,0.0004337718203367429
1991-11-27,0.001533149781642992
1991-11-28,0.0004337718203367429
1991-11-29,0.005056983658467909
1991-11-30,0.0004337718203367429
1991-12-01,0.8487049685162829
1991-12-02,0.01528284636088833
1991-12-03,7.803909397120711e-05
1991-12-04,7.803909397120711e-05
1991-12-05,7.803909397120711e-05
1991-12-06,9.912777430623358e-05
1991-12-07,9.912777430623358e-05
1991-12-08,9.912777430623358e-05
1991-12-09,9.912777430623358e-05
1991-12-10,9.912777430623358e-05
1991-12-11,1.4951191863716786
1991-12-12,5.926232470039272
1991-12-13,4.605179442813905e-05
1991-12-14,4.605179442813905e-05
1991-12-15,4.605179442813905e-05
1991-12-16,8.432432057180497e-05
1991-12-17,8.432432057180497e-05
1991-12-18,0.8854385740877327
1991-12-19,13.692787686959024
1991-12-20,16.779788556683254
1991-12-21,0.0
1991-12-22,0.0
1991-12-23,0.0
1991-12-24,0.0
1991-12-25,0.0
1991-12-26,0.2922528180642809
1991-12-27,0.0651416876279803
1991-12-28,0.002712104375848909
1991-12-29,7.266430624256277e-06
1991-12-30,0.0030403751888950737
1991-12-31,0.9369249176373725
1992-01-01,1.2615417739895856
1992-01-02,0.0
1992-01-03,0.0
1992-01-04,1.0260326432758675
1992-01-05,0.5619805274636822
1992-01-06,0.0
1992-01-07,0.0
1992-01-08,0.0
1992-01-09,0.0
1992-01-10,0.0
1992-01-11,0.38249034877453925
1992-01-12,0.015250709568350038
1992-01-13,2.5618615154899844
1992-01-14,0.0003961048419910949
1992-01-15,0.1032609898777473
1992-01-16,0.0
1992-01-17,0.0
1992-01-18,2.2280604839739286
1992-01-19,0.0
1992-01-20,0.0
1992-01-21,0.0
1992-01-22,0.0
1992-01-23,0.0
1992-01-24,0.0
1992-01-25,0.0
1992-01-26,4.552404265886405
1992-01-27,8.105134146121882
1992-01-28,0.5532436110683066
1992-01-29,0.01244790567241541
1992-01-30,0.0
1992-01-31,0.0
1992-02-01,0.0
1992-02-02,1.8645568690971495
1992-02-03,2.79826899550757
1992-02-04,2.3978264884417233
1992-02-05,0.0
1992-02-06,0.7976512743832043
1992-02-07,0.0
1992-02-08,0.0016411695444747095
1992-02-09,0.24582103463540123
1992-02-10,0.00023239488100142394
1992-02-11,0.00015971772402271895
1992-02-12,0.0004564984791858812
1992-02-13,3.549842667023598e-05
1992-02-14,0.0011026161634543176
1992-02-15,0.0
1992-02-16,0.0
1992-02-17,0.0
1992-02-18,0.0
1992-02-19,0.0
1992-02-20,0.0
1992-02-21,0.036641825643334645
1992-02-22,1.3717512079447296
1992-02-23,0.10046854736292407
1992-02-24,5.525940253798769
1992-02-25,0.0
1992-02-26,0.0
1992-02-27,0.0
1992-02-28,0.0
1992-02-29,0.0
1992-03-01,0.0
1992-03-02,0.0001615434118774337
1992-03-03,0.21278644557962445
1992-03-04,14.505305572438397
1992-03-05,0.10825053449163859
1992-03-06,0.0
1992-03-07,0.0
1992-03-08,0.01864731253269589
1992-03-09,0.0
1992-03-10,0.003207767338625914
1992-03-11,0.0
1992-03-12,0.0
1992-03-13,0.0
1992-03-14,0.0
1992-03-15,0.0
1992-03-16,0.09413519027303478
1992-03-17,2.273932231632657
1992-03-18,2.3411434312700083
1992-03-19,0.23470518897664996
1992-03-20,0.0
1992-03-21,0.17117513222991348
1992-03-22,0.6271868565707702
1992-03-23,0.0
1992-03-24,1.7319114661048622
1992-03-25,0.0018326925788581109
1992-03-26,0.0
1992-03-27,0.1180170547497995
1992-03-28,15.124594297224913
1992-03-29,0.1024370924694804
1992-03-30,0.0
1992-03-31,1.253131187545511
1992-04-01,4.434180310454386
1992-04-02,0.47570278925677006
1992-04-03,0.3862959623957346
1992-04-04,0.0010718669235999885
1992-04-05,0.010188236858226321
1992-04-06,0.12099506245702296
1992-04-07,0.0
1992-04-08,0.7242317185059169
1992-04-09,3.388615106083793
1992-04-10,0.7692673711858528
1992-04-11,0.0032317731704934664
1992-04-12,0.43791161324958366
1992-04-13,0.05954109617132436
1992-04-14,0.1377078085590805
1992-04-15,3.523847590533778
1992-04-16,12.696355309652095
1992-04-17,6.285237493177501
1992-04-18,9.495266387869528
1992-04-19,8.39467196148445
1992-04-20,0.7881512748604925
1992-04-21,1.2559562780037485
1992-04-22,1.1323083082956342
1992-04-23,0.16052766695010334
1992-04-24,0.0
1992-04-25,0.0011445149404360252
1992-04-26,0.07576817052687876
1992-04-27,0.07473619065038149
1992-04-28,1.2384412403436853
1992-04-29,0.0012532855572411664
1992-04-30,0.0
1992-05-01,0.0
1992-05-02,0.0
1992-05-03,0.029355654600555243
1992-05-04,0.002510549556266014
1992-05-05,0.23399966653158197
1992-05-06,0.08321629861385907
1992-05-07,0.004145896643686856
1992-05-08,0.018294476231215988
1992-05-09,0.49860491601106793
1992-05-10,2.5294702060041776
1992-05-11,0.18059459783766416
1992-05-12,8.872049993844797e-05
1992-05-13,0.031645175362394994
1992-05-14,8.218319350027107
1992-05-15,5.07103642570654
1992-05-16,2.8817571581670804e-05
1992-05-17,0.008426699532044566
1992-05-18,0.2114560080331045
1992-05-19,0.41307688350831057
1992-05-20,1.5495503778141866
1992-05-21,22.980319595472622
1992-05-22,2.428673967151194
1992-05-23,4.197351916039622
1992-05-24,1.897141756058462
1992-05-25,8.80924883578697
1992-05-26,9.555837690978558
1992-05-27,1.9042279040177652
1992-05-28,28.513552269586988
1992-05-29,0.013594912847263047
1992-05-30,0.7089658227188407
1992-05-31,12.786839922782855
1992-06-01,23.310925708233682
1992-06-02,8.978843896308273
1992-06-03,1.069288747688858
1992-06-04,0.004284426842618192
1992-06-05,0.9503541342628329
1992-06-06,0.9371159569782864
1992-06-07,9.5843121216219
1992-06-08,8.620166695584974
1992-06-09,11.140247000025035
1992-06-10,0.19751330715745016
1992-06-11,0.05799081611873251
1992-06-12,0.16140712735836482
1992-06-13,1.2639115498925402
1992-06-14,0.02751480528437945
1992-06-15,0.01673299004045518
1992-06-16,0.0
1992-06-17,0.0
1992-06-18,0.5274538251274177
1992-06-19,8.108058878796887
1992-06-20,14.272393224833197
1992-06-21,2.430667863765558
1992-06-22,7.9125625043961625
1992-06-23,1.609525868880029
1992-06-24,2.2286308574223166
1992-06-25,0.7315868858582455
1992-06-26,0.576735310704902
1992-06-27,9.43409231585986
1992-06-28,18.367801011661044
1992-06-29,0.08322646527910516
1992-06-30,0.0
1992-07-01,0.0
1992-07-02,0.0
1992-07-03,0.8584526632402701
1992-07-04,0.01621120571614997
1992-07-05,0.012449822712537882
1992-07-06,0.011635769788755997
1992-07-07,0.0
1992-07-08,0.0
1992-07-09,0.0
1992-07-10,12.705474943372945
1992-07-11,10.704993030654194
1992-07-12,5.452832787549281
1992-07-13,1.3231212203625209
1992-07-14,9.459060325752057
1992-07-15,2.8915648734357107
1992-07-16,12.044853433646894
1992-07-17,0.006847875215922784
1992-07-18,0.34408578188375066
1992-07-19,0.008633208202452558
1992-07-20,0.13770412776855523
1992-07-21,0.6600086373390294
1992-07-22,0.006728247114669269
1992-07-23,0.03399329723484996
1992-07-24,0.01168824554839108
1992-07-25,0.032394547255228036
1992-07-26,0.7212754037580211
1992-07-27,17.94518535855827
1992-07-28,0.0
1992-07-29,0.0018380334383495123
1992-07-30,0.6835544739442475
1992-07-31,0.020020996623836582
1992-08-01,1.9772736024787865
1992-08-02,4.48263205953719
1992-08-03,0.6601342458509692
1992-08-04,2.283871170788061
1992-08-05,0.5894454564163273
1992-08-06,1.3103196125205105
1992-08-07,0.6349813011680736
1992-08-08,0.8732383205423829
1992-08-09,0.03069757228223864
1992-08-10,1.7946210988991924
1992-08-11,7.793080483933146
1992-08-12,1.6138707196849376
1992-08-13,0.6175284935116702
1992-08-14,0.3307205202407074
1992-08-15,0.5239065971901198
1992-08-16,0.0003010625124536428
1992-08-17,10.311024081531881
1992-08-18,6.035779290958448
1992-08-19,0.2843637330832912
1992-08-20,0.0018411441520979148
1992-08-21,0.0
1992-08-22,0.0
1992-08-23,0.0
1992-08-24,0.0
1992-08-25,0.0
1992-08-26,0.6183364166067042
1992-08-27,0.6723380719332297
1992-08-28,0.0
1992-08-29,0.0
1992-08-30,0.6718462388812035
1992-08-31,13.088206022277165
1992-09-01,5.488323347229498
1992-09-02,0.04198090711314208
1992-09-03,0.08549546170175344
1992-09-04,0.003278404685036308
1992-09-05,0.2514120408971178
1992-09-06,1.1033229587018053e-06
1992-09-07,0.003087631442714753
1992-09-08,1.0973538377301135
1992-09-09,9.793911252138925e-05
1992-09-10,2.4924539602769507
1992-09-11,0.502348643382958
1992-09-12,0.005102018868703392
1992-09-13,0.0
1992-09-14,0.0
1992-09-15,0.2708484238893524
1992-09-16,0.010486169193935958
1992-09-17,0.0
1992-09-18,1.315186408491881e-05
1992-09-19,2.383182183726254
1992-09-20,0.5560494830467112
1992-09-21,0.3836917165465646
1992-09-22,0.054326388714380044
1992-09-23,0.03640051807000773
1992-09-24,0.03640051807000773
1992-09-25,0.03640051807000773
1992-09-26,0.0
1992-09-27,0.0
1992-09-28,0.0
1992-09-29,0.0
1992-09-30,0.0
1992-10-01,0.10035921956137955
1992-10-02,0.10035921956137955
1992-10-03,0.10035921956137955
1992-10-04,0.10035921956137955
1992-10-05,0.10035921956137955
1992-10-06,0.0
1992-10-07,1.1485857674889228
1992-10-08,0.028414830244946815
1992-10-09,0.0
1992-10-10,0.0
1992-10-11,6.422658022119991e-05
1992-10-12,6.422658022119991e-05
1992-10-13,6.422658022119991e-05
1992-10-14,6.422658022119991e-05
1992-10-15,6.422658022119991e-05
1992-10-16,0.0
1992-10-17,0.0
1992-10-18,0.0
1992-10-19,0.5861181559771916
1992-10-20,0.0028287109532309836
1992-10-21,0.5877809974863588
1992-10-22,0.0004560054310082285
1992-10-23,0.10019353792194773
1992-10-24,0.07730805533269103
1992-10-25,0.0516261741312626
1992-10-26,4.162453684420833
1992-10-27,0.0
1992-10-28,0.11173520584410673
1992-10-29,0.8922604882781341
1992-10-30,0.1381023162921866
1992-10-31,0.09109847479655069
1992-11-01,0.4742417515592115
1992-11-02,0.0
1992-11-03,8.200253761894576
1992-11-04,0.0
1992-11-05,0.4643970142167511
1992-11-06,0.0
1992-11-07,0.0
1992-11-08,0.0
1992-11-09,0.0
1992-11-10,0.0
1992-11-11,0.0
1992-11-12,0.0
1992-11-13,0.0
1992-11-14,0.0
1992-11-15,0.0
1992-11-16,0.0
1992-11-17,0.0
1992-11-18,0.0
1992-11-19,0.0
1992-11-20,0.0
1992-11-21,30.605919995522797
1992-11-22,3.783326184706029
1992-11-23,0.0
1992-11-24,14.716548576117514
1992-11-25,7.7764248811773005
1992-11-26,0.0
1992-11-27,0.0
1992-11-28,0.0
1992-11-29,0.0
1992-11-30,0.0
1992-12-01,0.0
1992-12-02,0.0
1992-12-03,0.0
1992-12-04,0.03068240847517483
1992-12-05,14.45393149163174
1992-12-06,0.006672829739863703
1992-12-07,0.0
1992-12-08,0.015135249633314574
1992-12-09,1.325141810207136
1992-12-10,0.0
1992-12-11,0.0
1992-12-12,0.0
1992-12-13,4.059281172505204
1992-12-14,8.360697885027024
1992-12-15,0.0
1992-12-16,0.22893517581815018
1992-12-17,0.034386704413720076
1992-12-18,0.0
1992-12-19,0.0010405460925107892
1992-12-20,0.0
1992-12-21,0.0
1992-12-22,0.0
1992-12-23,0.0
1992-12-24,0.0
1992-12-25,0.0
1992-12-26,0.0
1992-12-27,0.0
1992-12-28,0.0
1992-12-29,9.059270719219363
1992-12-30,0.0
1992-12-31,5.569751485182125
1993-01-01,29.96048662385209
1993-01-02,0.5245398783113997
1993-01-03,0.10063193100840684
1993-01-04,0.029589876581496234
1993-01-05,0.0
1993-01-06,0.0
1993-01-07,0.0
1993-01-08,0.0
1993-01-09,0.0
1993-01-10,0.0
1993-01-11,0.0007375715413373799
1993-01-12,0.00022953956735394286
1993-01-13,7.22725294896612e-05
1993-01-14,0.00021678024343528207
1993-01-15,0.0002268409843611518
1993-01-16,0.02588495081261855
1993-01-17,2.3039971819331906
1993-01-18,1.8622814256906777
1993-01-19,17.50855097069233
1993-01-20,1.310961095080998
1993-01-21,0.0
1993-01-22,0.0
1993-01-23,1.7457462551813403
1993-01-24,0.5921889848131267
1993-01-25,0.0
1993-01-26,0.0
1993-01-27,0.0
1993-01-28,0.0
1993-01-29,0.0
1993-01-30,0.0
1993-01-31,0.0
1993-02-01,0.0
1993-02-02,0.0
1993-02-03,0.0
1993-02-04,0.0
1993-02-05,0.0
1993-02-06,0.0009834110050286633
1993-02-07,0.0
1993-02-08,0.0
1993-02-09,0.00028795104322814485
1993-02-10,1.1584073638157544
1993-02-11,0.0
1993-02-12,0.0
1993-02-13,0.0
1993-02-14,0.0
1993-02-15,0.0
1993-02-16,0.09561529606220036
1993-02-17,0.27068385678919665
1993-02-18,0.0444735866956616
1993-02-19,0.0
1993-02-20,0.03596646289345681
1993-02-21,0.0
1993-02-22,2.070392832110319
1993-02-23,0.0
1993-02-24,4.366930478604565
1993-02-25,13.39626637050883
1993-02-26,0.0
1993-02-27,0.005742176269935538
1993-02-28,12.003424334726617
1993-03-01,0.0
1993-03-02,0.0
1993-03-03,0.0
1993-03-04,0.0
1993-03-05,0.0
1993-03-06,0.398097789157708
1993-03-07,0.0
1993-03-08,0.0
1993-03-09,0.0
1993-03-10,0.0
1993-03-11,0.00233621194822448
1993-03-12,0.00760108577471407
1993-03-13,0.0
1993-03-14,0.0
1993-03-15,0.0
1993-03-16,0.10809373726114686
1993-03-17,0.0026175021552155074
1993-03-18,1.846499822870625
1993-03-19,13.240642308743093
1993-03-20,0.018815406157791183
1993-03-21,0.2291693238442565
1993-03-22,19.14146117179908
1993-03-23,0.22932008940803236
1993-03-24,0.0
1993-03-25,0.0
1993-03-26,0.0
1993-03-27,1.457889994955945
1993-03-28,2.564926018961972
1993-03-29,2.0948417182358705
1993-03-30,2.2774605491522935
1993-03-31,0.0
1993-04-01,4.873313705694535e-05
1993-04-02,0.0041242395152205095
1993-04-03,1.093688812039434
1993-04-04,1.2926265026658608
1993-04-05,0.010257864644006034
1993-04-06,0.8372908469920759
1993-04-07,6.429253034503234
1993-04-08,0.013431938882061992
1993-04-09,0.0006475053281242856
1993-04-10,0.0
1993-04-11,0.0
1993-04-12,0.0
1993-04-13,0.37865294852401
1993-04-14,13.048314979381564
1993-04-15,0.0
1993-04-16,0.0
1993-04-17,0.0
1993-04-18,0.0
1993-04-19,0.0
1993-04-20,0.0
1993-04-21,0.18802321634224653
1993-04-22,0.15807220589575718
1993-04-23,0.15807220589575718
1993-04-24,0.35145543318541606
1993-04-25,8.302550669118897
1993-04-26,0.0
1993-04-27,0.013605961679539511
1993-04-28,9.851865926175407
1993-04-29,16.335238977119786
1993-04-30,0.8573818077422315
1993-05-01,17.746837242129242
1993-05-02,17.833918702541144
1993-05-03,0.0
1993-05-04,0.0
1993-05-05,1.2880379883486195
1993-05-06,0.7432819548934904
1993-05-07,3.9298847739209926
1993-05-08,11.92681289228728
1993-05-09,5.825943366949759
1993-05-10,0.1837175313666617
1993-05-11,0.0
1993-05-12,0.0
1993-05-13,0.0
1993-05-14,0.0
1993-05-15,0.0
1993-05-16,0.9293828703562458
1993-05-17,4.643483503278295
1993-05-18,8.789426458650025
1993-05-19,3.688188036978598
1993-05-20,1.4329564320322978
1993-05-21,0.011852293944231478
1993-05-22,6.000548540559584
1993-05-23,3.8884921976997715
1993-05-24,0.24826576446410198
1993-05-25,0.4042738921834837
1993-05-26,1.3400284688957355e-06
1993-05-27,0.0
1993-05-28,0.0
1993-05-29,0.008228034759743803
1993-05-30,0.006768513318661002
1993-05-31,9.572473479805352e-05
1993-06-01,0.024646820658386963
1993-06-02,0.8903629609476981
1993-06-03,0.0
1993-06-04,0.6529302148937944
1993-06-05,0.22432796616726744
1993-06-06,0.19543783823266378
1993-06-07,0.000629365870867686
1993-06-08,0.0
1993-06-09,0.8140099101908714
1993-06-10,10.386209310392971
1993-06-11,2.241131277474706
1993-06-12,0.0020487399390443917
1993-06-13,0.0
1993-06-14,0.3129959163151248
1993-06-15,1.3977136697993735
1993-06-16,2.2766209404059734
1993-06-17,14.032234913099485
1993-06-18,2.9790600626418566
1993-06-19,36.11063759030736
1993-06-20,2.9108806942096264
1993-06-21,0.003750109067521683
1993-06-22,0.8700218626247231
1993-06-23,0.15091153156272674
1993-06-24,0.20001094500204164
1993-06-25,6.952848271376771
1993-06-26,3.1040161005606475
1993-06-27,0.2163472545497387
1993-06-28,0.19932860243965816
1993-06-29,0.8950524722376271
1993-06-30,2.3232655762935175
1993-07-01,0.41885072514004273
1993-07-02,0.11411821191935649
1993-07-03,0.07541968396972164
1993-07-04,0.06534972759086384
1993-07-05,0.0
1993-07-06,19.536687396196072
1993-07-07,6.635503563377542
1993-07-08,0.0010992528034750688
1993-07-09,0.6571767424822617
1993-07-10,3.2890320630903864
1993-07-11,0.2503902227614306
1993-07-12,2.575213820672957
1993-07-13,2.737899591396374
1993-07-14,24.06799886135717
1993-07-15,16.786345438229542
1993-07-16,0.01159797319543124
1993-07-17,0.37487109805783936
1993-07-18,0.77766584416721
1993-07-19,0.33502879304624966
1993-07-20,0.3399163839814598
1993-07-21,5.29344905647895
1993-07-22,0.7283110979707975
1993-07-23,0.6478299502317266
1993-07-24,0.42310969823970773
1993-07-25,0.41873975394048146
1993-07-26,0.32433566176076795
1993-07-27,0.239093040962074
1993-07-28,2.7872329118261576
1993-07-29,0.24918765037305193
1993-07-30,0.34526129040808823
1993-07-31,1.1558811223295298
1993-08-01,2.006150741387344
1993-08-02,11.717300366763599
1993-08-03,23.19865312663996
1993-08-04,2.096161307612889
1993-08-05,3.9278263792092667
1993-08-06,7.6870018872433015
1993-08-07,0.1483100839241246
1993-08-08,1.1122794883977571
1993-08-09,1.1576195294461415
1993-08-10,6.862704250137412
1993-08-11,0.6483633767534659
1993-08-12,1.4858617449722873
1993-08-13,2.209691195395119
1993-08-14,0.0
1993-08-15,0.01993731486801601
1993-08-16,0.0
1993-08-17,0.0
1993-08-18,0.0
1993-08-19,0.0
1993-08-20,0.0
1993-08-21,0.11331870074616074
1993-08-22,0.06304159217414142
1993-08-23,4.41649690346925
1993-08-24,2.973312463475741
1993-08-25,0.10964155993516969
1993-08-26,0.011661451936862811
1993-08-27,0.018477621491270378
1993-08-28,0.02891934282247829
1993-08-29,0.08481090692656328
1993-08-30,1.6913758524237434
1993-08-31,1.4519722807473696
1993-09-01,0.0
1993-09-02,0.0
1993-09-03,0.0
1993-09-04,0.0
1993-09-05,0.0
1993-09-06,3.934777341981338
1993-09-07,0.40396359878021765
1993-09-08,18.931375451261143
1993-09-09,0.0
1993-09-10,0.0
1993-09-11,0.0
1993-09-12,2.3254562044076175
1993-09-13,0.8245230297022917
1993-09-14,2.341205951753837
1993-09-15,0.0
1993-09-16,0.0
1993-09-17,2.77710547395741e-05
1993-09-18,0.13438400624497596
1993-09-19,1.4624801607887539
1993-09-20,0.0
1993-09-21,0.028121361657660115
1993-09-22,0.09264600167619563
1993-09-23,0.12565879245822045
1993-09-24,0.10609737632771668
1993-09-25,0.971120903339959
1993-09-26,0.0
1993-09-27,0.0
1993-09-28,0.0
1993-09-29,0.0
1993-09-30,0.0
1993-10-01,0.09344303674638381
1993-10-02,0.09344303674638381
1993-10-03,0.09344303674638381
1993-10-04,0.09344303674638381
1993-10-05,0.09344303674638381
1993-10-06,0.0
1993-10-07,1.2087105920750405
1993-10-08,0.4810088665769617
1993-10-09,0.0
1993-10-10,0.0
1993-10-11,0.5632905237851021
1993-10-12,0.4803846230257052
1993-10-13,4.661070074381114
1993-10-14,0.0
1993-10-15,0.0
1993-10-16,3.368296318330467e-05
1993-10-17,0.09766782293120412
1993-10-18,0.03126892085572493
1993-10-19,2.07153657638061
1993-10-20,1.3042987027443067
1993-10-21,0.1483248938659103
1993-10-22,0.1483248938659103
1993-10-23,0.1483248938659103
1993-10-24,0.1483248938659103
1993-10-25,0.1483248938659103
1993-10-26,0.13896058141784148
1993-10-27,0.00028731904524425
1993-10-28,0.0
1993-10-29,0.30769893719409286
1993-10-30,0.0
1993-10-31,0.0
1993-11-01,0.0
1993-11-02,0.0
1993-11-03,0.0
1993-11-04,0.0
1993-11-05,0.0
1993-11-06,0.0
1993-11-07,0.0
1993-11-08,0.0
1993-11-09,0.0
1993-11-10,0.0
1993-11-11,0.03721102167369728
1993-11-12,6.620967052782245
1993-11-13,10.939566636111696
1993-11-14,5.8826273850963515
1993-11-15,1.8120011498271738
1993-11-16,0.2871883933297518
1993-11-17,2.6499212484763086e-05
1993-11-18,0.0
1993-11-19,0.0
1993-11-20,0.0
1993-11-21,0.0
1993-11-22,0.0
1993-11-23,0.0
1993-11-24,2.965657638553163
1993-11-25,2.327114570888254
1993-11-26,0.0
1993-11-27,0.0
1993-11-28,0.0
1993-11-29,0.0
1993-11-30,0.0
1993-12-01,0.0
1993-12-02,0.0
1993-12-03,0.0
1993-12-04,0.0
1993-12-05,0.0
1993-12-06,0.0
1993-12-07,0.0
1993-12-08,0.0
1993-12-09,0.0
1993-12-10,0.0
1993-12-11,0.0
1993-12-12,2.4638290405249825
1993-12-13,7.2075247845918335
1993-12-14,0.0
1993-12-15,0.0
1993-12-16,0.0
1993-12-17,0.0
1993-12-18,0.0
1993-12-19,0.0
1993-12-20,0.0
1993-12-21,0.0
1993-12-22,0.0
1993-12-23,0.0
1993-12-24,0.0
1993-12-25,0.0
1993-12-26,0.0
1993-12-27,0.0
1993-12-28,6.891423195470623
1993-12-29,0.0
1993-12-30,0.0
1993-12-31,0.0
1994-01-01,0.05521353641056909
1994-01-02,0.7663525783699576
1994-01-03,0.05521353641056909
1994-01-04,0.05521353641056909
1994-01-05,0.05521353641056909
1994-01-06,0.0
1994-01-07,0.0
1994-01-08,0.0
1994-01-09,0.0
1994-01-10,0.0
1994-01-11,0.0
1994-01-12,0.0
1994-01-13,0.0
1994-01-14,0.0
1994-01-15,0.0
1994-01-16,0.0
1994-01-17,0.0
1994-01-18,0.0
1994-01-19,0.0
1994-01-20,0.0
1994-01-21,0.0
1994-01-22,0.0
1994-01-23,0.0
1994-01-24,0.0
1994-01-25,0.0
1994-01-26,3.621092762075045
1994-01-27,0.0
1994-01-28,0.0
1994-01-29,0.01264491657114432
1994-01-30,5.237211491144101
1994-01-31,0.39467123979754787
1994-02-01,8.055878081142868e-05
1994-02-02,8.055878081142868e-05
1994-02-03,8.055878081142868e-05
1994-02-04,8.055878081142868e-05
1994-02-05,0.000684749559077979
1994-02-06,0.0
1994-02-07,0.0
1994-02-08,0.9764881144359822
1994-02-09,7.143551623739749
1994-02-10,0.0
1994-02-11,0.03271593691266451
1994-02-12,0.03271593691266451
1994-02-13,0.03271593691266451
1994-02-14,0.03271593691266451
1994-02-15,0.03271593691266451
1994-02-16,0.0
1994-02-17,0.0
1994-02-18,0.3515912439998915
1994-02-19,2.753315525120996
1994-02-20,0.0
1994-02-21,2.9272716265704077
1994-02-22,6.311780390221611
1994-02-23,0.03587547462630354
1994-02-24,0.0
1994-02-25,0.0
1994-02-26,0.0
1994-02-27,0.0
1994-02-28,0.0
1994-03-01,7.038004905425226
1994-03-02,0.0
1994-03-03,0.0
1994-03-04,0.0
1994-03-05,0.0
1994-03-06,0.03196541544919422
1994-03-07,0.012410575004622787
1994-03-08,9.478656224691616
1994-03-09,1.774067566755492
1994-03-10,0.0
1994-03-11,0.001475999801382522
1994-03-12,0.0421432886862709
1994-03-13,0.02076544166242946
1994-03-14,0.0
1994-03-15,0.0
1994-03-16,0.47539289216711306
1994-03-17,0.47539289216711306
1994-03-18,0.47539289216711306
1994-03-19,0.47539289216711306
1994-03-20,0.5618862273355366
1994-03-21,0.005627021628454036
1994-03-22,0.0
1994-03-23,0.02082651550678605
1994-03-24,0.06396310217005005
1994-03-25,0.005548938771411135
1994-03-26,0.6103825302855646
1994-03-27,0.2892253689403997
1994-03-28,0.0
1994-03-29,0.0
1994-03-30,0.003281419640698869
1994-03-31,0.0
1994-04-01,0.35261362181202327
1994-04-02,0.8910319956191988
1994-04-03,0.7831054879715247
1994-04-04,0.0
1994-04-05,2.8584206905448317
1994-04-06,0.0
1994-04-07,0.0
1994-04-08,0.006312133220064655
1994-04-09,0.028565981620166735
1994-04-10,2.9545438185973496
1994-04-11,10.255310178583464
1994-04-12,0.0
1994-04-13,0.0
1994-04-14,0.0
1994-04-15,0.06627711323431747
1994-04-16,0.0
1994-04-17,0.0
1994-04-18,0.0
1994-04-19,0.0
1994-04-20,0.0
1994-04-21,0.1353711154575271
1994-04-22,8.212538032819204
1994-04-23,1.9369913656471842
1994-04-24,6.299565873858821
1994-04-25,0.03804488709743047
1994-04-26,0.0
1994-04-27,22.807448026033978
1994-04-28,9.008204278584055
1994-04-29,16.864719965393114
1994-04-30,2.2911683746207907
1994-05-01,0.06401403792188896
1994-05-02,4.031614369960783
1994-05-03,0.4558897360618548
1994-05-04,3.2105895055276945
1994-05-05,0.10314879453266823
1994-05-06,0.0408647871951495
1994-05-07,1.776446839667085
1994-05-08,0.0
1994-05-09,3.133582858913285
1994-05-10,0.12476607778651067
1994-05-11,0.542509653483235
1994-05-12,3.966200106233799
1994-05-13,11.356656791361365
1994-05-14,2.3812450678531025
1994-05-15,0.0
1994-05-16,0.0
1994-05-17,0.0
1994-05-18,0.0
1994-05-19,0.0
1994-05-20,0.0
1994-05-21,0.005483918825642944
1994-05-22,0.09837981808348716
1994-05-23,0.9186340290991499
1994-05-24,3.7923180830977006
1994-05-25,0.7183873997369311
1994-05-26,0.6904618772640817
1994-05-27,2.2830473222187817
1994-05-28,0.16360702338204708
1994-05-29,0.09329551426939452
1994-05-30,0.0
1994-05-31,0.002944537317564913
1994-06-01,0.27540564437017884
1994-06-02,1.831260297067393
1994-06-03,4.535935471459621
1994-06-04,1.0707721881545165
1994-06-05,2.992206075072167
1994-06-06,1.4115553649927304
1994-06-07,2.876656546774996
1994-06-08,0.03145799062703829
1994-06-09,0.8340619067851796
1994-06-10,13.292217970933063
1994-06-11,7.874545023926171
1994-06-12,1.2605471885883646
1994-06-13,0.005016818980473201
1994-06-14,0.029093084437722162
1994-06-15,0.7160196664323604
1994-06-16,0.007556627120909049
1994-06-17,0.0166187963878162
1994-06-18,0.004704058099011624
1994-06-19,0.3690662947262282
1994-06-20,0.012547614323953963
1994-06-21,0.015277367326787186
1994-06-22,0.02680566658199526
1994-06-23,0.4738177368014838
1994-06-24,0.007124817666910507
1994-06-25,0.039125161274605504
1994-06-26,2.0189611109092964
1994-06-27,0.0
1994-06-28,0.27321943406624205
1994-06-29,13.95129981124764
1994-06-30,1.1419517828837702
1994-07-01,1.691506633645653
1994-07-02,0.973926011361406
1994-07-03,1.856508463022087
1994-07-04,0.11897491089996502
1994-07-05,0.44437019001517836
1994-07-06,6.135183485673517
1994-07-07,0.23886309981464957
1994-07-08,0.0
1994-07-09,11.945184804776273
1994-07-10,3.399093811948619
1994-07-11,0.07409616949501142
1994-07-12,3.1098476519957
1994-07-13,6.970404484130902
1994-07-14,15.143782481023731
1994-07-15,2.2928315078122807
1994-07-16,2.8947884092668197
1994-07-17,0.2534760355917401
1994-07-18,0.0
1994-07-19,0.00017790332012146634
1994-07-20,3.8094644423925725
1994-07-21,14.073889251704408
1994-07-22,0.020598943687588724
1994-07-23,0.185881328904098
1994-07-24,3.594680213330976
1994-07-25,2.2179298347278595
1994-07-26,6.214675173408983
1994-07-27,0.6521561752775077
1994-07-28,0.0027697621703337543
1994-07-29,0.02711599135420717
1994-07-30,5.465427628673418
1994-07-31,4.74315104905561
1994-08-01,1.8474114870763836
1994-08-02,1.4054966323163514
1994-08-03,2.3521890150376614
1994-08-04,0.6214108098073282
1994-08-05,1.5853487082317872
1994-08-06,0.15995713574204487
1994-08-07,0.45777188702479216
1994-08-08,0.17991325596694846
1994-08-09,0.0010939828727470915
1994-08-10,0.0
1994-08-11,0.001165282697975367
1994-08-12,0.0
1994-08-13,0.0
1994-08-14,0.5629387799025231
1994-08-15,0.10633323532905563
1994-08-16,0.0
1994-08-17,0.006549396282892241
1994-08-18,0.29291523279657544
1994-08-19,1.4820841857305276
1994-08-20,2.697776329839846
1994-08-21,0.0
1994-08-22,0.0
1994-08-23,0.80087393500172
1994-08-24,0.723496596592095
1994-08-25,0.046179791310968644
1994-08-26,0.08572255408779313
1994-08-27,9.465695652043006e-07
1994-08-28,0.017051693976722963
1994-08-29,0.00032228693908306687
1994-08-30,1.2864907452182992
1994-08-31,22.5081200895894
1994-09-01,8.563059517985591
1994-09-02,0.5917829379711367
1994-09-03,0.275261130930264
1994-09-04,0.04214877421421516
1994-09-05,18.41938229860527
1994-09-06,17.528647644694416
1994-09-07,2.3622474689465722
1994-09-08,6.9151732527752445
1994-09-09,0.6605995675169841
1994-09-10,0.11089667413523775
1994-09-11,0.0
1994-09-12,0.8254915770801733
1994-09-13,0.7832044603102506
1994-09-14,3.4814596641911146
1994-09-15,11.184608624718711
1994-09-16,0.015803689973952994
1994-09-17,0.0026765510428277788
1994-09-18,0.0026765510428277788
1994-09-19,0.0026765510428277788
1994-09-20,0.2991275464491283
1994-09-21,0.026206964689008898
1994-09-22,1.17873929264887
1994-09-23,0.0
1994-09-24,0.0
1994-09-25,0.0
1994-09-26,0.0
1994-09-27,0.0
1994-09-28,0.0
1994-09-29,0.0
1994-09-30,0.0
1994-10-01,0.0007365762226634797
1994-10-02,1.4687139022699507
1994-10-03,0.09542851905879896
1994-10-04,4.377994580597117
1994-10-05,38.64371368199506
1994-10-06,0.8264272676219038
1994-10-07,3.73668071301294
1994-10-08,0.0
1994-10-09,0.0
1994-10-10,0.0
1994-10-11,0.0
1994-10-12,0.0
1994-10-13,0.0
1994-10-14,4.8448348245248333e-05
1994-10-15,0.0013130360835048635
1994-10-16,0.0
1994-10-17,0.0
1994-10-18,0.0
1994-10-19,0.0
1994-10-20,0.0
1994-10-21,0.22406189645320468
1994-10-22,0.0
1994-10-23,0.0
1994-10-24,1.4257702937255932
1994-10-25,0.3311222367344191
1994-10-26,0.0
1994-10-27,0.0
1994-10-28,0.0
1994-10-29,0.15578514762840476
1994-10-30,0.1635891996841594
1994-10-31,5.37750497723664
1994-11-01,0.0
1994-11-02,0.0
1994-11-03,0.01113906135440289
1994-11-04,2.8866212466155083
1994-11-05,9.400031251802536
1994-11-06,0.00020721201560434702
1994-11-07,0.00020721201560434702
1994-11-08,0.13893840874970087
1994-11-09,1.2049317224810747
1994-11-10,0.00020721201560434702
1994-11-11,0.0
1994-11-12,0.4889244320552067
1994-11-13,8.167397386518315
1994-11-14,0.0
1994-11-15,0.0
1994-11-16,0.0
1994-11-17,0.0
1994-11-18,0.012353000091781014
1994-11-19,9.548652302590988
1994-11-20,20.96799444515518
1994-11-21,0.011465635169045469
1994-11-22,0.0
1994-11-23,0.0
1994-11-24,0.367127146739126
1994-11-25,0.00020726500733934375
1994-11-26,2.429125924511251
1994-11-27,0.3930993401248349
1994-11-28,0.3930993401248349
1994-11-29,0.3930993401248349
1994-11-30,0.3930993401248349
1994-12-01,0.0
1994-12-02,0.0
1994-12-03,0.0
1994-12-04,0.0
1994-12-05,0.10199231613761535
1994-12-06,11.008400011417683
1994-12-07,0.005367686038280073
1994-12-08,0.14447739686495636
1994-12-09,0.021737494743868987
1994-12-10,0.005001167995901539
1994-12-11,0.02870131289343438
1994-12-12,0.0
1994-12-13,0.001422322011177097
1994-12-14,0.24750702230017002
1994-12-15,3.274668136160498
1994-12-16,0.0
1994-12-17,0.0
1994-12-18,0.0
1994-12-19,0.0
1994-12-20,0.0
1994-12-21,0.0
1994-12-22,0.0
1994-12-23,0.0
1994-12-24,0.0
1994-12-25,0.0
1994-12-26,0.0
1994-12-27,0.0
1994-12-28,0.0
1994-12-29,0.0
1994-12-30,0.0
1994-12-31,0.0
1995-01-01,0.0016005312760996133
1995-01-02,0.0
1995-01-03,5.277545507857964
1995-01-04,0.26440526866270164
1995-01-05,3.9491419550853375
1995-01-06,0.0
1995-01-07,0.0
1995-01-08,0.0
1995-01-09,0.0
1995-01-10,0.0
1995-01-11,0.0
1995-01-12,1.0763817667442908
1995-01-13,0.0
1995-01-14,0.0
1995-01-15,0.0
1995-01-16,7.474478331404567
1995-01-17,1.6858886292696031
1995-01-18,4.684676302365537
1995-01-19,0.019759202000116837
1995-01-20,0.0
1995-01-21,0.0010618201422218554
1995-01-22,0.010543917923243738
1995-01-23,0.0
1995-01-24,0.0
1995-01-25,0.0
1995-01-26,3.415638883829493
1995-01-27,0.9078319593715527
1995-01-28,0.4543286702921033
1995-01-29,3.881489876531005
1995-01-30,0.007584226270082731
1995-01-31,0.0
1995-02-01,0.0
1995-02-02,0.0
1995-02-03,0.000195981182885687
1995-02-04,0.0
1995-02-05,0.0
1995-02-06,0.0
1995-02-07,0.0
1995-02-08,0.0
1995-02-09,0.0
1995-02-10,0.0
1995-02-11,2.337218850664269
1995-02-12,0.1028094554365683
1995-02-13,3.006637974521088
1995-02-14,0.5130860505163763
1995-02-15,0.0
1995-02-16,0.07862428664211128
1995-02-17,0.03498369288960227
1995-02-18,0.03498369288960227
1995-02-19,0.03498369288960227
1995-02-20,0.03498369288960227
1995-02-21,0.0
1995-02-22,0.02303558756592778
1995-02-23,0.169713333032699
1995-02-24,0.0
1995-02-25,0.4452650822788994
1995-02-26,0.0
1995-02-27,0.0
1995-02-28,0.0
1995-03-01,7.840191528322035
1995-03-02,5.557390912752402
1995-03-03,0.03667509546647269
1995-03-04,0.0668066954172245
1995-03-05,0.35115083452087603
1995-03-06,5.004258715882314
1995-03-07,10.76564271578687
1995-03-08,0.0
1995-03-09,0.0
1995-03-10,0.0
1995-03-11,0.0
1995-03-12,0.08379533447071727
1995-03-13,2.864242525101501
1995-03-14,2.7811743594733485
1995-03-15,0.4697828619742781
1995-03-16,0.0
1995-03-17,0.0
1995-03-18,0.0
1995-03-19,0.0
1995-03-20,0.0
1995-03-21,0.0
1995-03-22,0.0
1995-03-23,0.0
1995-03-24,0.017946062836547236
1995-03-25,4.721214165838731
1995-03-26,0.0
1995-03-27,0.0
1995-03-28,0.0
1995-03-29,0.0
1995-03-30,0.0
1995-03-31,0.0
1995-04-01,0.03315546016812524
1995-04-02,0.11140889315524287
1995-04-03,5.105233290558186
1995-04-04,1.1897034822969923
1995-04-05,0.0010834612227843005
1995-04-06,0.0
1995-04-07,0.03989486619657527
1995-04-08,0.0
1995-04-09,0.0007426046462384566
1995-04-10,0.1257981111484011
1995-04-11,3.682822118357206
1995-04-12,0.0
1995-04-13,0.0
1995-04-14,0.0
1995-04-15,0.0
1995-04-16,0.003688403272179012
1995-04-17,6.85403915604166
1995-04-18,0.005227994606516898
1995-04-19,1.8669813254371292
1995-04-20,1.2364634995764456
1995-04-21,0.7180086047829867
1995-04-22,12.051568534594676
1995-04-23,4.831943608662288
1995-04-24,0.3641315814772586
1995-04-25,0.13231478797548407
1995-04-26,0.00024218700388694086
1995-04-27,0.0
1995-04-28,0.0200705526820512
1995-04-29,0.03591084176606969
1995-04-30,0.7871258221828028
1995-05-01,1.022270808459124
1995-05-02,2.1192963102254896
1995-05-03,0.5509741426334714
1995-05-04,4.7164270019461446e-05
1995-05-05,14.971826933882255
1995-05-06,8.772424452217184
1995-05-07,21.303553095594562
1995-05-08,0.1567124198515989
1995-05-09,0.17664086797495693
1995-05-10,0.0001124696979322405
1995-05-11,5.538177476360267
1995-05-12,0.4592980931300731
1995-05-13,0.0
1995-05-14,0.0
1995-05-15,0.8488264440943495
1995-05-16,12.991190471606165
1995-05-17,10.018613658698564
1995-05-18,0.02296763444346968
1995-05-19,0.035732483330260426
1995-05-20,0.00011196188207437873
1995-05-21,15.74981742584358
1995-05-22,0.5217522408268257
1995-05-23,2.233157157935496
1995-05-24,16.538086552342115
1995-05-25,3.650218528839054
1995-05-26,28.541021903438306
1995-05-27,18.721721080298014
1995-05-28,0.004638136326836413
1995-05-29,0.7055551183425555
1995-05-30,11.416627676387304
1995-05-31,0.7623479778307888
1995-06-01,0.17224063481596863
1995-06-02,2.6024052754949536
1995-06-03,116.6044126049662
1995-06-04,14.514133804420812
1995-06-05,3.265694976043122
1995-06-06,0.004520861399196886
1995-06-07,0.0028923351582643858
1995-06-08,0.8135961537548556
1995-06-09,1.4179405593307983
1995-06-10,6.318237340181691
1995-06-11,1.0396940383706537
1995-06-12,0.0
1995-06-13,0.0
1995-06-14,0.0
1995-06-15,0.0
1995-06-16,0.0
1995-06-17,0.0
1995-06-18,0.15249847168234143
1995-06-19,0.07311591599287377
1995-06-20,0.08613391983294041
1995-06-21,0.4453919128559197
1995-06-22,0.38450674981159977
1995-06-23,0.6927030304977657
1995-06-24,14.844015735222591
1995-06-25,0.05378739496369775
1995-06-26,0.5117070407015181
1995-06-27,2.4931985739483338
1995-06-28,2.4180576750493135
1995-06-29,9.604946713374563
1995-06-30,0.12759614824864723
1995-07-01,0.06461135738183674
1995-07-02,14.02267063358389
1995-07-03,0.8639638516378862
1995-07-04,9.998174821948096e-06
1995-07-05,0.6012077938161349
1995-07-06,0.0
1995-07-07,0.0
1995-07-08,0.0
1995-07-09,0.0
1995-07-10,0.0
1995-07-11,0.0
1995-07-12,0.0
1995-07-13,0.0
1995-07-14,0.0
1995-07-15,0.0
1995-07-16,5.001013667186698
1995-07-17,6.778916503391733
1995-07-18,6.988706199515717
1995-07-19,9.662395070718341
1995-07-20,3.289120035882889
1995-07-21,2.560102511750364
1995-07-22,2.3181367267231168
1995-07-23,4.370582915235235
1995-07-24,28.319430454833284
1995-07-25,0.993352458210588
1995-07-26,0.00012506069629746765
1995-07-27,0.0
1995-07-28,0.0
1995-07-29,0.0
1995-07-30,0.0002256986147999711
1995-07-31,0.00011042434464586934
1995-08-01,25.014815710424852
1995-08-02,27.760063745936268
1995-08-03,12.567022162581317
1995-08-04,4.053307518562936
1995-08-05,1.0119831314144194
1995-08-06,0.6458465883695771
1995-08-07,0.0
1995-08-08,0.0
1995-08-09,0.0
1995-08-10,0.0
1995-08-11,0.0
1995-08-12,0.0
1995-08-13,0.005583345167285844
1995-08-14,0.47778034688712795
1995-08-15,9.361016828278595
1995-08-16,0.0
1995-08-17,0.0
1995-08-18,0.0
1995-08-19,0.0
1995-08-20,0.0
1995-08-21,0.0
1995-08-22,0.0
1995-08-23,0.0
1995-08-24,0.0
1995-08-25,0.0
1995-08-26,0.11284091217874335
1995-08-27,0.002260400196369969
1995-08-28,0.0
1995-08-29,0.0
1995-08-30,0.23987343276306242
1995-08-31,0.5868234483719408
1995-09-01,0.0
1995-09-02,0.0
1995-09-03,0.0
1995-09-04,0.0
1995-09-05,0.0
1995-09-06,0.01243334598016051
1995-09-07,0.002118984044595111
1995-09-08,0.14215729104393093
1995-09-09,0.13997634473545958
1995-09-10,0.022267374846003853
1995-09-11,0.4609743998769296
1995-09-12,2.783470984877148
1995-09-13,0.26837931223677663
1995-09-14,0.15285500612031125
1995-09-15,26.943554378306317
1995-09-16,5.55635522465344
1995-09-17,0.9590409997291414
1995-09-18,5.9598689271172764
1995-09-19,6.657419579303315
1995-09-20,3.748417948026833e-05
1995-09-21,18.123838452137136
1995-09-22,0.014005115137370329
1995-09-23,0.0
1995-09-24,2.948160384355891
1995-09-25,8.505343364956511
1995-09-26,0.0
1995-09-27,0.017387455432096733
1995-09-28,0.11816765293970803
1995-09-29,15.804741405018781
1995-09-30,0.08610155014297165
1995-10-01,0.0
1995-10-02,24.25786675662971
1995-10-03,0.001542002739803691
1995-10-04,0.0
1995-10-05,0.0
1995-10-06,0.0
1995-10-07,0.0
1995-10-08,0.0
1995-10-09,0.0
1995-10-10,0.9103669744192515
1995-10-11,0.00032682863776339503
1995-10-12,0.0
1995-10-13,0.0
1995-10-14,0.0
1995-10-15,0.0
1995-10-16,0.0
1995-10-17,0.0
1995-10-18,0.0
1995-10-19,0.0
1995-10-20,0.0
1995-10-21,0.17482723552805582
1995-10-22,0.17482723552805582
1995-10-23,0.17482723552805582
1995-10-24,0.17482723552805582
1995-10-25,0.17482723552805582
1995-10-26,0.0
1995-10-27,0.0
1995-10-28,0.0
1995-10-29,0.0
1995-10-30,0.351763392472602
1995-10-31,0.23914695489762597
1995-11-01,0.8180247581479712
1995-11-02,0.02666988343090608
1995-11-03,0.04565228652225485
1995-11-04,0.5178088427636587
1995-11-05,0.0
1995-11-06,0.4353814261873828
1995-11-07,0.0
1995-11-08,0.0
1995-11-09,0.0
1995-11-10,4.592459158980544
1995-11-11,0.1870995108123506
1995-11-12,0.0
1995-11-13,0.0
1995-11-14,0.005144477132900614
1995-11-15,0.0
1995-11-16,0.0
1995-11-17,0.0
1995-11-18,0.0
1995-11-19,0.0
1995-11-20,0.0
1995-11-21,0.0058894795651580085
1995-11-22,0.0058894795651580085
1995-11-23,0.20145892919242073
1995-11-24,0.0058894795651580085
1995-11-25,0.0058894795651580085
1995-11-26,0.049949578745234945
1995-11-27,0.049949578745234945
1995-11-28,0.049949578745234945
1995-11-29,0.049949578745234945
1995-11-30,0.049949578745234945
1995-12-01,0.0
1995-12-02,0.0
1995-12-03,0.0
1995-12-04,0.0
1995-12-05,0.0
1995-12-06,0.0
1995-12-07,0.0
1995-12-08,0.02113294969626504
1995-12-09,0.0
1995-12-10,0.0
1995-12-11,0.0680575750573172
1995-12-12,0.0680575750573172
1995-12-13,0.07239307765062529
1995-12-14,0.0680575750573172
1995-12-15,2.390527139903911
1995-12-16,0.0006106861933893003
1995-12-17,2.7996528719310936
1995-12-18,15.937084107871692
1995-12-19,0.36920504111092844
1995-12-20,0.0011346464467970232
1995-12-21,0.0
1995-12-22,0.0
1995-12-23,0.0
1995-12-24,0.0
1995-12-25,0.0
1995-12-26,0.0
1995-12-27,0.0
1995-12-28,0.0
1995-12-29,0.1714343938920489
1995-12-30,0.09780357446508192
1995-12-31,0.01857495320660008
1996-01-01,4.407095950644264
1996-01-02,0.29428226866734003
1996-01-03,0.0
1996-01-04,0.0
1996-01-05,0.7398071421989019
1996-01-06,1.583817014891529
1996-01-07,0.0
1996-01-08,0.0
1996-01-09,0.0
1996-01-10,0.0
1996-01-11,0.00019544858874299373
1996-01-12,0.00019544858874299373
1996-01-13,0.00019544858874299373
1996-01-14,0.00019544858874299373
1996-01-15,0.00019544858874299373
1996-01-16,1.6594870899388993e-07
1996-01-17,5.2081931132459075e-06
1996-01-18,4.7976756460900656e-05
1996-01-19,0.0
1996-01-20,3.683579964858871e-09
1996-01-21,7.77596340450136e-05
1996-01-22,0.0003369584854027604
1996-01-23,7.77596340450136e-05
1996-01-24,7.77596340450136e-05
1996-01-25,7.77596340450136e-05
1996-01-26,0.00026846266024363295
1996-01-27,0.0
1996-01-28,0.0
1996-01-29,0.0
1996-01-30,0.0
1996-01-31,0.004765582460862783
1996-02-01,0.0
1996-02-02,0.0
1996-02-03,0.0
1996-02-04,0.0
1996-02-05,0.0
1996-02-06,0.014634930779056417
1996-02-07,0.014634930779056417
1996-02-08,0.014634930779056417
1996-02-09,0.014634930779056417
1996-02-10,0.014634930779056417
1996-02-11,0.0
1996-02-12,0.0
1996-02-13,0.0
1996-02-14,0.0
1996-02-15,0.0
1996-02-16,0.0898749175060887
1996-02-17,0.0898749175060887
1996-02-18,0.11093656755597407
1996-02-19,0.09062176015337307
1996-02-20,0.0898749175060887
1996-02-21,0.007527914237988429
1996-02-22,0.007527914237988429
1996-02-23,0.007527914237988429
1996-02-24,0.007527914237988429
1996-02-25,0.007527914237988429
1996-02-26,4.6481473318217965
1996-02-27,0.0
1996-02-28,0.0008620931869142386
1996-02-29,0.0
1996-03-01,0.5748913878790423
1996-03-02,0.5748913878790423
1996-03-03,0.5748913878790423
1996-03-04,0.5748913878790423
1996-03-05,0.5748913878790423
1996-03-06,0.0
1996-03-07,0.0
1996-03-08,0.0
1996-03-09,0.0
1996-03-10,0.0
1996-03-11,0.0
1996-03-12,0.0
1996-03-13,0.0
1996-03-14,0.008085888672365739
1996-03-15,0.03132102751967036
1996-03-16,0.6458094207396059
1996-03-17,0.26786880715996053
1996-03-18,2.247334281546392
1996-03-19,8.273337635306618e-05
1996-03-20,0.0
1996-03-21,0.0
1996-03-22,0.0
1996-03-23,0.28966549748134235
1996-03-24,0.06369675337840189
1996-03-25,0.0
1996-03-26,0.06132727282149992
1996-03-27,0.690268272825577
1996-03-28,0.07759745132675548
1996-03-29,0.004116308853150129
1996-03-30,1.4903232756142735
1996-03-31,0.0
1996-04-01,0.0
1996-04-02,0.0
1996-04-03,2.066002662681837
1996-04-04,0.07825055000771415
1996-04-05,0.017588442659328636
1996-04-06,0.0
1996-04-07,0.014156027717417074
1996-04-08,0.001548627846045909
1996-04-09,0.0
1996-04-10,0.02582063997390579
1996-04-11,0.0
1996-04-12,0.0
1996-04-13,0.0885615882361613
1996-04-14,0.03826724622170218
1996-04-15,0.0
1996-04-16,0.0015361038052623946
1996-04-17,0.0015361038052623946
1996-04-18,0.0015361038052623946
1996-04-19,0.0015361038052623946
1996-04-20,0.0015361038052623946
1996-04-21,0.02986891266875491
1996-04-22,6.929225237172669
1996-04-23,0.0
1996-04-24,0.0
1996-04-25,0.0
1996-04-26,0.0
1996-04-27,0.0
1996-04-28,0.0
1996-04-29,0.0
1996-04-30,0.0
1996-05-01,0.0
1996-05-02,0.0004621284052066809
1996-05-03,0.0
1996-05-04,0.04485357021124652
1996-05-05,0.2661413444004773
1996-05-06,0.09116584515647362
1996-05-07,1.3843117446126425
1996-05-08,0.6930105888009032
1996-05-09,0.37541840084831524
1996-05-10,0.7455016445386943
1996-05-11,0.14819345497539238
1996-05-12,0.1312753220482989
1996-05-13,9.11713607437967
1996-05-14,1.136987128901153
1996-05-15,0.03507993064132045
1996-05-16,0.0
1996-05-17,0.0
1996-05-18,0.0
1996-05-19,0.0
1996-05-20,0.0
1996-05-21,0.0
1996-05-22,1.9127459521605354
1996-05-23,1.4760982702809191
1996-05-24,8.296108054161918
1996-05-25,21.179160127984716
1996-05-26,23.14949865287329
1996-05-27,0.0
1996-05-28,0.0
1996-05-29,0.0
1996-05-30,3.343425288545315
1996-05-31,3.7550721304067203
1996-06-01,11.549089866761111
1996-06-02,0.46811578309634355
1996-06-03,10.546836339000532
1996-06-04,9.324283574244964
1996-06-05,0.0011091394836012475
1996-06-06,2.804816652770666
1996-06-07,4.354624596339178
1996-06-08,0.0
1996-06-09,0.0
1996-06-10,5.066064274941919
1996-06-11,1.0403328062057973
1996-06-12,1.987675664246589
1996-06-13,2.8242581389462402
1996-06-14,13.103039162401922
1996-06-15,23.47144230698055
1996-06-16,20.353450867487414
1996-06-17,1.674144813816332
1996-06-18,1.122570966734223
1996-06-19,0.9916905917458212
1996-06-20,0.001466197706311093
1996-06-21,0.022864105111045106
1996-06-22,0.0
1996-06-23,1.754292249367248
1996-06-24,10.032466661115079
1996-06-25,2.67991057002596
1996-06-26,0.11766536845962543
1996-06-27,0.1671447951782251
1996-06-28,0.0008163767893504309
1996-06-29,0.0066488345793259745
1996-06-30,0.29205665148316673
1996-07-01,0.0
1996-07-02,0.0
1996-07-03,0.0
1996-07-04,0.0
1996-07-05,0.0
1996-07-06,2.259893836354242e-05
1996-07-07,0.43607082601884256
1996-07-08,1.0375633294416957
1996-07-09,20.767598097653934
1996-07-10,26.785141202997806
1996-07-11,7.982585198675046
1996-07-12,5.32455092166825
1996-07-13,5.152079081065766
1996-07-14,27.91101421991923
1996-07-15,0.0
1996-07-16,0.0
1996-07-17,0.0
1996-07-18,0.0
1996-07-19,0.0
1996-07-20,0.0
1996-07-21,0.2926605677052603
1996-07-22,0.10217114794583759
1996-07-23,0.9478761464952572
1996-07-24,32.31703325233327
1996-07-25,0.035046031852274784
1996-07-26,6.300681508863339
1996-07-27,2.9238670243875373
1996-07-28,0.1463917826873562
1996-07-29,0.25533842107507904
1996-07-30,8.998494863737191
1996-07-31,4.102027657988931
1996-08-01,3.0845755211394295
1996-08-02,0.017899698217106335
1996-08-03,0.13907040011513597
1996-08-04,0.03241149255536599
1996-08-05,0.07619307417979643
1996-08-06,0.22850509259347487
1996-08-07,0.54712008589744
1996-08-08,13.605059400655305
1996-08-09,8.95454759452549
1996-08-10,9.013567185059888
1996-08-11,2.2193045878620237
1996-08-12,0.0
1996-08-13,0.0
1996-08-14,0.0
1996-08-15,6.689222292632275
1996-08-16,0.28627569345004333
1996-08-17,2.5912875410988074
1996-08-18,0.007591167643438628
1996-08-19,0.035961007213726026
1996-08-20,0.43737821852807496
1996-08-21,0.10383922852786416
1996-08-22,1.0792736796544777
1996-08-23,0.8550451681836768
1996-08-24,0.8704036824154822
1996-08-25,10.221074171639204
1996-08-26,8.970548524693417
1996-08-27,14.013473172925764
1996-08-28,5.82378057964129
1996-08-29,2.696284278477769
1996-08-30,0.5008737259517093
1996-08-31,1.8808423485891252
1996-09-01,0.7412537654429323
1996-09-02,1.4813178497737534
1996-09-03,5.230615789949325
1996-09-04,12.570013495025995
1996-09-05,0.41078989648653574
1996-09-06,0.13009122183702226
1996-09-07,0.17542727760724533
1996-09-08,0.030036322813490328
1996-09-09,0.00013063898423451234
1996-09-10,0.0
1996-09-11,3.851325045603494e-05
1996-09-12,0.09546800517590535
1996-09-13,2.2198136442682044
1996-09-14,1.9021448260873564
1996-09-15,35.74920170610469
1996-09-16,2.027367613183384
1996-09-17,0.4071585289266656
1996-09-18,10.51300249467059
1996-09-19,55.75564883350192
1996-09-20,2.8487919619649476
1996-09-21,0.0045040095219286685
1996-09-22,5.801063618163975e-06
1996-09-23,0.0007463791135173966
1996-09-24,0.03489572185714918
1996-09-25,0.9414481209480783
1996-09-26,0.0
1996-09-27,0.0
1996-09-28,0.0
1996-09-29,0.0
1996-09-30,0.0
1996-10-01,0.0
1996-10-02,0.0056427374724496195
1996-10-03,0.11521261763304362
1996-10-04,0.3875971227851116
1996-10-05,0.1401872051026659
1996-10-06,0.21760082811643702
1996-10-07,1.4554896615503126
1996-10-08,0.6790745353265898
1996-10-09,0.0
1996-10-10,0.0
1996-10-11,6.606423609764553e-05
1996-10-12,6.606423609764553e-05
1996-10-13,6.606423609764553e-05
1996-10-14,6.606423609764553e-05
1996-10-15,6.606423609764553e-05
1996-10-16,0.0
1996-10-17,0.0
1996-10-18,0.0
1996-10-19,0.0
1996-10-20,0.0
1996-10-21,1.760920141703317
1996-10-22,0.44361516597018397
1996-10-23,0.0
1996-10-24,0.0
1996-10-25,0.0
1996-10-26,0.0
1996-10-27,6.997966471962409
1996-10-28,0.12675151048019875
1996-10-29,2.963798741615336
1996-10-30,0.0
1996-10-31,0.899237419392821
1996-11-01,0.0
1996-11-02,0.0
1996-11-03,0.0
1996-11-04,0.0
1996-11-05,0.0
1996-11-06,0.05705125735732076
1996-11-07,0.027651876998125248
1996-11-08,0.027651876998125248
1996-11-09,0.027651876998125248
1996-11-10,0.027651876998125248
1996-11-11,0.0
1996-11-12,0.2058823026270226
1996-11-13,0.07562778826558024
1996-11-14,0.08854566440461102
1996-11-15,0.45075924218155156
1996-11-16,17.743985601914247
1996-11-17,0.0
1996-11-18,0.0
1996-11-19,0.003042599237058329
1996-11-20,0.01214592481502906
1996-11-21,0.0006314595277374709
1996-11-22,0.009203489360959652
1996-11-23,0.0012377790723535368
1996-11-24,0.03613798749922824
1996-11-25,0.0
1996-11-26,0.0
1996-11-27,0.0
1996-11-28,0.08968246214761914
1996-11-29,3.225524690211547
1996-11-30,13.213372037499305
1996-12-01,0.011918148046728777
1996-12-02,0.0
1996-12-03,0.0
1996-12-04,6.376594165808892e-07
1996-12-05,0.0
1996-12-06,1.5323694712817215
1996-12-07,1.5323694712817215
1996-12-08,1.5323694712817215
1996-12-09,1.5323694712817215
1996-12-10,1.5323694712817215
1996-12-11,0.0
1996-12-12,0.0
1996-12-13,0.0
1996-12-14,0.0
1996-12-15,0.0
1996-12-16,0.0
1996-12-17,0.0
1996-12-18,0.0
1996-12-19,0.0
1996-12-20,0.0
1996-12-21,3.9872271236708388
1996-12-22,3.9872271236708388
1996-12-23,3.9872271236708388
1996-12-24,3.9872271236708388
1996-12-25,3.9872271236708388
1996-12-26,0.388321283807916
1996-12-27,0.388321283807916
1996-12-28,0.388321283807916
1996-12-29,0.388321283807916
1996-12-30,0.388321283807916
1996-12-31,0.7319226350627361
1997-01-01,0.0
1997-01-02,0.0
1997-01-03,0.0
1997-01-04,0.0
1997-01-05,0.0
1997-01-06,0.10725211456885266
1997-01-07,0.020568996536469174
1997-01-08,1.14586444466424
1997-01-09,0.381667322527226
1997-01-10,4.108767334898781e-05
1997-01-11,3.2535552428784884
1997-01-12,9.212704374163764
1997-01-13,0.23787329091746043
1997-01-14,1.172046030862683
1997-01-15,0.6517684430222539
1997-01-16,0.0
1997-01-17,0.0
1997-01-18,0.0
1997-01-19,0.0
1997-01-20,0.0
1997-01-21,0.5425049194737206
1997-01-22,0.5425049194737206
1997-01-23,0.5425049194737206
1997-01-24,0.5425049194737206
1997-01-25,0.5425049194737206
1997-01-26,0.0020433297339275845
1997-01-27,7.240863695862203
1997-01-28,0.006460946931305782
1997-01-29,0.0020433297339275845
1997-01-30,0.0020433297339275845
1997-01-31,0.0020433297339275845
1997-02-01,0.00020326935185525355
1997-02-02,0.00011135796214685013
1997-02-03,0.033636655824451946
1997-02-04,0.00011135796214685013
1997-02-05,0.00012607401885468783
1997-02-06,9.663112773369054
1997-02-07,6.487427427082148
1997-02-08,0.0009026224348195667
1997-02-09,7.38520484998716e-05
1997-02-10,7.38520484998716e-05
1997-02-11,0.0
1997-02-12,0.0
1997-02-13,0.0
1997-02-14,0.0
1997-02-15,0.0
1997-02-16,0.00011068580882809371
1997-02-17,0.00011068580882809371
1997-02-18,0.000736640421519258
1997-02-19,1.592203838662116
1997-02-20,27.5672462048351
1997-02-21,1.3936711504433845
1997-02-22,1.147750454321352e-05
1997-02-23,3.4286658680348556e-05
1997-02-24,0.057925785097789846
1997-02-25,0.4125727374976543
1997-02-26,3.9049728400428636
1997-02-27,0.21896196764764547
1997-02-28,0.25191382943477364
1997-03-01,0.0
1997-03-02,0.0
1997-03-03,0.0
1997-03-04,0.0
1997-03-05,0.0
1997-03-06,7.885606228148388e-05
1997-03-07,7.885606228148388e-05
1997-03-08,0.2445206623371213
1997-03-09,0.8546049300471746
1997-03-10,7.885606228148388e-05
1997-03-11,0.0
1997-03-12,0.0
1997-03-13,0.0
1997-03-14,0.0
1997-03-15,0.0
1997-03-16,0.0
1997-03-17,0.0
1997-03-18,0.0
1997-03-19,0.0
1997-03-20,0.0
1997-03-21,0.0
1997-03-22,0.0
1997-03-23,0.0
1997-03-24,0.0
1997-03-25,0.0
1997-03-26,0.0
1997-03-27,0.0
1997-03-28,0.0
1997-03-29,0.0
1997-03-30,0.0
1997-03-31,0.0
1997-04-01,0.19992019311576867
1997-04-02,3.358412856493307
1997-04-03,39.52498890494556
1997-04-04,29.593779775164258
1997-04-05,0.47787787574537044
1997-04-06,1.6108924797374902e-05
1997-04-07,0.03811506126621483
1997-04-08,0.963289160926756
1997-04-09,0.21062604122770506
1997-04-10,1.048089406218911
1997-04-11,34.091422810243884
1997-04-12,0.00039069958163416455
1997-04-13,0.001446205530220104
1997-04-14,0.0016842074666772126
1997-04-15,0.0037956896851722307
1997-04-16,0.03250414712597414
1997-04-17,0.0003857650050613257
1997-04-18,0.026596814882791153
1997-04-19,0.01570848475813009
1997-04-20,0.7230514611001635
1997-04-21,0.08039643862830952
1997-04-22,18.41267538750764
1997-04-23,0.26991533515341287
1997-04-24,32.90260111364463
1997-04-25,59.881627066408626
1997-04-26,19.692715822193996
1997-04-27,14.3578406410508
1997-04-28,0.0002487391775044118
1997-04-29,0.0002487391775044118
1997-04-30,0.002974754129996265
1997-05-01,5.683490811584144
1997-05-02,6.7974045106416
1997-05-03,0.0001688364884381371
1997-05-04,0.0001688364884381371
1997-05-05,0.0001688364884381371
1997-05-06,0.0003517789718118076
1997-05-07,35.45562661948396
1997-05-08,12.804426528245386
1997-05-09,0.1627605004099327
1997-05-10,9.122668332724206e-05
1997-05-11,0.8725376367883477
1997-05-12,1.2021685891585205
1997-05-13,0.007688752828983574
1997-05-14,0.08788253836491387
1997-05-15,2.111507907179665
1997-05-16,2.005771472234782
1997-05-17,0.00025309497659929247
1997-05-18,0.45071415071320636
1997-05-19,11.048631809457582
1997-05-20,0.003968977751749511
1997-05-21,6.259215666083229
1997-05-22,15.466024596818439
1997-05-23,6.4664342051358945
1997-05-24,6.581054371652056
1997-05-25,13.748405926334815
1997-05-26,6.163656863900961e-05
1997-05-27,0.0778395960334946
1997-05-28,0.037496081631140904
1997-05-29,0.4287080701983993
1997-05-30,16.83407876280136
1997-05-31,0.00032955838241512954
1997-06-01,0.005175472249176018
1997-06-02,0.2038823529939805
1997-06-03,0.006946099087090226
1997-06-04,0.00452641290080805
1997-06-05,0.008637187724945077
1997-06-06,4.351037580811303
1997-06-07,0.21556362095364343
1997-06-08,8.07702424511754
1997-06-09,15.829811907644672
1997-06-10,3.7422830957509805
1997-06-11,16.627961411857
1997-06-12,2.2611344916243175
1997-06-13,1.731503000978597
1997-06-14,3.4221240249249334
1997-06-15,14.060253582685611
1997-06-16,2.162835833258925
1997-06-17,4.4623996091567735
1997-06-18,0.4292395437810488
1997-06-19,0.005499328932920228
1997-06-20,1.048005441743568
1997-06-21,2.2305029018120712
1997-06-22,1.574718178855386
1997-06-23,6.385809022217365
1997-06-24,0.09759533096642597
1997-06-25,0.09066322986950903
1997-06-26,0.33125499107434103
1997-06-27,0.8044150302798492
1997-06-28,0.2740624371224041
1997-06-29,0.08490146752238513
1997-06-30,0.07174439396477125
1997-07-01,0.00030817932325413386
1997-07-02,0.00030817932325413386
1997-07-03,0.21275054042391528
1997-07-04,7.521051407843879
1997-07-05,3.6839039427240885
1997-07-06,7.4030813030801275
1997-07-07,0.03225634076080803
1997-07-08,0.2472327081152728
1997-07-09,1.0134999263182174
1997-07-10,2.2823629469219755
1997-07-11,3.1860910851249806
1997-07-12,0.830465873324849
1997-07-13,0.4590649617513766
1997-07-14,0.8157068195611192
1997-07-15,0.06561012140243981
1997-07-16,0.06833812005350698
1997-07-17,0.14826149625084747
1997-07-18,0.8670056872124828
1997-07-19,0.5127917492825504
1997-07-20,3.852597569248891
1997-07-21,3.5318233702381336
1997-07-22,14.03725420954827
1997-07-23,0.06143223791972239
1997-07-24,0.006484972921574228
1997-07-25,0.00042708050386258255
1997-07-26,8.984789376256279e-08
1997-07-27,2.1433228650001827e-06
1997-07-28,5.2655794578799465e-06
1997-07-29,1.3178400369377196e-05
1997-07-30,0.00023481272474357395
1997-07-31,5.84723492164731e-06
1997-08-01,0.010711680153218044
1997-08-02,0.21460433504254636
1997-08-03,0.1939329119598669
1997-08-04,6.275749863659344
1997-08-05,6.352738785713789
1997-08-06,13.577633161555218
1997-08-07,12.76328407410192
1997-08-08,0.01385036028872085
1997-08-09,8.844928502215793e-05
1997-08-10,5.216772302348453
1997-08-11,16.5621103711975
1997-08-12,12.007468106675827
1997-08-13,2.3559580016486366
1997-08-14,1.0805644297517132
1997-08-15,0.03403732369545519
1997-08-16,0.018536953142866876
1997-08-17,0.005379636251062361
1997-08-18,11.75787058438791
1997-08-19,4.09667063791606
1997-08-20,0.9480378406518516
1997-08-21,0.0
1997-08-22,0.0
1997-08-23,0.0
1997-08-24,0.0
1997-08-25,0.0
1997-08-26,0.0007675125064845826
1997-08-27,0.0007675125064845826
1997-08-28,0.0007675125064845826
1997-08-29,0.0007675125064845826
1997-08-30,5.0139524727286595
1997-08-31,3.310641269562888
1997-09-01,0.00015333459258177703
1997-09-02,0.021778526266414175
1997-09-03,0.4920967342657928
1997-09-04,1.1289657904040749
1997-09-05,0.22474549101065974
1997-09-06,1.5117550800697315
1997-09-07,0.2088230544777317
1997-09-08,0.2917198358015259
1997-09-09,1.2831925484224584
1997-09-10,0.46793457312867887
1997-09-11,0.19190126583248932
1997-09-12,3.3460989466654247
1997-09-13,7.6221234839374805
1997-09-14,4.588523033172234
1997-09-15,0.11698767118046251
1997-09-16,0.0030693432667453667
1997-09-17,0.002431318624681256
1997-09-18,0.001084731999756169
1997-09-19,0.23460972230773905
1997-09-20,0.6356830958649754
1997-09-21,1.697700681730512
1997-09-22,68.57932793920146
1997-09-23,9.20057849114693
1997-09-24,0.24693611839050794
1997-09-25,0.00025834297903504173
1997-09-26,0.0
1997-09-27,0.0
1997-09-28,0.0
1997-09-29,0.0
1997-09-30,0.0
1997-10-01,2.044497064110171
1997-10-02,0.020817624662541688
1997-10-03,2.667424025572475
1997-10-04,14.986821778406808
1997-10-05,0.334605500794252
1997-10-06,1.8894218071936855
1997-10-07,9.020866490983707
1997-10-08,5.9628562082868655
1997-10-09,0.00012168097741007729
1997-10-10,1.201201736545479
1997-10-11,0.0005183564219829712
1997-10-12,0.0016691059296721003
1997-10-13,7.6364968799719e-09
1997-10-14,7.6364968799719e-09
1997-10-15,7.6364968799719e-09
1997-10-16,0.0
1997-10-17,0.0
1997-10-18,0.0
1997-10-19,0.0
1997-10-20,0.0
1997-10-21,1.1984115776616728
1997-10-22,0.005016449281639217
1997-10-23,11.114724474666625
1997-10-24,0.10138031274558747
1997-10-25,3.1171807947852597
1997-10-26,2.1556903875463997
1997-10-27,0.0004115463856830297
1997-10-28,0.0004115463856830297
1997-10-29,0.0004115463856830297
1997-10-30,0.0004115463856830297
1997-10-31,0.0004115463856830297
1997-11-01,0.0
1997-11-02,0.0
1997-11-03,0.0
1997-11-04,0.0
1997-11-05,0.0
1997-11-06,0.0
1997-11-07,0.0
1997-11-08,0.0
1997-11-09,0.0
1997-11-10,0.0
1997-11-11,0.844819607977731
1997-11-12,2.714083455684125
1997-11-13,8.966906471711434
1997-11-14,4.075151897693214
1997-11-15,0.7353388599868194
1997-11-16,0.0
1997-11-17,0.0
1997-11-18,0.0
1997-11-19,0.0
1997-11-20,0.0
1997-11-21,1.848678342347287
1997-11-22,0.9366682507943115
1997-11-23,0.0003005064629691417
1997-11-24,0.0003005064629691417
1997-11-25,0.0003005064629691417
1997-11-26,0.0001369086792472568
1997-11-27,0.2914272190580099
1997-11-28,11.016271341472429
1997-11-29,1.6542767564968917
1997-11-30,0.15907658459482335
1997-12-01,0.12267653442462009
1997-12-02,3.1545855580437765
1997-12-03,1.2452807128483572
1997-12-04,5.885319707640792e-05
1997-12-05,5.885319707640792e-05
1997-12-06,1.3379505937373256e-06
1997-12-07,0.02025459575180946
1997-12-08,0.0038199394820749005
1997-12-09,5.0527686024283604e-05
1997-12-10,0.005744043061003576
1997-12-11,0.0
1997-12-12,0.0
1997-12-13,0.0
1997-12-14,0.0
1997-12-15,0.0
1997-12-16,9.15480309355752e-06
1997-12-17,9.15480309355752e-06
1997-12-18,9.15480309355752e-06
1997-12-19,9.15480309355752e-06
1997-12-20,0.07492293992782728
1997-12-21,26.306744525298058
1997-12-22,0.10099026792629241
1997-12-23,20.966748204994968
1997-12-24,12.241307498040122
1997-12-25,0.9645066278480637
1997-12-26,0.0
1997-12-27,0.0
1997-12-28,0.0
1997-12-29,0.0
1997-12-30,0.0
1997-12-31,0.0
1998-01-01,0.0
1998-01-02,0.0
1998-01-03,0.033571658714471736
1998-01-04,13.033586030113195
1998-01-05,0.06698351411008954
1998-01-06,0.0
1998-01-07,0.0
1998-01-08,0.0
1998-01-09,0.0
1998-01-10,0.0
1998-01-11,0.0
1998-01-12,0.0
1998-01-13,0.0
1998-01-14,0.0
1998-01-15,0.0
1998-01-16,0.5954239319747735
1998-01-17,0.5954239319747735
1998-01-18,0.5954239319747735
1998-01-19,0.5954239319747735
1998-01-20,0.5954239319747735
1998-01-21,0.0
1998-01-22,0.0
1998-01-23,0.0
1998-01-24,0.0
1998-01-25,0.0
1998-01-26,0.3291237496302895
1998-01-27,0.0
1998-01-28,0.0
1998-01-29,0.0
1998-01-30,0.0
1998-01-31,2.273405157467041
1998-02-01,0.06992507444655462
1998-02-02,0.0
1998-02-03,6.690152188470588e-05
1998-02-04,0.030521190902179078
1998-02-05,4.921931410333788
1998-02-06,0.0
1998-02-07,0.0
1998-02-08,0.0
1998-02-09,0.0
1998-02-10,0.0
1998-02-11,0.0
1998-02-12,6.980664309416928
1998-02-13,0.011274767556918183
1998-02-14,0.013015314675326765
1998-02-15,1.8061348594587128
1998-02-16,0.7742602214251478
1998-02-17,0.22959778161906672
1998-02-18,0.05277194583377347
1998-02-19,0.5966592938709513
1998-02-20,0.0034068189665357436
1998-02-21,9.054614109874334
1998-02-22,1.5813672261685159
1998-02-23,0.10055994673917495
1998-02-24,0.0
1998-02-25,0.0013452365922340121
1998-02-26,0.01956875629879212
1998-02-27,2.871103316269977
1998-02-28,0.0
1998-03-01,0.0
1998-03-02,0.0
1998-03-03,0.0
1998-03-04,0.0
1998-03-05,0.0
1998-03-06,0.28425852321001127
1998-03-07,2.5781825884641116
1998-03-08,4.28392175811556
1998-03-09,0.0
1998-03-10,0.0
1998-03-11,0.0037025995430769623
1998-03-12,0.0
1998-03-13,0.0
1998-03-14,0.1769705874357973
1998-03-15,4.7307577079611605
1998-03-16,47.899218571658885
1998-03-17,4.408759283402422
1998-03-18,0.11658120470918878
1998-03-19,15.77716423878555
1998-03-20,0.005518753166003016
1998-03-21,0.01729240349424815
1998-03-22,0.01729240349424815
1998-03-23,0.01729240349424815
1998-03-24,0.01729240349424815
1998-03-25,0.01729240349424815
1998-03-26,0.003076643145038439
1998-03-27,0.47015679794281373
1998-03-28,0.0
1998-03-29,0.0
1998-03-30,0.6765508170347775
1998-03-31,0.23325376495065817
1998-04-01,0.0
1998-04-02,0.0
1998-04-03,0.0
1998-04-04,0.0
1998-04-05,0.0
1998-04-06,0.0
1998-04-07,0.0
1998-04-08,0.0
1998-04-09,0.0
1998-04-10,0.0
1998-04-11,0.0
1998-04-12,0.0
1998-04-13,0.0
1998-04-14,0.0
1998-04-15,0.0
1998-04-16,0.3570152912152301
1998-04-17,0.008725571562648159
1998-04-18,0.032430945133877724
1998-04-19,0.12696851981643048
1998-04-20,0.18503410192169653
1998-04-21,0.0
1998-04-22,0.0
1998-04-23,0.0
1998-04-24,0.0
1998-04-25,0.0
1998-04-26,1.180584308593607
1998-04-27,2.052464622456096
1998-04-28,0.17319590526098091
1998-04-29,0.002510489507730626
1998-04-30,2.042991668262451e-05
1998-05-01,0.9420490722510181
1998-05-02,0.039515961910167346
1998-05-03,0.12165748592891401
1998-05-04,0.00019532736710509605
1998-05-05,1.8593678160239433
1998-05-06,0.02183380303883213
1998-05-07,0.048028145446935205
1998-05-08,1.965538589458127
1998-05-09,41.031804883374875
1998-05-10,0.007675914783560066
1998-05-11,0.0
1998-05-12,0.0
1998-05-13,0.009329239398566226
1998-05-14,0.0846116571241105
1998-05-15,11.714716803493983
1998-05-16,0.0
1998-05-17,0.047297381232121315
1998-05-18,5.4125281687517095
1998-05-19,0.0001616130665919381
1998-05-20,0.4939107604961912
1998-05-21,2.6160730692311085
1998-05-22,1.577412492725743
1998-05-23,0.026933451151718853
1998-05-24,0.21335289342871971
1998-05-25,2.049541413782758
1998-05-26,0.41814303386926976
1998-05-27,0.06661450630940262
1998-05-28,0.0003454701291427157
1998-05-29,0.2935854748236942
1998-05-30,0.10260797354450105
1998-05-31,0.0
1998-06-01,0.0
1998-06-02,0.0
1998-06-03,0.0
1998-06-04,0.0
1998-06-05,0.0
1998-06-06,0.020837576848577986
1998-06-07,0.0010510161794176282
1998-06-08,1.5349708184685857
1998-06-09,0.0
1998-06-10,0.018525457124378912
1998-06-11,0.8185153007704071
1998-06-12,0.0
1998-06-13,0.005533958571334441
1998-06-14,1.0676746025619589e-05
1998-06-15,0.07808761656821671
1998-06-16,0.015414699467408765
1998-06-17,0.25781768121005455
1998-06-18,0.002527505575255316
1998-06-19,0.024332131794886545
1998-06-20,0.0
1998-06-21,0.04643883739346303
1998-06-22,0.9916012637933495
1998-06-23,0.021167264105779637
1998-06-24,0.00023534408833260112
1998-06-25,0.003138310090371956
1998-06-26,0.0
1998-06-27,0.0
1998-06-28,0.0
1998-06-29,0.0
1998-06-30,0.0
1998-07-01,0.8467625629229871
1998-07-02,0.5086148276280777
1998-07-03,0.004629514402041764
1998-07-04,0.40644127862756624
1998-07-05,1.1938578289540183
1998-07-06,6.695423122036809
1998-07-07,4.767043317347252
1998-07-08,8.225296071822104
1998-07-09,0.9188041474302385
1998-07-10,0.013998476258706897
1998-07-11,1.4622474028443708
1998-07-12,3.3258227571122707
1998-07-13,1.650742073818244e-05
1998-07-14,0.27284946718052544
1998-07-15,1.1691353430379103
1998-07-16,4.179244883341169
1998-07-17,1.8097467914119347
1998-07-18,0.1554707828858309
1998-07-19,1.445685700360203
1998-07-20,0.024913644368394387
1998-07-21,0.019092318255207068
1998-07-22,0.0
1998-07-23,0.3332033250258873
1998-07-24,0.0015033450189003178
1998-07-25,0.005285654804100465
1998-07-26,0.4375180547374619
1998-07-27,2.3117764849484206
1998-07-28,3.491699526875442
1998-07-29,0.12263273784524008
1998-07-30,0.2069444901448098
1998-07-31,5.4115076094226335
1998-08-01,0.3387919284269854
1998-08-02,1.7545340637441167
1998-08-03,0.9844305837120781
1998-08-04,15.79630949023016
1998-08-05,0.2536842273285929
1998-08-06,0.0
1998-08-07,0.0
1998-08-08,0.0
1998-08-09,0.0
1998-08-10,0.0
1998-08-11,1.8808135045654675
1998-08-12,15.521379234848084
1998-08-13,2.331815647707701
1998-08-14,2.500715772617006
1998-08-15,9.687433833963804e-05
1998-08-16,0.0
1998-08-17,0.0
1998-08-18,0.0
1998-08-19,0.0
1998-08-20,0.0
1998-08-21,0.0
1998-08-22,0.0
1998-08-23,0.0
1998-08-24,0.0
1998-08-25,0.0
1998-08-26,1.1374970523814356
1998-08-27,1.0507959792371495
1998-08-28,17.18086196027453
1998-08-29,0.0
1998-08-30,0.0
1998-08-31,0.0
1998-09-01,0.0022274270925737613
1998-09-02,0.005011712792392502
1998-09-03,0.0022274270925737613
1998-09-04,0.0022274270925737613
1998-09-05,0.0022274270925737613
1998-09-06,0.0
1998-09-07,0.0
1998-09-08,0.2655349900510761
1998-09-09,0.31057942022884905
1998-09-10,0.0
1998-09-11,0.0
1998-09-12,0.0
1998-09-13,0.015257376168900983
1998-09-14,0.7103448902305503
1998-09-15,0.5162256541668272
1998-09-16,0.22812650247234958
1998-09-17,0.08349938392141573
1998-09-18,0.16902983825682416
1998-09-19,0.0
1998-09-20,0.03734673935409996
1998-09-21,0.09647194246293682
1998-09-22,0.43876925559366975
1998-09-23,0.8489352312612124
1998-09-24,0.017962044917760083
1998-09-25,0.006728529798540517
1998-09-26,0.04785773997228146
1998-09-27,7.322916478065799
1998-09-28,0.07213214894282816
1998-09-29,0.2605238513281025
1998-09-30,1.6674243690931052
1998-10-01,13.345549015715259
1998-10-02,39.948423025398526
1998-10-03,0.16425131509602936
1998-10-04,0.049014928008844175
1998-10-05,0.1908563926071414
1998-10-06,0.18144254991351025
1998-10-07,0.18144254991351025
1998-10-08,0.18144254991351025
1998-10-09,0.18144254991351025
1998-10-10,0.18144254991351025
1998-10-11,0.0
1998-10-12,0.0
1998-10-13,0.5046225793771161
1998-10-14,0.0
1998-10-15,0.06138333671842492
1998-10-16,5.458451151858412
1998-10-17,8.702193441579526
1998-10-18,0.0
1998-10-19,0.0
1998-10-20,3.7682841971542187
1998-10-21,4.548447062891416
1998-10-22,0.0
1998-10-23,6.578872593896481
1998-10-24,0.4601664991348604
1998-10-25,0.0
1998-10-26,0.013837374210060524
1998-10-27,0.669394263244045
1998-10-28,3.605727929779753
1998-10-29,0.0
1998-10-30,10.128950857046087
1998-10-31,67.15963452651951
1998-11-01,33.58855069120227
1998-11-02,0.42153173566883967
1998-11-03,0.010776747226983165
1998-11-04,0.01274034732134208
1998-11-05,0.00021560603865876786
1998-11-06,0.0
1998-11-07,0.0
1998-11-08,0.0
1998-11-09,0.0
1998-11-10,0.0
1998-11-11,0.0
1998-11-12,0.0
1998-11-13,0.0
1998-11-14,0.0
1998-11-15,0.0
1998-11-16,0.0
1998-11-17,0.0
1998-11-18,0.0
1998-11-19,0.0
1998-11-20,0.0
1998-11-21,0.013288363921099158
1998-11-22,0.013288363921099158
1998-11-23,0.013288363921099158
1998-11-24,0.013288363921099158
1998-11-25,0.013288363921099158
1998-11-26,0.0
1998-11-27,0.0
1998-11-28,8.645560166291497e-06
1998-11-29,3.732849662290857
1998-11-30,0.12985732672702963
1998-12-01,0.0
1998-12-02,0.0002848672701451779
1998-12-03,0.432724914427023
1998-12-04,0.0018966170694399002
1998-12-05,0.0
1998-12-06,0.0
1998-12-07,0.0
1998-12-08,0.0
1998-12-09,0.0
1998-12-10,0.0
1998-12-11,0.0
1998-12-12,0.0
1998-12-13,0.0
1998-12-14,0.0
1998-12-15,0.0
1998-12-16,0.0
1998-12-17,0.0
1998-12-18,0.0
1998-12-19,0.0
1998-12-20,0.0
1998-12-21,6.974780583829014
1998-12-22,0.0
1998-12-23,0.0
1998-12-24,0.0
1998-12-25,0.0
1998-12-26,1.707792977608622
1998-12-27,1.707792977608622
1998-12-28,1.707792977608622
1998-12-29,1.707792977608622
1998-12-30,1.707792977608622
1998-12-31,1.707792977608622
1999-01-01,0.29107120739046805
1999-01-02,0.38232273893475505
1999-01-03,0.014399929940467616
1999-01-04,0.00036614082553784147
1999-01-05,0.0
1999-01-06,0.0
1999-01-07,0.0
1999-01-08,0.0
1999-01-09,0.0
1999-01-10,0.0
1999-01-11,0.0
1999-01-12,0.0
1999-01-13,0.0
1999-01-14,0.0
1999-01-15,0.0
1999-01-16,0.0
1999-01-17,1.3298935615393956
1999-01-18,0.0
1999-01-19,0.0
1999-01-20,0.0
1999-01-21,0.0033389076447198833
1999-01-22,5.284998274577431
1999-01-23,0.0
1999-01-24,0.0
1999-01-25,0.0
1999-01-26,0.0
1999-01-27,0.0
1999-01-28,3.9795063524820176
1999-01-29,21.271698931931034
1999-01-30,21.94063550832551
1999-01-31,0.29549972045784945
1999-02-01,0.00882295356218226
1999-02-02,0.0
1999-02-03,0.0
1999-02-04,0.0
1999-02-05,1.2056798906786081
1999-02-06,0.0
1999-02-07,0.0
1999-02-08,0.0
1999-02-09,0.0
1999-02-10,0.0
1999-02-11,0.0
1999-02-12,0.0
1999-02-13,0.0
1999-02-14,0.0
1999-02-15,0.0
1999-02-16,0.0
1999-02-17,0.0
1999-02-18,0.0
1999-02-19,0.0
1999-02-20,0.0
1999-02-21,0.0
1999-02-22,0.0
1999-02-23,0.0
1999-02-24,0.0
1999-02-25,0.0
1999-02-26,0.26730680044009963
1999-02-27,0.26730680044009963
1999-02-28,0.26730680044009963
1999-03-01,0.02033881030439035
1999-03-02,0.02033881030439035
1999-03-03,0.02033881030439035
1999-03-04,0.02033881030439035
1999-03-05,0.02033881030439035
1999-03-06,0.0
1999-03-07,0.28715715814604154
1999-03-08,17.069993088322597
1999-03-09,0.0
1999-03-10,0.0
1999-03-11,0.30318240415117503
1999-03-12,7.459778922541819
1999-03-13,1.057226974068725
1999-03-14,0.12467919513608552
1999-03-15,0.0
1999-03-16,0.0
1999-03-17,0.027284731599724412
1999-03-18,18.2922825071415
1999-03-19,6.790076553324056
1999-03-20,0.0007287933367764945
1999-03-21,0.0
1999-03-22,0.0
1999-03-23,0.0
1999-03-24,0.0
1999-03-25,0.0
1999-03-26,0.0
1999-03-27,2.095383095832808
1999-03-28,0.36744106821111483
1999-03-29,0.11711966220866303
1999-03-30,0.013908907688830534
1999-03-31,6.691033513439632e-06
1999-04-01,0.0
1999-04-02,0.0049643651698070244
1999-04-03,0.7143834887607527
1999-04-04,0.012649003696642984
1999-04-05,10.016803110580872
1999-04-06,0.0
1999-04-07,0.018209224552704205
1999-04-08,6.46491005363127
1999-04-09,0.0
1999-04-10,0.0
1999-04-11,0.0
1999-04-12,0.0
1999-04-13,3.8062337904844097
1999-04-14,9.025004927619834
1999-04-15,0.10753215686662142
1999-04-16,0.0
1999-04-17,0.0
1999-04-18,0.0
1999-04-19,0.0
1999-04-20,0.0
1999-04-21,0.01742265940484803
1999-04-22,0.05610267461408905
1999-04-23,5.834126834787366
1999-04-24,23.81745927479772
1999-04-25,17.704347564304996
1999-04-26,0.4394457449262294
1999-04-27,0.019056094570321216
1999-04-28,0.0
1999-04-29,26.333357863282497
1999-04-30,5.448042826928389
1999-05-01,11.704751270275109
1999-05-02,11.954853849447714
1999-05-03,0.006904801435200542
1999-05-04,1.0539763262348112
1999-05-05,1.7372556973158437
1999-05-06,0.024730306942684993
1999-05-07,0.0
1999-05-08,0.07301863836310342
1999-05-09,1.625924636403435
1999-05-10,16.845284879086513
1999-05-11,3.0732622459062514e-05
1999-05-12,0.0
1999-05-13,0.0
1999-05-14,0.11643557546066859
1999-05-15,0.0
1999-05-16,1.221716658304079
1999-05-17,0.4050334345598273
1999-05-18,0.0
1999-05-19,0.0
1999-05-20,2.3249205135000235
1999-05-21,0.5961239937031299
1999-05-22,0.4183522831427954
1999-05-23,0.11421754943984136
1999-05-24,0.34360339126664574
1999-05-25,12.614290908864946
1999-05-26,12.993916889047386
1999-05-27,22.157795859752568
1999-05-28,1.8031786707592101
1999-05-29,1.19965857279684
1999-05-30,0.7169528239349429
1999-05-31,1.2842136793097583
1999-06-01,0.014340459739107442
1999-06-02,1.2647032275217702
1999-06-03,24.720856363746464
1999-06-04,0.01658684158418851
1999-06-05,0.4890666663155411
1999-06-06,0.0
1999-06-07,0.4752497052326125
1999-06-08,0.06296169242247816
1999-06-09,0.10636944265103851
1999-06-10,0.07519415931995911
1999-06-11,2.6164741833364134
1999-06-12,8.931253140959832
1999-06-13,0.6976522724007845
1999-06-14,9.52777564443617e-05
1999-06-15,0.001834765189038264
1999-06-16,0.06793485014722771
1999-06-17,0.0006909086428482465
1999-06-18,0.12831284842987933
1999-06-19,0.29843777280294986
1999-06-20,2.5751403424906107
1999-06-21,11.957876893166599
1999-06-22,2.48525286378391
1999-06-23,0.04040445636401957
1999-06-24,3.2082513187302855
1999-06-25,3.7492377735480913
1999-06-26,5.454882725647131
1999-06-27,0.3564296978223589
1999-06-28,0.37186428024641716
1999-06-29,2.058559283585493
1999-06-30,2.3485744501940027
1999-07-01,0.05754045780738084
1999-07-02,0.0
1999-07-03,1.4810742193380175
1999-07-04,0.0
1999-07-05,0.0
1999-07-06,0.032153623328674864
1999-07-07,0.3621447628097219
1999-07-08,0.2625941531496465
1999-07-09,1.7948030195348497
1999-07-10,17.83266318882661
1999-07-11,0.0
1999-07-12,0.0
1999-07-13,0.0
1999-07-14,0.0
1999-07-15,0.0
1999-07-16,0.016948291067758123
1999-07-17,0.005050642327776404
1999-07-18,4.639577322082889e-05
1999-07-19,0.0002952556770918221
1999-07-20,0.0013278534858716666
1999-07-21,0.0
1999-07-22,0.0
1999-07-23,0.0
1999-07-24,0.0
1999-07-25,0.0
1999-07-26,1.8899372030335547e-05
1999-07-27,0.0
1999-07-28,0.0
1999-07-29,3.01702154675092e-05
1999-07-30,0.00010628434564285281
1999-07-31,5.02429549505949e-05
1999-08-01,0.6614913350871835
1999-08-02,1.5813628219808549
1999-08-03,10.950705122480477
1999-08-04,13.722801103156051
1999-08-05,12.448283274676637
1999-08-06,8.410595877130937
1999-08-07,0.14074037714503831
1999-08-08,0.2539962583864921
1999-08-09,0.6468159295435841
1999-08-10,0.048282634836542396
1999-08-11,0.0
1999-08-12,0.0
1999-08-13,0.0
1999-08-14,0.0
1999-08-15,0.0
1999-08-16,0.0
1999-08-17,0.0
1999-08-18,0.0
1999-08-19,0.0
1999-08-20,0.0
1999-08-21,0.0
1999-08-22,0.0
1999-08-23,0.0
1999-08-24,0.0
1999-08-25,0.0
1999-08-26,0.7940310626083739
1999-08-27,2.1969748603709287
1999-08-28,1.473317179776968
1999-08-29,1.816914643969083
1999-08-30,1.2932376786453246
1999-08-31,1.359283014056093
1999-09-01,0.0
1999-09-02,0.0
1999-09-03,0.0
1999-09-04,0.0
1999-09-05,0.0
1999-09-06,0.0
1999-09-07,0.0
1999-09-08,0.0
1999-09-09,0.0
1999-09-10,0.0
1999-09-11,0.6101638780965515
1999-09-12,2.416891225040654
1999-09-13,0.00010999551662372133
1999-09-14,0.5829468649811022
1999-09-15,29.822570699905253
1999-09-16,1.5754799338274899
1999-09-17,0.32239757876862246
1999-09-18,0.10304711925971287
1999-09-19,0.6761320296590019
1999-09-20,0.08931220528523827
1999-09-21,0.004588212114150496
1999-09-22,0.0
1999-09-23,0.00645451928440816
1999-09-24,3.3421485141872376
1999-09-25,0.6588255528381735
1999-09-26,0.0
1999-09-27,0.0
1999-09-28,0.0
1999-09-29,0.0
1999-09-30,0.0
1999-10-01,0.002172548936624376
1999-10-02,0.002172548936624376
1999-10-03,0.002172548936624376
1999-10-04,0.5621056288168448
1999-10-05,0.002172548936624376
1999-10-06,0.0
1999-10-07,0.00016250352589346876
1999-10-08,0.9698038381133122
1999-10-09,0.055990196446089976
1999-10-10,0.0
1999-10-11,6.139494373424261e-05
1999-10-12,6.139494373424261e-05
1999-10-13,6.139494373424261e-05
1999-10-14,6.139494373424261e-05
1999-10-15,6.139494373424261e-05
1999-10-16,0.0
1999-10-17,0.0
1999-10-18,0.0
1999-10-19,0.0
1999-10-20,0.0
1999-10-21,0.16070203918734965
1999-10-22,0.16070203918734965
1999-10-23,0.16070203918734965
1999-10-24,0.16070203918734965
1999-10-25,0.16070203918734965
1999-10-26,0.0
1999-10-27,0.0
1999-10-28,0.13538394602694426
1999-10-29,0.11588986690439042
1999-10-30,0.1973465767743307
1999-10-31,0.07731516789633314
1999-11-01,0.0
1999-11-02,0.0
1999-11-03,0.0
1999-11-04,0.0
1999-11-05,0.0
1999-11-06,0.0
1999-11-07,0.0
1999-11-08,0.0
1999-11-09,0.0
1999-11-10,0.0
1999-11-11,0.0
1999-11-12,0.0
1999-11-13,0.0
1999-11-14,0.0
1999-11-15,0.0
1999-11-16,0.004389605693250329
1999-11-17,0.004389605693250329
1999-11-18,0.004389605693250329
1999-11-19,0.004389605693250329
1999-11-20,0.004389605693250329
1999-11-21,0.0
1999-11-22,0.0
1999-11-23,0.0
1999-11-24,0.0
1999-11-25,0.0
1999-11-26,0.014781144439203024
1999-11-27,0.014781144439203024
1999-11-28,0.014781144439203024
1999-11-29,0.014781144439203024
1999-11-30,0.11461338418099885
1999-12-01,0.0
1999-12-02,0.004565581861433672
1999-12-03,0.0
1999-12-04,10.674079126355773
1999-12-05,2.477855361648823
1999-12-06,0.0
1999-12-07,0.0
1999-12-08,5.267887797200049e-06
1999-12-09,0.004571000880445714
1999-12-10,0.0
1999-12-11,0.0
1999-12-12,0.0
1999-12-13,0.0
1999-12-14,0.0
1999-12-15,0.0
1999-12-16,0.0
1999-12-17,0.0
1999-12-18,0.005761608183502512
1999-12-19,0.0
1999-12-20,0.6707931465102371
1999-12-21,0.0
1999-12-22,0.0
1999-12-23,0.0
1999-12-24,0.0
1999-12-25,0.0
1999-12-26,0.0
1999-12-27,0.0
1999-12-28,0.0
1999-12-29,0.0
1999-12-30,0.0
1999-12-31,0.0
2000-01-01,0.0
2000-01-02,0.0
2000-01-03,0.0
2000-01-04,0.0
2000-01-05,0.0
2000-01-06,0.0
2000-01-07,0.0
2000-01-08,0.0
2000-01-09,0.0
2000-01-10,0.0
2000-01-11,0.0
2000-01-12,0.0
2000-01-13,0.0
2000-01-14,0.0
2000-01-15,0.0
2000-01-16,0.6593172034990112
2000-01-17,2.4425246315561777
2000-01-18,0.6593172034990112
2000-01-19,0.6593172034990112
2000-01-20,0.6593172034990112
2000-01-21,0.0
2000-01-22,0.0
2000-01-23,0.0
2000-01-24,0.0
2000-01-25,0.0
2000-01-26,0.010805722910052738
2000-01-27,0.2107304781910952
2000-01-28,0.002265752141398371
2000-01-29,0.00014462157307579192
2000-01-30,0.0
2000-01-31,0.0
2000-02-01,0.0
2000-02-02,0.0
2000-02-03,0.0
2000-02-04,0.0
2000-02-05,0.0
2000-02-06,0.019668314759463238
2000-02-07,0.019668314759463238
2000-02-08,0.019668314759463238
2000-02-09,0.11605688426136151
2000-02-10,0.019668314759463238
2000-02-11,0.15747805351328356
2000-02-12,0.13825395113555947
2000-02-13,0.13825395113555947
2000-02-14,0.13825395113555947
2000-02-15,0.13825395113555947
2000-02-16,0.0
2000-02-17,0.006936306533694295
2000-02-18,1.0585041971685346e-05
2000-02-19,0.0
2000-02-20,0.0
2000-02-21,0.0
2000-02-22,3.5343506329375556
2000-02-23,0.0558317335519991
2000-02-24,0.01297858833823582
2000-02-25,10.122049602433496
2000-02-26,0.0
2000-02-27,0.0
2000-02-28,0.0
2000-02-29,0.0
2000-03-01,0.0
2000-03-02,13.696904542448422
2000-03-03,0.2384058254020622
2000-03-04,0.0
2000-03-05,0.0
2000-03-06,0.0
2000-03-07,0.0
2000-03-08,0.0
2000-03-09,0.0
2000-03-10,0.0
2000-03-11,0.0
2000-03-12,0.0
2000-03-13,0.0
2000-03-14,0.0
2000-03-15,0.0
2000-03-16,0.0
2000-03-17,0.0
2000-03-18,0.0
2000-03-19,0.0
2000-03-20,0.0
2000-03-21,2.3674678191762686
2000-03-22,16.90581812555165
2000-03-23,59.871481628890685
2000-03-24,0.0015649655672161009
2000-03-25,0.007304739674266253
2000-03-26,0.0005524243978083126
2000-03-27,0.0
2000-03-28,0.13134713526689273
2000-03-29,0.1666939844350328
2000-03-30,0.0
2000-03-31,1.3203722487615663
2000-04-01,25.147624175672295
2000-04-02,0.0
2000-04-03,0.49406085027343416
2000-04-04,0.003077122378597016
2000-04-05,0.0
2000-04-06,0.0
2000-04-07,0.0
2000-04-08,0.0
2000-04-09,0.0
2000-04-10,0.0
2000-04-11,1.0038025339182564
2000-04-12,3.927295767417113
2000-04-13,0.000295645349154431
2000-04-14,0.0
2000-04-15,8.22769002819746
2000-04-16,0.03875771813738266
2000-04-17,0.0
2000-04-18,0.0
2000-04-19,0.0
2000-04-20,0.0
2000-04-21,0.0
2000-04-22,0.6553627432837802
2000-04-23,10.661582905211224
2000-04-24,0.0
2000-04-25,11.329417214665954
2000-04-26,0.006868703230935265
2000-04-27,0.07314881647408782
2000-04-28,0.0
2000-04-29,2.9911404924227725
2000-04-30,20.62076718319594
2000-05-01,2.489243281204209
2000-05-02,2.851793559805665
2000-05-03,0.19572200269504442
2000-05-04,0.0
2000-05-05,0.3920388502502046
2000-05-06,0.012719698087180502
2000-05-07,0.00038734960029878084
2000-05-08,0.005835414023046964
2000-05-09,2.0735578173666265
2000-05-10,0.0
2000-05-11,0.23870838923794319
2000-05-12,0.23870838923794319
2000-05-13,0.23870838923794319
2000-05-14,0.23870838923794319
2000-05-15,1.5105572760277943
2000-05-16,7.153983600220778
2000-05-17,4.183961149435858
2000-05-18,0.0
2000-05-19,0.0
2000-05-20,0.20566266259854898
2000-05-21,0.18984506742057672
2000-05-22,0.48868897949206946
2000-05-23,0.0
2000-05-24,2.8890864404708387
2000-05-25,7.750020996303321
2000-05-26,20.423210005424714
2000-05-27,0.009942910820982228
2000-05-28,0.0
2000-05-29,0.0
2000-05-30,0.0
2000-05-31,0.0
2000-06-01,0.9947671059591136
2000-06-02,46.268777959993166
2000-06-03,9.71570339006563
2000-06-04,0.0472158215525545
2000-06-05,0.07005135713868625
2000-06-06,0.08821420145561938
2000-06-07,0.02644529291180692
2000-06-08,0.0
2000-06-09,2.546140218018314
2000-06-10,14.508738959362521
2000-06-11,13.450306904327272
2000-06-12,2.887596921466016
2000-06-13,2.964913203137598
2000-06-14,14.47389150288876
2000-06-15,0.0
2000-06-16,2.2361533587047235
2000-06-17,18.076866849365427
2000-06-18,4.7511804479086415
2000-06-19,4.2461244676764345
2000-06-20,0.16325985267443316
2000-06-21,0.9928389949173452
2000-06-22,9.815417988494165
2000-06-23,0.2376244791805592
2000-06-24,0.00459417467980531
2000-06-25,1.6808446370202168
2000-06-26,25.150839951068633
2000-06-27,9.424758988722017
2000-06-28,36.0722232203768
2000-06-29,0.02301573290424366
2000-06-30,0.8305616962222634
2000-07-01,0.7927670601426249
2000-07-02,0.24887822924117425
2000-07-03,0.42182329406254676
2000-07-04,0.00686905909555952
2000-07-05,0.0
2000-07-06,0.0
2000-07-07,0.0
2000-07-08,0.0
2000-07-09,0.0
2000-07-10,0.0
2000-07-11,2.4042164538916406
2000-07-12,2.2953269539826326
2000-07-13,0.1479382898238383
2000-07-14,0.14470983176437194
2000-07-15,0.011608798785219566
2000-07-16,0.0
2000-07-17,0.0
2000-07-18,0.0
2000-07-19,0.0
2000-07-20,0.0
2000-07-21,0.040733289165802225
2000-07-22,3.2012828671171327
2000-07-23,0.6142702934304137
2000-07-24,0.2550574326102032
2000-07-25,0.0012542502437520153
2000-07-26,2.344401493133848
2000-07-27,6.743107402513279
2000-07-28,1.8397529854071641
2000-07-29,3.7256419356252364
2000-07-30,1.424885748036326
2000-07-31,0.20225077978471545
2000-08-01,0.0
2000-08-02,0.0
2000-08-03,0.0
2000-08-04,0.0
2000-08-05,0.0
2000-08-06,0.13477490258726563
2000-08-07,0.1344518256163989
2000-08-08,0.06986375386028769
2000-08-09,0.06882646534050897
2000-08-10,0.016548199753985367
2000-08-11,0.0
2000-08-12,0.0
2000-08-13,0.0
2000-08-14,0.0
2000-08-15,0.0
2000-08-16,0.0
2000-08-17,0.0
2000-08-18,0.0
2000-08-19,0.0
2000-08-20,0.0
2000-08-21,0.0
2000-08-22,0.0
2000-08-23,0.0
2000-08-24,0.0
2000-08-25,0.0
2000-08-26,0.04410392370368285
2000-08-27,0.788965242971648
2000-08-28,0.017342072258828087
2000-08-29,0.017342072258828087
2000-08-30,0.017342072258828087
2000-08-31,0.027529706482732442
2000-09-01,0.04839703538535025
2000-09-02,0.03549744559400967
2000-09-03,0.03542454208422933
2000-09-04,0.05258952568748649
2000-09-05,0.03542454208422933
2000-09-06,0.0
2000-09-07,0.0
2000-09-08,0.0
2000-09-09,0.0
2000-09-10,0.0
2000-09-11,0.09362036276859531
2000-09-12,0.16206545314360302
2000-09-13,0.11212766039164734
2000-09-14,0.5768121562162356
2000-09-15,0.09362036276859531
2000-09-16,0.07464165054121573
2000-09-17,0.07464165054121573
2000-09-18,0.07464165054121573
2000-09-19,0.07464165054121573
2000-09-20,0.07464165054121573
2000-09-21,0.0
2000-09-22,0.022564637068690118
2000-09-23,0.05190775682940062
2000-09-24,0.7664980806685591
2000-09-25,0.0
2000-09-26,0.0
2000-09-27,0.0
2000-09-28,0.0
2000-09-29,0.0
2000-09-30,0.0
2000-10-01,0.008273334147740103
2000-10-02,0.008273334147740103
2000-10-03,0.008273334147740103
2000-10-04,0.008273334147740103
2000-10-05,0.5232309793503087
2000-10-06,1.3106345790647556
2000-10-07,2.7641798329451053
2000-10-08,0.9081512105508484
2000-10-09,0.0
2000-10-10,0.00677783509344503
2000-10-11,0.0
2000-10-12,0.14168838320927127
2000-10-13,2.3400876034482154
2000-10-14,1.4007305511597223
2000-10-15,6.300624866663531
2000-10-16,6.07442585165368
2000-10-17,2.3824122029827266
2000-10-18,0.0004810679675772449
2000-10-19,0.0
2000-10-20,0.42232650104907854
2000-10-21,6.576467194683281
2000-10-22,13.707758953857784
2000-10-23,15.356164874870352
2000-10-24,44.56483596404616
2000-10-25,28.365165340104834
2000-10-26,0.2686291069698463
2000-10-27,0.7866336292142784
2000-10-28,6.010122381383687
2000-10-29,12.121342038562409
2000-10-30,0.0
2000-10-31,0.7843372495285305
2000-11-01,7.90427087725105
2000-11-02,0.0
2000-11-03,0.07231939063190504
2000-11-04,1.664394781776909
2000-11-05,4.743965221710499
2000-11-06,0.08608877532071331
2000-11-07,8.13437202228986
2000-11-08,1.8741953889851122
2000-11-09,0.0
2000-11-10,0.0
2000-11-11,2.942884821342828
2000-11-12,0.25057508170448706
2000-11-13,0.00016263281400865414
2000-11-14,0.0
2000-11-15,0.0
2000-11-16,0.0
2000-11-17,0.0
2000-11-18,0.0
2000-11-19,0.0
2000-11-20,0.0
2000-11-21,0.0
2000-11-22,0.0
2000-11-23,0.49732320116871037
2000-11-24,0.8339204119187549
2000-11-25,0.003922724288248221
2000-11-26,0.007986678558047975
2000-11-27,0.007986678558047975
2000-11-28,0.007986678558047975
2000-11-29,0.007986678558047975
2000-11-30,0.007986678558047975
2000-12-01,0.0
2000-12-02,0.676250224292049
2000-12-03,0.44301069811789806
2000-12-04,0.0
2000-12-05,0.707902650481988
2000-12-06,0.17252837197901505
2000-12-07,0.0
2000-12-08,0.0
2000-12-09,0.8232200740974386
2000-12-10,0.12005289278989272
2000-12-11,0.16008795972759285
2000-12-12,0.2995730013661537
2000-12-13,3.8738960937355107
2000-12-14,0.00021737695072146618
2000-12-15,0.0179837831504918
2000-12-16,0.05548070261514177
2000-12-17,0.0004554247741230153
2000-12-18,0.0004554247741230153
2000-12-19,0.0004554247741230153
2000-12-20,0.0004554247741230153
2000-12-21,0.0
2000-12-22,0.0
2000-12-23,0.0
2000-12-24,0.00726126142880678
2000-12-25,0.04983438969624327
2000-12-26,20.718988128838063
2000-12-27,7.411855495399761
2000-12-28,0.0
2000-12-29,0.0
2000-12-30,0.0
2000-12-31,3.9896449343536515
2001-01-01,0.0
2001-01-02,0.0
2001-01-03,0.0
2001-01-04,0.0
2001-01-05,0.0
2001-01-06,0.0
2001-01-07,0.0
2001-01-08,0.0
2001-01-09,0.0
2001-01-10,0.1517902525755279
2001-01-11,0.3267500591140398
2001-01-12,0.0
2001-01-13,1.2852274550836136
2001-01-14,0.0
2001-01-15,0.0
2001-01-16,0.00917081087129625
2001-01-17,0.009815575361126493
2001-01-18,6.419178047595629e-05
2001-01-19,2.6082283254219757e-05
2001-01-20,0.0
2001-01-21,0.0
2001-01-22,0.0
2001-01-23,0.0
2001-01-24,0.0
2001-01-25,0.0
2001-01-26,0.5364739971652681
2001-01-27,4.7948795523476475
2001-01-28,18.053562362249657
2001-01-29,0.03270962311589508
2001-01-30,0.0
2001-01-31,0.0013360598026124712
2001-02-01,0.0
2001-02-02,0.0
2001-02-03,0.0
2001-02-04,0.0
2001-02-05,0.0
2001-02-06,0.0
2001-02-07,0.0
2001-02-08,3.516663887396783
2001-02-09,16.371590146046074
2001-02-10,0.0
2001-02-11,0.0
2001-02-12,0.023214408971040948
2001-02-13,2.5977895806409332
2001-02-14,0.09584964092460291
2001-02-15,8.521547506819351
2001-02-16,0.020509271133315417
2001-02-17,0.0
2001-02-18,0.2186948618023754
2001-02-19,0.0
2001-02-20,0.02328272970608815
2001-02-21,0.8410254020805502
2001-02-22,0.004006224432726421
2001-02-23,4.0009946912091445
2001-02-24,19.075226039298297
2001-02-25,0.0
2001-02-26,0.19871686966710683
2001-02-27,4.24207235017488
2001-02-28,5.419928811234265
2001-03-01,0.027795244629309827
2001-03-02,0.0
2001-03-03,4.11786745352658
2001-03-04,3.19287951549177
2001-03-05,0.0
2001-03-06,0.0
2001-03-07,0.01133097698154557
2001-03-08,20.20220335757954
2001-03-09,0.8512014908059199
2001-03-10,0.0017572986504676537
2001-03-11,0.0
2001-03-12,0.0
2001-03-13,0.0
2001-03-14,0.0
2001-03-15,0.0
2001-03-16,1.014907853598042e-06
2001-03-17,0.05291478941636287
2001-03-18,1.2166945517723748
2001-03-19,0.30777008677683804
2001-03-20,0.0
2001-03-21,0.0
2001-03-22,0.0
2001-03-23,0.3813632464037066
2001-03-24,5.200361018589533
2001-03-25,0.17519420073240516
2001-03-26,5.62152034776292
2001-03-27,5.184453045090246
2001-03-28,0.8509375983733766
2001-03-29,0.20781356108365126
2001-03-30,1.6583997208694925
2001-03-31,0.0071654841455686645
2001-04-01,0.021040237046964654
2001-04-02,0.026169643494366897
2001-04-03,0.18394009642732126
2001-04-04,0.03226907630794803
2001-04-05,5.386931418292303
2001-04-06,1.4257910177471556
2001-04-07,18.045826729460266
2001-04-08,0.005635725780786636
2001-04-09,0.0
2001-04-10,0.06803332173956873
2001-04-11,5.294613060133385
2001-04-12,1.4786680655596458e-05
2001-04-13,4.465006962104558e-06
2001-04-14,0.006774477230369903
2001-04-15,0.0
2001-04-16,0.783834593533798
2001-04-17,0.3207997078007861
2001-04-18,0.0
2001-04-19,0.0012103590798611347
2001-04-20,1.0339647488938115
2001-04-21,1.3114873359907402
2001-04-22,2.955938219455388
2001-04-23,0.0
2001-04-24,6.933843716662638e-05
2001-04-25,0.0
2001-04-26,0.0
2001-04-27,0.00013202371964761035
2001-04-28,0.5051685129060798
2001-04-29,0.025046932950902837
2001-04-30,2.3194811245353217
2001-05-01,0.014310341444635959
2001-05-02,0.7354816640237969
2001-05-03,19.19000375450413
2001-05-04,68.88700228017301
2001-05-05,1.9633951630980173
2001-05-06,1.3465288854468913
2001-05-07,0.23547638082313524
2001-05-08,0.0008561650242394919
2001-05-09,4.366671253648305
2001-05-10,3.656521350973455
2001-05-11,2.024037351111438
2001-05-12,6.395784256015059
2001-05-13,0.07567279636837924
2001-05-14,0.3946244765951657
2001-05-15,0.0
2001-05-16,0.00021726220052646606
2001-05-17,1.6195010098939
2001-05-18,0.5997087758087037
2001-05-19,46.43719678884383
2001-05-20,23.013969310987495
2001-05-21,0.0
2001-05-22,0.0
2001-05-23,0.0
2001-05-24,0.0
2001-05-25,0.0
2001-05-26,0.15364160643946997
2001-05-27,0.18996202523004427
2001-05-28,1.3994200312651697
2001-05-29,18.02822204475056
2001-05-30,3.6482895558010693
2001-05-31,0.982191432261686
2001-06-01,0.9168512019882991
2001-06-02,0.34253398379682126
2001-06-03,0.08646584884713626
2001-06-04,0.0012806283856042903
2001-06-05,2.311969099489675
2001-06-06,1.9271095888757979
2001-06-07,1.6115404141281726
2001-06-08,1.4370875304094433
2001-06-09,1.656818611390798
2001-06-10,0.03149212189143363
2001-06-11,0.0
2001-06-12,0.005504127363466937
2001-06-13,4.580605083868647
2001-06-14,0.8590006279878938
2001-06-15,0.0
2001-06-16,0.04694879402784906
2001-06-17,0.03202318178918654
2001-06-18,0.0
2001-06-19,0.08743801364572021
2001-06-20,0.12710060152120378
2001-06-21,3.136488597307398
2001-06-22,0.0013068373637956207
2001-06-23,10.901787295659194
2001-06-24,0.0014372005240807476
2001-06-25,0.0014452474173912266
2001-06-26,0.0
2001-06-27,0.0
2001-06-28,0.0
2001-06-29,0.0
2001-06-30,0.0
2001-07-01,0.7899519122655536
2001-07-02,0.42652728629257414
2001-07-03,0.14398400821654703
2001-07-04,0.015415878336387679
2001-07-05,0.0
2001-07-06,0.0
2001-07-07,0.0
2001-07-08,0.0
2001-07-09,0.0
2001-07-10,0.0
2001-07-11,0.0
2001-07-12,0.0
2001-07-13,1.9447833917123734
2001-07-14,0.9303122233908819
2001-07-15,5.606108061809098
2001-07-16,0.9246343138180557
2001-07-17,2.0470776753146414
2001-07-18,0.09888522949885793
2001-07-19,0.0669385431148551
2001-07-20,0.9203492719878884
2001-07-21,0.0
2001-07-22,0.0
2001-07-23,0.0
2001-07-24,0.0
2001-07-25,0.0
2001-07-26,0.19419733935313804
2001-07-27,0.3252832823116991
2001-07-28,1.4950726289956442
2001-07-29,0.021940995815403486
2001-07-30,0.3179236582680092
2001-07-31,0.000767683522191834
2001-08-01,0.0
2001-08-02,0.0
2001-08-03,0.0
2001-08-04,0.0
2001-08-05,0.0
2001-08-06,0.0
2001-08-07,0.0
2001-08-08,0.0
2001-08-09,0.0
2001-08-10,0.0
2001-08-11,10.488958191781613
2001-08-12,14.440003277359864
2001-08-13,4.530217933282224
2001-08-14,0.1974517002469045
2001-08-15,0.13671209080260183
2001-08-16,0.0
2001-08-17,0.0
2001-08-18,0.0
2001-08-19,0.0
2001-08-20,0.0
2001-08-21,0.0
2001-08-22,1.4557942947438025
2001-08-23,0.492198486538513
2001-08-24,8.670411546798174
2001-08-25,3.6710238820436674
2001-08-26,23.140978238722315
2001-08-27,0.0037448842030559574
2001-08-28,0.005372631207325633
2001-08-29,1.176253480093526
2001-08-30,0.18422612786250966
2001-08-31,0.4193409943784098
2001-09-01,0.2469281458471365
2001-09-02,0.11180362174503852
2001-09-03,3.6899445444815964
2001-09-04,7.9736744661666545
2001-09-05,3.2930220904895
2001-09-06,0.0
2001-09-07,0.0
2001-09-08,0.0
2001-09-09,0.0
2001-09-10,0.0
2001-09-11,2.396437750257314e-06
2001-09-12,0.0
2001-09-13,0.003963275562366484
2001-09-14,0.1264564635926924
2001-09-15,2.102673513124876
2001-09-16,11.9518314345678
2001-09-17,0.34370262645523175
2001-09-18,0.3320763886370922
2001-09-19,0.0028614795150075597
2001-09-20,0.9801069438325253
2001-09-21,14.098557103127568
2001-09-22,2.932682694052046
2001-09-23,0.5106155016960398
2001-09-24,0.0
2001-09-25,0.0
2001-09-26,0.0
2001-09-27,0.0
2001-09-28,0.0
2001-09-29,0.0
2001-09-30,0.0
2001-10-01,0.0
2001-10-02,0.0
2001-10-03,0.0
2001-10-04,0.2529802353071939
2001-10-05,0.4531314391337192
2001-10-06,0.0
2001-10-07,0.0
2001-10-08,0.06902667627915084
2001-10-09,1.030918463956696
2001-10-10,0.23165140408254647
2001-10-11,5.707605230269225
2001-10-12,0.0
2001-10-13,0.0
2001-10-14,0.0
2001-10-15,0.0
2001-10-16,0.0
2001-10-17,0.0
2001-10-18,0.0
2001-10-19,0.0
2001-10-20,0.0
2001-10-21,1.2170118878401641
2001-10-22,1.2170118878401641
2001-10-23,1.2170118878401641
2001-10-24,1.2170118878401641
2001-10-25,1.2170118878401641
2001-10-26,1.0767055128090854
2001-10-27,1.0767055128090854
2001-10-28,1.0767055128090854
2001-10-29,1.0767055128090854
2001-10-30,1.0767055128090854
2001-10-31,1.0767055128090854
2001-11-01,0.0
2001-11-02,0.0
2001-11-03,0.0
2001-11-04,0.0
2001-11-05,0.0
2001-11-06,0.0
2001-11-07,0.0
2001-11-08,0.0
2001-11-09,0.0
2001-11-10,0.0
2001-11-11,0.2735849371705266
2001-11-12,0.20948043636947714
2001-11-13,0.0023835613396339735
2001-11-14,20.165890048085995
2001-11-15,21.41157433811251
2001-11-16,17.83884059518824
2001-11-17,13.07010291014552
2001-11-18,0.9716250020875
2001-11-19,0.6562706421093442
2001-11-20,0.0
2001-11-21,0.0
2001-11-22,0.00011322278506839328
2001-11-23,0.0011865580943682067
2001-11-24,0.0011206389465989598
2001-11-25,0.0
2001-11-26,0.29805003075878667
2001-11-27,0.834816504930192
2001-11-28,3.5318592075469395
2001-11-29,0.016440177669313084
2001-11-30,0.0
2001-12-01,0.0
2001-12-02,0.0
2001-12-03,0.0
2001-12-04,0.0
2001-12-05,0.0
2001-12-06,0.0
2001-12-07,0.0
2001-12-08,0.0
2001-12-09,0.0
2001-12-10,0.0
2001-12-11,0.0
2001-12-12,0.007531216926430101
2001-12-13,0.00019032022206361062
2001-12-14,0.0
2001-12-15,0.0
2001-12-16,0.014496558878852497
2001-12-17,0.0
2001-12-18,0.0
2001-12-19,0.0
2001-12-20,0.0
2001-12-21,0.0
2001-12-22,0.0
2001-12-23,0.0
2001-12-24,0.0
2001-12-25,0.0
2001-12-26,0.0
2001-12-27,0.0
2001-12-28,0.0
2001-12-29,0.0
2001-12-30,3.2579444873277534
2001-12-31,0.019421977848517975
2002-01-01,0.018321716597182812
2002-01-02,1.8427403928439543
2002-01-03,0.0
2002-01-04,0.0
2002-01-05,0.6929368695171658
2002-01-06,0.0
2002-01-07,0.0
2002-01-08,0.0
2002-01-09,0.0
2002-01-10,2.1096973683040674
2002-01-11,0.0026611522141869533
2002-01-12,0.0
2002-01-13,0.0
2002-01-14,0.0
2002-01-15,0.0
2002-01-16,0.0
2002-01-17,0.007315183692260692
2002-01-18,1.0320709920055002
2002-01-19,0.26505282652681666
2002-01-20,0.0
2002-01-21,0.0
2002-01-22,0.0
2002-01-23,0.0
2002-01-24,0.0022428566981426467
2002-01-25,0.0
2002-01-26,0.0
2002-01-27,0.0
2002-01-28,0.0
2002-01-29,0.7397478857591748
2002-01-30,19.067206561242088
2002-01-31,5.111462820924
2002-02-01,0.0
2002-02-02,0.0
2002-02-03,0.0
2002-02-04,0.0
2002-02-05,17.567484234630793
2002-02-06,0.0
2002-02-07,0.0
2002-02-08,0.0
2002-02-09,0.0
2002-02-10,0.0
2002-02-11,0.0
2002-02-12,0.0
2002-02-13,0.0
2002-02-14,0.0
2002-02-15,0.0
2002-02-16,0.0
2002-02-17,0.0
2002-02-18,0.7312063502275503
2002-02-19,0.9259789512539576
2002-02-20,0.0014567015618503192
2002-02-21,0.7220256119207441
2002-02-22,0.0
2002-02-23,0.0
2002-02-24,0.0
2002-02-25,1.8196395192111672
2002-02-26,0.0
2002-02-27,0.0
2002-02-28,0.0
2002-03-01,0.0
2002-03-02,0.0
2002-03-03,0.0
2002-03-04,0.0
2002-03-05,0.0
2002-03-06,0.7350958470498821
2002-03-07,0.7350958470498821
2002-03-08,0.7350958470498821
2002-03-09,0.7350958470498821
2002-03-10,0.7350958470498821
2002-03-11,0.9982804739372346
2002-03-12,0.5937844618926028
2002-03-13,0.5937844618926028
2002-03-14,0.5937844618926028
2002-03-15,0.5937844618926028
2002-03-16,1.3227472826526308
2002-03-17,0.0
2002-03-18,4.656935074823613
2002-03-19,7.628502237880126
2002-03-20,0.5795662205000107
2002-03-21,0.0
2002-03-22,0.0
2002-03-23,0.0
2002-03-24,0.0
2002-03-25,0.0
2002-03-26,0.05588606775267512
2002-03-27,0.05588606775267512
2002-03-28,0.05588606775267512
2002-03-29,0.05588606775267512
2002-03-30,7.323867256587319
2002-03-31,0.07223442104420208
2002-04-01,0.0
2002-04-02,0.0
2002-04-03,0.0
2002-04-04,0.0
2002-04-05,0.0
2002-04-06,0.7633089470009599
2002-04-07,8.936013699998615
2002-04-08,2.1424444052523257
2002-04-09,0.03161676050130685
2002-04-10,0.0011935690055028712
2002-04-11,0.008752888884749916
2002-04-12,0.6670547113924916
2002-04-13,17.76278151790534
2002-04-14,0.6135286229488729
2002-04-15,0.03798672901043507
2002-04-16,4.919719957103181e-05
2002-04-17,1.0222748515743565
2002-04-18,0.33101617244727133
2002-04-19,0.030913968024865346
2002-04-20,4.208888784615093
2002-04-21,0.4698753811073549
2002-04-22,0.10410396357976447
2002-04-23,0.00044124275068644785
2002-04-24,0.0
2002-04-25,4.583881629019462
2002-04-26,11.096675792746108
2002-04-27,3.086965200301105
2002-04-28,0.0
2002-04-29,0.0
2002-04-30,0.0
2002-05-01,0.0
2002-05-02,0.8036083526448595
2002-05-03,1.1014649396017977
2002-05-04,0.0
2002-05-05,5.79240647937852
2002-05-06,1.2004901059278745
2002-05-07,0.99538819803285
2002-05-08,0.0
2002-05-09,2.049814328435785e-05
2002-05-10,0.8583636141131363
2002-05-11,1.2170431375706265
2002-05-12,3.8747798500042014
2002-05-13,0.0
2002-05-14,0.0
2002-05-15,0.6053170654702266
2002-05-16,6.962790793751203
2002-05-17,2.7856265428001183
2002-05-18,0.0
2002-05-19,1.2763729620553972
2002-05-20,0.0
2002-05-21,0.2677638515396532
2002-05-22,0.0
2002-05-23,0.3163988385568254
2002-05-24,2.1080991834852427
2002-05-25,0.46837246693971424
2002-05-26,0.7291898581011866
2002-05-27,9.445367708055494
2002-05-28,19.44616932411367
2002-05-29,0.05525671851013102
2002-05-30,0.4461242488150831
2002-05-31,0.0
2002-06-01,0.0
2002-06-02,0.0
2002-06-03,0.009317386228255451
2002-06-04,2.9047040995099245
2002-06-05,11.510481443202298
2002-06-06,1.115415194751291e-06
2002-06-07,0.0
2002-06-08,0.0003233576374802625
2002-06-09,0.0007589089967171713
2002-06-10,4.8902405401468335e-06
2002-06-11,0.0016818586732143456
2002-06-12,2.9332473131472385
2002-06-13,17.15294878951619
2002-06-14,0.6451029409103433
2002-06-15,0.009568825603352768
2002-06-16,15.653567659703391
2002-06-17,0.0
2002-06-18,0.0
2002-06-19,0.0
2002-06-20,0.0004344711864423292
2002-06-21,0.13340941647223142
2002-06-22,0.15678536286202413
2002-06-23,0.02243396495013546
2002-06-24,0.00022089923914364647
2002-06-25,0.0
2002-06-26,7.758842383139538
2002-06-27,3.835168914464561
2002-06-28,0.0
2002-06-29,0.5746023670228648
2002-06-30,0.3286857244623358
2002-07-01,0.7935824289225206
2002-07-02,0.26722807015978506
2002-07-03,1.7095100374443812
2002-07-04,8.990396905432926
2002-07-05,26.172563023814984
2002-07-06,0.0
2002-07-07,0.0
2002-07-08,0.0
2002-07-09,0.0
2002-07-10,0.0
2002-07-11,0.07348482434304042
2002-07-12,0.3543666165442459
2002-07-13,0.11650362887512418
2002-07-14,0.0019400100855544043
2002-07-15,0.003084153370882889
2002-07-16,0.0
2002-07-17,0.0
2002-07-18,0.0
2002-07-19,0.0
2002-07-20,0.0
2002-07-21,0.019282372838645565
2002-07-22,24.29345681727766
2002-07-23,12.94515308405368
2002-07-24,0.2279939017550404
2002-07-25,0.031916737759495425
2002-07-26,0.0
2002-07-27,3.089996362774752
2002-07-28,18.221890746821394
2002-07-29,1.2522815144019113
2002-07-30,0.25966728378413384
2002-07-31,0.14390280867509153
2002-08-01,0.009387762809630497
2002-08-02,0.006738340372173109
2002-08-03,0.0011188228504888647
2002-08-04,0.0
2002-08-05,0.00128787865423771
2002-08-06,0.1910250405963401
2002-08-07,0.0005138755246228308
2002-08-08,0.02446176704020514
2002-08-09,3.657486434404535
2002-08-10,6.193039224638504
2002-08-11,0.07748031969307356
2002-08-12,0.052279321954014926
2002-08-13,0.31098487185198176
2002-08-14,0.0
2002-08-15,3.6750399281335175
2002-08-16,0.45892553021953664
2002-08-17,0.06823746244026126
2002-08-18,0.006727424983636696
2002-08-19,1.165612684371971
2002-08-20,4.837725310355122
2002-08-21,2.6283290309849954
2002-08-22,1.2352767287522348
2002-08-23,1.4439000073535146
2002-08-24,0.2092069173368874
2002-08-25,5.135631476524904
2002-08-26,0.15409947652332917
2002-08-27,0.055919016281890034
2002-08-28,9.89264302468954
2002-08-29,9.793154797824648
2002-08-30,1.0137270818695931
2002-08-31,0.3063959030187745
2002-09-01,0.0
2002-09-02,0.0
2002-09-03,0.6642123983819681
2002-09-04,0.0
2002-09-05,0.524998317220833
2002-09-06,0.0011096915954753276
2002-09-07,8.480378701183202e-06
2002-09-08,0.0071782623639411874
2002-09-09,0.008401140097711137
2002-09-10,0.007872723315225707
2002-09-11,0.578522696488964
2002-09-12,0.08927275460665182
2002-09-13,1.0837195773208785
2002-09-14,5.773304432738931
2002-09-15,0.005617582085390995
2002-09-16,0.0
2002-09-17,0.0010578787468437608
2002-09-18,0.2673055414699614
2002-09-19,31.37448578347839
2002-09-20,0.0
2002-09-21,0.10683562442865979
2002-09-22,0.4929073761171893
2002-09-23,0.10683562442865979
2002-09-24,0.10683562442865979
2002-09-25,0.10683562442865979
2002-09-26,0.0
2002-09-27,0.0
2002-09-28,0.0
2002-09-29,0.0
2002-09-30,0.0
2002-10-01,0.0418317600555036
2002-10-02,28.12896089839967
2002-10-03,19.138148651617225
2002-10-04,1.8112628053608255
2002-10-05,0.0
2002-10-06,2.291030668227362
2002-10-07,0.0
2002-10-08,6.7198389483194365
2002-10-09,5.4174175953729105
2002-10-10,0.4496672432585122
2002-10-11,0.1550584329085862
2002-10-12,0.6306186122224524
2002-10-13,0.1550584329085862
2002-10-14,0.1550584329085862
2002-10-15,0.1550584329085862
2002-10-16,0.0
2002-10-17,0.0
2002-10-18,0.15300157548738433
2002-10-19,47.80498457627437
2002-10-20,0.28879987903383053
2002-10-21,0.08701365910451278
2002-10-22,9.975511322448526
2002-10-23,27.85806642680287
2002-10-24,14.798472277281123
2002-10-25,0.2791745995486042
2002-10-26,0.0006854987256858306
2002-10-27,31.057596765173166
2002-10-28,14.33276793054691
2002-10-29,4.715123284753658
2002-10-30,1.425578508044353
2002-10-31,0.28578769170517915
2002-11-01,0.0
2002-11-02,0.0
2002-11-03,0.0
2002-11-04,0.0
2002-11-05,0.0
2002-11-06,0.0038601507219035696
2002-11-07,0.0038601507219035696
2002-11-08,0.0038601507219035696
2002-11-09,0.0038601507219035696
2002-11-10,0.09319491914567737
2002-11-11,1.2328917728758462
2002-11-12,6.078946935550452
2002-11-13,0.0
2002-11-14,0.07187865593217126
2002-11-15,0.35895183350553395
2002-11-16,0.0
2002-11-17,0.0
2002-11-18,0.0
2002-11-19,0.0
2002-11-20,0.0
2002-11-21,0.0
2002-11-22,0.0
2002-11-23,0.0
2002-11-24,0.0
2002-11-25,0.0
2002-11-26,0.36725491357421847
2002-11-27,0.36725491357421847
2002-11-28,0.36725491357421847
2002-11-29,0.36725491357421847
2002-11-30,0.36725491357421847
2002-12-01,0.0
2002-12-02,0.0
2002-12-03,9.610861672000649
2002-12-04,9.307780248187731
2002-12-05,0.0008470513963404159
2002-12-06,0.0
2002-12-07,0.0
2002-12-08,0.00015036124667698088
2002-12-09,0.0005918192923756304
2002-12-10,4.794776304534329e-06
2002-12-11,0.0
2002-12-12,0.0
2002-12-13,0.0
2002-12-14,0.0
2002-12-15,0.0
2002-12-16,0.0
2002-12-17,0.6551891547423131
2002-12-18,0.03144205228604833
2002-12-19,0.21475629612509903
2002-12-20,0.0
2002-12-21,0.0
2002-12-22,0.0
2002-12-23,12.149339372868424
2002-12-24,3.5859967075061014
2002-12-25,0.0
2002-12-26,1.4313994040264724
2002-12-27,0.17057793570290936
2002-12-28,0.010103444282516217
2002-12-29,0.010103444282516217
2002-12-30,0.010103444282516217
2002-12-31,0.010103444282516217
2003-01-01,0.0
2003-01-02,0.0
2003-01-03,0.0
2003-01-04,0.0
2003-01-05,0.0
2003-01-06,0.0
2003-01-07,0.0
2003-01-08,0.0
2003-01-09,0.0
2003-01-10,0.0
2003-01-11,0.0
2003-01-12,0.0
2003-01-13,0.0
2003-01-14,0.0
2003-01-15,0.0
2003-01-16,0.0
2003-01-17,0.0
2003-01-18,0.0
2003-01-19,0.0
2003-01-20,0.0
2003-01-21,0.8718029512943587
2003-01-22,0.026252686702781816
2003-01-23,0.03858118716571783
2003-01-24,0.026252686702781816
2003-01-25,0.026252686702781816
2003-01-26,0.0
2003-01-27,0.0
2003-01-28,0.0
2003-01-29,0.0
2003-01-30,0.0
2003-01-31,0.0
2003-02-01,0.0
2003-02-02,0.0
2003-02-03,0.0801532972114393
2003-02-04,0.0
2003-02-05,3.733711540165964
2003-02-06,0.0
2003-02-07,0.0
2003-02-08,0.0
2003-02-09,0.0
2003-02-10,0.0
2003-02-11,0.0
2003-02-12,0.0
2003-02-13,3.547061010780279
2003-02-14,0.3236996585729522
2003-02-15,0.9228349786685468
2003-02-16,0.0170925843456587
2003-02-17,0.0
2003-02-18,0.09540107905829717
2003-02-19,1.9182530884162552
2003-02-20,0.0009781626447429067
2003-02-21,0.5032945277531288
2003-02-22,0.28917516981059227
2003-02-23,3.7999428238383106
2003-02-24,0.5410616106302342
2003-02-25,0.04976308122527576
2003-02-26,0.0
2003-02-27,0.0
2003-02-28,0.0
2003-03-01,2.229478000724077
2003-03-02,0.014189829671348495
2003-03-03,0.0001517452799082462
2003-03-04,0.09729774761941408
2003-03-05,0.0
2003-03-06,0.0
2003-03-07,0.0
2003-03-08,0.0
2003-03-09,0.0
2003-03-10,0.0
2003-03-11,0.0
2003-03-12,0.0
2003-03-13,0.0
2003-03-14,0.0
2003-03-15,0.0
2003-03-16,0.0
2003-03-17,0.0
2003-03-18,0.0
2003-03-19,0.0
2003-03-20,0.0
2003-03-21,0.0
2003-03-22,0.0
2003-03-23,0.0
2003-03-24,0.0
2003-03-25,0.0
2003-03-26,0.0
2003-03-27,0.12833006536723968
2003-03-28,14.369286226094053
2003-03-29,0.0
2003-03-30,0.04956172117546452
2003-03-31,0.0
2003-04-01,0.042936888507304594
2003-04-02,2.1175053298738145
2003-04-03,0.042936888507304594
2003-04-04,0.042936888507304594
2003-04-05,0.042936888507304594
2003-04-06,0.0
2003-04-07,0.0
2003-04-08,0.0
2003-04-09,0.0
2003-04-10,0.0
2003-04-11,0.0
2003-04-12,0.0
2003-04-13,0.0
2003-04-14,0.1373137117560375
2003-04-15,7.837452133385639
2003-04-16,9.783405544032092
2003-04-17,0.0
2003-04-18,0.0
2003-04-19,6.4179170847831255
2003-04-20,0.0
2003-04-21,0.0
2003-04-22,1.085626523284932
2003-04-23,4.229477479287829
2003-04-24,0.003237108389050726
2003-04-25,0.0
2003-04-26,0.0
2003-04-27,0.562546183405926
2003-04-28,1.6535438327771679
2003-04-29,0.2536144709807727
2003-04-30,0.019840542709336717
2003-05-01,0.0003439760848026461
2003-05-02,1.8220118140476687
2003-05-03,0.34701127492077727
2003-05-04,0.04945011780288737
2003-05-05,0.0
2003-05-06,0.011793878210766015
2003-05-07,0.16432310495825256
2003-05-08,0.017857017333293423
2003-05-09,0.011793878210766015
2003-05-10,0.011793878210766015
2003-05-11,0.0
2003-05-12,0.0
2003-05-13,0.7199799671737076
2003-05-14,1.9915283295823447
2003-05-15,5.080719219956667
2003-05-16,15.716282719660763
2003-05-17,0.0004295000894293437
2003-05-18,0.0
2003-05-19,0.018456160453235875
2003-05-20,0.04601434520565904
2003-05-21,5.4603202169926535
2003-05-22,0.013232233312725473
2003-05-23,0.1540905518127385
2003-05-24,0.7254248090766723
2003-05-25,21.188684775996478
2003-05-26,0.0
2003-05-27,0.0
2003-05-28,0.0
2003-05-29,0.0
2003-05-30,0.0
2003-05-31,0.0
2003-06-01,0.008473069969837006
2003-06-02,6.560432406544283
2003-06-03,7.811618727154431
2003-06-04,16.842181691794305
2003-06-05,13.767034958468317
2003-06-06,13.168397882604244
2003-06-07,0.03680477253622803
2003-06-08,0.09458743598583005
2003-06-09,0.03368124202021296
2003-06-10,1.9574884235769388
2003-06-11,0.022648124574316645
2003-06-12,0.06189616265292498
2003-06-13,3.445294705957075
2003-06-14,21.104128485194167
2003-06-15,0.24222720874509832
2003-06-16,0.4182287014279293
2003-06-17,0.31448149049314383
2003-06-18,1.1853040193039415
2003-06-19,4.87654018725602
2003-06-20,7.8767582724786775
2003-06-21,22.55180449360062
2003-06-22,0.20873339626100168
2003-06-23,0.11684044954051963
2003-06-24,1.454783426945088
2003-06-25,1.34945292953556
2003-06-26,3.5426148423766066
2003-06-27,0.0002876393761748976
2003-06-28,0.42093815554835395
2003-06-29,8.53136688590673
2003-06-30,15.521589015483153
2003-07-01,0.0
2003-07-02,0.0
2003-07-03,0.0
2003-07-04,0.0
2003-07-05,0.0
2003-07-06,0.44660087033649654
2003-07-07,0.9328275909325427
2003-07-08,2.856449691241812
2003-07-09,0.0010848562909064226
2003-07-10,0.00037505503433593574
2003-07-11,0.0
2003-07-12,1.2131788323581845
2003-07-13,0.0
2003-07-14,0.0
2003-07-15,0.0
2003-07-16,0.0
2003-07-17,0.0
2003-07-18,0.0
2003-07-19,0.0
2003-07-20,0.0
2003-07-21,0.0
2003-07-22,0.0
2003-07-23,0.0
2003-07-24,0.0
2003-07-25,0.0
2003-07-26,0.5466303727841109
2003-07-27,0.00011447911469554463
2003-07-28,0.46597916817988744
2003-07-29,1.2754438923726785
2003-07-30,9.772793537746466
2003-07-31,0.14161940768789996
2003-08-01,1.434369111535979
2003-08-02,0.8579633328912716
2003-08-03,5.059551942378975
2003-08-04,1.26530858661066
2003-08-05,3.0480312383974875
2003-08-06,1.3053885614586507
2003-08-07,0.16495460868411221
2003-08-08,2.632631469954922
2003-08-09,14.097503266155021
2003-08-10,0.007407781057097476
2003-08-11,0.0
2003-08-12,0.0
2003-08-13,0.0
2003-08-14,0.0
2003-08-15,0.0
2003-08-16,0.0
2003-08-17,0.0
2003-08-18,0.0
2003-08-19,0.0
2003-08-20,0.0
2003-08-21,0.0
2003-08-22,0.0
2003-08-23,0.0
2003-08-24,0.0
2003-08-25,0.0
2003-08-26,0.3131003140237454
2003-08-27,1.0194242051776685
2003-08-28,0.19898398352359115
2003-08-29,4.426709348265176
2003-08-30,37.927895572332666
2003-08-31,0.36748699643130445
2003-09-01,0.0
2003-09-02,0.0
2003-09-03,0.0
2003-09-04,0.0
2003-09-05,0.0
2003-09-06,0.006250324614330802
2003-09-07,0.5583703227979149
2003-09-08,11.11737736681016
2003-09-09,0.072331242569095
2003-09-10,0.9166709271029687
2003-09-11,55.83932162699602
2003-09-12,0.0
2003-09-13,0.0
2003-09-14,0.0013634320675346596
2003-09-15,0.0
2003-09-16,0.013560285952469562
2003-09-17,0.0
2003-09-18,1.0131758622017535
2003-09-19,0.0
2003-09-20,0.18017225355742228
2003-09-21,8.575703073370713
2003-09-22,0.002878646934625998
2003-09-23,0.0
2003-09-24,0.0
2003-09-25,0.025076599853216686
2003-09-26,0.0
2003-09-27,0.0
2003-09-28,0.0
2003-09-29,5.166555015040416
2003-09-30,0.8122778138965797
2003-10-01,0.2695003553566644
2003-10-02,0.035121169490700176
2003-10-03,0.0
2003-10-04,9.894754270419318
2003-10-05,1.6520995759517556
2003-10-06,1.5403053824351145
2003-10-07,0.352109553937505
2003-10-08,6.741813426109037
2003-10-09,15.136629948643346
2003-10-10,0.0001155844343824025
2003-10-11,0.13811865359068726
2003-10-12,0.0
2003-10-13,0.0
2003-10-14,0.0
2003-10-15,0.0
2003-10-16,0.0
2003-10-17,0.0
2003-10-18,0.0
2003-10-19,0.0
2003-10-20,0.0
2003-10-21,0.02007352071173699
2003-10-22,0.02007352071173699
2003-10-23,0.02007352071173699
2003-10-24,0.02007352071173699
2003-10-25,0.8974924788208124
2003-10-26,0.20413835362235572
2003-10-27,0.20413835362235572
2003-10-28,0.20413835362235572
2003-10-29,0.20413835362235572
2003-10-30,0.20413835362235572
2003-10-31,0.20413835362235572
2003-11-01,0.0
2003-11-02,0.0
2003-11-03,0.0
2003-11-04,0.0
2003-11-05,0.0
2003-11-06,0.0
2003-11-07,0.0
2003-11-08,0.0
2003-11-09,0.0
2003-11-10,0.0
2003-11-11,5.509783468317735e-05
2003-11-12,0.0
2003-11-13,6.9737281515910725
2003-11-14,1.504750084981541
2003-11-15,0.0
2003-11-16,0.0
2003-11-17,0.043201706562969996
2003-11-18,0.0074741882841596365
2003-11-19,0.0
2003-11-20,0.0
2003-11-21,0.6855698730913617
2003-11-22,0.6855698730913617
2003-11-23,0.6886283871939755
2003-11-24,0.6855698730913617
2003-11-25,0.6855698730913617
2003-11-26,0.0
2003-11-27,0.0
2003-11-28,0.0
2003-11-29,0.0
2003-11-30,0.0
2003-12-01,0.0
2003-12-02,1.9007113821702555
2003-12-03,0.00017347355976580353
2003-12-04,0.0
2003-12-05,0.0
2003-12-06,0.0
2003-12-07,0.0
2003-12-08,0.0
2003-12-09,0.0
2003-12-10,0.0
2003-12-11,0.0
2003-12-12,0.0
2003-12-13,0.0
2003-12-14,0.0
2003-12-15,0.0
2003-12-16,0.0
2003-12-17,0.0
2003-12-18,0.0
2003-12-19,0.0
2003-12-20,0.0
2003-12-21,0.0
2003-12-22,0.0
2003-12-23,0.0
2003-12-24,0.0
2003-12-25,0.0
2003-12-26,0.0
2003-12-27,0.0
2003-12-28,0.0
2003-12-29,0.0
2003-12-30,0.0
2003-12-31,0.0
2004-01-01,0.32157612148448833
2004-01-02,0.22214710566101076
2004-01-03,0.22214710566101076
2004-01-04,0.22214710566101076
2004-01-05,0.22214710566101076
2004-01-06,0.0006478542837895291
2004-01-07,0.0006478542837895291
2004-01-08,0.0006478542837895291
2004-01-09,0.0006478542837895291
2004-01-10,0.0006478542837895291
2004-01-11,0.0
2004-01-12,0.0
2004-01-13,0.0
2004-01-14,0.0
2004-01-15,0.0
2004-01-16,1.9973560029618609
2004-01-17,23.340030638063634
2004-01-18,5.183977309828768
2004-01-19,0.0
2004-01-20,0.016614157835395917
2004-01-21,0.5929584670845152
2004-01-22,0.0
2004-01-23,0.0
2004-01-24,0.2813693983437692
2004-01-25,0.0850000570365166
2004-01-26,0.0
2004-01-27,0.0
2004-01-28,0.0
2004-01-29,0.0
2004-01-30,0.0
2004-01-31,0.0
2004-02-01,2.999311471929115
2004-02-02,0.5397109656912227
2004-02-03,0.009038434692009803
2004-02-04,9.771199394565985
2004-02-05,2.8558049431081645
2004-02-06,0.0
2004-02-07,0.0
2004-02-08,0.0
2004-02-09,0.0
2004-02-10,0.0
2004-02-11,0.0
2004-02-12,0.0
2004-02-13,0.0
2004-02-14,0.0
2004-02-15,0.0
2004-02-16,0.025620126743195172
2004-02-17,0.025620126743195172
2004-02-18,0.025620126743195172
2004-02-19,4.386561170100765
2004-02-20,0.025620126743195172
2004-02-21,0.0
2004-02-22,0.35943688120143774
2004-02-23,0.5948373234476857
2004-02-24,7.979055989500282
2004-02-25,2.3571134838955063
2004-02-26,0.0
2004-02-27,0.0
2004-02-28,0.286941916400988
2004-02-29,13.853566208114081
2004-03-01,0.0
2004-03-02,2.926890033809742
2004-03-03,9.058305122198451
2004-03-04,32.67951772203642
2004-03-05,9.0911575362207
2004-03-06,0.0
2004-03-07,0.0
2004-03-08,0.0
2004-03-09,0.0
2004-03-10,0.0
2004-03-11,0.00013083048569912476
2004-03-12,2.728646588950396e-06
2004-03-13,0.00012395601661699352
2004-03-14,1.0793300767789627e-06
2004-03-15,1.1417030209875637e-06
2004-03-16,0.0
2004-03-17,0.0
2004-03-18,0.0
2004-03-19,0.0
2004-03-20,0.0
2004-03-21,0.0
2004-03-22,0.0
2004-03-23,0.0
2004-03-24,0.0
2004-03-25,0.0
2004-03-26,0.00011189102499312795
2004-03-27,0.003371123043711122
2004-03-28,5.545823478185582e-06
2004-03-29,0.0
2004-03-30,0.0
2004-03-31,0.0
2004-04-01,0.0
2004-04-02,0.5679069851390682
2004-04-03,1.4627882555678753
2004-04-04,0.0442670829168608
2004-04-05,4.378120026888413
2004-04-06,15.935873641457576
2004-04-07,10.20205051575139
2004-04-08,0.010155254169338471
2004-04-09,5.8049063396137095
2004-04-10,4.534793930163795
2004-04-11,0.0
2004-04-12,0.0
2004-04-13,0.0
2004-04-14,0.0
2004-04-15,0.0
2004-04-16,0.0
2004-04-17,0.0395606916289404
2004-04-18,2.0362618566672097
2004-04-19,1.516797402795589
2004-04-20,7.209647017711298
2004-04-21,0.0027507817513981406
2004-04-22,0.05466115660385786
2004-04-23,2.4694297002938317
2004-04-24,0.12941508904550755
2004-04-25,2.6826762884048017
2004-04-26,4.418228612436665
2004-04-27,0.0
2004-04-28,0.0
2004-04-29,0.10021690772188412
2004-04-30,4.399961704369093
2004-05-01,0.21190226167491735
2004-05-02,0.0
2004-05-03,0.0
2004-05-04,0.0
2004-05-05,0.056782572227914774
2004-05-06,0.0
2004-05-07,0.0
2004-05-08,0.008450495310689823
2004-05-09,0.004864794480947929
2004-05-10,0.8882841515164909
2004-05-11,4.012870585915043
2004-05-12,0.06076417053444265
2004-05-13,0.36689063689783713
2004-05-14,0.0003657694594623821
2004-05-15,0.0
2004-05-16,1.0573798912797672
2004-05-17,0.14819081936236198
2004-05-18,0.00366768590972686
2004-05-19,0.9966005532843781
2004-05-20,0.0
2004-05-21,0.12853867846273956
2004-05-22,2.5102933540482897
2004-05-23,0.08325100447004488
2004-05-24,0.0
2004-05-25,0.5260821524498909
2004-05-26,0.00047250514802899283
2004-05-27,0.00014898274251716822
2004-05-28,0.00010261461548352671
2004-05-29,1.648262819725606e-05
2004-05-30,0.0
2004-05-31,0.0
2004-06-01,0.16925301000589527
2004-06-02,0.046388677173019456
2004-06-03,0.3719254250914815
2004-06-04,15.647390315258585
2004-06-05,1.376297008442293
2004-06-06,0.04112910385428741
2004-06-07,0.0
2004-06-08,1.0107300056262796
2004-06-09,6.384612833837276
2004-06-10,3.7424056799183365
2004-06-11,0.0014926110542666242
2004-06-12,0.040584399696869645
2004-06-13,1.2164388425529808
2004-06-14,0.8617777406461782
2004-06-15,0.0
2004-06-16,0.03996435588283371
2004-06-17,9.737835116539012
2004-06-18,7.254535197220628
2004-06-19,16.65876687044162
2004-06-20,2.4627339791380276
2004-06-21,0.3735893448129647
2004-06-22,31.3792793298718
2004-06-23,0.04508427503476027
2004-06-24,0.1648949537141433
2004-06-25,5.046939918010077
2004-06-26,6.1283560652869085
2004-06-27,2.0835262969238935
2004-06-28,16.146875963784215
2004-06-29,13.747800468322597
2004-06-30,13.483578750995326
2004-07-01,13.958529961477899
2004-07-02,0.01052632176393101
2004-07-03,0.0
2004-07-04,2.4992920690247957
2004-07-05,1.5956537478330213
2004-07-06,11.000916468242561
2004-07-07,0.024241340261639755
2004-07-08,0.02030131711767093
2004-07-09,1.1092875697336024
2004-07-10,0.9983949863524163
2004-07-11,0.0
2004-07-12,0.0
2004-07-13,0.0
2004-07-14,0.0
2004-07-15,0.0
2004-07-16,1.5874951449778762
2004-07-17,0.6850041659896605
2004-07-18,1.8441280847035242
2004-07-19,0.004773556868018029
2004-07-20,0.20104742412357796
2004-07-21,0.062475489966686365
2004-07-22,0.00014382020197223696
2004-07-23,0.05108159722057752
2004-07-24,1.211664973962236
2004-07-25,0.15121760265156078
2004-07-26,0.006985199019067535
2004-07-27,0.47707831396533795
2004-07-28,2.3292993342926365
2004-07-29,13.528665008896368
2004-07-30,0.0059229575594034085
2004-07-31,0.04372316349224348
2004-08-01,0.9638813301159929
2004-08-02,0.0
2004-08-03,0.4360383199688614
2004-08-04,1.001342958340439
2004-08-05,0.032709372686927925
2004-08-06,18.039848801282545
2004-08-07,5.289087665829144
2004-08-08,18.286296255988628
2004-08-09,0.18394380093402915
2004-08-10,1.1516202627658685
2004-08-11,20.17804046940385
2004-08-12,0.8487225502560752
2004-08-13,2.993954669048431
2004-08-14,0.4081963850805684
2004-08-15,12.084677595160176
2004-08-16,1.1580042210429742
2004-08-17,0.007052573500581065
2004-08-18,0.10137339253374143
2004-08-19,9.081969929855298
2004-08-20,0.9962780748497437
2004-08-21,0.5080686822584316
2004-08-22,0.09855658433089722
2004-08-23,0.2728735380149084
2004-08-24,0.23340296852097392
2004-08-25,0.01155458382596091
2004-08-26,0.0
2004-08-27,0.0
2004-08-28,8.642368538243172
2004-08-29,3.993145776093484
2004-08-30,4.383250249414534
2004-08-31,0.39859571158305074
2004-09-01,0.0
2004-09-02,0.0
2004-09-03,0.0
2004-09-04,0.0
2004-09-05,0.0
2004-09-06,0.0
2004-09-07,0.0
2004-09-08,0.0
2004-09-09,0.0
2004-09-10,0.0
2004-09-11,0.19699952984279476
2004-09-12,0.19699952984279476
2004-09-13,0.19699952984279476
2004-09-14,0.19699952984279476
2004-09-15,0.2090717164518395
2004-09-16,0.013606592175166493
2004-09-17,0.00013312170110836482
2004-09-18,0.00025925677291536894
2004-09-19,0.06441037275856568
2004-09-20,0.36353917269946734
2004-09-21,4.547025952793341
2004-09-22,7.348414161688283
2004-09-23,11.035923574393786
2004-09-24,0.0
2004-09-25,0.0
2004-09-26,0.22740713080759775
2004-09-27,0.02363482194812175
2004-09-28,0.042786133507117984
2004-09-29,0.11708759193473171
2004-09-30,1.894007508162528
2004-10-01,3.399013409870545
2004-10-02,0.0
2004-10-03,0.06842025437302643
2004-10-04,4.876675097077372
2004-10-05,10.052091114557207
2004-10-06,50.54774069058186
2004-10-07,3.9429416572010862
2004-10-08,0.030325278573682085
2004-10-09,2.2936461058259625
2004-10-10,8.280500534073198
2004-10-11,3.455701317759409
2004-10-12,0.4737958886411179
2004-10-13,0.7272195624325589
2004-10-14,1.183287215029324
2004-10-15,0.0
2004-10-16,0.014438685632227487
2004-10-17,0.014438685632227487
2004-10-18,0.014438685632227487
2004-10-19,0.014438685632227487
2004-10-20,0.24650184963604396
2004-10-21,0.0
2004-10-22,6.9094002428374885
2004-10-23,0.0
2004-10-24,0.0
2004-10-25,0.0
2004-10-26,0.5037564472792733
2004-10-27,2.044044765264087
2004-10-28,1.178415426733791
2004-10-29,0.006813671890327826
2004-10-30,0.0
2004-10-31,0.002419483297736957
2004-11-01,0.004902695368476983
2004-11-02,0.2781080824201155
2004-11-03,0.09307814979882226
2004-11-04,0.0
2004-11-05,0.0
2004-11-06,0.0
2004-11-07,0.0
2004-11-08,0.004244029978585935
2004-11-09,0.004985975377618539
2004-11-10,0.9721394934307493
2004-11-11,0.04052397393645332
2004-11-12,0.0019634550921377157
2004-11-13,8.01503249518514
2004-11-14,9.412053166381021
2004-11-15,26.190195125860807
2004-11-16,2.8742181115921457
2004-11-17,17.07834333804117
2004-11-18,2.0901343554383454
2004-11-19,0.022651971554143592
2004-11-20,8.025061615835257
2004-11-21,3.789645333018861
2004-11-22,0.7549839818572427
2004-11-23,13.138951686622788
2004-11-24,3.5599318329285907
2004-11-25,0.0
2004-11-26,0.0
2004-11-27,0.0011648104219625787
2004-11-28,0.0
2004-11-29,0.6307581800191236
2004-11-30,0.06495506808502312
2004-12-01,0.0
2004-12-02,0.0
2004-12-03,0.0
2004-12-04,0.0
2004-12-05,2.1847534786832274
2004-12-06,2.8199799815630238
2004-12-07,5.673438713367156
2004-12-08,0.0
2004-12-09,0.0
2004-12-10,0.0004390956510708953
2004-12-11,0.0
2004-12-12,0.0
2004-12-13,0.0
2004-12-14,0.0
2004-12-15,0.0
2004-12-16,0.0
2004-12-17,0.0
2004-12-18,0.0
2004-12-19,0.0
2004-12-20,0.0
2004-12-21,0.0
2004-12-22,1.9971831002090583
2004-12-23,0.396213404061898
2004-12-24,0.04673382732269215
2004-12-25,0.0
2004-12-26,0.21484609159455084
2004-12-27,0.21484609159455084
2004-12-28,1.4628639797866962
2004-12-29,0.21484609159455084
2004-12-30,0.21484609159455084
2004-12-31,0.21484609159455084
2005-01-01,0.1252152576431493
2005-01-02,0.0013208638488620133
2005-01-03,3.135597989187194
2005-01-04,10.969610592851351
2005-01-05,9.252991030799645
2005-01-06,3.0059983070494827
2005-01-07,3.0059983070494827
2005-01-08,3.0059983070494827
2005-01-09,3.0059983070494827
2005-01-10,3.0059983070494827
2005-01-11,1.326630840189481
2005-01-12,0.0
2005-01-13,3.24315756652356
2005-01-14,0.0
2005-01-15,0.26470735867603656
2005-01-16,0.0
2005-01-17,0.0
2005-01-18,0.0
2005-01-19,0.0
2005-01-20,0.0
2005-01-21,0.0
2005-01-22,0.0
2005-01-23,0.0
2005-01-24,0.0
2005-01-25,0.0
2005-01-26,0.0
2005-01-27,0.7133729353194377
2005-01-28,12.207457512184794
2005-01-29,0.9562586781248925
2005-01-30,3.3832123942751062
2005-01-31,0.281703954564093
2005-02-01,0.0004335441729094504
2005-02-02,0.000211615584083833
2005-02-03,0.0
2005-02-04,0.0
2005-02-05,0.00010196423372091375
2005-02-06,7.091082674532537
2005-02-07,0.05974315504913586
2005-02-08,0.21525509448780583
2005-02-09,0.8395330897622433
2005-02-10,0.0
2005-02-11,0.0
2005-02-12,3.1928992046151907
2005-02-13,0.33237539627097445
2005-02-14,0.0
2005-02-15,0.0
2005-02-16,0.1894982381014312
2005-02-17,0.04433267748156301
2005-02-18,3.6560731621351708
2005-02-19,0.8579031016869011
2005-02-20,0.00020303333898412764
2005-02-21,0.0044545497694820045
2005-02-22,0.007060264001340874
2005-02-23,3.7787280337784033
2005-02-24,0.059695432669060404
2005-02-25,0.05366359724386123
2005-02-26,0.06548215754901096
2005-02-27,0.04595568086192086
2005-02-28,0.5459521758678401
2005-03-01,0.0016788176123813082
2005-03-02,0.6756221778431717
2005-03-03,0.45407489281423197
2005-03-04,1.9475351157015814
2005-03-05,0.0
2005-03-06,0.0
2005-03-07,0.0
2005-03-08,0.0
2005-03-09,0.0
2005-03-10,0.0
2005-03-11,0.001557148337486827
2005-03-12,0.0
2005-03-13,0.0
2005-03-14,1.4760720645799759
2005-03-15,13.559528951906763
2005-03-16,0.0
2005-03-17,0.0
2005-03-18,0.0
2005-03-19,0.0
2005-03-20,0.0
2005-03-21,0.04685090566452485
2005-03-22,0.005318517612061576
2005-03-23,0.0005265766442108383
2005-03-24,0.0
2005-03-25,6.540839748316052e-05
2005-03-26,7.719449676936196
2005-03-27,2.7716209485821377
2005-03-28,0.0
2005-03-29,0.0
2005-03-30,0.09167970597251941
2005-03-31,4.12312253709059
2005-04-01,0.0
2005-04-02,0.0
2005-04-03,0.0
2005-04-04,0.0
2005-04-05,0.0
2005-04-06,0.8657339441436569
2005-04-07,0.0
2005-04-08,0.0
2005-04-09,0.0
2005-04-10,2.8383102019151023
2005-04-11,0.0
2005-04-12,0.0
2005-04-13,0.0
2005-04-14,0.0
2005-04-15,0.0
2005-04-16,0.16680888538956057
2005-04-17,1.7417182365876032
2005-04-18,2.905326388698168
2005-04-19,10.352378481471565
2005-04-20,3.7120655115500467
2005-04-21,0.0001687570904579584
2005-04-22,0.0
2005-04-23,0.0
2005-04-24,2.4688194290330974
2005-04-25,1.4798215190954827
2005-04-26,0.06487123105365444
2005-04-27,1.3495292931366032
2005-04-28,0.03697096045697994
2005-04-29,0.0964546838153815
2005-04-30,0.019201664059707427
2005-05-01,0.840726633150303
2005-05-02,22.67819541030985
2005-05-03,1.9600957538172206
2005-05-04,0.41419174878953857
2005-05-05,0.045259411831580915
2005-05-06,0.012618671894714372
2005-05-07,5.358847580416318
2005-05-08,1.4507673685933002
2005-05-09,0.11677362722423917
2005-05-10,5.793923819051368
2005-05-11,0.23625166128028321
2005-05-12,4.211417258217979
2005-05-13,8.787542994099178
2005-05-14,1.393407881520217
2005-05-15,0.3134604917376977
2005-05-16,2.8850617328443455
2005-05-17,0.0032744765867420145
2005-05-18,0.0
2005-05-19,0.0
2005-05-20,0.0
2005-05-21,0.0
2005-05-22,0.8830552627818973
2005-05-23,2.856030880839258
2005-05-24,1.4675293054017886
2005-05-25,2.332185106757492
2005-05-26,1.3519014105073563
2005-05-27,8.011122519229065
2005-05-28,3.247929753362884
2005-05-29,1.8127262356690703
2005-05-30,0.1920871446197764
2005-05-31,15.302920053839452
2005-06-01,2.9576639477675855
2005-06-02,0.04953686211298893
2005-06-03,2.8497547724209347
2005-06-04,2.6529699982936782e-06
2005-06-05,1.4036248650688006e-05
2005-06-06,0.535858408371863
2005-06-07,0.18003097708788152
2005-06-08,6.42660692108196e-05
2005-06-09,4.305306613918742
2005-06-10,30.4658036474502
2005-06-11,15.546310282037071
2005-06-12,33.96324023020033
2005-06-13,7.825910110259481e-06
2005-06-14,0.0
2005-06-15,0.40761470592316434
2005-06-16,0.9920480923338034
2005-06-17,3.4938921158330443
2005-06-18,0.12355979969371841
2005-06-19,0.008514517932709487
2005-06-20,0.6783172647763153
2005-06-21,0.3148929094920516
2005-06-22,0.0
2005-06-23,0.0
2005-06-24,0.0
2005-06-25,0.009294934773337562
2005-06-26,0.0
2005-06-27,0.0
2005-06-28,0.0
2005-06-29,0.0
2005-06-30,0.0
2005-07-01,13.551115710949514
2005-07-02,0.6886875880696177
2005-07-03,2.0233119573155016
2005-07-04,14.490378743490592
2005-07-05,0.7830209595587108
2005-07-06,13.72212205490787
2005-07-07,2.4309318813051526
2005-07-08,0.2564034093838724
2005-07-09,0.7151872849025288
2005-07-10,0.19809567724421853
2005-07-11,1.3471602688685822
2005-07-12,6.369657072339349
2005-07-13,2.85732521002628
2005-07-14,4.549942116852385
2005-07-15,0.0007807752902501629
2005-07-16,0.0
2005-07-17,0.0
2005-07-18,0.0
2005-07-19,0.0
2005-07-20,0.0
2005-07-21,0.0
2005-07-22,0.0
2005-07-23,0.0
2005-07-24,0.0
2005-07-25,0.0
2005-07-26,0.07235617395783225
2005-07-27,0.10293314803601407
2005-07-28,0.0
2005-07-29,0.0
2005-07-30,0.0
2005-07-31,0.0
2005-08-01,0.0
2005-08-02,0.0
2005-08-03,1.680536463272718e-05
2005-08-04,0.062091438954546614
2005-08-05,3.8055665850256863
2005-08-06,0.00028240096101457205
2005-08-07,0.0023687847056093982
2005-08-08,0.002109232484107141
2005-08-09,0.00030541352113780894
2005-08-10,7.78574712254346e-08
2005-08-11,0.0005012422677901434
2005-08-12,1.6501109342759785
2005-08-13,12.889972088341773
2005-08-14,25.400184288912143
2005-08-15,0.884107378689623
2005-08-16,4.886956080925561
2005-08-17,0.2666385093774118
2005-08-18,1.1409380127814832
2005-08-19,2.276194340805852
2005-08-20,3.003615450054211
2005-08-21,6.832921022518227
2005-08-22,6.336123675356236
2005-08-23,3.8623293231334137
2005-08-24,1.1185713953327496
2005-08-25,0.6152307935654157
2005-08-26,0.30787409621209777
2005-08-27,6.497728506121082
2005-08-28,0.06829003417776504
2005-08-29,0.08658164554453561
2005-08-30,0.0
2005-08-31,0.0
2005-09-01,0.0
2005-09-02,0.0
2005-09-03,0.0
2005-09-04,0.0
2005-09-05,0.0
2005-09-06,0.0
2005-09-07,0.0
2005-09-08,0.0
2005-09-09,0.0
2005-09-10,0.0
2005-09-11,1.751215008913755
2005-09-12,1.4204064465370805
2005-09-13,0.24631932902723458
2005-09-14,1.625903672769621
2005-09-15,20.97733647665172
2005-09-16,0.013447736562861483
2005-09-17,0.24935084839393185
2005-09-18,1.0001558056354203
2005-09-19,0.060942335011595655
2005-09-20,0.013447736562861483
2005-09-21,0.10303846253795512
2005-09-22,0.10303846253795512
2005-09-23,0.5157514332389203
2005-09-24,0.10303846253795512
2005-09-25,0.10303846253795512
2005-09-26,0.0
2005-09-27,0.0
2005-09-28,0.0
2005-09-29,0.0
2005-09-30,0.0
2005-10-01,2.1016545791598804
2005-10-02,0.0002969692344627375
2005-10-03,0.0003933784625677611
2005-10-04,0.3058007204058699
2005-10-05,3.809010071044081
2005-10-06,1.2993098715026739
2005-10-07,0.027003509970023196
2005-10-08,0.0
2005-10-09,0.12806556911119543
2005-10-10,16.552070201314088
2005-10-11,0.0016679294820212832
2005-10-12,0.0
2005-10-13,0.0
2005-10-14,0.0
2005-10-15,0.0
2005-10-16,0.003995934908192625
2005-10-17,0.0
2005-10-18,0.0
2005-10-19,0.002894956761773427
2005-10-20,0.0
2005-10-21,0.0
2005-10-22,0.0
2005-10-23,1.302169392266533
2005-10-24,0.0
2005-10-25,0.0
2005-10-26,0.0
2005-10-27,0.0
2005-10-28,2.081541096225544
2005-10-29,0.009817485148874502
2005-10-30,0.0
2005-10-31,3.538232582162652
2005-11-01,0.6976713327987157
2005-11-02,0.6976713327987157
2005-11-03,0.6976713327987157
2005-11-04,0.6976713327987157
2005-11-05,0.6976713327987157
2005-11-06,0.008106725625863441
2005-11-07,0.008106725625863441
2005-11-08,0.008106725625863441
2005-11-09,0.008106725625863441
2005-11-10,0.008106725625863441
2005-11-11,0.0
2005-11-12,0.0
2005-11-13,0.0
2005-11-14,0.0
2005-11-15,0.0
2005-11-16,0.0
2005-11-17,0.0
2005-11-18,0.0
2005-11-19,0.0
2005-11-20,0.0
2005-11-21,0.0
2005-11-22,0.0
2005-11-23,0.0
2005-11-24,0.0
2005-11-25,0.0
2005-11-26,0.0
2005-11-27,0.34928028227458513
2005-11-28,0.20238742259921363
2005-11-29,0.0
2005-11-30,0.0
2005-12-01,0.0
2005-12-02,0.0
2005-12-03,0.0
2005-12-04,0.0
2005-12-05,0.0
2005-12-06,0.0
2005-12-07,0.0
2005-12-08,0.0
2005-12-09,0.0
2005-12-10,0.0
2005-12-11,0.0
2005-12-12,0.0
2005-12-13,0.0
2005-12-14,0.0
2005-12-15,0.0
2005-12-16,0.002351880964110603
2005-12-17,1.4340678612238866
2005-12-18,0.20364494842317613
2005-12-19,0.5273521725297633
2005-12-20,0.5511028761512912
2005-12-21,0.0
2005-12-22,0.0
2005-12-23,0.0
2005-12-24,0.0
2005-12-25,0.0
2005-12-26,0.3813250010848181
2005-12-27,0.3813250010848181
2005-12-28,0.3813250010848181
2005-12-29,0.3813250010848181
2005-12-30,0.3813250010848181
2005-12-31,0.3813250010848181
2006-01-01,0.0
2006-01-02,0.0
2006-01-03,0.0
2006-01-04,0.0
2006-01-05,0.0
2006-01-06,0.0
2006-01-07,0.0
2006-01-08,0.0
2006-01-09,0.0
2006-01-10,0.0
2006-01-11,0.0
2006-01-12,0.0
2006-01-13,0.0
2006-01-14,0.0
2006-01-15,0.0
2006-01-16,4.428672823351767
2006-01-17,2.5881690765093905
2006-01-18,0.0
2006-01-19,0.0
2006-01-20,0.11337048395723216
2006-01-21,0.0
2006-01-22,0.0
2006-01-23,0.0
2006-01-24,0.0
2006-01-25,0.0
2006-01-26,0.14985844269431606
2006-01-27,0.0008561616387780383
2006-01-28,0.13231306049923258
2006-01-29,0.0
2006-01-30,0.0
2006-01-31,0.0
2006-02-01,0.0
2006-02-02,0.0
2006-02-03,5.763939562083548
2006-02-04,0.036627581288822035
2006-02-05,0.0
2006-02-06,0.17043038632444496
2006-02-07,0.17043038632444496
2006-02-08,0.17043038632444496
2006-02-09,0.17043038632444496
2006-02-10,0.17043038632444496
2006-02-11,0.0
2006-02-12,0.0
2006-02-13,0.0
2006-02-14,0.0
2006-02-15,0.0
2006-02-16,0.0
2006-02-17,0.0
2006-02-18,0.0
2006-02-19,0.0
2006-02-20,0.0
2006-02-21,0.01235254747761568
2006-02-22,0.001236179434942978
2006-02-23,0.0
2006-02-24,0.0
2006-02-25,0.145096917116089
2006-02-26,0.0
2006-02-27,0.0
2006-02-28,0.0
2006-03-01,0.0
2006-03-02,3.0778991108880414
2006-03-03,0.3929175550321506
2006-03-04,0.8936748513466863
2006-03-05,0.14190500636345874
2006-03-06,0.0
2006-03-07,0.02662454765911578
2006-03-08,0.7487821752119111
2006-03-09,4.265933976409827
2006-03-10,0.0
2006-03-11,0.0
2006-03-12,0.0
2006-03-13,0.0
2006-03-14,0.0
2006-03-15,0.0
2006-03-16,0.0
2006-03-17,4.721274604632397
2006-03-18,6.048634602822412
2006-03-19,10.452075983288678
2006-03-20,24.366627461815156
2006-03-21,0.0
2006-03-22,0.0
2006-03-23,0.0
2006-03-24,0.0
2006-03-25,0.0
2006-03-26,0.012614072807517985
2006-03-27,0.0
2006-03-28,0.0
2006-03-29,2.1011122084986082
2006-03-30,0.06566719399515461
2006-03-31,0.0
2006-04-01,0.29691793283785123
2006-04-02,3.0336315786164385
2006-04-03,0.0
2006-04-04,0.0
2006-04-05,0.02453647336817075
2006-04-06,0.2737171163438603
2006-04-07,0.0006242647067668109
2006-04-08,0.0
2006-04-09,0.0
2006-04-10,0.0
2006-04-11,1.5808591859381416
2006-04-12,0.0
2006-04-13,0.0
2006-04-14,0.5341515947435692
2006-04-15,0.07114784075692085
2006-04-16,0.3375149277538623
2006-04-17,0.3375149277538623
2006-04-18,0.3375149277538623
2006-04-19,0.3375149277538623
2006-04-20,0.3375149277538623
2006-04-21,0.0
2006-04-22,0.0
2006-04-23,3.1805135057243605
2006-04-24,1.0265378784628592
2006-04-25,0.025892084216049344
2006-04-26,0.0
2006-04-27,0.0
2006-04-28,0.8004175517896915
2006-04-29,0.19420126813260533
2006-04-30,0.0011406507194020893
2006-05-01,0.028950484099205285
2006-05-02,0.9721188145040288
2006-05-03,0.45013778824590933
2006-05-04,29.497675475431667
2006-05-05,26.955164832540415
2006-05-06,28.582782397920226
2006-05-07,0.11928110227645991
2006-05-08,0.24686631253971816
2006-05-09,0.006892210008434656
2006-05-10,10.409374671416431
2006-05-11,0.0
2006-05-12,0.0
2006-05-13,0.0
2006-05-14,0.0
2006-05-15,0.0
2006-05-16,0.0
2006-05-17,0.0
2006-05-18,0.04678027440391204
2006-05-19,1.8293281613594873e-05
2006-05-20,0.060633718680242484
2006-05-21,1.1067262498390549
2006-05-22,1.6989260474950358
2006-05-23,0.06490405906051999
2006-05-24,0.0
2006-05-25,0.3825299044478517
2006-05-26,0.5486242593899606
2006-05-27,1.3883775597656391
2006-05-28,1.9579240964969569
2006-05-29,1.0665837876183837
2006-05-30,1.679257205975187
2006-05-31,22.634751544892733
2006-06-01,8.414300457083352
2006-06-02,0.0007329374431080818
2006-06-03,0.0
2006-06-04,0.03195366862334299
2006-06-05,0.01634923565310094
2006-06-06,0.0
2006-06-07,0.0
2006-06-08,0.0
2006-06-09,0.0
2006-06-10,0.0
2006-06-11,0.0019064970357626694
2006-06-12,2.7083538382955625
2006-06-13,0.425691081686196
2006-06-14,0.3885814850180428
2006-06-15,0.054720904222002195
2006-06-16,0.7179172611480674
2006-06-17,22.28915346564028
2006-06-18,0.0024229447057787876
2006-06-19,0.00025368949486526403
2006-06-20,0.0
2006-06-21,0.03668325523838401
2006-06-22,1.2819894586001581
2006-06-23,14.163187189006196
2006-06-24,0.012691381449433846
2006-06-25,0.2655600019184974
2006-06-26,0.0
2006-06-27,0.0
2006-06-28,0.0
2006-06-29,0.0
2006-06-30,0.0
2006-07-01,0.0
2006-07-02,0.4775943775198727
2006-07-03,0.3539899796892261
2006-07-04,2.6461722072631075
2006-07-05,19.014028868911275
2006-07-06,0.4954785746847895
2006-07-07,0.1144822960567928
2006-07-08,0.214195820714089
2006-07-09,3.0987328968192767
2006-07-10,5.877544561138361
2006-07-11,0.0077432019367713574
2006-07-12,0.008342261472475269
2006-07-13,0.011723152874144532
2006-07-14,0.0020743908120391063
2006-07-15,7.580197065725446e-05
2006-07-16,0.0
2006-07-17,0.0
2006-07-18,0.0
2006-07-19,0.0
2006-07-20,0.0
2006-07-21,0.0
2006-07-22,0.0
2006-07-23,0.0
2006-07-24,0.0
2006-07-25,0.0
2006-07-26,0.0018483717879780143
2006-07-27,0.5484146597047751
2006-07-28,0.11211750378428352
2006-07-29,0.24473004890651492
2006-07-30,0.04834792114213314
2006-07-31,0.002836918009978699
2006-08-01,3.957989726100102
2006-08-02,0.18425514022920433
2006-08-03,6.91768054445027
2006-08-04,7.888266293798759
2006-08-05,0.02838332400356049
2006-08-06,0.0
2006-08-07,0.0
2006-08-08,0.0
2006-08-09,0.0
2006-08-10,0.0
2006-08-11,1.6201192294611078
2006-08-12,0.6617469654912657
2006-08-13,2.106650861159806
2006-08-14,1.8975427692043672
2006-08-15,28.0486393886282
2006-08-16,15.155422254029114
2006-08-17,2.0407455451677388
2006-08-18,0.3833893677188606
2006-08-19,3.782842655697166
2006-08-20,1.843180769366331
2006-08-21,6.670795590317441
2006-08-22,24.01085736928072
2006-08-23,5.731307347389639
2006-08-24,1.4152399241440932
2006-08-25,0.03038070303435244
2006-08-26,1.1822360074148601
2006-08-27,8.076442340114195
2006-08-28,5.468442290746416
2006-08-29,0.0011849558563787816
2006-08-30,0.006938801548458922
2006-08-31,0.0
2006-09-01,2.1814083780010876
2006-09-02,16.51691049531287
2006-09-03,0.47708089746278715
2006-09-04,1.591337244197233
2006-09-05,0.12205236809014156
2006-09-06,0.00016674188815832402
2006-09-07,0.1507762567422123
2006-09-08,0.39272125599342167
2006-09-09,0.5263575315408533
2006-09-10,7.3164192520909275
2006-09-11,1.619896787173658
2006-09-12,0.020486495979143697
2006-09-13,0.018384501655018388
2006-09-14,0.0002620305529162097
2006-09-15,0.036239565297057616
2006-09-16,0.3983627350873534
2006-09-17,0.07503479708109212
2006-09-18,0.0
2006-09-19,0.0
2006-09-20,0.13576595271335332
2006-09-21,0.7370619996851835
2006-09-22,0.0
2006-09-23,0.0026605805405858097
2006-09-24,0.0
2006-09-25,0.0
2006-09-26,0.0
2006-09-27,0.0
2006-09-28,0.0
2006-09-29,0.0
2006-09-30,0.0
2006-10-01,0.0028831810976081337
2006-10-02,0.0028831810976081337
2006-10-03,0.012129546610567287
2006-10-04,0.0028831810976081337
2006-10-05,0.7679503211985731
2006-10-06,0.0
2006-10-07,0.0005457787726198097
2006-10-08,0.05344416271357966
2006-10-09,29.11798520672038
2006-10-10,7.862024169341944
2006-10-11,0.0
2006-10-12,0.0
2006-10-13,0.0
2006-10-14,0.0010230638202165115
2006-10-15,2.165539354764564
2006-10-16,0.2326992293225262
2006-10-17,0.0
2006-10-18,0.0013334214680239202
2006-10-19,0.1039473822675755
2006-10-20,0.0
2006-10-21,0.6140991797925291
2006-10-22,0.007114535275536184
2006-10-23,0.007114535275536184
2006-10-24,0.007114535275536184
2006-10-25,0.5526999325360761
2006-10-26,0.0
2006-10-27,3.4098263178961177
2006-10-28,0.0
2006-10-29,0.0
2006-10-30,0.0
2006-10-31,0.0
2006-11-01,0.0
2006-11-02,0.0
2006-11-03,0.0
2006-11-04,0.0
2006-11-05,2.1991834517406175
2006-11-06,0.9257212523788488
2006-11-07,0.0
2006-11-08,0.0
2006-11-09,0.0
2006-11-10,0.0
2006-11-11,0.0
2006-11-12,0.3795958029329758
2006-11-13,0.2808567232252904
2006-11-14,2.4125605054082118
2006-11-15,1.4095269979525253
2006-11-16,0.0
2006-11-17,0.0
2006-11-18,0.0
2006-11-19,0.0
2006-11-20,0.0
2006-11-21,0.0
2006-11-22,0.0
2006-11-23,0.0
2006-11-24,0.0
2006-11-25,0.0
2006-11-26,0.0
2006-11-27,0.08281878809034932
2006-11-28,0.4167685348728647
2006-11-29,0.0
2006-11-30,7.229539408383328
2006-12-01,0.0
2006-12-02,0.0
2006-12-03,0.0
2006-12-04,0.0
2006-12-05,0.0
2006-12-06,0.0
2006-12-07,0.0
2006-12-08,0.0
2006-12-09,0.0
2006-12-10,0.0
2006-12-11,0.37036034983335614
2006-12-12,0.37036034983335614
2006-12-13,0.37036034983335614
2006-12-14,0.37036034983335614
2006-12-15,0.37036034983335614
2006-12-16,0.0
2006-12-17,0.0
2006-12-18,0.22116188863292416
2006-12-19,20.693285566232813
2006-12-20,33.96012842269301
2006-12-21,0.0
2006-12-22,0.0
2006-12-23,0.0
2006-12-24,0.0
2006-12-25,0.0
2006-12-26,0.0
2006-12-27,0.0
2006-12-28,0.4367360656127034
2006-12-29,26.4528674155973
2006-12-30,12.76715039235502
2006-12-31,0.34398479423051415
2007-01-01,0.0
2007-01-02,0.0
2007-01-03,0.0
2007-01-04,0.0
2007-01-05,0.0
2007-01-06,0.0
2007-01-07,0.0
2007-01-08,0.0
2007-01-09,0.0
2007-01-10,0.0
2007-01-11,0.0
2007-01-12,0.9073359875008192
2007-01-13,3.4631381001823054
2007-01-14,4.181492820411983
2007-01-15,0.000130151716980472
2007-01-16,0.0
2007-01-17,0.0005006679979491539
2007-01-18,0.0
2007-01-19,0.01653886326174846
2007-01-20,22.723978619520214
2007-01-21,0.0
2007-01-22,0.0
2007-01-23,0.0
2007-01-24,0.0
2007-01-25,0.0
2007-01-26,0.0
2007-01-27,3.4568048674549643
2007-01-28,0.0
2007-01-29,0.0
2007-01-30,0.0
2007-01-31,1.7957947890008379
2007-02-01,0.0
2007-02-02,0.0
2007-02-03,0.0
2007-02-04,0.0
2007-02-05,0.0
2007-02-06,0.0
2007-02-07,4.447529062374381e-05
2007-02-08,0.25539255009702627
2007-02-09,0.009063241625234959
2007-02-10,0.1673925425902728
2007-02-11,0.07802413563824796
2007-02-12,2.8253457117474707
2007-02-13,3.9348627302937174
2007-02-14,2.376602431763383
2007-02-15,0.7023100935841301
2007-02-16,0.0
2007-02-17,0.0
2007-02-18,0.0
2007-02-19,0.0
2007-02-20,0.0
2007-02-21,0.0
2007-02-22,0.0
2007-02-23,0.0
2007-02-24,0.0
2007-02-25,0.0
2007-02-26,0.02393214758003321
2007-02-27,0.02393214758003321
2007-02-28,0.02393214758003321
2007-03-01,0.0
2007-03-02,0.0
2007-03-03,0.0
2007-03-04,0.0
2007-03-05,0.0
2007-03-06,0.02504530844289867
2007-03-07,0.013005590167456579
2007-03-08,0.013005590167456579
2007-03-09,0.024882913705681756
2007-03-10,0.01864409962816866
2007-03-11,13.590685127579462
2007-03-12,0.625012745066022
2007-03-13,0.03415119570138595
2007-03-14,0.0
2007-03-15,0.025387294810544952
2007-03-16,0.0
2007-03-17,0.0
2007-03-18,0.0
2007-03-19,0.0
2007-03-20,0.0
2007-03-21,0.17159516242154
2007-03-22,13.066246535725233
2007-03-23,13.501473394879598
2007-03-24,23.98491915266254
2007-03-25,0.931508477289324
2007-03-26,6.749925079460902
2007-03-27,5.68921381387652
2007-03-28,0.9482697501526818
2007-03-29,29.753064088512847
2007-03-30,9.094365311332217
2007-03-31,4.651322824863791
2007-04-01,0.0
2007-04-02,0.0
2007-04-03,0.0
2007-04-04,0.0
2007-04-05,0.0
2007-04-06,0.04914417980016621
2007-04-07,0.039805590243405464
2007-04-08,0.010407779950661793
2007-04-09,0.2624276692749883
2007-04-10,0.1350235894778667
2007-04-11,0.02255277901781524
2007-04-12,1.111643041698456
2007-04-13,18.03821360047104
2007-04-14,5.741441010438465
2007-04-15,0.0
2007-04-16,0.0
2007-04-17,5.25298529072225
2007-04-18,0.04041746459990974
2007-04-19,0.0
2007-04-20,0.022766771458680193
2007-04-21,0.05984332862500117
2007-04-22,4.955112451416215
2007-04-23,2.9273441632118633
2007-04-24,3.094062876596437
2007-04-25,0.067851145727032
2007-04-26,0.0
2007-04-27,0.003731960094000336
2007-04-28,0.0
2007-04-29,0.0
2007-04-30,0.023416396117555822
2007-05-01,2.3902195864750535
2007-05-02,1.5000705725409549
2007-05-03,15.931685554415054
2007-05-04,0.027699648862458
2007-05-05,2.6597336945747116
2007-05-06,31.5037304882026
2007-05-07,0.055807695373349446
2007-05-08,12.231914159308163
2007-05-09,2.08280905122342
2007-05-10,4.735002990147702
2007-05-11,0.11677330589658595
2007-05-12,0.12417215175203804
2007-05-13,0.0013832664741634598
2007-05-14,0.007150422688451484
2007-05-15,4.5062835260888345
2007-05-16,6.699825427519243e-05
2007-05-17,0.0
2007-05-18,0.0014976459764457402
2007-05-19,0.0008307248896500602
2007-05-20,0.00032394268210905714
2007-05-21,12.87702495514656
2007-05-22,1.1322293201434706
2007-05-23,2.139386122175598
2007-05-24,10.62660964804337
2007-05-25,2.3729613317219704
2007-05-26,0.3039903064624252
2007-05-27,0.7557089811957833
2007-05-28,0.5358568524682397
2007-05-29,0.8854715112773601
2007-05-30,1.331996024062417
2007-05-31,0.3985437683809235
2007-06-01,2.3422217218589867
2007-06-02,19.847278270955584
2007-06-03,0.25767161732202853
2007-06-04,0.03894913976534584
2007-06-05,0.09157975812740726
2007-06-06,2.4143072306179085e-06
2007-06-07,0.0
2007-06-08,0.0
2007-06-09,0.03849635830850367
2007-06-10,5.7925845679008985
2007-06-11,0.0937276051854921
2007-06-12,1.1130830940753769
2007-06-13,0.3564140398011266
2007-06-14,1.9829092903260426
2007-06-15,1.7897868752134054
2007-06-16,1.7723578885988749
2007-06-17,0.47743868175568266
2007-06-18,0.027324958504704174
2007-06-19,0.2063136333378449
2007-06-20,21.470324072367443
2007-06-21,0.5567129076132192
2007-06-22,0.7202698729728921
2007-06-23,0.21538609029720684
2007-06-24,0.3964166023523239
2007-06-25,1.5416541767934535
2007-06-26,4.530388981460854
2007-06-27,3.705403429386601
2007-06-28,7.261505193423762
2007-06-29,0.4548602538195474
2007-06-30,0.03286881159178459
2007-07-01,0.007579401743300815
2007-07-02,0.37001055368409524
2007-07-03,0.21913564304845728
2007-07-04,0.05130107463272715
2007-07-05,1.1985985944246738
2007-07-06,0.4066175769490427
2007-07-07,6.80165136945737e-05
2007-07-08,0.8186702177639614
2007-07-09,0.06931590626917691
2007-07-10,1.0602708873134319
2007-07-11,0.6487329260281991
2007-07-12,2.4307992576949946
2007-07-13,22.507839643919706
2007-07-14,0.004576079935671161
2007-07-15,0.2555268781759409
2007-07-16,1.9818977185591116
2007-07-17,0.0
2007-07-18,0.0
2007-07-19,0.0
2007-07-20,2.070606003811392
2007-07-21,0.41367970579648183
2007-07-22,0.07161265615673816
2007-07-23,1.3954520573551137
2007-07-24,1.3786751376233861
2007-07-25,0.4211157043670842
2007-07-26,0.0
2007-07-27,0.0011758746608525404
2007-07-28,0.0001293681282546713
2007-07-29,0.0006576407783882812
2007-07-30,0.0028759959875741636
2007-07-31,0.0015781852331300209
2007-08-01,30.91347656617204
2007-08-02,9.945051654709106
2007-08-03,1.6453203011325814
2007-08-04,0.00406095932090781
2007-08-05,0.00039023017273077265
2007-08-06,0.0
2007-08-07,0.104274110698446
2007-08-08,0.24265744943336237
2007-08-09,1.0442544813749068
2007-08-10,0.00973501536061836
2007-08-11,0.0
2007-08-12,0.0
2007-08-13,0.0
2007-08-14,0.0
2007-08-15,0.0
2007-08-16,0.0
2007-08-17,0.009134164845370371
2007-08-18,1.0382889662320929
2007-08-19,0.041588549809425154
2007-08-20,3.4790220305698653e-06
2007-08-21,0.0
2007-08-22,2.938270160607293
2007-08-23,1.388059713328517
2007-08-24,24.320038619665784
2007-08-25,16.700967450929006
2007-08-26,0.0033542623531208223
2007-08-27,0.0
2007-08-28,0.004980680867730049
2007-08-29,0.07843364776112194
2007-08-30,0.5147593641709655
2007-08-31,0.15723239321257007
2007-09-01,0.0
2007-09-02,0.0
2007-09-03,0.0
2007-09-04,0.0
2007-09-05,0.0
2007-09-06,0.9726380499429087
2007-09-07,14.419431383314603
2007-09-08,75.53094229389279
2007-09-09,2.704755999092769
2007-09-10,2.5242593526847785
2007-09-11,0.5647431231744451
2007-09-12,0.00023573557908988777
2007-09-13,0.4233445341655173
2007-09-14,0.0007206364032608929
2007-09-15,0.03125618086128654
2007-09-16,0.0
2007-09-17,0.5804291458624613
2007-09-18,23.471099191816467
2007-09-19,8.265459671538547
2007-09-20,0.7963250134036212
2007-09-21,0.0021069063811228824
2007-09-22,0.6453727745113594
2007-09-23,0.02508328811493924
2007-09-24,0.00015136305898396526
2007-09-25,0.07440424042173527
2007-09-26,0.031192928056511977
2007-09-27,0.845122207835949
2007-09-28,1.8795063012587412
2007-09-29,0.0006909350495089818
2007-09-30,0.0017527254995937677
2007-10-01,0.0
2007-10-02,0.9376640266480853
2007-10-03,0.0
2007-10-04,0.08181101842782652
2007-10-05,0.054931007407616736
2007-10-06,0.0
2007-10-07,0.09642925787310938
2007-10-08,2.2684650351418294
2007-10-09,0.0
2007-10-10,0.0
2007-10-11,5.6265311813281205
2007-10-12,5.050077078217329
2007-10-13,0.4171525240749716
2007-10-14,3.0224194411482284
2007-10-15,1.0557916479042264
2007-10-16,0.0
2007-10-17,0.03578186899064061
2007-10-18,0.00021765354698105618
2007-10-19,0.0
2007-10-20,0.0
2007-10-21,0.0
2007-10-22,2.381480382794637
2007-10-23,0.0
2007-10-24,0.0
2007-10-25,0.0
2007-10-26,0.16957760022075588
2007-10-27,0.16957760022075588
2007-10-28,0.16957760022075588
2007-10-29,0.16957760022075588
2007-10-30,0.16957760022075588
2007-10-31,0.16957760022075588
2007-11-01,0.0
2007-11-02,0.0
2007-11-03,0.0
2007-11-04,0.0
2007-11-05,0.0
2007-11-06,0.0
2007-11-07,0.0
2007-11-08,0.0
2007-11-09,0.0
2007-11-10,0.0
2007-11-11,0.0
2007-11-12,0.0
2007-11-13,0.0
2007-11-14,0.0
2007-11-15,0.0
2007-11-16,0.0
2007-11-17,0.0
2007-11-18,0.0
2007-11-19,0.0
2007-11-20,0.0
2007-11-21,0.0001912718155759856
2007-11-22,0.0
2007-11-23,0.4640343495709131
2007-11-24,0.4463049492068399
2007-11-25,0.0
2007-11-26,0.16348638390751905
2007-11-27,0.16348638390751905
2007-11-28,0.16348638390751905
2007-11-29,0.16348638390751905
2007-11-30,5.0391452419476375
2007-12-01,3.7050187267283476
2007-12-02,0.0
2007-12-03,0.0
2007-12-04,0.0
2007-12-05,0.0
2007-12-06,0.4486045934418881
2007-12-07,0.024471077728062958
2007-12-08,0.5656549700192178
2007-12-09,4.900005208076269
2007-12-10,2.646246473040868
2007-12-11,18.29709310491585
2007-12-12,0.005828364311311075
2007-12-13,0.0
2007-12-14,1.0020524487405649
2007-12-15,2.2590465187442947
2007-12-16,0.0
2007-12-17,0.0
2007-12-18,0.0
2007-12-19,0.0
2007-12-20,0.0
2007-12-21,0.0
2007-12-22,0.0
2007-12-23,0.0
2007-12-24,0.0
2007-12-25,0.0
2007-12-26,0.0
2007-12-27,0.0
2007-12-28,0.0
2007-12-29,0.0
2007-12-30,0.0
2007-12-31,0.0
2008-01-01,0.30676589141776933
2008-01-02,0.30676589141776933
2008-01-03,0.4166746494571718
2008-01-04,0.30676589141776933
2008-01-05,0.30676589141776933
2008-01-06,0.0
2008-01-07,0.0739412193751468
2008-01-08,2.5808810915086786
2008-01-09,0.0
2008-01-10,0.002201062005948409
2008-01-11,0.0
2008-01-12,0.04994937541085169
2008-01-13,0.0
2008-01-14,0.0
2008-01-15,0.0
2008-01-16,0.0
2008-01-17,0.0
2008-01-18,0.0
2008-01-19,0.0
2008-01-20,0.0
2008-01-21,0.00010282388031844001
2008-01-22,0.0005156668873618384
2008-01-23,0.0
2008-01-24,0.0
2008-01-25,0.00025034609628049847
2008-01-26,0.0
2008-01-27,0.0
2008-01-28,0.01941345329763388
2008-01-29,0.30746637531151955
2008-01-30,0.005738980945541857
2008-01-31,4.811860263667645
2008-02-01,0.0
2008-02-02,0.0
2008-02-03,0.0
2008-02-04,0.0
2008-02-05,0.0
2008-02-06,0.0
2008-02-07,0.0
2008-02-08,0.0
2008-02-09,0.0
2008-02-10,0.0
2008-02-11,0.03591124933727877
2008-02-12,0.10624366670785146
2008-02-13,0.0
2008-02-14,0.0
2008-02-15,0.004495339283567648
2008-02-16,10.405764720448865
2008-02-17,3.6062031136159614
2008-02-18,0.0018158454231449012
2008-02-19,0.0
2008-02-20,0.27525552258899033
2008-02-21,0.0
2008-02-22,0.0
2008-02-23,0.0
2008-02-24,0.0
2008-02-25,0.0
2008-02-26,1.4210057672460945
2008-02-27,1.4210057672460945
2008-02-28,1.4210057672460945
2008-02-29,1.4210057672460945
2008-03-01,0.0
2008-03-02,0.0
2008-03-03,0.0
2008-03-04,0.0
2008-03-05,0.0
2008-03-06,0.037273567752369084
2008-03-07,0.003148368663209036
2008-03-08,0.0002310040901033208
2008-03-09,4.34784053741106e-05
2008-03-10,0.00012757727920641895
2008-03-11,0.0
2008-03-12,0.0
2008-03-13,0.0
2008-03-14,0.0
2008-03-15,0.0
2008-03-16,4.823398694752433e-05
2008-03-17,8.639959638849785
2008-03-18,1.3007723375995117
2008-03-19,0.0
2008-03-20,0.0
2008-03-21,0.0
2008-03-22,0.0
2008-03-23,0.0
2008-03-24,0.0
2008-03-25,0.0
2008-03-26,0.0
2008-03-27,0.0
2008-03-28,0.0011869302836567794
2008-03-29,0.0002967198132363957
2008-03-30,0.0011284040615274949
2008-03-31,0.0
2008-04-01,0.0
2008-04-02,0.0
2008-04-03,0.0
2008-04-04,0.0
2008-04-05,0.0
2008-04-06,0.0
2008-04-07,0.021758241760938477
2008-04-08,0.08230166366831679
2008-04-09,21.945125210761876
2008-04-10,1.3584995426586266
2008-04-11,0.0
2008-04-12,0.0
2008-04-13,0.0
2008-04-14,0.0
2008-04-15,0.0
2008-04-16,0.04176790038208207
2008-04-17,0.763951319072556
2008-04-18,0.018468847706961482
2008-04-19,0.0
2008-04-20,0.0
2008-04-21,0.0
2008-04-22,0.0
2008-04-23,5.641116477564014
2008-04-24,15.003817320465757
2008-04-25,0.0
2008-04-26,0.0
2008-04-27,0.0
2008-04-28,0.0
2008-04-29,0.0
2008-04-30,0.0
2008-05-01,0.0
2008-05-02,0.006180375235493043
2008-05-03,0.0
2008-05-04,0.0
2008-05-05,0.3667501771781011
2008-05-06,12.240360213186497
2008-05-07,36.261464986853696
2008-05-08,1.9491614166593645
2008-05-09,0.0
2008-05-10,6.991969805119689e-05
2008-05-11,0.0
2008-05-12,0.0
2008-05-13,0.0
2008-05-14,0.24873221734261727
2008-05-15,0.13687510291023736
2008-05-16,0.0
2008-05-17,0.0
2008-05-18,0.0
2008-05-19,0.0
2008-05-20,0.0
2008-05-21,3.8423651017086864
2008-05-22,2.6213758533396376
2008-05-23,5.112370723632878
2008-05-24,0.23221146333692447
2008-05-25,0.7085752407444188
2008-05-26,11.67242181448924
2008-05-27,1.3370011789750154
2008-05-28,21.647730306104144
2008-05-29,0.08185685174465951
2008-05-30,0.0
2008-05-31,0.0
2008-06-01,0.0
2008-06-02,0.0
2008-06-03,0.0
2008-06-04,0.0
2008-06-05,0.0
2008-06-06,0.0
2008-06-07,0.07078531090100558
2008-06-08,2.017956318658508
2008-06-09,63.74755658890468
2008-06-10,0.12720176549971463
2008-06-11,0.0
2008-06-12,0.0
2008-06-13,0.0
2008-06-14,0.0
2008-06-15,0.0
2008-06-16,4.641774499002546
2008-06-17,3.0706810314355812
2008-06-18,0.42719014717730364
2008-06-19,3.6785522760725016
2008-06-20,42.615570787745185
2008-06-21,0.9966847089622028
2008-06-22,0.023846458414006177
2008-06-23,3.62178779060601
2008-06-24,12.132323919271336
2008-06-25,5.0871807624085745
2008-06-26,3.154684263358435
2008-06-27,6.992341035824069
2008-06-28,12.6170945976982
2008-06-29,2.9249870787023706
2008-06-30,0.0
2008-07-01,0.0
2008-07-02,0.34320891738606624
2008-07-03,2.1145671292958155
2008-07-04,2.5561947289600853
2008-07-05,0.03036654698838682
2008-07-06,0.0016463556146078294
2008-07-07,0.009891334615663409
2008-07-08,0.2995285874759296
2008-07-09,9.962662566278082
2008-07-10,1.7258254558262853
2008-07-11,0.004279827651276678
2008-07-12,0.15155423962152464
2008-07-13,0.42446102392925616
2008-07-14,0.05443145987855879
2008-07-15,0.7005122604211208
2008-07-16,0.0
2008-07-17,0.0
2008-07-18,0.0
2008-07-19,0.0
2008-07-20,0.0
2008-07-21,0.0
2008-07-22,0.0
2008-07-23,0.0
2008-07-24,0.0
2008-07-25,0.0
2008-07-26,3.377515639273927e-05
2008-07-27,0.017110345659360576
2008-07-28,3.025197963511536
2008-07-29,11.43810906939498
2008-07-30,0.14685410996903828
2008-07-31,0.0
2008-08-01,0.0
2008-08-02,0.0
2008-08-03,0.0
2008-08-04,0.0
2008-08-05,0.0
2008-08-06,0.525363413923813
2008-08-07,0.20772904696601496
2008-08-08,14.298056231912533
2008-08-09,0.2658522013762931
2008-08-10,1.879984366049676
2008-08-11,3.313172148836814
2008-08-12,0.05956736046883095
2008-08-13,2.8367238948340594
2008-08-14,2.9646178184601615
2008-08-15,17.418608481376133
2008-08-16,19.26266904303871
2008-08-17,6.444958625242428
2008-08-18,25.003663549947426
2008-08-19,31.68188678028684
2008-08-20,1.5212259363651637
2008-08-21,0.0
2008-08-22,0.0
2008-08-23,0.0
2008-08-24,0.0
2008-08-25,0.0
2008-08-26,1.666796915543419
2008-08-27,0.7947336523404942
2008-08-28,1.6726667546014917
2008-08-29,3.294473783514049
2008-08-30,2.679820676655905
2008-08-31,7.622290367334497
2008-09-01,0.008401388880185188
2008-09-02,0.3078784230761459
2008-09-03,0.02022842130958617
2008-09-04,0.0
2008-09-05,0.006402905969811769
2008-09-06,10.116408374143795
2008-09-07,0.09053656379476736
2008-09-08,1.4973094204617818
2008-09-09,0.5744936899355149
2008-09-10,0.5165799371457779
2008-09-11,6.1291699044656935
2008-09-12,20.932068000484506
2008-09-13,0.6845326236555472
2008-09-14,0.0
2008-09-15,0.0
2008-09-16,0.059950196271388236
2008-09-17,0.059950196271388236
2008-09-18,0.059950196271388236
2008-09-19,0.059950196271388236
2008-09-20,0.2899682928574042
2008-09-21,0.019217159834579247
2008-09-22,0.019217159834579247
2008-09-23,0.019217159834579247
2008-09-24,0.9799322667916658
2008-09-25,0.019217159834579247
2008-09-26,0.0
2008-09-27,0.0
2008-09-28,0.0
2008-09-29,0.0
2008-09-30,0.0
2008-10-01,0.0
2008-10-02,0.0
2008-10-03,0.15495973808488023
2008-10-04,0.008074005213159577
2008-10-05,10.452827096835241
2008-10-06,63.210433233219014
2008-10-07,0.0
2008-10-08,0.0
2008-10-09,0.0
2008-10-10,0.0
2008-10-11,0.2615957385443375
2008-10-12,0.3105328672272686
2008-10-13,2.552866451236787
2008-10-14,4.638730752690261
2008-10-15,3.4274227608354417
2008-10-16,0.0
2008-10-17,0.0
2008-10-18,0.0
2008-10-19,0.0
2008-10-20,0.0
2008-10-21,3.212870307908198
2008-10-22,1.6406064478401
2008-10-23,0.0004822588673556134
2008-10-24,0.001497279896421235
2008-10-25,3.981646649679931e-05
2008-10-26,0.1478462359220269
2008-10-27,0.1478462359220269
2008-10-28,0.1478462359220269
2008-10-29,0.1478462359220269
2008-10-30,0.1478462359220269
2008-10-31,0.1478462359220269
2008-11-01,4.322552079461497e-06
2008-11-02,4.322552079461497e-06
2008-11-03,4.322552079461497e-06
2008-11-04,0.00043657775654327475
2008-11-05,9.077360610560727e-05
2008-11-06,0.19571550772107377
2008-11-07,0.0
2008-11-08,0.0
2008-11-09,0.0
2008-11-10,2.4516388294505074
2008-11-11,0.0
2008-11-12,0.0
2008-11-13,0.0
2008-11-14,0.0
2008-11-15,0.0
2008-11-16,0.0
2008-11-17,0.0
2008-11-18,0.0
2008-11-19,0.0
2008-11-20,0.0
2008-11-21,0.0
2008-11-22,0.0
2008-11-23,0.0
2008-11-24,0.0
2008-11-25,0.0
2008-11-26,0.0
2008-11-27,0.0
2008-11-28,0.0
2008-11-29,0.0
2008-11-30,0.0
2008-12-01,0.4620594365687374
2008-12-02,0.43245481327437946
2008-12-03,0.5357965548269071
2008-12-04,0.43245481327437946
2008-12-05,0.43245481327437946
2008-12-06,0.0
2008-12-07,0.0
2008-12-08,0.012560139667452102
2008-12-09,3.5322615966679
2008-12-10,0.010670751668851437
2008-12-11,0.0
2008-12-12,0.0
2008-12-13,0.04050519696872853
2008-12-14,1.2759486295834679
2008-12-15,2.251995957427484
2008-12-16,0.576952051604697
2008-12-17,1.736941396381501
2008-12-18,1.3508666084745895
2008-12-19,0.037792606873196855
2008-12-20,0.0
2008-12-21,0.0
2008-12-22,0.0
2008-12-23,0.0007020105057819639
2008-12-24,0.6941067079304919
2008-12-25,0.0
2008-12-26,0.0
2008-12-27,0.058644785225879105
2008-12-28,0.0
2008-12-29,0.0
2008-12-30,0.0
2008-12-31,0.0
2009-01-01,0.0
2009-01-02,0.0
2009-01-03,0.0
2009-01-04,0.0
2009-01-05,0.0
2009-01-06,0.0
2009-01-07,0.0
2009-01-08,0.0
2009-01-09,0.0
2009-01-10,0.0
2009-01-11,0.0
2009-01-12,0.01412069202154779
2009-01-13,0.00019073848324021637
2009-01-14,0.0
2009-01-15,0.0
2009-01-16,0.0
2009-01-17,0.0
2009-01-18,0.0
2009-01-19,0.0
2009-01-20,0.0
2009-01-21,0.0
2009-01-22,0.0
2009-01-23,0.0
2009-01-24,0.0
2009-01-25,0.0
2009-01-26,0.21194122098097526
2009-01-27,0.4553590381238141
2009-01-28,2.8631107410039797e-05
2009-01-29,0.0
2009-01-30,0.0
2009-01-31,0.0
2009-02-01,0.0
2009-02-02,0.0
2009-02-03,0.0
2009-02-04,0.0
2009-02-05,0.0
2009-02-06,0.0
2009-02-07,0.0
2009-02-08,0.9263806597033382
2009-02-09,12.727947300629623
2009-02-10,0.02573829487336945
2009-02-11,0.0
2009-02-12,0.0
2009-02-13,0.0
2009-02-14,0.0
2009-02-15,0.0
2009-02-16,0.0
2009-02-17,0.0
2009-02-18,0.0
2009-02-19,0.0
2009-02-20,0.0
2009-02-21,0.390008370383345
2009-02-22,0.390008370383345
2009-02-23,0.390008370383345
2009-02-24,0.390008370383345
2009-02-25,0.390008370383345
2009-02-26,0.0
2009-02-27,0.0
2009-02-28,0.0
2009-03-01,1.3250689188643745
2009-03-02,1.3250689188643745
2009-03-03,1.3250689188643745
2009-03-04,1.3250689188643745
2009-03-05,1.3250689188643745
2009-03-06,1.004983897989005
2009-03-07,5.716170241285038
2009-03-08,1.4124746628272655
2009-03-09,1.8411105859725223
2009-03-10,0.0
2009-03-11,0.0
2009-03-12,0.7413180290447213
2009-03-13,0.24612602383174595
2009-03-14,1.5548190105838218
2009-03-15,0.0
2009-03-16,0.0
2009-03-17,0.0
2009-03-18,0.0
2009-03-19,0.0
2009-03-20,0.0
2009-03-21,3.259773124666674
2009-03-22,0.35273036006295444
2009-03-23,0.0
2009-03-24,0.0
2009-03-25,0.07290391175019537
2009-03-26,0.02647117126189581
2009-03-27,5.694775587183127
2009-03-28,3.545119454403724
2009-03-29,0.0
2009-03-30,0.0
2009-03-31,0.0
2009-04-01,0.00016322449657875704
2009-04-02,2.9933042425825196
2009-04-03,0.0
2009-04-04,0.0
2009-04-05,0.0
2009-04-06,0.0
2009-04-07,0.0
2009-04-08,0.0
2009-04-09,0.3146933664454161
2009-04-10,0.0
2009-04-11,0.6637317567272809
2009-04-12,12.097125176308504
2009-04-13,1.0769994018677018
2009-04-14,0.00015453908155983018
2009-04-15,0.018328541888755743
2009-04-16,4.496362078686823
2009-04-17,13.647563927551834
2009-04-18,1.4481656954737034
2009-04-19,0.15341100374443783
2009-04-20,0.0032951833395060757
2009-04-21,0.0
2009-04-22,0.00016181288516477633
2009-04-23,0.0003693148920945963
2009-04-24,0.0008687568245167755
2009-04-25,0.011028917447473953
2009-04-26,14.047490689315545
2009-04-27,0.0006145230600520577
2009-04-28,0.5095464437518658
2009-04-29,13.204915423576319
2009-04-30,1.6723440366020341
2009-05-01,0.4137192474037169
2009-05-02,7.140541439176129
2009-05-03,0.19596677094930276
2009-05-04,10.368595166390346
2009-05-05,1.9102011331343236
2009-05-06,0.024856819741514366
2009-05-07,0.002093893334570135
2009-05-08,0.0003245916197170558
2009-05-09,2.227728139498311e-06
2009-05-10,0.37293880069330226
2009-05-11,19.47493058863803
2009-05-12,0.7698544467910194
2009-05-13,0.0
2009-05-14,0.04984995737753574
2009-05-15,0.2270224025537239
2009-05-16,21.533853920667838
2009-05-17,0.0
2009-05-18,0.0
2009-05-19,0.0
2009-05-20,0.0
2009-05-21,0.0
2009-05-22,0.0
2009-05-23,0.2481664690925531
2009-05-24,0.8750516688167082
2009-05-25,0.2473776814800752
2009-05-26,8.779670215146703
2009-05-27,0.0
2009-05-28,0.0
2009-05-29,0.0
2009-05-30,0.034422983969716645
2009-05-31,5.684331226853083
2009-06-01,1.8507637353300455
2009-06-02,24.215125239641146
2009-06-03,0.384087673191857
2009-06-04,0.002086728078707465
2009-06-05,0.005394608384744704
2009-06-06,0.26752020460637704
2009-06-07,1.7697698740296546
2009-06-08,0.42165707100548516
2009-06-09,4.638710757060259
2009-06-10,9.825005297387127
2009-06-11,0.07536648653392161
2009-06-12,0.22547078478151364
2009-06-13,1.5380709757383293
2009-06-14,2.06769789624303
2009-06-15,8.930432981715049
2009-06-16,0.04605625757254031
2009-06-17,0.693196719837157
2009-06-18,0.17195314664288822
2009-06-19,0.1459048810558066
2009-06-20,10.060783699068292
2009-06-21,0.5231447801256615
2009-06-22,0.0295385867861473
2009-06-23,0.16465111973768123
2009-06-24,0.0
2009-06-25,0.0
2009-06-26,0.0
2009-06-27,0.4368074144417151
2009-06-28,3.7441601436605803
2009-06-29,0.3379896646200063
2009-06-30,0.00945292618663501
2009-07-01,0.8092290113864945
2009-07-02,0.08777120788074809
2009-07-03,0.13903122731956186
2009-07-04,6.66083277236635
2009-07-05,1.7474229790103986
2009-07-06,0.0
2009-07-07,0.0
2009-07-08,0.0
2009-07-09,0.0
2009-07-10,0.0
2009-07-11,0.0
2009-07-12,0.0
2009-07-13,0.0
2009-07-14,0.0
2009-07-15,0.0
2009-07-16,3.602739773667066
2009-07-17,2.2832392829317034
2009-07-18,7.204079334599151
2009-07-19,3.8064144435223657
2009-07-20,1.0297192601848375
2009-07-21,0.9791149037535497
2009-07-22,2.831211495026757
2009-07-23,0.0
2009-07-24,0.0
2009-07-25,0.0
2009-07-26,1.2036455370042365
2009-07-27,12.31588667061311
2009-07-28,0.12355527972298327
2009-07-29,22.63676766122523
2009-07-30,22.28473908793813
2009-07-31,1.972372626284474
2009-08-01,12.360836648134553
2009-08-02,0.36674191567148945
2009-08-03,0.001321080436128469
2009-08-04,0.0
2009-08-05,1.032045784821678
2009-08-06,6.2605791995316595
2009-08-07,0.004117279849084935
2009-08-08,0.07133026452040514
2009-08-09,2.4078054700401954
2009-08-10,0.1635073148123508
2009-08-11,0.934137737846355
2009-08-12,3.9882813731704814
2009-08-13,3.219710076204346
2009-08-14,0.2571736899506043
2009-08-15,14.61323413018441
2009-08-16,0.0
2009-08-17,29.38847816589291
2009-08-18,28.295607833680787
2009-08-19,3.4974757319559817
2009-08-20,19.521998399530812
2009-08-21,0.0
2009-08-22,0.0
2009-08-23,0.0
2009-08-24,0.0
2009-08-25,0.0
2009-08-26,1.2426911940123588
2009-08-27,4.7781489617399115
2009-08-28,0.0008802221112090019
2009-08-29,0.0
2009-08-30,4.075456125051407
2009-08-31,4.193982481581244
2009-09-01,0.0022145579423752137
2009-09-02,1.5881877198467715
2009-09-03,0.15853113593266013
2009-09-04,2.9067692070236406
2009-09-05,2.525348769818106
2009-09-06,0.09606885823986061
2009-09-07,1.2818608637657731
2009-09-08,0.17000956601074838
2009-09-09,4.517450655081441
2009-09-10,1.469963420582022
2009-09-11,1.8436241446134303
2009-09-12,12.761372785379907
2009-09-13,12.091394256752238
2009-09-14,0.19489098651777595
2009-09-15,0.718047704308461
2009-09-16,0.26665266008559657
2009-09-17,0.05467578477770536
2009-09-18,0.020902062728189404
2009-09-19,0.06711220655532321
2009-09-20,0.20265811192040115
2009-09-21,0.01163030054498869
2009-09-22,1.3110637991757033
2009-09-23,5.1815244944272186e-05
2009-09-24,0.44319970572432127
2009-09-25,2.4630237189588375
2009-09-26,0.0
2009-09-27,0.0
2009-09-28,0.0
2009-09-29,0.0
2009-09-30,0.0
2009-10-01,0.0786240773099711
2009-10-02,0.0
2009-10-03,0.03357152403887952
2009-10-04,0.3173059931647033
2009-10-05,0.5307925421969805
2009-10-06,0.0038344803105049025
2009-10-07,4.1829019897498725
2009-10-08,19.00931176232242
2009-10-09,1.3335375565049556
2009-10-10,0.14563566502153263
2009-10-11,0.509665848255881
2009-10-12,0.11289761333384062
2009-10-13,3.0348129258520484
2009-10-14,0.9209072611755481
2009-10-15,0.07641481611473763
2009-10-16,0.1351430779753662
2009-10-17,0.007957992770458068
2009-10-18,0.005404831301128563
2009-10-19,0.005404831301128563
2009-10-20,0.2151857715794189
2009-10-21,17.746801697622107
2009-10-22,3.4150940610794995
2009-10-23,0.0
2009-10-24,0.0
2009-10-25,0.08410347618654995
2009-10-26,0.01475887908745038
2009-10-27,0.0
2009-10-28,0.004992683794443414
2009-10-29,33.14070699548236
2009-10-30,0.00016314347190935196
2009-10-31,0.0
2009-11-01,0.0
2009-11-02,0.0
2009-11-03,0.0
2009-11-04,0.0
2009-11-05,0.0
2009-11-06,0.0
2009-11-07,0.0
2009-11-08,0.0
2009-11-09,0.0
2009-11-10,0.0
2009-11-11,0.6109519047333444
2009-11-12,0.0
2009-11-13,0.0
2009-11-14,0.013200317236528097
2009-11-15,9.469857296401683
2009-11-16,0.0
2009-11-17,0.0
2009-11-18,0.0
2009-11-19,0.0
2009-11-20,0.0
2009-11-21,0.0
2009-11-22,0.0
2009-11-23,0.0
2009-11-24,0.0
2009-11-25,0.0
2009-11-26,0.0
2009-11-27,0.0
2009-11-28,0.0
2009-11-29,1.324169975950562
2009-11-30,0.0034462536882896274
2009-12-01,1.6790257292571298
2009-12-02,3.1224009978639353
2009-12-03,0.06484479160230487
2009-12-04,0.002905809003039388
2009-12-05,0.0
2009-12-06,0.0010887930385274395
2009-12-07,0.0
2009-12-08,6.0731573381221855
2009-12-09,0.007226794149929852
2009-12-10,0.0
2009-12-11,0.0
2009-12-12,0.0
2009-12-13,0.0
2009-12-14,0.0
2009-12-15,0.0
2009-12-16,0.0
2009-12-17,0.0
2009-12-18,0.0
2009-12-19,0.0
2009-12-20,0.0
2009-12-21,0.0
2009-12-22,0.0
2009-12-23,0.01670951597386986
2009-12-24,10.19858612274841
2009-12-25,0.0
2009-12-26,0.005405679608058346
2009-12-27,0.0
2009-12-28,0.0
2009-12-29,1.4527898866468831
2009-12-30,0.6431231363134352
2009-12-31,4.9809316838457
2010-01-01,0.0
2010-01-02,0.0
2010-01-03,0.0
2010-01-04,0.0
2010-01-05,0.0
2010-01-06,0.0
2010-01-07,0.0
2010-01-08,0.0
2010-01-09,0.0
2010-01-10,0.0
2010-01-11,0.0
2010-01-12,0.0
2010-01-13,0.0
2010-01-14,0.0
2010-01-15,0.0
2010-01-16,0.0854609753266617
2010-01-17,0.0
2010-01-18,0.0
2010-01-19,0.2684644629635618
2010-01-20,0.7094670747191708
2010-01-21,0.49817036597512543
2010-01-22,0.017091794518404257
2010-01-23,3.70801460474402
2010-01-24,1.443013855745063
2010-01-25,0.008625601612897339
2010-01-26,0.0
2010-01-27,0.0
2010-01-28,19.807037038945698
2010-01-29,5.519422476548662
2010-01-30,0.011468291827721114
2010-01-31,0.0
2010-02-01,0.02618733446147538
2010-02-02,0.016294883570614597
2010-02-03,4.11783347988996
2010-02-04,14.30612865504469
2010-02-05,0.046233961374756306
2010-02-06,2.8516433629276044e-05
2010-02-07,0.16586989644705766
2010-02-08,1.2186833529903645
2010-02-09,0.00683321940370869
2010-02-10,5.063939552758837e-06
2010-02-11,0.001594679199100645
2010-02-12,0.0
2010-02-13,0.0012727614226594548
2010-02-14,0.0267050559282699
2010-02-15,0.0
2010-02-16,0.0
2010-02-17,0.0
2010-02-18,0.0
2010-02-19,0.0
2010-02-20,0.0
2010-02-21,6.438752092710971
2010-02-22,0.6437891458729296
2010-02-23,2.8845739184530843
2010-02-24,0.0
2010-02-25,0.20673327383997345
2010-02-26,2.397506794221774
2010-02-27,0.0
2010-02-28,0.13040359304857707
2010-03-01,4.573829799838011
2010-03-02,0.08815866853597039
2010-03-03,0.0
2010-03-04,0.0
2010-03-05,0.002605291529181136
2010-03-06,0.012087143844469567
2010-03-07,0.17693631977534238
2010-03-08,2.52050935481934
2010-03-09,0.047388440986638476
2010-03-10,0.41213837908013445
2010-03-11,2.336468786638113
2010-03-12,0.00018449856869344288
2010-03-13,0.0
2010-03-14,0.0
2010-03-15,10.336826479924571
2010-03-16,0.0
2010-03-17,0.0
2010-03-18,0.0
2010-03-19,0.0
2010-03-20,0.0
2010-03-21,0.0
2010-03-22,0.0
2010-03-23,0.0
2010-03-24,0.001039185017318666
2010-03-25,0.20477368879945293
2010-03-26,3.791380914698058e-05
2010-03-27,2.8149225593563885
2010-03-28,0.19377220243062993
2010-03-29,0.0
2010-03-30,0.0
2010-03-31,0.0
2010-04-01,0.0
2010-04-02,13.329212227069231
2010-04-03,0.0
2010-04-04,0.0
2010-04-05,0.0
2010-04-06,0.0
2010-04-07,0.0
2010-04-08,0.0
2010-04-09,0.0
2010-04-10,0.0
2010-04-11,2.2092980615652937
2010-04-12,0.5947486144693673
2010-04-13,0.031926662666454365
2010-04-14,0.7883717993630556
2010-04-15,4.3650304201330705
2010-04-16,41.56745408541503
2010-04-17,16.51972157878644
2010-04-18,2.531626365440055
2010-04-19,0.024326935008347622
2010-04-20,0.11644773523777255
2010-04-21,0.5179652271537963
2010-04-22,8.140853938932214
2010-04-23,22.294280956290905
2010-04-24,0.05965715539914621
2010-04-25,9.866712823321349e-06
2010-04-26,0.09053064513214792
2010-04-27,0.023936375071598005
2010-04-28,0.023936375071598005
2010-04-29,0.023936375071598005
2010-04-30,0.9207063286938957
2010-05-01,0.21543113537943792
2010-05-02,0.05031231639793122
2010-05-03,0.5174226327806281
2010-05-04,0.0
2010-05-05,0.0
2010-05-06,0.0
2010-05-07,8.824377806087159e-05
2010-05-08,0.0
2010-05-09,0.0968671033661713
2010-05-10,0.1353783629077817
2010-05-11,0.0
2010-05-12,0.14547472767647743
2010-05-13,3.420124747167449
2010-05-14,37.73011321818366
2010-05-15,6.403790345600491
2010-05-16,1.1754662753781884
2010-05-17,0.17302821714657798
2010-05-18,0.08810243939127496
2010-05-19,6.952682869139653
2010-05-20,0.009491885845574888
2010-05-21,0.026543138049623008
2010-05-22,0.20207203098056814
2010-05-23,0.6964366287760907
2010-05-24,21.658000525539748
2010-05-25,9.305595534812095
2010-05-26,1.2460121060425509
2010-05-27,0.00014352481850866153
2010-05-28,0.0
2010-05-29,0.0
2010-05-30,0.013655757483223034
2010-05-31,0.026900108909449286
2010-06-01,2.0504259894002685
2010-06-02,0.04127582235861641
2010-06-03,1.4656848564044485
2010-06-04,0.0
2010-06-05,0.0
2010-06-06,2.1444611968029292
2010-06-07,0.04563940327034728
2010-06-08,0.707100623625049
2010-06-09,0.13640882852086406
2010-06-10,0.002206821628030803
2010-06-11,1.0249426979960852
2010-06-12,0.21554526530676626
2010-06-13,0.6766238475237127
2010-06-14,3.2894161011412044
2010-06-15,11.916237388462186
2010-06-16,0.6442775059829796
2010-06-17,0.0023835149506311547
2010-06-18,0.5488423543744548
2010-06-19,0.5909221065965425
2010-06-20,1.0500646965111065
2010-06-21,0.0001314516725262613
2010-06-22,0.0
2010-06-23,0.3751974489558898
2010-06-24,1.9689593289623766
2010-06-25,0.05798824245781127
2010-06-26,0.07272113445698926
2010-06-27,1.5279427875835756
2010-06-28,2.8696225858238167
2010-06-29,0.00033704986377916177
2010-06-30,0.004442369692995547
2010-07-01,0.6621798992885521
2010-07-02,7.819759155838424
2010-07-03,13.03694958307762
2010-07-04,21.3031951318745
2010-07-05,1.2796826111938173
2010-07-06,1.210856823679826
2010-07-07,0.36765013640425415
2010-07-08,5.569082986957866
2010-07-09,1.0354858586669013
2010-07-10,0.21340298955165807
2010-07-11,0.7283053580594425
2010-07-12,19.906032588499524
2010-07-13,0.183630058903481
2010-07-14,1.4761164688906998
2010-07-15,2.3780055603230768
2010-07-16,3.221288265212533
2010-07-17,0.1113242131592391
2010-07-18,0.0
2010-07-19,0.0
2010-07-20,0.0
2010-07-21,0.03046139022863835
2010-07-22,0.00045447278108323074
2010-07-23,0.708225480869019
2010-07-24,4.115757862050347
2010-07-25,3.791326003846914
2010-07-26,0.008466104908418691
2010-07-27,0.014794382186882263
2010-07-28,0.059561512504730234
2010-07-29,0.07465753955683103
2010-07-30,0.017807770382138398
2010-07-31,0.008561522418063962
2010-08-01,1.658189453134215
2010-08-02,0.0
2010-08-03,0.0
2010-08-04,4.537578231495563
2010-08-05,9.45239064625421
2010-08-06,3.5957448172882502
2010-08-07,0.07385724034842403
2010-08-08,0.018310995636959374
2010-08-09,0.08462151678577023
2010-08-10,0.2495879915345348
2010-08-11,0.0061156750951159335
2010-08-12,0.011805112846588667
2010-08-13,0.042103618270496856
2010-08-14,0.007444570529663534
2010-08-15,0.049962518443408405
2010-08-16,0.3473164064207182
2010-08-17,5.627101015274044
2010-08-18,5.0870255119167815
2010-08-19,0.0
2010-08-20,0.051281914343821226
2010-08-21,0.0
2010-08-22,0.0
2010-08-23,0.0
2010-08-24,0.0
2010-08-25,0.0
2010-08-26,0.0
2010-08-27,0.0
2010-08-28,0.0
2010-08-29,0.0
2010-08-30,0.0
2010-08-31,0.0
2010-09-01,0.6069222532024405
2010-09-02,2.225231820333558
2010-09-03,0.028370990264404296
2010-09-04,0.024630138852739826
2010-09-05,0.024630138852739826
2010-09-06,0.0
2010-09-07,0.0
2010-09-08,0.0
2010-09-09,0.0
2010-09-10,0.0
2010-09-11,0.0
2010-09-12,1.6730244443985636
2010-09-13,5.418576163139072
2010-09-14,6.144011482541902
2010-09-15,1.2548080247135047
2010-09-16,14.689924675953646
2010-09-17,0.04025146403635153
2010-09-18,0.10737270655337439
2010-09-19,0.0
2010-09-20,0.0
2010-09-21,0.04320796975222585
2010-09-22,0.3816695981093518
2010-09-23,4.90704602227456
2010-09-24,0.5418527138362423
2010-09-25,0.5596738470343243
2010-09-26,16.933562999155487
2010-09-27,0.0
2010-09-28,0.0
2010-09-29,0.0
2010-09-30,0.0
2010-10-01,0.0
2010-10-02,0.0
2010-10-03,3.6847478331618824
2010-10-04,0.0
2010-10-05,0.0
2010-10-06,0.0
2010-10-07,0.0
2010-10-08,0.0
2010-10-09,0.0
2010-10-10,0.8743199394131138
2010-10-11,6.432699114917568e-05
2010-10-12,6.432699114917568e-05
2010-10-13,6.432699114917568e-05
2010-10-14,6.432699114917568e-05
2010-10-15,6.432699114917568e-05
2010-10-16,0.0
2010-10-17,0.0
2010-10-18,0.0
2010-10-19,0.0
2010-10-20,0.0
2010-10-21,10.325471714533291
2010-10-22,52.52849939914472
2010-10-23,0.0025046062778547435
2010-10-24,0.0
2010-10-25,0.0
2010-10-26,0.5818254270237081
2010-10-27,0.0
2010-10-28,0.0
2010-10-29,0.0
2010-10-30,0.0
2010-10-31,0.0
2010-11-01,0.0
2010-11-02,0.0
2010-11-03,0.0
2010-11-04,0.0
2010-11-05,0.0
2010-11-06,0.0
2010-11-07,0.0
2010-11-08,0.0
2010-11-09,0.0
2010-11-10,0.0
2010-11-11,0.2596246530748031
2010-11-12,17.386361988041287
2010-11-13,0.0
2010-11-14,0.0
2010-11-15,0.8413548529732408
2010-11-16,0.0
2010-11-17,0.0
2010-11-18,0.0
2010-11-19,0.0
2010-11-20,0.0
2010-11-21,0.09050106071610241
2010-11-22,0.09050106071610241
2010-11-23,0.09050106071610241
2010-11-24,0.15706451434642232
2010-11-25,6.169302446202786
2010-11-26,0.0
2010-11-27,0.0
2010-11-28,0.0
2010-11-29,0.0
2010-11-30,0.0
2010-12-01,0.09743432728648024
2010-12-02,0.09743432728648024
2010-12-03,0.09743432728648024
2010-12-04,0.09743432728648024
2010-12-05,0.09743432728648024
2010-12-06,0.0
2010-12-07,0.04815123028482379
2010-12-08,0.731897577347826
2010-12-09,0.0
2010-12-10,0.14711228576085164
2010-12-11,0.6215703029365639
2010-12-12,0.6215703029365639
2010-12-13,0.6215703029365639
2010-12-14,0.6215703029365639
2010-12-15,0.6215703029365639
2010-12-16,0.0
2010-12-17,6.280841574408831
2010-12-18,0.000677810773271084
2010-12-19,0.0
2010-12-20,0.0
2010-12-21,0.0
2010-12-22,0.2309843971329683
2010-12-23,0.826055923802075
2010-12-24,2.416238342510617
2010-12-25,0.0
2010-12-26,0.0
2010-12-27,0.0
2010-12-28,0.0
2010-12-29,0.0316809510142003
2010-12-30,0.0
2010-12-31,2.1662235715961202
2011-01-01,0.0
2011-01-02,0.0
2011-01-03,0.0
2011-01-04,0.0
2011-01-05,0.0
2011-01-06,0.0
2011-01-07,0.0
2011-01-08,0.0
2011-01-09,0.0
2011-01-10,0.0
2011-01-11,0.0
2011-01-12,0.0
2011-01-13,0.0
2011-01-14,0.0
2011-01-15,0.0
2011-01-16,0.0021212197699002613
2011-01-17,0.003964076452888585
2011-01-18,3.1455813342157386
2011-01-19,0.6869017878782664
2011-01-20,4.871112191422138
2011-01-21,0.0
2011-01-22,0.0
2011-01-23,0.0
2011-01-24,0.0
2011-01-25,0.0
2011-01-26,3.160722209665847e-07
2011-01-27,3.160722209665847e-07
2011-01-28,3.160722209665847e-07
2011-01-29,3.160722209665847e-07
2011-01-30,1.2958963239259582e-05
2011-01-31,1.5803612024282791e-06
2011-02-01,2.6965312760183258
2011-02-02,0.055898426690153324
2011-02-03,0.08565390647258334
2011-02-04,0.017705696262354378
2011-02-05,0.0
2011-02-06,0.5930797358821994
2011-02-07,0.0002053298207509265
2011-02-08,0.2568055747768642
2011-02-09,5.376649467273394
2011-02-10,0.0
2011-02-11,0.0
2011-02-12,0.0
2011-02-13,0.0
2011-02-14,0.0
2011-02-15,0.0
2011-02-16,0.011814102138657799
2011-02-17,0.011814102138657799
2011-02-18,0.011814102138657799
2011-02-19,0.011814102138657799
2011-02-20,0.011814102138657799
2011-02-21,0.0
2011-02-22,0.0
2011-02-23,0.0008296555125034598
2011-02-24,0.37189926543243557
2011-02-25,1.3517007770043058e-05
2011-02-26,0.0
2011-02-27,0.0
2011-02-28,0.0
2011-03-01,0.0
2011-03-02,0.0
2011-03-03,0.0
2011-03-04,0.0
2011-03-05,0.0
2011-03-06,0.0
2011-03-07,0.0
2011-03-08,7.210524344075955
2011-03-09,0.020371234824494017
2011-03-10,0.0
2011-03-11,0.0
2011-03-12,0.0
2011-03-13,0.0
2011-03-14,0.0
2011-03-15,0.0
2011-03-16,0.0
2011-03-17,0.0
2011-03-18,0.0
2011-03-19,0.0
2011-03-20,0.0
2011-03-21,0.0
2011-03-22,0.0
2011-03-23,0.0
2011-03-24,0.0
2011-03-25,0.0
2011-03-26,0.0
2011-03-27,0.0
2011-03-28,0.0
2011-03-29,0.0
2011-03-30,0.0
2011-03-31,0.0
2011-04-01,0.0
2011-04-02,0.0
2011-04-03,0.0
2011-04-04,0.10131686293284442
2011-04-05,0.0
2011-04-06,0.0
2011-04-07,0.0
2011-04-08,0.0
2011-04-09,0.0
2011-04-10,0.0
2011-04-11,0.0
2011-04-12,0.0
2011-04-13,0.0
2011-04-14,0.0
2011-04-15,0.0
2011-04-16,0.08245554077703611
2011-04-17,0.08245554077703611
2011-04-18,0.08245554077703611
2011-04-19,0.1190085896531141
2011-04-20,0.26667736784994106
2011-04-21,0.02091816518757499
2011-04-22,0.00039669718374742906
2011-04-23,0.0
2011-04-24,0.0557037521525323
2011-04-25,0.07568593310490489
2011-04-26,0.0
2011-04-27,0.0
2011-04-28,0.0
2011-04-29,0.0
2011-04-30,0.0
2011-05-01,0.17876784992127814
2011-05-02,0.057236969567111974
2011-05-03,0.04658816240978282
2011-05-04,0.0
2011-05-05,0.0
2011-05-06,0.008287656276042296
2011-05-07,0.008287656276042296
2011-05-08,0.008287656276042296
2011-05-09,0.008287656276042296
2011-05-10,0.36402506364160175
2011-05-11,6.847270291484257
2011-05-12,0.0
2011-05-13,3.4972709399449e-05
2011-05-14,0.0
2011-05-15,0.0
2011-05-16,0.0
2011-05-17,0.00014959495800673895
2011-05-18,0.003046156695884037
2011-05-19,0.003763354845076085
2011-05-20,6.363991500074406
2011-05-21,0.0
2011-05-22,0.0
2011-05-23,0.0
2011-05-24,0.0
2011-05-25,0.0
2011-05-26,2.63729365391485e-07
2011-05-27,0.0
2011-05-28,2.9555118916144804e-06
2011-05-29,0.00032601068784869836
2011-05-30,7.285842829379772e-05
2011-05-31,1.1278779851733716e-05
2011-06-01,10.608977711607686
2011-06-02,0.0
2011-06-03,0.02098738436916695
2011-06-04,0.0
2011-06-05,0.0
2011-06-06,0.0
2011-06-07,0.0
2011-06-08,0.0
2011-06-09,0.0
2011-06-10,0.0
2011-06-11,0.0
2011-06-12,0.0
2011-06-13,0.0
2011-06-14,0.0
2011-06-15,0.0
2011-06-16,0.3169567994485539
2011-06-17,0.07723616690944961
2011-06-18,7.061651397209847e-05
2011-06-19,0.0030916828188600506
2011-06-20,0.0029930755657605725
2011-06-21,0.0860848024175269
2011-06-22,0.07271639047079241
2011-06-23,0.12347012269634115
2011-06-24,0.07298620141210359
2011-06-25,0.07271639047079241
2011-06-26,0.011537814677739863
2011-06-27,0.007004533728220343
2011-06-28,2.234338085717696
2011-06-29,3.1254766018984705
2011-06-30,0.8519929060442368
2011-07-01,0.0006660246252860836
2011-07-02,0.0
2011-07-03,0.6358592920269309
2011-07-04,0.490712999197569
2011-07-05,0.24394679859363183
2011-07-06,0.0
2011-07-07,0.0
2011-07-08,0.0
2011-07-09,0.0
2011-07-10,0.0
2011-07-11,3.9981702623985536
2011-07-12,7.33133231965452
2011-07-13,5.759051081365873
2011-07-14,0.14724331661903295
2011-07-15,0.002985136892323335
2011-07-16,0.0
2011-07-17,0.0
2011-07-18,0.0
2011-07-19,0.0
2011-07-20,0.0
2011-07-21,0.0019989514435971713
2011-07-22,0.9999075111030719
2011-07-23,0.040122720242890174
2011-07-24,0.06943623190087289
2011-07-25,4.2964028835327035
2011-07-26,0.0018700428241159178
2011-07-27,0.0
2011-07-28,0.0001784498282602367
2011-07-29,0.053573423598147554
2011-07-30,0.06579133807408663
2011-07-31,0.40680581884449035
2011-08-01,0.23413663093650286
2011-08-02,0.0
2011-08-03,1.5932137288763466
2011-08-04,0.32756726524033797
2011-08-05,0.041787806769241695
2011-08-06,11.982537935238934
2011-08-07,6.112130226018506
2011-08-08,0.5027413526932814
2011-08-09,0.773987093833917
2011-08-10,2.995106038793508
2011-08-11,0.7651427825965005
2011-08-12,0.5338226561763851
2011-08-13,13.6394118581376
2011-08-14,0.020513024169829447
2011-08-15,0.10949240721949847
2011-08-16,0.0
2011-08-17,0.0
2011-08-18,0.0
2011-08-19,0.0
2011-08-20,0.0
2011-08-21,0.8283908868384888
2011-08-22,0.0
2011-08-23,1.0174729496876043
2011-08-24,0.497435444372069
2011-08-25,0.5968049679444934
2011-08-26,0.0016595966307372267
2011-08-27,0.0008276609305908409
2011-08-28,1.2074755082635877
2011-08-29,7.483535569292659
2011-08-30,0.41325640212197184
2011-08-31,1.0336159067225723
2011-09-01,0.001111521905246669
2011-09-02,0.0
2011-09-03,0.011000299176411802
2011-09-04,0.12790682710872525
2011-09-05,0.0
2011-09-06,0.0
2011-09-07,0.0
2011-09-08,0.0
2011-09-09,0.0
2011-09-10,0.0
2011-09-11,0.0
2011-09-12,0.0
2011-09-13,0.20249702338281242
2011-09-14,0.03760193988193518
2011-09-15,7.329494393125657
2011-09-16,1.269879872131258
2011-09-17,0.21522899426471162
2011-09-18,0.0002305393326807456
2011-09-19,0.0
2011-09-20,0.0
2011-09-21,0.014741109600953439
2011-09-22,10.839908929121009
2011-09-23,0.0
2011-09-24,0.0
2011-09-25,0.0
2011-09-26,0.0
2011-09-27,0.0
2011-09-28,0.0
2011-09-29,0.0
2011-09-30,0.0
2011-10-01,0.0
2011-10-02,0.0
2011-10-03,0.00016173168240211843
2011-10-04,0.0
2011-10-05,1.5333749202268006
2011-10-06,0.6319401618207167
2011-10-07,0.5157314340864361
2011-10-08,27.74435523486239
2011-10-09,26.40070513566319
2011-10-10,0.01735219737857273
2011-10-11,0.021523333486514064
2011-10-12,0.386360268190759
2011-10-13,0.0
2011-10-14,0.0
2011-10-15,0.0
2011-10-16,0.0
2011-10-17,0.0
2011-10-18,0.0
2011-10-19,0.0
2011-10-20,0.0
2011-10-21,0.1246352323970299
2011-10-22,0.1246352323970299
2011-10-23,0.29162981085948064
2011-10-24,0.1246352323970299
2011-10-25,0.1246352323970299
2011-10-26,0.0
2011-10-27,27.513790029183355
2011-10-28,0.040200825937743795
2011-10-29,0.0
2011-10-30,0.0
2011-10-31,0.0
2011-11-01,0.0
2011-11-02,0.0
2011-11-03,0.0
2011-11-04,0.0
2011-11-05,0.0
2011-11-06,0.0
2011-11-07,0.6563198824363451
2011-11-08,0.5812167595904153
2011-11-09,0.0002469113968917701
2011-11-10,0.0
2011-11-11,1.4731699267982763
2011-11-12,1.4731699267982763
2011-11-13,1.4731699267982763
2011-11-14,1.5615144134288166
2011-11-15,1.4731699267982763
2011-11-16,0.36055940805296666
2011-11-17,0.36055940805296666
2011-11-18,0.36055940805296666
2011-11-19,0.36055940805296666
2011-11-20,0.36055940805296666
2011-11-21,13.950195131976855
2011-11-22,5.483625964777197
2011-11-23,0.0
2011-11-24,0.0
2011-11-25,1.2183853834230538
2011-11-26,0.0
2011-11-27,0.0
2011-11-28,0.0
2011-11-29,0.0
2011-11-30,0.0
2011-12-01,0.0
2011-12-02,0.23954169734422925
2011-12-03,27.001351288822317
2011-12-04,0.0
2011-12-05,2.760867216020281
2011-12-06,0.0
2011-12-07,0.0
2011-12-08,0.0
2011-12-09,0.0
2011-12-10,0.0
2011-12-11,1.0896747768089088
2011-12-12,0.6553777578496286
2011-12-13,6.91129254535017
2011-12-14,12.764731780580954
2011-12-15,0.0
2011-12-16,7.414325103786061e-05
2011-12-17,0.0
2011-12-18,0.00040120250418972407
2011-12-19,4.249620711531844
2011-12-20,3.315619243593753
2011-12-21,0.0
2011-12-22,0.0
2011-12-23,0.0
2011-12-24,0.0
2011-12-25,0.0
2011-12-26,0.0
2011-12-27,0.0
2011-12-28,0.0
2011-12-29,0.0
2011-12-30,0.0
2011-12-31,0.0
2012-01-01,0.0
2012-01-02,0.0
2012-01-03,0.0
2012-01-04,0.0
2012-01-05,0.0
2012-01-06,0.0
2012-01-07,0.0
2012-01-08,0.0
2012-01-09,0.0
2012-01-10,0.0
2012-01-11,0.0
2012-01-12,0.0
2012-01-13,0.0
2012-01-14,0.0
2012-01-15,0.0
2012-01-16,0.0
2012-01-17,0.0
2012-01-18,0.0
2012-01-19,0.0
2012-01-20,0.0
2012-01-21,0.0
2012-01-22,0.11571547331668151
2012-01-23,0.0
2012-01-24,0.00011006852221401039
2012-01-25,2.9196915351335537
2012-01-26,0.0
2012-01-27,0.0
2012-01-28,0.0
2012-01-29,0.0
2012-01-30,0.0
2012-01-31,0.0
2012-02-01,0.0
2012-02-02,0.1843279311712323
2012-02-03,10.317305462912906
2012-02-04,3.4132776452927123e-06
2012-02-05,0.0
2012-02-06,0.0
2012-02-07,0.0
2012-02-08,0.0
2012-02-09,0.0
2012-02-10,0.0
2012-02-11,0.0
2012-02-12,0.015254813791973777
2012-02-13,0.022974775316644963
2012-02-14,1.4860236353196326e-05
2012-02-15,0.005451168785175373
2012-02-16,0.0
2012-02-17,0.0
2012-02-18,0.0
2012-02-19,0.0
2012-02-20,0.0
2012-02-21,0.0
2012-02-22,0.0
2012-02-23,0.0
2012-02-24,0.04967956905075193
2012-02-25,0.0
2012-02-26,0.0
2012-02-27,0.0
2012-02-28,0.0
2012-02-29,0.0
2012-03-01,0.0
2012-03-02,0.0
2012-03-03,0.0
2012-03-04,0.0
2012-03-05,0.0
2012-03-06,0.0
2012-03-07,0.0
2012-03-08,0.1532965572079052
2012-03-09,0.00018546776214961038
2012-03-10,0.062242266216928424
2012-03-11,0.0
2012-03-12,0.0
2012-03-13,0.0
2012-03-14,0.0
2012-03-15,0.0
2012-03-16,1.3118721278123215
2012-03-17,0.02184630921135617
2012-03-18,2.0938253302999152
2012-03-19,28.052930171161595
2012-03-20,2.7511634747820937
2012-03-21,0.0
2012-03-22,0.0
2012-03-23,0.0
2012-03-24,0.0
2012-03-25,0.0
2012-03-26,0.0
2012-03-27,0.0
2012-03-28,0.018976703991068086
2012-03-29,0.007165812745091158
2012-03-30,0.019467325414964164
2012-03-31,0.0
2012-04-01,0.0
2012-04-02,0.05677550676946003
2012-04-03,10.948193474041185
2012-04-04,1.917359788617235
2012-04-05,0.0
2012-04-06,0.055456346031012
2012-04-07,1.43648407198542
2012-04-08,0.01814633146297982
2012-04-09,1.999347274958986
2012-04-10,3.279564736746723
2012-04-11,1.8229331701036304
2012-04-12,3.1524411598055555
2012-04-13,0.010329434796176422
2012-04-14,8.602500760711088
2012-04-15,6.338323701232787
2012-04-16,0.03664842842489763
2012-04-17,0.03292806730244424
2012-04-18,0.0
2012-04-19,0.020658665061002994
2012-04-20,0.15781850695157718
2012-04-21,0.0
2012-04-22,0.0
2012-04-23,0.0
2012-04-24,0.0
2012-04-25,0.0
2012-04-26,0.0
2012-04-27,0.3582928777342979
2012-04-28,0.0
2012-04-29,29.69308802545879
2012-04-30,1.0663635098081339
2012-05-01,2.754706584447304
2012-05-02,0.0
2012-05-03,0.04182981436417208
2012-05-04,0.0
2012-05-05,0.0
2012-05-06,0.017904513178105368
2012-05-07,0.7756075329872008
2012-05-08,0.01859130846956762
2012-05-09,0.0
2012-05-10,8.776857164613454e-05
2012-05-11,14.084746234742513
2012-05-12,0.6264081232705102
2012-05-13,2.542870743797968
2012-05-14,0.3047042128585957
2012-05-15,0.05227818041624679
2012-05-16,0.0
2012-05-17,0.0
2012-05-18,0.0
2012-05-19,9.107503681228658e-05
2012-05-20,0.0013099183226436234
2012-05-21,4.0240172709240465
2012-05-22,0.25545171684292634
2012-05-23,0.0
2012-05-24,0.0
2012-05-25,0.12323785671888209
2012-05-26,2.4723173017382254
2012-05-27,0.0257051878633887
2012-05-28,0.01221195058631888
2012-05-29,0.0
2012-05-30,1.8527206047201485
2012-05-31,1.9253235337792753
2012-06-01,1.0156340300676598
2012-06-02,6.997945918198596
2012-06-03,1.0697268423662865
2012-06-04,11.119948268189004
2012-06-05,22.49758680937031
2012-06-06,5.2573884732146725
2012-06-07,0.4413015267354867
2012-06-08,0.005984826726354295
2012-06-09,0.0
2012-06-10,0.0
2012-06-11,0.00019065943822877004
2012-06-12,1.8245893201454706
2012-06-13,32.796776036339175
2012-06-14,0.10322422939311678
2012-06-15,0.08998072680941151
2012-06-16,1.806340486483026
2012-06-17,3.323495499489951
2012-06-18,0.0
2012-06-19,0.0
2012-06-20,0.007112911699925935
2012-06-21,1.1295858041529778
2012-06-22,0.3249993245610548
2012-06-23,0.0
2012-06-24,0.0
2012-06-25,0.0
2012-06-26,0.0
2012-06-27,0.0
2012-06-28,0.0
2012-06-29,0.0
2012-06-30,0.0
2012-07-01,0.23083945693270239
2012-07-02,0.9599005020866236
2012-07-03,0.10770176759734658
2012-07-04,0.12758518815813535
2012-07-05,0.026678024671718526
2012-07-06,0.02825705886022122
2012-07-07,0.0048380657583841705
2012-07-08,0.1515991929372315
2012-07-09,0.5911071211599193
2012-07-10,3.5011359651888467
2012-07-11,0.005508302709481958
2012-07-12,0.0
2012-07-13,0.0006915056306077464
2012-07-14,8.569653977832418e-05
2012-07-15,0.01041245687182873
2012-07-16,0.0
2012-07-17,0.0
2012-07-18,0.0
2012-07-19,0.0
2012-07-20,0.0
2012-07-21,4.751882136996446e-05
2012-07-22,5.81548684608596e-07
2012-07-23,0.0
2012-07-24,0.05999866015754137
2012-07-25,0.04600173739861876
2012-07-26,3.560210676754335
2012-07-27,0.08256233371418362
2012-07-28,0.03847294955611201
2012-07-29,0.007179128863082036
2012-07-30,0.0
2012-07-31,0.0
2012-08-01,0.0
2012-08-02,0.0
2012-08-03,0.0
2012-08-04,0.0
2012-08-05,0.0
2012-08-06,1.0331452055653114
2012-08-07,0.17524773867802013
2012-08-08,0.9759711868357189
2012-08-09,0.001983786957722421
2012-08-10,0.0
2012-08-11,1.1412072257031554
2012-08-12,0.0003198344401069335
2012-08-13,0.0
2012-08-14,5.393557711253071
2012-08-15,4.18232284482205
2012-08-16,0.0
2012-08-17,0.0
2012-08-18,0.0
2012-08-19,0.0
2012-08-20,0.0
2012-08-21,16.392707865186317
2012-08-22,0.10074124863496965
2012-08-23,1.2207172151505548
2012-08-24,2.965087616090328
2012-08-25,1.9010054598817248
2012-08-26,3.673909732058938
2012-08-27,0.008614183791092883
2012-08-28,0.0
2012-08-29,0.0
2012-08-30,0.0
2012-08-31,0.0
2012-09-01,0.0
2012-09-02,0.0
2012-09-03,0.0
2012-09-04,0.11643725810603461
2012-09-05,15.716532712167155
2012-09-06,15.65971212878939
2012-09-07,2.8688702609013097
2012-09-08,0.09012706069515418
2012-09-09,0.0
2012-09-10,0.0
2012-09-11,0.0
2012-09-12,0.04592173277006826
2012-09-13,12.064069191537234
2012-09-14,0.04990922239857405
2012-09-15,5.0676408855833515e-05
2012-09-16,0.0
2012-09-17,0.004628783120414076
2012-09-18,1.2506362528114445
2012-09-19,0.00568605018986731
2012-09-20,0.0
2012-09-21,0.0
2012-09-22,0.518220236517111
2012-09-23,0.3308531901265212
2012-09-24,0.0
2012-09-25,2.8123683407379496
2012-09-26,1.1542349686334448
2012-09-27,21.41248803219463
2012-09-28,1.9309507209203611
2012-09-29,8.240018808079592
2012-09-30,0.7686577074107821
2012-10-01,3.745115653087108
2012-10-02,0.002990076429441236
2012-10-03,0.0
2012-10-04,0.016282545656638697
2012-10-05,0.059170442719755446
2012-10-06,0.1188587776396908
2012-10-07,1.4021607123602242
2012-10-08,0.0
2012-10-09,0.0
2012-10-10,0.0002591802165502179
2012-10-11,0.021784574942032092
2012-10-12,1.1849991682069496
2012-10-13,3.263629140723696
2012-10-14,0.0
2012-10-15,0.0
2012-10-16,0.0
2012-10-17,0.0
2012-10-18,0.0
2012-10-19,0.0
2012-10-20,0.0
2012-10-21,0.0
2012-10-22,1.7688944433357618
2012-10-23,0.0
2012-10-24,0.8637306345753312
2012-10-25,0.010998879391453446
2012-10-26,0.08550617679107216
2012-10-27,0.08550617679107216
2012-10-28,0.08550617679107216
2012-10-29,0.08550617679107216
2012-10-30,0.08550617679107216
2012-10-31,0.08550617679107216
2012-11-01,0.0
2012-11-02,0.0
2012-11-03,0.0
2012-11-04,0.0
2012-11-05,0.0
2012-11-06,7.923838657225369e-06
2012-11-07,7.923838657225369e-06
2012-11-08,7.923838657225369e-06
2012-11-09,7.923838657225369e-06
2012-11-10,9.211463595657663e-05
2012-11-11,2.3533785221754155
2012-11-12,0.0
2012-11-13,0.0
2012-11-14,0.0
2012-11-15,0.0
2012-11-16,0.0
2012-11-17,0.0
2012-11-18,0.0
2012-11-19,0.0
2012-11-20,0.0
2012-11-21,0.0
2012-11-22,0.0
2012-11-23,0.0
2012-11-24,0.0
2012-11-25,0.0
2012-11-26,0.0
2012-11-27,0.0
2012-11-28,0.0
2012-11-29,0.0
2012-11-30,0.0
2012-12-01,0.0
2012-12-02,0.0
2012-12-03,0.0
2012-12-04,0.0
2012-12-05,0.0
2012-12-06,0.0
2012-12-07,0.0
2012-12-08,0.0
2012-12-09,0.0
2012-12-10,0.0
2012-12-11,0.0
2012-12-12,0.0
2012-12-13,0.0
2012-12-14,1.3746941992286836
2012-12-15,4.412123973888711
2012-12-16,0.0
2012-12-17,0.0
2012-12-18,0.0
2012-12-19,0.00805535990687731
2012-12-20,2.414600344665005
2012-12-21,0.0
2012-12-22,0.0
2012-12-23,0.0
2012-12-24,0.0
2012-12-25,0.9685453007251281
2012-12-26,0.007116356279812532
2012-12-27,0.0006341412522036871
2012-12-28,0.7886898025020377
2012-12-29,0.0
2012-12-30,0.0
2012-12-31,10.740976579803899
2013-01-01,0.0
2013-01-02,0.0
2013-01-03,0.0
2013-01-04,0.0
2013-01-05,0.0
2013-01-06,0.0
2013-01-07,0.0
2013-01-08,0.0
2013-01-09,0.15295383519249314
2013-01-10,3.1364825983273814
2013-01-11,0.005019863414547205
2013-01-12,2.984609304947526
2013-01-13,0.732868744659396
2013-01-14,0.07322221080471411
2013-01-15,0.2933631523263691
2013-01-16,0.0
2013-01-17,0.0
2013-01-18,0.0
2013-01-19,0.0
2013-01-20,0.0
2013-01-21,0.0
2013-01-22,0.0
2013-01-23,0.0003358918249662551
2013-01-24,0.2049163082481269
2013-01-25,0.0
2013-01-26,6.543513519550886e-07
2013-01-27,2.6930904792102967e-06
2013-01-28,0.0
2013-01-29,4.607682783041373e-05
2013-01-30,0.0003129734709012806
2013-01-31,0.0
2013-02-01,0.0
2013-02-02,0.0
2013-02-03,0.0
2013-02-04,0.0
2013-02-05,0.0
2013-02-06,0.0
2013-02-07,0.0
2013-02-08,0.0
2013-02-09,0.0
2013-02-10,0.0
2013-02-11,0.0
2013-02-12,0.1918180718121425
2013-02-13,0.0032173741731741797
2013-02-14,0.0
2013-02-15,0.00015465221887305244
2013-02-16,0.26793968329864604
2013-02-17,0.0
2013-02-18,0.0
2013-02-19,0.0
2013-02-20,8.668161944293942
2013-02-21,14.645149915060177
2013-02-22,0.0004068723555463778
2013-02-23,0.28398586789456737
2013-02-24,0.0006711614477789108
2013-02-25,38.23740055168574
2013-02-26,0.0
2013-02-27,0.0
2013-02-28,0.0
2013-03-01,0.05433056117023868
2013-03-02,0.0
2013-03-03,0.0
2013-03-04,0.0
2013-03-05,0.0924833252357423
2013-03-06,0.0
2013-03-07,0.0
2013-03-08,0.49099105585928965
2013-03-09,16.089525117427286
2013-03-10,0.2841232767430887
2013-03-11,0.005420212271678287
2013-03-12,0.025606374380488947
2013-03-13,0.005420212271678287
2013-03-14,0.005420212271678287
2013-03-15,0.005420212271678287
2013-03-16,0.0
2013-03-17,7.537865864729045
2013-03-18,0.1264821352311719
2013-03-19,0.0
2013-03-20,0.0
2013-03-21,0.0020093509866551417
2013-03-22,0.04600199195726604
2013-03-23,0.1131088597636033
2013-03-24,0.764451808692472
2013-03-25,0.0032118072891295594
2013-03-26,0.0
2013-03-27,0.0
2013-03-28,0.0
2013-03-29,0.14898235068983015
2013-03-30,1.2012010299077667
2013-03-31,0.0397877494969908
2013-04-01,0.054847509767277106
2013-04-02,0.17999359801811088
2013-04-03,0.26339638992040587
2013-04-04,0.0017946428389260527
2013-04-05,0.0
2013-04-06,0.0
2013-04-07,0.0004140926598731522
2013-04-08,7.908484609178091e-05
2013-04-09,1.5859703262494276
2013-04-10,4.0331923355592805
2013-04-11,0.0
2013-04-12,0.048482342614399064
2013-04-13,0.09431356703450743
2013-04-14,0.0007140322706393578
2013-04-15,0.0
2013-04-16,0.0
2013-04-17,0.0
2013-04-18,0.0
2013-04-19,0.0
2013-04-20,0.0
2013-04-21,0.17870704634873918
2013-04-22,0.006169665461391473
2013-04-23,2.704581382913615
2013-04-24,0.04784413758214548
2013-04-25,0.0005962380351997746
2013-04-26,0.0
2013-04-27,0.0
2013-04-28,0.0
2013-04-29,0.0
2013-04-30,0.0
2013-05-01,0.000657490414829837
2013-05-02,0.4679062046483978
2013-05-03,0.0
2013-05-04,0.0
2013-05-05,0.0
2013-05-06,0.07216686024725197
2013-05-07,3.9433735099709186
2013-05-08,8.936993200753077
2013-05-09,4.650146900354108
2013-05-10,17.98838444530425
2013-05-11,1.6766965943246053
2013-05-12,0.09190726423226118
2013-05-13,0.011256946260821453
2013-05-14,0.0
2013-05-15,2.2334994023130506
2013-05-16,0.036302742285868085
2013-05-17,0.4096131765361685
2013-05-18,1.1712653533880109
2013-05-19,0.10383935692591005
2013-05-20,0.00019682162872549638
2013-05-21,0.2678700348767934
2013-05-22,0.0
2013-05-23,0.1369026660194675
2013-05-24,0.3082657805704957
2013-05-25,0.144099169389089
2013-05-26,2.6274596977591997
2013-05-27,0.5871568856298904
2013-05-28,4.798097615535226
2013-05-29,7.04141776067668
2013-05-30,0.15203728824715382
2013-05-31,0.0
2013-06-01,0.14230054634263375
2013-06-02,0.0
2013-06-03,0.12448568542612005
2013-06-04,0.7520168277039315
2013-06-05,3.2799468711737068
2013-06-06,2.8409680868424974
2013-06-07,0.05831833436134962
2013-06-08,1.4522263250652037
2013-06-09,16.294809276169367
2013-06-10,0.0
2013-06-11,0.0
2013-06-12,0.0
2013-06-13,0.0
2013-06-14,0.001599902475821844
2013-06-15,0.16378920952933348
2013-06-16,2.35641943283263
2013-06-17,27.086271956058773
2013-06-18,0.006991335681514146
2013-06-19,5.116093586670259
2013-06-20,2.112556439769739
2013-06-21,1.7771603550382873
2013-06-22,0.15996289827660568
2013-06-23,2.258031144229253
2013-06-24,0.21050718831342924
2013-06-25,0.08843944222966917
2013-06-26,0.04557608927754108
2013-06-27,2.7153476144754616
2013-06-28,0.25049784313646517
2013-06-29,0.002184442829311382
2013-06-30,1.6138236931874783
2013-07-01,0.0
2013-07-02,0.0
2013-07-03,0.0
2013-07-04,0.0
2013-07-05,0.0
2013-07-06,1.3507206741853304
2013-07-07,0.0
2013-07-08,0.0
2013-07-09,0.0005392368313575314
2013-07-10,0.6095825215501245
2013-07-11,0.08193706570723133
2013-07-12,0.02734606791375725
2013-07-13,0.018313485819455994
2013-07-14,5.0420544963704925
2013-07-15,4.90905047244401
2013-07-16,25.098991944143034
2013-07-17,11.750682861450906
2013-07-18,2.0358960198046954
2013-07-19,0.05555980740065664
2013-07-20,0.3106893876211644
2013-07-21,0.10980823804912497
2013-07-22,0.0
2013-07-23,0.0
2013-07-24,0.334557077975586
2013-07-25,11.300212632654857
2013-07-26,25.67775939957336
2013-07-27,0.0
2013-07-28,0.0
2013-07-29,0.5880719180310764
2013-07-30,1.2281144918064617
2013-07-31,0.27544821526738156
2013-08-01,2.1989235259034348
2013-08-02,1.3097442346112178
2013-08-03,0.5449518497831936
2013-08-04,3.057380495137218
2013-08-05,0.0016587557696373754
2013-08-06,0.13439824055232918
2013-08-07,1.1372774149892342
2013-08-08,5.712361555256519
2013-08-09,36.68987235943406
2013-08-10,0.01204529906619174
2013-08-11,0.009869237448502583
2013-08-12,6.499730228718326
2013-08-13,8.015048831529072
2013-08-14,3.7213569397941924
2013-08-15,1.252767592101139
2013-08-16,25.25561468985385
2013-08-17,3.378469848351467
2013-08-18,0.0033379130654205827
2013-08-19,0.0
2013-08-20,0.0
2013-08-21,0.0
2013-08-22,0.0
2013-08-23,0.0
2013-08-24,0.0
2013-08-25,0.0
2013-08-26,0.0
2013-08-27,0.0
2013-08-28,0.0
2013-08-29,0.0
2013-08-30,0.0
2013-08-31,0.0
2013-09-01,0.0
2013-09-02,0.0
2013-09-03,0.0
2013-09-04,0.0
2013-09-05,0.0
2013-09-06,0.0
2013-09-07,0.0
2013-09-08,0.0
2013-09-09,0.0
2013-09-10,0.0
2013-09-11,1.5414838456436153
2013-09-12,0.022567743341912045
2013-09-13,2.559898260763342
2013-09-14,9.06280189034622
2013-09-15,0.9295385620157635
2013-09-16,23.171390103974822
2013-09-17,18.943293255648655
2013-09-18,1.1808408154210386
2013-09-19,5.535807508893132
2013-09-20,30.031903449865382
2013-09-21,0.019651412979910885
2013-09-22,0.019651412979910885
2013-09-23,0.7420322781082669
2013-09-24,0.019651412979910885
2013-09-25,0.019651412979910885
2013-09-26,0.0017038487327528855
2013-09-27,0.021640582012790094
2013-09-28,52.43721836149609
2013-09-29,0.0
2013-09-30,0.0
2013-10-01,0.09691230598374272
2013-10-02,0.09691230598374272
2013-10-03,0.09691230598374272
2013-10-04,0.09702466542846701
2013-10-05,0.16537396594754647
2013-10-06,0.17349711507960394
2013-10-07,0.17349711507960394
2013-10-08,0.17349711507960394
2013-10-09,0.17349711507960394
2013-10-10,0.17349711507960394
2013-10-11,0.6436641508643598
2013-10-12,0.0
2013-10-13,4.138461873131239
2013-10-14,10.598851224383827
2013-10-15,0.0008168990872778092
2013-10-16,0.0
2013-10-17,0.0
2013-10-18,0.0
2013-10-19,0.0
2013-10-20,0.0
2013-10-21,0.0032275577855072498
2013-10-22,0.0
2013-10-23,0.0
2013-10-24,0.0
2013-10-25,0.7726881697188503
2013-10-26,4.00780073321186
2013-10-27,0.0
2013-10-28,0.385715328291728
2013-10-29,1.6593441943316027
2013-10-30,1.5739098699718779
2013-10-31,1.7033932493099262
2013-11-01,0.0
2013-11-02,0.0
2013-11-03,0.0
2013-11-04,0.0
2013-11-05,0.0
2013-11-06,0.0
2013-11-07,0.0
2013-11-08,0.0
2013-11-09,0.0
2013-11-10,0.0
2013-11-11,0.0
2013-11-12,0.0
2013-11-13,0.0
2013-11-14,0.0
2013-11-15,0.0
2013-11-16,0.057982492415715445
2013-11-17,0.056142603115494974
2013-11-18,0.056142603115494974
2013-11-19,0.056142603115494974
2013-11-20,2.170668713618591
2013-11-21,2.0766909577701043
2013-11-22,0.7698529582686062
2013-11-23,3.8934504502694427
2013-11-24,10.659439260360479
2013-11-25,0.16393857803334363
2013-11-26,0.0
2013-11-27,0.0
2013-11-28,0.0
2013-11-29,0.0
2013-11-30,0.0
2013-12-01,0.0
2013-12-02,0.0
2013-12-03,0.0
2013-12-04,3.311020705504021e-06
2013-12-05,1.3712647608219521
2013-12-06,1.006859121669499
2013-12-07,0.16697483134085483
2013-12-08,0.13271389606081183
2013-12-09,0.07471035437651394
2013-12-10,4.93502310507268e-05
2013-12-11,0.0
2013-12-12,0.0
2013-12-13,0.0013581553756645008
2013-12-14,4.400076115964331e-06
2013-12-15,0.0
2013-12-16,0.0
2013-12-17,0.0
2013-12-18,0.0
2013-12-19,0.0
2013-12-20,0.0
2013-12-21,6.885075962289369
2013-12-22,0.05175633687529369
2013-12-23,0.0
2013-12-24,0.0
2013-12-25,0.0
2013-12-26,0.0
2013-12-27,0.0
2013-12-28,0.0
2013-12-29,0.0
2013-12-30,0.0
2013-12-31,0.0
2014-01-01,0.0
2014-01-02,0.0
2014-01-03,0.0
2014-01-04,0.0
2014-01-05,0.0
2014-01-06,0.06079557648783633
2014-01-07,0.0
2014-01-08,0.0
2014-01-09,2.877923347371385
2014-01-10,0.00399062907036629
2014-01-11,0.0
2014-01-12,0.0
2014-01-13,0.0
2014-01-14,0.0
2014-01-15,0.0
2014-01-16,0.0
2014-01-17,1.7188385543212366
2014-01-18,0.0
2014-01-19,0.0
2014-01-20,0.0
2014-01-21,0.0
2014-01-22,0.0
2014-01-23,0.0
2014-01-24,0.0
2014-01-25,0.0
2014-01-26,0.0
2014-01-27,0.22711530160718485
2014-01-28,7.061146775300435
2014-01-29,0.0
2014-01-30,0.0
2014-01-31,0.0008346864903660896
2014-02-01,0.03372986223789657
2014-02-02,1.7647315013740887
2014-02-03,6.032416000464791e-05
2014-02-04,8.448570483287694
2014-02-05,0.3712903157766708
2014-02-06,0.0
2014-02-07,0.0
2014-02-08,0.0
2014-02-09,0.0
2014-02-10,0.0
2014-02-11,0.5772178496151031
2014-02-12,0.0
2014-02-13,0.0
2014-02-14,0.0
2014-02-15,0.0
2014-02-16,0.33054011207499917
2014-02-17,0.33054011207499917
2014-02-18,0.33054011207499917
2014-02-19,0.33054011207499917
2014-02-20,2.338130102944358
2014-02-21,0.0
2014-02-22,0.0
2014-02-23,0.0
2014-02-24,0.0
2014-02-25,0.0
2014-02-26,0.0
2014-02-27,0.0
2014-02-28,0.0
2014-03-01,0.010125017759590174
2014-03-02,1.5157751791921137
2014-03-03,0.2589392317839227
2014-03-04,0.0
2014-03-05,1.0428667864962666
2014-03-06,0.0
2014-03-07,0.0
2014-03-08,0.2383038223168913
2014-03-09,0.0
2014-03-10,0.0
2014-03-11,0.0
2014-03-12,0.0
2014-03-13,0.0
2014-03-14,0.0
2014-03-15,0.0
2014-03-16,0.04610282425482589
2014-03-17,0.0
2014-03-18,0.0
2014-03-19,0.0
2014-03-20,0.0
2014-03-21,0.0
2014-03-22,0.0
2014-03-23,0.0
2014-03-24,0.0
2014-03-25,0.0
2014-03-26,3.639182941937228
2014-03-27,0.011195950144656172
2014-03-28,0.11975281011357607
2014-03-29,0.0
2014-03-30,0.0
2014-03-31,0.0
2014-04-01,0.0
2014-04-02,0.0
2014-04-03,0.0
2014-04-04,0.0
2014-04-05,0.0
2014-04-06,0.11169905591444484
2014-04-07,0.0015749457479579238
2014-04-08,0.000772573583388881
2014-04-09,0.0
2014-04-10,0.0
2014-04-11,0.0
2014-04-12,0.0
2014-04-13,0.8193738161088857
2014-04-14,5.421320519493267
2014-04-15,0.0
2014-04-16,0.0
2014-04-17,4.161666020298792
2014-04-18,0.06144943595636394
2014-04-19,0.18701314537633654
2014-04-20,1.0814561814700885
2014-04-21,14.501792684483481
2014-04-22,0.29613989624261106
2014-04-23,2.86452679879443
2014-04-24,2.0479558721927025
2014-04-25,0.027283641938121803
2014-04-26,0.06960111945969871
2014-04-27,0.3372098153745452
2014-04-28,0.04850603791520099
2014-04-29,0.2542965921533036
2014-04-30,0.0
2014-05-01,0.08598969075438148
2014-05-02,0.04924867184928485
2014-05-03,0.04924867184928485
2014-05-04,0.04924867184928485
2014-05-05,0.04924867184928485
2014-05-06,0.0006940558957729295
2014-05-07,0.0008654291562137803
2014-05-08,0.30874691701097634
2014-05-09,0.0006940558957729295
2014-05-10,0.0006940558957729295
2014-05-11,0.8022771446809808
2014-05-12,5.1355258113462305
2014-05-13,0.0
2014-05-14,0.014726186056457482
2014-05-15,1.1436566193011541
2014-05-16,0.6751289963159818
2014-05-17,0.4530803532366208
2014-05-18,0.8690651091998971
2014-05-19,0.0
2014-05-20,0.0
2014-05-21,2.722570140810242
2014-05-22,5.059710846520238
2014-05-23,21.432298325535722
2014-05-24,25.386291900589036
2014-05-25,9.785546373146989
2014-05-26,1.691131055554774
2014-05-27,10.209827416939227
2014-05-28,0.11731842106758446
2014-05-29,0.009702410422082109
2014-05-30,0.2661041390295842
2014-05-31,0.06105867539635161
2014-06-01,0.00012520845793873036
2014-06-02,0.03204691804826682
2014-06-03,0.00025275830854501756
2014-06-04,0.0
2014-06-05,0.012271026415387165
2014-06-06,0.4228642250985052
2014-06-07,7.286634268989967
2014-06-08,44.780976879170154
2014-06-09,11.52846236306943
2014-06-10,0.0004895236927802355
2014-06-11,0.0
2014-06-12,0.04009102870584464
2014-06-13,0.14818694674399605
2014-06-14,0.024953964233591835
2014-06-15,0.0
2014-06-16,0.7774587396231202
2014-06-17,0.472166855631453
2014-06-18,7.407787434010614
2014-06-19,5.972933640848327
2014-06-20,1.7600949286912506
2014-06-21,0.3728549403959586
2014-06-22,0.04791785426782818
2014-06-23,12.65273297349589
2014-06-24,26.1749468176304
2014-06-25,2.3311134589824696
2014-06-26,0.6043573859365671
2014-06-27,0.013666626299186963
2014-06-28,2.2846473987573326
2014-06-29,0.5699174754305969
2014-06-30,0.01134163949286475
2014-07-01,3.176331440565185
2014-07-02,14.743247470084707
2014-07-03,7.3782926348489974
2014-07-04,1.3444523386699392
2014-07-05,0.2354667619110515
2014-07-06,0.9297441101810969
2014-07-07,0.06883822844746078
2014-07-08,1.4142551133291463
2014-07-09,0.7943739216888569
2014-07-10,0.010100596607278522
2014-07-11,0.0
2014-07-12,0.0
2014-07-13,0.08989409766641494
2014-07-14,2.749739393172832
2014-07-15,21.29673915779629
2014-07-16,1.8961446341805408
2014-07-17,26.093646228778955
2014-07-18,0.5765957119604379
2014-07-19,0.004302978259697
2014-07-20,0.000202205211042715
2014-07-21,0.19014240487767178
2014-07-22,0.10898130989818673
2014-07-23,0.10919220787431194
2014-07-24,7.022200526031683
2014-07-25,0.10898130989818673
2014-07-26,0.0
2014-07-27,0.16044634701089364
2014-07-28,8.590052347876828
2014-07-29,10.992997638391639
2014-07-30,22.531610404897982
2014-07-31,0.10866167674727129
2014-08-01,0.0
2014-08-02,0.0
2014-08-03,0.0
2014-08-04,0.0
2014-08-05,0.0
2014-08-06,0.03320390664019864
2014-08-07,3.3222227571764034
2014-08-08,0.4513978813462741
2014-08-09,5.395376496418056
2014-08-10,4.475848818571059
2014-08-11,0.057406638269660706
2014-08-12,0.07256212724813806
2014-08-13,0.0
2014-08-14,0.0
2014-08-15,0.02770342832836438
2014-08-16,2.8021577620087195
2014-08-17,4.962105074666174
2014-08-18,0.722949879323589
2014-08-19,1.1721740961386486
2014-08-20,0.031262533432675564
2014-08-21,0.0023068185728611005
2014-08-22,0.0259540719341959
2014-08-23,0.012357387993217043
2014-08-24,0.034446950024049204
2014-08-25,0.016278113890289284
2014-08-26,1.6606644909256723
2014-08-27,1.3433006636909972
2014-08-28,19.105939668024664
2014-08-29,4.851864562969745
2014-08-30,1.0621328979976146
2014-08-31,0.09391741657274352
2014-09-01,0.0
2014-09-02,0.6563025956873558
2014-09-03,0.004073802233729177
2014-09-04,0.10220259898537891
2014-09-05,2.721433399652091
2014-09-06,0.780593779905508
2014-09-07,0.0004036579701798597
2014-09-08,0.00014820623892487452
2014-09-09,4.107593393952237e-05
2014-09-10,0.0024590932969833913
2014-09-11,0.015227747815253843
2014-09-12,19.828314122689637
2014-09-13,0.003439283853365595
2014-09-14,1.2447344598854693
2014-09-15,0.8843327288544641
2014-09-16,2.3024642795278703
2014-09-17,0.4702304399951522
2014-09-18,0.3819114500398967
2014-09-19,2.4594563872011936
2014-09-20,2.0742447901105656
2014-09-21,2.3864303317188695
2014-09-22,0.6056591696015127
2014-09-23,0.019964643616044598
2014-09-24,1.252546965937613
2014-09-25,0.7612873413983401
2014-09-26,0.0
2014-09-27,0.0
2014-09-28,0.0
2014-09-29,0.0
2014-09-30,0.0
2014-10-01,0.08903155443829454
2014-10-02,0.9323587658845636
2014-10-03,0.0
2014-10-04,0.0
2014-10-05,0.017352723939305606
2014-10-06,0.0
2014-10-07,0.0
2014-10-08,0.0
2014-10-09,0.26360270694972066
2014-10-10,26.56985140292815
2014-10-11,0.008791611340549045
2014-10-12,0.060474202639538906
2014-10-13,3.5071795016781415
2014-10-14,0.0
2014-10-15,0.0
2014-10-16,0.0
2014-10-17,0.0
2014-10-18,0.2421502231836039
2014-10-19,0.03197126144829756
2014-10-20,0.04356942527204944
2014-10-21,0.00036617570409007514
2014-10-22,3.8263931439093137
2014-10-23,7.347177966452079e-05
2014-10-24,0.0
2014-10-25,0.0
2014-10-26,1.6744161013648096
2014-10-27,1.6744161013648096
2014-10-28,1.6744161013648096
2014-10-29,1.6744161013648096
2014-10-30,1.6744161013648096
2014-10-31,1.6744161013648096
2014-11-01,0.16510300120675692
2014-11-02,0.06917089162572207
2014-11-03,1.6919739810526875
2014-11-04,30.407509692863755
2014-11-05,0.0
2014-11-06,0.0
2014-11-07,0.0
2014-11-08,0.0
2014-11-09,0.0
2014-11-10,0.0
2014-11-11,0.0
2014-11-12,0.0
2014-11-13,0.0
2014-11-14,0.0
2014-11-15,0.0
2014-11-16,0.9931752347065806
2014-11-17,0.0004079510063418211
2014-11-18,0.0
2014-11-19,0.0
2014-11-20,0.0
2014-11-21,0.00308826321960671
2014-11-22,0.056156930283317454
2014-11-23,0.19875219199815297
2014-11-24,0.0001284861067585443
2014-11-25,0.0009711541104791571
2014-11-26,0.0
2014-11-27,0.0
2014-11-28,0.0
2014-11-29,0.0
2014-11-30,0.0
2014-12-01,0.0
2014-12-02,0.0
2014-12-03,0.6126279688891629
2014-12-04,0.9012749870944127
2014-12-05,5.614966680250392
2014-12-06,0.0
2014-12-07,0.005851736639114435
2014-12-08,0.0
2014-12-09,0.0
2014-12-10,0.0013032862758879152
2014-12-11,0.0
2014-12-12,0.0
2014-12-13,0.0
2014-12-14,0.0
2014-12-15,0.0
2014-12-16,0.0
2014-12-17,0.0
2014-12-18,0.0
2014-12-19,0.0
2014-12-20,0.0
2014-12-21,0.034062036681548946
2014-12-22,0.21685702172897753
2014-12-23,0.09278323378619485
2014-12-24,0.12977562178027657
2014-12-25,0.0
2014-12-26,0.0
2014-12-27,0.0
2014-12-28,0.0
2014-12-29,0.0
2014-12-30,0.0
2014-12-31,0.0
2015-01-01,0.956263208913649
2015-01-02,0.6529860965891815
2015-01-03,5.3399091334858335
2015-01-04,0.04999815503418496
2015-01-05,0.00010962863482247844
2015-01-06,0.0
2015-01-07,0.0
2015-01-08,0.0
2015-01-09,0.0
2015-01-10,0.0
2015-01-11,0.0
2015-01-12,0.0
2015-01-13,0.0
2015-01-14,0.0
2015-01-15,0.0
2015-01-16,0.00021352315879544944
2015-01-17,0.00021352315879544944
2015-01-18,0.00021352315879544944
2015-01-19,0.00021352315879544944
2015-01-20,0.08322544872888173
2015-01-21,1.5887195210913507
2015-01-22,11.690970103591724
2015-01-23,0.0010864606684996307
2015-01-24,7.250580909110348e-05
2015-01-25,7.250580909110348e-05
2015-01-26,7.74206143687257e-05
2015-01-27,7.74206143687257e-05
2015-01-28,7.74206143687257e-05
2015-01-29,7.74206143687257e-05
2015-01-30,0.13957838494323213
2015-01-31,8.803123909802105
2015-02-01,0.0
2015-02-02,0.0
2015-02-03,0.0
2015-02-04,0.0
2015-02-05,0.0
2015-02-06,0.0
2015-02-07,0.0
2015-02-08,0.0
2015-02-09,0.0
2015-02-10,0.0
2015-02-11,0.0
2015-02-12,0.0
2015-02-13,0.0
2015-02-14,0.0
2015-02-15,0.0
2015-02-16,0.0
2015-02-17,0.0
2015-02-18,0.0
2015-02-19,0.0
2015-02-20,0.0
2015-02-21,0.0
2015-02-22,0.0
2015-02-23,0.0
2015-02-24,0.0
2015-02-25,0.0
2015-02-26,0.1935584767838143
2015-02-27,1.2503826194178962
2015-02-28,1.8325830532609184
2015-03-01,0.010804480048750283
2015-03-02,0.020205832580280754
2015-03-03,0.2650339771007551
2015-03-04,3.1234407664358135
2015-03-05,0.10513829700540216
2015-03-06,0.0
2015-03-07,0.0
2015-03-08,0.0
2015-03-09,0.0
2015-03-10,0.0
2015-03-11,0.0
2015-03-12,0.0
2015-03-13,0.0
2015-03-14,0.0
2015-03-15,0.0
2015-03-16,8.193493707769218e-05
2015-03-17,0.0010125036733170706
2015-03-18,0.007308466793243412
2015-03-19,4.094257023837254
2015-03-20,2.6173098749116805
2015-03-21,0.0205743695492028
2015-03-22,0.003616986175504102
2015-03-23,0.06248938067392276
2015-03-24,0.004995920103490043
2015-03-25,0.0036036183457436284
2015-03-26,0.0
2015-03-27,0.0
2015-03-28,0.0
2015-03-29,0.0
2015-03-30,0.0
2015-03-31,0.0
2015-04-01,0.0
2015-04-02,0.0
2015-04-03,0.0
2015-04-04,0.0
2015-04-05,0.0
2015-04-06,9.64617523048348e-05
2015-04-07,7.259027868574177e-05
2015-04-08,0.6652676205489922
2015-04-09,0.15641907181873055
2015-04-10,0.07904417736708011
2015-04-11,4.313408351109919
2015-04-12,0.5557940203613267
2015-04-13,34.64683758357555
2015-04-14,0.009401685957931718
2015-04-15,0.01902224398677023
2015-04-16,4.524423654943515
2015-04-17,39.054655631782644
2015-04-18,1.7979454259647891
2015-04-19,0.10934977459412783
2015-04-20,0.00013665904389218778
2015-04-21,1.5015248981072142
2015-04-22,1.0025974654199474
2015-04-23,7.216384925404874
2015-04-24,1.840955006139806
2015-04-25,0.00025229869706956367
2015-04-26,6.556608955501324
2015-04-27,65.94076117428949
2015-04-28,4.322068134647381
2015-04-29,9.045397147438684e-05
2015-04-30,9.045397147438684e-05
2015-05-01,7.587213920629511e-05
2015-05-02,0.008422467748494434
2015-05-03,0.015530292437376112
2015-05-04,0.3818182433121658
2015-05-05,24.61476272728313
2015-05-06,2.5794914397363033
2015-05-07,3.456912618049584
2015-05-08,24.744652482794795
2015-05-09,23.557732140586488
2015-05-10,0.863655470362833
2015-05-11,9.233548957411844e-05
2015-05-12,0.000819980972404706
2015-05-13,15.22883747632863
2015-05-14,5.6464211182593385
2015-05-15,5.741151449262324
2015-05-16,11.499280622035052
2015-05-17,0.0035850153302638987
2015-05-18,1.1820754211686169
2015-05-19,34.15940914232266
2015-05-20,21.503610470831454
2015-05-21,0.007922303755502767
2015-05-22,13.527280017402058
2015-05-23,55.841838275988394
2015-05-24,8.92534246359176
2015-05-25,0.2168014144044876
2015-05-26,0.12788325106117782
2015-05-27,2.869603543861679
2015-05-28,3.0896897180140654
2015-05-29,16.599355651597502
2015-05-30,3.1173351830496894
2015-05-31,0.031927440792788184
2015-06-01,0.44083440073970404
2015-06-02,4.456384512849291
2015-06-03,0.13091064706025782
2015-06-04,0.13091064706025782
2015-06-05,0.13091064706025782
2015-06-06,0.0002135477343843898
2015-06-07,0.07608281781343636
2015-06-08,0.553511824468477
2015-06-09,0.6828373910828132
2015-06-10,0.8769562485021056
2015-06-11,0.018860921567226744
2015-06-12,17.470809938530103
2015-06-13,8.395395854061423
2015-06-14,6.071469287443413
2015-06-15,24.41870108186267
2015-06-16,4.3652898771459485
2015-06-17,0.8675424203396687
2015-06-18,0.017967422613888714
2015-06-19,1.5009353493515387
2015-06-20,0.0003946927632065082
2015-06-21,0.05387013143430039
2015-06-22,0.05387013143430039
2015-06-23,0.05387013143430039
2015-06-24,0.05387013143430039
2015-06-25,0.27047195210677366
2015-06-26,2.184591668866024
2015-06-27,0.25231467139821395
2015-06-28,0.013228420450785988
2015-06-29,3.5035578600041113
2015-06-30,2.920419085851544
2015-07-01,0.001500717447981593
2015-07-02,13.675786355265405
2015-07-03,1.9893311492389694
2015-07-04,1.7896632272912518
2015-07-05,0.0006524426755195887
2015-07-06,5.983124887499289
2015-07-07,44.0907151721665
2015-07-08,2.0044886365703674
2015-07-09,16.62844523112529
2015-07-10,0.7701685894875192
2015-07-11,0.824164562683339
2015-07-12,0.9434228583333787
2015-07-13,2.5760603071208026
2015-07-14,0.004653173167438414
2015-07-15,0.004653173167438414
2015-07-16,1.1670283791811773
2015-07-17,1.6996912573743406
2015-07-18,0.3082740360050906
2015-07-19,0.0003069686051318396
2015-07-20,8.757011368675165
2015-07-21,33.43566983883016
2015-07-22,1.1125647380199286
2015-07-23,1.1836769499173019
2015-07-24,0.2864358716528547
2015-07-25,0.00014143118773461902
2015-07-26,0.0019413162178322453
2015-07-27,0.0007899449595724594
2015-07-28,0.004296789239220278
2015-07-29,0.010906169417053902
2015-07-30,0.013778694724830913
2015-07-31,0.05952600937271137
2015-08-01,15.193727427084939
2015-08-02,5.765925469817747
2015-08-03,4.6745927289275215
2015-08-04,15.546800762915977
2015-08-05,0.0501487926041513
2015-08-06,0.0
2015-08-07,0.0
2015-08-08,0.0
2015-08-09,0.0
2015-08-10,0.0
2015-08-11,0.6409849224660102
2015-08-12,0.40983271564970436
2015-08-13,0.0003816225898685952
2015-08-14,0.2667816303335151
2015-08-15,0.014037114969468644
2015-08-16,0.0022002547262658764
2015-08-17,3.690003627307057
2015-08-18,6.416533392288999
2015-08-19,35.37371230459019
2015-08-20,0.0022002547262658764
2015-08-21,0.0
2015-08-22,0.0
2015-08-23,0.0
2015-08-24,0.0
2015-08-25,0.0
2015-08-26,0.0005397636450675115
2015-08-27,8.581506324658948e-07
2015-08-28,0.013732729677344131
2015-08-29,5.147825712526435e-05
2015-08-30,8.581506324658948e-07
2015-08-31,8.581506324658948e-07
2015-09-01,0.0
2015-09-02,0.0
2015-09-03,0.0
2015-09-04,0.0
2015-09-05,0.0
2015-09-06,0.0006906777394273625
2015-09-07,0.0095579758055582
2015-09-08,0.03352703876822727
2015-09-09,0.0016307376278243606
2015-09-10,1.7382504512333075e-06
2015-09-11,9.424640205090947
2015-09-12,12.609795569877072
2015-09-13,0.004592487173971196
2015-09-14,3.6392244822456252
2015-09-15,0.004592487173971196
2015-09-16,0.0007689804653811803
2015-09-17,0.018165650343867575
2015-09-18,1.1458440512047336
2015-09-19,2.559206047441655
2015-09-20,0.1818291495743227
2015-09-21,5.5402267223567414e-05
2015-09-22,0.07222870191307314
2015-09-23,1.5387940311552055
2015-09-24,0.01288331786172372
2015-09-25,0.1321134554777263
2015-09-26,0.0
2015-09-27,0.0
2015-09-28,0.0
2015-09-29,0.0
2015-09-30,0.0
2015-10-01,0.1344023638074606
2015-10-02,2.6143081379892266
2015-10-03,11.270894589629489
2015-10-04,2.245414200865836
2015-10-05,3.34444675095882
2015-10-06,0.00032050383969630644
2015-10-07,0.06559446373712773
2015-10-08,0.14894273748326478
2015-10-09,1.3301126553420666
2015-10-10,0.00032050383969630644
2015-10-11,3.706936004789094e-07
2015-10-12,3.706936004789094e-07
2015-10-13,3.706936004789094e-07
2015-10-14,3.706936004789094e-07
2015-10-15,0.0003058902323310342
2015-10-16,2.6570193945046796
2015-10-17,5.467153771260939e-05
2015-10-18,5.467153771260939e-05
2015-10-19,5.467153771260939e-05
2015-10-20,0.3095915457622676
2015-10-21,1.4640139801357297
2015-10-22,58.662800920357256
2015-10-23,0.9907140624393094
2015-10-24,8.83220045593305e-05
2015-10-25,8.83220045593305e-05
2015-10-26,2.3523747113612182e-05
2015-10-27,5.9261224506624385e-05
2015-10-28,0.6608841883330947
2015-10-29,2.3523747113612182e-05
2015-10-30,2.5205939652884735
2015-10-31,0.01274290636992008
2015-11-01,0.0
2015-11-02,0.0
2015-11-03,0.0
2015-11-04,0.0
2015-11-05,0.0
2015-11-06,0.0
2015-11-07,0.0
2015-11-08,0.0
2015-11-09,0.0
2015-11-10,0.0
2015-11-11,0.00010319137174139611
2015-11-12,0.00010319137174139611
2015-11-13,0.00010319137174139611
2015-11-14,0.00010319137174139611
2015-11-15,1.3823732330217429
2015-11-16,0.860504396718425
2015-11-17,7.443831479576881
2015-11-18,0.11181760489389916
2015-11-19,4.767905518734854e-05
2015-11-20,4.767905518734854e-05
2015-11-21,0.0
2015-11-22,0.0
2015-11-23,0.0
2015-11-24,0.0
2015-11-25,0.0
2015-11-26,17.43433458036749
2015-11-27,9.589749457433895
2015-11-28,5.991413627875466
2015-11-29,3.3909774987882777
2015-11-30,1.6294885894842666
2015-12-01,0.0
2015-12-02,0.0
2015-12-03,0.0
2015-12-04,0.0
2015-12-05,0.0
2015-12-06,0.9504471508563561
2015-12-07,0.8966607214753352
2015-12-08,0.8966607214753352
2015-12-09,0.8966607214753352
2015-12-10,0.8966607214753352
2015-12-11,0.00011567997226349228
2015-12-12,1.2619578997265832
2015-12-13,21.115488595162734
2015-12-14,1.8772758584236646
2015-12-15,0.00011567997226349228
2015-12-16,0.005906205502563352
2015-12-17,3.0694676212176626
2015-12-18,0.006788517584356696
2015-12-19,0.005906205502563352
2015-12-20,0.08249249811610433
2015-12-21,0.00040063591103982267
2015-12-22,0.00040063591103982267
2015-12-23,0.014386068457228497
2015-12-24,4.2820083624934036
2015-12-25,0.00040063591103982267
2015-12-26,0.008624861825197812
2015-12-27,11.448972043819264
2015-12-28,11.752428991482189
2015-12-29,0.00017662469400736154
2015-12-30,0.8577348308408344
2015-12-31,0.1722752980673119
2016-01-01,0.0
2016-01-02,0.0
2016-01-03,0.0
2016-01-04,0.0
2016-01-05,0.0
2016-01-06,0.0
2016-01-07,0.0
2016-01-08,0.0
2016-01-09,0.0
2016-01-10,0.0
2016-01-11,0.0
2016-01-12,0.0
2016-01-13,0.0
2016-01-14,0.0
2016-01-15,0.0
2016-01-16,2.3132030105065517
2016-01-17,0.06481315192476061
2016-01-18,0.008094631436765599
2016-01-19,0.0
2016-01-20,0.0
2016-01-21,0.20109037378561054
2016-01-22,0.10642100396497428
2016-01-23,0.10642100396497428
2016-01-24,0.10642100396497428
2016-01-25,0.10647420775333989
2016-01-26,0.0
2016-01-27,0.0
2016-01-28,0.0
2016-01-29,0.0
2016-01-30,0.0
2016-01-31,0.0
2016-02-01,0.0
2016-02-02,0.0
2016-02-03,0.0
2016-02-04,0.0
2016-02-05,0.0
2016-02-06,0.0
2016-02-07,0.0
2016-02-08,0.0
2016-02-09,0.0
2016-02-10,0.0
2016-02-11,0.00610734236806988
2016-02-12,0.00610734236806988
2016-02-13,0.00610734236806988
2016-02-14,0.00610734236806988
2016-02-15,0.9226079269200073
2016-02-16,0.0
2016-02-17,0.0
2016-02-18,0.0
2016-02-19,0.0
2016-02-20,0.0
2016-02-21,0.0
2016-02-22,0.0
2016-02-23,0.0
2016-02-24,0.0
2016-02-25,0.0
2016-02-26,0.0
2016-02-27,0.0
2016-02-28,0.0
2016-02-29,0.0
2016-03-01,0.0
2016-03-02,0.0
2016-03-03,0.0
2016-03-04,0.0
2016-03-05,0.0
2016-03-06,0.0775709789796146
2016-03-07,0.0
2016-03-08,8.016616375527974
2016-03-09,0.016233803494125235
2016-03-10,0.0
2016-03-11,0.0
2016-03-12,0.02092762432903482
2016-03-13,0.019391124391986383
2016-03-14,0.0
2016-03-15,0.0
2016-03-16,0.0
2016-03-17,0.0
2016-03-18,0.0
2016-03-19,0.0
2016-03-20,0.0
2016-03-21,0.3243705890762231
2016-03-22,0.3243705890762231
2016-03-23,0.5090541292909668
2016-03-24,0.3243705890762231
2016-03-25,0.5638269878895262
2016-03-26,0.07628254154291443
2016-03-27,6.356744880616273
2016-03-28,0.0
2016-03-29,0.01454512250762186
2016-03-30,0.06020834627111772
2016-03-31,0.00013846098931625186
2016-04-01,0.0017197627416119608
2016-04-02,2.9469337476163137e-06
2016-04-03,2.9469337476163137e-06
2016-04-04,6.616520964472461e-05
2016-04-05,2.9469337476163137e-06
2016-04-06,0.020814120182926346
2016-04-07,0.0
2016-04-08,0.0
2016-04-09,3.3160316432881958
2016-04-10,2.004696696017728
2016-04-11,4.4224577883682725
2016-04-12,0.02692821461457495
2016-04-13,5.580369974966193
2016-04-14,0.004166739296111131
2016-04-15,0.2596724302163919
2016-04-16,4.793934645876463
2016-04-17,24.0418147352457
2016-04-18,0.5418873190181064
2016-04-19,6.663853992281203
2016-04-20,8.194445753801642
2016-04-21,0.636103734504835
2016-04-22,0.0
2016-04-23,1.1617780594123239e-05
2016-04-24,0.0
2016-04-25,0.0
2016-04-26,0.36519246094219415
2016-04-27,0.0004181622198032105
2016-04-28,0.21284033405215322
2016-04-29,10.317732306863775
2016-04-30,3.6275079270967334e-05
2016-05-01,0.0833146348928994
2016-05-02,0.021745447664424242
2016-05-03,0.3636790026363253
2016-05-04,0.005048922131513826
2016-05-05,0.0
2016-05-06,0.0
2016-05-07,0.005050081978759803
2016-05-08,0.1823022038964477
2016-05-09,0.0010145029834427674
2016-05-10,1.839380790952868e-06
2016-05-11,0.019361837277502045
2016-05-12,1.1095635176092409
2016-05-13,0.59087666074866
2016-05-14,3.8933255210061817
2016-05-15,6.433985817058577
2016-05-16,4.816066003597332
2016-05-17,9.777075312300115
2016-05-18,2.565594818453194
2016-05-19,15.162401465143455
2016-05-20,0.041380032260107454
2016-05-21,0.09023389922141235
2016-05-22,6.457651411517636
2016-05-23,1.9473781919667401
2016-05-24,3.994393098539303
2016-05-25,0.21156039065443044
2016-05-26,7.176803939180501
2016-05-27,1.1215909324966356
2016-05-28,1.3060161946058704e-05
2016-05-29,3.244604741012402
2016-05-30,0.5886080293361103
2016-05-31,7.514742716161124
2016-06-01,16.859225127683654
2016-06-02,17.652397253971046
2016-06-03,0.5012375476705341
2016-06-04,0.013277768447915889
2016-06-05,0.0
2016-06-06,0.0
2016-06-07,0.38310502961275933
2016-06-08,5.087148574385448
2016-06-09,3.7659955333994923
2016-06-10,4.179516352512058
2016-06-11,17.494864522735718
2016-06-12,11.77221573387431
2016-06-13,0.36774359300334547
2016-06-14,0.7480633499091055
2016-06-15,13.715084422267802
2016-06-16,0.007965746405123196
2016-06-17,0.21146684538140226
2016-06-18,0.05719944689577552
2016-06-19,0.47869129050969444
2016-06-20,0.0002279282097171806
2016-06-21,0.0
2016-06-22,0.0
2016-06-23,3.208565311038694
2016-06-24,0.2724098855601133
2016-06-25,0.0
2016-06-26,0.6700310200557853
2016-06-27,0.4612991070253481
2016-06-28,5.832193435473769
2016-06-29,11.55472370335971
2016-06-30,2.852306027174966
2016-07-01,3.9257892039281783
2016-07-02,3.537360296151332
2016-07-03,2.5048692613810855
2016-07-04,0.22482774952420861
2016-07-05,0.0004600043544913049
2016-07-06,0.0
2016-07-07,1.0683378975501858
2016-07-08,2.139906843413437
2016-07-09,0.405867582122001
2016-07-10,2.5630979195258368
2016-07-11,0.014901882269215447
2016-07-12,0.04375700439504831
2016-07-13,0.8497191081999353
2016-07-14,1.0839202767146363
2016-07-15,5.0884852862112275
2016-07-16,12.668168061426925
2016-07-17,0.0
2016-07-18,5.325328592220385
2016-07-19,0.0
2016-07-20,0.0
2016-07-21,0.0
2016-07-22,0.0
2016-07-23,0.0
2016-07-24,0.15589381793014143
2016-07-25,0.3478499488362477
2016-07-26,5.567785847052965
2016-07-27,0.2792963504157271
2016-07-28,0.638830275458582
2016-07-29,4.458573596224998
2016-07-30,7.588210079532452
2016-07-31,2.034069830838824
2016-08-01,0.0
2016-08-02,2.5665416718331743e-05
2016-08-03,4.283051020353268e-05
2016-08-04,0.0008016642730237798
2016-08-05,0.001870739026294141
2016-08-06,0.031242517267194236
2016-08-07,0.014723900724928456
2016-08-08,1.1156815834971183
2016-08-09,6.679498099122762
2016-08-10,0.36925834612871344
2016-08-11,0.39155750721234445
2016-08-12,7.527212067604961
2016-08-13,2.785545069682896e-06
2016-08-14,0.00010613598741864126
2016-08-15,0.1951951629617253
2016-08-16,0.0008628987574952455
2016-08-17,0.0
2016-08-18,0.19341221496402117
2016-08-19,0.7190179244107658
2016-08-20,10.180622500842164
2016-08-21,0.0
2016-08-22,0.0007289782399028881
2016-08-23,4.057741408826425
2016-08-24,3.564425478726602
2016-08-25,10.460051721314052
2016-08-26,27.042889720926844
2016-08-27,0.616607428316294
2016-08-28,6.157926255816072
2016-08-29,10.579372109459928
2016-08-30,12.560286928144933
2016-08-31,31.296974830809216
2016-09-01,0.0
2016-09-02,0.0
2016-09-03,0.0
2016-09-04,0.0
2016-09-05,0.0
2016-09-06,0.41375532631430173
2016-09-07,3.884476365452987
2016-09-08,0.7310905799398416
2016-09-09,0.26565824964497975
2016-09-10,13.758845526477106
2016-09-11,0.0
2016-09-12,0.013885967866039763
2016-09-13,5.3248818485769505
2016-09-14,7.316852083261616
2016-09-15,0.2747586670977267
2016-09-16,18.609182295113886
2016-09-17,1.8120049278448165
2016-09-18,3.9702448629196665
2016-09-19,0.0
2016-09-20,0.0
2016-09-21,0.0
2016-09-22,0.00028697959942098857
2016-09-23,0.007510164553795148
2016-09-24,5.840759250664791
2016-09-25,8.758586216734649
2016-09-26,0.016072145105698977
2016-09-27,0.016072145105698977
2016-09-28,0.016072145105698977
2016-09-29,0.016072145105698977
2016-09-30,0.016072145105698977
2016-10-01,0.24541666853428296
2016-10-02,0.1438182989136525
2016-10-03,0.11543744075338365
2016-10-04,0.0013140432159393519
2016-10-05,0.0
2016-10-06,0.058381460324849706
2016-10-07,0.9118103924206712
2016-10-08,0.0
2016-10-09,1.1199213047492456
2016-10-10,0.0124617026421322
2016-10-11,0.08477127972749722
2016-10-12,0.12518402194290026
2016-10-13,8.214410740187157
2016-10-14,0.02477135680992383
2016-10-15,0.0
2016-10-16,0.0
2016-10-17,0.0
2016-10-18,0.0
2016-10-19,0.0
2016-10-20,0.0
2016-10-21,0.3996656407869254
2016-10-22,0.3996656407869254
2016-10-23,0.3996656407869254
2016-10-24,0.3996656407869254
2016-10-25,0.3996656407869254
2016-10-26,0.13275621898743586
2016-10-27,0.06612988728897932
2016-10-28,0.06612988728897932
2016-10-29,0.06612988728897932
2016-10-30,0.06612988728897932
2016-10-31,0.06612988728897932
2016-11-01,0.0
2016-11-02,0.3334857178585986
2016-11-03,1.4298598528281525
2016-11-04,0.0
2016-11-05,3.2140072344259574
2016-11-06,0.09164384645928499
2016-11-07,0.059750841702136945
2016-11-08,0.0025924153309356637
2016-11-09,5.006511544783287e-05
2016-11-10,0.0
2016-11-11,0.0
2016-11-12,0.0
2016-11-13,0.0
2016-11-14,0.0
2016-11-15,0.0
2016-11-16,0.015404629228242076
2016-11-17,0.015404629228242076
2016-11-18,0.015404629228242076
2016-11-19,0.015404629228242076
2016-11-20,0.015404629228242076
2016-11-21,0.0
2016-11-22,2.0251214266683615
2016-11-23,0.15624087699194092
2016-11-24,0.0
2016-11-25,0.0
2016-11-26,0.0
2016-11-27,7.222365016661507
2016-11-28,0.0
2016-11-29,0.001115109461089107
2016-11-30,0.0
2016-12-01,0.0
2016-12-02,0.04986966439048558
2016-12-03,12.174336375307382
2016-12-04,1.243799734966887
2016-12-05,0.0
2016-12-06,0.0
2016-12-07,0.0
2016-12-08,0.0
2016-12-09,0.0
2016-12-10,0.0
2016-12-11,0.021787843141981265
2016-12-12,0.021787843141981265
2016-12-13,0.021787843141981265
2016-12-14,0.021787843141981265
2016-12-15,1.4312615122044565
2016-12-16,0.0
2016-12-17,3.7704475508699296
2016-12-18,0.025607426167749827
2016-12-19,0.0
2016-12-20,0.0
2016-12-21,0.0
2016-12-22,0.016409571269224685
2016-12-23,0.0844409199350308
2016-12-24,0.0
2016-12-25,0.3596848354414581
2016-12-26,0.0
2016-12-27,0.0
2016-12-28,0.0
2016-12-29,0.0
2016-12-30,0.0
2016-12-31,0.0
2017-01-01,0.013609335245300332
2017-01-02,4.04636764707428
2017-01-03,0.06683745832892996
2017-01-04,0.0
2017-01-05,0.05145603965324997
2017-01-06,12.090698749149848
2017-01-07,0.0
2017-01-08,0.0
2017-01-09,0.0
2017-01-10,0.0
2017-01-11,0.013576630325406897
2017-01-12,0.0
2017-01-13,0.5914625438047189
2017-01-14,24.361263730721532
2017-01-15,42.49595083395581
2017-01-16,0.3082871691574116
2017-01-17,0.0
2017-01-18,0.04945678402001361
2017-01-19,0.0
2017-01-20,0.0
2017-01-21,0.0
2017-01-22,0.0
2017-01-23,0.0
2017-01-24,0.0
2017-01-25,0.0
2017-01-26,0.0
2017-01-27,0.0
2017-01-28,0.0
2017-01-29,0.0
2017-01-30,0.0
2017-01-31,0.0
2017-02-01,0.0
2017-02-02,0.0
2017-02-03,0.0
2017-02-04,0.0
2017-02-05,0.0
2017-02-06,0.0015706613128954581
2017-02-07,0.0015706613128954581
2017-02-08,0.0015706613128954581
2017-02-09,0.0015706613128954581
2017-02-10,0.0015706613128954581
2017-02-11,0.0
2017-02-12,0.932480721338456
2017-02-13,15.737279836506097
2017-02-14,8.288684163836889
2017-02-15,0.0424058897500786
2017-02-16,0.0
2017-02-17,0.0
2017-02-18,0.0
2017-02-19,1.3226751190532906
2017-02-20,0.3652428716282173
2017-02-21,0.0
2017-02-22,0.0
2017-02-23,0.0
2017-02-24,0.0
2017-02-25,0.0
2017-02-26,0.03356820270026254
2017-02-27,1.737000010289794
2017-02-28,1.3212405875619322
2017-03-01,0.0
2017-03-02,0.0
2017-03-03,0.0
2017-03-04,0.0
2017-03-05,0.0
2017-03-06,0.0
2017-03-07,0.0
2017-03-08,0.0
2017-03-09,0.0
2017-03-10,0.0
2017-03-11,0.049855801821766375
2017-03-12,0.0007721680916603945
2017-03-13,0.05475081175311637
2017-03-14,0.0
2017-03-15,0.0
2017-03-16,0.0
2017-03-17,0.0
2017-03-18,0.002210143012467094
2017-03-19,0.0013773533994559473
2017-03-20,0.0
2017-03-21,0.001124165247981015
2017-03-22,0.03738110981431869
2017-03-23,1.9342329634630508e-06
2017-03-24,0.34712244262490555
2017-03-25,0.04221656547075313
2017-03-26,0.015837657882483425
2017-03-27,0.0
2017-03-28,23.22846594775604
2017-03-29,28.479342387922078
2017-03-30,0.022931616297181
2017-03-31,0.0
2017-04-01,1.2689427031213791
2017-04-02,0.5460534124443682
2017-04-03,0.008066465727329645
2017-04-04,0.663821651474014
2017-04-05,0.09329053612523029
2017-04-06,0.17376145822477376
2017-04-07,0.17376145822477376
2017-04-08,0.17376145822477376
2017-04-09,0.17376145822477376
2017-04-10,0.17376145822477376
2017-04-11,0.0
2017-04-12,0.043629889926526666
2017-04-13,12.576508200096681
2017-04-14,0.23495731015330812
2017-04-15,0.006390465268101393
2017-04-16,0.6884858288740933
2017-04-17,4.7329933260233705
2017-04-18,0.21078842761172026
2017-04-19,0.0
2017-04-20,0.024250438827821796
2017-04-21,7.77515277709724
2017-04-22,0.004063383063307571
2017-04-23,0.0016447634597085237
2017-04-24,0.0
2017-04-25,0.005165590684650111
2017-04-26,6.935504938010946
2017-04-27,0.7351137196214453
2017-04-28,0.27978282406380883
2017-04-29,20.0407532278182
2017-04-30,9.688192664693117
2017-05-01,0.023415770955339428
2017-05-02,0.00037374485367527274
2017-05-03,5.0173401969130875
2017-05-04,2.0024397073940716
2017-05-05,0.0
2017-05-06,0.0
2017-05-07,0.0
2017-05-08,0.014819212583013254
2017-05-09,1.166516781667479
2017-05-10,31.636325218461426
2017-05-11,8.733456286097187
2017-05-12,0.5950152279792206
2017-05-13,0.0
2017-05-14,0.0
2017-05-15,0.021806425744873018
2017-05-16,2.002553928715357
2017-05-17,0.5505752521356126
2017-05-18,1.1959656577766076
2017-05-19,0.6150660151758431
2017-05-20,9.285568952669337e-06
2017-05-21,0.0
2017-05-22,2.546575278588419
2017-05-23,0.1639962996602434
2017-05-24,0.0
2017-05-25,0.0011074383747455546
2017-05-26,0.0
2017-05-27,0.0
2017-05-28,0.0
2017-05-29,0.0
2017-05-30,0.0
2017-05-31,0.0
2017-06-01,0.07429384451726252
2017-06-02,5.21345400730742
2017-06-03,4.360517553912312
2017-06-04,0.6297931238252691
2017-06-05,0.4841443068113615
2017-06-06,0.0
2017-06-07,1.9321957313214007
2017-06-08,3.959849782518429
2017-06-09,0.24200214218585542
2017-06-10,0.043779752683241434
2017-06-11,0.0006009974076014912
2017-06-12,0.5751978453715003
2017-06-13,0.21863396371742888
2017-06-14,0.11896591150146454
2017-06-15,1.3647248547533724
2017-06-16,0.18728300742394868
2017-06-17,0.0
2017-06-18,0.10463495082144673
2017-06-19,0.000304396084264295
2017-06-20,1.2837467943115554e-05
2017-06-21,0.053489152735579464
2017-06-22,0.003821067543835785
2017-06-23,2.086422817338837
2017-06-24,7.184503261424526
2017-06-25,3.5514610490747507
2017-06-26,3.953463109026284
2017-06-27,0.7138921348007521
2017-06-28,0.0
2017-06-29,0.0
2017-06-30,1.345819056368495
2017-07-01,7.500109338975951
2017-07-02,9.983529962832772
2017-07-03,0.4790023170336003
2017-07-04,10.451356547667034
2017-07-05,3.5642428314517707
2017-07-06,0.0
2017-07-07,0.0
2017-07-08,0.0
2017-07-09,0.0
2017-07-10,0.0
2017-07-11,0.00012290253675191747
2017-07-12,0.00012290253675191747
2017-07-13,0.00012290253675191747
2017-07-14,0.00012290253675191747
2017-07-15,0.010876630414065445
2017-07-16,1.2594032324062507
2017-07-17,2.3462420886045647
2017-07-18,0.327639349400658
2017-07-19,0.0
2017-07-20,0.0
2017-07-21,0.0
2017-07-22,0.00022651719038333044
2017-07-23,0.08298847693054237
2017-07-24,0.8055349106830445
2017-07-25,0.00020466983300489674
2017-07-26,0.05565081540266601
2017-07-27,0.6434612355795296
2017-07-28,7.392634916480619
2017-07-29,2.6189286455418483
2017-07-30,0.8569750321985797
2017-07-31,20.99042074733345
2017-08-01,0.0
2017-08-02,0.0
2017-08-03,0.0
2017-08-04,0.0
2017-08-05,0.0
2017-08-06,1.979907158825396
2017-08-07,1.94528361144387
2017-08-08,0.5053447317939821
2017-08-09,0.972224131451376
2017-08-10,3.595271351851227
2017-08-11,36.535211810297454
2017-08-12,18.790193553928482
2017-08-13,1.619858157641863
2017-08-14,12.86808316987497
2017-08-15,14.620394854010323
2017-08-16,0.0
2017-08-17,0.0
2017-08-18,0.0
2017-08-19,0.0
2017-08-20,0.0
2017-08-21,0.017715925196373467
2017-08-22,0.9735994298991374
2017-08-23,0.16900085639556237
2017-08-24,0.00023996787098292237
2017-08-25,0.27295675989129176
2017-08-26,0.06782274784145875
2017-08-27,4.194181643828006e-06
2017-08-28,0.03735230130965584
2017-08-29,0.0
2017-08-30,0.0
2017-08-31,0.0
2017-09-01,0.0
2017-09-02,0.0029456131114663506
2017-09-03,0.0
2017-09-04,0.0
2017-09-05,0.0
2017-09-06,0.05167319614619188
2017-09-07,0.05167319614619188
2017-09-08,0.05167319614619188
2017-09-09,0.05167319614619188
2017-09-10,0.05167319614619188
2017-09-11,0.017803433909899836
2017-09-12,0.017803433909899836
2017-09-13,0.017803433909899836
2017-09-14,0.017803433909899836
2017-09-15,1.8719574685585618
2017-09-16,4.5640433099087305
2017-09-17,3.118176446154744
2017-09-18,41.59037890879202
2017-09-19,0.0
2017-09-20,0.0
2017-09-21,0.25143161565287786
2017-09-22,0.0
2017-09-23,0.5033997505574576
2017-09-24,3.585452509690339
2017-09-25,17.606738080399605
2017-09-26,7.373092241904796
2017-09-27,1.255696353203181
2017-09-28,0.5975338624001825
2017-09-29,1.8629432836741324
2017-09-30,0.9938039828229931
2017-10-01,0.4561193211712979
2017-10-02,0.056231272330672225
2017-10-03,1.99960275170366
2017-10-04,10.246603758620006
2017-10-05,18.312976377042
2017-10-06,2.4870336016311745
2017-10-07,22.19776434349772
2017-10-08,0.0
2017-10-09,0.004127856235951171
2017-10-10,0.9525381704355799
2017-10-11,0.0
2017-10-12,0.0
2017-10-13,0.0
2017-10-14,0.7887255610012784
2017-10-15,0.13826353629142943
2017-10-16,0.0
2017-10-17,0.0
2017-10-18,0.0
2017-10-19,0.0
2017-10-20,0.0
2017-10-21,1.0254573634027067
2017-10-22,0.014492458557682681
2017-10-23,0.0
2017-10-24,0.0
2017-10-25,0.0
2017-10-26,0.0
2017-10-27,1.1555729908323392e-05
2017-10-28,0.0
2017-10-29,0.0
2017-10-30,0.0
2017-10-31,0.5335253833549692
2017-11-01,0.0
2017-11-02,0.0
2017-11-03,0.0
2017-11-04,0.0
2017-11-05,0.0
2017-11-06,0.0
2017-11-07,0.0
2017-11-08,0.0
2017-11-09,0.0
2017-11-10,0.0
2017-11-11,0.0
2017-11-12,0.0
2017-11-13,0.0
2017-11-14,0.0
2017-11-15,0.0
2017-11-16,0.9194863641672065
2017-11-17,0.687661946216675
2017-11-18,0.6955420097430071
2017-11-19,0.687661946216675
2017-11-20,0.687661946216675
2017-11-21,0.0
2017-11-22,0.0
2017-11-23,0.0
2017-11-24,0.0
2017-11-25,0.0
2017-11-26,0.0
2017-11-27,0.0
2017-11-28,0.0
2017-11-29,0.0
2017-11-30,0.0
2017-12-01,0.0
2017-12-02,0.0
2017-12-03,0.0
2017-12-04,0.0
2017-12-05,0.7829277472928429
2017-12-06,0.0
2017-12-07,0.0
2017-12-08,0.0
2017-12-09,0.0
2017-12-10,0.0
2017-12-11,0.0
2017-12-12,0.0
2017-12-13,0.0
2017-12-14,0.0
2017-12-15,0.0
2017-12-16,0.0
2017-12-17,0.0
2017-12-18,0.0
2017-12-19,0.0
2017-12-20,0.0
2017-12-21,0.0
2017-12-22,0.0
2017-12-23,0.0
2017-12-24,0.0
2017-12-25,0.0
2017-12-26,1.3836059559963798
2017-12-27,0.9612842472683577
2017-12-28,0.0
2017-12-29,0.14550814089160494
2017-12-30,0.03507684893440539
2017-12-31,0.21000643460381882
2018-01-01,0.0
2018-01-02,0.0
2018-01-03,0.0
2018-01-04,0.0
2018-01-05,0.0
2018-01-06,0.0
2018-01-07,4.597030681989426
2018-01-08,0.0
2018-01-09,0.0
2018-01-10,0.0
2018-01-11,0.019286640884570844
2018-01-12,0.0
2018-01-13,0.011902860810934153
2018-01-14,0.0
2018-01-15,0.0010455985004189203
2018-01-16,0.0
2018-01-17,0.0
2018-01-18,0.0
2018-01-19,0.0
2018-01-20,0.0
2018-01-21,0.0
2018-01-22,0.0
2018-01-23,0.0
2018-01-24,0.0
2018-01-25,0.0
2018-01-26,0.0
2018-01-27,0.0
2018-01-28,0.0
2018-01-29,0.0
2018-01-30,0.0
2018-01-31,0.0
2018-02-01,0.042633476829943166
2018-02-02,0.7835054089447271
2018-02-03,0.042633476829943166
2018-02-04,0.042633476829943166
2018-02-05,0.042633476829943166
2018-02-06,0.0
2018-02-07,0.0
2018-02-08,0.0
2018-02-09,0.0
2018-02-10,0.0
2018-02-11,1.2053326695506186
2018-02-12,0.03639866070600656
2018-02-13,0.016842137484490687
2018-02-14,0.0008566317984667879
2018-02-15,0.05209842610980029
2018-02-16,0.009486792752735122
2018-02-17,9.936211820661708
2018-02-18,0.0004754031452367876
2018-02-19,0.09698818561657119
2018-02-20,1.2929155073519931
2018-02-21,0.0
2018-02-22,0.0
2018-02-23,0.0
2018-02-24,0.0
2018-02-25,0.0
2018-02-26,0.028975628477851137
2018-02-27,0.5604848674904218
2018-02-28,0.028975628477851137
2018-03-01,0.0
2018-03-02,0.0
2018-03-03,0.0
2018-03-04,0.0
2018-03-05,0.0
2018-03-06,0.0
2018-03-07,0.0
2018-03-08,0.0
2018-03-09,0.0
2018-03-10,0.0
2018-03-11,0.0
2018-03-12,0.0
2018-03-13,0.0
2018-03-14,0.0
2018-03-15,0.0
2018-03-16,0.0
2018-03-17,0.0
2018-03-18,0.6142663395719389
2018-03-19,0.488410351196993
2018-03-20,0.0
2018-03-21,0.07320263786608933
2018-03-22,0.07320263786608933
2018-03-23,0.9346319154918243
2018-03-24,0.10899342840561053
2018-03-25,2.6722586619691664
2018-03-26,1.7827794762307956
2018-03-27,8.496257849158852
2018-03-28,5.856086806083638
2018-03-29,1.8895697205773927
2018-03-30,3.3569001333206294e-05
2018-03-31,0.0
2018-04-01,11.447643153073304
2018-04-02,1.0010060463834012
2018-04-03,0.0
2018-04-04,0.0
2018-04-05,0.0
2018-04-06,0.8349798707531142
2018-04-07,1.3594590395084067
2018-04-08,0.0
2018-04-09,1.4150003193850926
2018-04-10,0.0
2018-04-11,0.0
2018-04-12,0.0
2018-04-13,0.0014450266250310964
2018-04-14,0.0
2018-04-15,0.0
2018-04-16,0.0
2018-04-17,0.0
2018-04-18,0.0
2018-04-19,0.0
2018-04-20,0.05233360168961655
2018-04-21,7.486264324719416
2018-04-22,0.06913757086805641
2018-04-23,0.0
2018-04-24,0.07333272403380957
2018-04-25,6.512192685102919
2018-04-26,0.07204471772394723
2018-04-27,0.0005394879506736107
2018-04-28,0.0
2018-04-29,0.000573750633550176
2018-04-30,0.5998310877798713
2018-05-01,0.2563022602646588
2018-05-02,1.4660122949373342
2018-05-03,3.75441841326552
2018-05-04,0.0
2018-05-05,0.0
2018-05-06,0.0
2018-05-07,0.0
2018-05-08,0.10905963725990145
2018-05-09,1.8980189666440255
2018-05-10,0.5553295354982799
2018-05-11,0.08139237978891618
2018-05-12,2.7134581551802377
2018-05-13,6.558780235556133
2018-05-14,5.9488668882010165
2018-05-15,8.360194343358136
2018-05-16,1.457463610294515
2018-05-17,0.3750364076220337
2018-05-18,10.593592348628954
2018-05-19,7.835417605993031
2018-05-20,8.717321425163371
2018-05-21,2.740726605230256
2018-05-22,3.0681723265377676
2018-05-23,1.0169893139703248
2018-05-24,6.9675219884708115
2018-05-25,3.0217275259476453
2018-05-26,0.8289617797184806
2018-05-27,7.8387449606301915
2018-05-28,3.336221432315079
2018-05-29,2.214693911695832
2018-05-30,0.025964723659714774
2018-05-31,0.0916486585172576
2018-06-01,0.26711994873963013
2018-06-02,0.0
2018-06-03,0.0
2018-06-04,0.005899690939166869
2018-06-05,0.33163563338713525
2018-06-06,0.0
2018-06-07,1.7641500596089335
2018-06-08,0.315521582874736
2018-06-09,1.2488717564237997
2018-06-10,3.5681250404669895
2018-06-11,10.507107589696393
2018-06-12,3.3238595768565773
2018-06-13,0.2199450531740137
2018-06-14,1.5266888480930727
2018-06-15,0.012865954346228028
2018-06-16,1.2177079180586345
2018-06-17,12.780619122881737
2018-06-18,7.126930870283372
2018-06-19,2.1824328693561186
2018-06-20,5.860295560238539
2018-06-21,0.31767946343700443
2018-06-22,0.1638150132953773
2018-06-23,10.267878113111223
2018-06-24,1.8588174911672828
2018-06-25,42.40749354121856
2018-06-26,0.045208625424894
2018-06-27,0.002494089049688387
2018-06-28,0.0
2018-06-29,0.004185211786336477
2018-06-30,5.561666945219778
2018-07-01,0.006454373644004216
2018-07-02,0.04650827863515674
2018-07-03,0.003791219231506965
2018-07-04,0.006621162751282362
2018-07-05,0.008975437229584568
2018-07-06,2.4865079328439457
2018-07-07,2.62782382535807
2018-07-08,0.28650706382178953
2018-07-09,0.0016112958057228008
2018-07-10,0.002473392842175004
2018-07-11,0.13499981108955392
2018-07-12,1.1002415594203991
2018-07-13,0.1518726105726947
2018-07-14,2.654512817601939
2018-07-15,0.5516510787742739
2018-07-16,0.16383742848680713
2018-07-17,0.17222459340149648
2018-07-18,0.003864771776912565
2018-07-19,0.0
2018-07-20,0.0
2018-07-21,2.658104224693963
2018-07-22,0.0024157572107844877
2018-07-23,0.5949511608930106
2018-07-24,0.37877094356384516
2018-07-25,0.01625028384481204
2018-07-26,4.521167759376435
2018-07-27,2.5272619501335285
2018-07-28,1.2304968649465005
2018-07-29,0.6599217791080634
2018-07-30,23.78191859245808
2018-07-31,0.0
2018-08-01,0.011030774193114034
2018-08-02,0.8120026265304252
2018-08-03,0.002504043529813006
2018-08-04,0.1397066673205812
2018-08-05,0.0010360705141027793
2018-08-06,0.0
2018-08-07,0.008329711126721416
2018-08-08,1.1786388926441338
2018-08-09,1.1323955527085021
2018-08-10,4.246934075189948
2018-08-11,5.366311289268832
2018-08-12,2.535224176815095
2018-08-13,14.688932945940328
2018-08-14,1.464572098314763
2018-08-15,1.0563218250896655
2018-08-16,0.14200103120611793
2018-08-17,0.9110676296864282
2018-08-18,9.737082933541021
2018-08-19,8.719220659432095
2018-08-20,0.0
2018-08-21,0.0
2018-08-22,0.9640447357902546
2018-08-23,1.429774056117531
2018-08-24,0.22337130254888318
2018-08-25,2.8716249848447086
2018-08-26,0.8911805036298435
2018-08-27,1.0069476510036695
2018-08-28,3.755870294323172
2018-08-29,14.714514755215113
2018-08-30,1.6744840548440199
2018-08-31,0.00011346149633601228
2018-09-01,0.0012057686380482682
2018-09-02,0.002387220466667115
2018-09-03,0.3922915448182207
2018-09-04,0.02854314485797601
2018-09-05,0.27212081526156684
2018-09-06,8.520450583631035
2018-09-07,5.917371847707334
2018-09-08,5.65334429269325
2018-09-09,0.46590735851218457
2018-09-10,0.0
2018-09-11,2.817764278285773e-05
2018-09-12,0.0011390891823904606
2018-09-13,0.012032247514789533
2018-09-14,0.0
2018-09-15,1.395929086171634
2018-09-16,0.8667794288551023
2018-09-17,0.00028915821913195474
2018-09-18,5.3835940358664765e-05
2018-09-19,0.0
2018-09-20,0.07570090446071966
2018-09-21,15.191428095467419
2018-09-22,0.000283742952360608
2018-09-23,0.0
2018-09-24,0.06143684112217617
2018-09-25,0.0
2018-09-26,5.842933696172287
2018-09-27,0.0
2018-09-28,1.0824367656800276
2018-09-29,10.385169309161592
2018-09-30,0.0003678319583055593
2018-10-01,0.0001408327614912331
2018-10-02,0.0
2018-10-03,0.015250251959839416
2018-10-04,0.17505051502654087
2018-10-05,0.7228106623286081
2018-10-06,17.74715433862809
2018-10-07,13.315200768216808
2018-10-08,72.93119940947453
2018-10-09,29.184217352549183
2018-10-10,0.05505102035045629
2018-10-11,0.0038260785804996463
2018-10-12,0.7158957635506118
2018-10-13,3.193522773816456
2018-10-14,0.1522079648892691
2018-10-15,0.06274241041658608
2018-10-16,0.0
2018-10-17,0.0
2018-10-18,0.0
2018-10-19,0.0
2018-10-20,0.0
2018-10-21,0.2191163227933039
2018-10-22,0.001461109235125423
2018-10-23,0.27028880072550426
2018-10-24,16.268109923620724
2018-10-25,1.4319734162638535
2018-10-26,0.010275216331076533
2018-10-27,0.0
2018-10-28,0.0
2018-10-29,0.0
2018-10-30,0.0
2018-10-31,10.176695745019142
2018-11-01,0.0009143222253256749
2018-11-02,0.0
2018-11-03,0.007157364148180424
2018-11-04,0.0007379893822877608
2018-11-05,0.4304208640259601
2018-11-06,0.0
2018-11-07,0.0
2018-11-08,0.0
2018-11-09,0.0
2018-11-10,0.0
2018-11-11,0.0
2018-11-12,0.0
2018-11-13,0.0
2018-11-14,0.0
2018-11-15,0.0
2018-11-16,0.0
2018-11-17,0.0
2018-11-18,0.0
2018-11-19,0.0
2018-11-20,0.0
2018-11-21,3.489047680866206
2018-11-22,0.013536320340796933
2018-11-23,0.013536320340796933
2018-11-24,0.013536320340796933
2018-11-25,0.6118907197882729
2018-11-26,0.0
2018-11-27,0.0
2018-11-28,0.0
2018-11-29,0.0
2018-11-30,6.496820529228426
2018-12-01,0.0
2018-12-02,0.0
2018-12-03,0.0
2018-12-04,0.0
2018-12-05,0.0
2018-12-06,0.0012354969471593646
2018-12-07,7.277681473087002
2018-12-08,1.0041854322609078
2018-12-09,0.0
2018-12-10,0.0
2018-12-11,0.0
2018-12-12,0.0
2018-12-13,0.11029687496754867
2018-12-14,0.0
2018-12-15,0.0
2018-12-16,0.44078513562302385
2018-12-17,0.44078513562302385
2018-12-18,0.44078513562302385
2018-12-19,0.5795868519745218
2018-12-20,0.6631142893546832
2018-12-21,0.0
2018-12-22,0.0
2018-12-23,0.0
2018-12-24,0.0
2018-12-25,0.0
2018-12-26,0.0
2018-12-27,0.0
2018-12-28,0.0
2018-12-29,0.0
2018-12-30,0.0
2018-12-31,0.0
2019-01-01,0.0
2019-01-02,0.0
2019-01-03,0.0
2019-01-04,0.0
2019-01-05,0.0
2019-01-06,0.41281337939997437
2019-01-07,0.2989918034054093
2019-01-08,0.2989918034054093
2019-01-09,0.2989918034054093
2019-01-10,0.2989918034054093
2019-01-11,11.465795427940918
2019-01-12,1.4988221859051423
2019-01-13,0.001496427745856115
2019-01-14,0.0
2019-01-15,0.0
2019-01-16,0.0
2019-01-17,0.0
2019-01-18,0.0
2019-01-19,0.0
2019-01-20,0.0
2019-01-21,0.0
2019-01-22,0.000719592886465851
2019-01-23,0.0
2019-01-24,0.0002702914141690183
2019-01-25,0.00022394425402395615
2019-01-26,0.000980402640323884
2019-01-27,0.000980402640323884
2019-01-28,0.016967909056828028
2019-01-29,0.003975066301725569
2019-01-30,0.000980402640323884
2019-01-31,0.000980402640323884
2019-02-01,0.0
2019-02-02,0.0
2019-02-03,0.0
2019-02-04,0.0
2019-02-05,0.0
2019-02-06,3.8664800281223197
2019-02-07,3.7761738696450036
2019-02-08,0.0
2019-02-09,0.0006912779057683124
2019-02-10,0.04175958794136621
2019-02-11,1.847938495134651
2019-02-12,1.1833005242126766
2019-02-13,0.0
2019-02-14,0.0
2019-02-15,5.202661555421744
2019-02-16,0.3085015914761646
2019-02-17,0.024140714011002675
2019-02-18,0.7697084167842522
2019-02-19,6.961709456370856
2019-02-20,0.9789210136516818
2019-02-21,0.030468577661615478
2019-02-22,0.02331719410912171
2019-02-23,0.21707783886121898
2019-02-24,0.0
2019-02-25,0.0
2019-02-26,0.0
2019-02-27,0.0
2019-02-28,0.0
2019-03-01,0.0
2019-03-02,0.12945155713938925
2019-03-03,4.299682395255802
2019-03-04,0.19014445790002127
2019-03-05,0.0
2019-03-06,0.0
2019-03-07,0.009835033663913506
2019-03-08,0.16558682886796702
2019-03-09,11.425973199404751
2019-03-10,0.0
2019-03-11,1.3065419006662728
2019-03-12,11.636640615828998
2019-03-13,25.39844588368811
2019-03-14,0.00829312149635924
2019-03-15,0.0
2019-03-16,0.0
2019-03-17,0.0
2019-03-18,0.0
2019-03-19,0.0
2019-03-20,0.0
2019-03-21,0.004870614103536811
2019-03-22,2.895815628677303
2019-03-23,26.563216502155203
2019-03-24,0.0
2019-03-25,0.014663527194444501
2019-03-26,0.0
2019-03-27,0.0
2019-03-28,0.0
2019-03-29,0.0
2019-03-30,0.0
2019-03-31,0.0
2019-04-01,0.4086946533239599
2019-04-02,0.0
2019-04-03,0.16202946377923808
2019-04-04,11.386635436005035
2019-04-05,0.0005387955641427153
2019-04-06,8.471937190676497
2019-04-07,0.0
2019-04-08,0.0
2019-04-09,0.0
2019-04-10,0.0
2019-04-11,0.0005321011164410714
2019-04-12,0.25685710636387926
2019-04-13,7.899000577726584
2019-04-14,0.1418510552258491
2019-04-15,0.0
2019-04-16,0.05068288943337953
2019-04-17,7.082494040041813
2019-04-18,3.7875240171740248
2019-04-19,6.916320952216573e-05
2019-04-20,0.0
2019-04-21,0.010169893972386665
2019-04-22,0.16763473765161035
2019-04-23,21.625895063114044
2019-04-24,0.0025230697342555116
2019-04-25,0.0
2019-04-26,0.38049671578357835
2019-04-27,0.001969776978955775
2019-04-28,0.0
2019-04-29,0.11921748994909524
2019-04-30,4.172155019576774
2019-05-01,0.9808730757290671
2019-05-02,2.862259604467087
2019-05-03,7.505028411906714
2019-05-04,0.8972184232146239
2019-05-05,0.0387388551463131
2019-05-06,17.45144143160645
2019-05-07,18.383715989156048
2019-05-08,17.629844966836906
2019-05-09,7.210495996067802
2019-05-10,11.5830753507985
2019-05-11,0.0
2019-05-12,0.0
2019-05-13,0.0
2019-05-14,0.0
2019-05-15,0.0
2019-05-16,0.002097201191862566
2019-05-17,0.1029529040154548
2019-05-18,0.002876438805135154
2019-05-19,0.0
2019-05-20,9.871624980867326
2019-05-21,13.583961164533555
2019-05-22,0.0
2019-05-23,6.103193945150504
2019-05-24,19.139358545154515
2019-05-25,11.956275854884503
2019-05-26,5.334499352055268
2019-05-27,26.48785340023825
2019-05-28,0.5809141530568152
2019-05-29,0.13457032220281687
2019-05-30,1.0430215136674175e-05
2019-05-31,0.1102821154966962
2019-06-01,0.4010064367349807
2019-06-02,4.159668885431378
2019-06-03,25.488820700037866
2019-06-04,10.044634117775056
2019-06-05,0.6670845582403281
2019-06-06,17.890894883235838
2019-06-07,0.0567651404465601
2019-06-08,0.0
2019-06-09,0.5255368264208647
2019-06-10,0.060000423095884
2019-06-11,0.0067640860287239
2019-06-12,2.8130658258619508
2019-06-13,0.00023712918641433648
2019-06-14,2.312419026285251
2019-06-15,0.0
2019-06-16,3.1447815925879916
2019-06-17,0.0
2019-06-18,26.412961759163807
2019-06-19,11.621624040160414
2019-06-20,0.047428007000523055
2019-06-21,0.0028376094372731054
2019-06-22,0.2446770788439944
2019-06-23,6.895827548480342
2019-06-24,0.38591838909580245
2019-06-25,1.1452129413025387
2019-06-26,0.10494227136011341
2019-06-27,0.10494227136011341
2019-06-28,0.10494227136011341
2019-06-29,1.4607151368760956
2019-06-30,3.2555104621179054
2019-07-01,0.0
2019-07-02,0.002999663301886933
2019-07-03,0.0013005188775653826
2019-07-04,0.00266267238005656
2019-07-05,0.0007179500754765021
2019-07-06,0.8147587395423878
2019-07-07,6.339376839302046
2019-07-08,15.935830955574037
2019-07-09,2.0262740310845753
2019-07-10,2.5710605256392602
2019-07-11,9.509216785124615
2019-07-12,0.01005704649600688
2019-07-13,1.1999671880149758
2019-07-14,0.006705062959695705
2019-07-15,1.4345236143200886
2019-07-16,4.902672525381916
2019-07-17,0.026696610230051147
2019-07-18,0.19606551529232882
2019-07-19,0.0
2019-07-20,0.0
2019-07-21,1.8128737491796063
2019-07-22,1.61616277854382
2019-07-23,0.35696413567694957
2019-07-24,0.0036122261206559254
2019-07-25,0.0036122261206559254
2019-07-26,0.008853259233161489
2019-07-27,0.012497799379502758
2019-07-28,0.0024349119354577014
2019-07-29,0.0010731159707256675
2019-07-30,1.3721393870362106e-05
2019-07-31,0.0
2019-08-01,0.08079326022538148
2019-08-02,1.2314988620773104
2019-08-03,0.1923235150152043
2019-08-04,0.005729430305516526
2019-08-05,0.0
2019-08-06,1.369880060491941
2019-08-07,3.0931199393617628
2019-08-08,1.8653418848734205
2019-08-09,0.8919019163111043
2019-08-10,3.001034971385277
2019-08-11,0.1913243406555315
2019-08-12,0.33498180242968145
2019-08-13,20.69118289968181
2019-08-14,0.002188260038691993
2019-08-15,0.12104956465205662
2019-08-16,0.33059978761798886
2019-08-17,1.6294406972841637
2019-08-18,0.0
2019-08-19,1.4985794756593191
2019-08-20,1.4612465575418467
2019-08-21,1.840106812949342
2019-08-22,19.831276960174602
2019-08-23,7.107978900888394
2019-08-24,1.9552488332961515
2019-08-25,0.045543408233310025
2019-08-26,0.0
2019-08-27,2.8979439094229313
2019-08-28,0.43284586504581607
2019-08-29,2.9750931387190613
2019-08-30,0.16022176400808613
2019-08-31,0.11734324847586526
2019-09-01,0.46107246283218034
2019-09-02,0.0
2019-09-03,0.0
2019-09-04,0.0
2019-09-05,0.0
2019-09-06,0.0
2019-09-07,0.0
2019-09-08,0.006680845797141246
2019-09-09,0.05239646323918158
2019-09-10,0.0275558519982298
2019-09-11,0.1781684847624602
2019-09-12,0.24557838733208498
2019-09-13,11.713596633906812
2019-09-14,0.0034869883014347403
2019-09-15,0.0
2019-09-16,0.03406623580117709
2019-09-17,0.042441707640517204
2019-09-18,0.38794341039775987
2019-09-19,5.266124547745092
2019-09-20,7.311863632876902
2019-09-21,7.928237825021738
2019-09-22,10.742626462025997
2019-09-23,0.26351367779268875
2019-09-24,0.6948251753828285
2019-09-25,0.4689218182812003
2019-09-26,0.3742411241417374
2019-09-27,0.0
2019-09-28,3.640661759379561
2019-09-29,5.518677723634005
2019-09-30,0.1020166506282976
2019-10-01,1.1359234427867317
2019-10-02,4.02302028529662
2019-10-03,35.34458984776144
2019-10-04,0.2730470567593791
2019-10-05,0.1406091397014228
2019-10-06,0.0
2019-10-07,0.0
2019-10-08,0.0
2019-10-09,1.9137687077570573
2019-10-10,0.0
2019-10-11,6.941869190239933e-05
2019-10-12,6.941869190239933e-05
2019-10-13,6.941869190239933e-05
2019-10-14,6.941869190239933e-05
2019-10-15,6.941869190239933e-05
2019-10-16,0.009666355581124058
2019-10-17,0.009666355581124058
2019-10-18,0.04357010508706587
2019-10-19,0.040893381563930055
2019-10-20,0.011616880248614242
2019-10-21,0.03271254570276194
2019-10-22,0.0
2019-10-23,0.0
2019-10-24,3.5020012170974884
2019-10-25,2.6787789881183772
2019-10-26,0.0
2019-10-27,0.0
2019-10-28,0.0003606212071054047
2019-10-29,0.23913111553955319
2019-10-30,0.47233325845159774
2019-10-31,0.0
2019-11-01,0.0
2019-11-02,0.0
2019-11-03,0.0
2019-11-04,0.0
2019-11-05,0.0
2019-11-06,0.8500898276683188
2019-11-07,13.523008307675754
2019-11-08,0.0
2019-11-09,0.0
2019-11-10,0.0
2019-11-11,0.0
2019-11-12,0.0
2019-11-13,0.0
2019-11-14,0.0
2019-11-15,0.0
2019-11-16,0.0
2019-11-17,0.0
2019-11-18,0.0
2019-11-19,0.0
2019-11-20,4.935701837854407
2019-11-21,0.0
2019-11-22,0.0
2019-11-23,0.0
2019-11-24,0.0
2019-11-25,0.0
2019-11-26,0.0
2019-11-27,0.0
2019-11-28,17.69845157104276
2019-11-29,0.4123755185260262
2019-11-30,0.13408128981766237
2019-12-01,0.0
2019-12-02,0.0
2019-12-03,0.0
2019-12-04,0.0
2019-12-05,0.0
2019-12-06,0.017944965149611268
2019-12-07,0.0
2019-12-08,0.0
2019-12-09,0.0
2019-12-10,0.0
2019-12-11,0.00015169779710563923
2019-12-12,0.00015169779710563923
2019-12-13,0.00015169779710563923
2019-12-14,0.00015169779710563923
2019-12-15,0.0069412505402687286
2019-12-16,0.0
2019-12-17,0.0
2019-12-18,0.0
2019-12-19,0.0
2019-12-20,0.0
2019-12-21,0.021930445374846907
2019-12-22,0.10052100780028111
2019-12-23,0.021930445374846907
2019-12-24,0.021930445374846907
2019-12-25,0.9725529926392381
2019-12-26,0.11319710644866318
2019-12-27,0.9320272571873977
2019-12-28,26.090737192945824
2019-12-29,0.04888154434619044
2019-12-30,0.0
2019-12-31,0.0
