,precipitation
1989-01-01,13.477069525883115
1989-01-02,0.012283905473505628
1989-01-03,4.673309901664997
1989-01-04,0.07841663345180709
1989-01-05,0.0
1989-01-06,0.20854003264986234
1989-01-07,0.10790278724041479
1989-01-08,1.3411767123074367
1989-01-09,1.4194996223367493
1989-01-10,1.4978382947116062
1989-01-11,1.7812423582734733
1989-01-12,2.7725096653247703
1989-01-13,4.61691473475818
1989-01-14,16.212770018084296
1989-01-15,0.512067218535933
1989-01-16,0.0
1989-01-17,0.0
1989-01-18,5.672370466692694
1989-01-19,0.12432335175830743
1989-01-20,22.447975487544618
1989-01-21,0.0
1989-01-22,0.0
1989-01-23,0.0
1989-01-24,3.944320326092942
1989-01-25,0.0
1989-01-26,0.6311086991737629
1989-01-27,0.7427169742255375
1989-01-28,0.0
1989-01-29,0.13848341025155167
1989-01-30,12.132711525621085
1989-01-31,0.0
1989-02-01,0.9134485999058033
1989-02-02,0.3126922558093893
1989-02-03,1.1799336754042526
1989-02-04,0.006566947936240969
1989-02-05,0.77701953310391
1989-02-06,3.0717353861907433
1989-02-07,10.365268016683645
1989-02-08,0.00011380144032641668
1989-02-09,0.0
1989-02-10,0.0
1989-02-11,0.0
1989-02-12,0.0
1989-02-13,0.10084973044436553
1989-02-14,0.3170038800815056
1989-02-15,0.30078381556889106
1989-02-16,0.5746781229972839
1989-02-17,0.14226172838745446
1989-02-18,2.021202704002117
1989-02-19,0.42011160377798407
1989-02-20,4.271454169832427
1989-02-21,25.108042486782733
1989-02-22,0.04397688799634062
1989-02-23,0.0
1989-02-24,0.0
1989-02-25,0.0
1989-02-26,0.02004096974971993
1989-02-27,0.2608343445021531
1989-02-28,5.363998051347403
1989-03-01,1.7723672143344222
1989-03-02,11.903830955768454
1989-03-03,0.30157292608557074
1989-03-04,7.658942699432373
1989-03-05,20.761018621510473
1989-03-06,0.2810564228686793
1989-03-07,0.04395070710572703
1989-03-08,0.03436749296840923
1989-03-09,0.0
1989-03-10,0.0
1989-03-11,0.0
1989-03-12,0.0
1989-03-13,0.00011470416964208386
1989-03-14,0.019648289243722784
1989-03-15,0.02240338871167202
1989-03-16,0.7414105548041647
1989-03-17,0.1467252708329209
1989-03-18,0.0023059065911340817
1989-03-19,0.00012762887465590932
1989-03-20,5.614152546586661
1989-03-21,28.584489296222554
1989-03-22,44.149205306480674
1989-03-23,41.482434174110146
1989-03-24,0.040450254423094203
1989-03-25,0.018777531507457125
1989-03-26,5.067747490159396
1989-03-27,1.9942820236600678
1989-03-28,0.07397895216428
1989-03-29,54.48821863634833
1989-03-30,8.828208660257273
1989-03-31,0.0200539903779482
1989-04-01,0.0
1989-04-02,0.0
1989-04-03,1.8645927371649906
1989-04-04,6.768879767121939
1989-04-05,7.312985823072236
1989-04-06,0.0
1989-04-07,0.0034796586756971827
1989-04-08,0.8972740399426428
1989-04-09,36.46511485658843
1989-04-10,7.302196091619031
1989-04-11,0.049404549059169044
1989-04-12,0.0
1989-04-13,0.0
1989-04-14,0.019567052127215368
1989-04-15,7.429465392540241
1989-04-16,0.0
1989-04-17,0.0
1989-04-18,0.0
1989-04-19,0.0
1989-04-20,0.0
1989-04-21,7.742823950609128e-06
1989-04-22,0.010709339447704882
1989-04-23,7.742823950609128e-06
1989-04-24,4.425248761404434e-05
1989-04-25,7.742823950609128e-06
1989-04-26,0.0
1989-04-27,0.0
1989-04-28,11.521981798369309
1989-04-29,5.663880685280109
1989-04-30,3.8822456721601815
1989-05-01,11.053837348674906
1989-05-02,0.0
1989-05-03,6.01606088671191
1989-05-04,20.239841000787145
1989-05-05,8.532451678966654
1989-05-06,0.0
1989-05-07,0.0
1989-05-08,0.07919892694415717
1989-05-09,1.6999226438588109
1989-05-10,6.213103771209717
1989-05-11,0.0
1989-05-12,0.0
1989-05-13,5.386195643194791
1989-05-14,17.10376160720299
1989-05-15,2.7461729748495696
1989-05-16,1.9418131811865444
1989-05-17,0.3652225758495002
1989-05-18,12.757272194171774
1989-05-19,56.516847939326844
1989-05-20,34.71627728692417
1989-05-21,13.047692907267603
1989-05-22,2.7187725983817
1989-05-23,17.71254427679654
1989-05-24,4.142706653167462
1989-05-25,0.6329075730052488
1989-05-26,0.15683900513525667
1989-05-27,0.0010228564888479766
1989-05-28,0.14127224561726226
1989-05-29,0.0
1989-05-30,0.0010746902327559054
1989-05-31,0.6317580342292786
1989-06-01,2.344159746992177
1989-06-02,6.905782757134273
1989-06-03,11.121722024062585
1989-06-04,1.0763867579657456
1989-06-05,15.26737117767334
1989-06-06,18.16162316552524
1989-06-07,10.051899679775897
1989-06-08,53.40547837882206
1989-06-09,0.13383618806456699
1989-06-10,4.5666702950758664e-05
1989-06-11,1.029306660438406
1989-06-12,0.6828016145475979
1989-06-13,0.12972996435288725
1989-06-14,9.116058957987818
1989-06-15,45.9978887623754
1989-06-16,0.5826049323739677
1989-06-17,0.0
1989-06-18,12.409885998429923
1989-06-19,22.186604269619647
1989-06-20,0.8734681539494416
1989-06-21,1.7356453640707608
1989-06-22,1.2765878582822865
1989-06-23,0.49379723082328664
1989-06-24,0.41001873797383803
1989-06-25,2.986346590107885
1989-06-26,4.837778872457044
1989-06-27,3.72738425485019
1989-06-28,3.270645889742621
1989-06-29,19.021294264957824
1989-06-30,13.387784563261887
1989-07-01,11.919906287357724
1989-07-02,20.606938230580297
1989-07-03,11.44369256907496
1989-07-04,7.454575028912775
1989-07-05,5.379023815023488
1989-07-06,11.654734447084625
1989-07-07,6.00095875509854
1989-07-08,6.139290727418045
1989-07-09,7.691033248243661
1989-07-10,3.443906151015183
1989-07-11,0.758689074680723
1989-07-12,0.29134488722373697
1989-07-13,2.964376219387712
1989-07-14,1.0567981415781482
1989-07-15,3.506664226795065
1989-07-16,1.392290288004382
1989-07-17,0.06195448133452185
1989-07-18,8.269326917056379
1989-07-19,0.5087338696266043
1989-07-20,3.53293436149071
1989-07-21,0.3386650326950797
1989-07-22,2.696312189102173
1989-07-23,5.380666708124095
1989-07-24,7.50652473548363
1989-07-25,3.069014037477559
1989-07-26,2.002588621501265
1989-07-27,2.303841389458755
1989-07-28,6.673358900793668
1989-07-29,7.455831346840694
1989-07-30,4.286541050878064
1989-07-31,4.804074813579691
1989-08-01,15.549887887362775
1989-08-02,1.8621524325732528
1989-08-03,0.046243802435567666
1989-08-04,0.029331700555209457
1989-08-05,2.5313863418354042e-05
1989-08-06,0.11067100871225884
1989-08-07,7.075697537126212
1989-08-08,2.888240538794419
1989-08-09,0.0
1989-08-10,0.0001664798694726979
1989-08-11,0.8594611184350376
1989-08-12,0.009578012112640488
1989-08-13,0.007993770923850865
1989-08-14,0.03708022269259753
1989-08-15,0.231995506533261
1989-08-16,0.0
1989-08-17,0.0
1989-08-18,0.0
1989-08-19,0.0
1989-08-20,0.0
1989-08-21,0.16409687903420678
1989-08-22,1.8939188225515957
1989-08-23,2.489939471770977
1989-08-24,1.547976358183499
1989-08-25,1.2581812554392322
1989-08-26,0.18140696759881644
1989-08-27,1.881755008779723
1989-08-28,6.291714207879428
1989-08-29,3.042496582557415
1989-08-30,2.8683315638838143
1989-08-31,0.5319147007218723
1989-09-01,0.20634284435675063
1989-09-02,1.9782023142124046
1989-09-03,0.651584607003064
1989-09-04,1.1962385485912193
1989-09-05,3.150431304142393
1989-09-06,1.9197108642808323
1989-09-07,0.5913734549078448
1989-09-08,0.31214844409761755
1989-09-09,0.5369232358603642
1989-09-10,6.374522126954178
1989-09-11,20.02429304451778
1989-09-12,11.65733215726655
1989-09-13,0.7194218162832589
1989-09-14,0.8413712752276453
1989-09-15,3.9101093226465684
1989-09-16,0.029797868835258073
1989-09-17,0.0
1989-09-18,0.0
1989-09-19,0.0
1989-09-20,0.0
1989-09-21,0.3042924465804264
1989-09-22,2.084670198374781
1989-09-23,0.15976840424640426
1989-09-24,0.4784271028535119
1989-09-25,6.812278320049417
1989-09-26,0.5001139322231556
1989-09-27,0.36386664879733116
1989-09-28,4.757725929391795
1989-09-29,37.32817176292683
1989-09-30,37.83720805727202
1989-10-01,0.6623314053847872
1989-10-02,0.001094582743023458
1989-10-03,0.0029416011790905534
1989-10-04,0.0
1989-10-05,0.0
1989-10-06,0.21623582380085155
1989-10-07,0.03283777704526638
1989-10-08,4.4511984956675565
1989-10-09,0.0
1989-10-10,0.0
1989-10-11,0.0
1989-10-12,0.0
1989-10-13,0.0012524772359154604
1989-10-14,0.00011544904429746535
1989-10-15,0.2863182122337407
1989-10-16,14.589173464939512
1989-10-17,15.188291746994544
1989-10-18,0.7494472080263598
1989-10-19,0.6817983686923981
1989-10-20,0.0
1989-10-21,6.807450687308025e-05
1989-10-22,0.0016663144302458085
1989-10-23,0.00022882041481227196
1989-10-24,6.807450687308025e-05
1989-10-25,6.807450687308025e-05
1989-10-26,0.0
1989-10-27,0.0
1989-10-28,0.0
1989-10-29,0.0
1989-10-30,0.0
1989-10-31,1.0477299381946694
1989-11-01,0.0034244507877356856
1989-11-02,7.206517663495294
1989-11-03,0.0
1989-11-04,0.0
1989-11-05,0.000560110133313895
1989-11-06,1.3591950546050895
1989-11-07,6.315751552581787
1989-11-08,34.92367757599929
1989-11-09,10.475023565621212
1989-11-10,0.0
1989-11-11,0.0
1989-11-12,0.0
1989-11-13,1.559577738416606
1989-11-14,15.240164510134992
1989-11-15,19.22865732784929
1989-11-16,10.832448153660215
1989-11-17,0.0
1989-11-18,0.0
1989-11-19,0.0
1989-11-20,0.0
1989-11-21,0.2066974501157629
1989-11-22,20.63703832955196
1989-11-23,9.688792952175799
1989-11-24,0.0
1989-11-25,0.07123820869059398
1989-11-26,0.5970137437869762
1989-11-27,3.129338946835748
1989-11-28,10.886873212353937
1989-11-29,0.0
1989-11-30,0.0
1989-12-01,0.0
1989-12-02,0.0
1989-12-03,0.0
1989-12-04,0.0
1989-12-05,0.0
1989-12-06,9.421171089698529
1989-12-07,59.994179955844224
1989-12-08,26.86105649224643
1989-12-09,5.531312523217037
1989-12-10,0.0
1989-12-11,2.3918728787323524
1989-12-12,30.04082673171471
1989-12-13,0.0
1989-12-14,0.0
1989-12-15,1.306498593297498
1989-12-16,0.01074771845616914
1989-12-17,0.00889989374815647
1989-12-18,13.87740812630489
1989-12-19,4.333698387803702
1989-12-20,0.01828690110866366
1989-12-21,0.0007499909913568789
1989-12-22,0.0012736070022019077
1989-12-23,0.05348916512368054
1989-12-24,0.0
1989-12-25,0.38834420154834615
1989-12-26,0.0
1989-12-27,0.0
1989-12-28,0.012307414034349394
1989-12-29,12.483755111694336
1989-12-30,3.3802806755592085
1989-12-31,26.21938731752593
1990-01-01,0.0021597053534511863
1990-01-02,0.565143618861149
1990-01-03,7.0618265086206895
1990-01-04,10.714907711949841
1990-01-05,3.051372371870896
1990-01-06,25.31552946156469
1990-01-07,24.405575653602337
1990-01-08,3.995695401882303
1990-01-09,0.0
1990-01-10,0.0
1990-01-11,0.24798424053808737
1990-01-12,0.24798424053808737
1990-01-13,0.24798424053808737
1990-01-14,0.24798424053808737
1990-01-15,0.24798424053808737
1990-01-16,0.013801877924787074
1990-01-17,4.3504519503692105
1990-01-18,16.67137303845636
1990-01-19,4.087449131340816
1990-01-20,31.672025483230065
1990-01-21,39.222995560744714
1990-01-22,0.0
1990-01-23,0.0
1990-01-24,47.98290884083715
1990-01-25,58.01543123968716
1990-01-26,0.0
1990-01-27,0.0
1990-01-28,0.005627200379766974
1990-01-29,22.054535438274517
1990-01-30,0.2585155668443647
1990-01-31,0.0
1990-02-01,0.4409474668831661
1990-02-02,3.5629331284555894
1990-02-03,27.864871403266644
1990-02-04,26.900000769516517
1990-02-05,0.0
1990-02-06,13.182743253379032
1990-02-07,0.016290741972625256
1990-02-08,8.233264355823911
1990-02-09,26.0081567435429
1990-02-10,17.392918800485546
1990-02-11,0.0
1990-02-12,0.0
1990-02-13,0.002598098767238894
1990-02-14,0.7148917461263722
1990-02-15,23.644642665468414
1990-02-16,51.46211755686793
1990-02-17,0.00349948253554838
1990-02-18,23.57770137129159
1990-02-19,13.19151861914273
1990-02-20,0.10715867996472737
1990-02-21,4.605081303366299
1990-02-22,49.641320195691335
1990-02-23,0.39493504372136345
1990-02-24,0.0
1990-02-25,0.0
1990-02-26,0.0
1990-02-27,0.12308251806374254
1990-02-28,0.0014430810295944583
1990-03-01,2.8789624510140253
1990-03-02,39.89172547439049
1990-03-03,0.0
1990-03-04,0.0
1990-03-05,0.0
1990-03-06,0.0
1990-03-07,0.0
1990-03-08,0.0
1990-03-09,0.0
1990-03-10,0.0
1990-03-11,0.0021041239700119556
1990-03-12,0.036774033680558205
1990-03-13,0.0001488692659818455
1990-03-14,0.24529575479441676
1990-03-15,24.331926115627947
1990-03-16,62.805585006187705
1990-03-17,3.3998013775924156
1990-03-18,0.0
1990-03-19,0.0
1990-03-20,0.0
1990-03-21,0.0
1990-03-22,0.0
1990-03-23,0.0
1990-03-24,0.0
1990-03-25,0.0
1990-03-26,0.0038482819137902096
1990-03-27,0.00011055546326980251
1990-03-28,1.8061741056113407
1990-03-29,7.0261958385335985
1990-03-30,20.36589560015448
1990-03-31,0.5756438538945955
1990-04-01,0.5656574954246653
1990-04-02,6.13774533107363
1990-04-03,0.0
1990-04-04,0.0
1990-04-05,0.012769817519162235
1990-04-06,2.3273650695537698
1990-04-07,0.4933405754895046
1990-04-08,0.0
1990-04-09,0.0
1990-04-10,7.842532996473642
1990-04-11,0.921804817329193
1990-04-12,0.0
1990-04-13,0.00918903855349997
1990-04-14,42.713283736130286
1990-04-15,0.30051692716520406
1990-04-16,0.0
1990-04-17,0.0
1990-04-18,0.0
1990-04-19,0.0
1990-04-20,0.0
1990-04-21,1.0825647506220588
1990-04-22,10.083472712286587
1990-04-23,4.205601231805209
1990-04-24,2.2850124466008155
1990-04-25,0.6226237457374046
1990-04-26,0.7139058277524751
1990-04-27,20.019052012213344
1990-04-28,8.49327490247529
1990-04-29,0.00010039839403832267
1990-04-30,0.19479063975399938
1990-05-01,2.0735944838359437
1990-05-02,0.3349600326398323
1990-05-03,0.2318010314785201
1990-05-04,7.85309257178471
1990-05-05,3.507503937030661
1990-05-06,0.0
1990-05-07,0.0
1990-05-08,0.23227765205605277
1990-05-09,41.17774259633031
1990-05-10,0.0025151480653660438
1990-05-11,1.9820333945340123
1990-05-12,8.375959100394413
1990-05-13,125.14959874646416
1990-05-14,39.49894201344457
1990-05-15,2.8724932506166656
1990-05-16,0.2644223077543851
1990-05-17,5.050778964470172
1990-05-18,0.0
1990-05-19,0.9986665906577274
1990-05-20,0.9797513063611656
1990-05-21,25.1677492075953
1990-05-22,1.1893879426964398
1990-05-23,0.0
1990-05-24,0.0
1990-05-25,0.0
1990-05-26,1.4792478002350906
1990-05-27,0.9979910295585106
1990-05-28,20.7407116725527
1990-05-29,0.46954805352564516
1990-05-30,0.0
1990-05-31,9.01230397717706
1990-06-01,39.28687671135212
1990-06-02,4.210151984773833
1990-06-03,0.2845624952480711
1990-06-04,22.286058360132678
1990-06-05,0.4685859829187393
1990-06-06,0.1735035333910893
1990-06-07,3.674497053540986
1990-06-08,0.06937016620589741
1990-06-09,0.1677745809328967
1990-06-10,2.6555819182560363
1990-06-11,1.6032268271364014
1990-06-12,0.0
1990-06-13,0.2093533506167346
1990-06-14,8.180098147227847
1990-06-15,2.9429601759746156
1990-06-16,0.9758623474887733
1990-06-17,18.832654279367677
1990-06-18,0.9575021025114532
1990-06-19,0.5756791047751904
1990-06-20,0.019830741174920494
1990-06-21,3.744506050800455
1990-06-22,2.7353451991903373
1990-06-23,14.672487390452417
1990-06-24,0.0005927063285870927
1990-06-25,0.0017327601812651445
1990-06-26,0.021479918284277463
1990-06-27,0.02407329533538171
1990-06-28,0.645574727962757
1990-06-29,0.08642898332969896
1990-06-30,0.06452730821509814
1990-07-01,0.13768201244288478
1990-07-02,1.8971028944541668
1990-07-03,11.332832615951013
1990-07-04,0.6707222615850383
1990-07-05,0.4888109338694605
1990-07-06,0.162929256414545
1990-07-07,0.6410251866126883
1990-07-08,2.6149306297302246
1990-07-09,11.60089454979732
1990-07-10,0.16217578896160784
1990-07-11,5.409302399076265
1990-07-12,3.2249885180900835
1990-07-13,18.350508854306977
1990-07-14,1.5759402924570545
1990-07-15,0.08272544256058233
1990-07-16,0.4750902686139633
1990-07-17,4.390348607096179
1990-07-18,0.24730190480577535
1990-07-19,3.7323210897116827
1990-07-20,5.337226144198714
1990-07-21,6.680510603148361
1990-07-22,0.8135882765054703
1990-07-23,2.274786920383059
1990-07-24,2.3718156567935287
1990-07-25,0.4623300587308818
1990-07-26,0.0
1990-07-27,0.06411812698532796
1990-07-28,0.001098433163233808
1990-07-29,0.0
1990-07-30,0.030491271008062978
1990-07-31,2.5949215477910537
1990-08-01,8.069957059005212
1990-08-02,4.646535084165376
1990-08-03,1.2713598259564103
1990-08-04,0.525478169835847
1990-08-05,0.5443591393273453
1990-08-06,0.0
1990-08-07,0.0
1990-08-08,0.0
1990-08-09,0.0
1990-08-10,0.0
1990-08-11,0.0
1990-08-12,0.0
1990-08-13,0.09185830349552221
1990-08-14,4.236980487560404
1990-08-15,0.11800960322906232
1990-08-16,0.10560566052023707
1990-08-17,0.04329543355210074
1990-08-18,0.1618596045581367
1990-08-19,2.0710242123439393
1990-08-20,8.344585665341082
1990-08-21,7.927371501922607
1990-08-22,11.591337351963437
1990-08-23,3.989341452203948
1990-08-24,2.4660927345012795
1990-08-25,0.02245906335783416
1990-08-26,0.02808542819372539
1990-08-27,0.20525318281403904
1990-08-28,0.39137610895880337
1990-08-29,0.0014942509346994861
1990-08-30,3.8311589010830582
1990-08-31,2.3150844738401215
1990-09-01,1.2600489713508507
1990-09-02,2.3796833794692467
1990-09-03,0.4591740687570438
1990-09-04,3.098707719352739
1990-09-05,3.6972311177644235
1990-09-06,0.32351981668636715
1990-09-07,0.1817591244290615
1990-09-08,0.19375506043434143
1990-09-09,3.7626688932550363
1990-09-10,3.546677022144712
1990-09-11,10.278374244426859
1990-09-12,5.900714019249225
1990-09-13,6.398893175453975
1990-09-14,0.8657944921789498
1990-09-15,0.635810097743725
1990-09-16,0.17049433111116805
1990-09-17,0.05031700127212138
1990-09-18,0.0
1990-09-19,0.04276953324884305
1990-09-20,0.3778412948394644
1990-09-21,0.021555360213949763
1990-09-22,2.471717953681946
1990-09-23,0.05467505637427856
1990-09-24,0.0
1990-09-25,0.0
1990-09-26,0.0
1990-09-27,0.0
1990-09-28,0.0
1990-09-29,0.087263994946562
1990-09-30,0.019999504249928326
1990-10-01,0.007130472214314444
1990-10-02,3.137584506726727e-05
1990-10-03,1.2506009340286255
1990-10-04,20.024140917021654
1990-10-05,0.0
1990-10-06,0.0
1990-10-07,2.221991982953302
1990-10-08,0.5727200014837857
1990-10-09,0.0020625455714441067
1990-10-10,0.2045275486748794
1990-10-11,0.3178956678201412
1990-10-12,0.3178956678201412
1990-10-13,0.3178956678201412
1990-10-14,0.3178956678201412
1990-10-15,0.3178956678201412
1990-10-16,0.0
1990-10-17,2.601203342963909
1990-10-18,0.5000870741646866
1990-10-19,0.0
1990-10-20,0.0
1990-10-21,0.005916607770908238
1990-10-22,17.923001585335566
1990-10-23,0.006199987613242762
1990-10-24,0.0
1990-10-25,0.0
1990-10-26,0.1632689587001143
1990-10-27,0.1632689587001143
1990-10-28,0.1632689587001143
1990-10-29,0.1632689587001143
1990-10-30,0.1632689587001143
1990-10-31,0.1632689587001143
1990-11-01,0.0
1990-11-02,2.797103128426082e-05
1990-11-03,0.0
1990-11-04,0.007013009845054355
1990-11-05,5.023451443376212
1990-11-06,0.0
1990-11-07,0.0
1990-11-08,0.0
1990-11-09,51.512700968775256
1990-11-10,0.07779987040778687
1990-11-11,0.0
1990-11-12,0.0
1990-11-13,0.0
1990-11-14,0.0
1990-11-15,0.0
1990-11-16,0.2815735834361664
1990-11-17,1.3304854960277164
1990-11-18,0.0
1990-11-19,0.0
1990-11-20,0.0
1990-11-21,0.003490904954278135
1990-11-22,0.15447579247170481
1990-11-23,15.905312127080457
1990-11-24,0.0
1990-11-25,0.0
1990-11-26,1.5101541979559536
1990-11-27,1.3383048012338836
1990-11-28,41.61929847454203
1990-11-29,0.047665354546866025
1990-11-30,0.0
1990-12-01,0.799830017418697
1990-12-02,27.696624755859375
1990-12-03,27.90629005432129
1990-12-04,0.0
1990-12-05,0.0
1990-12-06,0.0004612424268872991
1990-12-07,2.3888232070824196
1990-12-08,0.011242010662781781
1990-12-09,0.0
1990-12-10,0.0
1990-12-11,0.0
1990-12-12,0.055272739838230715
1990-12-13,0.04345487937299085
1990-12-14,0.46276846969628643
1990-12-15,0.04719195757583105
1990-12-16,0.027387362691334946
1990-12-17,1.2095982321570147
1990-12-18,8.330116482387329
1990-12-19,0.0
1990-12-20,3.083333980356311
1990-12-21,1.0572717025362213
1990-12-22,19.463227699542866
1990-12-23,12.212256316480966
1990-12-24,0.0
1990-12-25,0.0
1990-12-26,0.0
1990-12-27,6.729193251708458
1990-12-28,1.5341343715273101
1990-12-29,2.00431882924047
1990-12-30,4.711916364472488
1990-12-31,5.084513762901569
1991-01-01,5.644738673778443
1991-01-02,12.108383395933899
1991-01-03,26.825976662851613
1991-01-04,0.0018960080840394046
1991-01-05,0.3164070727753228
1991-01-06,1.9491140595797836
1991-01-07,6.147527776915451
1991-01-08,0.6157822170904999
1991-01-09,0.8291915809286052
1991-01-10,19.61774227536958
1991-01-11,27.27830834224306
1991-01-12,0.12384621696225528
1991-01-13,0.00010966181158939183
1991-01-14,0.00010966181158939183
1991-01-15,12.922033145509918
1991-01-16,0.6334418777761788
1991-01-17,0.00011302385271470673
1991-01-18,2.2128540441907685
1991-01-19,30.99915807000522
1991-01-20,0.2112162303307961
1991-01-21,0.06124397341547341
1991-01-22,0.00012400083857034492
1991-01-23,0.8510669963113193
1991-01-24,43.401521880051185
1991-01-25,0.008536804636041152
1991-01-26,9.771039361206429e-05
1991-01-27,4.438134407174998
1991-01-28,15.512788772583008
1991-01-29,20.07761863182331
1991-01-30,18.77301811349803
1991-01-31,0.154181235148732
1991-02-01,7.877852514301876e-05
1991-02-02,7.877852514301876e-05
1991-02-03,0.1939456801989983
1991-02-04,0.8119260237134737
1991-02-05,30.642447899127827
1991-02-06,27.89548548336687
1991-02-07,0.0019318670127741542
1991-02-08,0.0006898091468711159
1991-02-09,0.0006898091468711159
1991-02-10,0.0006898091468711159
1991-02-11,0.0001902486318268247
1991-02-12,0.0001902486318268247
1991-02-13,13.274568088609596
1991-02-14,0.030962375537612764
1991-02-15,0.0001902486318268247
1991-02-16,0.0001350642868883683
1991-02-17,6.257691350476495
1991-02-18,6.443163024968114
1991-02-19,32.05908952910325
1991-02-20,54.64710603911301
1991-02-21,15.805539229820514
1991-02-22,45.80425650497963
1991-02-23,0.09238681839457874
1991-02-24,0.0001393582763206535
1991-02-25,0.8704639796552986
1991-02-26,5.929919949893294
1991-02-27,0.0015214805136001188
1991-02-28,0.1934543232722529
1991-03-01,34.12587823538944
1991-03-02,0.6872509142448162
1991-03-03,25.860999501984693
1991-03-04,0.00013214983808775913
1991-03-05,0.00013214983808775913
1991-03-06,0.008670117175166399
1991-03-07,2.4626367153792548
1991-03-08,6.9127215681404905
1991-03-09,0.008670117175166399
1991-03-10,0.008670117175166399
1991-03-11,0.00020321196769083175
1991-03-12,7.559233196850481
1991-03-13,3.060958216930258
1991-03-14,0.00020321196769083175
1991-03-15,0.12492300541659994
1991-03-16,4.406537549249057
1991-03-17,40.47854752376162
1991-03-18,0.9143255866807083
1991-03-19,0.0001642791467020288
1991-03-20,0.0001642791467020288
1991-03-21,1.808733851745211
1991-03-22,0.6067446182514059
1991-03-23,2.9663600428351042
1991-03-24,0.0001296805429115795
1991-03-25,0.0015830571922786727
1991-03-26,0.1486400594485217
1991-03-27,0.8634870689490746
1991-03-28,9.921078090010019
1991-03-29,32.96593468764733
1991-03-30,0.00032974173844759836
1991-03-31,0.23928170509893318
1991-04-01,0.0004026495424051095
1991-04-02,0.0004026495424051095
1991-04-03,2.2553941340282044
1991-04-04,0.3470378661977834
1991-04-05,2.3768814308889983
1991-04-06,0.038051684483371935
1991-04-07,3.1245012529965104
1991-04-08,7.0087333383231325
1991-04-09,3.931620556732704
1991-04-10,2.334932269721196
1991-04-11,19.250567206021014
1991-04-12,0.3394838062853649
1991-04-13,2.572228637234918
1991-04-14,3.9867323267048804
1991-04-15,88.57198320586106
1991-04-16,0.5602922429298532
1991-04-17,0.2365395632283441
1991-04-18,13.539937660611908
1991-04-19,2.762831957175814
1991-04-20,4.333371721465012
1991-04-21,0.00011461523962648714
1991-04-22,11.616168844288794
1991-04-23,27.101979354332233
1991-04-24,0.00011461523962648714
1991-04-25,15.255911991514008
1991-04-26,5.349811965021594
1991-04-27,18.219545101297314
1991-04-28,3.440839169354274
1991-04-29,56.96455067601697
1991-04-30,68.60289264547414
1991-05-01,4.327387891966721
1991-05-02,2.982625089842698
1991-05-03,4.395751949014334
1991-05-04,1.890072563598896
1991-05-05,48.726981458992796
1991-05-06,3.8321352416071397
1991-05-07,0.00013574935793916792
1991-05-08,35.274992054906384
1991-05-09,33.30646488584321
1991-05-10,15.04306911600047
1991-05-11,4.426560985630956
1991-05-12,1.7134325422089676
1991-05-13,3.5408397378592658
1991-05-14,0.6513787960184032
1991-05-15,3.844302173318534
1991-05-16,9.571631119169037
1991-05-17,8.35811891226933
1991-05-18,13.368167548344053
1991-05-19,3.4293279483400543
1991-05-20,5.619981519107161
1991-05-21,16.625526954387798
1991-05-22,1.5847300825447872
1991-05-23,6.155310573249028
1991-05-24,3.886232959813085
1991-05-25,14.314511529330549
1991-05-26,24.81654272408321
1991-05-27,2.254547801511041
1991-05-28,2.7637835823256394
1991-05-29,4.314337450882484
1991-05-30,0.6754562392317015
1991-05-31,0.22803091501881337
1991-06-01,0.0989087704440643
1991-06-02,1.6340352091295967
1991-06-03,6.1845431204499866
1991-06-04,4.618081191490436
1991-06-05,5.745528870615466
1991-06-06,6.739466009468868
1991-06-07,1.4570843104658455
1991-06-08,7.603241741388298e-05
1991-06-09,0.00029195196048962754
1991-06-10,7.459547240158607
1991-06-11,10.025182658228381
1991-06-12,17.174026850996345
1991-06-13,11.962444075222674
1991-06-14,0.7153803243719298
1991-06-15,0.009696384642979708
1991-06-16,3.59258404271356
1991-06-17,17.782359221885944
1991-06-18,13.293251465106833
1991-06-19,6.747205619154306
1991-06-20,2.3192635692399124
1991-06-21,3.7959479381298196
1991-06-22,4.285333814292119
1991-06-23,5.457117771280223
1991-06-24,7.466125965118408
1991-06-25,9.371880629966999
1991-06-26,4.019709551128848
1991-06-27,3.097302573636688
1991-06-28,2.7116390026720434
1991-06-29,0.07964741099166187
1991-06-30,0.5688535757362843
1991-07-01,0.593173370792948
1991-07-02,3.0878354763162545
1991-07-03,5.499138618337697
1991-07-04,15.322194526935446
1991-07-05,21.23954523020777
1991-07-06,6.621883737629857
1991-07-07,11.949662907370206
1991-07-08,5.410574362195772
1991-07-09,1.2226988611550167
1991-07-10,0.5589328069111397
1991-07-11,0.1557220441514048
1991-07-12,0.03985222962138982
1991-07-13,0.13979057941971154
1991-07-14,1.2838213484862755
1991-07-15,1.5745852157987397
1991-07-16,0.02998077531409418
1991-07-17,2.44500641576175
1991-07-18,6.054099452906642
1991-07-19,2.159595616932573
1991-07-20,0.5071771782020043
1991-07-21,0.1455916982015659
1991-07-22,2.522239923477173
1991-07-23,2.6389511083734445
1991-07-24,2.911300885266271
1991-07-25,12.208696628439016
1991-07-26,19.68104438124032
1991-07-27,1.196741116457972
1991-07-28,0.8308951109647751
1991-07-29,2.151410994858577
1991-07-30,0.37716180188902493
1991-07-31,0.1697902813039977
1991-08-01,0.5253314838327211
1991-08-02,0.9734490847793119
1991-08-03,1.0172301284198104
1991-08-04,0.7801560564287777
1991-08-05,1.6763233131375805
1991-08-06,6.1361944346592345
1991-08-07,1.1255382515233139
1991-08-08,2.4120800351274423
1991-08-09,1.7094989357323482
1991-08-10,6.4893996140052534
1991-08-11,10.358751576522302
1991-08-12,0.17341471508402248
1991-08-13,0.5148486289484747
1991-08-14,5.521574842518773
1991-08-15,4.264522889564777
1991-08-16,0.7213103935636324
1991-08-17,0.42506040684108076
1991-08-18,0.308928398736592
1991-08-19,0.236221880234521
1991-08-20,8.274499022859502e-05
1991-08-21,6.076969695076796e-05
1991-08-22,1.9615393013789737
1991-08-23,7.944392539151334e-05
1991-08-24,0.6257872000850481
1991-08-25,2.4880085443628244
1991-08-26,2.4460647804983733
1991-08-27,17.90669891752046
1991-08-28,16.521421169412548
1991-08-29,0.5123661561258908
1991-08-30,12.959106313771215
1991-08-31,19.740039167733027
1991-09-01,5.097492575645447
1991-09-02,14.359504107771249
1991-09-03,1.0805402048702897
1991-09-04,3.263867234361583
1991-09-05,3.0716657777284753
1991-09-06,7.729406323926202
1991-09-07,4.890997541361842
1991-09-08,0.7663221595616176
1991-09-09,3.9124204824710715
1991-09-10,0.13131459250018515
1991-09-11,0.0001214765110615127
1991-09-12,0.011355040225617844
1991-09-13,0.14571395877684498
1991-09-14,0.8394641341834232
1991-09-15,0.0027570658511931784
1991-09-16,0.0004939537150143035
1991-09-17,1.3625880167016695
1991-09-18,7.268878755898311
1991-09-19,20.71059911004428
1991-09-20,0.00015506932285116535
1991-09-21,0.0002100238740115009
1991-09-22,0.13823080133518267
1991-09-23,10.705690252369848
1991-09-24,35.97673324058796
1991-09-25,12.123489906047952
1991-09-26,0.0003058545979879925
1991-09-27,0.0003058545979879925
1991-09-28,0.0003058545979879925
1991-09-29,0.0003058545979879925
1991-09-30,1.673805981874466
1991-10-01,0.20628897486061887
1991-10-02,0.020621418663910752
1991-10-03,0.009597217415297376
1991-10-04,0.3618475686887215
1991-10-05,0.5261266395963472
1991-10-06,1.1713152532947475
1991-10-07,1.1713152532947475
1991-10-08,1.1713152532947475
1991-10-09,1.1713152532947475
1991-10-10,1.1713152532947475
1991-10-11,3.12317293593941e-05
1991-10-12,0.00021312673094332145
1991-10-13,3.12317293593941e-05
1991-10-14,0.08717950680774861
1991-10-15,5.881170807213619
1991-10-16,0.00013373931593879866
1991-10-17,0.00013373931593879866
1991-10-18,0.00013373931593879866
1991-10-19,0.00013373931593879866
1991-10-20,0.00013373931593879866
1991-10-21,0.000378229962170108
1991-10-22,2.432088695723435
1991-10-23,7.165396024440897
1991-10-24,14.94565016647865
1991-10-25,1.992904689805261
1991-10-26,8.115682848568621
1991-10-27,4.015538001882619
1991-10-28,1.0360869837218318
1991-10-29,0.17001405255547886
1991-10-30,0.9758715300724424
1991-10-31,1.4184179984290024
1991-11-01,17.518575405252392
1991-11-02,0.00011924539235067265
1991-11-03,0.00011924539235067265
1991-11-04,0.00011924539235067265
1991-11-05,0.00011924539235067265
1991-11-06,6.1021788057806935e-05
1991-11-07,6.1021788057806935e-05
1991-11-08,1.630875275052827
1991-11-09,6.1021788057806935e-05
1991-11-10,6.1021788057806935e-05
1991-11-11,0.37663053541347896
1991-11-12,0.37663053541347896
1991-11-13,0.37663053541347896
1991-11-14,0.37663053541347896
1991-11-15,0.37663053541347896
1991-11-16,0.567526713013649
1991-11-17,0.11463948095153118
1991-11-18,9.03053041984295
1991-11-19,5.3865292154509445
1991-11-20,48.04772771638015
1991-11-21,6.768997800761256
1991-11-22,0.010522904757667205
1991-11-23,5.246895915629936e-05
1991-11-24,3.394003767331516e-05
1991-11-25,3.394003767331516e-05
1991-11-26,0.00011421613152347633
1991-11-27,0.00011421613152347633
1991-11-28,0.00011421613152347633
1991-11-29,1.0384518031416268
1991-11-30,2.0184708957014412
1991-12-01,6.811296874079211
1991-12-02,13.657557832783667
1991-12-03,38.44690309721848
1991-12-04,0.00018767957276552273
1991-12-05,0.00018767957276552273
1991-12-06,0.00016327386401826516
1991-12-07,0.00016327386401826516
1991-12-08,0.00016327386401826516
1991-12-09,6.489778872193961
1991-12-10,1.2916645777636562
1991-12-11,0.00023594210341766955
1991-12-12,0.662299090289864
1991-12-13,1.1418035166530773
1991-12-14,26.830790271019115
1991-12-15,0.00023594210341766955
1991-12-16,0.23887403539767296
1991-12-17,0.23887403539767296
1991-12-18,0.23887403539767296
1991-12-19,0.2411562464408705
1991-12-20,0.23887403539767296
1991-12-21,0.011217144671185264
1991-12-22,0.10648947209119797
1991-12-23,4.543759970829405
1991-12-24,0.0031971893883470832
1991-12-25,0.00016032115572356973
1991-12-26,7.017042003883097e-05
1991-12-27,13.44406904023269
1991-12-28,3.4809245251376053
1991-12-29,0.057272835506190514
1991-12-30,0.0343086964868266
1991-12-31,0.0027351530879968777
1992-01-01,0.08221646273059063
1992-01-02,6.922228171907622
1992-01-03,0.30217095130476457
1992-01-04,0.0
1992-01-05,1.0276144799487343
1992-01-06,0.0002149259250065119
1992-01-07,0.025062751635138332
1992-01-08,40.30423815497036
1992-01-09,12.010278224945068
1992-01-10,0.0
1992-01-11,0.03255133915307193
1992-01-12,36.582835493416624
1992-01-13,6.167416572570801
1992-01-14,0.0
1992-01-15,0.0
1992-01-16,0.0
1992-01-17,0.0
1992-01-18,36.550979943111024
1992-01-19,16.136283315461256
1992-01-20,0.0
1992-01-21,0.0
1992-01-22,16.35974042168979
1992-01-23,33.021458790220066
1992-01-24,0.0
1992-01-25,0.0
1992-01-26,0.8035066292203706
1992-01-27,16.179600584095922
1992-01-28,28.20605291169265
1992-01-29,4.717343412596604
1992-01-30,4.024102284990508
1992-01-31,0.023960993472679423
1992-02-01,0.0
1992-02-02,0.0
1992-02-03,0.0
1992-02-04,12.013142388442468
1992-02-05,26.55445407998973
1992-02-06,0.8800051972783846
1992-02-07,0.5476568629001749
1992-02-08,0.0
1992-02-09,0.0
1992-02-10,0.0
1992-02-11,0.0
1992-02-12,1.1025957609045094
1992-02-13,9.810125235853524
1992-02-14,9.636487516863593
1992-02-15,50.991312224289466
1992-02-16,6.995438437523513e-05
1992-02-17,39.00387527202738
1992-02-18,9.118373568996722e-05
1992-02-19,0.0
1992-02-20,0.0
1992-02-21,0.0
1992-02-22,5.250225708402437
1992-02-23,8.888230356676825
1992-02-24,1.1802183636303605
1992-02-25,12.939011409364898
1992-02-26,3.404551991100969
1992-02-27,0.0
1992-02-28,6.957492072006752
1992-02-29,0.0
1992-03-01,0.0
1992-03-02,0.0
1992-03-03,0.011087412240910987
1992-03-04,0.00043484340582428306
1992-03-05,31.585491048878637
1992-03-06,12.313546049183813
1992-03-07,0.005038171203742768
1992-03-08,0.0107834593248393
1992-03-09,2.0424034143316336
1992-03-10,16.345783398069184
1992-03-11,0.0
1992-03-12,0.0
1992-03-13,0.0018964581319998051
1992-03-14,0.0
1992-03-15,5.80302384804035
1992-03-16,0.0
1992-03-17,0.07403908432300749
1992-03-18,31.68214883475468
1992-03-19,13.125351840052112
1992-03-20,0.0
1992-03-21,0.009975390845973944
1992-03-22,11.534474109781199
1992-03-23,3.6574039500335167
1992-03-24,0.0
1992-03-25,3.99037071343126
1992-03-26,0.24115279933501935
1992-03-27,0.0
1992-03-28,0.0
1992-03-29,8.463029877892856
1992-03-30,6.956931410164668
1992-03-31,0.002577075566133035
1992-04-01,0.22608535043124495
1992-04-02,0.04560615276468211
1992-04-03,0.0
1992-04-04,0.0
1992-04-05,0.0
1992-04-06,7.365194402892014
1992-04-07,4.9281306184571365
1992-04-08,0.001920499818817038
1992-04-09,0.0
1992-04-10,0.8150862537581345
1992-04-11,0.02955419303656652
1992-04-12,0.018183297766693706
1992-04-13,0.0005364140002899964
1992-04-14,0.1288211090040618
1992-04-15,0.002194204702767632
1992-04-16,0.19635778048942829
1992-04-17,0.21075181971336232
1992-04-18,2.0468859631439735
1992-04-19,23.010069353827113
1992-04-20,13.06023462887468
1992-04-21,13.557002815706976
1992-04-22,0.0
1992-04-23,0.02916745857560429
1992-04-24,20.621210262693207
1992-04-25,12.936413403215079
1992-04-26,0.0
1992-04-27,0.0
1992-04-28,0.0
1992-04-29,1.0427351059584782
1992-04-30,1.1097832609867226
1992-05-01,0.0
1992-05-02,0.0
1992-05-03,0.0
1992-05-04,0.0
1992-05-05,0.0
1992-05-06,0.0
1992-05-07,0.0
1992-05-08,0.0
1992-05-09,0.0
1992-05-10,0.0
1992-05-11,0.0
1992-05-12,4.102649014571617
1992-05-13,2.8064118007133745
1992-05-14,0.0
1992-05-15,0.2035625834531825
1992-05-16,0.0
1992-05-17,0.0
1992-05-18,0.0
1992-05-19,0.0
1992-05-20,0.0
1992-05-21,0.0
1992-05-22,0.0
1992-05-23,0.0
1992-05-24,0.0
1992-05-25,0.0
1992-05-26,16.232499714555413
1992-05-27,2.445759675626097
1992-05-28,16.789695739746094
1992-05-29,23.042874007389464
1992-05-30,0.3114165460755085
1992-05-31,0.0
1992-06-01,7.351672353415654
1992-06-02,0.8584636172343945
1992-06-03,11.373055030559671
1992-06-04,1.1544366211726749
1992-06-05,0.0
1992-06-06,0.0022580777776652367
1992-06-07,14.279594816010574
1992-06-08,11.794478811066726
1992-06-09,1.7706957767749656
1992-06-10,2.542923018850129
1992-06-11,10.89458338967685
1992-06-12,12.530286723169787
1992-06-13,7.25347507411036
1992-06-14,1.8283749263862084
1992-06-15,2.4600894081181495
1992-06-16,1.4701435524841835
1992-06-17,0.25947366552106266
1992-06-18,1.9510105272819256
1992-06-19,1.7192740419815327
1992-06-20,2.8659451562782814
1992-06-21,0.05404103325744127
1992-06-22,0.0
1992-06-23,0.0
1992-06-24,0.0040354937885020824
1992-06-25,0.020466018853516413
1992-06-26,20.494625321749982
1992-06-27,3.9103420643970885
1992-06-28,0.0
1992-06-29,2.007511658915158
1992-06-30,23.914883909554316
1992-07-01,12.456549578699573
1992-07-02,0.4672853342931846
1992-07-03,0.1735974563093021
1992-07-04,0.4707509022334526
1992-07-05,0.21761980935417372
1992-07-06,0.0
1992-07-07,0.0
1992-07-08,0.0
1992-07-09,0.0
1992-07-10,0.0
1992-07-11,0.041944377686314545
1992-07-12,0.027243970038272954
1992-07-13,0.5415608297134268
1992-07-14,7.28571918915058
1992-07-15,3.7730171762663742
1992-07-16,12.308610949023016
1992-07-17,0.736677714462938
1992-07-18,5.299349686195111
1992-07-19,2.7791722314111116
1992-07-20,10.059407760357034
1992-07-21,15.583985312231656
1992-07-22,20.976945646877947
1992-07-23,10.98282871575191
1992-07-24,20.469726134990825
1992-07-25,2.8262279156980843
1992-07-26,1.9657199423888634
1992-07-27,1.4936944307952091
1992-07-28,6.14507846996702
1992-07-29,1.0124096952635666
1992-07-30,0.03570263485970168
1992-07-31,1.3875700153153518
1992-08-01,7.294325695469461
1992-08-02,0.5103144420768487
1992-08-03,5.631131778053683
1992-08-04,1.7374665490833336
1992-08-05,0.8831067408338703
1992-08-06,2.2837473154067993
1992-08-07,0.7447296463210007
1992-08-08,0.19674090861246504
1992-08-09,2.589562251650054
1992-08-10,3.2206095744823586
1992-08-11,5.728419361443355
1992-08-12,8.129229446937298
1992-08-13,5.572936773300171
1992-08-14,0.7578046064952324
1992-08-15,0.004388940950116977
1992-08-16,0.0
1992-08-17,0.0
1992-08-18,0.0
1992-08-19,0.0
1992-08-20,0.0
1992-08-21,8.071001324160346
1992-08-22,7.104277692992111
1992-08-23,4.990881007293175
1992-08-24,3.4798092389928885
1992-08-25,0.5460791880714482
1992-08-26,12.10735771573823
1992-08-27,158.75036989409347
1992-08-28,1.3357078556356758
1992-08-29,0.0
1992-08-30,0.0
1992-08-31,0.0
1992-09-01,0.06896827453426246
1992-09-02,0.5182448050071453
1992-09-03,0.21844643842557382
1992-09-04,1.238649692001014
1992-09-05,0.42205338180065155
1992-09-06,0.5686656760758367
1992-09-07,3.1555351003490646
1992-09-08,0.3149582913209652
1992-09-09,0.6138204013736084
1992-09-10,0.31044615625307476
1992-09-11,0.5080343279345282
1992-09-12,0.00016824449894243274
1992-09-13,0.6802658777812431
1992-09-14,0.12812345963099908
1992-09-15,0.06208198245389965
1992-09-16,2.2688008217976012
1992-09-17,17.929264101488837
1992-09-18,2.817504545737957
1992-09-19,4.296247227438565
1992-09-20,3.7043382792637267
1992-09-21,0.6413837064956797
1992-09-22,15.033175008050327
1992-09-23,1.0911590271982654
1992-09-24,0.3517631646888009
1992-09-25,7.785933922077048
1992-09-26,3.432985618196685
1992-09-27,0.2696191298550573
1992-09-28,0.02424524538218975
1992-09-29,0.0
1992-09-30,0.0
1992-10-01,0.0
1992-10-02,0.0
1992-10-03,1.0336450852196792
1992-10-04,0.0
1992-10-05,0.0
1992-10-06,0.005133355233079657
1992-10-07,0.0004312825120246873
1992-10-08,0.0797942203052085
1992-10-09,0.0
1992-10-10,7.034901466862909
1992-10-11,17.192381743727058
1992-10-12,0.0
1992-10-13,0.0
1992-10-14,0.0
1992-10-15,0.007086109654006452
1992-10-16,8.745822594083588
1992-10-17,5.054972714391248
1992-10-18,0.0
1992-10-19,0.0
1992-10-20,0.0
1992-10-21,0.15262837553846426
1992-10-22,0.15262837553846426
1992-10-23,0.15262837553846426
1992-10-24,0.15262837553846426
1992-10-25,0.15262837553846426
1992-10-26,0.09176611399342274
1992-10-27,7.919068270716174
1992-10-28,6.239318761332282
1992-10-29,0.05373848008056139
1992-10-30,14.071205731095938
1992-10-31,0.538996017698584
1992-11-01,6.164029302268193
1992-11-02,38.10076956913389
1992-11-03,0.0
1992-11-04,33.59565228429334
1992-11-05,22.092766465811895
1992-11-06,0.004375575431461992
1992-11-07,0.004375575431461992
1992-11-08,0.004375575431461992
1992-11-09,0.004375575431461992
1992-11-10,6.700966748698004
1992-11-11,11.984239084967252
1992-11-12,30.818115431686927
1992-11-13,0.0
1992-11-14,0.0
1992-11-15,0.0
1992-11-16,0.0
1992-11-17,0.0
1992-11-18,0.0
1992-11-19,0.00026654661382179194
1992-11-20,9.460003343121759
1992-11-21,6.374601742316937
1992-11-22,20.04948356233794
1992-11-23,0.23158682163419395
1992-11-24,55.26972869346882
1992-11-25,1.3994908168398101
1992-11-26,0.0
1992-11-27,0.002224638455964882
1992-11-28,0.00032825541586197654
1992-11-29,0.0
1992-11-30,1.06996724523347
1992-12-01,0.0
1992-12-02,0.012763566970471433
1992-12-03,0.0
1992-12-04,2.1373800708559054
1992-12-05,2.0468255208869435
1992-12-06,0.012030664458068023
1992-12-07,5.085566019189769
1992-12-08,4.071813550424473e-05
1992-12-09,24.524752123602504
1992-12-10,4.816198710737558
1992-12-11,0.0
1992-12-12,0.0
1992-12-13,0.0
1992-12-14,0.4617626158327892
1992-12-15,13.758457298936515
1992-12-16,41.067036464296535
1992-12-17,14.009180068969727
1992-12-18,0.0
1992-12-19,4.44702751061012
1992-12-20,5.015515845397423
1992-12-21,0.0
1992-12-22,0.0
1992-12-23,0.0
1992-12-24,0.0
1992-12-25,0.0
1992-12-26,8.498033209607518
1992-12-27,8.79900712982334
1992-12-28,0.4038025645844253
1992-12-29,0.7810778516176125
1992-12-30,0.34794472410054555
1992-12-31,0.5163212250195572
1993-01-01,0.8652948356907944
1993-01-02,0.04532427276516783
1993-01-03,0.1353277656538733
1993-01-04,30.581681218640558
1993-01-05,5.612055022141029
1993-01-06,0.11773618490531526
1993-01-07,23.22662563981681
1993-01-08,8.970937054732751
1993-01-09,0.05795825504023453
1993-01-10,0.1278380345681618
1993-01-11,64.27606608949858
1993-01-12,10.932571986625934
1993-01-13,0.020545957866927672
1993-01-14,0.026147446948392637
1993-01-15,7.011115900401411
1993-01-16,0.0
1993-01-17,0.0
1993-01-18,0.4336807542833789
1993-01-19,9.717135264955719
1993-01-20,51.43225676437904
1993-01-21,60.80816234596844
1993-01-22,0.0
1993-01-23,0.0
1993-01-24,5.468405966101022
1993-01-25,0.0
1993-01-26,0.0013721059161792349
1993-01-27,0.0
1993-01-28,0.0
1993-01-29,0.0004741866542989838
1993-01-30,1.032048459710746
1993-01-31,0.0
1993-02-01,0.0
1993-02-02,0.0
1993-02-03,0.0
1993-02-04,0.0
1993-02-05,1.3309128284454346
1993-02-06,3.898542856347972
1993-02-07,1.4109326765455048
1993-02-08,0.0
1993-02-09,0.0
1993-02-10,0.27706837499963827
1993-02-11,18.235938927222943
1993-02-12,0.0007550304505676994
1993-02-13,0.013371274597814372
1993-02-14,0.0
1993-02-15,0.8998448283507906
1993-02-16,8.015270890860721
1993-02-17,0.0
1993-02-18,0.0
1993-02-19,0.0
1993-02-20,0.6577913165092468
1993-02-21,6.796416208661836
1993-02-22,0.31263726076175424
1993-02-23,0.0
1993-02-24,0.0
1993-02-25,3.89996640024514
1993-02-26,13.182859881170865
1993-02-27,0.0
1993-02-28,0.0
1993-03-01,1.712761225243067e-05
1993-03-02,66.13143236883755
1993-03-03,0.5936777232022121
1993-03-04,0.0
1993-03-05,0.0
1993-03-06,0.0
1993-03-07,0.0
1993-03-08,0.0
1993-03-09,0.0
1993-03-10,0.0
1993-03-11,1.0609623584254035
1993-03-12,9.912283173922834
1993-03-13,20.941547262257544
1993-03-14,0.0
1993-03-15,0.015004764592018107
1993-03-16,19.756979185959388
1993-03-17,3.144296144617015
1993-03-18,0.008697620190073864
1993-03-19,0.00015492855314293812
1993-03-20,6.608265942540662
1993-03-21,1.2480828135178006
1993-03-22,10.422978943791883
1993-03-23,3.6588672769480737
1993-03-24,0.00107121108509279
1993-03-25,5.353954964670642
1993-03-26,6.111022176413701
1993-03-27,0.008276381357251826
1993-03-28,0.0
1993-03-29,0.0
1993-03-30,6.245754858543133
1993-03-31,15.432225375339902
1993-04-01,0.0
1993-04-02,0.0
1993-04-03,2.04906558579412
1993-04-04,47.91087104534281
1993-04-05,2.1463346522429894
1993-04-06,0.08675985526421974
1993-04-07,0.0005634643076236585
1993-04-08,15.866611546483533
1993-04-09,30.440506310298524
1993-04-10,0.0
1993-04-11,0.0
1993-04-12,7.93445305417067e-05
1993-04-13,0.012439388918272894
1993-04-14,0.45020508252341174
1993-04-15,36.891823341106544
1993-04-16,0.0
1993-04-17,0.006361933826501
1993-04-18,0.05627470103831127
1993-04-19,0.0
1993-04-20,4.433907541735419
1993-04-21,0.0
1993-04-22,0.0
1993-04-23,0.0
1993-04-24,0.0
1993-04-25,0.0
1993-04-26,5.172859716004338
1993-04-27,0.0
1993-04-28,0.0
1993-04-29,3.879281676149574e-05
1993-04-30,6.699804634883486
1993-05-01,18.152066165003284
1993-05-02,28.05577935843632
1993-05-03,5.043704485071117
1993-05-04,0.0
1993-05-05,0.0
1993-05-06,0.0007899094790477177
1993-05-07,0.07727149507865824
1993-05-08,0.0
1993-05-09,0.3227647756194246
1993-05-10,4.891823612410446
1993-05-11,29.307558848940094
1993-05-12,2.3625514548400353
1993-05-13,5.021760159525378
1993-05-14,0.057505577866887224
1993-05-15,0.0
1993-05-16,0.0
1993-05-17,1.5677555799403967e-05
1993-05-18,0.014316723886716726
1993-05-19,9.723201488626414
1993-05-20,0.009713730951449994
1993-05-21,0.0
1993-05-22,0.0
1993-05-23,0.0
1993-05-24,0.7315628158635107
1993-05-25,3.6363087029292664
1993-05-26,10.95563218074626
1993-05-27,0.8153256085893974
1993-05-28,2.951523474257054
1993-05-29,0.3389753603681537
1993-05-30,0.5673126673630985
1993-05-31,0.9883838632015576
1993-06-01,0.0
1993-06-02,0.0
1993-06-03,0.0
1993-06-04,0.0
1993-06-05,0.0
1993-06-06,0.23015484727662186
1993-06-07,0.01221388308652516
1993-06-08,0.14201821256750102
1993-06-09,0.13659287391808525
1993-06-10,0.04954268674141374
1993-06-11,0.2444888774690957
1993-06-12,1.557307453504924
1993-06-13,2.8389846435908614
1993-06-14,3.397974587720016
1993-06-15,0.47939825546124887
1993-06-16,0.9156487974627264
1993-06-17,0.4149137704536833
1993-06-18,0.0005951001474950945
1993-06-19,0.15307027332741638
1993-06-20,3.7381185416517586
1993-06-21,2.0259334013379853
1993-06-22,21.48794647742962
1993-06-23,5.5885839791133485
1993-06-24,20.032905775925208
1993-06-25,9.261138176095896
1993-06-26,27.062828853212554
1993-06-27,12.240383608587857
1993-06-28,25.410397628258014
1993-06-29,5.463441240376439
1993-06-30,0.069832485153115
1993-07-01,0.0
1993-07-02,0.0
1993-07-03,0.03115375031685007
1993-07-04,3.099361616989662
1993-07-05,0.0982892657148427
1993-07-06,0.19494694484205083
1993-07-07,1.6214990009521615
1993-07-08,8.65952888028375
1993-07-09,5.445629547382223
1993-07-10,5.800171038200116
1993-07-11,15.297407479121768
1993-07-12,15.502500534057617
1993-07-13,20.289060789963294
1993-07-14,17.049956584798878
1993-07-15,6.709621577427305
1993-07-16,1.2240655709957253
1993-07-17,1.0770021163184067
1993-07-18,1.251110041963643
1993-07-19,8.548324535632956
1993-07-20,4.56252801829371
1993-07-21,28.16475634739317
1993-07-22,3.609019452127917
1993-07-23,5.911970960682836
1993-07-24,10.28504231880451
1993-07-25,4.435065047494296
1993-07-26,1.322884987140524
1993-07-27,0.7241872405183727
1993-07-28,0.8743859776135149
1993-07-29,4.463026449598115
1993-07-30,7.436412548196727
1993-07-31,0.00015248031734793992
1993-08-01,2.087522872563066
1993-08-02,2.925463865543234
1993-08-03,44.70196427970097
1993-08-04,5.741921416644392
1993-08-05,6.267366113333867
1993-08-06,1.1576351163716152
1993-08-07,16.41108174159609
1993-08-08,1.9706109392231907
1993-08-09,0.5839392368135781
1993-08-10,0.0067405512411918105
1993-08-11,0.012857252410773573
1993-08-12,0.18218768362341256
1993-08-13,0.20898920503155938
1993-08-14,0.48969094917691985
1993-08-15,0.37273363820437727
1993-08-16,0.0
1993-08-17,0.0
1993-08-18,0.0
1993-08-19,0.0
1993-08-20,0.0
1993-08-21,7.188347068326227
1993-08-22,2.0487730523635603
1993-08-23,0.9461787358440202
1993-08-24,0.3761298407254548
1993-08-25,0.8941847923500784
1993-08-26,0.0
1993-08-27,0.4619583934545517
1993-08-28,0.3401352185113677
1993-08-29,2.495607536414574
1993-08-30,14.279700016153269
1993-08-31,3.8985810690912706
1993-09-01,6.382114073325848
1993-09-02,15.747306971714414
1993-09-03,18.82175244956181
1993-09-04,4.8712573873585665
1993-09-05,0.039243158081482196
1993-09-06,0.7752566337585449
1993-09-07,1.0327853673490985
1993-09-08,0.5063957425540891
1993-09-09,0.6415285051896654
1993-09-10,0.14453504208860726
1993-09-11,0.0020619871191166596
1993-09-12,0.005598684704605618
1993-09-13,4.6684842459086715
1993-09-14,2.6426171393230042
1993-09-15,13.410242828829535
1993-09-16,3.3751776793907426
1993-09-17,0.010230842190955219
1993-09-18,1.3288483393603359
1993-09-19,1.6147443261639824
1993-09-20,1.6418115558295414
1993-09-21,3.471336944349881
1993-09-22,0.03444867404498931
1993-09-23,0.016643892267140848
1993-09-24,0.027759531384398198
1993-09-25,0.0
1993-09-26,7.565842435277742
1993-09-27,2.8921300871618865
1993-09-28,0.0
1993-09-29,0.0
1993-09-30,0.0
1993-10-01,0.0
1993-10-02,0.0
1993-10-03,1.0244184670777157
1993-10-04,0.10550206686081044
1993-10-05,0.0
1993-10-06,0.0
1993-10-07,0.12111475370053587
1993-10-08,0.0
1993-10-09,1.6335156703817433
1993-10-10,0.02707993226318524
1993-10-11,0.02743916542686779
1993-10-12,0.0
1993-10-13,6.890084315990579
1993-10-14,5.024542520786154
1993-10-15,2.4934814099607796
1993-10-16,0.46309707904684133
1993-10-17,0.02727628781877715
1993-10-18,0.00014515052517426424
1993-10-19,0.15147368661288557
1993-10-20,0.2553982899106782
1993-10-21,21.532906571338916
1993-10-22,10.067220494664948
1993-10-23,0.06068661265428467
1993-10-24,0.3978935428092192
1993-10-25,0.12651580010123295
1993-10-26,0.03329564817249775
1993-10-27,0.0006902215958187549
1993-10-28,0.0
1993-10-29,51.00034503279061
1993-10-30,29.001513514025458
1993-10-31,0.0
1993-11-01,0.0
1993-11-02,0.0
1993-11-03,2.6627578963284735e-05
1993-11-04,9.647423892185605
1993-11-05,32.31122164890684
1993-11-06,7.022221663902545
1993-11-07,0.0
1993-11-08,0.0
1993-11-09,17.139631370018268
1993-11-10,0.00046821626039735714
1993-11-11,0.0
1993-11-12,0.005530894830309111
1993-11-13,5.921558856964111
1993-11-14,31.724001851575128
1993-11-15,57.04449462890625
1993-11-16,9.886357208778119
1993-11-17,38.76599976112102
1993-11-18,0.0
1993-11-19,0.405084099749039
1993-11-20,0.37278219543654345
1993-11-21,0.31015753489116143
1993-11-22,0.31015753489116143
1993-11-23,0.31015753489116143
1993-11-24,0.31015753489116143
1993-11-25,0.31015753489116143
1993-11-26,0.02383957485315101
1993-11-27,2.349527823513952
1993-11-28,0.0
1993-11-29,0.0
1993-11-30,0.0
1993-12-01,7.194453641643812e-05
1993-12-02,0.2860721298332872
1993-12-03,1.772297252868784
1993-12-04,21.449387089959508
1993-12-05,0.0037491389084607363
1993-12-06,0.0
1993-12-07,0.0
1993-12-08,0.0014443040428008757
1993-12-09,0.05043452084546202
1993-12-10,22.751768046411975
1993-12-11,0.00015541169529475658
1993-12-12,0.005479040720243135
1993-12-13,28.35456867875724
1993-12-14,24.76994907444921
1993-12-15,0.0
1993-12-16,0.01767364311898087
1993-12-17,0.0
1993-12-18,0.22168459205342264
1993-12-19,0.0
1993-12-20,7.025341849131831
1993-12-21,0.41415107866813394
1993-12-22,12.789049345871497
1993-12-23,1.2538540774378284
1993-12-24,0.0
1993-12-25,0.0
1993-12-26,0.0
1993-12-27,0.0008619707062687917
1993-12-28,0.46455332431299934
1993-12-29,9.26223192543819
1993-12-30,0.0
1993-12-31,0.0
1994-01-01,11.327050085982371
1994-01-02,0.968956762732103
1994-01-03,16.305194174421246
1994-01-04,0.4191851129450289
1994-01-05,0.0
1994-01-06,0.0764842855358689
1994-01-07,3.457824437782682
1994-01-08,0.2059258596072423
1994-01-09,0.0
1994-01-10,0.0
1994-01-11,20.431352122076625
1994-01-12,1.3736437476914505
1994-01-13,1.0605184019639575
1994-01-14,0.0
1994-01-15,0.0
1994-01-16,0.017884275570897192
1994-01-17,62.54564180045292
1994-01-18,0.0
1994-01-19,0.0
1994-01-20,0.0
1994-01-21,8.614086832024222e-05
1994-01-22,0.0
1994-01-23,0.0029024962689085253
1994-01-24,0.0
1994-01-25,0.6520741357114809
1994-01-26,2.227031037725251
1994-01-27,83.36034143382105
1994-01-28,62.70778064070077
1994-01-29,13.647801415673618
1994-01-30,0.15906162303069543
1994-01-31,0.0
1994-02-01,0.0
1994-02-02,0.0
1994-02-03,0.0
1994-02-04,0.21661636207638116
1994-02-05,16.22955030408399
1994-02-06,0.6123388938862702
1994-02-07,0.2362823848580492
1994-02-08,0.4154351980521761
1994-02-09,0.2782791416192877
1994-02-10,21.280860095188537
1994-02-11,40.895072542387865
1994-02-12,0.001484196213603919
1994-02-13,0.10820194706320763
1994-02-14,0.0
1994-02-15,0.7356485087296059
1994-02-16,0.9843862440340735
1994-02-17,0.0
1994-02-18,0.09270228490490338
1994-02-19,0.32270034556758814
1994-02-20,2.833557735229361
1994-02-21,1.7172608396102642
1994-02-22,6.386461693665077
1994-02-23,27.31686855184621
1994-02-24,0.1553508039435436
1994-02-25,0.0
1994-02-26,0.25987072468831623
1994-02-27,0.25987072468831623
1994-02-28,1.539824146648933
1994-03-01,37.549409208626585
1994-03-02,8.750775255005935
1994-03-03,0.04000325913637363
1994-03-04,0.0
1994-03-05,0.0
1994-03-06,0.06631229858010493
1994-03-07,0.035011518372278984
1994-03-08,0.5464767135422806
1994-03-09,45.11793485181085
1994-03-10,0.01857241593172838
1994-03-11,0.43440042962801867
1994-03-12,0.43440042962801867
1994-03-13,0.5109920979573809
1994-03-14,0.43440042962801867
1994-03-15,0.43440042962801867
1994-03-16,0.29164437718432523
1994-03-17,0.0
1994-03-18,0.015477114969238254
1994-03-19,1.1924277138093422
1994-03-20,4.548274437929022
1994-03-21,0.1724067253285441
1994-03-22,0.0151027615085758
1994-03-23,4.414273270245256
1994-03-24,3.2721791349608322
1994-03-25,7.721525570441937
1994-03-26,0.8503648864811865
1994-03-27,5.649136992364094
1994-03-28,13.059672832489014
1994-03-29,0.01195880101495904
1994-03-30,0.00018764197312552352
1994-03-31,0.005074500814802816
1994-04-01,0.0
1994-04-02,0.0
1994-04-03,1.3320171421971814
1994-04-04,0.0
1994-04-05,0.25965048526895457
1994-04-06,35.47121389980974
1994-04-07,0.0002192214747553627
1994-04-08,0.0
1994-04-09,0.11894409846642921
1994-04-10,1.9084767432048404
1994-04-11,0.17728067208723775
1994-04-12,15.58293631981159
1994-04-13,24.447127112026873
1994-04-14,3.7014908461735168
1994-04-15,17.68370562586291
1994-04-16,46.50069440644363
1994-04-17,0.0
1994-04-18,0.0013383992522119962
1994-04-19,0.00971560262882247
1994-04-20,2.471838091981822
1994-04-21,17.912594417045856
1994-04-22,0.7718590420895609
1994-04-23,0.04871139450576799
1994-04-24,0.19060771013128347
1994-04-25,2.195789631070762
1994-04-26,3.8063912391662598
1994-04-27,0.3541111833062665
1994-04-28,0.049148094679774906
1994-04-29,0.3486311111984582
1994-04-30,2.766454047170179
1994-05-01,4.94944585602859
1994-05-02,1.7735960771297585
1994-05-03,36.843024484042466
1994-05-04,0.03236754296411728
1994-05-05,0.0
1994-05-06,0.0
1994-05-07,0.024178509030426884
1994-05-08,1.1860881632771985
1994-05-09,5.0143758264081235
1994-05-10,7.648701355375093
1994-05-11,0.07825065481251683
1994-05-12,0.23959269194767394
1994-05-13,0.011340020545597735
1994-05-14,0.5168356566593565
1994-05-15,0.3574156720062782
1994-05-16,8.110820342754495
1994-05-17,2.593004049925969
1994-05-18,0.001162115956158859
1994-05-19,0.0
1994-05-20,0.0
1994-05-21,0.0
1994-05-22,0.0
1994-05-23,0.0
1994-05-24,0.0
1994-05-25,0.0
1994-05-26,0.0008392352219430152
1994-05-27,5.015509543747737
1994-05-28,3.184449865900237
1994-05-29,4.795115372230267
1994-05-30,9.528746555591452
1994-05-31,3.531879108527611
1994-06-01,1.017776004199324
1994-06-02,1.3810638065995842
1994-06-03,1.9454249780753563
1994-06-04,3.551289973587825
1994-06-05,5.940294824797531
1994-06-06,10.260696263148867
1994-06-07,3.8928042526902824
1994-06-08,1.6552766504986534
1994-06-09,6.329192099900081
1994-06-10,10.615525311437146
1994-06-11,8.50977636205739
1994-06-12,19.411202660922346
1994-06-13,13.63865724103204
1994-06-14,0.4542858374529871
1994-06-15,0.702784488427228
1994-06-16,1.0901412821278489
1994-06-17,1.3226711870781307
1994-06-18,1.3152281316960681
1994-06-19,0.6811969803068144
1994-06-20,4.185651911229923
1994-06-21,5.98691437162202
1994-06-22,2.112480445154782
1994-06-23,3.825210349313144
1994-06-24,18.67783257056927
1994-06-25,3.020712914138005
1994-06-26,3.586610173356944
1994-06-27,7.803084537900728
1994-06-28,0.14356837781338855
1994-06-29,1.1389479236356144
1994-06-30,0.03735410139478486
1994-07-01,0.6025209673519792
1994-07-02,0.969631762340151
1994-07-03,0.277734466667833
1994-07-04,0.3304768595202216
1994-07-05,0.1672073376589808
1994-07-06,1.9367627583701035
1994-07-07,5.580777554676451
1994-07-08,10.50845928849845
1994-07-09,8.426355020753268
1994-07-10,7.5447137684657655
1994-07-11,26.14821874684301
1994-07-12,20.132650572678138
1994-07-13,11.095953448065396
1994-07-14,18.51650514273808
1994-07-15,3.4719763439277123
1994-07-16,5.407614929922696
1994-07-17,4.080015342811058
1994-07-18,12.61747514790502
1994-07-19,13.841064453125
1994-07-20,8.187081805590925
1994-07-21,6.2909390679721175
1994-07-22,6.602130528154044
1994-07-23,5.037882081393538
1994-07-24,0.7837769039745989
1994-07-25,0.70781000420965
1994-07-26,1.1258459625572994
1994-07-27,13.893255924356394
1994-07-28,0.027077626629636205
1994-07-29,0.0
1994-07-30,0.0
1994-07-31,0.34212904038100406
1994-08-01,0.3651759079978641
1994-08-02,3.8192085163699914
1994-08-03,10.34100047897162
1994-08-04,0.21765012517049587
1994-08-05,0.7576368342179821
1994-08-06,0.0
1994-08-07,0.0
1994-08-08,0.0
1994-08-09,0.0
1994-08-10,0.0
1994-08-11,0.2547569752767168
1994-08-12,0.8548269621257124
1994-08-13,0.154141284782311
1994-08-14,0.16141730803867865
1994-08-15,2.252597767731239
1994-08-16,0.5868183826578075
1994-08-17,0.008740529931824783
1994-08-18,0.012873953914847868
1994-08-19,0.19648534265057793
1994-08-20,0.7825571093065985
1994-08-21,11.766664866743417
1994-08-22,0.0013550432639272787
1994-08-23,0.5132621233833248
1994-08-24,0.1594288028005896
1994-08-25,0.16005563273512083
1994-08-26,0.06153663646044402
1994-08-27,0.05902851231653115
1994-08-28,0.7392081484712404
1994-08-29,1.7029953516762832
1994-08-30,6.139266721133528
1994-08-31,12.702752359982195
1994-09-01,4.700086558687276
1994-09-02,5.350609799911236
1994-09-03,0.2565540156913279
1994-09-04,1.2923619892560589e-06
1994-09-05,0.0
1994-09-06,0.15537866408904566
1994-09-07,6.4819850973014175
1994-09-08,4.536091007035354
1994-09-09,1.1010075442749878
1994-09-10,1.9322799269495339
1994-09-11,0.4866888574485121
1994-09-12,0.3952517252543877
1994-09-13,0.017659781973383484
1994-09-14,0.0
1994-09-15,8.379696188301876
1994-09-16,4.8866481493259295
1994-09-17,9.140354699101941
1994-09-18,0.31753152531796486
1994-09-19,0.0
1994-09-20,0.7692833203693916
1994-09-21,0.03746908427826289
1994-09-22,17.485646445175696
1994-09-23,4.517442485381817
1994-09-24,0.004216882978276959
1994-09-25,0.010302136720415076
1994-09-26,0.270541826198841
1994-09-27,0.270541826198841
1994-09-28,0.270541826198841
1994-09-29,0.270541826198841
1994-09-30,0.270541826198841
1994-10-01,0.05254567398464885
1994-10-02,4.879154328642221
1994-10-03,0.06825967370693026
1994-10-04,7.413179019781167e-05
1994-10-05,0.0
1994-10-06,0.0
1994-10-07,0.0
1994-10-08,3.4691904474949014
1994-10-09,57.08463517550764
1994-10-10,2.9627225460677313
1994-10-11,3.068860592513249
1994-10-12,8.302674309960727
1994-10-13,1.2945041101554344
1994-10-14,0.0685790173452476
1994-10-15,0.01737343918146758
1994-10-16,0.147483111134377
1994-10-17,3.856332271263517
1994-10-18,0.8655226348802961
1994-10-19,4.6589959602931454
1994-10-20,4.399641744021712
1994-10-21,3.691027419320468
1994-10-22,0.5605831382603481
1994-10-23,0.05418578220595573
1994-10-24,0.0
1994-10-25,0.007795991729302653
1994-10-26,0.4358245384847296
1994-10-27,0.0
1994-10-28,0.0
1994-10-29,0.0
1994-10-30,0.6008850993781254
1994-10-31,0.11081625701024614
1994-11-01,0.9867289497934538
1994-11-02,0.0
1994-11-03,0.6025862981533182
1994-11-04,0.0
1994-11-05,9.039128747479669
1994-11-06,10.00846764137005
1994-11-07,0.0
1994-11-08,0.0014828699600786485
1994-11-09,0.8858618695160438
1994-11-10,26.514725586463666
1994-11-11,1.3279098149003654
1994-11-12,0.728899342232737
1994-11-13,0.364909660713426
1994-11-14,0.01970430653028447
1994-11-15,0.0
1994-11-16,0.1475118026137352
1994-11-17,0.3851591798252073
1994-11-18,5.441558033484837e-05
1994-11-19,0.0
1994-11-20,1.2140709634484916
1994-11-21,1.4077264954303872
1994-11-22,0.0
1994-11-23,0.0
1994-11-24,0.4179387215910287
1994-11-25,0.3703230377928964
1994-11-26,9.278903796755035
1994-11-27,1.463267314022985
1994-11-28,34.48045197848616
1994-11-29,7.387171461664397
1994-11-30,0.0
1994-12-01,0.0
1994-12-02,0.0
1994-12-03,31.850673346683898
1994-12-04,28.26422441416773
1994-12-05,0.20064311500253348
1994-12-06,0.033727835815656804
1994-12-07,0.025295980973169208
1994-12-08,0.06818561904646199
1994-12-09,1.0608159522044247
1994-12-10,16.537817305531995
1994-12-11,0.0
1994-12-12,0.0
1994-12-13,0.0
1994-12-14,5.262388548524729
1994-12-15,0.9219797258827321
1994-12-16,19.037148344105688
1994-12-17,10.584287840744544
1994-12-18,0.0056262007946598115
1994-12-19,0.0
1994-12-20,0.0
1994-12-21,0.0
1994-12-22,0.0
1994-12-23,0.0
1994-12-24,0.0
1994-12-25,0.0
1994-12-26,0.0
1994-12-27,0.0
1994-12-28,0.0
1994-12-29,8.643545515578369
1994-12-30,0.3727103827585434
1994-12-31,0.18549002944652376
1995-01-01,4.753035759103709
1995-01-02,0.003553502582784357
1995-01-03,0.3791563058721608
1995-01-04,0.0
1995-01-05,0.0
1995-01-06,11.159362989766844
1995-01-07,0.16849492565760837
1995-01-08,0.0
1995-01-09,0.00873460980513081
1995-01-10,0.2524361143787873
1995-01-11,0.23507327509337458
1995-01-12,0.021172137979161124
1995-01-13,15.313019999142352
1995-01-14,0.5540522316406513
1995-01-15,0.2944653458122549
1995-01-16,0.009595377206127962
1995-01-17,0.0
1995-01-18,2.743785253886519
1995-01-19,20.79056161025475
1995-01-20,0.0
1995-01-21,0.0
1995-01-22,0.037456623468234945
1995-01-23,11.1475112222392
1995-01-24,0.0
1995-01-25,0.0
1995-01-26,0.0313788283423617
1995-01-27,32.75092503120159
1995-01-28,26.31878188560749
1995-01-29,0.11799778725052702
1995-01-30,0.13033382157827245
1995-01-31,0.0
1995-02-01,0.0
1995-02-02,0.0
1995-02-03,0.5313038245357317
1995-02-04,0.005742252071725269
1995-02-05,0.0
1995-02-06,0.0
1995-02-07,0.12104115069940172
1995-02-08,0.02373769888975497
1995-02-09,0.0013149828722315102
1995-02-10,2.040114711070883
1995-02-11,10.928279459283784
1995-02-12,0.1680043593594997
1995-02-13,0.0856615832072466
1995-02-14,0.014143924444993147
1995-02-15,0.535144132891156
1995-02-16,6.108977605556619
1995-02-17,16.990213344837056
1995-02-18,0.16664815250912618
1995-02-19,6.609985458439794
1995-02-20,0.18484764167203985
1995-02-21,0.0
1995-02-22,0.0
1995-02-23,0.0009451172683901828
1995-02-24,0.5211841895662505
1995-02-25,0.0
1995-02-26,0.0
1995-02-27,2.671024902113553
1995-02-28,34.067118151434535
1995-03-01,1.3518793336276351
1995-03-02,2.4022117000201653e-05
1995-03-03,4.792879030622285
1995-03-04,5.558108206452994
1995-03-05,27.981242212755927
1995-03-06,4.1154404179803254
1995-03-07,42.43262902621565
1995-03-08,21.52190399169922
1995-03-09,0.0
1995-03-10,0.0
1995-03-11,0.0
1995-03-12,0.00028065210087867135
1995-03-13,0.014528130157047818
1995-03-14,7.309571052419728
1995-03-15,37.259561407155005
1995-03-16,13.719165070303555
1995-03-17,5.965670425316383
1995-03-18,0.03627137072255899
1995-03-19,0.0
1995-03-20,0.0
1995-03-21,0.0
1995-03-22,0.0
1995-03-23,0.0
1995-03-24,0.0
1995-03-25,0.0
1995-03-26,0.6157467468031521
1995-03-27,13.028514631863299
1995-03-28,0.21443603085032825
1995-03-29,11.682142060378503
1995-03-30,11.238763184382998
1995-03-31,4.731143782878744
1995-04-01,0.0
1995-04-02,0.0
1995-04-03,0.0
1995-04-04,10.466774973376044
1995-04-05,8.868049243400836
1995-04-06,1.6042766242191708
1995-04-07,0.002369959870802945
1995-04-08,0.0
1995-04-09,0.0024803222221290245
1995-04-10,0.0003741794097205174
1995-04-11,45.887465246792495
1995-04-12,1.8447322300795852
1995-04-13,0.0
1995-04-14,0.0
1995-04-15,0.0
1995-04-16,0.0
1995-04-17,0.0
1995-04-18,0.0
1995-04-19,0.0
1995-04-20,0.0
1995-04-21,96.55528759134226
1995-04-22,2.3841154452027946
1995-04-23,28.03154892757021
1995-04-24,0.0032545422195810183
1995-04-25,0.0
1995-04-26,0.0002618886451116474
1995-04-27,0.0003199994534952566
1995-04-28,0.000595968423896983
1995-04-29,0.0002576849892020932
1995-04-30,0.005238278296270311
1995-05-01,0.2444856570198618
1995-05-02,0.4111935506606924
1995-05-03,0.2759230609597831
1995-05-04,2.2365053275535844
1995-05-05,3.0089046379615523
1995-05-06,0.07127312853418548
1995-05-07,2.3677807144724346e-05
1995-05-08,0.6517864804843376
1995-05-09,35.75748903998013
1995-05-10,6.247202480661458
1995-05-11,1.0948022419008716
1995-05-12,19.601567630110114
1995-05-13,0.9743460231813891
1995-05-14,0.14608411979058694
1995-05-15,0.2501287419220497
1995-05-16,3.094351745074101e-05
1995-05-17,8.543526878227191e-05
1995-05-18,0.4659872908016731
1995-05-19,9.389988142868567
1995-05-20,0.0
1995-05-21,0.0
1995-05-22,0.0
1995-05-23,0.0
1995-05-24,0.0
1995-05-25,0.0
1995-05-26,0.00038419822622331437
1995-05-27,0.8906390646408344
1995-05-28,17.716425566837707
1995-05-29,14.071598020093194
1995-05-30,25.751958255110114
1995-05-31,14.093382013255152
1995-06-01,33.064756590744544
1995-06-02,2.8056026101112366
1995-06-03,0.0505066251960294
1995-06-04,0.09351973452380505
1995-06-05,0.0
1995-06-06,0.019363024890230132
1995-06-07,0.1294699958686171
1995-06-08,0.3682628536018832
1995-06-09,0.009032505339589613
1995-06-10,0.05867013264575909
1995-06-11,0.0004266265018016164
1995-06-12,9.381176553923508
1995-06-13,0.0
1995-06-14,0.0
1995-06-15,0.0
1995-06-16,0.0
1995-06-17,0.24573362169080767
1995-06-18,0.035338748278545926
1995-06-19,0.05883263873642888
1995-06-20,0.5176728343398407
1995-06-21,0.0009610129927750677
1995-06-22,0.0018315951968141799
1995-06-23,0.02050079597995199
1995-06-24,0.043956754921839154
1995-06-25,0.11892365111873068
1995-06-26,0.9431172527115921
1995-06-27,0.0
1995-06-28,5.841807797037322
1995-06-29,2.927657489118905
1995-06-30,0.33868795556241066
1995-07-01,12.392029630726782
1995-07-02,2.1603251366779723
1995-07-03,3.1411747028087746
1995-07-04,0.31447691290542995
1995-07-05,1.2826122107176945
1995-07-06,2.0567084509750893
1995-07-07,0.410176087042381
1995-07-08,0.048897636733178436
1995-07-09,4.867715621816701
1995-07-10,0.5133476750604038
1995-07-11,0.004403043201128985
1995-07-12,0.17247815263168564
1995-07-13,1.672485980494269
1995-07-14,1.6869564467463
1995-07-15,0.5300739407539368
1995-07-16,0.4516903408642473
1995-07-17,4.934894331570329
1995-07-18,4.874553063820148
1995-07-19,12.586081767904348
1995-07-20,2.9438932311945947
1995-07-21,5.431491448961455
1995-07-22,0.31348020814616107
1995-07-23,0.00034044249533226006
1995-07-24,0.06368743525496845
1995-07-25,0.7283245633388388
1995-07-26,2.9766992864937616
1995-07-27,1.4079753386563267
1995-07-28,0.2950196769730798
1995-07-29,1.1589661199471046
1995-07-30,12.777033361895331
1995-07-31,10.562322353494578
1995-08-01,0.6337510640331512
1995-08-02,0.13301401940808663
1995-08-03,2.362378713144953
1995-08-04,27.716511273692394
1995-08-05,6.6324592444018045
1995-08-06,5.924948034615352
1995-08-07,0.20307148736098718
1995-08-08,0.0007619563538324216
1995-08-09,1.1621765103833428
1995-08-10,0.890318556078549
1995-08-11,0.0
1995-08-12,0.0
1995-08-13,0.0
1995-08-14,0.0
1995-08-15,0.0
1995-08-16,0.49971304037447634
1995-08-17,0.3393267387973851
1995-08-18,9.717420491678961
1995-08-19,2.823321258199626
1995-08-20,12.02491571163309
1995-08-21,0.9128120849872458
1995-08-22,0.23148847859481286
1995-08-23,0.07937378102335436
1995-08-24,0.027451728952342068
1995-08-25,0.011337568276915056
1995-08-26,0.0
1995-08-27,0.0
1995-08-28,0.0
1995-08-29,0.0
1995-08-30,0.0
1995-08-31,0.0
1995-09-01,0.10719413119207682
1995-09-02,0.0427616063890786
1995-09-03,0.0
1995-09-04,0.3303859942945941
1995-09-05,0.022810838699083905
1995-09-06,0.34889606180889854
1995-09-07,0.0016081168733794115
1995-09-08,0.0016081168733794115
1995-09-09,0.67837502190779
1995-09-10,0.0016081168733794115
1995-09-11,0.0
1995-09-12,0.24850485463433997
1995-09-13,6.849937665051427
1995-09-14,18.161589721153522
1995-09-15,11.293870919737323
1995-09-16,6.70175385680692
1995-09-17,9.704517783789798
1995-09-18,0.26705345090735577
1995-09-19,0.0
1995-09-20,2.6925740139237764
1995-09-21,1.1228695892054459
1995-09-22,17.817239613368592
1995-09-23,1.3568361617367843
1995-09-24,0.03773391628959056
1995-09-25,8.542742906339017e-05
1995-09-26,0.5373283110815903
1995-09-27,0.18958676105429387
1995-09-28,0.18958676105429387
1995-09-29,0.18958676105429387
1995-09-30,0.18958676105429387
1995-10-01,0.0
1995-10-02,1.2819482499155506
1995-10-03,28.249193257298963
1995-10-04,29.5445477715854
1995-10-05,5.603352702897171
1995-10-06,0.4007530387105613
1995-10-07,0.31194435111407576
1995-10-08,0.31194435111407576
1995-10-09,0.31194435111407576
1995-10-10,0.31194435111407576
1995-10-11,0.0008770318988887272
1995-10-12,0.13097459720126514
1995-10-13,0.20443357874093385
1995-10-14,11.92129503447434
1995-10-15,0.0
1995-10-16,0.0
1995-10-17,0.0
1995-10-18,0.0
1995-10-19,0.0
1995-10-20,0.0
1995-10-21,0.0
1995-10-22,0.0
1995-10-23,0.25774550412235586
1995-10-24,0.9371290700188999
1995-10-25,0.0
1995-10-26,0.47833172771437416
1995-10-27,16.15967719308261
1995-10-28,14.914418088978735
1995-10-29,0.0
1995-10-30,6.594931306510136
1995-10-31,5.561656999176946
1995-11-01,4.6243994318205734
1995-11-02,1.7191589269144782
1995-11-03,62.76458437689419
1995-11-04,0.0
1995-11-05,3.7883547092306205
1995-11-06,2.145822603127052
1995-11-07,8.931224675014102
1995-11-08,0.00015834968771428223
1995-11-09,0.0
1995-11-10,6.444873127444037
1995-11-11,31.036360115840516
1995-11-12,0.0
1995-11-13,0.11707459362063172
1995-11-14,4.018586154641776
1995-11-15,0.0
1995-11-16,0.19509047295512824
1995-11-17,0.0
1995-11-18,0.04226200369283043
1995-11-19,0.016362906130811535
1995-11-20,15.02230506107725
1995-11-21,0.12982193945810713
1995-11-22,0.0
1995-11-23,2.3620558894913772
1995-11-24,2.138362866023491
1995-11-25,0.0
1995-11-26,0.0
1995-11-27,0.12468994871295731
1995-11-28,1.453997683936152
1995-11-29,0.14011024658022256
1995-11-30,0.0
1995-12-01,0.0
1995-12-02,0.0
1995-12-03,2.1776355695107887
1995-12-04,8.496050559241196
1995-12-05,5.07784544548084
1995-12-06,5.334517618705487
1995-12-07,0.5948941868826233
1995-12-08,0.7593287663726971
1995-12-09,5.589578347987142
1995-12-10,0.0
1995-12-11,0.0
1995-12-12,0.0
1995-12-13,0.43906894755742415
1995-12-14,0.5075468102887529
1995-12-15,0.20475701632877363
1995-12-16,6.791434033163663
1995-12-17,8.434958392176135
1995-12-18,80.79937757294753
1995-12-19,11.826428413391113
1995-12-20,3.767895094793418e-05
1995-12-21,0.0
1995-12-22,1.6206482453592892
1995-12-23,0.0
1995-12-24,4.524190619074065
1995-12-25,0.0
1995-12-26,0.0
1995-12-27,0.0
1995-12-28,4.752754240802585e-06
1995-12-29,0.0
1995-12-30,0.0
1995-12-31,13.039035240124011
1996-01-01,6.579804140945961
1996-01-02,13.956827788517392
1996-01-03,1.1228921187335048
1996-01-04,0.0
1996-01-05,0.025346625981659723
1996-01-06,1.3018388121292508
1996-01-07,0.010759510099887848
1996-01-08,0.0
1996-01-09,0.0
1996-01-10,0.0
1996-01-11,4.26500678884572
1996-01-12,0.00034999123931027436
1996-01-13,0.0
1996-01-14,0.0
1996-01-15,0.4851286169783822
1996-01-16,0.6519408246566509
1996-01-17,0.7632229800882011
1996-01-18,5.975186627486656
1996-01-19,0.0
1996-01-20,0.0
1996-01-21,0.09633779606043265
1996-01-22,0.0005495118540270126
1996-01-23,0.00024052211188847712
1996-01-24,0.628318739605361
1996-01-25,0.0
1996-01-26,36.167616350897426
1996-01-27,42.46173727101293
1996-01-28,0.0
1996-01-29,2.483534570398002
1996-01-30,6.2024400316435715
1996-01-31,10.789222914597083
1996-02-01,1.9715983189385513
1996-02-02,38.37324977743214
1996-02-03,0.017474541954439263
1996-02-04,0.0
1996-02-05,0.0
1996-02-06,0.48459979377943896
1996-02-07,0.021773132379166782
1996-02-08,0.29637540260265616
1996-02-09,0.6891954006819889
1996-02-10,0.3311295570998356
1996-02-11,0.12099993257815468
1996-02-12,0.0
1996-02-13,0.0
1996-02-14,0.0
1996-02-15,0.0749974193308374
1996-02-16,0.0
1996-02-17,0.0
1996-02-18,0.0
1996-02-19,16.5702899899976
1996-02-20,0.26921855054538824
1996-02-21,0.407823263731753
1996-02-22,0.17913359475868015
1996-02-23,0.23770620911542711
1996-02-24,0.18245329166730417
1996-02-25,0.07404026802597118
1996-02-26,0.2851062077900459
1996-02-27,0.20005660709635964
1996-02-28,27.577056555912414
1996-02-29,3.3046196658035805
1996-03-01,2.2024381407375992
1996-03-02,0.0
1996-03-03,0.0
1996-03-04,0.0
1996-03-05,2.629706933580596
1996-03-06,23.984443533009497
1996-03-07,49.535743976461475
1996-03-08,0.0
1996-03-09,0.0
1996-03-10,0.0
1996-03-11,0.0
1996-03-12,0.0
1996-03-13,0.000562073780295985
1996-03-14,0.26428648983610087
1996-03-15,0.6198165396164204
1996-03-16,3.0194106019776443
1996-03-17,12.356520554115033
1996-03-18,15.522610401285105
1996-03-19,1.726689655205299
1996-03-20,3.795561396741661e-05
1996-03-21,0.0
1996-03-22,0.0
1996-03-23,0.0
1996-03-24,0.17060917127749015
1996-03-25,26.989830280172413
1996-03-26,9.896679993333487
1996-03-27,14.532350836129025
1996-03-28,1.7625907536210685
1996-03-29,0.10073095198784923
1996-03-30,9.956990242004395
1996-03-31,10.060407539893841
1996-04-01,0.0
1996-04-02,0.0
1996-04-03,0.0
1996-04-04,0.0
1996-04-05,0.0
1996-04-06,18.460958217752392
1996-04-07,0.0
1996-04-08,0.0
1996-04-09,0.0
1996-04-10,0.0
1996-04-11,0.0
1996-04-12,0.05116931060810798
1996-04-13,15.085311462139261
1996-04-14,41.3566411774734
1996-04-15,23.831509096869105
1996-04-16,0.0
1996-04-17,0.00923124566505631
1996-04-18,6.077625003354303
1996-04-19,2.739144415690981
1996-04-20,0.0843218413406405
1996-04-21,0.41508457475695115
1996-04-22,1.8546675978035763
1996-04-23,27.70951586756213
1996-04-24,0.0
1996-04-25,0.0
1996-04-26,1.1203816779728593
1996-04-27,0.0
1996-04-28,0.08227162063121796
1996-04-29,12.135392320567163
1996-04-30,1.3340573578045285
1996-05-01,0.0
1996-05-02,0.0
1996-05-03,0.0
1996-05-04,0.0
1996-05-05,0.0
1996-05-06,0.0
1996-05-07,0.0
1996-05-08,0.0
1996-05-09,0.0
1996-05-10,0.0
1996-05-11,0.0
1996-05-12,0.0
1996-05-13,0.0
1996-05-14,0.0
1996-05-15,0.0
1996-05-16,0.0
1996-05-17,0.0
1996-05-18,0.0
1996-05-19,0.0
1996-05-20,0.0
1996-05-21,0.0
1996-05-22,0.0
1996-05-23,0.0
1996-05-24,0.0
1996-05-25,0.0
1996-05-26,0.6150363647732241
1996-05-27,2.001133577576999
1996-05-28,16.892900203836376
1996-05-29,25.43363962502315
1996-05-30,0.05679144215737951
1996-05-31,0.0
1996-06-01,1.399210074852253
1996-06-02,15.98554512550091
1996-06-03,1.005375269928883
1996-06-04,0.020094165626656394
1996-06-05,0.6514411774174921
1996-06-06,0.17823351071826343
1996-06-07,9.985370981282202
1996-06-08,23.415416125593513
1996-06-09,0.3907889836821063
1996-06-10,0.00018815836238931735
1996-06-11,0.48276029450112373
1996-06-12,3.9017136014741043
1996-06-13,17.134526581599793
1996-06-14,1.6973796178554665
1996-06-15,6.902916678066911
1996-06-16,1.08585650030652
1996-06-17,0.511339302399549
1996-06-18,0.16605453988826224
1996-06-19,7.5447384368242885
1996-06-20,6.701454389198073
1996-06-21,3.7039301272096306
1996-06-22,1.273662752118604
1996-06-23,0.8969561560400601
1996-06-24,8.67485837278695
1996-06-25,7.7037212108743605
1996-06-26,0.03075855832290033
1996-06-27,0.37741076226892145
1996-06-28,0.009698930951156494
1996-06-29,5.757034573591603e-05
1996-06-30,0.0
1996-07-01,0.0
1996-07-02,0.0
1996-07-03,0.0
1996-07-04,0.0
1996-07-05,0.0
1996-07-06,0.002820182535476212
1996-07-07,0.3169970062786135
1996-07-08,5.15716250600486
1996-07-09,4.008052624505142
1996-07-10,0.9593436738540386
1996-07-11,0.0101957663548468
1996-07-12,0.04742750747065092
1996-07-13,7.293708332653703
1996-07-14,28.10039155236606
1996-07-15,9.80900766109598
1996-07-16,17.511318436984357
1996-07-17,5.4679521445570325
1996-07-18,0.8531018351686412
1996-07-19,0.6938703245130079
1996-07-20,1.3328515866707111
1996-07-21,0.00348761111722681
1996-07-22,0.07047937874650133
1996-07-23,0.7025422166133749
1996-07-24,3.5953365358813056
1996-07-25,3.7364028486712226
1996-07-26,6.470470280482851
1996-07-27,0.23755614125523075
1996-07-28,2.4416072409728478
1996-07-29,0.7883804301763403
1996-07-30,1.6467869836708595
1996-07-31,6.776706391367419
1996-08-01,7.17737758570704
1996-08-02,7.75887367643159
1996-08-03,1.8088333236760106
1996-08-04,0.962928060313751
1996-08-05,2.444971355898627
1996-08-06,19.070754856898866
1996-08-07,1.0626960294000034
1996-08-08,2.910769590016069
1996-08-09,19.333029072860192
1996-08-10,0.17454071359002385
1996-08-11,2.215655096646013
1996-08-12,0.7374693114182045
1996-08-13,0.9689475092394598
1996-08-14,0.019045097817634714
1996-08-15,0.0034816053787302547
1996-08-16,0.22011331032062398
1996-08-17,0.853628421651906
1996-08-18,0.9272174670778471
1996-08-19,0.9061975150272764
1996-08-20,0.14485603365404853
1996-08-21,0.04701646911943781
1996-08-22,0.0
1996-08-23,0.14864571366844506
1996-08-24,0.25614019509019526
1996-08-25,2.017024654766609
1996-08-26,4.385482031723549
1996-08-27,0.872095539652068
1996-08-28,20.993960479210163
1996-08-29,16.297364234924316
1996-08-30,18.965404740695295
1996-08-31,2.9291542069665315
1996-09-01,0.935894983081982
1996-09-02,3.763353759872502
1996-09-03,1.1330036695661216
1996-09-04,0.3428347872505928
1996-09-05,0.31441789737035486
1996-09-06,0.15740339894746913
1996-09-07,0.18731041252613068
1996-09-08,0.30335621638544674
1996-09-09,1.0726529647564065
1996-09-10,0.13869632125414652
1996-09-11,0.17826529608332906
1996-09-12,0.00012412965112036607
1996-09-13,0.0
1996-09-14,0.0583314712576825
1996-09-15,3.9959269042672783
1996-09-16,19.047919552901696
1996-09-17,0.672572265668162
1996-09-18,0.0
1996-09-19,0.0
1996-09-20,0.9224351243726139
1996-09-21,28.122072548701844
1996-09-22,0.02534982411126638
1996-09-23,0.0
1996-09-24,0.0
1996-09-25,0.004565152777198316
1996-09-26,0.14244767066476674
1996-09-27,9.871130893970358
1996-09-28,42.279120938531285
1996-09-29,0.0
1996-09-30,0.04561279293406626
1996-10-01,10.90568573721524
1996-10-02,6.023269044941869
1996-10-03,2.186238909589833
1996-10-04,2.244093578437279
1996-10-05,0.031417106928560756
1996-10-06,12.296731735097952
1996-10-07,0.06691227949641902
1996-10-08,0.0
1996-10-09,0.7524053022779268
1996-10-10,0.0
1996-10-11,0.34174034359126254
1996-10-12,0.34174034359126254
1996-10-13,0.34174034359126254
1996-10-14,0.34174034359126254
1996-10-15,0.34174034359126254
1996-10-16,1.5202384693869229
1996-10-17,0.10916870960901523
1996-10-18,4.700830763783948
1996-10-19,0.0
1996-10-20,0.0
1996-10-21,0.0
1996-10-22,2.6540237418536483
1996-10-23,0.33564200791819343
1996-10-24,0.0
1996-10-25,0.8114225967177029
1996-10-26,88.3922847879344
1996-10-27,1.045735303697915
1996-10-28,3.007328707789039e-05
1996-10-29,0.037733771420758344
1996-10-30,11.299694488788473
1996-10-31,0.0
1996-11-01,0.14313151481850395
1996-11-02,0.9409031652171036
1996-11-03,0.0
1996-11-04,0.0009159490933786307
1996-11-05,1.6421327467622429
1996-11-06,5.072784423828125
1996-11-07,21.97510390446104
1996-11-08,19.43936719565556
1996-11-09,0.0
1996-11-10,0.0
1996-11-11,0.49574559926986694
1996-11-12,0.6101578104084936
1996-11-13,0.49574559926986694
1996-11-14,0.49574559926986694
1996-11-15,0.49574559926986694
1996-11-16,0.0
1996-11-17,1.8991670875713742
1996-11-18,9.21129821086752
1996-11-19,0.5797949561785007
1996-11-20,0.22656756896397162
1996-11-21,1.4000607153465008
1996-11-22,0.04699861913405616
1996-11-23,0.0
1996-11-24,0.010533221788575938
1996-11-25,8.388650548869165
1996-11-26,0.003012847137769909
1996-11-27,0.0
1996-11-28,0.0
1996-11-29,0.13773011210663566
1996-11-30,4.355438413291142
1996-12-01,6.488950669251639
1996-12-02,0.0
1996-12-03,0.0
1996-12-04,0.0
1996-12-05,0.7566201740169319
1996-12-06,0.1478190573638883
1996-12-07,0.7728064954280853
1996-12-08,0.0
1996-12-09,0.0
1996-12-10,1.0855609334298762e-05
1996-12-11,0.09918195156958597
1996-12-12,3.286259504227803
1996-12-13,0.5084319443538271
1996-12-14,0.0
1996-12-15,0.0
1996-12-16,30.62020827983988
1996-12-17,9.385944580209665
1996-12-18,0.478261969212828
1996-12-19,0.0
1996-12-20,0.0
1996-12-21,0.0
1996-12-22,0.0
1996-12-23,0.0
1996-12-24,0.0
1996-12-25,0.0
1996-12-26,3.463245124652468
1996-12-27,17.342417322356127
1996-12-28,0.7825009956442076
1996-12-29,6.63173509466237
1996-12-30,9.129488336628881
1996-12-31,0.8300033314474697
1997-01-01,5.064735445482977
1997-01-02,0.35373829870388424
1997-01-03,1.236496534840814
1997-01-04,1.0916419830815545
1997-01-05,11.61111594890726
1997-01-06,0.05133965556863053
1997-01-07,19.540008610692517
1997-01-08,15.279078746664114
1997-01-09,3.495749325587832
1997-01-10,0.05381156401387576
1997-01-11,0.0002218331720886736
1997-01-12,0.03746467198502144
1997-01-13,0.5489193606993248
1997-01-14,0.00017075153150001606
1997-01-15,10.383872151374817
1997-01-16,10.169153476583547
1997-01-17,0.00010409467685004247
1997-01-18,0.00010409467685004247
1997-01-19,0.00010409467685004247
1997-01-20,0.00010409467685004247
1997-01-21,1.074853543577523
1997-01-22,4.633835200605722
1997-01-23,1.2207631592092842
1997-01-24,16.88992845601049
1997-01-25,1.7455264309356953
1997-01-26,0.00015231883424286056
1997-01-27,2.3634660942801116
1997-01-28,38.02688092198865
1997-01-29,1.455355849759332
1997-01-30,0.00015231883424286056
1997-01-31,0.00015231883424286056
1997-02-01,0.21826064586639404
1997-02-02,1.312012191476493
1997-02-03,0.1974624796160336
1997-02-04,18.331906351549872
1997-02-05,0.47883887023761357
1997-02-06,6.462066812673584e-05
1997-02-07,5.416663079426207
1997-02-08,5.305550887666899
1997-02-09,0.0006646142341949222
1997-02-10,1.4426346729541648
1997-02-11,0.0047873749180921705
1997-02-12,18.5628583184604
1997-02-13,51.91667398913153
1997-02-14,1.0992457126748973
1997-02-15,0.8944860717345928
1997-02-16,0.00012095322669885154
1997-02-17,0.00012095322669885154
1997-02-18,0.00012095322669885154
1997-02-19,1.4814222578344673
1997-02-20,0.14087341828592892
1997-02-21,17.68713119112212
1997-02-22,0.11228249119273548
1997-02-23,0.15641908891095604
1997-02-24,3.141056611620147
1997-02-25,44.24928395501499
1997-02-26,3.5279477711381584
1997-02-27,24.88891673910207
1997-02-28,6.772274041997975
1997-03-01,3.2393399189258445
1997-03-02,4.886633560575288
1997-03-03,2.645438884866649
1997-03-04,0.00011259090237656673
1997-03-05,0.39259548742195655
1997-03-06,0.3286598293945707
1997-03-07,0.00018152380251759212
1997-03-08,0.00018152380251759212
1997-03-09,0.067960018099382
1997-03-10,1.5204267789577615
1997-03-11,6.8185925812556825
1997-03-12,3.4855302859996926
1997-03-13,44.2931197593952
1997-03-14,5.260719241767094
1997-03-15,0.01747200430916815
1997-03-16,0.00016338306660804063
1997-03-17,0.00016338306660804063
1997-03-18,0.5727363403501182
1997-03-19,12.567876256745437
1997-03-20,7.390539629706021
1997-03-21,0.0
1997-03-22,0.0
1997-03-23,0.0
1997-03-24,0.0
1997-03-25,0.0
1997-03-26,3.640056790976689
1997-03-27,0.0031983953988950313
1997-03-28,2.6096564428559663
1997-03-29,5.5976615609793825
1997-03-30,9.529744509992929
1997-03-31,0.05561810638153412
1997-04-01,0.0004129056252513065
1997-04-02,6.888588679179645e-05
1997-04-03,6.888588679179645e-05
1997-04-04,4.142747245985886
1997-04-05,21.860682323061187
1997-04-06,20.53914162208294
1997-04-07,0.06250192025869057
1997-04-08,1.5609018381941935
1997-04-09,1.1892081869059596
1997-04-10,0.06250192025869057
1997-04-11,20.999753425861226
1997-04-12,24.878341345951476
1997-04-13,0.0018622719372646756
1997-04-14,0.08818360651313359
1997-04-15,0.0002615424259445341
1997-04-16,0.0002046642990096408
1997-04-17,0.00020613325664428352
1997-04-18,0.0002046642990096408
1997-04-19,0.33904800846658906
1997-04-20,0.015568414575807703
1997-04-21,2.9781836147966056
1997-04-22,22.22860757235823
1997-04-23,4.00873446053472
1997-04-24,0.05563048445062656
1997-04-25,0.6773528662221185
1997-04-26,82.07824720185378
1997-04-27,67.75244074854358
1997-04-28,6.302826996507315
1997-04-29,0.16148814122224675
1997-04-30,0.00020652588513069627
1997-05-01,0.08464133996388008
1997-05-02,0.3464570364047741
1997-05-03,8.226494213630414
1997-05-04,5.486474062841996e-05
1997-05-05,5.486474062841996e-05
1997-05-06,0.0
1997-05-07,0.0
1997-05-08,0.0
1997-05-09,0.0
1997-05-10,0.0
1997-05-11,0.0023999668754123406
1997-05-12,0.0023999668754123406
1997-05-13,0.0023999668754123406
1997-05-14,0.0023999668754123406
1997-05-15,1.6388683976798222
1997-05-16,2.111476143886303
1997-05-17,0.0002502222374334514
1997-05-18,4.9870953477662185
1997-05-19,24.2267741499276
1997-05-20,7.922822812507892
1997-05-21,18.258058252005743
1997-05-22,4.094566480866794
1997-05-23,8.001694153095114
1997-05-24,25.415579631410797
1997-05-25,22.255761212316052
1997-05-26,0.4135892154841587
1997-05-27,0.10528151254201758
1997-05-28,21.36127254880708
1997-05-29,23.655183627687652
1997-05-30,11.6602647057895
1997-05-31,19.61131579300453
1997-06-01,0.0
1997-06-02,0.0
1997-06-03,0.0
1997-06-04,0.0
1997-06-05,0.0
1997-06-06,1.5289122660098404
1997-06-07,3.8760897599417588
1997-06-08,4.543324475658351
1997-06-09,2.2067161983457106
1997-06-10,6.58488018142766
1997-06-11,3.4033524250162057
1997-06-12,0.7763095898874874
1997-06-13,0.4492735431112092
1997-06-14,0.505409378429939
1997-06-15,0.11978891658885725
1997-06-16,13.142692121966132
1997-06-17,25.2254230236185
1997-06-18,28.11258605430866
1997-06-19,3.908319086864077
1997-06-20,19.330927717274633
1997-06-21,0.2782595123742418
1997-06-22,0.0820133744514194
1997-06-23,2.030813517562788
1997-06-24,6.6006076497764425
1997-06-25,9.943023337372418
1997-06-26,30.66245467087318
1997-06-27,11.197316054640146
1997-06-28,8.011884113837933
1997-06-29,25.67083845467403
1997-06-30,8.908735867204337
1997-07-01,0.020043251843288028
1997-07-02,0.009226708576597017
1997-07-03,4.467224714282001e-06
1997-07-04,0.0032826268981243
1997-07-05,0.614636519859577
1997-07-06,2.3904015894593864
1997-07-07,4.66533691307594
1997-07-08,2.6846845355527154
1997-07-09,0.1497201770544052
1997-07-10,2.2921299523320693
1997-07-11,3.3293475323709947
1997-07-12,0.9075842165741427
1997-07-13,12.311403669159988
1997-07-14,1.2266242987123028
1997-07-15,1.33374999103875
1997-07-16,4.106524451796351
1997-07-17,5.5889552678784415
1997-07-18,0.7450670671874079
1997-07-19,1.1251893373655861
1997-07-20,4.984397606346114
1997-07-21,9.301253664082495
1997-07-22,4.936999822485036
1997-07-23,15.394210519461796
1997-07-24,28.83155895101613
1997-07-25,1.5454191257213723
1997-07-26,0.37205917465275734
1997-07-27,0.00943431661239472
1997-07-28,0.7334467229144327
1997-07-29,5.9447534577599885
1997-07-30,8.235466348713842
1997-07-31,5.157130841551156
1997-08-01,0.0060301376827831925
1997-08-02,0.0002881983367340832
1997-08-03,0.0032517113562287956
1997-08-04,0.0012014669462524611
1997-08-05,0.0017300542636678137
1997-08-06,0.013193858530500839
1997-08-07,0.1936540586938118
1997-08-08,30.852668104500605
1997-08-09,5.371878813053
1997-08-10,13.747392013155181
1997-08-11,2.236345208924392
1997-08-12,1.6755184880618392
1997-08-13,0.6901204174962537
1997-08-14,5.6156844435067015
1997-08-15,0.06933464854955673
1997-08-16,0.09028516350121334
1997-08-17,0.3542559393521013
1997-08-18,0.580431715167802
1997-08-19,0.3941806225941099
1997-08-20,2.698939824926442
1997-08-21,2.382596936719171
1997-08-22,0.0004033174341672967
1997-08-23,0.0005431795765742146
1997-08-24,0.0004033174341672967
1997-08-25,0.0004033174341672967
1997-08-26,0.20134502238240734
1997-08-27,0.11693394697945693
1997-08-28,0.02801580450915057
1997-08-29,0.4333136143355534
1997-08-30,0.7288432080170204
1997-08-31,3.77237790206383
1997-09-01,0.11014805965382478
1997-09-02,0.328145295381546
1997-09-03,0.027119390457740117
1997-09-04,0.0001907824561981372
1997-09-05,0.24429633185781283
1997-09-06,0.5399896980359636
1997-09-07,0.0007989326044605997
1997-09-08,0.000979812417865795
1997-09-09,7.4339148916047195
1997-09-10,7.492029181842146
1997-09-11,0.2031560129132764
1997-09-12,0.2031560129132764
1997-09-13,0.2031560129132764
1997-09-14,0.2031560129132764
1997-09-15,0.24325839969618568
1997-09-16,0.32311721557173234
1997-09-17,0.3329776756722352
1997-09-18,0.31325675906806155
1997-09-19,0.31325675906806155
1997-09-20,0.31325675906806155
1997-09-21,0.06187618896365166
1997-09-22,0.13239615384874673
1997-09-23,0.1577402883819465
1997-09-24,2.88428717235039
1997-09-25,9.034260051003818
1997-09-26,1.0416045106690506
1997-09-27,0.7525374920203768
1997-09-28,0.04579547921131397
1997-09-29,6.710339798230743e-05
1997-09-30,0.03780513950462999
1997-10-01,0.7649100443412518
1997-10-02,4.0608953864209286e-05
1997-10-03,4.0608953864209286e-05
1997-10-04,0.09143460259355347
1997-10-05,4.0608953864209286e-05
1997-10-06,0.44357151615208595
1997-10-07,0.004952549770803608
1997-10-08,0.010192437841083276
1997-10-09,0.6880930415515242
1997-10-10,0.11448974933089881
1997-10-11,0.00024600880244869243
1997-10-12,0.06261285208165646
1997-10-13,13.990117578670896
1997-10-14,37.04701510791121
1997-10-15,0.00011806447112356746
1997-10-16,0.0
1997-10-17,0.0
1997-10-18,0.0
1997-10-19,0.0
1997-10-20,0.0
1997-10-21,1.0568043014098858
1997-10-22,4.969445014822072
1997-10-23,0.00010216763019280765
1997-10-24,14.710702698806237
1997-10-25,12.8460787740247
1997-10-26,45.60757275285392
1997-10-27,0.3134245191668642
1997-10-28,0.00034843023228137913
1997-10-29,0.00034843023228137913
1997-10-30,0.00034843023228137913
1997-10-31,9.242503018214785
1997-11-01,7.626524875903952
1997-11-02,0.04862795826368805
1997-11-03,6.629947014955869e-05
1997-11-04,6.629947014955869e-05
1997-11-05,0.4776762590326112
1997-11-06,1.2267979013508763
1997-11-07,0.006900665703518638
1997-11-08,0.0012663538220984828
1997-11-09,0.02320506320945148
1997-11-10,1.3661480874850833
1997-11-11,0.05630876033984382
1997-11-12,37.76325403410813
1997-11-13,1.9876154044578815
1997-11-14,0.7156963492261952
1997-11-15,2.3883121959094344
1997-11-16,0.2865689615237302
1997-11-17,8.142130580632386e-05
1997-11-18,0.019007849475295595
1997-11-19,7.527868788817833
1997-11-20,0.24526595741767307
1997-11-21,45.42264714734308
1997-11-22,5.091388246108746
1997-11-23,0.015306527485492927
1997-11-24,0.0001381036508346683
1997-11-25,0.0001381036508346683
1997-11-26,0.00029360552209003923
1997-11-27,0.15552020773034672
1997-11-28,0.12076223359025758
1997-11-29,38.05689213193696
1997-11-30,0.023301780994596153
1997-12-01,0.0011223716589076251
1997-12-02,0.03032524947976244
1997-12-03,2.025399842138948
1997-12-04,0.013168095075123912
1997-12-05,1.5187404850119743e-05
1997-12-06,0.00012915067982875966
1997-12-07,0.00012915067982875966
1997-12-08,12.967723155843801
1997-12-09,0.08319236119759493
1997-12-10,3.9444080961161645
1997-12-11,0.008312193879458486
1997-12-12,0.004154925487423968
1997-12-13,0.14111356033365532
1997-12-14,1.0639646436441048
1997-12-15,0.003340274434870888
1997-12-16,0.00013075622791802743
1997-12-17,0.00013075622791802743
1997-12-18,0.00013075622791802743
1997-12-19,0.0714511729873203
1997-12-20,0.034442053585923435
1997-12-21,40.87545953947922
1997-12-22,0.1209089800972363
1997-12-23,36.30194275954674
1997-12-24,20.79352987223658
1997-12-25,0.00013692975987616028
1997-12-26,2.1078161006343774
1997-12-27,15.883048332970718
1997-12-28,0.13067612947960353
1997-12-29,7.545588061727327
1997-12-30,0.0008164221263572911
1997-12-31,0.00016781873511780728
1998-01-01,0.0
1998-01-02,0.01017685425628362
1998-01-03,0.10136145224858975
1998-01-04,0.009385674902848128
1998-01-05,48.59481469516096
1998-01-06,7.514721870422363
1998-01-07,98.18663261676657
1998-01-08,1.06512424863618
1998-01-09,0.0049209895775581165
1998-01-10,0.0
1998-01-11,0.0
1998-01-12,32.010139268020104
1998-01-13,6.136627674102783
1998-01-14,1.3488596061180378
1998-01-15,44.63535072063578
1998-01-16,1.0851568970186958
1998-01-17,0.002904600780938977
1998-01-18,0.7394160833852045
1998-01-19,3.987820033369393
1998-01-20,0.0
1998-01-21,2.406427366980191
1998-01-22,62.373281413111194
1998-01-23,1.616571590818208
1998-01-24,0.0009856861735019705
1998-01-25,0.0
1998-01-26,16.734380113667456
1998-01-27,13.601967762256491
1998-01-28,0.0
1998-01-29,0.02478671796491434
1998-01-30,0.18684246827816142
1998-01-31,0.0
1998-02-01,4.526095119015924
1998-02-02,7.369732083945439
1998-02-03,12.028461160330936
1998-02-04,0.0
1998-02-05,0.06841867381771063
1998-02-06,0.0008384096817563063
1998-02-07,0.0
1998-02-08,0.001984463298115237
1998-02-09,0.0019146737096638515
1998-02-10,1.8877174813171913
1998-02-11,24.097409675861226
1998-02-12,0.0
1998-02-13,1.5123770051989063
1998-02-14,0.0
1998-02-15,14.441698271652747
1998-02-16,18.160829576952704
1998-02-17,11.419240129405054
1998-02-18,0.0037201040139389708
1998-02-19,0.05087674794525936
1998-02-20,0.03582412749528885
1998-02-21,0.0
1998-02-22,25.089659986824824
1998-02-23,0.14907522294028053
1998-02-24,0.0
1998-02-25,0.00026218365508549175
1998-02-26,45.37917630425815
1998-02-27,1.2810781700857754
1998-02-28,2.075968890354551
1998-03-01,0.011882964770534429
1998-03-02,0.0
1998-03-03,0.0
1998-03-04,0.15133362160674457
1998-03-05,3.041800523626393
1998-03-06,1.969263874251267
1998-03-07,64.07172354336443
1998-03-08,48.19670486450195
1998-03-09,0.00027948620945921745
1998-03-10,0.0
1998-03-11,0.0
1998-03-12,0.0
1998-03-13,0.0
1998-03-14,0.001740020828257347
1998-03-15,0.0
1998-03-16,0.7655273326512041
1998-03-17,55.26635676416858
1998-03-18,8.642203840716132
1998-03-19,2.2245370437358987
1998-03-20,0.9744353068285975
1998-03-21,0.0
1998-03-22,0.0
1998-03-23,0.0
1998-03-24,0.0
1998-03-25,0.0
1998-03-26,6.673117284913917e-05
1998-03-27,0.0025761263075702147
1998-03-28,0.012372745746939346
1998-03-29,0.029514165595173836
1998-03-30,0.006421483828332917
1998-03-31,0.8552465521056076
1998-04-01,0.0
1998-04-02,0.0
1998-04-03,0.0
1998-04-04,0.0
1998-04-05,0.0
1998-04-06,0.0
1998-04-07,0.0
1998-04-08,0.0
1998-04-09,0.0
1998-04-10,0.0
1998-04-11,0.0
1998-04-12,0.0
1998-04-13,0.016181476301802642
1998-04-14,0.23737026648274784
1998-04-15,0.03458453926803737
1998-04-16,1.850455158743365
1998-04-17,7.871860931659567
1998-04-18,35.3724386938687
1998-04-19,15.465950801454742
1998-04-20,0.0
1998-04-21,0.0
1998-04-22,0.0
1998-04-23,0.0
1998-04-24,0.0
1998-04-25,0.0
1998-04-26,0.645576209857546
1998-04-27,0.12324739530168731
1998-04-28,27.467213268937737
1998-04-29,47.30099789849643
1998-04-30,3.0039278145494133
1998-05-01,1.0855744604406685
1998-05-02,0.5080327504667742
1998-05-03,4.875345460299788
1998-05-04,2.3267699480056763
1998-05-05,0.0
1998-05-06,0.0
1998-05-07,0.0
1998-05-08,0.0
1998-05-09,0.0
1998-05-10,0.0
1998-05-11,0.0
1998-05-12,0.0
1998-05-13,0.0
1998-05-14,0.0
1998-05-15,0.0
1998-05-16,0.0
1998-05-17,0.0
1998-05-18,0.0
1998-05-19,0.0
1998-05-20,0.0
1998-05-21,0.0
1998-05-22,0.0
1998-05-23,0.0
1998-05-24,0.0
1998-05-25,0.0
1998-05-26,0.0740763857511097
1998-05-27,0.0030827906970255846
1998-05-28,3.363836987265225
1998-05-29,10.380235080061288
1998-05-30,12.633691261554587
1998-05-31,0.0704318868670741
1998-06-01,0.0
1998-06-02,0.0
1998-06-03,0.0
1998-06-04,0.0
1998-06-05,0.0
1998-06-06,41.13794129470299
1998-06-07,0.006138299547681777
1998-06-08,0.00019785312128831344
1998-06-09,0.7831350379976733
1998-06-10,4.989764671210713e-05
1998-06-11,0.046747876531926205
1998-06-12,1.5523260914046189
1998-06-13,0.16200325137068486
1998-06-14,3.595284089959901e-05
1998-06-15,0.3740626296092724
1998-06-16,1.895861270741142
1998-06-17,0.001371728330860637
1998-06-18,0.6887688733123499
1998-06-19,0.8122659631330391
1998-06-20,2.9331098481498916
1998-06-21,3.266130677584944
1998-06-22,1.0126699209213257
1998-06-23,0.182281240949343
1998-06-24,0.03852045517575381
1998-06-25,13.852045272958689
1998-06-26,0.38140659239785424
1998-06-27,0.040099677918799995
1998-06-28,0.033885557782547225
1998-06-29,4.9832367008563995e-05
1998-06-30,0.0
1998-07-01,4.346315860748291
1998-07-02,9.029517009340484
1998-07-03,7.327655825121649
1998-07-04,0.0558225624905578
1998-07-05,4.662565227212577
1998-07-06,1.4188552036367614
1998-07-07,1.0111149128141075
1998-07-08,3.84156911537565
1998-07-09,2.5765304195469825
1998-07-10,2.4833200183408013
1998-07-11,18.406476777175378
1998-07-12,8.783849469546613
1998-07-13,6.37534487247467
1998-07-14,19.97940948091704
1998-07-15,3.096850165005388
1998-07-16,0.24244808259115008
1998-07-17,0.029855219020301492
1998-07-18,0.00674804495165831
1998-07-19,0.020129429085625754
1998-07-20,0.4684991430539381
1998-07-21,1.23149469392053
1998-07-22,3.395902863864241
1998-07-23,1.217333514114906
1998-07-24,11.969151990167026
1998-07-25,17.503200202152648
1998-07-26,13.080330832251187
1998-07-27,0.10640599552927346
1998-07-28,4.793675693972357
1998-07-29,0.8315316890848095
1998-07-30,0.014860899992495904
1998-07-31,0.11058033527485256
1998-08-01,0.0018337050388599265
1998-08-02,0.004498731473396565
1998-08-03,6.541630538212585e-05
1998-08-04,0.0
1998-08-05,2.273325487200556e-05
1998-08-06,9.434093552609456e-05
1998-08-07,0.39403255232449236
1998-08-08,3.4961361391790984
1998-08-09,0.532786854382219
1998-08-10,0.020047068724344516
1998-08-11,5.661246842351453
1998-08-12,13.227580004724963
1998-08-13,15.592878012821592
1998-08-14,12.030831073892527
1998-08-15,16.667311635510675
1998-08-16,0.30824319247541754
1998-08-17,0.05467050651024128
1998-08-18,0.0535349886992882
1998-08-19,0.0896371315265524
1998-08-20,0.02032509548910733
1998-08-21,0.0
1998-08-22,0.0
1998-08-23,0.0
1998-08-24,0.0
1998-08-25,0.0
1998-08-26,0.0
1998-08-27,0.0
1998-08-28,0.0
1998-08-29,0.002157042316835502
1998-08-30,4.40180307421191
1998-08-31,1.7567737349148453
1998-09-01,17.27299352349906
1998-09-02,0.43101175554931676
1998-09-03,0.0
1998-09-04,0.0
1998-09-05,0.0
1998-09-06,0.0
1998-09-07,2.9850181012318053
1998-09-08,0.21819796721483098
1998-09-09,0.023540807859811545
1998-09-10,3.469665708213017
1998-09-11,15.322682725972143
1998-09-12,48.31562489476697
1998-09-13,2.3855217407489646
1998-09-14,0.039094892298353126
1998-09-15,0.09329094063362171
1998-09-16,0.10411304415299974
1998-09-17,0.04918191784286294
1998-09-18,6.648100335022499
1998-09-19,10.146560175665494
1998-09-20,10.717985514936776
1998-09-21,8.725812418707486
1998-09-22,1.395760192953307
1998-09-23,0.02236873529658749
1998-09-24,0.18384866056771115
1998-09-25,0.0002687879931382385
1998-09-26,0.02159188843557033
1998-09-27,1.014861643571278
1998-09-28,39.45646884523589
1998-09-29,20.42950830788448
1998-09-30,0.0005258052355955066
1998-10-01,0.028715637705192483
1998-10-02,0.39301426323323413
1998-10-03,0.15425501519749904
1998-10-04,0.46331833354358015
1998-10-05,5.254852771759033
1998-10-06,0.06872035794217012
1998-10-07,25.098059884433088
1998-10-08,3.9719806046321473
1998-10-09,0.0
1998-10-10,0.0
1998-10-11,0.0
1998-10-12,0.0
1998-10-13,0.0
1998-10-14,0.0
1998-10-15,2.459539894399972
1998-10-16,0.0
1998-10-17,0.0
1998-10-18,0.0
1998-10-19,0.0
1998-10-20,0.0
1998-10-21,0.209837195431364
1998-10-22,0.209837195431364
1998-10-23,0.209837195431364
1998-10-24,0.209837195431364
1998-10-25,0.209837195431364
1998-10-26,0.13679555353933368
1998-10-27,0.13679555353933368
1998-10-28,0.13679555353933368
1998-10-29,0.13679555353933368
1998-10-30,0.7126032638138738
1998-10-31,0.13679555353933368
1998-11-01,0.0
1998-11-02,5.976983053930875
1998-11-03,0.0
1998-11-04,0.002322728366285948
1998-11-05,0.012465886209673923
1998-11-06,0.0
1998-11-07,0.03260194670794339
1998-11-08,0.7051922822820729
1998-11-09,0.012233347198444194
1998-11-10,6.800775618388735
1998-11-11,3.144410817787565
1998-11-12,0.13987037674363317
1998-11-13,1.4535744570452591
1998-11-14,20.215361266300597
1998-11-15,50.18396298638706
1998-11-16,3.093661271292588
1998-11-17,0.192231649468685
1998-11-18,0.00669374988125316
1998-11-19,0.01878799658654065
1998-11-20,0.8342585707532948
1998-11-21,0.004637197314376204
1998-11-22,0.0775172757948267
1998-11-23,1.4195975024124672
1998-11-24,0.21178271544390712
1998-11-25,0.02425810880959034
1998-11-26,1.1377725375109706
1998-11-27,0.0
1998-11-28,0.005000981502234936
1998-11-29,0.0
1998-11-30,0.015562888578078228
1998-12-01,0.09649178276545015
1998-12-02,0.23558270494485722
1998-12-03,0.10173121797812075
1998-12-04,0.4600366625035631
1998-12-05,0.2276470355432609
1998-12-06,0.26792229660626116
1998-12-07,0.6436534061514098
1998-12-08,2.2099195554338653
1998-12-09,0.0008516853960263061
1998-12-10,0.774617150425911
1998-12-11,2.20537469051136
1998-12-12,2.2114203343617507
1998-12-13,0.07300653225132103
1998-12-14,0.000248918139363766
1998-12-15,0.0
1998-12-16,0.0
1998-12-17,0.0
1998-12-18,0.0
1998-12-19,1.4977958107302929
1998-12-20,0.12077489150848625
1998-12-21,0.42957027205105486
1998-12-22,1.0040403481187492
1998-12-23,1.7184402531590954
1998-12-24,5.507513539544467
1998-12-25,0.503810426284527
1998-12-26,0.002381609720659667
1998-12-27,0.3506758290118185
1998-12-28,36.293757800398204
1998-12-29,0.13108216842700696
1998-12-30,2.8749190246814798e-05
1998-12-31,0.03339840368977908
1999-01-01,1.2812722756944854
1999-01-02,24.632453984227674
1999-01-03,0.0009649828430626478
1999-01-04,0.0
1999-01-05,0.0
1999-01-06,1.468658027977779
1999-01-07,8.844505671797128
1999-01-08,1.1062299054244469
1999-01-09,1.295386961821852
1999-01-10,0.0
1999-01-11,0.0
1999-01-12,0.0
1999-01-13,0.0951041588238601
1999-01-14,1.3688463404260833
1999-01-15,0.05949866564960444
1999-01-16,0.10765425013057117
1999-01-17,0.12845168288411765
1999-01-18,1.1031167486618305
1999-01-19,0.0
1999-01-20,0.7849127526940971
1999-01-21,0.27020072988395033
1999-01-22,26.285917347875134
1999-01-23,7.356151227293344
1999-01-24,0.0
1999-01-25,0.0
1999-01-26,0.0
1999-01-27,0.2695106761208896
1999-01-28,0.8911391948831493
1999-01-29,22.691140010439117
1999-01-30,97.84922001279634
1999-01-31,1.919585577372847
1999-02-01,0.0013433547042197838
1999-02-02,0.0
1999-02-03,0.7059128759750004
1999-02-04,10.645731872525708
1999-02-05,0.0
1999-02-06,0.09820197349221542
1999-02-07,2.860173151410859
1999-02-08,0.6278410666975481
1999-02-09,7.658133646537518
1999-02-10,3.203145927396314
1999-02-11,0.6404254898942751
1999-02-12,6.968591986031368
1999-02-13,0.0
1999-02-14,0.0
1999-02-15,0.0005666499993571177
1999-02-16,0.0482070195841892
1999-02-17,8.606129860055857
1999-02-18,0.34588961044711797
1999-02-19,0.23068338375667047
1999-02-20,0.0
1999-02-21,0.13880154862999916
1999-02-22,0.0
1999-02-23,0.17418603836719332
1999-02-24,0.0
1999-02-25,0.0
1999-02-26,0.038954586505183374
1999-02-27,14.222323368335593
1999-02-28,12.348417101235226
1999-03-01,0.0
1999-03-02,0.0007107877742061552
1999-03-03,8.615334642344507
1999-03-04,0.0
1999-03-05,0.0013910661951301556
1999-03-06,5.1578183009706695
1999-03-07,0.0
1999-03-08,0.30799604695418786
1999-03-09,6.572251681623788
1999-03-10,0.0009564270169056695
1999-03-11,4.8268412474928235
1999-03-12,17.072012276485047
1999-03-13,91.9010764812601
1999-03-14,11.226209574732287
1999-03-15,0.004116698500905025
1999-03-16,0.0
1999-03-17,0.0
1999-03-18,0.0296346391069478
1999-03-19,0.0
1999-03-20,1.4922274926613117
1999-03-21,0.3634125282024515
1999-03-22,0.0
1999-03-23,0.0
1999-03-24,1.1454583796961555
1999-03-25,13.803721756770694
1999-03-26,6.506928253531504e-06
1999-03-27,0.0
1999-03-28,0.0
1999-03-29,0.27892759082646207
1999-03-30,8.627292744044599
1999-03-31,7.391026303685945
1999-04-01,0.01848988029463538
1999-04-02,0.1711534467236749
1999-04-03,0.10771949126802642
1999-04-04,0.3013971262964709
1999-04-05,1.1542728687154835
1999-04-06,8.770527971201929
1999-04-07,0.176885770312671
1999-04-08,0.013345950347339285
1999-04-09,0.0948873832821846
1999-04-10,0.05411333102604438
1999-04-11,0.2161679318865183
1999-04-12,0.0007940186031442737
1999-04-13,0.008318332001714413
1999-04-14,0.0
1999-04-15,13.57464420846824
1999-04-16,0.0
1999-04-17,0.0
1999-04-18,0.0
1999-04-19,0.0
1999-04-20,0.0
1999-04-21,0.0
1999-04-22,0.30395976942161035
1999-04-23,0.7219180546957871
1999-04-24,0.7909599234317911
1999-04-25,8.109562166805926
1999-04-26,3.649559497833252
1999-04-27,10.539847867242221
1999-04-28,0.006438718847769858
1999-04-29,0.897210714118234
1999-04-30,2.599405430875526e-05
1999-05-01,0.0
1999-05-02,0.0
1999-05-03,0.013969990440869126
1999-05-04,1.69539815804054
1999-05-05,8.30578899383545
1999-05-06,4.878717422485352
1999-05-07,0.00025102478484141416
1999-05-08,0.0
1999-05-09,0.0
1999-05-10,0.012263482051162884
1999-05-11,5.976520998724576
1999-05-12,4.404763525929944
1999-05-13,3.0622439857186943
1999-05-14,0.01958822390337571
1999-05-15,0.0
1999-05-16,0.0
1999-05-17,0.0
1999-05-18,5.392970862059758
1999-05-19,0.9129144939883002
1999-05-20,0.0
1999-05-21,0.0
1999-05-22,6.439346181935277
1999-05-23,2.834545916524427
1999-05-24,1.5516740083694458
1999-05-25,0.0
1999-05-26,4.14195808871039
1999-05-27,1.417981327607714
1999-05-28,3.8234934930143685
1999-05-29,10.063059428642536
1999-05-30,7.485954391545262
1999-05-31,14.679687154704126
1999-06-01,0.0
1999-06-02,0.0
1999-06-03,0.0
1999-06-04,0.0
1999-06-05,0.0
1999-06-06,0.20473840267493806
1999-06-07,0.49659360482774934
1999-06-08,0.10567255575081398
1999-06-09,0.1870993565896462
1999-06-10,0.09342077952520601
1999-06-11,2.2163201652724167
1999-06-12,4.0598836109556
1999-06-13,8.40891749283363
1999-06-14,7.834594479922591
1999-06-15,9.548216408696668
1999-06-16,8.368861503128347
1999-06-17,4.751376048244279
1999-06-18,0.0
1999-06-19,0.10463003296774395
1999-06-20,0.0019804333895645588
1999-06-21,0.0
1999-06-22,3.3284200532683013
1999-06-23,1.049014801609105
1999-06-24,5.122782797648989
1999-06-25,7.156245256292409
1999-06-26,13.718092622428104
1999-06-27,3.2854910472343706
1999-06-28,0.0620210491891565
1999-06-29,0.19181209031877847
1999-06-30,0.009663227720764177
1999-07-01,0.0
1999-07-02,0.0
1999-07-03,0.0
1999-07-04,0.0
1999-07-05,0.0
1999-07-06,0.0954584695141891
1999-07-07,2.129474195940741
1999-07-08,23.200294461743585
1999-07-09,1.6143243682795558
1999-07-10,4.304607465349394
1999-07-11,1.8454845239376199
1999-07-12,18.18820414049872
1999-07-13,0.540046228930868
1999-07-14,0.010688266468009558
1999-07-15,0.32928092880495663
1999-07-16,1.872014191383265
1999-07-17,5.947451221472624
1999-07-18,0.7840572103059145
1999-07-19,4.4857550388872465
1999-07-20,0.6032958057250402
1999-07-21,0.48112920337709886
1999-07-22,0.4090703684708168
1999-07-23,4.554204303642799
1999-07-24,9.730129028188772
1999-07-25,4.402724446921513
1999-07-26,16.04445033237852
1999-07-27,12.039105283802954
1999-07-28,1.1126434104195957
1999-07-29,1.7266159581726994
1999-07-30,6.901735429106088
1999-07-31,0.7314343493560265
1999-08-01,1.6122456018267006
1999-08-02,1.1897576687664821
1999-08-03,0.11008938646008229
1999-08-04,0.023468154502615076
1999-08-05,0.020630485153403776
1999-08-06,0.05890240600525305
1999-08-07,0.014735458707758066
1999-08-08,3.7652023784045516
1999-08-09,29.853987266277446
1999-08-10,3.646798035194134
1999-08-11,0.0
1999-08-12,0.0
1999-08-13,0.0
1999-08-14,0.0
1999-08-15,0.0
1999-08-16,0.0
1999-08-17,0.0
1999-08-18,0.0
1999-08-19,0.0
1999-08-20,0.0
1999-08-21,5.172029145832719
1999-08-22,0.2512139591934352
1999-08-23,0.7513571186312313
1999-08-24,1.7823657105708945
1999-08-25,9.33547777965151
1999-08-26,1.15290302243726
1999-08-27,2.843778236158963
1999-08-28,0.2888944847830411
1999-08-29,0.04537291394482399
1999-08-30,0.00574761834336798
1999-08-31,14.82688910385658
1999-09-01,0.051379668201191414
1999-09-02,11.860677521804284
1999-09-03,4.700960134637767
1999-09-04,6.453427939579405
1999-09-05,1.792269649176762
1999-09-06,10.549481375464078
1999-09-07,3.1885697266151167
1999-09-08,8.64345229905227
1999-09-09,3.2291912128185403
1999-09-10,0.0
1999-09-11,0.0
1999-09-12,0.0011781534824343719
1999-09-13,0.5410508688153892
1999-09-14,0.7358768376810797
1999-09-15,0.0
1999-09-16,0.0
1999-09-17,0.0
1999-09-18,0.0
1999-09-19,0.5093042275001263
1999-09-20,1.0897389444811592
1999-09-21,1.7232505658577228
1999-09-22,0.0
1999-09-23,0.0
1999-09-24,0.0
1999-09-25,0.0007675265720724289
1999-09-26,0.7555832677874071
1999-09-27,0.052118272488487175
1999-09-28,10.11332996960344
1999-09-29,40.58659244405812
1999-09-30,0.0
1999-10-01,0.0
1999-10-02,0.0
1999-10-03,0.541779566427757
1999-10-04,1.0742570079606155
1999-10-05,0.0
1999-10-06,0.0
1999-10-07,0.26496289625506975
1999-10-08,4.999664323083286
1999-10-09,59.86622955059183
1999-10-10,16.56984072718127
1999-10-11,1.639362701054277
1999-10-12,0.6324293244758556
1999-10-13,0.11955580905336759
1999-10-14,0.00015201679845380694
1999-10-15,0.0
1999-10-16,0.0
1999-10-17,0.0
1999-10-18,0.0
1999-10-19,0.0
1999-10-20,0.0
1999-10-21,0.162700145409025
1999-10-22,0.162700145409025
1999-10-23,0.162700145409025
1999-10-24,0.162700145409025
1999-10-25,0.162700145409025
1999-10-26,0.0
1999-10-27,0.0
1999-10-28,0.0
1999-10-29,4.4121342241475035e-05
1999-10-30,0.11669666332931354
1999-10-31,4.057533395701442
1999-11-01,23.43704973418137
1999-11-02,0.0014045199616169878
1999-11-03,0.0
1999-11-04,0.0
1999-11-05,0.0
1999-11-06,0.17239271875085502
1999-11-07,0.17239271875085502
1999-11-08,0.17239271875085502
1999-11-09,0.4917204950390191
1999-11-10,1.836498772275859
1999-11-11,3.420274224774591
1999-11-12,0.010003459864649279
1999-11-13,0.010003459864649279
1999-11-14,0.010003459864649279
1999-11-15,0.010003459864649279
1999-11-16,0.0
1999-11-17,0.0
1999-11-18,0.0
1999-11-19,0.029629730434831362
1999-11-20,3.7105572141450027
1999-11-21,0.06745791204016784
1999-11-22,0.11301878287360587
1999-11-23,0.015415239894505718
1999-11-24,0.9691311603990095
1999-11-25,2.5693698299342187
1999-11-26,5.234118938446045
1999-11-27,0.0
1999-11-28,0.0
1999-11-29,0.0
1999-11-30,0.0
1999-12-01,0.0
1999-12-02,0.0
1999-12-03,0.040617914621493424
1999-12-04,0.0012425371469048671
1999-12-05,1.2094569663549293
1999-12-06,0.0
1999-12-07,0.0
1999-12-08,0.03220453204844018
1999-12-09,0.8841369290804041
1999-12-10,2.487909489664538
1999-12-11,0.02026176631274023
1999-12-12,8.31304985901405
1999-12-13,21.345949699138774
1999-12-14,0.0841508930356338
1999-12-15,0.07484512043924167
1999-12-16,0.0
1999-12-17,0.0
1999-12-18,29.750045840082496
1999-12-19,1.659013156361621
1999-12-20,0.1328473966488422
1999-12-21,17.77072235633587
1999-12-22,0.001959352221155282
1999-12-23,0.0
1999-12-24,0.0
1999-12-25,0.0
1999-12-26,0.0
1999-12-27,0.0
1999-12-28,1.66346953376668e-08
1999-12-29,0.0
1999-12-30,0.0
1999-12-31,0.32791353832801867
2000-01-01,1.2150376706287778
2000-01-02,0.3557038522999862
2000-01-03,8.073895117332196
2000-01-04,34.80973697530812
2000-01-05,0.0
2000-01-06,0.0
2000-01-07,0.0
2000-01-08,0.6307641293468147
2000-01-09,3.570837146249311
2000-01-10,6.77881753341905
2000-01-11,0.0
2000-01-12,0.12003803497244572
2000-01-13,1.600737296301743
2000-01-14,0.0
2000-01-15,0.0
2000-01-16,0.007481351848049411
2000-01-17,0.0
2000-01-18,0.17853111799420981
2000-01-19,1.6702760581312508
2000-01-20,0.6402208661210949
2000-01-21,0.0
2000-01-22,4.61144896005762
2000-01-23,12.250607753622122
2000-01-24,9.970872171993914
2000-01-25,0.0
2000-01-26,0.0
2000-01-27,0.5180808480443626
2000-01-28,12.658024524820261
2000-01-29,3.0702900146615915
2000-01-30,0.005549987823228705
2000-01-31,0.0
2000-02-01,0.36650635661750003
2000-02-02,0.3117099178248438
2000-02-03,0.3117099178248438
2000-02-04,0.3117099178248438
2000-02-05,0.3117099178248438
2000-02-06,0.0
2000-02-07,0.0
2000-02-08,3.104066174605797
2000-02-09,0.0
2000-02-10,0.0
2000-02-11,0.9708244430607763
2000-02-12,6.217633773540628
2000-02-13,3.2607973937330574
2000-02-14,0.39317588199829234
2000-02-15,0.0
2000-02-16,0.2888606843249551
2000-02-17,1.0510257009802193
2000-02-18,2.3629233549381126
2000-02-19,1.8705564202933476
2000-02-20,0.0
2000-02-21,0.0
2000-02-22,0.0
2000-02-23,0.8764560309977367
2000-02-24,0.8149366694791563
2000-02-25,0.3131259893677358
2000-02-26,0.480560046845469
2000-02-27,18.76268219125682
2000-02-28,0.0
2000-02-29,0.0
2000-03-01,0.0
2000-03-02,0.0
2000-03-03,0.0
2000-03-04,0.0
2000-03-05,0.0
2000-03-06,0.0
2000-03-07,0.0
2000-03-08,0.02420149605464319
2000-03-09,1.3487977693820823
2000-03-10,3.5908308275814713
2000-03-11,21.76845221683897
2000-03-12,0.0
2000-03-13,0.0
2000-03-14,0.06632294489777293
2000-03-15,18.439109473392882
2000-03-16,7.509211803304738
2000-03-17,0.0750181048080839
2000-03-18,9.349085774914972
2000-03-19,36.61817537505051
2000-03-20,0.004017821894476897
2000-03-21,0.0
2000-03-22,0.21637949347496033
2000-03-23,0.0
2000-03-24,0.0
2000-03-25,3.24812486459469
2000-03-26,16.91702651977539
2000-03-27,8.097278068805563
2000-03-28,0.0
2000-03-29,7.025781236845871
2000-03-30,11.815945066254715
2000-03-31,0.02270562355888301
2000-04-01,1.1476658253834164
2000-04-02,11.965466236246042
2000-04-03,61.87345912538726
2000-04-04,1.5651223330662167
2000-04-05,0.0
2000-04-06,0.0
2000-04-07,0.006786806468755521
2000-04-08,4.393518316334691
2000-04-09,0.0
2000-04-10,0.0
2000-04-11,0.19609453529119492
2000-04-12,10.218469997932171
2000-04-13,18.985914263232
2000-04-14,10.486744650479022
2000-04-15,1.2744333250769253
2000-04-16,0.07311588591606967
2000-04-17,0.9847290572421304
2000-04-18,0.0
2000-04-19,0.0
2000-04-20,0.18809197849497714
2000-04-21,0.04237685749981681
2000-04-22,0.0
2000-04-23,3.2708319384476234
2000-04-24,20.74593396022402
2000-04-25,0.0
2000-04-26,3.7412314414978027
2000-04-27,0.8642162937542488
2000-04-28,2.7388360798358917
2000-04-29,0.0
2000-04-30,0.22112022006306156
2000-05-01,0.010637051760066494
2000-05-02,0.13802596310089374
2000-05-03,1.7023356413019115
2000-05-04,0.16811350855077134
2000-05-05,5.983970617425853
2000-05-06,0.017873803298149644
2000-05-07,0.6362248502414802
2000-05-08,0.2510620229716959
2000-05-09,0.5505678155298891
2000-05-10,4.095877556965269
2000-05-11,0.00024770378488404995
2000-05-12,0.000685546113627738
2000-05-13,0.046888298001782645
2000-05-14,0.0055413669424838035
2000-05-15,0.0
2000-05-16,0.0
2000-05-17,0.0
2000-05-18,0.45152731342562313
2000-05-19,1.0104772278974796
2000-05-20,3.4751507907078185
2000-05-21,8.291350479783683
2000-05-22,0.45551267574573384
2000-05-23,0.0
2000-05-24,0.10220748847671624
2000-05-25,3.655874033426416
2000-05-26,1.446726836007217
2000-05-27,0.19875979526289578
2000-05-28,2.720744724931388
2000-05-29,0.020418721716850996
2000-05-30,0.0
2000-05-31,0.0006782546529550394
2000-06-01,0.0
2000-06-02,0.0015836107596787143
2000-06-03,0.0
2000-06-04,0.0061336678870781
2000-06-05,5.950154896440177
2000-06-06,3.906011197073706
2000-06-07,0.0
2000-06-08,0.0
2000-06-09,1.1754488369514202
2000-06-10,0.17666979268963995
2000-06-11,0.0
2000-06-12,0.00015360544082419626
2000-06-13,6.330092323237452
2000-06-14,0.8556419384890589
2000-06-15,6.395356342710298
2000-06-16,22.37924424533186
2000-06-17,7.843367231303248
2000-06-18,19.31384750892376
2000-06-19,15.970089517790695
2000-06-20,1.2340015501811588
2000-06-21,0.39908094138934697
2000-06-22,4.6962680076730665
2000-06-23,1.1513244016417141
2000-06-24,0.14170060223289604
2000-06-25,3.487382913457936
2000-06-26,6.924565348131903
2000-06-27,1.0899131359725163
2000-06-28,0.49388853023792134
2000-06-29,3.985227313534967
2000-06-30,0.12803300084738894
2000-07-01,0.006498149435581832
2000-07-02,0.01304944861551811
2000-07-03,0.0646681991116754
2000-07-04,5.831514437008521e-05
2000-07-05,0.0
2000-07-06,0.0
2000-07-07,0.2013448896207686
2000-07-08,0.006404289702788509
2000-07-09,2.970566963327342
2000-07-10,0.9860877677284438
2000-07-11,0.0
2000-07-12,0.0
2000-07-13,0.0
2000-07-14,0.0
2000-07-15,0.0
2000-07-16,0.26989170626319686
2000-07-17,4.637369386081038
2000-07-18,0.8860295476584599
2000-07-19,10.074595533568283
2000-07-20,5.798006304379167
2000-07-21,11.755596818595096
2000-07-22,3.0964651847707816
2000-07-23,3.622514404099563
2000-07-24,0.1563854550236258
2000-07-25,0.0
2000-07-26,0.00977328400416621
2000-07-27,1.1014320028239284
2000-07-28,0.1306761859049057
2000-07-29,0.05504781934071396
2000-07-30,2.9440041944898407
2000-07-31,10.808493088031637
2000-08-01,8.978759140803897
2000-08-02,9.274214029312134
2000-08-03,5.279473715815051
2000-08-04,0.3092059320930777
2000-08-05,0.4360859887353305
2000-08-06,0.04698585302986462
2000-08-07,0.3867590415837436
2000-08-08,1.9701904500352925
2000-08-09,1.0480343997478485
2000-08-10,0.9637992885606043
2000-08-11,23.02463363779002
2000-08-12,4.008279093380632
2000-08-13,0.0
2000-08-14,0.0
2000-08-15,0.01742138411721279
2000-08-16,0.0
2000-08-17,0.0
2000-08-18,0.0
2000-08-19,0.07110593968938136
2000-08-20,1.633167998544101
2000-08-21,0.03966552847675208
2000-08-22,1.3479891917828857
2000-08-23,0.14478577024720865
2000-08-24,0.010174736591328963
2000-08-25,0.5913749352611345
2000-08-26,1.1381159781895835
2000-08-27,3.0750271287457696
2000-08-28,1.0330969639893235
2000-08-29,0.45385045892205733
2000-08-30,6.103841041696483
2000-08-31,3.7712250824632316
2000-09-01,7.351413989889211
2000-09-02,2.0352409009275765
2000-09-03,0.30903502630776375
2000-09-04,0.5533329608111546
2000-09-05,0.13614083486127443
2000-09-06,0.4515664166417615
2000-09-07,2.876319141223513
2000-09-08,13.486483310831003
2000-09-09,6.735841060506886
2000-09-10,1.5401668774670567
2000-09-11,3.8072394502574
2000-09-12,8.907484383418643
2000-09-13,11.691254286930478
2000-09-14,6.251807969191979
2000-09-15,0.16518732089677762
2000-09-16,0.0
2000-09-17,0.0
2000-09-18,0.0
2000-09-19,0.03978238474770353
2000-09-20,3.2654464121522575
2000-09-21,6.561202838503081
2000-09-22,3.8965943270716172
2000-09-23,13.559263229370117
2000-09-24,0.11648865802020862
2000-09-25,2.8035403839473068
2000-09-26,0.017712673365042127
2000-09-27,0.008617851240881559
2000-09-28,0.008617851240881559
2000-09-29,0.008617851240881559
2000-09-30,1.2156783568448033
2000-10-01,9.540475090536096e-05
2000-10-02,0.0
2000-10-03,0.0
2000-10-04,0.0
2000-10-05,1.1824378967285156
2000-10-06,38.624424112254175
2000-10-07,0.9155794895928482
2000-10-08,0.0020757892393860325
2000-10-09,0.0
2000-10-10,0.0
2000-10-11,0.30348341526656314
2000-10-12,0.30348341526656314
2000-10-13,0.30348341526656314
2000-10-14,0.30348341526656314
2000-10-15,0.30348341526656314
2000-10-16,0.0
2000-10-17,0.035283150344059384
2000-10-18,0.0042806845800629975
2000-10-19,0.0
2000-10-20,0.0
2000-10-21,0.1495581772820703
2000-10-22,0.1639315352357667
2000-10-23,0.12111054232408261
2000-10-24,0.12111054232408261
2000-10-25,0.12111054232408261
2000-10-26,0.1579202089844079
2000-10-27,0.1579202089844079
2000-10-28,0.1579202089844079
2000-10-29,0.1579202089844079
2000-10-30,0.1579202089844079
2000-10-31,0.1579202089844079
2000-11-01,0.0
2000-11-02,0.5021240690658832
2000-11-03,0.03212082498417846
2000-11-04,1.3681950240299618
2000-11-05,16.285946747352337
2000-11-06,28.3223468517435
2000-11-07,6.309835877911798
2000-11-08,10.726796577716696
2000-11-09,35.12422647147343
2000-11-10,0.0
2000-11-11,0.0
2000-11-12,0.0
2000-11-13,4.564104779013272
2000-11-14,0.0007423792949652877
2000-11-15,0.0
2000-11-16,24.60866691326273
2000-11-17,2.585153809909163
2000-11-18,23.13816313908018
2000-11-19,50.11540327400997
2000-11-20,0.0
2000-11-21,0.0
2000-11-22,0.0
2000-11-23,1.550136401735503
2000-11-24,32.52124233903556
2000-11-25,0.33789263511526174
2000-11-26,0.002084709075680966
2000-11-27,0.0
2000-11-28,0.0
2000-11-29,5.850727496476009
2000-11-30,0.0034757681423798203
2000-12-01,0.0918688009782084
2000-12-02,0.7129646570518099
2000-12-03,0.0013581889306179024
2000-12-04,0.004633106673658216
2000-12-05,0.0
2000-12-06,0.1742787885254827
2000-12-07,0.21820299674210877
2000-12-08,0.37041395645717096
2000-12-09,0.23892860063191118
2000-12-10,0.0006781472083871606
2000-12-11,0.01083168565648897
2000-12-12,3.1196040613897917
2000-12-13,2.544775220854529
2000-12-14,23.861822391378468
2000-12-15,0.24220304961862235
2000-12-16,2.762772686265666
2000-12-17,0.007021084824561419
2000-12-18,0.78315842683138
2000-12-19,2.568160247378822
2000-12-20,0.0
2000-12-21,10.165846347808838
2000-12-22,0.0
2000-12-23,0.0
2000-12-24,0.0
2000-12-25,0.019868254228013343
2000-12-26,0.16559002702606135
2000-12-27,16.79169020159491
2000-12-28,48.01121560458479
2000-12-29,0.0053873727868857055
2000-12-30,0.0
2000-12-31,0.0
2001-01-01,0.058867333007269894
2001-01-02,0.0
2001-01-03,0.0
2001-01-04,0.0
2001-01-05,0.0
2001-01-06,0.0
2001-01-07,7.145936637089171
2001-01-08,18.329898439604662
2001-01-09,0.0
2001-01-10,0.07452971424008238
2001-01-11,9.05843683768963
2001-01-12,0.050118536078210534
2001-01-13,0.02554895060843435
2001-01-14,2.3784696850283393
2001-01-15,2.126775254463327
2001-01-16,43.24266604719491
2001-01-17,11.824847122718548
2001-01-18,7.38610027576315
2001-01-19,43.20223749094996
2001-01-20,0.2505916490637023
2001-01-21,0.0
2001-01-22,0.0026726167938061827
2001-01-23,0.0
2001-01-24,0.18651381783701224
2001-01-25,0.0
2001-01-26,0.02000971390576712
2001-01-27,0.7557560457237835
2001-01-28,0.024830482659283382
2001-01-29,14.32681654239523
2001-01-30,0.8469014589128823
2001-01-31,0.0
2001-02-01,0.0
2001-02-02,19.930980616602405
2001-02-03,7.941132644127155
2001-02-04,0.04664690827485174
2001-02-05,0.0
2001-02-06,0.0
2001-02-07,1.918178494289068e-05
2001-02-08,0.00016724912786920523
2001-02-09,10.503946435862574
2001-02-10,19.320552924583698
2001-02-11,0.0
2001-02-12,0.009403778882376078
2001-02-13,6.455713568062618
2001-02-14,0.5923897552079168
2001-02-15,0.5956354716728474
2001-02-16,23.233027359534955
2001-02-17,1.1704355971566562
2001-02-18,0.0
2001-02-19,0.0
2001-02-20,0.024753776186242187
2001-02-21,1.967820303193454
2001-02-22,0.6279265639083139
2001-02-23,0.0
2001-02-24,0.5600746243164457
2001-02-25,5.167679350951622
2001-02-26,3.149573038364279
2001-02-27,12.516648785821323
2001-02-28,8.280936652216418
2001-03-01,15.352080082071238
2001-03-02,69.69590009492019
2001-03-03,100.45436780206089
2001-03-04,13.791601575654129
2001-03-05,0.0
2001-03-06,0.0
2001-03-07,0.0
2001-03-08,0.0
2001-03-09,9.18476415502614
2001-03-10,0.0
2001-03-11,0.12915363059989338
2001-03-12,70.40691467811321
2001-03-13,0.0027903883541324013
2001-03-14,4.196934757561519
2001-03-15,18.08253140285097
2001-03-16,0.0
2001-03-17,0.05930920587531451
2001-03-18,0.003930308342236897
2001-03-19,0.5334918981996076
2001-03-20,5.574459347231635
2001-03-21,0.011388284900900105
2001-03-22,0.0
2001-03-23,0.0
2001-03-24,0.2701918117958924
2001-03-25,4.854212193653502
2001-03-26,0.0
2001-03-27,0.2872748493120588
2001-03-28,19.211670842663995
2001-03-29,4.1635205252417204
2001-03-30,8.013342462736984
2001-03-31,5.956948296777133
2001-04-01,3.069159795594369e-05
2001-04-02,0.0
2001-04-03,0.706549446130621
2001-04-04,0.6814234328681025
2001-04-05,0.02087362033539805
2001-04-06,0.05049480172275598
2001-04-07,0.09705768633987112
2001-04-08,0.36416737125094595
2001-04-09,0.4447223788833824
2001-04-10,0.06768194825292148
2001-04-11,0.01597109693905403
2001-04-12,0.03999938456148937
2001-04-13,0.4370199102779915
2001-04-14,1.06286162754585
2001-04-15,3.4588136755186936
2001-04-16,1.6924972785957928
2001-04-17,0.0
2001-04-18,0.0
2001-04-19,0.0
2001-04-20,0.0
2001-04-21,0.8158822193227965
2001-04-22,0.004311330038411864
2001-04-23,0.329271549808568
2001-04-24,23.06637586396316
2001-04-25,1.2463052452638232
2001-04-26,0.26854315245973653
2001-04-27,0.26854315245973653
2001-04-28,0.26854315245973653
2001-04-29,0.3350617818791291
2001-04-30,0.26854315245973653
2001-05-01,0.9568919310795849
2001-05-02,0.47409268545693367
2001-05-03,0.0
2001-05-04,0.036709124752288234
2001-05-05,1.3925984465870365
2001-05-06,0.0013819483614623033
2001-05-07,0.0
2001-05-08,0.05752110686795465
2001-05-09,0.43458396915731756
2001-05-10,0.04834842906686766
2001-05-11,1.0400944146616706
2001-05-12,4.460258068709538
2001-05-13,0.28896021964991914
2001-05-14,0.0
2001-05-15,0.0
2001-05-16,0.0
2001-05-17,0.0
2001-05-18,0.0
2001-05-19,0.0
2001-05-20,0.0
2001-05-21,1.6144296958528717
2001-05-22,8.845958446634226
2001-05-23,0.0
2001-05-24,0.06140703900620855
2001-05-25,20.049624344398236
2001-05-26,0.03688103560928319
2001-05-27,3.49341186161699
2001-05-28,0.4568413598784085
2001-05-29,1.6181407303645694
2001-05-30,4.8631548963744065
2001-05-31,14.629251660971805
2001-06-01,11.826703301791486
2001-06-02,0.1213546051033612
2001-06-03,1.3071108994812801
2001-06-04,25.3097819624276
2001-06-05,6.521498581458783
2001-06-06,36.70558179658035
2001-06-07,18.137732045403844
2001-06-08,17.031197712339203
2001-06-09,32.212120385005555
2001-06-10,14.608527446615286
2001-06-11,40.48697695238837
2001-06-12,0.5032328323557459
2001-06-13,2.6067772487114214
2001-06-14,3.9138726283764016
2001-06-15,1.2308908343828957
2001-06-16,0.14935143802571912
2001-06-17,0.0
2001-06-18,0.0
2001-06-19,3.3633941761378585
2001-06-20,0.6141871212628381
2001-06-21,2.404051287420865
2001-06-22,4.713921070098877
2001-06-23,0.10526828922267104
2001-06-24,0.0
2001-06-25,0.0022761724540032446
2001-06-26,0.07821855880320072
2001-06-27,15.648063297929435
2001-06-28,8.27392457682511
2001-06-29,1.023075009214467
2001-06-30,4.87946839990287
2001-07-01,2.7076231775612665
2001-07-02,14.59034041700692
2001-07-03,11.856961579158389
2001-07-04,6.507091324904869
2001-07-05,7.5139792705404345
2001-07-06,1.7216235959324344
2001-07-07,0.3425400845449546
2001-07-08,0.3357523054141423
2001-07-09,0.10413479504721432
2001-07-10,0.48437612786375245
2001-07-11,11.362307844490841
2001-07-12,11.234562249019229
2001-07-13,25.036864116274078
2001-07-14,0.1499945012659862
2001-07-15,0.059089176425035916
2001-07-16,0.009174718601320036
2001-07-17,0.0
2001-07-18,0.10647510176781437
2001-07-19,0.0011174056723167927
2001-07-20,0.16245007089234825
2001-07-21,3.699324570853135
2001-07-22,0.9293321987678265
2001-07-23,0.002995421623225035
2001-07-24,2.335849785595201e-05
2001-07-25,9.048956155776978
2001-07-26,18.113337648325953
2001-07-27,2.5883179903030396
2001-07-28,1.9336190388120453
2001-07-29,0.5489442913696684
2001-07-30,2.868698103674527
2001-07-31,8.738225805348364
2001-08-01,2.654938455285697
2001-08-02,0.687166987115453
2001-08-03,0.001067629967141768
2001-08-04,0.7553704586522333
2001-08-05,10.301862913986731
2001-08-06,7.337178320720278
2001-08-07,13.530194150990454
2001-08-08,8.90826913406109
2001-08-09,10.01924521347572
2001-08-10,4.893150206269889
2001-08-11,38.82047048108331
2001-08-12,35.18995581002071
2001-08-13,12.9170577115026
2001-08-14,2.843077593836291
2001-08-15,0.01624178932979703
2001-08-16,2.73088014947957
2001-08-17,3.841108067282315
2001-08-18,11.598788327184216
2001-08-19,6.9174979637409075
2001-08-20,1.2085060888323291
2001-08-21,0.0
2001-08-22,0.0
2001-08-23,0.0
2001-08-24,0.0
2001-08-25,0.0
2001-08-26,0.5273825670110768
2001-08-27,0.9679180691982138
2001-08-28,7.113951715929755
2001-08-29,7.044077248408876
2001-08-30,3.663139787213556
2001-08-31,4.988534886261513
2001-09-01,29.421265569226495
2001-09-02,41.007186231942015
2001-09-03,56.30192052906957
2001-09-04,15.7168618563948
2001-09-05,10.572881123115277
2001-09-06,5.180164887987334
2001-09-07,4.337344424477939
2001-09-08,6.134989557595088
2001-09-09,11.30372825162164
2001-09-10,7.193045353067332
2001-09-11,1.0385668894340252
2001-09-12,0.11149629937677548
2001-09-13,0.29101681632214577
2001-09-14,0.017521228047152018
2001-09-15,0.025761958163488526
2001-09-16,0.3131889947529497
2001-09-17,0.774962682662339
2001-09-18,2.105443703717199
2001-09-19,2.0707477536694756
2001-09-20,0.9519116693529589
2001-09-21,0.0
2001-09-22,0.012105087605144444
2001-09-23,0.01920641247375772
2001-09-24,3.616962531517292
2001-09-25,0.12723936140537262
2001-09-26,0.27330514069261225
2001-09-27,0.27330514069261225
2001-09-28,0.27330514069261225
2001-09-29,0.27330514069261225
2001-09-30,0.27330514069261225
2001-10-01,0.0
2001-10-02,0.0
2001-10-03,0.0
2001-10-04,0.038703420681172405
2001-10-05,1.043608560644347
2001-10-06,21.462959947257207
2001-10-07,0.0
2001-10-08,0.0
2001-10-09,0.0014175324186939619
2001-10-10,1.3139313685482945
2001-10-11,11.496142814899313
2001-10-12,14.451906960586022
2001-10-13,57.810215127879175
2001-10-14,33.304964525946254
2001-10-15,0.0
2001-10-16,0.0
2001-10-17,0.0
2001-10-18,0.0
2001-10-19,0.0
2001-10-20,0.0
2001-10-21,0.09604527107600508
2001-10-22,0.014186560385057638
2001-10-23,0.007658006886325391
2001-10-24,0.1481730778669489
2001-10-25,0.4273891942254428
2001-10-26,0.16162213888661614
2001-10-27,0.16162213888661614
2001-10-28,0.16162213888661614
2001-10-29,0.16162213888661614
2001-10-30,0.16162213888661614
2001-10-31,0.16162213888661614
2001-11-01,0.21091986376920652
2001-11-02,1.3560256546941296
2001-11-03,0.09916206558459792
2001-11-04,0.09916206558459792
2001-11-05,0.09916206558459792
2001-11-06,0.3484577238559723
2001-11-07,0.3484577238559723
2001-11-08,0.38979991551103266
2001-11-09,0.3484577238559723
2001-11-10,0.3484577238559723
2001-11-11,2.299002935146463
2001-11-12,0.017275433794691646
2001-11-13,0.0
2001-11-14,0.0
2001-11-15,0.0
2001-11-16,0.0
2001-11-17,0.0
2001-11-18,0.0
2001-11-19,0.0
2001-11-20,1.877915123413349
2001-11-21,0.0
2001-11-22,0.000521486785648198
2001-11-23,12.91341781616211
2001-11-24,13.676889781294198
2001-11-25,0.1643983408294875
2001-11-26,2.4091585915664147
2001-11-27,25.80570418259193
2001-11-28,15.762511253356934
2001-11-29,44.77202599624108
2001-11-30,0.08489552589839902
2001-12-01,0.09547127800961507
2001-12-02,0.09547127800961507
2001-12-03,0.09547127800961507
2001-12-04,0.09547127800961507
2001-12-05,0.09547127800961507
2001-12-06,0.00011638208926687467
2001-12-07,0.007324324615685077
2001-12-08,0.44145148761313535
2001-12-09,0.1815181668719341
2001-12-10,0.8575006661743954
2001-12-11,0.009414239786565304
2001-12-12,0.12421873777077116
2001-12-13,62.32539670220737
2001-12-14,27.27382758568073
2001-12-15,0.0
2001-12-16,0.8939164630297957
2001-12-17,17.49060347984577
2001-12-18,0.04851333700634282
2001-12-19,0.0
2001-12-20,0.0
2001-12-21,0.0
2001-12-22,0.19670956427681036
2001-12-23,14.218736780100855
2001-12-24,0.0
2001-12-25,0.0
2001-12-26,0.0
2001-12-27,0.0
2001-12-28,1.3020479966854226
2001-12-29,0.02935600075228461
2001-12-30,0.0
2001-12-31,1.477696315995578
2002-01-01,0.01012266934688749
2002-01-02,1.3808384517143513
2002-01-03,0.001275738656063211
2002-01-04,0.0
2002-01-05,12.012305654328445
2002-01-06,9.136081851761917
2002-01-07,0.4353868789200125
2002-01-08,0.0
2002-01-09,0.0
2002-01-10,0.02345113294070651
2002-01-11,5.735260823677326
2002-01-12,23.830279712019294
2002-01-13,0.0
2002-01-14,0.0034366451155651233
2002-01-15,0.0
2002-01-16,0.0
2002-01-17,0.010032353858495581
2002-01-18,1.9711096204560379
2002-01-19,36.57815808263318
2002-01-20,0.002411877339031419
2002-01-21,5.151059339786398
2002-01-22,3.781318446685528
2002-01-23,2.3632235773678483
2002-01-24,5.4940114062407925
2002-01-25,20.028347738857928
2002-01-26,0.0
2002-01-27,0.0
2002-01-28,0.5281903229910752
2002-01-29,0.6257079510853208
2002-01-30,0.06805770998371058
2002-01-31,0.9867282694783704
2002-02-01,14.049925524612952
2002-02-02,0.0
2002-02-03,0.0
2002-02-04,2.3857671827688044e-05
2002-02-05,7.094840148399616
2002-02-06,26.174988911069672
2002-02-07,0.9498772518388157
2002-02-08,0.0
2002-02-09,0.0
2002-02-10,0.18019519515078644
2002-02-11,0.4128363426565996
2002-02-12,0.4128363426565996
2002-02-13,0.4128363426565996
2002-02-14,0.4128363426565996
2002-02-15,0.4128363426565996
2002-02-16,0.8202887249403986
2002-02-17,0.0
2002-02-18,0.0
2002-02-19,2.698194310582917
2002-02-20,30.20156189491009
2002-02-21,0.0
2002-02-22,0.18124041353063336
2002-02-23,0.0
2002-02-24,0.0
2002-02-25,0.0009210590139665673
2002-02-26,1.5824569340409904
2002-02-27,0.0
2002-02-28,0.0
2002-03-01,7.630679459407411
2002-03-02,25.972974251056538
2002-03-03,0.12110666982058821
2002-03-04,0.0
2002-03-05,0.0
2002-03-06,0.0
2002-03-07,0.0
2002-03-08,0.07658633846058992
2002-03-09,2.6681373523355556
2002-03-10,0.0
2002-03-11,0.4271689555768309
2002-03-12,51.17558064954034
2002-03-13,0.20894440803034553
2002-03-14,0.010713467960534939
2002-03-15,5.945634200655181
2002-03-16,2.8808684554593316
2002-03-17,1.2263688177898013
2002-03-18,0.15070738155266333
2002-03-19,0.7172734079689815
2002-03-20,4.5257718316439925
2002-03-21,9.805592758902188
2002-03-22,0.0
2002-03-23,0.0
2002-03-24,0.0
2002-03-25,0.19551161419728708
2002-03-26,24.881103910248854
2002-03-27,0.0
2002-03-28,0.0
2002-03-29,1.4092267278967232
2002-03-30,2.4422937672713707
2002-03-31,11.772165956168338
2002-04-01,0.0
2002-04-02,0.0
2002-04-03,0.0
2002-04-04,0.0
2002-04-05,0.0
2002-04-06,0.0
2002-04-07,0.007457700533920835
2002-04-08,23.219896842693462
2002-04-09,63.70564861955314
2002-04-10,0.23239607184097685
2002-04-11,0.44606019505139055
2002-04-12,3.2452159421197297
2002-04-13,1.485458308252795
2002-04-14,0.6175327845688524
2002-04-15,0.025334878278703524
2002-04-16,0.4435986167397992
2002-04-17,0.08370477012519179
2002-04-18,0.0037296824317810864
2002-04-19,0.0034677430682269663
2002-04-20,0.007998676344366937
2002-04-21,0.00091458603743251
2002-04-22,1.6246380601720563
2002-04-23,0.05219340167040455
2002-04-24,0.05290092789600122
2002-04-25,0.05194128458067004
2002-04-26,0.15230721676047762
2002-04-27,1.6800858542836945
2002-04-28,0.3784877025875552
2002-04-29,0.35200192804994257
2002-04-30,0.746802739028273
2002-05-01,0.013155692501860702
2002-05-02,0.008666441868187795
2002-05-03,0.041528554500787164
2002-05-04,1.5458682420310275
2002-05-05,0.24879621168405847
2002-05-06,0.0
2002-05-07,0.0
2002-05-08,0.0
2002-05-09,0.0
2002-05-10,0.0
2002-05-11,0.00825031603493824
2002-05-12,0.03601583877000315
2002-05-13,3.1481916698916206
2002-05-14,0.0
2002-05-15,0.0
2002-05-16,0.0009413095580510281
2002-05-17,11.16699689010094
2002-05-18,11.063330748985553
2002-05-19,0.0
2002-05-20,0.0
2002-05-21,0.0
2002-05-22,0.0
2002-05-23,0.0
2002-05-24,0.0
2002-05-25,0.0
2002-05-26,0.6242155576574391
2002-05-27,0.0024205064641889826
2002-05-28,0.2664759500787176
2002-05-29,27.175270277878333
2002-05-30,18.582381149818158
2002-05-31,1.4569520045971047
2002-06-01,0.0
2002-06-02,0.0
2002-06-03,0.0
2002-06-04,0.0
2002-06-05,0.0
2002-06-06,0.4188484809008138
2002-06-07,0.07277313658389552
2002-06-08,5.761489424212225
2002-06-09,9.222468737898202
2002-06-10,5.447070943898168
2002-06-11,0.44581594857676277
2002-06-12,0.052119609482329465
2002-06-13,0.060235826748198475
2002-06-14,1.125390652952523
2002-06-15,0.0
2002-06-16,1.54340385568553
2002-06-17,0.29303018389077023
2002-06-18,0.2852034031830985
2002-06-19,6.192045195349332
2002-06-20,3.6358404077332596
2002-06-21,0.00017583596240126946
2002-06-22,0.02428351003066476
2002-06-23,10.358772886210474
2002-06-24,3.1933333257149004
2002-06-25,3.117713558262792
2002-06-26,5.544859376446954
2002-06-27,22.108380778082484
2002-06-28,19.85762434992297
2002-06-29,0.355750240642449
2002-06-30,3.55887063618364
2002-07-01,2.629671043363111
2002-07-02,4.059778961642035
2002-07-03,0.7378186141622478
2002-07-04,7.243236804830617
2002-07-05,4.484788602796094
2002-07-06,0.05991097295592571
2002-07-07,6.042099442975275
2002-07-08,3.3831269823271652
2002-07-09,0.9224647591853964
2002-07-10,2.8829336371915093
2002-07-11,15.547499821103852
2002-07-12,2.090365323527106
2002-07-13,11.837203897278885
2002-07-14,4.675221632266867
2002-07-15,11.522957966245453
2002-07-16,0.5407861866827669
2002-07-17,0.44401254016777564
2002-07-18,1.2780081394032157
2002-07-19,1.0102853148147977
2002-07-20,0.049701678632870956
2002-07-21,3.7731946090172075
2002-07-22,17.528234580467487
2002-07-23,2.6598528993540795
2002-07-24,11.788410680047397
2002-07-25,7.629938849087419
2002-07-26,3.2129088188039847
2002-07-27,4.391806701133991
2002-07-28,1.4238172728439857
2002-07-29,20.790839885843212
2002-07-30,15.608719825744629
2002-07-31,3.661604141366893
2002-08-01,22.593832081761853
2002-08-02,2.0352974307948144
2002-08-03,0.41772208234359476
2002-08-04,0.48556178397145766
2002-08-05,17.50098550730738
2002-08-06,7.2099194855525575
2002-08-07,0.6765784857601955
2002-08-08,8.281304096353464
2002-08-09,1.9579798681982632
2002-08-10,0.0
2002-08-11,2.186920501034835
2002-08-12,8.438352239542994
2002-08-13,2.6387905540137457
2002-08-14,0.8532041804543857
2002-08-15,8.311584669968177
2002-08-16,3.4878106857168265
2002-08-17,3.2749611139297485
2002-08-18,0.5958598004332905
2002-08-19,6.565764936907538
2002-08-20,1.6027522107650494
2002-08-21,1.2290198720734695
2002-08-22,2.002123183217542
2002-08-23,0.7271543363558834
2002-08-24,0.24856168853825536
2002-08-25,6.718862467798694
2002-08-26,2.0508038175517114
2002-08-27,0.00044516093651603524
2002-08-28,0.0
2002-08-29,0.6239663670802938
2002-08-30,0.48176855568228094
2002-08-31,0.6093114038993572
2002-09-01,0.6122237937203769
2002-09-02,0.7647192406243292
2002-09-03,0.7590099192898849
2002-09-04,0.014496599735264619
2002-09-05,0.06756575970814147
2002-09-06,2.0292217361515967
2002-09-07,13.395034033676673
2002-09-08,0.04517934195183475
2002-09-09,0.00045496295808396974
2002-09-10,0.013883091734144194
2002-09-11,0.0
2002-09-12,0.0
2002-09-13,0.872171760633074
2002-09-14,0.2994740661875955
2002-09-15,0.09457621797276981
2002-09-16,0.4762587547302246
2002-09-17,0.6996272514606344
2002-09-18,2.0391358671517206
2002-09-19,1.0140488394375504
2002-09-20,4.766883200612561
2002-09-21,5.7391500884088975
2002-09-22,3.2369752670156546
2002-09-23,0.1945084197896308
2002-09-24,0.12355379426273806
2002-09-25,68.7601774807634
2002-09-26,145.88597264783135
2002-09-27,0.34351469473592167
2002-09-28,0.0
2002-09-29,0.003590866114446444
2002-09-30,0.4319193897576168
2002-10-01,0.5713647645095299
2002-10-02,1.1669834996091908
2002-10-03,27.427035693464607
2002-10-04,8.98049364418819
2002-10-05,10.173406173442972
2002-10-06,0.9680315831611896
2002-10-07,2.9458903773077605
2002-10-08,0.06743336668045356
2002-10-09,4.941732751912084
2002-10-10,14.095104069545352
2002-10-11,0.8016855449512087
2002-10-12,0.3417767584323883
2002-10-13,0.0009658331450893833
2002-10-14,0.0009551352363657849
2002-10-15,12.091190058609534
2002-10-16,0.0
2002-10-17,0.0
2002-10-18,0.0
2002-10-19,0.0
2002-10-20,0.0
2002-10-21,0.7392462122029272
2002-10-22,0.5240577798465202
2002-10-23,1.1265096643875385
2002-10-24,0.06262535190787809
2002-10-25,5.449874121567299
2002-10-26,27.192278960655475
2002-10-27,24.290004072518183
2002-10-28,24.396951083479255
2002-10-29,9.440277198265338
2002-10-30,0.2458981691763319
2002-10-31,0.0
2002-11-01,9.003551355723678e-05
2002-11-02,0.0022974728525351285
2002-11-03,7.456498343369057
2002-11-04,26.356422950481548
2002-11-05,14.771498581458783
2002-11-06,0.9901923557807659
2002-11-07,0.0
2002-11-08,0.0
2002-11-09,0.49119797965575906
2002-11-10,12.365455035505624
2002-11-11,18.77301025390625
2002-11-12,7.903084582295911
2002-11-13,0.0
2002-11-14,0.0
2002-11-15,3.8296908427929055
2002-11-16,0.1420136787768068
2002-11-17,0.0
2002-11-18,0.0
2002-11-19,1.4960573788346916
2002-11-20,13.880135371767242
2002-11-21,6.609410220179065
2002-11-22,0.0
2002-11-23,0.0
2002-11-24,0.0
2002-11-25,0.43687603391450025
2002-11-26,1.2110402995142444
2002-11-27,0.2287842147052288
2002-11-28,0.0
2002-11-29,0.0
2002-11-30,1.4040807300600513
2002-12-01,0.0
2002-12-02,0.0
2002-12-03,1.9252978460542087
2002-12-04,24.011113265465045
2002-12-05,20.61541751335407
2002-12-06,0.00017714198224110016
2002-12-07,0.0
2002-12-08,0.0
2002-12-09,0.04482477909789003
2002-12-10,20.470068504070415
2002-12-11,0.016447244982781082
2002-12-12,1.0295446443146672
2002-12-13,27.384484981668407
2002-12-14,0.00926862103695949
2002-12-15,0.0
2002-12-16,0.0
2002-12-17,0.00017295278293800195
2002-12-18,0.0647895473200057
2002-12-19,0.8609789541826166
2002-12-20,0.005587000203439826
2002-12-21,0.0
2002-12-22,1.7741225957870483
2002-12-23,8.759815577802987
2002-12-24,47.64523039192989
2002-12-25,0.20650983242125348
2002-12-26,0.0
2002-12-27,0.0
2002-12-28,0.0
2002-12-29,0.004447159048266195
2002-12-30,0.2588707671083253
2002-12-31,27.874610506255053
2003-01-01,0.26901486927065354
2003-01-02,0.08760510307961497
2003-01-03,0.0016282648771423205
2003-01-04,0.0
2003-01-05,0.0
2003-01-06,0.0
2003-01-07,0.0
2003-01-08,0.0
2003-01-09,0.0037916791183745554
2003-01-10,4.3592148197108305
2003-01-11,0.0
2003-01-12,0.0
2003-01-13,10.684079055128427
2003-01-14,0.0
2003-01-15,0.35286873707483557
2003-01-16,4.467422477130232
2003-01-17,0.06705470742850468
2003-01-18,0.0
2003-01-19,0.0
2003-01-20,0.01237168928592241
2003-01-21,0.6879812900362343
2003-01-22,3.171296658187077
2003-01-23,0.5335426001713194
2003-01-24,0.0
2003-01-25,1.2720561448870034
2003-01-26,0.05660753902690164
2003-01-27,0.0
2003-01-28,0.00017938112081349668
2003-01-29,6.1058149913261675
2003-01-30,8.280925536977835
2003-01-31,0.04147068562050318
2003-02-01,0.12211451602393184
2003-02-02,0.0
2003-02-03,0.7293705734713324
2003-02-04,3.189465748852697
2003-02-05,0.26287713621197073
2003-02-06,36.38648000256769
2003-02-07,5.367879637356462
2003-02-08,0.0
2003-02-09,2.5778933886823983
2003-02-10,10.205633262108112
2003-02-11,0.0
2003-02-12,0.0
2003-02-13,0.0
2003-02-14,0.01352235763173165
2003-02-15,6.487357583539239
2003-02-16,29.343126757391566
2003-02-17,0.6508032268491285
2003-02-18,0.0
2003-02-19,0.00448463064646509
2003-02-20,1.8674186385911087
2003-02-21,69.1172541914315
2003-02-22,55.6522568012106
2003-02-23,0.11620964899916074
2003-02-24,0.20591290218049083
2003-02-25,2.7500116948423714
2003-02-26,1.965603686612228
2003-02-27,29.623053188981682
2003-02-28,0.37506386432154426
2003-03-01,1.7592773848566516
2003-03-02,0.13820031388052578
2003-03-03,5.789956997180807
2003-03-04,3.5485456277584206
2003-03-05,8.891794780205036
2003-03-06,10.661603697415057
2003-03-07,6.986363723360259
2003-03-08,0.18599389031015592
2003-03-09,4.509264592466684
2003-03-10,0.0
2003-03-11,0.0
2003-03-12,1.86674571448359
2003-03-13,15.69571643040098
2003-03-14,16.241434722111144
2003-03-15,1.382896889900339
2003-03-16,1.1224670595136181
2003-03-17,23.90943323332688
2003-03-18,0.07490751956557405
2003-03-19,4.711269345776788
2003-03-20,0.0
2003-03-21,0.0003241023434133365
2003-03-22,0.0017341551338804178
2003-03-23,0.08789655668982144
2003-03-24,0.0
2003-03-25,2.8859629247594497e-05
2003-03-26,2.5243466023741097
2003-03-27,0.2329303727581583
2003-03-28,0.14115655049681664
2003-03-29,1.0515772808214714
2003-03-30,0.5465741496661614
2003-03-31,0.0
2003-04-01,0.0
2003-04-02,0.0
2003-04-03,0.0
2003-04-04,0.0
2003-04-05,0.0
2003-04-06,4.295532670514337
2003-04-07,13.803262940768537
2003-04-08,48.504888468775256
2003-04-09,0.7176674080306086
2003-04-10,0.0
2003-04-11,0.024661607590728794
2003-04-12,0.024661607590728794
2003-04-13,0.024661607590728794
2003-04-14,0.024661607590728794
2003-04-15,0.024661607590728794
2003-04-16,0.009738186980469217
2003-04-17,2.231907643120864
2003-04-18,0.0
2003-04-19,0.019916488355475253
2003-04-20,0.017796212887584137
2003-04-21,0.5281243149576516
2003-04-22,0.0005761031307288092
2003-04-23,0.04140324498815783
2003-04-24,13.957726149723447
2003-04-25,12.285197225110284
2003-04-26,1.1655553024390648
2003-04-27,0.3057753610713729
2003-04-28,0.30380411959927656
2003-04-29,0.30380411959927656
2003-04-30,0.30380411959927656
2003-05-01,0.026057891419221615
2003-05-02,1.1553200627195424
2003-05-03,3.093803278331099
2003-05-04,0.7578094930484377
2003-05-05,0.05642523295406637
2003-05-06,1.086332587332561
2003-05-07,1.6716613975064507
2003-05-08,0.19325640598504706
2003-05-09,0.024310312265979832
2003-05-10,0.07613447218619544
2003-05-11,8.815085443957098
2003-05-12,0.6839593104247389
2003-05-13,27.633198968295392
2003-05-14,1.6748100149220433
2003-05-15,5.238188147544861
2003-05-16,0.039107504236544
2003-05-17,0.7814163894488894
2003-05-18,22.425146234446558
2003-05-19,3.255457479378273
2003-05-20,5.991815221720729
2003-05-21,2.820409986479529
2003-05-22,0.2670651865031185
2003-05-23,0.0
2003-05-24,0.0
2003-05-25,0.8498372889027513
2003-05-26,6.782520655927987
2003-05-27,0.5155281547842354
2003-05-28,0.0
2003-05-29,0.0
2003-05-30,0.0
2003-05-31,0.05497451495090178
2003-06-01,0.08829058719606235
2003-06-02,5.571628463679347
2003-06-03,19.161274614005254
2003-06-04,1.1025736743006214
2003-06-05,0.2355289315355235
2003-06-06,19.838537577925056
2003-06-07,2.260172934367739
2003-06-08,0.13440340346303478
2003-06-09,0.23286955700866108
2003-06-10,0.5997426828433727
2003-06-11,12.041608547342234
2003-06-12,34.71889213035847
2003-06-13,23.36814886948158
2003-06-14,12.496477094189874
2003-06-15,12.313021922933645
2003-06-16,6.864195165963008
2003-06-17,11.747104151495572
2003-06-18,1.8557028647126823
2003-06-19,5.1909300787695525
2003-06-20,2.416215995262409
2003-06-21,7.170769452277956
2003-06-22,1.107200855870956
2003-06-23,0.24477127196411763
2003-06-24,1.3355142409945358
2003-06-25,0.276456062119968
2003-06-26,0.595516928311052
2003-06-27,13.694773279387375
2003-06-28,3.8172356876833686
2003-06-29,3.3060176865807893
2003-06-30,23.237826380236395
2003-07-01,47.62521875315699
2003-07-02,0.5832997570777761
2003-07-03,3.6653486202503074
2003-07-04,9.367883156085837
2003-07-05,17.311029302662817
2003-07-06,7.6427231328240754
2003-07-07,3.5058902995339754
2003-07-08,16.598512452224206
2003-07-09,0.8039679342302782
2003-07-10,0.13995759163437219
2003-07-11,3.388512270203952
2003-07-12,1.9808707031710395
2003-07-13,7.641919859524431
2003-07-14,2.1507728223142952
2003-07-15,1.818784339674588
2003-07-16,1.9316959463316818
2003-07-17,3.2832148198423714
2003-07-18,4.566914098016147
2003-07-19,4.6770755998019515
2003-07-20,5.561178067634845
2003-07-21,3.809020083526085
2003-07-22,12.699880271122373
2003-07-23,31.52920071832065
2003-07-24,0.6181392361377848
2003-07-25,0.005840458534858671
2003-07-26,0.12062426116959803
2003-07-27,1.6881000810656055
2003-07-28,1.0962504806189701
2003-07-29,5.108223627353537
2003-07-30,3.6984782958852835
2003-07-31,4.0556440353393555
2003-08-01,17.100047177281873
2003-08-02,16.8208468864704
2003-08-03,11.060208320617676
2003-08-04,15.341359500227304
2003-08-05,0.9945696705374224
2003-08-06,3.2565378320628198
2003-08-07,4.5008843767231905
2003-08-08,0.2890593651039847
2003-08-09,0.27321086811094447
2003-08-10,0.2599806899269079
2003-08-11,0.0021418563475639656
2003-08-12,6.308192902597888
2003-08-13,17.779521975023993
2003-08-14,0.6970679569860985
2003-08-15,0.3901650792565839
2003-08-16,4.969236604098616
2003-08-17,1.8182763560064907
2003-08-18,0.26263170535194463
2003-08-19,1.3523098641428455
2003-08-20,6.4314057415929335
2003-08-21,5.2572230881658095
2003-08-22,1.0474701338800891
2003-08-23,0.6552765389968609
2003-08-24,0.24069565740124932
2003-08-25,0.2377430647611618
2003-08-26,0.9019156735518883
2003-08-27,5.173628100033464
2003-08-28,3.690527011608255
2003-08-29,0.8821920033158928
2003-08-30,5.845277342303046
2003-08-31,2.1551269333938072
2003-09-01,1.1823127619151412
2003-09-02,0.45751527183014773
2003-09-03,1.3804922458426705
2003-09-04,6.012837475743787
2003-09-05,0.04555024418594508
2003-09-06,1.5656663898763985
2003-09-07,0.48296590098019304
2003-09-08,0.26698896545788336
2003-09-09,0.34661882165177116
2003-09-10,0.4388329088687897
2003-09-11,0.2387352274923489
2003-09-12,1.4895285337135709
2003-09-13,15.576263197537127
2003-09-14,2.2958606851511987
2003-09-15,0.0
2003-09-16,0.23441548825337968
2003-09-17,0.23441548825337968
2003-09-18,0.7040918685238937
2003-09-19,0.23441548825337968
2003-09-20,0.23441548825337968
2003-09-21,10.91620764239081
2003-09-22,44.403218762627965
2003-09-23,0.0
2003-09-24,0.0
2003-09-25,2.5247329555708786
2003-09-26,1.3872097833403225
2003-09-27,1.9621925878113713
2003-09-28,0.023821016906054114
2003-09-29,0.0
2003-09-30,0.0
2003-10-01,0.2067906430055355
2003-10-02,0.2067906430055355
2003-10-03,0.2067906430055355
2003-10-04,0.2067906430055355
2003-10-05,0.2067906430055355
2003-10-06,2.8542736480975974
2003-10-07,4.623741059467711
2003-10-08,0.20676189917942572
2003-10-09,0.211187316682832
2003-10-10,4.464875139039139
2003-10-11,2.026347460417912
2003-10-12,0.003889058853082102
2003-10-13,0.22042823303490877
2003-10-14,0.2428247238798388
2003-10-15,0.0
2003-10-16,0.0
2003-10-17,0.04811549186706543
2003-10-18,0.0001285893376916647
2003-10-19,0.0
2003-10-20,0.0
2003-10-21,0.0
2003-10-22,0.0
2003-10-23,0.0
2003-10-24,9.532820870939256e-05
2003-10-25,1.0872209390689587
2003-10-26,25.363496714624866
2003-10-27,20.10823420820565
2003-10-28,0.009972123332835477
2003-10-29,0.0
2003-10-30,0.020138465686990268
2003-10-31,0.17365875608962159
2003-11-01,0.0
2003-11-02,0.0
2003-11-03,0.0
2003-11-04,1.2338659824996159
2003-11-05,3.0016466995765425
2003-11-06,0.9927179895598313
2003-11-07,0.03560161088384559
2003-11-08,0.5013824413562643
2003-11-09,0.547377143697492
2003-11-10,0.2800269168641033
2003-11-11,0.0
2003-11-12,0.031282871058371305
2003-11-13,2.261386805567248
2003-11-14,0.0
2003-11-15,0.0
2003-11-16,18.318228228338832
2003-11-17,0.2400621067861031
2003-11-18,19.803732543156066
2003-11-19,0.6313779446585425
2003-11-20,0.0
2003-11-21,0.0
2003-11-22,0.0015505916280431095
2003-11-23,0.19690829053007322
2003-11-24,10.949698053557297
2003-11-25,0.0
2003-11-26,0.02895283753228984
2003-11-27,42.19049414272966
2003-11-28,51.84858966695851
2003-11-29,0.0
2003-11-30,0.0
2003-12-01,0.0
2003-12-02,0.0
2003-12-03,0.5578891486571781
2003-12-04,0.14140538665755042
2003-12-05,0.0010435680724812896
2003-12-06,0.00016526988023041008
2003-12-07,0.0
2003-12-08,4.730164299213231e-05
2003-12-09,0.37909967066912814
2003-12-10,2.713133180963582
2003-12-11,0.0
2003-12-12,0.0
2003-12-13,41.85459360583075
2003-12-14,0.1399680964391807
2003-12-15,0.0
2003-12-16,2.589974486236942
2003-12-17,0.00010812346778854182
2003-12-18,0.0
2003-12-19,0.0
2003-12-20,0.0
2003-12-21,0.0
2003-12-22,0.0038432759514574265
2003-12-23,3.5847779390370023
2003-12-24,0.009648533535474943
2003-12-25,0.0
2003-12-26,0.35664781619762553
2003-12-27,0.0
2003-12-28,0.05743028339127015
2003-12-29,48.634754838614626
2003-12-30,0.019138057684076244
2003-12-31,0.0
2004-01-01,0.0007098457979987744
2004-01-02,0.11531237085703118
2004-01-03,0.03638635278109397
2004-01-04,0.05019347406201193
2004-01-05,7.98470450783598
2004-01-06,0.0005457989599531645
2004-01-07,0.0
2004-01-08,3.179250813763717
2004-01-09,3.3662809246572953
2004-01-10,1.71533209078038e-05
2004-01-11,0.0
2004-01-12,0.0
2004-01-13,0.9429398268975061
2004-01-14,4.477278536763684
2004-01-15,0.009639097168913176
2004-01-16,0.0
2004-01-17,25.161032643811456
2004-01-18,3.723911869114843
2004-01-19,3.5889801033611954
2004-01-20,0.0
2004-01-21,0.0
2004-01-22,0.0
2004-01-23,0.0
2004-01-24,12.285858072083572
2004-01-25,10.314682426123783
2004-01-26,0.0
2004-01-27,0.0
2004-01-28,0.0
2004-01-29,0.0
2004-01-30,39.42858557865537
2004-01-31,0.05637879476978861
2004-02-01,0.150223512074043
2004-02-02,5.258263094671841
2004-02-03,0.1845797143619636
2004-02-04,0.0
2004-02-05,17.60901641845703
2004-02-06,68.90940120302398
2004-02-07,0.0
2004-02-08,0.0
2004-02-09,0.010035692087920576
2004-02-10,16.58794557637182
2004-02-11,43.26369778863315
2004-02-12,39.69016252715012
2004-02-13,1.0866673830254325
2004-02-14,15.16221625229408
2004-02-15,7.289408881088783
2004-02-16,0.007246497119295186
2004-02-17,1.0067962428619122
2004-02-18,0.0
2004-02-19,0.0
2004-02-20,0.5750887753634617
2004-02-21,0.22996820612200375
2004-02-22,0.0
2004-02-23,19.6459866556628
2004-02-24,7.060068393575734
2004-02-25,60.39048990710028
2004-02-26,8.060259161324337
2004-02-27,0.2586495979078885
2004-02-28,0.0
2004-02-29,4.484477232242453
2004-03-01,5.06417675676017
2004-03-02,6.277548230927566
2004-03-03,0.5112928224020991
2004-03-04,1.3668749486577922
2004-03-05,3.063359498977661
2004-03-06,0.7294322868873333
2004-03-07,0.0
2004-03-08,0.0
2004-03-09,0.0
2004-03-10,0.0
2004-03-11,0.0
2004-03-12,0.0
2004-03-13,0.019830158670786125
2004-03-14,1.2197618463943745
2004-03-15,17.29470946871001
2004-03-16,7.208026047410636
2004-03-17,2.4453656313748193
2004-03-18,0.46650302101825847
2004-03-19,0.0
2004-03-20,0.001482223891171402
2004-03-21,0.0
2004-03-22,0.0
2004-03-23,0.0
2004-03-24,0.0
2004-03-25,0.0
2004-03-26,6.77735812948005e-05
2004-03-27,0.0
2004-03-28,0.001705115245542778
2004-03-29,5.0166145522018954
2004-03-30,1.4349692093914952
2004-03-31,4.853845668298289e-05
2004-04-01,0.02353284225381654
2004-04-02,0.02353284225381654
2004-04-03,0.02353284225381654
2004-04-04,0.02353284225381654
2004-04-05,0.02353284225381654
2004-04-06,0.0
2004-04-07,3.2461862235233703
2004-04-08,0.23503117494542022
2004-04-09,0.0
2004-04-10,0.008274661886891157
2004-04-11,4.118543813968527
2004-04-12,13.636840491459287
2004-04-13,3.9174423382200043
2004-04-14,0.0
2004-04-15,0.0
2004-04-16,0.0
2004-04-17,0.0
2004-04-18,0.0
2004-04-19,0.0
2004-04-20,3.639877779730435
2004-04-21,0.09787077405329409
2004-04-22,0.044352802351630964
2004-04-23,0.013697113135251505
2004-04-24,0.02852747704962204
2004-04-25,11.086089594610806
2004-04-26,28.460435012291217
2004-04-27,0.0
2004-04-28,0.0
2004-04-29,3.906432867050171
2004-04-30,37.94992624480149
2004-05-01,9.351539151421909
2004-05-02,22.17667290260052
2004-05-03,0.0
2004-05-04,0.0
2004-05-05,0.0
2004-05-06,0.0
2004-05-07,0.0
2004-05-08,0.0
2004-05-09,0.0
2004-05-10,0.0
2004-05-11,9.669419568160485
2004-05-12,21.457557283598803
2004-05-13,5.929881753592656
2004-05-14,7.537711751872096
2004-05-15,31.06638132292649
2004-05-16,13.29464603292531
2004-05-17,4.186525106430054
2004-05-18,9.603254531991892
2004-05-19,5.321475604484821
2004-05-20,0.0040250157993608
2004-05-21,0.0
2004-05-22,0.0
2004-05-23,0.0
2004-05-24,0.0
2004-05-25,0.0
2004-05-26,0.0013819242062866046
2004-05-27,0.000974409003713939
2004-05-28,0.02939722234190538
2004-05-29,0.19655960644113607
2004-05-30,0.43287329221593923
2004-05-31,8.534890585932239
2004-06-01,56.706942065008754
2004-06-02,19.385245060098583
2004-06-03,26.400966216777935
2004-06-04,0.1686218756026235
2004-06-05,0.033361255958001934
2004-06-06,13.422086353959708
2004-06-07,3.7089244045060257
2004-06-08,1.3293436282667621
2004-06-09,0.22470494096392188
2004-06-10,0.04639017170873182
2004-06-11,0.15603241144583144
2004-06-12,0.068949439273826
2004-06-13,0.6008444001962399
2004-06-14,13.067719327992407
2004-06-15,6.373457431793213
2004-06-16,10.15630889761037
2004-06-17,0.5214389757863407
2004-06-18,2.3094115339476486
2004-06-19,1.904980988338076
2004-06-20,0.6484838271963185
2004-06-21,1.367484503778918
2004-06-22,11.04946050972774
2004-06-23,6.9994700037199875
2004-06-24,18.463024764225402
2004-06-25,13.798046769766971
2004-06-26,18.788229810780493
2004-06-27,4.171463185343249
2004-06-28,17.438082497695397
2004-06-29,20.463934076243433
2004-06-30,10.49252621880893
2004-07-01,19.10927104949951
2004-07-02,21.853751018129547
2004-07-03,2.477585015625789
2004-07-04,0.2966642224526932
2004-07-05,2.375057915161396
2004-07-06,7.160885284686911
2004-07-07,3.0815834012524834
2004-07-08,4.657835261575107
2004-07-09,13.67879420313342
2004-07-10,2.1539002410296737
2004-07-11,0.23349957784702038
2004-07-12,1.2395081520080566
2004-07-13,0.3750395841639617
2004-07-14,0.08126486246955805
2004-07-15,0.5163395738807218
2004-07-16,16.360532629078833
2004-07-17,11.766046721359778
2004-07-18,5.730671290693612
2004-07-19,0.007743063585527627
2004-07-20,0.0
2004-07-21,0.0
2004-07-22,0.029899670212561714
2004-07-23,1.4748288220886527
2004-07-24,0.874320595685778
2004-07-25,1.677408119984742
2004-07-26,9.230628753530569
2004-07-27,1.7764113052137966
2004-07-28,0.007531702797458475
2004-07-29,0.013203956973578396
2004-07-30,0.26806311309337616
2004-07-31,2.2720647762561668
2004-08-01,8.81522379250362
2004-08-02,12.724717427944315
2004-08-03,0.0
2004-08-04,0.0
2004-08-05,2.3239025905214508
2004-08-06,0.09890237526068914
2004-08-07,0.0
2004-08-08,0.0
2004-08-09,4.827288619403181
2004-08-10,3.1476300132685693
2004-08-11,3.828079772406611
2004-08-12,5.841902216960644
2004-08-13,0.0
2004-08-14,0.0
2004-08-15,0.0
2004-08-16,0.0
2004-08-17,0.0
2004-08-18,0.0
2004-08-19,0.03259854545367175
2004-08-20,3.388329892322935
2004-08-21,11.007036817484888
2004-08-22,9.359585564711999
2004-08-23,11.072485035863416
2004-08-24,5.329791956934436
2004-08-25,4.851951475801139
2004-08-26,1.1945289229524547
2004-08-27,3.107776349988477
2004-08-28,14.040303657794821
2004-08-29,8.41464795737431
2004-08-30,0.547841347497085
2004-08-31,0.6981846834051197
2004-09-01,0.06390411682940762
2004-09-02,0.17938431583601852
2004-09-03,5.278832904223738
2004-09-04,2.569896044402287
2004-09-05,0.1816166842292095
2004-09-06,0.15348540118028378
2004-09-07,0.7679999162410868
2004-09-08,0.0
2004-09-09,0.08965963009616425
2004-09-10,0.0
2004-09-11,0.19544542889142857
2004-09-12,3.744563069836847
2004-09-13,3.334409869950393
2004-09-14,3.254621415302671
2004-09-15,1.6622144456567436
2004-09-16,11.392780830120218
2004-09-17,0.0
2004-09-18,0.0
2004-09-19,0.0
2004-09-20,0.0
2004-09-21,0.007614533143953003
2004-09-22,2.891492527098684e-05
2004-09-23,1.6638411571239602
2004-09-24,0.03448093155848569
2004-09-25,0.00036360875699380094
2004-09-26,0.2555403046566865
2004-09-27,0.2555403046566865
2004-09-28,0.2555403046566865
2004-09-29,0.2555403046566865
2004-09-30,0.2555403046566865
2004-10-01,0.0011213837303863518
2004-10-02,0.16833075058871302
2004-10-03,0.31665923472108515
2004-10-04,1.0315686834269557
2004-10-05,8.247881165866193
2004-10-06,0.310916511149242
2004-10-07,0.02745662138251395
2004-10-08,9.895464551859888
2004-10-09,19.44405753037025
2004-10-10,34.52261510388605
2004-10-11,24.596288352177062
2004-10-12,2.475083795087091
2004-10-13,0.0
2004-10-14,6.423270077540956
2004-10-15,0.011658962430625126
2004-10-16,0.0
2004-10-17,0.0003224876856056026
2004-10-18,0.3012499770727651
2004-10-19,1.5375923576026127
2004-10-20,1.0968747873758447
2004-10-21,0.2506668202835938
2004-10-22,0.25965530682226706
2004-10-23,1.0941963308844074
2004-10-24,2.429783286719487
2004-10-25,2.371835807274128
2004-10-26,0.08109714212859499
2004-10-27,0.3023411328422612
2004-10-28,0.02038183782635064
2004-10-29,0.006021660712451257
2004-10-30,0.4959461488600435
2004-10-31,1.2515349716975772
2004-11-01,3.5767330958925445
2004-11-02,33.25571902044888
2004-11-03,26.665898816338903
2004-11-04,0.002144845202565193
2004-11-05,0.0
2004-11-06,0.0
2004-11-07,0.0
2004-11-08,0.0
2004-11-09,0.0
2004-11-10,2.351951031849302
2004-11-11,12.265545170882653
2004-11-12,1.5569363894133732
2004-11-13,0.11359689872840355
2004-11-14,1.204243622977158
2004-11-15,0.06741109785848651
2004-11-16,8.633700681143794e-05
2004-11-17,0.0
2004-11-18,4.333143735754079
2004-11-19,1.8736549369220077
2004-11-20,7.540073756513925
2004-11-21,10.94506025314331
2004-11-22,11.581946816937677
2004-11-23,25.656845092773438
2004-11-24,33.91885494363719
2004-11-25,0.024573912342271673
2004-11-26,0.0
2004-11-27,19.023671840799267
2004-11-28,0.0034633496021530753
2004-11-29,0.2257449863285854
2004-11-30,17.412118451348668
2004-12-01,5.792730561618147
2004-12-02,0.0022135332130409522
2004-12-03,0.0
2004-12-04,0.0
2004-12-05,25.545710201921136
2004-12-06,8.245587135183401
2004-12-07,21.0529596394506
2004-12-08,0.38969746617407636
2004-12-09,68.46645499920022
2004-12-10,0.04831309359649132
2004-12-11,0.0
2004-12-12,0.0
2004-12-13,0.5174672698987455
2004-12-14,0.0
2004-12-15,0.0
2004-12-16,0.01819248735535376
2004-12-17,0.024676625685091932
2004-12-18,0.01819248735535376
2004-12-19,0.01819248735535376
2004-12-20,0.01819248735535376
2004-12-21,0.022618726931576585
2004-12-22,26.50185065433897
2004-12-23,7.125850545948949
2004-12-24,0.0
2004-12-25,0.21243105061223794
2004-12-26,6.791352683100207
2004-12-27,0.003479048095900437
2004-12-28,0.003479048095900437
2004-12-29,0.003479048095900437
2004-12-30,0.003479048095900437
2004-12-31,0.003479048095900437
2005-01-01,3.0468747245854346
2005-01-02,0.2710284484743044
2005-01-03,0.11658616916372858
2005-01-04,0.04962313483501303
2005-01-05,0.36402573513573616
2005-01-06,2.766373511018424
2005-01-07,1.89999062439491
2005-01-08,25.533001735292633
2005-01-09,0.004038983436124721
2005-01-10,0.18757739663124084
2005-01-11,1.0542078799214856
2005-01-12,1.1929278455931565
2005-01-13,45.246968104921535
2005-01-14,1.480178351546156
2005-01-15,0.0
2005-01-16,0.0
2005-01-17,0.0
2005-01-18,0.0
2005-01-19,0.07148195713244636
2005-01-20,2.134129252927057
2005-01-21,0.0
2005-01-22,1.9932446076438344
2005-01-23,0.0
2005-01-24,0.0
2005-01-25,0.0
2005-01-26,0.02733631933043743
2005-01-27,0.0
2005-01-28,3.7337266576701196
2005-01-29,2.579415436448722
2005-01-30,0.03785727237319124
2005-01-31,10.082728205056027
2005-02-01,45.0960394760658
2005-02-02,56.31697135136045
2005-02-03,0.20383134124607877
2005-02-04,0.058953339683598484
2005-02-05,0.0
2005-02-06,0.09397890233908426
2005-02-07,0.6071038616114649
2005-02-08,4.798233361079775
2005-02-09,14.344091579831879
2005-02-10,0.005789671309998837
2005-02-11,0.0
2005-02-12,0.0
2005-02-13,9.507327688151392
2005-02-14,21.95057125749259
2005-02-15,0.0604407723093855
2005-02-16,0.1415075965482613
2005-02-17,0.10466672325956411
2005-02-18,0.0
2005-02-19,0.0
2005-02-20,1.6176126948718368
2005-02-21,6.442001622298668
2005-02-22,3.7561718184372475
2005-02-23,14.920504142498148
2005-02-24,9.079524434846023
2005-02-25,9.25023550822817
2005-02-26,0.0
2005-02-27,16.402958738392797
2005-02-28,3.8194957930466225
2005-03-01,0.0
2005-03-02,0.01716078273100971
2005-03-03,13.747515711291083
2005-03-04,0.10311592511575797
2005-03-05,0.0
2005-03-06,0.0
2005-03-07,6.363309186080406
2005-03-08,8.489855996493635
2005-03-09,0.06541019273472243
2005-03-10,0.0507321708418172
2005-03-11,1.410545747855614
2005-03-12,0.0
2005-03-13,0.21284861194676366
2005-03-14,1.6155805485001926
2005-03-15,4.000823538878868
2005-03-16,36.390806461202686
2005-03-17,0.26759907706030484
2005-03-18,0.005701328762244947
2005-03-19,2.0205748389507163
2005-03-20,9.048189574274524
2005-03-21,11.38167272765061
2005-03-22,18.498528743612354
2005-03-23,0.2417915367103856
2005-03-24,0.0
2005-03-25,0.014573713130285514
2005-03-26,8.331750935521619
2005-03-27,20.23434566629344
2005-03-28,0.177398765138511
2005-03-29,0.0
2005-03-30,1.9815711194071277
2005-03-31,39.1109430378881
2005-04-01,40.166815001389075
2005-04-02,0.0
2005-04-03,0.0
2005-04-04,0.0
2005-04-05,0.9835792142769386
2005-04-06,35.100497739068395
2005-04-07,2.4085108144529936
2005-04-08,0.3509385549816592
2005-04-09,7.118896284172761e-06
2005-04-10,0.10221761131081088
2005-04-11,10.316742913476352
2005-04-12,25.221098735414703
2005-04-13,0.0
2005-04-14,0.20114483453076462
2005-04-15,0.0
2005-04-16,0.0
2005-04-17,0.0
2005-04-18,0.0
2005-04-19,0.07150234744466584
2005-04-20,0.027642617194816983
2005-04-21,0.30927272269438055
2005-04-22,3.971556745726487
2005-04-23,2.565891179545172
2005-04-24,0.0
2005-04-25,0.9377640711850134
2005-04-26,14.929837720147495
2005-04-27,0.006729038207438485
2005-04-28,8.902488003388561e-05
2005-04-29,0.0
2005-04-30,43.075494832005994
2005-05-01,0.0
2005-05-02,0.0
2005-05-03,0.0
2005-05-04,0.0
2005-05-05,0.0
2005-05-06,0.0
2005-05-07,0.0
2005-05-08,0.0
2005-05-09,0.0
2005-05-10,0.0
2005-05-11,0.0029685119616574256
2005-05-12,0.002019374831057764
2005-05-13,0.06900256788679238
2005-05-14,0.7934977165583906
2005-05-15,7.894945045997357
2005-05-16,0.0
2005-05-17,0.0
2005-05-18,0.0
2005-05-19,0.0
2005-05-20,0.0
2005-05-21,0.4181078066085947
2005-05-22,0.0
2005-05-23,0.6760712697588164
2005-05-24,8.14130424631053
2005-05-25,10.56053638458252
2005-05-26,0.0
2005-05-27,0.0
2005-05-28,0.04042646451050352
2005-05-29,7.652118945943898
2005-05-30,16.355269234755944
2005-05-31,26.01636498549889
2005-06-01,9.422927297394851
2005-06-02,0.2562158955582257
2005-06-03,0.41266086851728373
2005-06-04,0.0041785968200640814
2005-06-05,1.8049563128372719
2005-06-06,12.38946508539134
2005-06-07,10.894584474892453
2005-06-08,3.809436502127812
2005-06-09,3.5828815986370217
2005-06-10,5.55408264028615
2005-06-11,1.917622247646595
2005-06-12,0.5168759673833847
2005-06-13,0.4465637119679615
2005-06-14,0.20613887790462065
2005-06-15,0.22851062283433718
2005-06-16,0.0006899221668296879
2005-06-17,1.689915706371439
2005-06-18,8.880046170333337
2005-06-19,0.0
2005-06-20,0.0003030868327437804
2005-06-21,0.04172323321409781
2005-06-22,0.005004466342707646
2005-06-23,0.0
2005-06-24,0.01714592873407849
2005-06-25,0.001362668701592062
2005-06-26,0.08809043385152673
2005-06-27,1.5481338480423237
2005-06-28,1.9264073536313813
2005-06-29,3.4964057402364137
2005-06-30,0.6570271993505543
2005-07-01,0.11276348693103626
2005-07-02,2.254410213437574
2005-07-03,0.4558097730422842
2005-07-04,5.818319838622521
2005-07-05,5.343210121680951
2005-07-06,27.547958045170226
2005-07-07,0.08531786732632539
2005-07-08,0.35521308615289887
2005-07-09,0.5094459827603965
2005-07-10,4.543593414898576
2005-07-11,11.956688404083252
2005-07-12,0.9339986422966267
2005-07-13,1.687641637078647
2005-07-14,7.9366681822415055
2005-07-15,6.900974405222926
2005-07-16,15.929373806920545
2005-07-17,9.9262249716397
2005-07-18,1.2546324442172874
2005-07-19,5.910130525457448
2005-07-20,4.15220046865529
2005-07-21,10.989894505204825
2005-07-22,5.386261483718609
2005-07-23,0.35698149122040845
2005-07-24,0.03351081369830103
2005-07-25,0.17769305330925975
2005-07-26,0.2887796459013018
2005-07-27,1.07754529755691
2005-07-28,11.247274727656924
2005-07-29,5.30754357370837
2005-07-30,8.033285256089835
2005-07-31,3.843931740727918
2005-08-01,6.493263655695422
2005-08-02,5.492247606145924
2005-08-03,2.861819493359533
2005-08-04,4.454255309598199
2005-08-05,6.617711478266223
2005-08-06,1.0444816222478603
2005-08-07,3.320907278307553
2005-08-08,0.44339985734429854
2005-08-09,6.191584139034666
2005-08-10,13.009564498375202
2005-08-11,5.732347957019148
2005-08-12,4.488314250419879
2005-08-13,1.506277635179717
2005-08-14,2.565659761428833
2005-08-15,2.321300033865304
2005-08-16,1.7958999543354428
2005-08-17,2.373734400190156
2005-08-18,2.4790016309968355
2005-08-19,0.3981255246647473
2005-08-20,0.9593935423883898
2005-08-21,5.017279698930937
2005-08-22,12.843123633286048
2005-08-23,1.4384656396919284
2005-08-24,4.112562270000063
2005-08-25,3.2967361602289924
2005-08-26,0.2534357399262231
2005-08-27,0.00035187880561791425
2005-08-28,0.06207292957295631
2005-08-29,131.668079507762
2005-08-30,19.107734811717066
2005-08-31,1.0956158021400715
2005-09-01,0.14731028753107991
2005-09-02,0.003778410240493972
2005-09-03,6.421685824973574e-05
2005-09-04,0.0
2005-09-05,0.37386176092871304
2005-09-06,0.22601268312026715
2005-09-07,0.22601268312026715
2005-09-08,0.23741133973516268
2005-09-09,0.22601268312026715
2005-09-10,0.22601268312026715
2005-09-11,0.01426429542359607
2005-09-12,0.01426429542359607
2005-09-13,0.01426429542359607
2005-09-14,0.986088684920607
2005-09-15,0.06702970347270884
2005-09-16,7.392913045554326
2005-09-17,2.131380484021943
2005-09-18,2.4033288215768747
2005-09-19,0.7608490031341026
2005-09-20,0.0
2005-09-21,0.0
2005-09-22,1.10318926593353
2005-09-23,3.4949152058568496
2005-09-24,5.460437544460954
2005-09-25,12.132297088359964
2005-09-26,2.6555745683867356
2005-09-27,0.0
2005-09-28,0.05197694077124369
2005-09-29,0.2678786064016408
2005-09-30,0.058981852359058146
2005-10-01,1.648332552663211
2005-10-02,0.2271936571803586
2005-10-03,0.0
2005-10-04,1.192772219053887e-05
2005-10-05,0.0
2005-10-06,0.002805848124212232
2005-10-07,0.19412252603195093
2005-10-08,0.002805848124212232
2005-10-09,1.4708541796125214
2005-10-10,0.002805848124212232
2005-10-11,0.34851631008345507
2005-10-12,0.34851631008345507
2005-10-13,0.34851631008345507
2005-10-14,0.34851631008345507
2005-10-15,0.34851631008345507
2005-10-16,0.0
2005-10-17,0.0
2005-10-18,0.0
2005-10-19,0.0
2005-10-20,0.0
2005-10-21,0.7627180938062996
2005-10-22,0.0
2005-10-23,0.0
2005-10-24,0.0
2005-10-25,0.0
2005-10-26,0.17841367577684336
2005-10-27,0.17841367577684336
2005-10-28,0.17841367577684336
2005-10-29,0.17841367577684336
2005-10-30,0.17841367577684336
2005-10-31,0.17841367577684336
2005-11-01,4.540133291277392
2005-11-02,0.0
2005-11-03,0.0
2005-11-04,0.6049450607649212
2005-11-05,1.620224220999356
2005-11-06,1.3994646524560863
2005-11-07,0.5053897613081438
2005-11-08,0.00029794816409462485
2005-11-09,0.020702251746993642
2005-11-10,0.1854861130102955
2005-11-11,0.0
2005-11-12,0.0
2005-11-13,0.25669120252132416
2005-11-14,4.183464514798131
2005-11-15,5.341384928801964
2005-11-16,9.502902129600788
2005-11-17,0.0
2005-11-18,0.0
2005-11-19,0.0860785420598655
2005-11-20,0.012883842665830562
2005-11-21,8.167287103061017
2005-11-22,0.0
2005-11-23,0.0
2005-11-24,0.0
2005-11-25,0.0
2005-11-26,1.4905109898797397
2005-11-27,35.210457505850954
2005-11-28,6.621081130257968
2005-11-29,0.0
2005-11-30,0.0
2005-12-01,0.46956789647710734
2005-12-02,0.0
2005-12-03,0.3896162448258236
2005-12-04,6.995180014906259
2005-12-05,36.126900113862135
2005-12-06,0.0
2005-12-07,0.0
2005-12-08,13.215967622296564
2005-12-09,0.5628383519320652
2005-12-10,0.01844013845226888
2005-12-11,0.0005801823060429687
2005-12-12,0.0
2005-12-13,0.0
2005-12-14,3.199080195920221
2005-12-15,39.26993448980923
2005-12-16,0.0
2005-12-17,2.5786070535922874
2005-12-18,1.8437076457615555
2005-12-19,0.0
2005-12-20,0.0
2005-12-21,0.0
2005-12-22,0.0
2005-12-23,0.0
2005-12-24,20.11778634170006
2005-12-25,0.6464244137550222
2005-12-26,0.0
2005-12-27,0.0
2005-12-28,0.5789117607577093
2005-12-29,0.0
2005-12-30,0.0010494293262660183
2005-12-31,0.33513604027443916
2006-01-01,0.489347199684587
2006-01-02,0.5073054574173073
2006-01-03,0.0
2006-01-04,0.0
2006-01-05,0.0
2006-01-06,0.0001885462612523858
2006-01-07,0.0
2006-01-08,0.0
2006-01-09,0.8929580326738029
2006-01-10,1.203162736933807
2006-01-11,0.3140077981455573
2006-01-12,0.017093804022618408
2006-01-13,11.740888825778303
2006-01-14,0.0
2006-01-15,0.0
2006-01-16,0.0732852381108136
2006-01-17,21.59397529733592
2006-01-18,0.06645775817591569
2006-01-19,0.0
2006-01-20,2.6751200412881784
2006-01-21,11.197781562805176
2006-01-22,3.116806934619772
2006-01-23,27.540545627988617
2006-01-24,0.24170414949285574
2006-01-25,0.0
2006-01-26,0.0
2006-01-27,0.1424723400509563
2006-01-28,0.13304955126910373
2006-01-29,32.44207947829674
2006-01-30,2.2793040686640245
2006-01-31,0.0
2006-02-01,0.0
2006-02-02,40.035116064137426
2006-02-03,0.7718424591524847
2006-02-04,0.8121730140570936
2006-02-05,0.0
2006-02-06,4.9490055544623015
2006-02-07,0.10208738877855499
2006-02-08,0.0
2006-02-09,0.0
2006-02-10,3.1266431397405166
2006-02-11,49.0144456008385
2006-02-12,0.0
2006-02-13,0.0
2006-02-14,0.1526777464254149
2006-02-15,0.13448027315838584
2006-02-16,1.0174792943329647
2006-02-17,2.299696753764975
2006-02-18,2.149599630257179
2006-02-19,0.8778397379250362
2006-02-20,6.030946698682062
2006-02-21,1.3193752724548866
2006-02-22,1.078123781187781
2006-02-23,1.269707053899765
2006-02-24,0.0
2006-02-25,25.214638019430225
2006-02-26,23.238986311287714
2006-02-27,0.0
2006-02-28,8.682522858525145e-05
2006-03-01,0.0
2006-03-02,0.0
2006-03-03,0.0
2006-03-04,0.0
2006-03-05,0.0
2006-03-06,1.2963423482302963
2006-03-07,0.0
2006-03-08,0.0
2006-03-09,17.381361237887678
2006-03-10,15.676599699875403
2006-03-11,1.396054471361226
2006-03-12,0.34269823031178837
2006-03-13,0.5245895375465525
2006-03-14,0.6035337252863522
2006-03-15,0.0
2006-03-16,3.562752600373893
2006-03-17,0.1310393269462832
2006-03-18,1.2271296402503704
2006-03-19,3.413670243888066
2006-03-20,23.12125087606496
2006-03-21,13.694346970525281
2006-03-22,0.00024010689230635762
2006-03-23,0.6092326086142967
2006-03-24,0.0
2006-03-25,0.0
2006-03-26,0.0
2006-03-27,0.0
2006-03-28,1.5276370963145947
2006-03-29,1.4344503396543964
2006-03-30,0.3470394470054528
2006-03-31,0.7753046463275778
2006-04-01,0.050412950844600284
2006-04-02,0.030745866997488613
2006-04-03,0.044619027910561396
2006-04-04,0.0
2006-04-05,0.0
2006-04-06,0.0006918572531691913
2006-04-07,0.3004630696156929
2006-04-08,5.562063677557584
2006-04-09,9.383384042002004e-06
2006-04-10,0.0
2006-04-11,0.021437598681398506
2006-04-12,0.03867735119600748
2006-04-13,0.021437598681398506
2006-04-14,0.021437598681398506
2006-04-15,0.02679150908029285
2006-04-16,0.0011467487663672916
2006-04-17,0.0004017963555866274
2006-04-18,0.007422597308097215
2006-04-19,0.2397235226014565
2006-04-20,0.07167131787744062
2006-04-21,6.988895695784996
2006-04-22,4.807989038270096
2006-04-23,0.0
2006-04-24,0.0
2006-04-25,6.948863128135944
2006-04-26,33.2736926243223
2006-04-27,0.06841590705102887
2006-04-28,0.0
2006-04-29,0.37965815334484493
2006-04-30,38.7168188423946
2006-05-01,0.016295289741186745
2006-05-02,0.35613272994242867
2006-05-03,0.209103816815106
2006-05-04,0.035869658675751294
2006-05-05,6.900707795702178
2006-05-06,4.519778646271805
2006-05-07,20.9395846333997
2006-05-08,0.6493287050518496
2006-05-09,7.591490252264615
2006-05-10,2.4091993529221107
2006-05-11,2.9470979386362535
2006-05-12,0.0
2006-05-13,0.0015429252224717417
2006-05-14,21.15852507229509
2006-05-15,0.18063126734843285
2006-05-16,0.0
2006-05-17,0.0
2006-05-18,0.0
2006-05-19,0.0
2006-05-20,0.0
2006-05-21,0.0
2006-05-22,0.015353570852814049
2006-05-23,0.15103765191703006
2006-05-24,0.18930542880091175
2006-05-25,0.0013743725380507008
2006-05-26,0.012252176975317556
2006-05-27,0.48615407301434155
2006-05-28,3.0400637018269507
2006-05-29,5.075972927027736
2006-05-30,11.605514805892419
2006-05-31,0.0008390116794355985
2006-06-01,0.0007372796535491943
2006-06-02,1.0553474446822857
2006-06-03,0.003399297715453752
2006-06-04,0.0
2006-06-05,9.528060487856895e-05
2006-06-06,0.0009676150913382398
2006-06-07,0.3861438284852895
2006-06-08,0.22145065633130484
2006-06-09,0.0009676150913382398
2006-06-10,0.0009676150913382398
2006-06-11,0.0003675218703674859
2006-06-12,0.2696022206339343
2006-06-13,0.0
2006-06-14,2.280918976356243
2006-06-15,0.13043674955080295
2006-06-16,0.06742862050004046
2006-06-17,4.22784450136382
2006-06-18,2.723362848676484
2006-06-19,5.513738188250311
2006-06-20,0.33137821688734254
2006-06-21,0.6281048234166771
2006-06-22,0.07318561100240412
2006-06-23,7.563674959643134
2006-06-24,12.402221876999427
2006-06-25,1.3703616323142216
2006-06-26,0.4000479042016227
2006-06-27,0.004908102789315684
2006-06-28,0.0
2006-06-29,0.0
2006-06-30,0.0
2006-07-01,0.07639646388847253
2006-07-02,0.1475495418597912
2006-07-03,0.2574590728457632
2006-07-04,5.530941560350615
2006-07-05,9.271841443818191
2006-07-06,2.7743019595228393
2006-07-07,0.4893138561526249
2006-07-08,0.19341195355458507
2006-07-09,0.3948077567178628
2006-07-10,0.19317369169459261
2006-07-11,0.03223866431427927
2006-07-12,0.027197089142583567
2006-07-13,2.012915956562963
2006-07-14,0.08459691818932007
2006-07-15,1.0404831278940727
2006-07-16,0.721657899947002
2006-07-17,0.2223369638467657
2006-07-18,0.42755587964222347
2006-07-19,16.94034142329775
2006-07-20,12.518379375852387
2006-07-21,1.1125656325241615
2006-07-22,4.716152380252707
2006-07-23,20.48851467001027
2006-07-24,5.176653360498363
2006-07-25,10.770405720020163
2006-07-26,2.1161541486608573
2006-07-27,1.1293285447975685
2006-07-28,2.536678536184903
2006-07-29,3.9213288159205995
2006-07-30,3.05876402197213
2006-07-31,7.294003766158531
2006-08-01,2.8497442541451288
2006-08-02,0.06115653558537878
2006-08-03,0.05524082134020161
2006-08-04,1.1422284772170002
2006-08-05,4.719697726183925
2006-08-06,5.805559700932996
2006-08-07,1.6114292740821838
2006-08-08,0.13467212663642292
2006-08-09,5.092080001173349
2006-08-10,19.218853917615167
2006-08-11,0.284251076394114
2006-08-12,1.0833917655821503
2006-08-13,1.349613592542451
2006-08-14,4.34873393486286
2006-08-15,4.459838554776948
2006-08-16,3.05282102165551
2006-08-17,2.656754311816446
2006-08-18,3.9513521893271086
2006-08-19,0.14599679461840925
2006-08-20,0.0011172379629991564
2006-08-21,0.16646955714657388
2006-08-22,12.20816551405808
2006-08-23,0.49868541801797933
2006-08-24,6.593594518201105
2006-08-25,2.447115186987252
2006-08-26,12.448908115255422
2006-08-27,1.687933555964766
2006-08-28,1.4224927404831196
2006-08-29,4.835618150645289
2006-08-30,7.8387578766921475
2006-08-31,0.2885684771784421
2006-09-01,0.0
2006-09-02,0.16264654734525189
2006-09-03,0.10072688276654687
2006-09-04,0.07277271713547666
2006-09-05,0.31253659776572523
2006-09-06,0.0036653687230086534
2006-09-07,0.03698171539521166
2006-09-08,0.015029873570491528
2006-09-09,1.8912374891083816
2006-09-10,1.7544685304164886
2006-09-11,2.7000272469273927
2006-09-12,8.137436093955204
2006-09-13,1.7614142658381626
2006-09-14,0.024741682234513254
2006-09-15,0.0
2006-09-16,0.0014313476216369148
2006-09-17,25.942452134757207
2006-09-18,12.416662281957166
2006-09-19,9.079929269593338
2006-09-20,0.0
2006-09-21,0.4719773214952699
2006-09-22,7.958405609788565
2006-09-23,2.9172520637512207
2006-09-24,16.080906736439672
2006-09-25,0.004502628636616684
2006-09-26,0.0
2006-09-27,0.0
2006-09-28,0.797801886653078
2006-09-29,0.0
2006-09-30,0.5795259393494705
2006-10-01,0.5251534421896112
2006-10-02,0.6891647962660625
2006-10-03,0.0012090529560047235
2006-10-04,0.30606158771391573
2006-10-05,0.0001643169116818924
2006-10-06,0.6647542797285935
2006-10-07,0.6647542797285935
2006-10-08,0.6647542797285935
2006-10-09,0.6647542797285935
2006-10-10,0.6647542797285935
2006-10-11,3.4344780897272043
2006-10-12,0.5168018172784098
2006-10-13,1.0877616611020318
2006-10-14,0.0
2006-10-15,0.03544909507036209
2006-10-16,36.75833195653455
2006-10-17,30.958610797750538
2006-10-18,0.10172244688046389
2006-10-19,12.897957801818848
2006-10-20,0.05772429884507738
2006-10-21,0.062160736110446785
2006-10-22,2.399472586039839
2006-10-23,0.0
2006-10-24,0.0
2006-10-25,0.020245641228092578
2006-10-26,41.552127509281554
2006-10-27,63.05033650891534
2006-10-28,1.7641116222687835e-05
2006-10-29,0.0
2006-10-30,0.0
2006-10-31,1.1877548468524013
2006-11-01,2.1563928332822075
2006-11-02,1.6062275870092984
2006-11-03,0.0
2006-11-04,0.0
2006-11-05,0.0002761446782548366
2006-11-06,14.208707036643192
2006-11-07,26.52198860563081
2006-11-08,0.0
2006-11-09,0.0
2006-11-10,0.0008136526207792862
2006-11-11,4.73643239613237
2006-11-12,0.0
2006-11-13,0.003917992990142827
2006-11-14,5.74975323677063
2006-11-15,35.69510870966418
2006-11-16,3.1982917127938104
2006-11-17,0.0
2006-11-18,0.0
2006-11-19,0.0
2006-11-20,0.0
2006-11-21,0.3038938929294718
2006-11-22,0.3038938929294718
2006-11-23,0.3038938929294718
2006-11-24,0.3038938929294718
2006-11-25,0.3038938929294718
2006-11-26,0.0
2006-11-27,0.0
2006-11-28,0.02028136587990769
2006-11-29,0.16265481170909157
2006-11-30,0.9382141869643639
2006-12-01,2.7101554084440758
2006-12-02,0.0
2006-12-03,0.0
2006-12-04,0.0
2006-12-05,0.0
2006-12-06,0.0011981239478135932
2006-12-07,0.0702781327197264
2006-12-08,0.0
2006-12-09,0.0005079108081629563
2006-12-10,2.752589562843586
2006-12-11,0.0
2006-12-12,2.992696525529027
2006-12-13,0.03315446229856301
2006-12-14,0.00019596932510278843
2006-12-15,0.0
2006-12-16,0.002046695866236656
2006-12-17,0.0
2006-12-18,1.776942101018182
2006-12-19,0.0
2006-12-20,11.84043548847067
2006-12-21,34.77884312333732
2006-12-22,27.4454837667531
2006-12-23,0.0019895570836399265
2006-12-24,0.8181328054132133
2006-12-25,22.36531267494991
2006-12-26,1.333411064641229
2006-12-27,0.0
2006-12-28,0.00036871269172667685
2006-12-29,0.031390955478980624
2006-12-30,15.37196708547658
2006-12-31,80.94061068830818
2007-01-01,0.00010591623943363284
2007-01-02,0.0
2007-01-03,0.0
2007-01-04,10.38637766344794
2007-01-05,51.73204382534685
2007-01-06,0.16323154252664795
2007-01-07,3.9832766878193824
2007-01-08,0.0029165800098843618
2007-01-09,0.0
2007-01-10,0.0
2007-01-11,0.00010177587544854635
2007-01-12,0.37375250099034146
2007-01-13,0.008171705962640458
2007-01-14,0.04249673619352538
2007-01-15,3.1833836785678207
2007-01-16,19.722945016005944
2007-01-17,0.07513917655009648
2007-01-18,1.7454464620557324
2007-01-19,7.49624959353743
2007-01-20,0.00042718330976264233
2007-01-21,25.278024213067418
2007-01-22,7.522728443145752
2007-01-23,0.0
2007-01-24,0.3239026488415126
2007-01-25,0.0
2007-01-26,0.0
2007-01-27,13.796871185302734
2007-01-28,4.892002245475506
2007-01-29,0.0
2007-01-30,0.3376393549401185
2007-01-31,0.026755411884394186
2007-02-01,19.688822055685108
2007-02-02,0.17548452163564748
2007-02-03,0.0
2007-02-04,0.0
2007-02-05,0.0
2007-02-06,0.0
2007-02-07,0.0004891937745108815
2007-02-08,0.15192649988778706
2007-02-09,2.3623196420998407
2007-02-10,0.5673986498651833
2007-02-11,0.0
2007-02-12,0.000392542277856184
2007-02-13,20.105019109002477
2007-02-14,0.1270431655234304
2007-02-15,0.0009463739115744829
2007-02-16,0.0
2007-02-17,0.007091178187442109
2007-02-18,0.0004021206445157014
2007-02-19,0.0
2007-02-20,1.541752761807935
2007-02-21,3.6633507301067483
2007-02-22,0.0
2007-02-23,0.0
2007-02-24,0.7937666013323027
2007-02-25,15.389432249398068
2007-02-26,1.6386841987741405
2007-02-27,1.6386841987741405
2007-02-28,1.6386841987741405
2007-03-01,13.768906823520002
2007-03-02,0.026657878373075147
2007-03-03,0.0
2007-03-04,0.0
2007-03-05,0.0
2007-03-06,0.0
2007-03-07,0.0
2007-03-08,0.0
2007-03-09,0.0
2007-03-10,0.0
2007-03-11,0.0008285650727539805
2007-03-12,0.0
2007-03-13,0.28133659064769745
2007-03-14,2.807162120424468
2007-03-15,10.058497264467437
2007-03-16,2.4199166873405717
2007-03-17,0.0
2007-03-18,0.0
2007-03-19,0.0
2007-03-20,0.0
2007-03-21,0.7623874966440529
2007-03-22,0.11001434960755808
2007-03-23,0.0
2007-03-24,0.0
2007-03-25,0.1661418722621326
2007-03-26,0.0
2007-03-27,0.5591749322825464
2007-03-28,0.9141503366930731
2007-03-29,0.003683129401781179
2007-03-30,0.00616860282125658
2007-03-31,3.617951302692808
2007-04-01,32.35851623272074
2007-04-02,3.173297799866775
2007-04-03,4.846245375172845
2007-04-04,20.618936637352252
2007-04-05,0.0
2007-04-06,0.0015147498724500425
2007-04-07,0.0
2007-04-08,0.010833790549879959
2007-04-09,0.0
2007-04-10,1.6940301553956394
2007-04-11,2.7147857567359663
2007-04-12,0.0
2007-04-13,0.0
2007-04-14,31.98263595844137
2007-04-15,0.30021316275514404
2007-04-16,0.0
2007-04-17,0.0
2007-04-18,0.0
2007-04-19,0.0
2007-04-20,0.0
2007-04-21,0.0
2007-04-22,0.002637593334556782
2007-04-23,0.34697667637775687
2007-04-24,0.026497932504220254
2007-04-25,0.15626919333790912
2007-04-26,27.23796481099622
2007-04-27,0.0
2007-04-28,0.0
2007-04-29,0.0
2007-04-30,0.0
2007-05-01,0.0
2007-05-02,0.9109694793306548
2007-05-03,10.764630284802667
2007-05-04,14.028417159771097
2007-05-05,4.50582923560307
2007-05-06,0.0
2007-05-07,0.0
2007-05-08,0.0
2007-05-09,0.0
2007-05-10,0.0
2007-05-11,0.9627664767462631
2007-05-12,0.7637645283649708
2007-05-13,0.3822453700262925
2007-05-14,1.0864966701844643
2007-05-15,2.952880419533828
2007-05-16,4.894934699453157
2007-05-17,0.061069974454986894
2007-05-18,0.0
2007-05-19,0.0
2007-05-20,0.0
2007-05-21,0.0
2007-05-22,0.0
2007-05-23,0.0
2007-05-24,0.0
2007-05-25,0.0
2007-05-26,0.014820403355205881
2007-05-27,0.019092855172167564
2007-05-28,0.049008948086150764
2007-05-29,2.025988221168518
2007-05-30,10.368162549775223
2007-05-31,2.1317427589975555
2007-06-01,1.0471542421086082
2007-06-02,0.893247060220817
2007-06-03,4.525033161557954
2007-06-04,9.076056283095788
2007-06-05,0.01176203746481092
2007-06-06,0.3243447557605546
2007-06-07,2.5069467815859565
2007-06-08,3.9876669850842705
2007-06-09,2.686931088052947
2007-06-10,3.203143300681279
2007-06-11,0.005967618588454507
2007-06-12,0.00193294164662426
2007-06-13,2.294243878331678
2007-06-14,0.18349325266698824
2007-06-15,0.08059983115225773
2007-06-16,0.022939035062806618
2007-06-17,0.05451515559428211
2007-06-18,19.832935596334522
2007-06-19,23.146282985292633
2007-06-20,0.9662992494373486
2007-06-21,0.0
2007-06-22,0.0
2007-06-23,0.0
2007-06-24,4.5654311426754655
2007-06-25,0.34202938475485506
2007-06-26,1.1957205736945415
2007-06-27,3.423178743699501
2007-06-28,0.2385067576221351
2007-06-29,0.11589864991476824
2007-06-30,0.053292811117616704
2007-07-01,1.9247431518702671
2007-07-02,9.375760686808619
2007-07-03,10.391060927818561
2007-07-04,17.919552178218446
2007-07-05,9.366890266023834
2007-07-06,13.567059122282883
2007-07-07,23.155486863234948
2007-07-08,0.9014541897280463
2007-07-09,2.5764213389363784
2007-07-10,5.020890416770146
2007-07-11,5.048198457421927
2007-07-12,9.484807047350653
2007-07-13,8.326739113906335
2007-07-14,17.9122397981841
2007-07-15,41.14168206576643
2007-07-16,11.359193834765204
2007-07-17,1.1173140694355141
2007-07-18,0.8132272958755493
2007-07-19,5.698725733263739
2007-07-20,1.0723192118879021
2007-07-21,17.957819872889026
2007-07-22,0.1703201586316372
2007-07-23,1.8797652639191726
2007-07-24,2.111643754202744
2007-07-25,0.15448405670708623
2007-07-26,7.772460378449539
2007-07-27,1.924429881161657
2007-07-28,2.023267018383947
2007-07-29,5.290969429344966
2007-07-30,8.703943976040545
2007-07-31,12.285433999423322
2007-08-01,7.831282960957494
2007-08-02,4.136153870615466
2007-08-03,0.5895106735928305
2007-08-04,0.39762258529663086
2007-08-05,0.36728278573217066
2007-08-06,3.9031471959475814
2007-08-07,3.637135020617781
2007-08-08,1.9179299093525985
2007-08-09,0.3653181755337222
2007-08-10,0.11653753205860869
2007-08-11,0.9600335842576521
2007-08-12,0.9600335842576521
2007-08-13,0.9600335842576521
2007-08-14,0.9600335842576521
2007-08-15,0.9600335842576521
2007-08-16,0.0
2007-08-17,0.0
2007-08-18,0.0
2007-08-19,0.0
2007-08-20,0.0
2007-08-21,0.035763440910598326
2007-08-22,4.92297594660315e-05
2007-08-23,0.026980849015044755
2007-08-24,0.13492458570620108
2007-08-25,4.147883949608638
2007-08-26,5.160067550067244
2007-08-27,7.914502242515827
2007-08-28,7.235999485542035
2007-08-29,3.8769375620217157
2007-08-30,21.077325097445783
2007-08-31,2.2805202623893477
2007-09-01,8.352727742030703
2007-09-02,5.533232902658397
2007-09-03,16.083172699500775
2007-09-04,7.45279966551682
2007-09-05,0.018824975423771758
2007-09-06,1.1698154920134052
2007-09-07,6.428645970492528
2007-09-08,0.7297995365385351
2007-09-09,0.0011579425704910356
2007-09-10,0.10007922322457206
2007-09-11,3.863387107849121
2007-09-12,4.956291420706387
2007-09-13,11.535775973879058
2007-09-14,7.8586964771665375
2007-09-15,0.0
2007-09-16,0.3178192551793723
2007-09-17,0.3178192551793723
2007-09-18,0.3178192551793723
2007-09-19,0.3178192551793723
2007-09-20,0.3178192551793723
2007-09-21,0.2853338918809233
2007-09-22,7.154824289782294
2007-09-23,11.485718940866404
2007-09-24,11.79648915652571
2007-09-25,0.5225261891710347
2007-09-26,0.03325003952366011
2007-09-27,1.4562694882524425
2007-09-28,0.09987099764162097
2007-09-29,0.0
2007-09-30,0.0
2007-10-01,0.0
2007-10-02,0.0
2007-10-03,0.03020583709766125
2007-10-04,0.28481904597117985
2007-10-05,0.6664999435687887
2007-10-06,0.26217452976210365
2007-10-07,0.9921547883543474
2007-10-08,1.1139379883634632
2007-10-09,2.6189716807727157
2007-10-10,0.00017383030278543974
2007-10-11,0.0
2007-10-12,0.0
2007-10-13,0.0
2007-10-14,0.0
2007-10-15,1.632081048241977
2007-10-16,1.191779483366629
2007-10-17,4.426637485109526
2007-10-18,12.651434043358112
2007-10-19,4.764574371535202
2007-10-20,0.0
2007-10-21,0.0
2007-10-22,20.96249399514034
2007-10-23,27.232578606441102
2007-10-24,2.4635866674883613
2007-10-25,1.6378321277684178
2007-10-26,0.9229365479329537
2007-10-27,0.05768755065469906
2007-10-28,0.05768755065469906
2007-10-29,0.05768755065469906
2007-10-30,0.06122359742635283
2007-10-31,0.062087894674262095
2007-11-01,0.3495855177270955
2007-11-02,0.3495855177270955
2007-11-03,0.3495855177270955
2007-11-04,0.3495855177270955
2007-11-05,0.3495855177270955
2007-11-06,0.0
2007-11-07,0.0
2007-11-08,0.0
2007-11-09,0.7188881851475815
2007-11-10,0.9472494577539379
2007-11-11,0.023990208668441607
2007-11-12,0.0003570971633147063
2007-11-13,0.17340065204891666
2007-11-14,0.2851235496586767
2007-11-15,2.4439876572839143
2007-11-16,0.0
2007-11-17,0.00041686216580524946
2007-11-18,4.799057894739612
2007-11-19,0.1502988451513751
2007-11-20,0.0067730731539556695
2007-11-21,5.884484340404642
2007-11-22,2.4713495188745958
2007-11-23,1.9707497831048637
2007-11-24,1.0579537646523838
2007-11-25,9.973027804802204
2007-11-26,31.349462574925916
2007-11-27,0.0
2007-11-28,0.0
2007-11-29,0.007081266974323782
2007-11-30,0.0
2007-12-01,0.0003998660503039618
2007-12-02,0.8470473708263759
2007-12-03,0.32795788919360475
2007-12-04,0.0
2007-12-05,0.0
2007-12-06,0.0
2007-12-07,0.03453633275910698
2007-12-08,1.104473420258226
2007-12-09,2.028055603134221
2007-12-10,0.1375486203308763
2007-12-11,0.016595268922111276
2007-12-12,0.268316767692309
2007-12-13,0.47792542472096355
2007-12-14,0.002822186803878767
2007-12-15,0.414962818340302
2007-12-16,0.0798602872367563
2007-12-17,0.0
2007-12-18,0.30770649298511704
2007-12-19,0.9351003930486482
2007-12-20,15.84997847984577
2007-12-21,3.2594901693278344
2007-12-22,0.8061825982455549
2007-12-23,40.716757215302565
2007-12-24,0.0
2007-12-25,0.0
2007-12-26,3.4083775816292596
2007-12-27,11.764030522313611
2007-12-28,5.578249076317096
2007-12-29,0.0010353552532815855
2007-12-30,24.598070539277174
2007-12-31,0.000159342196952664
2008-01-01,0.0
2008-01-02,0.0
2008-01-03,0.0
2008-01-04,0.0
2008-01-05,0.41183065584507483
2008-01-06,0.3083609712534937
2008-01-07,0.04732323617770754
2008-01-08,0.6734915725116072
2008-01-09,10.417896944901038
2008-01-10,5.686700607168263
2008-01-11,21.146619780310267
2008-01-12,0.0
2008-01-13,0.0
2008-01-14,0.0
2008-01-15,0.0
2008-01-16,28.430230699736498
2008-01-17,0.9183836229916277
2008-01-18,0.022245985295238167
2008-01-19,24.262927285556135
2008-01-20,0.0
2008-01-21,0.0
2008-01-22,1.3235240753354698
2008-01-23,0.9593856776582783
2008-01-24,4.848741424494777
2008-01-25,0.4992349075859991
2008-01-26,28.838636792939283
2008-01-27,0.24538605428975205
2008-01-28,0.0
2008-01-29,7.892353057861328
2008-01-30,8.020119634167902
2008-01-31,17.732634807455128
2008-02-01,10.06593737931087
2008-02-02,0.0
2008-02-03,1.6588117326128071
2008-02-04,0.7971505759091213
2008-02-05,1.5053526882467598
2008-02-06,5.6933921123373095
2008-02-07,0.0
2008-02-08,0.0
2008-02-09,0.001930522270789691
2008-02-10,0.0
2008-02-11,0.019435495973147195
2008-02-12,14.885926542610958
2008-02-13,8.525829463169492
2008-02-14,0.0
2008-02-15,0.5257450886841478
2008-02-16,3.2439853240703713
2008-02-17,24.89656527289029
2008-02-18,0.0
2008-02-19,0.0
2008-02-20,0.0
2008-02-21,22.52341625608247
2008-02-22,18.813280533099995
2008-02-23,0.07114242158573249
2008-02-24,0.05991795692785547
2008-02-25,0.0028841947004648633
2008-02-26,18.01812533674569
2008-02-27,0.0
2008-02-28,0.0
2008-02-29,1.4762588533861885
2008-03-01,2.617263859715955
2008-03-02,0.00013999124825329938
2008-03-03,2.9978774498248923
2008-03-04,43.78890136192585
2008-03-05,0.0
2008-03-06,0.00016068345826954162
2008-03-07,17.055326757759882
2008-03-08,0.7144798728926428
2008-03-09,0.0
2008-03-10,0.0028671522982065276
2008-03-11,4.845322983018283
2008-03-12,0.0
2008-03-13,0.0
2008-03-14,0.6413039791172949
2008-03-15,0.21802487275723753
2008-03-16,0.0
2008-03-17,0.0
2008-03-18,1.457704221380168
2008-03-19,11.208025488360175
2008-03-20,0.0
2008-03-21,0.0
2008-03-22,0.0
2008-03-23,0.0
2008-03-24,0.0
2008-03-25,0.0
2008-03-26,0.01741702464441287
2008-03-27,0.0
2008-03-28,0.08563908774020343
2008-03-29,0.625304056652661
2008-03-30,0.0805793949242296
2008-03-31,0.2654672362681093
2008-04-01,7.65775257965614
2008-04-02,1.9882535235635166
2008-04-03,0.936852607233771
2008-04-04,5.999497471184566
2008-04-05,28.160239712945348
2008-04-06,0.0
2008-04-07,0.0
2008-04-08,0.0
2008-04-09,0.0
2008-04-10,0.0
2008-04-11,2.15082887123371
2008-04-12,0.03946902515398788
2008-04-13,0.020922368874066864
2008-04-14,0.02549466853640203
2008-04-15,0.0
2008-04-16,0.0
2008-04-17,0.0
2008-04-18,4.207372422876029
2008-04-19,8.266686760146042
2008-04-20,0.0
2008-04-21,0.0
2008-04-22,0.5553626435134431
2008-04-23,0.003842027936178934
2008-04-24,0.007906209924338579
2008-04-25,1.5684566466972745
2008-04-26,7.162404520758267
2008-04-27,28.612755413713128
2008-04-28,0.28560585657070425
2008-04-29,0.0
2008-04-30,0.0
2008-05-01,0.2854265930323765
2008-05-02,5.048164384118442
2008-05-03,33.69180560934132
2008-05-04,0.0
2008-05-05,0.0
2008-05-06,0.0
2008-05-07,0.0017243865275241692
2008-05-08,0.08356722649829142
2008-05-09,0.0007071057414828703
2008-05-10,0.00034904791491812673
2008-05-11,1.9999559583335087
2008-05-12,0.0
2008-05-13,0.26155319938371924
2008-05-14,0.5169989993346149
2008-05-15,39.75179488083412
2008-05-16,15.64846998247607
2008-05-17,0.019999527179732406
2008-05-18,0.3122760233437193
2008-05-19,0.0
2008-05-20,8.813786005151682
2008-05-21,0.42903190234611777
2008-05-22,3.521811740151767
2008-05-23,9.034035501808956
2008-05-24,1.3534509683477467
2008-05-25,1.7396657425781776
2008-05-26,3.9999570435491103
2008-05-27,0.7734852659291235
2008-05-28,0.3925965531118985
2008-05-29,0.6053414262574295
2008-05-30,0.004897331236861646
2008-05-31,0.13963309367155208
2008-06-01,2.027896794779547
2008-06-02,0.6839673668146133
2008-06-03,0.2414517613320515
2008-06-04,0.9254901429702496
2008-06-05,0.6411290276667168
2008-06-06,0.23523613155401987
2008-06-07,0.09148188034907498
2008-06-08,0.9176307125338192
2008-06-09,4.157358942360713
2008-06-10,0.5261148990228258
2008-06-11,4.768856961151649
2008-06-12,2.496895979190695
2008-06-13,4.457463165809369
2008-06-14,7.154694871655826
2008-06-15,6.014841984058249
2008-06-16,1.3692618721518024
2008-06-17,1.3238412974209621
2008-06-18,3.619094199147718
2008-06-19,0.0
2008-06-20,1.0765564780810783
2008-06-21,9.826804506367651
2008-06-22,0.12486455290265189
2008-06-23,0.0
2008-06-24,1.40147285728619
2008-06-25,6.091902749291782
2008-06-26,6.416522001398021
2008-06-27,4.783100868093556
2008-06-28,9.622732030934301
2008-06-29,8.459359448531579
2008-06-30,1.2157229082337742
2008-07-01,0.0
2008-07-02,5.958212819552563e-06
2008-07-03,0.3082196215360329
2008-07-04,0.776748676752222
2008-07-05,0.6539113994302421
2008-07-06,0.9485193239203815
2008-07-07,1.4862215858081291
2008-07-08,0.759506540051822
2008-07-09,2.5969288780771453
2008-07-10,4.798520836336859
2008-07-11,0.3766946856831682
2008-07-12,0.28137153926594505
2008-07-13,0.09931668279499843
2008-07-14,0.26441028611413364
2008-07-15,0.007432922480049832
2008-07-16,0.004204433770139766
2008-07-17,0.13666013947985103
2008-07-18,0.16290946544051685
2008-07-19,0.1111242219962276
2008-07-20,0.020933446070934034
2008-07-21,0.09445255211201208
2008-07-22,1.408528354661218
2008-07-23,4.485504413473195
2008-07-24,0.31819190084934235
2008-07-25,2.357204790773063
2008-07-26,7.664982614846065
2008-07-27,2.8961262415195335
2008-07-28,2.7696500523337004
2008-07-29,7.585087069149675
2008-07-30,11.253755964081863
2008-07-31,7.7118762937085386
2008-08-01,5.125259103446171
2008-08-02,2.539283816156716
2008-08-03,3.532052755355835
2008-08-04,0.15503828355978275
2008-08-05,0.10363954485490404
2008-08-06,0.9517973281186203
2008-08-07,6.031253395409419
2008-08-08,9.618310435064908
2008-08-09,0.0
2008-08-10,0.5950878884257942
2008-08-11,44.81035771863214
2008-08-12,45.17373354681607
2008-08-13,20.0102921189933
2008-08-14,0.4579760380860033
2008-08-15,2.0295934677124023
2008-08-16,15.56009762862633
2008-08-17,10.009473159395416
2008-08-18,1.5609419284195736
2008-08-19,6.000690402655766
2008-08-20,2.1764182468940474
2008-08-21,0.0
2008-08-22,0.0
2008-08-23,0.0
2008-08-24,0.0
2008-08-25,0.0
2008-08-26,0.16076298083724647
2008-08-27,0.181309609320657
2008-08-28,0.2770344851345852
2008-08-29,0.09520775529331174
2008-08-30,0.293418244683537
2008-08-31,1.0896466086650718
2008-09-01,22.499546938929065
2008-09-02,69.31784215466729
2008-09-03,9.703375602590627
2008-09-04,11.99040860143201
2008-09-05,6.157013120322392
2008-09-06,2.194982960306365
2008-09-07,0.13329844022619314
2008-09-08,1.962770231838884
2008-09-09,2.675821534518538
2008-09-10,1.2045153235567028
2008-09-11,0.05646301921585511
2008-09-12,1.5369718496141762
2008-09-13,0.8655130292834907
2008-09-14,3.635337262318052
2008-09-15,5.711194852302814
2008-09-16,4.664077303083292e-05
2008-09-17,0.0
2008-09-18,0.05052681196609448
2008-09-19,2.0304374612610916
2008-09-20,5.995186049362709
2008-09-21,4.705148951760654
2008-09-22,0.006412765765883799
2008-09-23,0.6936914694720301
2008-09-24,0.0
2008-09-25,0.0
2008-09-26,0.0
2008-09-27,0.0
2008-09-28,0.03045988853635459
2008-09-29,1.2742156016415562
2008-09-30,0.008645412544238156
2008-10-01,0.0031705902054392056
2008-10-02,0.0031705902054392056
2008-10-03,0.0031705902054392056
2008-10-04,1.0664362414129849
2008-10-05,0.020219467708776737
2008-10-06,0.5523490176118654
2008-10-07,6.438922898522739
2008-10-08,21.45763975998451
2008-10-09,0.0
2008-10-10,0.0048756233882158995
2008-10-11,0.1547358313511158
2008-10-12,1.0301224507134537
2008-10-13,0.7568275661304079
2008-10-14,0.01720357405278703
2008-10-15,0.0
2008-10-16,0.00038455655107852714
2008-10-17,1.5890783852544323
2008-10-18,7.5928781935262715e-06
2008-10-19,0.0
2008-10-20,0.0
2008-10-21,0.0
2008-10-22,0.08630104748339489
2008-10-23,4.2134397194303315
2008-10-24,4.848368472066419
2008-10-25,0.0
2008-10-26,0.19536250418630138
2008-10-27,0.19536250418630138
2008-10-28,0.19536250418630138
2008-10-29,0.19536250418630138
2008-10-30,0.19536250418630138
2008-10-31,0.19536250418630138
2008-11-01,0.35049943882843543
2008-11-02,0.35049943882843543
2008-11-03,0.35049943882843543
2008-11-04,0.35049943882843543
2008-11-05,0.35049943882843543
2008-11-06,0.00016838602484846166
2008-11-07,2.683202784636925
2008-11-08,0.0
2008-11-09,0.0
2008-11-10,0.0
2008-11-11,1.0692173263122295
2008-11-12,11.100625531426791
2008-11-13,0.10626541913069527
2008-11-14,3.796659305177886
2008-11-15,8.327670656401535
2008-11-16,0.34173201898048666
2008-11-17,0.34173201898048666
2008-11-18,0.34173201898048666
2008-11-19,0.34173201898048666
2008-11-20,0.34173201898048666
2008-11-21,0.02282433179688865
2008-11-22,0.0
2008-11-23,0.3180687365860775
2008-11-24,12.24859780278699
2008-11-25,0.7216591346880485
2008-11-26,0.0
2008-11-27,1.0750526292570706
2008-11-28,46.70638682924468
2008-11-29,22.41468041518639
2008-11-30,12.542159721769135
2008-12-01,0.4777567921013668
2008-12-02,0.0
2008-12-03,0.0
2008-12-04,18.236195005219557
2008-12-05,0.002175000664810168
2008-12-06,0.0
2008-12-07,0.0
2008-12-08,0.0
2008-12-09,3.8389576879040948
2008-12-10,43.814006936961206
2008-12-11,55.02528565505455
2008-12-12,0.0004266516660773677
2008-12-13,0.0
2008-12-14,0.2649861163106458
2008-12-15,2.991493319642955
2008-12-16,0.26029175263026666
2008-12-17,0.037757688707768404
2008-12-18,0.01894391398347015
2008-12-19,0.009600243386651936
2008-12-20,0.0120102949761625
2008-12-21,1.313417370977073
2008-12-22,0.0
2008-12-23,0.00026430069054436775
2008-12-24,1.7113912537180145
2008-12-25,1.0339574669969493
2008-12-26,2.8776531651102264
2008-12-27,3.810047579222712
2008-12-28,11.862914858193234
2008-12-29,8.663188083418484
2008-12-30,0.0
2008-12-31,0.0
2009-01-01,0.0
2009-01-02,6.684358892769649
2009-01-03,6.152081834858861
2009-01-04,8.752712085329254
2009-01-05,12.775851808745285
2009-01-06,26.80310920189167
2009-01-07,6.026316692089212
2009-01-08,0.0
2009-01-09,0.0
2009-01-10,5.514665661187007
2009-01-11,5.111068174756807
2009-01-12,0.0
2009-01-13,0.0
2009-01-14,0.0
2009-01-15,0.0
2009-01-16,0.0
2009-01-17,0.0014865050596136857
2009-01-18,4.53757146309162
2009-01-19,0.0
2009-01-20,0.0
2009-01-21,0.0
2009-01-22,0.0
2009-01-23,0.00017307573078392908
2009-01-24,0.3667951227519019
2009-01-25,0.08671270863249383
2009-01-26,0.18245455776822977
2009-01-27,0.7054029805906887
2009-01-28,4.166019324598642
2009-01-29,0.0030181219104821956
2009-01-30,0.0
2009-01-31,0.0
2009-02-01,0.0021231800863712
2009-02-02,6.948881691899793
2009-02-03,0.0
2009-02-04,0.0
2009-02-05,0.0
2009-02-06,0.0
2009-02-07,0.00025374442740375624
2009-02-08,0.03831853730411365
2009-02-09,0.32243310942732056
2009-02-10,4.53637171613759
2009-02-11,2.148125097669404
2009-02-12,0.0
2009-02-13,16.038687738878973
2009-02-14,22.72901100947939
2009-02-15,4.522752276782332
2009-02-16,0.0
2009-02-17,1.3379642552342907
2009-02-18,2.101218762068913
2009-02-19,0.5774481347922621
2009-02-20,0.0
2009-02-21,0.004689799557472098
2009-02-22,0.35375238980712564
2009-02-23,0.0
2009-02-24,0.0
2009-02-25,0.03711967157392666
2009-02-26,0.3794403374195099
2009-02-27,2.3632111878230653
2009-02-28,7.978625823711527
2009-03-01,0.0
2009-03-02,0.0
2009-03-03,0.0
2009-03-04,0.0
2009-03-05,0.0
2009-03-06,0.0
2009-03-07,0.0
2009-03-08,0.0
2009-03-09,0.0
2009-03-10,0.0
2009-03-11,0.3774383448321244
2009-03-12,0.1478265547033014
2009-03-13,7.489196711573108
2009-03-14,28.627730731306404
2009-03-15,15.553619187453698
2009-03-16,23.2336032801661
2009-03-17,0.09495433317176227
2009-03-18,0.0
2009-03-19,0.0001274842782957672
2009-03-20,0.0
2009-03-21,0.0
2009-03-22,0.0
2009-03-23,0.02970339133050935
2009-03-24,0.3627926368137886
2009-03-25,14.751418311020423
2009-03-26,59.44139651594491
2009-03-27,93.58828603810278
2009-03-28,22.601261336227942
2009-03-29,0.0
2009-03-30,0.0
2009-03-31,4.118528842926025
2009-04-01,2.3055201275595305
2009-04-02,8.877086902486868
2009-04-03,0.0957848396601862
2009-04-04,0.004117894805325517
2009-04-05,5.9455148104963635
2009-04-06,0.0
2009-04-07,0.0
2009-04-08,0.0
2009-04-09,0.0
2009-04-10,0.0
2009-04-11,4.1546962416634476e-05
2009-04-12,5.679943216258082
2009-04-13,70.570773552204
2009-04-14,8.520490547706341
2009-04-15,0.0
2009-04-16,0.0
2009-04-17,0.5243766256447496
2009-04-18,1.425475523389619
2009-04-19,19.441228537723937
2009-04-20,0.3299176633871835
2009-04-21,0.097209174057533
2009-04-22,0.02735851884915911
2009-04-23,0.0
2009-04-24,0.0
2009-04-25,0.00010780494053976546
2009-04-26,0.0021515974778971024
2009-04-27,0.00781988040222947
2009-04-28,0.10170992052760618
2009-04-29,0.019832236792667414
2009-04-30,2.757374132501668
2009-05-01,0.25946325166472073
2009-05-02,0.14526881508786102
2009-05-03,6.156771968150961
2009-05-04,46.060367847311085
2009-05-05,6.682974922245946
2009-05-06,4.988240792833525
2009-05-07,5.323646981140663
2009-05-08,0.06298660397015769
2009-05-09,0.05730841597863313
2009-05-10,0.25015480919130917
2009-05-11,9.7683592829211
2009-05-12,15.555852528276114
2009-05-13,11.016835360691465
2009-05-14,2.8034802387500632
2009-05-15,9.319257275811557
2009-05-16,10.241772421475115
2009-05-17,18.796962540725183
2009-05-18,1.326959242980028e-05
2009-05-19,0.0
2009-05-20,6.934693311481608e-05
2009-05-21,0.5323575108215727
2009-05-22,6.004473028511836
2009-05-23,23.19240195175697
2009-05-24,9.083147312032766
2009-05-25,4.516058510747449
2009-05-26,1.7157121156824047
2009-05-27,3.8587814528366615
2009-05-28,0.2850072931112914
2009-05-29,0.17396418621827817
2009-05-30,0.004525824365655667
2009-05-31,0.0
2009-06-01,0.07887768360047505
2009-06-02,0.046551722487242056
2009-06-03,0.3086050407126032
2009-06-04,5.3949488606946225
2009-06-05,1.1283228859819214
2009-06-06,0.0
2009-06-07,0.0
2009-06-08,0.0
2009-06-09,0.6210213426885933
2009-06-10,0.0
2009-06-11,0.0053229188317722035
2009-06-12,0.19521822292229224
2009-06-13,0.018166004166263957
2009-06-14,0.10783239890789163
2009-06-15,0.5559335916206755
2009-06-16,0.016688639314138685
2009-06-17,0.0
2009-06-18,0.008494681133768233
2009-06-19,0.00562368246630348
2009-06-20,0.3832487823634312
2009-06-21,0.056265480045614574
2009-06-22,0.01676984030978176
2009-06-23,0.06109461052230848
2009-06-24,2.4797876415581537
2009-06-25,0.0010620804527645994
2009-06-26,0.07344640760907326
2009-06-27,0.006647595968137592
2009-06-28,0.009849788334044018
2009-06-29,1.8604165608512944
2009-06-30,0.0031413600442866826
2009-07-01,8.380553556670402e-05
2009-07-02,7.737061040925568e-05
2009-07-03,0.0
2009-07-04,0.020428848677668077
2009-07-05,0.0006704442845336322
2009-07-06,17.97400346295587
2009-07-07,2.7435109779752533
2009-07-08,0.8887014851487917
2009-07-09,0.005272350174671938
2009-07-10,0.001694134508805542
2009-07-11,0.26289697916343296
2009-07-12,7.070684580967344
2009-07-13,0.746036342505751
2009-07-14,14.524375718215417
2009-07-15,5.341467372302351
2009-07-16,6.994270341149692
2009-07-17,9.853065967559814
2009-07-18,0.3248390239374391
2009-07-19,0.006815975465699388
2009-07-20,0.010349209524755335
2009-07-21,0.11849278494201858
2009-07-22,13.815882271733777
2009-07-23,1.8931300516786247
2009-07-24,0.0
2009-07-25,0.0029168126016758896
2009-07-26,0.12469584636133292
2009-07-27,6.144121844193031
2009-07-28,10.884178786442197
2009-07-29,3.684555037268277
2009-07-30,8.560534904743063
2009-07-31,9.701367542661469
2009-08-01,13.703746960080903
2009-08-02,8.600145668819033
2009-08-03,1.0415221329393058
2009-08-04,0.27083804355613117
2009-08-05,1.0076958393228466
2009-08-06,1.1724485857733364
2009-08-07,0.07658496653211527
2009-08-08,1.5909690404760426
2009-08-09,1.8973450002999142
2009-08-10,1.4599876033848729
2009-08-11,7.335884406648833
2009-08-12,0.7463251002903643
2009-08-13,0.12238789581019303
2009-08-14,0.12608788239544835
2009-08-15,0.5272562945711201
2009-08-16,0.7117466885468056
2009-08-17,1.6202484965324402
2009-08-18,4.637734125400412
2009-08-19,0.8137060480898824
2009-08-20,9.447068872122928
2009-08-21,14.652830156786688
2009-08-22,7.016870572649199
2009-08-23,0.0
2009-08-24,0.0
2009-08-25,0.029748400560869224
2009-08-26,0.0005378874567245005
2009-08-27,0.9908629080344891
2009-08-28,0.39007020844467755
2009-08-29,0.2148703033554143
2009-08-30,7.065482895949791
2009-08-31,0.2127803538379998
2009-09-01,0.010084210708335942
2009-09-02,0.004500508857619997
2009-09-03,0.16587410790139231
2009-09-04,0.3414526517535078
2009-09-05,2.3168499099797217
2009-09-06,19.76886430279962
2009-09-07,1.2215509065266312
2009-09-08,4.607721369842003
2009-09-09,1.6951708834746788
2009-09-10,1.7331776454530914
2009-09-11,5.55758417063746
2009-09-12,11.445007685957284
2009-09-13,8.181840617081214
2009-09-14,23.485218903114056
2009-09-15,3.944496820712912
2009-09-16,12.62749195098877
2009-09-17,8.346029922879975
2009-09-18,12.427606977265457
2009-09-19,4.061957277100662
2009-09-20,8.395520193823453
2009-09-21,6.9776820972048
2009-09-22,12.68150178317366
2009-09-23,7.325995971416605
2009-09-24,1.7982751336590996
2009-09-25,7.531374569596915
2009-09-26,15.046864789107751
2009-09-27,0.051159221229368244
2009-09-28,0.32453812042187
2009-09-29,0.0011962915947339658
2009-09-30,0.0
2009-10-01,0.0
2009-10-02,22.772949317405963
2009-10-03,0.03593609950119822
2009-10-04,12.290100656706711
2009-10-05,6.881635476802957
2009-10-06,0.41855867720883466
2009-10-07,1.0599726387139023
2009-10-08,0.26525777989420396
2009-10-09,2.4622466214771928
2009-10-10,5.03939084760074
2009-10-11,3.7710873751804748
2009-10-12,15.305344548718683
2009-10-13,6.8431572914123535
2009-10-14,25.320125974457838
2009-10-15,11.5780788947796
2009-10-16,22.51085033087895
2009-10-17,0.0
2009-10-18,0.0
2009-10-19,0.0
2009-10-20,0.0
2009-10-21,4.433787862894703e-06
2009-10-22,0.6711313806731125
2009-10-23,9.955947514238028
2009-10-24,0.0
2009-10-25,0.0
2009-10-26,0.0
2009-10-27,14.855937332942569
2009-10-28,0.002793634426780045
2009-10-29,1.2007279519377083
2009-10-30,6.545648854354332
2009-10-31,10.968435599886138
2009-11-01,0.36339173029209004
2009-11-02,0.36339173029209004
2009-11-03,0.36339173029209004
2009-11-04,0.36339173029209004
2009-11-05,0.36339173029209004
2009-11-06,0.0
2009-11-07,0.0
2009-11-08,0.0
2009-11-09,0.5912444067412409
2009-11-10,29.616843651080952
2009-11-11,0.45830856315020857
2009-11-12,0.4526230898396722
2009-11-13,0.4526230898396722
2009-11-14,0.4526230898396722
2009-11-15,0.4526230898396722
2009-11-16,0.3181293471876917
2009-11-17,3.2488462349464156
2009-11-18,0.0
2009-11-19,0.0
2009-11-20,0.0
2009-11-21,4.69608265778114
2009-11-22,8.672607306776376
2009-11-23,0.29884047138279884
2009-11-24,0.03147826729149654
2009-11-25,0.006470669200944971
2009-11-26,0.0
2009-11-27,0.0
2009-11-28,0.22343063405875502
2009-11-29,0.24101093103145732
2009-11-30,7.1453822234581255
2009-12-01,14.179738472247946
2009-12-02,25.45494086166908
2009-12-03,0.29147004567343615
2009-12-04,0.19538841024041176
2009-12-05,5.852201231594743
2009-12-06,0.0
2009-12-07,10.68542949084578
2009-12-08,25.188948762827906
2009-12-09,13.27499008178711
2009-12-10,0.0
2009-12-11,0.0
2009-12-12,52.48872796420393
2009-12-13,41.57476418593834
2009-12-14,4.196836307131011
2009-12-15,32.45390845989359
2009-12-16,0.010839216354913238
2009-12-17,0.8816056991445607
2009-12-18,76.72611604887864
2009-12-19,0.0
2009-12-20,0.0
2009-12-21,0.0
2009-12-22,0.0
2009-12-23,0.08706367314504139
2009-12-24,43.472022352547484
2009-12-25,1.6844558715820312
2009-12-26,0.0
2009-12-27,0.09265266891954274
2009-12-28,0.0
2009-12-29,0.0
2009-12-30,18.677682810816272
2009-12-31,6.613426011184166
2010-01-01,0.13638118217731343
2010-01-02,0.0
2010-01-03,0.0
2010-01-04,8.260238158480457e-05
2010-01-05,0.0
2010-01-06,0.0
2010-01-07,5.809784395941373
2010-01-08,0.05046933668802075
2010-01-09,0.0
2010-01-10,0.0
2010-01-11,0.04684450413132536
2010-01-12,0.04684450413132536
2010-01-13,0.04684450413132536
2010-01-14,3.3119271294824006
2010-01-15,0.04684450413132536
2010-01-16,18.358309449820684
2010-01-17,7.526582602796884
2010-01-18,2.5637905466659315e-06
2010-01-19,3.5091577768165234e-05
2010-01-20,4.723548494536301
2010-01-21,22.564793882698847
2010-01-22,0.0
2010-01-23,0.306394064734722
2010-01-24,38.012686367692616
2010-01-25,0.01198870964059285
2010-01-26,0.0
2010-01-27,0.0
2010-01-28,0.0
2010-01-29,13.897589091596933
2010-01-30,11.961405754089355
2010-01-31,0.0
2010-02-01,1.1588226823971188
2010-02-02,3.0237701596884894
2010-02-03,0.0
2010-02-04,55.7567630636281
2010-02-05,31.872187186931743
2010-02-06,0.05252235909474307
2010-02-07,0.0006630434433865393
2010-02-08,0.000986691427834589
2010-02-09,8.820436855842328
2010-02-10,0.0
2010-02-11,0.12174348533153534
2010-02-12,17.98473647545124
2010-02-13,0.0
2010-02-14,0.4441835140359813
2010-02-15,7.429800691275761
2010-02-16,0.30816259569135207
2010-02-17,0.30816259569135207
2010-02-18,0.30816259569135207
2010-02-19,0.30816259569135207
2010-02-20,0.30816259569135207
2010-02-21,0.41717647838181465
2010-02-22,16.14880657196045
2010-02-23,0.06829296855320191
2010-02-24,3.1498822097120613
2010-02-25,0.0
2010-02-26,0.19297067885254993
2010-02-27,14.624442692460685
2010-02-28,0.0
2010-03-01,18.74046328972126
2010-03-02,31.383895808252795
2010-03-03,0.0
2010-03-04,0.0
2010-03-05,0.0
2010-03-06,0.0
2010-03-07,0.0
2010-03-08,0.07384555260169096
2010-03-09,11.17756961954051
2010-03-10,24.425886680339946
2010-03-11,4.00616718160695
2010-03-12,1.0524554273177837
2010-03-13,0.0007550209546903277
2010-03-14,0.0
2010-03-15,0.0
2010-03-16,5.720649115291649e-05
2010-03-17,3.258827176587335
2010-03-18,1.349876173611345
2010-03-19,0.0
2010-03-20,2.80776125809242
2010-03-21,6.185990522647726
2010-03-22,0.012860368897110737
2010-03-23,0.0
2010-03-24,1.2337947015927558e-05
2010-03-25,2.1117002717379867
2010-03-26,0.0
2010-03-27,0.0
2010-03-28,0.9110129023420399
2010-03-29,1.6199443813028007
2010-03-30,0.0
2010-03-31,0.0
2010-04-01,0.0
2010-04-02,2.850751103512172e-05
2010-04-03,17.333485208708666
2010-04-04,0.008756935203062564
2010-04-05,0.004246446737569982
2010-04-06,0.0
2010-04-07,0.06509361589520142
2010-04-08,11.191366384769308
2010-04-09,0.0
2010-04-10,0.0
2010-04-11,0.0
2010-04-12,0.0
2010-04-13,0.0
2010-04-14,0.20024861549508982
2010-04-15,0.010239828257532469
2010-04-16,0.014387430518801356
2010-04-17,7.274294806973494e-05
2010-04-18,0.022891419827295787
2010-04-19,0.26705713493042976
2010-04-20,0.8889138672886223
2010-04-21,0.0
2010-04-22,0.00983552498831253
2010-04-23,6.96296134488336
2010-04-24,8.989712172541125
2010-04-25,0.013841193899961895
2010-04-26,0.0
2010-04-27,0.1236478655502714
2010-04-28,0.0
2010-04-29,0.0
2010-04-30,0.902164666817106
2010-05-01,0.5448620409287256
2010-05-02,0.8327136810483604
2010-05-03,0.44452931218106173
2010-05-04,0.00011921783679381719
2010-05-05,0.0
2010-05-06,0.0
2010-05-07,0.12107347562138376
2010-05-08,8.26192410238858
2010-05-09,1.2888254245807385
2010-05-10,1.9551006062277432
2010-05-11,0.18393937832322613
2010-05-12,0.20555586200849763
2010-05-13,0.20323293167969275
2010-05-14,0.0
2010-05-15,4.8198524261343065
2010-05-16,35.42866114912362
2010-05-17,2.8548351197407165
2010-05-18,11.987339184201996
2010-05-19,9.380200928655164
2010-05-20,19.706223586509967
2010-05-21,2.673445626579482
2010-05-22,0.7281608951502833
2010-05-23,0.2573604796338698
2010-05-24,0.4671003967523575
2010-05-25,1.7714576883048847
2010-05-26,0.2832549409619693
2010-05-27,0.15650456629950424
2010-05-28,1.1667076400641738
2010-05-29,1.2626460636484211
2010-05-30,2.8447772675547105
2010-05-31,1.8070595613841354
2010-06-01,8.00578313038267
2010-06-02,6.5035298692769015
2010-06-03,9.027728080749512
2010-06-04,6.584482192993164
2010-06-05,5.594097301877778
2010-06-06,1.3545657170229946
2010-06-07,0.17531370114663553
2010-06-08,0.5069035723291594
2010-06-09,4.059000936047784
2010-06-10,0.4990444984929315
2010-06-11,0.8565497686123026
2010-06-12,0.016030355083659804
2010-06-13,0.06902562968175986
2010-06-14,2.3948481987262595
2010-06-15,3.1211128111543327
2010-06-16,8.675838010064487
2010-06-17,9.555295385163406
2010-06-18,8.589193524985477
2010-06-19,2.2338718956914443
2010-06-20,1.3637562476355454
2010-06-21,0.5035853740389876
2010-06-22,1.4340708783731377
2010-06-23,0.646157791003071
2010-06-24,0.1566647414985145
2010-06-25,0.27016806170938473
2010-06-26,0.011568538338780916
2010-06-27,0.2531250273359233
2010-06-28,6.236467328564874
2010-06-29,0.875503698299671
2010-06-30,2.8417694404207428
2010-07-01,1.8764445473407876
2010-07-02,2.0006220679858635
2010-07-03,0.021766459738940064
2010-07-04,0.0006559462742408304
2010-07-05,4.130431241002576
2010-07-06,3.4332554155382615
2010-07-07,0.11105314282507732
2010-07-08,0.03274674655805374
2010-07-09,0.2662241738931886
2010-07-10,0.5111693364792856
2010-07-11,0.06602232980317083
2010-07-12,0.007234376758850854
2010-07-13,8.870239905483122e-05
2010-07-14,0.0
2010-07-15,4.860320116457497e-06
2010-07-16,6.520953326389708
2010-07-17,18.662229768161115
2010-07-18,15.610599024542447
2010-07-19,1.509758369675998
2010-07-20,0.5594728208821396
2010-07-21,0.4014576909870937
2010-07-22,1.9567588079271133e-05
2010-07-23,0.0003354571486726917
2010-07-24,9.738575507854593
2010-07-25,16.77644838135818
2010-07-26,7.376852187617072
2010-07-27,14.634159606078576
2010-07-28,1.8324789240442474
2010-07-29,1.7618312506840146
2010-07-30,0.619297604622512
2010-07-31,0.0
2010-08-01,0.004737769426167782
2010-08-02,4.213041971469748
2010-08-03,4.015288509171585
2010-08-04,6.070622551030126
2010-08-05,19.958256491299334
2010-08-06,2.972093705473275
2010-08-07,4.589508878773656
2010-08-08,7.495795726776123
2010-08-09,11.768700205046555
2010-08-10,0.3749210351500018
2010-08-11,0.057301512180731214
2010-08-12,11.436422791974298
2010-08-13,25.745538777318494
2010-08-14,16.961770682499328
2010-08-15,9.28354236997407
2010-08-16,5.3372088629623935
2010-08-17,14.996262517468683
2010-08-18,9.173290252685547
2010-08-19,28.580862505682582
2010-08-20,6.530336873284702
2010-08-21,3.6456224589512267
2010-08-22,6.537217888338812
2010-08-23,4.849659031835095
2010-08-24,0.012560458474487451
2010-08-25,0.0003395737163875059
2010-08-26,5.588818347515089e-06
2010-08-27,0.023357924716225987
2010-08-28,0.2733235276978591
2010-08-29,0.37807594496628333
2010-08-30,0.13251252832083865
2010-08-31,0.006623118216621465
2010-09-01,0.4606341390774168
2010-09-02,0.0153803833246488
2010-09-03,0.004058425957015876
2010-09-04,0.0005848869322076568
2010-09-05,0.0
2010-09-06,0.09484992407519242
2010-09-07,0.18935765274639788
2010-09-08,0.1063587149155551
2010-09-09,0.3632273930927803
2010-09-10,0.3204865373414138
2010-09-11,0.8781219988033689
2010-09-12,0.1504814430814365
2010-09-13,0.0
2010-09-14,0.0
2010-09-15,0.0025934138789909474
2010-09-16,0.0
2010-09-17,0.11130368966480782
2010-09-18,0.036679346949375906
2010-09-19,0.6299148582178971
2010-09-20,2.152165412902832
2010-09-21,0.12807334220871844
2010-09-22,1.4402124881744385
2010-09-23,0.000793864698388116
2010-09-24,0.13282984597929592
2010-09-25,0.5396723819190058
2010-09-26,1.95848915083655
2010-09-27,0.00986301150686782
2010-09-28,0.0
2010-09-29,0.0
2010-09-30,0.0
2010-10-01,0.2047900932616201
2010-10-02,0.2047900932616201
2010-10-03,0.2047900932616201
2010-10-04,0.2047900932616201
2010-10-05,0.2047900932616201
2010-10-06,0.33619754787149103
2010-10-07,0.33619754787149103
2010-10-08,0.33619754787149103
2010-10-09,0.33619754787149103
2010-10-10,0.33619754787149103
2010-10-11,0.0
2010-10-12,1.3931549623094757
2010-10-13,0.7237528336459192
2010-10-14,0.0
2010-10-15,0.0
2010-10-16,0.0
2010-10-17,0.0
2010-10-18,0.0
2010-10-19,0.22938560453596815
2010-10-20,8.73273698214827
2010-10-21,0.0
2010-10-22,0.0
2010-10-23,0.0
2010-10-24,0.7171488229570717
2010-10-25,0.3565037610202
2010-10-26,0.970114521939179
2010-10-27,3.8332126531107673
2010-10-28,3.9389607454168387
2010-10-29,0.0
2010-10-30,0.0
2010-10-31,0.00020039723212589863
2010-11-01,1.3252186800899177
2010-11-02,29.98175699957486
2010-11-03,16.308452474659887
2010-11-04,4.282056635823743
2010-11-05,0.0
2010-11-06,0.13462869052229257
2010-11-07,0.13462869052229257
2010-11-08,0.13462869052229257
2010-11-09,0.13462869052229257
2010-11-10,1.3695186592381576
2010-11-11,0.0
2010-11-12,0.0
2010-11-13,0.012655436292146173
2010-11-14,2.066694868021998
2010-11-15,28.073490175707587
2010-11-16,18.12830901968068
2010-11-17,0.0
2010-11-18,6.136400230999651
2010-11-19,0.47871294514886265
2010-11-20,0.023050665855407715
2010-11-21,0.01655534576175028
2010-11-22,0.001290589822897816
2010-11-23,2.226216061361905
2010-11-24,0.4502847636568135
2010-11-25,1.661978396876105
2010-11-26,14.036455335288212
2010-11-27,0.0005761419447010447
2010-11-28,0.0
2010-11-29,0.8235485152951603
2010-11-30,26.606031286305395
2010-12-01,0.0
2010-12-02,0.0
2010-12-03,0.0
2010-12-04,0.5285950693590887
2010-12-05,0.3576471912754892
2010-12-06,0.0
2010-12-07,0.0
2010-12-08,2.797364095161701
2010-12-09,0.0
2010-12-10,0.0
2010-12-11,0.6617673912952686
2010-12-12,13.576448243239831
2010-12-13,0.0
2010-12-14,0.0
2010-12-15,0.013710700344808143
2010-12-16,0.15153904581153443
2010-12-17,1.465542556782221
2010-12-18,0.024674714896185643
2010-12-19,0.0
2010-12-20,0.0
2010-12-21,0.07057490609265094
2010-12-22,0.08270397409796715
2010-12-23,5.674982875116884e-05
2010-12-24,0.0
2010-12-25,3.8182141647256653
2010-12-26,0.012398865748325298
2010-12-27,0.0
2010-12-28,0.0
2010-12-29,0.03757651289924979
2010-12-30,11.878780841827393
2010-12-31,11.87019159053934
2011-01-01,37.06577761419888
2011-01-02,0.0
2011-01-03,0.0
2011-01-04,0.012845865555171823
2011-01-05,10.477080328711148
2011-01-06,1.720911903499529e-05
2011-01-07,0.0
2011-01-08,0.0
2011-01-09,4.914030362819803
2011-01-10,12.101105690002441
2011-01-11,1.487708973473516
2011-01-12,0.0
2011-01-13,0.0
2011-01-14,0.0
2011-01-15,0.0
2011-01-16,0.09789850718968002
2011-01-17,0.2125377942775858
2011-01-18,5.007520650995189
2011-01-19,6.212154199337137
2011-01-20,0.06513313833495667
2011-01-21,1.3108444522167075
2011-01-22,0.0
2011-01-23,0.0
2011-01-24,0.12099401736310844
2011-01-25,19.38679708283523
2011-01-26,0.021449781488627195
2011-01-27,0.0
2011-01-28,0.0
2011-01-29,0.0
2011-01-30,4.8197919500285185
2011-01-31,6.368881159815295
2011-02-01,30.5341304910594
2011-02-02,0.002406459187301968
2011-02-03,6.1036449465258364
2011-02-04,31.96161256987473
2011-02-05,0.18598980996115455
2011-02-06,0.0
2011-02-07,0.8624967757997841
2011-02-08,0.0
2011-02-09,0.7272444572942011
2011-02-10,6.6970605521366515
2011-02-11,0.16937397220493133
2011-02-12,0.16937397220493133
2011-02-13,0.16937397220493133
2011-02-14,0.16937397220493133
2011-02-15,0.28683900520815675
2011-02-16,0.0023040521151289858
2011-02-17,0.41588162913404664
2011-02-18,0.0
2011-02-19,0.07520946770392616
2011-02-20,1.2939624375310437
2011-02-21,0.01781311993495208
2011-02-22,0.1816131148230413
2011-02-23,0.0
2011-02-24,0.2353438311577614
2011-02-25,3.5963198681329858
2011-02-26,0.0
2011-02-27,0.2473725239778387
2011-02-28,1.4530335623642494
2011-03-01,0.05596392540710753
2011-03-02,0.0
2011-03-03,0.46042744763966265
2011-03-04,0.893215117783382
2011-03-05,30.308432842123096
2011-03-06,28.212520928218446
2011-03-07,0.0
2011-03-08,8.301357203516467
2011-03-09,109.20617175924367
2011-03-10,5.302490497907174e-05
2011-03-11,0.0
2011-03-12,0.0
2011-03-13,0.02100296870901667
2011-03-14,6.839339511147861
2011-03-15,6.981243380184831
2011-03-16,0.0
2011-03-17,0.0
2011-03-18,1.105972302371058
2011-03-19,0.0024209318497892597
2011-03-20,0.0
2011-03-21,0.0
2011-03-22,0.0
2011-03-23,0.0
2011-03-24,0.0
2011-03-25,0.0
2011-03-26,0.9788374983031174
2011-03-27,12.665876059696592
2011-03-28,2.2737467165650993
2011-03-29,1.0706714432815025
2011-03-30,30.238134515696558
2011-03-31,0.6208020017064851
2011-04-01,0.00010247879806135236
2011-04-02,0.04956851790434327
2011-04-03,1.638370460945037e-05
2011-04-04,2.7904164030634124
2011-04-05,13.470105269859577
2011-04-06,0.0
2011-04-07,0.0
2011-04-08,0.0
2011-04-09,0.0
2011-04-10,0.0
2011-04-11,0.37678981854997834
2011-04-12,1.44238405597621
2011-04-13,0.0
2011-04-14,0.00025322492202294283
2011-04-15,5.782420594116737
2011-04-16,0.2888876425808874
2011-04-17,0.0
2011-04-18,0.1578486243198658
2011-04-19,0.0665616870954119
2011-04-20,0.05832571459227595
2011-04-21,9.278052182033145
2011-04-22,3.464941518060092
2011-04-23,0.9507879162656849
2011-04-24,0.4607111334415345
2011-04-25,5.783379690400485
2011-04-26,6.414034383050327
2011-04-27,20.581427804354963
2011-04-28,2.5688933339612237
2011-04-29,0.0
2011-04-30,0.0
2011-05-01,0.00563063850658464
2011-05-02,0.8769989003395212
2011-05-03,6.23568123373492
2011-05-04,0.25556297545674544
2011-05-05,0.0
2011-05-06,0.0
2011-05-07,0.0
2011-05-08,0.0
2011-05-09,0.0
2011-05-10,0.0
2011-05-11,0.010032083702691156
2011-05-12,0.03272401668324039
2011-05-13,8.358992206639257
2011-05-14,1.3948740506994313
2011-05-15,0.0002426389259324361
2011-05-16,0.0
2011-05-17,0.0
2011-05-18,0.0
2011-05-19,0.0
2011-05-20,0.0
2011-05-21,0.012833082117140293
2011-05-22,0.006655743441961962
2011-05-23,0.00735461567367973
2011-05-24,0.03854253541292815
2011-05-25,0.03307467377905188
2011-05-26,7.735071807072081
2011-05-27,0.5008580946556196
2011-05-28,0.0
2011-05-29,0.028097240904603023
2011-05-30,0.042757809756259466
2011-05-31,0.01127633593719581
2011-06-01,0.0
2011-06-02,0.0
2011-06-03,0.0
2011-06-04,0.0
2011-06-05,0.0
2011-06-06,1.8269685794567239
2011-06-07,5.013876175058299
2011-06-08,11.835464641965668
2011-06-09,0.010459620136253792
2011-06-10,0.040956995514189375
2011-06-11,1.398382861038734
2011-06-12,0.7074902864365742
2011-06-13,2.2280865085536035
2011-06-14,0.13612323267192677
2011-06-15,0.29058341707648905
2011-06-16,0.017298545688390732
2011-06-17,0.17554577385428652
2011-06-18,0.012740756401085648
2011-06-19,0.07235570851681304
2011-06-20,0.19649196274835487
2011-06-21,6.366422381894342
2011-06-22,29.48491533871355
2011-06-23,18.34666475756415
2011-06-24,2.4856661188191382
2011-06-25,1.435971395722751
2011-06-26,0.0013768577723410622
2011-06-27,0.24334143116620593
2011-06-28,5.062332399960222
2011-06-29,1.1801317580815018
2011-06-30,0.07952334622627702
2011-07-01,0.0
2011-07-02,0.04835068845543368
2011-07-03,3.146487490884189
2011-07-04,5.688559630821491
2011-07-05,10.167877920742693
2011-07-06,0.0
2011-07-07,0.0
2011-07-08,0.0
2011-07-09,0.0
2011-07-10,0.0
2011-07-11,3.224831424910447
2011-07-12,6.782468795776367
2011-07-13,2.8150688039845435
2011-07-14,23.391386624040276
2011-07-15,22.11362102113921
2011-07-16,0.4779916185452121
2011-07-17,0.30976565559956665
2011-07-18,0.1936656953606369
2011-07-19,0.0036498578057693647
2011-07-20,0.00022451727898379462
2011-07-21,4.121170265921231
2011-07-22,14.127761742164349
2011-07-23,10.041021725227093
2011-07-24,9.423797590979214
2011-07-25,17.95334266794139
2011-07-26,11.036730651197763
2011-07-27,1.3323401870398686
2011-07-28,6.628348967124676
2011-07-29,3.3065005705274384
2011-07-30,0.1319831527512649
2011-07-31,2.4241425333351923
2011-08-01,0.5704273193560797
2011-08-02,0.6532441273588558
2011-08-03,0.5403852945771711
2011-08-04,0.0930833251071002
2011-08-05,7.772169191261818
2011-08-06,0.04613938439508964
2011-08-07,0.028450430724127538
2011-08-08,0.04294794823588996
2011-08-09,0.18573896329978418
2011-08-10,0.229513772602739
2011-08-11,1.6267483254958843
2011-08-12,5.878701111366009
2011-08-13,1.7371855994750713
2011-08-14,4.163116446856795
2011-08-15,0.0
2011-08-16,0.0
2011-08-17,0.882433060942025
2011-08-18,3.488662464865323
2011-08-19,6.208042642165875
2011-08-20,0.8629105491884823
2011-08-21,1.7729938297436154
2011-08-22,1.6161103156106225
2011-08-23,1.0315231634625073
2011-08-24,3.539467984232409
2011-08-25,0.11920409598227205
2011-08-26,0.0
2011-08-27,0.0
2011-08-28,0.0
2011-08-29,0.0
2011-08-30,0.0
2011-08-31,0.0
2011-09-01,3.798953685267218
2011-09-02,0.9841696702200791
2011-09-03,88.55361570160964
2011-09-04,48.52628313261887
2011-09-05,71.06337014560042
2011-09-06,1.2504787671154942
2011-09-07,1.2504787671154942
2011-09-08,1.2504787671154942
2011-09-09,1.2504787671154942
2011-09-10,1.927513994019607
2011-09-11,0.1118618662244287
2011-09-12,0.0
2011-09-13,0.0
2011-09-14,0.23754434030631494
2011-09-15,0.7901001767865543
2011-09-16,0.0
2011-09-17,0.0005237020778967517
2011-09-18,8.368104178329993
2011-09-19,14.017610928107953
2011-09-20,4.719864204012114
2011-09-21,0.21022213048076835
2011-09-22,2.1197266517014337
2011-09-23,4.873716781879294
2011-09-24,0.0319051006246872
2011-09-25,0.01599246828795756
2011-09-26,2.4370767967454317
2011-09-27,2.6912335985308062
2011-09-28,16.308885163274304
2011-09-29,0.00032295218411961506
2011-09-30,0.0
2011-10-01,0.1678557159571812
2011-10-02,0.1678557159571812
2011-10-03,0.1678557159571812
2011-10-04,0.1678557159571812
2011-10-05,0.1678557159571812
2011-10-06,0.0
2011-10-07,0.0
2011-10-08,0.48899897008106624
2011-10-09,0.006915867328643799
2011-10-10,0.8742666213676847
2011-10-11,0.018852780508840906
2011-10-12,0.4028835491887454
2011-10-13,4.922196544449905
2011-10-14,0.0
2011-10-15,0.0
2011-10-16,0.0
2011-10-17,0.0
2011-10-18,0.0
2011-10-19,0.0
2011-10-20,0.0
2011-10-21,0.0
2011-10-22,0.0
2011-10-23,0.17558934282639932
2011-10-24,0.4981471998938199
2011-10-25,0.0
2011-10-26,0.0
2011-10-27,0.0054088371822405765
2011-10-28,1.4394951359979038
2011-10-29,0.02448291993089791
2011-10-30,0.0
2011-10-31,0.0
2011-11-01,0.0
2011-11-02,0.0
2011-11-03,5.078714288514236
2011-11-04,0.0
2011-11-05,0.0
2011-11-06,0.015076768359747427
2011-11-07,2.0054246776673045e-05
2011-11-08,0.2429750101833508
2011-11-09,14.592878867839945
2011-11-10,0.0
2011-11-11,0.0
2011-11-12,0.0
2011-11-13,0.0019611461240605548
2011-11-14,0.5671924095729302
2011-11-15,2.6168745221762824
2011-11-16,24.496012950765675
2011-11-17,1.1686257637780288
2011-11-18,0.0
2011-11-19,8.656957451703734e-06
2011-11-20,0.03794534192099396
2011-11-21,0.35238815021925957
2011-11-22,4.693535837633856
2011-11-23,13.153239940774851
2011-11-24,0.0
2011-11-25,0.015980404207547164
2011-11-26,3.2411095027265877
2011-11-27,11.128742185132257
2011-11-28,2.1316276850371527
2011-11-29,7.069956687889222e-05
2011-11-30,0.0
2011-12-01,0.0
2011-12-02,0.0
2011-12-03,0.00012522336930550378
2011-12-04,0.5729538654458934
2011-12-05,1.9484011284236251
2011-12-06,7.940410252275138
2011-12-07,4.47284118882541
2011-12-08,0.0
2011-12-09,0.0
2011-12-10,0.0
2011-12-11,0.3488973070835245
2011-12-12,0.06208594981580973
2011-12-13,0.11527592252040732
2011-12-14,0.1317558740747386
2011-12-15,1.2039234329914223
2011-12-16,2.29816650695585
2011-12-17,0.09394364883513029
2011-12-18,0.0
2011-12-19,0.0
2011-12-20,0.3592352839829079
2011-12-21,2.0881284434219887
2011-12-22,11.214017210335568
2011-12-23,0.012697626940970277
2011-12-24,0.0006228263794990449
2011-12-25,18.259541215567754
2011-12-26,31.622015459784144
2011-12-27,42.83793883488096
2011-12-28,0.0
2011-12-29,0.0
2011-12-30,0.0003398653934709728
2011-12-31,0.0009038852666231707
2012-01-01,0.043263300996402215
2012-01-02,0.0
2012-01-03,0.0
2012-01-04,0.00020866917500449023
2012-01-05,0.0040427951045848174
2012-01-06,0.969525144017976
2012-01-07,0.30768910564225294
2012-01-08,8.935325885641165
2012-01-09,3.9253815248094757
2012-01-10,47.44371808808425
2012-01-11,7.243507549680513
2012-01-12,0.002937180022227353
2012-01-13,0.0
2012-01-14,0.0
2012-01-15,0.0
2012-01-16,2.012270452647374
2012-01-17,26.73657279179014
2012-01-18,4.666062546187434
2012-01-19,0.002672480055982054
2012-01-20,4.023680662286693
2012-01-21,3.1162989221770188
2012-01-22,0.8754718714746935
2012-01-23,9.220493727716907
2012-01-24,0.11114429643955724
2012-01-25,2.1691601235291054
2012-01-26,41.47754603418811
2012-01-27,0.1625468597329896
2012-01-28,0.0
2012-01-29,0.0
2012-01-30,0.0
2012-01-31,0.5545085771330471
2012-02-01,5.740984670047102
2012-02-02,1.490275267896981
2012-02-03,29.306926266900426
2012-02-04,9.525229947320346
2012-02-05,3.8272301328593286
2012-02-06,0.0
2012-02-07,0.0
2012-02-08,0.028762692344728214
2012-02-09,6.53767189039078e-05
2012-02-10,3.1595265104852874
2012-02-11,0.04630961913438835
2012-02-12,0.0
2012-02-13,1.2255760210662567
2012-02-14,3.1233763947826008
2012-02-15,0.06314795559617402
2012-02-16,8.811891621556775
2012-02-17,0.0
2012-02-18,76.30211718329068
2012-02-19,11.976085827268403
2012-02-20,0.0
2012-02-21,0.028740155655119955
2012-02-22,0.1759585291147232
2012-02-23,0.12006508828750972
2012-02-24,2.557582102972886
2012-02-25,0.0
2012-02-26,0.6429031347406322
2012-02-27,3.005798035654528
2012-02-28,6.772965077696176
2012-02-29,2.1382225792983482
2012-03-01,1.306539369040522
2012-03-02,3.0503472665260576
2012-03-03,30.46809748945565
2012-03-04,0.0070690561551600695
2012-03-05,0.0
2012-03-06,0.0
2012-03-07,1.1904053873029248
2012-03-08,2.1409480037360358
2012-03-09,46.8804150285392
2012-03-10,0.0
2012-03-11,0.37757247172552966
2012-03-12,19.716140056478565
2012-03-13,1.8792139826149776
2012-03-14,0.2743318923588457
2012-03-15,0.01699176337569952
2012-03-16,0.0
2012-03-17,0.0007361485161176272
2012-03-18,0.43953464180231094
2012-03-19,0.0
2012-03-20,1.9536418812028293
2012-03-21,20.38690366416142
2012-03-22,93.43603647166285
2012-03-23,5.705089661581763
2012-03-24,0.0008371684756451126
2012-03-25,3.737880013369281e-05
2012-03-26,0.0
2012-03-27,0.0
2012-03-28,0.14847676019216405
2012-03-29,0.5797513826140042
2012-03-30,0.877760087621623
2012-03-31,0.8002262028126881
2012-04-01,0.013089685524203655
2012-04-02,10.280944446037555
2012-04-03,4.620711227943158
2012-04-04,21.044037424284838
2012-04-05,42.775598197147765
2012-04-06,0.0
2012-04-07,0.0
2012-04-08,0.0
2012-04-09,0.0
2012-04-10,0.0
2012-04-11,0.1611541633590542
2012-04-12,0.0
2012-04-13,0.03210830678842191
2012-04-14,0.0
2012-04-15,0.05486349790389168
2012-04-16,4.081869478883414
2012-04-17,25.302392597856194
2012-04-18,2.2161425948143005
2012-04-19,0.0
2012-04-20,0.01781561190326666
2012-04-21,3.662413482008309
2012-04-22,0.016729843754578252
2012-04-23,0.0
2012-04-24,0.0
2012-04-25,0.0
2012-04-26,0.0
2012-04-27,0.3403306248886832
2012-04-28,0.5293302926523932
2012-04-29,0.0005065835370072003
2012-04-30,0.051478723899043836
2012-05-01,0.0010829646449439742
2012-05-02,8.935482913050159
2012-05-03,3.6217563892232962
2012-05-04,0.41853800415992737
2012-05-05,1.8609484249147876
2012-05-06,0.33354031397350903
2012-05-07,4.423108641443582
2012-05-08,0.6532672343069109
2012-05-09,2.9028084411703308
2012-05-10,0.00584833132070971
2012-05-11,1.2468813719420597
2012-05-12,18.47982728892359
2012-05-13,5.965726951072956
2012-05-14,0.2068612220986136
2012-05-15,0.2210012741129974
2012-05-16,0.030067369855683427
2012-05-17,0.0
2012-05-18,0.003420088697096397
2012-05-19,0.0
2012-05-20,0.0
2012-05-21,2.4199119189689897
2012-05-22,1.2954539718299076
2012-05-23,0.001322786980067733
2012-05-24,0.0007376516055203332
2012-05-25,0.0004749835859221438
2012-05-26,0.0
2012-05-27,0.0
2012-05-28,0.0016961368606205035
2012-05-29,0.029904210875774252
2012-05-30,1.320289568654422
2012-05-31,12.57850166846966
2012-06-01,1.1743662192903717
2012-06-02,0.0
2012-06-03,0.0
2012-06-04,0.0019551990714309544
2012-06-05,0.2900081441320222
2012-06-06,0.012746588551792604
2012-06-07,0.21001784702570275
2012-06-08,0.2379638285472475
2012-06-09,6.189710814377357
2012-06-10,4.908411955011302
2012-06-11,16.893019939291065
2012-06-12,5.473635837949556
2012-06-13,5.366230734463396
2012-06-14,3.5498924337584397
2012-06-15,10.906854497975317
2012-06-16,0.12209484019669993
2012-06-17,0.03412178251089464
2012-06-18,0.2529133801059476
2012-06-19,0.1294335206842114
2012-06-20,0.0019220993854105473
2012-06-21,0.006255889275303945
2012-06-22,0.0074208779902807595
2012-06-23,0.01825770166509881
2012-06-24,0.009992228331172774
2012-06-25,0.05754201351825533
2012-06-26,0.0
2012-06-27,0.0
2012-06-28,0.020713681451462466
2012-06-29,0.04106289276788975
2012-06-30,0.3800143486466901
2012-07-01,0.18575151521584082
2012-07-02,0.7765945817889839
2012-07-03,2.5903305349678827
2012-07-04,6.872652695096773
2012-07-05,6.8728428873522525
2012-07-06,0.6511305930285618
2012-07-07,3.1542368181820573
2012-07-08,8.916455318187845
2012-07-09,4.058897947442943
2012-07-10,7.876473081522975
2012-07-11,19.768735458110942
2012-07-12,18.477457934412463
2012-07-13,12.517910595597892
2012-07-14,11.533155112430967
2012-07-15,10.558380570904962
2012-07-16,1.3321775547389327
2012-07-17,0.8721472415430792
2012-07-18,7.011476138542438
2012-07-19,24.325553565189757
2012-07-20,21.324366273551153
2012-07-21,20.380722210325043
2012-07-22,3.233272412727619
2012-07-23,0.6549435257911682
2012-07-24,0.4617441579185683
2012-07-25,1.7229597650725266
2012-07-26,1.4781634149880245
2012-07-27,2.1472319138461144
2012-07-28,1.7959612566849281
2012-07-29,0.41692559832128984
2012-07-30,0.5407512013254494
2012-07-31,0.5000920552631904
2012-08-01,1.0388212039552887
2012-08-02,0.46194594892962226
2012-08-03,12.47632177944841
2012-08-04,4.931772470474243
2012-08-05,6.538848350787985
2012-08-06,7.667402037258806
2012-08-07,0.4677137467881729
2012-08-08,1.8467360529406318
2012-08-09,21.134006566014783
2012-08-10,4.5746285011028425
2012-08-11,14.494424507535737
2012-08-12,0.00628048060702738
2012-08-13,1.869250628454932
2012-08-14,2.4775206796054183
2012-08-15,5.138219705943404
2012-08-16,5.089567406424161
2012-08-17,7.664496931536444
2012-08-18,24.438103182562465
2012-08-19,13.507369600493332
2012-08-20,16.63884347060631
2012-08-21,0.002765463600898611
2012-08-22,0.0
2012-08-23,0.0
2012-08-24,0.013882253704399898
2012-08-25,0.010336511093994668
2012-08-26,0.09573868251052396
2012-08-27,0.0
2012-08-28,1.2931120518980355
2012-08-29,56.65967533506196
2012-08-30,122.10532063451306
2012-08-31,11.210815922967319
2012-09-01,12.118252819982068
2012-09-02,2.7092070990595323
2012-09-03,1.477594402329675
2012-09-04,0.4836831694019252
2012-09-05,9.499831692925815
2012-09-06,0.2063409799131854
2012-09-07,0.09154215634896837
2012-09-08,0.7231613973091389
2012-09-09,0.003604797678016094
2012-09-10,0.0
2012-09-11,4.1105098528626925e-06
2012-09-12,0.9000384540393435
2012-09-13,0.35853412593233175
2012-09-14,0.009175750073687783
2012-09-15,0.0001814047141594748
2012-09-16,1.50205057242821
2012-09-17,23.256300959093817
2012-09-18,5.547298530052448
2012-09-19,0.0
2012-09-20,0.0
2012-09-21,0.0020013548923527888
2012-09-22,0.0
2012-09-23,0.27892270735625563
2012-09-24,0.45621878936372956
2012-09-25,0.9233872515374216
2012-09-26,0.00016507648339531193
2012-09-27,0.006481659859579442
2012-09-28,0.21671550219942784
2012-09-29,6.418069494181666
2012-09-30,32.28037801282159
2012-10-01,7.554223077050571
2012-10-02,0.16839084260422607
2012-10-03,0.2445763822259574
2012-10-04,0.001662834318643757
2012-10-05,0.0
2012-10-06,0.0
2012-10-07,0.22450053486330757
2012-10-08,0.11596903770134367
2012-10-09,0.0
2012-10-10,1.919133367209599
2012-10-11,0.0001455843693261629
2012-10-12,7.491029075403088e-05
2012-10-13,0.0020414362601325685
2012-10-14,1.3782595067188657
2012-10-15,8.085479185498993
2012-10-16,0.0
2012-10-17,0.4571405392268608
2012-10-18,13.325954930535678
2012-10-19,0.0
2012-10-20,0.0
2012-10-21,0.0
2012-10-22,0.0
2012-10-23,0.9497892527744688
2012-10-24,0.06700637005269527
2012-10-25,0.0
2012-10-26,1.0567096574553128
2012-10-27,0.3083969084867116
2012-10-28,0.012040352191904495
2012-10-29,0.012040352191904495
2012-10-30,0.012040352191904495
2012-10-31,0.043641026326503345
2012-11-01,0.015436854213476181
2012-11-02,0.014688067218481466
2012-11-03,0.013114669199647575
2012-11-04,0.5158762176489008
2012-11-05,3.6335267321816804
2012-11-06,6.221753843899431
2012-11-07,0.002134653039132084
2012-11-08,0.0
2012-11-09,0.0
2012-11-10,0.0008247806208914724
2012-11-11,0.2901312205298194
2012-11-12,26.548406469410864
2012-11-13,0.0
2012-11-14,0.002185144206781968
2012-11-15,0.0
2012-11-16,0.0
2012-11-17,0.0
2012-11-18,0.0
2012-11-19,0.0
2012-11-20,1.9768385311652874
2012-11-21,0.0
2012-11-22,0.0
2012-11-23,1.5882893225242352
2012-11-24,0.0
2012-11-25,0.0
2012-11-26,20.11150050985402
2012-11-27,18.37827626590071
2012-11-28,0.021007516260804802
2012-11-29,0.0
2012-11-30,0.016592672769108724
2012-12-01,0.00891234661785661
2012-12-02,0.31492326742616195
2012-12-03,0.030713048281854595
2012-12-04,18.0015241030989
2012-12-05,11.414047734490756
2012-12-06,0.25009524205635336
2012-12-07,1.1918373662849953
2012-12-08,0.2105685344030117
2012-12-09,0.785031180957268
2012-12-10,16.121069316206306
2012-12-11,0.010418607837295738
2012-12-12,0.6920118496335786
2012-12-13,0.0
2012-12-14,0.0
2012-12-15,22.746426023285963
2012-12-16,14.919309813400794
2012-12-17,21.316169870310816
2012-12-18,0.0
2012-12-19,0.0
2012-12-20,10.400203408866092
2012-12-21,0.0
2012-12-22,0.0
2012-12-23,1.2045029977272297
2012-12-24,2.925280554541226
2012-12-25,23.207074592853413
2012-12-26,3.337454006589692
2012-12-27,0.0
2012-12-28,45.470514363255994
2012-12-29,29.432432898159686
2012-12-30,0.0
2012-12-31,0.5089324589433342
2013-01-01,3.6282830238342285
2013-01-02,1.9086276580547463
2013-01-03,0.5621992555157892
2013-01-04,0.0
2013-01-05,0.46341480057815027
2013-01-06,2.3758245994304787
2013-01-07,0.0
2013-01-08,0.10934276454921427
2013-01-09,28.13851047384328
2013-01-10,22.68266171422498
2013-01-11,39.506878556876345
2013-01-12,5.560074123842963
2013-01-13,20.000122267624427
2013-01-14,32.8195642931708
2013-01-15,39.89093201735924
2013-01-16,6.129111174879403
2013-01-17,6.685444930504108
2013-01-18,0.0
2013-01-19,0.0
2013-01-20,0.0
2013-01-21,0.0
2013-01-22,0.0
2013-01-23,0.003575202175978057
2013-01-24,0.056083830539137125
2013-01-25,0.12328844633081863
2013-01-26,0.43974621542568865
2013-01-27,0.05010332488294306
2013-01-28,0.0005432290189642588
2013-01-29,1.2767107383958225
2013-01-30,30.521848547047583
2013-01-31,0.0
2013-02-01,0.0
2013-02-02,0.02007126830646704
2013-02-03,0.19953446835279465
2013-02-04,0.00028989251887682696
2013-02-05,1.070247851569077
2013-02-06,1.6089533300235355
2013-02-07,23.275912646589607
2013-02-08,0.4718904084172742
2013-02-09,0.0016826970982194702
2013-02-10,22.376007935096478
2013-02-11,52.519795647982896
2013-02-12,39.11335261114712
2013-02-13,0.9002241718358007
2013-02-14,0.0
2013-02-15,0.0020878934100719876
2013-02-16,0.0010464940248217818
2013-02-17,0.0
2013-02-18,0.379680055868009
2013-02-19,28.447628415864088
2013-02-20,0.05068329310622709
2013-02-21,7.085537376074956
2013-02-22,28.875691446764716
2013-02-23,16.094207582802607
2013-02-24,0.011473834386159634
2013-02-25,43.0750617980957
2013-02-26,13.245984899586645
2013-02-27,0.0
2013-02-28,0.0
2013-03-01,0.0
2013-03-02,0.0
2013-03-03,0.0
2013-03-04,0.0
2013-03-05,0.0
2013-03-06,0.0
2013-03-07,0.0
2013-03-08,0.0
2013-03-09,0.005235621047302567
2013-03-10,1.5110667717867885
2013-03-11,43.81440208698141
2013-03-12,0.0
2013-03-13,0.0
2013-03-14,0.0
2013-03-15,0.0
2013-03-16,0.0
2013-03-17,1.9413790415073264
2013-03-18,4.476546723267128
2013-03-19,11.76205141790982
2013-03-20,0.6585949330494322
2013-03-21,0.0
2013-03-22,0.19647012882191559
2013-03-23,0.31163792697520093
2013-03-24,4.491999749479623
2013-03-25,0.0
2013-03-26,0.0
2013-03-27,0.0
2013-03-28,0.0
2013-03-29,0.0
2013-03-30,0.11793983374433271
2013-03-31,3.125150807972612
2013-04-01,3.136005944219129
2013-04-02,0.0
2013-04-03,21.075828552246094
2013-04-04,8.54532029710967
2013-04-05,0.18605888840453377
2013-04-06,0.0
2013-04-07,5.150752509382136e-06
2013-04-08,0.002072300842224524
2013-04-09,0.014898969567027586
2013-04-10,0.0010162349790334702
2013-04-11,33.506917756179284
2013-04-12,0.001195970429448764
2013-04-13,0.0
2013-04-14,41.50105588189487
2013-04-15,0.6008150300075268
2013-04-16,0.8741379647419371
2013-04-17,0.3830223237646037
2013-04-18,0.33305652850660783
2013-04-19,15.063551935656317
2013-04-20,0.0
2013-04-21,0.0
2013-04-22,0.17227034861671514
2013-04-23,0.10393040986924336
2013-04-24,17.527933548236714
2013-04-25,0.15607313246562562
2013-04-26,0.0
2013-04-27,0.34494642964724836
2013-04-28,17.558630844642376
2013-04-29,0.6488920933213728
2013-04-30,6.7370623884529905
2013-05-01,27.74544880307954
2013-05-02,11.825997517026703
2013-05-03,8.727609700170056
2013-05-04,1.3547206736844162
2013-05-05,0.0618362697001932
2013-05-06,0.05107429000581133
2013-05-07,0.11848202656055319
2013-05-08,9.143198421325309e-05
2013-05-09,0.0002988503938781676
2013-05-10,35.68080264124377
2013-05-11,20.40740207145954
2013-05-12,0.0021659706715205364
2013-05-13,0.0
2013-05-14,0.0
2013-05-15,0.0
2013-05-16,0.0
2013-05-17,0.0
2013-05-18,0.0
2013-05-19,0.0
2013-05-20,0.0
2013-05-21,0.2128532438956458
2013-05-22,23.246737249966326
2013-05-23,5.622886863248102
2013-05-24,1.1555498776764705
2013-05-25,0.0
2013-05-26,0.0
2013-05-27,0.5377316485191214
2013-05-28,0.0
2013-05-29,8.533915190861142
2013-05-30,6.251739863691659
2013-05-31,2.173216100396781
2013-06-01,1.158515385512648
2013-06-02,7.494111126866834
2013-06-03,3.208394141032778
2013-06-04,0.7334689775417591
2013-06-05,8.240358451317096
2013-06-06,3.9576175911673186
2013-06-07,15.845779780683847
2013-06-08,0.9449444865358287
2013-06-09,14.894655326317096
2013-06-10,1.9245997215139454
2013-06-11,0.45693662891100195
2013-06-12,0.021983869052652656
2013-06-13,0.0
2013-06-14,8.940629449383966
2013-06-15,0.0
2013-06-16,0.3205135731861509
2013-06-17,1.1100998233104575
2013-06-18,11.155281609502332
2013-06-19,15.14376900113862
2013-06-20,1.4108534619725983
2013-06-21,1.7700851621298954
2013-06-22,0.5804576154412895
2013-06-23,3.547949855697566
2013-06-24,8.524416611112397
2013-06-25,5.2829496696077545
2013-06-26,0.10727112171850328
2013-06-27,0.007028358864019914
2013-06-28,1.071062464138557
2013-06-29,19.943481264443232
2013-06-30,0.11387745840153818
2013-07-01,0.0750817608987463
2013-07-02,0.044897900412565674
2013-07-03,2.2158492392507094
2013-07-04,1.2279369913298508
2013-07-05,4.757816849083736
2013-07-06,10.249647272044214
2013-07-07,2.419305554751692
2013-07-08,5.377630340641942
2013-07-09,4.350256780098224
2013-07-10,2.742115785335672
2013-07-11,6.10016024523768
2013-07-12,2.3080763076913766
2013-07-13,0.27526976681988813
2013-07-14,14.839070073489484
2013-07-15,1.9994592317219437
2013-07-16,7.044598710948024
2013-07-17,0.6832287054637383
2013-07-18,12.302979337758032
2013-07-19,5.70077476830318
2013-07-20,2.372274793427566
2013-07-21,5.87469534216256
2013-07-22,8.932431516976193
2013-07-23,0.11630839340645692
2013-07-24,11.228464751408017
2013-07-25,13.569410636507232
2013-07-26,0.0
2013-07-27,19.1155507646758
2013-07-28,0.815446308974562
2013-07-29,0.14350172312095247
2013-07-30,1.5558223148872112
2013-07-31,0.2635029836975295
2013-08-01,1.079471586079433
2013-08-02,0.02813829831650545
2013-08-03,0.22902049278390818
2013-08-04,0.9680022083479782
2013-08-05,4.019642755903047
2013-08-06,1.4825845247712628
2013-08-07,0.8497677733158243
2013-08-08,0.6320389899714239
2013-08-09,1.938040721005407
2013-08-10,0.22102249336653743
2013-08-11,4.2084773326742235
2013-08-12,2.94866496941139
2013-08-13,25.483168240251214
2013-08-14,20.71179876656368
2013-08-15,0.9972652787792271
2013-08-16,0.4528241280851693
2013-08-17,2.1508640873021094
2013-08-18,1.3042823322888077
2013-08-19,0.5354098533761913
2013-08-20,0.23179313129392162
2013-08-21,3.520373767819898
2013-08-22,0.5357454537317671
2013-08-23,2.1754297089987786
2013-08-24,4.498766126303837
2013-08-25,1.0559780967646633
2013-08-26,0.12884656262808833
2013-08-27,0.0
2013-08-28,0.0034829774100718826
2013-08-29,0.0
2013-08-30,0.0
2013-08-31,0.21378879197712602
2013-09-01,0.03640653649023894
2013-09-02,2.443913435113841
2013-09-03,5.765882960681258
2013-09-04,2.8678880436667082
2013-09-05,1.0847611632840386
2013-09-06,1.080013379968446
2013-09-07,0.2832059896197812
2013-09-08,0.02504046836161408
2013-09-09,2.0667608010357825
2013-09-10,0.13242556890151624
2013-09-11,0.4531007383404107
2013-09-12,0.0
2013-09-13,14.39233474073739
2013-09-14,1.1637632966940772
2013-09-15,0.16414709851659579
2013-09-16,0.03396393901443687
2013-09-17,0.0018746091438264683
2013-09-18,0.23164622639787608
2013-09-19,1.6101024315274994
2013-09-20,2.21263155443915
2013-09-21,65.33601497781687
2013-09-22,9.401170812804123
2013-09-23,0.3127023359311038
2013-09-24,48.55289538153286
2013-09-25,3.4159464260627486
2013-09-26,0.0
2013-09-27,0.021369771941581035
2013-09-28,0.0
2013-09-29,0.2581152155481536
2013-09-30,1.9652303745006692
2013-10-01,0.42572480234606513
2013-10-02,0.669874313062635
2013-10-03,2.800639136084195
2013-10-04,0.5313842563793577
2013-10-05,4.774298240398538
2013-10-06,4.442713679938481
2013-10-07,9.622455550486157e-05
2013-10-08,0.0
2013-10-09,0.005908778407972242
2013-10-10,0.04319313168525696
2013-10-11,1.972580188307269
2013-10-12,1.4801768228925507
2013-10-13,0.7791249818842987
2013-10-14,0.00021248738731032815
2013-10-15,0.6578784307529186
2013-10-16,0.4343454868629061
2013-10-17,3.128822117016233
2013-10-18,0.13437422833822923
2013-10-19,5.835554172252786
2013-10-20,0.00039763445815408667
2013-10-21,0.0
2013-10-22,1.0446331706540337
2013-10-23,0.0
2013-10-24,0.0
2013-10-25,0.0
2013-10-26,0.0
2013-10-27,0.49500563278280457
2013-10-28,7.362806205091806
2013-10-29,0.2669411810307667
2013-10-30,0.0
2013-10-31,13.064037816277866
2013-11-01,20.992001928132154
2013-11-02,0.0
2013-11-03,0.0
2013-11-04,0.01780619053170085
2013-11-05,0.008580181001011154
2013-11-06,0.5806311194238991
2013-11-07,13.22395005719415
2013-11-08,0.0
2013-11-09,0.0
2013-11-10,0.5087948323323809
2013-11-11,0.0
2013-11-12,0.0
2013-11-13,0.0
2013-11-14,0.0
2013-11-15,7.023650646209717
2013-11-16,1.2246150374412537
2013-11-17,1.0909458069965756
2013-11-18,8.815564698186414
2013-11-19,0.0
2013-11-20,0.0
2013-11-21,0.0
2013-11-22,3.413923904813569
2013-11-23,1.3339742422103882
2013-11-24,0.00022793738251744672
2013-11-25,3.7789719351406754
2013-11-26,29.03627717906031
2013-11-27,4.503921755428972
2013-11-28,0.0
2013-11-29,0.0
2013-11-30,0.0
2013-12-01,0.0
2013-12-02,0.5809727855797472
2013-12-03,1.033366828386126
2013-12-04,0.16156764331691223
2013-12-05,0.5113906255313034
2013-12-06,12.68051131018277
2013-12-07,1.054426023672367
2013-12-08,34.7796652563687
2013-12-09,28.89518501018656
2013-12-10,7.671941921628755
2013-12-11,0.0
2013-12-12,0.0
2013-12-13,0.0
2013-12-14,6.655720083877958
2013-12-15,0.3177627358457138
2013-12-16,0.0
2013-12-17,0.0
2013-12-18,0.0
2013-12-19,0.033768376401236186
2013-12-20,1.1335745475993588
2013-12-21,2.5633726407741677
2013-12-22,26.139871071124897
2013-12-23,0.39549140940452443
2013-12-24,0.0
2013-12-25,0.0
2013-12-26,0.0
2013-12-27,0.0
2013-12-28,40.88174359551792
2013-12-29,4.693901982800714
2013-12-30,0.002926885610012787
2013-12-31,0.013540890991109712
2014-01-01,0.08711692697272219
2014-01-02,5.502141705874739
2014-01-03,0.0
2014-01-04,0.0
2014-01-05,3.2704380956189385
2014-01-06,1.4612880821885734
2014-01-07,0.0
2014-01-08,0.0
2014-01-09,0.0
2014-01-10,0.025120369351372636
2014-01-11,19.46861776812323
2014-01-12,0.0
2014-01-13,14.471179501763705
2014-01-14,0.27741476996191616
2014-01-15,1.4198455522800315
2014-01-16,0.0
2014-01-17,0.0
2014-01-18,0.0
2014-01-19,3.0085944471688104
2014-01-20,0.0
2014-01-21,0.0031560996044547587
2014-01-22,0.0
2014-01-23,0.0011194266865239679
2014-01-24,0.455122116246614
2014-01-25,0.0030008334741633636
2014-01-26,0.0
2014-01-27,0.8596048796999043
2014-01-28,5.014283089802183
2014-01-29,0.1439267908993723
2014-01-30,0.0
2014-01-31,0.0
2014-02-01,0.05512988541660638
2014-02-02,15.985889500585095
2014-02-03,17.28959399256213
2014-02-04,0.09534418171849744
2014-02-05,15.09740688060892
2014-02-06,0.8396005116660019
2014-02-07,0.0
2014-02-08,0.5331368066113571
2014-02-09,0.00770262738786124
2014-02-10,2.158276886775576
2014-02-11,29.092002868652344
2014-02-12,39.05483351082638
2014-02-13,0.015996225370929158
2014-02-14,0.007163210735849008
2014-02-15,1.7384931260141834
2014-02-16,0.0
2014-02-17,0.07291885812220902
2014-02-18,1.2378862191890847
2014-02-19,0.08047859550550066
2014-02-20,0.08560204762836983
2014-02-21,40.27019783546184
2014-02-22,0.0
2014-02-23,18.094252865889977
2014-02-24,0.5777472298720787
2014-02-25,4.270045025595303
2014-02-26,21.76372972028009
2014-02-27,0.0
2014-02-28,0.8783928197005699
2014-03-01,1.8160575710493942
2014-03-02,0.30138011430871897
2014-03-03,10.775099836546799
2014-03-04,14.56931574591275
2014-03-05,0.6681190461948
2014-03-06,1.0638820796177304
2014-03-07,0.03412979982536415
2014-03-08,7.42105225197457e-05
2014-03-09,0.28292771865581645
2014-03-10,0.0
2014-03-11,8.378221988677979
2014-03-12,6.563566536738954
2014-03-13,0.0
2014-03-14,0.0
2014-03-15,0.06941140382068939
2014-03-16,37.91515498325742
2014-03-17,0.13123598489268073
2014-03-18,0.0005403268993992744
2014-03-19,0.01130669957412214
2014-03-20,0.0007231432225972671
2014-03-21,0.0
2014-03-22,0.0015016450360517725
2014-03-23,1.9616144032313907
2014-03-24,1.0779649245327916
2014-03-25,0.0
2014-03-26,0.0
2014-03-27,1.7764813242287472
2014-03-28,64.52251960491311
2014-03-29,30.249955275963092
2014-03-30,0.0
2014-03-31,0.0
2014-04-01,3.003283640434002
2014-04-02,0.25338616864434604
2014-04-03,0.4256631577837056
2014-04-04,27.60807596403977
2014-04-05,1.0997563549156846
2014-04-06,27.36292970591578
2014-04-07,43.83361875599828
2014-04-08,7.574070535857102
2014-04-09,0.3741844666415247
2014-04-10,0.0
2014-04-11,0.0001288615719110159
2014-04-12,0.741973272685347
2014-04-13,0.07447980068110187
2014-04-14,22.242498792451002
2014-04-15,19.990914344787598
2014-04-16,0.0
2014-04-17,0.07599632788834901
2014-04-18,10.880253594497155
2014-04-19,0.17593096761867918
2014-04-20,0.0
2014-04-21,0.0
2014-04-22,0.0
2014-04-23,0.0
2014-04-24,0.0
2014-04-25,0.0
2014-04-26,1.3326458519902722
2014-04-27,0.49781686273114434
2014-04-28,1.5242617644112686
2014-04-29,38.717002868652344
2014-04-30,4.29369802310549
2014-05-01,0.0
2014-05-02,0.0
2014-05-03,0.0
2014-05-04,0.0
2014-05-05,0.0
2014-05-06,0.0
2014-05-07,0.0038839439371729204
2014-05-08,0.0029848709327152706
2014-05-09,18.71748480303534
2014-05-10,22.738391646023455
2014-05-11,6.308582840294673
2014-05-12,4.304591109012735
2014-05-13,0.2031954629667874
2014-05-14,8.454392646921091
2014-05-15,0.0036835461686333193
2014-05-16,0.0
2014-05-17,0.0
2014-05-18,0.0
2014-05-19,0.0
2014-05-20,0.0
2014-05-21,0.8642075901915287
2014-05-22,0.45997228805810725
2014-05-23,0.45997228805810725
2014-05-24,0.45997228805810725
2014-05-25,0.45997228805810725
2014-05-26,0.0007226346245041551
2014-05-27,0.42088249171602315
2014-05-28,16.80805887024978
2014-05-29,34.18548741833917
2014-05-30,20.519881807524584
2014-05-31,17.90957996763032
2014-06-01,6.995561053012979
2014-06-02,4.4807310124923445
2014-06-03,6.157200453610256
2014-06-04,0.2818484391117918
2014-06-05,0.05042775757289652
2014-06-06,0.30495163027582495
2014-06-07,0.11416522143729801
2014-06-08,1.223802501785344
2014-06-09,1.2299515738569458
2014-06-10,10.239650775646341
2014-06-11,14.955602974727237
2014-06-12,0.02448532046300584
2014-06-13,31.506847578903724
2014-06-14,0.10886000559247773
2014-06-15,0.24618224256896767
2014-06-16,2.4708035279964577
2014-06-17,0.5488862724139772
2014-06-18,0.19311618774422798
2014-06-19,0.639006324883165
2014-06-20,0.5421557709060866
2014-06-21,2.982685713932432
2014-06-22,5.769761085510254
2014-06-23,12.8970648666908
2014-06-24,2.4339969856985686
2014-06-25,8.936737553826694
2014-06-26,13.8442152286398
2014-06-27,10.529014735386289
2014-06-28,13.552526276687097
2014-06-29,0.5881468129569086
2014-06-30,0.09080126624682854
2014-07-01,0.0006982801343587324
2014-07-02,3.043662802926425
2014-07-03,0.30431190711157075
2014-07-04,0.0
2014-07-05,0.0
2014-07-06,0.0
2014-07-07,0.0
2014-07-08,1.5599227804562141
2014-07-09,3.7508171837905357
2014-07-10,2.6317034096553407
2014-07-11,5.118974981636836
2014-07-12,1.0441876308157527
2014-07-13,0.9709775365632156
2014-07-14,3.6461049277206947
2014-07-15,16.087767732554468
2014-07-16,0.8881242760810358
2014-07-17,0.0
2014-07-18,22.016648292541504
2014-07-19,5.496533763819728
2014-07-20,0.4277641243975738
2014-07-21,0.6771952956914902
2014-07-22,11.007551998927676
2014-07-23,14.789113620231891
2014-07-24,6.065427771930037
2014-07-25,3.4695444435908875
2014-07-26,0.028420158340756237
2014-07-27,0.028765780273182637
2014-07-28,0.35600535211891965
2014-07-29,0.004603680023514056
2014-07-30,0.0
2014-07-31,0.051600237826591934
2014-08-01,4.120321569771602
2014-08-02,1.1136692156051766
2014-08-03,6.393562933494305
2014-08-04,4.262439316716687
2014-08-05,1.2769106441530689
2014-08-06,5.840859614569565
2014-08-07,5.832096436928058
2014-08-08,3.3320934196998335
2014-08-09,18.27530157155004
2014-08-10,3.780655026435852
2014-08-11,12.919104855636071
2014-08-12,9.20259536545852
2014-08-13,0.01406705231759055
2014-08-14,0.0
2014-08-15,0.0
2014-08-16,0.4909677281975746
2014-08-17,2.0040060076220283
2014-08-18,7.853793949916445
2014-08-19,2.579727059808271
2014-08-20,1.1792937568549453
2014-08-21,0.9367416614088518
2014-08-22,1.617466692266793
2014-08-23,0.7405791262100483
2014-08-24,0.3065482059429432
2014-08-25,0.9120411857448775
2014-08-26,0.569165875171793
2014-08-27,0.18093668361162318
2014-08-28,0.2100854819110627
2014-08-29,0.8634490681137761
2014-08-30,22.044581413269043
2014-08-31,0.6626860478828693
2014-09-01,1.846277195831825
2014-09-02,20.4112381770693
2014-09-03,2.5239398890528184
2014-09-04,5.421120150335904
2014-09-05,39.11295213370487
2014-09-06,0.2656896886383665
2014-09-07,3.2847322718850496
2014-09-08,2.458712887404294
2014-09-09,0.7513443772392027
2014-09-10,0.469977633449538
2014-09-11,0.8129712881456161
2014-09-12,3.390087461677091
2014-09-13,3.10784775018692
2014-09-14,0.23618752689197145
2014-09-15,2.121225598043409
2014-09-16,14.554229703442804
2014-09-17,4.511386410943393
2014-09-18,0.8374579302195845
2014-09-19,0.02780373346317431
2014-09-20,0.0
2014-09-21,0.15438729357616654
2014-09-22,1.2846477699690853
2014-09-23,0.1453630863849459
2014-09-24,0.1453630863849459
2014-09-25,0.1453630863849459
2014-09-26,5.32998744566957e-05
2014-09-27,0.7263160574025121
2014-09-28,16.465047145711964
2014-09-29,4.307426339593427
2014-09-30,0.19902085448647366
2014-10-01,0.16869354697650876
2014-10-02,3.190733580753721
2014-10-03,6.433598271731673
2014-10-04,0.0
2014-10-05,0.0
2014-10-06,0.7084048544538433
2014-10-07,0.0
2014-10-08,0.011929335899586821
2014-10-09,1.6915600834221676
2014-10-10,1.1169097094700253
2014-10-11,0.688000251506937
2014-10-12,1.3629541684841286
2014-10-13,8.009406928358407
2014-10-14,32.075373090546705
2014-10-15,0.0
2014-10-16,0.0
2014-10-17,0.0
2014-10-18,0.0
2014-10-19,0.0
2014-10-20,0.0
2014-10-21,0.2039404298210966
2014-10-22,0.2039404298210966
2014-10-23,0.2039404298210966
2014-10-24,0.21412607873308248
2014-10-25,0.2039404298210966
2014-10-26,0.0
2014-10-27,0.0
2014-10-28,0.07284580813399677
2014-10-29,1.1168465285465634
2014-10-30,0.004226510874638012
2014-10-31,0.0015098505015163843
2014-11-01,0.03534619959777799
2014-11-02,0.03534619959777799
2014-11-03,0.03534619959777799
2014-11-04,0.14328068109421893
2014-11-05,4.177863918501755
2014-11-06,10.5079544494892
2014-11-07,0.0
2014-11-08,0.0
2014-11-09,0.0
2014-11-10,0.0
2014-11-11,0.2726790488793932
2014-11-12,4.588205288196432
2014-11-13,0.17158675845712423
2014-11-14,0.0
2014-11-15,0.0
2014-11-16,11.969423557149954
2014-11-17,45.85063855401401
2014-11-18,0.0
2014-11-19,0.0
2014-11-20,0.020191972529322935
2014-11-21,0.0
2014-11-22,0.0
2014-11-23,13.379409296759244
2014-11-24,0.0
2014-11-25,0.0
2014-11-26,0.0
2014-11-27,0.0
2014-11-28,0.0
2014-11-29,0.06562129183319108
2014-11-30,0.9761234172459307
2014-12-01,0.11433608835595178
2014-12-02,0.05050787498275268
2014-12-03,0.0001706003401115344
2014-12-04,0.2645775271130019
2014-12-05,0.14653435326984215
2014-12-06,1.2726210910698463
2014-12-07,0.0007662275868291356
2014-12-08,0.004421602067505491
2014-12-09,0.0
2014-12-10,0.0
2014-12-11,0.0
2014-12-12,0.00048670309178274254
2014-12-13,0.00561930470224791
2014-12-14,0.0
2014-12-15,0.5131843079298991
2014-12-16,1.6079561874784272
2014-12-17,0.0
2014-12-18,0.561406330815677
2014-12-19,16.212146726147882
2014-12-20,11.98703984556527
2014-12-21,0.17407058153686852
2014-12-22,4.50302845856239
2014-12-23,64.73416098232927
2014-12-24,13.526891412406131
2014-12-25,0.0
2014-12-26,0.2142865799431657
2014-12-27,14.628384063983786
2014-12-28,31.84934353006297
2014-12-29,4.836829686986989
2014-12-30,1.0586709955642963
2014-12-31,0.0
2015-01-01,2.9890518311796517
2015-01-02,0.8221597722892103
2015-01-03,40.569604215950804
2015-01-04,42.77721168254984
2015-01-05,0.00023274743780975454
2015-01-06,2.019419836305415e-05
2015-01-07,2.019419836305415e-05
2015-01-08,2.019419836305415e-05
2015-01-09,1.0014788734501805
2015-01-10,2.019419836305415e-05
2015-01-11,0.45493548594672106
2015-01-12,7.989246664376094
2015-01-13,0.33149973585687836
2015-01-14,0.001951174127843215
2015-01-15,7.425708211701492
2015-01-16,0.43555521348427084
2015-01-17,0.43555521348427084
2015-01-18,0.43555521348427084
2015-01-19,0.43555521348427084
2015-01-20,0.43555521348427084
2015-01-21,0.0007556852616634669
2015-01-22,3.8435990481541076
2015-01-23,48.17505606289568
2015-01-24,0.5149231984697539
2015-01-25,0.0006862886235968949
2015-01-26,1.0560191438115876
2015-01-27,0.001515622471523439
2015-01-28,0.001515622471523439
2015-01-29,0.001515622471523439
2015-01-30,0.06480417583250152
2015-01-31,0.001515622471523439
2015-02-01,10.482186054361277
2015-02-02,6.3179982119593125
2015-02-03,0.00012411094839676637
2015-02-04,5.858155045016058
2015-02-05,3.2545460339250236
2015-02-06,0.0003281607130012507
2015-02-07,0.0003281607130012507
2015-02-08,0.06969872961655774
2015-02-09,1.8142727120169277
2015-02-10,0.0003281607130012507
2015-02-11,0.03690120029455886
2015-02-12,0.03690120029455886
2015-02-13,0.03690120029455886
2015-02-14,0.03690120029455886
2015-02-15,0.03690120029455886
2015-02-16,8.08142486111871
2015-02-17,6.741224404039054
2015-02-18,9.141016048017954e-05
2015-02-19,9.141016048017954e-05
2015-02-20,0.000571416954636365
2015-02-21,0.03785457068668871
2015-02-22,4.410567497384959
2015-02-23,3.7991402806906867
2015-02-24,2.950670258752231
2015-02-25,10.529346334523169
2015-02-26,13.866865881558123
2015-02-27,0.002139856067389764
2015-02-28,0.002139856067389764
2015-03-01,7.664674709583151
2015-03-02,24.45928300660232
2015-03-03,3.260082450406305
2015-03-04,1.1907395453288638
2015-03-05,6.73058139866796
2015-03-06,5.344218309268211e-05
2015-03-07,5.344218309268211e-05
2015-03-08,5.344218309268211e-05
2015-03-09,7.066754439781452
2015-03-10,8.992437592868146
2015-03-11,10.627690085049334
2015-03-12,3.537486635405442
2015-03-13,34.69745208477152
2015-03-14,0.6495595779912225
2015-03-15,0.009850068816690353
2015-03-16,0.00010407370289863923
2015-03-17,0.0005101013753276141
2015-03-18,2.1164810451967964
2015-03-19,4.070235864869479
2015-03-20,1.1942405875386863
2015-03-21,6.425961346461855
2015-03-22,18.59805935826795
2015-03-23,0.18600701412250256
2015-03-24,0.27975907022583074
2015-03-25,0.571157345484043
2015-03-26,4.499491066768251
2015-03-27,3.425686976005291
2015-03-28,4.3896472499031445e-05
2015-03-29,4.3896472499031445e-05
2015-03-30,0.14093494903424691
2015-03-31,0.0030400936636303007
2015-04-01,0.004580132582963541
2015-04-02,0.06227779966490022
2015-04-03,0.27544419210532617
2015-04-04,1.4309644544946736
2015-04-05,8.322785229518496
2015-04-06,11.28681179572796
2015-04-07,0.6005372590032118
2015-04-08,0.584914917575902
2015-04-09,0.5310369822485693
2015-04-10,5.323017868502387
2015-04-11,1.7065197465748623
2015-04-12,4.72518751539033
2015-04-13,30.85166076133991
2015-04-14,17.972423454810833
2015-04-15,1.9989650290587853
2015-04-16,11.32247467698722
2015-04-17,13.058849926652579
2015-04-18,8.307973878136997
2015-04-19,12.429069420387005
2015-04-20,0.3475298295760977
2015-04-21,0.00010830766756232057
2015-04-22,0.0003842478101181894
2015-04-23,0.00043109482769444903
2015-04-24,0.9667499353145731
2015-04-25,5.232041095865184
2015-04-26,0.0033567072853751094
2015-04-27,6.820096410554031
2015-04-28,13.696223094545562
2015-04-29,0.3894221309957833
2015-04-30,0.0002653029920926703
2015-05-01,0.0
2015-05-02,0.0
2015-05-03,0.0
2015-05-04,0.0
2015-05-05,0.0
2015-05-06,0.13092021567040477
2015-05-07,0.005516777216488945
2015-05-08,0.005830792389039336
2015-05-09,0.13408171051535114
2015-05-10,4.9239111455069086e-05
2015-05-11,0.8288528179300243
2015-05-12,6.8772313019324995
2015-05-13,0.0027899572523892857
2015-05-14,0.6854334666297354
2015-05-15,13.797107926730451
2015-05-16,13.055706616105704
2015-05-17,13.533042217123098
2015-05-18,12.641277724298938
2015-05-19,0.9092282200681752
2015-05-20,4.62204333009391
2015-05-21,10.396686751267005
2015-05-22,0.005491734008658035
2015-05-23,0.08054483900296278
2015-05-24,1.721468711721486
2015-05-25,21.47538007538894
2015-05-26,25.76086294239965
2015-05-27,19.24733359238197
2015-05-28,4.803071548198831
2015-05-29,7.8971348795397525
2015-05-30,5.152783920025003
2015-05-31,15.612850386520911
2015-06-01,2.6156549289308746
2015-06-02,0.6679345102145754
2015-06-03,0.0027485772694364704
2015-06-04,0.00017833160657981602
2015-06-05,0.00017833160657981602
2015-06-06,1.1428722060959915
2015-06-07,0.047211697161025044
2015-06-08,0.5958253368735313
2015-06-09,10.129985644899566
2015-06-10,14.923485723035089
2015-06-11,3.348347515895449
2015-06-12,6.2048419755080655
2015-06-13,6.73292587543356
2015-06-14,4.045372288802574
2015-06-15,4.087106490957326
2015-06-16,0.44331257970168675
2015-06-17,0.7399823832614668
2015-06-18,2.924573683533175
2015-06-19,1.5749194755636413
2015-06-20,1.7231156265298868
2015-06-21,2.9913879591843178
2015-06-22,0.2558038776804661
2015-06-23,0.3381095240856039
2015-06-24,12.63522171152049
2015-06-25,4.104635353746085
2015-06-26,13.33268875911318
2015-06-27,8.096383522296774
2015-06-28,7.802141008705928
2015-06-29,1.0391863975031623
2015-06-30,7.198187351226807
2015-07-01,3.5134000202705122
2015-07-02,0.5715525648717222
2015-07-03,0.17571686118327337
2015-07-04,17.643326693567737
2015-07-05,19.521446951504412
2015-07-06,1.1533448552263195
2015-07-07,1.3816808955422764
2015-07-08,1.451659175342527
2015-07-09,6.986302490892081
2015-07-10,5.952745906237898
2015-07-11,0.07396892972033599
2015-07-12,0.0731519643088867
2015-07-13,0.009090581138072342
2015-07-14,9.68042999814096e-06
2015-07-15,0.0003808893167435348
2015-07-16,0.09771935282082393
2015-07-17,0.29962115452207366
2015-07-18,7.378338386272562
2015-07-19,0.35825131371103486
2015-07-20,1.0774015660943657
2015-07-21,0.40469609149571123
2015-07-22,4.928801626994692
2015-07-23,0.6599078656270586
2015-07-24,3.446483546289904
2015-07-25,1.3022239146561458
2015-07-26,1.41838493223848
2015-07-27,0.036482594794882785
2015-07-28,0.06111975990492722
2015-07-29,4.708898848500745
2015-07-30,13.760223849066373
2015-07-31,0.000360662203908352
2015-08-01,2.9413757923474146e-05
2015-08-02,2.9413757923474146e-05
2015-08-03,2.9413757923474146e-05
2015-08-04,0.0005970551456216369
2015-08-05,0.1340974678510222
2015-08-06,1.862277879797179
2015-08-07,0.3062291916074424
2015-08-08,15.63000619822535
2015-08-09,3.7795492821726304
2015-08-10,5.147821138645041
2015-08-11,12.511596400162269
2015-08-12,2.8059909672572694
2015-08-13,0.00016730356959481564
2015-08-14,0.00016730356959481564
2015-08-15,1.6077429487787445
2015-08-16,12.856967934246722
2015-08-17,22.97398409350165
2015-08-18,5.779945340649835
2015-08-19,5.649517190867457
2015-08-20,5.8325973872480725
2015-08-21,3.0475570908908187
2015-08-22,8.926083071478482
2015-08-23,1.616081213128978
2015-08-24,3.078613758087158
2015-08-25,0.00028402795302601337
2015-08-26,0.0
2015-08-27,0.0
2015-08-28,0.0
2015-08-29,0.0
2015-08-30,0.0
2015-08-31,0.0
2015-09-01,0.00038506081721701276
2015-09-02,1.0765168060516488
2015-09-03,0.1104275831101655
2015-09-04,0.07104573906238737
2015-09-05,0.17054300742416545
2015-09-06,1.489813009212757
2015-09-07,0.24618457154981022
2015-09-08,0.03282697742869114
2015-09-09,0.10139144866341918
2015-09-10,7.528080331868138
2015-09-11,37.78181516713109
2015-09-12,8.107268300549737
2015-09-13,0.0005726783379816033
2015-09-14,0.0005726783379816033
2015-09-15,0.0005726783379816033
2015-09-16,2.015600636087615
2015-09-17,0.007765145586996243
2015-09-18,0.006004955089683163
2015-09-19,0.006004955089683163
2015-09-20,0.11137847207358172
2015-09-21,12.00354842481942
2015-09-22,0.0012288977319760055
2015-09-23,3.0306081134697487
2015-09-24,1.483374539120444
2015-09-25,0.0014085084167790823
2015-09-26,0.005864965665186274
2015-09-27,6.0825736358247955
2015-09-28,15.60061553428913
2015-09-29,7.207801822958322
2015-09-30,1.903784621378471
2015-10-01,0.0026141017402425922
2015-10-02,0.5656085548729732
2015-10-03,0.20974592350680252
2015-10-04,0.05649303147119695
2015-10-05,0.3145821423366152
2015-10-06,0.32326096951447686
2015-10-07,0.009500730280957088
2015-10-08,0.5102874627658005
2015-10-09,0.05714779412213328
2015-10-10,1.60955771495556
2015-10-11,0.0010673760653248634
2015-10-12,0.0010673760653248634
2015-10-13,2.745543418259456
2015-10-14,0.0010673760653248634
2015-10-15,0.0010673760653248634
2015-10-16,0.0
2015-10-17,0.0
2015-10-18,0.0
2015-10-19,0.0
2015-10-20,0.0
2015-10-21,8.36064913340218e-05
2015-10-22,0.06162511904177995
2015-10-23,0.002132179674312095
2015-10-24,0.6621737788463461
2015-10-25,12.493515442157614
2015-10-26,84.60729164912783
2015-10-27,9.736651617905189
2015-10-28,0.9910860616585304
2015-10-29,0.33737596458402175
2015-10-30,7.677925118357586e-05
2015-10-31,22.300234991928626
2015-11-01,55.92401280896417
2015-11-02,7.012224263158338
2015-11-03,2.2449997129111456
2015-11-04,0.7108594898519844
2015-11-05,2.522704058680041
2015-11-06,1.0495374778221394
2015-11-07,8.660718786305395
2015-11-08,10.103258297361176
2015-11-09,0.036359381857970406
2015-11-10,0.004752439872265376
2015-11-11,0.023124632329262537
2015-11-12,5.047482013702393
2015-11-13,0.0001306904754340488
2015-11-14,0.0001306904754340488
2015-11-15,0.14544452033166227
2015-11-16,0.0814330402825927
2015-11-17,0.7708725579853716
2015-11-18,106.65604058627424
2015-11-19,0.0001284775897711997
2015-11-20,0.0001284775897711997
2015-11-21,0.08327552827139353
2015-11-22,0.12923342943319988
2015-11-23,0.02168049422445996
2015-11-24,0.02168049422445996
2015-11-25,3.278615898099439
2015-11-26,0.0015348693755342915
2015-11-27,0.5197971021306926
2015-11-28,0.0010595175423579097
2015-11-29,0.2074614380454195
2015-11-30,0.41156612901852047
2015-12-01,11.294585869230072
2015-12-02,13.189724823524212
2015-12-03,0.00010200966564047246
2015-12-04,0.00010200966564047246
2015-12-05,0.00010200966564047246
2015-12-06,0.03958144654311111
2015-12-07,0.034586356924686194
2015-12-08,0.0008414367576137763
2015-12-09,0.3315971645301786
2015-12-10,0.8973005311242466
2015-12-11,0.4140650023674143
2015-12-12,0.04500247553946322
2015-12-13,0.27399502643223467
2015-12-14,18.7695013901283
2015-12-15,7.702519235016522e-05
2015-12-16,4.897463584768361
2015-12-17,5.321689175120715
2015-12-18,0.00010848724566036756
2015-12-19,0.00010848724566036756
2015-12-20,0.0011969633281390497
2015-12-21,15.76972931828992
2015-12-22,33.011857065661204
2015-12-23,8.68503764580036
2015-12-24,14.418909335958547
2015-12-25,41.65633642262426
2015-12-26,6.73760567862412
2015-12-27,3.522047388142553
2015-12-28,16.516331639783136
2015-12-29,9.325124470894386e-05
2015-12-30,13.305631275834708
2015-12-31,0.4362217902109541
2016-01-01,6.726745901436641
2016-01-02,1.6237152855971764
2016-01-03,0.006460461348038295
2016-01-04,0.0
2016-01-05,0.0
2016-01-06,0.0
2016-01-07,2.030245838494136
2016-01-08,0.1119763113815209
2016-01-09,14.536118310073327
2016-01-10,0.015914148121173012
2016-01-11,0.0
2016-01-12,0.0
2016-01-13,0.0
2016-01-14,0.0
2016-01-15,9.25151828239704
2016-01-16,0.0
2016-01-17,5.015869781888765
2016-01-18,0.0
2016-01-19,0.0
2016-01-20,3.585697897549333
2016-01-21,8.186484007999814
2016-01-22,35.79331957060715
2016-01-23,0.0
2016-01-24,0.0
2016-01-25,0.27682133070353804
2016-01-26,27.849752491918103
2016-01-27,12.41793757471545
2016-01-28,0.0
2016-01-29,0.0
2016-01-30,0.0
2016-01-31,0.17380358432901316
2016-02-01,1.2950010155809337
2016-02-02,19.90546313647566
2016-02-03,35.05023706370387
2016-02-04,0.0
2016-02-05,0.0
2016-02-06,0.08454084646855962
2016-02-07,0.08454084646855962
2016-02-08,1.2138007735383922
2016-02-09,0.08454084646855962
2016-02-10,0.08454084646855962
2016-02-11,0.0
2016-02-12,1.3201369287783344e-05
2016-02-13,0.0
2016-02-14,0.0
2016-02-15,15.214084115521661
2016-02-16,3.694008021519102
2016-02-17,0.2317191755463337
2016-02-18,0.0
2016-02-19,0.0
2016-02-20,7.413117540293727
2016-02-21,0.129328565222436
2016-02-22,28.89451941128435
2016-02-23,24.464436169328362
2016-02-24,5.465624028238757
2016-02-25,0.0
2016-02-26,0.0
2016-02-27,0.0
2016-02-28,0.0
2016-02-29,1.5924303778286637
2016-03-01,0.25413219682101545
2016-03-02,0.1118015297527971
2016-03-03,1.0380774284231251
2016-03-04,0.09240279488008597
2016-03-05,0.0
2016-03-06,0.0
2016-03-07,0.0
2016-03-08,0.18292718149464707
2016-03-09,0.5841592113519537
2016-03-10,11.471968453505944
2016-03-11,155.11092613483297
2016-03-12,48.165975373366784
2016-03-13,1.8482991251452217
2016-03-14,5.648279831327241
2016-03-15,0.06696413264706216
2016-03-16,0.2504960446265237
2016-03-17,18.419415112199456
2016-03-18,29.14335895406789
2016-03-19,6.7570267381339235
2016-03-20,0.0
2016-03-21,0.0
2016-03-22,0.0
2016-03-23,0.5092715405184647
2016-03-24,5.536836887228078
2016-03-25,1.3608174133917381
2016-03-26,0.011032478771461495
2016-03-27,30.502795252306708
2016-03-28,0.3540139917669625
2016-03-29,0.0
2016-03-30,0.11761402004751666
2016-03-31,21.05656150291706
2016-04-01,5.9702920502629775
2016-04-02,0.23688634998839478
2016-04-03,0.0
2016-04-04,0.0
2016-04-05,0.0003241979183853957
2016-04-06,0.0
2016-04-07,0.0
2016-04-08,0.0
2016-04-09,0.0
2016-04-10,0.0
2016-04-11,12.946279394215551
2016-04-12,32.50148878426388
2016-04-13,16.28752175692854
2016-04-14,9.046700148746885
2016-04-15,6.878232824391332
2016-04-16,1.0024122600122516
2016-04-17,0.05610099292143473
2016-04-18,0.0
2016-04-19,0.019914254674623752
2016-04-20,0.003081566718374861
2016-04-21,5.282978781338396
2016-04-22,8.79924460937237
2016-04-23,0.0002628200675425088
2016-04-24,0.0
2016-04-25,0.0029173414313218332
2016-04-26,1.2642612025655549
2016-04-27,2.7377137151257744
2016-04-28,25.829763938640728
2016-04-29,0.09752202907512927
2016-04-30,13.325067158403067
2016-05-01,23.682451511251514
2016-05-02,6.000948823731521
2016-05-03,0.8125587249624318
2016-05-04,0.0023309316903609655
2016-05-05,0.0
2016-05-06,0.0
2016-05-07,0.0
2016-05-08,0.0
2016-05-09,0.9004742821742748
2016-05-10,1.4406529503135845
2016-05-11,0.0
2016-05-12,0.0
2016-05-13,0.0
2016-05-14,0.0
2016-05-15,0.0
2016-05-16,0.11121438366585765
2016-05-17,33.7232372020853
2016-05-18,0.10818117587216969
2016-05-19,0.04554515376943966
2016-05-20,14.833007384990823
2016-05-21,0.0
2016-05-22,0.0
2016-05-23,0.0
2016-05-24,0.0
2016-05-25,0.0
2016-05-26,1.4421807116475598
2016-05-27,0.10182194475983751
2016-05-28,3.24964427125865
2016-05-29,0.041637464843947314
2016-05-30,0.14002340286970139
2016-05-31,1.114043272774795
2016-06-01,2.341468132775405
2016-06-02,7.89766760530143
2016-06-03,7.562023919204186
2016-06-04,19.008281773534314
2016-06-05,12.360840698768353
2016-06-06,2.7452025413513184
2016-06-07,0.38949475450248555
2016-06-08,0.0
2016-06-09,0.0
2016-06-10,0.05034126827677969
2016-06-11,9.611905936537118
2016-06-12,10.532901287078857
2016-06-13,4.937130747170284
2016-06-14,18.953538335602858
2016-06-15,10.314828658926077
2016-06-16,0.27114922116542683
2016-06-17,0.3595662502379253
2016-06-18,3.943552991439556
2016-06-19,3.6838501979564797
2016-06-20,0.1929639794960104
2016-06-21,0.01278979519928067
2016-06-22,0.0291449798608263
2016-06-23,0.0069674387301222
2016-06-24,0.010564375307475185
2016-06-25,0.001783309402024566
2016-06-26,0.060715980699350094
2016-06-27,8.652218695344596
2016-06-28,13.04520426125362
2016-06-29,14.219872704867658
2016-06-30,0.3138337976716716
2016-07-01,0.0009516256556300254
2016-07-02,0.003839515422567211
2016-07-03,1.3410291759104565
2016-07-04,3.389078715751911
2016-07-05,4.73783854780526
2016-07-06,4.94309192690356
2016-07-07,0.7675545983787241
2016-07-08,0.9361791641547762
2016-07-09,1.9604535585847394
2016-07-10,7.396858141340059
2016-07-11,2.253540343251722
2016-07-12,5.964343810903615
2016-07-13,8.56044129667611
2016-07-14,1.7398258653180352
2016-07-15,23.12212819066541
2016-07-16,1.7237383723258972
2016-07-17,1.3200423881925385
2016-07-18,7.398039094332991
2016-07-19,0.18279572884584294
2016-07-20,0.8474728238993677
2016-07-21,2.7960318450270027
2016-07-22,8.756991896136054
2016-07-23,1.8925112855845485
2016-07-24,2.805377799889137
2016-07-25,6.094550905556514
2016-07-26,8.488251603882889
2016-07-27,14.509935773652176
2016-07-28,1.6024764231566726
2016-07-29,0.1726589512465329
2016-07-30,5.743940994657319
2016-07-31,9.16850418880068
2016-08-01,2.146859806159447
2016-08-02,0.4488582282230772
2016-08-03,0.18684445835393051
2016-08-04,6.138854733828841
2016-08-05,6.092783056456467
2016-08-06,12.944275921788709
2016-08-07,2.3498371839523315
2016-08-08,2.124142854378141
2016-08-09,8.577531025327485
2016-08-10,22.92908076582284
2016-08-11,15.728597772532495
2016-08-12,25.660166312908306
2016-08-13,10.352109432220459
2016-08-14,2.555290990862353
2016-08-15,5.872202939000623
2016-08-16,11.882611998196307
2016-08-17,0.7590764781524395
2016-08-18,5.5009419835847
2016-08-19,6.487910928397343
2016-08-20,1.7503010198987763
2016-08-21,3.4913410194988908
2016-08-22,5.201989798710264
2016-08-23,0.8279340205521419
2016-08-24,2.247144440124775
2016-08-25,3.5295502687322684
2016-08-26,2.8880538426596543
2016-08-27,0.018547705960749037
2016-08-28,16.09051622193435
2016-08-29,1.388983496304216
2016-08-30,1.78471246772799
2016-08-31,0.46357365517780696
2016-09-01,0.03702143409514222
2016-09-02,0.03171751688330852
2016-09-03,0.07642185911215071
2016-09-04,4.342494713849034
2016-09-05,5.8589662190141345
2016-09-06,0.5691912718887987
2016-09-07,0.030637763312150693
2016-09-08,0.00026151224552324555
2016-09-09,0.3217221061731207
2016-09-10,1.642742039828465
2016-09-11,14.411082958352976
2016-09-12,2.626808228163884
2016-09-13,0.2638356192358609
2016-09-14,0.0011366159667196717
2016-09-15,0.02313300548121333
2016-09-16,13.558011581157816
2016-09-17,27.025997556489088
2016-09-18,1.098575497495717
2016-09-19,0.404707627563641
2016-09-20,0.0006498465844397915
2016-09-21,0.0
2016-09-22,0.4181254208087921
2016-09-23,0.44211034425373735
2016-09-24,0.3623676736807001
2016-09-25,0.8483283355318266
2016-09-26,3.7935625314712524
2016-09-27,5.354420772914229
2016-09-28,0.04326412444613103
2016-09-29,0.0
2016-09-30,0.0
2016-10-01,0.05358248846284274
2016-10-02,0.5193231933075806
2016-10-03,0.05358248846284274
2016-10-04,0.1037474795854811
2016-10-05,0.19601644704054141
2016-10-06,1.6010690105372463
2016-10-07,0.001703585995810813
2016-10-08,0.0
2016-10-09,0.0
2016-10-10,0.0
2016-10-11,0.0
2016-10-12,0.0
2016-10-13,0.03353303426812435
2016-10-14,0.0029780131499764734
2016-10-15,1.505502569264379
2016-10-16,0.002597694510015948
2016-10-17,0.015313817509289446
2016-10-18,0.027896822012703996
2016-10-19,0.008358094327408692
2016-10-20,0.019673754942828213
2016-10-21,6.2723275094196715
2016-10-22,0.0
2016-10-23,0.0
2016-10-24,0.0
2016-10-25,0.0
2016-10-26,0.16351517277031108
2016-10-27,0.8386934358498146
2016-10-28,0.0
2016-10-29,0.0
2016-10-30,0.0
2016-10-31,0.0
2016-11-01,0.0
2016-11-02,0.8079252222488666
2016-11-03,0.21995577575831576
2016-11-04,0.9367299799261422
2016-11-05,0.0
2016-11-06,0.0
2016-11-07,1.7992205558152035
2016-11-08,13.47133786102821
2016-11-09,1.7171000899939701
2016-11-10,0.0
2016-11-11,0.0
2016-11-12,0.08167378424570479
2016-11-13,0.0
2016-11-14,0.0
2016-11-15,5.828412746560985
2016-11-16,0.0
2016-11-17,0.0
2016-11-18,0.2928912665309577
2016-11-19,1.9576680742461106
2016-11-20,0.0
2016-11-21,0.0
2016-11-22,0.0
2016-11-23,1.9630009470314815
2016-11-24,0.4939113300422142
2016-11-25,0.0
2016-11-26,0.0
2016-11-27,0.0
2016-11-28,0.7856320255789263
2016-11-29,15.238161448774667
2016-11-30,19.294060641321643
2016-12-01,0.0
2016-12-02,0.0
2016-12-03,12.587451277108029
2016-12-04,29.598861365482726
2016-12-05,19.17041203071331
2016-12-06,3.6241193310967805
2016-12-07,0.12845316940340504
2016-12-08,0.5021861822440706
2016-12-09,0.0
2016-12-10,0.0
2016-12-11,0.0
2016-12-12,6.752039005016458
2016-12-13,29.50172555857691
2016-12-14,2.9599474668502808
2016-12-15,0.011907940858910823
2016-12-16,0.034512481126324115
2016-12-17,0.8429027076425224
2016-12-18,14.02850212054006
2016-12-19,0.04025218253169943
2016-12-20,0.0
2016-12-21,0.0
2016-12-22,0.43616502971292054
2016-12-23,0.0021521660921656614
2016-12-24,0.09689340217777624
2016-12-25,0.21997520733817383
2016-12-26,0.13724548832095904
2016-12-27,0.9760189200269764
2016-12-28,0.30938485367544766
2016-12-29,4.109054951832213
2016-12-30,0.0
2016-12-31,8.561977041178736
2017-01-01,82.5683172817888
2017-01-02,7.604666134406781
2017-01-03,1.3679543425296914
2017-01-04,2.9418718848570152e-05
2017-01-05,0.9097187066900319
2017-01-06,20.887512108375287
2017-01-07,2.9980369641863067
2017-01-08,0.0
2017-01-09,0.0
2017-01-10,0.12170747050951267
2017-01-11,2.8067984622100304
2017-01-12,0.838667226248774
2017-01-13,1.7084044546916568
2017-01-14,0.012364098304433042
2017-01-15,0.20148524282307462
2017-01-16,1.0367436059590043
2017-01-17,0.7406075668746027
2017-01-18,1.6123152313561275
2017-01-19,49.411144519674366
2017-01-20,5.706967732001996
2017-01-21,32.16614611395474
2017-01-22,15.18678168592782
2017-01-23,1.5797800606694714
2017-01-24,0.0
2017-01-25,2.025019074308461
2017-01-26,12.959681642466578
2017-01-27,0.0
2017-01-28,0.0
2017-01-29,0.0
2017-01-30,0.0
2017-01-31,0.0
2017-02-01,0.009783908933529565
2017-02-02,0.2529917087020545
2017-02-03,0.24023958269892068
2017-02-04,0.0
2017-02-05,0.9344418213285249
2017-02-06,0.0328820975946969
2017-02-07,18.96478271484375
2017-02-08,0.6273395511610754
2017-02-09,0.7745989263057709
2017-02-10,0.0
2017-02-11,0.4083615701388696
2017-02-12,0.40029249786688337
2017-02-13,0.21136232854091916
2017-02-14,0.22114633625887078
2017-02-15,2.7225223712880036
2017-02-16,0.0
2017-02-17,5.019316829484085
2017-02-18,5.022159050250876
2017-02-19,0.0035930812431113988
2017-02-20,0.0274824945031312
2017-02-21,21.77368486338648
2017-02-22,0.7259671092033386
2017-02-23,0.0
2017-02-24,0.010233161725095826
2017-02-25,0.36970767687106953
2017-02-26,0.0
2017-02-27,8.703902129469247
2017-02-28,0.40833587790357656
2017-03-01,4.541748795016058
2017-03-02,1.2202842813627472
2017-03-03,0.0
2017-03-04,0.00687310109236117
2017-03-05,3.0909027395577264
2017-03-06,0.22173467586780415
2017-03-07,16.14795181669038
2017-03-08,16.503362754295612
2017-03-09,1.2417680729052116
2017-03-10,2.621007643896958
2017-03-11,1.1134814188398163
2017-03-12,14.01275006655989
2017-03-13,3.4648621000092605
2017-03-14,0.3377041056238372
2017-03-15,0.0
2017-03-16,0.0
2017-03-17,0.08043358108863749
2017-03-18,0.9619375631727022
2017-03-19,0.003483381913172017
2017-03-20,0.0
2017-03-21,0.0
2017-03-22,1.9660816868618613e-05
2017-03-23,0.0
2017-03-24,0.14761472904476627
2017-03-25,1.4515295953586185
2017-03-26,11.404898988789526
2017-03-27,15.952249329665612
2017-03-28,4.816303064083231
2017-03-29,0.6235190116125962
2017-03-30,18.37805573693637
2017-03-31,2.806902161959944
2017-04-01,0.0
2017-04-02,0.5955233882213461
2017-04-03,54.44851303100586
2017-04-04,0.0
2017-04-05,23.29243488969474
2017-04-06,0.0
2017-04-07,0.0
2017-04-08,0.0
2017-04-09,0.0
2017-04-10,0.0
2017-04-11,0.009052752613507468
2017-04-12,0.032212093456423486
2017-04-13,4.33092706049953e-05
2017-04-14,0.0
2017-04-15,0.08673364649815805
2017-04-16,0.5190030705215859
2017-04-17,5.950361913648145
2017-04-18,0.6549479244598027
2017-04-19,0.09901788995243962
2017-04-20,0.5023813096099886
2017-04-21,0.9639885425567627
2017-04-22,1.23697016979086
2017-04-23,18.071152193792933
2017-04-24,0.008007951048684531
2017-04-25,0.0
2017-04-26,0.0
2017-04-27,6.505185341012889
2017-04-28,0.6082140453930559
2017-04-29,0.6136107341996555
2017-04-30,10.489963860347354
2017-05-01,24.771175384521484
2017-05-02,0.12907934198477145
2017-05-03,2.2823017588977157
2017-05-04,60.22527471081964
2017-05-05,0.0023187344235464417
2017-05-06,0.0
2017-05-07,0.0
2017-05-08,0.0
2017-05-09,0.0
2017-05-10,0.0
2017-05-11,0.012372708465936112
2017-05-12,11.623953441093708
2017-05-13,4.655421113145763
2017-05-14,0.0
2017-05-15,3.607262724785712e-06
2017-05-16,0.0
2017-05-17,0.007420943744865985
2017-05-18,0.44258074308263845
2017-05-19,0.19464708659155616
2017-05-20,5.663060895327864
2017-05-21,17.592420742429535
2017-05-22,12.342933161505337
2017-05-23,64.32177944841057
2017-05-24,2.848445719686048
2017-05-25,5.422261993175951e-05
2017-05-26,0.0
2017-05-27,0.6075429546421972
2017-05-28,1.3356111378505313
2017-05-29,7.711461001429065
2017-05-30,3.848514647319399
2017-05-31,14.02481799290098
2017-06-01,1.5388663698887002
2017-06-02,6.722017238880026
2017-06-03,25.551802536536908
2017-06-04,7.03878456970741
2017-06-05,26.173975188156653
2017-06-06,19.08783215489881
2017-06-07,0.9066170762325155
2017-06-08,0.0
2017-06-09,0.0
2017-06-10,0.09053341684670284
2017-06-11,4.264655894246594
2017-06-12,8.640481932409878
2017-06-13,2.791028548931253
2017-06-14,2.634815265392435
2017-06-15,3.3660320166883797
2017-06-16,3.6238791942596436
2017-06-17,14.188590115514295
2017-06-18,4.107041178078487
2017-06-19,1.3387583391419773
2017-06-20,25.647553542564655
2017-06-21,87.05360596755455
2017-06-22,20.191775979666875
2017-06-23,11.07306036455878
2017-06-24,7.25504837364986
2017-06-25,0.20438344468330516
2017-06-26,0.004913235296985006
2017-06-27,0.0
2017-06-28,2.6158436988962106
2017-06-29,22.566518750684015
2017-06-30,12.306410213996624
2017-07-01,0.2520416759211442
2017-07-02,0.34865945269321574
2017-07-03,0.022680086950803625
2017-07-04,0.003857433659442026
2017-07-05,0.03454130309922942
2017-07-06,0.2485540105383201
2017-07-07,0.7260087120571527
2017-07-08,1.7887940136394624
2017-07-09,0.3069724951918911
2017-07-10,0.1917660076749222
2017-07-11,2.3810572007606767
2017-07-12,2.700083559957044
2017-07-13,8.382713087673846
2017-07-14,4.317830653026186
2017-07-15,15.362796750561944
2017-07-16,3.519618389935329
2017-07-17,23.24439186885439
2017-07-18,6.961049836257408
2017-07-19,0.912181975512669
2017-07-20,0.056864027608314466
2017-07-21,4.379331835385027
2017-07-22,14.08619393973515
2017-07-23,2.9022895385479104
2017-07-24,29.683213529915644
2017-07-25,16.967471352938947
2017-07-26,0.7407872461039444
2017-07-27,0.08627005872027628
2017-07-28,1.0406341679908078
2017-07-29,51.060962413919384
2017-07-30,0.05325848772993375
2017-07-31,0.005148524354244101
2017-08-01,0.003617954305935137
2017-08-02,0.021049317968045843
2017-08-03,0.20375566496032066
2017-08-04,0.15086306246190234
2017-08-05,0.35806898438724977
2017-08-06,17.038984035623486
2017-08-07,5.997782797648989
2017-08-08,7.818034402255354
2017-08-09,9.430470154203217
2017-08-10,23.727919085272426
2017-08-11,16.733408204440412
2017-08-12,2.4004852895078987
2017-08-13,6.502359340930807
2017-08-14,7.223399244505783
2017-08-15,25.44219391921471
2017-08-16,11.00770016374259
2017-08-17,1.3801491301635216
2017-08-18,1.310584818494731
2017-08-19,8.463007071922565
2017-08-20,0.3656221237675897
2017-08-21,0.43646291206622945
2017-08-22,5.7486862211391845
2017-08-23,1.8325205568609566
2017-08-24,11.584649398409088
2017-08-25,0.01601945323034607
2017-08-26,0.0275577088829997
2017-08-27,0.4291166699138181
2017-08-28,7.640958161189638
2017-08-29,21.377807386990252
2017-08-30,14.66630925803349
2017-08-31,11.062245845794678
2017-09-01,0.2960498666968839
2017-09-02,0.01201969121807608
2017-09-03,0.0
2017-09-04,0.0
2017-09-05,1.5370778955262283
2017-09-06,4.171249613679689
2017-09-07,0.0
2017-09-08,0.0
2017-09-09,0.0
2017-09-10,0.003265007432140731
2017-09-11,0.0
2017-09-12,0.19664336696010212
2017-09-13,0.06094588788932767
2017-09-14,0.17536384201255337
2017-09-15,0.6836267874158662
2017-09-16,4.734427752165959
2017-09-17,1.3465627719616067
2017-09-18,0.8628267933582437
2017-09-19,0.6852990866735064
2017-09-20,2.5586565424656045
2017-09-21,1.8285421749641155
2017-09-22,0.39181221533438254
2017-09-23,1.3734221232348476
2017-09-24,9.620209447268781
2017-09-25,0.4343400808243916
2017-09-26,1.0444465865348946
2017-09-27,0.5519053494108135
2017-09-28,0.09220078983344138
2017-09-29,0.002132799758391198
2017-09-30,0.0002951471371865221
2017-10-01,0.0004854437830890047
2017-10-02,1.1972918839290225
2017-10-03,2.2649222610825433e-05
2017-10-04,2.135293728095913e-05
2017-10-05,0.0
2017-10-06,0.0
2017-10-07,3.004809967402754
2017-10-08,8.922758102416992
2017-10-09,1.2655274313071678
2017-10-10,8.851502895355225
2017-10-11,0.959859506837253
2017-10-12,0.00308416787021119
2017-10-13,0.0008454302863763837
2017-10-14,2.3374809173000015e-06
2017-10-15,8.605572585401864
2017-10-16,1.2521007657051086
2017-10-17,0.0
2017-10-18,0.0
2017-10-19,0.0
2017-10-20,0.0007740311135923298
2017-10-21,2.4293787273867378
2017-10-22,52.72300601827687
2017-10-23,0.08044912884461469
2017-10-24,0.0
2017-10-25,0.0
2017-10-26,0.0
2017-10-27,0.024536604051686953
2017-10-28,4.1738875569968386
2017-10-29,0.0
2017-10-30,0.0
2017-10-31,0.0
2017-11-01,7.7543817717453525
2017-11-02,4.931203324219276
2017-11-03,0.4339040158123806
2017-11-04,1.4012009398690586
2017-11-05,0.1679382945956855
2017-11-06,0.36435456573963165
2017-11-07,0.057831493880728196
2017-11-08,2.211835433696878
2017-11-09,3.9243236245780158
2017-11-10,0.0
2017-11-11,0.4445476583365736
2017-11-12,0.5813329075944835
2017-11-13,0.4445476583365736
2017-11-14,0.4445476583365736
2017-11-15,0.4445476583365736
2017-11-16,0.0008281744622167778
2017-11-17,0.0029284044756987615
2017-11-18,0.25164046934966383
2017-11-19,3.252987060053595
2017-11-20,0.0
2017-11-21,3.1874792164769667
2017-11-22,0.006531104573915745
2017-11-23,0.006531104573915745
2017-11-24,0.006531104573915745
2017-11-25,0.006531104573915745
2017-11-26,0.0
2017-11-27,0.0
2017-11-28,0.0
2017-11-29,0.02316020759914456
2017-11-30,1.194063258582148
2017-12-01,0.011863310283435315
2017-12-02,0.03211451604448516
2017-12-03,2.3045615244913718e-05
2017-12-04,0.5882461628523367
2017-12-05,16.101509176451586
2017-12-06,20.77609417356294
2017-12-07,10.080711430516736
2017-12-08,33.34273706633469
2017-12-09,0.05641979338793919
2017-12-10,0.0
2017-12-11,0.9904719632247398
2017-12-12,0.9904719632247398
2017-12-13,0.9904719632247398
2017-12-14,0.9904719632247398
2017-12-15,0.9904719632247398
2017-12-16,0.0
2017-12-17,34.310334764677904
2017-12-18,10.066499200360528
2017-12-19,1.116169006660067
2017-12-20,3.244849583198284
2017-12-21,0.0013076116146262863
2017-12-22,5.094380851578096
2017-12-23,14.420976773932063
2017-12-24,0.0213295922648254
2017-12-25,0.0
2017-12-26,0.14540190031302386
2017-12-27,1.6487786046646793
2017-12-28,0.17721213201253577
2017-12-29,0.0015614994504019328
2017-12-30,0.021714494292672467
2017-12-31,0.4105086565852679
2018-01-01,0.0
2018-01-02,0.0
2018-01-03,2.646341610571434
2018-01-04,0.0
2018-01-05,0.0
2018-01-06,0.0
2018-01-07,0.43251413826284735
2018-01-08,32.40475654602051
2018-01-09,0.2671234248013332
2018-01-10,0.37808114393004055
2018-01-11,2.6028582905900888
2018-01-12,5.415509684332486
2018-01-13,0.0
2018-01-14,0.0
2018-01-15,0.0
2018-01-16,1.3535865833019387
2018-01-17,1.2268539153296372
2018-01-18,0.0
2018-01-19,0.0
2018-01-20,0.2156273375811248
2018-01-21,0.011422804319942048
2018-01-22,14.0215943763996
2018-01-23,0.0
2018-01-24,0.0
2018-01-25,0.0
2018-01-26,0.7952136181551834
2018-01-27,47.56031207380624
2018-01-28,25.589628515572382
2018-01-29,0.0012746279547894213
2018-01-30,0.0
2018-01-31,0.0
2018-02-01,0.14697631872419653
2018-02-02,1.127012248696952
2018-02-03,0.19565329443791818
2018-02-04,6.862305279435782
2018-02-05,0.0
2018-02-06,14.826012907357052
2018-02-07,28.037007101650897
2018-02-08,0.47001415889324816
2018-02-09,4.289975593829977
2018-02-10,13.810889572932803
2018-02-11,26.13551534455398
2018-02-12,3.2787268983906714
2018-02-13,0.13391999694807777
2018-02-14,0.4142940650726187
2018-02-15,0.6139901691469652
2018-02-16,0.8615606283319408
2018-02-17,0.5904481883706718
2018-02-18,0.2546619885954364
2018-02-19,0.4503012761987489
2018-02-20,0.6420283975272343
2018-02-21,1.120098074063145
2018-02-22,1.631808050619117
2018-02-23,6.864751795242572
2018-02-24,1.5933410417417
2018-02-25,8.078239986608768
2018-02-26,34.074574503405344
2018-02-27,0.3330842446664284
2018-02-28,3.6457107313748063
2018-03-01,0.1555985870032475
2018-03-02,0.0
2018-03-03,0.0
2018-03-04,0.0008877097821698107
2018-03-05,0.007156268019100715
2018-03-06,22.111366008890087
2018-03-07,0.0
2018-03-08,0.0
2018-03-09,0.0
2018-03-10,0.4829785608012101
2018-03-11,26.613095119081695
2018-03-12,0.013914281630824352
2018-03-13,0.0
2018-03-14,0.0
2018-03-15,0.0
2018-03-16,35.575379536069676
2018-03-17,4.141185123344948
2018-03-18,14.739410104422733
2018-03-19,1.4313118252260932
2018-03-20,0.0024583787177609086
2018-03-21,0.0
2018-03-22,0.0
2018-03-23,0.0
2018-03-24,0.1520123919793244
2018-03-25,1.5966359849633842
2018-03-26,2.1654587531911917
2018-03-27,0.6033754944801331
2018-03-28,2.743288443006318
2018-03-29,20.352118261929217
2018-03-30,0.011114189240696102
2018-03-31,0.0
2018-04-01,0.0
2018-04-02,0.0035144225272735388
2018-04-03,0.4771627639902049
2018-04-04,18.461943889486378
2018-04-05,0.0
2018-04-06,8.539621353149414
2018-04-07,27.85866750519851
2018-04-08,2.59234213417974
2018-04-09,0.8198099732398987
2018-04-10,0.7684493979503368
2018-04-11,0.0
2018-04-12,0.0
2018-04-13,1.0666665259812926e-05
2018-04-14,52.13204732434503
2018-04-15,24.686216091287548
2018-04-16,0.0
2018-04-17,0.0
2018-04-18,0.0
2018-04-19,0.0
2018-04-20,0.0
2018-04-21,0.053570789895181
2018-04-22,25.146276145145812
2018-04-23,0.05278756931937974
2018-04-24,0.04177616999067109
2018-04-25,0.0
2018-04-26,2.257040463644883
2018-04-27,0.02567469553443892
2018-04-28,0.0
2018-04-29,0.0
2018-04-30,0.0
2018-05-01,0.23153454540618534
2018-05-02,5.139139328344629e-06
2018-05-03,0.007110575326429358
2018-05-04,0.030329068319807792
2018-05-05,2.812285123200252
2018-05-06,0.0
2018-05-07,0.0
2018-05-08,0.0
2018-05-09,0.0
2018-05-10,0.0
2018-05-11,0.0
2018-05-12,0.0
2018-05-13,0.0
2018-05-14,0.0
2018-05-15,0.0
2018-05-16,1.4915814808216588
2018-05-17,2.750692260676417
2018-05-18,0.0627421890947454
2018-05-19,2.80677288667909
2018-05-20,2.581873321841503
2018-05-21,22.221184796300427
2018-05-22,3.162274516862014
2018-05-23,7.042064337894835
2018-05-24,9.307467559288288
2018-05-25,25.983258937967236
2018-05-26,22.0331611962154
2018-05-27,1.2230467549685775
2018-05-28,1.0833937566855858
2018-05-29,0.3892059778345042
2018-05-30,6.31245363169703
2018-05-31,3.6293073604846824
2018-06-01,0.2743519916488179
2018-06-02,0.25186265003064584
2018-06-03,1.4368221369282952
2018-06-04,0.4427539713937661
2018-06-05,2.705865107733628
2018-06-06,0.003091394086870172
2018-06-07,0.0
2018-06-08,0.006968824080480584
2018-06-09,2.637287402975148
2018-06-10,5.008905542307887
2018-06-11,6.49695557561414
2018-06-12,4.416977126022865
2018-06-13,0.9221592221794457
2018-06-14,2.8331196965842413
2018-06-15,9.64795813067206
2018-06-16,1.8886786987041604
2018-06-17,6.7714509881775955
2018-06-18,1.384388520799834
2018-06-19,0.4293799089460537
2018-06-20,0.3057212624056586
2018-06-21,15.930810073326374
2018-06-22,0.4360116350239721
2018-06-23,0.03625728716624194
2018-06-24,2.8759161233901978
2018-06-25,0.12787221295052562
2018-06-26,1.4872238430483589
2018-06-27,1.1535959038241157
2018-06-28,2.7725521901558183
2018-06-29,8.025031204881339
2018-06-30,2.6303459364792396
2018-07-01,3.7433346633253426
2018-07-02,17.338319811327704
2018-07-03,8.202082485988223
2018-07-04,1.861034724219092
2018-07-05,5.208658645892966
2018-07-06,3.183420949968798
2018-07-07,15.558705297009698
2018-07-08,5.353080174018597
2018-07-09,0.8787471055984497
2018-07-10,3.952404260635376
2018-07-11,6.65198460118524
2018-07-12,0.2629099925016535
2018-07-13,2.7979825817305466
2018-07-14,1.5476418815810105
2018-07-15,8.418481037534516
2018-07-16,6.204058211425255
2018-07-17,20.379986269720668
2018-07-18,7.916756333975957
2018-07-19,3.2680753469467163
2018-07-20,2.4960259980168837
2018-07-21,0.18931035504772745
2018-07-22,0.08200554042283831
2018-07-23,0.032705362083326125
2018-07-24,0.45143403960713024
2018-07-25,0.013404415944462707
2018-07-26,0.0
2018-07-27,0.0
2018-07-28,0.8953106773310694
2018-07-29,0.6613286065644232
2018-07-30,1.3664675375510906
2018-07-31,17.46298490721604
2018-08-01,6.382169476870833
2018-08-02,1.63965528072982
2018-08-03,4.421278147861876
2018-08-04,5.020399858211649
2018-08-05,1.9716845154762268
2018-08-06,0.3711053667397335
2018-08-07,0.05777489882090996
2018-08-08,1.749969453647219
2018-08-09,7.286680254442938
2018-08-10,5.868284340562491
2018-08-11,9.457530202536747
2018-08-12,7.143053334334801
2018-08-13,0.17887949827930022
2018-08-14,0.0075849617735065265
2018-08-15,5.83100308220962
2018-08-16,13.154480967028388
2018-08-17,16.481206532182366
2018-08-18,23.396975089763774
2018-08-19,24.464825334220098
2018-08-20,8.105224773801606
2018-08-21,0.0
2018-08-22,0.0
2018-08-23,0.0
2018-08-24,0.0
2018-08-25,0.0
2018-08-26,1.3431613095875443
2018-08-27,0.6125456639404955
2018-08-28,3.416965435291159
2018-08-29,4.118129047854193
2018-08-30,7.552273396787973
2018-08-31,2.022512304371801
2018-09-01,6.563595360723035
2018-09-02,2.3909342741144113
2018-09-03,0.49837068134340745
2018-09-04,6.167117792984535
2018-09-05,11.270422573747306
2018-09-06,2.4381292770648826
2018-09-07,0.5314211362394793
2018-09-08,0.20238271741003827
2018-09-09,3.793198273099702
2018-09-10,7.722452163696289
2018-09-11,21.17519372085045
2018-09-12,1.8137180640779693
2018-09-13,2.2161015313247154
2018-09-14,1.80224485027379
2018-09-15,0.8984645450937336
2018-09-16,0.24650375801941443
2018-09-17,0.44704465208382443
2018-09-18,0.21547575192204838
2018-09-19,0.0010261804343136992
2018-09-20,0.8009025711437752
2018-09-21,1.004038286620173
2018-09-22,1.7946430280290802
2018-09-23,0.9468949642674677
2018-09-24,8.851508041908001
2018-09-25,3.517685026958071
2018-09-26,24.552124483831996
2018-09-27,9.203917454028952
2018-09-28,0.8783943910023262
2018-09-29,1.054968347323352
2018-09-30,1.778367128865472
2018-10-01,9.838153806226007
2018-10-02,0.9887853984175057
2018-10-03,0.5190752153766567
2018-10-04,0.25829227422845774
2018-10-05,0.000933852422067189
2018-10-06,2.519248308806584
2018-10-07,0.4657556180810106
2018-10-08,0.2584236454347084
2018-10-09,0.774722446655405
2018-10-10,0.6644978019697912
2018-10-11,0.044736287331786646
2018-10-12,0.0
2018-10-13,0.0
2018-10-14,0.028680265559975444
2018-10-15,4.286750407054506
2018-10-16,0.0
2018-10-17,0.0
2018-10-18,0.0
2018-10-19,0.0
2018-10-20,0.0
2018-10-21,0.0009613163399927575
2018-10-22,0.0
2018-10-23,0.3057005064369276
2018-10-24,0.0
2018-10-25,35.258324327140016
2018-10-26,8.416268184267242
2018-10-27,0.0
2018-10-28,0.0012343012635467638
2018-10-29,0.0
2018-10-30,0.0
2018-10-31,1.917901745644109
2018-11-01,44.45795098666487
2018-11-02,0.10907164061891622
2018-11-03,0.0
2018-11-04,6.4057908962512835
2018-11-05,6.228592864398299
2018-11-06,22.036512835272426
2018-11-07,13.41603397500926
2018-11-08,6.76340469820746
2018-11-09,11.964250482361892
2018-11-10,0.06762940346680839
2018-11-11,1.3227130297956795
2018-11-12,47.67369960916454
2018-11-13,8.576226415305301
2018-11-14,0.09880561009049416
2018-11-15,0.0
2018-11-16,0.0
2018-11-17,0.0
2018-11-18,0.0
2018-11-19,0.4304774245568391
2018-11-20,8.945479754743905
2018-11-21,0.0
2018-11-22,0.023216077544052024
2018-11-23,0.6463493632859197
2018-11-24,9.974462870893808
2018-11-25,4.113683314158998
2018-11-26,0.015984266739467096
2018-11-27,0.0
2018-11-28,0.0
2018-11-29,0.22807642149514165
2018-11-30,2.601554878826799
2018-12-01,12.777278817933182
2018-12-02,0.0
2018-12-03,0.0
2018-12-04,0.0
2018-12-05,0.0
2018-12-06,0.0
2018-12-07,1.4561330203352303
2018-12-08,46.563760954758216
2018-12-09,0.9246112642617061
2018-12-10,0.0
2018-12-11,0.0
2018-12-12,0.0
2018-12-13,11.83234326592807
2018-12-14,5.8365937430283115
2018-12-15,0.6284327897532233
2018-12-16,0.026936624006464564
2018-12-17,0.0
2018-12-18,0.0002974744099352894
2018-12-19,24.823811498181573
2018-12-20,9.086166825787775
2018-12-21,0.0
2018-12-22,0.0
2018-12-23,0.0
2018-12-24,0.0
2018-12-25,0.0
2018-12-26,0.20820700788292393
2018-12-27,51.285833292994006
2018-12-28,71.33425627083614
2018-12-29,22.799928007454707
2018-12-30,8.735431309404044
2018-12-31,17.456813253205397
2019-01-01,2.312826263493505
2019-01-02,10.887682322798105
2019-01-03,32.643458925444506
2019-01-04,30.218330251759497
2019-01-05,4.029134489146286e-05
2019-01-06,0.0
2019-01-07,0.0
2019-01-08,0.9828552331390052
2019-01-09,0.0
2019-01-10,0.0
2019-01-11,0.0
2019-01-12,7.939575968117549
2019-01-13,0.03210942765922639
2019-01-14,0.00185354372309842
2019-01-15,0.0020034633354075126
2019-01-16,0.0
2019-01-17,2.4419922746461014
2019-01-18,0.5898850426591676
2019-01-19,18.793610112420446
2019-01-20,8.382476015209125e-05
2019-01-21,0.0
2019-01-22,0.1905158619428503
2019-01-23,34.06679284983668
2019-01-24,0.7665240826277897
2019-01-25,0.0
2019-01-26,0.0
2019-01-27,0.21477703339066997
2019-01-28,0.02353055455625571
2019-01-29,8.975047571905728
2019-01-30,0.0
2019-01-31,0.0
2019-02-01,0.0007497365705634804
2019-02-02,0.004195220824150401
2019-02-03,0.06349855648546383
2019-02-04,0.21692203139436655
2019-02-05,4.880034549482938
2019-02-06,1.4658012513456673
2019-02-07,0.9690094569633747
2019-02-08,7.376342387034975
2019-02-09,0.030666795912487752
2019-02-10,0.015764553059727467
2019-02-11,3.7190964797447466
2019-02-12,34.550986980569775
2019-02-13,0.0
2019-02-14,0.0
2019-02-15,3.5397384372250786
2019-02-16,0.7713652140107649
2019-02-17,2.3473874926567078
2019-02-18,1.4573991421995491
2019-02-19,1.875009707335768
2019-02-20,21.870938991678173
2019-02-21,42.650426009605674
2019-02-22,5.405856773771089
2019-02-23,9.35361908222067
2019-02-24,5.038317392612326
2019-02-25,0.0061162945991060855
2019-02-26,11.880273687428442
2019-02-27,0.315268495730285
2019-02-28,19.25882004047262
2019-03-01,12.783300860174771
2019-03-02,0.7408879810366137
2019-03-03,27.97288546068915
2019-03-04,0.5622446799072726
2019-03-05,1.9368692636489868
2019-03-06,0.0
2019-03-07,1.931777522509821e-05
2019-03-08,0.4740769164315585
2019-03-09,0.39197374520630673
2019-03-10,3.69033773192044
2019-03-11,4.704632520675659
2019-03-12,0.14081920066784168
2019-03-13,0.6981023508926918
2019-03-14,5.275063152970938
2019-03-15,4.80842166111387
2019-03-16,3.8348403305842957
2019-03-17,2.6432837330061814
2019-03-18,2.6432837330061814
2019-03-19,2.6432837330061814
2019-03-20,2.6432837330061814
2019-03-21,0.0
2019-03-22,0.0
2019-03-23,0.0
2019-03-24,0.0
2019-03-25,0.0
2019-03-26,0.33929699094131077
2019-03-27,0.0
2019-03-28,0.0
2019-03-29,0.05535563184269544
2019-03-30,2.138587846838195
2019-03-31,12.182114107855435
2019-04-01,0.0027471236916708536
2019-04-02,1.1212137300392677
2019-04-03,0.0
2019-04-04,31.959283368340856
2019-04-05,19.071573849382073
2019-04-06,8.426487051207443
2019-04-07,0.6543495757826443
2019-04-08,20.16665419216814
2019-04-09,2.0920051706248315
2019-04-10,0.0
2019-04-11,0.0
2019-04-12,15.133518942471209
2019-04-13,5.629592065153451
2019-04-14,19.271729370643353
2019-04-15,0.0
2019-04-16,0.0
2019-04-17,0.011585470465622071
2019-04-18,51.30888287774448
2019-04-19,25.595071397978685
2019-04-20,1.4883103473433132
2019-04-21,0.0
2019-04-22,0.0
2019-04-23,0.0
2019-04-24,0.049610926609100964
2019-04-25,8.980948941460971
2019-04-26,5.518803218315387
2019-04-27,0.0
2019-04-28,0.0
2019-04-29,0.00043220788336776456
2019-04-30,0.0
2019-05-01,0.7963363425485019
2019-05-02,0.04840226291582502
2019-05-03,0.4448782745106467
2019-05-04,20.794870639669483
2019-05-05,1.6341985926545899
2019-05-06,0.0
2019-05-07,3.0327299915872322e-05
2019-05-08,6.1986454930798764
2019-05-09,28.510378410076274
2019-05-10,22.09683319617962
2019-05-11,59.68491468758419
2019-05-12,19.379550374787428
2019-05-13,0.009496811050761106
2019-05-14,0.0
2019-05-15,0.37990003002100975
2019-05-16,0.06181226368062198
2019-05-17,0.0002034097249571491
2019-05-18,0.4759443936676815
2019-05-19,28.830753523727942
2019-05-20,1.567852073702319
2019-05-21,0.0
2019-05-22,0.0
2019-05-23,0.0
2019-05-24,0.0
2019-05-25,0.0
2019-05-26,0.007504055188198028
2019-05-27,0.0026887169224210083
2019-05-28,0.001781016829070346
2019-05-29,0.0023084129126549795
2019-05-30,0.0006089655818931501
2019-05-31,0.06472802836576412
2019-06-01,0.05204206004995724
2019-06-02,0.0
2019-06-03,0.0
2019-06-04,0.00320009404697038
2019-06-05,3.5644229609390785
2019-06-06,44.39240541129276
2019-06-07,2.128612725899137
2019-06-08,3.315812452086087
2019-06-09,0.08570410388297048
2019-06-10,0.10336543593941064
2019-06-11,0.014393150079834821
2019-06-12,0.00023554193642761172
2019-06-13,0.0
2019-06-14,0.0
2019-06-15,5.20454895907435
2019-06-16,1.4533093900516116
2019-06-17,6.145168764837857
2019-06-18,7.104142698748358
2019-06-19,0.27364395301917505
2019-06-20,1.3274732684266979
2019-06-21,1.421939208589751
2019-06-22,0.08390826860378528
2019-06-23,3.5268381957350106
2019-06-24,4.09294922598477
2019-06-25,0.601775881545297
2019-06-26,0.36596942359003526
2019-06-27,11.372766034356479
2019-06-28,1.3478746465567886
2019-06-29,0.9404055260378739
2019-06-30,2.4428637726553557
2019-07-01,0.060655779173148086
2019-07-02,1.958138022957177
2019-07-03,0.17072264686355304
2019-07-04,0.016256203445413245
2019-07-05,0.15121904815193907
2019-07-06,0.32555843735563345
2019-07-07,1.0036588167322094
2019-07-08,1.6647011678794335
2019-07-09,0.14204851525097056
2019-07-10,2.1379879507525215
2019-07-11,6.682220952264194
2019-07-12,0.9106559445118082
2019-07-13,52.924909920528016
2019-07-14,49.651473341317015
2019-07-15,16.540304545698493
2019-07-16,3.280947886664292
2019-07-17,0.05670923723614421
2019-07-18,1.0034367452407706
2019-07-19,0.8878291059156944
2019-07-20,7.35280206285674
2019-07-21,5.331383384507278
2019-07-22,4.1556766403132475
2019-07-23,6.237975424733655
2019-07-24,0.02298033759319063
2019-07-25,0.0
2019-07-26,0.0
2019-07-27,0.009568786087991863
2019-07-28,0.001455867554639177
2019-07-29,0.014499916976060847
2019-07-30,5.34652802039837
2019-07-31,0.8439368358973799
2019-08-01,1.0909163879937138
2019-08-02,3.0976181770193167
2019-08-03,1.6037069029849151
2019-08-04,3.3484613926246247
2019-08-05,3.6156929320302504
2019-08-06,2.2380161408720345
2019-08-07,6.467057902237465
2019-08-08,6.528408515042272
2019-08-09,2.9167399611966363
2019-08-10,16.063056320979676
2019-08-11,6.669386175172082
2019-08-12,1.1130647104361961
2019-08-13,1.2730917695524364
2019-08-14,36.767589001820006
2019-08-15,1.4244395053849137
2019-08-16,0.0
2019-08-17,0.0
2019-08-18,10.024421478139944
2019-08-19,8.927959869647848
2019-08-20,0.8042184679672636
2019-08-21,14.368002579129975
2019-08-22,0.2812206858190997
2019-08-23,5.971680238329131
2019-08-24,2.2144941338177384
2019-08-25,10.386305282855856
2019-08-26,52.102738742170665
2019-08-27,3.255777589206038
2019-08-28,16.589888474036908
2019-08-29,0.0
2019-08-30,0.0
2019-08-31,0.00026715487434432423
2019-09-01,0.38522745720271406
2019-09-02,0.0794201860653943
2019-09-03,0.0
2019-09-04,0.0
2019-09-05,0.018118817905156778
2019-09-06,0.0
2019-09-07,0.2772279741435215
2019-09-08,0.337972655378539
2019-09-09,10.431308055746145
2019-09-10,0.26409806927730295
2019-09-11,0.7072363346815109
2019-09-12,0.0
2019-09-13,0.0
2019-09-14,0.0
2019-09-15,0.5142659786446341
2019-09-16,1.4662291592565075
2019-09-17,0.1719449235062147
2019-09-18,0.022719818175417083
2019-09-19,4.350830258994267
2019-09-20,0.14036628934715328
2019-09-21,0.6638708392093922
2019-09-22,0.2822277556205618
2019-09-23,0.06163797943435352
2019-09-24,0.7048444860968096
2019-09-25,0.022913534868637037
2019-09-26,0.0
2019-09-27,0.0
2019-09-28,1.3133451424796005
2019-09-29,0.0
2019-09-30,0.0
2019-10-01,0.5507426182257718
2019-10-02,0.0
2019-10-03,0.33702736739711514
2019-10-04,8.54405692528034
2019-10-05,6.978912024662413
2019-10-06,1.2222736765598428
2019-10-07,9.619021752784992
2019-10-08,0.10440566432501736
2019-10-09,0.00015152179222586084
2019-10-10,1.6960082979037845
2019-10-11,3.4580906547349075
2019-10-12,1.4537496556495797
2019-10-13,0.6968552994317022
2019-10-14,3.8390916318729005
2019-10-15,22.86604621492583
2019-10-16,50.00070440358129
2019-10-17,0.0
2019-10-18,0.0016028424142859876
2019-10-19,0.4032298583408882
2019-10-20,1.1760731791627819
2019-10-21,13.684567747444943
2019-10-22,0.547868223025881
2019-10-23,0.0
2019-10-24,0.0
2019-10-25,32.95561172222269
2019-10-26,57.98676063274515
2019-10-27,0.0698135931944025
2019-10-28,0.01553116143070932
2019-10-29,3.432209479397741
2019-10-30,56.361611596469224
2019-10-31,27.629054036633722
2019-11-01,0.49894914904545096
2019-11-02,0.49894914904545096
2019-11-03,0.49894914904545096
2019-11-04,0.6002063995291447
2019-11-05,1.3613419018942734
2019-11-06,0.0
2019-11-07,6.106399881428685
2019-11-08,1.6717865220431625
2019-11-09,0.0
2019-11-10,0.0
2019-11-11,1.013665038963844
2019-11-12,5.9460087973496005
2019-11-13,0.0
2019-11-14,0.9197222158826631
2019-11-15,4.842674312920406
2019-11-16,0.34131126671001827
2019-11-17,0.34131126671001827
2019-11-18,0.34131126671001827
2019-11-19,0.34131126671001827
2019-11-20,0.34131126671001827
2019-11-21,0.0
2019-11-22,2.3411831115854196
2019-11-23,15.505981215115252
2019-11-24,0.0
2019-11-25,0.0
2019-11-26,0.9692601643759629
2019-11-27,5.705427519206343
2019-11-28,0.0
2019-11-29,0.0
2019-11-30,0.14364423050448813
2019-12-01,0.859135165810585
2019-12-02,0.0
2019-12-03,0.0
2019-12-04,0.0
2019-12-05,0.0
2019-12-06,3.3816248969785097
2019-12-07,0.04796423626549799
2019-12-08,0.02609973816714924
2019-12-09,0.14107712454580026
2019-12-10,6.849879092183606
2019-12-11,13.756739649279364
2019-12-12,0.21924932750648465
2019-12-13,4.2913823785453005
2019-12-14,0.5119884712942715
2019-12-15,0.06973497691596377
2019-12-16,4.880951536112819
2019-12-17,49.87008588067417
2019-12-18,0.0
2019-12-19,0.0
2019-12-20,0.0
2019-12-21,9.063381244396341
2019-12-22,18.120467087318158
2019-12-23,3.0419928287637643
2019-12-24,0.0
2019-12-25,0.04905123257174574
2019-12-26,0.13484271268906264
2019-12-27,4.855080682655861
2019-12-28,3.5884154171779237
2019-12-29,1.9769908765266682
2019-12-30,1.0851588382803161
2019-12-31,0.0
