,precipitation
1989-01-01,19.355492498066
1989-01-02,0.0
1989-01-03,13.563405233681706
1989-01-04,0.0
1989-01-05,0.0
1989-01-06,0.6233348722942396
1989-01-07,0.2822509372189694
1989-01-08,1.268563073506553
1989-01-09,0.5519836562791315
1989-01-10,2.154365270854409
1989-01-11,0.6680266569010872
1989-01-12,0.07785401576157035
1989-01-13,1.793158217534966
1989-01-14,0.22282766508052446
1989-01-15,2.4959230204209586
1989-01-16,0.02357826504287935
1989-01-17,0.0
1989-01-18,0.0
1989-01-19,0.5879562449462991
1989-01-20,11.06458664557521
1989-01-21,0.00030863559825028864
1989-01-22,0.00030863559825028864
1989-01-23,0.00030863559825028864
1989-01-24,1.3882601635787695
1989-01-25,0.00030863559825028864
1989-01-26,0.0
1989-01-27,5.57796657411569
1989-01-28,0.0
1989-01-29,0.0003708694719733399
1989-01-30,6.999882647292224
1989-01-31,0.0
1989-02-01,0.2919207518917633
1989-02-02,0.03797376734122268
1989-02-03,1.0700345043528003
1989-02-04,0.5632621114841415
1989-02-05,0.9448205127674235
1989-02-06,11.214326648299954
1989-02-07,6.002517610038395
1989-02-08,0.0
1989-02-09,0.0
1989-02-10,0.0
1989-02-11,0.0
1989-02-12,0.0
1989-02-13,0.032050965738318116
1989-02-14,0.46799924532723064
1989-02-15,0.7583934465128498
1989-02-16,0.06717479388034173
1989-02-17,1.2965768505415662
1989-02-18,8.722971814164682
1989-02-19,5.907478907638539
1989-02-20,15.001013043894824
1989-02-21,0.0
1989-02-22,0.0
1989-02-23,0.0
1989-02-24,0.0
1989-02-25,0.0
1989-02-26,0.3078039072592778
1989-02-27,3.683051786802583
1989-02-28,17.61038453041903
1989-03-01,0.39384190919512707
1989-03-02,7.977401795756721
1989-03-03,11.849778679499337
1989-03-04,2.212539529251551
1989-03-05,7.336026767808694
1989-03-06,17.98697439203301
1989-03-07,0.0
1989-03-08,0.00830635767209692
1989-03-09,0.0
1989-03-10,0.0
1989-03-11,0.0
1989-03-12,0.0
1989-03-13,0.0
1989-03-14,0.012322212885013619
1989-03-15,0.3933909995646603
1989-03-16,0.4546753347785229
1989-03-17,0.502503155014848
1989-03-18,0.008281780713351877
1989-03-19,0.0
1989-03-20,0.03880966645294043
1989-03-21,23.395437317542203
1989-03-22,18.980223416727622
1989-03-23,46.09833499644304
1989-03-24,0.014563935382845684
1989-03-25,0.0
1989-03-26,0.0
1989-03-27,0.0
1989-03-28,0.0
1989-03-29,0.0018532359249903237
1989-03-30,28.994467184280456
1989-03-31,0.7973473416083494
1989-04-01,0.0
1989-04-02,0.0
1989-04-03,0.3154807839571398
1989-04-04,10.240165255226847
1989-04-05,61.14479974866609
1989-04-06,0.02106675010374278
1989-04-07,1.4265596357575479
1989-04-08,9.501259949981588
1989-04-09,13.814096698887033
1989-04-10,4.092528658503901
1989-04-11,0.01607787273664296
1989-04-12,0.0
1989-04-13,0.0
1989-04-14,0.0
1989-04-15,11.327460317422812
1989-04-16,0.0
1989-04-17,0.0
1989-04-18,0.0
1989-04-19,0.0
1989-04-20,0.0
1989-04-21,0.005325360002099421
1989-04-22,0.0008951121543399777
1989-04-23,0.0008951121543399777
1989-04-24,0.0008951121543399777
1989-04-25,0.0008951121543399777
1989-04-26,0.007033878085445236
1989-04-27,0.0
1989-04-28,0.0017772184012678487
1989-04-29,3.8105236951315424
1989-04-30,0.6791321837295978
1989-05-01,14.074699017798588
1989-05-02,0.0024509401635587538
1989-05-03,0.001961239859769278
1989-05-04,7.51073481775301
1989-05-05,24.336753908323352
1989-05-06,0.14143962030908314
1989-05-07,0.0
1989-05-08,0.0
1989-05-09,7.928692921100878
1989-05-10,22.16631567730554
1989-05-11,0.0
1989-05-12,0.0
1989-05-13,1.3492207601897916
1989-05-14,3.492577799318733
1989-05-15,3.5745397941369625
1989-05-16,0.0
1989-05-17,0.0
1989-05-18,0.11727578150712674
1989-05-19,9.758216251512232
1989-05-20,5.356921400031707
1989-05-21,0.9902900051765858
1989-05-22,1.152552181586262
1989-05-23,9.891832583677045
1989-05-24,0.25582788475798623
1989-05-25,0.016838966900508963
1989-05-26,0.4510618491471525
1989-05-27,1.0312255038787108
1989-05-28,5.120898031659169e-06
1989-05-29,0.0
1989-05-30,0.0
1989-05-31,0.07762249615734837
1989-06-01,1.904171655620606
1989-06-02,1.0445104682750288
1989-06-03,1.6743189106502558
1989-06-04,5.178375548521057
1989-06-05,23.227108794574853
1989-06-06,20.27081331698544
1989-06-07,0.07984196478916775
1989-06-08,13.286427341090162
1989-06-09,9.367710852656263
1989-06-10,0.006883808396113711
1989-06-11,0.026029236377791278
1989-06-12,0.5881571456608701
1989-06-13,1.5955466125632498
1989-06-14,6.3714675054716325
1989-06-15,35.748552033125065
1989-06-16,71.19577569526078
1989-06-17,0.18821037421333162
1989-06-18,1.6541168814884228
1989-06-19,33.68491930442602
1989-06-20,28.383927154002905
1989-06-21,31.042561956859547
1989-06-22,20.470415999036504
1989-06-23,2.4225178989244722
1989-06-24,0.9396609833315337
1989-06-25,0.4347008554676979
1989-06-26,0.3281374680590571
1989-06-27,0.4182832134398949
1989-06-28,3.954363592054506
1989-06-29,12.303895049772278
1989-06-30,5.016411901938822
1989-07-01,6.422582902091108
1989-07-02,36.6946936593364
1989-07-03,46.854709014480235
1989-07-04,29.071372755033224
1989-07-05,11.129546994092419
1989-07-06,10.670480841182341
1989-07-07,1.9714442504133527
1989-07-08,6.50680011489495
1989-07-09,2.5300259450520426
1989-07-10,0.9783618750080227
1989-07-11,2.846248140142124
1989-07-12,2.183613251307634
1989-07-13,12.13702159643256
1989-07-14,1.9806881760613557
1989-07-15,2.3136587238010815
1989-07-16,7.869406261154677
1989-07-17,0.1602613764325525
1989-07-18,0.002826404789068645
1989-07-19,8.287898452943708
1989-07-20,8.977167328588054
1989-07-21,7.537424969932381
1989-07-22,4.765784925091469
1989-07-23,8.339741381446608
1989-07-24,2.80653627350622
1989-07-25,0.1617178330843001
1989-07-26,5.710437540355761
1989-07-27,2.9132825928629473
1989-07-28,0.7507963469036529
1989-07-29,0.3030463004639736
1989-07-30,1.3314198964098283
1989-07-31,1.6712058163376844
1989-08-01,0.15550183213925295
1989-08-02,0.7307205383536451
1989-08-03,0.30805264717563174
1989-08-04,0.026889940548650515
1989-08-05,0.0
1989-08-06,0.13242147714373262
1989-08-07,0.9007326671547405
1989-08-08,0.0
1989-08-09,0.0609435103558553
1989-08-10,0.07696295772564901
1989-08-11,0.09292200651738247
1989-08-12,0.03043774630175865
1989-08-13,1.322868287051345
1989-08-14,3.0021507731568677
1989-08-15,21.884708573428707
1989-08-16,5.1797847267798875
1989-08-17,5.195023582851001
1989-08-18,0.8108477805202109
1989-08-19,0.04814591980849848
1989-08-20,0.46352873483383983
1989-08-21,0.14717308035801463
1989-08-22,1.4841549328988763
1989-08-23,0.3973423237292512
1989-08-24,0.46468466422875326
1989-08-25,0.6181024677012052
1989-08-26,0.9341756747331249
1989-08-27,0.9024876554864052
1989-08-28,0.9774781816621635
1989-08-29,0.8152883211785454
1989-08-30,12.503788470570047
1989-08-31,5.2972009194424885
1989-09-01,4.821741335727315
1989-09-02,2.99213989101887
1989-09-03,1.398434072344458
1989-09-04,0.19071313176978358
1989-09-05,0.03288877446108106
1989-09-06,0.9931325361664386
1989-09-07,1.3800863995861052
1989-09-08,0.7819919483303196
1989-09-09,0.2975846938415788
1989-09-10,9.221650445660046
1989-09-11,4.729210586002147
1989-09-12,4.477980754530901
1989-09-13,1.5924614633695757
1989-09-14,0.15790861119853056
1989-09-15,5.1255572699644905
1989-09-16,1.8788857076397196
1989-09-17,0.000424755015523251
1989-09-18,0.0
1989-09-19,0.0
1989-09-20,0.10047473573747684
1989-09-21,12.259467342192501
1989-09-22,33.02441124735715
1989-09-23,6.348461537679661
1989-09-24,0.074973531191444
1989-09-25,8.077227766757746
1989-09-26,1.0777325143238117
1989-09-27,0.14848965818900925
1989-09-28,3.745326085498454
1989-09-29,4.707127998471561
1989-09-30,23.548133194183514
1989-10-01,62.89074793170758
1989-10-02,0.04954795332507643
1989-10-03,2.497622261494668e-06
1989-10-04,0.0
1989-10-05,0.0
1989-10-06,0.0
1989-10-07,0.09554937584512706
1989-10-08,0.011273316923933267
1989-10-09,0.0
1989-10-10,0.0
1989-10-11,0.0
1989-10-12,0.0
1989-10-13,0.0
1989-10-14,0.018503728720425803
1989-10-15,1.0188617800582773
1989-10-16,2.7561255860048677
1989-10-17,24.803273273975137
1989-10-18,5.1392060126076755
1989-10-19,0.21439133500801394
1989-10-20,0.006804213615277232
1989-10-21,0.0
1989-10-22,0.0
1989-10-23,0.0
1989-10-24,0.0
1989-10-25,0.0
1989-10-26,0.0
1989-10-27,0.0
1989-10-28,0.0
1989-10-29,0.0
1989-10-30,0.02704173820364162
1989-10-31,0.48756031979957504
1989-11-01,0.0009190858157145739
1989-11-02,1.078744621858791
1989-11-03,0.0
1989-11-04,0.0
1989-11-05,0.0
1989-11-06,12.403964409447688
1989-11-07,4.740354440668188
1989-11-08,16.813708236922068
1989-11-09,4.678712101108899
1989-11-10,0.0
1989-11-11,0.0
1989-11-12,0.0
1989-11-13,0.0
1989-11-14,14.879340198295306
1989-11-15,9.927052603721707
1989-11-16,23.702881699861273
1989-11-17,0.0
1989-11-18,0.0
1989-11-19,0.0
1989-11-20,0.0
1989-11-21,0.0
1989-11-22,6.910902762281216
1989-11-23,23.527716499707598
1989-11-24,0.0
1989-11-25,0.09324857071652784
1989-11-26,0.3436063252701049
1989-11-27,0.043825886706200703
1989-11-28,5.514668805516059
1989-11-29,0.0032191276683885494
1989-11-30,0.0
1989-12-01,0.0
1989-12-02,0.0
1989-12-03,0.0
1989-12-04,0.0
1989-12-05,0.0
1989-12-06,0.3819870332561092
1989-12-07,19.49274423808059
1989-12-08,76.76588498132755
1989-12-09,7.58366473017958
1989-12-10,0.03349761233616035
1989-12-11,0.2007160074009226
1989-12-12,30.83333899646793
1989-12-13,0.0028026034304548587
1989-12-14,0.0
1989-12-15,2.933980620813525
1989-12-16,0.022201900785709935
1989-12-17,0.0
1989-12-18,16.376658969308618
1989-12-19,13.443028039781723
1989-12-20,0.06370575327421495
1989-12-21,0.0008723035591300684
1989-12-22,2.869744080047599e-06
1989-12-23,0.5091862871625443
1989-12-24,0.2220290213053474
1989-12-25,0.17618465821679077
1989-12-26,0.0
1989-12-27,0.0
1989-12-28,0.0
1989-12-29,0.6020449573024427
1989-12-30,1.6253508485117392
1989-12-31,24.091633267156194
1990-01-01,0.0750815710665439
1990-01-02,1.003870971048829
1990-01-03,0.21300217969556304
1990-01-04,9.285037669576184
1990-01-05,8.573917990958508
1990-01-06,25.032972447607786
1990-01-07,20.36220910418841
1990-01-08,6.6357763992297745
1990-01-09,0.0
1990-01-10,0.000681848428551202
1990-01-11,0.10310444485646084
1990-01-12,0.10310444485646084
1990-01-13,0.10310444485646084
1990-01-14,0.4438828317278492
1990-01-15,0.10310444485646084
1990-01-16,0.0
1990-01-17,0.028207378287803488
1990-01-18,14.555079274709444
1990-01-19,16.38496148766277
1990-01-20,3.6188880160553687
1990-01-21,32.204530978438775
1990-01-22,0.0
1990-01-23,0.0
1990-01-24,39.67830389196244
1990-01-25,54.40978892678117
1990-01-26,0.09752916037392416
1990-01-27,0.0
1990-01-28,0.0
1990-01-29,21.322353441148415
1990-01-30,0.6230376261112545
1990-01-31,0.0
1990-02-01,0.09330802646282467
1990-02-02,3.606657030401012
1990-02-03,2.2126817320248664
1990-02-04,11.02097511941341
1990-02-05,0.4027395001907894
1990-02-06,0.002943588464878412
1990-02-07,12.49461574792909
1990-02-08,0.0
1990-02-09,11.259650307013361
1990-02-10,32.6723685402317
1990-02-11,0.0
1990-02-12,0.0
1990-02-13,0.0
1990-02-14,6.543313254719845
1990-02-15,11.719113009860909
1990-02-16,50.25669629624242
1990-02-17,0.0009314745507970506
1990-02-18,6.072892698595685
1990-02-19,70.9758502342195
1990-02-20,0.0
1990-02-21,1.4857015995814497e-05
1990-02-22,28.246317635888513
1990-02-23,0.9181715765395821
1990-02-24,0.16266727977509682
1990-02-25,0.0
1990-02-26,0.0
1990-02-27,0.0
1990-02-28,0.08175915357511089
1990-03-01,0.12547923034869454
1990-03-02,11.803816338382951
1990-03-03,0.6464643430755573
1990-03-04,0.0
1990-03-05,0.0
1990-03-06,0.0
1990-03-07,0.008187141704675566
1990-03-08,1.9564486679140978
1990-03-09,7.479741402520837
1990-03-10,0.7976101130760515
1990-03-11,0.0
1990-03-12,0.0
1990-03-13,0.0
1990-03-14,0.20509720718488164
1990-03-15,8.940607261576135
1990-03-16,85.43994742214403
1990-03-17,109.1974906047675
1990-03-18,0.0
1990-03-19,0.04835565048612818
1990-03-20,0.0
1990-03-21,0.0
1990-03-22,0.0
1990-03-23,0.0
1990-03-24,0.19572137028431716
1990-03-25,0.00535308841534418
1990-03-26,2.348956138114835
1990-03-27,0.08480228565213487
1990-03-28,0.012037824298364305
1990-03-29,10.065157812905468
1990-03-30,5.294352331327201
1990-03-31,5.152890411548311
1990-04-01,1.017473014719651
1990-04-02,6.911956147125583
1990-04-03,0.0118913029645794
1990-04-04,0.0
1990-04-05,0.4349887292090926
1990-04-06,6.392990984136706
1990-04-07,2.7932426049110837
1990-04-08,0.0
1990-04-09,0.0
1990-04-10,7.214900812765908
1990-04-11,17.67208986842734
1990-04-12,0.0
1990-04-13,0.0
1990-04-14,1.3981792713021788
1990-04-15,10.871325079325219
1990-04-16,0.0
1990-04-17,0.0
1990-04-18,0.0
1990-04-19,0.0
1990-04-20,0.0
1990-04-21,0.0
1990-04-22,0.0
1990-04-23,0.0
1990-04-24,0.0
1990-04-25,0.0
1990-04-26,0.0
1990-04-27,0.001865196467281552
1990-04-28,18.95182761217018
1990-04-29,0.0
1990-04-30,0.0001647161321455479
1990-05-01,0.009348984632960383
1990-05-02,0.060842175106601656
1990-05-03,0.8829935999234251
1990-05-04,0.16504638272766312
1990-05-05,17.51228859323807
1990-05-06,0.0
1990-05-07,0.0
1990-05-08,0.0
1990-05-09,47.83164674039386
1990-05-10,2.0462687847627143
1990-05-11,0.09388658646509317
1990-05-12,0.009023769724776181
1990-05-13,23.21136371088259
1990-05-14,0.007815402418628404
1990-05-15,0.8155063605399313
1990-05-16,0.32134536829571103
1990-05-17,4.521195603706512
1990-05-18,0.0
1990-05-19,0.0
1990-05-20,0.37217599252477596
1990-05-21,22.161484335054308
1990-05-22,3.6274663266840914
1990-05-23,0.001965734950032022
1990-05-24,0.006936473979308098
1990-05-25,0.030475044722216998
1990-05-26,0.00030569172321858
1990-05-27,0.0007566098104803344
1990-05-28,0.019572328097485686
1990-05-29,4.260308228474532e-05
1990-05-30,0.0
1990-05-31,6.806656075047378e-06
1990-06-01,1.232390417207403
1990-06-02,1.663812432183676
1990-06-03,2.9588167545640482
1990-06-04,6.659848402969848
1990-06-05,0.0
1990-06-06,0.24118262431164722
1990-06-07,4.116271373342366
1990-06-08,0.6195861842173591
1990-06-09,2.147870599717554
1990-06-10,5.695068513742176
1990-06-11,0.00845259374920978
1990-06-12,0.0
1990-06-13,0.00475429409611123
1990-06-14,0.42803137445400286
1990-06-15,6.71327224069134
1990-06-16,6.201109539595386
1990-06-17,2.0668089982549973
1990-06-18,1.2978805730470042
1990-06-19,0.7909296354179095
1990-06-20,0.0
1990-06-21,0.11903442250803113
1990-06-22,5.447459025588825
1990-06-23,24.253514353371145
1990-06-24,0.0
1990-06-25,0.0
1990-06-26,0.0
1990-06-27,0.08043367570932973
1990-06-28,0.01106804816816483
1990-06-29,0.29505068990284666
1990-06-30,0.1034439090308872
1990-07-01,0.0
1990-07-02,0.0
1990-07-03,0.0
1990-07-04,0.0
1990-07-05,0.0
1990-07-06,0.11188256041806753
1990-07-07,0.6745301666238703
1990-07-08,2.9965123489288024
1990-07-09,22.101376656277008
1990-07-10,0.5204065360257393
1990-07-11,4.1448952476727365
1990-07-12,1.01391683901898
1990-07-13,20.075697344717554
1990-07-14,4.304925398865489
1990-07-15,0.4551878379708794
1990-07-16,0.0
1990-07-17,0.09834485305895785
1990-07-18,5.423521387896844
1990-07-19,11.480348292489673
1990-07-20,4.95788621117393
1990-07-21,7.9492582137300944
1990-07-22,2.3160883929294793
1990-07-23,7.31047970406198
1990-07-24,2.0940024066748846
1990-07-25,0.015106907784879274
1990-07-26,0.8725897246724427
1990-07-27,0.007649835505525576
1990-07-28,0.0018477699243289038
1990-07-29,0.1576451076088625
1990-07-30,0.02422597375184111
1990-07-31,0.5251129220564614
1990-08-01,0.4015180574333253
1990-08-02,1.5152455405898746
1990-08-03,0.03600103560350592
1990-08-04,0.07156217259694488
1990-08-05,0.1312341569377752
1990-08-06,0.26603836168848727
1990-08-07,0.00039348713799379557
1990-08-08,0.0
1990-08-09,0.002657956380047961
1990-08-10,5.140899499674156e-05
1990-08-11,0.00023713446263484106
1990-08-12,0.0009844930973632135
1990-08-13,0.007143640850877854
1990-08-14,0.0007825864924758126
1990-08-15,0.023168509202007904
1990-08-16,4.686608850604485
1990-08-17,2.4141932544982345
1990-08-18,0.661330048132188
1990-08-19,3.8209783193888773
1990-08-20,4.155180734072623
1990-08-21,6.222037209591825
1990-08-22,16.73597480759197
1990-08-23,1.9844935351325763
1990-08-24,1.00479549297646
1990-08-25,0.8034721944143226
1990-08-26,1.4439783594841376
1990-08-27,1.2105850421108415
1990-08-28,0.000915549867419387
1990-08-29,0.10921021154030373
1990-08-30,14.120300915564004
1990-08-31,11.793866477792378
1990-09-01,4.566717811300145
1990-09-02,1.5376119977236042
1990-09-03,0.5453019358859021
1990-09-04,0.6082105438996143
1990-09-05,0.12291333722807944
1990-09-06,0.12845292828663196
1990-09-07,0.18816330046025004
1990-09-08,0.3678977097616743
1990-09-09,0.5185187494536254
1990-09-10,1.079142773453421
1990-09-11,1.451006375578135
1990-09-12,2.662493540798987
1990-09-13,0.34069688463873177
1990-09-14,6.006471355067932
1990-09-15,0.3685503812122737
1990-09-16,0.0
1990-09-17,0.0
1990-09-18,0.0
1990-09-19,0.0
1990-09-20,2.425160443745318
1990-09-21,0.8841810343015523
1990-09-22,0.5843560389931636
1990-09-23,0.000531066175098598
1990-09-24,0.0
1990-09-25,0.0
1990-09-26,0.0
1990-09-27,0.0
1990-09-28,0.004054197842108809
1990-09-29,0.002002997650175225
1990-09-30,0.23485776448385443
1990-10-01,0.11483878754102263
1990-10-02,0.1200546973588924
1990-10-03,0.0008029499871153373
1990-10-04,13.836291328791516
1990-10-05,0.0
1990-10-06,0.0
1990-10-07,0.2695443485206424
1990-10-08,0.16926370746404185
1990-10-09,0.0
1990-10-10,0.5215549610821189
1990-10-11,0.13290467787005394
1990-10-12,2.533346586924211
1990-10-13,0.09798450451081907
1990-10-14,0.00043548679553955026
1990-10-15,0.0
1990-10-16,0.0
1990-10-17,0.24319886304441876
1990-10-18,23.89448157388721
1990-10-19,0.0
1990-10-20,0.0
1990-10-21,0.03361482350143493
1990-10-22,23.161104016820868
1990-10-23,1.7093924285955147
1990-10-24,0.0077848075132472775
1990-10-25,0.297710925328487
1990-10-26,0.2271371499282237
1990-10-27,0.2271371499282237
1990-10-28,0.2271371499282237
1990-10-29,0.2271371499282237
1990-10-30,0.2271371499282237
1990-10-31,0.2271371499282237
1990-11-01,0.0
1990-11-02,0.0
1990-11-03,0.0
1990-11-04,0.06612915174096055
1990-11-05,1.7552054539128754
1990-11-06,0.0015325605805433275
1990-11-07,0.0
1990-11-08,0.0
1990-11-09,40.171256494105236
1990-11-10,2.3241825239717033
1990-11-11,0.4670991457010394
1990-11-12,0.4670991457010394
1990-11-13,0.4670991457010394
1990-11-14,0.4670991457010394
1990-11-15,0.4670991457010394
1990-11-16,0.0
1990-11-17,1.2632174098042022
1990-11-18,0.0
1990-11-19,0.0
1990-11-20,0.0
1990-11-21,0.0
1990-11-22,0.0
1990-11-23,7.694688905205077
1990-11-24,0.0
1990-11-25,0.0
1990-11-26,3.97276054711791e-06
1990-11-27,0.0016995210109555315
1990-11-28,12.124320382390879
1990-11-29,4.927056293100401
1990-11-30,0.0
1990-12-01,0.004107671455581167
1990-12-02,0.33841482411089346
1990-12-03,48.71550135621354
1990-12-04,0.35193851918264624
1990-12-05,0.0
1990-12-06,0.0
1990-12-07,0.27864361798037734
1990-12-08,0.06674768039045427
1990-12-09,0.0
1990-12-10,0.0
1990-12-11,0.0
1990-12-12,0.0
1990-12-13,0.0
1990-12-14,0.0
1990-12-15,0.0
1990-12-16,0.022270038079567303
1990-12-17,1.9650916895588886
1990-12-18,3.5455444908885694
1990-12-19,2.335638093903743
1990-12-20,3.086611369059786
1990-12-21,1.5004974435201917
1990-12-22,0.9378704258262047
1990-12-23,34.08222222428544
1990-12-24,0.8041757980433081
1990-12-25,0.0
1990-12-26,0.0
1990-12-27,2.8935743439865917
1990-12-28,0.13924131240526946
1990-12-29,0.76773969975537
1990-12-30,1.6549981666162026
1990-12-31,7.10193978407905
1991-01-01,0.7756283636990973
1991-01-02,0.5142152795246844
1991-01-03,7.273159156950023
1991-01-04,0.1051170938754668
1991-01-05,0.5004553548291798
1991-01-06,0.13625761523941451
1991-01-07,9.554256335245443
1991-01-08,1.7409108988560098
1991-01-09,0.16665074948351788
1991-01-10,5.74793770257443
1991-01-11,28.6498100108588
1991-01-12,2.153899186193089
1991-01-13,0.0005001684518464109
1991-01-14,7.129743184145529e-05
1991-01-15,6.148882071473533
1991-01-16,3.4009165001811446
1991-01-17,0.01714653927920113
1991-01-18,8.397121244776793e-05
1991-01-19,30.78570075171458
1991-01-20,1.4395496071241451
1991-01-21,0.5342222674356196
1991-01-22,0.00012150367291341084
1991-01-23,0.00012150367291341084
1991-01-24,25.16905922798695
1991-01-25,0.018319013968785224
1991-01-26,0.00011112433919014002
1991-01-27,0.8471173030458119
1991-01-28,10.140680870780688
1991-01-29,3.4148019581104716
1991-01-30,47.762938683320115
1991-01-31,2.718518203239435
1991-02-01,0.0002042902424859597
1991-02-02,0.0002042902424859597
1991-02-03,0.0002042902424859597
1991-02-04,0.0002042902424859597
1991-02-05,2.145026837853935
1991-02-06,6.7846847132699395
1991-02-07,0.2624196370631179
1991-02-08,0.0009534292074809389
1991-02-09,3.210925675263306e-05
1991-02-10,0.001344753483834961
1991-02-11,3.6341102270420705e-05
1991-02-12,3.6341102270420705e-05
1991-02-13,3.657108272249645
1991-02-14,1.9495056920570977
1991-02-15,0.7565780208306169
1991-02-16,0.0003210696630998562
1991-02-17,23.794207482090226
1991-02-18,5.215823822127216
1991-02-19,7.6451658779924125
1991-02-20,24.397623591241665
1991-02-21,2.3245051833558557
1991-02-22,28.25879106524851
1991-02-23,4.856354612585445
1991-02-24,0.18879537986374628
1991-02-25,0.10479408022148963
1991-02-26,9.056258526994215e-06
1991-02-27,4.1603719095452893e-10
1991-02-28,4.1603719095452893e-10
1991-03-01,21.477632008495807
1991-03-02,13.112736630916677
1991-03-03,14.284644095941673
1991-03-04,0.5728097806373332
1991-03-05,6.213418141026094e-05
1991-03-06,0.003329215137285327
1991-03-07,5.587255207347153
1991-03-08,3.7664810069484664
1991-03-09,0.000520937080979654
1991-03-10,0.000520937080979654
1991-03-11,0.0001093197960994402
1991-03-12,0.9057808382526343
1991-03-13,20.19867051841545
1991-03-14,0.0001093197960994402
1991-03-15,0.0001093197960994402
1991-03-16,0.00012308911296713313
1991-03-17,18.014177878010134
1991-03-18,8.285987236268772
1991-03-19,0.0001230500092488834
1991-03-20,0.0001230500092488834
1991-03-21,0.022109076400293297
1991-03-22,0.7156019645002865
1991-03-23,1.865168085368554
1991-03-24,4.0946263467770906e-05
1991-03-25,4.0946263467770906e-05
1991-03-26,0.0001487793724231613
1991-03-27,1.6244735791711034
1991-03-28,30.561402607794346
1991-03-29,45.973607106018456
1991-03-30,0.06281321798337068
1991-03-31,0.0001487793724231613
1991-04-01,0.00013184733724895008
1991-04-02,0.00013184733724895008
1991-04-03,0.00013184733724895008
1991-04-04,0.011416563960349983
1991-04-05,1.4180398013619453
1991-04-06,0.0023202859033738137
1991-04-07,0.510210661591083
1991-04-08,16.953959918913554
1991-04-09,7.194677371648907
1991-04-10,1.1730778310854098
1991-04-11,7.0498603702323654
1991-04-12,2.418852673890717
1991-04-13,0.9907075758316057
1991-04-14,1.342759466393326
1991-04-15,19.59945881099288
1991-04-16,0.18095107597199528
1991-04-17,0.02086546930190018
1991-04-18,2.635164624478551
1991-04-19,9.778398117398666
1991-04-20,2.0905039659905222
1991-04-21,0.001289148069281132
1991-04-22,1.8326355113424095
1991-04-23,6.1841063394244244
1991-04-24,6.690843663317702e-05
1991-04-25,4.552502111943865
1991-04-26,13.211838040634344
1991-04-27,21.780837638582256
1991-04-28,1.9552678866158013
1991-04-29,12.237179289206436
1991-04-30,43.270188688476864
1991-05-01,8.597879560742225
1991-05-02,7.682949117472961e-05
1991-05-03,7.682949117472961e-05
1991-05-04,3.374489009662481
1991-05-05,13.873491018095025
1991-05-06,11.521711112069866
1991-05-07,8.964425389775153e-05
1991-05-08,3.7141131580999187
1991-05-09,14.621176189710727
1991-05-10,11.317066044239008
1991-05-11,17.206854882733474
1991-05-12,15.35905304012881
1991-05-13,20.32028129449854
1991-05-14,8.228599604519273
1991-05-15,1.2724751566458818
1991-05-16,7.611715632806812
1991-05-17,15.997865551074304
1991-05-18,1.1945627737951665
1991-05-19,8.210398521461451
1991-05-20,0.06392069073627035
1991-05-21,0.08407593100300985
1991-05-22,0.5845969497152904
1991-05-23,1.9014988446350922
1991-05-24,1.0044015289520702
1991-05-25,15.753069121543826
1991-05-26,6.071214490365138
1991-05-27,37.19598132748017
1991-05-28,5.382567904818234
1991-05-29,0.3818930637875237
1991-05-30,0.09032784473521678
1991-05-31,0.23269961559589353
1991-06-01,2.2332586358042823
1991-06-02,13.668202174338841
1991-06-03,2.4178691678177238
1991-06-04,7.399912762893767
1991-06-05,4.9127747033187585
1991-06-06,0.44978088715322845
1991-06-07,0.00016897448704350097
1991-06-08,0.0029208850931723056
1991-06-09,0.0006759082097014725
1991-06-10,0.00181869803191408
1991-06-11,0.3003406796929587
1991-06-12,0.06298610782886592
1991-06-13,2.591950210079061
1991-06-14,3.1909228007152293
1991-06-15,0.6889634277916301
1991-06-16,0.784545784587965
1991-06-17,5.025001069896845
1991-06-18,5.701220196301973
1991-06-19,7.164755509954379
1991-06-20,5.653976101556899
1991-06-21,1.557135681539522
1991-06-22,4.128762191650479
1991-06-23,1.7195198554467126
1991-06-24,5.720876310635527
1991-06-25,16.785273740475603
1991-06-26,48.62870802639488
1991-06-27,2.044028847404643
1991-06-28,0.8130498949531182
1991-06-29,0.00281250625579309
1991-06-30,0.00012305521361656655
1991-07-01,0.006407141210148518
1991-07-02,2.4011180735504385
1991-07-03,2.529209701490024
1991-07-04,15.625666922303186
1991-07-05,19.95474277044185
1991-07-06,4.006637078603042
1991-07-07,4.167534319990374
1991-07-08,13.955854251312719
1991-07-09,7.271708791905197
1991-07-10,1.0372115756445102
1991-07-11,1.2816674100423808
1991-07-12,0.283785634532839
1991-07-13,1.0415827755423968
1991-07-14,0.9505124729663041
1991-07-15,0.043402264023271464
1991-07-16,9.855353397045777
1991-07-17,15.066495707431663
1991-07-18,1.0082238615695696
1991-07-19,0.4633949029295855
1991-07-20,0.08565018966764834
1991-07-21,0.7698134919176077
1991-07-22,0.1889807058051831
1991-07-23,2.5696593375756893
1991-07-24,11.361302035665869
1991-07-25,19.17469402133263
1991-07-26,16.067879708532974
1991-07-27,0.4636484793278416
1991-07-28,3.7245369078610775
1991-07-29,1.9555573141087774
1991-07-30,2.133549034817983
1991-07-31,1.4812594462284185
1991-08-01,7.488601289376592
1991-08-02,0.335974426862118
1991-08-03,3.2398171259520545
1991-08-04,0.8032058715284599
1991-08-05,0.5762821680103033
1991-08-06,0.8175142104281902
1991-08-07,3.42862711955875
1991-08-08,0.16636171066821503
1991-08-09,4.163634265698269
1991-08-10,8.647341895223978
1991-08-11,9.305653405824032
1991-08-12,4.425685584507066
1991-08-13,1.5684243868430565
1991-08-14,12.155546705398995
1991-08-15,0.46728492680212885
1991-08-16,0.5000757787203647
1991-08-17,0.20051939852232925
1991-08-18,2.884270542239311
1991-08-19,12.129784166677702
1991-08-20,9.035002886803871e-05
1991-08-21,8.585254791884544e-05
1991-08-22,0.35262608365569104
1991-08-23,0.21585860697545725
1991-08-24,1.231988414097756
1991-08-25,11.854218796700998
1991-08-26,1.7024251356302087
1991-08-27,2.5774556442473227
1991-08-28,0.379824690500882
1991-08-29,8.663440781755753
1991-08-30,7.00258656219799
1991-08-31,1.5437261619131977
1991-09-01,0.14231658790826499
1991-09-02,1.5688906631615807
1991-09-03,0.00029664358669602274
1991-09-04,6.293204964011671e-05
1991-09-05,0.04393673143287323
1991-09-06,2.1042733104534452
1991-09-07,10.097899635998363
1991-09-08,0.6435179953796708
1991-09-09,0.0013178397980110606
1991-09-10,7.42151504169369e-05
1991-09-11,0.0028649989845952245
1991-09-12,1.5347857082481755
1991-09-13,0.7312789283942673
1991-09-14,0.7621893734912388
1991-09-15,0.9690687096598611
1991-09-16,0.4064356408912764
1991-09-17,0.8712450262265992
1991-09-18,8.205839991582764
1991-09-19,21.08737259260691
1991-09-20,0.00011821508920718727
1991-09-21,0.00014945282859579013
1991-09-22,0.00014945282859579013
1991-09-23,0.20903282327887537
1991-09-24,14.99072315402679
1991-09-25,37.39680267533367
1991-09-26,0.00022482745007812322
1991-09-27,0.00011091108630602221
1991-09-28,0.00011091108630602221
1991-09-29,0.00011091108630602221
1991-09-30,0.00011091108630602221
1991-10-01,8.096928812074251e-06
1991-10-02,0.005078825272552753
1991-10-03,0.013343886309395054
1991-10-04,0.03068060770187336
1991-10-05,0.30442258542545086
1991-10-06,2.141312469514124
1991-10-07,0.04277513995951928
1991-10-08,0.04277513995951928
1991-10-09,0.04277513995951928
1991-10-10,0.06259182151915275
1991-10-11,0.00023423997258542994
1991-10-12,0.00023423997258542994
1991-10-13,0.00023423997258542994
1991-10-14,0.00023423997258542994
1991-10-15,17.497993937064752
1991-10-16,9.512385884460236e-05
1991-10-17,9.512385884460236e-05
1991-10-18,9.512385884460236e-05
1991-10-19,9.512385884460236e-05
1991-10-20,9.512385884460236e-05
1991-10-21,0.023044293847037055
1991-10-22,0.29538495800739045
1991-10-23,0.3078903349407482
1991-10-24,1.9767102308205278
1991-10-25,0.8576998713603733
1991-10-26,0.1617195585712769
1991-10-27,0.06981474077418295
1991-10-28,0.00010072478005760277
1991-10-29,0.19574811282732446
1991-10-30,0.00010072478005760277
1991-10-31,0.04055088070925828
1991-11-01,37.05570542632269
1991-11-02,0.00034844691428370954
1991-11-03,0.0010886156848235746
1991-11-04,0.00034844691428370954
1991-11-05,0.00034844691428370954
1991-11-06,0.00027888008076969623
1991-11-07,0.0003019232495060647
1991-11-08,2.4859860219822036
1991-11-09,0.03234979554119245
1991-11-10,0.0002526868524531906
1991-11-11,0.9538374726071451
1991-11-12,0.9538374726071451
1991-11-13,0.9538374726071451
1991-11-14,0.9538374726071451
1991-11-15,0.9541800807435203
1991-11-16,0.000805865039865262
1991-11-17,0.006515876117455034
1991-11-18,2.9563310679332244
1991-11-19,23.41290245446205
1991-11-20,14.629500940867581
1991-11-21,10.913121815474753
1991-11-22,11.162359094964721
1991-11-23,0.01748226992625547
1991-11-24,0.012330247417545943
1991-11-25,3.168169375862692e-05
1991-11-26,0.000254974232574273
1991-11-27,0.000254974232574273
1991-11-28,0.000254974232574273
1991-11-29,0.0019220192913282723
1991-11-30,0.6613908878527031
1991-12-01,5.178721479019359
1991-12-02,5.749962861337838
1991-12-03,34.69786399732214
1991-12-04,0.0001227425399073189
1991-12-05,0.0001227425399073189
1991-12-06,0.00012504332647137584
1991-12-07,0.00012504332647137584
1991-12-08,0.08573289702653314
1991-12-09,6.163698026504875
1991-12-10,8.91112638050637
1991-12-11,0.0007780794615938634
1991-12-12,0.02686077685213688
1991-12-13,0.2724992391345631
1991-12-14,9.41803197033444
1991-12-15,7.88225030439942e-05
1991-12-16,0.0
1991-12-17,0.0
1991-12-18,0.0
1991-12-19,0.0
1991-12-20,0.0
1991-12-21,0.013010604173551342
1991-12-22,0.2349847386525714
1991-12-23,9.846987748515446
1991-12-24,1.5312943871723397
1991-12-25,0.00017455012100029937
1991-12-26,0.0003693446457056438
1991-12-27,9.22626020854879
1991-12-28,25.339264262025736
1991-12-29,0.569251296045144
1991-12-30,0.002301948073077497
1991-12-31,8.37631586221773e-05
1992-01-01,0.2912328336760614
1992-01-02,16.41732917796128
1992-01-03,18.78316630933869
1992-01-04,0.6976326946951157
1992-01-05,0.05204672881600166
1992-01-06,0.0
1992-01-07,0.0
1992-01-08,9.18999233731344
1992-01-09,14.954779155436126
1992-01-10,0.0
1992-01-11,0.0
1992-01-12,2.156186374300446
1992-01-13,28.167640545963344
1992-01-14,5.035659264445726
1992-01-15,0.0
1992-01-16,0.001035806867245433
1992-01-17,0.0
1992-01-18,6.374816364264156
1992-01-19,10.094405370001157
1992-01-20,0.0
1992-01-21,0.0
1992-01-22,0.044188978130424855
1992-01-23,6.030966239439414
1992-01-24,0.00020976938496792188
1992-01-25,0.0
1992-01-26,0.0
1992-01-27,3.96099068547431
1992-01-28,22.696653136914417
1992-01-29,3.0053241747357013
1992-01-30,2.4681045149414693
1992-01-31,4.050164149771702e-07
1992-02-01,0.0
1992-02-02,0.0
1992-02-03,0.0
1992-02-04,0.0
1992-02-05,8.2213904407169
1992-02-06,7.191679238983063
1992-02-07,0.0
1992-02-08,0.0
1992-02-09,0.0
1992-02-10,0.0
1992-02-11,0.0
1992-02-12,0.0
1992-02-13,4.8472517342971155
1992-02-14,3.8563525318551553
1992-02-15,38.48460395220412
1992-02-16,0.054451621141033676
1992-02-17,65.09851921758809
1992-02-18,7.1155321852068205
1992-02-19,5.039651709933295
1992-02-20,0.0
1992-02-21,0.0
1992-02-22,0.0
1992-02-23,13.069858250732269
1992-02-24,0.009784594508049818
1992-02-25,36.18751265592806
1992-02-26,4.467409069706522e-05
1992-02-27,0.0
1992-02-28,9.50380716700872e-09
1992-02-29,0.0
1992-03-01,0.0
1992-03-02,0.0
1992-03-03,0.0
1992-03-04,0.014974678902628652
1992-03-05,4.385464468788703
1992-03-06,10.042154948937668
1992-03-07,0.40437561609584116
1992-03-08,0.0
1992-03-09,0.06491538141049613
1992-03-10,18.190846747642357
1992-03-11,0.0038750007183445665
1992-03-12,0.0
1992-03-13,0.4641871135692813
1992-03-14,0.0
1992-03-15,0.33442071512668925
1992-03-16,0.0
1992-03-17,0.0
1992-03-18,9.016431570759199
1992-03-19,18.98610563939714
1992-03-20,0.2579375089615272
1992-03-21,0.0
1992-03-22,5.435741494814635
1992-03-23,19.567607380565956
1992-03-24,0.0
1992-03-25,10.253653645782585
1992-03-26,2.2864754670936573
1992-03-27,5.214485774478157e-06
1992-03-28,0.0
1992-03-29,0.3627444214790839
1992-03-30,6.700701289191978
1992-03-31,0.12480312732598407
1992-04-01,2.98020857391654
1992-04-02,2.4792565173571784e-05
1992-04-03,0.0
1992-04-04,0.0
1992-04-05,0.0
1992-04-06,0.1306181218935451
1992-04-07,27.300556992702585
1992-04-08,0.014111496150073174
1992-04-09,0.0
1992-04-10,0.7815875817781498
1992-04-11,0.0
1992-04-12,0.0
1992-04-13,0.0
1992-04-14,0.0
1992-04-15,0.0
1992-04-16,0.1364311106529191
1992-04-17,0.40439097350309877
1992-04-18,0.062333556877856286
1992-04-19,12.256426592629209
1992-04-20,16.911141447325285
1992-04-21,37.66098320648998
1992-04-22,0.0
1992-04-23,0.0
1992-04-24,2.224078571224017
1992-04-25,3.4634853908675334
1992-04-26,0.0701479436340995
1992-04-27,0.15191433705256022
1992-04-28,0.00029366478604848163
1992-04-29,0.0
1992-04-30,0.7678542194075234
1992-05-01,0.0
1992-05-02,0.0
1992-05-03,0.0
1992-05-04,0.0
1992-05-05,0.0
1992-05-06,0.0
1992-05-07,0.0
1992-05-08,0.0
1992-05-09,0.0
1992-05-10,0.0
1992-05-11,0.0
1992-05-12,0.7112561238302366
1992-05-13,15.648181484442981
1992-05-14,0.0
1992-05-15,0.39989818921834813
1992-05-16,1.048271338818573
1992-05-17,0.001233833781168003
1992-05-18,0.016007085798447025
1992-05-19,0.004206333821985906
1992-05-20,0.5316610598890212
1992-05-21,0.09635053767814618
1992-05-22,0.0
1992-05-23,0.0
1992-05-24,0.6164962761513493
1992-05-25,0.0031928080656328985
1992-05-26,0.7402546804728223
1992-05-27,0.1728852242181522
1992-05-28,12.792279701467212
1992-05-29,14.081456353894092
1992-05-30,13.133023481853632
1992-05-31,0.00021218915346757944
1992-06-01,0.0
1992-06-02,0.9881358988106153
1992-06-03,13.518242839444303
1992-06-04,3.5986973760183885
1992-06-05,0.18952696825583754
1992-06-06,0.0
1992-06-07,0.4159948338907893
1992-06-08,22.40367629928842
1992-06-09,8.268873997203453
1992-06-10,0.3460755267446447
1992-06-11,6.364749126706047
1992-06-12,2.516269092320731
1992-06-13,4.759665177313073
1992-06-14,5.030850891301097
1992-06-15,0.4630320387214839
1992-06-16,0.1340248534497091
1992-06-17,2.7826483895864604
1992-06-18,7.718580789953173
1992-06-19,2.498934068527282
1992-06-20,0.0015109033759236347
1992-06-21,0.3103926011524157
1992-06-22,0.005692494273193822
1992-06-23,0.0
1992-06-24,0.0
1992-06-25,0.033200029260744626
1992-06-26,4.36026211721044
1992-06-27,2.403908366774908
1992-06-28,0.0
1992-06-29,0.03523988011540243
1992-06-30,8.825582868483668
1992-07-01,14.195598332195463
1992-07-02,19.62434564683696
1992-07-03,0.3503899986331905
1992-07-04,0.000765844628142154
1992-07-05,3.0910662380414142
1992-07-06,14.822352984761707
1992-07-07,0.7954172897688946
1992-07-08,0.0
1992-07-09,0.00020157914055211773
1992-07-10,1.8436206340439207
1992-07-11,0.0
1992-07-12,0.0
1992-07-13,0.0
1992-07-14,0.0
1992-07-15,0.0
1992-07-16,5.822457214591088
1992-07-17,9.844728926131932
1992-07-18,23.032346104238485
1992-07-19,1.3274895904949429
1992-07-20,0.8202259803648736
1992-07-21,12.808081918751077
1992-07-22,11.88208845847685
1992-07-23,13.19163250928978
1992-07-24,14.734291052203588
1992-07-25,1.1598064386504274
1992-07-26,2.6457815686733315
1992-07-27,6.176858182616308
1992-07-28,16.28790363278777
1992-07-29,8.028431860849356
1992-07-30,2.9147438297320054
1992-07-31,16.386726006234277
1992-08-01,2.6091505358391505
1992-08-02,0.10972771718783442
1992-08-03,0.182543575359407
1992-08-04,3.9802719903820614
1992-08-05,19.727365232545708
1992-08-06,11.383844982894828
1992-08-07,7.0651362834052565
1992-08-08,1.2848314447025897
1992-08-09,2.8792825980885515
1992-08-10,2.9251771166469487
1992-08-11,1.364012983046798
1992-08-12,35.912419988113875
1992-08-13,40.17877825130454
1992-08-14,0.6626849184437685
1992-08-15,12.940420926527631
1992-08-16,0.8464755719265794
1992-08-17,2.7888727935285464
1992-08-18,0.0006741874426843481
1992-08-19,0.4668348044032805
1992-08-20,1.812060489441058
1992-08-21,2.309207914161308
1992-08-22,2.148852615036827
1992-08-23,2.032000395552104
1992-08-24,0.5579748848265924
1992-08-25,0.04043706484484309
1992-08-26,1.085068235614787
1992-08-27,9.40712669510497
1992-08-28,13.816413838789941
1992-08-29,0.0
1992-08-30,0.0
1992-08-31,0.0008058281065022784
1992-09-01,0.02591769038551382
1992-09-02,0.564595237694896
1992-09-03,1.2504022200018485
1992-09-04,11.844018775487063
1992-09-05,42.87578138409762
1992-09-06,4.01959250339205
1992-09-07,2.9903974665461592
1992-09-08,1.0340480052736152
1992-09-09,1.2847775059879105
1992-09-10,2.5979895212478703
1992-09-11,0.3447019589273343
1992-09-12,0.013730682013514961
1992-09-13,1.4155055290161238
1992-09-14,0.0
1992-09-15,0.0
1992-09-16,0.11771112792537927
1992-09-17,1.719908864196657
1992-09-18,8.77357470378796
1992-09-19,1.7055374772648932
1992-09-20,0.9790109708546462
1992-09-21,0.14953219891664038
1992-09-22,9.212099704622169
1992-09-23,1.0905304410777361
1992-09-24,2.6721199043335866
1992-09-25,0.15367050770687143
1992-09-26,0.17325427606040508
1992-09-27,0.614181461309639
1992-09-28,0.04812874228933836
1992-09-29,0.0
1992-09-30,0.0
1992-10-01,0.0
1992-10-02,0.0
1992-10-03,1.6215652681458685
1992-10-04,2.4107902700033534
1992-10-05,0.05291566422094379
1992-10-06,0.8623154868516802
1992-10-07,1.409418533802542e-06
1992-10-08,6.717476695249732
1992-10-09,6.033589892303246
1992-10-10,0.0011054319698712651
1992-10-11,9.51813606874044
1992-10-12,0.0
1992-10-13,0.0
1992-10-14,0.0
1992-10-15,0.0
1992-10-16,2.433081565586703
1992-10-17,10.989195576861718
1992-10-18,1.0292507903049293
1992-10-19,0.0
1992-10-20,0.0
1992-10-21,0.05998452119023953
1992-10-22,0.05998452119023953
1992-10-23,0.21681694481076683
1992-10-24,0.05998452119023953
1992-10-25,0.05998452119023953
1992-10-26,0.0
1992-10-27,1.5711086749280867
1992-10-28,12.026372480797253
1992-10-29,1.22909157873475
1992-10-30,11.987888588076798
1992-10-31,4.741463206447471
1992-11-01,0.517246654421142
1992-11-02,38.821101973492446
1992-11-03,0.00025979100349481907
1992-11-04,104.7245687646546
1992-11-05,14.974219381875328
1992-11-06,0.0
1992-11-07,0.0
1992-11-08,0.0
1992-11-09,0.0
1992-11-10,1.8142347779911279
1992-11-11,0.8215403963571025
1992-11-12,27.51913739059223
1992-11-13,0.11451008467550806
1992-11-14,0.0
1992-11-15,0.0
1992-11-16,0.0
1992-11-17,0.0
1992-11-18,0.0
1992-11-19,0.0
1992-11-20,1.1486217697460184
1992-11-21,18.68936689512337
1992-11-22,15.661908337793362
1992-11-23,0.0
1992-11-24,35.20945364279818
1992-11-25,33.75866935416552
1992-11-26,0.4840840304194717
1992-11-27,0.009755234519234325
1992-11-28,0.9302731447227466
1992-11-29,0.2529409253330545
1992-11-30,0.0
1992-12-01,0.0
1992-12-02,0.0
1992-12-03,0.0
1992-12-04,0.0
1992-12-05,0.0
1992-12-06,5.185744607579708
1992-12-07,12.535291030174559
1992-12-08,0.0013601720651582117
1992-12-09,0.46917971644928524
1992-12-10,27.73962501079724
1992-12-11,0.3285721821791555
1992-12-12,0.0
1992-12-13,0.0
1992-12-14,0.0
1992-12-15,6.328941398665899
1992-12-16,38.50125678349099
1992-12-17,64.35728366610472
1992-12-18,0.0
1992-12-19,0.9285053138728648
1992-12-20,20.878155558858502
1992-12-21,0.0
1992-12-22,0.0
1992-12-23,0.0
1992-12-24,0.0
1992-12-25,0.0
1992-12-26,0.0
1992-12-27,0.0
1992-12-28,0.0
1992-12-29,0.0
1992-12-30,0.0
1992-12-31,0.0
1993-01-01,0.0
1993-01-02,0.0
1993-01-03,0.0
1993-01-04,0.0
1993-01-05,0.0
1993-01-06,0.5143080172442159
1993-01-07,10.1184971736875
1993-01-08,11.750050877006236
1993-01-09,0.1060876598590771
1993-01-10,0.4825977001633599
1993-01-11,31.364389780719215
1993-01-12,30.499350483006815
1993-01-13,2.798923254909296
1993-01-14,0.0
1993-01-15,0.01501703824119778
1993-01-16,0.16438663357857147
1993-01-17,0.0
1993-01-18,2.86635251154967
1993-01-19,18.64281427100515
1993-01-20,24.511566862800766
1993-01-21,42.069073673213595
1993-01-22,0.0
1993-01-23,0.0
1993-01-24,48.298785250369384
1993-01-25,0.0
1993-01-26,0.8977701479191097
1993-01-27,0.8977701479191097
1993-01-28,0.8977701479191097
1993-01-29,0.8977701479191097
1993-01-30,0.8977701479191097
1993-01-31,0.8977701479191097
1993-02-01,0.4034174954257429
1993-02-02,0.4034174954257429
1993-02-03,0.4034174954257429
1993-02-04,0.4034174954257429
1993-02-05,0.4034174954257429
1993-02-06,0.5507453600266962
1993-02-07,18.128761521883323
1993-02-08,2.693854166912476
1993-02-09,0.0
1993-02-10,0.06968641200327325
1993-02-11,21.853279119135617
1993-02-12,2.822418870423338
1993-02-13,0.3251567998556045
1993-02-14,0.0
1993-02-15,0.6619083469255203
1993-02-16,2.007087528273335
1993-02-17,0.0
1993-02-18,0.0004151922080788646
1993-02-19,0.0
1993-02-20,0.30729843416812647
1993-02-21,35.4958926074605
1993-02-22,9.833718466633755
1993-02-23,0.0
1993-02-24,0.0
1993-02-25,0.4032834212704548
1993-02-26,10.067565823766007
1993-02-27,0.01608013946111498
1993-02-28,0.0
1993-03-01,0.0
1993-03-02,17.741949305864253
1993-03-03,8.005586549538211
1993-03-04,2.2017333966153037
1993-03-05,0.1907318596372822
1993-03-06,0.0
1993-03-07,0.0
1993-03-08,0.0
1993-03-09,0.0
1993-03-10,0.0
1993-03-11,0.0
1993-03-12,0.3745640312573317
1993-03-13,26.666897742674266
1993-03-14,0.006651681504305664
1993-03-15,0.0
1993-03-16,0.04296827255071881
1993-03-17,18.050596304657613
1993-03-18,0.00013573738504172366
1993-03-19,0.0
1993-03-20,0.40751351861288465
1993-03-21,0.06940369896746458
1993-03-22,0.009708062237618578
1993-03-23,7.4483274939991695
1993-03-24,0.3494162649952741
1993-03-25,0.3465922275028471
1993-03-26,49.317793595308466
1993-03-27,7.0550238790732465
1993-03-28,0.018961409022923453
1993-03-29,0.0
1993-03-30,0.1397978060100215
1993-03-31,2.7000710372395837
1993-04-01,0.10375729909846212
1993-04-02,0.026694691639025925
1993-04-03,0.0
1993-04-04,5.6338732603925115
1993-04-05,13.648847754073442
1993-04-06,0.07779686645938623
1993-04-07,0.00013937075657982425
1993-04-08,0.0
1993-04-09,14.245676373371538
1993-04-10,0.03982671822425343
1993-04-11,0.0
1993-04-12,0.0
1993-04-13,0.0
1993-04-14,0.0
1993-04-15,8.24009279551593
1993-04-16,13.75010451634285
1993-04-17,0.0
1993-04-18,4.501767757380357
1993-04-19,0.0
1993-04-20,0.002769418090699701
1993-04-21,13.363165399269375
1993-04-22,0.0
1993-04-23,0.0
1993-04-24,0.0
1993-04-25,0.037165570571773374
1993-04-26,17.946031991258582
1993-04-27,0.0
1993-04-28,0.0
1993-04-29,0.0
1993-04-30,1.8136223350297167
1993-05-01,2.427318863607049
1993-05-02,13.098465221600007
1993-05-03,16.075830777022453
1993-05-04,10.729734066094561
1993-05-05,0.0
1993-05-06,0.0
1993-05-07,0.0
1993-05-08,0.0
1993-05-09,0.0
1993-05-10,0.0
1993-05-11,4.4562992371909024e-05
1993-05-12,0.0005244594423865002
1993-05-13,0.002180370061810215
1993-05-14,1.770599702276356e-05
1993-05-15,0.0
1993-05-16,1.526329606753158e-05
1993-05-17,2.1144128525599006
1993-05-18,0.3534518951067657
1993-05-19,23.24291668399548
1993-05-20,0.03455844377689561
1993-05-21,0.06813799441416722
1993-05-22,0.0
1993-05-23,0.0
1993-05-24,0.39724810088026274
1993-05-25,10.501755095551403
1993-05-26,7.509054777198801
1993-05-27,2.421860471169159
1993-05-28,1.4483335016331182
1993-05-29,1.5784955721888683
1993-05-30,13.747007680751341
1993-05-31,41.115055540491404
1993-06-01,1.7862256566214203
1993-06-02,0.0
1993-06-03,0.0
1993-06-04,4.6042509672607395
1993-06-05,7.489608690459767
1993-06-06,0.022401388299473385
1993-06-07,3.494451002040673
1993-06-08,0.0010556505068735917
1993-06-09,0.0
1993-06-10,0.0
1993-06-11,0.2979864145061157
1993-06-12,1.6661244752540219
1993-06-13,7.1511599561027595
1993-06-14,7.127930138031471
1993-06-15,11.141291060812256
1993-06-16,9.366743596590473
1993-06-17,0.7887102904029287
1993-06-18,0.0
1993-06-19,0.0
1993-06-20,0.0039285779365840585
1993-06-21,1.058145743458193
1993-06-22,0.7522776535085259
1993-06-23,0.7278170499297462
1993-06-24,3.8925231309606616
1993-06-25,2.3067495279988304
1993-06-26,0.7999194727082354
1993-06-27,1.3432898412193504
1993-06-28,6.212497905517293
1993-06-29,2.8140278848700127
1993-06-30,1.6450384526922168
1993-07-01,0.330119448464923
1993-07-02,0.0
1993-07-03,0.07692677675665742
1993-07-04,0.7309089689254252
1993-07-05,1.679026933614198
1993-07-06,0.5620589215771405
1993-07-07,0.1810241706021345
1993-07-08,5.673283530836999
1993-07-09,2.217403529003403
1993-07-10,1.3042869638566994
1993-07-11,0.0
1993-07-12,0.0
1993-07-13,0.0
1993-07-14,0.0
1993-07-15,0.0
1993-07-16,0.7770012104054557
1993-07-17,1.3796057725543829
1993-07-18,1.1630444503563842
1993-07-19,6.72521581723021
1993-07-20,0.9223368039058547
1993-07-21,0.0016225165540637721
1993-07-22,0.018297718682195166
1993-07-23,0.521373697464236
1993-07-24,2.7577376268855094
1993-07-25,1.2320224108181372
1993-07-26,4.976993036801483
1993-07-27,3.4693244277398305
1993-07-28,9.562566611320518
1993-07-29,11.318871522084583
1993-07-30,0.01644893354128018
1993-07-31,0.0
1993-08-01,0.26301766163088386
1993-08-02,13.349043872387927
1993-08-03,18.28584577465235
1993-08-04,8.75664217955081
1993-08-05,3.231861561463469
1993-08-06,2.9520979020550273
1993-08-07,5.404623077276064
1993-08-08,0.6792220884575106
1993-08-09,0.220772108162425
1993-08-10,0.11706163843542862
1993-08-11,0.12287814063262698
1993-08-12,0.0005280663944137562
1993-08-13,1.9177666542522018
1993-08-14,32.26428471991356
1993-08-15,3.7499506501655624
1993-08-16,0.0
1993-08-17,0.0
1993-08-18,0.0
1993-08-19,0.0
1993-08-20,0.0
1993-08-21,2.2660071564814936
1993-08-22,10.162683154975126
1993-08-23,4.005552156422183
1993-08-24,0.6534838665461687
1993-08-25,0.40920755368353534
1993-08-26,0.001684584089538053
1993-08-27,0.796508487066438
1993-08-28,0.6691654484415249
1993-08-29,0.6507939736233848
1993-08-30,0.1608187722824565
1993-08-31,0.02534850596220128
1993-09-01,8.924056524049893
1993-09-02,5.361955818982286
1993-09-03,6.9347094380619145
1993-09-04,24.665803075978808
1993-09-05,0.004052864767545431
1993-09-06,0.03153545440730378
1993-09-07,5.55343244790726
1993-09-08,0.5534484939114097
1993-09-09,0.7907222201583882
1993-09-10,0.7303558472523507
1993-09-11,0.0
1993-09-12,9.599279705771334e-05
1993-09-13,0.346888002147833
1993-09-14,0.15622808894111745
1993-09-15,1.566255792972372
1993-09-16,1.6884013486819438
1993-09-17,0.42884223716566816
1993-09-18,0.0
1993-09-19,0.0
1993-09-20,0.2226172215497662
1993-09-21,0.9859219001377748
1993-09-22,0.0
1993-09-23,0.0
1993-09-24,0.49933394584037566
1993-09-25,0.059207803915079286
1993-09-26,0.021795591358081904
1993-09-27,0.6001397541362647
1993-09-28,0.0
1993-09-29,0.0
1993-09-30,0.0
1993-10-01,0.00040968651733961687
1993-10-02,0.00040968651733961687
1993-10-03,0.3521217406477914
1993-10-04,0.00040968651733961687
1993-10-05,0.00040968651733961687
1993-10-06,0.0
1993-10-07,1.665621655689909e-07
1993-10-08,0.05880751990858514
1993-10-09,0.7914487567388895
1993-10-10,0.45374588552203965
1993-10-11,0.06947729016034926
1993-10-12,0.0
1993-10-13,0.0
1993-10-14,1.901267395139156
1993-10-15,2.8937251001531266
1993-10-16,5.680616697119719
1993-10-17,0.5029291248876476
1993-10-18,0.3540780656317122
1993-10-19,0.23067207072656534
1993-10-20,0.10415611811822645
1993-10-21,7.280523941013407
1993-10-22,21.44897242716035
1993-10-23,0.4195157376869534
1993-10-24,0.0007127107142652029
1993-10-25,3.8597611004119354
1993-10-26,0.007554112609946292
1993-10-27,0.0032847725823990344
1993-10-28,0.0
1993-10-29,11.721769594352716
1993-10-30,32.61372981013649
1993-10-31,0.21830634928852968
1993-11-01,0.0
1993-11-02,0.0
1993-11-03,0.0
1993-11-04,3.0575407993934953
1993-11-05,32.2200263807488
1993-11-06,34.15635168892069
1993-11-07,0.0
1993-11-08,0.0
1993-11-09,0.0
1993-11-10,0.0
1993-11-11,0.0
1993-11-12,0.0
1993-11-13,0.5532330992818651
1993-11-14,0.709922296543978
1993-11-15,21.680017682176967
1993-11-16,5.3506473773063075
1993-11-17,28.007224498953267
1993-11-18,0.0
1993-11-19,0.18403302801302718
1993-11-20,0.618639780379511
1993-11-21,0.293668932245681
1993-11-22,0.293668932245681
1993-11-23,0.293668932245681
1993-11-24,0.293668932245681
1993-11-25,0.293668932245681
1993-11-26,3.789342016377669
1993-11-27,1.4133701205098828
1993-11-28,0.0
1993-11-29,0.0
1993-11-30,0.0
1993-12-01,0.0
1993-12-02,3.0359732993384825e-05
1993-12-03,0.0
1993-12-04,24.46441526972877
1993-12-05,3.1717033091318156
1993-12-06,0.0
1993-12-07,0.0
1993-12-08,0.0
1993-12-09,1.4120683591834655e-05
1993-12-10,18.718985033025003
1993-12-11,0.7888186760338676
1993-12-12,0.0
1993-12-13,1.788189611339555
1993-12-14,40.7038562579238
1993-12-15,2.0767893391382573
1993-12-16,0.012516367850007334
1993-12-17,0.0
1993-12-18,0.33053029212228147
1993-12-19,0.0010645786537184798
1993-12-20,5.992322016604451
1993-12-21,2.8080105014771775
1993-12-22,2.7721996383776553
1993-12-23,1.9380916951227192
1993-12-24,0.0
1993-12-25,0.10964201012994354
1993-12-26,0.001781366380653427
1993-12-27,0.0
1993-12-28,0.14164663883155895
1993-12-29,18.691430087358018
1993-12-30,0.0
1993-12-31,0.0
1994-01-01,1.1035766545964523
1994-01-02,1.8732786725376342
1994-01-03,8.024367921324302
1994-01-04,9.204824471191273
1994-01-05,0.0003662864005035425
1994-01-06,0.013036347112181565
1994-01-07,2.758073059039828
1994-01-08,1.7842220644204105
1994-01-09,0.0
1994-01-10,0.0
1994-01-11,17.282138941977347
1994-01-12,16.33785108031556
1994-01-13,0.5901901139611254
1994-01-14,0.09905616085976668
1994-01-15,0.014970828167350085
1994-01-16,0.0
1994-01-17,30.32288620171027
1994-01-18,0.04803758067290322
1994-01-19,0.0
1994-01-20,0.0
1994-01-21,0.0
1994-01-22,0.0
1994-01-23,0.1878444028633339
1994-01-24,0.0
1994-01-25,0.0048568938066421395
1994-01-26,5.137892681076947
1994-01-27,9.866476659389432
1994-01-28,44.866125752696945
1994-01-29,1.2038581422850523
1994-01-30,0.6589677355849185
1994-01-31,0.0
1994-02-01,0.0
1994-02-02,0.0
1994-02-03,0.0
1994-02-04,0.0291213698142066
1994-02-05,35.01928754743461
1994-02-06,2.249397906169821
1994-02-07,0.0
1994-02-08,4.06446044331732
1994-02-09,1.0805966254619443
1994-02-10,5.429663215262925
1994-02-11,29.52822131992289
1994-02-12,0.08666498803812445
1994-02-13,0.03864600120463629
1994-02-14,0.0
1994-02-15,0.1459166548014002
1994-02-16,0.0
1994-02-17,0.0
1994-02-18,0.001831974064861869
1994-02-19,0.13335166851958308
1994-02-20,0.2989429124155796
1994-02-21,0.8112860908860934
1994-02-22,4.906209485562086
1994-02-23,30.27416256243147
1994-02-24,12.002530297060952
1994-02-25,0.0
1994-02-26,0.0
1994-02-27,0.0
1994-02-28,1.1363861385348423e-05
1994-03-01,39.84072578530281
1994-03-02,17.347911539452834
1994-03-03,0.6613339814797525
1994-03-04,0.0
1994-03-05,0.0
1994-03-06,0.0015776854753686933
1994-03-07,0.0754832317162005
1994-03-08,0.29078151020774873
1994-03-09,8.079245539949072
1994-03-10,26.855293596172032
1994-03-11,0.0
1994-03-12,0.0
1994-03-13,0.25998794324659424
1994-03-14,0.5084014232982899
1994-03-15,0.0
1994-03-16,0.0
1994-03-17,0.0
1994-03-18,0.0007461675489729376
1994-03-19,0.0
1994-03-20,0.6279864662089749
1994-03-21,1.1392852189115783
1994-03-22,2.6422097392223494
1994-03-23,24.192071518270048
1994-03-24,9.802067206300984
1994-03-25,30.880672177620703
1994-03-26,0.026260614864560015
1994-03-27,6.378460576931781
1994-03-28,23.54422852538975
1994-03-29,3.292826368354168
1994-03-30,0.0
1994-03-31,0.2942142601499814
1994-04-01,0.0
1994-04-02,0.0
1994-04-03,0.0
1994-04-04,0.0
1994-04-05,0.0
1994-04-06,17.60614576975253
1994-04-07,0.3588968132447731
1994-04-08,0.0
1994-04-09,0.36858658369510977
1994-04-10,0.5495545396487787
1994-04-11,0.006026617453643816
1994-04-12,1.9629788963258634
1994-04-13,34.05449391257135
1994-04-14,0.000937798227395286
1994-04-15,22.655663717694633
1994-04-16,47.60090444336775
1994-04-17,0.0
1994-04-18,0.0
1994-04-19,0.0
1994-04-20,2.0611091772653272e-05
1994-04-21,0.01157965858668337
1994-04-22,3.773676137054987
1994-04-23,0.00660363874232529
1994-04-24,0.0
1994-04-25,0.5507701023718465
1994-04-26,1.7217135224620872
1994-04-27,1.1384732405747173
1994-04-28,1.745437275987123
1994-04-29,0.16249265216269254
1994-04-30,0.9330867270832688
1994-05-01,2.4642113967843136
1994-05-02,0.0
1994-05-03,21.692656738837353
1994-05-04,2.2217265124200507
1994-05-05,0.000864007716548133
1994-05-06,0.0
1994-05-07,0.023113391151966364
1994-05-08,22.256356156490437
1994-05-09,0.0
1994-05-10,9.498358261237959
1994-05-11,0.0
1994-05-12,1.5656753801413414
1994-05-13,0.36355512742085383
1994-05-14,1.5965837675342642
1994-05-15,6.986465449567052
1994-05-16,1.4832830007232518
1994-05-17,0.0
1994-05-18,0.0
1994-05-19,0.0
1994-05-20,0.0
1994-05-21,0.0
1994-05-22,0.0
1994-05-23,0.0
1994-05-24,0.0
1994-05-25,0.6547691222555688
1994-05-26,0.021979284749160846
1994-05-27,7.665622686310975
1994-05-28,0.0
1994-05-29,2.699553724357245
1994-05-30,0.9151720502666364
1994-05-31,0.7835397583008197
1994-06-01,3.206157828892581
1994-06-02,1.7714225558763297
1994-06-03,4.306394694889904
1994-06-04,7.361238862774244
1994-06-05,7.529906192396882
1994-06-06,11.297507575949355
1994-06-07,5.686255625692437
1994-06-08,10.556243391510291
1994-06-09,6.7839561013860274
1994-06-10,9.419399863623411
1994-06-11,3.4558888937253647
1994-06-12,2.3131910526537154
1994-06-13,0.5082180016027172
1994-06-14,2.290571759555105
1994-06-15,3.4316982162344574
1994-06-16,13.905587223579936
1994-06-17,1.3399656352331584
1994-06-18,2.487944771586697
1994-06-19,0.15542561678397412
1994-06-20,0.31634856881350054
1994-06-21,0.9354059501779958
1994-06-22,3.6241912084286305
1994-06-23,2.1620209947305815
1994-06-24,6.934824848665505
1994-06-25,4.779855632438375
1994-06-26,0.8922783382331169
1994-06-27,34.47157577506039
1994-06-28,1.7793879035858309
1994-06-29,19.536517849375265
1994-06-30,2.110436699515879
1994-07-01,0.0
1994-07-02,0.0
1994-07-03,0.0
1994-07-04,0.0
1994-07-05,0.0
1994-07-06,7.907515998625359
1994-07-07,19.772468929011037
1994-07-08,3.6710061737979864
1994-07-09,0.2615370471919896
1994-07-10,1.000598471542014
1994-07-11,16.29116442973048
1994-07-12,17.560286250489554
1994-07-13,9.658707373598089
1994-07-14,5.068055858116561
1994-07-15,1.0736314058049228
1994-07-16,4.439196231110419
1994-07-17,7.81433519898361
1994-07-18,3.70247081595944
1994-07-19,4.940411447426667
1994-07-20,7.06688824642453
1994-07-21,2.2021585544879705
1994-07-22,4.900234026479228
1994-07-23,0.9444789712355095
1994-07-24,0.2145328272556888
1994-07-25,3.1290452621641216
1994-07-26,32.533709381871205
1994-07-27,50.43369140763383
1994-07-28,2.857866709608054
1994-07-29,0.053824602970898194
1994-07-30,0.28767281059582706
1994-07-31,4.940762852873999
1994-08-01,2.0859211368466495
1994-08-02,0.048870327022730205
1994-08-03,25.050945955162124
1994-08-04,2.9456738280038746
1994-08-05,26.352647035467513
1994-08-06,0.7975551277290786
1994-08-07,1.6708697391185026
1994-08-08,0.7990897989411935
1994-08-09,1.1071994770823204
1994-08-10,0.1815560030205093
1994-08-11,0.0003696567068403139
1994-08-12,0.016903861656536266
1994-08-13,0.004530413346738112
1994-08-14,0.01555037674982879
1994-08-15,0.07987693729084745
1994-08-16,4.776718558663805
1994-08-17,0.9204266543348549
1994-08-18,6.212274365490212
1994-08-19,1.8451685760540897
1994-08-20,10.58321716423944
1994-08-21,4.6045668154673445
1994-08-22,0.04225567844379318
1994-08-23,6.814799483937667e-05
1994-08-24,0.2678274434327267
1994-08-25,0.013836940011490785
1994-08-26,0.0
1994-08-27,0.0
1994-08-28,0.2971570450006176
1994-08-29,1.1937192300142339
1994-08-30,1.7081880649722543
1994-08-31,0.13689447084563086
1994-09-01,0.6778033578475033
1994-09-02,5.013293709964601
1994-09-03,1.714406570554221
1994-09-04,0.0010170890481168296
1994-09-05,0.0
1994-09-06,1.439957586959982
1994-09-07,0.3469171207150759
1994-09-08,5.473136508381155
1994-09-09,3.965569033411311
1994-09-10,0.5754034626091437
1994-09-11,0.7311456834300535
1994-09-12,0.12062636274908577
1994-09-13,0.0
1994-09-14,1.137519995523291e-05
1994-09-15,0.15473781611913084
1994-09-16,18.672676320809938
1994-09-17,14.264207193308943
1994-09-18,17.499976953015018
1994-09-19,0.49836909854767714
1994-09-20,0.0
1994-09-21,0.11178246904056631
1994-09-22,0.23672730772394568
1994-09-23,22.540968307300304
1994-09-24,0.4200512315212042
1994-09-25,0.05924028060013006
1994-09-26,0.034618125423689805
1994-09-27,0.034618125423689805
1994-09-28,0.034618125423689805
1994-09-29,0.034618125423689805
1994-09-30,0.034618125423689805
1994-10-01,0.0
1994-10-02,8.439460433494652
1994-10-03,8.422515821208345
1994-10-04,0.04695487620565207
1994-10-05,0.0
1994-10-06,0.0
1994-10-07,0.0
1994-10-08,0.05624587394706065
1994-10-09,3.6420072904395093
1994-10-10,19.826501772695966
1994-10-11,2.03559538967963
1994-10-12,3.10392680755782
1994-10-13,1.2553521742331568
1994-10-14,0.7789066148463346
1994-10-15,6.518128056752877e-08
1994-10-16,0.0
1994-10-17,0.0
1994-10-18,0.0
1994-10-19,0.0
1994-10-20,0.0
1994-10-21,1.8862011933268041
1994-10-22,24.85869693455341
1994-10-23,2.9060778332331907
1994-10-24,0.0
1994-10-25,0.0
1994-10-26,0.0
1994-10-27,0.0
1994-10-28,0.0
1994-10-29,6.08111294491302
1994-10-30,1.9077431804038893
1994-10-31,1.2768154031984456
1994-11-01,1.0420509103452948
1994-11-02,0.0
1994-11-03,0.0
1994-11-04,0.0
1994-11-05,0.0008320562964457154
1994-11-06,5.76174371549357
1994-11-07,0.0
1994-11-08,0.09935991109453099
1994-11-09,0.37356346183759603
1994-11-10,24.33756156758298
1994-11-11,5.323925291831205
1994-11-12,0.011473355668696113
1994-11-13,0.0
1994-11-14,0.0
1994-11-15,0.0
1994-11-16,0.4938583614042694
1994-11-17,0.0022134638502721562
1994-11-18,0.0
1994-11-19,0.0
1994-11-20,0.5656071350516848
1994-11-21,4.694258162728007
1994-11-22,0.0
1994-11-23,0.0
1994-11-24,0.0
1994-11-25,0.0
1994-11-26,18.401576872905903
1994-11-27,11.448166075002698
1994-11-28,26.070638257534096
1994-11-29,7.839682720143193
1994-11-30,0.03171294200657716
1994-12-01,0.0
1994-12-02,0.0
1994-12-03,4.901023558455973
1994-12-04,62.14916645316097
1994-12-05,6.542343418387297
1994-12-06,0.19795824794402483
1994-12-07,0.009807010373530234
1994-12-08,0.08920874940636397
1994-12-09,0.6017176161998321
1994-12-10,14.498991001024022
1994-12-11,12.790947788984473
1994-12-12,0.0
1994-12-13,0.0
1994-12-14,0.0030149530067150082
1994-12-15,0.011940367484299623
1994-12-16,1.5117920914458813
1994-12-17,1.656246088796205
1994-12-18,0.07485525469718847
1994-12-19,0.0
1994-12-20,0.0
1994-12-21,0.0
1994-12-22,0.0
1994-12-23,0.0
1994-12-24,0.0
1994-12-25,0.0
1994-12-26,0.0
1994-12-27,0.0
1994-12-28,0.0
1994-12-29,6.928370207022578
1994-12-30,5.9248278779763695
1994-12-31,5.121362245966344
1995-01-01,1.133074881640349
1995-01-02,0.0838971951363742
1995-01-03,0.27138267278400074
1995-01-04,0.0
1995-01-05,0.0
1995-01-06,13.440918552547277
1995-01-07,7.933584293438782
1995-01-08,0.0069446316490049875
1995-01-09,0.001072894833042088
1995-01-10,0.0
1995-01-11,0.1993901719672286
1995-01-12,0.008009418608773333
1995-01-13,1.1856158461383814
1995-01-14,39.835319423823584
1995-01-15,1.0619672668216626
1995-01-16,0.13500217460326783
1995-01-17,0.0
1995-01-18,0.0
1995-01-19,18.987493581403204
1995-01-20,0.03148496063011457
1995-01-21,0.0
1995-01-22,0.0
1995-01-23,12.932659478984354
1995-01-24,0.0
1995-01-25,0.0
1995-01-26,0.0
1995-01-27,6.181470694029117
1995-01-28,11.663612124247438
1995-01-29,0.39174378188200293
1995-01-30,0.2048634259006015
1995-01-31,0.0
1995-02-01,0.0
1995-02-02,0.003789600187507749
1995-02-03,0.40323520007225505
1995-02-04,7.4761517521490495
1995-02-05,0.0016116489616217508
1995-02-06,0.0007068328316597763
1995-02-07,4.217575307302908
1995-02-08,0.020424396510831815
1995-02-09,0.00011040576601877663
1995-02-10,8.91461050521499
1995-02-11,32.05352747904321
1995-02-12,5.185726586248046
1995-02-13,0.0
1995-02-14,0.6222255402562805
1995-02-15,3.4577513370816106
1995-02-16,30.79917136194748
1995-02-17,69.86337036796878
1995-02-18,36.17472174581528
1995-02-19,10.573958480053054
1995-02-20,0.06778082587803867
1995-02-21,0.0
1995-02-22,0.0
1995-02-23,0.0
1995-02-24,1.6739860654233472
1995-02-25,0.0
1995-02-26,0.0
1995-02-27,3.517920234947341
1995-02-28,35.46273770927563
1995-03-01,21.06380702440402
1995-03-02,0.07877230582959507
1995-03-03,3.4839188303500928
1995-03-04,0.7890989783177637
1995-03-05,11.885782914438288
1995-03-06,6.885378534763502
1995-03-07,1.2109541056709152
1995-03-08,73.55894871204377
1995-03-09,0.0
1995-03-10,0.0
1995-03-11,0.0
1995-03-12,0.0
1995-03-13,0.0
1995-03-14,0.0015848791109365193
1995-03-15,0.7035158905502661
1995-03-16,9.158739675498898
1995-03-17,0.9499836325069226
1995-03-18,2.45643758511154
1995-03-19,0.06502812012722987
1995-03-20,2.0932793238860423e-05
1995-03-21,0.2564071644678828
1995-03-22,0.000440268309816636
1995-03-23,0.0
1995-03-24,0.0
1995-03-25,0.0
1995-03-26,0.5234374080443215
1995-03-27,23.422615785255157
1995-03-28,0.00030150045602350174
1995-03-29,0.6476015992560658
1995-03-30,4.028908334156791
1995-03-31,0.014939810461015397
1995-04-01,0.0
1995-04-02,0.0
1995-04-03,0.0
1995-04-04,2.4288639070267455
1995-04-05,9.697679381322906e-06
1995-04-06,1.1241734631612328
1995-04-07,0.0
1995-04-08,0.0
1995-04-09,0.0
1995-04-10,0.0
1995-04-11,4.588909394427393
1995-04-12,22.56407557792191
1995-04-13,0.00048471488933140677
1995-04-14,0.0
1995-04-15,0.0
1995-04-16,0.0
1995-04-17,0.0
1995-04-18,0.0
1995-04-19,0.0
1995-04-20,0.0
1995-04-21,11.504598123494548
1995-04-22,31.880477085908947
1995-04-23,8.298704623843417
1995-04-24,7.385842242724597
1995-04-25,0.0
1995-04-26,0.0
1995-04-27,0.0
1995-04-28,0.00038053314196298657
1995-04-29,0.0
1995-04-30,0.44351544631749185
1995-05-01,0.08097388492788303
1995-05-02,2.6238318260463953
1995-05-03,0.45656342488604984
1995-05-04,7.169022679191454
1995-05-05,0.5901765098484111
1995-05-06,0.0
1995-05-07,0.0
1995-05-08,0.0
1995-05-09,11.541193130063856
1995-05-10,6.001115948674194
1995-05-11,1.889534610769853
1995-05-12,0.8028571885260593
1995-05-13,0.7142626116855187
1995-05-14,0.07455013204339432
1995-05-15,0.5423580931928607
1995-05-16,0.03702966552404462
1995-05-17,0.0
1995-05-18,0.09258067738140567
1995-05-19,14.338750741799524
1995-05-20,0.0
1995-05-21,0.0
1995-05-22,0.0
1995-05-23,0.0
1995-05-24,0.0
1995-05-25,0.8061122036704159
1995-05-26,0.3495896781814708
1995-05-27,0.3676679069403046
1995-05-28,0.1436366984193792
1995-05-29,5.438753287262029
1995-05-30,6.326979143567381
1995-05-31,3.243462669010966
1995-06-01,28.35661270958256
1995-06-02,5.5368112556701625
1995-06-03,0.8621099441834126
1995-06-04,0.08866700738401548
1995-06-05,1.3815778507996377
1995-06-06,1.2366939315066714
1995-06-07,1.321589742963716
1995-06-08,0.0
1995-06-09,1.110119978438728
1995-06-10,6.590023180393345
1995-06-11,0.26920959329880406
1995-06-12,1.362220920425886
1995-06-13,0.0
1995-06-14,0.0
1995-06-15,0.0
1995-06-16,0.001263678124553541
1995-06-17,0.009998308856631976
1995-06-18,0.02813468667263693
1995-06-19,0.10028996789988771
1995-06-20,0.24901987641446138
1995-06-21,2.377521868127163
1995-06-22,1.2502258240014335
1995-06-23,0.03476616804154842
1995-06-24,5.904952808309832
1995-06-25,12.739487091308314
1995-06-26,4.863321880774082
1995-06-27,0.2355825193193276
1995-06-28,0.04542408349294586
1995-06-29,0.27065825210807126
1995-06-30,2.283580261098985
1995-07-01,11.511545371761102
1995-07-02,3.53123355793404
1995-07-03,11.665739006515501
1995-07-04,5.211490275844729
1995-07-05,0.15330949139720296
1995-07-06,0.6639541666880909
1995-07-07,0.03971814867147472
1995-07-08,0.06092874990545704
1995-07-09,9.969340102592872
1995-07-10,0.2707090705223715
1995-07-11,0.0
1995-07-12,0.0
1995-07-13,0.0
1995-07-14,0.0
1995-07-15,0.0
1995-07-16,0.0881344128184755
1995-07-17,0.35608353668694226
1995-07-18,0.10253256313539974
1995-07-19,0.0009934340124968682
1995-07-20,0.0005010569966928529
1995-07-21,17.291448154895964
1995-07-22,4.0760758806203565
1995-07-23,0.1684729185277268
1995-07-24,0.20563698539879868
1995-07-25,0.20481209080084933
1995-07-26,2.644342916181748
1995-07-27,8.180327927594272
1995-07-28,2.4713168421982115
1995-07-29,0.10238058817384631
1995-07-30,0.07916152479187154
1995-07-31,0.30332139051122464
1995-08-01,0.10236479136023098
1995-08-02,0.09523109040494232
1995-08-03,2.6631503571489894
1995-08-04,3.664368805610149
1995-08-05,4.447388829034929
1995-08-06,1.4220125909990935
1995-08-07,2.885302820531012
1995-08-08,20.146047557045897
1995-08-09,16.029539944486025
1995-08-10,0.7061442892170942
1995-08-11,0.18078940464289173
1995-08-12,0.04594292784054432
1995-08-13,0.06566326945798757
1995-08-14,0.47856759725410997
1995-08-15,0.07556288852818085
1995-08-16,0.46670480763462896
1995-08-17,0.04713218407178138
1995-08-18,0.5126493522702595
1995-08-19,2.0937816909256597
1995-08-20,17.38029202914063
1995-08-21,1.6405855852778135
1995-08-22,0.10558835053854258
1995-08-23,0.12593199259272736
1995-08-24,0.12507739108661986
1995-08-25,1.5361997333179966
1995-08-26,5.520481692524955
1995-08-27,1.9583802443441922
1995-08-28,0.07786786043533522
1995-08-29,0.06061174791090873
1995-08-30,0.0012111019863614608
1995-08-31,0.16765003816103236
1995-09-01,3.4205181691816295
1995-09-02,0.011897689457738243
1995-09-03,2.271473165767018
1995-09-04,0.0
1995-09-05,0.6989687329278067
1995-09-06,0.06168413781872192
1995-09-07,0.06649678703518211
1995-09-08,0.0
1995-09-09,0.003997710844615218
1995-09-10,0.9552742621240313
1995-09-11,0.13726584805138917
1995-09-12,0.3298498490740872
1995-09-13,1.5733244262882473
1995-09-14,18.8837877491334
1995-09-15,0.22039497291588944
1995-09-16,7.9197420895500485
1995-09-17,14.55057074085207
1995-09-18,0.0023211378400764507
1995-09-19,0.0021204597370833218
1995-09-20,0.10011560258814858
1995-09-21,10.044675460150772
1995-09-22,27.314114080681442
1995-09-23,22.092267180838288
1995-09-24,1.0767515004845913
1995-09-25,0.9897183186837291
1995-09-26,0.1913024298484576
1995-09-27,2.562844867428696e-06
1995-09-28,0.002069445590724889
1995-09-29,0.0
1995-09-30,0.0
1995-10-01,0.2093247812722122
1995-10-02,1.247521635183731
1995-10-03,11.828507015101376
1995-10-04,125.53865860106225
1995-10-05,61.5234334206455
1995-10-06,0.5008657570169598
1995-10-07,0.1837522361934814
1995-10-08,0.1837522361934814
1995-10-09,0.42586060000077297
1995-10-10,0.1837522361934814
1995-10-11,0.00388681380743982
1995-10-12,0.0
1995-10-13,0.4926719682244254
1995-10-14,5.784204376129108
1995-10-15,0.0
1995-10-16,0.0
1995-10-17,0.0
1995-10-18,0.0
1995-10-19,0.0
1995-10-20,0.0
1995-10-21,0.0
1995-10-22,0.0
1995-10-23,0.0006120340451734933
1995-10-24,0.396864979403994
1995-10-25,0.0
1995-10-26,0.0
1995-10-27,16.171914936633712
1995-10-28,25.00430846819025
1995-10-29,0.0
1995-10-30,0.0
1995-10-31,0.10955533220534974
1995-11-01,7.781732911451823
1995-11-02,16.058455998512123
1995-11-03,21.785735055037126
1995-11-04,0.0
1995-11-05,0.3469253542979929
1995-11-06,3.1181471556950195
1995-11-07,32.44185249592003
1995-11-08,0.024312429984843172
1995-11-09,0.0
1995-11-10,0.0
1995-11-11,57.534195951948355
1995-11-12,0.0
1995-11-13,0.28942600944635577
1995-11-14,1.0915994795947508
1995-11-15,0.1228975390706753
1995-11-16,0.017755481462140753
1995-11-17,0.0
1995-11-18,1.8004008081446483
1995-11-19,0.09171374728153682
1995-11-20,0.0
1995-11-21,0.017227043330583836
1995-11-22,0.0
1995-11-23,7.185253963452202
1995-11-24,7.7114898384813015
1995-11-25,0.0
1995-11-26,0.0
1995-11-27,0.31300766194835145
1995-11-28,0.6816327491707049
1995-11-29,1.6187207430697248
1995-11-30,0.0
1995-12-01,0.0
1995-12-02,0.0
1995-12-03,0.007466020836610281
1995-12-04,5.564879298951314
1995-12-05,2.040966785490563
1995-12-06,9.528665996893931
1995-12-07,20.601092260048933
1995-12-08,0.07892187658849424
1995-12-09,17.69266865451667
1995-12-10,0.0
1995-12-11,0.0
1995-12-12,0.0
1995-12-13,0.0
1995-12-14,0.0
1995-12-15,0.0
1995-12-16,6.914527035621245
1995-12-17,2.5009835101770066
1995-12-18,31.19493867804721
1995-12-19,51.510691194527766
1995-12-20,0.40347428501446325
1995-12-21,0.0
1995-12-22,0.0
1995-12-23,0.0
1995-12-24,6.2924999599975235
1995-12-25,0.0
1995-12-26,0.0
1995-12-27,0.0
1995-12-28,0.0
1995-12-29,0.0
1995-12-30,0.0
1995-12-31,0.0
1996-01-01,10.702203764695259
1996-01-02,4.569557139278287
1996-01-03,0.3570243166566381
1996-01-04,0.0
1996-01-05,0.003053385516647282
1996-01-06,2.696402082053234
1996-01-07,1.5378647179175458
1996-01-08,0.01346849537308171
1996-01-09,0.0
1996-01-10,0.0003520786146704744
1996-01-11,0.5413846664108476
1996-01-12,3.24212368879566
1996-01-13,0.0
1996-01-14,0.0
1996-01-15,0.06096046946328592
1996-01-16,1.914186146372384
1996-01-17,0.020390166166735214
1996-01-18,5.280059023883881
1996-01-19,24.266273374003134
1996-01-20,0.0
1996-01-21,0.010511088004999673
1996-01-22,0.0
1996-01-23,6.27363952142681e-06
1996-01-24,0.7956437849213909
1996-01-25,0.0
1996-01-26,38.761266813537496
1996-01-27,76.52528415862193
1996-01-28,0.0
1996-01-29,1.0040988726447768
1996-01-30,19.86869542453495
1996-01-31,19.066704060222673
1996-02-01,2.458974141296539
1996-02-02,70.21755806355182
1996-02-03,0.3626054609907624
1996-02-04,0.0
1996-02-05,0.0
1996-02-06,0.0
1996-02-07,0.0
1996-02-08,0.06767088948711465
1996-02-09,0.912005000647559
1996-02-10,0.727263564544387
1996-02-11,0.0
1996-02-12,0.0
1996-02-13,0.0
1996-02-14,0.0
1996-02-15,0.0
1996-02-16,0.9137064865956808
1996-02-17,0.0
1996-02-18,0.0
1996-02-19,1.6491737993885367
1996-02-20,24.986145120815173
1996-02-21,0.0
1996-02-22,0.0
1996-02-23,0.0
1996-02-24,0.0
1996-02-25,0.0
1996-02-26,0.2195928446561033
1996-02-27,0.16807880637322456
1996-02-28,23.625413120165334
1996-02-29,0.8530806090466543
1996-03-01,1.1641301753768742
1996-03-02,0.02162840641978761
1996-03-03,0.0
1996-03-04,0.0
1996-03-05,0.0003429746665572143
1996-03-06,40.65870232386036
1996-03-07,81.72426326906674
1996-03-08,0.0
1996-03-09,0.0
1996-03-10,0.0
1996-03-11,0.0
1996-03-12,0.0
1996-03-13,0.0
1996-03-14,0.0862465757580888
1996-03-15,0.7906481443025488
1996-03-16,11.247854542985708
1996-03-17,11.463460925142371
1996-03-18,6.628243464068505
1996-03-19,22.017433822937317
1996-03-20,0.04237471124071499
1996-03-21,0.3348227825375248
1996-03-22,0.0
1996-03-23,0.0
1996-03-24,0.0
1996-03-25,15.321166879769262
1996-03-26,0.0559079069133701
1996-03-27,18.603602163280545
1996-03-28,26.78023288095541
1996-03-29,1.0381732308971616
1996-03-30,15.856955130185455
1996-03-31,15.48663739391024
1996-04-01,0.0
1996-04-02,0.0
1996-04-03,0.0
1996-04-04,0.0
1996-04-05,0.0
1996-04-06,11.545931973931596
1996-04-07,0.0
1996-04-08,0.0
1996-04-09,0.051754429964119754
1996-04-10,0.0
1996-04-11,0.0
1996-04-12,0.0
1996-04-13,12.527173648310736
1996-04-14,1.6314889209732921
1996-04-15,9.88560945710435
1996-04-16,0.0
1996-04-17,0.0
1996-04-18,0.001134386533866866
1996-04-19,0.041550506161571285
1996-04-20,0.0005827788909344117
1996-04-21,0.08109891280772773
1996-04-22,0.004263701694179088
1996-04-23,10.279538627384742
1996-04-24,0.0
1996-04-25,0.0
1996-04-26,12.455880178532032
1996-04-27,0.0
1996-04-28,0.0
1996-04-29,12.306163783850321
1996-04-30,26.051767491430414
1996-05-01,0.0
1996-05-02,0.0
1996-05-03,0.0
1996-05-04,0.0
1996-05-05,0.0
1996-05-06,0.0
1996-05-07,0.0
1996-05-08,0.0
1996-05-09,0.0
1996-05-10,0.0
1996-05-11,0.0017530949121015043
1996-05-12,2.086873740870224e-05
1996-05-13,0.0002202439194941918
1996-05-14,1.2156350642838498e-07
1996-05-15,0.00013200137894120304
1996-05-16,9.41366250328206e-06
1996-05-17,9.41366250328206e-06
1996-05-18,9.41366250328206e-06
1996-05-19,1.2990462850361624
1996-05-20,0.0044647766911061395
1996-05-21,0.0020174867717285966
1996-05-22,0.02598410081993096
1996-05-23,0.004745091108070124
1996-05-24,4.522684852595764
1996-05-25,7.090675029328492
1996-05-26,3.856792876226931
1996-05-27,5.765929402790337
1996-05-28,50.30032001740131
1996-05-29,12.125171129890145
1996-05-30,0.7946012957440411
1996-05-31,0.017275744049569466
1996-06-01,0.16862540554696248
1996-06-02,0.7150555838829704
1996-06-03,3.604584262647067
1996-06-04,1.9227992313836544
1996-06-05,0.008764313469376074
1996-06-06,0.5427882728663568
1996-06-07,0.605276205754131
1996-06-08,18.631450086015505
1996-06-09,5.591563360769633
1996-06-10,1.0138455881590702
1996-06-11,1.8507869835268733
1996-06-12,0.554685251214744
1996-06-13,1.6336005615672295
1996-06-14,6.239095781901119
1996-06-15,2.8499862045850106
1996-06-16,2.1502404867725115e-05
1996-06-17,9.972495686540739e-06
1996-06-18,4.604150599598578e-06
1996-06-19,2.484986199813385e-05
1996-06-20,7.792614667225661e-05
1996-06-21,0.8799162672452338
1996-06-22,0.25759660830826897
1996-06-23,2.667652940285726
1996-06-24,0.9059612955353675
1996-06-25,1.5980783759074144
1996-06-26,1.1875268018221519e-05
1996-06-27,0.0001377817764342279
1996-06-28,2.0819019923378516e-07
1996-06-29,0.0
1996-06-30,0.0
1996-07-01,0.0
1996-07-02,0.0
1996-07-03,0.0
1996-07-04,0.0
1996-07-05,0.0
1996-07-06,2.2248133754456765
1996-07-07,2.6577940629215906
1996-07-08,8.57970366395938
1996-07-09,9.989783759716087
1996-07-10,0.0
1996-07-11,3.3561813059637853
1996-07-12,2.560134216397619
1996-07-13,6.203880907202153
1996-07-14,6.01058460493005
1996-07-15,6.088322733845448
1996-07-16,16.278461651706362
1996-07-17,2.5898147090287837
1996-07-18,0.09968719310863318
1996-07-19,0.3164927784023256
1996-07-20,2.935694095338954
1996-07-21,7.628179863196735
1996-07-22,0.7579794400278692
1996-07-23,6.824832900065694
1996-07-24,1.190261098057191
1996-07-25,24.760080388492447
1996-07-26,24.85728354675671
1996-07-27,28.861706261662942
1996-07-28,13.28794961477864
1996-07-29,2.06223339122268
1996-07-30,0.23989531439488693
1996-07-31,3.6865022406608756
1996-08-01,6.354444851044486
1996-08-02,0.9264971695297302
1996-08-03,1.090077461380873
1996-08-04,0.7374925891846231
1996-08-05,2.179135961597148
1996-08-06,7.179132295236206
1996-08-07,2.9577748875033825
1996-08-08,5.689812607849529
1996-08-09,10.568786273200597
1996-08-10,0.7212476350241296
1996-08-11,1.395394287835312
1996-08-12,2.4240619413617894
1996-08-13,0.34068811136524707
1996-08-14,0.27704310559975853
1996-08-15,0.24357770399380524
1996-08-16,0.5378243731466001
1996-08-17,0.08710125765645965
1996-08-18,0.17827238337650728
1996-08-19,0.179829102675581
1996-08-20,0.019334332447860682
1996-08-21,0.006689237284439789
1996-08-22,0.00011371158160050068
1996-08-23,1.101210320855365
1996-08-24,2.3177761233944234
1996-08-25,9.005426103599047
1996-08-26,9.092063896519566
1996-08-27,12.188768158034325
1996-08-28,10.404195928341744
1996-08-29,1.390023061875849
1996-08-30,2.9507564149553214
1996-08-31,0.9535717019191909
1996-09-01,8.500460762874443
1996-09-02,3.96657219205186
1996-09-03,12.193455402789802
1996-09-04,2.342376312112069
1996-09-05,0.7677672358481714
1996-09-06,0.5291276672126901
1996-09-07,0.6487071586566566
1996-09-08,0.1799369661897715
1996-09-09,5.78529193150578
1996-09-10,9.753746521733149
1996-09-11,2.3147932169841723
1996-09-12,0.0
1996-09-13,0.0
1996-09-14,0.0
1996-09-15,0.048389928432898514
1996-09-16,16.59190684335923
1996-09-17,13.87317791522899
1996-09-18,0.0
1996-09-19,0.0
1996-09-20,0.0
1996-09-21,30.481408953928664
1996-09-22,0.07112569793364583
1996-09-23,0.0
1996-09-24,0.0
1996-09-25,0.27184030397640757
1996-09-26,0.1670953990262557
1996-09-27,6.880375897641853
1996-09-28,43.738626739872714
1996-09-29,0.11453896392476633
1996-09-30,2.4808174261057445
1996-10-01,14.574181747578763
1996-10-02,4.146144718322632
1996-10-03,1.0826369777903317
1996-10-04,0.08992284416593753
1996-10-05,0.0
1996-10-06,0.0
1996-10-07,18.13590673687553
1996-10-08,0.4263651537885167
1996-10-09,0.029283718118437736
1996-10-10,0.27478889148930025
1996-10-11,0.37782605641021366
1996-10-12,0.37782605641021366
1996-10-13,0.37782605641021366
1996-10-14,0.37782605641021366
1996-10-15,0.37782605641021366
1996-10-16,0.0032019094224504754
1996-10-17,4.1911454413929645
1996-10-18,22.047982605772372
1996-10-19,0.0
1996-10-20,0.0
1996-10-21,0.0
1996-10-22,0.0
1996-10-23,1.1813992289112634
1996-10-24,0.0
1996-10-25,0.000711711108997913
1996-10-26,5.972121086948395
1996-10-27,0.18457154975069834
1996-10-28,1.0487891024707148
1996-10-29,0.28873833994057496
1996-10-30,0.7828556597260288
1996-10-31,0.0
1996-11-01,0.08176604436280335
1996-11-02,21.152990333389692
1996-11-03,0.0
1996-11-04,0.0
1996-11-05,0.16785461644034197
1996-11-06,1.1805646493992
1996-11-07,0.7061747529116004
1996-11-08,40.70916956186639
1996-11-09,0.005854769953455947
1996-11-10,0.0
1996-11-11,0.428009077907745
1996-11-12,0.428009077907745
1996-11-13,0.4282063272222169
1996-11-14,0.428009077907745
1996-11-15,0.428009077907745
1996-11-16,0.0
1996-11-17,0.00035818321485097456
1996-11-18,2.8153909745462267
1996-11-19,0.3143967727798504
1996-11-20,0.08943751558189009
1996-11-21,0.7756680640319503
1996-11-22,0.004925641561545587
1996-11-23,0.0
1996-11-24,0.0
1996-11-25,4.389620325539375
1996-11-26,3.6398278131321926
1996-11-27,0.0
1996-11-28,0.0
1996-11-29,4.793823880266668
1996-11-30,21.776652904318073
1996-12-01,51.235814100754006
1996-12-02,0.0007561364662802851
1996-12-03,0.0
1996-12-04,0.0
1996-12-05,10.226195391990263
1996-12-06,0.00014182221601926237
1996-12-07,0.4237021092929251
1996-12-08,0.0
1996-12-09,0.0
1996-12-10,0.0
1996-12-11,0.06977395033722224
1996-12-12,9.549837875068688
1996-12-13,1.1680930829052396
1996-12-14,0.0
1996-12-15,0.0
1996-12-16,3.2401852429192775
1996-12-17,22.461865734848274
1996-12-18,1.765190415729228
1996-12-19,0.4830013251007848
1996-12-20,0.0
1996-12-21,0.0
1996-12-22,0.0
1996-12-23,0.0
1996-12-24,0.0
1996-12-25,0.0
1996-12-26,0.002250651445430454
1996-12-27,32.46164116569026
1996-12-28,11.204557750268176
1996-12-29,1.5302518954944626
1996-12-30,0.5391805567021707
1996-12-31,1.6405740661536057
1997-01-01,7.859596073887885
1997-01-02,0.41302283583236316
1997-01-03,1.238911612140849
1997-01-04,0.9965776036783311
1997-01-05,24.99460721926911
1997-01-06,0.0305933901835472
1997-01-07,10.321819574187064
1997-01-08,12.509288512322295
1997-01-09,34.39253094592634
1997-01-10,0.20505218532615227
1997-01-11,1.1598098789689875
1997-01-12,0.00023868834981763108
1997-01-13,0.0014516154391078489
1997-01-14,0.00023868834981763108
1997-01-15,0.01225868038932947
1997-01-16,19.649693208175712
1997-01-17,9.003016584753701e-05
1997-01-18,9.003016584753701e-05
1997-01-19,9.003016584753701e-05
1997-01-20,9.003016584753701e-05
1997-01-21,0.03501213605967478
1997-01-22,9.975467543686934
1997-01-23,1.2260815932680453
1997-01-24,18.226059319511478
1997-01-25,14.062038851726374
1997-01-26,0.0001136469801188021
1997-01-27,0.3395534734472355
1997-01-28,27.90533624690696
1997-01-29,0.12798763723870302
1997-01-30,0.5543303949863264
1997-01-31,0.004029088070606218
1997-02-01,7.119811443448552e-05
1997-02-02,2.3922465672576467
1997-02-03,1.5675018081509144
1997-02-04,4.3931746183802955
1997-02-05,6.589092968454319
1997-02-06,0.00015161303912416223
1997-02-07,0.21842931596288057
1997-02-08,24.102457539207204
1997-02-09,0.0031385985874367354
1997-02-10,3.5125672588690224
1997-02-11,0.0006963125410563627
1997-02-12,0.3696589152841453
1997-02-13,44.263769879354676
1997-02-14,9.83851641469686
1997-02-15,11.574835767749464
1997-02-16,0.0001079981980207815
1997-02-17,0.0001079981980207815
1997-02-18,0.0001079981980207815
1997-02-19,0.011782256174873261
1997-02-20,1.1959606982219533
1997-02-21,22.98432531981864
1997-02-22,2.75870707093295
1997-02-23,0.00014855286427390598
1997-02-24,0.06897223614021773
1997-02-25,7.878967783718855
1997-02-26,1.751773105093389
1997-02-27,20.463839087312557
1997-02-28,44.99679270588548
1997-03-01,1.7720881062928158
1997-03-02,1.4311129646115568
1997-03-03,18.50004445268562
1997-03-04,0.00030853166677867363
1997-03-05,0.4986946861314524
1997-03-06,5.343676886822039
1997-03-07,0.00010139837661642955
1997-03-08,0.00010139837661642955
1997-03-09,0.00010139837661642955
1997-03-10,3.5195997885811456
1997-03-11,1.4804192285999915
1997-03-12,0.00010847608907876571
1997-03-13,12.979028827623512
1997-03-14,22.873462532078534
1997-03-15,0.007682828232971956
1997-03-16,8.540154472625269e-05
1997-03-17,8.540154472625269e-05
1997-03-18,0.0803974395511135
1997-03-19,12.275247640896831
1997-03-20,0.11683457775500973
1997-03-21,0.00045216660398923704
1997-03-22,0.00045216660398923704
1997-03-23,0.00045216660398923704
1997-03-24,0.00045216660398923704
1997-03-25,0.2337927075078717
1997-03-26,1.4731531294725864
1997-03-27,4.9878141977476446e-05
1997-03-28,8.189948067348034
1997-03-29,2.4694704715609794
1997-03-30,0.9482876070786996
1997-03-31,3.4827960542247354
1997-04-01,6.413956759199558e-05
1997-04-02,6.413956759199558e-05
1997-04-03,6.413956759199558e-05
1997-04-04,0.05443512765862936
1997-04-05,2.6823336736278205
1997-04-06,21.706078699934462
1997-04-07,0.005544775703677256
1997-04-08,0.00011900948798092808
1997-04-09,0.00011900948798092808
1997-04-10,0.00011900948798092808
1997-04-11,0.42495365299157556
1997-04-12,24.67468492040426
1997-04-13,0.2461460248308802
1997-04-14,0.00010060635805691851
1997-04-15,0.00010060635805691851
1997-04-16,0.0001380031427178191
1997-04-17,0.06623288863945599
1997-04-18,0.0001380031427178191
1997-04-19,0.0001380031427178191
1997-04-20,0.07729923362223931
1997-04-21,1.2514840191072782
1997-04-22,11.356758172266149
1997-04-23,24.371235259604592
1997-04-24,0.30560695244258107
1997-04-25,0.5101933826630839
1997-04-26,47.458100811672836
1997-04-27,11.957616316950809
1997-04-28,24.720949761438547
1997-04-29,5.155103644458711
1997-04-30,0.00013825169601738556
1997-05-01,0.38862967383789165
1997-05-02,0.13226904055307523
1997-05-03,14.56794323635011
1997-05-04,0.00010991637993149392
1997-05-05,0.00010991637993149392
1997-05-06,0.0
1997-05-07,0.0
1997-05-08,0.0
1997-05-09,0.0
1997-05-10,0.0
1997-05-11,4.0438837148621243e-07
1997-05-12,4.0438837148621243e-07
1997-05-13,4.0438837148621243e-07
1997-05-14,4.0438837148621243e-07
1997-05-15,0.0006496623277355533
1997-05-16,7.18968369466181e-05
1997-05-17,7.18968369466181e-05
1997-05-18,7.18968369466181e-05
1997-05-19,1.4201522533127435
1997-05-20,4.311814174592802
1997-05-21,0.006805215409079344
1997-05-22,7.2587035883767e-05
1997-05-23,6.663054230874828
1997-05-24,3.3948066232585066
1997-05-25,16.99221630163906
1997-05-26,0.9344248366760245
1997-05-27,11.390725621012503
1997-05-28,8.274414215168106
1997-05-29,11.97651904470107
1997-05-30,0.8228162448949538
1997-05-31,10.331099268739425
1997-06-01,0.30307180080163937
1997-06-02,1.0447382006429848
1997-06-03,0.19899970893003174
1997-06-04,0.07603249203193371
1997-06-05,0.43103313566293666
1997-06-06,0.06038241707308267
1997-06-07,1.9963105643824814
1997-06-08,0.3039803582687313
1997-06-09,0.038605376280017964
1997-06-10,1.588091545920082e-05
1997-06-11,3.153819453076511
1997-06-12,2.248326365627559
1997-06-13,3.289181339817508
1997-06-14,13.000112315377278
1997-06-15,0.6469893256191334
1997-06-16,8.855652835938596
1997-06-17,33.1002499817126
1997-06-18,17.98373526312328
1997-06-19,2.061817530528056
1997-06-20,4.305741908663393
1997-06-21,30.547819804782932
1997-06-22,12.010093678046497
1997-06-23,1.4309988278916193
1997-06-24,14.3602545951386
1997-06-25,11.329219874943046
1997-06-26,6.013189691196637
1997-06-27,11.223652431810114
1997-06-28,8.165756717890728
1997-06-29,9.542060206080494
1997-06-30,4.337966624490069
1997-07-01,0.0
1997-07-02,0.0
1997-07-03,0.0
1997-07-04,0.0
1997-07-05,0.0
1997-07-06,0.5392014794084413
1997-07-07,12.926511219769985
1997-07-08,3.1422270153420175
1997-07-09,5.688212901135148
1997-07-10,0.8565660832569546
1997-07-11,0.0
1997-07-12,0.0
1997-07-13,0.0
1997-07-14,0.0
1997-07-15,0.0
1997-07-16,6.802583034342638
1997-07-17,7.788193223214293
1997-07-18,4.266451632482801
1997-07-19,0.07340534401542806
1997-07-20,1.7766163167403868
1997-07-21,12.14864589143666
1997-07-22,15.74087852479726
1997-07-23,4.357249052634048
1997-07-24,9.003664333863812
1997-07-25,0.17122899147340775
1997-07-26,0.0012083621304598184
1997-07-27,0.949843400762818
1997-07-28,7.752298883290635
1997-07-29,0.7026053646844131
1997-07-30,4.1316708386301135
1997-07-31,4.603497056489603
1997-08-01,6.023409112517713e-05
1997-08-02,0.4039689178425588
1997-08-03,0.5064805040822565
1997-08-04,0.32091111597800404
1997-08-05,0.025523720401250418
1997-08-06,0.11698766186308406
1997-08-07,1.9866889845684035
1997-08-08,1.016967831903833
1997-08-09,30.86943859914775
1997-08-10,7.471789633162524
1997-08-11,1.5393159748569558
1997-08-12,0.6130840430452623
1997-08-13,1.9792429882532487
1997-08-14,14.59323428587496
1997-08-15,3.217403933582529
1997-08-16,0.4395109213635888
1997-08-17,0.6852179867559695
1997-08-18,4.409983184129629
1997-08-19,0.687309654537802
1997-08-20,5.485255136305247
1997-08-21,0.0
1997-08-22,0.0
1997-08-23,0.0
1997-08-24,0.0
1997-08-25,0.0
1997-08-26,0.00018415230612666594
1997-08-27,0.4912860373872833
1997-08-28,0.24021344308947593
1997-08-29,0.16833386185631574
1997-08-30,1.2441346336309431
1997-08-31,0.19715958722253593
1997-09-01,2.3576150363109862
1997-09-02,0.6207563000760896
1997-09-03,0.5443335877419816
1997-09-04,0.022950416659481953
1997-09-05,0.00017614509118131475
1997-09-06,0.0002482500105341461
1997-09-07,0.0002482500105341461
1997-09-08,0.0002482500105341461
1997-09-09,10.69056242393676
1997-09-10,23.938757314154294
1997-09-11,2.0698583366183154
1997-09-12,0.000492987216404698
1997-09-13,0.000492987216404698
1997-09-14,0.000505848608828653
1997-09-15,0.000492987216404698
1997-09-16,0.00016289801575431636
1997-09-17,0.00016289801575431636
1997-09-18,1.1863529640328685
1997-09-19,0.00016289801575431636
1997-09-20,0.00016289801575431636
1997-09-21,0.5275171118795728
1997-09-22,0.0246447029512705
1997-09-23,4.008397234775959
1997-09-24,7.137061978146818
1997-09-25,85.17211540298078
1997-09-26,0.39342090633344423
1997-09-27,0.7653981082993049
1997-09-28,0.027390254466558826
1997-09-29,0.0019817341472357928
1997-09-30,2.29958197014302e-06
1997-10-01,0.0006780997708283429
1997-10-02,0.0006780997708283429
1997-10-03,0.0006780997708283429
1997-10-04,0.0006780997708283429
1997-10-05,0.4904345910051699
1997-10-06,1.0323934247376647
1997-10-07,0.0009895991002223613
1997-10-08,0.0009895991002223613
1997-10-09,0.5257061751003405
1997-10-10,0.0009895991002223613
1997-10-11,0.01825026899991195
1997-10-12,0.006922674891418063
1997-10-13,0.013584171077261863
1997-10-14,6.759952527365993
1997-10-15,0.06538123847430319
1997-10-16,0.0
1997-10-17,0.0
1997-10-18,0.0
1997-10-19,0.0
1997-10-20,0.0
1997-10-21,0.04519942218080791
1997-10-22,1.2052072737259631
1997-10-23,7.074601695950124e-05
1997-10-24,14.150070376359979
1997-10-25,17.923830827715577
1997-10-26,43.70121444649176
1997-10-27,0.8318209187198806
1997-10-28,5.357678956708166e-05
1997-10-29,0.0001659910283171579
1997-10-30,7.423420355798876e-05
1997-10-31,2.2427493234907323
1997-11-01,3.744303975020105
1997-11-02,19.924855473498013
1997-11-03,0.02778878076704192
1997-11-04,9.191076088248997e-05
1997-11-05,9.191076088248997e-05
1997-11-06,4.068632167785668
1997-11-07,0.3277522924065297
1997-11-08,0.006315795568139032
1997-11-09,0.0001913868881322093
1997-11-10,0.04727318657873026
1997-11-11,0.0010270919475806337
1997-11-12,16.336632355303085
1997-11-13,3.73738451476497
1997-11-14,11.482436613219235
1997-11-15,0.6074723883086036
1997-11-16,0.8818644427113047
1997-11-17,0.004569090374805702
1997-11-18,0.004579356668639457
1997-11-19,0.2947456891825239
1997-11-20,0.004569090374805702
1997-11-21,13.92923230562818
1997-11-22,17.353244143859467
1997-11-23,0.002210994032686952
1997-11-24,0.00011794738353336306
1997-11-25,0.00011794738353336306
1997-11-26,8.58065320434283e-05
1997-11-27,0.02412802943490123
1997-11-28,0.0009436605592525844
1997-11-29,40.958015853154464
1997-11-30,5.173552951759176
1997-12-01,0.0
1997-12-02,0.0
1997-12-03,0.0
1997-12-04,0.0
1997-12-05,0.0
1997-12-06,9.858006167292428e-05
1997-12-07,9.858006167292428e-05
1997-12-08,5.620206281601358
1997-12-09,2.1975432401138764
1997-12-10,7.262756387766327
1997-12-11,1.9118914329376195
1997-12-12,0.8648033555440245
1997-12-13,2.3773791711961194
1997-12-14,22.863938573803505
1997-12-15,6.9504731685711
1997-12-16,0.0
1997-12-17,0.0
1997-12-18,0.0
1997-12-19,0.0
1997-12-20,0.0
1997-12-21,1.0370405267252747
1997-12-22,26.1474430438879
1997-12-23,4.37821091333295
1997-12-24,36.36421253065364
1997-12-25,6.975693553788676e-05
1997-12-26,0.03986433079221782
1997-12-27,6.371163029260737
1997-12-28,4.632457584614385e-05
1997-12-29,4.813268162814185
1997-12-30,0.4762237162351879
1997-12-31,0.195638802485269
1998-01-01,0.0
1998-01-02,0.0
1998-01-03,0.0012945103625738418
1998-01-04,0.10481113395995549
1998-01-05,9.108923084202923
1998-01-06,31.113655208364605
1998-01-07,57.07243449068627
1998-01-08,4.676647518438862
1998-01-09,0.3643827151546959
1998-01-10,0.0015369338017177006
1998-01-11,0.0
1998-01-12,2.8403211415686704
1998-01-13,17.85953832892008
1998-01-14,10.926856279040038
1998-01-15,23.356449808209064
1998-01-16,9.298824169546918
1998-01-17,0.014488838129131144
1998-01-18,0.0012361399659610302
1998-01-19,11.798130151932792
1998-01-20,0.012762596116277248
1998-01-21,0.0
1998-01-22,46.15915289939866
1998-01-23,5.351909263018581
1998-01-24,0.12180948891292386
1998-01-25,0.0
1998-01-26,0.4896866993471507
1998-01-27,4.670209446890172
1998-01-28,0.0014932535508981961
1998-01-29,0.0
1998-01-30,0.028692702698102035
1998-01-31,0.0
1998-02-01,0.0
1998-02-02,16.831865714382754
1998-02-03,77.24992670774995
1998-02-04,26.608057838613924
1998-02-05,0.0061703866747486015
1998-02-06,0.16592480774335228
1998-02-07,0.5165384974692786
1998-02-08,1.0474547421660452
1998-02-09,0.0044850749682092605
1998-02-10,0.17601054981607497
1998-02-11,16.42884253197762
1998-02-12,9.308942507947162e-06
1998-02-13,0.06505055500555537
1998-02-14,0.0
1998-02-15,0.0017107122373796347
1998-02-16,31.338032772757494
1998-02-17,20.060708228233143
1998-02-18,0.17330620728614277
1998-02-19,0.0
1998-02-20,0.26876046503013973
1998-02-21,0.0
1998-02-22,23.834518073646546
1998-02-23,4.740969326154159
1998-02-24,0.0
1998-02-25,0.0
1998-02-26,0.09330486405044194
1998-02-27,41.32020654676115
1998-02-28,0.02250211953265102
1998-03-01,0.5931423205630776
1998-03-02,0.039273517555526515
1998-03-03,0.004196055328397008
1998-03-04,0.0
1998-03-05,13.232010895999698
1998-03-06,8.01792344582701
1998-03-07,40.89704767476148
1998-03-08,64.12977743081393
1998-03-09,9.360617584345277
1998-03-10,0.005102655669305057
1998-03-11,0.0
1998-03-12,0.0008886601116817065
1998-03-13,0.0
1998-03-14,0.018628797183441723
1998-03-15,0.0
1998-03-16,0.3052753790403092
1998-03-17,1.5687513020238248
1998-03-18,12.037572450988332
1998-03-19,4.532101836325382
1998-03-20,14.198711058627667
1998-03-21,0.48232203847475114
1998-03-22,0.01221609017230851
1998-03-23,0.0
1998-03-24,2.9802548339702923
1998-03-25,1.8829591889008595e-05
1998-03-26,0.0
1998-03-27,0.0
1998-03-28,0.0
1998-03-29,0.0
1998-03-30,0.0
1998-03-31,0.014617287265486367
1998-04-01,14.815038982052487
1998-04-02,0.0
1998-04-03,13.417618815341324
1998-04-04,0.9364995257415265
1998-04-05,0.0016039733997550297
1998-04-06,0.0
1998-04-07,0.1058980362072418
1998-04-08,3.1349017321404817
1998-04-09,14.01491951536544
1998-04-10,0.06032300394081281
1998-04-11,0.0
1998-04-12,0.0
1998-04-13,0.0
1998-04-14,0.0
1998-04-15,0.0
1998-04-16,2.522480113890802
1998-04-17,32.48255194564769
1998-04-18,12.57298112117708
1998-04-19,45.20236664069217
1998-04-20,0.0004533313074953453
1998-04-21,0.0
1998-04-22,0.0
1998-04-23,0.0
1998-04-24,0.0
1998-04-25,0.0
1998-04-26,0.0025107754280984836
1998-04-27,0.18358034495448358
1998-04-28,9.762483317810926
1998-04-29,3.7366473633718478
1998-04-30,24.72402201573105
1998-05-01,0.0
1998-05-02,0.0
1998-05-03,0.0
1998-05-04,0.0
1998-05-05,0.0
1998-05-06,0.22410653624802557
1998-05-07,5.374890657698777
1998-05-08,13.989340442942222
1998-05-09,0.0
1998-05-10,16.197698272688555
1998-05-11,0.0006336586319829348
1998-05-12,3.7021042136355464e-05
1998-05-13,3.7021042136355464e-05
1998-05-14,3.7021042136355464e-05
1998-05-15,3.7021042136355464e-05
1998-05-16,0.9413843127760035
1998-05-17,0.18094556868332243
1998-05-18,0.04674569980316648
1998-05-19,0.13112539086379657
1998-05-20,0.04674569980316648
1998-05-21,0.022898706806397662
1998-05-22,0.7162380487838328
1998-05-23,0.0007613659109142446
1998-05-24,0.5483243791769492
1998-05-25,0.005873705698262081
1998-05-26,0.009661635639600472
1998-05-27,0.0021166101998758543
1998-05-28,0.3786749201519323
1998-05-29,2.5859263850611787
1998-05-30,13.159641988344978
1998-05-31,3.385065234453271
1998-06-01,0.18004046063919066
1998-06-02,0.0
1998-06-03,0.00037446247638671355
1998-06-04,1.5041794145535865
1998-06-05,16.2120339381554
1998-06-06,10.766976598632407
1998-06-07,0.0
1998-06-08,0.0
1998-06-09,0.6265151897631973
1998-06-10,4.402198024993698
1998-06-11,0.0
1998-06-12,2.992438958591077
1998-06-13,1.7331410556342532
1998-06-14,0.13589196741651563
1998-06-15,3.061191132836582
1998-06-16,23.497159277308214
1998-06-17,0.36695686677092626
1998-06-18,0.008609396266185778
1998-06-19,11.799801466897108
1998-06-20,3.5474201422329568
1998-06-21,2.4004167394331226
1998-06-22,0.9446083652720965
1998-06-23,1.4676499415830218
1998-06-24,6.9551113608194095
1998-06-25,1.4768121712748394
1998-06-26,0.00011980685331877642
1998-06-27,1.2599166857300732e-06
1998-06-28,2.6843347842288317e-06
1998-06-29,3.829916205449894e-05
1998-06-30,2.5353857135716715e-06
1998-07-01,2.0671054471731973
1998-07-02,7.367728317607949
1998-07-03,10.916410477119566
1998-07-04,1.8255172340936012
1998-07-05,2.6489275789405027
1998-07-06,0.0
1998-07-07,0.5585594776587223
1998-07-08,18.028453912862037
1998-07-09,17.56435918230956
1998-07-10,0.002819595225216069
1998-07-11,0.051673721662469405
1998-07-12,0.47322333149417584
1998-07-13,4.456514610982412
1998-07-14,0.6996285608678091
1998-07-15,1.2837305722948862
1998-07-16,2.248716444166926
1998-07-17,0.3012456912961087
1998-07-18,0.001591342296995763
1998-07-19,0.07930649750733411
1998-07-20,2.03561463174401
1998-07-21,0.39719756125774464
1998-07-22,5.41123281354912
1998-07-23,12.79128766586742
1998-07-24,11.120622734175384
1998-07-25,21.73895503540551
1998-07-26,0.8617102914634592
1998-07-27,1.2179748802946864
1998-07-28,16.306014133517547
1998-07-29,2.559989168534843
1998-07-30,0.3571868865774062
1998-07-31,4.375414333865477
1998-08-01,13.756934348235932
1998-08-02,0.0
1998-08-03,0.0
1998-08-04,0.000848796958378231
1998-08-05,0.5289687425998962
1998-08-06,0.0031830363128454065
1998-08-07,0.009227270514565193
1998-08-08,6.975375437318999
1998-08-09,8.019045594979678
1998-08-10,0.0945151970867523
1998-08-11,3.735174829470247
1998-08-12,5.109506137757012
1998-08-13,3.6372661278541165
1998-08-14,17.3608088769046
1998-08-15,5.134006118956376
1998-08-16,18.541210042398436
1998-08-17,3.2968592883818615
1998-08-18,5.973507790897747
1998-08-19,0.7099052218694707
1998-08-20,2.9970206460193323
1998-08-21,0.0
1998-08-22,0.0
1998-08-23,0.0
1998-08-24,0.0
1998-08-25,0.0
1998-08-26,0.0
1998-08-27,0.0
1998-08-28,0.0
1998-08-29,0.0
1998-08-30,0.2530647542786636
1998-08-31,3.804180115171182
1998-09-01,0.4225223329075341
1998-09-02,0.7289956802901627
1998-09-03,22.464978556781308
1998-09-04,0.00015611895536989714
1998-09-05,0.0
1998-09-06,0.07708732314375506
1998-09-07,0.052364818857954715
1998-09-08,1.0554081602445124
1998-09-09,0.002535090767830451
1998-09-10,0.0
1998-09-11,0.0011713318031029384
1998-09-12,0.0011713318031029384
1998-09-13,0.0011713318031029384
1998-09-14,0.0011713318031029384
1998-09-15,8.303901965203318
1998-09-16,0.009558588210656046
1998-09-17,0.0
1998-09-18,3.8750228533786676e-05
1998-09-19,0.2670501950806863
1998-09-20,0.9682507084110026
1998-09-21,26.039178007989932
1998-09-22,4.01677023810977
1998-09-23,0.21703240383144057
1998-09-24,0.05065917826407358
1998-09-25,0.0
1998-09-26,0.04119453195020774
1998-09-27,0.0020610515565968822
1998-09-28,4.675980650571594
1998-09-29,62.66394845607335
1998-09-30,17.981666437297843
1998-10-01,0.000717453995980406
1998-10-02,0.0
1998-10-03,0.15105037481301634
1998-10-04,0.20222661837356062
1998-10-05,0.30966966875285273
1998-10-06,0.35683503531887223
1998-10-07,13.499949727387934
1998-10-08,6.202789135969264
1998-10-09,0.0
1998-10-10,0.0
1998-10-11,0.1508203516484976
1998-10-12,0.7768583130661199
1998-10-13,0.39956301540137473
1998-10-14,0.1508203516484976
1998-10-15,0.1508203516484976
1998-10-16,0.0
1998-10-17,0.0
1998-10-18,0.0
1998-10-19,0.0
1998-10-20,0.0
1998-10-21,0.04832530642054714
1998-10-22,0.04832530642054714
1998-10-23,0.04832530642054714
1998-10-24,0.04832530642054714
1998-10-25,0.04832530642054714
1998-10-26,0.2045492238852516
1998-10-27,0.20452855825749489
1998-10-28,0.20452855825749489
1998-10-29,0.20452855825749489
1998-10-30,0.20452855825749489
1998-10-31,0.20452855825749489
1998-11-01,0.0
1998-11-02,1.4189216305275423
1998-11-03,1.986409022915422
1998-11-04,0.02016638693783976
1998-11-05,0.0026161703195803844
1998-11-06,0.0
1998-11-07,0.0
1998-11-08,5.520215975358096
1998-11-09,8.370012084569154
1998-11-10,3.234856687264213
1998-11-11,21.26528994976108
1998-11-12,0.0
1998-11-13,0.45368652595308556
1998-11-14,20.8200006452747
1998-11-15,15.52366473458159
1998-11-16,3.9470810631312556
1998-11-17,0.021068724164506714
1998-11-18,0.0
1998-11-19,0.35049540895395387
1998-11-20,0.9279937134625564
1998-11-21,0.004693640717559004
1998-11-22,0.0
1998-11-23,1.6926728999846443
1998-11-24,0.7780800127072424
1998-11-25,0.34958735957512876
1998-11-26,1.4136039345486553
1998-11-27,0.0
1998-11-28,0.0
1998-11-29,0.0
1998-11-30,0.007759750825336559
1998-12-01,0.0
1998-12-02,0.0
1998-12-03,0.0
1998-12-04,0.0
1998-12-05,0.0
1998-12-06,0.011464629740952713
1998-12-07,0.19646647457624086
1998-12-08,1.3292632137300424
1998-12-09,0.11057449998966674
1998-12-10,0.0
1998-12-11,0.0
1998-12-12,0.0
1998-12-13,0.0
1998-12-14,0.0
1998-12-15,0.0
1998-12-16,0.0
1998-12-17,0.0
1998-12-18,0.0
1998-12-19,15.676214679456729
1998-12-20,1.8748842269614423
1998-12-21,0.3327313386946312
1998-12-22,1.9992179257806568
1998-12-23,3.049251783033149
1998-12-24,10.252042488065706
1998-12-25,1.1859653561944097
1998-12-26,1.4699742782625016
1998-12-27,0.5968590157858824
1998-12-28,60.3701800758358
1998-12-29,0.9238932680916586
1998-12-30,0.5448972253272409
1998-12-31,0.0
1999-01-01,0.0001960636073660302
1999-01-02,20.474176491358477
1999-01-03,3.7670066196422685
1999-01-04,0.0
1999-01-05,0.0
1999-01-06,0.1230035314351433
1999-01-07,2.384675796786652
1999-01-08,8.250223360219389
1999-01-09,12.404449445843644
1999-01-10,0.0
1999-01-11,0.0
1999-01-12,0.0
1999-01-13,1.215152288824987
1999-01-14,2.7220332000156784
1999-01-15,1.3804275891775737
1999-01-16,0.0
1999-01-17,1.2729235916230819
1999-01-18,3.001862883873342
1999-01-19,0.0
1999-01-20,0.5400071250594672
1999-01-21,3.1193621674652303
1999-01-22,0.645607936889436
1999-01-23,61.217326481487106
1999-01-24,0.021487392410888744
1999-01-25,0.0
1999-01-26,0.0
1999-01-27,0.0
1999-01-28,0.2297412742319561
1999-01-29,0.9111242698231674
1999-01-30,69.94398620934459
1999-01-31,10.48427885627712
1999-02-01,1.0537736553784323
1999-02-02,0.04337005149424331
1999-02-03,0.037754755318278654
1999-02-04,1.0699890052061818
1999-02-05,0.0
1999-02-06,0.000985811038650887
1999-02-07,0.7267717769467367
1999-02-08,0.08881667165781446
1999-02-09,1.9080129747623797
1999-02-10,8.502279397227877
1999-02-11,0.0
1999-02-12,0.0
1999-02-13,0.0
1999-02-14,0.0
1999-02-15,0.0
1999-02-16,0.0026151838505806906
1999-02-17,7.990367633463461
1999-02-18,6.399586484793627
1999-02-19,4.773618065478333
1999-02-20,0.0
1999-02-21,0.0
1999-02-22,0.0
1999-02-23,0.0
1999-02-24,0.0
1999-02-25,0.0
1999-02-26,2.0317025429254274
1999-02-27,2.322513734621669
1999-02-28,34.563291089676696
1999-03-01,0.0
1999-03-02,0.1481182931332185
1999-03-03,12.997019409222313
1999-03-04,0.0
1999-03-05,0.053543334852260996
1999-03-06,5.033870758003671
1999-03-07,0.013467393189174037
1999-03-08,0.0
1999-03-09,18.766665522133486
1999-03-10,0.0002201411834174846
1999-03-11,0.0012779340109736674
1999-03-12,0.0
1999-03-13,5.0831026397659915
1999-03-14,31.16381876999878
1999-03-15,0.24614195288811097
1999-03-16,0.0
1999-03-17,0.0
1999-03-18,0.0
1999-03-19,0.0
1999-03-20,0.8765250736975329
1999-03-21,11.605907193759679
1999-03-22,0.0
1999-03-23,0.0
1999-03-24,2.0714947912379333
1999-03-25,8.113825594122677
1999-03-26,0.0
1999-03-27,0.0
1999-03-28,0.0
1999-03-29,1.0999973610401155
1999-03-30,1.0823556470345643
1999-03-31,21.81352974029903
1999-04-01,0.0
1999-04-02,0.0
1999-04-03,0.0
1999-04-04,0.0
1999-04-05,0.0
1999-04-06,3.949075480036174
1999-04-07,3.462079715305046
1999-04-08,1.4463184927437192
1999-04-09,2.5549733432243875
1999-04-10,0.0003317136661218801
1999-04-11,1.9556042634552346
1999-04-12,0.0
1999-04-13,0.0
1999-04-14,0.0
1999-04-15,20.338100368011062
1999-04-16,0.0
1999-04-17,0.0
1999-04-18,0.0
1999-04-19,0.0
1999-04-20,0.0
1999-04-21,0.0003827744982003644
1999-04-22,0.0
1999-04-23,0.039647330843168134
1999-04-24,11.311546122402603
1999-04-25,0.4530432567427871
1999-04-26,1.336056759992069
1999-04-27,7.069988082404941
1999-04-28,2.092687993555773
1999-04-29,7.916878199653146
1999-04-30,0.17792396760814194
1999-05-01,0.0
1999-05-02,0.0
1999-05-03,0.0
1999-05-04,0.16822760576472878
1999-05-05,6.6571545454711005
1999-05-06,39.546917333847624
1999-05-07,22.413435764972633
1999-05-08,0.037720378565336
1999-05-09,0.044863373701117974
1999-05-10,0.38565068990566803
1999-05-11,0.038292138815090464
1999-05-12,0.8598668242675187
1999-05-13,2.733719686727873
1999-05-14,0.11246924328419966
1999-05-15,0.005094346146676148
1999-05-16,0.0
1999-05-17,0.0
1999-05-18,16.475288884798097
1999-05-19,0.770179374648258
1999-05-20,0.0
1999-05-21,0.006924570382635112
1999-05-22,0.24759050483654685
1999-05-23,0.4748868713948766
1999-05-24,3.1339672723937153
1999-05-25,0.0
1999-05-26,6.500352695538275
1999-05-27,0.7339385133832124
1999-05-28,0.0
1999-05-29,2.4984656134283036
1999-05-30,1.5033800785814648
1999-05-31,5.095462175216565
1999-06-01,1.1324052144831214
1999-06-02,0.8798484278356216
1999-06-03,7.013496419283877
1999-06-04,4.407588809427258
1999-06-05,0.8043875103282739
1999-06-06,0.13103111271842222
1999-06-07,0.11113702521294075
1999-06-08,0.7539301915104007
1999-06-09,0.04910543099881208
1999-06-10,0.04291251739258413
1999-06-11,6.724320513144371
1999-06-12,1.2334969780689142
1999-06-13,0.009311833987405215
1999-06-14,6.76858899086074
1999-06-15,30.3301194748766
1999-06-16,21.05136133554678
1999-06-17,1.4246723647512467
1999-06-18,0.2159271366633924
1999-06-19,0.0049158597371716925
1999-06-20,0.018110228285266764
1999-06-21,0.04821403720638645
1999-06-22,0.9190854223411551
1999-06-23,7.619759401880166
1999-06-24,15.595820358304378
1999-06-25,21.62101538579581
1999-06-26,28.343608727030812
1999-06-27,33.270901579325184
1999-06-28,6.3971702693237065
1999-06-29,9.225021856038666
1999-06-30,6.000043273916157
1999-07-01,0.7237945446181772
1999-07-02,18.434775206389048
1999-07-03,0.672853751140564
1999-07-04,0.6218409812833248
1999-07-05,5.798757276449421
1999-07-06,0.926788320929711
1999-07-07,26.87486193218604
1999-07-08,9.715321843589486
1999-07-09,0.5138840213028286
1999-07-10,3.859712733799503
1999-07-11,10.351493825277597
1999-07-12,16.653541399886286
1999-07-13,1.937229659828947
1999-07-14,0.18618303388165472
1999-07-15,0.651888633783552
1999-07-16,3.580091627142433
1999-07-17,15.52598749417227
1999-07-18,0.8516540586706691
1999-07-19,0.8388788538522575
1999-07-20,2.41362506700549
1999-07-21,0.5788583878630068
1999-07-22,5.181920398046317
1999-07-23,2.5085321376511485
1999-07-24,10.318304012399173
1999-07-25,17.70507713315533
1999-07-26,3.5451567293070365
1999-07-27,0.10514861043270494
1999-07-28,0.00010697276115556642
1999-07-29,18.181500277842016
1999-07-30,0.008888627555861502
1999-07-31,1.7349016110783661e-06
1999-08-01,0.03956898433444638
1999-08-02,0.5594785338239121
1999-08-03,0.38197599910691743
1999-08-04,0.03671598905717568
1999-08-05,0.0
1999-08-06,0.0
1999-08-07,0.0
1999-08-08,3.9174231694947825
1999-08-09,5.012663901526845
1999-08-10,2.640756163238351
1999-08-11,0.00011025868500510899
1999-08-12,0.006164447366798194
1999-08-13,0.0084378527356943
1999-08-14,0.0022710938310953224
1999-08-15,0.0
1999-08-16,0.0
1999-08-17,0.0
1999-08-18,0.0
1999-08-19,0.0
1999-08-20,0.0
1999-08-21,0.5570378502596663
1999-08-22,0.013234140851734478
1999-08-23,4.505906505589707
1999-08-24,27.669869709102112
1999-08-25,8.055376837771519
1999-08-26,11.139951028902987
1999-08-27,0.0
1999-08-28,0.0
1999-08-29,0.1251529877807116
1999-08-30,0.04337618550222186
1999-08-31,0.0
1999-09-01,0.0
1999-09-02,2.132974081217931e-07
1999-09-03,0.12978608634589203
1999-09-04,0.9752997849741494
1999-09-05,0.8922262334337456
1999-09-06,0.09672557073664241
1999-09-07,2.6055563374560045
1999-09-08,2.100663188739277
1999-09-09,40.72913437757957
1999-09-10,0.0
1999-09-11,0.0006608866635363762
1999-09-12,0.0006608866635363762
1999-09-13,0.0006608866635363762
1999-09-14,1.3961559953460823
1999-09-15,0.0006608866635363762
1999-09-16,0.0
1999-09-17,0.0
1999-09-18,0.037831814907781945
1999-09-19,0.62392792742138
1999-09-20,1.4309507142963562
1999-09-21,2.1795564245237276
1999-09-22,0.0
1999-09-23,0.0
1999-09-24,0.0
1999-09-25,0.0
1999-09-26,0.020313177219170742
1999-09-27,2.308654024211811
1999-09-28,0.3213063830191481
1999-09-29,2.190570942461052
1999-09-30,0.052623859536800405
1999-10-01,0.0
1999-10-02,0.0
1999-10-03,0.677722589204648
1999-10-04,26.634202233316678
1999-10-05,0.1854715059978176
1999-10-06,0.0
1999-10-07,0.0
1999-10-08,0.00034566930033162096
1999-10-09,2.387798309108715
1999-10-10,31.25117994511025
1999-10-11,0.3057475205862583
1999-10-12,1.168153563438587
1999-10-13,10.48220261762263
1999-10-14,0.008172073672579938
1999-10-15,0.19262431269692004
1999-10-16,0.0
1999-10-17,0.0
1999-10-18,0.0
1999-10-19,0.0
1999-10-20,0.0
1999-10-21,0.13694880300882664
1999-10-22,0.13694880300882664
1999-10-23,0.13694880300882664
1999-10-24,0.13694880300882664
1999-10-25,0.13694880300882664
1999-10-26,4.27977559816263e-08
1999-10-27,0.0
1999-10-28,0.0
1999-10-29,0.0
1999-10-30,0.06212404386247604
1999-10-31,1.3852668746234507
1999-11-01,2.1412084982507515
1999-11-02,12.026355620923756
1999-11-03,0.0
1999-11-04,0.0
1999-11-05,0.0
1999-11-06,0.37748857259453894
1999-11-07,0.37748857259453894
1999-11-08,0.37748857259453894
1999-11-09,0.37748857259453894
1999-11-10,0.37748857259453894
1999-11-11,0.0010479563801616722
1999-11-12,0.6123077765743543
1999-11-13,3.3609418539790257
1999-11-14,0.0
1999-11-15,0.0
1999-11-16,0.0
1999-11-17,0.0
1999-11-18,0.0
1999-11-19,0.0
1999-11-20,11.569100707960319
1999-11-21,1.3985160226753455
1999-11-22,0.017765323692351617
1999-11-23,0.06241736338102745
1999-11-24,0.34748380413761637
1999-11-25,4.163150908331161
1999-11-26,8.555841046360888
1999-11-27,0.0
1999-11-28,0.0
1999-11-29,0.0
1999-11-30,0.0
1999-12-01,0.0
1999-12-02,0.0
1999-12-03,0.0
1999-12-04,0.0
1999-12-05,0.0
1999-12-06,0.20842613971544435
1999-12-07,0.0
1999-12-08,0.00015400328652878203
1999-12-09,0.12299233362947704
1999-12-10,0.47386123681172676
1999-12-11,0.021293927195248804
1999-12-12,0.7866408330545097
1999-12-13,33.10900703410494
1999-12-14,1.814248442968034
1999-12-15,0.007735200203934023
1999-12-16,0.0
1999-12-17,0.0
1999-12-18,1.197981310144237
1999-12-19,12.985143481701659
1999-12-20,1.4614491485381629
1999-12-21,24.906811567864185
1999-12-22,0.25472325912393534
1999-12-23,0.0
1999-12-24,0.0
1999-12-25,0.0
1999-12-26,0.0
1999-12-27,0.0
1999-12-28,0.0
1999-12-29,0.0
1999-12-30,0.0
1999-12-31,0.0
2000-01-01,0.7902979470532633
2000-01-02,0.9652766047117846
2000-01-03,0.1766133721278472
2000-01-04,20.410319898631425
2000-01-05,2.234778165177129e-05
2000-01-06,0.0
2000-01-07,0.0
2000-01-08,0.005263803856788876
2000-01-09,12.495478861265486
2000-01-10,24.668457283353188
2000-01-11,0.0
2000-01-12,0.0
2000-01-13,1.9896513092745187
2000-01-14,0.0
2000-01-15,0.0
2000-01-16,0.1926680847065906
2000-01-17,2.3894905464655296
2000-01-18,0.5671122504435111
2000-01-19,2.732138739084087
2000-01-20,4.453520081840633
2000-01-21,0.0
2000-01-22,3.96318646289086
2000-01-23,46.05500541477532
2000-01-24,2.053085382339609
2000-01-25,0.0
2000-01-26,0.001440824158342552
2000-01-27,0.0
2000-01-28,2.7693070941631968
2000-01-29,7.629637331582046
2000-01-30,1.2029274969030443
2000-01-31,0.0
2000-02-01,0.05422338354069942
2000-02-02,0.05422338354069942
2000-02-03,0.05422338354069942
2000-02-04,0.05422338354069942
2000-02-05,0.4033404971595769
2000-02-06,0.0
2000-02-07,0.0
2000-02-08,1.0829527427977361
2000-02-09,1.3064750496325979
2000-02-10,0.0
2000-02-11,2.0230666514359443
2000-02-12,2.554103519192802
2000-02-13,4.119466903380457
2000-02-14,28.622962823711656
2000-02-15,0.0
2000-02-16,0.04669163211319378
2000-02-17,0.4432493535679861
2000-02-18,4.638427519540239
2000-02-19,10.14452219019665
2000-02-20,0.0
2000-02-21,0.06673849958431355
2000-02-22,0.06673849958431355
2000-02-23,0.06673849958431355
2000-02-24,1.2547680688075105
2000-02-25,0.06673849958431355
2000-02-26,0.012369259071645846
2000-02-27,16.149270988598836
2000-02-28,0.0
2000-02-29,0.0
2000-03-01,2.115092378313407e-05
2000-03-02,0.0
2000-03-03,4.750933278173357e-05
2000-03-04,0.0011203668866635573
2000-03-05,0.0
2000-03-06,0.0
2000-03-07,0.0
2000-03-08,0.0
2000-03-09,0.9457207411072237
2000-03-10,8.642386691489746
2000-03-11,31.154001892062876
2000-03-12,0.0
2000-03-13,0.0
2000-03-14,0.0
2000-03-15,1.160834395158623
2000-03-16,24.53461134547125
2000-03-17,0.7064918279345793
2000-03-18,0.046860635012201717
2000-03-19,12.506710293325494
2000-03-20,22.308360112187138
2000-03-21,0.0
2000-03-22,0.011402619053497742
2000-03-23,0.0
2000-03-24,0.0
2000-03-25,1.0063307390090093
2000-03-26,2.3151333154190543
2000-03-27,14.833968407097581
2000-03-28,0.08608847255628409
2000-03-29,0.2397679014155025
2000-03-30,15.872173384430383
2000-03-31,0.12269680373401426
2000-04-01,0.0
2000-04-02,5.285251840628927
2000-04-03,37.33660521288904
2000-04-04,50.19060485988742
2000-04-05,0.0
2000-04-06,0.0
2000-04-07,0.0
2000-04-08,0.0
2000-04-09,0.0
2000-04-10,0.0
2000-04-11,0.0002045528480939637
2000-04-12,4.17668882681914
2000-04-13,1.9961269484087976
2000-04-14,8.610461913308301
2000-04-15,0.17126864210669687
2000-04-16,0.011699359678208275
2000-04-17,0.01705575200193869
2000-04-18,0.0
2000-04-19,0.0
2000-04-20,0.005820930446689644
2000-04-21,0.37478012275198336
2000-04-22,0.0
2000-04-23,1.1470214335536022
2000-04-24,13.22349325689176
2000-04-25,0.2884663743063496
2000-04-26,0.0013572177555671151
2000-04-27,0.0
2000-04-28,0.6497757039149861
2000-04-29,0.0
2000-04-30,0.0
2000-05-01,0.0
2000-05-02,0.0019800506418679174
2000-05-03,0.007858295746987844
2000-05-04,0.0111323369142267
2000-05-05,0.0038119974047437083
2000-05-06,0.0006375979546726076
2000-05-07,0.00013055240821596402
2000-05-08,0.0
2000-05-09,0.0
2000-05-10,0.030072666147057628
2000-05-11,0.07371602697638305
2000-05-12,0.005112872210650001
2000-05-13,0.9193289285445317
2000-05-14,0.0002360986678634052
2000-05-15,0.0
2000-05-16,0.0
2000-05-17,0.014944610909881563
2000-05-18,0.0
2000-05-19,0.0936354103811167
2000-05-20,4.558861209163258
2000-05-21,20.420622619717523
2000-05-22,11.33767196166683
2000-05-23,0.005791118579727789
2000-05-24,0.0
2000-05-25,0.29389152886054115
2000-05-26,8.868597763125795
2000-05-27,0.08569424137248459
2000-05-28,7.498833163514514
2000-05-29,0.00011930245044735803
2000-05-30,0.0
2000-05-31,0.0
2000-06-01,0.0
2000-06-02,0.0
2000-06-03,0.0
2000-06-04,0.2152262376878128
2000-06-05,1.7565918643150795
2000-06-06,4.484765634378242
2000-06-07,0.0
2000-06-08,0.0
2000-06-09,0.0
2000-06-10,0.0
2000-06-11,0.0
2000-06-12,0.014338873226308118
2000-06-13,2.181666975265618
2000-06-14,0.06323875792297598
2000-06-15,8.988332187617797
2000-06-16,19.312911866644846
2000-06-17,5.40642075175058
2000-06-18,2.5411953639046136
2000-06-19,5.508620323598307
2000-06-20,1.0691610333358412
2000-06-21,0.09367936139181253
2000-06-22,5.638198937267817
2000-06-23,0.008101262500983544
2000-06-24,0.0
2000-06-25,1.888786373879016
2000-06-26,3.8444365922751063
2000-06-27,1.175968867781233
2000-06-28,0.606093756947629
2000-06-29,12.043642757471074
2000-06-30,0.024002482598515746
2000-07-01,0.0
2000-07-02,0.0
2000-07-03,0.0
2000-07-04,0.0
2000-07-05,0.0
2000-07-06,0.0
2000-07-07,0.297747525555745
2000-07-08,1.509238305759311
2000-07-09,0.6871469852248066
2000-07-10,5.185638000744775
2000-07-11,1.765528201041587
2000-07-12,6.874396721339314
2000-07-13,4.08256547259364
2000-07-14,0.3459640341370163
2000-07-15,0.0
2000-07-16,0.0
2000-07-17,0.0
2000-07-18,0.25956285880232666
2000-07-19,4.204711336740065
2000-07-20,6.278230903137488
2000-07-21,11.505221981683704
2000-07-22,0.8213007243317756
2000-07-23,1.3573481199011188
2000-07-24,11.270808509811085
2000-07-25,9.29897441492749
2000-07-26,4.003263107328558
2000-07-27,1.0643920968495615
2000-07-28,4.135999726832008
2000-07-29,3.9842305449690305
2000-07-30,8.877890701730696
2000-07-31,17.758589355764226
2000-08-01,2.307483620861537
2000-08-02,13.368632012537079
2000-08-03,4.300312674600327
2000-08-04,0.9679812813846768
2000-08-05,0.5560845351004203
2000-08-06,0.002510643207134999
2000-08-07,0.00846279391738102
2000-08-08,2.7787963963596245
2000-08-09,2.644105816024677
2000-08-10,2.6638212243487143
2000-08-11,27.64215068325424
2000-08-12,0.43157706633908927
2000-08-13,0.0
2000-08-14,0.0
2000-08-15,0.0
2000-08-16,0.0
2000-08-17,0.0
2000-08-18,0.0
2000-08-19,0.0
2000-08-20,0.0
2000-08-21,0.5021809295379823
2000-08-22,0.020587925780100217
2000-08-23,0.0012200619138172087
2000-08-24,0.375297289684374
2000-08-25,0.06138078012192369
2000-08-26,0.1004652397798002
2000-08-27,0.9805059116695315
2000-08-28,1.2706930902061135
2000-08-29,5.60272191171283
2000-08-30,0.000661963653254732
2000-08-31,9.332157491125479
2000-09-01,7.969698342193585
2000-09-02,7.511444434857542
2000-09-03,6.619868708565284
2000-09-04,1.2102062038369434
2000-09-05,8.145717329003222
2000-09-06,2.8474030940968755
2000-09-07,3.4001252440850527
2000-09-08,0.13495984571509756
2000-09-09,0.1213575221314944
2000-09-10,0.029533378031296742
2000-09-11,0.021830900656898578
2000-09-12,0.014810029478245407
2000-09-13,6.3312858837419785
2000-09-14,8.82019093381692
2000-09-15,0.07680213023698663
2000-09-16,0.0
2000-09-17,0.0
2000-09-18,0.22379894318885268
2000-09-19,0.0
2000-09-20,1.4845534914979215
2000-09-21,6.163167337762522
2000-09-22,40.58199213682994
2000-09-23,4.077771174962992
2000-09-24,5.740572482153324
2000-09-25,8.013121730619575
2000-09-26,0.030861201826934335
2000-09-27,0.0
2000-09-28,0.0
2000-09-29,0.0
2000-09-30,0.4963906121915259
2000-10-01,0.3504021729176088
2000-10-02,0.039849289472346124
2000-10-03,0.039849289472346124
2000-10-04,0.039849289472346124
2000-10-05,0.039849289472346124
2000-10-06,32.45188583687704
2000-10-07,1.798644810233229
2000-10-08,0.0
2000-10-09,0.0
2000-10-10,0.0
2000-10-11,0.35901003898137834
2000-10-12,0.35901003898137834
2000-10-13,0.35901003898137834
2000-10-14,0.35901003898137834
2000-10-15,0.35901003898137834
2000-10-16,0.0
2000-10-17,0.0
2000-10-18,0.00047138923146808554
2000-10-19,0.030126705866848902
2000-10-20,0.4555626368452684
2000-10-21,0.23588067826703227
2000-10-22,0.0
2000-10-23,0.005578580172666713
2000-10-24,0.0
2000-10-25,0.035469005415244885
2000-10-26,0.2596569932253453
2000-10-27,0.8311997214082262
2000-10-28,0.0
2000-10-29,0.0
2000-10-30,0.6497236509584847
2000-10-31,0.03890077576810737
2000-11-01,0.02288996742845565
2000-11-02,0.09227815026549666
2000-11-03,0.005273579559254748
2000-11-04,9.633310023962105
2000-11-05,4.898796507667435
2000-11-06,5.168268028813397
2000-11-07,17.56747661536736
2000-11-08,22.187352203682988
2000-11-09,71.29109289225346
2000-11-10,0.0
2000-11-11,0.0
2000-11-12,0.0
2000-11-13,5.598691871433565
2000-11-14,0.8858407990835027
2000-11-15,0.0
2000-11-16,12.30639217712253
2000-11-17,6.658180688739439
2000-11-18,6.383521759527769
2000-11-19,32.27962513398231
2000-11-20,0.0005274184340793262
2000-11-21,0.0
2000-11-22,0.0
2000-11-23,0.0
2000-11-24,9.500434032756049
2000-11-25,20.213553750100694
2000-11-26,0.8668743616243297
2000-11-27,0.0
2000-11-28,0.0
2000-11-29,1.3948625687194383
2000-11-30,0.0
2000-12-01,0.0
2000-12-02,0.0
2000-12-03,0.0
2000-12-04,0.0
2000-12-05,0.0
2000-12-06,0.0
2000-12-07,2.3346269263772656e-06
2000-12-08,0.042370942255740035
2000-12-09,0.8914770580992626
2000-12-10,1.2498580939990644
2000-12-11,1.569847775531222
2000-12-12,0.8923558712172684
2000-12-13,0.4097562077443379
2000-12-14,21.4669421233001
2000-12-15,0.5250785466347656
2000-12-16,13.848593144305811
2000-12-17,6.026106798046107
2000-12-18,0.0
2000-12-19,3.4650081042766727
2000-12-20,0.0
2000-12-21,0.0
2000-12-22,0.0
2000-12-23,0.0
2000-12-24,0.0
2000-12-25,0.0
2000-12-26,0.08974355377895811
2000-12-27,19.48289205897663
2000-12-28,31.58773413136684
2000-12-29,0.049258884083211815
2000-12-30,0.032420367659553286
2000-12-31,0.0
2001-01-01,0.0
2001-01-02,0.0
2001-01-03,0.0
2001-01-04,0.0
2001-01-05,0.0
2001-01-06,0.0
2001-01-07,4.325605019840336
2001-01-08,19.33521884730367
2001-01-09,0.01676252626226122
2001-01-10,0.0
2001-01-11,3.712248389025738
2001-01-12,7.030812421160031
2001-01-13,0.0021934775825948227
2001-01-14,0.6294303030952693
2001-01-15,1.8709756939021205
2001-01-16,4.79798399035661
2001-01-17,8.260113377306965
2001-01-18,16.910269094618695
2001-01-19,40.06087349024915
2001-01-20,8.731345566541822
2001-01-21,0.5757067539847169
2001-01-22,0.5757067539847169
2001-01-23,0.5757067539847169
2001-01-24,1.0963634582540245
2001-01-25,0.5757067539847169
2001-01-26,0.0
2001-01-27,0.17231451107432927
2001-01-28,0.0
2001-01-29,2.3454769140630773
2001-01-30,32.73681190512031
2001-01-31,0.0
2001-02-01,0.0
2001-02-02,18.252165484572977
2001-02-03,0.0
2001-02-04,11.245086639066114
2001-02-05,0.0
2001-02-06,0.0
2001-02-07,0.0
2001-02-08,0.0
2001-02-09,0.23900036362732352
2001-02-10,23.222160745173017
2001-02-11,0.0290188686162432
2001-02-12,8.97267517476331
2001-02-13,3.7147635021043146
2001-02-14,0.5126023916575919
2001-02-15,0.8160355108743207
2001-02-16,4.049360716857655
2001-02-17,29.027651265793413
2001-02-18,0.0
2001-02-19,0.0
2001-02-20,1.3727601401089475
2001-02-21,1.9204996619332764
2001-02-22,15.9787335444678
2001-02-23,0.00938447857633573
2001-02-24,0.10889986631683247
2001-02-25,10.942249948247522
2001-02-26,2.8595239353964685
2001-02-27,2.9190730031894168
2001-02-28,17.2786032331039
2001-03-01,0.007162352422754215
2001-03-02,25.21527953691921
2001-03-03,46.50198638842972
2001-03-04,6.914922148454694
2001-03-05,0.4367808257362994
2001-03-06,0.0
2001-03-07,0.0
2001-03-08,1.542899617510601e-05
2001-03-09,9.028241701770613
2001-03-10,0.0
2001-03-11,0.0010377502262920457
2001-03-12,56.57433013713149
2001-03-13,3.154957728928624
2001-03-14,0.7958149286271077
2001-03-15,54.28169893082498
2001-03-16,0.04915342110584295
2001-03-17,0.0
2001-03-18,0.0
2001-03-19,10.517148424938993
2001-03-20,57.119508709187315
2001-03-21,0.05711531718582189
2001-03-22,0.0
2001-03-23,0.0
2001-03-24,0.27987567378629824
2001-03-25,0.5564975253675192
2001-03-26,0.0
2001-03-27,0.0
2001-03-28,1.768678765862735
2001-03-29,23.75721542836815
2001-03-30,1.267544670993813
2001-03-31,2.2931546119366986
2001-04-01,0.7271535255064662
2001-04-02,0.0
2001-04-03,54.681951790570146
2001-04-04,18.886537036251823
2001-04-05,24.876206572310224
2001-04-06,0.08068114084364691
2001-04-07,0.0
2001-04-08,0.0006941621563781054
2001-04-09,0.0063507681225232135
2001-04-10,0.014150321567358206
2001-04-11,0.0
2001-04-12,0.3194444932961352
2001-04-13,6.456550839826127
2001-04-14,0.019999605954508365
2001-04-15,8.047350482286525
2001-04-16,2.3555574315654857
2001-04-17,0.0
2001-04-18,0.0
2001-04-19,0.0
2001-04-20,0.0
2001-04-21,0.0
2001-04-22,0.0
2001-04-23,0.0016218629476842546
2001-04-24,1.2482537419972728
2001-04-25,0.5445718178618563
2001-04-26,0.0
2001-04-27,0.0
2001-04-28,0.0
2001-04-29,0.05916059390618045
2001-04-30,0.1142266227109585
2001-05-01,0.594029304295176
2001-05-02,0.0
2001-05-03,0.007452849030067709
2001-05-04,0.0
2001-05-05,0.0
2001-05-06,0.0
2001-05-07,0.44783273972237325
2001-05-08,0.4597303621025255
2001-05-09,0.7317463269430869
2001-05-10,0.9985508362067166
2001-05-11,11.208405570378924
2001-05-12,5.62339473166946
2001-05-13,0.0
2001-05-14,0.0
2001-05-15,0.0
2001-05-16,0.0
2001-05-17,0.0
2001-05-18,0.0
2001-05-19,6.469626883804978
2001-05-20,23.569841819417608
2001-05-21,3.3266589015975496
2001-05-22,27.793115905720377
2001-05-23,0.0
2001-05-24,0.00018017099905732307
2001-05-25,16.883839292087433
2001-05-26,0.0002591452502915643
2001-05-27,0.3434688868802879
2001-05-28,0.3906660703953917
2001-05-29,29.608818275383744
2001-05-30,0.0
2001-05-31,4.962062786368272
2001-06-01,57.86635847916265
2001-06-02,0.33145017306163854
2001-06-03,12.155667054457856
2001-06-04,2.5693361703060598
2001-06-05,2.3202131359523244
2001-06-06,0.7224683057040288
2001-06-07,0.33398108671432064
2001-06-08,32.704545878972866
2001-06-09,19.133101738070877
2001-06-10,1.1861967367302784
2001-06-11,4.394186615598028
2001-06-12,5.686473124600412
2001-06-13,0.5622611258066039
2001-06-14,1.5154039674099415
2001-06-15,0.06155795686222979
2001-06-16,0.06737901325717346
2001-06-17,0.0
2001-06-18,0.0
2001-06-19,1.532578373448966e-07
2001-06-20,0.28931660015291905
2001-06-21,0.26543608933748425
2001-06-22,9.539753846584285
2001-06-23,0.6049861366250532
2001-06-24,0.0
2001-06-25,0.021056111679950893
2001-06-26,2.904011465655567
2001-06-27,0.6884262585485493
2001-06-28,1.3228264247237542
2001-06-29,17.981179917143017
2001-06-30,4.415362808979832
2001-07-01,1.6134282236437232
2001-07-02,3.634659089202099
2001-07-03,1.501359563618692
2001-07-04,6.89630070583767
2001-07-05,7.6380232013212686
2001-07-06,1.3316840481710897
2001-07-07,0.7596573157509074
2001-07-08,0.17327073781368227
2001-07-09,1.7380263764177861
2001-07-10,8.009634621519337
2001-07-11,1.8911192860285313
2001-07-12,2.87280058012429
2001-07-13,0.0
2001-07-14,1.1001895029739936
2001-07-15,0.9556915732808721
2001-07-16,0.21829444785404567
2001-07-17,0.0009646414949190591
2001-07-18,0.0
2001-07-19,0.03292493347729884
2001-07-20,4.266640550093327
2001-07-21,1.6709983256496521
2001-07-22,0.06597022615656793
2001-07-23,0.07676233439385163
2001-07-24,6.285524377188671
2001-07-25,22.40359779908916
2001-07-26,0.7916312597527502
2001-07-27,0.16819084988083788
2001-07-28,0.2910890256982717
2001-07-29,3.991170166867077
2001-07-30,3.5056295264240314
2001-07-31,2.709580542387623
2001-08-01,0.00499861243763576
2001-08-02,0.02872135202381669
2001-08-03,0.0007928652331876072
2001-08-04,1.2719327944502148
2001-08-05,1.8936106795202006
2001-08-06,12.987386468167635
2001-08-07,8.596290844496306
2001-08-08,2.5544064570044647
2001-08-09,5.60874221911437
2001-08-10,3.4262462199091894
2001-08-11,8.460597008133444
2001-08-12,8.627273996214724
2001-08-13,7.373474763650543
2001-08-14,4.228125979348036
2001-08-15,0.011288534530972007
2001-08-16,0.02198264240304904
2001-08-17,0.4790944323712909
2001-08-18,3.795288224390484
2001-08-19,0.639955748241598
2001-08-20,0.33324246315061035
2001-08-21,0.0
2001-08-22,0.0
2001-08-23,0.0
2001-08-24,0.0
2001-08-25,0.0
2001-08-26,0.4350469469827743
2001-08-27,2.180958516839345
2001-08-28,4.60536812283237
2001-08-29,5.379949589148981
2001-08-30,17.199217597561617
2001-08-31,0.933006389844166
2001-09-01,18.068936296360317
2001-09-02,10.879747922625095
2001-09-03,20.471444765134496
2001-09-04,15.619790664223252
2001-09-05,2.1557607193669903
2001-09-06,1.9426941392633537
2001-09-07,3.1095160189963758
2001-09-08,1.4735344061892535
2001-09-09,0.08237226582495921
2001-09-10,3.739710590838911
2001-09-11,4.245782657037971
2001-09-12,8.007752320973262
2001-09-13,0.02042145034888498
2001-09-14,0.05816207643596936
2001-09-15,0.0
2001-09-16,0.0
2001-09-17,0.0
2001-09-18,0.003875690212129409
2001-09-19,1.3441368272624503
2001-09-20,1.611680093117196
2001-09-21,0.0
2001-09-22,0.0
2001-09-23,0.4850393826768672
2001-09-24,8.268655188410955
2001-09-25,0.008158220261962862
2001-09-26,0.03606404940412153
2001-09-27,0.03606404940412153
2001-09-28,0.03606404940412153
2001-09-29,0.03606404940412153
2001-09-30,0.03606404940412153
2001-10-01,0.0
2001-10-02,0.0
2001-10-03,0.0
2001-10-04,0.0
2001-10-05,0.5985604715039198
2001-10-06,5.447381648441466
2001-10-07,0.0
2001-10-08,0.0
2001-10-09,0.0
2001-10-10,0.0
2001-10-11,1.0989503121308852
2001-10-12,8.366861496196206
2001-10-13,1.805359056364824
2001-10-14,35.240579557452605
2001-10-15,0.0
2001-10-16,0.0
2001-10-17,0.0
2001-10-18,0.0
2001-10-19,0.0
2001-10-20,0.0
2001-10-21,0.0
2001-10-22,0.0
2001-10-23,0.0
2001-10-24,0.19778777061255332
2001-10-25,0.4518315320281941
2001-10-26,0.18914066347565034
2001-10-27,0.18914066347565034
2001-10-28,0.18914066347565034
2001-10-29,0.18914066347565034
2001-10-30,0.18914066347565034
2001-10-31,0.18914066347565034
2001-11-01,1.0694017006204763
2001-11-02,0.0029108477556429764
2001-11-03,0.006712134136246871
2001-11-04,0.0
2001-11-05,0.0
2001-11-06,0.20251173493784178
2001-11-07,0.20251173493784178
2001-11-08,0.20251173493784178
2001-11-09,0.20251173493784178
2001-11-10,0.20251173493784178
2001-11-11,0.4108579452726518
2001-11-12,0.4108579452726518
2001-11-13,0.4108579452726518
2001-11-14,0.4108579452726518
2001-11-15,0.4108579452726518
2001-11-16,0.0
2001-11-17,0.0
2001-11-18,0.0
2001-11-19,0.0
2001-11-20,1.6897217153332433
2001-11-21,0.0
2001-11-22,0.0
2001-11-23,15.145834911382199
2001-11-24,3.3457153109933775
2001-11-25,26.574912222628804
2001-11-26,1.5757817208601927
2001-11-27,0.8723828101021622
2001-11-28,0.05876464243558002
2001-11-29,0.24713464478871902
2001-11-30,21.793494847665748
2001-12-01,0.0
2001-12-02,0.0
2001-12-03,0.0
2001-12-04,0.0
2001-12-05,0.0
2001-12-06,8.786525961823427e-07
2001-12-07,0.0008680058461496679
2001-12-08,0.1737265365938746
2001-12-09,0.134816818518698
2001-12-10,13.045536696491915
2001-12-11,0.729063147510611
2001-12-12,0.44484750585804744
2001-12-13,25.923362793258953
2001-12-14,20.997001355514573
2001-12-15,0.0
2001-12-16,0.004766904305733396
2001-12-17,16.591724535726044
2001-12-18,0.268808194641941
2001-12-19,6.756923481033093e-07
2001-12-20,0.0007921051620742407
2001-12-21,0.0
2001-12-22,0.0
2001-12-23,16.49807605633655
2001-12-24,0.0010557156652492546
2001-12-25,0.00924104344213673
2001-12-26,0.0
2001-12-27,0.004122552694883707
2001-12-28,0.0
2001-12-29,0.2511042900508993
2001-12-30,0.0
2001-12-31,0.07351017437103759
2002-01-01,0.0
2002-01-02,4.3674567029559315
2002-01-03,3.6188798351410454
2002-01-04,0.0
2002-01-05,0.0
2002-01-06,11.646060926055373
2002-01-07,4.147407538607454
2002-01-08,0.0
2002-01-09,0.0
2002-01-10,0.039714154308491116
2002-01-11,3.4462570221267437
2002-01-12,7.847663521272414
2002-01-13,0.0010827810937724725
2002-01-14,0.041923066697528405
2002-01-15,0.002933722866859954
2002-01-16,0.0
2002-01-17,0.0
2002-01-18,2.845970471083832
2002-01-19,37.24483900696177
2002-01-20,2.0738680994021412
2002-01-21,16.51356625418995
2002-01-22,1.2329328727153863
2002-01-23,11.598807285654397
2002-01-24,2.14826302002694
2002-01-25,27.390714177665537
2002-01-26,0.004940206729393906
2002-01-27,0.05915969591492952
2002-01-28,0.9050458536698089
2002-01-29,0.7511596718491349
2002-01-30,0.45808089660803675
2002-01-31,1.4340400451518323
2002-02-01,1.3909267911593401
2002-02-02,0.0
2002-02-03,0.062160916131703776
2002-02-04,0.001673849511070908
2002-02-05,0.0010509781023847534
2002-02-06,45.29812974078254
2002-02-07,4.802859230677358
2002-02-08,0.0
2002-02-09,0.0
2002-02-10,0.3919703421095789
2002-02-11,0.10211084154893264
2002-02-12,0.0
2002-02-13,0.0
2002-02-14,0.0
2002-02-15,0.0
2002-02-16,0.0
2002-02-17,0.0
2002-02-18,0.0
2002-02-19,0.0
2002-02-20,14.414303808776944
2002-02-21,0.0
2002-02-22,0.0
2002-02-23,0.0
2002-02-24,0.0
2002-02-25,0.0
2002-02-26,1.285386654689125e-05
2002-02-27,0.0
2002-02-28,0.0
2002-03-01,0.0
2002-03-02,44.56957324528893
2002-03-03,1.2832236395001997
2002-03-04,0.0
2002-03-05,0.0
2002-03-06,0.0
2002-03-07,0.0
2002-03-08,8.241067792635568e-05
2002-03-09,1.1636108671482932
2002-03-10,0.0065249790694565275
2002-03-11,0.0
2002-03-12,31.019279024184826
2002-03-13,6.085535955893206
2002-03-14,0.010116505430531475
2002-03-15,0.2952443172701188
2002-03-16,8.558451944836731
2002-03-17,3.9034717055056802
2002-03-18,0.0135764122336308
2002-03-19,0.010078150063478999
2002-03-20,0.502958407168299
2002-03-21,24.65488248211644
2002-03-22,0.0
2002-03-23,0.0
2002-03-24,0.0
2002-03-25,0.818143710678081
2002-03-26,21.153127154293713
2002-03-27,0.059018704776582755
2002-03-28,0.0
2002-03-29,1.1452237870343517e-07
2002-03-30,7.712289261387972
2002-03-31,12.423831686320986
2002-04-01,0.0
2002-04-02,0.0
2002-04-03,0.0
2002-04-04,0.0
2002-04-05,0.0
2002-04-06,0.0
2002-04-07,0.0
2002-04-08,0.5909503079966153
2002-04-09,9.115755140200044
2002-04-10,2.6236975415434505
2002-04-11,3.7611751049517066
2002-04-12,4.175295403759904
2002-04-13,5.225761696099767
2002-04-14,1.423411354228773
2002-04-15,2.059738706768306
2002-04-16,0.0
2002-04-17,0.0
2002-04-18,0.0
2002-04-19,0.0
2002-04-20,0.0
2002-04-21,0.0
2002-04-22,2.701541285201319
2002-04-23,0.0
2002-04-24,0.0
2002-04-25,2.110418017017589
2002-04-26,0.4443800400726469
2002-04-27,0.22217546708849634
2002-04-28,1.3910278896759996
2002-04-29,0.6105011687882774
2002-04-30,25.61425093053003
2002-05-01,0.43911649708830214
2002-05-02,0.23231489523449092
2002-05-03,9.992764148310695
2002-05-04,35.65442785548347
2002-05-05,2.2856862291156084
2002-05-06,1.8974433775303907
2002-05-07,1.0517576770019128
2002-05-08,0.0667629790462167
2002-05-09,0.2990146737385656
2002-05-10,2.145288243974081
2002-05-11,0.20039570653062494
2002-05-12,0.14634980053926705
2002-05-13,4.731804634044514
2002-05-14,0.0021854239090868233
2002-05-15,0.0
2002-05-16,0.0
2002-05-17,9.677591812320491
2002-05-18,17.126866455447452
2002-05-19,0.0
2002-05-20,0.0
2002-05-21,3.008649645402417e-06
2002-05-22,3.008649645402417e-06
2002-05-23,3.008649645402417e-06
2002-05-24,3.008649645402417e-06
2002-05-25,0.8496984022245719
2002-05-26,0.3610588191752517
2002-05-27,2.5099829174562815
2002-05-28,0.6667873146247543
2002-05-29,1.0819277174996316
2002-05-30,18.832672790504073
2002-05-31,5.527479617485391
2002-06-01,0.008590363987753504
2002-06-02,0.0
2002-06-03,0.006914334250017412
2002-06-04,2.951462322939405
2002-06-05,16.21498398795669
2002-06-06,1.1599954190877777
2002-06-07,0.8554676436707455
2002-06-08,0.1701919093529422
2002-06-09,0.044538458723361825
2002-06-10,5.7161445526203416e-06
2002-06-11,0.0
2002-06-12,0.0
2002-06-13,0.0031824729459544033
2002-06-14,1.178864505704336
2002-06-15,0.0
2002-06-16,0.007832052314533685
2002-06-17,0.025082211907088085
2002-06-18,0.7415693667081502
2002-06-19,5.076217208231903
2002-06-20,0.5543774631948586
2002-06-21,0.000532950801277633
2002-06-22,9.677583596357115
2002-06-23,3.444698363074568
2002-06-24,3.4827377047572994
2002-06-25,9.314686408937382
2002-06-26,8.78301781396878
2002-06-27,7.6690108779146025
2002-06-28,13.677152475783766
2002-06-29,13.964398315920812
2002-06-30,2.881527658968498
2002-07-01,3.2752111887691777
2002-07-02,12.141422622032561
2002-07-03,10.422144907491633
2002-07-04,5.899459921505153
2002-07-05,0.0137462071923694
2002-07-06,0.10672655984058865
2002-07-07,3.0028918957334025
2002-07-08,0.18945940204805878
2002-07-09,0.1326213139620875
2002-07-10,0.29389315915126535
2002-07-11,16.621135729266644
2002-07-12,10.604465008421226
2002-07-13,25.734221478161853
2002-07-14,2.5209741808468107
2002-07-15,2.9085513757865997
2002-07-16,0.16460855124317933
2002-07-17,1.5564540558622477
2002-07-18,0.012036224569118117
2002-07-19,2.1355816060736212
2002-07-20,6.276169035728715
2002-07-21,3.553206541874471
2002-07-22,11.042881850743814
2002-07-23,1.8086103374199927
2002-07-24,5.9612512815555805
2002-07-25,4.450694362564638
2002-07-26,15.051987746956048
2002-07-27,0.9439357618522011
2002-07-28,1.5046725169370612
2002-07-29,0.49430897218328484
2002-07-30,9.94139537116198
2002-07-31,2.1966882196991033
2002-08-01,7.012426076643704
2002-08-02,0.8590698088148648
2002-08-03,0.3473239069182575
2002-08-04,0.1147584934103814
2002-08-05,0.15832141611299413
2002-08-06,0.02067699936280079
2002-08-07,0.26461078731553755
2002-08-08,0.012979765366763863
2002-08-09,2.44311235322372e-05
2002-08-10,4.245510068659215e-06
2002-08-11,0.021818594026240052
2002-08-12,0.0
2002-08-13,0.0005412130298389943
2002-08-14,4.889999006243116
2002-08-15,5.54178932110415
2002-08-16,10.359893991211115
2002-08-17,1.1919188877522437
2002-08-18,4.090946544254236
2002-08-19,21.19252505914303
2002-08-20,0.03373984940865174
2002-08-21,0.5737584893312238
2002-08-22,0.6815542308737507
2002-08-23,0.19774208088870462
2002-08-24,1.685042855697981
2002-08-25,9.074543698216297
2002-08-26,0.6418204924167428
2002-08-27,1.0756015352922652
2002-08-28,0.14282845324847315
2002-08-29,0.7584120002965613
2002-08-30,0.24685245770849518
2002-08-31,1.1623380944056967
2002-09-01,1.5252553282239691
2002-09-02,0.27177491055083863
2002-09-03,0.11738605568466058
2002-09-04,0.12522866155240356
2002-09-05,0.11371609909244247
2002-09-06,0.8947109274171634
2002-09-07,0.8774323387498998
2002-09-08,0.0
2002-09-09,0.0
2002-09-10,0.0
2002-09-11,0.0
2002-09-12,0.011171170261013016
2002-09-13,3.4810562483479743
2002-09-14,12.200693102948918
2002-09-15,8.264032349599788
2002-09-16,2.116264708722384
2002-09-17,4.595372188816251
2002-09-18,3.3285992391758543
2002-09-19,0.8265994419831617
2002-09-20,1.6027271998724455
2002-09-21,31.75713534884665
2002-09-22,31.16833269293425
2002-09-23,2.6538047837759464
2002-09-24,2.0292535194700476
2002-09-25,56.50289010067107
2002-09-26,34.17747704663091
2002-09-27,8.048533766697693
2002-09-28,0.07063516703511982
2002-09-29,1.4997250773701791
2002-09-30,3.6731006713451726
2002-10-01,0.050390299321804874
2002-10-02,0.027117126349980092
2002-10-03,0.0
2002-10-04,0.2674571592907508
2002-10-05,0.6011777244584233
2002-10-06,10.094842036831109
2002-10-07,1.4080569006830006
2002-10-08,0.3191227504833389
2002-10-09,3.4204064357633106
2002-10-10,1.9336306476209093
2002-10-11,5.334587545481961
2002-10-12,3.063917158947327
2002-10-13,10.120056524179919
2002-10-14,2.1213310367455525
2002-10-15,20.725182967879643
2002-10-16,0.6877067903112283
2002-10-17,0.0
2002-10-18,0.0
2002-10-19,0.0
2002-10-20,1.7517733837219995
2002-10-21,5.054970587208572
2002-10-22,0.08206714631929356
2002-10-23,0.5438786091666071
2002-10-24,0.4308521143225455
2002-10-25,0.5465931795162123
2002-10-26,11.330375852460769
2002-10-27,4.116231086228361
2002-10-28,9.487876102598424
2002-10-29,6.161939947509071
2002-10-30,2.3153850292254243
2002-10-31,0.0
2002-11-01,0.0
2002-11-02,0.0
2002-11-03,1.9198247248522018
2002-11-04,15.868298036688522
2002-11-05,25.281716630694813
2002-11-06,4.276222852074255
2002-11-07,0.0
2002-11-08,0.0
2002-11-09,0.7865558479324269
2002-11-10,2.1819599784898553
2002-11-11,28.899376672239253
2002-11-12,16.520577855460033
2002-11-13,0.0
2002-11-14,0.0
2002-11-15,6.666662129762074
2002-11-16,17.388070898479317
2002-11-17,0.4563178373997477
2002-11-18,0.0
2002-11-19,0.8230829521680757
2002-11-20,11.184665060128308
2002-11-21,10.40652580165265
2002-11-22,0.0
2002-11-23,0.0
2002-11-24,0.0
2002-11-25,0.0
2002-11-26,0.07571179268283658
2002-11-27,2.029936835302884
2002-11-28,0.0
2002-11-29,0.0
2002-11-30,0.0
2002-12-01,0.0
2002-12-02,0.0
2002-12-03,0.0014404692245914628
2002-12-04,2.0781504008339566
2002-12-05,20.260188876567142
2002-12-06,0.018821981300095544
2002-12-07,0.0
2002-12-08,0.0
2002-12-09,0.0024769436626815174
2002-12-10,30.09580852727282
2002-12-11,2.9118402247699566
2002-12-12,0.38424416990345267
2002-12-13,46.77397945515702
2002-12-14,1.7515355875584426
2002-12-15,0.0
2002-12-16,0.0
2002-12-17,0.0
2002-12-18,0.0018043873615976875
2002-12-19,3.2057748181967556
2002-12-20,15.142462380325377
2002-12-21,0.0
2002-12-22,1.3567349790008205
2002-12-23,0.0
2002-12-24,62.16876370076236
2002-12-25,7.050405943034698
2002-12-26,0.0
2002-12-27,0.0
2002-12-28,0.0
2002-12-29,0.0
2002-12-30,0.0
2002-12-31,13.266809452814872
2003-01-01,1.1737333868796915
2003-01-02,0.7125028619515242
2003-01-03,0.23522901985958836
2003-01-04,0.0
2003-01-05,0.0
2003-01-06,0.0
2003-01-07,0.0
2003-01-08,0.0
2003-01-09,0.09816863332373711
2003-01-10,1.6441659458268187
2003-01-11,0.0
2003-01-12,0.0
2003-01-13,0.0
2003-01-14,0.0
2003-01-15,6.595737960209349
2003-01-16,4.206514972664204
2003-01-17,0.6138412490035546
2003-01-18,0.0
2003-01-19,0.0
2003-01-20,0.058667769880535264
2003-01-21,2.474315747367291
2003-01-22,11.893053914784927
2003-01-23,0.004486762453760422
2003-01-24,0.0
2003-01-25,0.0
2003-01-26,0.0
2003-01-27,0.0
2003-01-28,0.0
2003-01-29,18.860982772753385
2003-01-30,28.214663597869478
2003-01-31,0.014031827472191408
2003-02-01,0.11090863381718172
2003-02-02,0.0
2003-02-03,0.18506215491163192
2003-02-04,7.481840096283653
2003-02-05,0.0
2003-02-06,22.619551349819297
2003-02-07,11.472285853450941
2003-02-08,0.002190415526087333
2003-02-09,0.01825051053437128
2003-02-10,8.054616561023282
2003-02-11,0.0
2003-02-12,0.0
2003-02-13,0.0
2003-02-14,0.014944671804968317
2003-02-15,0.10950626955383042
2003-02-16,33.41587349179593
2003-02-17,0.9814696878791251
2003-02-18,0.0002637979797169798
2003-02-19,0.0
2003-02-20,0.8134677094911702
2003-02-21,14.79073018870667
2003-02-22,32.97199181779852
2003-02-23,2.3287727556687243
2003-02-24,0.2692761191513256
2003-02-25,0.5331305066535739
2003-02-26,8.183543992320962
2003-02-27,20.190459041805425
2003-02-28,0.09675834724732692
2003-03-01,1.2863704245237806
2003-03-02,5.582701015933475
2003-03-03,0.37478996593680675
2003-03-04,0.8646497854948886
2003-03-05,11.641695494878123
2003-03-06,54.51042276981914
2003-03-07,8.453423466909992
2003-03-08,0.0052068779928869675
2003-03-09,1.0285590027128932
2003-03-10,0.0
2003-03-11,0.0
2003-03-12,0.0
2003-03-13,1.7455923000378137
2003-03-14,3.8973725387298614
2003-03-15,32.25798188165011
2003-03-16,0.36320528469235086
2003-03-17,12.864895568212354
2003-03-18,7.9779767504891765
2003-03-19,8.105369725208018
2003-03-20,5.7480579600143695
2003-03-21,0.0
2003-03-22,0.1812164701114351
2003-03-23,0.024942284877444508
2003-03-24,0.0
2003-03-25,0.0
2003-03-26,5.306080373392093
2003-03-27,2.7805161238496265
2003-03-28,0.6680389835885416
2003-03-29,0.5266112212959123
2003-03-30,5.79449925827644
2003-03-31,0.0
2003-04-01,0.0
2003-04-02,0.0
2003-04-03,0.0
2003-04-04,0.0
2003-04-05,0.0
2003-04-06,4.8352007999034115
2003-04-07,17.31010482599668
2003-04-08,47.32244677846562
2003-04-09,3.7917937238164465
2003-04-10,4.145534021141418
2003-04-11,0.0
2003-04-12,0.0
2003-04-13,0.0
2003-04-14,0.0
2003-04-15,0.0
2003-04-16,0.0015948057472271794
2003-04-17,3.2739243867690706
2003-04-18,0.03211825447739395
2003-04-19,0.05255810488259571
2003-04-20,0.607011974539818
2003-04-21,23.272940768366908
2003-04-22,0.20055383233943297
2003-04-23,0.0
2003-04-24,18.252984864068434
2003-04-25,46.802605214794326
2003-04-26,3.4678240494577697
2003-04-27,0.0
2003-04-28,0.0
2003-04-29,0.4039077253921179
2003-04-30,0.15840768852558396
2003-05-01,5.049525728603837
2003-05-02,26.815460132424235
2003-05-03,10.594362352669869
2003-05-04,0.13036619558309082
2003-05-05,4.5084065818615695
2003-05-06,63.55852460914288
2003-05-07,25.659657895208667
2003-05-08,26.31249466578146
2003-05-09,1.0953089986108355
2003-05-10,1.2285988405485446
2003-05-11,16.916371290744493
2003-05-12,0.003394077732283829
2003-05-13,0.0
2003-05-14,13.93310668306545
2003-05-15,19.69101564715515
2003-05-16,1.7977639319141858
2003-05-17,4.5060903540005235
2003-05-18,53.15083093065397
2003-05-19,29.203720882473405
2003-05-20,3.672687760394977
2003-05-21,15.839328542882647
2003-05-22,24.652210356941826
2003-05-23,0.7071379125245443
2003-05-24,0.0
2003-05-25,2.0131091994863737
2003-05-26,4.115336924462636
2003-05-27,0.0
2003-05-28,0.0
2003-05-29,0.022612570874554785
2003-05-30,0.0
2003-05-31,0.3692055139199968
2003-06-01,0.22370894507922978
2003-06-02,0.07394099481825508
2003-06-03,28.840878889250256
2003-06-04,7.9169979725786535
2003-06-05,0.0
2003-06-06,9.71244335088219
2003-06-07,19.784079811419247
2003-06-08,0.6930696202900906
2003-06-09,0.07716041434636074
2003-06-10,0.713471618250715
2003-06-11,5.79366129977158
2003-06-12,5.743434388073965
2003-06-13,23.37702902531346
2003-06-14,10.882836146906932
2003-06-15,3.7539577762253966
2003-06-16,2.3761522663245773
2003-06-17,6.5103902107775395
2003-06-18,17.532263006465982
2003-06-19,17.528244810963557
2003-06-20,5.43263849634765
2003-06-21,0.0500209270440756
2003-06-22,0.01813588998525041
2003-06-23,0.01813588998525041
2003-06-24,0.024968200969127125
2003-06-25,0.36889153906344085
2003-06-26,0.04542295978082506
2003-06-27,5.824682966272644
2003-06-28,3.4717303155114165
2003-06-29,6.943550241054812
2003-06-30,8.098764286511713
2003-07-01,71.84430946055068
2003-07-02,3.0677474956528266
2003-07-03,1.0867743152374258
2003-07-04,12.498961929616739
2003-07-05,18.821677123997986
2003-07-06,1.4697984178997423
2003-07-07,2.7764758791995376
2003-07-08,0.6776294642913163
2003-07-09,0.09745883147630131
2003-07-10,0.37038589571914154
2003-07-11,12.254195786686193
2003-07-12,4.120646352186921
2003-07-13,7.5639181643923505
2003-07-14,10.24629344965187
2003-07-15,1.0992889000463255
2003-07-16,0.11529274849458104
2003-07-17,0.46464397574611177
2003-07-18,0.16992322632008028
2003-07-19,0.4448854622253275
2003-07-20,0.05652859822695855
2003-07-21,1.4623278940915492
2003-07-22,12.062238735065092
2003-07-23,16.627275483720364
2003-07-24,0.008512687246017113
2003-07-25,0.0945946948712903
2003-07-26,1.4593406474795427
2003-07-27,1.9385926416428991
2003-07-28,3.5456897223249335
2003-07-29,10.798228582914431
2003-07-30,8.069829991505818
2003-07-31,13.09988290975573
2003-08-01,17.57934197903741
2003-08-02,3.232097143551574
2003-08-03,4.4160138936362525
2003-08-04,9.71931706632316
2003-08-05,7.223174861648272
2003-08-06,13.161566445104128
2003-08-07,20.183901416271432
2003-08-08,0.8350569371318547
2003-08-09,0.7490150786709547
2003-08-10,0.7387087673433572
2003-08-11,0.5314082841768972
2003-08-12,4.001270384017054
2003-08-13,7.294174964059092
2003-08-14,1.821578240663657
2003-08-15,1.2335171085541201
2003-08-16,9.126033532640472
2003-08-17,1.7013927078033595
2003-08-18,0.42057051330520223
2003-08-19,1.2291506464478288
2003-08-20,3.3964176768021144
2003-08-21,8.673546277115843
2003-08-22,1.3170286988734126
2003-08-23,4.901861820000139
2003-08-24,1.5467699764169118
2003-08-25,3.72585480022705
2003-08-26,1.0169962672050907
2003-08-27,2.6545438789284836
2003-08-28,9.179074778453066
2003-08-29,2.979712137021261
2003-08-30,0.517077490523798
2003-08-31,3.2317386107768313
2003-09-01,0.00601366875359742
2003-09-02,0.15871524167636905
2003-09-03,0.7446075704556006
2003-09-04,0.8630105618520395
2003-09-05,0.882170210958836
2003-09-06,7.956233260605009
2003-09-07,1.7440199232319042
2003-09-08,2.3540776070964555
2003-09-09,0.8732738299076162
2003-09-10,2.3960223656494777
2003-09-11,0.0025685779699029404
2003-09-12,0.0
2003-09-13,0.0
2003-09-14,1.138273284781183
2003-09-15,0.005832550325675911
2003-09-16,0.6742624041289136
2003-09-17,0.04276138150446091
2003-09-18,0.04268921352221402
2003-09-19,0.04268921352221402
2003-09-20,0.15941492535748608
2003-09-21,0.36441478672304595
2003-09-22,30.581333766542336
2003-09-23,2.9327416895077745
2003-09-24,0.0
2003-09-25,1.3177538104756437
2003-09-26,1.3009292050053203
2003-09-27,4.518139346088464
2003-09-28,3.25443008733005
2003-09-29,0.0
2003-09-30,0.0
2003-10-01,0.09476054043464373
2003-10-02,0.09476054043464373
2003-10-03,0.09476054043464373
2003-10-04,0.09476054043464373
2003-10-05,0.09476054043464373
2003-10-06,2.729879037357473
2003-10-07,1.7019696098434238
2003-10-08,6.2924555016884804
2003-10-09,0.05922142521911026
2003-10-10,2.988587138747778
2003-10-11,2.5683448000798443
2003-10-12,0.008279582102852054
2003-10-13,0.005671764784999281
2003-10-14,0.4529441618856561
2003-10-15,0.0
2003-10-16,0.0
2003-10-17,3.3754420751743006
2003-10-18,0.0024936251268375498
2003-10-19,0.0
2003-10-20,0.0
2003-10-21,0.05106452605201663
2003-10-22,0.05106452605201663
2003-10-23,0.05106452605201663
2003-10-24,0.05106452605201663
2003-10-25,0.05106452605201663
2003-10-26,14.490860187636859
2003-10-27,9.166338713194286
2003-10-28,0.03524118440143387
2003-10-29,0.0
2003-10-30,0.0
2003-10-31,0.0
2003-11-01,0.0
2003-11-02,0.0
2003-11-03,0.0
2003-11-04,0.7201402172128505
2003-11-05,2.698451664333875
2003-11-06,2.2216864529230045
2003-11-07,0.014233054709897467
2003-11-08,6.883686883863524e-06
2003-11-09,0.001116689119912313
2003-11-10,0.0
2003-11-11,0.0
2003-11-12,0.0
2003-11-13,2.2264721276834307
2003-11-14,0.0
2003-11-15,0.0
2003-11-16,0.5518634903521219
2003-11-17,4.160666647976668
2003-11-18,7.253154251115685
2003-11-19,54.628954635405684
2003-11-20,0.0
2003-11-21,0.0
2003-11-22,0.0
2003-11-23,0.0686469887944742
2003-11-24,7.663571969529789
2003-11-25,0.0
2003-11-26,0.0
2003-11-27,27.231378315994927
2003-11-28,45.825155034456515
2003-11-29,0.0
2003-11-30,0.0
2003-12-01,0.0
2003-12-02,0.0
2003-12-03,0.11461382414894648
2003-12-04,0.6957336782541089
2003-12-05,0.11193508511183443
2003-12-06,0.0002819663424448897
2003-12-07,0.0
2003-12-08,0.0
2003-12-09,4.3103554402046654e-05
2003-12-10,0.971285651660192
2003-12-11,0.0
2003-12-12,0.0
2003-12-13,24.606386526323544
2003-12-14,10.353778571425627
2003-12-15,0.018455512652876892
2003-12-16,0.02005733808195338
2003-12-17,0.6800349645069361
2003-12-18,0.0
2003-12-19,1.2932961493413078e-05
2003-12-20,0.0
2003-12-21,0.0
2003-12-22,0.0
2003-12-23,9.325756575601165
2003-12-24,18.63198401001494
2003-12-25,0.0
2003-12-26,0.0
2003-12-27,0.0
2003-12-28,0.0
2003-12-29,1.2527369390645955
2003-12-30,24.59704843026603
2003-12-31,0.0
2004-01-01,0.0
2004-01-02,0.001228612118261861
2004-01-03,0.05739496476948525
2004-01-04,0.09844128745591725
2004-01-05,3.381139261131301
2004-01-06,0.004909611301387913
2004-01-07,0.0
2004-01-08,3.928305908361887
2004-01-09,8.604914905591613
2004-01-10,0.04648158744648589
2004-01-11,0.0
2004-01-12,0.0
2004-01-13,0.0
2004-01-14,0.48439300180140693
2004-01-15,0.3913887230798803
2004-01-16,0.0
2004-01-17,2.4845340938105767
2004-01-18,16.888912205936844
2004-01-19,0.03026963078603019
2004-01-20,0.0
2004-01-21,0.0
2004-01-22,0.0
2004-01-23,0.0
2004-01-24,0.08163520465849257
2004-01-25,20.31653354097788
2004-01-26,20.602714187029115
2004-01-27,3.456809220039483
2004-01-28,0.0
2004-01-29,0.0
2004-01-30,1.5647577031521385
2004-01-31,0.0
2004-02-01,1.2642415598016232
2004-02-02,2.7679494585088884
2004-02-03,14.229104616240754
2004-02-04,0.0
2004-02-05,1.7915952466027851
2004-02-06,57.306932358686204
2004-02-07,0.05964691455972488
2004-02-08,0.0011589050341855819
2004-02-09,0.5243190235575663
2004-02-10,3.8541265263843805
2004-02-11,0.7981490469981611
2004-02-12,38.29526665352173
2004-02-13,0.0026608403631442645
2004-02-14,13.574782658237705
2004-02-15,9.58613012453722
2004-02-16,0.23981150717952512
2004-02-17,0.27316374471927574
2004-02-18,0.0004182867411534282
2004-02-19,0.0
2004-02-20,0.04995907146295123
2004-02-21,0.9212405316359509
2004-02-22,0.0
2004-02-23,8.056959156675731
2004-02-24,8.970551871407121
2004-02-25,11.251460090693639
2004-02-26,6.238646153348163
2004-02-27,0.1712819560053508
2004-02-28,0.00038163271727276887
2004-02-29,0.0
2004-03-01,0.014764329056626843
2004-03-02,12.526287183494551
2004-03-03,0.4396414383031812
2004-03-04,0.09688067635053126
2004-03-05,0.5258293853850127
2004-03-06,3.1729076218632746
2004-03-07,0.0
2004-03-08,0.0
2004-03-09,0.09759900966695954
2004-03-10,0.0
2004-03-11,0.0
2004-03-12,0.0
2004-03-13,0.0
2004-03-14,0.5246678025978754
2004-03-15,2.9794030579741486
2004-03-16,9.65695356290269
2004-03-17,0.004072881143716697
2004-03-18,1.4498900099789567
2004-03-19,0.0
2004-03-20,0.5015620921063576
2004-03-21,2.6987318544876686
2004-03-22,0.0
2004-03-23,0.0
2004-03-24,0.0
2004-03-25,0.0
2004-03-26,0.0
2004-03-27,0.0
2004-03-28,0.0
2004-03-29,0.27667195104235587
2004-03-30,8.113590706429227
2004-03-31,10.305288134421025
2004-04-01,0.0
2004-04-02,0.0
2004-04-03,0.0
2004-04-04,0.0
2004-04-05,0.0
2004-04-06,0.0016298637387090302
2004-04-07,0.0170476005654444
2004-04-08,18.93698243937477
2004-04-09,0.0
2004-04-10,0.23674803303874262
2004-04-11,2.729792228942138
2004-04-12,11.687402513868683
2004-04-13,26.85747917432506
2004-04-14,2.1886952391456096
2004-04-15,0.0
2004-04-16,0.07298214817885955
2004-04-17,0.07298214817885955
2004-04-18,0.07298214817885955
2004-04-19,0.07298214817885955
2004-04-20,0.3357334834689001
2004-04-21,1.3253535617138863
2004-04-22,0.10214351069744777
2004-04-23,0.0
2004-04-24,0.0
2004-04-25,0.006274036637529183
2004-04-26,18.450569647430168
2004-04-27,0.0
2004-04-28,0.0
2004-04-29,0.1132316550811906
2004-04-30,13.489543000186714
2004-05-01,3.3366404638586475
2004-05-02,31.86905940717952
2004-05-03,4.6012339161183966e-05
2004-05-04,0.0
2004-05-05,0.0
2004-05-06,0.0
2004-05-07,0.0
2004-05-08,0.0
2004-05-09,0.0
2004-05-10,0.0
2004-05-11,0.17133681643747062
2004-05-12,2.1677319401677093
2004-05-13,6.778124725627992
2004-05-14,1.1902517870697322
2004-05-15,0.6231280529467125
2004-05-16,2.8157361547160358
2004-05-17,16.190757355298267
2004-05-18,23.40333404905057
2004-05-19,8.198510420387251
2004-05-20,3.2097463291546138
2004-05-21,0.38851271582923536
2004-05-22,5.746139547968046
2004-05-23,0.0897551668929507
2004-05-24,0.8664295240679213
2004-05-25,0.1224375908811042
2004-05-26,0.007772414011480146
2004-05-27,0.026783860128749462
2004-05-28,0.7054146505889326
2004-05-29,7.279380077447798
2004-05-30,0.9161129655373881
2004-05-31,12.768092045186581
2004-06-01,2.8880936853161745
2004-06-02,1.0092767074219122
2004-06-03,8.9085169826119
2004-06-04,22.37405483572836
2004-06-05,0.23057852258756947
2004-06-06,0.02084899203184623
2004-06-07,3.428460927480739
2004-06-08,0.25188373076937437
2004-06-09,0.1412829130398696
2004-06-10,0.08135163024542215
2004-06-11,0.4297516282106984
2004-06-12,3.938813079405256
2004-06-13,9.437506130794246
2004-06-14,5.964026319760183
2004-06-15,20.224843655347737
2004-06-16,5.974551091448769
2004-06-17,4.121637817909083
2004-06-18,1.6487116358981533
2004-06-19,0.5305768437935824
2004-06-20,1.2800668045933008
2004-06-21,1.2508431659486199
2004-06-22,3.7317287688454135
2004-06-23,9.259885941824088
2004-06-24,4.819137688039936
2004-06-25,5.186647033528509
2004-06-26,0.8602561882682416
2004-06-27,9.94978598748523
2004-06-28,2.09095131090132
2004-06-29,3.010758946744281
2004-06-30,7.689779887308965
2004-07-01,8.781362604618272
2004-07-02,17.82311583007869
2004-07-03,1.3577876771171529
2004-07-04,1.8481046931041218
2004-07-05,0.3836466595397162
2004-07-06,3.291350795761342
2004-07-07,7.288490461348054
2004-07-08,10.769338560093075
2004-07-09,0.7561060466612564
2004-07-10,0.6832744467787926
2004-07-11,0.12333752527472484
2004-07-12,8.137893570269412
2004-07-13,1.0626153964780656
2004-07-14,0.22698443276627106
2004-07-15,11.793236028084074
2004-07-16,0.0017725205131349732
2004-07-17,17.660309778813847
2004-07-18,4.807764125319942
2004-07-19,0.00019997619407886323
2004-07-20,0.0
2004-07-21,0.0
2004-07-22,0.0021686589918466104
2004-07-23,1.3410663419733526
2004-07-24,0.08729734696841455
2004-07-25,5.294509657972643
2004-07-26,18.324293233220725
2004-07-27,12.617221605458395
2004-07-28,0.182981278715069
2004-07-29,0.18213882868369047
2004-07-30,2.3197612472931475
2004-07-31,1.5480326400958506
2004-08-01,1.1248508320815216
2004-08-02,0.4112741209971874
2004-08-03,0.15539509969090612
2004-08-04,0.0045968855053882965
2004-08-05,2.4423309436162617
2004-08-06,0.03339183119193939
2004-08-07,0.0
2004-08-08,0.0
2004-08-09,0.36499297794096414
2004-08-10,14.35411979181688
2004-08-11,1.4592514584140506
2004-08-12,45.91515133444722
2004-08-13,0.26885243578534435
2004-08-14,0.0
2004-08-15,0.025703250744640947
2004-08-16,0.5161690246246436
2004-08-17,0.20517501290809284
2004-08-18,0.0
2004-08-19,0.0
2004-08-20,0.911755483934601
2004-08-21,10.894383277589748
2004-08-22,18.178597924652358
2004-08-23,1.5320623542340057
2004-08-24,1.277276091272756
2004-08-25,7.081252404719041
2004-08-26,1.4083523197105599
2004-08-27,0.6835363730108209
2004-08-28,1.170549085798799
2004-08-29,6.22819499488921
2004-08-30,3.841002388506261
2004-08-31,0.8774804321578551
2004-09-01,3.8522580208844714
2004-09-02,1.2919833649747803
2004-09-03,3.0050389089302434
2004-09-04,0.11032296110290853
2004-09-05,0.20489498650326773
2004-09-06,0.4781731690468371
2004-09-07,40.76422214803778
2004-09-08,1.2209573293809606
2004-09-09,0.013764918339651993
2004-09-10,0.11139546618991321
2004-09-11,0.3420527930705635
2004-09-12,0.06781291077845876
2004-09-13,1.155483412020317
2004-09-14,0.04524994681857164
2004-09-15,0.3386273431934105
2004-09-16,102.525575655916
2004-09-17,13.213269809266777
2004-09-18,0.0
2004-09-19,0.0
2004-09-20,0.0
2004-09-21,0.0
2004-09-22,0.0
2004-09-23,0.0
2004-09-24,0.0
2004-09-25,1.021083593211301
2004-09-26,0.007454732984350746
2004-09-27,2.730050290826192
2004-09-28,0.015231955168924463
2004-09-29,0.001268085831307203
2004-09-30,0.0
2004-10-01,0.00687779817346624
2004-10-02,0.0005255812175167297
2004-10-03,0.5342988780947014
2004-10-04,0.0005255812175167297
2004-10-05,0.0005255812175167297
2004-10-06,0.19927171750397027
2004-10-07,0.05002748199002134
2004-10-08,0.02320791089723474
2004-10-09,8.439252816759627
2004-10-10,10.632595493408651
2004-10-11,6.823179874672532
2004-10-12,1.1627142143314733
2004-10-13,0.7295035577167155
2004-10-14,0.0011182512109085883
2004-10-15,3.1273198038687715
2004-10-16,0.0
2004-10-17,0.2167601710670705
2004-10-18,2.5563314117875153
2004-10-19,26.011556939510953
2004-10-20,28.24354843302984
2004-10-21,0.9885370735358887
2004-10-22,1.2922724765646123
2004-10-23,0.3205335885012521
2004-10-24,16.97952040458818
2004-10-25,0.018425614865871114
2004-10-26,0.0
2004-10-27,0.6783827147345394
2004-10-28,2.0067739045970283
2004-10-29,0.8367890401401137
2004-10-30,0.02606072047236474
2004-10-31,0.46005839224989337
2004-11-01,0.021850743479420724
2004-11-02,4.641292874864769
2004-11-03,18.277736341892147
2004-11-04,25.47633471532799
2004-11-05,0.037684725011418195
2004-11-06,0.2037881008111888
2004-11-07,0.2037881008111888
2004-11-08,0.2037881008111888
2004-11-09,0.2037881008111888
2004-11-10,0.2037881008111888
2004-11-11,19.406209807307565
2004-11-12,10.221475679167998
2004-11-13,0.18334744507426956
2004-11-14,0.004365566310408627
2004-11-15,0.0
2004-11-16,0.0
2004-11-17,0.0
2004-11-18,0.023096380435295175
2004-11-19,2.0926425349953828
2004-11-20,7.251160811072817
2004-11-21,19.85508643156732
2004-11-22,21.722327317229123
2004-11-23,14.03607048549147
2004-11-24,19.692473220435495
2004-11-25,1.7050944843031757
2004-11-26,0.0
2004-11-27,13.0237620579681
2004-11-28,0.5663197286779339
2004-11-29,0.0
2004-11-30,0.33016970245612326
2004-12-01,10.586714461143917
2004-12-02,0.0
2004-12-03,0.0
2004-12-04,0.0
2004-12-05,3.773160563588848
2004-12-06,35.21468798073902
2004-12-07,10.524016900097088
2004-12-08,0.002513974791008685
2004-12-09,13.572080235096774
2004-12-10,9.493881174430276
2004-12-11,0.0
2004-12-12,0.0
2004-12-13,0.0
2004-12-14,0.0
2004-12-15,0.0
2004-12-16,0.0
2004-12-17,0.0
2004-12-18,0.0
2004-12-19,0.0
2004-12-20,0.0
2004-12-21,0.0
2004-12-22,16.224073352197916
2004-12-23,34.42821391342859
2004-12-24,0.0
2004-12-25,0.0
2004-12-26,1.4748026772467644
2004-12-27,0.0
2004-12-28,0.0
2004-12-29,0.0034198896625520607
2004-12-30,0.0007665838139852537
2004-12-31,0.0
2005-01-01,0.0
2005-01-02,0.5164022124319606
2005-01-03,0.0
2005-01-04,0.6567156004872794
2005-01-05,0.6999678664363057
2005-01-06,4.553274981426243
2005-01-07,0.05472112686507957
2005-01-08,11.106518581789949
2005-01-09,0.007743300984567783
2005-01-10,0.04696145579055516
2005-01-11,0.3333493483820567
2005-01-12,0.12594090876350475
2005-01-13,26.290606692413427
2005-01-14,8.978805874772679
2005-01-15,0.0
2005-01-16,0.09681514117408324
2005-01-17,0.09681514117408324
2005-01-18,0.09681514117408324
2005-01-19,1.9786827510642286
2005-01-20,0.09681514117408324
2005-01-21,0.0
2005-01-22,0.1640864284774671
2005-01-23,0.0
2005-01-24,0.0
2005-01-25,0.0
2005-01-26,0.09932652735945624
2005-01-27,0.0005815418160367131
2005-01-28,0.5035711344949345
2005-01-29,24.793723022394023
2005-01-30,1.5943453112563228
2005-01-31,0.1941036680684821
2005-02-01,1.440034378232483
2005-02-02,18.966932052642406
2005-02-03,10.896245089596672
2005-02-04,0.06826504814757489
2005-02-05,0.0
2005-02-06,0.0
2005-02-07,0.18584090302264702
2005-02-08,11.82599640519879
2005-02-09,20.653882851336707
2005-02-10,0.05793662345038181
2005-02-11,0.0
2005-02-12,0.0
2005-02-13,0.42702459922593244
2005-02-14,13.490088661619243
2005-02-15,0.007799075075142251
2005-02-16,0.409503711675391
2005-02-17,0.02389604134508527
2005-02-18,0.0
2005-02-19,0.0
2005-02-20,0.19834720041307227
2005-02-21,17.765892272948292
2005-02-22,9.047591011464855
2005-02-23,0.6957940082583944
2005-02-24,16.34631148410956
2005-02-25,0.042233375192012146
2005-02-26,0.0
2005-02-27,19.88533303751791
2005-02-28,17.45169235180979
2005-03-01,2.2899443467992446
2005-03-02,0.0
2005-03-03,0.0
2005-03-04,0.0
2005-03-05,1.2371736179204653
2005-03-06,0.0
2005-03-07,6.674846697966639
2005-03-08,24.933710148918266
2005-03-09,0.4121156089915216
2005-03-10,3.311714109425131
2005-03-11,4.608647920034261
2005-03-12,0.0
2005-03-13,0.8574786935056533
2005-03-14,6.793606790551045
2005-03-15,0.30173995934930725
2005-03-16,21.622517365658094
2005-03-17,1.495791499454833
2005-03-18,0.012147299170920015
2005-03-19,6.634912548466723e-08
2005-03-20,0.04559435772159683
2005-03-21,2.7928104211085856
2005-03-22,13.8987069009786
2005-03-23,29.375393810221272
2005-03-24,0.049747663531437655
2005-03-25,0.023584960643014897
2005-03-26,0.0003729438291503934
2005-03-27,49.510735359956534
2005-03-28,6.99950454803352
2005-03-29,0.00021449794046852978
2005-03-30,3.130553147157048e-07
2005-03-31,33.0703933881509
2005-04-01,53.52222106386633
2005-04-02,2.8778189229228857
2005-04-03,0.0
2005-04-04,0.0
2005-04-05,0.0
2005-04-06,2.1195806423307895
2005-04-07,33.37444226567158
2005-04-08,0.7696770131123589
2005-04-09,0.09817446490015933
2005-04-10,0.0005213122285786579
2005-04-11,0.34691034495323897
2005-04-12,8.434215962080795
2005-04-13,1.0849326251263278
2005-04-14,0.06327877613510835
2005-04-15,0.0
2005-04-16,0.0
2005-04-17,0.0
2005-04-18,0.0
2005-04-19,0.0
2005-04-20,0.0
2005-04-21,4.885416235094003
2005-04-22,2.6647741634870505
2005-04-23,22.45559188151185
2005-04-24,0.0
2005-04-25,0.0
2005-04-26,31.174337133972738
2005-04-27,1.317445005535725
2005-04-28,7.860152165895667e-06
2005-04-29,0.10306128974887331
2005-04-30,28.278826544169956
2005-05-01,0.0
2005-05-02,0.0
2005-05-03,0.0
2005-05-04,0.0
2005-05-05,0.0
2005-05-06,0.0
2005-05-07,0.0
2005-05-08,0.0
2005-05-09,0.0
2005-05-10,0.0
2005-05-11,0.02728302710228809
2005-05-12,0.0
2005-05-13,0.004944229486653739
2005-05-14,0.16830290155964853
2005-05-15,6.73599922839543
2005-05-16,0.0005212614139440417
2005-05-17,0.0
2005-05-18,0.0
2005-05-19,0.04022992130074772
2005-05-20,10.99358340593488
2005-05-21,3.018807991012067
2005-05-22,0.010934724846104249
2005-05-23,0.02120894948353448
2005-05-24,0.14828330189840105
2005-05-25,0.0
2005-05-26,0.0
2005-05-27,0.0
2005-05-28,0.09088447145371288
2005-05-29,7.479404378949192
2005-05-30,22.7239541571507
2005-05-31,18.48543535387536
2005-06-01,25.156597359322177
2005-06-02,2.7721401497115794
2005-06-03,2.6076220824934606
2005-06-04,0.5775682897041201
2005-06-05,0.1862314754638413
2005-06-06,1.6334998542108605
2005-06-07,7.935453707148061
2005-06-08,7.6125084062677235
2005-06-09,1.2908971527655295
2005-06-10,5.560307620908182
2005-06-11,13.330145697162779
2005-06-12,7.122504148692478
2005-06-13,0.40889433351177207
2005-06-14,0.0999964997127987
2005-06-15,0.9770127318650758
2005-06-16,0.0
2005-06-17,0.0
2005-06-18,0.0025461985721318293
2005-06-19,0.7013792359726849
2005-06-20,0.41122966823568396
2005-06-21,1.1872712451567486
2005-06-22,0.4194056881264302
2005-06-23,0.0
2005-06-24,4.229256893109757e-05
2005-06-25,0.4978083673745172
2005-06-26,11.831695367525414
2005-06-27,2.9911161523018777
2005-06-28,8.666509293077826
2005-06-29,1.9276321651583812
2005-06-30,1.503244756188383
2005-07-01,2.615202837709896
2005-07-02,3.207169257995623
2005-07-03,4.039430809210292
2005-07-04,5.147724951642798
2005-07-05,2.3150825611474217
2005-07-06,15.444764738579016
2005-07-07,57.27987574440848
2005-07-08,0.4841252182727361
2005-07-09,10.948469718750221
2005-07-10,40.08693240045761
2005-07-11,36.85171222449421
2005-07-12,9.932805116428517
2005-07-13,8.384254145345794
2005-07-14,8.507767492819642
2005-07-15,12.509909978190837
2005-07-16,5.373275090070566
2005-07-17,0.5919380079436429
2005-07-18,0.8586613800607963
2005-07-19,7.543003699860895
2005-07-20,8.529328869219052
2005-07-21,13.186683554159208
2005-07-22,2.6579860209460735
2005-07-23,0.41894277989145695
2005-07-24,0.16584435753905138
2005-07-25,0.8727791333732814
2005-07-26,0.42960800910917735
2005-07-27,0.5833747538080236
2005-07-28,6.468877877454385
2005-07-29,12.042629229550764
2005-07-30,9.148376586679326
2005-07-31,11.60422985072692
2005-08-01,2.3280580114491327
2005-08-02,0.24942962192653576
2005-08-03,0.03619309013323104
2005-08-04,0.03973779710564369
2005-08-05,0.7829061783805671
2005-08-06,6.018954306292327
2005-08-07,7.390948354948242
2005-08-08,5.767939314681138
2005-08-09,5.918438968352134
2005-08-10,15.913761934466264
2005-08-11,9.63314317649313
2005-08-12,12.604412390904585
2005-08-13,18.132496249917327
2005-08-14,5.440406024917291
2005-08-15,1.533154373360447
2005-08-16,5.964033130979
2005-08-17,1.5407328451562063
2005-08-18,2.325246762996613
2005-08-19,6.243094405666273
2005-08-20,0.48096637060367325
2005-08-21,0.3412363189943115
2005-08-22,10.717509515651397
2005-08-23,0.42241523457554253
2005-08-24,6.338525193819201
2005-08-25,1.0524545550135966
2005-08-26,0.0023139789162624582
2005-08-27,0.0014577702785789196
2005-08-28,4.3817919701800045
2005-08-29,12.716623243493709
2005-08-30,15.590793824376293
2005-08-31,0.6633909726428643
2005-09-01,0.0
2005-09-02,0.0003871357925784774
2005-09-03,0.031116389635960452
2005-09-04,0.6010566495841818
2005-09-05,2.7147702211826896
2005-09-06,0.06524748391181472
2005-09-07,0.06524748391181472
2005-09-08,2.0214862593152745
2005-09-09,0.06524748391181472
2005-09-10,0.06524748391181472
2005-09-11,0.0
2005-09-12,0.0
2005-09-13,0.0
2005-09-14,4.908420594302573e-07
2005-09-15,2.224040021923179
2005-09-16,3.4104063097149933
2005-09-17,0.6379202324507395
2005-09-18,0.005248465734402957
2005-09-19,0.0
2005-09-20,0.0
2005-09-21,0.00766603643724856
2005-09-22,0.7093528643186087
2005-09-23,0.283926570903671
2005-09-24,0.09483653275859934
2005-09-25,1.1594397782659067
2005-09-26,3.034416822265874
2005-09-27,0.03495141358559536
2005-09-28,0.04425636885524302
2005-09-29,0.04795878071696922
2005-09-30,0.0024928385552961704
2005-10-01,0.030049873836807028
2005-10-02,0.2987828649973749
2005-10-03,0.0
2005-10-04,0.01344119487456214
2005-10-05,0.025470600004428613
2005-10-06,23.823560781001568
2005-10-07,6.7774134140240445
2005-10-08,0.8386893164497596
2005-10-09,0.27188749131886575
2005-10-10,0.47560718289732373
2005-10-11,0.19864540577579237
2005-10-12,1.0794065930507875
2005-10-13,0.0014550126196171632
2005-10-14,0.0
2005-10-15,0.0
2005-10-16,0.0
2005-10-17,0.0
2005-10-18,0.0
2005-10-19,0.0
2005-10-20,0.0
2005-10-21,0.0954580788524912
2005-10-22,0.15930143065680935
2005-10-23,0.0
2005-10-24,0.0
2005-10-25,0.0054445570363695454
2005-10-26,0.16281698244115808
2005-10-27,0.16281698244115808
2005-10-28,0.16281698244115808
2005-10-29,0.16281698244115808
2005-10-30,0.16281698244115808
2005-10-31,0.16281698244115808
2005-11-01,2.605247119575763
2005-11-02,0.3995125317912531
2005-11-03,0.0
2005-11-04,0.02062956000193757
2005-11-05,8.328493052163035e-07
2005-11-06,1.0721793158054067
2005-11-07,0.07800936718319942
2005-11-08,0.002803895004503979
2005-11-09,0.0
2005-11-10,0.22545005045200103
2005-11-11,0.0
2005-11-12,0.0
2005-11-13,0.3113227902273179
2005-11-14,0.1984687453149857
2005-11-15,2.432455166782099
2005-11-16,8.620668348934194
2005-11-17,0.0
2005-11-18,0.0
2005-11-19,0.0004009219721339804
2005-11-20,0.46102769600987303
2005-11-21,34.9906395128489
2005-11-22,3.8489330831242525
2005-11-23,0.0
2005-11-24,0.0
2005-11-25,0.0
2005-11-26,0.0
2005-11-27,13.495105108824648
2005-11-28,11.148772283560248
2005-11-29,26.823325030773375
2005-11-30,0.0
2005-12-01,0.0027485446630502028
2005-12-02,0.0
2005-12-03,1.4064656270858444
2005-12-04,3.511115067022715
2005-12-05,30.706930066773257
2005-12-06,0.0
2005-12-07,0.0
2005-12-08,2.024335039127335
2005-12-09,11.603871455725319
2005-12-10,0.0
2005-12-11,0.0
2005-12-12,0.0
2005-12-13,0.0
2005-12-14,0.00024238283181785299
2005-12-15,25.96562388469036
2005-12-16,0.05712096402679677
2005-12-17,0.0
2005-12-18,11.199830461044577
2005-12-19,0.0
2005-12-20,0.0
2005-12-21,0.0
2005-12-22,0.0
2005-12-23,0.0
2005-12-24,2.730267035579553
2005-12-25,12.793326067140905
2005-12-26,0.13026570028326323
2005-12-27,0.0
2005-12-28,3.269391682990937
2005-12-29,0.1329081094896762
2005-12-30,0.0
2005-12-31,0.552762561464546
2006-01-01,2.766390115721633
2006-01-02,12.585296166479543
2006-01-03,0.012919321961637002
2006-01-04,0.0
2006-01-05,0.0007159346484556043
2006-01-06,0.3566847955300448
2006-01-07,0.10910728426124182
2006-01-08,0.0
2006-01-09,0.5811166086532739
2006-01-10,1.089639329786481
2006-01-11,12.192933599126935
2006-01-12,0.07855211953020647
2006-01-13,19.234033367641235
2006-01-14,0.031168603681586294
2006-01-15,0.0
2006-01-16,0.4404861727077181
2006-01-17,24.63857972851672
2006-01-18,4.32925142731008
2006-01-19,0.0
2006-01-20,0.0018824455838249965
2006-01-21,10.639759322846466
2006-01-22,1.436665236173864
2006-01-23,36.88663388994373
2006-01-24,0.5164372147691848
2006-01-25,0.0
2006-01-26,0.0
2006-01-27,0.0
2006-01-28,0.0
2006-01-29,16.634693464053836
2006-01-30,1.0450981618275896
2006-01-31,0.020479448401691712
2006-02-01,0.0
2006-02-02,7.287575012215886
2006-02-03,1.2770690702217773
2006-02-04,12.186261853209885
2006-02-05,0.0
2006-02-06,11.356449294213796
2006-02-07,12.233637665909896
2006-02-08,0.0
2006-02-09,0.8647985687199123
2006-02-10,0.0
2006-02-11,20.9307431090428
2006-02-12,0.11688362086850757
2006-02-13,0.0068599260542307776
2006-02-14,0.0
2006-02-15,0.1418514169900976
2006-02-16,0.0006474534690740878
2006-02-17,0.2550465030756734
2006-02-18,0.3013000123418195
2006-02-19,0.11940286494815944
2006-02-20,0.7134723835989901
2006-02-21,0.22083111027716246
2006-02-22,11.836683212543688
2006-02-23,18.181999201692488
2006-02-24,0.0
2006-02-25,22.74755146834624
2006-02-26,18.04701306061688
2006-02-27,0.0
2006-02-28,0.0
2006-03-01,0.0
2006-03-02,0.0
2006-03-03,0.0
2006-03-04,0.0
2006-03-05,0.0
2006-03-06,6.6282693782289215
2006-03-07,0.0
2006-03-08,0.0
2006-03-09,0.025030548656953717
2006-03-10,22.619227066184155
2006-03-11,0.3780900002212049
2006-03-12,1.4621568899372214e-06
2006-03-13,0.4137400834854956
2006-03-14,8.229015837297272
2006-03-15,0.0
2006-03-16,0.7448940833018834
2006-03-17,0.2865898044296479
2006-03-18,0.02993652894905798
2006-03-19,10.134007649833537
2006-03-20,13.55431603359367
2006-03-21,33.657060359384054
2006-03-22,0.0025344117884198874
2006-03-23,0.013207307201842034
2006-03-24,0.0
2006-03-25,0.0
2006-03-26,0.0
2006-03-27,0.0
2006-03-28,0.020694433526438644
2006-03-29,3.0182110509798967e-05
2006-03-30,0.0008846121796377677
2006-03-31,0.0007680619052689272
2006-04-01,1.8931546093391114
2006-04-02,0.35210761674932217
2006-04-03,2.6216093885587415
2006-04-04,0.0
2006-04-05,0.0
2006-04-06,0.0
2006-04-07,0.01068993000055842
2006-04-08,19.237236688121268
2006-04-09,0.0
2006-04-10,0.0
2006-04-11,0.3372014570561849
2006-04-12,0.3372014570561849
2006-04-13,0.3372014570561849
2006-04-14,0.3372014570561849
2006-04-15,0.3372014570561849
2006-04-16,0.005313484790188709
2006-04-17,1.5208509942720487
2006-04-18,0.9038280536593938
2006-04-19,0.5588015585444944
2006-04-20,22.143594195063535
2006-04-21,8.742109724596531
2006-04-22,10.100223542273707
2006-04-23,0.0
2006-04-24,0.0
2006-04-25,0.016547980935982847
2006-04-26,11.113947979108236
2006-04-27,0.41923171553095545
2006-04-28,0.0
2006-04-29,0.2084129151867797
2006-04-30,8.660889763190484
2006-05-01,2.553884249637039
2006-05-02,0.013200445861943869
2006-05-03,0.5176276544403956
2006-05-04,0.38635061205255444
2006-05-05,9.343698195021533
2006-05-06,0.023360971394190293
2006-05-07,20.091259602378415
2006-05-08,0.40907676736692017
2006-05-09,1.2644644222196577
2006-05-10,25.7402998224066
2006-05-11,20.079378390988413
2006-05-12,0.0
2006-05-13,11.176422841386117
2006-05-14,2.7981334619654525
2006-05-15,0.025529201850791553
2006-05-16,0.6590364931010455
2006-05-17,0.3736386623489242
2006-05-18,0.14941514617303847
2006-05-19,0.0
2006-05-20,0.0001487852820209887
2006-05-21,0.0
2006-05-22,0.0
2006-05-23,0.11087592264231202
2006-05-24,0.0
2006-05-25,0.6366270555468244
2006-05-26,0.07248888283731832
2006-05-27,0.024837733641307796
2006-05-28,2.1964968619839604
2006-05-29,3.0404024632164997
2006-05-30,0.004740478378851542
2006-05-31,0.16108418295764707
2006-06-01,0.5775663039948509
2006-06-02,11.161230303845452
2006-06-03,2.877169017187263
2006-06-04,0.0
2006-06-05,0.0
2006-06-06,0.0
2006-06-07,0.0
2006-06-08,0.6781767966121857
2006-06-09,0.0
2006-06-10,0.0
2006-06-11,0.0
2006-06-12,3.021876686734087
2006-06-13,5.759969901732333
2006-06-14,0.07428690622161516
2006-06-15,0.0
2006-06-16,0.016673544805045643
2006-06-17,0.003365844218275935
2006-06-18,0.10707795774624788
2006-06-19,0.4434570963907492
2006-06-20,0.02853659807493083
2006-06-21,0.05439200604257259
2006-06-22,2.1995633897850024
2006-06-23,2.518951825592285
2006-06-24,1.6900550739685989
2006-06-25,13.638972062912623
2006-06-26,0.6856756502843897
2006-06-27,0.04309230038981844
2006-06-28,0.0
2006-06-29,0.0
2006-06-30,0.0024896108742490006
2006-07-01,2.744225789542451
2006-07-02,0.3700819691050595
2006-07-03,3.4592342374502123
2006-07-04,0.7462798476175752
2006-07-05,1.7547762986611568
2006-07-06,1.909810116695476
2006-07-07,2.45875465809047
2006-07-08,0.00672960952984725
2006-07-09,1.2568958224175453
2006-07-10,0.2031576779581466
2006-07-11,0.0012041574716026167
2006-07-12,0.054726579468377175
2006-07-13,0.8587693370935996
2006-07-14,0.08022637860069028
2006-07-15,3.6353895491563986
2006-07-16,1.4912209748960221
2006-07-17,5.759495037196403
2006-07-18,4.011899182363483
2006-07-19,0.4903747084160345
2006-07-20,9.94962511431682
2006-07-21,0.7103502366786962
2006-07-22,9.891021122712992
2006-07-23,6.559564916249684
2006-07-24,12.035701404927323
2006-07-25,4.733556327818181
2006-07-26,2.6648620084630292
2006-07-27,0.02876799011206894
2006-07-28,0.00441703463598012
2006-07-29,9.32450552665984
2006-07-30,7.967555897371507
2006-07-31,4.543347280038772
2006-08-01,0.24810029578424828
2006-08-02,0.19532752089450614
2006-08-03,0.12376925423155212
2006-08-04,0.008531686005918004
2006-08-05,0.5665692659876645
2006-08-06,1.269253922072951
2006-08-07,0.020304027666933257
2006-08-08,2.410813051620838
2006-08-09,3.4074117352847675
2006-08-10,6.582070113546039
2006-08-11,14.895150032350656
2006-08-12,6.046288645335305
2006-08-13,7.729409444334672
2006-08-14,1.9685910207888517
2006-08-15,1.0229175514639168
2006-08-16,8.838075651203718
2006-08-17,5.847115861706872
2006-08-18,0.04201604116372543
2006-08-19,0.19362415082616338
2006-08-20,7.965076865878073
2006-08-21,0.8886971837907977
2006-08-22,10.279692270840275
2006-08-23,10.033809936011064
2006-08-24,0.8496976426053243
2006-08-25,1.699367555056073
2006-08-26,1.0502348318836452
2006-08-27,0.9932696941118563
2006-08-28,1.951490189442779
2006-08-29,2.2326247142626148
2006-08-30,8.219125583456362
2006-08-31,5.113495143817736
2006-09-01,0.659811808047749
2006-09-02,0.7265595361918001
2006-09-03,2.0245147847420513
2006-09-04,0.6899825198783813
2006-09-05,0.4036940238137515
2006-09-06,0.15848829496614708
2006-09-07,1.950106837540336
2006-09-08,0.24774171377369247
2006-09-09,3.312878008463994
2006-09-10,0.3323614524521377
2006-09-11,0.0010379991847842798
2006-09-12,8.150049080350717
2006-09-13,21.922437586048773
2006-09-14,0.0019606113639943972
2006-09-15,0.0
2006-09-16,0.0
2006-09-17,0.0
2006-09-18,18.136794524736185
2006-09-19,10.260421313685454
2006-09-20,0.0
2006-09-21,0.0
2006-09-22,11.61649510912745
2006-09-23,4.664653309147652
2006-09-24,28.94385619733814
2006-09-25,0.7043604961622211
2006-09-26,0.0
2006-09-27,0.0
2006-09-28,0.33429043876325737
2006-09-29,0.0
2006-09-30,0.0
2006-10-01,1.483008574539782
2006-10-02,0.0
2006-10-03,0.020603886076306702
2006-10-04,0.0
2006-10-05,0.0
2006-10-06,0.1727312166142755
2006-10-07,0.0
2006-10-08,0.0
2006-10-09,1.1585610066572993
2006-10-10,0.30969625721933897
2006-10-11,1.6031828950190299
2006-10-12,0.19426374806051433
2006-10-13,0.7676291541725275
2006-10-14,0.0
2006-10-15,0.0
2006-10-16,8.356794417546993
2006-10-17,40.76810748753498
2006-10-18,1.243535475431372
2006-10-19,1.5571342105661294
2006-10-20,0.9315892812585237
2006-10-21,0.0
2006-10-22,1.29958731207526
2006-10-23,0.0
2006-10-24,0.0
2006-10-25,0.0
2006-10-26,2.739869265412437
2006-10-27,52.98933594250628
2006-10-28,2.6082698886713613
2006-10-29,0.0
2006-10-30,0.0
2006-10-31,0.0028043485230315234
2006-11-01,1.3673201970734807
2006-11-02,1.6347727458973011
2006-11-03,0.0
2006-11-04,0.0
2006-11-05,0.0
2006-11-06,0.00031027954031029976
2006-11-07,23.56375152012387
2006-11-08,0.4827890928058711
2006-11-09,0.0
2006-11-10,0.0
2006-11-11,3.1802490975438573
2006-11-12,0.0004076420973450895
2006-11-13,0.0
2006-11-14,0.0
2006-11-15,68.66890427186615
2006-11-16,32.60911752965348
2006-11-17,0.05070927021404502
2006-11-18,0.0
2006-11-19,0.0
2006-11-20,0.4729270147045855
2006-11-21,0.3260043721821575
2006-11-22,0.3260043721821575
2006-11-23,0.3260043721821575
2006-11-24,0.3260043721821575
2006-11-25,0.3260043721821575
2006-11-26,0.0
2006-11-27,0.0
2006-11-28,0.40862202942322284
2006-11-29,1.3123474949931742
2006-11-30,1.1565011127075688
2006-12-01,0.0
2006-12-02,0.0
2006-12-03,0.0
2006-12-04,0.0
2006-12-05,0.0
2006-12-06,0.0
2006-12-07,0.49861389781842247
2006-12-08,0.0
2006-12-09,0.0
2006-12-10,0.05781600278361432
2006-12-11,0.0
2006-12-12,0.09920580250182126
2006-12-13,2.355384456283531
2006-12-14,0.02259985565250995
2006-12-15,0.0
2006-12-16,0.35829306961769464
2006-12-17,0.35829306961769464
2006-12-18,0.35829306961769464
2006-12-19,0.35829306961769464
2006-12-20,0.35829306961769464
2006-12-21,4.199701440611687
2006-12-22,37.94315920107948
2006-12-23,1.285261792097207
2006-12-24,2.1053656460616415e-08
2006-12-25,18.745251886247665
2006-12-26,0.48141211874458506
2006-12-27,0.0014691155656421852
2006-12-28,0.0
2006-12-29,0.0
2006-12-30,0.07553697586463778
2006-12-31,27.058346437859182
2007-01-01,9.533925902821467
2007-01-02,0.0
2007-01-03,0.0
2007-01-04,1.4164723299595827
2007-01-05,28.59532231399802
2007-01-06,0.05900715946752727
2007-01-07,4.709501647029301
2007-01-08,8.077208783857698
2007-01-09,0.0
2007-01-10,0.0
2007-01-11,0.0
2007-01-12,1.823556886235824
2007-01-13,0.0
2007-01-14,0.14461606098242086
2007-01-15,1.2403270119862833
2007-01-16,14.222456671601972
2007-01-17,0.9503988194392816
2007-01-18,1.3452013575684565
2007-01-19,0.5892268627254913
2007-01-20,0.0
2007-01-21,18.425545018314672
2007-01-22,32.264358813777704
2007-01-23,0.007691020716926542
2007-01-24,0.0
2007-01-25,0.0
2007-01-26,0.0
2007-01-27,0.20703002248877603
2007-01-28,12.408655206993245
2007-01-29,0.0
2007-01-30,0.0007169640555341865
2007-01-31,0.0
2007-02-01,15.290612096268552
2007-02-02,1.043487505404493
2007-02-03,0.0
2007-02-04,0.0
2007-02-05,0.0
2007-02-06,0.0
2007-02-07,0.0009331149404432323
2007-02-08,0.002918986158689615
2007-02-09,2.6569714387847347
2007-02-10,0.03675445358338849
2007-02-11,0.0
2007-02-12,0.0
2007-02-13,15.120514653104888
2007-02-14,8.473281513003046
2007-02-15,0.0006718427012895299
2007-02-16,0.0
2007-02-17,0.028290598173515098
2007-02-18,0.07540178096710415
2007-02-19,0.0
2007-02-20,0.2886152889229457
2007-02-21,10.581282807341056
2007-02-22,0.08457747509734985
2007-02-23,0.0
2007-02-24,0.15070570853670007
2007-02-25,9.689561260307473
2007-02-26,0.09701966338988649
2007-02-27,0.09701966338988649
2007-02-28,0.09701966338988649
2007-03-01,19.53035026703293
2007-03-02,9.847753904706561
2007-03-03,0.0
2007-03-04,0.0
2007-03-05,0.0
2007-03-06,0.0
2007-03-07,0.0
2007-03-08,0.0
2007-03-09,0.0
2007-03-10,0.0
2007-03-11,0.00286293443932172
2007-03-12,0.00040179028074758746
2007-03-13,0.0
2007-03-14,0.0
2007-03-15,6.440138971455047
2007-03-16,13.456845892784836
2007-03-17,0.0
2007-03-18,0.0
2007-03-19,0.0
2007-03-20,0.0
2007-03-21,0.04134959656955106
2007-03-22,0.04134959656955106
2007-03-23,0.04134959656955106
2007-03-24,0.04134959656955106
2007-03-25,0.04134959656955106
2007-03-26,0.00636714168933623
2007-03-27,3.132985238229251
2007-03-28,0.07998669846987641
2007-03-29,4.546068337928282e-05
2007-03-30,0.0031073358794970456
2007-03-31,0.5136674807830416
2007-04-01,18.752160143358736
2007-04-02,5.5011671676783775
2007-04-03,3.2085181601465247
2007-04-04,4.72051680235745
2007-04-05,0.0
2007-04-06,0.0
2007-04-07,0.0
2007-04-08,0.0
2007-04-09,0.0
2007-04-10,0.0
2007-04-11,7.039471704951256
2007-04-12,3.5841952640610697
2007-04-13,0.0
2007-04-14,6.3476488082915035
2007-04-15,24.91892609210986
2007-04-16,0.0
2007-04-17,0.0
2007-04-18,0.9719603710138487
2007-04-19,0.0
2007-04-20,0.0
2007-04-21,0.0
2007-04-22,0.0
2007-04-23,0.0
2007-04-24,0.0
2007-04-25,0.0
2007-04-26,0.00014708725805279916
2007-04-27,3.188029221783553e-05
2007-04-28,9.295986469028699e-07
2007-04-29,0.0
2007-04-30,0.0
2007-05-01,0.0
2007-05-02,0.0
2007-05-03,0.15630300746947748
2007-05-04,0.0009953813060692579
2007-05-05,1.4583404676935627
2007-05-06,0.004099951077929536
2007-05-07,0.0
2007-05-08,0.0
2007-05-09,0.0
2007-05-10,0.0
2007-05-11,5.542151293966356
2007-05-12,2.6489424687645244
2007-05-13,0.15440438150547475
2007-05-14,0.13501772368456438
2007-05-15,0.014854456668691935
2007-05-16,1.915865856108492
2007-05-17,0.6905002143179658
2007-05-18,0.0
2007-05-19,0.0
2007-05-20,0.0
2007-05-21,0.0
2007-05-22,0.0
2007-05-23,0.31244118483356703
2007-05-24,0.1544425857202684
2007-05-25,0.383374547222693
2007-05-26,0.0
2007-05-27,0.0019887028199300797
2007-05-28,0.22259455982720677
2007-05-29,0.7451272840124243
2007-05-30,0.02455284387209534
2007-05-31,5.336775279060663e-06
2007-06-01,0.5972730483047356
2007-06-02,0.23392504337975023
2007-06-03,1.1903019416029608
2007-06-04,3.7167685620003423
2007-06-05,0.49298057354697683
2007-06-06,0.0
2007-06-07,2.1930071394018666
2007-06-08,16.525253758719863
2007-06-09,0.700795888023413
2007-06-10,0.0
2007-06-11,0.0016764503095071373
2007-06-12,2.148904457165033
2007-06-13,0.004393666295735877
2007-06-14,2.0108538948637324
2007-06-15,1.593599320975299
2007-06-16,0.393915265355891
2007-06-17,0.0001943222405023471
2007-06-18,0.0005447527199760863
2007-06-19,21.184542082604544
2007-06-20,0.7637145739631921
2007-06-21,0.0
2007-06-22,0.0
2007-06-23,0.0
2007-06-24,0.03336660450568787
2007-06-25,0.6421780495500233
2007-06-26,0.2298622749204136
2007-06-27,1.5053554249795271
2007-06-28,0.4767934178964923
2007-06-29,2.9718645852567067
2007-06-30,6.893287736817933
2007-07-01,2.827957814213048
2007-07-02,0.6861992653749966
2007-07-03,2.2991500462913472
2007-07-04,0.016463842879952888
2007-07-05,0.0002033827097038361
2007-07-06,0.5928024664357265
2007-07-07,9.612566930337225
2007-07-08,23.879674285778165
2007-07-09,3.3177418367837137
2007-07-10,4.251366286385555
2007-07-11,4.412934378673621
2007-07-12,0.09761309641546721
2007-07-13,1.3526704020497724
2007-07-14,2.5990788327046066
2007-07-15,1.8983213624616175
2007-07-16,0.29726726253601776
2007-07-17,0.5344693815125159
2007-07-18,2.1189969719492616
2007-07-19,1.9708202918957474
2007-07-20,5.229634160151389
2007-07-21,0.21219378732631453
2007-07-22,3.8398793073484434
2007-07-23,0.46878035690699943
2007-07-24,0.2071180653247472
2007-07-25,2.2074436254259306
2007-07-26,3.166589170457189
2007-07-27,5.547939271517975
2007-07-28,1.1854339958009108
2007-07-29,10.011606549075617
2007-07-30,0.8912092993737329
2007-07-31,3.2554152414697883
2007-08-01,0.8246910052554285
2007-08-02,0.3347217662426709
2007-08-03,0.3853000994689297
2007-08-04,0.1000153385715926
2007-08-05,1.4673790078215854
2007-08-06,1.6065395965199774
2007-08-07,0.6739249127469868
2007-08-08,1.4220276189925816
2007-08-09,1.0814069644174682
2007-08-10,0.3340016667987738
2007-08-11,0.0023223714006445884
2007-08-12,0.016043784884594174
2007-08-13,0.429812953995266
2007-08-14,2.1429399169460805e-06
2007-08-15,2.1429399169460805e-06
2007-08-16,0.011623413088756881
2007-08-17,0.7923647059531348
2007-08-18,10.44260653223438
2007-08-19,0.3923843668797587
2007-08-20,0.05948661678271197
2007-08-21,0.0003840954842293962
2007-08-22,0.0
2007-08-23,0.0244607112787441
2007-08-24,2.339194384545993
2007-08-25,0.833688345662732
2007-08-26,10.749836791279863
2007-08-27,7.625327428477729
2007-08-28,9.19384079870743
2007-08-29,6.204793615779757
2007-08-30,2.06352136483051
2007-08-31,8.840010702862157
2007-09-01,1.1308300000845104
2007-09-02,4.024062078819439
2007-09-03,0.01397709960676768
2007-09-04,0.059718924764230324
2007-09-05,0.0064999789535713755
2007-09-06,0.3352696598141935
2007-09-07,0.963241724927597
2007-09-08,0.001831321742904162
2007-09-09,0.00020648050070658661
2007-09-10,0.0
2007-09-11,0.9495754674381114
2007-09-12,5.180786761944002
2007-09-13,3.9343698196112125
2007-09-14,14.192503950246724
2007-09-15,0.11105164332571289
2007-09-16,0.0
2007-09-17,1.1688864869797428
2007-09-18,0.0
2007-09-19,0.0
2007-09-20,0.0
2007-09-21,0.3652790505530354
2007-09-22,0.3268172824188325
2007-09-23,0.355468960110016
2007-09-24,0.04777916575822702
2007-09-25,0.011816194635670168
2007-09-26,0.4549461964777134
2007-09-27,4.0575052415788075
2007-09-28,0.0018867066299781976
2007-09-29,0.0
2007-09-30,0.0
2007-10-01,0.0
2007-10-02,0.0
2007-10-03,0.04736508951509052
2007-10-04,0.2835115341385932
2007-10-05,0.19208635944226587
2007-10-06,0.16199270712943095
2007-10-07,0.1546943368300333
2007-10-08,0.18551825651748288
2007-10-09,1.6897817900162542
2007-10-10,0.004066693738682823
2007-10-11,0.0
2007-10-12,0.0
2007-10-13,0.0
2007-10-14,0.0
2007-10-15,1.4543762500266484
2007-10-16,0.06670150629241677
2007-10-17,0.5359263568768438
2007-10-18,3.5763794997683527
2007-10-19,11.437621943078536
2007-10-20,0.0
2007-10-21,0.0
2007-10-22,20.51696693768093
2007-10-23,17.425484904218912
2007-10-24,1.8873772835786307
2007-10-25,0.06708091773384223
2007-10-26,1.1316974679824852
2007-10-27,0.0
2007-10-28,0.0
2007-10-29,0.0
2007-10-30,0.0
2007-10-31,0.028122380140385605
2007-11-01,0.010148538151918327
2007-11-02,1.0670705813201793
2007-11-03,0.0
2007-11-04,0.0
2007-11-05,0.0
2007-11-06,0.05913739169545152
2007-11-07,0.0
2007-11-08,0.0
2007-11-09,0.0
2007-11-10,0.9892881902495765
2007-11-11,0.0
2007-11-12,0.0
2007-11-13,0.0
2007-11-14,0.9162063468268246
2007-11-15,6.960280382647537
2007-11-16,0.0
2007-11-17,0.0
2007-11-18,0.5942156072740944
2007-11-19,0.6659342927468032
2007-11-20,0.0
2007-11-21,0.8093494786777775
2007-11-22,5.169071521816397
2007-11-23,0.0
2007-11-24,0.47329721959387794
2007-11-25,0.5889692886521412
2007-11-26,43.250463953107705
2007-11-27,0.13749151495732106
2007-11-28,0.0
2007-11-29,0.0009525665448060428
2007-11-30,0.0
2007-12-01,0.0
2007-12-02,0.0
2007-12-03,0.0
2007-12-04,0.0
2007-12-05,0.0
2007-12-06,0.0
2007-12-07,0.0018119011516663712
2007-12-08,0.1471738126248229
2007-12-09,0.008050611778620861
2007-12-10,0.00012222564881537445
2007-12-11,0.0
2007-12-12,0.004910775447273744
2007-12-13,0.5589901918172083
2007-12-14,0.16000064826730312
2007-12-15,1.3032802186282824
2007-12-16,5.163855506209493
2007-12-17,0.0
2007-12-18,0.0
2007-12-19,2.0414722676578974
2007-12-20,11.987755781081152
2007-12-21,5.604838477968258
2007-12-22,0.31910733603613095
2007-12-23,3.427681559261429
2007-12-24,0.0
2007-12-25,7.497105951744079
2007-12-26,1.8356413425102063
2007-12-27,4.0941685243989445
2007-12-28,32.95712725945338
2007-12-29,10.23499425647981
2007-12-30,29.336424661096963
2007-12-31,0.0
2008-01-01,0.02667729463625158
2008-01-02,0.594284763393825
2008-01-03,0.02667729463625158
2008-01-04,0.02667729463625158
2008-01-05,0.02667729463625158
2008-01-06,0.00032113431220563173
2008-01-07,0.002538301457007011
2008-01-08,0.13225968704815644
2008-01-09,8.852679476716713
2008-01-10,6.194206615575167
2008-01-11,21.80566780244704
2008-01-12,0.0
2008-01-13,0.0
2008-01-14,0.0
2008-01-15,0.0
2008-01-16,17.083392142304497
2008-01-17,20.33849122914563
2008-01-18,0.12473356252508226
2008-01-19,13.518324573328847
2008-01-20,0.005226049225214579
2008-01-21,0.0
2008-01-22,1.8940001941510989
2008-01-23,2.484123133554548
2008-01-24,0.3751436938476698
2008-01-25,0.0
2008-01-26,7.283833430082303
2008-01-27,0.047082994250070044
2008-01-28,0.0
2008-01-29,0.04311910669329363
2008-01-30,15.677211494084364
2008-01-31,3.170934018727177
2008-02-01,22.192006045937227
2008-02-02,0.0
2008-02-03,0.4645459614179424
2008-02-04,1.6089304172250736
2008-02-05,0.5334550890252335
2008-02-06,11.830759566837392
2008-02-07,0.0
2008-02-08,0.0
2008-02-09,0.0
2008-02-10,0.0
2008-02-11,0.0
2008-02-12,0.4169356869896557
2008-02-13,14.349247433059425
2008-02-14,0.0
2008-02-15,0.5330581261695194
2008-02-16,2.198244848743727
2008-02-17,30.911974865929377
2008-02-18,2.598987555994
2008-02-19,0.0
2008-02-20,0.0
2008-02-21,27.57531932030066
2008-02-22,40.498483927917796
2008-02-23,0.4825751408609722
2008-02-24,0.039830642316182434
2008-02-25,0.0
2008-02-26,25.842266352573258
2008-02-27,0.11525086501636563
2008-02-28,0.0
2008-02-29,9.461070418199122e-06
2008-03-01,0.707587120524859
2008-03-02,0.0
2008-03-03,0.021868151240910228
2008-03-04,45.72515878755462
2008-03-05,0.0
2008-03-06,0.0
2008-03-07,17.382273539794156
2008-03-08,1.927904468218615
2008-03-09,0.0
2008-03-10,0.0
2008-03-11,0.29694202913420387
2008-03-12,0.0
2008-03-13,0.0
2008-03-14,6.1228827597346305
2008-03-15,7.0558195676590305
2008-03-16,0.051434448476330476
2008-03-17,0.0
2008-03-18,0.11004064787747203
2008-03-19,24.922920826739702
2008-03-20,1.021338477048431
2008-03-21,0.01772712555765248
2008-03-22,0.01772712555765248
2008-03-23,0.01772712555765248
2008-03-24,0.13134621313168712
2008-03-25,0.01772712555765248
2008-03-26,0.0
2008-03-27,0.0
2008-03-28,1.3292399966443038
2008-03-29,9.575746838802415
2008-03-30,2.145865626835423
2008-03-31,0.039817781345229265
2008-04-01,3.3663268796427346
2008-04-02,0.5239859299345321
2008-04-03,1.2475308112650334
2008-04-04,3.2085567277193037
2008-04-05,49.88283496278618
2008-04-06,0.0
2008-04-07,0.0
2008-04-08,0.0
2008-04-09,0.0
2008-04-10,0.0
2008-04-11,1.1500043104207562
2008-04-12,21.122678236883814
2008-04-13,2.2490316973422266
2008-04-14,2.9339440777358092
2008-04-15,0.00894098355353633
2008-04-16,0.0
2008-04-17,0.0
2008-04-18,0.0
2008-04-19,0.0
2008-04-20,0.0
2008-04-21,0.0
2008-04-22,0.0
2008-04-23,0.0
2008-04-24,0.0
2008-04-25,0.0
2008-04-26,2.729221684636582
2008-04-27,9.066201279757701
2008-04-28,10.73741728134704
2008-04-29,0.0
2008-04-30,0.0
2008-05-01,0.0
2008-05-02,0.0
2008-05-03,32.03903464302779
2008-05-04,1.487462616922843
2008-05-05,0.0
2008-05-06,0.0
2008-05-07,0.0
2008-05-08,0.6294259221145445
2008-05-09,11.828813585803822
2008-05-10,5.137190131078855
2008-05-11,16.631190053831098
2008-05-12,0.0
2008-05-13,0.0
2008-05-14,0.01977329656414249
2008-05-15,34.97985824690409
2008-05-16,6.365257148939401
2008-05-17,0.0
2008-05-18,0.6549103865492729
2008-05-19,0.2663680682663027
2008-05-20,3.4749474735841224
2008-05-21,5.096388542469064
2008-05-22,0.24315618895575086
2008-05-23,1.6915139941358155
2008-05-24,1.5143496383863073
2008-05-25,0.3632646176510565
2008-05-26,0.00894990162563282
2008-05-27,0.207581439734793
2008-05-28,0.27296606163988685
2008-05-29,0.4126607735565145
2008-05-30,0.01699673829981675
2008-05-31,0.0003794568507679515
2008-06-01,4.279059278595563
2008-06-02,4.438424036589504
2008-06-03,1.3541626909229836
2008-06-04,0.0
2008-06-05,0.0033156930282985963
2008-06-06,0.2613500501336364
2008-06-07,0.03713811357289599
2008-06-08,0.4535005497259468
2008-06-09,1.522847266048394
2008-06-10,3.2216508489505853
2008-06-11,1.2193680566981775
2008-06-12,2.1710787555696958
2008-06-13,6.735152520205279
2008-06-14,11.146963854853263
2008-06-15,1.6413549011405204
2008-06-16,0.0007502762104722115
2008-06-17,1.4530971301697946
2008-06-18,0.0
2008-06-19,0.0
2008-06-20,0.0
2008-06-21,0.31936958675629734
2008-06-22,0.21781550064373736
2008-06-23,0.0
2008-06-24,8.455584324033587e-05
2008-06-25,0.05575343897752976
2008-06-26,4.102915066178083
2008-06-27,5.843260395746831
2008-06-28,5.10617449648228
2008-06-29,13.316696444540987
2008-06-30,5.8858668179070985
2008-07-01,0.0
2008-07-02,0.0
2008-07-03,5.051164603498407
2008-07-04,1.7006894366796748
2008-07-05,6.597391664995177
2008-07-06,6.635702960437528
2008-07-07,0.8054765239749335
2008-07-08,2.9380218073398066
2008-07-09,0.8998489641090804
2008-07-10,4.425093355879575
2008-07-11,15.464135364912915
2008-07-12,10.770620834620425
2008-07-13,21.6676391991694
2008-07-14,0.9394860794876262
2008-07-15,0.19308632351354799
2008-07-16,0.3011347349584147
2008-07-17,0.0025170156469649842
2008-07-18,0.003331881501286316
2008-07-19,0.0
2008-07-20,0.0
2008-07-21,2.3761789373828197
2008-07-22,20.789465959980436
2008-07-23,20.3536110383762
2008-07-24,14.367273709715917
2008-07-25,0.25198936172582276
2008-07-26,3.324484225422856
2008-07-27,4.903570454782896
2008-07-28,0.48665153244049375
2008-07-29,2.7350980482399057
2008-07-30,5.043535614458882
2008-07-31,5.73191973744676
2008-08-01,18.94358456437512
2008-08-02,1.8261080327089196
2008-08-03,8.233636832486345
2008-08-04,5.507599153836901
2008-08-05,0.24965272701838848
2008-08-06,0.627761939059587
2008-08-07,5.535552155271086
2008-08-08,0.24913212000092635
2008-08-09,0.0
2008-08-10,0.0
2008-08-11,0.049047890519703645
2008-08-12,9.88039334560236
2008-08-13,24.60441691582948
2008-08-14,0.09132178105864557
2008-08-15,0.0
2008-08-16,0.0
2008-08-17,0.0
2008-08-18,0.0
2008-08-19,0.0
2008-08-20,0.0
2008-08-21,4.153064571978843
2008-08-22,0.3716241700766971
2008-08-23,25.033493304358988
2008-08-24,81.62905005708824
2008-08-25,21.763302421119388
2008-08-26,17.657380934961868
2008-08-27,1.229197926094757
2008-08-28,0.40597669988729884
2008-08-29,0.01415919129134351
2008-08-30,0.21679377343594036
2008-08-31,0.5015933370573549
2008-09-01,0.8700532663937521
2008-09-02,1.359098086884836
2008-09-03,0.007758556159172621
2008-09-04,0.06738010202737629
2008-09-05,0.049218558483416365
2008-09-06,4.091395628905047
2008-09-07,0.08546385788718444
2008-09-08,14.677008926177574
2008-09-09,2.9454886011537913
2008-09-10,4.841720762072095
2008-09-11,0.3116635597561815
2008-09-12,0.3402528270651153
2008-09-13,0.08924699601310251
2008-09-14,0.006487210020019847
2008-09-15,1.6656471527000474
2008-09-16,4.4960225398896695e-07
2008-09-17,0.7587786082225906
2008-09-18,0.25405731123895103
2008-09-19,0.021022607938601424
2008-09-20,0.10519517367047321
2008-09-21,0.7909016588658497
2008-09-22,0.05939681575136542
2008-09-23,0.0
2008-09-24,0.0
2008-09-25,0.0
2008-09-26,0.0
2008-09-27,0.05658025915291049
2008-09-28,0.12034290892418671
2008-09-29,0.0
2008-09-30,0.0
2008-10-01,0.0
2008-10-02,0.5195123398608283
2008-10-03,0.0
2008-10-04,0.0
2008-10-05,0.0
2008-10-06,0.0
2008-10-07,0.8545040047835765
2008-10-08,30.06122712247421
2008-10-09,0.8052720357590991
2008-10-10,0.48255806865068157
2008-10-11,0.9945538760131878
2008-10-12,0.599017021224059
2008-10-13,1.8558463869552007
2008-10-14,0.0
2008-10-15,0.0
2008-10-16,0.0002904586840825805
2008-10-17,12.364033899515125
2008-10-18,0.015576959024962603
2008-10-19,0.0
2008-10-20,0.0
2008-10-21,6.425973162072592e-08
2008-10-22,0.0
2008-10-23,0.002779272147913643
2008-10-24,37.95331555353703
2008-10-25,0.014650698544299508
2008-10-26,0.24916000140803202
2008-10-27,0.24916000140803202
2008-10-28,0.24916000140803202
2008-10-29,0.24916000140803202
2008-10-30,0.24916000140803202
2008-10-31,0.24916000140803202
2008-11-01,0.2142101599293134
2008-11-02,0.2142101599293134
2008-11-03,0.21423041314745792
2008-11-04,0.2142101599293134
2008-11-05,0.2142101599293134
2008-11-06,0.0
2008-11-07,1.7862789348013788
2008-11-08,0.03358475796505741
2008-11-09,0.0
2008-11-10,0.0
2008-11-11,0.0
2008-11-12,0.01712902559517547
2008-11-13,3.6907850955202086
2008-11-14,1.6098021714385173
2008-11-15,10.420947289345857
2008-11-16,0.8488921840976626
2008-11-17,0.1023324605894486
2008-11-18,0.1023324605894486
2008-11-19,0.1023324605894486
2008-11-20,0.1023324605894486
2008-11-21,0.0
2008-11-22,0.0
2008-11-23,0.007419957278895919
2008-11-24,5.407718573935423
2008-11-25,4.819849962709703
2008-11-26,0.0
2008-11-27,0.0
2008-11-28,3.3452447187954277
2008-11-29,30.744452895447456
2008-11-30,15.108236385187778
2008-12-01,0.04340636606212331
2008-12-02,0.0
2008-12-03,0.0
2008-12-04,0.2192937141129541
2008-12-05,0.00012139075913755731
2008-12-06,0.1348760832703218
2008-12-07,0.0
2008-12-08,0.0
2008-12-09,0.04182005872613929
2008-12-10,64.58803947202678
2008-12-11,91.68635174222969
2008-12-12,0.5715651045339665
2008-12-13,0.0
2008-12-14,0.30551903486825227
2008-12-15,5.053179829878954
2008-12-16,2.6268766558152645
2008-12-17,5.506033457635329
2008-12-18,0.7377080649955299
2008-12-19,0.8510190618108866
2008-12-20,1.1523016884808557
2008-12-21,0.3789567263779019
2008-12-22,0.0
2008-12-23,0.0
2008-12-24,0.2144686493797362
2008-12-25,0.4816074616895509
2008-12-26,0.008852797925828427
2008-12-27,0.004355677253714322
2008-12-28,0.06846044233024054
2008-12-29,0.014389845323043994
2008-12-30,0.0
2008-12-31,0.0
2009-01-01,0.0
2009-01-02,3.9625975279193195
2009-01-03,6.82719798526662
2009-01-04,21.300717892225503
2009-01-05,8.558980182323896
2009-01-06,7.755496267290117
2009-01-07,18.04136150214686
2009-01-08,0.0
2009-01-09,0.0
2009-01-10,1.2660670138105459
2009-01-11,16.75324340201728
2009-01-12,0.0
2009-01-13,0.564759090410398
2009-01-14,0.0015482778716470334
2009-01-15,0.0
2009-01-16,0.0
2009-01-17,0.03151117566928221
2009-01-18,5.123083999128353
2009-01-19,0.014160063994807513
2009-01-20,0.06484403245654186
2009-01-21,0.0
2009-01-22,0.0
2009-01-23,0.00021964395182876993
2009-01-24,3.051118807543969
2009-01-25,1.4080173627705013e-08
2009-01-26,0.06212263564050837
2009-01-27,0.0022282698437863786
2009-01-28,1.959125236248772
2009-01-29,0.10823126836889137
2009-01-30,0.00282017037073452
2009-01-31,0.0
2009-02-01,0.0
2009-02-02,14.262701388426995
2009-02-03,0.1749224233955856
2009-02-04,0.019472210419832003
2009-02-05,0.0
2009-02-06,0.19512430267253159
2009-02-07,0.19512430267253159
2009-02-08,1.410172364403995
2009-02-09,0.19512430267253159
2009-02-10,0.19512430267253159
2009-02-11,1.6272287731060977
2009-02-12,0.05729745563472767
2009-02-13,0.2042614918753302
2009-02-14,8.395995145685443
2009-02-15,0.013821219173898475
2009-02-16,0.0
2009-02-17,0.6894318666842223
2009-02-18,14.10312237851927
2009-02-19,14.070474075251877
2009-02-20,0.0
2009-02-21,0.0
2009-02-22,0.08399660371094422
2009-02-23,0.0
2009-02-24,0.005362095639504128
2009-02-25,0.01819031057655506
2009-02-26,0.1907427887912792
2009-02-27,25.828786592539114
2009-02-28,54.44009711871687
2009-03-01,0.0
2009-03-02,0.0
2009-03-03,0.0
2009-03-04,0.0
2009-03-05,0.0
2009-03-06,0.0
2009-03-07,0.0
2009-03-08,0.0
2009-03-09,0.0
2009-03-10,0.0
2009-03-11,0.22997928875084786
2009-03-12,0.00026987230941770657
2009-03-13,2.47084408490025
2009-03-14,8.052031290621269
2009-03-15,31.06460424620345
2009-03-16,37.05325417996762
2009-03-17,1.0350235085272574
2009-03-18,0.0
2009-03-19,0.0
2009-03-20,0.0
2009-03-21,0.0
2009-03-22,0.0
2009-03-23,0.0
2009-03-24,0.3525867134248153
2009-03-25,13.349336093894099
2009-03-26,41.39970131593195
2009-03-27,61.17575441565621
2009-03-28,15.624799198674637
2009-03-29,0.6674578658991714
2009-03-30,0.0
2009-03-31,6.301978727167022
2009-04-01,3.6838218150125104
2009-04-02,9.1640788154993
2009-04-03,4.74907495404323
2009-04-04,0.0
2009-04-05,18.128187338420403
2009-04-06,0.10474491365338497
2009-04-07,0.11214975268218767
2009-04-08,0.0
2009-04-09,0.0
2009-04-10,1.5255409250647152
2009-04-11,15.902981436771329
2009-04-12,0.1671578915906925
2009-04-13,38.470483930919194
2009-04-14,4.0101076076765905
2009-04-15,0.000868883145265236
2009-04-16,0.0
2009-04-17,0.0
2009-04-18,0.0
2009-04-19,8.934568505711951
2009-04-20,12.813327023772962
2009-04-21,0.0
2009-04-22,0.0
2009-04-23,0.0
2009-04-24,0.0
2009-04-25,0.0
2009-04-26,0.0
2009-04-27,0.0
2009-04-28,0.0
2009-04-29,0.0
2009-04-30,0.0
2009-05-01,1.097848126208818
2009-05-02,0.9387377842175433
2009-05-03,0.14968838583730473
2009-05-04,33.445266963870644
2009-05-05,1.6709099042243476
2009-05-06,14.735480108164579
2009-05-07,18.892370781569497
2009-05-08,0.5463422500561887
2009-05-09,1.6945923941181824
2009-05-10,10.450418521614948
2009-05-11,8.335089817188488
2009-05-12,2.745890246909193
2009-05-13,8.044684501664076
2009-05-14,0.6753181901345856
2009-05-15,2.0004493326452066
2009-05-16,18.271279913140518
2009-05-17,19.594242115084683
2009-05-18,0.6290832640414281
2009-05-19,0.0
2009-05-20,0.00047886473218169403
2009-05-21,1.4308792263869066
2009-05-22,4.242990868848889
2009-05-23,4.316547190961662
2009-05-24,6.391021816258099
2009-05-25,3.4716928328187637
2009-05-26,4.317599753977664
2009-05-27,6.370350434732251
2009-05-28,1.701346648621137
2009-05-29,1.4544371163876435
2009-05-30,0.0
2009-05-31,0.1189503096319703
2009-06-01,0.022434939858932385
2009-06-02,0.5032096516879988
2009-06-03,0.5853072039993222
2009-06-04,11.885759097141447
2009-06-05,4.320490164295682
2009-06-06,0.13684458283255613
2009-06-07,0.5896656772545721
2009-06-08,0.2553163628731856
2009-06-09,0.0
2009-06-10,2.2625064760241473
2009-06-11,1.0593078305211852
2009-06-12,19.911772737921755
2009-06-13,3.471164728220985
2009-06-14,2.1613510512784853
2009-06-15,4.490244048574004
2009-06-16,4.164988288277224
2009-06-17,5.071589310877208
2009-06-18,3.0512170135659047
2009-06-19,0.41669262250601974
2009-06-20,0.0
2009-06-21,0.0
2009-06-22,0.0384957969869946
2009-06-23,0.28442898611137674
2009-06-24,2.47119282881231e-06
2009-06-25,0.26545407902304824
2009-06-26,1.3264692467741261
2009-06-27,0.005440206294682945
2009-06-28,0.08829374439669832
2009-06-29,6.585022181205104
2009-06-30,0.0
2009-07-01,0.021706247350027488
2009-07-02,0.0
2009-07-03,0.0
2009-07-04,0.0
2009-07-05,7.239410937110068
2009-07-06,16.137641083034733
2009-07-07,1.6794019664886426
2009-07-08,1.0394921020788328
2009-07-09,0.2400756958772323
2009-07-10,0.36355806809628466
2009-07-11,0.2863756923765764
2009-07-12,5.29322767321789
2009-07-13,28.553394827417197
2009-07-14,0.8060681133227227
2009-07-15,4.6816549694749074
2009-07-16,1.4918787756251561
2009-07-17,8.3496378425826
2009-07-18,0.0005113461468944986
2009-07-19,0.0033823648318720523
2009-07-20,0.0
2009-07-21,0.0
2009-07-22,2.6801723458109965
2009-07-23,3.1207811291842646
2009-07-24,0.02198993024861152
2009-07-25,0.00033093901857377575
2009-07-26,0.0017587944872206696
2009-07-27,2.8798281580352953
2009-07-28,14.007104727677318
2009-07-29,19.5642473567503
2009-07-30,18.129863367112698
2009-07-31,23.002601070758548
2009-08-01,3.4437860987989306
2009-08-02,12.487761250708433
2009-08-03,1.2842143412073788
2009-08-04,1.66768542013237
2009-08-05,1.5645248609198925
2009-08-06,0.05459712815877691
2009-08-07,0.01059208197420301
2009-08-08,1.7800127752411428
2009-08-09,1.4848337281119777
2009-08-10,3.6421528106617447
2009-08-11,0.7175040180871313
2009-08-12,9.13204370552539
2009-08-13,0.5980515858923805
2009-08-14,0.16529980808388897
2009-08-15,0.2398202884964593
2009-08-16,1.1404294070928802
2009-08-17,6.184357739785454
2009-08-18,0.7968157915756356
2009-08-19,1.904741686767266
2009-08-20,3.5331748813670463
2009-08-21,12.114574005734767
2009-08-22,4.320780622264941
2009-08-23,0.7486437858726306
2009-08-24,0.8631645280704768
2009-08-25,0.0
2009-08-26,0.19771757781656257
2009-08-27,3.6344111077133094
2009-08-28,33.2737288509367
2009-08-29,0.849922222720664
2009-08-30,35.85374479050437
2009-08-31,19.225358134872835
2009-09-01,5.197988026672544
2009-09-02,4.607885328968878
2009-09-03,0.6666015148704408
2009-09-04,1.5486617691725677
2009-09-05,2.985445955000582
2009-09-06,0.19208737154936736
2009-09-07,1.6131374757431014
2009-09-08,0.2702768081823527
2009-09-09,3.004863047033956
2009-09-10,4.3142157025082355
2009-09-11,6.787522083853538
2009-09-12,0.04774631334983662
2009-09-13,1.3465728485165607
2009-09-14,1.8385504091486966
2009-09-15,12.861075262871914
2009-09-16,25.37604220069869
2009-09-17,38.17434413393007
2009-09-18,19.52590629653732
2009-09-19,17.393602812439912
2009-09-20,12.101226743667679
2009-09-21,21.502719303551668
2009-09-22,20.28894498879558
2009-09-23,0.03117940696291506
2009-09-24,0.9316723664667126
2009-09-25,1.9684324033009353
2009-09-26,23.25191884251667
2009-09-27,2.484095297041275
2009-09-28,0.7523715243692941
2009-09-29,0.0
2009-09-30,0.0
2009-10-01,0.0
2009-10-02,3.379892692948923
2009-10-03,0.0002802246433371351
2009-10-04,2.6704429464697905
2009-10-05,31.298003797610388
2009-10-06,2.3304204806771933
2009-10-07,8.412510735992488
2009-10-08,0.09383719188348316
2009-10-09,4.1344114082553745
2009-10-10,10.529073312026602
2009-10-11,0.03761896571602902
2009-10-12,32.860977491886075
2009-10-13,6.80556252458924
2009-10-14,42.13605608681417
2009-10-15,4.686250477637486
2009-10-16,0.0
2009-10-17,0.0
2009-10-18,0.0
2009-10-19,0.0
2009-10-20,0.0
2009-10-21,0.0
2009-10-22,0.646366648445913
2009-10-23,16.72068126633737
2009-10-24,0.09623496014871433
2009-10-25,0.0
2009-10-26,0.001087239674898317
2009-10-27,21.325042051975448
2009-10-28,0.24495111043486667
2009-10-29,0.4783260172977902
2009-10-30,0.36499726386731146
2009-10-31,14.754975848835889
2009-11-01,1.386572341758167
2009-11-02,0.2741921985174234
2009-11-03,0.2741921985174234
2009-11-04,0.2741921985174234
2009-11-05,0.2741921985174234
2009-11-06,0.0
2009-11-07,0.0
2009-11-08,0.0
2009-11-09,0.23951139326151002
2009-11-10,67.64121241956104
2009-11-11,57.885270176537645
2009-11-12,4.111719694143381e-06
2009-11-13,0.0
2009-11-14,0.0
2009-11-15,0.0
2009-11-16,1.3457811808345593e-06
2009-11-17,2.104230495246167
2009-11-18,0.013658766877028855
2009-11-19,0.0
2009-11-20,0.0
2009-11-21,0.00035967611572770093
2009-11-22,20.0686012791534
2009-11-23,0.5998327348803925
2009-11-24,0.6290816251860094
2009-11-25,0.11500792017921459
2009-11-26,0.0
2009-11-27,0.0
2009-11-28,0.0
2009-11-29,0.0038817426987318706
2009-11-30,1.6220851450888776
2009-12-01,0.02224824636012699
2009-12-02,68.56555626695797
2009-12-03,0.3177724559406031
2009-12-04,0.0077929530484504225
2009-12-05,2.6035076944061446
2009-12-06,0.0
2009-12-07,0.7220129950617099
2009-12-08,11.551128225506984
2009-12-09,24.539163941812273
2009-12-10,0.0
2009-12-11,0.0
2009-12-12,7.962381623357033
2009-12-13,18.80581641723644
2009-12-14,7.155600997074555
2009-12-15,19.983232278246764
2009-12-16,0.0
2009-12-17,0.0
2009-12-18,75.45027658755689
2009-12-19,0.08412768428441035
2009-12-20,0.002909187298154207
2009-12-21,0.0
2009-12-22,0.0
2009-12-23,0.0
2009-12-24,3.837978848962969
2009-12-25,27.3355948912016
2009-12-26,0.0
2009-12-27,0.0013358091030276607
2009-12-28,0.0010119365765438389
2009-12-29,0.0
2009-12-30,2.120764420814927
2009-12-31,14.271698873034213
2010-01-01,0.0
2010-01-02,0.0
2010-01-03,0.0
2010-01-04,0.0
2010-01-05,0.0
2010-01-06,0.0
2010-01-07,0.9235580182207318
2010-01-08,0.6685622947807937
2010-01-09,0.0
2010-01-10,0.0002005606109422007
2010-01-11,0.1974908141238686
2010-01-12,0.1974908141238686
2010-01-13,0.1974908141238686
2010-01-14,0.1974908141238686
2010-01-15,0.1974908141238686
2010-01-16,11.56467064273083
2010-01-17,32.11809460268471
2010-01-18,0.1413113485256076
2010-01-19,0.0
2010-01-20,0.06376026120336897
2010-01-21,33.33455224851012
2010-01-22,0.9038851275187422
2010-01-23,0.17737503952986847
2010-01-24,67.35164295269354
2010-01-25,0.8040615642758224
2010-01-26,7.786239948262519e-06
2010-01-27,0.0
2010-01-28,0.0
2010-01-29,3.8646657155687634
2010-01-30,24.526416987512043
2010-01-31,0.021266180556580742
2010-02-01,0.07317414979403784
2010-02-02,5.424451767313012
2010-02-03,0.0006375714646886467
2010-02-04,7.65912726508488
2010-02-05,60.509150975121955
2010-02-06,1.3442633715960743
2010-02-07,0.0009725725870882942
2010-02-08,0.0
2010-02-09,11.791566959827303
2010-02-10,0.004414643238882011
2010-02-11,0.0
2010-02-12,10.906477296783319
2010-02-13,0.34031780248850496
2010-02-14,0.002479870390947416
2010-02-15,8.429097068471302
2010-02-16,0.36087431247844615
2010-02-17,0.0
2010-02-18,0.0
2010-02-19,0.0
2010-02-20,0.0
2010-02-21,0.0
2010-02-22,18.25597788385373
2010-02-23,0.017476160753743773
2010-02-24,1.0094136818166501
2010-02-25,0.0
2010-02-26,0.03320973811102865
2010-02-27,0.07519758781724706
2010-02-28,0.03320973811102865
2010-03-01,0.1462099921695398
2010-03-02,34.090486868989565
2010-03-03,0.6941960750223776
2010-03-04,0.009682983543097677
2010-03-05,0.0
2010-03-06,0.0
2010-03-07,0.0
2010-03-08,0.0
2010-03-09,0.1548944293272813
2010-03-10,59.64819393881963
2010-03-11,26.889614768753226
2010-03-12,41.091938069496265
2010-03-13,4.6973178004095155
2010-03-14,0.8796726625028849
2010-03-15,1.786835785319638
2010-03-16,0.0
2010-03-17,2.8123759665031436
2010-03-18,3.833834931437185
2010-03-19,0.0
2010-03-20,0.0
2010-03-21,9.771131340474398
2010-03-22,1.6062563568269521
2010-03-23,0.07271577491931923
2010-03-24,0.0
2010-03-25,2.243111043389805
2010-03-26,0.016599891124766994
2010-03-27,1.112757306263906e-06
2010-03-28,0.02033568055259638
2010-03-29,0.001118902840347614
2010-03-30,0.0
2010-03-31,0.0
2010-04-01,0.0
2010-04-02,0.0
2010-04-03,2.480431488502299
2010-04-04,0.1325542312427438
2010-04-05,0.0
2010-04-06,0.0
2010-04-07,0.0005253599463391108
2010-04-08,18.055891870760462
2010-04-09,0.004440027095856728
2010-04-10,0.0
2010-04-11,0.0
2010-04-12,0.0
2010-04-13,0.0
2010-04-14,0.0
2010-04-15,0.0
2010-04-16,0.0
2010-04-17,0.0
2010-04-18,0.0
2010-04-19,0.0
2010-04-20,0.0
2010-04-21,0.0
2010-04-22,0.0
2010-04-23,0.0
2010-04-24,25.119087816185065
2010-04-25,16.08845052897339
2010-04-26,0.0
2010-04-27,0.0
2010-04-28,0.0
2010-04-29,0.0
2010-04-30,0.0
2010-05-01,4.120475051172669
2010-05-02,0.7768914357277166
2010-05-03,83.05026653625077
2010-05-04,0.03750790384023935
2010-05-05,0.0
2010-05-06,1.9204355488724146e-07
2010-05-07,0.0
2010-05-08,1.7018852750442764e-05
2010-05-09,3.2984378021765164e-05
2010-05-10,0.002874369380614933
2010-05-11,1.1774249571773487
2010-05-12,0.40625113023342174
2010-05-13,0.0006783810630497788
2010-05-14,0.5062521395388418
2010-05-15,0.22835426186919605
2010-05-16,0.9530665148712371
2010-05-17,5.9872104718104096
2010-05-18,0.6424671694698848
2010-05-19,0.0
2010-05-20,0.07505304224681385
2010-05-21,27.820406002635202
2010-05-22,3.4658838478449483
2010-05-23,0.0057210922450983085
2010-05-24,0.3869970508564865
2010-05-25,0.9150809301886081
2010-05-26,0.08096267411501608
2010-05-27,0.016180013582311845
2010-05-28,2.544424592489685
2010-05-29,13.440283258912615
2010-05-30,5.724813861214158
2010-05-31,9.11684398172692
2010-06-01,7.879691037035049
2010-06-02,14.38513739324504
2010-06-03,5.937573627797077
2010-06-04,1.6425268652683005
2010-06-05,6.283238361036831
2010-06-06,4.954208834800234
2010-06-07,0.18789060053280468
2010-06-08,0.0
2010-06-09,0.22881918469386173
2010-06-10,1.6367683146195973
2010-06-11,0.3280405735846557
2010-06-12,0.00015408031661648153
2010-06-13,0.5188885604825931
2010-06-14,1.5852637884775012
2010-06-15,4.517358710877049
2010-06-16,10.143609898162392
2010-06-17,0.20104140566716366
2010-06-18,0.2452905830883857
2010-06-19,2.0968735566468015
2010-06-20,2.8771316242390617
2010-06-21,0.22572416782954685
2010-06-22,0.5857157115186232
2010-06-23,0.14603164559673695
2010-06-24,0.22610388645726076
2010-06-25,1.7524258231654317
2010-06-26,3.998800118449475
2010-06-27,0.32537225275172754
2010-06-28,2.4176437329497347
2010-06-29,1.5646810708985877
2010-06-30,14.593797385796618
2010-07-01,3.593700891327471
2010-07-02,0.5200248054099004
2010-07-03,0.003569342050994478
2010-07-04,0.0
2010-07-05,0.0831917784939772
2010-07-06,0.009549396431650896
2010-07-07,0.01584521417409508
2010-07-08,0.0132844567917543
2010-07-09,0.06260912173619201
2010-07-10,1.030626577110755
2010-07-11,0.36935109679127925
2010-07-12,0.44001507571140086
2010-07-13,0.9700391662156482
2010-07-14,0.5631397062882075
2010-07-15,0.0038105812019715926
2010-07-16,12.157921752667457
2010-07-17,1.2232851123762438
2010-07-18,12.731672482524056
2010-07-19,8.903014309829114
2010-07-20,0.5601130520354909
2010-07-21,0.9697396311217865
2010-07-22,0.08947496390937838
2010-07-23,0.13617883092939637
2010-07-24,2.6429653562288937
2010-07-25,0.309795454205733
2010-07-26,2.8779477151239257
2010-07-27,7.351925445706101
2010-07-28,1.2831238315285902
2010-07-29,0.20093493869245957
2010-07-30,0.13799961721900783
2010-07-31,0.23815987803820832
2010-08-01,0.9216084775961537
2010-08-02,1.645550241401196
2010-08-03,2.8497034671739363
2010-08-04,4.124891589595507
2010-08-05,2.9336454741699964
2010-08-06,10.04997401905549
2010-08-07,2.542474510522705
2010-08-08,2.2067467054105783
2010-08-09,0.20055551238661667
2010-08-10,0.0030682805623422843
2010-08-11,0.032738435778293974
2010-08-12,2.3773799787150702
2010-08-13,9.740327763314959
2010-08-14,36.29411102814452
2010-08-15,4.945069938635928
2010-08-16,8.096137952476033
2010-08-17,0.7645594202624715
2010-08-18,1.2979318354226383
2010-08-19,2.134192221262696
2010-08-20,13.388672368245219
2010-08-21,2.65473085028034
2010-08-22,4.208584739118623
2010-08-23,0.1465320691554819
2010-08-24,0.0
2010-08-25,0.001368476121271595
2010-08-26,0.056416832424889665
2010-08-27,0.6586710323393622
2010-08-28,1.717004526627624
2010-08-29,4.2619567493323025
2010-08-30,0.14032460071400563
2010-08-31,0.02375378702182114
2010-09-01,0.2704551204769983
2010-09-02,0.2704551204769983
2010-09-03,0.2704551204769983
2010-09-04,0.2704551204769983
2010-09-05,0.2704551204769983
2010-09-06,0.0
2010-09-07,0.0
2010-09-08,0.1697521628464355
2010-09-09,0.777368620948955
2010-09-10,0.01855981709544648
2010-09-11,1.4462005437257757
2010-09-12,0.16460948648655183
2010-09-13,0.0
2010-09-14,0.0
2010-09-15,0.0
2010-09-16,0.15654097082010757
2010-09-17,0.43344469100844046
2010-09-18,0.21316365224188097
2010-09-19,0.0031120696529698655
2010-09-20,0.016261794852237835
2010-09-21,0.23263851035070057
2010-09-22,0.8183342083504631
2010-09-23,0.0
2010-09-24,0.019239420370882963
2010-09-25,0.07419035976845174
2010-09-26,13.79516602256073
2010-09-27,8.492705477906958
2010-09-28,0.01159436461015072
2010-09-29,0.0
2010-09-30,0.0
2010-10-01,0.08565235060264725
2010-10-02,0.08565235060264725
2010-10-03,0.08565235060264725
2010-10-04,0.08565235060264725
2010-10-05,0.08565235060264725
2010-10-06,0.28580407985730594
2010-10-07,0.28580407985730594
2010-10-08,0.28580407985730594
2010-10-09,0.28580407985730594
2010-10-10,0.28580407985730594
2010-10-11,0.0
2010-10-12,0.1280378705355557
2010-10-13,3.2106431905679313
2010-10-14,0.004684565024550884
2010-10-15,0.0
2010-10-16,0.0
2010-10-17,0.0
2010-10-18,0.0
2010-10-19,0.0
2010-10-20,2.723792392600843
2010-10-21,0.0
2010-10-22,0.0
2010-10-23,0.0
2010-10-24,0.0
2010-10-25,22.949488310058474
2010-10-26,6.561298223588583
2010-10-27,42.50023541318867
2010-10-28,27.17296576054898
2010-10-29,0.0
2010-10-30,0.0
2010-10-31,0.0
2010-11-01,0.0
2010-11-02,0.045145887743565136
2010-11-03,3.274029879032293
2010-11-04,5.714081441178383
2010-11-05,0.9855179321488079
2010-11-06,0.4835324573999477
2010-11-07,0.17231170372424404
2010-11-08,0.17231170372424404
2010-11-09,0.17231170372424404
2010-11-10,0.17231170372424404
2010-11-11,0.0
2010-11-12,0.0
2010-11-13,0.0
2010-11-14,0.6924224600834675
2010-11-15,36.67896025056201
2010-11-16,33.98903774758906
2010-11-17,0.12395798150915929
2010-11-18,0.0
2010-11-19,1.5524205295707604e-07
2010-11-20,0.0
2010-11-21,8.437646892478499e-06
2010-11-22,0.0373898904262614
2010-11-23,7.2263166698129755
2010-11-24,1.6196233334928638
2010-11-25,0.028878885166023785
2010-11-26,6.043738369700941
2010-11-27,0.16909049512302926
2010-11-28,0.0
2010-11-29,1.4674879911035725
2010-11-30,10.59089695977999
2010-12-01,0.0
2010-12-02,0.0
2010-12-03,0.0
2010-12-04,0.0
2010-12-05,0.0
2010-12-06,0.0
2010-12-07,0.0
2010-12-08,6.212029432592688
2010-12-09,0.008652877683635696
2010-12-10,0.0
2010-12-11,1.6944618149581794
2010-12-12,51.60504193064035
2010-12-13,0.20150166429312222
2010-12-14,0.0
2010-12-15,5.232817815380525
2010-12-16,0.0
2010-12-17,0.0
2010-12-18,0.0
2010-12-19,0.0
2010-12-20,0.0
2010-12-21,0.015655348166548254
2010-12-22,0.0461810207465196
2010-12-23,0.0
2010-12-24,0.0
2010-12-25,0.1506212922652623
2010-12-26,5.359875866937107
2010-12-27,0.018472206509401023
2010-12-28,0.0
2010-12-29,0.0
2010-12-30,6.174231262955416
2010-12-31,0.15427055323331013
2011-01-01,29.22768719985109
2011-01-02,0.5064059204789297
2011-01-03,0.0
2011-01-04,0.0
2011-01-05,16.97309354219166
2011-01-06,0.44988373994470415
2011-01-07,0.0
2011-01-08,0.0
2011-01-09,0.16965826368625392
2011-01-10,14.825283129096404
2011-01-11,1.4992535847636694
2011-01-12,0.012150723315406483
2011-01-13,0.0
2011-01-14,0.0
2011-01-15,0.0
2011-01-16,0.003283098972589308
2011-01-17,0.0009202776528533563
2011-01-18,2.3197172681684237
2011-01-19,7.6712673087148255
2011-01-20,0.08689081135559669
2011-01-21,0.008714464700014406
2011-01-22,0.00014191164653287259
2011-01-23,0.0
2011-01-24,0.0
2011-01-25,0.3002108103171955
2011-01-26,10.596657894537914
2011-01-27,0.0
2011-01-28,0.0
2011-01-29,0.0
2011-01-30,8.217916650103966e-07
2011-01-31,3.3974364087670694
2011-02-01,12.84681248113991
2011-02-02,21.484832003688243
2011-02-03,7.119306478363388
2011-02-04,45.596836238225514
2011-02-05,4.606516925649162
2011-02-06,0.0
2011-02-07,5.579049542539383
2011-02-08,0.2540814654713156
2011-02-09,0.0
2011-02-10,9.946901969603227
2011-02-11,0.0
2011-02-12,0.0
2011-02-13,0.0
2011-02-14,0.0
2011-02-15,0.0
2011-02-16,0.0
2011-02-17,0.0
2011-02-18,0.0
2011-02-19,0.16624784044135277
2011-02-20,0.21461439328446433
2011-02-21,0.002984295533827309
2011-02-22,0.0008084609602356843
2011-02-23,0.0
2011-02-24,0.0033964616181745523
2011-02-25,0.7654121702470486
2011-02-26,0.0
2011-02-27,0.09752767295210217
2011-02-28,3.764161238278262
2011-03-01,15.44518809069409
2011-03-02,0.0
2011-03-03,0.0
2011-03-04,0.005983445570344397
2011-03-05,28.891560378636708
2011-03-06,76.68993600675394
2011-03-07,0.0
2011-03-08,0.0008369030349314272
2011-03-09,61.597454809095574
2011-03-10,3.100114878264835
2011-03-11,0.0
2011-03-12,0.0
2011-03-13,6.194523191776223e-06
2011-03-14,0.00011560069964319092
2011-03-15,6.56163721434116
2011-03-16,0.0
2011-03-17,0.0
2011-03-18,0.0
2011-03-19,4.332938726970234e-05
2011-03-20,0.8899245540743028
2011-03-21,0.00035603810195880683
2011-03-22,0.001238142358546968
2011-03-23,0.1527294274070746
2011-03-24,0.1456659377122002
2011-03-25,0.0
2011-03-26,13.650905977118237
2011-03-27,5.394753753451336
2011-03-28,27.414967281083644
2011-03-29,0.5259356200499508
2011-03-30,27.999366513237067
2011-03-31,2.6412562567456392
2011-04-01,0.5598973745082116
2011-04-02,0.0
2011-04-03,0.0
2011-04-04,0.0
2011-04-05,21.687651185474873
2011-04-06,0.0
2011-04-07,0.0
2011-04-08,0.0
2011-04-09,0.0
2011-04-10,0.0
2011-04-11,0.1072760753166322
2011-04-12,16.917703999181544
2011-04-13,0.0
2011-04-14,0.0
2011-04-15,3.8901436843337542
2011-04-16,42.512255273895114
2011-04-17,0.0
2011-04-18,0.0
2011-04-19,0.006069582691905675
2011-04-20,1.339352780892419
2011-04-21,8.37380265880027
2011-04-22,0.0040245509113951364
2011-04-23,0.005830519546892796
2011-04-24,0.0
2011-04-25,3.716372944978956
2011-04-26,0.7701643289019328
2011-04-27,0.44907575806215866
2011-04-28,28.58683597229139
2011-04-29,0.0
2011-04-30,0.0
2011-05-01,0.0
2011-05-02,0.0
2011-05-03,6.1554400197862496
2011-05-04,3.7692436874583635
2011-05-05,0.0
2011-05-06,0.0
2011-05-07,0.0
2011-05-08,0.0
2011-05-09,0.0
2011-05-10,0.0
2011-05-11,0.0
2011-05-12,0.0
2011-05-13,0.23707391753751125
2011-05-14,0.7391551146861192
2011-05-15,0.08580165815887916
2011-05-16,1.0665859393991386
2011-05-17,0.03395890919830304
2011-05-18,0.0
2011-05-19,0.0
2011-05-20,0.0
2011-05-21,0.12504114295313898
2011-05-22,1.0949224674686775
2011-05-23,0.12504114295313898
2011-05-24,0.12504114295313898
2011-05-25,0.12504114295313898
2011-05-26,6.0545170060175
2011-05-27,6.409850162686329
2011-05-28,0.0
2011-05-29,0.0
2011-05-30,0.08658341904911067
2011-05-31,0.0
2011-06-01,0.024018407629722512
2011-06-02,0.15670426339624585
2011-06-03,0.0478055877383487
2011-06-04,0.04639855703976678
2011-06-05,0.0601972757131158
2011-06-06,0.20001533099171512
2011-06-07,0.0001407172155693666
2011-06-08,0.17454958991595548
2011-06-09,0.03218995837273744
2011-06-10,5.8541658086649395
2011-06-11,1.3958923934236243
2011-06-12,2.2951014860298318
2011-06-13,0.41187516259088286
2011-06-14,1.1591373116209405
2011-06-15,3.267249490590216
2011-06-16,6.547807524046832
2011-06-17,6.189090552611901
2011-06-18,6.861975413174809
2011-06-19,2.6955953346907027
2011-06-20,0.04751081314114657
2011-06-21,1.1016788717189658
2011-06-22,17.943979364978972
2011-06-23,17.539353287613434
2011-06-24,0.5640896907217844
2011-06-25,1.511659089524558
2011-06-26,1.8316084670829351
2011-06-27,2.941135381489132
2011-06-28,2.9803996085565094
2011-06-29,1.2709114929023404
2011-06-30,0.0
2011-07-01,0.17631680811553482
2011-07-02,0.9777775946628237
2011-07-03,0.6936007362695937
2011-07-04,10.23891301448075
2011-07-05,7.410950934764134
2011-07-06,19.5583169165169
2011-07-07,2.8311504873238484
2011-07-08,1.0438804074428423
2011-07-09,6.218825249555805
2011-07-10,5.524643421414952
2011-07-11,3.974825035908934
2011-07-12,3.2888068071968353
2011-07-13,17.240555719583035
2011-07-14,1.250958207767193
2011-07-15,21.537801621734147
2011-07-16,2.67181965693425
2011-07-17,3.6720119238571254
2011-07-18,0.09792190557818148
2011-07-19,0.090239467740254
2011-07-20,6.185975857927328
2011-07-21,13.390160829481225
2011-07-22,0.4845386557390817
2011-07-23,3.0665611678750366
2011-07-24,5.165176285409576
2011-07-25,6.315544262296418
2011-07-26,1.3493702666187573
2011-07-27,2.328228188134651
2011-07-28,2.7425057416141847
2011-07-29,0.06147196480931629
2011-07-30,1.529036809511372
2011-07-31,1.8435097930730466
2011-08-01,1.659607894130082
2011-08-02,0.2149617029068642
2011-08-03,0.002169655982360498
2011-08-04,3.084949743306947
2011-08-05,2.5498125076600466
2011-08-06,12.874497148838497
2011-08-07,1.0150801431231293
2011-08-08,1.03425459834319
2011-08-09,7.688284043939968
2011-08-10,0.20245664622222306
2011-08-11,6.010471452230628
2011-08-12,1.3488992647440905
2011-08-13,0.6743897135095144
2011-08-14,1.1340961111892909
2011-08-15,0.0
2011-08-16,0.01666275325334801
2011-08-17,0.0
2011-08-18,0.2100683295599094
2011-08-19,0.6668761505150492
2011-08-20,0.8692006399092056
2011-08-21,0.30948840923247417
2011-08-22,0.9009640976836111
2011-08-23,0.0006630567505982125
2011-08-24,0.016391463065020775
2011-08-25,0.0
2011-08-26,0.0
2011-08-27,0.0
2011-08-28,0.0
2011-08-29,0.0
2011-08-30,0.0025397625264782916
2011-08-31,1.3933046376628877
2011-09-01,0.1706014196185654
2011-09-02,4.304719396109097e-05
2011-09-03,0.0008025075902543233
2011-09-04,9.393817570049825
2011-09-05,37.79210327883075
2011-09-06,8.86311302162791
2011-09-07,0.1489770261699828
2011-09-08,0.18110121017903008
2011-09-09,0.0
2011-09-10,0.0
2011-09-11,0.0
2011-09-12,0.14046179082501653
2011-09-13,0.0
2011-09-14,0.0
2011-09-15,6.52287164223882
2011-09-16,0.00510598448850963
2011-09-17,0.0
2011-09-18,0.03850299737020539
2011-09-19,0.7548956626003198
2011-09-20,11.43550484876723
2011-09-21,7.617517021891122
2011-09-22,5.885523269004951
2011-09-23,21.593112591434664
2011-09-24,0.0
2011-09-25,0.035328703826416
2011-09-26,0.8388625877936706
2011-09-27,1.119467327433187
2011-09-28,9.05401406948706
2011-09-29,0.0
2011-09-30,0.0
2011-10-01,0.15502394410158948
2011-10-02,0.15502394410158948
2011-10-03,0.15502394410158948
2011-10-04,0.15502394410158948
2011-10-05,0.15502394410158948
2011-10-06,0.0
2011-10-07,0.0
2011-10-08,0.0
2011-10-09,0.11868425331674842
2011-10-10,6.083785955332062
2011-10-11,4.877893462577434
2011-10-12,0.16844523658352392
2011-10-13,4.355323364230034
2011-10-14,0.03268763718844724
2011-10-15,0.0
2011-10-16,0.0
2011-10-17,0.0
2011-10-18,0.0
2011-10-19,0.0
2011-10-20,0.0
2011-10-21,0.0
2011-10-22,0.0
2011-10-23,0.00560482685834774
2011-10-24,0.42221864312185603
2011-10-25,0.0
2011-10-26,0.0
2011-10-27,0.002934706692633478
2011-10-28,0.9142418618498325
2011-10-29,1.497979714118741
2011-10-30,0.0
2011-10-31,0.0
2011-11-01,0.0
2011-11-02,0.0
2011-11-03,6.0246224896492375
2011-11-04,0.009791888324543618
2011-11-05,0.0
2011-11-06,0.009137264435704374
2011-11-07,0.0
2011-11-08,0.0003482052215330155
2011-11-09,5.759174894944227
2011-11-10,2.1434436795582834
2011-11-11,0.0
2011-11-12,0.0
2011-11-13,0.00517698709081831
2011-11-14,0.9748968988775133
2011-11-15,3.746913690683985
2011-11-16,31.760092431808243
2011-11-17,5.021725641174179
2011-11-18,0.0
2011-11-19,0.9063791048238898
2011-11-20,1.3280948805109591
2011-11-21,0.018204612195207692
2011-11-22,2.780852552455834
2011-11-23,13.950068267155164
2011-11-24,0.0
2011-11-25,0.0
2011-11-26,0.0007971673726821005
2011-11-27,4.54509675641282
2011-11-28,11.141832498718957
2011-11-29,0.6476631787491663
2011-11-30,0.011287029072918352
2011-12-01,0.0
2011-12-02,0.0
2011-12-03,0.0
2011-12-04,9.248473233700321e-06
2011-12-05,0.011761731214175274
2011-12-06,2.739620685639418
2011-12-07,2.348756487767392
2011-12-08,0.0
2011-12-09,0.0
2011-12-10,0.0
2011-12-11,0.0
2011-12-12,1.6475207591660552
2011-12-13,4.861867736406138
2011-12-14,0.0
2011-12-15,0.05468538473018584
2011-12-16,0.2082727409620018
2011-12-17,0.10260262497009233
2011-12-18,0.0
2011-12-19,0.0
2011-12-20,0.7071858159552452
2011-12-21,6.442043772986116
2011-12-22,28.548475199139144
2011-12-23,2.5014667569265363
2011-12-24,0.00515091903813427
2011-12-25,17.400221786560685
2011-12-26,1.2637608831425704
2011-12-27,34.453693629490274
2011-12-28,0.0
2011-12-29,0.0
2011-12-30,0.12660288535919076
2011-12-31,0.0
2012-01-01,0.0
2012-01-02,0.0
2012-01-03,0.0
2012-01-04,0.0
2012-01-05,0.0
2012-01-06,0.0
2012-01-07,2.3449850900350158
2012-01-08,5.408921265642145
2012-01-09,12.007583059033959
2012-01-10,12.499096394086791
2012-01-11,20.998992293670295
2012-01-12,0.24093623203931655
2012-01-13,0.0
2012-01-14,0.0
2012-01-15,0.0
2012-01-16,0.25741037479928286
2012-01-17,4.448861744728959
2012-01-18,16.016330124176648
2012-01-19,0.0
2012-01-20,7.492340364049297
2012-01-21,35.22356018636786
2012-01-22,3.8514451787346062
2012-01-23,41.48055178683423
2012-01-24,0.000347089827145086
2012-01-25,0.16429457179408183
2012-01-26,18.453436167221497
2012-01-27,6.750763657604222
2012-01-28,0.0
2012-01-29,0.0
2012-01-30,0.0
2012-01-31,0.003945642430341465
2012-02-01,12.146417652566555
2012-02-02,1.0560799672178478
2012-02-03,0.541980382953373
2012-02-04,5.695560061522556
2012-02-05,5.77777017633704
2012-02-06,0.06221207728465203
2012-02-07,0.0
2012-02-08,1.3188833533460391
2012-02-09,0.010520685262131249
2012-02-10,3.0573981254128686
2012-02-11,1.4781382300842658
2012-02-12,0.0
2012-02-13,0.0
2012-02-14,13.14339705084367
2012-02-15,0.10986061192132218
2012-02-16,18.65957393734509
2012-02-17,0.0
2012-02-18,8.435635793620664
2012-02-19,19.45842483467532
2012-02-20,0.0
2012-02-21,0.2285636793598982
2012-02-22,0.26173493378998575
2012-02-23,1.0763571389232593
2012-02-24,4.039174216179261
2012-02-25,0.00012770135152613592
2012-02-26,0.007824369604010846
2012-02-27,0.020487327533562083
2012-02-28,0.9478026690937394
2012-02-29,0.14134320042915693
2012-03-01,29.83029694151745
2012-03-02,3.4963426751811357
2012-03-03,45.62067518280696
2012-03-04,0.2224435097006196
2012-03-05,0.0
2012-03-06,0.0
2012-03-07,0.05259638451150794
2012-03-08,0.12388465945894485
2012-03-09,34.393457983398136
2012-03-10,0.0
2012-03-11,0.02173195156103186
2012-03-12,0.317415506937516
2012-03-13,11.052301919011501
2012-03-14,0.5114645817144601
2012-03-15,0.06326412367630727
2012-03-16,0.5056994190721484
2012-03-17,3.052250508042682e-06
2012-03-18,0.0
2012-03-19,0.08173147098532495
2012-03-20,0.006256766208623513
2012-03-21,0.013323887003890535
2012-03-22,4.319475480300742
2012-03-23,21.805034511143806
2012-03-24,3.5052764046759206
2012-03-25,0.003299751130118138
2012-03-26,0.0
2012-03-27,0.0
2012-03-28,0.031177287432911566
2012-03-29,0.22654734165553184
2012-03-30,9.165373261713867
2012-03-31,6.647909265942985
2012-04-01,0.9925215869228021
2012-04-02,0.03888778079495644
2012-04-03,0.6380496813962467
2012-04-04,10.828148203431647
2012-04-05,8.465066768323004
2012-04-06,0.0
2012-04-07,0.0
2012-04-08,0.0
2012-04-09,0.0
2012-04-10,0.0
2012-04-11,0.0
2012-04-12,0.0
2012-04-13,0.0
2012-04-14,0.0
2012-04-15,0.0
2012-04-16,0.03496833399438181
2012-04-17,0.9882062219687625
2012-04-18,0.5616812522040843
2012-04-19,0.019358864725922884
2012-04-20,0.01707418011066102
2012-04-21,17.930070490611257
2012-04-22,0.6497261078512189
2012-04-23,0.0
2012-04-24,0.0
2012-04-25,0.0
2012-04-26,0.016877154268088262
2012-04-27,0.6682121350359633
2012-04-28,0.016438933048769814
2012-04-29,0.0
2012-04-30,0.0
2012-05-01,0.20088001071916758
2012-05-02,0.04880475332786829
2012-05-03,10.601029201259568
2012-05-04,1.0415543959179379
2012-05-05,0.4653676187133053
2012-05-06,2.8646619629314904
2012-05-07,0.4255283350838066
2012-05-08,1.0692833869492642
2012-05-09,29.182410809205507
2012-05-10,0.0
2012-05-11,0.0
2012-05-12,0.4937418434745371
2012-05-13,41.86310355932583
2012-05-14,5.259166879961373
2012-05-15,2.0383128915529927
2012-05-16,0.19228325632286206
2012-05-17,0.0004747530742752076
2012-05-18,1.306798049273426
2012-05-19,0.030716949028986137
2012-05-20,0.0014103286542546734
2012-05-21,1.0961900326523493
2012-05-22,1.5993765765577717
2012-05-23,0.01120560024456337
2012-05-24,0.004651125582881165
2012-05-25,0.0
2012-05-26,7.879756139564521e-06
2012-05-27,0.004584867874730379
2012-05-28,0.0015226491222112425
2012-05-29,0.004881877610060386
2012-05-30,0.05822913304013836
2012-05-31,0.009646106011270781
2012-06-01,8.522416249960253
2012-06-02,0.0
2012-06-03,0.024419375165130656
2012-06-04,8.257705617629723
2012-06-05,4.622031519798236
2012-06-06,0.8338336181990786
2012-06-07,0.6476185482839629
2012-06-08,0.028969265472642523
2012-06-09,0.24421168022432518
2012-06-10,12.21715976267825
2012-06-11,24.314852253009928
2012-06-12,0.944250640220751
2012-06-13,0.008460962931241843
2012-06-14,1.2735362146180706
2012-06-15,0.8255971321520157
2012-06-16,0.0
2012-06-17,0.0
2012-06-18,8.112412933314562e-05
2012-06-19,0.0
2012-06-20,0.0
2012-06-21,0.000365143096325931
2012-06-22,0.0007735183211105452
2012-06-23,0.045932195909590655
2012-06-24,1.7567496799026556
2012-06-25,0.029132701210767213
2012-06-26,1.2462032396375265e-07
2012-06-27,0.0
2012-06-28,0.0
2012-06-29,0.0
2012-06-30,8.46010817120823e-05
2012-07-01,2.7957256764915064
2012-07-02,1.547915744107636
2012-07-03,6.373100950531939
2012-07-04,2.523407282755075
2012-07-05,0.3607493926467718
2012-07-06,1.0079286303131718
2012-07-07,5.646554460385893
2012-07-08,1.059497355942079
2012-07-09,2.1098474578327067
2012-07-10,5.3752821140047145
2012-07-11,4.751274565681386
2012-07-12,3.6575666873946444
2012-07-13,3.9057665128080052
2012-07-14,10.022719518616842
2012-07-15,1.7751567879674146
2012-07-16,1.7410674135038675
2012-07-17,1.942821354310415
2012-07-18,6.8928136228939065
2012-07-19,4.443696386840197
2012-07-20,3.546968982609107
2012-07-21,4.028973685076898
2012-07-22,0.02428552950589914
2012-07-23,0.5800617068182782
2012-07-24,0.06859701795215864
2012-07-25,0.04265041097879823
2012-07-26,1.173769215912038
2012-07-27,9.766283601629851
2012-07-28,4.771071393665404
2012-07-29,0.9589168060711846
2012-07-30,1.0279465822277372
2012-07-31,15.145297199961977
2012-08-01,0.2768049832593089
2012-08-02,2.611280443182734
2012-08-03,1.800323502113567
2012-08-04,7.50418805970933
2012-08-05,0.04147143158081539
2012-08-06,2.277183918215815
2012-08-07,3.070488194093426
2012-08-08,2.021947291704282
2012-08-09,9.859049498800408
2012-08-10,6.1715176668871194
2012-08-11,26.002932279570516
2012-08-12,0.0
2012-08-13,1.6667182752616656
2012-08-14,27.93618704481948
2012-08-15,4.582038678136143
2012-08-16,3.046445217233636
2012-08-17,4.360426235426594
2012-08-18,4.577713643400726
2012-08-19,21.858717516295453
2012-08-20,1.89173603500359
2012-08-21,0.0
2012-08-22,0.0
2012-08-23,0.0
2012-08-24,0.0
2012-08-25,0.0
2012-08-26,0.0015844437123188298
2012-08-27,0.0
2012-08-28,17.82321351600898
2012-08-29,2.0266662003315683
2012-08-30,2.1819932055549387
2012-08-31,2.8317718339927764
2012-09-01,0.33680415083598375
2012-09-02,0.10446778938868073
2012-09-03,2.746165448877117
2012-09-04,8.421853565042206
2012-09-05,0.30043162623247727
2012-09-06,1.0273486360433255
2012-09-07,0.4609609263696775
2012-09-08,2.425096081341146
2012-09-09,0.01689596087466299
2012-09-10,0.0
2012-09-11,0.0
2012-09-12,0.0
2012-09-13,0.11762261606928814
2012-09-14,0.9687944985811638
2012-09-15,0.16345241051194342
2012-09-16,0.3547932367931645
2012-09-17,14.877809526133852
2012-09-18,13.577116977559742
2012-09-19,0.00022761952325747712
2012-09-20,0.0
2012-09-21,0.01757681714579215
2012-09-22,1.4060776910253039
2012-09-23,0.0
2012-09-24,0.0
2012-09-25,0.0
2012-09-26,0.0
2012-09-27,0.0728239651988681
2012-09-28,0.08086207167837846
2012-09-29,0.060450544188039815
2012-09-30,5.885980355611777
2012-10-01,13.066497325899297
2012-10-02,1.5391901094059355
2012-10-03,0.017722435879306143
2012-10-04,0.0
2012-10-05,0.0
2012-10-06,1.8058389584253922
2012-10-07,0.07809175998478968
2012-10-08,0.04887816285618083
2012-10-09,9.522685963626788e-05
2012-10-10,0.0035137875095706417
2012-10-11,0.0
2012-10-12,0.10307763784357112
2012-10-13,0.018094322771539176
2012-10-14,0.24603505394469824
2012-10-15,19.2781643222681
2012-10-16,0.0
2012-10-17,0.0
2012-10-18,12.567026562821795
2012-10-19,0.0
2012-10-20,0.0
2012-10-21,0.00035491885319085067
2012-10-22,0.00035491885319085067
2012-10-23,0.00035491885319085067
2012-10-24,0.00035491885319085067
2012-10-25,0.2943717573108831
2012-10-26,1.12829838928619
2012-10-27,0.1333372250122163
2012-10-28,0.3314057904103201
2012-10-29,0.0
2012-10-30,0.0
2012-10-31,0.029215645616949348
2012-11-01,0.0
2012-11-02,0.0
2012-11-03,0.6331106330513517
2012-11-04,2.5790678414417614
2012-11-05,0.015572464296661596
2012-11-06,10.09830068609008
2012-11-07,1.2762507476340061
2012-11-08,0.0
2012-11-09,0.0
2012-11-10,0.0
2012-11-11,0.0
2012-11-12,12.094975274277685
2012-11-13,0.11605382795971075
2012-11-14,0.3327302200765038
2012-11-15,0.772046393586848
2012-11-16,0.33884839142551615
2012-11-17,0.000386295518604649
2012-11-18,0.735012165490387
2012-11-19,0.01646577353737705
2012-11-20,0.01646577353737705
2012-11-21,0.0
2012-11-22,0.0
2012-11-23,0.3172538513054593
2012-11-24,1.0152625472410388
2012-11-25,0.0
2012-11-26,0.0
2012-11-27,6.750767216844571
2012-11-28,0.0292427879923943
2012-11-29,0.0
2012-11-30,0.2107954170469935
2012-12-01,0.0
2012-12-02,0.0
2012-12-03,0.0
2012-12-04,0.0
2012-12-05,0.0
2012-12-06,0.007231287278808294
2012-12-07,0.0005990451305687902
2012-12-08,0.27096363028622145
2012-12-09,0.0316537236896276
2012-12-10,2.0655334564504835
2012-12-11,14.653508730410264
2012-12-12,0.23511692845187557
2012-12-13,0.4315842620558171
2012-12-14,0.0
2012-12-15,12.322307822650876
2012-12-16,10.496447270859242
2012-12-17,24.866823321290724
2012-12-18,0.26976210720864435
2012-12-19,0.0
2012-12-20,16.456971143441688
2012-12-21,0.0
2012-12-22,0.0
2012-12-23,0.0
2012-12-24,19.4632001735425
2012-12-25,11.348404198493029
2012-12-26,28.801507484507137
2012-12-27,0.0
2012-12-28,1.7273938489967124
2012-12-29,32.73390000866687
2012-12-30,0.0022458177910103802
2012-12-31,0.0
2013-01-01,13.026524617749313
2013-01-02,12.69768357526455
2013-01-03,0.9938704198372967
2013-01-04,0.0
2013-01-05,0.5093024824970486
2013-01-06,3.497226844638049
2013-01-07,0.0
2013-01-08,0.0027381604125407207
2013-01-09,3.4542269481548535
2013-01-10,0.9048192704057362
2013-01-11,4.7478321395731795
2013-01-12,0.1536819497792571
2013-01-13,0.5309425363209174
2013-01-14,34.06728038942647
2013-01-15,17.309807112953457
2013-01-16,7.0785594255651585
2013-01-17,11.503797936802465
2013-01-18,0.17271363922535024
2013-01-19,0.0
2013-01-20,0.0
2013-01-21,0.0
2013-01-22,0.0
2013-01-23,0.05277108543915399
2013-01-24,0.32291172267695384
2013-01-25,0.26296909033368926
2013-01-26,3.1015897233451333
2013-01-27,0.0
2013-01-28,0.11323345645066532
2013-01-29,0.1395748090072929
2013-01-30,48.21799926967851
2013-01-31,0.9526737410382762
2013-02-01,0.0
2013-02-02,0.22372123843339245
2013-02-03,1.6393624133385898
2013-02-04,0.0
2013-02-05,0.025259355793034
2013-02-06,0.0423471802863103
2013-02-07,9.537168840039051
2013-02-08,2.57340286592086
2013-02-09,0.0057236193356559285
2013-02-10,8.214715092321011
2013-02-11,43.1678632502644
2013-02-12,19.702498137828158
2013-02-13,12.654208116798845
2013-02-14,0.0036795968752343605
2013-02-15,0.0014652937600615455
2013-02-16,0.15097220967614458
2013-02-17,1.8096693389163731e-06
2013-02-18,0.0
2013-02-19,8.128945829902435
2013-02-20,1.829690746009124e-05
2013-02-21,0.3889340570138076
2013-02-22,31.59490211531654
2013-02-23,43.60574810354168
2013-02-24,0.041544796340462056
2013-02-25,12.582346669543313
2013-02-26,40.39696844747676
2013-02-27,0.0
2013-02-28,7.226377006560812e-06
2013-03-01,0.0002988148231475613
2013-03-02,0.04197596116791483
2013-03-03,0.0016861553064187417
2013-03-04,0.0
2013-03-05,0.25609091298712955
2013-03-06,0.0
2013-03-07,0.0
2013-03-08,0.0
2013-03-09,0.0
2013-03-10,0.0
2013-03-11,25.297560506192863
2013-03-12,0.5992442728389337
2013-03-13,0.0
2013-03-14,0.0
2013-03-15,0.0
2013-03-16,0.0
2013-03-17,0.0076230231630606314
2013-03-18,14.330198330580078
2013-03-19,1.5330014715065732
2013-03-20,0.0
2013-03-21,0.0
2013-03-22,3.0541214748954486
2013-03-23,6.411550659287631
2013-03-24,54.02069117256678
2013-03-25,6.379392340274861e-06
2013-03-26,0.003248606527923173
2013-03-27,0.0
2013-03-28,0.0
2013-03-29,0.06042118658864272
2013-03-30,0.5716648180385462
2013-03-31,2.5878976518320225
2013-04-01,17.22241413935616
2013-04-02,0.0
2013-04-03,2.1179378876768973
2013-04-04,12.775120755765284
2013-04-05,1.9512230922195566
2013-04-06,0.0
2013-04-07,0.0
2013-04-08,0.0
2013-04-09,0.0
2013-04-10,0.0
2013-04-11,1.798132937748603
2013-04-12,40.859084573784706
2013-04-13,0.0
2013-04-14,25.251832432924196
2013-04-15,0.18726286476796686
2013-04-16,5.983893071768892
2013-04-17,4.514209591311078
2013-04-18,0.17302894328226306
2013-04-19,14.115186135507372
2013-04-20,0.0
2013-04-21,0.0
2013-04-22,0.02950773525014984
2013-04-23,0.0
2013-04-24,3.16170621159946
2013-04-25,0.6954780242277088
2013-04-26,0.0
2013-04-27,0.5584624895014305
2013-04-28,20.75840194736858
2013-04-29,9.765034249635487
2013-04-30,0.029600370282357947
2013-05-01,0.19993436169367582
2013-05-02,1.8152046140647544
2013-05-03,0.04163620928752648
2013-05-04,41.66619078314394
2013-05-05,4.050354974683575
2013-05-06,9.926405953933763
2013-05-07,15.52194941847486
2013-05-08,1.1256690389162323
2013-05-09,0.005776490625938424
2013-05-10,0.9708910860532785
2013-05-11,5.636519666003943
2013-05-12,1.0693451155914007
2013-05-13,0.0
2013-05-14,0.0
2013-05-15,0.0
2013-05-16,0.0035577055527572636
2013-05-17,1.719585387592213
2013-05-18,37.13766632341937
2013-05-19,38.20613097639768
2013-05-20,0.0374818051364026
2013-05-21,0.404442424256812
2013-05-22,0.24977892774790506
2013-05-23,0.3252200877893554
2013-05-24,0.0
2013-05-25,0.0
2013-05-26,0.0
2013-05-27,0.0
2013-05-28,0.0
2013-05-29,0.1711527897467807
2013-05-30,0.04312832938644996
2013-05-31,1.7130282607400438
2013-06-01,1.042252984095213
2013-06-02,12.055939025168858
2013-06-03,0.8513836728533057
2013-06-04,0.30397060707315926
2013-06-05,11.63843079442299
2013-06-06,4.982419442563104
2013-06-07,13.82936781431115
2013-06-08,0.34394006236802294
2013-06-09,10.02412471082868
2013-06-10,8.812297554209863
2013-06-11,1.5580878256721888
2013-06-12,0.9377159542850675
2013-06-13,1.2536727282302658
2013-06-14,4.270799191334977
2013-06-15,0.0013398913583906192
2013-06-16,0.22868141960073943
2013-06-17,15.977586448679295
2013-06-18,24.617133548718773
2013-06-19,1.6614939333934562
2013-06-20,0.23514209893336838
2013-06-21,0.17391709143966216
2013-06-22,0.011718213903241886
2013-06-23,1.5369070922448635
2013-06-24,4.261631206838285
2013-06-25,3.8666859902750095
2013-06-26,3.5108128549684725
2013-06-27,9.5261158103201
2013-06-28,0.989211921338958
2013-06-29,23.140920221674623
2013-06-30,0.44367897362671693
2013-07-01,0.2786131762760707
2013-07-02,0.27671667465464556
2013-07-03,19.98759162990781
2013-07-04,30.060794119726445
2013-07-05,20.016702785630788
2013-07-06,32.4408623705295
2013-07-07,18.58427770706187
2013-07-08,6.7908586558385045
2013-07-09,6.532064078835663
2013-07-10,10.84970493666118
2013-07-11,10.772216881093415
2013-07-12,3.0949983541552992
2013-07-13,3.624149758996773
2013-07-14,0.5670457052284864
2013-07-15,0.8420063388561887
2013-07-16,0.30173630563471854
2013-07-17,1.1734867182432613
2013-07-18,0.5340761057071992
2013-07-19,0.34933692929983845
2013-07-20,7.250787647642088
2013-07-21,27.138681253263147
2013-07-22,8.2875302523538
2013-07-23,26.10285772946939
2013-07-24,21.70946760329878
2013-07-25,0.9237463612725086
2013-07-26,0.019772602714591088
2013-07-27,0.1070656770947264
2013-07-28,2.2535698501297343
2013-07-29,0.027591837478343276
2013-07-30,0.08471770493646523
2013-07-31,9.867025674456288
2013-08-01,31.228379593236596
2013-08-02,0.0
2013-08-03,0.21248070642844868
2013-08-04,1.1411675239003718
2013-08-05,0.0
2013-08-06,0.8713815653894366
2013-08-07,11.056113713596964
2013-08-08,4.0144786940621975
2013-08-09,6.308402961463891
2013-08-10,10.75560616946659
2013-08-11,2.01771663767328
2013-08-12,1.4006081930826384
2013-08-13,9.75114165714036
2013-08-14,12.917683322705223
2013-08-15,3.106981791627887
2013-08-16,0.1614619952587068
2013-08-17,1.072867201217255
2013-08-18,13.425211940985477
2013-08-19,4.293724046321348
2013-08-20,5.5257426536882
2013-08-21,1.9655443496855627
2013-08-22,5.754571024749096
2013-08-23,3.530304242766773
2013-08-24,4.670167861966664
2013-08-25,0.20026983669214204
2013-08-26,0.0
2013-08-27,1.6604712723703364e-07
2013-08-28,0.43524849866025433
2013-08-29,0.15911574192412867
2013-08-30,1.9778088180325069
2013-08-31,6.236166431332543
2013-09-01,3.195384963244858
2013-09-02,3.80062623163063
2013-09-03,5.899661683129293
2013-09-04,0.12642705643359742
2013-09-05,0.0006965675793068144
2013-09-06,0.06845106991293616
2013-09-07,0.04794164195009389
2013-09-08,0.1865487163848913
2013-09-09,0.2832882376605746
2013-09-10,0.9762710237835887
2013-09-11,0.23074770530348498
2013-09-12,0.02023510900361967
2013-09-13,0.5664086725300425
2013-09-14,0.0
2013-09-15,0.4449751835065382
2013-09-16,0.03664126414380347
2013-09-17,1.0000320711901536
2013-09-18,0.03339483285028924
2013-09-19,0.007331674946884661
2013-09-20,0.02221703326727104
2013-09-21,36.50664686803681
2013-09-22,0.002355385592942581
2013-09-23,0.08575944902566984
2013-09-24,9.070114071204515
2013-09-25,13.372092476538803
2013-09-26,0.03352430346226734
2013-09-27,0.0005864960606297808
2013-09-28,0.0
2013-09-29,0.000255904994818763
2013-09-30,0.8863964234559533
2013-10-01,0.039445479078499955
2013-10-02,0.0
2013-10-03,0.4981866172562186
2013-10-04,0.0
2013-10-05,0.00011963439694663645
2013-10-06,5.181173555113777
2013-10-07,36.11116329099132
2013-10-08,0.32137003970092853
2013-10-09,0.0
2013-10-10,0.8495068543602533
2013-10-11,0.01040886169790923
2013-10-12,0.0
2013-10-13,0.0
2013-10-14,0.2275459547872421
2013-10-15,1.5058269014954342
2013-10-16,0.016577156157980416
2013-10-17,2.266034180956776
2013-10-18,0.01548861841319586
2013-10-19,0.7917340224336255
2013-10-20,0.0
2013-10-21,0.00027875628775357743
2013-10-22,0.2692637039167732
2013-10-23,0.00027875628775357743
2013-10-24,0.00027875628775357743
2013-10-25,0.00027875628775357743
2013-10-26,0.26332215444093404
2013-10-27,0.1357324444504442
2013-10-28,7.224272728978853
2013-10-29,0.30021462766237195
2013-10-30,0.0
2013-10-31,1.0681019430381333
2013-11-01,5.363914253025863
2013-11-02,0.09912195091351929
2013-11-03,0.0
2013-11-04,0.0
2013-11-05,0.0
2013-11-06,0.4460864074600223
2013-11-07,1.6784891105293023
2013-11-08,0.0
2013-11-09,0.028777587260663956
2013-11-10,0.16986235731976318
2013-11-11,0.0
2013-11-12,0.00041679861405055977
2013-11-13,0.0
2013-11-14,0.0
2013-11-15,2.252105882964038
2013-11-16,0.06543949330156783
2013-11-17,1.128164995402885
2013-11-18,3.1493072219361147
2013-11-19,0.0
2013-11-20,0.0005156716407165154
2013-11-21,0.12476747842933184
2013-11-22,1.880970219023453
2013-11-23,0.26457228395432264
2013-11-24,0.0
2013-11-25,0.29081360557957264
2013-11-26,41.38542422708353
2013-11-27,5.264574774122137
2013-11-28,0.0
2013-11-29,0.0
2013-11-30,0.0
2013-12-01,0.0
2013-12-02,6.236981169269272
2013-12-03,6.775859024107688
2013-12-04,5.436458296455733
2013-12-05,2.0698941756459153
2013-12-06,8.519340628088834
2013-12-07,8.391415709725324
2013-12-08,10.689534573126995
2013-12-09,41.777998121467725
2013-12-10,8.133595214532058
2013-12-11,0.0
2013-12-12,0.0
2013-12-13,0.0
2013-12-14,21.514467670186157
2013-12-15,3.529597333318475
2013-12-16,0.0
2013-12-17,0.0
2013-12-18,0.0
2013-12-19,0.0
2013-12-20,0.009053573178319226
2013-12-21,3.030036413607158
2013-12-22,59.8536280766105
2013-12-23,39.85576207489727
2013-12-24,0.0
2013-12-25,0.0
2013-12-26,0.0
2013-12-27,0.0
2013-12-28,21.090758221898557
2013-12-29,38.57459807126155
2013-12-30,0.007513402139634164
2013-12-31,0.1444926504962817
2014-01-01,0.010985144138550116
2014-01-02,10.178020069335863
2014-01-03,0.0
2014-01-04,0.07031540753442901
2014-01-05,1.8720977563920675
2014-01-06,2.0441778438647265
2014-01-07,0.0
2014-01-08,0.0
2014-01-09,0.1306790992686772
2014-01-10,0.6748704756105695
2014-01-11,45.31672529263693
2014-01-12,0.0
2014-01-13,8.099625496571695
2014-01-14,7.741240077833478
2014-01-15,1.428976836347907
2014-01-16,0.479104895278863
2014-01-17,0.479104895278863
2014-01-18,0.48941036930654647
2014-01-19,0.479104895278863
2014-01-20,0.479104895278863
2014-01-21,0.1762450650661369
2014-01-22,0.0
2014-01-23,0.0
2014-01-24,0.0
2014-01-25,0.0
2014-01-26,0.0
2014-01-27,0.07217641529580435
2014-01-28,3.241824352062121
2014-01-29,0.2505766194661513
2014-01-30,0.0
2014-01-31,0.0
2014-02-01,0.1931626433498942
2014-02-02,0.10129432228476136
2014-02-03,16.31923100967776
2014-02-04,0.5615173604748679
2014-02-05,16.758041701374847
2014-02-06,0.46718293910041214
2014-02-07,0.7073483380657747
2014-02-08,0.23486014045271456
2014-02-09,0.0
2014-02-10,0.8658716796173426
2014-02-11,15.728908963494957
2014-02-12,39.04040199115952
2014-02-13,2.6445872962237726
2014-02-14,0.09727319594071739
2014-02-15,4.6098836282283155
2014-02-16,0.0
2014-02-17,0.01985711099205107
2014-02-18,0.36581189583463014
2014-02-19,0.13624815145700092
2014-02-20,0.020144948652632264
2014-02-21,21.56436815146404
2014-02-22,0.0
2014-02-23,0.14840014220390185
2014-02-24,0.0
2014-02-25,2.482098188044101
2014-02-26,25.698565991456583
2014-02-27,0.0
2014-02-28,0.011530742077999565
2014-03-01,0.4553847372487605
2014-03-02,0.0022805220109654288
2014-03-03,3.499075669433531
2014-03-04,0.9416775249254878
2014-03-05,4.274597810395997
2014-03-06,9.838248460749291
2014-03-07,6.062082224215416
2014-03-08,0.0
2014-03-09,0.0
2014-03-10,0.0
2014-03-11,0.05191377567574801
2014-03-12,2.0132697521803995
2014-03-13,0.0
2014-03-14,0.027016490789054017
2014-03-15,1.6020604285751843
2014-03-16,56.68497576059112
2014-03-17,10.301448999950694
2014-03-18,2.277059232888011
2014-03-19,0.5136656614430983
2014-03-20,0.0
2014-03-21,0.0
2014-03-22,0.16956256111100237
2014-03-23,7.9590011922310655
2014-03-24,0.0
2014-03-25,0.09935818458293028
2014-03-26,0.0
2014-03-27,0.09263798391211966
2014-03-28,40.78514121239443
2014-03-29,22.430243479345
2014-03-30,1.9209540275396157e-05
2014-03-31,0.0
2014-04-01,0.027839196059377576
2014-04-02,0.0
2014-04-03,0.000804811348189004
2014-04-04,3.4549797660828983
2014-04-05,3.645090890964226
2014-04-06,30.58609997247419
2014-04-07,72.50548285793762
2014-04-08,0.02624327583549798
2014-04-09,0.2349772599147163
2014-04-10,0.0
2014-04-11,0.0
2014-04-12,0.0
2014-04-13,0.0
2014-04-14,15.04586119787864
2014-04-15,28.072682572817975
2014-04-16,0.0
2014-04-17,0.01759787599940552
2014-04-18,24.804398065438516
2014-04-19,17.553479637800145
2014-04-20,0.0
2014-04-21,0.0018344829851669512
2014-04-22,3.0852708509255673
2014-04-23,0.2669878813520517
2014-04-24,0.0
2014-04-25,1.9919280505235162
2014-04-26,0.0
2014-04-27,1.7142479757746774
2014-04-28,0.14503555341612975
2014-04-29,42.40091060054641
2014-04-30,17.814894274550543
2014-05-01,0.1362509742386705
2014-05-02,0.0
2014-05-03,0.0
2014-05-04,0.0
2014-05-05,0.0
2014-05-06,0.0
2014-05-07,0.0
2014-05-08,0.00011662230861247559
2014-05-09,6.654262582202355
2014-05-10,12.551872385030281
2014-05-11,2.172154644639039
2014-05-12,3.1253605822050234
2014-05-13,0.3837523140734747
2014-05-14,21.63187759127424
2014-05-15,26.75649644147807
2014-05-16,0.02871097258582932
2014-05-17,0.2739740674370526
2014-05-18,0.9773308781449406
2014-05-19,0.48091369344586715
2014-05-20,0.019587857449968642
2014-05-21,0.0
2014-05-22,0.0
2014-05-23,0.0
2014-05-24,2.3424002369234755
2014-05-25,0.16011505339270438
2014-05-26,0.3002937672760498
2014-05-27,2.6491453636966513
2014-05-28,3.9448768842594313
2014-05-29,9.264700306920933
2014-05-30,2.3365923543153317
2014-05-31,6.18576682038532
2014-06-01,5.590413391793042
2014-06-02,0.2994015027189221
2014-06-03,2.2131437218576577
2014-06-04,0.37210542604282215
2014-06-05,0.31341343461055343
2014-06-06,4.336397858503152
2014-06-07,5.539158534650213
2014-06-08,4.21527334029265
2014-06-09,6.982442722072228
2014-06-10,34.958896179015724
2014-06-11,23.177267358755245
2014-06-12,1.5917654423873706
2014-06-13,5.391557510982799
2014-06-14,0.8472277665307654
2014-06-15,0.1307614913796671
2014-06-16,0.0009998713855602437
2014-06-17,0.1005956835680066
2014-06-18,1.1668841859150783
2014-06-19,0.034852969142648224
2014-06-20,0.3765830025635034
2014-06-21,1.734097084965776
2014-06-22,0.259113527749274
2014-06-23,1.5127835731635424
2014-06-24,24.510001509744885
2014-06-25,2.9935096133015544
2014-06-26,16.928214425687983
2014-06-27,0.3619808720906182
2014-06-28,2.8200422988762623
2014-06-29,0.24220475374815092
2014-06-30,1.2585912588664765
2014-07-01,0.0005738629976403058
2014-07-02,7.386919858576187
2014-07-03,0.42550080528169737
2014-07-04,0.0
2014-07-05,0.9212866378218809
2014-07-06,0.7877097120609727
2014-07-07,0.0
2014-07-08,0.012851151799911158
2014-07-09,7.028067305322945
2014-07-10,11.79537258836578
2014-07-11,0.2111720494799582
2014-07-12,0.08236723195760837
2014-07-13,0.03857194679019508
2014-07-14,0.11614564093672732
2014-07-15,2.063904291118852
2014-07-16,1.1907348965710924
2014-07-17,0.0
2014-07-18,2.2974671686782213
2014-07-19,17.880102403304367
2014-07-20,11.017017891336756
2014-07-21,3.782837305460757
2014-07-22,16.822205987161176
2014-07-23,16.001546571346434
2014-07-24,1.6621348282858786
2014-07-25,2.0419723405855286
2014-07-26,0.0
2014-07-27,0.0014687793785944112
2014-07-28,1.7614961970176168
2014-07-29,0.001283374199534054
2014-07-30,0.0
2014-07-31,0.35573903682578184
2014-08-01,1.3647114001253795
2014-08-02,0.753978403053001
2014-08-03,2.6838650693260773
2014-08-04,0.10662896039528034
2014-08-05,0.003863780035678911
2014-08-06,0.0
2014-08-07,1.4406596717042717
2014-08-08,1.174894409595677
2014-08-09,12.485715538543177
2014-08-10,9.557870097539748
2014-08-11,13.339332639291163
2014-08-12,4.2596941405837505
2014-08-13,0.0004440416409740153
2014-08-14,0.0
2014-08-15,0.0023018060120276775
2014-08-16,0.0
2014-08-17,0.870366926932941
2014-08-18,4.564547871124159
2014-08-19,10.849629624829912
2014-08-20,0.5489888353452181
2014-08-21,4.429984387421572
2014-08-22,0.34454286398253586
2014-08-23,1.85573563656603
2014-08-24,7.967900180166056
2014-08-25,0.025166667848483995
2014-08-26,0.0
2014-08-27,0.0
2014-08-28,0.0
2014-08-29,0.0
2014-08-30,2.44810807834971
2014-08-31,6.73050121159058
2014-09-01,0.28726726231584404
2014-09-02,3.0046232970649145
2014-09-03,20.01161375199449
2014-09-04,6.337247088017607
2014-09-05,0.6360904568800668
2014-09-06,0.36031589159287325
2014-09-07,1.915861025928912
2014-09-08,2.9494198455857705
2014-09-09,0.8207598976979698
2014-09-10,0.26922729731234524
2014-09-11,0.4276577424660481
2014-09-12,0.758974899334408
2014-09-13,2.9654486070137813
2014-09-14,0.23211043372085632
2014-09-15,6.216186901908251
2014-09-16,10.175468949103019
2014-09-17,1.0196979567752489
2014-09-18,0.07544856274773123
2014-09-19,5.629300293018485
2014-09-20,0.43273403391628396
2014-09-21,0.001389203392992954
2014-09-22,6.489438361321599
2014-09-23,0.0
2014-09-24,0.0
2014-09-25,0.1467520625417676
2014-09-26,0.04635894014368101
2014-09-27,0.044364796787103075
2014-09-28,0.08794894685311559
2014-09-29,0.5913509100596329
2014-09-30,0.02210536176393326
2014-10-01,0.20670679121968788
2014-10-02,0.023164836484690574
2014-10-03,30.26651758547017
2014-10-04,0.0005776564658851273
2014-10-05,0.0
2014-10-06,3.2369076359021817e-06
2014-10-07,0.14101704643598342
2014-10-08,0.04473868803219914
2014-10-09,1.5272774587263278
2014-10-10,0.015670670491187474
2014-10-11,4.5435297197961875
2014-10-12,2.8423251542866534
2014-10-13,0.5427033293853626
2014-10-14,48.98726142236875
2014-10-15,0.035457246707461886
2014-10-16,0.0
2014-10-17,0.0
2014-10-18,0.0
2014-10-19,0.0
2014-10-20,0.0
2014-10-21,0.1084547466821476
2014-10-22,0.1084547466821476
2014-10-23,0.1084547466821476
2014-10-24,0.20440966067578295
2014-10-25,0.1084547466821476
2014-10-26,0.0
2014-10-27,0.0
2014-10-28,0.03947394145831944
2014-10-29,5.117493992513515
2014-10-30,0.0
2014-10-31,0.3452726569484194
2014-11-01,7.088217465631322
2014-11-02,0.0
2014-11-03,0.0
2014-11-04,0.0
2014-11-05,0.0
2014-11-06,4.648984887737826
2014-11-07,0.0
2014-11-08,0.0
2014-11-09,0.0
2014-11-10,0.0
2014-11-11,0.01831496275361501
2014-11-12,1.6077240527906833
2014-11-13,1.7722601354337009
2014-11-14,0.0
2014-11-15,0.0
2014-11-16,3.7935824918793273
2014-11-17,48.08112141489028
2014-11-18,0.0
2014-11-19,0.0
2014-11-20,0.0007101674843421055
2014-11-21,0.034852404362823455
2014-11-22,0.00020716825515931946
2014-11-23,38.02616305911394
2014-11-24,0.24341546751756032
2014-11-25,0.0
2014-11-26,1.140777454227751
2014-11-27,0.049915880734875955
2014-11-28,0.0
2014-11-29,0.002188463754135456
2014-11-30,0.03632305984546231
2014-12-01,0.2939417723783286
2014-12-02,0.0
2014-12-03,0.6455695423427136
2014-12-04,0.7295536081091996
2014-12-05,0.06791937087083237
2014-12-06,40.782018469235176
2014-12-07,0.004311186657660159
2014-12-08,0.15821528349377748
2014-12-09,0.2260118020690561
2014-12-10,0.0
2014-12-11,0.0
2014-12-12,0.0
2014-12-13,0.0
2014-12-14,0.0
2014-12-15,0.0
2014-12-16,0.06951567966718063
2014-12-17,0.0
2014-12-18,0.0
2014-12-19,0.0
2014-12-20,0.1807718716328496
2014-12-21,0.3592645387329742
2014-12-22,7.191133318114035
2014-12-23,25.4641721538226
2014-12-24,42.43860388252911
2014-12-25,0.013958553316439401
2014-12-26,0.0
2014-12-27,5.295010063558221
2014-12-28,41.61508550250648
2014-12-29,7.560383236577727
2014-12-30,0.27070766968533677
2014-12-31,0.010258492448794402
2015-01-01,0.40959591869643847
2015-01-02,19.92439061865832
2015-01-03,2.8085106301339775
2015-01-04,72.03159889927916
2015-01-05,0.0001850393962378722
2015-01-06,0.17187856289975048
2015-01-07,0.17187856289975048
2015-01-08,0.17187856289975048
2015-01-09,0.17187856289975048
2015-01-10,0.17187856289975048
2015-01-11,0.6294889193217019
2015-01-12,4.42680319617377
2015-01-13,2.3110939775209705
2015-01-14,0.5843446739353315
2015-01-15,7.066895956039874
2015-01-16,0.7008412639555383
2015-01-17,0.0092991263240424
2015-01-18,2.389470544689998
2015-01-19,0.0092991263240424
2015-01-20,0.0092991263240424
2015-01-21,0.00010848468470750952
2015-01-22,0.00012039817680797674
2015-01-23,40.78065600681599
2015-01-24,1.827226047658232
2015-01-25,0.00010848468470750952
2015-01-26,0.6036442920757953
2015-01-27,4.721035986621161e-05
2015-01-28,4.721035986621161e-05
2015-01-29,0.00025696511985140685
2015-01-30,0.23132344543398145
2015-01-31,4.721035986621161e-05
2015-02-01,19.547275206024853
2015-02-02,21.081722984652817
2015-02-03,0.00022222607198940173
2015-02-04,0.0018130886458773987
2015-02-05,0.031180410850248266
2015-02-06,4.388246265383282e-05
2015-02-07,4.388246265383282e-05
2015-02-08,4.535573406596439e-05
2015-02-09,5.447486105679571
2015-02-10,0.0016151831752869202
2015-02-11,0.0
2015-02-12,0.0
2015-02-13,0.0
2015-02-14,0.0
2015-02-15,0.0
2015-02-16,1.9785051659698953
2015-02-17,6.733456979829081
2015-02-18,0.0014909705380502416
2015-02-19,4.319922494005572e-05
2015-02-20,0.026505709375649715
2015-02-21,0.05315882938710238
2015-02-22,21.85256053478766
2015-02-23,22.914966022020433
2015-02-24,11.986754260649365
2015-02-25,25.577400488153764
2015-02-26,4.6246484134126246e-05
2015-02-27,3.029067615781518e-10
2015-02-28,3.029067615781518e-10
2015-03-01,0.8945265551499328
2015-03-02,4.337906510651229
2015-03-03,3.2702975379810386
2015-03-04,0.2133523092549454
2015-03-05,5.332438239004461
2015-03-06,8.093701087141023e-05
2015-03-07,8.093701087141023e-05
2015-03-08,8.093701087141023e-05
2015-03-09,0.6917853076965758
2015-03-10,7.246109236325077
2015-03-11,14.50400684878095
2015-03-12,0.7456462470021434
2015-03-13,20.945381493037402
2015-03-14,8.420868643297464
2015-03-15,0.0412801840371522
2015-03-16,5.47282476216761e-05
2015-03-17,5.47282476216761e-05
2015-03-18,5.47282476216761e-05
2015-03-19,6.208702046417666
2015-03-20,1.8578005046189927
2015-03-21,0.07732621335615783
2015-03-22,15.93730363451981
2015-03-23,1.596686358923159
2015-03-24,0.006903700159159335
2015-03-25,0.06877175541811459
2015-03-26,0.6064683339738012
2015-03-27,6.001269796078109
2015-03-28,0.04673788980912615
2015-03-29,0.00013452254377919608
2015-03-30,9.283512179816572
2015-03-31,12.45029226103397
2015-04-01,14.301720541843565
2015-04-02,2.3126069133902205
2015-04-03,0.011415275227096023
2015-04-04,8.525954498561823
2015-04-05,0.00044657960745511557
2015-04-06,2.768294225321553
2015-04-07,8.698281387644846
2015-04-08,0.035019247242341234
2015-04-09,0.2257729234785236
2015-04-10,11.241719825983932
2015-04-11,1.4735190475500657
2015-04-12,0.238183827185571
2015-04-13,13.174454768389728
2015-04-14,17.71443601742201
2015-04-15,11.822513125061734
2015-04-16,5.681777102664179
2015-04-17,12.420998473724282
2015-04-18,1.4795601278935344
2015-04-19,42.78708993713864
2015-04-20,3.1929252352383055
2015-04-21,0.0003016108732904768
2015-04-22,0.0003016108732904768
2015-04-23,0.6719496887616985
2015-04-24,0.0003037850757588831
2015-04-25,28.122632179839528
2015-04-26,0.08837915142640332
2015-04-27,0.002102650817705356
2015-04-28,1.6641317163269873
2015-04-29,19.528512491203728
2015-04-30,0.000632616273168546
2015-05-01,0.0
2015-05-02,0.0
2015-05-03,0.0
2015-05-04,0.0
2015-05-05,0.0
2015-05-06,0.0013278829472488179
2015-05-07,0.0013213917447769579
2015-05-08,0.06637532222394449
2015-05-09,0.14558153002474436
2015-05-10,0.3782367329342167
2015-05-11,0.0003162676155117656
2015-05-12,2.9146444188964153
2015-05-13,0.00011229779198108083
2015-05-14,0.0027444276852911405
2015-05-15,0.8766912339922643
2015-05-16,0.47490864596920584
2015-05-17,13.82325551568895
2015-05-18,1.7315644282482463
2015-05-19,5.101585155155624
2015-05-20,0.3341319504450099
2015-05-21,0.03177920668011966
2015-05-22,0.00010551686983651901
2015-05-23,0.00010551686983651901
2015-05-24,0.19936531045438405
2015-05-25,3.2121270559773833
2015-05-26,34.0006972175065
2015-05-27,13.015374158224137
2015-05-28,17.719393568030696
2015-05-29,0.14000089277379232
2015-05-30,0.008743579532851174
2015-05-31,1.1591281477331155
2015-06-01,4.477462911154186
2015-06-02,1.1597883532751623
2015-06-03,0.061029448192194836
2015-06-04,0.3300163656423837
2015-06-05,0.04452624944221068
2015-06-06,0.00015078809270253064
2015-06-07,0.0017096966921443088
2015-06-08,0.1539121703429024
2015-06-09,20.200221427839452
2015-06-10,9.742923424725467
2015-06-11,1.7961551598328724
2015-06-12,11.316399488260563
2015-06-13,0.055201858737339335
2015-06-14,0.040771820576027004
2015-06-15,0.6748146164068684
2015-06-16,0.033897330865982116
2015-06-17,0.08605346541321765
2015-06-18,0.16499315578766247
2015-06-19,0.1519620434988325
2015-06-20,0.4963632062563495
2015-06-21,0.7959730564172267
2015-06-22,5.855624176809133
2015-06-23,0.32410198045906186
2015-06-24,22.61638251890488
2015-06-25,1.6707028218247975
2015-06-26,1.7016031815006478
2015-06-27,9.77665997118568
2015-06-28,1.2711568791963572
2015-06-29,5.536032259228421e-05
2015-06-30,12.744331997351521
2015-07-01,14.081195059247314
2015-07-02,13.501342803007931
2015-07-03,12.322478937060591
2015-07-04,8.66290980332409
2015-07-05,13.472932406620306
2015-07-06,1.3626887575647206
2015-07-07,0.788604962739711
2015-07-08,0.46412254382105717
2015-07-09,1.263918217401074
2015-07-10,4.124094791317923
2015-07-11,0.1385000987893568
2015-07-12,0.06800474632634675
2015-07-13,0.20109854720892592
2015-07-14,0.010982169651384509
2015-07-15,5.932919647186457
2015-07-16,1.9404922531709266
2015-07-17,0.010247805397893823
2015-07-18,0.2606611032561595
2015-07-19,9.889603821032214
2015-07-20,0.10919255613233039
2015-07-21,1.5933392089451068
2015-07-22,4.367367186217115
2015-07-23,9.374931320416541
2015-07-24,11.977340305254483
2015-07-25,2.557297607811468
2015-07-26,0.14340513031406016
2015-07-27,0.5508844014237526
2015-07-28,1.738612585428764
2015-07-29,4.760829808005399
2015-07-30,2.004908170843489
2015-07-31,0.12181419149208567
2015-08-01,0.9880719287633326
2015-08-02,0.00014053276953646693
2015-08-03,0.00014053276953646693
2015-08-04,0.00014053276953646693
2015-08-05,0.27123861717181497
2015-08-06,2.686308949475919
2015-08-07,22.346610110516178
2015-08-08,2.293792753713611
2015-08-09,0.14684852736068096
2015-08-10,2.1432272597317548
2015-08-11,22.195614334491697
2015-08-12,0.008896863245241908
2015-08-13,0.0003233413862705737
2015-08-14,2.1052876836234637
2015-08-15,0.0034600672367730225
2015-08-16,0.8575191849045197
2015-08-17,12.509445456308644
2015-08-18,9.15447955918528
2015-08-19,7.848513438758604
2015-08-20,1.8985642251416015
2015-08-21,2.988735272530674
2015-08-22,10.861534642946769
2015-08-23,10.051477033056521
2015-08-24,3.4904439774468963
2015-08-25,0.00018463754132426414
2015-08-26,0.00014626865563271665
2015-08-27,0.0013846123954506808
2015-08-28,0.5571019046340883
2015-08-29,7.3138704740147755
2015-08-30,14.451299434541045
2015-08-31,1.3776931956827478
2015-09-01,0.2360685927091614
2015-09-02,0.28222591199026453
2015-09-03,0.8481743042568586
2015-09-04,0.4231642125194034
2015-09-05,5.951330408329187
2015-09-06,3.4649505436471615
2015-09-07,0.12556078416388392
2015-09-08,3.8091467244613773
2015-09-09,5.234129940576162
2015-09-10,19.554670776415193
2015-09-11,5.59552138275581
2015-09-12,8.081197516174377
2015-09-13,0.000519342020108403
2015-09-14,0.000519342020108403
2015-09-15,0.001860664513705119
2015-09-16,0.022794162935642005
2015-09-17,0.0539267195453033
2015-09-18,0.00102538944951776
2015-09-19,0.00102538944951776
2015-09-20,1.6206584128657047
2015-09-21,0.3493402734649985
2015-09-22,0.5366753817717651
2015-09-23,0.07880810607646181
2015-09-24,0.06288669095103207
2015-09-25,4.020348649257949
2015-09-26,0.475008736680391
2015-09-27,2.7856327686131532
2015-09-28,5.688343550075364
2015-09-29,10.660765087281074
2015-09-30,2.669134098137233
2015-10-01,0.3286333161509135
2015-10-02,6.941970243828609
2015-10-03,0.7755254238374111
2015-10-04,1.6738649913474246
2015-10-05,0.45411779996932206
2015-10-06,0.021450213039058735
2015-10-07,0.04834206884005781
2015-10-08,7.642942990398072e-05
2015-10-09,0.0006467217764147556
2015-10-10,6.500127720274418
2015-10-11,0.024296401647217043
2015-10-12,0.018996810294221372
2015-10-13,2.2442446779019756
2015-10-14,0.0006500407450768528
2015-10-15,0.0006500407450768528
2015-10-16,0.0
2015-10-17,0.0
2015-10-18,0.0
2015-10-19,0.0
2015-10-20,0.0
2015-10-21,0.0012183086447898677
2015-10-22,0.0012183086447898677
2015-10-23,0.0012183086447898677
2015-10-24,2.5122675299748347
2015-10-25,0.30156487008371063
2015-10-26,28.208973766028596
2015-10-27,5.210410844125025
2015-10-28,5.9351533309458615
2015-10-29,2.468915734340993
2015-10-30,0.00010693792923436684
2015-10-31,2.8826100477348895
2015-11-01,12.52165829713994
2015-11-02,37.863679031028525
2015-11-03,0.3667357139693775
2015-11-04,0.1428907969653687
2015-11-05,0.3965619177217984
2015-11-06,1.5048373110779119
2015-11-07,6.736518464675692
2015-11-08,11.235359386687191
2015-11-09,25.839953328881414
2015-11-10,0.09096852963389467
2015-11-11,0.01466575048989777
2015-11-12,3.9211532189972838
2015-11-13,0.0008037484906827671
2015-11-14,0.0008037484906827671
2015-11-15,0.02729768379531351
2015-11-16,0.00011729631636506926
2015-11-17,0.0007943435088825226
2015-11-18,40.59336849480292
2015-11-19,31.05902669028874
2015-11-20,0.00011729631636506926
2015-11-21,2.311626279570561
2015-11-22,0.009269406637074467
2015-11-23,0.004647434890558595
2015-11-24,0.004647434890558595
2015-11-25,0.004647434890558595
2015-11-26,0.0001653374497497626
2015-11-27,0.0001653374497497626
2015-11-28,0.00017843273926827785
2015-11-29,0.024891404021096106
2015-11-30,1.8533455073433893
2015-12-01,5.999368031254406
2015-12-02,33.763895008769616
2015-12-03,0.0002144305298264889
2015-12-04,0.0002144305298264889
2015-12-05,0.0002144305298264889
2015-12-06,0.01675014389925236
2015-12-07,0.00015294975277609465
2015-12-08,0.00015294975277609465
2015-12-09,0.024235397934210732
2015-12-10,0.6955170811610717
2015-12-11,1.1461498519471365
2015-12-12,0.0001223890036870911
2015-12-13,0.034841547994931533
2015-12-14,13.226484500372505
2015-12-15,0.00011757591484029298
2015-12-16,0.8283914257498249
2015-12-17,4.961418175203658
2015-12-18,1.607888250984712e-05
2015-12-19,1.607888250984712e-05
2015-12-20,1.607888250984712e-05
2015-12-21,3.0498411204585736
2015-12-22,39.04630707777471
2015-12-23,37.046338230977746
2015-12-24,45.66926585229351
2015-12-25,13.572105436541436
2015-12-26,3.0422869215260326
2015-12-27,1.7228197686478839
2015-12-28,30.944343104627222
2015-12-29,25.490738058762577
2015-12-30,48.051163493065516
2015-12-31,11.286941966121027
2016-01-01,3.471845029212058
2016-01-02,0.0
2016-01-03,0.0
2016-01-04,0.0
2016-01-05,0.0
2016-01-06,0.0
2016-01-07,0.20708642510889055
2016-01-08,1.923021565178248
2016-01-09,1.6049995091965676
2016-01-10,4.91055203338568
2016-01-11,0.0
2016-01-12,0.0
2016-01-13,0.0
2016-01-14,0.0
2016-01-15,26.437153063236654
2016-01-16,0.8844308541796687
2016-01-17,1.60349226743843
2016-01-18,0.003261105505973721
2016-01-19,0.0
2016-01-20,16.812401715479815
2016-01-21,3.156087752702136
2016-01-22,50.04250120505494
2016-01-23,0.6320463991296298
2016-01-24,0.0
2016-01-25,0.0
2016-01-26,5.252971862308934
2016-01-27,23.246449400801712
2016-01-28,0.0185449345302855
2016-01-29,0.0
2016-01-30,0.0
2016-01-31,0.19845459911098312
2016-02-01,1.434422571192109
2016-02-02,0.4706048606360776
2016-02-03,30.846123532396714
2016-02-04,0.0
2016-02-05,0.0
2016-02-06,0.0
2016-02-07,0.0
2016-02-08,0.25451390657222017
2016-02-09,1.384110043928865
2016-02-10,0.0037493536123372885
2016-02-11,0.0
2016-02-12,0.0005073117466125425
2016-02-13,0.0
2016-02-14,0.0
2016-02-15,8.25107464407113
2016-02-16,28.734675760417495
2016-02-17,1.2728232212526303
2016-02-18,0.0
2016-02-19,0.0
2016-02-20,0.03616468800150133
2016-02-21,2.625056884897379
2016-02-22,23.396474268593252
2016-02-23,31.156316404674133
2016-02-24,32.17744056432453
2016-02-25,0.03505638983765159
2016-02-26,0.0
2016-02-27,0.0
2016-02-28,0.0
2016-02-29,9.268062736393956e-06
2016-03-01,0.875571524968683
2016-03-02,14.430760096501233
2016-03-03,18.345851755708413
2016-03-04,1.7512723319668402
2016-03-05,0.0
2016-03-06,0.0
2016-03-07,0.0
2016-03-08,0.0
2016-03-09,0.059351223305385066
2016-03-10,2.588695724039178
2016-03-11,0.2595475226896625
2016-03-12,5.384506734444339
2016-03-13,13.09031356853204
2016-03-14,1.0179721886414157
2016-03-15,0.0
2016-03-16,0.014849438697913537
2016-03-17,0.008510010232355687
2016-03-18,2.9025768331888337
2016-03-19,14.877383099306208
2016-03-20,0.0003527110317826731
2016-03-21,0.0
2016-03-22,0.0
2016-03-23,0.008518769335999876
2016-03-24,4.199582549984764
2016-03-25,8.776313118404461
2016-03-26,0.2763243606692734
2016-03-27,9.44744451325168
2016-03-28,0.39192846377549223
2016-03-29,0.0
2016-03-30,3.4563001290988496e-07
2016-03-31,11.278714005653859
2016-04-01,37.62203104201274
2016-04-02,10.483550626371187
2016-04-03,0.0
2016-04-04,0.0
2016-04-05,0.0
2016-04-06,0.01959848925236873
2016-04-07,5.94658881728466
2016-04-08,0.24127997158890696
2016-04-09,0.0
2016-04-10,0.05102924782777962
2016-04-11,4.649956050361695
2016-04-12,43.74160348774357
2016-04-13,3.712648293763747
2016-04-14,17.32450105375634
2016-04-15,2.1173191715217308
2016-04-16,0.0
2016-04-17,0.0
2016-04-18,0.0
2016-04-19,0.0
2016-04-20,0.0
2016-04-21,0.22634634878619356
2016-04-22,10.819911559626817
2016-04-23,1.2444589999822786
2016-04-24,0.0
2016-04-25,0.02532317530641862
2016-04-26,0.5895136188113274
2016-04-27,0.8487595608973806
2016-04-28,36.406438126067755
2016-04-29,0.06778719312414591
2016-04-30,1.9918240515506214
2016-05-01,5.392919078285453
2016-05-02,2.242777312918666
2016-05-03,22.927934087253146
2016-05-04,0.0016038856640395722
2016-05-05,0.1613999002927164
2016-05-06,0.0
2016-05-07,0.0
2016-05-08,0.0
2016-05-09,0.13076946396170833
2016-05-10,1.7761882366754278
2016-05-11,0.6742823303669474
2016-05-12,1.7869014138584554
2016-05-13,2.0263043828549248
2016-05-14,0.0
2016-05-15,0.0
2016-05-16,0.16302946931700432
2016-05-17,1.6270020187380716
2016-05-18,2.31366576881703
2016-05-19,1.8700361653522186
2016-05-20,21.159704379896304
2016-05-21,2.2296958154961537
2016-05-22,0.0
2016-05-23,0.0
2016-05-24,0.0
2016-05-25,0.0
2016-05-26,0.13920593055104177
2016-05-27,0.09687908269536488
2016-05-28,0.014588914757841142
2016-05-29,0.12549945952369468
2016-05-30,0.02346084071903683
2016-05-31,0.029849265941277327
2016-06-01,0.7017511777038636
2016-06-02,0.14289438964263107
2016-06-03,0.0027741470848390956
2016-06-04,0.5628418878645658
2016-06-05,29.262154519878923
2016-06-06,1.9298759952181288
2016-06-07,0.18590929010018517
2016-06-08,0.0
2016-06-09,0.0
2016-06-10,0.0
2016-06-11,0.07161898298315202
2016-06-12,2.3342642897097274
2016-06-13,0.13249637286582566
2016-06-14,0.3918942949053751
2016-06-15,4.628869223577142
2016-06-16,9.639536767292686
2016-06-17,8.65641150967817
2016-06-18,2.434412859890127
2016-06-19,0.003991422863864781
2016-06-20,0.0
2016-06-21,0.0
2016-06-22,1.4760964832524415
2016-06-23,0.3712098334606946
2016-06-24,0.8118224039828641
2016-06-25,0.49260421485003086
2016-06-26,0.6888467456458067
2016-06-27,1.988541668955197
2016-06-28,5.608818388093585
2016-06-29,0.04835478590786706
2016-06-30,0.006254309905379345
2016-07-01,0.0
2016-07-02,0.0
2016-07-03,0.03754616284386758
2016-07-04,0.15513154091903347
2016-07-05,1.6793380876564241
2016-07-06,1.4350432344710207
2016-07-07,2.3231524010810554
2016-07-08,0.8972504563551683
2016-07-09,3.5773433603785487
2016-07-10,8.293315751832909
2016-07-11,22.60821662973166
2016-07-12,18.202915823090912
2016-07-13,6.985048764789565
2016-07-14,7.575930658846551
2016-07-15,1.695518222708147
2016-07-16,6.6715105926094855
2016-07-17,5.849341582261775
2016-07-18,1.4039775809653374
2016-07-19,4.102002881520423
2016-07-20,0.4764805162561137
2016-07-21,22.73049680310582
2016-07-22,2.87259292696253
2016-07-23,1.2047257061049317
2016-07-24,0.2793925135284837
2016-07-25,0.29926099847401394
2016-07-26,0.14326767499045434
2016-07-27,0.8872806595469025
2016-07-28,1.6370157228848043
2016-07-29,1.8306204868731004
2016-07-30,0.9466287737992138
2016-07-31,6.494121154325155
2016-08-01,4.091742382625798
2016-08-02,7.287018519958101
2016-08-03,5.700996762602793
2016-08-04,1.5867613892387744
2016-08-05,9.259138383332678
2016-08-06,1.3218032451206194
2016-08-07,0.9374869001694021
2016-08-08,8.758162318358654
2016-08-09,3.776326384101523
2016-08-10,7.713030024411326
2016-08-11,0.05257010673242556
2016-08-12,0.02905483525760978
2016-08-13,0.022261063180710736
2016-08-14,0.0029605570992010852
2016-08-15,0.00022026852361591985
2016-08-16,0.08596010487804039
2016-08-17,7.197618558550726
2016-08-18,6.797324013875977
2016-08-19,0.7033872849794848
2016-08-20,24.55080090153257
2016-08-21,10.095220814055171
2016-08-22,0.43545437946928933
2016-08-23,0.2054455988039694
2016-08-24,0.5803395092989464
2016-08-25,0.1997702057126758
2016-08-26,0.44351533708967467
2016-08-27,0.14625329446755875
2016-08-28,0.02030107101609144
2016-08-29,0.44051985910484887
2016-08-30,0.34049086036652443
2016-08-31,0.052453194212595596
2016-09-01,8.516650261871117
2016-09-02,1.7020245232249906
2016-09-03,3.996238406754703
2016-09-04,0.23481207607844526
2016-09-05,0.0384855810659332
2016-09-06,0.0
2016-09-07,0.0
2016-09-08,0.09912975171113954
2016-09-09,0.0
2016-09-10,1.6474934660690066
2016-09-11,11.270381988704147
2016-09-12,4.055634490286845
2016-09-13,0.5647397815188179
2016-09-14,0.006665528029869531
2016-09-15,0.5207184681686942
2016-09-16,0.019651956093229134
2016-09-17,1.2742021214379942
2016-09-18,9.806833999924319
2016-09-19,0.6513846900249008
2016-09-20,0.0036409877908804775
2016-09-21,0.012187303601495184
2016-09-22,0.07207974120072695
2016-09-23,0.0036215618892229797
2016-09-24,0.015364576420379347
2016-09-25,1.3552135050182774
2016-09-26,0.010606250071039887
2016-09-27,0.4656598538420264
2016-09-28,2.8149589224876614e-05
2016-09-29,0.0
2016-09-30,0.0
2016-10-01,0.0
2016-10-02,0.2762494628386297
2016-10-03,0.0
2016-10-04,0.18221798807113618
2016-10-05,0.0
2016-10-06,0.0
2016-10-07,1.5387695837096373
2016-10-08,0.0
2016-10-09,0.0
2016-10-10,0.0
2016-10-11,0.0
2016-10-12,0.0
2016-10-13,0.0
2016-10-14,0.0
2016-10-15,1.6888742152654779
2016-10-16,0.0
2016-10-17,0.0
2016-10-18,0.0
2016-10-19,0.0
2016-10-20,0.0
2016-10-21,0.2530629674274347
2016-10-22,0.0
2016-10-23,0.0
2016-10-24,0.0
2016-10-25,0.0
2016-10-26,0.011459460155512632
2016-10-27,1.2888394392180347
2016-10-28,0.0
2016-10-29,0.0
2016-10-30,0.0
2016-10-31,0.0
2016-11-01,0.0
2016-11-02,1.0197239952510424
2016-11-03,0.04291080319593093
2016-11-04,0.0
2016-11-05,0.0
2016-11-06,0.1963045984592235
2016-11-07,0.1963045984592235
2016-11-08,3.201733113158572
2016-11-09,2.1701480184302753
2016-11-10,0.1963045984592235
2016-11-11,0.0
2016-11-12,0.0
2016-11-13,0.06312192251539207
2016-11-14,0.0
2016-11-15,3.9323624273439304
2016-11-16,5.111426287815854e-06
2016-11-17,0.0
2016-11-18,0.0
2016-11-19,1.0677653250149353
2016-11-20,0.0
2016-11-21,0.0
2016-11-22,0.0
2016-11-23,0.0
2016-11-24,1.2658582145889241
2016-11-25,0.0
2016-11-26,0.0
2016-11-27,0.0
2016-11-28,0.46647127812638595
2016-11-29,46.147883092145356
2016-11-30,14.28490840433376
2016-12-01,0.041823450416767556
2016-12-02,0.0
2016-12-03,1.2557821485719576
2016-12-04,28.412279077103083
2016-12-05,22.36707983466009
2016-12-06,0.7846722502405162
2016-12-07,0.00035265694460115735
2016-12-08,0.00045118858410728564
2016-12-09,0.0
2016-12-10,0.0
2016-12-11,0.00567816358041594
2016-12-12,2.152604220218577
2016-12-13,5.423166698372847
2016-12-14,7.55457066989719
2016-12-15,0.0
2016-12-16,0.0
2016-12-17,1.7153425744582491
2016-12-18,14.55435158100801
2016-12-19,3.669799030790883
2016-12-20,0.0879088342429434
2016-12-21,0.0
2016-12-22,0.0
2016-12-23,0.0
2016-12-24,0.0
2016-12-25,0.0
2016-12-26,0.331918813401775
2016-12-27,2.2571394917775196
2016-12-28,0.05595366898500844
2016-12-29,7.3427915429750765
2016-12-30,0.0
2016-12-31,1.4947411429159765
2017-01-01,44.372511918708945
2017-01-02,55.16245392810587
2017-01-03,27.53280445707657
2017-01-04,0.14337402921338535
2017-01-05,0.0
2017-01-06,8.259967850018736
2017-01-07,6.004659728307983
2017-01-08,0.0
2017-01-09,0.0
2017-01-10,0.02939274351608798
2017-01-11,0.9333282792473973
2017-01-12,0.10629751165670916
2017-01-13,0.13135190160142696
2017-01-14,0.00825834246549326
2017-01-15,0.0042415192736061855
2017-01-16,0.03325621633325877
2017-01-17,0.29167835423052835
2017-01-18,2.48244964913555
2017-01-19,5.743543827768832
2017-01-20,22.407599573001963
2017-01-21,35.09417277918011
2017-01-22,38.44411730590171
2017-01-23,22.155457498235137
2017-01-24,0.0003513479463486551
2017-01-25,0.00035848675040788235
2017-01-26,12.810792848305407
2017-01-27,0.0
2017-01-28,0.0
2017-01-29,0.30441696154585546
2017-01-30,1.7197774906800642e-06
2017-01-31,0.0
2017-02-01,0.043178966955944455
2017-02-02,0.30220600610442877
2017-02-03,0.7960687804151058
2017-02-04,0.0
2017-02-05,0.8770689258105784
2017-02-06,1.2484021042049658
2017-02-07,26.985847940008508
2017-02-08,22.156823145504426
2017-02-09,3.5912545066874375
2017-02-10,0.0
2017-02-11,0.498057268323106
2017-02-12,0.6686533672797174
2017-02-13,0.17063468475451812
2017-02-14,0.0
2017-02-15,5.415667276358093
2017-02-16,0.0
2017-02-17,0.0
2017-02-18,10.444938093798159
2017-02-19,2.6936729911509603
2017-02-20,0.0
2017-02-21,9.989251820765322
2017-02-22,12.345901669124098
2017-02-23,0.10740166959317667
2017-02-24,1.2669923219796092e-06
2017-02-25,1.7175075846521088
2017-02-26,0.0
2017-02-27,6.651993138703629
2017-02-28,0.10986257468378512
2017-03-01,2.9869551741644442
2017-03-02,13.324126755739554
2017-03-03,0.0
2017-03-04,0.0
2017-03-05,0.028410603518386538
2017-03-06,0.0016569556377576502
2017-03-07,12.444681426109268
2017-03-08,20.485885254930796
2017-03-09,0.0
2017-03-10,7.547395162079203
2017-03-11,1.3368879391171606
2017-03-12,19.283882796257547
2017-03-13,4.121681826137655
2017-03-14,16.515702075491333
2017-03-15,0.0
2017-03-16,0.0
2017-03-17,0.0
2017-03-18,4.976780679468642
2017-03-19,0.0
2017-03-20,0.0
2017-03-21,0.0027703995758523196
2017-03-22,0.15662304372084518
2017-03-23,0.0006345968729813271
2017-03-24,0.001012463922537215
2017-03-25,0.1386460686184497
2017-03-26,12.815293543904573
2017-03-27,0.6636013489513085
2017-03-28,4.259094716858076
2017-03-29,0.21080309616269574
2017-03-30,4.226117226129962
2017-03-31,17.56445260002109
2017-04-01,0.0
2017-04-02,0.0
2017-04-03,19.485370489650336
2017-04-04,0.3877740160931633
2017-04-05,37.56897136628998
2017-04-06,0.0
2017-04-07,0.0
2017-04-08,0.0
2017-04-09,0.0
2017-04-10,0.0
2017-04-11,0.08555145488671237
2017-04-12,2.6344005824386034
2017-04-13,0.4898850751899378
2017-04-14,0.0771161969472528
2017-04-15,0.23067551616339602
2017-04-16,0.0
2017-04-17,0.0
2017-04-18,0.0
2017-04-19,0.0
2017-04-20,0.0
2017-04-21,0.029987334161626775
2017-04-22,0.003114627784101113
2017-04-23,3.7531780372019075
2017-04-24,0.025539786623860694
2017-04-25,0.0
2017-04-26,0.0
2017-04-27,13.024133197322207
2017-04-28,0.6576923980359483
2017-04-29,0.32024082767118905
2017-04-30,2.3459272492515852
2017-05-01,25.846602060636616
2017-05-02,0.0
2017-05-03,0.0
2017-05-04,23.527798996687167
2017-05-05,15.741476353709297
2017-05-06,0.0
2017-05-07,0.0
2017-05-08,0.0
2017-05-09,0.0
2017-05-10,0.0
2017-05-11,0.0
2017-05-12,0.3084111261652606
2017-05-13,2.036737211247429
2017-05-14,0.00021022040055209106
2017-05-15,0.0
2017-05-16,0.0
2017-05-17,0.36060474945841936
2017-05-18,2.9680189391008085
2017-05-19,0.8331266753510397
2017-05-20,7.075014642857971
2017-05-21,29.685922214811757
2017-05-22,21.499643111842914
2017-05-23,34.70137365315653
2017-05-24,19.629232821280127
2017-05-25,4.7463957904642236
2017-05-26,0.0
2017-05-27,0.15983026317698396
2017-05-28,16.215778444557234
2017-05-29,6.3168260630874515
2017-05-30,4.84860672179133
2017-05-31,0.3567893355823041
2017-06-01,6.788755786479436
2017-06-02,7.783782682772097
2017-06-03,8.146517312595925
2017-06-04,5.183171741285909
2017-06-05,13.762965121793185
2017-06-06,27.88556696946988
2017-06-07,2.2429874546735533
2017-06-08,1.9889262280114883
2017-06-09,0.0
2017-06-10,0.0
2017-06-11,1.1740255123736523
2017-06-12,1.5688626140478714
2017-06-13,1.110474296633855
2017-06-14,0.05517645581235774
2017-06-15,5.948753257810876
2017-06-16,7.062523035223952
2017-06-17,6.661124013261351
2017-06-18,13.330419230556764
2017-06-19,2.366754232981856
2017-06-20,23.888170202988128
2017-06-21,29.56460618811081
2017-06-22,43.31293342526015
2017-06-23,6.458249344379322
2017-06-24,44.10177178188771
2017-06-25,5.110581528036321
2017-06-26,0.0
2017-06-27,0.0004100786241327414
2017-06-28,0.11876955691811973
2017-06-29,6.240954958376106
2017-06-30,26.08969243528792
2017-07-01,3.9314327049687843
2017-07-02,3.060283727815046
2017-07-03,5.359644655624754
2017-07-04,0.7456535334047742
2017-07-05,0.4224956176407156
2017-07-06,3.1011765706427066
2017-07-07,4.712883249312099
2017-07-08,6.594405693939452
2017-07-09,0.5646361930903493
2017-07-10,0.37374403361190617
2017-07-11,1.6594281265597812
2017-07-12,0.6141573432205586
2017-07-13,4.0978344359356225
2017-07-14,15.221293676274785
2017-07-15,4.021066877828367
2017-07-16,4.37490312475081
2017-07-17,7.2030790155789814
2017-07-18,0.9394913673653003
2017-07-19,0.1716216047575757
2017-07-20,2.4027997736455124
2017-07-21,0.5039177104398829
2017-07-22,1.732641835330506
2017-07-23,0.5660788542622934
2017-07-24,6.716229817671606
2017-07-25,6.44105706259973
2017-07-26,8.238075519282098
2017-07-27,10.074558748904519
2017-07-28,8.948709168465694
2017-07-29,7.004853389431224
2017-07-30,0.09101889546435943
2017-07-31,0.0
2017-08-01,4.6296181000772576e-06
2017-08-02,0.10778287342068876
2017-08-03,9.694623528579596
2017-08-04,4.829906449056963
2017-08-05,3.5341003426398037
2017-08-06,0.8317203968022181
2017-08-07,3.6559776893990334
2017-08-08,15.226672311507162
2017-08-09,3.7168481462094176
2017-08-10,6.93809660625978
2017-08-11,33.935511173504295
2017-08-12,6.431600389885013
2017-08-13,0.8346898462272527
2017-08-14,7.651365222680455
2017-08-15,3.082735617531143
2017-08-16,1.6706452066708433
2017-08-17,4.345329117250716
2017-08-18,0.09081096327333214
2017-08-19,4.828300634224168e-08
2017-08-20,0.09055324764024363
2017-08-21,0.0
2017-08-22,0.0
2017-08-23,0.0
2017-08-24,0.0
2017-08-25,0.0
2017-08-26,0.11970554586010114
2017-08-27,0.0376668068464371
2017-08-28,0.0
2017-08-29,0.41807598592926304
2017-08-30,30.879531088181263
2017-08-31,11.571239591143536
2017-09-01,8.1805594994922
2017-09-02,0.03363503859348464
2017-09-03,0.0
2017-09-04,0.010472803775015138
2017-09-05,6.60316989592858
2017-09-06,12.136141928357972
2017-09-07,0.0
2017-09-08,0.0
2017-09-09,0.0
2017-09-10,0.4585741277305083
2017-09-11,52.39348721555179
2017-09-12,15.349055962218902
2017-09-13,0.917138477233599
2017-09-14,0.7249743085208622
2017-09-15,0.08308391276508832
2017-09-16,4.339210112095019
2017-09-17,1.5016841042776836
2017-09-18,0.055170242750847705
2017-09-19,4.672056932205415
2017-09-20,5.021864221535672
2017-09-21,0.5522010940231171
2017-09-22,0.5530103556241412
2017-09-23,0.16160156408387147
2017-09-24,0.07681100186881351
2017-09-25,0.10956152398943807
2017-09-26,0.0
2017-09-27,0.0
2017-09-28,0.0014685148585560635
2017-09-29,0.0032458670590114307
2017-09-30,0.1931174089599459
2017-10-01,0.0
2017-10-02,0.5632865769984372
2017-10-03,0.0
2017-10-04,0.0
2017-10-05,0.0
2017-10-06,0.0
2017-10-07,0.6848598885877634
2017-10-08,76.18134086804099
2017-10-09,7.510940271210499
2017-10-10,1.8533193341231233
2017-10-11,0.7647760354198693
2017-10-12,0.0042275590400344155
2017-10-13,0.9642216603713444
2017-10-14,0.7810595653734629
2017-10-15,2.194492512653358
2017-10-16,7.9700536104523625
2017-10-17,0.0
2017-10-18,0.0
2017-10-19,0.0
2017-10-20,0.0
2017-10-21,0.0016108311728918073
2017-10-22,0.06498604818161349
2017-10-23,15.555028334575931
2017-10-24,0.0
2017-10-25,0.0
2017-10-26,0.0
2017-10-27,0.09838484311669095
2017-10-28,9.547338957049979
2017-10-29,0.004594331511977022
2017-10-30,0.0
2017-10-31,0.0
2017-11-01,1.583509902585775
2017-11-02,2.371825255010095
2017-11-03,0.21451209770287033
2017-11-04,0.15269664866247123
2017-11-05,0.090827656484347
2017-11-06,0.44894191775458003
2017-11-07,3.449045691315241
2017-11-08,1.5830328178309276
2017-11-09,11.707490880991042
2017-11-10,0.00972887808690839
2017-11-11,0.022115329795747707
2017-11-12,1.9396587338030682
2017-11-13,0.1845646055212115
2017-11-14,0.0
2017-11-15,0.0
2017-11-16,0.00401840017949116
2017-11-17,0.0
2017-11-18,0.13842564604651197
2017-11-19,2.9156228496262933
2017-11-20,0.0
2017-11-21,1.2887037639514638
2017-11-22,0.09752546517299744
2017-11-23,0.0
2017-11-24,0.0
2017-11-25,0.12752126535684327
2017-11-26,0.0
2017-11-27,0.0
2017-11-28,0.0
2017-11-29,0.00027654107839989784
2017-11-30,1.3493993270236866
2017-12-01,0.0
2017-12-02,0.0
2017-12-03,0.0
2017-12-04,0.0
2017-12-05,0.0
2017-12-06,15.334999681760381
2017-12-07,0.91240707710248
2017-12-08,28.6798131765751
2017-12-09,4.3990287250205125
2017-12-10,0.0
2017-12-11,0.07688425856100418
2017-12-12,0.07688425856100418
2017-12-13,0.07688425856100418
2017-12-14,0.07688425856100418
2017-12-15,0.07688425856100418
2017-12-16,0.0
2017-12-17,9.303071476997049
2017-12-18,3.798687701551778
2017-12-19,0.8937429979773821
2017-12-20,16.510369713190958
2017-12-21,0.0
2017-12-22,0.0
2017-12-23,0.0
2017-12-24,0.0
2017-12-25,0.0
2017-12-26,5.702152996090915e-06
2017-12-27,4.742827713937012
2017-12-28,0.0
2017-12-29,0.004261223810335046
2017-12-30,0.00033139906492728205
2017-12-31,1.191602716245385
2018-01-01,0.6805222166701437
2018-01-02,0.0
2018-01-03,0.3690272729645548
2018-01-04,0.0
2018-01-05,0.0
2018-01-06,0.0
2018-01-07,0.0
2018-01-08,13.768314835802173
2018-01-09,4.547850653211497
2018-01-10,0.04252597762716152
2018-01-11,0.47606338232044576
2018-01-12,3.190637293931826
2018-01-13,0.0
2018-01-14,0.0
2018-01-15,0.0
2018-01-16,0.44653068442114247
2018-01-17,3.015959365710194
2018-01-18,0.0
2018-01-19,0.0
2018-01-20,0.0
2018-01-21,0.0
2018-01-22,10.135472437811575
2018-01-23,8.959597522926362
2018-01-24,0.0
2018-01-25,0.0
2018-01-26,0.0
2018-01-27,5.667918161239415
2018-01-28,32.0325161370836
2018-01-29,0.08930114231966821
2018-01-30,0.0
2018-01-31,0.0
2018-02-01,1.0274345657801207
2018-02-02,9.167046715191283
2018-02-03,0.0
2018-02-04,48.2303811767042
2018-02-05,0.05233857138899784
2018-02-06,0.0057597868288825635
2018-02-07,34.42517179453347
2018-02-08,0.01361276843642472
2018-02-09,0.0
2018-02-10,11.420763409995802
2018-02-11,48.59950245271326
2018-02-12,8.421074926105245
2018-02-13,2.820397941408039
2018-02-14,0.13103559653250257
2018-02-15,0.8052184743282431
2018-02-16,0.14194679519547762
2018-02-17,0.3418771826379099
2018-02-18,0.6210225521845488
2018-02-19,0.028081209675707257
2018-02-20,0.13677696234311293
2018-02-21,0.0
2018-02-22,0.0
2018-02-23,0.0
2018-02-24,0.0
2018-02-25,0.0
2018-02-26,19.9309518712403
2018-02-27,0.0
2018-02-28,5.55620788192672
2018-03-01,0.04455154070044191
2018-03-02,0.0007565156094127903
2018-03-03,0.0
2018-03-04,0.0
2018-03-05,0.0
2018-03-06,28.489480723557968
2018-03-07,0.0
2018-03-08,6.798881086391354e-05
2018-03-09,0.0
2018-03-10,0.3819822697145064
2018-03-11,36.337898861306606
2018-03-12,1.99638736507442
2018-03-13,0.0
2018-03-14,0.0
2018-03-15,0.0
2018-03-16,0.3112196912644945
2018-03-17,2.3880922000727027
2018-03-18,0.29040635677125815
2018-03-19,2.3640670915163797
2018-03-20,1.9873686578078271
2018-03-21,0.010557007273416128
2018-03-22,0.0
2018-03-23,0.0
2018-03-24,0.1827974613097333
2018-03-25,0.5717275174445648
2018-03-26,2.5220710308568686
2018-03-27,0.09396552621094299
2018-03-28,0.05079525637476098
2018-03-29,6.464343358442057
2018-03-30,21.70327027766593
2018-03-31,0.0
2018-04-01,0.0
2018-04-02,8.951000039269624e-06
2018-04-03,1.5613884210204263
2018-04-04,11.334571375998891
2018-04-05,0.0
2018-04-06,0.33689142207782563
2018-04-07,13.348514747881403
2018-04-08,1.325749306640694
2018-04-09,1.008306361182019
2018-04-10,0.7524483970248993
2018-04-11,0.0
2018-04-12,0.0
2018-04-13,0.0
2018-04-14,0.12296729985390312
2018-04-15,39.92086373970198
2018-04-16,0.0
2018-04-17,0.0
2018-04-18,0.0
2018-04-19,0.0
2018-04-20,0.0
2018-04-21,9.86610173377699e-07
2018-04-22,6.442230163895929
2018-04-23,14.812396376055453
2018-04-24,0.43487437302888104
2018-04-25,0.0528183950271794
2018-04-26,8.770194083336946
2018-04-27,0.013882635348578937
2018-04-28,0.0
2018-04-29,0.0
2018-04-30,0.0
2018-05-01,0.23751362370898266
2018-05-02,0.0
2018-05-03,0.0
2018-05-04,0.0
2018-05-05,4.735168067663679
2018-05-06,0.0
2018-05-07,0.0
2018-05-08,0.0
2018-05-09,0.0
2018-05-10,0.0
2018-05-11,0.060142929996594104
2018-05-12,0.0
2018-05-13,0.0
2018-05-14,0.2958611919502066
2018-05-15,0.5256038194008253
2018-05-16,2.7193035958851897
2018-05-17,0.5634613291814279
2018-05-18,1.2811718472580003
2018-05-19,0.8486879265502968
2018-05-20,3.878338034416642
2018-05-21,7.034699509772394
2018-05-22,8.563039918849597
2018-05-23,7.381002488868123
2018-05-24,6.213876046162666
2018-05-25,8.248957175433091
2018-05-26,6.803397784256327
2018-05-27,0.5094059099466279
2018-05-28,24.68763070664866
2018-05-29,27.65307454272309
2018-05-30,31.788804617569365
2018-05-31,3.8533461844333905
2018-06-01,2.769291279066106
2018-06-02,12.889348525219361
2018-06-03,4.903580847782367
2018-06-04,0.0
2018-06-05,0.0
2018-06-06,0.0
2018-06-07,0.0
2018-06-08,0.0020484670822857294
2018-06-09,0.24282049107326648
2018-06-10,0.3255413110955136
2018-06-11,2.696042116475235
2018-06-12,4.101490674761929
2018-06-13,3.5581800121173055
2018-06-14,15.442672494087764
2018-06-15,0.6930288275583926
2018-06-16,2.8276111191558844
2018-06-17,7.284601687584697
2018-06-18,0.7805811850819739
2018-06-19,0.20310532089489655
2018-06-20,0.3269646691635034
2018-06-21,6.883900213490865
2018-06-22,4.653886241962798
2018-06-23,5.890780302012301
2018-06-24,0.3007458504438353
2018-06-25,1.5686306235451095
2018-06-26,11.558282212457522
2018-06-27,7.97891804401249
2018-06-28,2.8177477457160394
2018-06-29,2.4485832629864452
2018-06-30,9.584949946851925
2018-07-01,9.90009862016738
2018-07-02,13.107134977499983
2018-07-03,1.985563746434887
2018-07-04,3.3719728753394724
2018-07-05,0.7206764184935125
2018-07-06,3.7213834289169703
2018-07-07,8.058112952420267
2018-07-08,1.928473331523449
2018-07-09,0.45648658088470495
2018-07-10,0.025312101307440736
2018-07-11,0.33369167877198724
2018-07-12,6.057099118838393
2018-07-13,5.120869110884603
2018-07-14,10.420681971817888
2018-07-15,2.939862144360428
2018-07-16,0.7755093421944155
2018-07-17,3.8480175378861112
2018-07-18,0.2920523228950277
2018-07-19,1.5974456988010068
2018-07-20,0.3191307157794359
2018-07-21,18.863832234964317
2018-07-22,2.270221882925702
2018-07-23,0.8170140171820028
2018-07-24,3.202840237843189
2018-07-25,1.0897884614628235
2018-07-26,0.0
2018-07-27,0.002659807467574015
2018-07-28,0.0323106826365495
2018-07-29,0.014890455833414008
2018-07-30,0.9691374262803154
2018-07-31,15.14314969546845
2018-08-01,37.11799218747278
2018-08-02,10.54004328984705
2018-08-03,1.2455216271772351
2018-08-04,0.7029895763196752
2018-08-05,2.9287191975860565
2018-08-06,0.4732733177063117
2018-08-07,1.1360861077453017
2018-08-08,2.058683876919193
2018-08-09,15.816132284406743
2018-08-10,1.6642663325079465
2018-08-11,0.9964588497646554
2018-08-12,3.648138820869601
2018-08-13,2.020307949385705
2018-08-14,0.4190122260074794
2018-08-15,0.5643444359294562
2018-08-16,0.0763831088005792
2018-08-17,0.3562889072253738
2018-08-18,10.250712546076894
2018-08-19,2.940044072843713
2018-08-20,6.880830593411289
2018-08-21,0.0
2018-08-22,0.0
2018-08-23,0.0
2018-08-24,0.0
2018-08-25,0.0
2018-08-26,0.019565985767398257
2018-08-27,0.11133460508913087
2018-08-28,0.18809886149580718
2018-08-29,6.537325721555236
2018-08-30,1.2296498572460777
2018-08-31,0.2160477313952455
2018-09-01,1.3128537535152185
2018-09-02,0.725325846085241
2018-09-03,0.725143736375108
2018-09-04,0.4022198429916748
2018-09-05,10.760207036741509
2018-09-06,0.39696426680436137
2018-09-07,0.11036662017493086
2018-09-08,0.06259658465161519
2018-09-09,0.318804874517669
2018-09-10,0.9004760805703405
2018-09-11,7.5056633167103834
2018-09-12,3.9057854626027964
2018-09-13,4.985121497405382
2018-09-14,0.4980359267985805
2018-09-15,0.0015750197898719593
2018-09-16,0.21900452000384493
2018-09-17,0.6698342588933544
2018-09-18,0.011307527687125658
2018-09-19,0.0
2018-09-20,0.0
2018-09-21,1.1609933905289889
2018-09-22,0.19172147987180663
2018-09-23,0.017675824539199542
2018-09-24,8.295469909049483
2018-09-25,6.023639739931291
2018-09-26,20.666757593441464
2018-09-27,22.423327647845365
2018-09-28,12.029983880332955
2018-09-29,1.4001813815377349
2018-09-30,1.8278685604174154
2018-10-01,1.000336841783439
2018-10-02,0.04482197555287624
2018-10-03,0.0015126261366975925
2018-10-04,0.129205373586354
2018-10-05,0.014885153956022983
2018-10-06,0.09282831786267381
2018-10-07,0.003001513783304049
2018-10-08,0.046720553961294084
2018-10-09,1.3253406189639936
2018-10-10,14.598986635307948
2018-10-11,32.55301045117756
2018-10-12,0.0
2018-10-13,0.0
2018-10-14,0.11933408404498441
2018-10-15,0.07104177636462262
2018-10-16,0.0
2018-10-17,0.0
2018-10-18,0.0
2018-10-19,0.0
2018-10-20,0.0
2018-10-21,2.601174997129804e-06
2018-10-22,0.0
2018-10-23,0.0
2018-10-24,0.0
2018-10-25,5.947815655183685
2018-10-26,10.589408839961694
2018-10-27,0.5470187230391611
2018-10-28,0.0
2018-10-29,0.2354876295706821
2018-10-30,0.0
2018-10-31,0.007125399367012267
2018-11-01,30.314932653441694
2018-11-02,9.484428167204307
2018-11-03,0.0
2018-11-04,0.0
2018-11-05,8.011253329835437
2018-11-06,14.753652874978913
2018-11-07,15.34019118011422
2018-11-08,6.887389529591787
2018-11-09,10.482629234088842
2018-11-10,0.018574382163748
2018-11-11,0.13028893110009232
2018-11-12,57.896119020253344
2018-11-13,18.110149841848937
2018-11-14,15.111581048848986
2018-11-15,25.030848376387365
2018-11-16,0.0
2018-11-17,0.0
2018-11-18,0.0
2018-11-19,0.0
2018-11-20,3.0510910167335825
2018-11-21,0.0
2018-11-22,0.0
2018-11-23,0.06773069240165139
2018-11-24,14.018744500043526
2018-11-25,2.1797742302815486
2018-11-26,2.9192560362458146
2018-11-27,0.0
2018-11-28,0.0
2018-11-29,0.22427482822328687
2018-11-30,0.9537703948859257
2018-12-01,43.09797130963145
2018-12-02,3.0779655003746678
2018-12-03,0.0
2018-12-04,0.0
2018-12-05,0.0
2018-12-06,0.0
2018-12-07,2.0275063377437483
2018-12-08,20.589170075095815
2018-12-09,25.52314809921834
2018-12-10,1.7437575567821055
2018-12-11,1.450449031764378
2018-12-12,0.0
2018-12-13,0.0
2018-12-14,24.514136338800583
2018-12-15,2.0145914311539483
2018-12-16,0.15433656201221768
2018-12-17,0.0
2018-12-18,0.0
2018-12-19,0.0
2018-12-20,14.367742363452836
2018-12-21,0.0
2018-12-22,0.0
2018-12-23,0.0
2018-12-24,0.0
2018-12-25,0.0
2018-12-26,0.0
2018-12-27,8.920561526872262
2018-12-28,78.94035715136532
2018-12-29,2.411023331617144
2018-12-30,30.454385871375788
2018-12-31,3.5059714157957975
2019-01-01,13.962811645138533
2019-01-02,1.2198629561604084
2019-01-03,15.363064220720291
2019-01-04,31.124882988348517
2019-01-05,0.005473965989128212
2019-01-06,0.0
2019-01-07,0.0
2019-01-08,1.2718964634460561
2019-01-09,0.0
2019-01-10,0.0
2019-01-11,0.0
2019-01-12,4.077990120340789
2019-01-13,7.074633728641425
2019-01-14,0.05894671020041092
2019-01-15,0.0009494645880898853
2019-01-16,0.0
2019-01-17,3.631396451292399
2019-01-18,1.7700080030189536
2019-01-19,20.652969781965584
2019-01-20,2.9810207905247825
2019-01-21,0.0
2019-01-22,0.07128889892322272
2019-01-23,16.140392914243453
2019-01-24,44.84979731029555
2019-01-25,0.0
2019-01-26,0.0
2019-01-27,8.466603858939982e-08
2019-01-28,0.0
2019-01-29,8.398465743694585
2019-01-30,0.0
2019-01-31,0.0
2019-02-01,0.0
2019-02-02,0.011680156968719574
2019-02-03,0.17613364209147037
2019-02-04,0.49058086801182116
2019-02-05,0.2512023600821684
2019-02-06,3.2340895612997227
2019-02-07,0.33884877101996064
2019-02-08,2.1366649346100757
2019-02-09,0.13857232375735376
2019-02-10,0.4771389970527859
2019-02-11,2.0956762986876667
2019-02-12,28.955968224036265
2019-02-13,0.02555985254635044
2019-02-14,0.0
2019-02-15,2.3477874058500774
2019-02-16,12.75739674865669
2019-02-17,2.237965383207857
2019-02-18,4.481625565180905
2019-02-19,11.166578189983529
2019-02-20,3.1780704322582785
2019-02-21,55.30076476576553
2019-02-22,7.483075310908522
2019-02-23,1.5990783875205195
2019-02-24,14.633057306308714
2019-02-25,0.0
2019-02-26,0.13014218111722528
2019-02-27,0.2603396002168312
2019-02-28,12.915006399671771
2019-03-01,11.58085590064091
2019-03-02,0.9298985691144869
2019-03-03,22.256820147238606
2019-03-04,0.012103263026149497
2019-03-05,0.9466028658486724
2019-03-06,0.0
2019-03-07,0.0
2019-03-08,0.6484585493717944
2019-03-09,0.36309476911934635
2019-03-10,10.407165664592172
2019-03-11,7.3429458934238125
2019-03-12,0.0
2019-03-13,0.0
2019-03-14,4.047559565262921
2019-03-15,29.88917357912332
2019-03-16,1.8148376658859953
2019-03-17,1.8148376658859953
2019-03-18,1.8148376658859953
2019-03-19,1.8148376658859953
2019-03-20,1.8148376658859953
2019-03-21,0.020427909315375862
2019-03-22,0.0
2019-03-23,0.0
2019-03-24,0.0
2019-03-25,0.4830946187234489
2019-03-26,1.3887777084174797
2019-03-27,0.08200840181466182
2019-03-28,0.0
2019-03-29,0.0
2019-03-30,0.12014703126898943
2019-03-31,10.834931829449836
2019-04-01,0.0
2019-04-02,1.2882349401312925
2019-04-03,0.0
2019-04-04,1.6307472331479498
2019-04-05,10.46755685659826
2019-04-06,7.338655487830344
2019-04-07,0.42649540303352773
2019-04-08,7.170992674549834
2019-04-09,30.719142753925475
2019-04-10,0.000589626049156295
2019-04-11,0.025973343831446446
2019-04-12,0.7089102356132111
2019-04-13,1.6323676633489974
2019-04-14,27.541840754351977
2019-04-15,0.056471094195976505
2019-04-16,0.0
2019-04-17,8.94192700706443e-06
2019-04-18,0.04953751389318915
2019-04-19,57.749118176539106
2019-04-20,7.658165052072079
2019-04-21,0.0
2019-04-22,0.0
2019-04-23,0.0
2019-04-24,0.0
2019-04-25,2.714486829946022
2019-04-26,6.703645610709024
2019-04-27,0.0
2019-04-28,0.01855084821664665
2019-04-29,0.0
2019-04-30,0.0
2019-05-01,0.2433368572450364
2019-05-02,0.01485750612237447
2019-05-03,2.2550495038319407
2019-05-04,2.5477646101997524
2019-05-05,7.368921756629808
2019-05-06,0.0
2019-05-07,0.0
2019-05-08,0.8745482619805643
2019-05-09,19.759417301185454
2019-05-10,3.5101870692559807
2019-05-11,5.104531774294532
2019-05-12,22.503509406498004
2019-05-13,0.16776686351510103
2019-05-14,0.0
2019-05-15,1.7051852441180679e-07
2019-05-16,10.563353703953545
2019-05-17,7.53806295057258
2019-05-18,0.8890990954331967
2019-05-19,0.0
2019-05-20,3.7408731131957285
2019-05-21,0.0
2019-05-22,0.0
2019-05-23,0.8410225312467715
2019-05-24,0.0071193337022895115
2019-05-25,0.0
2019-05-26,0.0
2019-05-27,0.0175013200185805
2019-05-28,0.0
2019-05-29,0.000453037058602625
2019-05-30,0.026461726234330313
2019-05-31,0.09764537809058892
2019-06-01,0.0
2019-06-02,0.014299160893146333
2019-06-03,0.0
2019-06-04,0.0
2019-06-05,0.5494989668523048
2019-06-06,6.911387143443078
2019-06-07,44.137488782297524
2019-06-08,49.73585512583875
2019-06-09,11.57070878166223
2019-06-10,11.977611188593196
2019-06-11,0.05831997244640516
2019-06-12,3.127468050238781
2019-06-13,0.03084807061809209
2019-06-14,0.0
2019-06-15,0.0007127328530341841
2019-06-16,0.17375617457919262
2019-06-17,1.119441419163217
2019-06-18,23.731002869791674
2019-06-19,9.946602411751018
2019-06-20,2.2571029123159767
2019-06-21,0.7273046979491071
2019-06-22,6.88012166173899
2019-06-23,1.623850118792245
2019-06-24,1.3787193244119975
2019-06-25,0.018710633878158998
2019-06-26,1.9722279624640828
2019-06-27,1.8716098679627553
2019-06-28,0.4291424925143129
2019-06-29,4.073249689681159
2019-06-30,4.0227793677817045
2019-07-01,0.07134447470025139
2019-07-02,0.0579022074706139
2019-07-03,0.7449043670014955
2019-07-04,0.2528743176069394
2019-07-05,0.8675777798438907
2019-07-06,0.9270479335600909
2019-07-07,4.873718476886603
2019-07-08,21.40223888340656
2019-07-09,2.003349320832281
2019-07-10,1.4504374706407785
2019-07-11,1.5885659118998343
2019-07-12,1.905543447916089
2019-07-13,4.945130212314002
2019-07-14,3.2574500242261792
2019-07-15,0.891706453681319
2019-07-16,0.15217581729007174
2019-07-17,5.707712143068979
2019-07-18,4.786668364944253
2019-07-19,1.636181464921065
2019-07-20,23.666982655100835
2019-07-21,0.3621003057038872
2019-07-22,0.30023580741505324
2019-07-23,4.521189184469605
2019-07-24,0.00022498843808663315
2019-07-25,0.0019447229449558849
2019-07-26,0.002216977812008178
2019-07-27,0.0256540592832555
2019-07-28,0.0
2019-07-29,3.291950729795959e-05
2019-07-30,0.30009117974973265
2019-07-31,2.3200273753576313
2019-08-01,0.8568800212089387
2019-08-02,8.858107893229276
2019-08-03,1.5073403659725597
2019-08-04,2.642889496411532
2019-08-05,1.9100406756999035
2019-08-06,0.8882340087872751
2019-08-07,0.5716043739693469
2019-08-08,1.1488593117596135
2019-08-09,0.41281130956118267
2019-08-10,2.8220472159347554
2019-08-11,6.23112912343608
2019-08-12,0.5693564388150616
2019-08-13,10.82518832570035
2019-08-14,8.217452837029956
2019-08-15,0.00885558764861002
2019-08-16,0.0
2019-08-17,0.0
2019-08-18,0.004010764320978168
2019-08-19,1.5737873710701318
2019-08-20,2.633837685568067
2019-08-21,0.26613952535439805
2019-08-22,1.6040694072169566
2019-08-23,6.238820443193888
2019-08-24,4.034164796365709
2019-08-25,2.540502611729851
2019-08-26,22.874276156963216
2019-08-27,7.713672141638384
2019-08-28,2.076771145748311
2019-08-29,0.0
2019-08-30,0.0
2019-08-31,0.08499172145037191
2019-09-01,5.646700785973893
2019-09-02,0.023078943080398043
2019-09-03,0.00035514125058627526
2019-09-04,0.0
2019-09-05,0.0
2019-09-06,0.0
2019-09-07,0.19425072623927536
2019-09-08,1.906488299796353e-05
2019-09-09,1.3507942044627512
2019-09-10,0.9786747263571222
2019-09-11,0.20189704989717894
2019-09-12,0.002638923556574493
2019-09-13,0.0007808819506986963
2019-09-14,1.2130377610787964
2019-09-15,0.032838730084927034
2019-09-16,0.10319003611076706
2019-09-17,0.061080538265395626
2019-09-18,0.103240187253334
2019-09-19,0.48492268051842197
2019-09-20,0.061080538265395626
2019-09-21,0.00669193917138756
2019-09-22,0.0003845588242682186
2019-09-23,0.0003845588242682186
2019-09-24,0.0003845588242682186
2019-09-25,0.8415946086726479
2019-09-26,0.014015708689445938
2019-09-27,0.018377268343880006
2019-09-28,0.16055542105445011
2019-09-29,0.05447269227205181
2019-09-30,0.0
2019-10-01,0.0034045083167140978
2019-10-02,0.028793311450339865
2019-10-03,0.0001569072875101612
2019-10-04,0.00025395600984860246
2019-10-05,0.8295633635585304
2019-10-06,0.5198358592148177
2019-10-07,0.7001317582605688
2019-10-08,0.7607434073569875
2019-10-09,2.489961520695706
2019-10-10,0.039996244384084605
2019-10-11,0.0
2019-10-12,0.42733690534320684
2019-10-13,1.642759303552073
2019-10-14,0.489411842338216
2019-10-15,11.298380921024576
2019-10-16,8.21018003383497
2019-10-17,0.0
2019-10-18,0.0
2019-10-19,26.104856406013308
2019-10-20,2.327921350284295
2019-10-21,1.1408385523045677
2019-10-22,25.103252487571147
2019-10-23,0.0
2019-10-24,0.0
2019-10-25,18.50998727772907
2019-10-26,25.056231516152465
2019-10-27,4.824305228427246
2019-10-28,0.0020046490076150777
2019-10-29,0.19126361179717627
2019-10-30,30.275626089767982
2019-10-31,17.00658666964946
2019-11-01,0.0
2019-11-02,0.0
2019-11-03,0.0
2019-11-04,0.0
2019-11-05,7.727754872970632
2019-11-06,0.0
2019-11-07,4.156967613937515
2019-11-08,33.59999140187656
2019-11-09,0.0
2019-11-10,0.0
2019-11-11,0.10251230454152108
2019-11-12,12.783851819848119
2019-11-13,0.0
2019-11-14,0.7454475856393018
2019-11-15,12.306048647251998
2019-11-16,4.91332658739377
2019-11-17,0.003322873202537724
2019-11-18,0.0
2019-11-19,0.41151704602011974
2019-11-20,0.0
2019-11-21,0.0
2019-11-22,3.7347410291568863
2019-11-23,28.61176852561077
2019-11-24,0.021843485117510518
2019-11-25,0.0
2019-11-26,0.0004026096194773047
2019-11-27,7.786748492390128
2019-11-28,0.0
2019-11-29,0.0
2019-11-30,0.027984014034650843
2019-12-01,3.6243421270929073
2019-12-02,0.0007464337669718924
2019-12-03,0.0
2019-12-04,0.0
2019-12-05,0.0
2019-12-06,1.4149489532276347
2019-12-07,0.47445293563330515
2019-12-08,0.007291237907593881
2019-12-09,0.9611140298820704
2019-12-10,5.395047726091462
2019-12-11,4.64248229142078
2019-12-12,0.30860415009541764
2019-12-13,27.622781785998864
2019-12-14,12.140502869223525
2019-12-15,0.018687716783778285
2019-12-16,1.1454756291740353
2019-12-17,27.86841127141162
2019-12-18,0.0
2019-12-19,0.0
2019-12-20,0.0
2019-12-21,3.5386229028363267
2019-12-22,58.82477556117349
2019-12-23,14.915783100763905
2019-12-24,0.2651453752461094
2019-12-25,0.0
2019-12-26,0.0
2019-12-27,1.932669942156951
2019-12-28,0.2677159862923618
2019-12-29,1.0399682607113214
2019-12-30,2.1042027085216737
2019-12-31,0.0
