,precipitation
1989-01-01,4.59890120226834
1989-01-02,0.008658843405466778
1989-01-03,0.5526624907806237
1989-01-04,0.003966439090026671
1989-01-05,0.0
1989-01-06,1.2793204950107815
1989-01-07,0.46581631812722435
1989-01-08,3.04768079822792
1989-01-09,0.7891965281111929
1989-01-10,4.262126149184707
1989-01-11,3.1602044114826473
1989-01-12,1.4915410049040487
1989-01-13,2.6844608789176427
1989-01-14,6.542725090004815
1989-01-15,2.5474790612218325
1989-01-16,0.0
1989-01-17,0.0
1989-01-18,2.8579572046857575
1989-01-19,1.8842053963808856
1989-01-20,23.987435235723655
1989-01-21,0.013767645272703138
1989-01-22,0.013767645272703138
1989-01-23,0.013767645272703138
1989-01-24,6.030982730272161
1989-01-25,0.013767645272703138
1989-01-26,0.36463244823585766
1989-01-27,0.3436476471294604
1989-01-28,0.0
1989-01-29,0.0016375342351040965
1989-01-30,2.1664907084917786
1989-01-31,0.0
1989-02-01,0.021416050345944692
1989-02-02,0.011695002660032029
1989-02-03,0.06236694166168258
1989-02-04,0.006095003137509097
1989-02-05,0.010377190885926238
1989-02-06,0.5901296719683752
1989-02-07,1.0409549456156413
1989-02-08,0.004386035924219333
1989-02-09,0.0
1989-02-10,0.0
1989-02-11,0.0
1989-02-12,0.0
1989-02-13,1.4062775258905058
1989-02-14,0.6163034474886045
1989-02-15,0.14500329855966795
1989-02-16,0.24557984594425386
1989-02-17,0.3974822728702403
1989-02-18,9.328295750765616
1989-02-19,1.0281385203947881
1989-02-20,9.628684894626806
1989-02-21,5.162832533388213
1989-02-22,0.009363726966473957
1989-02-23,0.0
1989-02-24,0.0
1989-02-25,0.0
1989-02-26,0.06490155805567317
1989-02-27,1.5048334302757906
1989-02-28,9.028569126955555
1989-03-01,1.2264661203002019
1989-03-02,5.137947092118357
1989-03-03,0.15335919490208458
1989-03-04,2.5477420761060277
1989-03-05,30.44631393360198
1989-03-06,0.8441095381247736
1989-03-07,0.001100446754274255
1989-03-08,0.04581141128697902
1989-03-09,0.0
1989-03-10,0.0
1989-03-11,0.0
1989-03-12,0.0
1989-03-13,0.00012671555722793907
1989-03-14,0.015901879029183816
1989-03-15,0.7389600026704591
1989-03-16,2.3454182786912496
1989-03-17,0.14071496205490144
1989-03-18,0.002795322464041868
1989-03-19,4.688848433802395e-07
1989-03-20,0.2146795877741975
1989-03-21,15.794996016966365
1989-03-22,33.987105641758006
1989-03-23,36.71697430131182
1989-03-24,0.013543136398233535
1989-03-25,0.0011126956333825779
1989-03-26,0.26551514415004424
1989-03-27,0.0
1989-03-28,0.005512557127895111
1989-03-29,10.578384242047841
1989-03-30,37.887883618725404
1989-03-31,0.0006955414876984544
1989-04-01,0.0
1989-04-02,0.0
1989-04-03,0.6807879129297584
1989-04-04,2.7058666510032774
1989-04-05,32.60385924768745
1989-04-06,0.0
1989-04-07,0.05134584998761505
1989-04-08,0.37863226327619376
1989-04-09,12.633531818443995
1989-04-10,7.347129191595423
1989-04-11,0.6830146758321233
1989-04-12,0.000982814287896615
1989-04-13,0.0
1989-04-14,1.0030712062317595
1989-04-15,2.0425141524696953
1989-04-16,0.00034484057907981173
1989-04-17,0.0
1989-04-18,0.00381040405198827
1989-04-19,8.287511589408423
1989-04-20,5.529226380248719
1989-04-21,0.05183378231915224
1989-04-22,0.005120976850529776
1989-04-23,0.0
1989-04-24,0.0
1989-04-25,0.0
1989-04-26,0.0
1989-04-27,0.0
1989-04-28,10.604106243517634
1989-04-29,24.21249555834063
1989-04-30,6.4638121940071755
1989-05-01,16.433733138803913
1989-05-02,0.0
1989-05-03,1.6145894212250307
1989-05-04,2.258982808286433
1989-05-05,12.670845126465975
1989-05-06,0.002019131301326337
1989-05-07,0.0
1989-05-08,0.42140661387889
1989-05-09,0.8809700593484395
1989-05-10,8.11175175282617
1989-05-11,0.0
1989-05-12,0.0
1989-05-13,3.001319885747805
1989-05-14,10.485385395410914
1989-05-15,7.814507893057091
1989-05-16,0.9755878443036261
1989-05-17,0.042180958165109556
1989-05-18,0.20671782757590734
1989-05-19,52.28716620331431
1989-05-20,22.100690474547925
1989-05-21,8.602571480521677
1989-05-22,4.693224561893173
1989-05-23,27.116838241293937
1989-05-24,14.63664371113843
1989-05-25,0.48414530806916484
1989-05-26,0.3857679963439349
1989-05-27,0.0033193555001139446
1989-05-28,0.00157931185381961
1989-05-29,0.004299329000368241
1989-05-30,0.21001008202406826
1989-05-31,0.5377657536941644
1989-06-01,0.2255095351657105
1989-06-02,1.8595293435718836
1989-06-03,14.37883840636018
1989-06-04,0.3941474162342573
1989-06-05,14.204886579941002
1989-06-06,20.31468912034248
1989-06-07,9.367271313765693
1989-06-08,47.71739259725647
1989-06-09,1.9043759916168337
1989-06-10,0.1603759842250653
1989-06-11,2.991213196886617
1989-06-12,0.10202812680835127
1989-06-13,0.591276881074445
1989-06-14,1.8586434345026224
1989-06-15,57.60542290981949
1989-06-16,6.930137204613469
1989-06-17,0.0041354995838763136
1989-06-18,11.255167649399002
1989-06-19,13.721942331297823
1989-06-20,10.26232638102714
1989-06-21,2.1725126930115777
1989-06-22,6.111416331732712
1989-06-23,0.9455759889294318
1989-06-24,1.7397816993994417
1989-06-25,6.227744701412307
1989-06-26,4.918714006652395
1989-06-27,4.768433103847458
1989-06-28,8.488493160356834
1989-06-29,13.590177674226599
1989-06-30,13.17222307454411
1989-07-01,9.308078069593654
1989-07-02,37.09782973581331
1989-07-03,14.967978325288113
1989-07-04,10.539846447537988
1989-07-05,7.044689727914645
1989-07-06,7.256798655906689
1989-07-07,3.6639738748873008
1989-07-08,6.700403292870298
1989-07-09,6.269548219600687
1989-07-10,4.442231151256998
1989-07-11,0.11174656245218853
1989-07-12,1.0015424613370671
1989-07-13,3.2284457052309645
1989-07-14,11.345836657801744
1989-07-15,4.797228428623752
1989-07-16,3.1752077622603427
1989-07-17,0.2568673765341345
1989-07-18,3.1833580489553013
1989-07-19,0.4919258983004866
1989-07-20,14.047135646018411
1989-07-21,1.7632360588409164
1989-07-22,4.520140230710436
1989-07-23,13.77210933792644
1989-07-24,13.588904907528942
1989-07-25,1.142261541605727
1989-07-26,5.911935649131766
1989-07-27,3.7414708781096833
1989-07-28,1.645817055184746
1989-07-29,2.0470969632331832
1989-07-30,3.5476663246241467
1989-07-31,6.095347295768853
1989-08-01,1.6034396134506477
1989-08-02,0.12175249984407244
1989-08-03,0.20137156573794912
1989-08-04,0.048861400211766146
1989-08-05,0.00711442542916893
1989-08-06,0.12445051343955596
1989-08-07,3.969180376044598
1989-08-08,6.98428198439616
1989-08-09,0.0
1989-08-10,0.20696189261442924
1989-08-11,1.0190949219682839
1989-08-12,0.4363567704743464
1989-08-13,0.2251888424514461
1989-08-14,0.3327500621742837
1989-08-15,0.9160289746506042
1989-08-16,0.9861230772153943
1989-08-17,0.6764107784121248
1989-08-18,2.7526843445061333
1989-08-19,2.2194569496608962
1989-08-20,0.22853315677720937
1989-08-21,1.9487076271591814
1989-08-22,4.055408056060206
1989-08-23,3.914458414307129
1989-08-24,1.4532684135050036
1989-08-25,0.11464672288193346
1989-08-26,0.15791298114597566
1989-08-27,3.0832444510486865
1989-08-28,8.565964183328912
1989-08-29,4.306881300481485
1989-08-30,1.8798560398112711
1989-08-31,0.987166201267857
1989-09-01,2.1015081744561055
1989-09-02,2.842929727488706
1989-09-03,2.8131474596404833
1989-09-04,1.200509174663323
1989-09-05,1.5233512402715848
1989-09-06,0.46742900092923156
1989-09-07,1.3986912103659177
1989-09-08,0.6272071579413707
1989-09-09,1.0370143930333866
1989-09-10,2.7525820029609784
1989-09-11,1.8471045566765536
1989-09-12,1.804425871505369
1989-09-13,0.14582623910854103
1989-09-14,0.020089635027397378
1989-09-15,1.9696047730399087
1989-09-16,0.5856312655155161
1989-09-17,0.0
1989-09-18,0.0
1989-09-19,0.0
1989-09-20,0.0
1989-09-21,0.07510363196157697
1989-09-22,1.0497471353673178
1989-09-23,0.06869458096369715
1989-09-24,1.438515024062892
1989-09-25,7.589417267792698
1989-09-26,0.42385559781565735
1989-09-27,1.2940483635786015
1989-09-28,12.825343570653699
1989-09-29,11.764771082740456
1989-09-30,43.942834495519044
1989-10-01,3.6265729575538304
1989-10-02,0.009337580980407073
1989-10-03,0.012379199266870053
1989-10-04,0.0
1989-10-05,0.0
1989-10-06,0.4608965210995454
1989-10-07,0.8738093998486823
1989-10-08,2.8377372621699846
1989-10-09,0.0
1989-10-10,0.0
1989-10-11,0.0
1989-10-12,0.0
1989-10-13,3.320011881634088
1989-10-14,5.378138996635777
1989-10-15,0.827984055128493
1989-10-16,10.001641213338935
1989-10-17,19.759493027671578
1989-10-18,5.049176699818099
1989-10-19,0.03554099917681932
1989-10-20,0.0
1989-10-21,0.0
1989-10-22,0.0
1989-10-23,0.0
1989-10-24,0.0
1989-10-25,0.0
1989-10-26,0.0007260189736160069
1989-10-27,0.0007260189736160069
1989-10-28,0.0007260189736160069
1989-10-29,0.0007260189736160069
1989-10-30,0.0007260189736160069
1989-10-31,0.6386730631084836
1989-11-01,0.0016385516968839213
1989-11-02,13.587950813769737
1989-11-03,0.0029681313312627227
1989-11-04,0.0
1989-11-05,0.0036320846884910067
1989-11-06,0.7810448725029824
1989-11-07,16.729440502693308
1989-11-08,70.96433759831345
1989-11-09,2.4684374207503637
1989-11-10,0.0
1989-11-11,0.0
1989-11-12,0.0
1989-11-13,0.04026358665682274
1989-11-14,21.052821436856508
1989-11-15,20.65809558448656
1989-11-16,16.9030430884276
1989-11-17,0.0
1989-11-18,0.0038922892475071204
1989-11-19,0.0
1989-11-20,0.0
1989-11-21,0.003099547613597163
1989-11-22,11.510572055403346
1989-11-23,10.316282862088396
1989-11-24,0.0
1989-11-25,0.1374625936846504
1989-11-26,0.45845996520474314
1989-11-27,4.269779301113741
1989-11-28,13.033528231025482
1989-11-29,0.0009057924491800728
1989-11-30,0.0
1989-12-01,0.0
1989-12-02,0.0
1989-12-03,0.0
1989-12-04,0.0
1989-12-05,0.0
1989-12-06,2.4101458514523446
1989-12-07,24.41775445775998
1989-12-08,65.49323238083194
1989-12-09,1.1119186776174026
1989-12-10,0.0
1989-12-11,1.0822141905709108
1989-12-12,28.239537348464882
1989-12-13,3.091321222129814e-05
1989-12-14,0.0
1989-12-15,1.710953213530036
1989-12-16,0.05861087856712508
1989-12-17,0.29039665324103525
1989-12-18,10.403753682746112
1989-12-19,5.4685617414785295
1989-12-20,1.9987993881553057
1989-12-21,0.04827339530017003
1989-12-22,0.11926739424065992
1989-12-23,0.08262316237742076
1989-12-24,0.0
1989-12-25,0.29931899492405256
1989-12-26,0.0
1989-12-27,0.0
1989-12-28,0.037101701733228215
1989-12-29,1.2864501811913434
1989-12-30,3.4967970230224656
1989-12-31,46.99304375900657
1990-01-01,0.1029533631318349
1990-01-02,0.7319941963868277
1990-01-03,0.951219011062105
1990-01-04,14.419089383573628
1990-01-05,8.131669424887361
1990-01-06,16.624583963252814
1990-01-07,30.225426079012657
1990-01-08,1.5916939888113233
1990-01-09,0.0
1990-01-10,0.0
1990-01-11,0.34670120886182043
1990-01-12,0.34670120886182043
1990-01-13,0.34670120886182043
1990-01-14,0.34670120886182043
1990-01-15,0.34670120886182043
1990-01-16,0.024199753531804456
1990-01-17,1.843477665467257
1990-01-18,5.663862864955972
1990-01-19,0.20636037626637446
1990-01-20,35.105265407288094
1990-01-21,57.61421485582793
1990-01-22,0.0
1990-01-23,0.0
1990-01-24,7.525574079072001
1990-01-25,33.9873713813949
1990-01-26,0.00012902062922207005
1990-01-27,0.0
1990-01-28,0.10192818804159433
1990-01-29,15.560259901024049
1990-01-30,0.24654643004708576
1990-01-31,6.456254318062859e-05
1990-02-01,0.40625657266574744
1990-02-02,0.9164231700781738
1990-02-03,1.4723199661590822
1990-02-04,2.1305631321748835
1990-02-05,0.0
1990-02-06,4.604421546066369
1990-02-07,1.3473175647663282
1990-02-08,4.953147543361184
1990-02-09,8.06874275701319
1990-02-10,20.220583287026173
1990-02-11,0.0
1990-02-12,0.0
1990-02-13,0.01823784937711333
1990-02-14,2.414359938333928
1990-02-15,33.40775344316583
1990-02-16,29.311293947872908
1990-02-17,0.8409070230166196
1990-02-18,11.84622121695056
1990-02-19,25.11824541073491
1990-02-20,0.8745958671562504
1990-02-21,0.3400203409355255
1990-02-22,42.561990359572995
1990-02-23,0.05484076633423954
1990-02-24,0.0
1990-02-25,0.0
1990-02-26,1.0407409690931356e-06
1990-02-27,0.000270611543238738
1990-02-28,0.30413956553502797
1990-03-01,1.2427412028155445
1990-03-02,24.775601976539537
1990-03-03,0.0
1990-03-04,0.0
1990-03-05,0.0
1990-03-06,0.003962974445722883
1990-03-07,2.020831876357588e-06
1990-03-08,0.06063749477772412
1990-03-09,0.22120232327520928
1990-03-10,0.0010767086800180852
1990-03-11,0.009399179550464756
1990-03-12,0.9468646058485408
1990-03-13,0.006535744487441942
1990-03-14,3.5032758838990627
1990-03-15,39.50696036389323
1990-03-16,124.48165980534553
1990-03-17,17.19178514370464
1990-03-18,0.0
1990-03-19,0.00808527176570714
1990-03-20,0.0
1990-03-21,0.05117449930018974
1990-03-22,0.05117449930018974
1990-03-23,0.07437355360326572
1990-03-24,0.051177209593466756
1990-03-25,0.05117449930018974
1990-03-26,0.005600619337796704
1990-03-27,6.802033859500488e-07
1990-03-28,0.4214222187181627
1990-03-29,2.907215744887635
1990-03-30,24.681178100157776
1990-03-31,2.4610286429412174
1990-04-01,0.2959400296036954
1990-04-02,11.697783031949665
1990-04-03,0.25222765788748586
1990-04-04,0.0
1990-04-05,0.009977042577104087
1990-04-06,1.7952540873622291
1990-04-07,4.746001883780853
1990-04-08,0.0
1990-04-09,0.004028189692880613
1990-04-10,8.864354492917675
1990-04-11,18.6758198471344
1990-04-12,0.0
1990-04-13,0.0
1990-04-14,12.424613242883607
1990-04-15,17.314967285604457
1990-04-16,0.0
1990-04-17,0.0
1990-04-18,0.0
1990-04-19,0.0
1990-04-20,0.0
1990-04-21,1.484271141069975
1990-04-22,3.2827908647638093
1990-04-23,10.783495989269726
1990-04-24,2.3440002648975744
1990-04-25,1.9911505505131883
1990-04-26,0.1427732368781976
1990-04-27,7.0310506256050775
1990-04-28,15.31448289301768
1990-04-29,0.0
1990-04-30,0.03504341972551824
1990-05-01,1.1374072191976117
1990-05-02,0.4929501113634257
1990-05-03,1.4431796400274666
1990-05-04,12.423803090850546
1990-05-05,5.245617786214467
1990-05-06,0.0
1990-05-07,0.0
1990-05-08,1.3637103348780708
1990-05-09,28.995992933219345
1990-05-10,0.038281093998058464
1990-05-11,0.002022069911365917
1990-05-12,0.00010649857480483716
1990-05-13,63.100642165594
1990-05-14,30.00415785009642
1990-05-15,0.18389136209817966
1990-05-16,0.5205142591601971
1990-05-17,1.5140059852685512
1990-05-18,0.007712719087036276
1990-05-19,0.6771643001450798
1990-05-20,0.8692191735115863
1990-05-21,19.876138513292958
1990-05-22,1.1195079936867451
1990-05-23,0.0
1990-05-24,0.0
1990-05-25,0.09815097968576139
1990-05-26,1.168436689907204
1990-05-27,0.08576360547374517
1990-05-28,21.38681417295387
1990-05-29,0.10732288684204781
1990-05-30,0.0
1990-05-31,0.8989069448898139
1990-06-01,11.323339938098997
1990-06-02,9.56399985374977
1990-06-03,7.431989115328875
1990-06-04,27.868466404811848
1990-06-05,4.715633312501404
1990-06-06,0.7117291652005054
1990-06-07,6.370601585475116
1990-06-08,0.49892948837727424
1990-06-09,3.327027164612166
1990-06-10,2.9941035524363486
1990-06-11,3.481665273712814
1990-06-12,0.0
1990-06-13,3.981701291131113
1990-06-14,1.0893011829315271
1990-06-15,0.14238872153781806
1990-06-16,3.053453278161256
1990-06-17,10.778102780999191
1990-06-18,0.5630220322819199
1990-06-19,0.2575163235814926
1990-06-20,0.1373131909530042
1990-06-21,0.6272236020223186
1990-06-22,6.658752292187274
1990-06-23,7.410758758942605
1990-06-24,0.07561179908416633
1990-06-25,0.0
1990-06-26,0.0
1990-06-27,0.0
1990-06-28,2.4378450643090392
1990-06-29,1.571735009916569
1990-06-30,0.48201872384496963
1990-07-01,0.05675251911202221
1990-07-02,1.5940677535003456
1990-07-03,1.176349056040711
1990-07-04,0.8066962047498667
1990-07-05,0.7713072872844302
1990-07-06,0.24483106865751614
1990-07-07,2.884683047980218
1990-07-08,10.955672720112927
1990-07-09,9.99219345279731
1990-07-10,0.6399132211570212
1990-07-11,1.6001622604582082
1990-07-12,4.6260345976328185
1990-07-13,8.80073091071031
1990-07-14,0.22812971159989984
1990-07-15,0.007217816955978639
1990-07-16,1.7986846903973304
1990-07-17,3.1775577400567876
1990-07-18,7.918206974155205
1990-07-19,17.5063109748221
1990-07-20,12.070557540867213
1990-07-21,6.664384106646999
1990-07-22,0.7365706524192072
1990-07-23,6.457113857457471
1990-07-24,3.847187019194337
1990-07-25,0.050462348217965004
1990-07-26,0.009318128489656062
1990-07-27,0.31202418294608314
1990-07-28,0.002599380879544133
1990-07-29,0.026276160670631633
1990-07-30,0.09535655303620542
1990-07-31,3.989213828965543
1990-08-01,5.365371487092743
1990-08-02,3.3534815309586534
1990-08-03,2.806313208251939
1990-08-04,0.7331192830492368
1990-08-05,0.07028032323786457
1990-08-06,12.160884085392334
1990-08-07,1.242924114826384
1990-08-08,0.09964753296662739
1990-08-09,0.0
1990-08-10,0.0
1990-08-11,1.5226168829546727e-05
1990-08-12,1.5226168829546727e-05
1990-08-13,1.5226168829546727e-05
1990-08-14,0.008793699677088889
1990-08-15,0.002938593593427234
1990-08-16,0.04675184487166304
1990-08-17,0.10725092696321606
1990-08-18,0.8557312551057717
1990-08-19,3.2282168486039176
1990-08-20,5.089636153305698
1990-08-21,10.037116738384663
1990-08-22,6.381950031513319
1990-08-23,11.182846168427966
1990-08-24,4.058378664236098
1990-08-25,0.0015061801656067546
1990-08-26,4.7713356273745555
1990-08-27,1.4968310976719157
1990-08-28,0.19089001467379565
1990-08-29,0.005720524842852111
1990-08-30,7.915394380319232
1990-08-31,3.480812328254571
1990-09-01,1.0668932671589266
1990-09-02,2.936808927186728
1990-09-03,0.20022643412981386
1990-09-04,2.032329967185213
1990-09-05,0.4736388688645432
1990-09-06,0.035887388541791736
1990-09-07,0.017643363524185707
1990-09-08,0.15250850300945273
1990-09-09,0.24952093157037458
1990-09-10,2.8082323510220353
1990-09-11,5.512878497765998
1990-09-12,6.337786160839887
1990-09-13,7.06714038538082
1990-09-14,4.1765623798138805
1990-09-15,3.2394486939226614
1990-09-16,0.10702504549127861
1990-09-17,0.0
1990-09-18,0.0
1990-09-19,5.3490077649236736e-05
1990-09-20,0.2461270784060839
1990-09-21,0.001084190216250981
1990-09-22,5.346255707180531
1990-09-23,0.10050867465260738
1990-09-24,0.0
1990-09-25,0.0
1990-09-26,0.0
1990-09-27,0.0
1990-09-28,0.09446935263637468
1990-09-29,1.2793128900730306
1990-09-30,0.2780741715208523
1990-10-01,0.024618105079670105
1990-10-02,0.17336572662947342
1990-10-03,1.954401651421555
1990-10-04,10.98160793568678
1990-10-05,0.017557595043975117
1990-10-06,0.019261038275145876
1990-10-07,1.5064494245953626
1990-10-08,0.14378040526201485
1990-10-09,0.2104263230414737
1990-10-10,9.096063890601144e-05
1990-10-11,0.0912798917257331
1990-10-12,0.0912798917257331
1990-10-13,0.0912798917257331
1990-10-14,0.7252073292909295
1990-10-15,0.0912798917257331
1990-10-16,0.0
1990-10-17,1.066934784496914
1990-10-18,2.663234975428322
1990-10-19,0.0
1990-10-20,0.0
1990-10-21,0.4571606318248652
1990-10-22,13.204147140449653
1990-10-23,0.19775150490679788
1990-10-24,0.0
1990-10-25,0.0
1990-10-26,0.08416022259680207
1990-10-27,0.08416022259680207
1990-10-28,0.08416022259680207
1990-10-29,0.08416022259680207
1990-10-30,0.08416022259680207
1990-10-31,0.08416022259680207
1990-11-01,0.0
1990-11-02,0.0
1990-11-03,9.901363229111173e-05
1990-11-04,0.05954411685223351
1990-11-05,1.030982045945975
1990-11-06,0.0
1990-11-07,0.0
1990-11-08,0.0
1990-11-09,55.04274134114239
1990-11-10,0.05357189905296917
1990-11-11,3.58018865112451e-05
1990-11-12,3.58018865112451e-05
1990-11-13,3.58018865112451e-05
1990-11-14,3.58018865112451e-05
1990-11-15,0.00014804709224586012
1990-11-16,0.17248373836679443
1990-11-17,0.6918374552285875
1990-11-18,0.07295220885945378
1990-11-19,0.07295220885945378
1990-11-20,0.07295220885945378
1990-11-21,0.0
1990-11-22,0.000705046018938419
1990-11-23,5.353646916703362
1990-11-24,0.0
1990-11-25,6.427496650078529e-05
1990-11-26,0.20397889560854482
1990-11-27,0.21861378993289024
1990-11-28,5.889935720037942
1990-11-29,6.348147085215621
1990-11-30,0.0
1990-12-01,0.13188547968388872
1990-12-02,0.38883321706932933
1990-12-03,57.10019964384762
1990-12-04,0.0
1990-12-05,0.0
1990-12-06,0.00011298239325117752
1990-12-07,1.792185391813561
1990-12-08,0.14203128009978325
1990-12-09,0.0
1990-12-10,0.0
1990-12-11,0.0
1990-12-12,0.003955829648191509
1990-12-13,0.15609586150739918
1990-12-14,0.1679785815206284
1990-12-15,0.17162173306845963
1990-12-16,0.02337736573521691
1990-12-17,0.8059117144559106
1990-12-18,18.105503193699004
1990-12-19,0.7484156786749816
1990-12-20,4.212176723152648
1990-12-21,4.300989612098573
1990-12-22,8.98081902842484
1990-12-23,19.356496266190025
1990-12-24,0.07077826697228773
1990-12-25,0.0
1990-12-26,0.5278667765105054
1990-12-27,4.312817273633761
1990-12-28,1.498267332467148
1990-12-29,5.06569839444798
1990-12-30,4.1523460836825015
1990-12-31,4.6710017353673265
1991-01-01,16.970155411639016
1991-01-02,0.882248780666938
1991-01-03,5.175049217667839
1991-01-04,0.1014619990801488
1991-01-05,0.12044542227026979
1991-01-06,1.3409974398094624
1991-01-07,40.83741131697911
1991-01-08,0.19201438499960585
1991-01-09,0.9498023613028521
1991-01-10,53.68014686625824
1991-01-11,46.08006263144771
1991-01-12,1.0070655940406934
1991-01-13,0.00013755017778602124
1991-01-14,0.006217712459423893
1991-01-15,16.89396022264908
1991-01-16,0.6159052780016496
1991-01-17,0.00012510996005130816
1991-01-18,1.1400914645709894
1991-01-19,25.114973026677973
1991-01-20,0.34753085327035205
1991-01-21,0.01724728012055194
1991-01-22,0.0001130573687527594
1991-01-23,0.09813566082653499
1991-01-24,58.02045937837439
1991-01-25,0.003252035376285759
1991-01-26,8.587423442559397e-05
1991-01-27,3.2116166963664914
1991-01-28,24.481326087967656
1991-01-29,21.454031802774487
1991-01-30,48.210376530862014
1991-01-31,9.641091993397946
1991-02-01,6.97549970667176e-06
1991-02-02,6.97549970667176e-06
1991-02-03,0.022738368398241622
1991-02-04,0.08764542006254575
1991-02-05,2.0226214120026356
1991-02-06,15.278539763514672
1991-02-07,0.02306840779920832
1991-02-08,8.905806204637985e-05
1991-02-09,8.905806204637985e-05
1991-02-10,8.905806204637985e-05
1991-02-11,8.340081992931973e-05
1991-02-12,8.340081992931973e-05
1991-02-13,5.235989560088462
1991-02-14,0.7424961440899602
1991-02-15,8.340081992931973e-05
1991-02-16,4.5565005214910204e-05
1991-02-17,0.9926268431897265
1991-02-18,0.7176001069377801
1991-02-19,0.5133882691609272
1991-02-20,12.992788471806042
1991-02-21,3.0834841015411905
1991-02-22,60.51814186251512
1991-02-23,0.046396560497949
1991-02-24,0.00023489406543407602
1991-02-25,0.010851786364802295
1991-02-26,1.697241450060226
1991-02-27,0.009963630937551898
1991-02-28,0.013093342089584896
1991-03-01,68.16520756757545
1991-03-02,4.025628571048078
1991-03-03,30.12816752462881
1991-03-04,0.00046900000928608955
1991-03-05,0.0001014893993101557
1991-03-06,0.0012810262904767767
1991-03-07,0.11596249467346648
1991-03-08,0.9074420933400347
1991-03-09,5.036139137824676e-05
1991-03-10,5.036139137824676e-05
1991-03-11,0.0001564242365952082
1991-03-12,0.9114503783030218
1991-03-13,18.123960166587896
1991-03-14,0.0001564242365952082
1991-03-15,0.04574438239855666
1991-03-16,3.7038914308462516
1991-03-17,41.34565703192412
1991-03-18,2.4887768977918476
1991-03-19,0.00015716404414759877
1991-03-20,0.00015716404414759877
1991-03-21,3.852807266273762
1991-03-22,3.5522815392783844
1991-03-23,4.633634348076732
1991-03-24,0.0012053872635887344
1991-03-25,0.000955264054079878
1991-03-26,0.0060554768986781525
1991-03-27,0.3816765768766498
1991-03-28,1.7399594914940943
1991-03-29,28.77423314990763
1991-03-30,0.0001477970527005391
1991-03-31,0.0001477970527005391
1991-04-01,0.00016590789459316072
1991-04-02,0.00016590789459316072
1991-04-03,0.44396850477628413
1991-04-04,2.784074568737066
1991-04-05,1.7404045047839987
1991-04-06,0.02282147660608664
1991-04-07,1.365224820358634
1991-04-08,35.592376378671304
1991-04-09,2.0260689242436096
1991-04-10,1.4531593137841088
1991-04-11,3.5444663696630694
1991-04-12,0.22116615588000796
1991-04-13,6.675157308297117
1991-04-14,6.575166692349108
1991-04-15,22.350344421119274
1991-04-16,0.6246520699566743
1991-04-17,2.9127950642443627
1991-04-18,7.052230321401215
1991-04-19,2.954200050522936
1991-04-20,12.147580570906099
1991-04-21,0.00017555429554747532
1991-04-22,0.9511620402341223
1991-04-23,13.275252596368762
1991-04-24,9.873365854433346e-05
1991-04-25,46.296153903349975
1991-04-26,11.51556342582256
1991-04-27,4.955286274625905
1991-04-28,0.21869486620190645
1991-04-29,18.69184921788053
1991-04-30,42.02719994026765
1991-05-01,14.602381181924216
1991-05-02,1.1974479814470236
1991-05-03,0.2738050013971236
1991-05-04,1.0953318012226407
1991-05-05,19.448047161211292
1991-05-06,2.692282048626998
1991-05-07,0.015498533603503112
1991-05-08,14.125375212208374
1991-05-09,56.49983302550412
1991-05-10,23.8102727513306
1991-05-11,13.606929417474166
1991-05-12,10.895493129441173
1991-05-13,5.739333665649017
1991-05-14,5.459195617427952
1991-05-15,19.10383293311016
1991-05-16,14.012880672331598
1991-05-17,7.813833137333653
1991-05-18,15.14958176147017
1991-05-19,10.75165724909167
1991-05-20,11.157934547503896
1991-05-21,17.319481642496246
1991-05-22,0.36418610361205866
1991-05-23,4.57932157580562
1991-05-24,3.5596166084598124
1991-05-25,8.244963489770749
1991-05-26,53.1734464235206
1991-05-27,12.60795317251779
1991-05-28,10.209215037521583
1991-05-29,3.5417402104078946
1991-05-30,0.16229347556391183
1991-05-31,0.006440828857832392
1991-06-01,0.00998770139570009
1991-06-02,1.2179951929260127
1991-06-03,7.060964729780546
1991-06-04,3.239089692872412
1991-06-05,1.5511435782192862
1991-06-06,6.573031048227936
1991-06-07,0.0581731049917806
1991-06-08,7.034890921307316e-05
1991-06-09,0.03803025850184422
1991-06-10,1.0498552800409744
1991-06-11,0.0758688681555329
1991-06-12,7.72633386043849
1991-06-13,6.73885655473457
1991-06-14,0.12903109751117364
1991-06-15,0.8970066541090171
1991-06-16,9.608701967211877
1991-06-17,14.740484738413809
1991-06-18,21.794925679492362
1991-06-19,9.043529042605176
1991-06-20,2.8515740389342716
1991-06-21,3.4203495448142656
1991-06-22,3.405795295320123
1991-06-23,6.6174289284209005
1991-06-24,4.49158840267793
1991-06-25,11.664532388978529
1991-06-26,9.25550722718717
1991-06-27,4.544773104233075
1991-06-28,2.3590133064339276
1991-06-29,0.009079802170715422
1991-06-30,1.3503078060663882
1991-07-01,0.6118210061536401
1991-07-02,1.4135781663310405
1991-07-03,9.315337227417162
1991-07-04,13.475707809159442
1991-07-05,16.87096212807408
1991-07-06,16.093989533354268
1991-07-07,26.809897786001635
1991-07-08,8.086138217777764
1991-07-09,0.959132209844717
1991-07-10,1.327811670975094
1991-07-11,0.2299421114151169
1991-07-12,0.10113308628109471
1991-07-13,0.0887223062484749
1991-07-14,1.3167530350817238
1991-07-15,8.428322683315711
1991-07-16,3.895913877555141
1991-07-17,2.338817622298176
1991-07-18,7.932409357921362
1991-07-19,1.9097241322069545
1991-07-20,0.9771625325966806
1991-07-21,1.2956902937656058
1991-07-22,2.249864771535165
1991-07-23,5.355580338607846
1991-07-24,5.837632165349536
1991-07-25,24.396183081411557
1991-07-26,7.017765911614936
1991-07-27,3.8805741840339727
1991-07-28,0.27029065567060656
1991-07-29,2.326135146090028
1991-07-30,0.7087124210065031
1991-07-31,1.604830865499051
1991-08-01,5.9018365485346935
1991-08-02,2.225817883530082
1991-08-03,3.497308535502147
1991-08-04,2.1803948823196135
1991-08-05,8.189831879948732
1991-08-06,1.114788864113042
1991-08-07,1.0011761961738583
1991-08-08,8.893344902565111
1991-08-09,3.413377435270006
1991-08-10,13.73948033347235
1991-08-11,6.329014492857503
1991-08-12,0.45526801368417835
1991-08-13,0.4903718623346743
1991-08-14,8.467077263319808
1991-08-15,2.467842270672622
1991-08-16,1.911863240605253
1991-08-17,0.8598705996541294
1991-08-18,1.1635814552797608
1991-08-19,4.17784627927556
1991-08-20,9.11114342005226e-05
1991-08-21,0.002077180218946809
1991-08-22,1.437318180202029
1991-08-23,0.018718566092685164
1991-08-24,7.985718233218982
1991-08-25,8.001631036422584
1991-08-26,1.6086064420396033
1991-08-27,14.061529484641976
1991-08-28,6.427291194809508
1991-08-29,3.368507094239234
1991-08-30,23.010153242428853
1991-08-31,3.8480811652207714
1991-09-01,9.896255904764024
1991-09-02,1.5641679542564346
1991-09-03,0.6368503169042116
1991-09-04,0.7856596181102589
1991-09-05,3.9712725171218133
1991-09-06,9.818678609152855
1991-09-07,0.43544820172055837
1991-09-08,6.884790378530791
1991-09-09,2.3834183520934156
1991-09-10,0.0001384951407738438
1991-09-11,0.000231523102537266
1991-09-12,0.11037410707166237
1991-09-13,0.2637737180813862
1991-09-14,0.6220949524477001
1991-09-15,0.24116054043697852
1991-09-16,0.034356104131056886
1991-09-17,0.8186918024089411
1991-09-18,4.909019458610818
1991-09-19,26.781740076897893
1991-09-20,0.0006437378868340168
1991-09-21,0.00024091294975270031
1991-09-22,0.03662171019740177
1991-09-23,1.5276270991838758
1991-09-24,6.396410373284667
1991-09-25,23.385047116326454
1991-09-26,0.0002278517880870903
1991-09-27,0.0002278517880870903
1991-09-28,0.0002278517880870903
1991-09-29,0.0002278517880870903
1991-09-30,0.7605219048681873
1991-10-01,0.5386005430867425
1991-10-02,0.15126231336891247
1991-10-03,0.3985196988456765
1991-10-04,0.46574421941244265
1991-10-05,3.2370167125734826
1991-10-06,11.216097430781716
1991-10-07,0.17113973238836308
1991-10-08,0.17113973238836308
1991-10-09,0.17113973238836308
1991-10-10,0.17113973238836308
1991-10-11,3.685288966190589e-05
1991-10-12,0.0024390275093848037
1991-10-13,3.685288966190589e-05
1991-10-14,0.019814824799097568
1991-10-15,0.6107432064413614
1991-10-16,9.590159041762801e-05
1991-10-17,9.574494139643907e-05
1991-10-18,9.574494139643907e-05
1991-10-19,9.574494139643907e-05
1991-10-20,9.574494139643907e-05
1991-10-21,0.00011786187033244557
1991-10-22,1.3037388983441918
1991-10-23,4.451809682251501
1991-10-24,13.08541437534453
1991-10-25,1.267051111968077
1991-10-26,0.5266728225347824
1991-10-27,2.921170610651114
1991-10-28,0.1359289591266543
1991-10-29,0.029880479892873832
1991-10-30,0.037414251687380676
1991-10-31,0.22845851989984556
1991-11-01,12.899730385210907
1991-11-02,0.00010707728304508179
1991-11-03,0.10129140140354527
1991-11-04,0.00010707728304508179
1991-11-05,0.00010707728304508179
1991-11-06,0.0001553119388894124
1991-11-07,0.0001553119388894124
1991-11-08,1.507025933855876
1991-11-09,0.0001553119388894124
1991-11-10,0.0001553119388894124
1991-11-11,0.15827670067832988
1991-11-12,0.15827670067832988
1991-11-13,0.15827670067832988
1991-11-14,0.15827670067832988
1991-11-15,2.0332606794713888
1991-11-16,0.06974850572051854
1991-11-17,0.00019414344010413193
1991-11-18,18.09297307613395
1991-11-19,7.9941885317154355
1991-11-20,43.29565629159336
1991-11-21,19.797539856584017
1991-11-22,0.5963833323659868
1991-11-23,0.00046226214840773197
1991-11-24,6.633381403603096e-05
1991-11-25,6.633381403603096e-05
1991-11-26,0.00011849671970922551
1991-11-27,0.00011849671970922551
1991-11-28,0.00048108283077909523
1991-11-29,1.9224020714518917
1991-11-30,2.163920571314634
1991-12-01,1.9362323921805946
1991-12-02,4.14169048924154
1991-12-03,27.984014340389606
1991-12-04,9.981137089606962e-05
1991-12-05,9.981137089606962e-05
1991-12-06,0.00016010375229261702
1991-12-07,0.00016010375229261702
1991-12-08,0.00020748838282140116
1991-12-09,1.06027623599265
1991-12-10,6.372804137622349
1991-12-11,4.892656188516036e-05
1991-12-12,0.005624136443738588
1991-12-13,0.13937687776684765
1991-12-14,2.7804705321540872
1991-12-15,4.892656188516036e-05
1991-12-16,0.1414990830875967
1991-12-17,0.1414990830875967
1991-12-18,0.1414990830875967
1991-12-19,0.1414990830875967
1991-12-20,0.14168765068320913
1991-12-21,0.0385728329455342
1991-12-22,0.1443963188977329
1991-12-23,8.302130895431256
1991-12-24,0.007588017778410907
1991-12-25,0.00016177923233471223
1991-12-26,9.392490038285294e-05
1991-12-27,13.044520352074574
1991-12-28,32.128025190240166
1991-12-29,0.25386394722413863
1991-12-30,0.015004153391874121
1991-12-31,6.263631962637443e-05
1992-01-01,0.6037569143332022
1992-01-02,2.6046781519329287
1992-01-03,0.7034892540678241
1992-01-04,0.0
1992-01-05,0.9939132265841106
1992-01-06,0.0
1992-01-07,0.0
1992-01-08,26.44510389245988
1992-01-09,31.115986735359737
1992-01-10,0.0010388565906809906
1992-01-11,0.037070224904789985
1992-01-12,3.510094161582205
1992-01-13,73.39547839725286
1992-01-14,0.00023991395440783704
1992-01-15,0.0
1992-01-16,0.0
1992-01-17,0.0
1992-01-18,20.29443186343167
1992-01-19,22.965012001343606
1992-01-20,0.0
1992-01-21,0.0
1992-01-22,0.402038060222235
1992-01-23,10.010086355794321
1992-01-24,0.0
1992-01-25,0.0
1992-01-26,1.1682472858754354
1992-01-27,11.51660964462667
1992-01-28,38.1678381742409
1992-01-29,6.10538861211093
1992-01-30,4.618012856695301
1992-01-31,0.017598704248024417
1992-02-01,0.0
1992-02-02,0.0
1992-02-03,0.0
1992-02-04,5.128387669529484
1992-02-05,45.44206993391855
1992-02-06,0.9204140994051572
1992-02-07,0.5429306599367968
1992-02-08,0.0
1992-02-09,0.0
1992-02-10,0.0
1992-02-11,0.0
1992-02-12,0.017996105621735363
1992-02-13,7.645012771545024
1992-02-14,2.751353824916067
1992-02-15,41.010738354174
1992-02-16,0.013340534482351967
1992-02-17,62.919649479035364
1992-02-18,0.6434889988820306
1992-02-19,0.0
1992-02-20,0.0
1992-02-21,0.0
1992-02-22,5.8520427872642555
1992-02-23,26.231858772544285
1992-02-24,4.038912106366872
1992-02-25,26.128566665379868
1992-02-26,8.571897106392798
1992-02-27,0.0
1992-02-28,3.1401589110227848
1992-02-29,0.0
1992-03-01,0.0
1992-03-02,0.0
1992-03-03,0.0
1992-03-04,0.0
1992-03-05,14.218688836801178
1992-03-06,11.59361196806612
1992-03-07,0.39982775620866456
1992-03-08,0.0005843165561834007
1992-03-09,3.5657419319298205
1992-03-10,34.084261823358524
1992-03-11,0.0
1992-03-12,0.0
1992-03-13,0.0
1992-03-14,0.0
1992-03-15,1.385460607666626
1992-03-16,0.0002992506450818222
1992-03-17,0.07509191955859379
1992-03-18,8.222665220404563
1992-03-19,16.536424142129512
1992-03-20,0.0
1992-03-21,0.0
1992-03-22,26.03953211903538
1992-03-23,5.067191065576753
1992-03-24,0.0
1992-03-25,4.596116182237364
1992-03-26,0.46000608451082303
1992-03-27,0.0001328794132086819
1992-03-28,0.0
1992-03-29,2.426534176734547
1992-03-30,8.149187391937291
1992-03-31,0.0008688796937781257
1992-04-01,0.0
1992-04-02,0.0
1992-04-03,0.0
1992-04-04,0.0
1992-04-05,0.0
1992-04-06,7.651450102159744
1992-04-07,7.599671815415057
1992-04-08,0.0
1992-04-09,0.0
1992-04-10,0.27664756347786185
1992-04-11,0.45808592840031287
1992-04-12,0.34127782017785296
1992-04-13,0.11699625453819702
1992-04-14,0.07225150411023167
1992-04-15,0.0028822811680705384
1992-04-16,0.1511564504881098
1992-04-17,0.26823436174839393
1992-04-18,1.292240821495058
1992-04-19,38.421750103276864
1992-04-20,9.699017348228875
1992-04-21,25.37472181437296
1992-04-22,0.0
1992-04-23,0.0
1992-04-24,13.856751129273214
1992-04-25,3.4555317902482496
1992-04-26,0.028945028170879274
1992-04-27,0.028945028170879274
1992-04-28,0.028945028170879274
1992-04-29,0.028945028170879274
1992-04-30,0.129551804077311
1992-05-01,0.0
1992-05-02,0.0
1992-05-03,0.0
1992-05-04,0.0
1992-05-05,0.0
1992-05-06,0.0
1992-05-07,0.0
1992-05-08,0.0
1992-05-09,0.0
1992-05-10,0.0
1992-05-11,0.0
1992-05-12,1.438773215719325
1992-05-13,0.27062264290305965
1992-05-14,0.0
1992-05-15,0.05572195769306783
1992-05-16,0.017935817073569345
1992-05-17,0.4677455581511437
1992-05-18,0.09954531701175473
1992-05-19,0.0009973696378521458
1992-05-20,0.0009645466196809924
1992-05-21,2.2397050945375754
1992-05-22,0.226531571736643
1992-05-23,0.0032212380238916473
1992-05-24,0.3761063038504669
1992-05-25,1.911013349250725
1992-05-26,13.96093384430743
1992-05-27,13.360790621901952
1992-05-28,15.555837696967528
1992-05-29,13.266272552095698
1992-05-30,1.0530491052591668
1992-05-31,0.0
1992-06-01,3.973215274405868
1992-06-02,0.09444059758052778
1992-06-03,22.174844242042024
1992-06-04,0.9218564704892335
1992-06-05,0.11781307399878535
1992-06-06,1.5156986987807525e-05
1992-06-07,3.952605789295858
1992-06-08,9.526746412181605
1992-06-09,1.6788445716465679
1992-06-10,9.2940588963123
1992-06-11,2.1118204407491943
1992-06-12,4.567571584867757
1992-06-13,4.4812858618426645
1992-06-14,0.37656833494810166
1992-06-15,2.825385951329008
1992-06-16,0.07138137662884857
1992-06-17,0.0059130361569327975
1992-06-18,0.008329472991020439
1992-06-19,0.01306752868594173
1992-06-20,0.011054994781551261
1992-06-21,0.7302379011548824
1992-06-22,0.0
1992-06-23,0.05429006072725896
1992-06-24,0.00030660474145695766
1992-06-25,0.14951561831683602
1992-06-26,9.232019982155894
1992-06-27,23.249096145850842
1992-06-28,0.019695044705197656
1992-06-29,7.869866613360102
1992-06-30,15.452478487674203
1992-07-01,16.73604567733659
1992-07-02,0.11384889457775407
1992-07-03,1.406899522307085
1992-07-04,0.49020453084348503
1992-07-05,1.1000391628983976
1992-07-06,1.6167593609587751
1992-07-07,0.2806224274307328
1992-07-08,4.309504883699773
1992-07-09,5.797049420469744
1992-07-10,0.16968660097608065
1992-07-11,0.1646569171237187
1992-07-12,2.7293556823725655
1992-07-13,1.6776923696459265
1992-07-14,10.827295691399309
1992-07-15,12.832237570260858
1992-07-16,18.04021666750328
1992-07-17,2.5555126651250566
1992-07-18,11.186711886299857
1992-07-19,12.637645832566715
1992-07-20,9.090759792776248
1992-07-21,6.82125767426489
1992-07-22,14.346535914069813
1992-07-23,12.428365691261103
1992-07-24,17.0512897041022
1992-07-25,6.282379569390481
1992-07-26,1.7222552890284115
1992-07-27,1.4450215795313828
1992-07-28,5.672509696872455
1992-07-29,4.191983615133301
1992-07-30,0.48717899803506376
1992-07-31,5.026394359533726
1992-08-01,12.57308616412653
1992-08-02,4.58796118004834
1992-08-03,17.770515444845458
1992-08-04,0.867972264842684
1992-08-05,1.2256688918340932
1992-08-06,7.832517830763124
1992-08-07,13.309799757048701
1992-08-08,0.8366412418848157
1992-08-09,3.0829899459510046
1992-08-10,3.407002943677229
1992-08-11,9.577086095815748
1992-08-12,8.137871620581153
1992-08-13,13.943492259817056
1992-08-14,0.6770759286457724
1992-08-15,1.278534704024105
1992-08-16,0.0025661750152260352
1992-08-17,0.014987018361392058
1992-08-18,1.337054676718782
1992-08-19,3.277559294838333
1992-08-20,3.3499145344502104
1992-08-21,7.405846282000792
1992-08-22,19.481619565868616
1992-08-23,1.1686934369930704
1992-08-24,0.5698447210944784
1992-08-25,1.8821469566850602
1992-08-26,16.40962868792441
1992-08-27,15.873628461325916
1992-08-28,0.6580600211152382
1992-08-29,0.00019503255956653404
1992-08-30,0.0
1992-08-31,0.0
1992-09-01,0.39477025348138667
1992-09-02,2.3839182044034337
1992-09-03,1.0242773470510103
1992-09-04,6.67277073614561
1992-09-05,5.436283178138922
1992-09-06,5.668276341131719
1992-09-07,4.068209658289696
1992-09-08,0.46287408323743456
1992-09-09,0.450473104753125
1992-09-10,0.1940218563949275
1992-09-11,2.386947576957907
1992-09-12,0.24892274948696697
1992-09-13,3.4769334429783996
1992-09-14,0.17264680655107278
1992-09-15,0.10473540654314419
1992-09-16,1.9465440930977715
1992-09-17,6.278788608245345
1992-09-18,12.730371498992296
1992-09-19,5.166188854387349
1992-09-20,6.550630117575363
1992-09-21,3.431408414682271
1992-09-22,8.465769750207551
1992-09-23,1.107781666731581
1992-09-24,1.2077010655635085
1992-09-25,0.1879488413563623
1992-09-26,10.253810008655401
1992-09-27,2.4784066077776763
1992-09-28,0.13074300912064976
1992-09-29,0.0
1992-09-30,0.0
1992-10-01,0.0
1992-10-02,0.000600124238027299
1992-10-03,3.8244703757007557
1992-10-04,0.004987466394822349
1992-10-05,0.0
1992-10-06,0.00999814381069813
1992-10-07,0.03157809460848579
1992-10-08,2.3813449961348785
1992-10-09,0.0
1992-10-10,5.535284219104271
1992-10-11,8.794101677043463
1992-10-12,0.0
1992-10-13,0.0
1992-10-14,0.0
1992-10-15,0.05852392067778374
1992-10-16,1.1070187991046148
1992-10-17,8.000941734919877
1992-10-18,0.0
1992-10-19,0.0
1992-10-20,0.0
1992-10-21,0.08521208643032019
1992-10-22,0.01508860663894329
1992-10-23,0.01508860663894329
1992-10-24,0.01508860663894329
1992-10-25,0.01508860663894329
1992-10-26,0.10497622359630333
1992-10-27,1.085781975493114
1992-10-28,3.783710624272857
1992-10-29,0.054694982733076845
1992-10-30,5.754393372307105
1992-10-31,0.7020453118925225
1992-11-01,5.9254787625325385
1992-11-02,15.946062059108689
1992-11-03,0.006140608520280175
1992-11-04,92.11485823430843
1992-11-05,16.65009791687597
1992-11-06,0.0
1992-11-07,0.0
1992-11-08,0.0
1992-11-09,0.0
1992-11-10,4.2939541324600485
1992-11-11,46.43906608967604
1992-11-12,27.52852743176971
1992-11-13,0.0012022027711606738
1992-11-14,0.0
1992-11-15,0.0
1992-11-16,0.0
1992-11-17,0.0
1992-11-18,0.0
1992-11-19,0.048642651715140095
1992-11-20,9.392012223496153
1992-11-21,32.76399578137677
1992-11-22,19.36609604035639
1992-11-23,0.20812683138380092
1992-11-24,39.02712063308519
1992-11-25,12.623222575463458
1992-11-26,0.17851141585716346
1992-11-27,0.14506775116819828
1992-11-28,1.0808843447525325
1992-11-29,0.14506775116819828
1992-11-30,0.44410699593307895
1992-12-01,0.0
1992-12-02,1.7028535101854172
1992-12-03,0.0
1992-12-04,0.7705801068658403
1992-12-05,3.652765634735887
1992-12-06,0.0004918698120625431
1992-12-07,14.635965119501133
1992-12-08,0.0025904892203194724
1992-12-09,4.616047850586571
1992-12-10,26.299068204654823
1992-12-11,0.0
1992-12-12,0.0
1992-12-13,0.0
1992-12-14,1.1022141143556665
1992-12-15,6.253791996915069
1992-12-16,37.969867377654445
1992-12-17,26.41234525864463
1992-12-18,0.0
1992-12-19,0.19034485627045455
1992-12-20,0.48098723476905436
1992-12-21,0.0
1992-12-22,0.0
1992-12-23,0.0
1992-12-24,0.0
1992-12-25,0.0
1992-12-26,6.463726163635267
1992-12-27,1.6841929760980157
1992-12-28,2.184659165175749
1992-12-29,0.3866437304672074
1992-12-30,0.00438999091937107
1992-12-31,0.05059558532107163
1993-01-01,0.0008731555140426641
1993-01-02,0.0011316722446360135
1993-01-03,0.007480283924215834
1993-01-04,0.44302493353517836
1993-01-05,0.1644267581125841
1993-01-06,0.35652164756832533
1993-01-07,30.029109803006982
1993-01-08,7.620694109652806
1993-01-09,0.123802050800316
1993-01-10,0.7107307170769664
1993-01-11,19.916379666151574
1993-01-12,2.9516780979808157
1993-01-13,0.11407096603898123
1993-01-14,0.005808954076698259
1993-01-15,26.973160680890043
1993-01-16,0.06276761535275904
1993-01-17,0.0
1993-01-18,0.20304943985208054
1993-01-19,33.607130662610956
1993-01-20,71.86254022482122
1993-01-21,60.892878359532205
1993-01-22,0.0
1993-01-23,7.365808229992998e-05
1993-01-24,17.101514961915814
1993-01-25,0.0
1993-01-26,2.996155472039172
1993-01-27,7.248388822326288e-06
1993-01-28,7.248388822326288e-06
1993-01-29,0.007160276613276478
1993-01-30,0.1239070050843104
1993-01-31,7.248388822326288e-06
1993-02-01,0.0
1993-02-02,0.0
1993-02-03,0.0
1993-02-04,0.0
1993-02-05,0.04670320398001038
1993-02-06,3.326703724925696
1993-02-07,2.8170592358550555
1993-02-08,7.0321026039282645e-06
1993-02-09,0.0
1993-02-10,0.0026679791804468966
1993-02-11,38.37743814159576
1993-02-12,0.1942453446731333
1993-02-13,0.01666180257147475
1993-02-14,0.0
1993-02-15,1.1765924512637103
1993-02-16,18.3806534252123
1993-02-17,0.0
1993-02-18,0.0
1993-02-19,0.0
1993-02-20,0.9569418473695769
1993-02-21,1.8590513926353165
1993-02-22,0.5519382068288534
1993-02-23,0.0
1993-02-24,0.0
1993-02-25,12.373031762334552
1993-02-26,22.852100124746237
1993-02-27,0.0
1993-02-28,0.0
1993-03-01,0.0
1993-03-02,35.780451594363925
1993-03-03,11.508184714613202
1993-03-04,0.019162699093914694
1993-03-05,0.0
1993-03-06,0.0
1993-03-07,0.0025287801044764405
1993-03-08,0.0
1993-03-09,0.0
1993-03-10,0.0
1993-03-11,1.3441600732748458
1993-03-12,6.647262053708224
1993-03-13,43.601003403562004
1993-03-14,0.0
1993-03-15,0.021191434249681534
1993-03-16,29.185505838639425
1993-03-17,29.385967889395175
1993-03-18,0.016734799514715338
1993-03-19,2.0341903551502448e-05
1993-03-20,5.475110749312028
1993-03-21,1.5741627245937486
1993-03-22,2.291380689078853
1993-03-23,13.548621383784555
1993-03-24,0.0004327059629248715
1993-03-25,2.2298563474873596
1993-03-26,9.556311994327679
1993-03-27,0.000664376356870038
1993-03-28,0.0
1993-03-29,0.0
1993-03-30,9.280417695280807
1993-03-31,33.27451924528579
1993-04-01,0.0
1993-04-02,0.0
1993-04-03,0.5972167341819186
1993-04-04,26.865342258070395
1993-04-05,4.681582476404124
1993-04-06,0.058684736153222374
1993-04-07,0.00019029818384562846
1993-04-08,0.3317772364830361
1993-04-09,26.566281105700998
1993-04-10,0.0
1993-04-11,0.0
1993-04-12,0.0
1993-04-13,0.00027178106280848776
1993-04-14,1.4197253822786455
1993-04-15,26.291891505144136
1993-04-16,0.0
1993-04-17,0.0
1993-04-18,0.0
1993-04-19,0.0
1993-04-20,0.0
1993-04-21,4.967673470188919
1993-04-22,0.0
1993-04-23,0.0
1993-04-24,0.06927616789296653
1993-04-25,2.455635857691833
1993-04-26,37.90252399504641
1993-04-27,0.0
1993-04-28,0.0
1993-04-29,0.19677528883095124
1993-04-30,9.371221830123446
1993-05-01,26.876685314169208
1993-05-02,35.457542742096805
1993-05-03,1.7330398944283896
1993-05-04,0.0
1993-05-05,0.0
1993-05-06,0.0
1993-05-07,0.0
1993-05-08,0.0
1993-05-09,0.0
1993-05-10,0.0
1993-05-11,2.2104541760910914
1993-05-12,1.6179768717221394
1993-05-13,0.02408021076096141
1993-05-14,0.0011618734937943
1993-05-15,0.0024740746674113785
1993-05-16,0.002607232295031762
1993-05-17,0.0006077472582655078
1993-05-18,0.002659902877525801
1993-05-19,13.917643173601183
1993-05-20,0.07153644199849121
1993-05-21,0.0
1993-05-22,0.0
1993-05-23,0.0
1993-05-24,0.6734294781070409
1993-05-25,13.810615436505273
1993-05-26,14.506649855983236
1993-05-27,6.497869079559187
1993-05-28,4.433788114767586
1993-05-29,0.021543248658619667
1993-05-30,7.840301902706841
1993-05-31,5.949257156207146
1993-06-01,2.0021305537226533
1993-06-02,0.0
1993-06-03,0.10144039819277961
1993-06-04,0.41188755300171875
1993-06-05,1.99126375736129
1993-06-06,0.14890946644693961
1993-06-07,0.003958236175683733
1993-06-08,0.012331360002640252
1993-06-09,0.002206700886018885
1993-06-10,0.020488341675362856
1993-06-11,0.6297700857909457
1993-06-12,0.16155080563532673
1993-06-13,6.235623685834362
1993-06-14,2.6211998735945023
1993-06-15,1.5398444741544801
1993-06-16,0.658808532805855
1993-06-17,0.15378237783943574
1993-06-18,0.02007599706119254
1993-06-19,0.07997610668451813
1993-06-20,0.22968890655128857
1993-06-21,0.2590580649595719
1993-06-22,16.74839009739217
1993-06-23,6.997156131579245
1993-06-24,24.718742694655337
1993-06-25,14.670519388249241
1993-06-26,6.141559892470589
1993-06-27,7.228372337015449
1993-06-28,6.429268810786102
1993-06-29,1.5478222702958446
1993-06-30,0.2547829489244164
1993-07-01,0.01910951807222453
1993-07-02,0.04701526078684886
1993-07-03,0.8961502514192764
1993-07-04,2.3765374994248045
1993-07-05,0.13217058480142307
1993-07-06,0.015714197884164633
1993-07-07,0.1634627341257253
1993-07-08,3.548278869954301
1993-07-09,2.120047270136964
1993-07-10,3.0200345193378086
1993-07-11,4.88213827326654
1993-07-12,8.933512629037093
1993-07-13,13.243941688603428
1993-07-14,9.336757121528292
1993-07-15,4.048054393127228
1993-07-16,1.9901657137134394
1993-07-17,1.214261348650047
1993-07-18,3.0743918009324878
1993-07-19,2.994850921718033
1993-07-20,11.619858018169385
1993-07-21,23.034078758232287
1993-07-22,10.666268848799053
1993-07-23,8.355589518555018
1993-07-24,17.140307177939448
1993-07-25,12.924247767579566
1993-07-26,2.375620433688546
1993-07-27,0.19123917999250178
1993-07-28,4.772817542624197
1993-07-29,5.2188560936656945
1993-07-30,3.7673497881726234
1993-07-31,0.0
1993-08-01,0.6736806747975504
1993-08-02,5.826912152786776
1993-08-03,14.894994145997648
1993-08-04,13.169448565904046
1993-08-05,5.828002534931059
1993-08-06,6.327351186745339
1993-08-07,7.27813410306396
1993-08-08,11.80443691761184
1993-08-09,0.8645504164897284
1993-08-10,0.4772091997500485
1993-08-11,6.177320256161453
1993-08-12,3.567527860329963
1993-08-13,7.832831246403098
1993-08-14,7.703627388792021
1993-08-15,9.203766773313905
1993-08-16,0.16657231342464507
1993-08-17,0.5498209256658843
1993-08-18,0.604797395326374
1993-08-19,1.2057016199759982
1993-08-20,4.291368216931724
1993-08-21,5.350265043688736
1993-08-22,1.632842912693635
1993-08-23,1.580317637460231
1993-08-24,3.331898863627482
1993-08-25,0.21131406093255775
1993-08-26,0.07448672106164714
1993-08-27,1.884409237452426
1993-08-28,2.075074069918089
1993-08-29,2.2190353719500773
1993-08-30,10.215646691006025
1993-08-31,1.1771255540977683
1993-09-01,8.99182724697142
1993-09-02,11.242913579778051
1993-09-03,10.127200369455489
1993-09-04,21.220938949268383
1993-09-05,7.042921254224277
1993-09-06,3.2065815583059663
1993-09-07,6.179931562031605
1993-09-08,1.1447691669335542
1993-09-09,0.20249421786816765
1993-09-10,0.3273494452380203
1993-09-11,0.9701400167262066
1993-09-12,0.00020762265891841348
1993-09-13,4.710285028315802
1993-09-14,8.626280770829068
1993-09-15,12.2883815185573
1993-09-16,12.27996821334954
1993-09-17,1.415354709404103
1993-09-18,3.039769628756977
1993-09-19,0.9040553305053665
1993-09-20,3.0660376261826525
1993-09-21,1.6317314217508325
1993-09-22,0.047577706939195066
1993-09-23,0.0027772782349630653
1993-09-24,0.12584256422366683
1993-09-25,0.0800249368737985
1993-09-26,0.6547812517334304
1993-09-27,1.9116282232779722
1993-09-28,0.0
1993-09-29,0.0
1993-09-30,0.0
1993-10-01,0.0
1993-10-02,0.0
1993-10-03,0.7855851152863804
1993-10-04,0.556126679216332
1993-10-05,0.0
1993-10-06,0.0
1993-10-07,0.5387948067458055
1993-10-08,0.0
1993-10-09,1.082557782396193
1993-10-10,3.3372359051873277e-07
1993-10-11,0.0
1993-10-12,0.0
1993-10-13,3.8647120994328374
1993-10-14,12.084407897538508
1993-10-15,2.6629861730965585
1993-10-16,0.0
1993-10-17,0.0
1993-10-18,0.0
1993-10-19,0.0
1993-10-20,0.0
1993-10-21,5.688790687855456
1993-10-22,7.0072371605306465
1993-10-23,2.5271917150610532
1993-10-24,0.114817821089567
1993-10-25,3.105458285125929
1993-10-26,0.08118232024278094
1993-10-27,0.0
1993-10-28,0.0
1993-10-29,38.5024337126525
1993-10-30,52.89817785664738
1993-10-31,0.0018879440635914744
1993-11-01,0.0
1993-11-02,0.0
1993-11-03,0.0
1993-11-04,3.222928104668655
1993-11-05,16.663530927731557
1993-11-06,16.74235207547092
1993-11-07,0.0
1993-11-08,0.030158304551606452
1993-11-09,12.016539596404924
1993-11-10,0.5495205488519561
1993-11-11,0.0
1993-11-12,0.0057303428421078065
1993-11-13,3.026666434776922
1993-11-14,3.9542497095300306
1993-11-15,9.79893563556278
1993-11-16,9.017834885943971
1993-11-17,29.903730270076135
1993-11-18,0.00011436861373682932
1993-11-19,0.009798029347969648
1993-11-20,0.8804444121947212
1993-11-21,0.3267461157640561
1993-11-22,0.3267461157640561
1993-11-23,0.3267461157640561
1993-11-24,0.3267461157640561
1993-11-25,0.3267461157640561
1993-11-26,0.04683430189984268
1993-11-27,2.0039264726993524
1993-11-28,0.0
1993-11-29,0.0
1993-11-30,0.0
1993-12-01,0.0
1993-12-02,0.0030956108541151475
1993-12-03,0.0921329399418266
1993-12-04,11.957572735460246
1993-12-05,0.002303414152823698
1993-12-06,0.0
1993-12-07,0.0
1993-12-08,0.0
1993-12-09,0.003415660096990103
1993-12-10,10.264081977027699
1993-12-11,0.0263838311577852
1993-12-12,0.0
1993-12-13,2.1154970942775875
1993-12-14,38.100571876878185
1993-12-15,0.0
1993-12-16,0.003463214880944219
1993-12-17,0.0
1993-12-18,0.0007133113185508656
1993-12-19,1.940388997798984
1993-12-20,13.317334570619446
1993-12-21,0.5268131097655074
1993-12-22,9.841917664515352
1993-12-23,4.834008781553595
1993-12-24,0.1816771074480872
1993-12-25,4.82612185958509e-05
1993-12-26,0.0
1993-12-27,0.0002728576390293371
1993-12-28,0.008494128346363292
1993-12-29,4.194968985894791
1993-12-30,0.0
1993-12-31,0.0
1994-01-01,2.2950304798361154
1994-01-02,1.3800252770001387
1994-01-03,8.893436913980334
1994-01-04,0.45486583509411704
1994-01-05,0.0
1994-01-06,0.22474591119367923
1994-01-07,1.6426658109548842
1994-01-08,1.3572173708108453
1994-01-09,0.0
1994-01-10,0.0
1994-01-11,32.73989947210231
1994-01-12,0.7560513357910055
1994-01-13,3.5933098532635532
1994-01-14,0.0
1994-01-15,0.0
1994-01-16,0.0
1994-01-17,23.338363968840326
1994-01-18,0.0036146221478837405
1994-01-19,0.0
1994-01-20,0.0
1994-01-21,0.0
1994-01-22,0.0
1994-01-23,1.3664568481126445
1994-01-24,0.0
1994-01-25,0.03608331310860433
1994-01-26,0.4732599573313568
1994-01-27,2.635395491509538
1994-01-28,55.202998464390376
1994-01-29,28.42033390786092
1994-01-30,8.036882546555836
1994-01-31,0.0
1994-02-01,0.0
1994-02-02,0.337145297179614
1994-02-03,0.0
1994-02-04,0.4500791730566888
1994-02-05,38.868899805294966
1994-02-06,1.352371521084997
1994-02-07,0.018498157441017817
1994-02-08,1.4757019574854364
1994-02-09,1.4085552841572693
1994-02-10,20.174067049067038
1994-02-11,0.0
1994-02-12,0.0
1994-02-13,0.0
1994-02-14,0.0
1994-02-15,0.0
1994-02-16,1.6668645842560286
1994-02-17,0.0
1994-02-18,0.25732404694037314
1994-02-19,1.4846328446480823
1994-02-20,2.330558709430544
1994-02-21,1.1914876984308636
1994-02-22,3.6869486251274206
1994-02-23,23.629320642543686
1994-02-24,0.977352308304157
1994-02-25,0.0
1994-02-26,0.00010040160579153112
1994-02-27,0.00046055299565046776
1994-02-28,1.3510634778730293
1994-03-01,14.033903640219773
1994-03-02,28.548091315739626
1994-03-03,0.0035683514321171025
1994-03-04,0.0
1994-03-05,0.0
1994-03-06,0.0
1994-03-07,1.3969026604030743
1994-03-08,0.006519016307485019
1994-03-09,45.93233072603101
1994-03-10,4.755451183013891
1994-03-11,0.10238350235511891
1994-03-12,0.10238350235511891
1994-03-13,1.0143045862147089
1994-03-14,0.10238350235511891
1994-03-15,0.10238350235511891
1994-03-16,0.0
1994-03-17,0.0
1994-03-18,0.9832771269110853
1994-03-19,1.3376419807301796
1994-03-20,2.0304370972256818
1994-03-21,0.08949666914609165
1994-03-22,0.002194207567990759
1994-03-23,8.647275482209256
1994-03-24,3.167144870535001
1994-03-25,17.36882462551808
1994-03-26,0.29637509907957355
1994-03-27,0.8572222832074977
1994-03-28,15.676229665317491
1994-03-29,0.029647564049557793
1994-03-30,0.0
1994-03-31,0.0005783379275346793
1994-04-01,0.0
1994-04-02,0.0
1994-04-03,0.0
1994-04-04,0.0
1994-04-05,0.0
1994-04-06,0.0
1994-04-07,0.0
1994-04-08,0.0
1994-04-09,0.0
1994-04-10,0.0
1994-04-11,0.03876402153017047
1994-04-12,10.26284339247492
1994-04-13,34.671012470871865
1994-04-14,13.74211071993985
1994-04-15,1.8766316384999102
1994-04-16,43.81081043200174
1994-04-17,0.0
1994-04-18,0.0
1994-04-19,0.1001841195015589
1994-04-20,2.670255597637247
1994-04-21,11.156814188859222
1994-04-22,4.614646117670799
1994-04-23,1.6100328282879464
1994-04-24,0.23967494179051146
1994-04-25,0.6798465403912518
1994-04-26,4.342620061205925
1994-04-27,0.04952347225670574
1994-04-28,0.00204904278189567
1994-04-29,0.26427400981713517
1994-04-30,2.130387544822162
1994-05-01,6.386598370797781
1994-05-02,3.306985466370756
1994-05-03,30.10771161493244
1994-05-04,0.1379869540595035
1994-05-05,0.0
1994-05-06,0.0
1994-05-07,0.00021821312080525066
1994-05-08,0.7432219519007437
1994-05-09,3.1176670231021437
1994-05-10,7.6751128302414395
1994-05-11,0.0020572697280345636
1994-05-12,0.008456885802105874
1994-05-13,0.00018616059228356867
1994-05-14,0.0024936643858621183
1994-05-15,0.022102680306639484
1994-05-16,4.001822655240788
1994-05-17,0.7952942167631858
1994-05-18,0.021627727374922873
1994-05-19,0.0
1994-05-20,0.0
1994-05-21,0.0
1994-05-22,0.0
1994-05-23,0.0
1994-05-24,0.0
1994-05-25,0.0
1994-05-26,0.0008245265150653358
1994-05-27,6.725708066053355
1994-05-28,2.2003787695081245
1994-05-29,3.6942814671945965
1994-05-30,9.334022404257905
1994-05-31,2.197927719470302
1994-06-01,2.239463793882339
1994-06-02,4.488230326545414
1994-06-03,3.204448154876628
1994-06-04,8.255979537962588
1994-06-05,17.293105824813775
1994-06-06,9.089951089288654
1994-06-07,5.84543898689478
1994-06-08,0.49934872154406307
1994-06-09,1.7893511425217328
1994-06-10,7.853789494654532
1994-06-11,7.988820533930321
1994-06-12,15.944848312024062
1994-06-13,11.207390314085785
1994-06-14,0.525056857871932
1994-06-15,0.14783693874826226
1994-06-16,0.26546486305755107
1994-06-17,1.7080502637923707
1994-06-18,0.5811193668600847
1994-06-19,1.341640519093159
1994-06-20,2.8360493116821504
1994-06-21,8.113861642688995
1994-06-22,7.426799305008739
1994-06-23,9.649433450838174
1994-06-24,30.531898037794853
1994-06-25,16.603670746003903
1994-06-26,10.453068404341032
1994-06-27,0.6147402276456261
1994-06-28,0.3092053582204769
1994-06-29,0.9430742061707861
1994-06-30,3.09248778134509
1994-07-01,2.633132082796459
1994-07-02,0.8036639452717925
1994-07-03,3.7098428414813016
1994-07-04,4.298680473480361
1994-07-05,2.90762429786939
1994-07-06,9.29725272100661
1994-07-07,33.55760399910651
1994-07-08,21.18712989073618
1994-07-09,13.338826812742203
1994-07-10,25.94932878658799
1994-07-11,25.404438131647524
1994-07-12,23.58697957673716
1994-07-13,23.08564143949947
1994-07-14,21.69784567144524
1994-07-15,0.7973836479303251
1994-07-16,0.7111035539402812
1994-07-17,4.337934609709432
1994-07-18,4.115151983590429
1994-07-19,6.9121786902476545
1994-07-20,2.6055909795026233
1994-07-21,11.029892989688083
1994-07-22,24.543816180769955
1994-07-23,7.770474006437799
1994-07-24,1.2510562538238028
1994-07-25,6.925773555411486
1994-07-26,2.5454194450743035
1994-07-27,14.206483890836722
1994-07-28,0.013584750779880946
1994-07-29,0.008206757308852864
1994-07-30,0.0003064588620641933
1994-07-31,3.7026003632588025
1994-08-01,0.2719790031999036
1994-08-02,3.489355723049006
1994-08-03,7.405239969027951
1994-08-04,0.025374603659629364
1994-08-05,1.324372937589049
1994-08-06,0.0
1994-08-07,0.0
1994-08-08,0.0
1994-08-09,0.0
1994-08-10,0.0
1994-08-11,0.0061515842409009215
1994-08-12,0.8505022789197899
1994-08-13,0.09896918565356996
1994-08-14,0.600104125557728
1994-08-15,0.11266836129938824
1994-08-16,0.05086031437022981
1994-08-17,0.05845541143180465
1994-08-18,0.051790345127774584
1994-08-19,0.03496533858863783
1994-08-20,0.0508133914157401
1994-08-21,7.236485779129212
1994-08-22,0.277962930432959
1994-08-23,0.02869852164135172
1994-08-24,0.04319131692384965
1994-08-25,0.19087959993240827
1994-08-26,0.35836881246241775
1994-08-27,0.10879202754359878
1994-08-28,0.752986467224197
1994-08-29,1.4555917414198483
1994-08-30,2.3221150231330494
1994-08-31,2.4273378079024006
1994-09-01,1.7317305708739512
1994-09-02,4.738601314455305
1994-09-03,7.102597291315803
1994-09-04,0.012844231207024765
1994-09-05,0.0
1994-09-06,0.1963479261693066
1994-09-07,3.5256549415410876
1994-09-08,13.644754224573687
1994-09-09,3.8122389462980686
1994-09-10,2.250230886825106
1994-09-11,1.455664904980655
1994-09-12,1.0538711952448816
1994-09-13,0.0036169906930049265
1994-09-14,0.0
1994-09-15,12.358686136336475
1994-09-16,5.4608162823404065
1994-09-17,9.560204890568587
1994-09-18,0.4692224895851962
1994-09-19,0.0
1994-09-20,0.7203862964917216
1994-09-21,0.04998449694835989
1994-09-22,6.520565296544625
1994-09-23,5.406802806440145
1994-09-24,0.015816224123088862
1994-09-25,0.011636037342297822
1994-09-26,0.24885063036330246
1994-09-27,0.24885063036330246
1994-09-28,0.24885063036330246
1994-09-29,0.24885063036330246
1994-09-30,0.24885063036330246
1994-10-01,0.24783893887277927
1994-10-02,41.76161490679205
1994-10-03,0.4718497261319135
1994-10-04,0.028828838830272204
1994-10-05,0.0
1994-10-06,0.0
1994-10-07,0.06523383098624923
1994-10-08,0.32983153006314575
1994-10-09,6.931280461992458
1994-10-10,11.07760364710784
1994-10-11,1.2005343963567865
1994-10-12,3.7097484963579155
1994-10-13,0.17221140279020522
1994-10-14,0.008237633546784267
1994-10-15,0.0005458072533612355
1994-10-16,6.059937671830201e-05
1994-10-17,0.039543355421978996
1994-10-18,0.028586596945060067
1994-10-19,0.033770882997894866
1994-10-20,0.46728059824260587
1994-10-21,8.238619836525755
1994-10-22,6.064269707590518
1994-10-23,0.30458628614868677
1994-10-24,0.0006573956094552941
1994-10-25,2.609050424588394e-06
1994-10-26,0.00015939310803291212
1994-10-27,0.0
1994-10-28,0.0
1994-10-29,0.0014756193279189791
1994-10-30,0.3065409486703987
1994-10-31,0.12818103832202754
1994-11-01,0.29134645929726366
1994-11-02,0.0
1994-11-03,6.227673638059773e-05
1994-11-04,6.120800243226012e-05
1994-11-05,5.505224637743423
1994-11-06,30.78901256741277
1994-11-07,0.0
1994-11-08,0.12853986501427728
1994-11-09,1.5616787026950494
1994-11-10,6.791246043372355
1994-11-11,1.7675095153229334
1994-11-12,0.17400210263078655
1994-11-13,0.02437896876790135
1994-11-14,0.0
1994-11-15,0.0
1994-11-16,0.0011647933118317387
1994-11-17,0.00020827117615567747
1994-11-18,8.397898732394922e-05
1994-11-19,0.0
1994-11-20,1.2630579451303092
1994-11-21,1.0642029318529687
1994-11-22,0.0
1994-11-23,0.0
1994-11-24,0.6407915963494134
1994-11-25,0.004363460215776496
1994-11-26,3.8357708800314336
1994-11-27,2.060434160009431
1994-11-28,25.06324681022491
1994-11-29,24.215839413296564
1994-11-30,0.08546606127341189
1994-12-01,0.0
1994-12-02,0.0017883268360162714
1994-12-03,57.15780415865995
1994-12-04,40.14347112517744
1994-12-05,0.14263158268099088
1994-12-06,0.09191469899603412
1994-12-07,0.10343726433913114
1994-12-08,0.036652298620844924
1994-12-09,0.30778142936839703
1994-12-10,6.360472881709248
1994-12-11,5.813590017782592
1994-12-12,0.0
1994-12-13,0.0
1994-12-14,4.1289338547486345
1994-12-15,0.0027160767857825167
1994-12-16,10.841814996826486
1994-12-17,6.8117922268258795
1994-12-18,0.01547486518868892
1994-12-19,0.0
1994-12-20,0.0
1994-12-21,0.0
1994-12-22,0.0
1994-12-23,0.0
1994-12-24,0.0
1994-12-25,0.0
1994-12-26,0.0
1994-12-27,0.0
1994-12-28,0.0
1994-12-29,18.901425982023074
1994-12-30,1.5413360413370487
1994-12-31,0.09398124627429222
1995-01-01,8.759252948524312
1995-01-02,0.036732820452763555
1995-01-03,1.3409184931910878
1995-01-04,7.207900453101858e-05
1995-01-05,0.0
1995-01-06,29.455185008094407
1995-01-07,0.17076414275372392
1995-01-08,0.0
1995-01-09,0.017151917537540654
1995-01-10,0.08167746820965494
1995-01-11,0.16984727797542998
1995-01-12,0.8762658673823274
1995-01-13,67.48649536941468
1995-01-14,1.7620256900987181
1995-01-15,0.09731622956991522
1995-01-16,0.057249970913910944
1995-01-17,0.0
1995-01-18,0.4117932043847009
1995-01-19,19.628155133820222
1995-01-20,0.0
1995-01-21,0.0
1995-01-22,0.0
1995-01-23,13.968997643212196
1995-01-24,0.0
1995-01-25,0.0
1995-01-26,0.00013973317653978728
1995-01-27,17.049719079926312
1995-01-28,27.054108030178927
1995-01-29,0.000299297017308565
1995-01-30,0.1988680288554813
1995-01-31,0.0
1995-02-01,0.0
1995-02-02,0.0
1995-02-03,2.641361703906169
1995-02-04,1.9362477404194967
1995-02-05,0.0
1995-02-06,0.0
1995-02-07,0.036730269703279216
1995-02-08,0.13546199398729367
1995-02-09,0.0018409218406837248
1995-02-10,2.924343132643501
1995-02-11,49.28557805083025
1995-02-12,4.32627569731271
1995-02-13,0.3633673127084353
1995-02-14,0.0018225010751408885
1995-02-15,2.6243232277566735
1995-02-16,4.191190742937604
1995-02-17,39.83714717886679
1995-02-18,14.95572707642736
1995-02-19,2.2954867772923833
1995-02-20,4.140802970067736
1995-02-21,0.0016246929024271572
1995-02-22,0.0016246929024271572
1995-02-23,0.0017626667448086984
1995-02-24,0.06703978278258926
1995-02-25,0.0016246929024271572
1995-02-26,0.0
1995-02-27,0.24445142315281196
1995-02-28,13.66520309437603
1995-03-01,2.468558863385355
1995-03-02,7.526311465261946e-05
1995-03-03,1.6302501733489478
1995-03-04,1.1512605778205558
1995-03-05,23.451778117721148
1995-03-06,9.14512826979154
1995-03-07,17.24782867562923
1995-03-08,45.02851011985699
1995-03-09,0.0
1995-03-10,0.0
1995-03-11,0.0
1995-03-12,0.013713373613791784
1995-03-13,0.0
1995-03-14,1.3399412629980891
1995-03-15,27.681531173600266
1995-03-16,10.252755848823368
1995-03-17,9.566864752757454
1995-03-18,1.4696730382290581
1995-03-19,0.0008510046719788313
1995-03-20,0.0
1995-03-21,0.27628982965112225
1995-03-22,0.00017960874351108304
1995-03-23,0.008695704701064807
1995-03-24,0.0
1995-03-25,0.03134770365254777
1995-03-26,0.25183343110468204
1995-03-27,9.64141417493267
1995-03-28,1.3505486975720136
1995-03-29,16.199569335268773
1995-03-30,23.437387301945094
1995-03-31,36.56930177825699
1995-04-01,0.0
1995-04-02,0.0
1995-04-03,0.0
1995-04-04,6.319381075521901
1995-04-05,2.710862553202646
1995-04-06,0.0
1995-04-07,0.0
1995-04-08,0.0
1995-04-09,0.0
1995-04-10,0.0
1995-04-11,36.83665174663804
1995-04-12,17.49120732314822
1995-04-13,0.0
1995-04-14,0.0
1995-04-15,0.0
1995-04-16,0.0
1995-04-17,0.002333936540183451
1995-04-18,0.05607177734808864
1995-04-19,0.06279052565295076
1995-04-20,1.0922479378682313
1995-04-21,46.55642638406541
1995-04-22,1.5385647364862767
1995-04-23,36.35550180727537
1995-04-24,3.115369209906037
1995-04-25,0.0
1995-04-26,8.60412220398506e-05
1995-04-27,0.000370184944437488
1995-04-28,0.0015837957572230293
1995-04-29,8.60412220398506e-05
1995-04-30,0.00024086666180469935
1995-05-01,0.023513193722886724
1995-05-02,0.5320840997145113
1995-05-03,0.31818161381600574
1995-05-04,0.5019506244425535
1995-05-05,1.281049545648948
1995-05-06,0.04004500229719153
1995-05-07,0.0
1995-05-08,0.2890299484115934
1995-05-09,17.676001280881064
1995-05-10,66.2554734388977
1995-05-11,0.822734581132145
1995-05-12,23.300850409371535
1995-05-13,5.90098292387885
1995-05-14,0.13924826263917367
1995-05-15,0.05035218676160193
1995-05-16,0.06383470593341661
1995-05-17,0.006356667403170509
1995-05-18,0.08047054756860762
1995-05-19,13.816375003232139
1995-05-20,0.0
1995-05-21,0.0
1995-05-22,0.0
1995-05-23,0.0
1995-05-24,0.0
1995-05-25,0.0
1995-05-26,0.04118142846397322
1995-05-27,0.07623858091484578
1995-05-28,10.881756058666234
1995-05-29,12.413566476211905
1995-05-30,22.47363718254084
1995-05-31,23.271486217050427
1995-06-01,45.181598282561644
1995-06-02,6.147245577702044
1995-06-03,0.16524970222530524
1995-06-04,1.7148069385746785
1995-06-05,0.0
1995-06-06,0.09001384559398928
1995-06-07,0.00467996211192403
1995-06-08,0.11643018277431688
1995-06-09,0.00267180248028667
1995-06-10,0.0
1995-06-11,0.0
1995-06-12,3.3142887505162832
1995-06-13,0.0
1995-06-14,0.0
1995-06-15,0.0
1995-06-16,0.0
1995-06-17,0.022194659868243153
1995-06-18,0.007058043965710064
1995-06-19,0.0013779738444595077
1995-06-20,0.06737148957886094
1995-06-21,0.026217331730509188
1995-06-22,0.16985690479442672
1995-06-23,0.14453423417045405
1995-06-24,7.2553373641851
1995-06-25,3.163880949966455
1995-06-26,10.071274898902352
1995-06-27,0.052044339986593934
1995-06-28,5.996977721068706
1995-06-29,9.347163090325504
1995-06-30,0.5153103182402891
1995-07-01,15.010890344448981
1995-07-02,14.184790367274603
1995-07-03,2.607288059714707
1995-07-04,4.072116121305703
1995-07-05,0.10279765001510385
1995-07-06,1.4497644551340478
1995-07-07,0.044803702705935006
1995-07-08,0.7703385111012516
1995-07-09,13.677684353533625
1995-07-10,2.541139815110046
1995-07-11,0.3625818981478659
1995-07-12,3.673863234261829
1995-07-13,5.659650712000663
1995-07-14,4.3494823866767645
1995-07-15,4.148448014585438
1995-07-16,2.62086559578527
1995-07-17,3.383444994766172
1995-07-18,1.9753438828290637
1995-07-19,7.447839192258526
1995-07-20,6.621352180088754
1995-07-21,13.768102391802282
1995-07-22,1.657637323944829
1995-07-23,0.30917484676970414
1995-07-24,0.4676865275484587
1995-07-25,2.4453969922575833
1995-07-26,4.19079409440854
1995-07-27,5.0906282888262995
1995-07-28,3.241548610708265
1995-07-29,1.5845042201917678
1995-07-30,10.969634873939139
1995-07-31,6.455571353586362
1995-08-01,0.9871654740607047
1995-08-02,0.0006989368067218519
1995-08-03,37.41786832281938
1995-08-04,67.65613718754608
1995-08-05,3.1451090089451172
1995-08-06,1.2330227744887672
1995-08-07,0.29396313866876395
1995-08-08,0.34710413288509134
1995-08-09,3.8180066923163145
1995-08-10,2.2775401293026047
1995-08-11,0.19652561730492116
1995-08-12,0.9229219536416303
1995-08-13,3.661630480935893
1995-08-14,0.044827348002531256
1995-08-15,0.01120696013705034
1995-08-16,0.23451595495698827
1995-08-17,0.44248459973161436
1995-08-18,3.427360044162683
1995-08-19,0.49596552390339405
1995-08-20,2.743476111755251
1995-08-21,2.5602342888592196
1995-08-22,0.5329378822206946
1995-08-23,0.513973956054171
1995-08-24,0.12689466557082762
1995-08-25,0.23099699765257148
1995-08-26,0.0019599988543961304
1995-08-27,1.3128009630521092e-06
1995-08-28,0.0004763682218324849
1995-08-29,0.00016578895485721355
1995-08-30,0.00016578895485721355
1995-08-31,0.0
1995-09-01,0.01229874433246158
1995-09-02,0.042118936769106094
1995-09-03,0.0
1995-09-04,2.499644695300649
1995-09-05,1.0266221400035858
1995-09-06,4.797201642167134e-05
1995-09-07,0.1367687108461108
1995-09-08,4.797201642167134e-05
1995-09-09,4.797201642167134e-05
1995-09-10,0.2831435397840835
1995-09-11,0.007795999319621514
1995-09-12,6.319540364362917
1995-09-13,4.506800805013167
1995-09-14,3.658609965516944
1995-09-15,4.658864118004294
1995-09-16,9.240605442524096
1995-09-17,9.305074341234278
1995-09-18,0.00013865718519395008
1995-09-19,0.0
1995-09-20,0.0374960875127744
1995-09-21,0.3289967490830138
1995-09-22,1.1450931505300879
1995-09-23,1.1657095086540834
1995-09-24,0.03967256720427471
1995-09-25,0.003065559727354516
1995-09-26,1.0052394393677573
1995-09-27,0.038288854153796154
1995-09-28,0.03820461184603216
1995-09-29,0.03820461184603216
1995-09-30,0.03820461184603216
1995-10-01,0.0
1995-10-02,3.498175897158969
1995-10-03,31.274830729345755
1995-10-04,81.95314337608858
1995-10-05,36.6453159292936
1995-10-06,0.06730198118987664
1995-10-07,0.06730198118987664
1995-10-08,0.06730198118987664
1995-10-09,0.06730198118987664
1995-10-10,1.0680691549939516
1995-10-11,0.8241774867409288
1995-10-12,0.9268066720706885
1995-10-13,0.09556228254446529
1995-10-14,8.047446073526118
1995-10-15,0.0
1995-10-16,0.0
1995-10-17,0.0
1995-10-18,0.0
1995-10-19,0.018593912733793447
1995-10-20,0.5664904446742517
1995-10-21,0.0
1995-10-22,0.0
1995-10-23,0.04614752992420935
1995-10-24,0.15326862359898927
1995-10-25,7.057387210584912e-06
1995-10-26,0.0
1995-10-27,1.8331857670049523
1995-10-28,2.832544905433253
1995-10-29,0.0
1995-10-30,0.5641793965591938
1995-10-31,10.385421199890333
1995-11-01,12.039896842022134
1995-11-02,1.4283827907469737
1995-11-03,58.73086197502799
1995-11-04,0.0
1995-11-05,2.335189592082445
1995-11-06,3.074663018597799
1995-11-07,15.643363759339945
1995-11-08,0.09034993051956863
1995-11-09,0.0
1995-11-10,1.9922014003854247
1995-11-11,20.249298236855207
1995-11-12,0.0
1995-11-13,0.004139314975449867
1995-11-14,1.6314766469088495
1995-11-15,0.0
1995-11-16,0.23278807170139043
1995-11-17,0.0
1995-11-18,0.6211130665160324
1995-11-19,1.140741624060647
1995-11-20,11.822109198885942
1995-11-21,3.292008963990772
1995-11-22,0.0
1995-11-23,0.9200488123686948
1995-11-24,20.811714343203565
1995-11-25,0.0
1995-11-26,0.0
1995-11-27,0.22079681538013954
1995-11-28,2.5445994028061985
1995-11-29,0.3937815849616236
1995-11-30,0.0
1995-12-01,0.0
1995-12-02,0.0
1995-12-03,0.39853269505738703
1995-12-04,6.881201259190835
1995-12-05,1.7648912934986567
1995-12-06,1.6095909228445795
1995-12-07,2.355327931782326
1995-12-08,0.027493284057003638
1995-12-09,3.8273300137297017
1995-12-10,0.0
1995-12-11,0.0
1995-12-12,0.0
1995-12-13,0.008444658268871141
1995-12-14,0.26114698744852194
1995-12-15,0.44768693110396146
1995-12-16,2.397094386306054
1995-12-17,0.6233747644318224
1995-12-18,108.49113623753514
1995-12-19,41.49220549622778
1995-12-20,0.0
1995-12-21,0.0
1995-12-22,4.7997561044905135
1995-12-23,0.0010965550374198065
1995-12-24,0.0874547887052328
1995-12-25,0.0
1995-12-26,0.0
1995-12-27,0.0
1995-12-28,0.0
1995-12-29,0.0
1995-12-30,0.0
1995-12-31,8.922763889355213
1996-01-01,19.46310419456996
1996-01-02,10.677300459990526
1996-01-03,0.23329819543979713
1996-01-04,0.0
1996-01-05,0.010669035359721513
1996-01-06,3.2032224878824507
1996-01-07,1.03578895151876
1996-01-08,0.0
1996-01-09,0.0
1996-01-10,0.0
1996-01-11,9.978919837173013
1996-01-12,3.9384497620375147
1996-01-13,0.0
1996-01-14,0.0
1996-01-15,1.1419249079988414
1996-01-16,0.2399128050392566
1996-01-17,0.6199355036734907
1996-01-18,7.022771477657822
1996-01-19,0.44306071744255743
1996-01-20,0.0
1996-01-21,0.04851046031095206
1996-01-22,0.0
1996-01-23,0.0
1996-01-24,0.5240600541005712
1996-01-25,0.0
1996-01-26,37.32821571332949
1996-01-27,32.19078824957553
1996-01-28,0.0
1996-01-29,0.6478872313540178
1996-01-30,3.584641603117056
1996-01-31,9.091796784809095
1996-02-01,0.783254851930932
1996-02-02,58.90610572278299
1996-02-03,0.08314129924511965
1996-02-04,0.0
1996-02-05,0.0
1996-02-06,0.0009730284412978381
1996-02-07,0.0
1996-02-08,0.2734260579698371
1996-02-09,0.5953954139923548
1996-02-10,0.7636542853887484
1996-02-11,0.0
1996-02-12,0.0
1996-02-13,0.0
1996-02-14,0.0
1996-02-15,0.0
1996-02-16,0.12429145825686999
1996-02-17,0.0
1996-02-18,0.0
1996-02-19,27.045441764705792
1996-02-20,9.1745543588169
1996-02-21,0.0
1996-02-22,0.0
1996-02-23,0.0
1996-02-24,0.0
1996-02-25,0.0
1996-02-26,0.1817744887052145
1996-02-27,0.3038460844870736
1996-02-28,33.44919249737533
1996-02-29,0.5303051177930953
1996-03-01,5.402214339753142
1996-03-02,0.0
1996-03-03,0.0
1996-03-04,0.0
1996-03-05,0.8993840618490707
1996-03-06,10.47641382267869
1996-03-07,28.571702782311558
1996-03-08,0.0
1996-03-09,0.0
1996-03-10,0.0
1996-03-11,0.0
1996-03-12,0.0
1996-03-13,0.33261102577637314
1996-03-14,1.297617138715636
1996-03-15,0.3997252515167292
1996-03-16,3.690666036713538
1996-03-17,43.550524534615064
1996-03-18,14.038521295107996
1996-03-19,6.48941178672069
1996-03-20,0.00036310662451845434
1996-03-21,0.0
1996-03-22,0.0
1996-03-23,0.0
1996-03-24,0.34295359782665774
1996-03-25,21.108391465676675
1996-03-26,25.14143593366294
1996-03-27,64.63080348693728
1996-03-28,2.7432759904319264
1996-03-29,0.050191116905582304
1996-03-30,25.747470498459467
1996-03-31,1.8937190341067123
1996-04-01,0.0
1996-04-02,0.0
1996-04-03,0.0
1996-04-04,0.0
1996-04-05,0.0
1996-04-06,29.460815781914434
1996-04-07,0.0
1996-04-08,0.009558245856932004
1996-04-09,0.0
1996-04-10,0.0
1996-04-11,0.0
1996-04-12,0.0005637861369304628
1996-04-13,5.817267712524166
1996-04-14,2.47865307603846
1996-04-15,63.09239250399226
1996-04-16,0.0
1996-04-17,0.0
1996-04-18,2.3476717166134535
1996-04-19,0.5125207911361105
1996-04-20,0.005238667801067279
1996-04-21,0.07405790179576514
1996-04-22,0.6133131261420032
1996-04-23,6.481450168484724
1996-04-24,0.0
1996-04-25,0.00043492971393394855
1996-04-26,2.1759283592218646
1996-04-27,0.002546935487154052
1996-04-28,0.029691821835173136
1996-04-29,17.299804304577936
1996-04-30,8.521522217351617
1996-05-01,0.0
1996-05-02,0.0
1996-05-03,0.0
1996-05-04,0.0
1996-05-05,0.0
1996-05-06,0.0
1996-05-07,0.0
1996-05-08,0.0
1996-05-09,0.0
1996-05-10,0.0
1996-05-11,0.1039334067047481
1996-05-12,0.0036983254169899856
1996-05-13,0.0001752728887018406
1996-05-14,0.009536072010419692
1996-05-15,0.0042296964478581965
1996-05-16,0.3301656070501559
1996-05-17,0.0011358264893259811
1996-05-18,0.0
1996-05-19,0.003486610973661678
1996-05-20,0.002602511625471334
1996-05-21,0.00016646017211285405
1996-05-22,0.056045726110636344
1996-05-23,1.4241001105292306
1996-05-24,0.4387830112124701
1996-05-25,0.23303491434685467
1996-05-26,0.07011056078430966
1996-05-27,1.9947488230518486
1996-05-28,8.128877672345965
1996-05-29,32.065171189903445
1996-05-30,0.8920773274919738
1996-05-31,0.004140805853947807
1996-06-01,1.7143048889044796
1996-06-02,1.9701514332475178
1996-06-03,1.9099337804967778
1996-06-04,0.472919609604671
1996-06-05,5.166661774044918
1996-06-06,1.0128245987778297
1996-06-07,12.938481250403095
1996-06-08,33.13212996963056
1996-06-09,0.5351609869011154
1996-06-10,0.000946703569252875
1996-06-11,0.20015823077760278
1996-06-12,1.36079862246132
1996-06-13,14.732637814103306
1996-06-14,3.021731425690172
1996-06-15,10.618120231625252
1996-06-16,1.1603137347178618
1996-06-17,0.868388317345814
1996-06-18,0.7772748595247397
1996-06-19,3.5894937522039814
1996-06-20,3.5893486862190636
1996-06-21,13.182433391753799
1996-06-22,10.192882563571787
1996-06-23,2.682547035414621
1996-06-24,0.9612105486959441
1996-06-25,0.47907498733686726
1996-06-26,4.650866260477498
1996-06-27,0.12174480123247036
1996-06-28,0.03516924204223229
1996-06-29,7.385074984198734e-07
1996-06-30,0.0
1996-07-01,0.0
1996-07-02,0.022454919502389866
1996-07-03,0.0001007281009196787
1996-07-04,0.2948641447790243
1996-07-05,0.3112118169083407
1996-07-06,2.06057653743041
1996-07-07,4.51118106706681
1996-07-08,13.655527626624341
1996-07-09,2.801497651927534
1996-07-10,7.242428605917079
1996-07-11,0.5571486597687925
1996-07-12,9.74197908683102
1996-07-13,23.461913156393642
1996-07-14,15.04506926692378
1996-07-15,5.368846091546098
1996-07-16,5.702198719835801
1996-07-17,5.001510551024259
1996-07-18,0.3270400864495888
1996-07-19,1.39778216124772
1996-07-20,1.5266270012390486
1996-07-21,0.08893955985285089
1996-07-22,0.1022212770386522
1996-07-23,2.0014446714894283
1996-07-24,12.753448082314435
1996-07-25,16.7920770566794
1996-07-26,9.9571403099555
1996-07-27,1.5087674719851834
1996-07-28,0.23928401654674925
1996-07-29,1.1164080724409298
1996-07-30,0.14050622616357658
1996-07-31,7.508908230270524
1996-08-01,15.196704438375818
1996-08-02,14.253669749397563
1996-08-03,3.183499323238093
1996-08-04,1.736389389700801
1996-08-05,7.953503885929604
1996-08-06,7.204062853663781
1996-08-07,0.7325738634828125
1996-08-08,3.8077162835384515
1996-08-09,11.999208908578026
1996-08-10,1.365294271416539
1996-08-11,6.285418694391414
1996-08-12,1.9338667209108866
1996-08-13,1.7499951067084882
1996-08-14,0.09600801675304915
1996-08-15,0.0933548588272842
1996-08-16,0.005651421890063194
1996-08-17,0.03520939908848974
1996-08-18,0.15699586779783914
1996-08-19,0.03203059564507384
1996-08-20,0.011027141335138718
1996-08-21,0.1829315853908643
1996-08-22,7.707933554382669e-05
1996-08-23,0.45423836545246316
1996-08-24,1.0137451967854805
1996-08-25,3.3771562914848263
1996-08-26,9.221413292613441
1996-08-27,4.503385843883694
1996-08-28,11.12358357786102
1996-08-29,18.503402883782076
1996-08-30,16.84182487765462
1996-08-31,5.941223697345998
1996-09-01,8.31359925343698
1996-09-02,3.2949628234275004
1996-09-03,3.0050173920989054
1996-09-04,0.9550956549710605
1996-09-05,1.1814226915536277
1996-09-06,0.33726066481721084
1996-09-07,0.10724335764237661
1996-09-08,0.27027293494119164
1996-09-09,0.7007351201399326
1996-09-10,0.48150131846140354
1996-09-11,0.5927775397859917
1996-09-12,0.001037621312670284
1996-09-13,0.0
1996-09-14,0.024337914381443632
1996-09-15,5.710161753500433
1996-09-16,13.555110254503973
1996-09-17,4.492783347760255
1996-09-18,0.0014316845331727316
1996-09-19,0.0
1996-09-20,0.00683356540764293
1996-09-21,27.101086251059403
1996-09-22,0.025905977550239535
1996-09-23,0.0
1996-09-24,0.0
1996-09-25,0.0018945608182792506
1996-09-26,2.191323532797547
1996-09-27,3.714475542240486
1996-09-28,22.948882820807178
1996-09-29,0.0012981260144755654
1996-09-30,0.4502713537092557
1996-10-01,11.009614700557957
1996-10-02,15.104469393632337
1996-10-03,0.7528134622045722
1996-10-04,1.533299655450033
1996-10-05,0.010052999592583507
1996-10-06,15.672502818878785
1996-10-07,10.897568318873791
1996-10-08,0.33359798425921405
1996-10-09,0.16801795822735197
1996-10-10,0.0
1996-10-11,0.25721737702417274
1996-10-12,0.25721737702417274
1996-10-13,0.25721737702417274
1996-10-14,0.25721737702417274
1996-10-15,0.2951572643185206
1996-10-16,1.3650328931075681
1996-10-17,0.011930849933278538
1996-10-18,2.0147783103500614
1996-10-19,0.0
1996-10-20,0.0
1996-10-21,0.0
1996-10-22,0.08642182962880741
1996-10-23,0.49431729273616937
1996-10-24,0.0
1996-10-25,0.16194410945391505
1996-10-26,8.057443773116043
1996-10-27,0.17323209743429754
1996-10-28,0.0005935018010720013
1996-10-29,0.0022833230915222723
1996-10-30,2.0049199179227477
1996-10-31,0.0
1996-11-01,0.08753373907437847
1996-11-02,1.6457283401848077
1996-11-03,0.0
1996-11-04,0.0
1996-11-05,1.3312261152381895
1996-11-06,6.560014950510015
1996-11-07,5.404737620659359
1996-11-08,28.57214624101387
1996-11-09,0.0
1996-11-10,0.0
1996-11-11,0.41666724012380124
1996-11-12,0.41666724012380124
1996-11-13,0.41666724012380124
1996-11-14,0.41666724012380124
1996-11-15,0.41666724012380124
1996-11-16,0.0020837588710998223
1996-11-17,0.032906292727444456
1996-11-18,3.0282354981707424
1996-11-19,5.373504935533792
1996-11-20,0.49902313338021154
1996-11-21,3.3600695857192084
1996-11-22,0.0530426684685601
1996-11-23,0.0
1996-11-24,0.1216250571644173
1996-11-25,7.0612723458555156
1996-11-26,0.0009192595414215461
1996-11-27,0.0
1996-11-28,0.0
1996-11-29,0.15838498473487764
1996-11-30,7.247867479598884
1996-12-01,58.02450322844623
1996-12-02,0.0
1996-12-03,0.0
1996-12-04,0.0
1996-12-05,2.864669089460662
1996-12-06,0.2208403806120601
1996-12-07,1.6369082751338901
1996-12-08,0.0
1996-12-09,0.0
1996-12-10,0.0
1996-12-11,0.1421442382237829
1996-12-12,4.2889234300635035
1996-12-13,7.757495566636219
1996-12-14,0.0
1996-12-15,0.0
1996-12-16,4.158010359270965
1996-12-17,12.08644611330276
1996-12-18,2.690559260391571
1996-12-19,0.04608919993542685
1996-12-20,0.0
1996-12-21,0.0
1996-12-22,0.0
1996-12-23,0.0
1996-12-24,0.0
1996-12-25,0.0
1996-12-26,0.18319102943111162
1996-12-27,18.462902672120222
1996-12-28,2.329672982524567
1996-12-29,19.601244624045034
1996-12-30,4.248888200250513
1996-12-31,3.6406283609246337
1997-01-01,0.12595877585532667
1997-01-02,0.00415842340190745
1997-01-03,0.020764032211725243
1997-01-04,0.03716791488052954
1997-01-05,0.2829091454352027
1997-01-06,0.017131039184555216
1997-01-07,20.634555761425798
1997-01-08,12.52639767185632
1997-01-09,11.010936430737106
1997-01-10,0.004201974554883374
1997-01-11,0.06777315069569372
1997-01-12,0.0001206640806703627
1997-01-13,0.1383003945588548
1997-01-14,0.0001206640806703627
1997-01-15,9.315636558489606
1997-01-16,19.626831719180732
1997-01-17,0.0004126151017073888
1997-01-18,0.0004126151017073888
1997-01-19,0.0004126151017073888
1997-01-20,0.0004126151017073888
1997-01-21,0.43163911861943627
1997-01-22,6.38771701672619
1997-01-23,0.8507296143183805
1997-01-24,26.996225860360273
1997-01-25,1.1530075198644365
1997-01-26,0.00016040877073133882
1997-01-27,2.1281433632566307
1997-01-28,32.70132506626921
1997-01-29,10.00121055860365
1997-01-30,0.01463215695493687
1997-01-31,0.00016040877073133882
1997-02-01,0.32593709987497926
1997-02-02,0.44066106207024786
1997-02-03,0.36301984321419273
1997-02-04,15.844591980602022
1997-02-05,0.46103381086658657
1997-02-06,0.0002198667153755042
1997-02-07,3.761978097147641
1997-02-08,19.995127999179065
1997-02-09,0.16982294859672203
1997-02-10,3.3247856200190635
1997-02-11,0.0004469047168917481
1997-02-12,3.8933897075181325
1997-02-13,40.6025303244781
1997-02-14,11.796366336128498
1997-02-15,5.46882563996588
1997-02-16,9.342795766823466e-05
1997-02-17,9.342795766823466e-05
1997-02-18,0.002639149542242545
1997-02-19,1.377981858945504
1997-02-20,0.5800039897585255
1997-02-21,33.915909779314156
1997-02-22,0.3288989936261994
1997-02-23,0.5511767265647411
1997-02-24,9.035321970832031
1997-02-25,15.592858643939357
1997-02-26,0.8090242902331357
1997-02-27,25.376390397411157
1997-02-28,11.39044004470046
1997-03-01,1.896616833764222
1997-03-02,3.8614452155069534
1997-03-03,3.9739084889570178
1997-03-04,0.00017575335780605923
1997-03-05,0.4259179161592061
1997-03-06,1.8198973366510813
1997-03-07,0.00022990932804214787
1997-03-08,0.00022990932804214787
1997-03-09,0.2449936498835562
1997-03-10,1.5109579125306698
1997-03-11,3.8597032267805935
1997-03-12,5.744610861076654
1997-03-13,39.984547273714064
1997-03-14,12.515105178873666
1997-03-15,0.00460640898250295
1997-03-16,9.885791657677233e-05
1997-03-17,0.00011089268999515642
1997-03-18,1.6729470858801387
1997-03-19,18.349039879534576
1997-03-20,10.733976176858288
1997-03-21,0.7567587527786
1997-03-22,6.479105721764909e-05
1997-03-23,6.479105721764909e-05
1997-03-24,6.479105721764909e-05
1997-03-25,0.2206543122897825
1997-03-26,1.5212758784860976
1997-03-27,0.00041605269322779405
1997-03-28,18.048136021039394
1997-03-29,7.030403481412365
1997-03-30,2.8353864843839296
1997-03-31,3.659749844143843
1997-04-01,6.0066933688594726e-05
1997-04-02,6.0066933688594726e-05
1997-04-03,6.0066933688594726e-05
1997-04-04,2.522402519122964
1997-04-05,9.95347070535698
1997-04-06,12.41317592354191
1997-04-07,0.005206666728374943
1997-04-08,7.231612591512109e-05
1997-04-09,0.08594805627913323
1997-04-10,7.231612591512109e-05
1997-04-11,55.56496079611081
1997-04-12,27.5157195441702
1997-04-13,0.18903204245304525
1997-04-14,0.00011233798669562561
1997-04-15,0.00011233798669562561
1997-04-16,0.00010897488359567955
1997-04-17,0.063708049622793
1997-04-18,0.00010897488359567955
1997-04-19,0.004911019633098839
1997-04-20,0.08211427039648174
1997-04-21,0.7009730677335105
1997-04-22,4.998142045986312
1997-04-23,13.610238353122181
1997-04-24,0.0006260456073577218
1997-04-25,1.4143664863653713
1997-04-26,40.2216145485313
1997-04-27,29.874054592285418
1997-04-28,8.07296857408915
1997-04-29,0.331349465046274
1997-04-30,8.958476091606528e-05
1997-05-01,0.15980196361910198
1997-05-02,1.3261974940623744
1997-05-03,10.641738092400706
1997-05-04,3.790816415717919e-05
1997-05-05,3.790816415717919e-05
1997-05-06,0.0
1997-05-07,0.0
1997-05-08,0.0
1997-05-09,0.0
1997-05-10,0.0
1997-05-11,0.00032799720763393756
1997-05-12,0.00032799720763393756
1997-05-13,0.0027604269127791408
1997-05-14,0.1905284098118935
1997-05-15,3.206223737070519
1997-05-16,3.3402623571719094
1997-05-17,0.0567723559068643
1997-05-18,10.456354735488413
1997-05-19,38.676417846200664
1997-05-20,6.019218851160392
1997-05-21,7.428486879913171
1997-05-22,1.000702382027298
1997-05-23,4.400568018801311
1997-05-24,8.483649462750783
1997-05-25,30.02616769782735
1997-05-26,1.0387367108977497
1997-05-27,0.028292518932420588
1997-05-28,7.978003759020289
1997-05-29,24.786176017434908
1997-05-30,22.52750946017042
1997-05-31,20.056691459588613
1997-06-01,0.6268718932790519
1997-06-02,0.07041366095000615
1997-06-03,0.0028603847692451113
1997-06-04,0.2935026220351293
1997-06-05,16.74314857425739
1997-06-06,0.09653476145447325
1997-06-07,0.9656782377780472
1997-06-08,1.540219367188006
1997-06-09,0.1470793106683173
1997-06-10,0.2353334763758742
1997-06-11,1.8771662598614367
1997-06-12,0.7234841878126264
1997-06-13,1.913896269458177
1997-06-14,0.3491268100965943
1997-06-15,0.14477487404347955
1997-06-16,2.8649438956431466
1997-06-17,15.216647481719649
1997-06-18,21.522478123281207
1997-06-19,10.991136249605768
1997-06-20,19.547043920778005
1997-06-21,0.8817199019007689
1997-06-22,0.14506785079293147
1997-06-23,1.9049794399436828
1997-06-24,27.0760890663293
1997-06-25,28.42076207110237
1997-06-26,12.689222241920612
1997-06-27,12.831998428882827
1997-06-28,9.419406214908001
1997-06-29,20.85760193827953
1997-06-30,14.502284262175875
1997-07-01,0.0
1997-07-02,0.0
1997-07-03,0.0
1997-07-04,0.0
1997-07-05,0.0
1997-07-06,24.768517677223546
1997-07-07,12.085775437419755
1997-07-08,7.0785273587763005
1997-07-09,0.3980873846344803
1997-07-10,9.676607851673877
1997-07-11,5.410295864730989
1997-07-12,7.057598235364813
1997-07-13,19.97162129201657
1997-07-14,8.861503262099248
1997-07-15,3.335476640991559
1997-07-16,4.2303554263836185
1997-07-17,7.053554233964191
1997-07-18,8.932239787002574
1997-07-19,30.646068135308248
1997-07-20,87.80926152631532
1997-07-21,18.503915526372378
1997-07-22,6.551969258651895
1997-07-23,7.2625953430818795
1997-07-24,4.228234683434865
1997-07-25,1.1479913819527996
1997-07-26,0.22858206607900122
1997-07-27,0.13353391488679472
1997-07-28,2.833071862192139
1997-07-29,12.390473028952313
1997-07-30,8.961012400290373
1997-07-31,12.10478631208433
1997-08-01,0.7694752281069017
1997-08-02,1.7800921780569519
1997-08-03,2.105650904560381
1997-08-04,1.4850212298394423
1997-08-05,0.870458235251391
1997-08-06,0.06424866864582432
1997-08-07,0.007393060806756126
1997-08-08,7.083817648032961
1997-08-09,3.967073895977719
1997-08-10,2.4211054014345827
1997-08-11,1.9146197319002753
1997-08-12,0.7519489391625552
1997-08-13,0.3312547137357774
1997-08-14,4.073730106622282
1997-08-15,0.1763502268266237
1997-08-16,1.6995574891022045
1997-08-17,3.3319564487404585
1997-08-18,5.035482696613745
1997-08-19,3.058249181959147
1997-08-20,9.068897290178986
1997-08-21,1.8290981732146945
1997-08-22,0.0005441850619947648
1997-08-23,0.0005441850619947648
1997-08-24,0.0005441850619947648
1997-08-25,0.47838407067754424
1997-08-26,2.0040645391430793e-08
1997-08-27,7.641628779970451e-05
1997-08-28,0.0002976020306637712
1997-08-29,0.0002629077707390358
1997-08-30,0.0004186236933998452
1997-08-31,0.001162157507748542
1997-09-01,4.845177334734651
1997-09-02,0.9688162106853844
1997-09-03,0.16408068195906708
1997-09-04,0.02205120008849043
1997-09-05,0.281504272449183
1997-09-06,4.052194870946376e-05
1997-09-07,4.050242999379337e-05
1997-09-08,4.050242999379337e-05
1997-09-09,2.728548377819609
1997-09-10,2.4471323770604325
1997-09-11,0.35376837084877305
1997-09-12,0.08896512855288362
1997-09-13,0.0894207814179176
1997-09-14,1.1783687601908617
1997-09-15,0.14989127731156845
1997-09-16,0.41522981835886713
1997-09-17,0.053445954297173616
1997-09-18,0.05216181451875704
1997-09-19,1.2620903553163538
1997-09-20,0.05216181451875704
1997-09-21,0.024895157905062748
1997-09-22,0.14375447204873265
1997-09-23,0.18239926057192332
1997-09-24,3.3710166226377893
1997-09-25,16.353671172726926
1997-09-26,1.1397219100009945
1997-09-27,0.9982773505212758
1997-09-28,0.3324880957335564
1997-09-29,9.027450979016712e-05
1997-09-30,9.48510192814572e-05
1997-10-01,1.0361593294986782
1997-10-02,0.0024596267097527513
1997-10-03,0.006353881890839432
1997-10-04,0.21113586300426496
1997-10-05,0.0024596267097527513
1997-10-06,0.16943348214454462
1997-10-07,0.0004965588808002844
1997-10-08,0.16287792404265616
1997-10-09,2.3887771307542147
1997-10-10,0.03746465548046228
1997-10-11,0.00013048795078481786
1997-10-12,1.4692861179654604
1997-10-13,3.1157209357041213
1997-10-14,39.491367979818946
1997-10-15,0.014563964100075433
1997-10-16,0.0
1997-10-17,0.0
1997-10-18,0.0
1997-10-19,0.0
1997-10-20,0.0
1997-10-21,0.12187001309569442
1997-10-22,2.3972261901764464
1997-10-23,7.188730307341162e-05
1997-10-24,19.83455935764652
1997-10-25,16.99640829590014
1997-10-26,22.0670208279827
1997-10-27,0.0017643338432750482
1997-10-28,8.912085726262226e-05
1997-10-29,0.00031469491908434305
1997-10-30,0.0008334617636032697
1997-10-31,12.046904111969322
1997-11-01,2.5748863903629724
1997-11-02,2.594032399656677
1997-11-03,3.0140774711922603e-05
1997-11-04,3.0140774711922603e-05
1997-11-05,0.06528390241792492
1997-11-06,1.4470453447445704
1997-11-07,0.04846921282693474
1997-11-08,0.000887074028061519
1997-11-09,0.01662455402781944
1997-11-10,0.07573365578966473
1997-11-11,0.003401214465494139
1997-11-12,46.77841734040497
1997-11-13,6.752839161470944
1997-11-14,0.4165645913890226
1997-11-15,0.053126663333122603
1997-11-16,0.23524822779883342
1997-11-17,0.00013009645049349072
1997-11-18,0.31272484757665975
1997-11-19,9.967664042538923
1997-11-20,0.15652605328942662
1997-11-21,30.2992881132783
1997-11-22,19.998853668772167
1997-11-23,0.010704348313328615
1997-11-24,0.00021575342836415587
1997-11-25,0.00021575342836415587
1997-11-26,0.0001794521327324784
1997-11-27,0.02631031207507989
1997-11-28,0.0907988146651602
1997-11-29,81.57628807410701
1997-11-30,8.881339177649995
1997-12-01,0.0004599283658416293
1997-12-02,0.45761125887942
1997-12-03,8.268806809974711
1997-12-04,5.572421594613331
1997-12-05,0.00015323517968722375
1997-12-06,0.00020522387525792046
1997-12-07,0.00020522387525792046
1997-12-08,14.670100946260746
1997-12-09,0.6089118137756294
1997-12-10,5.257074987326862
1997-12-11,0.21772478872610426
1997-12-12,0.6391949098767148
1997-12-13,0.47220937244224725
1997-12-14,0.370361928091788
1997-12-15,0.029506581364631773
1997-12-16,0.0013423450236492013
1997-12-17,0.0013423450236492013
1997-12-18,0.0013423450236492013
1997-12-19,1.1411238358591356
1997-12-20,0.0013423450236492013
1997-12-21,11.579516682545327
1997-12-22,15.149947156766148
1997-12-23,18.458015448000133
1997-12-24,24.24654011935779
1997-12-25,0.00010802964073828459
1997-12-26,0.04861750827546795
1997-12-27,0.6480399057173846
1997-12-28,0.0001150999489880144
1997-12-29,0.46773932838383886
1997-12-30,1.0411332890203683e-05
1997-12-31,1.0411332890203683e-05
1998-01-01,0.0
1998-01-02,0.001089925856792365
1998-01-03,0.0
1998-01-04,0.033449727930825846
1998-01-05,34.139941273267084
1998-01-06,14.25067571091577
1998-01-07,122.54638549129834
1998-01-08,1.3128744161793642
1998-01-09,0.01979798193170468
1998-01-10,0.0
1998-01-11,0.0
1998-01-12,15.946940361193564
1998-01-13,23.951197016901393
1998-01-14,8.147036234388684
1998-01-15,53.69683545780376
1998-01-16,1.8079500822449792
1998-01-17,0.002804309165975548
1998-01-18,0.4715560293795562
1998-01-19,2.2061141211874697
1998-01-20,0.0
1998-01-21,0.025249838617674655
1998-01-22,61.99168898406722
1998-01-23,9.572817079716199
1998-01-24,0.18344168490607327
1998-01-25,0.0
1998-01-26,11.984156526575063
1998-01-27,15.681670086698269
1998-01-28,0.015163787475200027
1998-01-29,5.74335415439616e-07
1998-01-30,0.31808883374112584
1998-01-31,0.0
1998-02-01,0.6320990145955239
1998-02-02,27.27417152804434
1998-02-03,20.682801543892726
1998-02-04,0.0014014989151350285
1998-02-05,0.0
1998-02-06,3.5872102877555614
1998-02-07,0.011514229921863661
1998-02-08,0.0
1998-02-09,0.00023891024234320892
1998-02-10,5.71357305337817
1998-02-11,11.176097563094162
1998-02-12,0.0
1998-02-13,0.44727545699711424
1998-02-14,0.0
1998-02-15,6.343525278836313
1998-02-16,19.34465428763805
1998-02-17,15.970796777935941
1998-02-18,0.00039888362826620224
1998-02-19,0.8424538612189703
1998-02-20,0.21521372440238207
1998-02-21,0.0
1998-02-22,27.45375199327885
1998-02-23,0.120226485983404
1998-02-24,0.0
1998-02-25,0.0
1998-02-26,21.326550913328663
1998-02-27,10.126309096453316
1998-02-28,0.03657957546453344
1998-03-01,0.010283903727545151
1998-03-02,0.00027240195679555817
1998-03-03,0.0
1998-03-04,0.0
1998-03-05,10.474931493675433
1998-03-06,3.3399430977645204
1998-03-07,74.8269541610159
1998-03-08,67.51564575316932
1998-03-09,0.0
1998-03-10,0.0
1998-03-11,0.0
1998-03-12,0.0
1998-03-13,0.0
1998-03-14,0.0018316544784428184
1998-03-15,0.0
1998-03-16,0.13681974421673213
1998-03-17,13.540070086779709
1998-03-18,24.195796494156827
1998-03-19,2.2741743683823232
1998-03-20,2.1289083547724528
1998-03-21,0.019172723782668013
1998-03-22,0.019172723782668013
1998-03-23,0.019172723782668013
1998-03-24,0.05823572540668754
1998-03-25,0.21359214454198566
1998-03-26,0.0
1998-03-27,0.05495920968586977
1998-03-28,0.244262238507884
1998-03-29,0.0846772596860834
1998-03-30,0.017933867724870472
1998-03-31,1.034881527922757
1998-04-01,0.0
1998-04-02,0.0
1998-04-03,0.0
1998-04-04,0.0
1998-04-05,0.0
1998-04-06,0.0
1998-04-07,0.0
1998-04-08,0.0
1998-04-09,0.0
1998-04-10,0.0
1998-04-11,0.0
1998-04-12,0.0
1998-04-13,0.016515431687238975
1998-04-14,0.35454982778404137
1998-04-15,0.19633229086279666
1998-04-16,0.8860295765667695
1998-04-17,6.984543093691766
1998-04-18,7.332439706273868
1998-04-19,23.79525819859202
1998-04-20,0.0
1998-04-21,0.0
1998-04-22,0.0
1998-04-23,0.0
1998-04-24,0.0
1998-04-25,0.0
1998-04-26,2.0251515131647495
1998-04-27,0.03861866352945148
1998-04-28,7.449241620707541
1998-04-29,84.17949127298166
1998-04-30,14.41863323340177
1998-05-01,0.6624357854623973
1998-05-02,1.2807364881324659
1998-05-03,1.7835280365537491
1998-05-04,1.9524133535008408
1998-05-05,0.0
1998-05-06,2.754921027066045
1998-05-07,1.3916564605380504
1998-05-08,0.023166023480630585
1998-05-09,0.002267112239047111
1998-05-10,0.011928741519510396
1998-05-11,0.0
1998-05-12,0.0
1998-05-13,0.0
1998-05-14,0.0
1998-05-15,0.03520978613450271
1998-05-16,0.05028344161970507
1998-05-17,0.05028344161970507
1998-05-18,0.05028344161970507
1998-05-19,0.05028344161970507
1998-05-20,0.05028344161970507
1998-05-21,0.0
1998-05-22,0.0
1998-05-23,0.0
1998-05-24,0.23644534823089772
1998-05-25,2.187312621920446
1998-05-26,0.019651113872429668
1998-05-27,1.0185295186031198
1998-05-28,1.3274204205137097
1998-05-29,12.363198151775178
1998-05-30,7.4703829999569615
1998-05-31,1.6377022711655271
1998-06-01,0.000140390350336186
1998-06-02,0.0
1998-06-03,0.021273597393643907
1998-06-04,0.00970802317208767
1998-06-05,0.009456013083923543
1998-06-06,29.877480914145817
1998-06-07,0.23309033832743545
1998-06-08,0.0046157475938391245
1998-06-09,0.8733173329653707
1998-06-10,0.022297657324824364
1998-06-11,0.342085443919281
1998-06-12,0.025585625886657342
1998-06-13,0.3934534793617276
1998-06-14,0.0
1998-06-15,0.47723405045194583
1998-06-16,0.1680504706220525
1998-06-17,0.002891085627419964
1998-06-18,0.7908025735081056
1998-06-19,2.3436617056755047
1998-06-20,1.8755513904245233
1998-06-21,12.631957915757722
1998-06-22,1.1639660349421912
1998-06-23,0.23134122239807284
1998-06-24,1.5849013122197817
1998-06-25,28.674508190135388
1998-06-26,0.29419810601448276
1998-06-27,0.42714899985907057
1998-06-28,0.26848777559315445
1998-06-29,0.001132153827840472
1998-06-30,0.0
1998-07-01,3.3357228308181233
1998-07-02,5.914512794644513
1998-07-03,11.805559238657107
1998-07-04,0.06577454948574128
1998-07-05,0.7139333844985956
1998-07-06,0.6363825007774905
1998-07-07,2.635214503177
1998-07-08,0.6563217245655545
1998-07-09,3.167544217608633
1998-07-10,9.940367586330478
1998-07-11,9.025590915911366
1998-07-12,14.240379910885853
1998-07-13,8.622696844636094
1998-07-14,26.006224044602693
1998-07-15,7.748633952269689
1998-07-16,4.0466705856552645
1998-07-17,1.3009798124576457
1998-07-18,0.011084263123679577
1998-07-19,0.06559205283935587
1998-07-20,5.396888469189979
1998-07-21,12.87818594695202
1998-07-22,6.587903857665008
1998-07-23,10.576328165951232
1998-07-24,10.79002326590434
1998-07-25,21.60691467472195
1998-07-26,20.527067161391376
1998-07-27,4.657311450366206
1998-07-28,3.1737816870819078
1998-07-29,3.328279235056601
1998-07-30,3.5129095280348546
1998-07-31,0.6698636300299141
1998-08-01,0.44563872755577083
1998-08-02,0.1719833437116362
1998-08-03,0.012878999678297724
1998-08-04,0.0
1998-08-05,0.023781370682395726
1998-08-06,0.01685588829580183
1998-08-07,3.24256279568522
1998-08-08,5.8746267400606165
1998-08-09,4.943504401719381
1998-08-10,0.3181673117562862
1998-08-11,1.6231366583258582
1998-08-12,19.20911727491484
1998-08-13,7.84686894924793
1998-08-14,21.33103338667072
1998-08-15,18.446618304679888
1998-08-16,5.14920819417085
1998-08-17,1.4997143341596018
1998-08-18,1.2544502535048396
1998-08-19,1.8722188118185266
1998-08-20,0.7948131989051943
1998-08-21,2.2644722311560885
1998-08-22,1.2481766339460412
1998-08-23,2.7822450383990414
1998-08-24,3.2706854428029635
1998-08-25,0.4337819718579142
1998-08-26,0.0
1998-08-27,0.0
1998-08-28,0.0
1998-08-29,0.018273188043664946
1998-08-30,1.213618913814503
1998-08-31,1.0482018118244134
1998-09-01,5.902184725805165
1998-09-02,17.201086479841024
1998-09-03,0.0075473623858701945
1998-09-04,0.0
1998-09-05,0.0
1998-09-06,0.008120537046561042
1998-09-07,7.837445523103608
1998-09-08,2.291854347356732
1998-09-09,0.004656599573630855
1998-09-10,3.9624008897534693
1998-09-11,14.375513169241014
1998-09-12,36.08723000786528
1998-09-13,3.3019841869383977
1998-09-14,0.46396680623918274
1998-09-15,2.0914189399935346
1998-09-16,0.008458783238207448
1998-09-17,0.4092567640310849
1998-09-18,5.8633312435454386
1998-09-19,10.220074995531677
1998-09-20,38.348060467768384
1998-09-21,35.31246354826193
1998-09-22,9.579966242029734
1998-09-23,0.2342816275337643
1998-09-24,0.7868258027786909
1998-09-25,0.37964146332834964
1998-09-26,0.052305381530028366
1998-09-27,14.299491759677784
1998-09-28,196.10822373256332
1998-09-29,61.893994364396114
1998-09-30,0.21985150534667597
1998-10-01,0.11948724492730008
1998-10-02,1.6017284073736455
1998-10-03,1.9096282718542301
1998-10-04,0.04536359650521827
1998-10-05,13.014318825430363
1998-10-06,0.5905629478200578
1998-10-07,17.844699152284075
1998-10-08,25.883799637784342
1998-10-09,0.0
1998-10-10,0.0
1998-10-11,0.0
1998-10-12,0.0015362510102186592
1998-10-13,0.0
1998-10-14,0.0
1998-10-15,0.7820910341293967
1998-10-16,0.0
1998-10-17,0.0
1998-10-18,0.0
1998-10-19,0.0
1998-10-20,0.0
1998-10-21,0.1279311883273047
1998-10-22,0.1279311883273047
1998-10-23,0.1279311883273047
1998-10-24,0.1279311883273047
1998-10-25,0.1279311883273047
1998-10-26,0.06079016212182761
1998-10-27,0.06079016212182761
1998-10-28,0.06079016212182761
1998-10-29,0.06079016212182761
1998-10-30,0.06434888125457221
1998-10-31,0.06079016212182761
1998-11-01,0.0
1998-11-02,5.214991908563602
1998-11-03,0.03386605328247972
1998-11-04,2.67491777319735e-06
1998-11-05,5.7194086504247994e-05
1998-11-06,0.0
1998-11-07,5.072869561471475e-06
1998-11-08,0.3938161802349164
1998-11-09,0.8874836411045043
1998-11-10,16.732820254963205
1998-11-11,24.50588933743598
1998-11-12,0.0
1998-11-13,0.39768011236602263
1998-11-14,7.612271615585846
1998-11-15,20.170405256632545
1998-11-16,10.039244684334697
1998-11-17,0.4112689546763776
1998-11-18,0.08221560103543245
1998-11-19,1.2456089874116378
1998-11-20,0.45593285061416283
1998-11-21,0.029262451642032537
1998-11-22,1.47905289478467
1998-11-23,14.223300612382994
1998-11-24,0.9845053739669352
1998-11-25,0.0749358022890035
1998-11-26,1.8849805984205321
1998-11-27,0.0
1998-11-28,0.0
1998-11-29,0.0
1998-11-30,0.00016524556243787897
1998-12-01,0.1607347317022932
1998-12-02,0.003312942720868922
1998-12-03,0.006750045184129557
1998-12-04,0.33986652087227587
1998-12-05,0.9355426120969234
1998-12-06,0.26185357959754924
1998-12-07,0.9777500146065738
1998-12-08,2.4984398553187637
1998-12-09,0.09049054169215165
1998-12-10,0.0047399918627090065
1998-12-11,0.03810007362465506
1998-12-12,1.9188679721669655
1998-12-13,0.32604159218726897
1998-12-14,0.0017746934655613787
1998-12-15,1.6146089879259394e-06
1998-12-16,0.0
1998-12-17,0.0
1998-12-18,0.003956248606783873
1998-12-19,6.933225459373514
1998-12-20,1.1795725878831809
1998-12-21,3.606952529565921
1998-12-22,3.9176410528406693
1998-12-23,1.0875254136315344
1998-12-24,9.77079793982979
1998-12-25,14.48349504966903
1998-12-26,0.8654861477772147
1998-12-27,0.16299425229965664
1998-12-28,23.383083628151134
1998-12-29,0.3788550164312855
1998-12-30,0.0
1998-12-31,0.0007624517541089075
1999-01-01,0.41849149203642844
1999-01-02,30.555104053176688
1999-01-03,0.02786730043959478
1999-01-04,0.0
1999-01-05,0.0
1999-01-06,0.8471638804870041
1999-01-07,16.708457274271886
1999-01-08,1.804868122158914
1999-01-09,10.616251428164114
1999-01-10,0.0
1999-01-11,0.0
1999-01-12,0.0030427772975591496
1999-01-13,0.7027836135148116
1999-01-14,1.2725841673105955
1999-01-15,0.4066420652353667
1999-01-16,0.093142339407009
1999-01-17,0.6500255047524293
1999-01-18,0.2506992470898929
1999-01-19,0.0
1999-01-20,1.6880930509352101
1999-01-21,0.5665783249115357
1999-01-22,11.984128342065702
1999-01-23,32.273035529723096
1999-01-24,0.0
1999-01-25,0.0
1999-01-26,0.0
1999-01-27,0.0005012968312676873
1999-01-28,0.10193449057512309
1999-01-29,4.2120444979094565
1999-01-30,28.87792956700867
1999-01-31,69.75317050167635
1999-02-01,0.05751001644949211
1999-02-02,0.33649530223275487
1999-02-03,1.5381248042885707
1999-02-04,6.505641671181454
1999-02-05,0.0
1999-02-06,0.11864711989796393
1999-02-07,11.79589640517983
1999-02-08,1.9886435917045038
1999-02-09,4.738588306779952
1999-02-10,4.46071506713269
1999-02-11,0.011330915704013088
1999-02-12,0.15934200397142453
1999-02-13,0.0
1999-02-14,0.0
1999-02-15,0.0002487717713414129
1999-02-16,0.0556086280165946
1999-02-17,3.470615256286764
1999-02-18,2.884610451383142
1999-02-19,0.197860071927048
1999-02-20,0.0
1999-02-21,0.0
1999-02-22,0.0
1999-02-23,0.0
1999-02-24,0.0
1999-02-25,0.0
1999-02-26,4.4932766320380485e-06
1999-02-27,1.9913844161152934
1999-02-28,12.918282036377724
1999-03-01,0.0
1999-03-02,0.0
1999-03-03,8.130674349809224
1999-03-04,0.0
1999-03-05,0.12235589771621717
1999-03-06,15.87435176769498
1999-03-07,0.0
1999-03-08,0.012176514885475035
1999-03-09,26.298727459720272
1999-03-10,0.0
1999-03-11,0.18305266469850645
1999-03-12,12.915551509734739
1999-03-13,57.26127691328318
1999-03-14,37.77290730107725
1999-03-15,0.0
1999-03-16,0.0
1999-03-17,0.0
1999-03-18,0.0
1999-03-19,0.0
1999-03-20,2.178592022157828
1999-03-21,0.4111292582240576
1999-03-22,0.0
1999-03-23,0.0
1999-03-24,0.025343141328159638
1999-03-25,0.6714534793741035
1999-03-26,0.00041173941248104736
1999-03-27,0.0
1999-03-28,0.0
1999-03-29,2.208973553149823
1999-03-30,29.312952692867206
1999-03-31,13.481130067161226
1999-04-01,0.0003263229641818162
1999-04-02,0.0
1999-04-03,0.7239313348044386
1999-04-04,0.15755066651438818
1999-04-05,0.29631682754743494
1999-04-06,6.0986314101868455
1999-04-07,0.6143551680489878
1999-04-08,0.0029508631066173328
1999-04-09,0.16654222455257145
1999-04-10,0.06282338999783493
1999-04-11,0.013159903912243524
1999-04-12,0.0
1999-04-13,0.0
1999-04-14,0.0
1999-04-15,0.5749331337372127
1999-04-16,0.0
1999-04-17,0.0
1999-04-18,0.0
1999-04-19,0.0
1999-04-20,0.0
1999-04-21,0.0
1999-04-22,1.0689992329263756
1999-04-23,0.30603256689393565
1999-04-24,0.21159479167426784
1999-04-25,2.03144130660843
1999-04-26,0.2565767973417827
1999-04-27,9.658183313284121
1999-04-28,0.0949664782590138
1999-04-29,0.1273315638924909
1999-04-30,0.002916543893671333
1999-05-01,0.0
1999-05-02,0.0
1999-05-03,5.381686427870696e-07
1999-05-04,0.5764821537882292
1999-05-05,3.495547994454714
1999-05-06,8.21651704825021
1999-05-07,0.35861554540261037
1999-05-08,0.0
1999-05-09,4.042251733915744e-05
1999-05-10,0.0
1999-05-11,3.9089515018529215
1999-05-12,10.87340010809567
1999-05-13,1.2647812670706575
1999-05-14,2.720360428617347
1999-05-15,0.0
1999-05-16,0.0
1999-05-17,0.0
1999-05-18,0.34835018007829627
1999-05-19,0.28442057687363204
1999-05-20,0.0
1999-05-21,0.0
1999-05-22,1.7923755004957307e-05
1999-05-23,11.827227600129937
1999-05-24,5.018504791142498
1999-05-25,0.0
1999-05-26,3.103826807215919
1999-05-27,5.0509286448294635
1999-05-28,5.168904241250544
1999-05-29,3.4298856147868713
1999-05-30,4.645138183801308
1999-05-31,7.445109913699416
1999-06-01,2.7762131685258398
1999-06-02,3.5743033456214897
1999-06-03,0.3876736852295284
1999-06-04,0.7492262074148005
1999-06-05,3.6238443910930083
1999-06-06,1.0720352771521162
1999-06-07,1.3083797055126969
1999-06-08,5.08523184962949
1999-06-09,0.18419858710610643
1999-06-10,0.6387472966012229
1999-06-11,2.937702914080895
1999-06-12,6.1165413842097545
1999-06-13,10.598689488529253
1999-06-14,4.358020412530244
1999-06-15,10.245038012204205
1999-06-16,21.811491395178336
1999-06-17,0.3545618872481659
1999-06-18,0.0
1999-06-19,0.0512341994633285
1999-06-20,0.0
1999-06-21,0.4923895928697936
1999-06-22,4.791923780289719
1999-06-23,6.77530078082989
1999-06-24,1.06546683418524
1999-06-25,14.652404538044122
1999-06-26,42.11670103074775
1999-06-27,28.720528774527214
1999-06-28,0.22686678734678714
1999-06-29,0.8350706947159209
1999-06-30,0.07997279239201556
1999-07-01,0.5234335663629306
1999-07-02,0.6740282014833135
1999-07-03,0.19284736154524051
1999-07-04,0.4109677481605716
1999-07-05,1.014854034728389
1999-07-06,0.10303081861507145
1999-07-07,5.8715162930734675
1999-07-08,22.81930813389738
1999-07-09,1.4864980728657047
1999-07-10,2.799661781899516
1999-07-11,10.100058356415433
1999-07-12,46.81869199494608
1999-07-13,2.447865745254966
1999-07-14,0.0037837132370076875
1999-07-15,0.4928423131767959
1999-07-16,5.50974834634851
1999-07-17,6.532905540808893
1999-07-18,1.9159942538113968
1999-07-19,8.62818196520799
1999-07-20,2.974835663295406
1999-07-21,0.17441455825678384
1999-07-22,0.2166266008462928
1999-07-23,1.042369986351896
1999-07-24,9.010213588575262
1999-07-25,2.014861798667993
1999-07-26,23.53160592698119
1999-07-27,4.254360474148372
1999-07-28,2.5955054225163043
1999-07-29,2.8233335723957795
1999-07-30,12.787666265673215
1999-07-31,3.250475549264477
1999-08-01,1.54953251974055
1999-08-02,0.15209507917199905
1999-08-03,0.005030901423658444
1999-08-04,6.989153148973809
1999-08-05,0.04204322180208737
1999-08-06,0.0004931768866979259
1999-08-07,0.18435549144487437
1999-08-08,5.326553311611479
1999-08-09,12.94059080362678
1999-08-10,5.279177201995648
1999-08-11,0.39866874199938107
1999-08-12,0.01929847309583315
1999-08-13,0.00403217999541937
1999-08-14,0.24139415319243487
1999-08-15,0.1515534277226825
1999-08-16,1.0640930492673317
1999-08-17,0.7507643846684261
1999-08-18,0.0497996190702073
1999-08-19,0.31612589779372297
1999-08-20,4.301768225827405
1999-08-21,7.158948591914237
1999-08-22,9.549644332544995
1999-08-23,2.601344419371462
1999-08-24,3.391542010170187
1999-08-25,6.602744879545066
1999-08-26,6.338980426613899
1999-08-27,0.2672234653687771
1999-08-28,0.26836777462570766
1999-08-29,0.12507737904263677
1999-08-30,0.5216794705539981
1999-08-31,15.59212430391028
1999-09-01,0.0575993673533579
1999-09-02,18.158359214138226
1999-09-03,8.214668320313889
1999-09-04,2.5060626969098174
1999-09-05,4.608748829450224
1999-09-06,13.43081306559167
1999-09-07,5.67026865377476
1999-09-08,10.12249370712358
1999-09-09,1.5038916039954053
1999-09-10,0.07846606300435462
1999-09-11,0.0
1999-09-12,1.1700269362477893
1999-09-13,0.0
1999-09-14,0.5188643621184228
1999-09-15,0.0
1999-09-16,0.0
1999-09-17,0.0
1999-09-18,0.0
1999-09-19,3.459358153535023
1999-09-20,1.2057476478967295
1999-09-21,2.2128133174906717
1999-09-22,0.0
1999-09-23,0.0
1999-09-24,0.0
1999-09-25,0.0
1999-09-26,3.6258126434771465
1999-09-27,1.1460715444066998
1999-09-28,0.45442129159717887
1999-09-29,16.75556297462644
1999-09-30,0.007997810670808663
1999-10-01,0.0
1999-10-02,0.023945771334203347
1999-10-03,2.8165508517316526
1999-10-04,4.076875319144993
1999-10-05,0.0
1999-10-06,0.0
1999-10-07,0.6967737319908404
1999-10-08,14.484485891906736
1999-10-09,25.707044051707754
1999-10-10,43.07297679327955
1999-10-11,1.9285378769945178
1999-10-12,0.7541166443674974
1999-10-13,0.1410890911058437
1999-10-14,3.603342227534045e-06
1999-10-15,0.0
1999-10-16,0.0
1999-10-17,0.0
1999-10-18,0.0
1999-10-19,0.0
1999-10-20,0.0
1999-10-21,0.022934650778624034
1999-10-22,0.022934650778624034
1999-10-23,0.022934650778624034
1999-10-24,0.022934650778624034
1999-10-25,0.022934650778624034
1999-10-26,0.0
1999-10-27,0.0
1999-10-28,0.0
1999-10-29,0.0
1999-10-30,0.05807253050106454
1999-10-31,0.6471425877199142
1999-11-01,8.089629295416927
1999-11-02,0.0004015824814434254
1999-11-03,0.0
1999-11-04,0.0
1999-11-05,0.0
1999-11-06,0.00010003338770379144
1999-11-07,0.00010003338770379144
1999-11-08,0.00010003338770379144
1999-11-09,1.7756309178626881
1999-11-10,0.00010003338770379144
1999-11-11,3.326023131500744
1999-11-12,0.0
1999-11-13,0.0
1999-11-14,0.0
1999-11-15,0.0
1999-11-16,0.0
1999-11-17,0.0
1999-11-18,0.0
1999-11-19,1.6462279192400722
1999-11-20,10.575833057266902
1999-11-21,3.200917203274405
1999-11-22,0.6364679645470639
1999-11-23,0.025311663313315257
1999-11-24,0.0022772466740388
1999-11-25,1.1716423907545754
1999-11-26,4.319046716838622
1999-11-27,0.0
1999-11-28,0.0
1999-11-29,0.0
1999-11-30,0.0
1999-12-01,0.0
1999-12-02,0.0
1999-12-03,0.07202815198115496
1999-12-04,0.0
1999-12-05,5.973036805934879
1999-12-06,0.0
1999-12-07,0.0
1999-12-08,0.06203134263368154
1999-12-09,2.7476757858011713
1999-12-10,4.052971788657154
1999-12-11,0.0027860183787297974
1999-12-12,3.897751598771297
1999-12-13,28.7296627373508
1999-12-14,0.01957317549530423
1999-12-15,0.008185359167952697
1999-12-16,0.0
1999-12-17,0.0
1999-12-18,1.9102671902889754
1999-12-19,0.40342994775521673
1999-12-20,0.0128887579578672
1999-12-21,38.90705266845243
1999-12-22,3.1203777639453576e-05
1999-12-23,0.0
1999-12-24,0.0
1999-12-25,0.0
1999-12-26,0.0
1999-12-27,0.0
1999-12-28,0.0
1999-12-29,0.0
1999-12-30,0.0
1999-12-31,0.3195199080616166
2000-01-01,0.4608707681475811
2000-01-02,0.45019851537035915
2000-01-03,1.3934909045029045
2000-01-04,13.43405350233837
2000-01-05,0.0
2000-01-06,0.0
2000-01-07,0.0
2000-01-08,1.0220303670297653e-05
2000-01-09,3.7041288960511523
2000-01-10,11.260999686720954
2000-01-11,0.0
2000-01-12,0.015780907934361838
2000-01-13,2.329617905779475
2000-01-14,0.0
2000-01-15,0.0
2000-01-16,0.001970044185188806
2000-01-17,0.0
2000-01-18,0.2891368095938436
2000-01-19,2.17487386701667
2000-01-20,0.44706332837648083
2000-01-21,0.0
2000-01-22,0.00018309556414085188
2000-01-23,15.376702391149987
2000-01-24,9.055420905220679
2000-01-25,0.0
2000-01-26,0.0
2000-01-27,4.201707744678727e-06
2000-01-28,10.112740174544975
2000-01-29,1.0137155463785086
2000-01-30,0.49940328256447536
2000-01-31,0.0
2000-02-01,0.019638492381630738
2000-02-02,0.011438634044177368
2000-02-03,0.011438634044177368
2000-02-04,0.011438634044177368
2000-02-05,0.011438634044177368
2000-02-06,7.653585318666455e-05
2000-02-07,7.653585318666455e-05
2000-02-08,1.4713433986462314
2000-02-09,7.653585318666455e-05
2000-02-10,7.653585318666455e-05
2000-02-11,0.23183468266174553
2000-02-12,2.088136832207317
2000-02-13,5.994229559107882
2000-02-14,6.700091155511351
2000-02-15,0.0
2000-02-16,0.21472790817308923
2000-02-17,0.31390051381158207
2000-02-18,0.3262539553506939
2000-02-19,0.5079615296298611
2000-02-20,0.0
2000-02-21,0.0
2000-02-22,0.0
2000-02-23,0.0
2000-02-24,0.0
2000-02-25,0.0
2000-02-26,1.2323657148408145
2000-02-27,14.348238686865717
2000-02-28,0.0
2000-02-29,0.0
2000-03-01,0.16523311474685817
2000-03-02,0.0011272037444236057
2000-03-03,0.7617466206885839
2000-03-04,1.859696659466655
2000-03-05,0.0
2000-03-06,0.0
2000-03-07,0.0
2000-03-08,9.750281315669618e-06
2000-03-09,0.014643491076332938
2000-03-10,0.3103871478574679
2000-03-11,11.007664539490476
2000-03-12,0.0
2000-03-13,0.0
2000-03-14,0.22235007207692647
2000-03-15,11.460771527521143
2000-03-16,39.83225053355411
2000-03-17,0.18472779304331416
2000-03-18,7.4368558992941995
2000-03-19,29.287253155185297
2000-03-20,2.4542296960109855
2000-03-21,0.0
2000-03-22,0.0
2000-03-23,0.0
2000-03-24,0.0
2000-03-25,0.3201226389780243
2000-03-26,22.4508688730913
2000-03-27,6.836235415408791
2000-03-28,0.0
2000-03-29,7.295218382434588
2000-03-30,14.675891440218056
2000-03-31,0.01411433721498482
2000-04-01,0.10280278641031583
2000-04-02,1.4414903743904062
2000-04-03,20.135545351792675
2000-04-04,14.546060733276999
2000-04-05,0.0
2000-04-06,0.0
2000-04-07,0.0
2000-04-08,0.0
2000-04-09,0.0
2000-04-10,0.0
2000-04-11,0.5004560009669409
2000-04-12,0.5245862082033832
2000-04-13,5.689242702630807
2000-04-14,15.487321583250626
2000-04-15,0.7629428384325506
2000-04-16,0.0003063250456980235
2000-04-17,0.0019995595225589485
2000-04-18,0.0
2000-04-19,0.0
2000-04-20,1.167926407454063e-05
2000-04-21,0.4506307915475321
2000-04-22,0.0
2000-04-23,0.47305238903058994
2000-04-24,18.97825175527293
2000-04-25,0.0
2000-04-26,5.482324343568617
2000-04-27,0.0
2000-04-28,5.123383229522343
2000-04-29,0.0
2000-04-30,0.0
2000-05-01,0.0
2000-05-02,1.2381725113369577
2000-05-03,0.02165467850229543
2000-05-04,2.3829566731806047
2000-05-05,1.026841562484228
2000-05-06,0.0
2000-05-07,0.0
2000-05-08,5.73195225661407e-05
2000-05-09,0.00016743910573182143
2000-05-10,0.00011058112069292728
2000-05-11,0.01599569780728508
2000-05-12,0.04530584411874596
2000-05-13,5.080750535105988
2000-05-14,0.2424730136279244
2000-05-15,0.0
2000-05-16,0.0
2000-05-17,0.00011781073320896906
2000-05-18,0.01794566451245263
2000-05-19,0.39557232078735727
2000-05-20,0.6475316977166631
2000-05-21,15.580468626021176
2000-05-22,1.0656163046170843
2000-05-23,0.00917861142023412
2000-05-24,0.1259371764947735
2000-05-25,1.7280947010515646
2000-05-26,0.6880382944913015
2000-05-27,1.071423477547233
2000-05-28,2.500191677204903
2000-05-29,0.5367958242082552
2000-05-30,0.0
2000-05-31,0.03196144424343299
2000-06-01,0.0012945517659699282
2000-06-02,0.0006763562408827965
2000-06-03,0.0
2000-06-04,0.02027569080408173
2000-06-05,0.5050090881606136
2000-06-06,0.25742029945237527
2000-06-07,0.0
2000-06-08,0.0
2000-06-09,0.014467463587543724
2000-06-10,2.2462730314845016e-05
2000-06-11,0.0020679222105943118
2000-06-12,0.6506460473712162
2000-06-13,0.29873708260086534
2000-06-14,0.888696969008146
2000-06-15,3.408539638618208
2000-06-16,12.532612335090828
2000-06-17,9.56669518860065
2000-06-18,8.783112544938252
2000-06-19,5.496400134619025
2000-06-20,0.4376035243983476
2000-06-21,1.0847520505187374
2000-06-22,2.7187988162908723
2000-06-23,0.4316512803938347
2000-06-24,1.0742625490093691
2000-06-25,6.217726699559116
2000-06-26,12.722923661107034
2000-06-27,2.359444410112219
2000-06-28,4.492200221183661
2000-06-29,17.60588167553596
2000-06-30,1.1281043198941467
2000-07-01,0.0
2000-07-02,0.0
2000-07-03,0.0
2000-07-04,0.0
2000-07-05,0.0
2000-07-06,0.032007856322028336
2000-07-07,0.18823781604042164
2000-07-08,2.5650072954503
2000-07-09,9.7537014786851
2000-07-10,1.3800362091962497
2000-07-11,12.56205385664585
2000-07-12,1.0532389634507768
2000-07-13,0.10178077730250018
2000-07-14,0.3730512084356982
2000-07-15,0.03267215043727451
2000-07-16,0.5729209441650208
2000-07-17,8.467950645523894
2000-07-18,2.1022978859400867
2000-07-19,5.394436349438637
2000-07-20,8.426862037500252
2000-07-21,18.361423620220485
2000-07-22,6.212296876431108
2000-07-23,10.45098843519406
2000-07-24,0.27219774654084866
2000-07-25,0.0
2000-07-26,10.51467895290901
2000-07-27,3.612152108099333
2000-07-28,0.6939909065411287
2000-07-29,0.09153531400004115
2000-07-30,8.734226766309172
2000-07-31,21.833436866499916
2000-08-01,11.914917437492132
2000-08-02,15.347119730565128
2000-08-03,4.223349236632143
2000-08-04,0.4287499520360425
2000-08-05,0.16218744377904182
2000-08-06,1.096637955665876
2000-08-07,5.258314240656648
2000-08-08,4.5500240266853424
2000-08-09,4.60776576998581
2000-08-10,13.512673448932084
2000-08-11,14.769599690210132
2000-08-12,1.4920768254860433
2000-08-13,0.0
2000-08-14,0.09525084778673257
2000-08-15,0.18292727120782726
2000-08-16,0.0
2000-08-17,0.0
2000-08-18,0.08857300250661412
2000-08-19,1.8084069655620998
2000-08-20,1.8346540428809137
2000-08-21,0.6191467067051812
2000-08-22,2.196368243720345
2000-08-23,0.24597638934983226
2000-08-24,0.22656805073315942
2000-08-25,1.324657279028112
2000-08-26,0.35359843431296484
2000-08-27,1.2308588414039991
2000-08-28,1.0575053195994928
2000-08-29,0.22643631880365536
2000-08-30,2.501189853751371
2000-08-31,8.462483430680388
2000-09-01,22.019673909580057
2000-09-02,4.44793463766482
2000-09-03,0.8537536018123463
2000-09-04,0.10011445778937839
2000-09-05,4.006189684499421
2000-09-06,1.9366802796832616
2000-09-07,13.070101201103517
2000-09-08,18.889771941354038
2000-09-09,3.8810696818947714
2000-09-10,0.6829297196677995
2000-09-11,3.374869601113213
2000-09-12,6.916620504492207
2000-09-13,14.047284825321247
2000-09-14,6.895226941997107
2000-09-15,0.005668002994030446
2000-09-16,0.0
2000-09-17,0.0
2000-09-18,0.0
2000-09-19,0.8503170450460471
2000-09-20,1.9273034325730545
2000-09-21,10.706797446171336
2000-09-22,2.7036764986646706
2000-09-23,1.6053169480872782
2000-09-24,0.4463511265163402
2000-09-25,1.8793620113622873
2000-09-26,0.02835652701191347
2000-09-27,0.02835652701191347
2000-09-28,0.02835652701191347
2000-09-29,0.02835652701191347
2000-09-30,2.1179173487944714
2000-10-01,0.03048698711994606
2000-10-02,0.0
2000-10-03,0.0
2000-10-04,0.0
2000-10-05,1.0727634502912409
2000-10-06,15.390262000393756
2000-10-07,0.7352501674081312
2000-10-08,0.0
2000-10-09,0.0
2000-10-10,0.0
2000-10-11,0.1526618399738998
2000-10-12,0.1526618399738998
2000-10-13,0.1526618399738998
2000-10-14,0.1526618399738998
2000-10-15,0.1526618399738998
2000-10-16,0.0
2000-10-17,0.0
2000-10-18,0.0
2000-10-19,0.0
2000-10-20,0.0
2000-10-21,0.09644558978289744
2000-10-22,0.00711655106964172
2000-10-23,0.0
2000-10-24,0.0
2000-10-25,0.0
2000-10-26,0.06153882728378198
2000-10-27,0.06153882728378198
2000-10-28,0.06153882728378198
2000-10-29,0.06153882728378198
2000-10-30,0.06153882728378198
2000-10-31,0.06153882728378198
2000-11-01,0.00021863960889404572
2000-11-02,0.007248378540478935
2000-11-03,0.0014065880940174196
2000-11-04,0.016811080115354936
2000-11-05,3.178860903755531
2000-11-06,4.76063702993793
2000-11-07,17.866886380169483
2000-11-08,14.31601881646123
2000-11-09,22.550702520140028
2000-11-10,0.0
2000-11-11,0.0
2000-11-12,0.0
2000-11-13,10.906768091702512
2000-11-14,0.32363132190729943
2000-11-15,0.0
2000-11-16,21.330372744752285
2000-11-17,7.159257196083524
2000-11-18,20.040006095059297
2000-11-19,27.808374150699628
2000-11-20,0.000787428367127576
2000-11-21,0.0
2000-11-22,0.0
2000-11-23,0.3800599942465502
2000-11-24,60.13116040775008
2000-11-25,0.5662211518325366
2000-11-26,2.4407847062722237
2000-11-27,0.40112869890038205
2000-11-28,0.40112869890038205
2000-11-29,1.1687023202250681
2000-11-30,1.5670763570308373
2000-12-01,0.0008607798916452073
2000-12-02,1.8225571425947393
2000-12-03,0.011908577035494373
2000-12-04,0.08448300161044815
2000-12-05,0.0
2000-12-06,0.0
2000-12-07,0.051484953513768965
2000-12-08,0.8082254433867748
2000-12-09,1.00962397370913
2000-12-10,0.002746093779872228
2000-12-11,0.014412518166246033
2000-12-12,2.903511451934202
2000-12-13,1.0374927105822067
2000-12-14,37.805155653897266
2000-12-15,0.13127699293867284
2000-12-16,8.387333974612659
2000-12-17,0.005445700063162029
2000-12-18,0.018260803892891905
2000-12-19,6.295749739325712
2000-12-20,0.0
2000-12-21,0.030123559795634355
2000-12-22,0.00036883557731637697
2000-12-23,0.0
2000-12-24,0.0
2000-12-25,0.0
2000-12-26,0.003560754163623792
2000-12-27,10.968860973791042
2000-12-28,51.90194838839628
2000-12-29,0.001483994209471187
2000-12-30,0.0
2000-12-31,0.0
2001-01-01,0.353956236475735
2001-01-02,0.0
2001-01-03,0.0
2001-01-04,0.0
2001-01-05,0.0
2001-01-06,0.0
2001-01-07,0.741654460301437
2001-01-08,6.647525303025851
2001-01-09,0.0
2001-01-10,0.04627869736927591
2001-01-11,6.194048329078142
2001-01-12,0.34567299918217487
2001-01-13,0.007823254145057457
2001-01-14,0.07845422269794454
2001-01-15,6.442311609282951
2001-01-16,21.360607061184954
2001-01-17,4.528930519667919
2001-01-18,9.272481748289286
2001-01-19,10.648282144737635
2001-01-20,0.6248328273405765
2001-01-21,0.01036014241104148
2001-01-22,0.011464497478917169
2001-01-23,0.01036014241104148
2001-01-24,0.05591175597474384
2001-01-25,0.01036014241104148
2001-01-26,0.03743149447527003
2001-01-27,1.5798205020760534
2001-01-28,0.08117612493694583
2001-01-29,15.23414957590867
2001-01-30,31.034508427336824
2001-01-31,0.13380182149839717
2001-02-01,0.0
2001-02-02,22.374539138298598
2001-02-03,26.92552415042725
2001-02-04,0.6761027229970765
2001-02-05,0.0
2001-02-06,0.0
2001-02-07,0.0
2001-02-08,0.017277712489409156
2001-02-09,2.1388274771028284
2001-02-10,18.210172747917824
2001-02-11,0.0
2001-02-12,0.02039582223180926
2001-02-13,0.9356133585343801
2001-02-14,1.4519968865144253
2001-02-15,5.231338024511525
2001-02-16,1.9103723657240914
2001-02-17,0.9973410399390441
2001-02-18,0.0
2001-02-19,0.0
2001-02-20,1.0367374371376838
2001-02-21,8.109240068734296
2001-02-22,2.62489479736115
2001-02-23,0.0
2001-02-24,0.9261138001427955
2001-02-25,28.20415195702016
2001-02-26,1.7648344280857955
2001-02-27,9.251075536490017
2001-02-28,8.801579805853116
2001-03-01,3.401683212828848
2001-03-02,39.35097473985289
2001-03-03,113.02105970856712
2001-03-04,10.809574012384921
2001-03-05,0.0
2001-03-06,0.0
2001-03-07,0.0
2001-03-08,0.0
2001-03-09,14.875079499412893
2001-03-10,0.0013341601916377296
2001-03-11,0.0034012092838895188
2001-03-12,72.42082622000221
2001-03-13,0.11016326613027017
2001-03-14,1.636590410552041
2001-03-15,36.423061648410204
2001-03-16,0.0
2001-03-17,0.0065744518519184345
2001-03-18,2.0920206269598154
2001-03-19,3.084149773471978
2001-03-20,13.30196357133331
2001-03-21,0.050471881927343434
2001-03-22,0.0
2001-03-23,0.0
2001-03-24,0.07189809844547858
2001-03-25,9.635121713510108
2001-03-26,0.0
2001-03-27,7.064389186315075e-05
2001-03-28,17.80793397092212
2001-03-29,17.462640047218635
2001-03-30,0.9762444958905068
2001-03-31,2.161353391370446
2001-04-01,0.0
2001-04-02,0.0
2001-04-03,1.5040492565031238
2001-04-04,16.39409425263976
2001-04-05,0.908606875741494
2001-04-06,0.0035919198560282373
2001-04-07,0.08560122266075208
2001-04-08,2.2740853840198874
2001-04-09,1.4048511080946062
2001-04-10,0.19691049533766858
2001-04-11,0.023967996435213045
2001-04-12,0.4016722610486726
2001-04-13,2.787392322423311
2001-04-14,7.684630021400885
2001-04-15,6.641437127653305
2001-04-16,7.563863532861344
2001-04-17,7.723402658658923e-05
2001-04-18,7.723402658658923e-05
2001-04-19,7.723402658658923e-05
2001-04-20,7.723402658658923e-05
2001-04-21,0.0226741547342455
2001-04-22,0.00857993989937616
2001-04-23,0.15887340536750855
2001-04-24,3.674116671454744
2001-04-25,1.5175834761020313
2001-04-26,3.239524680762915e-05
2001-04-27,3.239524680762915e-05
2001-04-28,3.239524680762915e-05
2001-04-29,3.239524680762915e-05
2001-04-30,1.130629229983152
2001-05-01,0.003060184864176143
2001-05-02,1.7596496615668165
2001-05-03,0.50950803137046
2001-05-04,0.033648835725014994
2001-05-05,0.05738466066439902
2001-05-06,0.0
2001-05-07,0.0
2001-05-08,0.0
2001-05-09,0.0
2001-05-10,0.0
2001-05-11,0.0931959192443206
2001-05-12,0.000980419761732339
2001-05-13,0.005407287560181796
2001-05-14,0.0
2001-05-15,0.0
2001-05-16,0.0008414063708830402
2001-05-17,0.0
2001-05-18,0.0009293943885144433
2001-05-19,1.7292268078962423
2001-05-20,0.7353521707819828
2001-05-21,0.0005203388574503683
2001-05-22,0.6355492737680799
2001-05-23,0.0
2001-05-24,0.018464391409435444
2001-05-25,0.3658956205194202
2001-05-26,0.5169042247183392
2001-05-27,3.858728088808322
2001-05-28,13.261965040184096
2001-05-29,5.033232227140594
2001-05-30,21.71331972717464
2001-05-31,2.0570993031875915
2001-06-01,15.409369973396691
2001-06-02,0.1367135873221847
2001-06-03,0.8887089215412697
2001-06-04,13.435620982020609
2001-06-05,8.174746360363102
2001-06-06,10.367639535578132
2001-06-07,0.8442588990323815
2001-06-08,10.581656231406951
2001-06-09,19.622444213768052
2001-06-10,14.555835673076944
2001-06-11,79.16182427338113
2001-06-12,1.1415147917439548
2001-06-13,2.233664718511202
2001-06-14,4.503687947143348
2001-06-15,0.20048458952775167
2001-06-16,0.012862913663730897
2001-06-17,0.0
2001-06-18,0.0052917443646571735
2001-06-19,6.950148424509137
2001-06-20,0.6678932128190798
2001-06-21,2.0151548501915717
2001-06-22,13.636774090305195
2001-06-23,0.5672140896982014
2001-06-24,0.0
2001-06-25,0.053488373447066355
2001-06-26,0.4222996568395896
2001-06-27,3.320540942240952
2001-06-28,5.347215347902761
2001-06-29,3.8952200705886177
2001-06-30,7.06630361905534
2001-07-01,2.822927401336067
2001-07-02,2.686688427687401
2001-07-03,4.947966499714281
2001-07-04,9.518438822930257
2001-07-05,10.629033713106207
2001-07-06,9.493818339461342
2001-07-07,0.9098856117745668
2001-07-08,3.5091292613174785
2001-07-09,1.8594501732048192
2001-07-10,2.4229208350854408
2001-07-11,16.461156404587452
2001-07-12,16.526692945081393
2001-07-13,8.775977238194764
2001-07-14,0.028216208119520435
2001-07-15,0.9202422621983941
2001-07-16,0.04597285547244265
2001-07-17,0.012253305083361914
2001-07-18,0.5213337667283094
2001-07-19,0.26459059802312956
2001-07-20,0.0870682876213892
2001-07-21,8.763831557048242
2001-07-22,0.3571018808642577
2001-07-23,0.06056096863790506
2001-07-24,0.015665737730071218
2001-07-25,20.451148542891236
2001-07-26,10.990280711773039
2001-07-27,3.3878160607576158
2001-07-28,2.07070249760563
2001-07-29,3.034386336484779
2001-07-30,1.1579083780816897
2001-07-31,13.587773967647209
2001-08-01,2.3974862071366543
2001-08-02,0.6310790380870852
2001-08-03,0.0009593710158812512
2001-08-04,0.11935998132128214
2001-08-05,14.630140544876408
2001-08-06,6.838184975065226
2001-08-07,8.507546653478704
2001-08-08,14.214378962772463
2001-08-09,1.7170160934679928
2001-08-10,3.9414760454684132
2001-08-11,12.106884965921072
2001-08-12,11.589194866850256
2001-08-13,6.9462021214430605
2001-08-14,6.706510610806674
2001-08-15,0.2820117121000245
2001-08-16,3.4740071832308894
2001-08-17,6.150983812229197
2001-08-18,8.220063544530579
2001-08-19,16.011291872573317
2001-08-20,4.220309351076405
2001-08-21,0.2524031731744083
2001-08-22,0.001971263061516508
2001-08-23,0.0
2001-08-24,0.3790708485582106
2001-08-25,0.02608475520252631
2001-08-26,1.8824737172449744
2001-08-27,6.83835642244048
2001-08-28,7.518274123348842
2001-08-29,9.939092706219935
2001-08-30,7.4837209707550985
2001-08-31,3.403641390527265
2001-09-01,3.809364311929707
2001-09-02,7.766662455908748
2001-09-03,20.94453092009283
2001-09-04,10.407391209562414
2001-09-05,3.401566119195321
2001-09-06,8.765723536097926
2001-09-07,11.407253438594719
2001-09-08,3.6330986921284
2001-09-09,6.189836899690263
2001-09-10,5.891869958402021
2001-09-11,3.6676103238816196
2001-09-12,2.0060306733396116
2001-09-13,3.340170465799692
2001-09-14,0.07888146337562975
2001-09-15,0.18934888729820357
2001-09-16,0.13966592106304784
2001-09-17,1.444905559973552
2001-09-18,3.356023876653384
2001-09-19,10.670040225437695
2001-09-20,0.3986276206896502
2001-09-21,0.0
2001-09-22,0.0
2001-09-23,0.01240040133384562
2001-09-24,10.572526653817159
2001-09-25,0.008592606841047195
2001-09-26,0.13404034971920764
2001-09-27,0.13404034971920764
2001-09-28,0.13404034971920764
2001-09-29,0.689705667140341
2001-09-30,0.13404034971920764
2001-10-01,0.0
2001-10-02,0.0
2001-10-03,0.0
2001-10-04,0.06877016307176338
2001-10-05,1.287419211766233
2001-10-06,5.741673466645034
2001-10-07,0.0
2001-10-08,0.0
2001-10-09,0.0
2001-10-10,0.18014361582232374
2001-10-11,1.228172840238751
2001-10-12,21.37087034139015
2001-10-13,25.299048898169904
2001-10-14,30.052864655115727
2001-10-15,0.0
2001-10-16,0.0
2001-10-17,0.0
2001-10-18,0.0
2001-10-19,0.0
2001-10-20,0.0
2001-10-21,0.016126265777262977
2001-10-22,2.9601280652424694e-08
2001-10-23,2.4674688314839795e-08
2001-10-24,0.0759012026356225
2001-10-25,0.05055531835932085
2001-10-26,0.06345511033649223
2001-10-27,0.06345511033649223
2001-10-28,0.06345511033649223
2001-10-29,0.06345511033649223
2001-10-30,0.06345511033649223
2001-10-31,0.06345511033649223
2001-11-01,0.0533978148403287
2001-11-02,0.0007453209331877768
2001-11-03,0.7306068497105938
2001-11-04,7.094760870768492e-05
2001-11-05,7.094760870768492e-05
2001-11-06,0.19024129448809374
2001-11-07,0.19024129448809374
2001-11-08,0.19024129448809374
2001-11-09,0.19024129448809374
2001-11-10,0.19024129448809374
2001-11-11,1.7720431337514733
2001-11-12,0.0
2001-11-13,0.0
2001-11-14,0.0
2001-11-15,0.0
2001-11-16,0.0
2001-11-17,0.0
2001-11-18,0.0
2001-11-19,0.00441822362243627
2001-11-20,1.2062141854281214
2001-11-21,0.0
2001-11-22,0.0
2001-11-23,12.031244223749402
2001-11-24,21.15018342631557
2001-11-25,10.00203905107108
2001-11-26,1.6157689711855217
2001-11-27,2.0578793822001793
2001-11-28,2.249019277647653
2001-11-29,14.680286019631108
2001-11-30,1.2564609453684263
2001-12-01,0.10978277410872848
2001-12-02,0.10978277410872848
2001-12-03,0.10978277410872848
2001-12-04,0.10978277410872848
2001-12-05,0.7444648214121434
2001-12-06,0.007455327928759929
2001-12-07,0.007916538121192952
2001-12-08,0.0328091567124221
2001-12-09,0.008382544063023448
2001-12-10,3.1674803321816967
2001-12-11,0.024042421287242793
2001-12-12,0.9540249222690821
2001-12-13,22.25415772433095
2001-12-14,33.561956299049974
2001-12-15,0.0
2001-12-16,1.3448492348447347
2001-12-17,5.557900621670784
2001-12-18,0.050068108365410896
2001-12-19,0.0
2001-12-20,0.0
2001-12-21,0.0
2001-12-22,0.057607114321442124
2001-12-23,17.992834777874304
2001-12-24,0.0
2001-12-25,7.279186504999187e-05
2001-12-26,0.0
2001-12-27,0.0
2001-12-28,2.0120779592327165
2001-12-29,0.06007126055431959
2001-12-30,0.0
2001-12-31,1.7335018969444278
2002-01-01,1.5036585077377738
2002-01-02,15.561502470936565
2002-01-03,0.13378201379007404
2002-01-04,0.0
2002-01-05,13.127674752793306
2002-01-06,10.584555566692742
2002-01-07,0.6522065056271664
2002-01-08,0.0
2002-01-09,0.0
2002-01-10,0.032524452051506496
2002-01-11,0.48979991216556784
2002-01-12,29.075483760754924
2002-01-13,0.0002447440994167875
2002-01-14,6.0930229837468515
2002-01-15,0.014118052103968904
2002-01-16,0.0
2002-01-17,0.00015029944266360432
2002-01-18,0.5859918281672197
2002-01-19,14.499889669188756
2002-01-20,0.2151462895839083
2002-01-21,3.176488297542025
2002-01-22,0.7788866458387791
2002-01-23,0.2625717517829788
2002-01-24,0.16772837853942155
2002-01-25,4.01004220486258
2002-01-26,0.0
2002-01-27,3.4188346042773508
2002-01-28,3.1037533737209295
2002-01-29,0.9180470628096421
2002-01-30,0.15462724219966886
2002-01-31,3.7363244593938028
2002-02-01,0.5903338421553679
2002-02-02,0.0
2002-02-03,0.0
2002-02-04,0.0
2002-02-05,0.1753382477612065
2002-02-06,25.855779283597524
2002-02-07,1.9896704829732725
2002-02-08,0.0
2002-02-09,0.004390700132524889
2002-02-10,0.21059214073885316
2002-02-11,0.7618042762136699
2002-02-12,0.7462387344269524
2002-02-13,1.194973486272943
2002-02-14,0.7462387344269524
2002-02-15,0.7462387344269524
2002-02-16,0.05353211293983863
2002-02-17,0.0
2002-02-18,0.0
2002-02-19,0.638607240384438
2002-02-20,36.49734554154574
2002-02-21,0.0
2002-02-22,0.0
2002-02-23,0.0
2002-02-24,0.0
2002-02-25,0.0
2002-02-26,1.9085564338052752
2002-02-27,0.0
2002-02-28,0.0
2002-03-01,0.3831608567793233
2002-03-02,54.51013211679071
2002-03-03,4.307943975169005
2002-03-04,0.0
2002-03-05,0.0
2002-03-06,0.0
2002-03-07,0.0
2002-03-08,0.03700298178220516
2002-03-09,5.949679218014108
2002-03-10,0.18862152399694496
2002-03-11,0.026920685502506033
2002-03-12,46.44077602881296
2002-03-13,2.0839048998406957
2002-03-14,0.0007833971998106319
2002-03-15,3.7282111939021103
2002-03-16,7.37393247231977
2002-03-17,1.709540227709717
2002-03-18,0.3026827237641469
2002-03-19,1.7927585991098005
2002-03-20,4.677265925494414
2002-03-21,15.936847286893514
2002-03-22,0.0
2002-03-23,0.0
2002-03-24,0.0
2002-03-25,0.4562797531440913
2002-03-26,11.026154867467318
2002-03-27,0.00023125493321572826
2002-03-28,0.0
2002-03-29,1.092036497609379
2002-03-30,0.19286646969225013
2002-03-31,24.637439395789592
2002-04-01,0.0
2002-04-02,0.0
2002-04-03,0.0
2002-04-04,0.0
2002-04-05,0.0
2002-04-06,0.0
2002-04-07,0.040880313039611045
2002-04-08,1.6411402343228372
2002-04-09,34.848639138142836
2002-04-10,0.5624099552105177
2002-04-11,4.946786246413663
2002-04-12,10.535597063178317
2002-04-13,2.5764085553982934
2002-04-14,0.6554991915905478
2002-04-15,0.22372698741090727
2002-04-16,0.03618080770134085
2002-04-17,0.0010542062105984814
2002-04-18,0.0024459426083794132
2002-04-19,0.017155571809353554
2002-04-20,0.005441885780369902
2002-04-21,4.558923728981884e-07
2002-04-22,0.1464119862795308
2002-04-23,0.0006070203229321221
2002-04-24,0.014684836151671474
2002-04-25,0.06044036684506395
2002-04-26,0.24838225980943002
2002-04-27,1.0423778908672607
2002-04-28,0.1751097439037955
2002-04-29,0.28311017568423236
2002-04-30,0.6284022491882326
2002-05-01,0.003304151786870734
2002-05-02,0.001359331503306995
2002-05-03,0.0026011761097965306
2002-05-04,0.019107814707969597
2002-05-05,0.028996194516292473
2002-05-06,0.012372227054239186
2002-05-07,0.011864964961973349
2002-05-08,0.0014453458404376815
2002-05-09,0.001147904273256858
2002-05-10,0.01560448443920077
2002-05-11,0.0915613820664669
2002-05-12,0.6090486042209905
2002-05-13,5.908879270496172
2002-05-14,0.3044055396794897
2002-05-15,0.0
2002-05-16,0.0017075936843167086
2002-05-17,2.9123594839249
2002-05-18,13.00021583659365
2002-05-19,0.0
2002-05-20,0.0
2002-05-21,0.0
2002-05-22,0.0
2002-05-23,0.0
2002-05-24,0.0
2002-05-25,0.018362135016562017
2002-05-26,0.0
2002-05-27,0.00015304264739544548
2002-05-28,3.500144286005319
2002-05-29,27.77046549282069
2002-05-30,21.610174074382016
2002-05-31,2.1330314915457578
2002-06-01,1.7391356320453937e-05
2002-06-02,0.00197870459065043
2002-06-03,1.0480829408047793e-06
2002-06-04,0.0004558190692280679
2002-06-05,0.005222149252244513
2002-06-06,1.3808208672611872
2002-06-07,0.46981817885869853
2002-06-08,1.9772270798705887
2002-06-09,1.054472228508796
2002-06-10,1.1896742814641792
2002-06-11,0.07589783135442942
2002-06-12,0.049763730365046166
2002-06-13,0.08710067609884839
2002-06-14,1.2534990499983407
2002-06-15,0.0031919590178939973
2002-06-16,0.6186633050273649
2002-06-17,2.9407838899941314
2002-06-18,5.896752998970349
2002-06-19,2.85528941008102
2002-06-20,17.25272903793423
2002-06-21,1.1202271701297415
2002-06-22,4.814648044981555
2002-06-23,14.625210026990016
2002-06-24,13.945888742274668
2002-06-25,3.5879835748832303
2002-06-26,27.43400345405296
2002-06-27,20.105035329410548
2002-06-28,5.125974342924426
2002-06-29,0.43633141784392104
2002-06-30,12.572697004796721
2002-07-01,7.8996319834515045
2002-07-02,3.77731233915927
2002-07-03,3.026790494568462
2002-07-04,5.469522105479901
2002-07-05,8.75767526950942
2002-07-06,0.18626753834798299
2002-07-07,7.144713061925837
2002-07-08,7.358157991366832
2002-07-09,7.572098802424935
2002-07-10,0.9944351664289441
2002-07-11,2.4445908258574702
2002-07-12,10.795482832511171
2002-07-13,20.195622694305754
2002-07-14,4.840302233706081
2002-07-15,8.993176115020033
2002-07-16,2.496990685754631
2002-07-17,0.9919163578231468
2002-07-18,1.5653996578847782
2002-07-19,2.5188673987144776
2002-07-20,5.457387099589851
2002-07-21,6.266290140268491
2002-07-22,27.089757692856395
2002-07-23,4.029024450659136
2002-07-24,8.161785366507422
2002-07-25,26.104265669417504
2002-07-26,5.9850504808610845
2002-07-27,2.442102943162057
2002-07-28,5.324572135883701
2002-07-29,10.708404880581242
2002-07-30,12.683429772366559
2002-07-31,2.444869931518093
2002-08-01,3.874673422109457
2002-08-02,7.74507834033626
2002-08-03,1.426461314403267
2002-08-04,2.645315393502063
2002-08-05,24.24718205944768
2002-08-06,1.4950807237490922
2002-08-07,0.2774609781425575
2002-08-08,2.6281380459848283
2002-08-09,0.0039101599732410276
2002-08-10,7.723559699956005e-05
2002-08-11,2.184423925693483
2002-08-12,0.2880579379653574
2002-08-13,0.40279157085517264
2002-08-14,1.6532708275997672
2002-08-15,0.8715252335099568
2002-08-16,9.799568764285741
2002-08-17,3.2183066522869734
2002-08-18,3.1949444535064218
2002-08-19,5.7834403892787325
2002-08-20,4.338713355674317
2002-08-21,3.8618926001823786
2002-08-22,6.984579260224678
2002-08-23,1.3116635084670998
2002-08-24,0.459531834425841
2002-08-25,12.148581630962449
2002-08-26,0.4160020045399189
2002-08-27,0.01236755521405106
2002-08-28,0.0034771155724974455
2002-08-29,0.08891683719984626
2002-08-30,0.3044080836891978
2002-08-31,0.13536818287666302
2002-09-01,0.6733347628307731
2002-09-02,0.7883569560435791
2002-09-03,1.2188348056391616
2002-09-04,0.05930392755007645
2002-09-05,8.955512378577916e-05
2002-09-06,4.882306934649572
2002-09-07,8.95395837152633
2002-09-08,0.44371146798780925
2002-09-09,0.19649559779601966
2002-09-10,0.15265172681685368
2002-09-11,0.0
2002-09-12,8.20630905015024e-05
2002-09-13,9.362106442878568
2002-09-14,4.337468753433644
2002-09-15,1.2266486923729276
2002-09-16,3.08387721244183
2002-09-17,3.508975175306412
2002-09-18,2.7505141625991656
2002-09-19,0.39694120997231125
2002-09-20,2.9331973232684763
2002-09-21,8.949948658829767
2002-09-22,14.25878342416404
2002-09-23,1.0399892866739624
2002-09-24,4.837827058831098
2002-09-25,98.21468373898576
2002-09-26,101.63871683513577
2002-09-27,0.7276709786502292
2002-09-28,0.001956805823334422
2002-09-29,0.0520606875653005
2002-09-30,0.2331120689938077
2002-10-01,0.23979070440646197
2002-10-02,0.23248969601877467
2002-10-03,7.638674389103963
2002-10-04,3.0721405166668174
2002-10-05,4.362780624281729
2002-10-06,1.3004053842363705
2002-10-07,4.2908691435095
2002-10-08,1.9060310662681856
2002-10-09,2.3772740988710925
2002-10-10,32.34218959034826
2002-10-11,5.211124697029272
2002-10-12,9.470731103593454
2002-10-13,1.8177166804237515
2002-10-14,1.1431385783206298
2002-10-15,32.03787445162364
2002-10-16,0.00010929863493485954
2002-10-17,0.0
2002-10-18,0.0
2002-10-19,0.0
2002-10-20,0.005349243910110418
2002-10-21,3.638323481633737
2002-10-22,0.22718701835877134
2002-10-23,1.303187667077106
2002-10-24,2.0821741682930357
2002-10-25,0.9555878096269776
2002-10-26,53.80599379921391
2002-10-27,25.32966198057417
2002-10-28,15.77382253977677
2002-10-29,18.213419733193493
2002-10-30,1.4944376645515123
2002-10-31,0.0
2002-11-01,0.0
2002-11-02,0.0
2002-11-03,4.140141591696696
2002-11-04,12.35447650269954
2002-11-05,13.993407587678071
2002-11-06,1.2544714031000717
2002-11-07,0.0
2002-11-08,0.0
2002-11-09,0.6933183517457594
2002-11-10,2.2199323487364113
2002-11-11,20.818152384714857
2002-11-12,35.203828144521985
2002-11-13,0.0
2002-11-14,0.019343738001952597
2002-11-15,2.7571621699261586
2002-11-16,9.917184921286642
2002-11-17,0.0
2002-11-18,0.0
2002-11-19,0.5874695773568345
2002-11-20,8.860623820956377
2002-11-21,11.447424178487283
2002-11-22,0.0
2002-11-23,0.0
2002-11-24,0.0
2002-11-25,0.08064221956225448
2002-11-26,0.062046480709173644
2002-11-27,0.7321152467963776
2002-11-28,0.0
2002-11-29,0.0
2002-11-30,3.491565034555572
2002-12-01,0.0
2002-12-02,0.0
2002-12-03,0.01419480983581191
2002-12-04,5.827281201280856
2002-12-05,21.142097970348043
2002-12-06,0.0
2002-12-07,0.0
2002-12-08,0.0
2002-12-09,0.40334373564548004
2002-12-10,36.51026454098216
2002-12-11,0.020379840497565777
2002-12-12,0.2245200013181148
2002-12-13,36.20057034605679
2002-12-14,0.01659810620819898
2002-12-15,0.0
2002-12-16,0.0
2002-12-17,0.0001854814368603627
2002-12-18,0.46722193563516534
2002-12-19,18.07413201763341
2002-12-20,7.682522268810873
2002-12-21,0.0
2002-12-22,1.284049684196382
2002-12-23,6.209372665703415
2002-12-24,66.76725227755448
2002-12-25,0.08370887301321196
2002-12-26,0.0
2002-12-27,0.0
2002-12-28,0.0
2002-12-29,0.00020648195217628512
2002-12-30,0.03578174796345004
2002-12-31,52.241333108692345
2003-01-01,0.3651481150216646
2003-01-02,0.7519473649249941
2003-01-03,8.51938286867329e-05
2003-01-04,0.0
2003-01-05,0.0
2003-01-06,0.0
2003-01-07,0.0
2003-01-08,0.0
2003-01-09,0.0
2003-01-10,3.583332005023845
2003-01-11,0.26781033069729043
2003-01-12,0.26781033069729043
2003-01-13,2.6551969426257296
2003-01-14,0.26781033069729043
2003-01-15,0.26781033069729043
2003-01-16,3.5762559396824725
2003-01-17,0.13642468225657614
2003-01-18,0.0
2003-01-19,0.0
2003-01-20,0.012300357349895739
2003-01-21,0.049674326551568185
2003-01-22,2.278940816699822
2003-01-23,0.3014432987401708
2003-01-24,0.0
2003-01-25,0.11972117696276897
2003-01-26,0.00024068407254515759
2003-01-27,0.0
2003-01-28,0.0
2003-01-29,0.47693603658075817
2003-01-30,5.8404464933919495
2003-01-31,0.005619902609169458
2003-02-01,0.4751924233645548
2003-02-02,0.0
2003-02-03,1.2539280983724987
2003-02-04,2.4866783306297346
2003-02-05,4.042013510123628e-05
2003-02-06,14.026524074075532
2003-02-07,4.73063087976132
2003-02-08,0.1913147810589021
2003-02-09,0.19884663062365582
2003-02-10,9.140832185422479
2003-02-11,0.0
2003-02-12,0.0
2003-02-13,0.0
2003-02-14,0.001807238689076072
2003-02-15,0.30444526122422444
2003-02-16,20.271094018665966
2003-02-17,0.22997279576006596
2003-02-18,0.0
2003-02-19,1.770823984724682e-05
2003-02-20,0.08788965975054629
2003-02-21,31.779000797029983
2003-02-22,33.72600383743345
2003-02-23,0.0004734325589885184
2003-02-24,0.026115216400891074
2003-02-25,0.6005692075822199
2003-02-26,27.248220390061043
2003-02-27,25.259017276022373
2003-02-28,0.11455949802733684
2003-03-01,3.010837551452707
2003-03-02,0.5255612402316905
2003-03-03,5.378157494824807
2003-03-04,10.346433578849869
2003-03-05,3.2516019048270146
2003-03-06,7.415853519635951
2003-03-07,26.17524304520078
2003-03-08,0.15899682275176108
2003-03-09,10.54602724173547
2003-03-10,0.0
2003-03-11,0.0
2003-03-12,10.995928981153178
2003-03-13,18.751209869827218
2003-03-14,14.67474861231432
2003-03-15,9.269749931794436
2003-03-16,3.277260941363215
2003-03-17,18.49586995542288
2003-03-18,0.0637724433541093
2003-03-19,1.8421742037786852
2003-03-20,0.004308779630269919
2003-03-21,0.089021775611446
2003-03-22,0.0
2003-03-23,0.498177336046655
2003-03-24,0.0
2003-03-25,0.0
2003-03-26,1.1145734766548527
2003-03-27,1.711275839615568
2003-03-28,0.5435953228054208
2003-03-29,3.442696339158172
2003-03-30,7.3110597768067445
2003-03-31,0.0
2003-04-01,0.0
2003-04-02,0.0
2003-04-03,0.002001155161190841
2003-04-04,0.391611600940502
2003-04-05,1.1692061868351198
2003-04-06,2.253440234066803
2003-04-07,19.504721447955585
2003-04-08,62.01316760676406
2003-04-09,7.827620208096872
2003-04-10,0.07154447992894994
2003-04-11,0.04151603832374214
2003-04-12,0.04151603832374214
2003-04-13,0.04151603832374214
2003-04-14,0.04151603832374214
2003-04-15,0.04151603832374214
2003-04-16,0.00010245764559966627
2003-04-17,0.00969834287046555
2003-04-18,0.0
2003-04-19,0.000360405240275291
2003-04-20,0.00015672905792459268
2003-04-21,2.9288271768409397
2003-04-22,0.003878575537568329
2003-04-23,0.0005335150934051576
2003-04-24,1.482282434764908
2003-04-25,21.52179957402338
2003-04-26,8.89483495877995
2003-04-27,0.002962777080151903
2003-04-28,0.0
2003-04-29,0.0
2003-04-30,0.39051188011073007
2003-05-01,0.3243781536398002
2003-05-02,7.015140296019547
2003-05-03,12.517679355519379
2003-05-04,0.6938619467254346
2003-05-05,2.137567479724618
2003-05-06,0.0
2003-05-07,0.0
2003-05-08,0.0
2003-05-09,0.0
2003-05-10,0.0
2003-05-11,1.9366236911614578
2003-05-12,0.2539214460530545
2003-05-13,11.727637973544473
2003-05-14,2.5731962521101734
2003-05-15,8.910374530026461
2003-05-16,0.050930914095942754
2003-05-17,0.5393605728345839
2003-05-18,55.210037794479554
2003-05-19,27.991845203665232
2003-05-20,12.066937944095002
2003-05-21,25.116072507794858
2003-05-22,5.77826171923512
2003-05-23,0.11025046357230238
2003-05-24,0.0
2003-05-25,0.19995267657718152
2003-05-26,10.309776627505412
2003-05-27,4.382188958515963
2003-05-28,0.0
2003-05-29,0.0
2003-05-30,0.0
2003-05-31,0.00869726030820905
2003-06-01,0.13142652365717714
2003-06-02,0.908173418247837
2003-06-03,31.134720955074208
2003-06-04,2.0807090717886667
2003-06-05,1.1527589665154874
2003-06-06,35.029873097753885
2003-06-07,17.532872336173828
2003-06-08,0.993129206298452
2003-06-09,2.3119808373275736
2003-06-10,1.6957287442358298
2003-06-11,17.211983034286188
2003-06-12,12.563041007701674
2003-06-13,40.766990437561155
2003-06-14,15.868892912933912
2003-06-15,7.939548403271023
2003-06-16,5.520341679583076
2003-06-17,11.891929191591352
2003-06-18,10.858029334247986
2003-06-19,6.709807007390621
2003-06-20,12.920023386047216
2003-06-21,9.389346782525736
2003-06-22,4.813470483894201
2003-06-23,2.586025911643796
2003-06-24,2.836915632310732
2003-06-25,0.10026683341592905
2003-06-26,0.7772071070584525
2003-06-27,17.066659527983642
2003-06-28,17.97492888354497
2003-06-29,27.63627174347389
2003-06-30,54.19645575886117
2003-07-01,58.207243137851094
2003-07-02,4.76104098919801
2003-07-03,5.240669777196656
2003-07-04,15.335303192097907
2003-07-05,12.958009101407008
2003-07-06,3.251203163809329
2003-07-07,17.027998510122412
2003-07-08,1.9588934886980733
2003-07-09,0.4925393846257908
2003-07-10,0.8090470551923049
2003-07-11,2.592270405006257
2003-07-12,2.2670920024104055
2003-07-13,1.9022238655098032
2003-07-14,3.7854270804014756
2003-07-15,1.937874779966469
2003-07-16,0.9575283190809302
2003-07-17,6.148258820871188
2003-07-18,11.734260187518071
2003-07-19,7.37331854467704
2003-07-20,9.619549213078582
2003-07-21,18.266213290607975
2003-07-22,4.091378918047446
2003-07-23,23.58502964800689
2003-07-24,1.7440495534221925
2003-07-25,0.01392212810899251
2003-07-26,1.1889823662697256
2003-07-27,2.8121357402785
2003-07-28,5.416258534199301
2003-07-29,22.200600023593005
2003-07-30,7.319539432782611
2003-07-31,11.265786855443329
2003-08-01,9.289114794253159
2003-08-02,3.6461176379488998
2003-08-03,12.264180704884543
2003-08-04,11.515642552196594
2003-08-05,1.1438809055839971
2003-08-06,5.856175094515484
2003-08-07,18.165397901298682
2003-08-08,1.2741766541885013
2003-08-09,2.3304686481755583
2003-08-10,1.5855776942131303
2003-08-11,0.07321457738124879
2003-08-12,3.7174279461500253
2003-08-13,20.629647438110712
2003-08-14,1.0351771988307263
2003-08-15,0.22324179384121934
2003-08-16,9.306628291741326
2003-08-17,10.819011233558586
2003-08-18,2.1232705941282015
2003-08-19,2.1201589400009446
2003-08-20,15.121238446324044
2003-08-21,2.053234235278581
2003-08-22,6.324223935271513
2003-08-23,4.534261736334286
2003-08-24,0.47283856593557805
2003-08-25,0.48765802054451196
2003-08-26,7.085488330827835
2003-08-27,14.153335700130883
2003-08-28,14.438173339555556
2003-08-29,12.117141984033195
2003-08-30,15.628105425988727
2003-08-31,7.231197860885435
2003-09-01,2.2287052051063276
2003-09-02,1.1219434927340044
2003-09-03,0.8895347419830373
2003-09-04,8.676574727568653
2003-09-05,0.23927133899916692
2003-09-06,6.537319906644865
2003-09-07,1.685527124662048
2003-09-08,0.06306238688199664
2003-09-09,0.5622262814458063
2003-09-10,0.34082874631815363
2003-09-11,0.0430116812432094
2003-09-12,0.061710373799802966
2003-09-13,22.555640201357125
2003-09-14,6.460192819456366
2003-09-15,0.0004114598196391688
2003-09-16,0.09041246284230973
2003-09-17,1.680987831435002
2003-09-18,0.29435659650182877
2003-09-19,0.22990692440250285
2003-09-20,0.09041246284230973
2003-09-21,12.017016279285334
2003-09-22,22.45685130483995
2003-09-23,0.0
2003-09-24,0.0
2003-09-25,8.157146040825436
2003-09-26,2.6888643015473144
2003-09-27,4.534934186591087
2003-09-28,1.0109154180461801
2003-09-29,0.0
2003-09-30,0.0
2003-10-01,0.2532403782595615
2003-10-02,0.2532403782595615
2003-10-03,0.2532403782595615
2003-10-04,0.2532403782595615
2003-10-05,0.2532403782595615
2003-10-06,0.35727240746588096
2003-10-07,0.6967950043138595
2003-10-08,1.1237979488085876
2003-10-09,0.37664706756940647
2003-10-10,15.251510908556954
2003-10-11,3.3944709706452842
2003-10-12,0.007198515788892784
2003-10-13,0.016660336191561084
2003-10-14,0.09190768444473502
2003-10-15,0.0
2003-10-16,0.0
2003-10-17,0.0
2003-10-18,0.0
2003-10-19,0.0
2003-10-20,0.0
2003-10-21,0.0
2003-10-22,0.0
2003-10-23,0.0
2003-10-24,0.000992386453777556
2003-10-25,0.4006323627599305
2003-10-26,24.116537100889005
2003-10-27,16.466358844650813
2003-10-28,0.11698062852834265
2003-10-29,0.0
2003-10-30,0.0010327385898710741
2003-10-31,0.012024957167902495
2003-11-01,0.0003116011804103394
2003-11-02,0.0
2003-11-03,0.0
2003-11-04,1.1049860541578294
2003-11-05,0.9353316829604307
2003-11-06,1.6595248210846807
2003-11-07,0.09729510985152583
2003-11-08,0.0012279436712065667
2003-11-09,0.0764670317081635
2003-11-10,0.15728982198835403
2003-11-11,0.0
2003-11-12,0.13419099613207944
2003-11-13,1.8234287555445983
2003-11-14,0.0
2003-11-15,0.0
2003-11-16,0.1475937765613641
2003-11-17,0.2315742006952696
2003-11-18,32.63935664622834
2003-11-19,0.7832284298600498
2003-11-20,0.0
2003-11-21,0.0
2003-11-22,0.007609235394796876
2003-11-23,0.07079509071143462
2003-11-24,3.497291811507182
2003-11-25,0.0
2003-11-26,0.0
2003-11-27,21.91991192974499
2003-11-28,52.30993473035985
2003-11-29,0.0
2003-11-30,0.0
2003-12-01,0.0
2003-12-02,0.0
2003-12-03,3.370936683764934
2003-12-04,2.0118497158086512
2003-12-05,0.01147641933272485
2003-12-06,0.00021685005840247363
2003-12-07,0.00012135026715265722
2003-12-08,0.0
2003-12-09,3.6239864445644034
2003-12-10,3.706304969277077
2003-12-11,0.0
2003-12-12,0.0
2003-12-13,37.040458873887694
2003-12-14,1.3092270903914913
2003-12-15,0.0
2003-12-16,0.25678679439156304
2003-12-17,0.07211949665458339
2003-12-18,0.0
2003-12-19,0.0
2003-12-20,0.0
2003-12-21,0.0
2003-12-22,0.02771542555044437
2003-12-23,17.297772574046302
2003-12-24,0.3728714021970791
2003-12-25,0.0
2003-12-26,0.26339423945598156
2003-12-27,0.0
2003-12-28,6.773635286202508e-05
2003-12-29,33.356862320116484
2003-12-30,6.557099721208258
2003-12-31,0.0
2004-01-01,0.0
2004-01-02,0.09986131710338064
2004-01-03,0.01265104227349506
2004-01-04,2.6689112272058044
2004-01-05,3.122267921530573
2004-01-06,0.24812618234183378
2004-01-07,0.0
2004-01-08,4.349006962812186
2004-01-09,4.051268605427927
2004-01-10,0.0
2004-01-11,0.0
2004-01-12,0.0
2004-01-13,1.8378189004888303
2004-01-14,2.897273504160608
2004-01-15,1.1256724355228849
2004-01-16,0.0
2004-01-17,28.034423443718325
2004-01-18,14.220345419809313
2004-01-19,6.243526151882889
2004-01-20,0.0
2004-01-21,0.0
2004-01-22,0.0
2004-01-23,0.0
2004-01-24,1.8245231475183075
2004-01-25,5.130818085571963
2004-01-26,0.6500340620014148
2004-01-27,0.0
2004-01-28,0.0
2004-01-29,0.0
2004-01-30,39.81064875497753
2004-01-31,0.050278002211321664
2004-02-01,4.802937003167524
2004-02-02,6.677905320230813
2004-02-03,0.4242646917840961
2004-02-04,0.0
2004-02-05,4.302220388704536
2004-02-06,31.037955499281313
2004-02-07,0.0
2004-02-08,0.0
2004-02-09,2.1205002795174473e-05
2004-02-10,4.098050276942914
2004-02-11,31.497904906329154
2004-02-12,37.06286113166822
2004-02-13,1.0423676590032045
2004-02-14,16.978675356849084
2004-02-15,6.397152731815459
2004-02-16,0.0
2004-02-17,0.9677634086775904
2004-02-18,0.0
2004-02-19,0.0
2004-02-20,0.3422109699526405
2004-02-21,0.4147657264478453
2004-02-22,0.0
2004-02-23,45.14854322090195
2004-02-24,8.56427012465667
2004-02-25,44.3370348066262
2004-02-26,6.351862311345541
2004-02-27,0.040378727118455776
2004-02-28,0.0
2004-02-29,0.16885170783591338
2004-03-01,3.0304278643227898
2004-03-02,4.649035900270883
2004-03-03,0.18546336687509132
2004-03-04,0.9156894443865599
2004-03-05,2.883108043974484
2004-03-06,0.14397316195900456
2004-03-07,0.0
2004-03-08,0.0
2004-03-09,0.0
2004-03-10,0.0
2004-03-11,0.0
2004-03-12,0.0
2004-03-13,0.0
2004-03-14,2.4253103267432508
2004-03-15,6.233859303377832
2004-03-16,8.342836297615076
2004-03-17,0.13204313389820324
2004-03-18,0.001993223259107429
2004-03-19,0.9472506340381862
2004-03-20,0.0
2004-03-21,0.07060699357271548
2004-03-22,0.07060699357271548
2004-03-23,0.07060699357271548
2004-03-24,0.07230666048347859
2004-03-25,0.0706415640686574
2004-03-26,0.0
2004-03-27,0.0
2004-03-28,0.0
2004-03-29,0.11432119708600873
2004-03-30,4.840064353673565
2004-03-31,0.0592867946936184
2004-04-01,0.00444443716308905
2004-04-02,0.00444443716308905
2004-04-03,0.00444443716308905
2004-04-04,0.00444443716308905
2004-04-05,0.00444443716308905
2004-04-06,0.0
2004-04-07,5.38299438447398
2004-04-08,0.9482965023811881
2004-04-09,0.0
2004-04-10,0.003965580704814581
2004-04-11,1.9314495144243198
2004-04-12,12.140523421768684
2004-04-13,3.6537529380911993
2004-04-14,0.0
2004-04-15,0.0
2004-04-16,0.09995290487196341
2004-04-17,0.09995290487196341
2004-04-18,1.2369692464415158
2004-04-19,0.09995290487196341
2004-04-20,1.2731918614564963
2004-04-21,3.549718061045798
2004-04-22,3.427937123389501
2004-04-23,0.0555808145555908
2004-04-24,2.7233684975623515e-06
2004-04-25,1.3849517628883998
2004-04-26,36.09458000855809
2004-04-27,0.0
2004-04-28,0.0
2004-04-29,7.71968200632583
2004-04-30,29.219691075877325
2004-05-01,18.271635839416497
2004-05-02,9.510231234496183
2004-05-03,0.0
2004-05-04,0.0
2004-05-05,0.0
2004-05-06,0.0
2004-05-07,0.0
2004-05-08,0.0
2004-05-09,0.0
2004-05-10,0.0
2004-05-11,14.075889214755364
2004-05-12,10.986506533351273
2004-05-13,22.428203283505766
2004-05-14,1.7672488439483118
2004-05-15,17.14921718987627
2004-05-16,1.7073644102461756
2004-05-17,15.223348128876303
2004-05-18,10.102807124500654
2004-05-19,13.082944956919434
2004-05-20,0.4908168519839021
2004-05-21,0.003395288917925351
2004-05-22,0.00022510873883733708
2004-05-23,0.0074045811243057145
2004-05-24,0.006512163226307373
2004-05-25,0.00013703708693656164
2004-05-26,0.0009456173005515622
2004-05-27,0.0023812444416177014
2004-05-28,0.0007353501040165268
2004-05-29,0.5530461943098328
2004-05-30,0.8993634750238153
2004-05-31,4.568998981501845
2004-06-01,51.38005722447992
2004-06-02,9.95537400910533
2004-06-03,14.224783539082745
2004-06-04,0.12669008024933182
2004-06-05,0.0704394622197257
2004-06-06,8.984584938386092
2004-06-07,3.235916935860533
2004-06-08,2.0633255297113986
2004-06-09,0.13179456991712357
2004-06-10,0.30096074715989884
2004-06-11,0.9578162855931447
2004-06-12,1.8376933035915648
2004-06-13,2.4517219401646155
2004-06-14,52.417369638114764
2004-06-15,10.641571614272866
2004-06-16,26.68606361858632
2004-06-17,3.5404702410444977
2004-06-18,5.4070887157634155
2004-06-19,2.465923760375533
2004-06-20,8.294174187691828
2004-06-21,1.8601579180874008
2004-06-22,12.328927193876883
2004-06-23,13.448209601238199
2004-06-24,16.14204984161079
2004-06-25,23.691053298947825
2004-06-26,23.451001916877054
2004-06-27,9.72195911573281
2004-06-28,7.823435043727978
2004-06-29,8.66513968139979
2004-06-30,10.734184904726693
2004-07-01,10.969587958652271
2004-07-02,27.900192585271803
2004-07-03,9.057414279805883
2004-07-04,3.79300542607202
2004-07-05,8.458812617590777
2004-07-06,4.852470827699614
2004-07-07,5.812261784333262
2004-07-08,6.663302490276359
2004-07-09,13.208106237924275
2004-07-10,6.001974427032492
2004-07-11,0.2223583346612555
2004-07-12,0.39157098863629325
2004-07-13,0.9622768711424098
2004-07-14,0.4655507865664776
2004-07-15,0.34277608699169765
2004-07-16,18.17695806972473
2004-07-17,22.731962467014277
2004-07-18,6.305048398146565
2004-07-19,0.27252071109997755
2004-07-20,0.0
2004-07-21,0.0029910855957048913
2004-07-22,0.1128469965592362
2004-07-23,0.2808787377315584
2004-07-24,1.4076499383482552
2004-07-25,5.704355418930914
2004-07-26,24.725563669406583
2004-07-27,2.15811664704168
2004-07-28,0.2125419033049988
2004-07-29,0.1684575855064347
2004-07-30,8.15521905547879
2004-07-31,2.514634480777019
2004-08-01,6.227704142382366
2004-08-02,0.6936501419315344
2004-08-03,0.016331640173004067
2004-08-04,0.030139047053568704
2004-08-05,0.14531871185026837
2004-08-06,0.5675022871616893
2004-08-07,0.008788649317760567
2004-08-08,0.09117011201347078
2004-08-09,6.948238673043718
2004-08-10,12.476433658483765
2004-08-11,23.71727014335722
2004-08-12,10.060046813240996
2004-08-13,0.0019952556965157514
2004-08-14,0.0
2004-08-15,0.0
2004-08-16,0.0
2004-08-17,0.0
2004-08-18,0.0
2004-08-19,0.6142968756623362
2004-08-20,16.79863986015002
2004-08-21,4.552954518836564
2004-08-22,7.985348661436617
2004-08-23,18.374113396103315
2004-08-24,8.716701859979247
2004-08-25,2.102750460760381
2004-08-26,2.5444184778550065
2004-08-27,0.8999474756933054
2004-08-28,8.393750140450098
2004-08-29,19.109596548585408
2004-08-30,7.878552185156981
2004-08-31,4.1473748306870855
2004-09-01,1.672006578785875
2004-09-02,3.142016709727427
2004-09-03,6.048050800957542
2004-09-04,0.0794356141807911
2004-09-05,0.1285128922366718
2004-09-06,0.03360956496215612
2004-09-07,0.5576353150584203
2004-09-08,0.04000166484704068
2004-09-09,0.08836939334702097
2004-09-10,0.008937948894419635
2004-09-11,1.0008642170288398
2004-09-12,11.609470526756699
2004-09-13,4.801929461133974
2004-09-14,0.24294419486024615
2004-09-15,11.288935433842035
2004-09-16,81.40012397135148
2004-09-17,0.002286593081563046
2004-09-18,0.0
2004-09-19,0.0
2004-09-20,5.827310359436991e-06
2004-09-21,0.5910307856877252
2004-09-22,0.06407944450806057
2004-09-23,1.2826206245431069
2004-09-24,0.00010085737689330942
2004-09-25,0.08262926871769483
2004-09-26,0.21740758689836356
2004-09-27,0.38644599874728647
2004-09-28,0.21740758689836356
2004-09-29,0.21740758689836356
2004-09-30,0.21740758689836356
2004-10-01,0.0
2004-10-02,0.04286586069425509
2004-10-03,0.6377780356653738
2004-10-04,0.03511178744159218
2004-10-05,4.192776912104691
2004-10-06,0.42503392524900996
2004-10-07,0.007966361902970428
2004-10-08,4.468246976568583
2004-10-09,23.47553461163078
2004-10-10,46.70463047300544
2004-10-11,16.257254695318785
2004-10-12,0.7476552826036228
2004-10-13,0.022353282003058087
2004-10-14,5.24690069406138
2004-10-15,1.8067893518260087
2004-10-16,0.0
2004-10-17,0.0
2004-10-18,0.005444891086435697
2004-10-19,0.2960228051304381
2004-10-20,0.020834494314492268
2004-10-21,0.17558117167205237
2004-10-22,0.49024134490874727
2004-10-23,0.4344101079697967
2004-10-24,0.767906684918686
2004-10-25,0.5116766460256467
2004-10-26,0.14015504304092316
2004-10-27,0.14604709428938006
2004-10-28,0.04112103639553934
2004-10-29,0.005988265215998675
2004-10-30,0.02350906559330538
2004-10-31,0.11782181726730598
2004-11-01,5.677166604571082
2004-11-02,34.5402353926132
2004-11-03,41.04034271532422
2004-11-04,13.531501045161965
2004-11-05,0.0
2004-11-06,0.0
2004-11-07,0.0
2004-11-08,0.0
2004-11-09,0.0
2004-11-10,4.42736621024588
2004-11-11,22.359911437733228
2004-11-12,0.9401573515589127
2004-11-13,0.09473338210855338
2004-11-14,0.6114466529794688
2004-11-15,0.017520988603525953
2004-11-16,0.0
2004-11-17,0.0
2004-11-18,2.0580601681410795
2004-11-19,6.671887666114727
2004-11-20,5.7535750579692815
2004-11-21,2.6626459855207987
2004-11-22,5.240041588142681
2004-11-23,6.952452805606039
2004-11-24,42.93025583322404
2004-11-25,0.00036983942346363087
2004-11-26,0.0
2004-11-27,19.302000704083238
2004-11-28,0.004638109630203455
2004-11-29,0.14178113063675618
2004-11-30,2.2012729967715234
2004-12-01,12.393055420374939
2004-12-02,0.052056059990633397
2004-12-03,0.0
2004-12-04,0.061876188696308385
2004-12-05,23.705190505197837
2004-12-06,33.57471467452441
2004-12-07,17.099136430472214
2004-12-08,0.3836341550993008
2004-12-09,11.724076401774928
2004-12-10,0.02685976534579507
2004-12-11,0.0012393266172047704
2004-12-12,0.0
2004-12-13,0.47941976678256143
2004-12-14,0.0
2004-12-15,0.0
2004-12-16,0.015178206483113053
2004-12-17,0.015696723257692245
2004-12-18,0.015178206483113053
2004-12-19,0.015178206483113053
2004-12-20,0.015178206483113053
2004-12-21,0.40541425786101254
2004-12-22,24.60478744855398
2004-12-23,15.097517434133646
2004-12-24,0.0
2004-12-25,1.2261904416675333
2004-12-26,8.300328756600955
2004-12-27,0.0
2004-12-28,0.010556916356267864
2004-12-29,0.25538788917223215
2004-12-30,0.0
2004-12-31,0.0
2005-01-01,1.0062577061921032
2005-01-02,3.5842176725819443e-06
2005-01-03,0.010488737524742487
2005-01-04,0.03542046535329921
2005-01-05,0.3128550662272372
2005-01-06,4.132787295232972
2005-01-07,0.5453112933237542
2005-01-08,16.854476726899073
2005-01-09,0.07518792147287444
2005-01-10,0.4049823341673619
2005-01-11,0.7814980228213986
2005-01-12,0.9090521567098347
2005-01-13,19.61185235436725
2005-01-14,2.4760067111715673
2005-01-15,0.0
2005-01-16,0.0
2005-01-17,0.0
2005-01-18,0.0
2005-01-19,0.0
2005-01-20,2.572877763126139
2005-01-21,0.0
2005-01-22,1.2630715313432297
2005-01-23,0.0009306326811654027
2005-01-24,0.0
2005-01-25,0.0
2005-01-26,0.030397540981144524
2005-01-27,0.0
2005-01-28,8.26343914860795
2005-01-29,2.230403508222707
2005-01-30,0.0331963355545882
2005-01-31,3.644083057164787
2005-02-01,42.99037235464232
2005-02-02,41.553304302544156
2005-02-03,1.117079307835693
2005-02-04,0.058378658886477135
2005-02-05,0.0
2005-02-06,0.00273441853676605
2005-02-07,0.4223842884552085
2005-02-08,1.8796917376989513
2005-02-09,4.00909795363846
2005-02-10,0.005623536304820737
2005-02-11,0.0
2005-02-12,0.0
2005-02-13,1.0295233411332143
2005-02-14,15.485852059073398
2005-02-15,0.015191788589121907
2005-02-16,0.4319147823764282
2005-02-17,0.06743582817622511
2005-02-18,0.0
2005-02-19,0.0
2005-02-20,0.7241139162406723
2005-02-21,4.848639720992991
2005-02-22,0.4431416248691625
2005-02-23,16.38904482515465
2005-02-24,5.8202549908481735
2005-02-25,10.392028090643807
2005-02-26,0.0
2005-02-27,27.068790888635732
2005-02-28,2.6136636848786203
2005-03-01,0.0
2005-03-02,0.0032981626617023235
2005-03-03,16.361866988770842
2005-03-04,0.03415797937742862
2005-03-05,0.0
2005-03-06,0.0
2005-03-07,1.7953433754429657
2005-03-08,6.926198266735848
2005-03-09,0.0
2005-03-10,0.014028652547620764
2005-03-11,1.2145449652119165
2005-03-12,0.0
2005-03-13,0.08753282848510717
2005-03-14,1.1110238837322517
2005-03-15,10.759847560413059
2005-03-16,42.41855675111118
2005-03-17,0.4211139524526421
2005-03-18,0.10103576972820129
2005-03-19,0.05457361109213606
2005-03-20,3.331656703509904
2005-03-21,9.64816277753518
2005-03-22,0.9520901063957032
2005-03-23,4.292630350020803
2005-03-24,0.0
2005-03-25,0.17767210791336446
2005-03-26,3.1252048706844424
2005-03-27,18.777619660438233
2005-03-28,0.031186256949973016
2005-03-29,0.0
2005-03-30,0.05502980951258779
2005-03-31,17.15488947020414
2005-04-01,119.92789694047924
2005-04-02,0.011862633709083486
2005-04-03,0.0
2005-04-04,0.0
2005-04-05,0.052795584739396204
2005-04-06,34.65592402137353
2005-04-07,11.161120783854305
2005-04-08,0.6425608118609809
2005-04-09,0.0
2005-04-10,0.0015096823043695754
2005-04-11,1.0111206988374504
2005-04-12,37.63003423082132
2005-04-13,5.209576546476698e-05
2005-04-14,0.07046524116153376
2005-04-15,0.0
2005-04-16,0.0
2005-04-17,0.0
2005-04-18,0.0
2005-04-19,0.0
2005-04-20,0.0
2005-04-21,3.6588476417080047
2005-04-22,5.691787101453251
2005-04-23,3.4916208791074976
2005-04-24,0.0
2005-04-25,2.267717292323363
2005-04-26,14.350477762974771
2005-04-27,0.14745980646684181
2005-04-28,0.0
2005-04-29,0.0003266170095385336
2005-04-30,52.47143867235216
2005-05-01,0.0
2005-05-02,0.0
2005-05-03,0.0
2005-05-04,0.0
2005-05-05,0.0
2005-05-06,0.0
2005-05-07,0.0
2005-05-08,0.0
2005-05-09,0.0
2005-05-10,0.0
2005-05-11,0.00020848795685298192
2005-05-12,2.6951633526918663e-05
2005-05-13,0.0005951266841067072
2005-05-14,0.004792185481892774
2005-05-15,0.15821742995440366
2005-05-16,0.027267740255983827
2005-05-17,0.05736548133335467
2005-05-18,0.14036321656896839
2005-05-19,0.1488595740813367
2005-05-20,0.12336259106021465
2005-05-21,2.2297595341455607
2005-05-22,0.0021471576924747132
2005-05-23,0.1713891539137975
2005-05-24,3.160077715506571
2005-05-25,4.004489655505259
2005-05-26,0.0
2005-05-27,0.0
2005-05-28,0.04148337548500229
2005-05-29,7.9747282931065415
2005-05-30,12.145098208942038
2005-05-31,49.58208770114737
2005-06-01,20.524746731086168
2005-06-02,9.00198307365478
2005-06-03,0.6936475514826067
2005-06-04,3.2291065468335196
2005-06-05,3.1416564155085833
2005-06-06,4.726755327291835
2005-06-07,9.321418018213421
2005-06-08,3.459101011787533
2005-06-09,3.9181425386574498
2005-06-10,4.048595771992466
2005-06-11,46.478309864471015
2005-06-12,2.904538904929634
2005-06-13,2.463440315161154
2005-06-14,0.4619002191585688
2005-06-15,0.14837448274731474
2005-06-16,0.13010979058352096
2005-06-17,1.1797509553931378
2005-06-18,3.9938904585099797
2005-06-19,0.0
2005-06-20,0.004150631326284122
2005-06-21,0.39492709671751547
2005-06-22,0.054680194319283115
2005-06-23,0.06822671132619383
2005-06-24,0.22054392534718859
2005-06-25,0.22495235038611824
2005-06-26,0.01564436283454367
2005-06-27,0.19251272311178816
2005-06-28,0.6545720542842409
2005-06-29,3.8801172105339945
2005-06-30,0.6575176861212444
2005-07-01,2.7966929293783265
2005-07-02,3.3671736158065375
2005-07-03,5.664256870325996
2005-07-04,6.946328353231948
2005-07-05,2.5628651696327824
2005-07-06,87.22426336733774
2005-07-07,0.05816760425885109
2005-07-08,2.8692414544852918
2005-07-09,6.953678699773652
2005-07-10,63.24649489052933
2005-07-11,13.04693221408768
2005-07-12,6.708986889270902
2005-07-13,2.512186469166712
2005-07-14,17.635809615586073
2005-07-15,23.092779389560064
2005-07-16,15.902053110433972
2005-07-17,1.9339458357235102
2005-07-18,1.6701299352636492
2005-07-19,0.30712218926764334
2005-07-20,6.448980059270877
2005-07-21,8.260615599304998
2005-07-22,6.481915928796849
2005-07-23,1.9622332104602846
2005-07-24,1.246685295728425
2005-07-25,0.08611164549344745
2005-07-26,1.638172668192087
2005-07-27,0.4345133272716426
2005-07-28,6.502763297976536
2005-07-29,5.897681455792139
2005-07-30,22.505501896603178
2005-07-31,10.111393657844042
2005-08-01,7.016667905988785
2005-08-02,16.505725803385157
2005-08-03,4.66681691312193
2005-08-04,11.270188259725986
2005-08-05,15.063897735859355
2005-08-06,10.475133205767715
2005-08-07,1.7506525472817278
2005-08-08,1.0025488941196772
2005-08-09,2.058849406874925
2005-08-10,4.413941348831052
2005-08-11,6.667935087362474
2005-08-12,7.599964450457883
2005-08-13,2.1691465450007605
2005-08-14,2.651484157300424
2005-08-15,1.252507799152558
2005-08-16,0.8608883931090365
2005-08-17,5.534919289460257
2005-08-18,6.900096326791905
2005-08-19,1.8006513931131491
2005-08-20,1.4478383099876788
2005-08-21,7.140291174500225
2005-08-22,9.076622005165717
2005-08-23,12.67390583998853
2005-08-24,1.8647854597486877
2005-08-25,1.6582605859610393
2005-08-26,0.3554421124980694
2005-08-27,0.18793233286847635
2005-08-28,0.7807302146343214
2005-08-29,93.20573878846317
2005-08-30,1.79047821663132
2005-08-31,5.773273120488573
2005-09-01,1.3604221498341178
2005-09-02,0.00014732663788477718
2005-09-03,0.002511175322106116
2005-09-04,0.06670040350354788
2005-09-05,0.19184586265483725
2005-09-06,0.018425367088081183
2005-09-07,0.0
2005-09-08,0.48147843753199593
2005-09-09,0.0
2005-09-10,0.0
2005-09-11,0.26019277503705746
2005-09-12,0.26019277503705746
2005-09-13,0.26019277503705746
2005-09-14,0.26019277503705746
2005-09-15,0.6881388175065766
2005-09-16,1.3744056865018937
2005-09-17,2.0460390568846694
2005-09-18,0.9304419587141963
2005-09-19,0.3148304001532965
2005-09-20,0.007176223101999141
2005-09-21,0.0
2005-09-22,8.309442930400442
2005-09-23,4.8464761552059725
2005-09-24,13.407188041820705
2005-09-25,19.301221900862476
2005-09-26,8.584656039837702
2005-09-27,5.236434365926779e-05
2005-09-28,3.874018806204223
2005-09-29,2.8367142879070086
2005-09-30,0.71320633211449
2005-10-01,1.1005748895740164
2005-10-02,0.10629860506438096
2005-10-03,0.0009815994368590516
2005-10-04,0.005551243793900964
2005-10-05,1.7508878083598466e-05
2005-10-06,0.949809603995898
2005-10-07,1.8825226715637307
2005-10-08,0.0
2005-10-09,0.0009454771205143674
2005-10-10,0.0
2005-10-11,0.14401711981066068
2005-10-12,0.14401711981066068
2005-10-13,0.14401711981066068
2005-10-14,0.14401711981066068
2005-10-15,0.14401711981066068
2005-10-16,0.0
2005-10-17,0.0
2005-10-18,0.0
2005-10-19,0.0
2005-10-20,0.0
2005-10-21,0.02092523116147947
2005-10-22,0.022515581044310014
2005-10-23,0.020923295262200076
2005-10-24,0.020923295262200076
2005-10-25,0.020923295262200076
2005-10-26,0.06259441810925279
2005-10-27,0.06259441810925279
2005-10-28,0.06259441810925279
2005-10-29,0.06259441810925279
2005-10-30,0.06259441810925279
2005-10-31,0.06259441810925279
2005-11-01,5.109967884203933
2005-11-02,0.04787009186144221
2005-11-03,0.0
2005-11-04,0.09509955353761151
2005-11-05,2.078552768837572
2005-11-06,1.457934875149328
2005-11-07,0.03454716192842483
2005-11-08,0.005201057517838014
2005-11-09,0.00622782682947986
2005-11-10,0.002876497365965043
2005-11-11,0.0
2005-11-12,0.00012904115391705275
2005-11-13,0.11023994884940576
2005-11-14,0.9336048060036792
2005-11-15,1.1681113407485824
2005-11-16,5.103044277925736
2005-11-17,0.0
2005-11-18,0.0
2005-11-19,0.0
2005-11-20,0.28868165476865
2005-11-21,8.343937013496586
2005-11-22,0.0
2005-11-23,0.0
2005-11-24,0.0
2005-11-25,0.0
2005-11-26,0.14989788017478034
2005-11-27,27.518596196427854
2005-11-28,3.6401358740234047
2005-11-29,0.1575027455329995
2005-11-30,0.0
2005-12-01,0.06068081417430323
2005-12-02,0.003404048949051162
2005-12-03,1.1386923039356824
2005-12-04,1.466424999616895
2005-12-05,26.57390641540147
2005-12-06,0.0
2005-12-07,0.004801465058968902
2005-12-08,14.118616698121388
2005-12-09,7.84378432971831
2005-12-10,0.001734358454218071
2005-12-11,0.00025531631959636387
2005-12-12,0.0
2005-12-13,0.0
2005-12-14,0.18836918734141653
2005-12-15,37.6733429752118
2005-12-16,0.0
2005-12-17,8.106808750016345
2005-12-18,4.088831894966539
2005-12-19,0.0
2005-12-20,0.0
2005-12-21,0.0
2005-12-22,0.0
2005-12-23,0.0
2005-12-24,5.862982484190686
2005-12-25,2.2917626276171723
2005-12-26,0.0
2005-12-27,0.0
2005-12-28,0.20407881841627434
2005-12-29,0.0
2005-12-30,0.0
2005-12-31,0.24816349214569045
2006-01-01,0.36285579782804245
2006-01-02,0.13183905216012443
2006-01-03,0.0
2006-01-04,0.0
2006-01-05,0.0
2006-01-06,0.004973954626916108
2006-01-07,0.0
2006-01-08,0.0
2006-01-09,1.5912644939955356
2006-01-10,0.14201301584444234
2006-01-11,9.28760381209822
2006-01-12,0.00023677596781505625
2006-01-13,13.7661649485528
2006-01-14,0.0
2006-01-15,0.0
2006-01-16,0.32897244089569017
2006-01-17,17.053165384795737
2006-01-18,0.17439148766640628
2006-01-19,0.0
2006-01-20,1.4818272730149675
2006-01-21,18.28841940259345
2006-01-22,1.545898076390053
2006-01-23,9.235600765687812
2006-01-24,0.3823316354060477
2006-01-25,0.0
2006-01-26,0.0
2006-01-27,0.0009576676033730634
2006-01-28,0.12428450998437433
2006-01-29,13.935484189934721
2006-01-30,0.7149273031414759
2006-01-31,0.00016962167857349092
2006-02-01,0.0
2006-02-02,29.72186549770715
2006-02-03,0.614025340298333
2006-02-04,3.5608628432502947
2006-02-05,0.0
2006-02-06,3.1796057999746026
2006-02-07,6.759730818463366
2006-02-08,0.0
2006-02-09,0.0
2006-02-10,1.9107559238946548
2006-02-11,41.1342012202314
2006-02-12,0.0
2006-02-13,0.0
2006-02-14,0.010553079793169835
2006-02-15,0.7816748608897336
2006-02-16,0.2164730204656134
2006-02-17,1.0790728082812648
2006-02-18,1.3383332289711376
2006-02-19,0.4499092453486245
2006-02-20,1.986396050350501
2006-02-21,0.20766996680798444
2006-02-22,0.4485850832401297
2006-02-23,0.34307958062121297
2006-02-24,0.0004146620423732769
2006-02-25,23.471653263071545
2006-02-26,15.017304689002058
2006-02-27,0.0
2006-02-28,0.0
2006-03-01,0.0
2006-03-02,0.0
2006-03-03,0.0
2006-03-04,0.0
2006-03-05,0.0
2006-03-06,0.012046175047397117
2006-03-07,0.0
2006-03-08,0.0
2006-03-09,0.33472560557988773
2006-03-10,9.098774681084665
2006-03-11,3.635062857148994
2006-03-12,0.15396037709460564
2006-03-13,3.78620550309383
2006-03-14,3.3187585967166555
2006-03-15,0.0
2006-03-16,3.2212974212982988
2006-03-17,0.3501556881710194
2006-03-18,1.438784954124621
2006-03-19,1.796490356260582
2006-03-20,2.3756017445938715
2006-03-21,15.341950649306021
2006-03-22,0.0
2006-03-23,0.7305150947383875
2006-03-24,0.0
2006-03-25,0.0
2006-03-26,0.0
2006-03-27,0.0
2006-03-28,0.6214277986710063
2006-03-29,0.8976548612529957
2006-03-30,0.1570515428672846
2006-03-31,0.2039950176336089
2006-04-01,0.0
2006-04-02,0.0
2006-04-03,0.0
2006-04-04,0.0
2006-04-05,0.0
2006-04-06,0.0
2006-04-07,0.008413103633927038
2006-04-08,0.5708739790813315
2006-04-09,0.00044201241207795513
2006-04-10,0.0
2006-04-11,0.050393717896619755
2006-04-12,0.050393717896619755
2006-04-13,0.050393717896619755
2006-04-14,0.050393717896619755
2006-04-15,0.050393717896619755
2006-04-16,0.0
2006-04-17,0.0
2006-04-18,0.0
2006-04-19,0.0
2006-04-20,0.0
2006-04-21,3.6841934829978955
2006-04-22,13.098973760704279
2006-04-23,0.0
2006-04-24,0.0
2006-04-25,12.197027020981507
2006-04-26,13.271781188740656
2006-04-27,0.03342393545055639
2006-04-28,0.0
2006-04-29,0.09289804873729857
2006-04-30,45.03936458282621
2006-05-01,0.18159589220503564
2006-05-02,0.058331176480488314
2006-05-03,4.0858666253279144e-05
2006-05-04,0.01740215756862138
2006-05-05,0.4604645595696443
2006-05-06,5.300986938353569
2006-05-07,16.471475192175355
2006-05-08,2.850346496071594
2006-05-09,13.925140422952186
2006-05-10,4.646076102346887
2006-05-11,30.818825067906975
2006-05-12,0.0
2006-05-13,0.011077456665517795
2006-05-14,1.6616302192709214
2006-05-15,1.4149023804907352
2006-05-16,0.0720000635115702
2006-05-17,0.10182198317708097
2006-05-18,0.0
2006-05-19,0.10360192296664578
2006-05-20,0.0
2006-05-21,0.0
2006-05-22,0.0012490180365358821
2006-05-23,0.013951333517116348
2006-05-24,0.06544998173583089
2006-05-25,0.02654620752306629
2006-05-26,0.05416573406845534
2006-05-27,1.0907243126076662
2006-05-28,4.941425483957089
2006-05-29,0.5548861895910002
2006-05-30,0.19271573630561262
2006-05-31,0.3800018610567391
2006-06-01,0.14026871616899322
2006-06-02,13.439871302347578
2006-06-03,5.7082484128462845
2006-06-04,0.0
2006-06-05,0.0011720627270956172
2006-06-06,0.0014613077258860793
2006-06-07,0.14805819579415713
2006-06-08,0.09922029999569727
2006-06-09,0.0014613077258860793
2006-06-10,0.0014613077258860793
2006-06-11,0.38506569397916174
2006-06-12,0.24439484060450986
2006-06-13,0.3416333394904494
2006-06-14,2.054592883259982
2006-06-15,0.7701710414734699
2006-06-16,0.20296517120485333
2006-06-17,3.169870771894465
2006-06-18,6.820966839925995
2006-06-19,2.4491552514547372
2006-06-20,0.1601306091569505
2006-06-21,0.2378177226447176
2006-06-22,0.020797955978099896
2006-06-23,6.1866000186607
2006-06-24,11.462226508423853
2006-06-25,10.249504846980567
2006-06-26,1.566625982209384
2006-06-27,0.07722905674669285
2006-06-28,0.00016799742980866996
2006-06-29,0.0
2006-06-30,0.0
2006-07-01,0.881032093297004
2006-07-02,0.5546946090831739
2006-07-03,0.80695248513475
2006-07-04,1.4561510505654316
2006-07-05,6.986866717213084
2006-07-06,6.799884241061186
2006-07-07,1.8491600533191355
2006-07-08,0.9270923303237191
2006-07-09,0.05968504022034451
2006-07-10,6.150458729322703e-06
2006-07-11,0.2501325586810739
2006-07-12,1.34091739664115
2006-07-13,4.094685333383663
2006-07-14,1.350475762884943
2006-07-15,1.2861922116611317
2006-07-16,10.024310810929173
2006-07-17,10.573189633951161
2006-07-18,0.6469208282421608
2006-07-19,5.284714892887619
2006-07-20,1.9280302926901751
2006-07-21,2.2294225134504058
2006-07-22,1.1529186230730923
2006-07-23,25.297701758211797
2006-07-24,9.507092391301452
2006-07-25,2.4362347012882712
2006-07-26,2.708018383316771
2006-07-27,4.092334826038555
2006-07-28,1.9951364490068084
2006-07-29,0.6453122960565801
2006-07-30,4.85982358099643
2006-07-31,21.75658906253622
2006-08-01,3.140674469942999
2006-08-02,0.38876889197092707
2006-08-03,1.4766596519112285
2006-08-04,2.4636688160826186
2006-08-05,4.4380595180066695
2006-08-06,3.3650039416982302
2006-08-07,5.283466854353269
2006-08-08,2.599745397877748
2006-08-09,18.645326792961686
2006-08-10,4.715503694196624
2006-08-11,0.2035461052848191
2006-08-12,0.3327786965048776
2006-08-13,10.047941317959639
2006-08-14,11.793577081374952
2006-08-15,2.931541538636861
2006-08-16,14.43275157911073
2006-08-17,3.780726704371341
2006-08-18,1.6159740052820823
2006-08-19,1.0773482984881892
2006-08-20,0.09399399904774226
2006-08-21,2.910497907787283
2006-08-22,20.451927991757795
2006-08-23,3.532349495533188
2006-08-24,10.326351278205538
2006-08-25,11.72300295112082
2006-08-26,7.971031631906095
2006-08-27,1.481972153341382
2006-08-28,0.31094871048559347
2006-08-29,0.4859297495455775
2006-08-30,2.1393584977469153
2006-08-31,0.26326317757385337
2006-09-01,0.005480349951058426
2006-09-02,0.007681996312712164
2006-09-03,0.0
2006-09-04,0.29028209919472897
2006-09-05,0.1627805635205382
2006-09-06,0.06963253221185083
2006-09-07,0.04208893177879301
2006-09-08,0.003321878524281478
2006-09-09,0.09727562201336461
2006-09-10,1.3671050038897727
2006-09-11,10.24339189845682
2006-09-12,17.50040713581008
2006-09-13,2.9970140089550243
2006-09-14,0.20378455579809535
2006-09-15,0.0
2006-09-16,0.0
2006-09-17,6.586086627144171
2006-09-18,15.914721689577982
2006-09-19,4.886749369749355
2006-09-20,0.0
2006-09-21,0.011070579213698702
2006-09-22,4.868611784672291
2006-09-23,3.2125107304762714
2006-09-24,8.571784315304646
2006-09-25,0.685988286766107
2006-09-26,0.12198444624266183
2006-09-27,0.12198444624266183
2006-09-28,0.8067564224591215
2006-09-29,0.12198444624266183
2006-09-30,0.12198444624266183
2006-10-01,0.9796313825533635
2006-10-02,0.24726920538687155
2006-10-03,0.08088624524865243
2006-10-04,0.15648895415477704
2006-10-05,0.24285408473261436
2006-10-06,0.537882902963535
2006-10-07,0.32024492498591334
2006-10-08,0.32024492498591334
2006-10-09,0.32024492498591334
2006-10-10,0.32024492498591334
2006-10-11,3.532945418425728
2006-10-12,0.0016719507862061676
2006-10-13,0.8263315689530694
2006-10-14,0.0
2006-10-15,0.00046281383852794393
2006-10-16,25.98203865642474
2006-10-17,45.69423125409063
2006-10-18,0.13003479746947436
2006-10-19,7.6286717411319165
2006-10-20,0.10771035572766816
2006-10-21,3.0678010974077224e-05
2006-10-22,1.7007687106474685
2006-10-23,0.0
2006-10-24,0.0
2006-10-25,0.0
2006-10-26,14.877317971315161
2006-10-27,51.63133217470048
2006-10-28,1.3958417555962426e-05
2006-10-29,0.0
2006-10-30,0.0
2006-10-31,0.04035575550104248
2006-11-01,1.0859959168944167
2006-11-02,0.4869189061928597
2006-11-03,0.0
2006-11-04,0.0
2006-11-05,0.0
2006-11-06,12.28344200829292
2006-11-07,47.825741658786086
2006-11-08,0.0
2006-11-09,0.0
2006-11-10,0.0
2006-11-11,1.184778991056522
2006-11-12,0.0
2006-11-13,0.0
2006-11-14,2.2809569860919767
2006-11-15,73.77854806338794
2006-11-16,8.11593426155313
2006-11-17,0.0
2006-11-18,0.0
2006-11-19,0.0
2006-11-20,0.0
2006-11-21,0.4099255815203072
2006-11-22,0.4099255815203072
2006-11-23,0.4099255815203072
2006-11-24,0.4099255815203072
2006-11-25,0.4099255815203072
2006-11-26,0.0
2006-11-27,0.0
2006-11-28,0.40122034384491195
2006-11-29,0.8661148562885312
2006-11-30,1.5297111565463142
2006-12-01,2.8369194590495694
2006-12-02,0.0
2006-12-03,0.0
2006-12-04,0.0
2006-12-05,0.0
2006-12-06,1.0787005588051137
2006-12-07,0.00035523589558977635
2006-12-08,0.0
2006-12-09,0.0
2006-12-10,3.033327564774025
2006-12-11,0.0072655563432918145
2006-12-12,7.735302350383992
2006-12-13,5.746090524155228
2006-12-14,0.10109093093814682
2006-12-15,0.0
2006-12-16,0.039250680146596655
2006-12-17,0.0
2006-12-18,7.366348052694951
2006-12-19,0.0
2006-12-20,0.012067330817131376
2006-12-21,36.378873996250505
2006-12-22,45.0323547784255
2006-12-23,0.898714911991617
2006-12-24,1.7424297885071995
2006-12-25,37.026488112974626
2006-12-26,0.03670336074592264
2006-12-27,0.0
2006-12-28,1.2029686632387158e-05
2006-12-29,0.0
2006-12-30,0.6764292680209547
2006-12-31,47.5558895618048
2007-01-01,0.0031953689843146845
2007-01-02,0.0
2007-01-03,0.0
2007-01-04,2.41370373339413
2007-01-05,50.766019106718694
2007-01-06,1.9756800859260943
2007-01-07,9.80066473301455
2007-01-08,1.0230744358377701
2007-01-09,0.0
2007-01-10,0.0
2007-01-11,0.03849470207248634
2007-01-12,1.4813068162159826
2007-01-13,2.285621026348061e-05
2007-01-14,0.0028054278335633634
2007-01-15,0.9952622863198971
2007-01-16,11.757586814707077
2007-01-17,0.8439159570583804
2007-01-18,3.058120532460569
2007-01-19,6.8609702014278655
2007-01-20,0.0
2007-01-21,5.9522960242980645
2007-01-22,30.65277249141298
2007-01-23,0.21430937610436565
2007-01-24,1.4141174207053901
2007-01-25,0.013954094728524047
2007-01-26,0.0
2007-01-27,5.090630774343922
2007-01-28,15.063732577171438
2007-01-29,0.0
2007-01-30,0.45983437963464674
2007-01-31,0.18732001289683378
2007-02-01,13.750522981286048
2007-02-02,0.09145357796396017
2007-02-03,0.0
2007-02-04,0.0
2007-02-05,0.0
2007-02-06,0.0
2007-02-07,4.0126266961294827e-07
2007-02-08,0.024874282849868846
2007-02-09,0.5627992051819135
2007-02-10,0.9427004217008201
2007-02-11,0.0
2007-02-12,0.0
2007-02-13,20.417669282108722
2007-02-14,0.01638996798787347
2007-02-15,0.0
2007-02-16,0.0
2007-02-17,0.09591400682186782
2007-02-18,0.0016678709189380486
2007-02-19,0.0
2007-02-20,1.1524134323806676
2007-02-21,9.055539328226669
2007-02-22,0.0
2007-02-23,0.0
2007-02-24,1.2487037346607295
2007-02-25,7.736333166468013
2007-02-26,1.3529148583887693
2007-02-27,1.3529148583887693
2007-02-28,1.656344863352789
2007-03-01,22.933502949777765
2007-03-02,8.487322656356048
2007-03-03,0.0
2007-03-04,0.0
2007-03-05,0.0
2007-03-06,0.0002386808780169083
2007-03-07,0.0002386808780169083
2007-03-08,0.0002386808780169083
2007-03-09,0.0002386808780169083
2007-03-10,0.001449002420289853
2007-03-11,0.000192270359607999
2007-03-12,0.0
2007-03-13,0.029866588501810433
2007-03-14,0.6808025655163211
2007-03-15,2.520581030822522
2007-03-16,2.119710059184854
2007-03-17,0.0
2007-03-18,0.0
2007-03-19,0.0
2007-03-20,0.0
2007-03-21,0.5239360804559778
2007-03-22,1.6744359597098278e-05
2007-03-23,0.0
2007-03-24,0.0
2007-03-25,0.0006208231510563831
2007-03-26,0.0
2007-03-27,0.0239736500810511
2007-03-28,0.0477394139936238
2007-03-29,0.006136472129579648
2007-03-30,0.03640436536678658
2007-03-31,1.704284640443927
2007-04-01,33.697437020891186
2007-04-02,7.686381346241072
2007-04-03,7.037865156600685
2007-04-04,1.9365361771785765
2007-04-05,0.0
2007-04-06,0.002866743922651557
2007-04-07,0.0
2007-04-08,0.21038486149231067
2007-04-09,0.00671418427736198
2007-04-10,5.987520851327878
2007-04-11,3.9640123309281017
2007-04-12,0.0
2007-04-13,0.0
2007-04-14,35.39161676015945
2007-04-15,4.106611430080106
2007-04-16,0.0
2007-04-17,0.0
2007-04-18,0.0
2007-04-19,0.0
2007-04-20,0.0
2007-04-21,0.0
2007-04-22,0.0
2007-04-23,0.0
2007-04-24,0.0
2007-04-25,0.0
2007-04-26,12.997960068311851
2007-04-27,0.0
2007-04-28,0.0
2007-04-29,0.0
2007-04-30,0.0
2007-05-01,0.0
2007-05-02,0.9787454791088847
2007-05-03,5.432769558787049
2007-05-04,5.4132371994906325
2007-05-05,6.345833583352252
2007-05-06,0.20376466721209574
2007-05-07,0.14733874057417834
2007-05-08,0.0
2007-05-09,0.0
2007-05-10,0.0
2007-05-11,0.10253165762089472
2007-05-12,0.6384365673615615
2007-05-13,0.5454828349708963
2007-05-14,2.4703013447015896
2007-05-15,0.3362005419713409
2007-05-16,15.234785397977173
2007-05-17,1.045450238431055
2007-05-18,0.0
2007-05-19,0.0
2007-05-20,0.0
2007-05-21,0.0
2007-05-22,0.0
2007-05-23,0.0
2007-05-24,0.0
2007-05-25,0.0
2007-05-26,0.013234428466618943
2007-05-27,0.0016970729652142865
2007-05-28,1.089969078952197
2007-05-29,2.42842892793723
2007-05-30,6.581064811066799
2007-05-31,0.320652236595128
2007-06-01,0.06021015318944545
2007-06-02,0.16016878951500174
2007-06-03,0.06257805582453906
2007-06-04,5.020265999151052
2007-06-05,0.10289549396107969
2007-06-06,2.2920985168434083
2007-06-07,5.2294782700804525
2007-06-08,5.85148039082857
2007-06-09,4.69053352964137
2007-06-10,0.06871907880252588
2007-06-11,0.0
2007-06-12,0.10565449025683071
2007-06-13,1.3732271317452984
2007-06-14,0.5148696629842319
2007-06-15,0.3089281646918432
2007-06-16,1.1504510594410693
2007-06-17,0.2327048943612387
2007-06-18,30.402490174019103
2007-06-19,41.029693370406996
2007-06-20,0.4408615149913098
2007-06-21,0.0
2007-06-22,0.0
2007-06-23,0.0
2007-06-24,0.9332063568620856
2007-06-25,1.1491882987301165
2007-06-26,4.754407344398015
2007-06-27,7.519095676325265
2007-06-28,0.28670843953339864
2007-06-29,0.19934960753305894
2007-06-30,0.2862241865018825
2007-07-01,0.9393916191482862
2007-07-02,8.620226443431834
2007-07-03,32.07891569694202
2007-07-04,15.256148811592748
2007-07-05,14.841216643189378
2007-07-06,9.995760809667157
2007-07-07,12.94357448878971
2007-07-08,10.221905052574572
2007-07-09,3.4867971608508053
2007-07-10,9.604770113990428
2007-07-11,7.911419520345388
2007-07-12,3.1085173892095654
2007-07-13,7.504428519767421
2007-07-14,19.966175914110668
2007-07-15,15.58235506950144
2007-07-16,11.475356249747627
2007-07-17,2.4619635473456114
2007-07-18,1.6615659416749875
2007-07-19,0.44744467103961577
2007-07-20,0.35567210588387305
2007-07-21,4.18903801913209
2007-07-22,0.1230411153613866
2007-07-23,10.082376725012171
2007-07-24,1.965142249680883
2007-07-25,0.7599817103333902
2007-07-26,4.702961016462498
2007-07-27,0.12572980166440173
2007-07-28,1.4223082383329153
2007-07-29,0.5999578701203637
2007-07-30,12.077001190099582
2007-07-31,2.354617059447429
2007-08-01,14.346538084758352
2007-08-02,1.253838972149149
2007-08-03,0.3255555671112561
2007-08-04,0.3713156301564451
2007-08-05,0.39365532025708655
2007-08-06,0.5061251282977357
2007-08-07,1.6055198276358145
2007-08-08,3.1389521199293644
2007-08-09,0.9655137195224995
2007-08-10,0.4130069745146758
2007-08-11,0.0014653603435602854
2007-08-12,3.1595698852219187
2007-08-13,1.3257796100132564
2007-08-14,0.8779808260965353
2007-08-15,0.0
2007-08-16,0.25050351180078834
2007-08-17,0.45230432177677116
2007-08-18,4.677308057883268
2007-08-19,0.4743589250563426
2007-08-20,0.47807726662179223
2007-08-21,0.07294848607479677
2007-08-22,0.0004376710036046714
2007-08-23,1.3816427163918656
2007-08-24,1.5041603507871817
2007-08-25,5.66268956627266
2007-08-26,2.8487376838615677
2007-08-27,16.150630710971868
2007-08-28,8.563861828017473
2007-08-29,3.589823985611995
2007-08-30,14.518606549405202
2007-08-31,0.3210898853396621
2007-09-01,15.255043086984788
2007-09-02,5.594908298359128
2007-09-03,7.641575278628589
2007-09-04,0.902909290377942
2007-09-05,0.0025005539561986758
2007-09-06,0.6753120478851935
2007-09-07,0.8135857618107654
2007-09-08,0.020713432045475648
2007-09-09,0.00030731380345833494
2007-09-10,0.01574648399485656
2007-09-11,2.049695601020408
2007-09-12,8.144374558855727
2007-09-13,7.142167263936349
2007-09-14,6.633185233294699
2007-09-15,0.02569824119936614
2007-09-16,0.07039349267971971
2007-09-17,1.6786170931234454
2007-09-18,0.07039349267971971
2007-09-19,0.07039349267971971
2007-09-20,0.07039349267971971
2007-09-21,0.5345825507828315
2007-09-22,10.612456488705273
2007-09-23,15.047707870050843
2007-09-24,6.809288828571604
2007-09-25,0.004291389252489896
2007-09-26,0.0
2007-09-27,1.0804541845353945
2007-09-28,0.3500670773844934
2007-09-29,0.0
2007-09-30,0.0
2007-10-01,0.0
2007-10-02,0.0
2007-10-03,0.7049451122217719
2007-10-04,0.7229561417834505
2007-10-05,0.3745329765530109
2007-10-06,0.17271524452822143
2007-10-07,0.21407057356347597
2007-10-08,0.5148758212762184
2007-10-09,0.7723784243391963
2007-10-10,0.02838758673780184
2007-10-11,0.0
2007-10-12,0.0
2007-10-13,0.0
2007-10-14,0.0
2007-10-15,0.73403453424537
2007-10-16,28.37048243327446
2007-10-17,2.8463086020373622
2007-10-18,12.793212886342513
2007-10-19,7.348967470724748
2007-10-20,0.0
2007-10-21,0.27325432285224965
2007-10-22,56.5752812139273
2007-10-23,27.763386300019416
2007-10-24,1.6867361983195523
2007-10-25,1.7707838077337195
2007-10-26,0.14710178689830228
2007-10-27,0.0
2007-10-28,0.0
2007-10-29,0.0
2007-10-30,0.22986562713058784
2007-10-31,0.0011750563556091125
2007-11-01,0.1559371697045619
2007-11-02,0.1559371697045619
2007-11-03,0.1559371697045619
2007-11-04,0.1559371697045619
2007-11-05,0.1559371697045619
2007-11-06,0.0
2007-11-07,0.0
2007-11-08,0.0
2007-11-09,0.0
2007-11-10,0.96158827649026
2007-11-11,0.0
2007-11-12,0.0
2007-11-13,0.11265139309657571
2007-11-14,0.012305768336777326
2007-11-15,2.5440700567936827
2007-11-16,0.0
2007-11-17,0.0029616827236431578
2007-11-18,1.6509234841858784
2007-11-19,0.012664381074991087
2007-11-20,0.5705054186388064
2007-11-21,8.432955795591331
2007-11-22,7.922635978349409
2007-11-23,0.16240533166186327
2007-11-24,1.8810840890477238
2007-11-25,8.212355198648677
2007-11-26,41.61564460741404
2007-11-27,2.6776843492810643e-06
2007-11-28,0.0
2007-11-29,2.606865260878837e-05
2007-11-30,0.0
2007-12-01,2.6311799520554555e-05
2007-12-02,1.7536965829069386
2007-12-03,1.1506590089268824
2007-12-04,0.0
2007-12-05,0.0
2007-12-06,0.0
2007-12-07,0.09430020208534512
2007-12-08,1.8801262107261174
2007-12-09,0.4538280130364965
2007-12-10,0.00025180675862760587
2007-12-11,0.01572329207675364
2007-12-12,0.06405092320843338
2007-12-13,0.34726563399741345
2007-12-14,0.050955636790550124
2007-12-15,0.6312706832746842
2007-12-16,0.15838029243328916
2007-12-17,0.0
2007-12-18,0.014568471842014435
2007-12-19,0.7367151712526573
2007-12-20,27.66340739712874
2007-12-21,3.2256511668106116
2007-12-22,0.22174580095553711
2007-12-23,23.650642565994634
2007-12-24,0.0
2007-12-25,0.43019189517820755
2007-12-26,0.47156171690906734
2007-12-27,3.830414583676168
2007-12-28,9.286254822822533
2007-12-29,2.8565472340720115
2007-12-30,49.204445701908796
2007-12-31,0.001224151567112607
2008-01-01,0.0
2008-01-02,0.0
2008-01-03,0.0
2008-01-04,0.0
2008-01-05,0.2172451173604602
2008-01-06,0.2295041337540819
2008-01-07,0.4865591170976825
2008-01-08,0.33742916402492384
2008-01-09,5.098069559912685
2008-01-10,9.283266459473857
2008-01-11,26.48982597473292
2008-01-12,0.0
2008-01-13,0.0
2008-01-14,0.0
2008-01-15,0.0
2008-01-16,36.22564005740216
2008-01-17,3.022349843258566
2008-01-18,0.10258210488667915
2008-01-19,38.67246717740726
2008-01-20,0.0
2008-01-21,0.0
2008-01-22,0.30780040446687207
2008-01-23,0.2980795968857758
2008-01-24,5.580659593473078
2008-01-25,0.033499421595906236
2008-01-26,31.824609973850357
2008-01-27,0.46978428520089327
2008-01-28,0.0
2008-01-29,0.2581198947721556
2008-01-30,9.244881087134585
2008-01-31,9.661116831210963
2008-02-01,27.2479080932665
2008-02-02,0.0
2008-02-03,0.0007610553812433671
2008-02-04,0.5373420044043563
2008-02-05,1.369035768950915
2008-02-06,11.884706490435672
2008-02-07,0.0
2008-02-08,0.0
2008-02-09,0.0
2008-02-10,0.0
2008-02-11,0.0
2008-02-12,16.00290806509244
2008-02-13,12.107530880675688
2008-02-14,0.0
2008-02-15,0.18332048672419626
2008-02-16,0.41361501622733476
2008-02-17,21.700721257778763
2008-02-18,0.0023562365577225494
2008-02-19,0.0
2008-02-20,0.0
2008-02-21,17.360294908509815
2008-02-22,5.579129117750163
2008-02-23,0.26066937022928016
2008-02-24,0.006840897695723027
2008-02-25,0.0004982926375210401
2008-02-26,17.84589493274933
2008-02-27,0.0
2008-02-28,0.0
2008-02-29,0.0004302081352542202
2008-03-01,0.31144169932804117
2008-03-02,0.0004229334820797568
2008-03-03,0.628559638862677
2008-03-04,36.222697971129385
2008-03-05,0.0
2008-03-06,0.0
2008-03-07,26.39717127139689
2008-03-08,0.11263492487844279
2008-03-09,0.0
2008-03-10,0.005590560030414642
2008-03-11,6.556201402748848
2008-03-12,0.0059584381729555795
2008-03-13,0.0
2008-03-14,1.246406975083211
2008-03-15,0.3842375635070271
2008-03-16,0.0
2008-03-17,0.039214973248489486
2008-03-18,0.71298674957323
2008-03-19,16.080866702107432
2008-03-20,0.0
2008-03-21,0.06876029541881948
2008-03-22,0.06876029541881948
2008-03-23,0.06876029541881948
2008-03-24,0.06876029541881948
2008-03-25,0.06876029541881948
2008-03-26,1.3087794315786258e-07
2008-03-27,0.08265986373964539
2008-03-28,0.263752465495182
2008-03-29,5.743349267891731
2008-03-30,0.47964851496171307
2008-03-31,0.3284042427070693
2008-04-01,8.072103584341372
2008-04-02,10.879579837560167
2008-04-03,2.194536736230073
2008-04-04,2.984569455240399
2008-04-05,98.0213618806102
2008-04-06,0.0
2008-04-07,0.0
2008-04-08,0.0
2008-04-09,0.0
2008-04-10,0.0
2008-04-11,13.98485061028438
2008-04-12,18.979199184282457
2008-04-13,0.1258766290238441
2008-04-14,0.5773337828803076
2008-04-15,3.097429127457428e-05
2008-04-16,0.0
2008-04-17,0.00011763708910724683
2008-04-18,0.07048710264506956
2008-04-19,12.461546870620172
2008-04-20,0.0
2008-04-21,0.0
2008-04-22,0.0
2008-04-23,0.0
2008-04-24,0.0
2008-04-25,0.0
2008-04-26,1.7748030343916752
2008-04-27,6.3080662331565875
2008-04-28,1.6986993324496071
2008-04-29,0.0
2008-04-30,0.0
2008-05-01,0.05890794719858744
2008-05-02,2.088702140191539
2008-05-03,47.99246159906288
2008-05-04,0.0
2008-05-05,0.0
2008-05-06,0.0
2008-05-07,0.0
2008-05-08,0.009306307821795775
2008-05-09,0.01145246601490291
2008-05-10,0.0007026128292505604
2008-05-11,3.2905205913687436
2008-05-12,0.0
2008-05-13,0.05194228384512331
2008-05-14,0.0004358916300118538
2008-05-15,17.18579680158454
2008-05-16,23.86622938914157
2008-05-17,0.15693011136667867
2008-05-18,1.13348415185032
2008-05-19,0.0
2008-05-20,0.08908060551734931
2008-05-21,0.07967635352387008
2008-05-22,1.785902471205179
2008-05-23,3.1119017350687
2008-05-24,0.28787723846862534
2008-05-25,0.17197131566166668
2008-05-26,1.1237222967904479
2008-05-27,0.06673506989168579
2008-05-28,0.14697941801234246
2008-05-29,0.22786133180541268
2008-05-30,0.005882888587545474
2008-05-31,0.03825989444745164
2008-06-01,0.12626417229400444
2008-06-02,2.413227781612442
2008-06-03,0.0758690363339596
2008-06-04,0.6280756992471108
2008-06-05,0.8942663184523661
2008-06-06,0.13606359034827958
2008-06-07,0.005126643236852469
2008-06-08,0.0027474145120304047
2008-06-09,1.0201912508882527
2008-06-10,10.608865581992346
2008-06-11,6.15525519532033
2008-06-12,4.304482265400688
2008-06-13,9.375913474614212
2008-06-14,5.6351582105956295
2008-06-15,9.899778373707262
2008-06-16,1.3871943165869813
2008-06-17,0.18440164999367656
2008-06-18,0.061476102482591305
2008-06-19,0.0
2008-06-20,1.3379728853717932
2008-06-21,13.527637205914568
2008-06-22,2.2709337541503056
2008-06-23,0.14791408345987012
2008-06-24,0.3414988346183023
2008-06-25,4.857851155622472
2008-06-26,5.344579805105863
2008-06-27,4.763255440531372
2008-06-28,3.2620210800419134
2008-06-29,7.928607384176789
2008-06-30,13.751203437742166
2008-07-01,0.002489090646908378
2008-07-02,0.05942652770070614
2008-07-03,1.323208470139715
2008-07-04,0.6030807826934349
2008-07-05,0.7565479921697683
2008-07-06,3.141306601049389
2008-07-07,12.646781241131848
2008-07-08,6.5582092413441995
2008-07-09,4.006499595077889
2008-07-10,11.002949357126253
2008-07-11,13.358065458764585
2008-07-12,8.35968227103537
2008-07-13,3.9960211047615704
2008-07-14,0.708510173736951
2008-07-15,0.0231749437616858
2008-07-16,0.43150987644196326
2008-07-17,0.13189181946415893
2008-07-18,0.0005802305475656538
2008-07-19,0.05110052750716236
2008-07-20,0.01930245047006296
2008-07-21,1.6741442316973314
2008-07-22,0.8701579852235769
2008-07-23,13.948841770011054
2008-07-24,1.4266630469461763
2008-07-25,3.0101036942219004
2008-07-26,6.459778072543363
2008-07-27,4.482260857060146
2008-07-28,1.9920981607039883
2008-07-29,15.042019581628576
2008-07-30,5.95771467239582
2008-07-31,13.127992551330072
2008-08-01,22.028670659023362
2008-08-02,2.469630105908377
2008-08-03,12.722749822996386
2008-08-04,1.5099336355257034
2008-08-05,0.7911396124631066
2008-08-06,0.10900065901175773
2008-08-07,9.279480536355162
2008-08-08,3.977977320923955
2008-08-09,0.0
2008-08-10,0.3388121632646998
2008-08-11,17.953085794887667
2008-08-12,19.2675235003841
2008-08-13,47.00198928543413
2008-08-14,0.7763155923647533
2008-08-15,0.9459129310515064
2008-08-16,14.623302265405735
2008-08-17,7.767676555782536
2008-08-18,2.049797628134752
2008-08-19,2.5835882966716244
2008-08-20,2.1325508984771906
2008-08-21,0.0021576966150279914
2008-08-22,0.003628212812406362
2008-08-23,0.005177903226087881
2008-08-24,0.08624533547038338
2008-08-25,0.06951877765850159
2008-08-26,1.5798519098380972
2008-08-27,1.7533261352501015
2008-08-28,1.0753862964669627
2008-08-29,0.6122516997464391
2008-08-30,0.3130895176174479
2008-08-31,11.179786715898848
2008-09-01,27.0115314563311
2008-09-02,22.600222650839136
2008-09-03,8.660886406617987
2008-09-04,8.116498111958057
2008-09-05,20.88804430095271
2008-09-06,9.236047784047036
2008-09-07,0.229157370113156
2008-09-08,9.95189928479687
2008-09-09,5.774937656575214
2008-09-10,2.6615685027142946
2008-09-11,0.02112689540998451
2008-09-12,1.7380648342547667
2008-09-13,0.24442188293281675
2008-09-14,0.1798934350922866
2008-09-15,4.269088022573214
2008-09-16,0.002523759982803506
2008-09-17,0.0
2008-09-18,0.005127349085750523
2008-09-19,12.902800931382492
2008-09-20,3.032373350183693
2008-09-21,5.151946579298347
2008-09-22,1.945577179597886
2008-09-23,0.2175591717726149
2008-09-24,0.0
2008-09-25,0.0
2008-09-26,7.70888498905932e-05
2008-09-27,7.70888498905932e-05
2008-09-28,0.016312365786661367
2008-09-29,1.2281181241497259
2008-09-30,0.0023672915491845963
2008-10-01,0.061774616203776465
2008-10-02,0.061774616203776465
2008-10-03,0.08951199133440456
2008-10-04,0.062058992310107114
2008-10-05,0.8228770515501763
2008-10-06,0.7165186107021176
2008-10-07,23.121561158871536
2008-10-08,17.517323325692452
2008-10-09,2.2560168014315903e-06
2008-10-10,0.02507458697762409
2008-10-11,0.08983102788526617
2008-10-12,0.4216474069416277
2008-10-13,0.2447806660288635
2008-10-14,0.008561680497238934
2008-10-15,0.0
2008-10-16,0.0
2008-10-17,0.0
2008-10-18,0.0
2008-10-19,0.0
2008-10-20,0.0
2008-10-21,0.0
2008-10-22,0.014020397122811397
2008-10-23,1.0968530712760105
2008-10-24,3.441437790112459
2008-10-25,0.00019073748253494005
2008-10-26,0.06263293813020246
2008-10-27,0.06263293813020246
2008-10-28,0.06263293813020246
2008-10-29,0.06263293813020246
2008-10-30,0.06263293813020246
2008-10-31,0.06263293813020246
2008-11-01,0.1670946190008602
2008-11-02,0.1670946190008602
2008-11-03,0.1670946190008602
2008-11-04,0.1670946190008602
2008-11-05,0.1670946190008602
2008-11-06,0.0
2008-11-07,2.3273594911458266
2008-11-08,0.0
2008-11-09,0.0
2008-11-10,0.0
2008-11-11,6.446717796547037e-06
2008-11-12,8.362416733159177
2008-11-13,6.517604234276372
2008-11-14,7.297547714790176
2008-11-15,3.7957859576611446
2008-11-16,0.2758762485439504
2008-11-17,0.2758762485439504
2008-11-18,0.2758762485439504
2008-11-19,0.2758762485439504
2008-11-20,0.2758762485439504
2008-11-21,0.0036763954161507057
2008-11-22,0.0
2008-11-23,0.03506938713272566
2008-11-24,3.275632334973165
2008-11-25,3.1901405765398834
2008-11-26,0.0
2008-11-27,0.08544376977882734
2008-11-28,14.83619943947585
2008-11-29,19.896359612403888
2008-11-30,20.555053662771677
2008-12-01,0.10418953369405991
2008-12-02,0.001166519918963485
2008-12-03,0.000518895914797513
2008-12-04,4.951815499116594
2008-12-05,0.08229803689188671
2008-12-06,0.0
2008-12-07,0.0
2008-12-08,0.0
2008-12-09,4.207706423678495
2008-12-10,34.88409016640912
2008-12-11,33.02065809912652
2008-12-12,0.0520975920672965
2008-12-13,0.0
2008-12-14,0.6446971616556952
2008-12-15,4.8196399867783475
2008-12-16,2.8743543432893675
2008-12-17,0.1960839669414195
2008-12-18,0.060785605179860626
2008-12-19,0.07054135686118193
2008-12-20,0.04954478234391151
2008-12-21,0.5160906546973429
2008-12-22,0.0
2008-12-23,0.0
2008-12-24,0.6136026740463966
2008-12-25,0.3147569084556234
2008-12-26,0.08968530829175642
2008-12-27,0.07722864557161375
2008-12-28,0.4960966113667555
2008-12-29,0.20661315295602736
2008-12-30,0.0
2008-12-31,0.0
2009-01-01,0.0
2009-01-02,5.089302744082241
2009-01-03,9.284850078098103
2009-01-04,10.8986488811579
2009-01-05,13.147550881936727
2009-01-06,2.317710843609085
2009-01-07,12.112616740028141
2009-01-08,0.0
2009-01-09,4.584088025737862e-06
2009-01-10,2.866751927014155
2009-01-11,18.18957709147253
2009-01-12,0.0
2009-01-13,4.001888658422329
2009-01-14,0.0
2009-01-15,0.0
2009-01-16,0.0
2009-01-17,0.0004996884656852067
2009-01-18,8.551645094776283
2009-01-19,0.0
2009-01-20,0.0
2009-01-21,0.0
2009-01-22,0.0
2009-01-23,0.0
2009-01-24,0.18767755516847454
2009-01-25,0.05136641118344474
2009-01-26,0.02722471417663849
2009-01-27,0.04666036264706217
2009-01-28,1.8650792284603257
2009-01-29,0.0010482858734484702
2009-01-30,0.0
2009-01-31,0.0
2009-02-01,0.00011647929999475257
2009-02-02,6.330428275457474
2009-02-03,0.0004093982001386073
2009-02-04,0.0
2009-02-05,0.0
2009-02-06,0.0
2009-02-07,0.5029608452146312
2009-02-08,0.006609802736184318
2009-02-09,0.7380662151462513
2009-02-10,0.26456637113695974
2009-02-11,1.0784452416537873
2009-02-12,0.0
2009-02-13,3.8367069788268475
2009-02-14,23.655398221166998
2009-02-15,3.496000564222499
2009-02-16,0.0
2009-02-17,0.8235554790344133
2009-02-18,2.4965479717824848
2009-02-19,1.7086829587903065
2009-02-20,0.0
2009-02-21,0.0
2009-02-22,0.9152213102739347
2009-02-23,0.0
2009-02-24,0.0
2009-02-25,0.19710822939833167
2009-02-26,0.569430952612575
2009-02-27,4.046419474543434
2009-02-28,13.93927238966459
2009-03-01,0.0
2009-03-02,0.0
2009-03-03,0.0
2009-03-04,0.0
2009-03-05,0.0
2009-03-06,0.0
2009-03-07,0.0
2009-03-08,0.002637879670664631
2009-03-09,4.8769607177276414e-05
2009-03-10,5.660979937236069e-05
2009-03-11,0.052254350104223996
2009-03-12,0.013933920127776006
2009-03-13,0.025295058599336194
2009-03-14,11.269863887976234
2009-03-15,26.524352912841927
2009-03-16,19.357341546460564
2009-03-17,0.14573736997182482
2009-03-18,0.0
2009-03-19,0.0
2009-03-20,0.0
2009-03-21,0.0
2009-03-22,0.0
2009-03-23,0.00652166419588917
2009-03-24,2.4011291445805005
2009-03-25,21.352632072844052
2009-03-26,36.091226440067864
2009-03-27,132.47061106836935
2009-03-28,53.67738007840374
2009-03-29,0.0
2009-03-30,0.0
2009-03-31,22.326191314490345
2009-04-01,4.080079017584238
2009-04-02,23.960796315699003
2009-04-03,0.02359190488068274
2009-04-04,0.0
2009-04-05,5.539254358261448
2009-04-06,0.0
2009-04-07,0.0
2009-04-08,0.0
2009-04-09,0.0
2009-04-10,0.0
2009-04-11,0.08113784854258052
2009-04-12,1.189327718036482
2009-04-13,81.41833774587695
2009-04-14,5.800499421393823
2009-04-15,0.0
2009-04-16,0.0
2009-04-17,0.16706513482126156
2009-04-18,0.18806152217136143
2009-04-19,12.191190579081201
2009-04-20,3.4812724023776105
2009-04-21,0.0
2009-04-22,0.0
2009-04-23,0.0
2009-04-24,0.0
2009-04-25,0.0
2009-04-26,0.00954997029842162
2009-04-27,0.12889040935944066
2009-04-28,0.004591937051541332
2009-04-29,0.018524977104004445
2009-04-30,0.019595909549682353
2009-05-01,1.7064694078823974
2009-05-02,1.4104043279168077
2009-05-03,0.25368274254011397
2009-05-04,63.407030076744626
2009-05-05,30.51024796289014
2009-05-06,7.124388640984754
2009-05-07,8.652377136000007
2009-05-08,0.2556509750635967
2009-05-09,0.01668024041601303
2009-05-10,1.3454502024278787
2009-05-11,4.802700660944245
2009-05-12,8.294293002880051
2009-05-13,6.05039261807135
2009-05-14,2.6550960376356985
2009-05-15,5.234755160773461
2009-05-16,4.824673459687625
2009-05-17,5.218203254295473
2009-05-18,0.1156800965005587
2009-05-19,0.0
2009-05-20,0.0935050952982129
2009-05-21,0.6033192232810045
2009-05-22,7.223231004805275
2009-05-23,43.84935345643199
2009-05-24,17.772157075743664
2009-05-25,8.214797312400552
2009-05-26,12.85289257551598
2009-05-27,7.869426487910086
2009-05-28,4.764362670320528
2009-05-29,0.6785000721271305
2009-05-30,0.0012873064626342816
2009-05-31,0.0
2009-06-01,0.23078523401046763
2009-06-02,0.0094753849222008
2009-06-03,3.617721478629964
2009-06-04,20.862268908048634
2009-06-05,11.211406055381145
2009-06-06,0.0
2009-06-07,0.0
2009-06-08,0.0
2009-06-09,0.504716309681991
2009-06-10,0.015051480053924274
2009-06-11,0.009777625207443423
2009-06-12,0.09906055409307882
2009-06-13,0.02584047965602259
2009-06-14,1.0517933472062022
2009-06-15,0.044242051829205306
2009-06-16,0.0006809432257119345
2009-06-17,0.0
2009-06-18,0.009239047095305
2009-06-19,0.03163178142315385
2009-06-20,0.048242662914706406
2009-06-21,0.17070358165190333
2009-06-22,0.0438354642388743
2009-06-23,0.05334589152463308
2009-06-24,0.02036266980392332
2009-06-25,3.2922869382302826
2009-06-26,0.42676357363850576
2009-06-27,0.19391881704822703
2009-06-28,0.3223884686406117
2009-06-29,7.200370560985632
2009-06-30,0.6182484832750729
2009-07-01,3.0725571801843757e-05
2009-07-02,0.44297372888532777
2009-07-03,0.000224731727951964
2009-07-04,0.7540890412615155
2009-07-05,0.03489302205120974
2009-07-06,13.112151581362925
2009-07-07,3.2866664303577653
2009-07-08,1.3913579816605222
2009-07-09,0.1852855301421662
2009-07-10,0.08439731652330926
2009-07-11,0.4011061633801594
2009-07-12,6.969897123923189
2009-07-13,9.63926761309559
2009-07-14,15.11740512057825
2009-07-15,3.2589536806000905
2009-07-16,6.360822487631785
2009-07-17,9.202678647591647
2009-07-18,0.27400226207980183
2009-07-19,9.285105832459622e-05
2009-07-20,7.50718546852409e-06
2009-07-21,0.04727670678361276
2009-07-22,1.4163343736712355
2009-07-23,1.8554678093278174
2009-07-24,0.01575881216970365
2009-07-25,0.3569160208198482
2009-07-26,6.349659218046338
2009-07-27,8.177159404600136
2009-07-28,16.179412590310665
2009-07-29,4.2321130028655
2009-07-30,8.695620444006968
2009-07-31,16.145612536894447
2009-08-01,13.617859675121732
2009-08-02,10.924570867879865
2009-08-03,2.983357949588517
2009-08-04,1.3271224121055618
2009-08-05,2.0097766969259117
2009-08-06,0.46604810053694673
2009-08-07,0.33114399731858163
2009-08-08,4.277637607376107
2009-08-09,10.85759311181904
2009-08-10,1.1890264795633714
2009-08-11,5.962880841660672
2009-08-12,1.6842548569673934
2009-08-13,0.3091655582538724
2009-08-14,0.3000021290281228
2009-08-15,0.7935821667738712
2009-08-16,2.195680121240487
2009-08-17,4.021526066420108
2009-08-18,11.988818425182568
2009-08-19,8.737700994762744
2009-08-20,11.529854826673263
2009-08-21,37.80962986326368
2009-08-22,0.3270978823140705
2009-08-23,0.0
2009-08-24,0.0
2009-08-25,0.22751441617873555
2009-08-26,0.0008078772265386942
2009-08-27,6.464549565393275
2009-08-28,0.7353112961287319
2009-08-29,0.29570252946958475
2009-08-30,17.059976423209637
2009-08-31,1.118880610522128
2009-09-01,0.19281896008314273
2009-09-02,0.871036333683607
2009-09-03,0.7619780249772371
2009-09-04,8.266217594500286
2009-09-05,4.470842805227083
2009-09-06,18.396606302700064
2009-09-07,6.402126188055042
2009-09-08,6.76852239014186
2009-09-09,0.15934803369856396
2009-09-10,1.1578634303380724
2009-09-11,4.723171189052183
2009-09-12,13.933733635667359
2009-09-13,22.73078274202807
2009-09-14,28.848143506526018
2009-09-15,8.331236635402409
2009-09-16,14.35038482343118
2009-09-17,8.857883647259087
2009-09-18,11.139841084750705
2009-09-19,9.478446346028852
2009-09-20,2.7699078172327827
2009-09-21,15.636109495995452
2009-09-22,20.025108265821938
2009-09-23,2.366503383312323
2009-09-24,0.14565095696159933
2009-09-25,5.593508870871455
2009-09-26,9.466238927145714
2009-09-27,0.009276142891979193
2009-09-28,0.5136669927357844
2009-09-29,0.029617751715264717
2009-09-30,0.0
2009-10-01,0.0
2009-10-02,12.838332137465914
2009-10-03,0.11249834964135293
2009-10-04,7.345751103831578
2009-10-05,8.367133849158407
2009-10-06,0.9090142627427442
2009-10-07,1.817668644187805
2009-10-08,0.8133301434534854
2009-10-09,1.3088747793264455
2009-10-10,5.782141459483881
2009-10-11,1.325493131042301
2009-10-12,7.0559614544679
2009-10-13,6.800318114221065
2009-10-14,16.472890675212586
2009-10-15,1.7530937956042858
2009-10-16,21.780856480160836
2009-10-17,0.005832493801147576
2009-10-18,0.0
2009-10-19,0.0
2009-10-20,0.0
2009-10-21,0.0
2009-10-22,0.44798428775342275
2009-10-23,10.943994549331874
2009-10-24,0.0
2009-10-25,0.0
2009-10-26,0.4288640871957307
2009-10-27,11.587203292544743
2009-10-28,0.00160464352505748
2009-10-29,1.1966892331489272
2009-10-30,1.2331952340765124
2009-10-31,6.182966150212167
2009-11-01,0.39708352139504816
2009-11-02,0.39708352139504816
2009-11-03,0.39708352139504816
2009-11-04,0.39708352139504816
2009-11-05,0.39708352139504816
2009-11-06,0.0
2009-11-07,0.0
2009-11-08,0.0
2009-11-09,11.133393413430024
2009-11-10,66.37357769426234
2009-11-11,2.847875995225799
2009-11-12,0.1919629500423317
2009-11-13,0.1919629500423317
2009-11-14,0.1919629500423317
2009-11-15,0.1919629500423317
2009-11-16,0.0010665100267587592
2009-11-17,2.382821593506773
2009-11-18,0.0
2009-11-19,0.0
2009-11-20,0.0
2009-11-21,1.9933121405947725
2009-11-22,11.678231918474314
2009-11-23,0.21970906065227505
2009-11-24,0.04024453045847656
2009-11-25,0.00022497947799574524
2009-11-26,0.0
2009-11-27,0.0
2009-11-28,0.10181179197957228
2009-11-29,0.18061956832369755
2009-11-30,6.920294119429369
2009-12-01,9.253659325225298
2009-12-02,59.58179806313223
2009-12-03,0.01578648308421788
2009-12-04,0.0021175233260988663
2009-12-05,7.335568776786158
2009-12-06,0.0
2009-12-07,4.4275131521150355
2009-12-08,40.81910025775667
2009-12-09,7.171898140015189
2009-12-10,0.0
2009-12-11,0.0004490828676618545
2009-12-12,84.88744267337178
2009-12-13,60.18639653854583
2009-12-14,8.179270471056364
2009-12-15,69.32542482878834
2009-12-16,0.09740378825449164
2009-12-17,0.10309506436962479
2009-12-18,56.47918260396474
2009-12-19,3.159905959654473e-06
2009-12-20,0.00011093538345252953
2009-12-21,0.0
2009-12-22,0.0005804222056391163
2009-12-23,0.015215878691574307
2009-12-24,19.864864474208897
2009-12-25,10.811048434744771
2009-12-26,0.0
2009-12-27,0.021338447669869216
2009-12-28,0.0002880841130490625
2009-12-29,0.0
2009-12-30,8.52834444126214
2009-12-31,5.667815635460921
2010-01-01,0.397610857792214
2010-01-02,0.0
2010-01-03,0.0
2010-01-04,0.0
2010-01-05,0.0
2010-01-06,0.0
2010-01-07,7.996036033560968
2010-01-08,4.557676329721651
2010-01-09,0.0
2010-01-10,0.0
2010-01-11,0.28111579837500034
2010-01-12,0.28111579837500034
2010-01-13,0.28111579837500034
2010-01-14,1.2581132313311973
2010-01-15,6.139659456160969
2010-01-16,64.04475291426674
2010-01-17,2.7091930766885226
2010-01-18,0.001809451217234145
2010-01-19,1.3529390813149946e-07
2010-01-20,10.960448926191791
2010-01-21,43.27064359698003
2010-01-22,0.0
2010-01-23,0.027730632786889906
2010-01-24,27.813881973061218
2010-01-25,0.00029708987334725405
2010-01-26,0.0
2010-01-27,0.0
2010-01-28,0.0
2010-01-29,18.520531868283935
2010-01-30,18.287817386280306
2010-01-31,0.0
2010-02-01,0.0006136729690364432
2010-02-02,2.510198168593568
2010-02-03,0.0064515473439116485
2010-02-04,25.693781249784763
2010-02-05,72.06839904154187
2010-02-06,0.03828085374054441
2010-02-07,0.0
2010-02-08,2.6907496118429926e-05
2010-02-09,7.114491914637003
2010-02-10,0.0
2010-02-11,0.0013720716399193292
2010-02-12,31.731408818929904
2010-02-13,0.0016907817939902409
2010-02-14,0.0007700992387926099
2010-02-15,6.119184772260328
2010-02-16,0.4588086862148271
2010-02-17,0.4588086862148271
2010-02-18,0.4588086862148271
2010-02-19,0.4588086862148271
2010-02-20,0.4588086862148271
2010-02-21,0.15070342440169435
2010-02-22,27.29683431773551
2010-02-23,0.03787877517857471
2010-02-24,5.401541202679338
2010-02-25,0.0
2010-02-26,0.0
2010-02-27,13.997790446306153
2010-02-28,0.0
2010-03-01,8.683910452385666
2010-03-02,35.13886065257099
2010-03-03,3.091631481886747e-05
2010-03-04,0.0
2010-03-05,0.0
2010-03-06,0.0
2010-03-07,0.0
2010-03-08,0.0
2010-03-09,4.929423284455121
2010-03-10,7.30392120711869
2010-03-11,8.401653280409432
2010-03-12,0.34055385281388956
2010-03-13,0.000602741619041579
2010-03-14,0.0
2010-03-15,0.0
2010-03-16,0.0
2010-03-17,7.025637634238131
2010-03-18,0.7769733460873582
2010-03-19,0.0
2010-03-20,1.108061202332758
2010-03-21,23.12506055537271
2010-03-22,0.0016154577571423111
2010-03-23,0.0
2010-03-24,0.0
2010-03-25,2.324795475347235
2010-03-26,0.2905909704406103
2010-03-27,0.004165209621831912
2010-03-28,0.8574621513625177
2010-03-29,0.0
2010-03-30,0.0
2010-03-31,0.0
2010-04-01,0.0
2010-04-02,0.0
2010-04-03,6.449568322200842
2010-04-04,0.015659649197300854
2010-04-05,0.0017484284597970047
2010-04-06,0.000148258322713385
2010-04-07,0.5180609561988531
2010-04-08,14.713619540265999
2010-04-09,0.0
2010-04-10,0.0
2010-04-11,0.0
2010-04-12,0.0
2010-04-13,0.0
2010-04-14,0.21452463171968406
2010-04-15,0.002528786849457543
2010-04-16,0.003759265648444491
2010-04-17,0.02101767558183491
2010-04-18,0.08200044769558867
2010-04-19,0.166364286796856
2010-04-20,3.5033225256057987
2010-04-21,0.0
2010-04-22,0.0
2010-04-23,3.324819739091081
2010-04-24,22.617201909431497
2010-04-25,0.08091015092023271
2010-04-26,0.0
2010-04-27,0.015086734795332318
2010-04-28,0.0
2010-04-29,0.0
2010-04-30,0.23460480715521478
2010-05-01,4.99178523556296
2010-05-02,15.245676629913524
2010-05-03,78.45081763910882
2010-05-04,0.5096454254682808
2010-05-05,0.007394912357615353
2010-05-06,0.0
2010-05-07,0.00023790679848123702
2010-05-08,0.09251150353973946
2010-05-09,0.004219090316711342
2010-05-10,0.0044528256040639955
2010-05-11,0.6408480493950416
2010-05-12,0.21553638970731695
2010-05-13,0.002109356292134988
2010-05-14,0.008739366548472707
2010-05-15,1.9233706347602835
2010-05-16,40.51019428264478
2010-05-17,2.4979344008173947
2010-05-18,9.629057447136436
2010-05-19,8.012488679564678
2010-05-20,4.004410315200082
2010-05-21,9.832785151209334
2010-05-22,0.43086820257217323
2010-05-23,0.006595760754465384
2010-05-24,0.13666031281631946
2010-05-25,7.826743971992784
2010-05-26,2.753771871014907
2010-05-27,0.0203222520541674
2010-05-28,0.3275423582200478
2010-05-29,2.279127933065557
2010-05-30,5.077346952436485
2010-05-31,5.162860088893604
2010-06-01,7.668895373317357
2010-06-02,4.504739530818788
2010-06-03,4.935143402487409
2010-06-04,2.6676609627142525
2010-06-05,6.180837785678421
2010-06-06,6.86256774747887
2010-06-07,0.16661991332745704
2010-06-08,0.013408173452024384
2010-06-09,0.0006590520893410712
2010-06-10,0.07093680272508093
2010-06-11,0.008609003504447335
2010-06-12,0.0018064076670550175
2010-06-13,0.02111543226414457
2010-06-14,1.1237985606838963
2010-06-15,3.7907548188196016
2010-06-16,2.392686813972749
2010-06-17,0.4707387827904326
2010-06-18,4.109248202802784
2010-06-19,12.630930275917708
2010-06-20,0.2238629153578717
2010-06-21,0.558444001890415
2010-06-22,4.832112750818439
2010-06-23,0.46386618555505377
2010-06-24,0.13071695700728142
2010-06-25,0.0029897987058029457
2010-06-26,0.23386353720386113
2010-06-27,0.6818775481621582
2010-06-28,11.388271601733269
2010-06-29,4.660641203652158
2010-06-30,4.951352190491128
2010-07-01,4.874366393957909
2010-07-02,1.050092036008516
2010-07-03,0.20083689212143763
2010-07-04,0.14555053957768344
2010-07-05,3.5411503072656676
2010-07-06,8.4697137437883
2010-07-07,0.8408837405547841
2010-07-08,0.04987228731053541
2010-07-09,0.4751084872216744
2010-07-10,0.9713340271043788
2010-07-11,7.40824724213838
2010-07-12,0.030984349590386602
2010-07-13,0.3832763630942586
2010-07-14,0.011398253197845695
2010-07-15,1.7870503796031085
2010-07-16,37.233755507760584
2010-07-17,14.424101478632247
2010-07-18,15.667195066681947
2010-07-19,0.9716832981746455
2010-07-20,3.5134150538095295
2010-07-21,0.11892890376948662
2010-07-22,0.0
2010-07-23,0.01784794409302423
2010-07-24,9.689594417891588
2010-07-25,8.692200332782129
2010-07-26,3.994762524083532
2010-07-27,3.724673227131383
2010-07-28,0.15878521784673888
2010-07-29,1.3559781130628297
2010-07-30,1.144165700498697
2010-07-31,0.4753120710209974
2010-08-01,0.04221868605024211
2010-08-02,4.352924021634368
2010-08-03,5.243897109663266
2010-08-04,5.143137541634516
2010-08-05,8.72198877941754
2010-08-06,2.5140822691869564
2010-08-07,4.028787518308827
2010-08-08,9.711016765585022
2010-08-09,1.6426147898107328
2010-08-10,0.07570560707496302
2010-08-11,0.022187646884985063
2010-08-12,5.852695139939528
2010-08-13,14.170929674213603
2010-08-14,17.502638506706052
2010-08-15,4.983890039151459
2010-08-16,9.593050615579394
2010-08-17,7.754739400757108
2010-08-18,9.86091841549905
2010-08-19,12.337108964972343
2010-08-20,8.101455502431195
2010-08-21,7.172152069327747
2010-08-22,9.54546236822279
2010-08-23,1.033048450288684
2010-08-24,0.11132049618810114
2010-08-25,0.0
2010-08-26,0.023790308655459263
2010-08-27,7.0796969499351325
2010-08-28,7.479608749205137
2010-08-29,9.62999655810754
2010-08-30,2.2722679882354204
2010-08-31,0.12627375730204457
2010-09-01,0.36223713512515066
2010-09-02,0.06931019018099838
2010-09-03,0.05434703927673111
2010-09-04,0.03634395513803016
2010-09-05,0.021001745561982393
2010-09-06,0.12265086358569773
2010-09-07,0.11929273281166641
2010-09-08,0.005989402210795653
2010-09-09,0.058065930596254936
2010-09-10,0.2746187746959827
2010-09-11,2.5896236054621617
2010-09-12,0.1272733227093608
2010-09-13,0.0
2010-09-14,0.0
2010-09-15,0.24117545840210378
2010-09-16,0.0009767472591952504
2010-09-17,0.7145568360747341
2010-09-18,1.1130605439272263
2010-09-19,0.7057563318610846
2010-09-20,0.07684493962478277
2010-09-21,0.15266605788744947
2010-09-22,1.788409696022605
2010-09-23,0.0003206054416094086
2010-09-24,1.084706803675065
2010-09-25,3.1881867106915185
2010-09-26,21.701700257182164
2010-09-27,2.5415065179859475
2010-09-28,0.0
2010-09-29,0.0
2010-09-30,0.0
2010-10-01,0.31919532252275684
2010-10-02,0.31919532252275684
2010-10-03,0.31919532252275684
2010-10-04,0.31919532252275684
2010-10-05,0.31919532252275684
2010-10-06,0.3262115916990012
2010-10-07,0.3262115916990012
2010-10-08,0.3262115916990012
2010-10-09,0.3262115916990012
2010-10-10,0.3262115916990012
2010-10-11,0.0
2010-10-12,0.9687119116037575
2010-10-13,0.7591880563566403
2010-10-14,0.0
2010-10-15,0.0
2010-10-16,0.0
2010-10-17,0.0
2010-10-18,0.0
2010-10-19,0.0
2010-10-20,0.009906510248588265
2010-10-21,0.0
2010-10-22,0.0
2010-10-23,0.0001468161508931853
2010-10-24,0.4401252658051491
2010-10-25,0.8065459121140035
2010-10-26,2.769853123047677
2010-10-27,11.607641882887837
2010-10-28,15.839159286749105
2010-10-29,0.0
2010-10-30,0.0
2010-10-31,0.013872568295475679
2010-11-01,0.00199496893123178
2010-11-02,5.081236751830534
2010-11-03,34.15449960139365
2010-11-04,2.341007421321116
2010-11-05,0.0
2010-11-06,0.23038825173137423
2010-11-07,0.23038825173137423
2010-11-08,0.23038825173137423
2010-11-09,0.23038825173137423
2010-11-10,0.23038825173137423
2010-11-11,0.0
2010-11-12,0.0
2010-11-13,0.0
2010-11-14,1.6283158069391266
2010-11-15,11.060162200111698
2010-11-16,22.816238061010953
2010-11-17,0.021428868937002316
2010-11-18,0.9579784991467423
2010-11-19,0.08678279600979905
2010-11-20,0.07152010841724298
2010-11-21,0.00029335473298603814
2010-11-22,3.0002636641856126
2010-11-23,1.40326341325563
2010-11-24,0.4135357921220826
2010-11-25,3.0350945349859466
2010-11-26,5.347162638395456
2010-11-27,0.05986496532291077
2010-11-28,0.0
2010-11-29,0.40177482969056194
2010-11-30,13.672999769665504
2010-12-01,0.32993433436879066
2010-12-02,0.0
2010-12-03,0.0
2010-12-04,0.17679687832462573
2010-12-05,7.063210789873039
2010-12-06,0.0
2010-12-07,0.0
2010-12-08,3.5415938370959945
2010-12-09,0.0
2010-12-10,0.0
2010-12-11,0.02028065127553829
2010-12-12,17.377904501154376
2010-12-13,0.0
2010-12-14,0.0
2010-12-15,0.0
2010-12-16,0.2327106084762422
2010-12-17,0.019130360170872693
2010-12-18,0.10879123660889763
2010-12-19,0.0
2010-12-20,0.0
2010-12-21,0.004175013456640295
2010-12-22,0.12087451136491842
2010-12-23,0.0
2010-12-24,0.0
2010-12-25,2.963994810397831
2010-12-26,0.143214693103702
2010-12-27,0.0
2010-12-28,0.0
2010-12-29,0.09834495909256491
2010-12-30,14.608645139574996
2010-12-31,8.08023713164986
2011-01-01,20.78138253788445
2011-01-02,0.0001425477461308785
2011-01-03,0.0
2011-01-04,0.004196198515248335
2011-01-05,7.374807535241149
2011-01-06,0.18898072574281305
2011-01-07,0.0
2011-01-08,0.0
2011-01-09,2.7288322359639876
2011-01-10,15.952438878641443
2011-01-11,1.7958452162523757
2011-01-12,0.0
2011-01-13,0.0
2011-01-14,0.0
2011-01-15,0.0
2011-01-16,4.340761848383875e-05
2011-01-17,0.12509981850089516
2011-01-18,2.267644037311158
2011-01-19,27.979753862979035
2011-01-20,0.10281948461840026
2011-01-21,1.6018330444007762
2011-01-22,0.0
2011-01-23,0.0
2011-01-24,0.0570207355296941
2011-01-25,10.136446893277487
2011-01-26,0.10708207726853566
2011-01-27,0.0
2011-01-28,0.0
2011-01-29,0.0
2011-01-30,1.840338233384033
2011-01-31,15.061182749722656
2011-02-01,41.3613191055529
2011-02-02,4.133442511501589
2011-02-03,4.015690568815805
2011-02-04,43.130986273397056
2011-02-05,0.7012969787457535
2011-02-06,0.0
2011-02-07,0.9655556175774478
2011-02-08,0.0
2011-02-09,0.03544180274626872
2011-02-10,3.7389749492062503
2011-02-11,0.008079499332245181
2011-02-12,0.008079499332245181
2011-02-13,0.008079499332245181
2011-02-14,0.008079499332245181
2011-02-15,0.008079499332245181
2011-02-16,0.06313182389171013
2011-02-17,0.0
2011-02-18,0.2221330737713582
2011-02-19,0.5334128317840687
2011-02-20,0.49012237642083395
2011-02-21,0.05496373620256933
2011-02-22,0.30966398695882147
2011-02-23,4.8228109307233105e-06
2011-02-24,0.5161778332748018
2011-02-25,1.4114712724514489
2011-02-26,8.471468834413089e-06
2011-02-27,0.3682448424019374
2011-02-28,1.6190549034226882
2011-03-01,2.245664489946762
2011-03-02,0.0
2011-03-03,0.12866530560727946
2011-03-04,3.9196376995794746
2011-03-05,34.461094644006984
2011-03-06,29.639112404927737
2011-03-07,0.0
2011-03-08,1.6060582648439383
2011-03-09,82.60620489717468
2011-03-10,0.030786825413582367
2011-03-11,0.0
2011-03-12,0.0
2011-03-13,0.04706957951485179
2011-03-14,0.2888485950593191
2011-03-15,6.668041714474469
2011-03-16,0.06180734819552157
2011-03-17,0.06180734819552157
2011-03-18,0.7812559436374873
2011-03-19,0.766160695622747
2011-03-20,0.06180734819552157
2011-03-21,0.0014730507644567742
2011-03-22,0.12415107998250839
2011-03-23,0.1882899660204373
2011-03-24,0.0
2011-03-25,0.0
2011-03-26,0.811595869033777
2011-03-27,21.44297254303599
2011-03-28,1.182822713198816
2011-03-29,0.29723058870125585
2011-03-30,27.582836434621665
2011-03-31,0.9719395079231761
2011-04-01,0.03746003303422617
2011-04-02,0.03327910582803419
2011-04-03,0.0
2011-04-04,0.09758349857875538
2011-04-05,18.49114495643322
2011-04-06,0.0
2011-04-07,0.0
2011-04-08,0.0
2011-04-09,0.0
2011-04-10,0.0
2011-04-11,0.25061739257053006
2011-04-12,2.7898789367076473
2011-04-13,0.0
2011-04-14,0.0
2011-04-15,5.7654102174649084
2011-04-16,10.399474864293913
2011-04-17,0.0
2011-04-18,1.2970419939002921e-05
2011-04-19,0.3819852281592271
2011-04-20,1.5612557028191316
2011-04-21,0.5343059219607321
2011-04-22,0.7455339792566906
2011-04-23,2.490594670672221
2011-04-24,0.03163645426857925
2011-04-25,1.5340247538187595
2011-04-26,1.4079223470715336
2011-04-27,5.30971180983619
2011-04-28,8.744402555223699
2011-04-29,0.0
2011-04-30,0.0
2011-05-01,0.0
2011-05-02,0.0
2011-05-03,0.0
2011-05-04,0.0
2011-05-05,0.0
2011-05-06,0.0
2011-05-07,0.0
2011-05-08,0.0
2011-05-09,0.0
2011-05-10,0.0
2011-05-11,0.013050507729660871
2011-05-12,4.636944118556757e-05
2011-05-13,6.4213993172507875
2011-05-14,0.3869594269727639
2011-05-15,0.0008065512042352342
2011-05-16,0.18498873092583937
2011-05-17,0.0032701353862503385
2011-05-18,0.0
2011-05-19,0.0
2011-05-20,0.2021423660515623
2011-05-21,0.043047135551192356
2011-05-22,0.027295043881120886
2011-05-23,0.024842569850361207
2011-05-24,0.010327351802250811
2011-05-25,0.043638786251069164
2011-05-26,13.238812376372113
2011-05-27,7.971413377470154
2011-05-28,0.443778278268488
2011-05-29,0.0011080894481316638
2011-05-30,0.7048937919418813
2011-05-31,0.0013985191114237747
2011-06-01,0.009815924012564373
2011-06-02,1.5989711338143437
2011-06-03,1.136646634692058
2011-06-04,1.0501141858770906
2011-06-05,2.411132129832588
2011-06-06,4.496901810977754
2011-06-07,6.266547016894044
2011-06-08,13.926322123168836
2011-06-09,0.03645224657162673
2011-06-10,0.6338904839065207
2011-06-11,2.956655428539059
2011-06-12,3.2774499042837837
2011-06-13,0.09196878822984009
2011-06-14,0.8096111161545605
2011-06-15,1.0042872235500673
2011-06-16,1.6144939751494207
2011-06-17,8.2702618476285
2011-06-18,0.7327121489495928
2011-06-19,1.1333939239054291
2011-06-20,2.6477479060666864
2011-06-21,8.848868950038833
2011-06-22,7.132886086557447
2011-06-23,26.63928987447256
2011-06-24,0.7871375291008451
2011-06-25,3.550873579088789
2011-06-26,0.07572690888894526
2011-06-27,1.7115812126661611
2011-06-28,2.172528848301358
2011-06-29,0.18541592418517275
2011-06-30,0.011224958030088862
2011-07-01,0.1283322614189961
2011-07-02,2.1006673661863373
2011-07-03,7.737387801964574
2011-07-04,0.15206844703041644
2011-07-05,5.278159178749953
2011-07-06,4.286689174253784
2011-07-07,5.318277516280585
2011-07-08,6.0431919618910035
2011-07-09,3.1930141998270445
2011-07-10,1.9459913381489573
2011-07-11,6.698746088163585
2011-07-12,9.300562732613518
2011-07-13,3.274369178914491
2011-07-14,24.67255118635809
2011-07-15,25.226185065740196
2011-07-16,21.14172701450215
2011-07-17,16.610888018152203
2011-07-18,1.135481848068066
2011-07-19,0.16420194531376545
2011-07-20,0.1521143062395009
2011-07-21,0.37727387727034917
2011-07-22,3.554056991272938
2011-07-23,8.685809210992733
2011-07-24,21.652282368291683
2011-07-25,13.933038508453803
2011-07-26,16.955327288460147
2011-07-27,9.950234649471776
2011-07-28,16.54660973444589
2011-07-29,4.477230730542912
2011-07-30,0.10519908819346291
2011-07-31,4.542976684685475
2011-08-01,5.815904834832612
2011-08-02,0.6777865567342721
2011-08-03,0.14044520927253756
2011-08-04,1.6728457391497857
2011-08-05,24.48682161086827
2011-08-06,1.419910554883722
2011-08-07,3.2928731805264957
2011-08-08,1.3545690891056257
2011-08-09,1.8827795371724023
2011-08-10,2.354192198037742
2011-08-11,0.31050173901773714
2011-08-12,0.17557034351155673
2011-08-13,1.1732552932725013
2011-08-14,0.5276079697459567
2011-08-15,0.020007094098122936
2011-08-16,0.0
2011-08-17,0.5002563938445287
2011-08-18,0.02253364086721188
2011-08-19,0.4633057014881151
2011-08-20,0.7398292532291729
2011-08-21,6.012920728854219
2011-08-22,6.201248411524129
2011-08-23,1.57014542210087
2011-08-24,3.851926959143524
2011-08-25,1.2165161400114877
2011-08-26,0.0
2011-08-27,0.0
2011-08-28,0.0
2011-08-29,0.0
2011-08-30,0.0
2011-08-31,0.0024785347607672414
2011-09-01,1.4683731302340464
2011-09-02,2.5285634774268586
2011-09-03,92.1591014365321
2011-09-04,48.96515496427936
2011-09-05,21.04652010568912
2011-09-06,0.03658028833890645
2011-09-07,9.365611743367005e-05
2011-09-08,2.041813219223627
2011-09-09,9.365611743367005e-05
2011-09-10,9.365611743367005e-05
2011-09-11,0.00023895903762996323
2011-09-12,0.006770635168109923
2011-09-13,0.0
2011-09-14,0.006176068419509347
2011-09-15,1.6074721829722278
2011-09-16,0.0
2011-09-17,0.3440062763214907
2011-09-18,3.5247035201057724
2011-09-19,20.743450880407295
2011-09-20,41.796205575756005
2011-09-21,7.43177457834379
2011-09-22,7.054832375332977
2011-09-23,8.504841687712004
2011-09-24,0.36982929800178926
2011-09-25,0.14530673343815018
2011-09-26,0.10858581370302191
2011-09-27,0.30938870638643523
2011-09-28,37.20808353558568
2011-09-29,0.09124483866803154
2011-09-30,0.0
2011-10-01,0.25996363182404997
2011-10-02,0.25996363182404997
2011-10-03,0.25996363182404997
2011-10-04,0.25996363182404997
2011-10-05,0.25996363182404997
2011-10-06,0.0
2011-10-07,0.07824627476058142
2011-10-08,0.4051503776926835
2011-10-09,0.5144620312828005
2011-10-10,0.3250066117003611
2011-10-11,0.39809047355805427
2011-10-12,0.5275775762978389
2011-10-13,2.0940936448985537
2011-10-14,0.0
2011-10-15,0.0
2011-10-16,0.0
2011-10-17,0.0
2011-10-18,0.0
2011-10-19,0.0
2011-10-20,0.0
2011-10-21,0.0
2011-10-22,0.0
2011-10-23,0.0
2011-10-24,0.10399553970780023
2011-10-25,0.0
2011-10-26,0.0
2011-10-27,0.005338311723377362
2011-10-28,0.0761594642715441
2011-10-29,0.3575494788043833
2011-10-30,0.0
2011-10-31,0.0
2011-11-01,0.0
2011-11-02,0.0006509235307913918
2011-11-03,2.0432522740642
2011-11-04,0.0
2011-11-05,0.0
2011-11-06,0.0
2011-11-07,0.008921479551289595
2011-11-08,0.17287483214204352
2011-11-09,11.064370432859981
2011-11-10,0.8447985237799674
2011-11-11,0.0
2011-11-12,0.0
2011-11-13,0.40587076602891087
2011-11-14,4.905447976949577
2011-11-15,6.330579648368228
2011-11-16,9.07662944079779
2011-11-17,0.2816051606096275
2011-11-18,0.0
2011-11-19,1.6988598860223139
2011-11-20,0.68256059802938
2011-11-21,0.188536205311077
2011-11-22,2.4296133880936446
2011-11-23,8.808188213305606
2011-11-24,0.0
2011-11-25,0.009081404598527057
2011-11-26,0.039428916599873534
2011-11-27,17.149382455678353
2011-11-28,1.0291533780181061
2011-11-29,0.0014850274094941795
2011-11-30,0.0
2011-12-01,0.0
2011-12-02,0.0
2011-12-03,0.0
2011-12-04,0.19481247020207143
2011-12-05,1.3313026001532124
2011-12-06,8.305169084517173
2011-12-07,9.585411041246454
2011-12-08,0.0
2011-12-09,0.0
2011-12-10,0.0
2011-12-11,1.5725593201471237
2011-12-12,0.8146731056335942
2011-12-13,0.1094220770210026
2011-12-14,0.5916768496830921
2011-12-15,1.1443476395012606
2011-12-16,0.006645893739778381
2011-12-17,0.20225118449979998
2011-12-18,0.0
2011-12-19,0.0016279745997720718
2011-12-20,0.44307185730053317
2011-12-21,1.8381132479817746
2011-12-22,16.521919529946363
2011-12-23,0.007792071635797567
2011-12-24,0.0007040481303012226
2011-12-25,11.507379961365537
2011-12-26,15.865465011148087
2011-12-27,14.130808658913608
2011-12-28,0.0
2011-12-29,0.0
2011-12-30,0.10481023474600966
2011-12-31,0.0035700407398431746
2012-01-01,0.19285050633006548
2012-01-02,0.0
2012-01-03,0.0
2012-01-04,0.0
2012-01-05,0.0015855048259568393
2012-01-06,0.22467072573200828
2012-01-07,1.2687140640965797
2012-01-08,0.7805523307947684
2012-01-09,0.5905369436635765
2012-01-10,12.814609335960961
2012-01-11,3.9379467867397024
2012-01-12,0.005496380462226292
2012-01-13,0.0
2012-01-14,0.0
2012-01-15,0.0
2012-01-16,0.012500763192197202
2012-01-17,15.422298564165555
2012-01-18,30.80710580560485
2012-01-19,0.002412061144735253
2012-01-20,7.773626230335346
2012-01-21,3.8524084660128732
2012-01-22,1.4681108386608808
2012-01-23,11.157159311227545
2012-01-24,0.0790025879124521
2012-01-25,1.0022740342433634
2012-01-26,21.884687506381244
2012-01-27,0.03308137992680669
2012-01-28,0.0
2012-01-29,0.0
2012-01-30,0.0
2012-01-31,0.00962393564278208
2012-02-01,12.063448255556029
2012-02-02,2.8108120763029465
2012-02-03,10.41370535024725
2012-02-04,2.134486498349864
2012-02-05,2.343077390153276
2012-02-06,0.0247209690632996
2012-02-07,0.0
2012-02-08,0.0004586310354592505
2012-02-09,0.0
2012-02-10,2.877693797998616
2012-02-11,2.7298732047314282
2012-02-12,0.0
2012-02-13,0.0014325565444690167
2012-02-14,8.72251614854602
2012-02-15,0.24203155323468944
2012-02-16,13.946570586220492
2012-02-17,0.03738000923070893
2012-02-18,81.34961539645174
2012-02-19,33.636731982332634
2012-02-20,0.0
2012-02-21,0.900761767311228
2012-02-22,0.9361263406448513
2012-02-23,1.0888462212078571
2012-02-24,8.845821032380046
2012-02-25,0.0
2012-02-26,2.5620394367632877
2012-02-27,4.262296653055146
2012-02-28,2.6151584179403473
2012-02-29,2.3951555686413557
2012-03-01,1.9114763585429393
2012-03-02,0.9422104811585167
2012-03-03,9.664885668126086
2012-03-04,0.002251875215199392
2012-03-05,0.0
2012-03-06,0.0
2012-03-07,1.784141763173121
2012-03-08,1.6692526494136686
2012-03-09,28.095383632631286
2012-03-10,0.027938611061158657
2012-03-11,3.050029139567208
2012-03-12,27.25498107359882
2012-03-13,17.947276624346856
2012-03-14,1.977169461802474
2012-03-15,0.11109899594502903
2012-03-16,0.11460822202842998
2012-03-17,0.5255902698964913
2012-03-18,0.33170594451204305
2012-03-19,0.11460822202842998
2012-03-20,1.0123721039817273
2012-03-21,1.9956290181660743
2012-03-22,73.66918925745638
2012-03-23,60.69282932309868
2012-03-24,0.26870929456512715
2012-03-25,0.0
2012-03-26,0.0
2012-03-27,0.0
2012-03-28,0.0065721134557763065
2012-03-29,1.9706931986749292
2012-03-30,1.552760017509614
2012-03-31,1.8114393567501443
2012-04-01,0.12873419702318215
2012-04-02,6.428939401565346
2012-04-03,8.357128174847658
2012-04-04,2.8318625913905646
2012-04-05,26.57577802734039
2012-04-06,0.013670484068107072
2012-04-07,0.0
2012-04-08,0.0
2012-04-09,0.0
2012-04-10,0.0
2012-04-11,0.0005310682412695699
2012-04-12,0.0
2012-04-13,0.022949047075571053
2012-04-14,0.0023717584348883916
2012-04-15,0.2720884138225075
2012-04-16,18.557391163788754
2012-04-17,11.358464390039082
2012-04-18,8.20424454832393
2012-04-19,0.23589178986523396
2012-04-20,0.03348194945113965
2012-04-21,4.47264187145195
2012-04-22,0.024487129104617117
2012-04-23,0.00013553153645551503
2012-04-24,0.0
2012-04-25,0.0
2012-04-26,0.1081599107929944
2012-04-27,0.18597494459888755
2012-04-28,0.23152549516725496
2012-04-29,0.0
2012-04-30,0.18671198605018988
2012-05-01,0.7504038465869268
2012-05-02,39.69213130637184
2012-05-03,35.95506892124359
2012-05-04,4.32047906964529
2012-05-05,7.889772805024045
2012-05-06,0.02427210219059015
2012-05-07,0.045069068292908195
2012-05-08,0.22705600496428036
2012-05-09,1.2404678721406919
2012-05-10,0.00030315109525749437
2012-05-11,0.019448588364646923
2012-05-12,19.677560996577196
2012-05-13,21.93806973719622
2012-05-14,0.9950301874104597
2012-05-15,0.20420356945508913
2012-05-16,0.7464812219821026
2012-05-17,0.0031383570716317344
2012-05-18,0.0030169634561141674
2012-05-19,0.11093250037134296
2012-05-20,0.0
2012-05-21,0.30828042141364004
2012-05-22,0.5203728866839599
2012-05-23,0.04251389436215001
2012-05-24,0.031983576690581925
2012-05-25,0.0
2012-05-26,0.0
2012-05-27,0.0
2012-05-28,3.9406429320810085e-05
2012-05-29,0.3969493274616213
2012-05-30,0.17882760273498172
2012-05-31,0.5889904671239554
2012-06-01,3.610420450880371
2012-06-02,7.820387125187558e-06
2012-06-03,1.0580616277503832e-06
2012-06-04,0.0015144105079179667
2012-06-05,0.774834067964135
2012-06-06,0.6292171481126995
2012-06-07,1.7450879263697265
2012-06-08,9.480345357862669
2012-06-09,27.776575342378504
2012-06-10,64.47203942869946
2012-06-11,31.542586263256606
2012-06-12,9.01691379325765
2012-06-13,16.7181589039162
2012-06-14,1.4869594070538763
2012-06-15,5.522827511621785
2012-06-16,0.0012629387836737282
2012-06-17,0.09248404528746465
2012-06-18,0.010282918356436499
2012-06-19,0.0017088222157066167
2012-06-20,0.0035423074292465864
2012-06-21,0.0
2012-06-22,3.2540155580643626
2012-06-23,5.461380947682344
2012-06-24,0.5675862410997691
2012-06-25,0.0
2012-06-26,0.0
2012-06-27,0.0030853044549123717
2012-06-28,0.006649446691369003
2012-06-29,0.23624155913936956
2012-06-30,0.023564206998769075
2012-07-01,0.24305780788663575
2012-07-02,2.5533236615404133
2012-07-03,2.659690720774321
2012-07-04,4.75618958042694
2012-07-05,4.429535540380779
2012-07-06,2.376246544116923
2012-07-07,4.4346970621197634
2012-07-08,6.748747158711721
2012-07-09,3.7540907747538887
2012-07-10,15.753043736946724
2012-07-11,19.23135429245981
2012-07-12,14.530984729096225
2012-07-13,14.355982893934032
2012-07-14,13.278254993102246
2012-07-15,10.32604049527484
2012-07-16,0.7599700653022061
2012-07-17,3.6711806486292686
2012-07-18,26.326012601785546
2012-07-19,28.86940015384949
2012-07-20,15.104845830747092
2012-07-21,6.189517195760212
2012-07-22,8.055183645135935
2012-07-23,1.0080683071153638
2012-07-24,1.790917188938861
2012-07-25,3.8248890609415236
2012-07-26,2.993524108508033
2012-07-27,6.972768296362986
2012-07-28,11.816566294382351
2012-07-29,0.448584572090064
2012-07-30,6.555699222638441
2012-07-31,2.994325475528097
2012-08-01,1.178514619307209
2012-08-02,4.37196662398757
2012-08-03,10.474420496803797
2012-08-04,5.131439149373093
2012-08-05,0.7673435094997136
2012-08-06,8.39480351983844
2012-08-07,5.5740286521668
2012-08-08,6.614998664225768
2012-08-09,16.29232111292406
2012-08-10,16.40805830412335
2012-08-11,13.008667546588912
2012-08-12,0.04147156764670194
2012-08-13,1.3545332521673785
2012-08-14,2.9841162215893933
2012-08-15,4.483668943706916
2012-08-16,12.184636620722593
2012-08-17,15.030455900071393
2012-08-18,6.22534295440636
2012-08-19,20.967209303815068
2012-08-20,5.009617655719628
2012-08-21,0.0
2012-08-22,0.0
2012-08-23,0.0
2012-08-24,0.0
2012-08-25,0.0
2012-08-26,0.1258527251146272
2012-08-27,0.003613207703310948
2012-08-28,3.503215119598393
2012-08-29,77.39486740017313
2012-08-30,108.45766006957064
2012-08-31,21.951683763001466
2012-09-01,0.4457347840458758
2012-09-02,1.5925373538585212
2012-09-03,3.285768110195834
2012-09-04,1.9990401286039816
2012-09-05,18.54721514196297
2012-09-06,0.6490427445543007
2012-09-07,0.3419557883791809
2012-09-08,1.0290893857258308
2012-09-09,0.12266247145900244
2012-09-10,0.0
2012-09-11,0.0
2012-09-12,1.2843788921348904
2012-09-13,0.1930297163235918
2012-09-14,0.011523893971370259
2012-09-15,0.008702422393772932
2012-09-16,4.76815123550847
2012-09-17,36.564012533097205
2012-09-18,15.110725039286569
2012-09-19,0.0
2012-09-20,0.0
2012-09-21,0.3619184255240452
2012-09-22,0.3619184255240452
2012-09-23,0.3834990119071404
2012-09-24,0.3619184255240452
2012-09-25,0.3619184255240452
2012-09-26,0.6855889817330801
2012-09-27,0.11095541609112748
2012-09-28,0.5645647005714474
2012-09-29,6.752473588097305
2012-09-30,21.11947286018675
2012-10-01,13.336357267948394
2012-10-02,0.0356895282665998
2012-10-03,0.18593438200528936
2012-10-04,0.0
2012-10-05,0.0
2012-10-06,0.08803910300086007
2012-10-07,1.4851883777860249
2012-10-08,0.04887867681616316
2012-10-09,0.04887867681616316
2012-10-10,0.08617468266467646
2012-10-11,7.361267672549758e-05
2012-10-12,0.0002168371757158153
2012-10-13,1.0390347070262568e-05
2012-10-14,0.22516727253483546
2012-10-15,1.9689368915525545
2012-10-16,0.0
2012-10-17,0.11991301995500371
2012-10-18,27.940692096553978
2012-10-19,0.0
2012-10-20,0.0
2012-10-21,0.006077246670873611
2012-10-22,0.006077246670873611
2012-10-23,0.16268700740558428
2012-10-24,0.00628347904154725
2012-10-25,0.047460873926799776
2012-10-26,0.049832543862254476
2012-10-27,0.4686585063154215
2012-10-28,0.017860455783818868
2012-10-29,0.017860455783818868
2012-10-30,0.017860455783818868
2012-10-31,0.017860455783818868
2012-11-01,0.02707787001318949
2012-11-02,0.0543997097031014
2012-11-03,0.004473673978639184
2012-11-04,0.6449984642672586
2012-11-05,0.6457731991700464
2012-11-06,3.877055145688443
2012-11-07,0.00017538713289529627
2012-11-08,0.0
2012-11-09,0.0
2012-11-10,0.0011825086849036085
2012-11-11,0.18553613025320262
2012-11-12,10.055906371342244
2012-11-13,0.00018368931824885864
2012-11-14,4.807486793823293e-07
2012-11-15,0.0
2012-11-16,0.007658562549097727
2012-11-17,0.007658562549097727
2012-11-18,0.007658562549097727
2012-11-19,0.007658562549097727
2012-11-20,1.9812728105805066
2012-11-21,0.03479589013262298
2012-11-22,0.03479589013262298
2012-11-23,1.5428237343709752
2012-11-24,0.03479589013262298
2012-11-25,0.03479589013262298
2012-11-26,1.495212607043432
2012-11-27,19.52495706992905
2012-11-28,0.023489710948483733
2012-11-29,0.0
2012-11-30,0.0012602855453465876
2012-12-01,0.08296237716027881
2012-12-02,6.793228963391487e-05
2012-12-03,0.02460179925218363
2012-12-04,0.6983571500563792
2012-12-05,3.098244474298599
2012-12-06,0.03391278004076544
2012-12-07,0.3822468563443789
2012-12-08,0.9923447829027339
2012-12-09,0.20535160940381758
2012-12-10,4.423402548037314
2012-12-11,0.8866302143465388
2012-12-12,0.2743464999725562
2012-12-13,0.0
2012-12-14,0.0
2012-12-15,22.489108444095137
2012-12-16,1.5958015965830181
2012-12-17,22.430247984450478
2012-12-18,0.0
2012-12-19,0.0
2012-12-20,14.142586559333182
2012-12-21,0.0
2012-12-22,0.0
2012-12-23,0.0
2012-12-24,10.062054888393291
2012-12-25,14.892394077822752
2012-12-26,21.49766006208796
2012-12-27,0.0
2012-12-28,6.391780111465713
2012-12-29,31.282183080905114
2012-12-30,0.0
2012-12-31,0.09738261501142657
2013-01-01,3.165515653980681
2013-01-02,9.773781256757939
2013-01-03,9.165379586151925
2013-01-04,0.0
2013-01-05,0.4973329991558009
2013-01-06,1.1667396383521573
2013-01-07,0.0
2013-01-08,0.013304304666048768
2013-01-09,5.488784639101649
2013-01-10,16.36810954432376
2013-01-11,31.8814374863229
2013-01-12,2.320064151378957
2013-01-13,5.784761671624688
2013-01-14,20.83295285342203
2013-01-15,6.5182812808472335
2013-01-16,5.983732246559001
2013-01-17,2.787044147391734
2013-01-18,0.0
2013-01-19,0.0
2013-01-20,0.0
2013-01-21,0.0
2013-01-22,0.0
2013-01-23,0.000443713254830741
2013-01-24,0.08479695442869861
2013-01-25,0.06232564786282759
2013-01-26,0.07452953748774792
2013-01-27,0.1458169359289203
2013-01-28,0.14440121816159307
2013-01-29,1.2340886362574683
2013-01-30,18.457069252686814
2013-01-31,0.0017288087899485507
2013-02-01,0.0
2013-02-02,7.042707964368942e-07
2013-02-03,0.10596340922117546
2013-02-04,1.131581339472072e-05
2013-02-05,0.24910338176841043
2013-02-06,0.10011789159699093
2013-02-07,43.7568416052177
2013-02-08,0.6732104082873698
2013-02-09,0.007547203812774524
2013-02-10,14.454087658935633
2013-02-11,14.934945909493946
2013-02-12,22.13036429775481
2013-02-13,3.104622477409768
2013-02-14,4.708149276213872e-05
2013-02-15,0.0
2013-02-16,0.2547857843976836
2013-02-17,0.0
2013-02-18,0.008452235899941601
2013-02-19,12.052903650041815
2013-02-20,0.0010074613009197035
2013-02-21,1.6189911121831126
2013-02-22,33.75070632530326
2013-02-23,53.89849903320477
2013-02-24,2.21878220833254
2013-02-25,44.12849871942436
2013-02-26,35.763202895434
2013-02-27,0.0
2013-02-28,0.0
2013-03-01,2.7118969361308742e-05
2013-03-02,0.0
2013-03-03,0.0
2013-03-04,0.0
2013-03-05,0.003198601073641195
2013-03-06,5.0241245144645376e-05
2013-03-07,0.0
2013-03-08,0.0
2013-03-09,0.002778278382400494
2013-03-10,1.7265175189139021
2013-03-11,11.564020417051024
2013-03-12,0.0
2013-03-13,0.0
2013-03-14,0.0
2013-03-15,0.0
2013-03-16,0.0
2013-03-17,1.2834658405620212
2013-03-18,5.0963611825501545
2013-03-19,10.67765884958644
2013-03-20,0.22867038593923567
2013-03-21,0.0
2013-03-22,0.0828516612554648
2013-03-23,1.190472246385492
2013-03-24,1.7204545183060442
2013-03-25,0.0
2013-03-26,0.0
2013-03-27,0.0
2013-03-28,0.0
2013-03-29,0.0
2013-03-30,0.2906621584209011
2013-03-31,5.532820253126407
2013-04-01,2.657618171707697
2013-04-02,0.0
2013-04-03,28.775450933794183
2013-04-04,4.793723627323627
2013-04-05,0.30280706163566723
2013-04-06,0.0
2013-04-07,0.0
2013-04-08,0.0
2013-04-09,0.0
2013-04-10,0.0
2013-04-11,38.69952251540433
2013-04-12,1.99547393101597
2013-04-13,0.0
2013-04-14,40.27085230553504
2013-04-15,1.4689325528444162
2013-04-16,1.1308257340826326
2013-04-17,1.0429819310528297
2013-04-18,1.492835134068373
2013-04-19,24.015199801652084
2013-04-20,0.032773427972407884
2013-04-21,0.0
2013-04-22,0.23535507532927577
2013-04-23,0.27936022781406034
2013-04-24,8.252740900327005
2013-04-25,1.72081792719424
2013-04-26,0.0
2013-04-27,6.33087544252313e-06
2013-04-28,7.10197932900806
2013-04-29,2.7359113387767415
2013-04-30,7.842301529873388
2013-05-01,25.780907488216133
2013-05-02,53.08484700458032
2013-05-03,11.119113431202493
2013-05-04,13.306478031993842
2013-05-05,0.002305749798745122
2013-05-06,0.6186445366469958
2013-05-07,2.5749989270734597
2013-05-08,0.07277502733644205
2013-05-09,0.0
2013-05-10,10.691236707203757
2013-05-11,16.68036172968274
2013-05-12,0.10057225749389266
2013-05-13,0.0
2013-05-14,0.0
2013-05-15,0.0
2013-05-16,0.11185979391322932
2013-05-17,0.5775580689928613
2013-05-18,0.18426853458421566
2013-05-19,0.11100076519607714
2013-05-20,0.3270097567875527
2013-05-21,0.002202824890960009
2013-05-22,1.172683717851474
2013-05-23,0.3225050955837869
2013-05-24,0.03542083215076065
2013-05-25,0.0
2013-05-26,0.0
2013-05-27,4.985600745963713e-07
2013-05-28,0.0001763238153999869
2013-05-29,0.19775983672002292
2013-05-30,0.14321253194664807
2013-05-31,0.1910425229749711
2013-06-01,2.9267877590267317
2013-06-02,4.780009888816077
2013-06-03,1.6419134902612438
2013-06-04,2.8539866478766904
2013-06-05,6.04858740495045
2013-06-06,0.8591369396261492
2013-06-07,5.912665321905347
2013-06-08,2.527705132577312
2013-06-09,11.381533296204116
2013-06-10,12.756884336930028
2013-06-11,7.110699669612818
2013-06-12,1.2726251634558632
2013-06-13,0.02257655349235264
2013-06-14,9.178972522733774
2013-06-15,0.051757390784607386
2013-06-16,0.12806131347599137
2013-06-17,1.5411366610979043
2013-06-18,0.24024335638562236
2013-06-19,6.046120011184086
2013-06-20,1.5562629382450517
2013-06-21,1.17240807269984
2013-06-22,0.3627025483428719
2013-06-23,6.517511428870119
2013-06-24,2.4393191539446524
2013-06-25,0.9344019827676294
2013-06-26,1.0189409845742858
2013-06-27,0.022272533337872286
2013-06-28,0.3325854667166919
2013-06-29,4.552776129364154
2013-06-30,0.11343278722001218
2013-07-01,0.019700630696892162
2013-07-02,0.11890987696859855
2013-07-03,8.873513643506021
2013-07-04,18.22309877461102
2013-07-05,10.513423158965498
2013-07-06,17.480342479580987
2013-07-07,29.904193207268914
2013-07-08,15.075614722627352
2013-07-09,1.2292720502718868
2013-07-10,9.443063402251283
2013-07-11,14.727516676447273
2013-07-12,4.056177120447505
2013-07-13,6.066473582506431
2013-07-14,3.4105346084094363
2013-07-15,9.289702864701843
2013-07-16,1.7539871913385774
2013-07-17,0.23229671320732673
2013-07-18,3.1782642009565683
2013-07-19,5.9199349098799265
2013-07-20,4.264702916947413
2013-07-21,13.47496358550548
2013-07-22,10.190778325126606
2013-07-23,5.266485689114453
2013-07-24,14.751325434393705
2013-07-25,3.2412493345569517
2013-07-26,6.612497669212565e-05
2013-07-27,9.588148081481743
2013-07-28,8.497111391645195
2013-07-29,0.7973601000560361
2013-07-30,1.1914428315247874
2013-07-31,1.4418067847884468
2013-08-01,7.233070313196922
2013-08-02,1.42738863278183
2013-08-03,0.1975658048402529
2013-08-04,0.41506565996027933
2013-08-05,9.936783789085279
2013-08-06,6.203761072588239
2013-08-07,11.570178847014736
2013-08-08,4.599784914884431
2013-08-09,20.51397328477853
2013-08-10,11.290311564331734
2013-08-11,3.9803724494261585
2013-08-12,10.024028410452363
2013-08-13,22.027843592320007
2013-08-14,19.232342964064735
2013-08-15,6.426828883788203
2013-08-16,0.0
2013-08-17,0.0
2013-08-18,0.0
2013-08-19,0.0
2013-08-20,0.0
2013-08-21,1.1414255418937964
2013-08-22,1.125659833156431
2013-08-23,3.0222559348817954
2013-08-24,1.937101841656854
2013-08-25,1.1263588044280615
2013-08-26,4.0996339428506685
2013-08-27,0.04547330761195449
2013-08-28,0.0
2013-08-29,0.013877648746228334
2013-08-30,0.07273763058012873
2013-08-31,4.663671580863419
2013-09-01,2.205967712967063
2013-09-02,7.814419252700955
2013-09-03,28.159204314423008
2013-09-04,4.558366622855094
2013-09-05,1.7381647547750532
2013-09-06,0.19323450480299054
2013-09-07,0.0007185151803915925
2013-09-08,0.17259787601148852
2013-09-09,0.2579636515924155
2013-09-10,1.1279879632262264
2013-09-11,0.4092556874992749
2013-09-12,0.010886103347072273
2013-09-13,6.81857210674202
2013-09-14,0.9937166390663942
2013-09-15,0.25592939362913725
2013-09-16,0.09130265361930151
2013-09-17,0.3121706084469745
2013-09-18,0.1792273678694303
2013-09-19,0.20401138760216292
2013-09-20,8.155403125914567
2013-09-21,22.8550347384091
2013-09-22,19.941884979556615
2013-09-23,1.6905758765605272
2013-09-24,12.640904438508088
2013-09-25,11.145505445414193
2013-09-26,0.0
2013-09-27,0.00018346604715149318
2013-09-28,0.0
2013-09-29,0.02815604244145102
2013-09-30,2.660217674020259
2013-10-01,0.009232145091703881
2013-10-02,1.539444885346555
2013-10-03,0.6738207460895841
2013-10-04,2.4163921953728575
2013-10-05,0.3476762301965504
2013-10-06,26.482190222726228
2013-10-07,1.3179707737952762
2013-10-08,0.0
2013-10-09,0.7837786029463557
2013-10-10,0.1160935003013368
2013-10-11,0.11316281033592686
2013-10-12,0.5515882535059333
2013-10-13,0.1034043376228069
2013-10-14,0.0
2013-10-15,0.16283344798246113
2013-10-16,0.04216365676212549
2013-10-17,0.6513466882030996
2013-10-18,0.06564053614217308
2013-10-19,3.273032389043657
2013-10-20,0.00010042753329129323
2013-10-21,0.1619241932183453
2013-10-22,0.16534499262872462
2013-10-23,0.10329403249800001
2013-10-24,0.10329403249800001
2013-10-25,0.10329403249800001
2013-10-26,0.0
2013-10-27,1.873823490816389
2013-10-28,6.534488011575594
2013-10-29,0.0010267027662888282
2013-10-30,0.009288325991361496
2013-10-31,0.2646452031173559
2013-11-01,11.29819218626285
2013-11-02,0.00041246195707163823
2013-11-03,0.0
2013-11-04,0.0
2013-11-05,0.0009993453899857772
2013-11-06,0.09862253118895502
2013-11-07,6.11722569095032
2013-11-08,0.0
2013-11-09,0.0
2013-11-10,0.3748519934990386
2013-11-11,0.0
2013-11-12,0.0
2013-11-13,0.0
2013-11-14,0.0
2013-11-15,5.138274430009556
2013-11-16,1.8497434851727481
2013-11-17,2.7032429836449428
2013-11-18,6.306450136357129
2013-11-19,0.0
2013-11-20,0.0
2013-11-21,0.003458019067689839
2013-11-22,0.16908221779928445
2013-11-23,0.8714066914106403
2013-11-24,0.0031510553637810984
2013-11-25,2.3505270221332513
2013-11-26,63.79968490853386
2013-11-27,4.464068572542983
2013-11-28,0.0
2013-11-29,0.0
2013-11-30,0.0
2013-12-01,0.0
2013-12-02,0.1800269864941885
2013-12-03,4.436439227305009
2013-12-04,0.8534218295662104
2013-12-05,1.7752972711725088
2013-12-06,2.409653970102283
2013-12-07,6.902887024994104
2013-12-08,1.4543464744138466
2013-12-09,4.129810213848583
2013-12-10,1.5864797660032681
2013-12-11,0.0
2013-12-12,0.0
2013-12-13,0.0
2013-12-14,4.778536256697749
2013-12-15,1.902160286140291
2013-12-16,0.0
2013-12-17,0.0
2013-12-18,0.0
2013-12-19,6.853330841969406e-05
2013-12-20,0.02958432795303025
2013-12-21,2.930771413343439
2013-12-22,74.31944928819173
2013-12-23,12.061965977761995
2013-12-24,0.0
2013-12-25,0.0
2013-12-26,0.0
2013-12-27,0.0
2013-12-28,57.271634362603805
2013-12-29,2.3818369392567833
2013-12-30,0.0
2013-12-31,0.0
2014-01-01,1.4913170250926653
2014-01-02,12.773471609600788
2014-01-03,0.0
2014-01-04,0.0
2014-01-05,0.12537182150345436
2014-01-06,1.6149046823869302
2014-01-07,0.0
2014-01-08,0.0
2014-01-09,0.0
2014-01-10,0.04240725575087383
2014-01-11,18.135253542507304
2014-01-12,0.0
2014-01-13,15.705477404496964
2014-01-14,0.8871666080431653
2014-01-15,0.48324531366471896
2014-01-16,0.0
2014-01-17,0.0
2014-01-18,0.0
2014-01-19,3.747079065851657
2014-01-20,0.0
2014-01-21,0.0066047010488923825
2014-01-22,0.0
2014-01-23,0.0
2014-01-24,1.0621473557157908
2014-01-25,0.19117717701328424
2014-01-26,0.0
2014-01-27,5.169643265082364
2014-01-28,11.676012658171349
2014-01-29,5.837728616876897
2014-01-30,0.0
2014-01-31,0.0
2014-02-01,0.12578911160233838
2014-02-02,3.924563047521167
2014-02-03,9.973413908560982
2014-02-04,0.23094445163411784
2014-02-05,23.21666048080964
2014-02-06,0.6841269244381848
2014-02-07,0.0005151578343857753
2014-02-08,0.48383578173543385
2014-02-09,0.023553701093654955
2014-02-10,0.6284339116520966
2014-02-11,13.987848999661056
2014-02-12,54.823471454847784
2014-02-13,0.08431581828003987
2014-02-14,0.0
2014-02-15,0.9506696874500861
2014-02-16,0.0
2014-02-17,0.10001790736065078
2014-02-18,0.34658498552934885
2014-02-19,0.18738695873425013
2014-02-20,0.6892764039248545
2014-02-21,36.82485438541692
2014-02-22,0.0
2014-02-23,30.718921638499815
2014-02-24,0.46325206577736694
2014-02-25,0.34906535546775913
2014-02-26,28.02520636031049
2014-02-27,0.0
2014-02-28,0.07744619406326148
2014-03-01,3.652484363033187
2014-03-02,0.2659427617878007
2014-03-03,5.772704942558283
2014-03-04,9.094878051640437
2014-03-05,3.290192851111572
2014-03-06,9.036163574039062
2014-03-07,3.3689040260500254
2014-03-08,0.013822094337946537
2014-03-09,2.308965992150564
2014-03-10,0.0
2014-03-11,10.808088884143574
2014-03-12,7.499587973888046
2014-03-13,0.0
2014-03-14,0.0
2014-03-15,5.773272076398886
2014-03-16,52.165459761419214
2014-03-17,12.52514533516705
2014-03-18,0.02321428842769392
2014-03-19,0.0
2014-03-20,0.010801018086662836
2014-03-21,0.0
2014-03-22,0.0
2014-03-23,3.0423976605271954
2014-03-24,0.9731536046794838
2014-03-25,0.0
2014-03-26,0.0
2014-03-27,0.6203835745720829
2014-03-28,89.45875973502226
2014-03-29,9.336375841284013
2014-03-30,0.0
2014-03-31,0.0
2014-04-01,1.123988909142503
2014-04-02,2.0938701102851893
2014-04-03,0.20894661498968253
2014-04-04,11.980259311409347
2014-04-05,8.599731249855225
2014-04-06,13.412146124457047
2014-04-07,27.880171540184254
2014-04-08,4.960894971644816
2014-04-09,1.338307598767885
2014-04-10,0.0
2014-04-11,0.0
2014-04-12,0.001261014375646264
2014-04-13,0.053269886416461784
2014-04-14,8.497232256061737
2014-04-15,42.08096208908163
2014-04-16,0.0
2014-04-17,0.08571897010813666
2014-04-18,24.12470987859733
2014-04-19,1.7601017471181541
2014-04-20,1.930063316115659e-05
2014-04-21,0.0
2014-04-22,0.0
2014-04-23,0.0
2014-04-24,0.0
2014-04-25,0.0
2014-04-26,2.3031493640766816
2014-04-27,0.49670269392697775
2014-04-28,1.8057755689377366
2014-04-29,73.97487194430659
2014-04-30,81.82061412080539
2014-05-01,0.20069509032487706
2014-05-02,1.76002123269584
2014-05-03,0.0001802186871058238
2014-05-04,0.0
2014-05-05,0.0
2014-05-06,0.0
2014-05-07,0.030610082841598576
2014-05-08,0.05863373276934265
2014-05-09,12.224007501682227
2014-05-10,54.33245357044374
2014-05-11,3.8903830674668756
2014-05-12,0.24337824915421463
2014-05-13,1.3017193226637722
2014-05-14,13.859316987005265
2014-05-15,0.07644111328049753
2014-05-16,0.2672959255538837
2014-05-17,0.0
2014-05-18,0.003629747345927743
2014-05-19,0.0
2014-05-20,0.0
2014-05-21,0.003970187108240622
2014-05-22,0.000510192575844764
2014-05-23,0.0002118240124134701
2014-05-24,0.0002118240124134701
2014-05-25,0.08401636419694461
2014-05-26,0.03983437436192073
2014-05-27,0.3391135292192069
2014-05-28,26.490517899353662
2014-05-29,31.532869281754884
2014-05-30,26.153870573672155
2014-05-31,28.14879051620499
2014-06-01,0.5906122967517968
2014-06-02,0.4219146286447762
2014-06-03,1.963928171217981
2014-06-04,0.05472449952512835
2014-06-05,0.008532908220149626
2014-06-06,0.6166687671990028
2014-06-07,1.175371703005166
2014-06-08,2.5697471547904907
2014-06-09,0.36561684693669355
2014-06-10,7.493283551246138
2014-06-11,19.427485308231255
2014-06-12,0.0027573975443554613
2014-06-13,13.381508032264076
2014-06-14,0.33270578066337675
2014-06-15,1.3747301846159568
2014-06-16,7.794631248503196
2014-06-17,2.2888635182033097
2014-06-18,5.599246124361231
2014-06-19,4.567231943585582
2014-06-20,1.814994597969145
2014-06-21,2.19660890685861
2014-06-22,0.8120085291200011
2014-06-23,11.391333097633455
2014-06-24,10.262352076484804
2014-06-25,5.831284395931456
2014-06-26,10.002555325170237
2014-06-27,7.131015264687185
2014-06-28,11.006062015857252
2014-06-29,4.418310733527536
2014-06-30,0.1074901134071756
2014-07-01,0.3994728501421535
2014-07-02,0.5213374881711021
2014-07-03,1.9484036018173336
2014-07-04,0.0
2014-07-05,0.0
2014-07-06,0.0
2014-07-07,0.0
2014-07-08,0.4784289533986323
2014-07-09,7.560685056554223
2014-07-10,3.70103009357551
2014-07-11,3.8760605067130904
2014-07-12,0.0007216664092115933
2014-07-13,3.0111257457497844
2014-07-14,4.101356314561411
2014-07-15,17.366970718689146
2014-07-16,2.1620032479825526
2014-07-17,0.0
2014-07-18,13.765940183678817
2014-07-19,43.159120920317584
2014-07-20,11.501569039211118
2014-07-21,1.2836020516646698
2014-07-22,6.714132481184493
2014-07-23,6.945836121452047
2014-07-24,4.292489349508217
2014-07-25,2.171673043884906
2014-07-26,3.006505946687813
2014-07-27,0.21250552353411004
2014-07-28,5.196751281760995
2014-07-29,4.709316469079891e-05
2014-07-30,0.0
2014-07-31,0.9065113736744432
2014-08-01,1.706595630388228
2014-08-02,0.1846039570976473
2014-08-03,7.849249196373212
2014-08-04,3.629955811490322
2014-08-05,2.405830241564623
2014-08-06,1.7904108328753434
2014-08-07,3.1264685017022007
2014-08-08,3.12750750328133
2014-08-09,5.275653383875822
2014-08-10,9.228847564116638
2014-08-11,8.158098310133145
2014-08-12,3.8667024790094775
2014-08-13,0.19710431492603817
2014-08-14,0.0
2014-08-15,0.0
2014-08-16,0.6875742816190716
2014-08-17,7.37226526018609
2014-08-18,7.488307462933021
2014-08-19,5.951373566598647
2014-08-20,1.187534427444128
2014-08-21,0.24766755408256688
2014-08-22,0.42848820373933033
2014-08-23,0.954701535813013
2014-08-24,0.4382904419235624
2014-08-25,1.6754591769845504
2014-08-26,0.10020348720430776
2014-08-27,0.14472087191801586
2014-08-28,0.3106929839231518
2014-08-29,5.878639232356268
2014-08-30,11.526036448223502
2014-08-31,1.2215510548710067
2014-09-01,0.24275009305958128
2014-09-02,10.820392896225536
2014-09-03,0.5724921192237665
2014-09-04,1.130035531451994
2014-09-05,1.3756097047273146
2014-09-06,0.8274407940106253
2014-09-07,2.4069041532182798
2014-09-08,5.434534442219425
2014-09-09,1.896763852366158
2014-09-10,0.8832678624469377
2014-09-11,0.3875674642922523
2014-09-12,2.5247962032413525
2014-09-13,0.25987283107248843
2014-09-14,0.18913919669501586
2014-09-15,1.2696233721917631
2014-09-16,24.00535273413943
2014-09-17,2.6075852902035948
2014-09-18,4.049858957466268
2014-09-19,0.5444262077728627
2014-09-20,0.0013795245356077212
2014-09-21,1.0234906564604156
2014-09-22,0.9096845559541288
2014-09-23,0.0
2014-09-24,0.0
2014-09-25,0.0
2014-09-26,0.002775316607980498
2014-09-27,0.015659915766980177
2014-09-28,7.314280058338166
2014-09-29,2.5289820950156567
2014-09-30,0.06092196490741711
2014-10-01,0.02715522077177311
2014-10-02,4.89490572155671
2014-10-03,7.437631797370453
2014-10-04,0.0
2014-10-05,0.0
2014-10-06,0.1379314306638106
2014-10-07,0.17861586606332966
2014-10-08,0.0678932392674824
2014-10-09,0.13068080826572095
2014-10-10,1.098487109752668
2014-10-11,1.4002807487825641
2014-10-12,1.1142929642247577
2014-10-13,5.855824701378111
2014-10-14,33.0167811100338
2014-10-15,0.0
2014-10-16,0.0
2014-10-17,0.0
2014-10-18,0.0
2014-10-19,0.0
2014-10-20,0.0
2014-10-21,0.020046763231707076
2014-10-22,0.020046763231707076
2014-10-23,0.020046763231707076
2014-10-24,0.020046763231707076
2014-10-25,0.020046763231707076
2014-10-26,0.0
2014-10-27,0.0
2014-10-28,0.021012314687930692
2014-10-29,0.5866908422146564
2014-10-30,0.06439594574902444
2014-10-31,0.04075924311396494
2014-11-01,0.09165605893071838
2014-11-02,0.09165605893071838
2014-11-03,0.09165605893071838
2014-11-04,0.2766424655830104
2014-11-05,2.309541953217468
2014-11-06,7.835066607568668
2014-11-07,0.0
2014-11-08,0.0
2014-11-09,0.48186221732253026
2014-11-10,0.0
2014-11-11,0.0924518317937052
2014-11-12,0.5436627210468824
2014-11-13,4.823632161463978
2014-11-14,0.0
2014-11-15,0.0
2014-11-16,0.7783223006527157
2014-11-17,33.5528025467101
2014-11-18,0.0
2014-11-19,0.0
2014-11-20,0.005465636825554188
2014-11-21,0.0
2014-11-22,5.684728781268312e-05
2014-11-23,14.687455235634395
2014-11-24,0.0006351987644266237
2014-11-25,0.0001540995105001551
2014-11-26,1.409153967539946
2014-11-27,0.0
2014-11-28,0.0
2014-11-29,0.01570698045362337
2014-11-30,0.5983419049972689
2014-12-01,0.11596917573815511
2014-12-02,0.00043051233916660433
2014-12-03,0.003270213717323802
2014-12-04,1.0609100852483682
2014-12-05,0.19827172108185676
2014-12-06,5.225532284351281
2014-12-07,0.023559871218924677
2014-12-08,0.005922892131299105
2014-12-09,0.0
2014-12-10,0.0
2014-12-11,0.06763245044440538
2014-12-12,0.3166970378856829
2014-12-13,0.06763245044440538
2014-12-14,0.06763245044440538
2014-12-15,0.06763245044440538
2014-12-16,0.5179265491783582
2014-12-17,0.0
2014-12-18,0.12160617282206325
2014-12-19,5.738529125345759
2014-12-20,6.358907191867975
2014-12-21,0.12343875507132372
2014-12-22,15.60916174110037
2014-12-23,54.0338237035943
2014-12-24,24.18862642813467
2014-12-25,0.0
2014-12-26,0.057640791066289616
2014-12-27,32.745814999728694
2014-12-28,20.20791674467295
2014-12-29,2.6793588931600523
2014-12-30,0.5342441722795324
2014-12-31,0.0007514724410315504
2015-01-01,0.06646077256600987
2015-01-02,0.8265123851103412
2015-01-03,13.230122283969036
2015-01-04,32.723020828826364
2015-01-05,0.00010560707724721224
2015-01-06,0.0002100672641336418
2015-01-07,0.0002100672641336418
2015-01-08,0.0002100672641336418
2015-01-09,2.0637188366704993
2015-01-10,0.020653870327689
2015-01-11,2.086691508393539
2015-01-12,1.5007071195343404
2015-01-13,1.2310597578235078
2015-01-14,0.0694340525014877
2015-01-15,15.389206569665737
2015-01-16,0.6775170555450487
2015-01-17,0.5607881142518517
2015-01-18,0.5607881142518517
2015-01-19,0.5607881142518517
2015-01-20,6.34469454699881
2015-01-21,0.00017538686420812884
2015-01-22,0.0570799174162159
2015-01-23,66.58863927423505
2015-01-24,0.13418454046859754
2015-01-25,0.00017461983435475512
2015-01-26,0.6321649502519283
2015-01-27,0.002574407658838272
2015-01-28,0.002574407658838272
2015-01-29,0.002574407658838272
2015-01-30,0.07787802026820137
2015-01-31,0.002574407658838272
2015-02-01,6.6706734195235295
2015-02-02,5.096844697574329
2015-02-03,0.0002140960905234855
2015-02-04,23.832898788964002
2015-02-05,4.259412030290836
2015-02-06,9.505846990143994e-05
2015-02-07,9.505846990143994e-05
2015-02-08,0.004885030273760955
2015-02-09,1.1265166769917456
2015-02-10,9.505846990143994e-05
2015-02-11,0.0
2015-02-12,0.0
2015-02-13,0.0
2015-02-14,0.0
2015-02-15,0.0
2015-02-16,2.608281521801242
2015-02-17,10.339520980923673
2015-02-18,0.0001502615337898928
2015-02-19,0.0001502615337898928
2015-02-20,0.001000277979003266
2015-02-21,0.010724006780341891
2015-02-22,3.1853167655740355
2015-02-23,1.0172925989418664
2015-02-24,4.366597561361303
2015-02-25,12.678088554747717
2015-02-26,11.734341986614831
2015-02-27,0.0007050359056711509
2015-02-28,0.0031771041158033743
2015-03-01,1.6257741256777152
2015-03-02,4.260629540032641
2015-03-03,1.6888323924311843
2015-03-04,3.276985640491793
2015-03-05,6.445881819307341
2015-03-06,0.0013606811429922236
2015-03-07,9.824947093821905e-05
2015-03-08,9.824947093821905e-05
2015-03-09,15.55669477342296
2015-03-10,24.42205739367343
2015-03-11,15.309578670483683
2015-03-12,4.952627475246572
2015-03-13,45.90724701078309
2015-03-14,2.069813616390067
2015-03-15,0.11726974844054538
2015-03-16,0.0002566344475868986
2015-03-17,0.0002566344475868986
2015-03-18,0.3558726595317015
2015-03-19,4.761329459351658
2015-03-20,2.0902519802385195
2015-03-21,2.1106740120903584
2015-03-22,9.646856575393144
2015-03-23,0.6885490908116083
2015-03-24,0.08714884938142917
2015-03-25,1.4105076062987152
2015-03-26,6.689888108261252
2015-03-27,5.0464123755414
2015-03-28,0.00011844901229717275
2015-03-29,0.014425779609006224
2015-03-30,0.6783640462255673
2015-03-31,0.0021514179278729908
2015-04-01,0.038228467775887835
2015-04-02,0.04106070878458797
2015-04-03,0.1398209187656321
2015-04-04,1.2907000045694912
2015-04-05,4.843293426144429
2015-04-06,10.765035973517362
2015-04-07,1.2657145215744932
2015-04-08,0.12802720174543067
2015-04-09,0.08409665141094853
2015-04-10,3.355451790224157
2015-04-11,7.900318968730023
2015-04-12,11.515888089163392
2015-04-13,39.1362142072741
2015-04-14,61.20633496435524
2015-04-15,13.435380570467466
2015-04-16,4.887842906505392
2015-04-17,19.821754594309226
2015-04-18,8.138734746633801
2015-04-19,16.68190569641306
2015-04-20,0.0005152398368565494
2015-04-21,0.00012220828702884249
2015-04-22,0.00018657722129878802
2015-04-23,0.029922779413253532
2015-04-24,0.5309291919865556
2015-04-25,8.611358558733858
2015-04-26,0.0004875747735248986
2015-04-27,10.35460455903597
2015-04-28,18.563178786668427
2015-04-29,4.517035561690183
2015-04-30,0.00025787742437208885
2015-05-01,0.0
2015-05-02,0.0
2015-05-03,0.0
2015-05-04,0.0
2015-05-05,0.0
2015-05-06,0.0
2015-05-07,0.0
2015-05-08,0.0
2015-05-09,0.0
2015-05-10,0.0
2015-05-11,0.6571045645232849
2015-05-12,1.1823276684941906
2015-05-13,0.0061544148310456875
2015-05-14,1.3878154177557502
2015-05-15,16.988496271617862
2015-05-16,34.03993197778421
2015-05-17,6.692643062583356
2015-05-18,3.6810486005628666
2015-05-19,3.730503712980017
2015-05-20,50.707097009186846
2015-05-21,4.887681676870176
2015-05-22,0.03529525062972245
2015-05-23,0.03787945838926328
2015-05-24,5.082037054658304
2015-05-25,7.8888079287055515
2015-05-26,15.243743534024189
2015-05-27,12.296548769537424
2015-05-28,23.451942505272672
2015-05-29,4.680761292931068
2015-05-30,0.16615269336498636
2015-05-31,1.4161107637093104
2015-06-01,15.550519653745207
2015-06-02,2.851747205743703
2015-06-03,0.20846441594244638
2015-06-04,0.010379429914530199
2015-06-05,0.004137133180249886
2015-06-06,0.06546958118428181
2015-06-07,0.11435627522397854
2015-06-08,5.072439243123289
2015-06-09,8.318324746896472
2015-06-10,8.70121396222394
2015-06-11,4.599248771764979
2015-06-12,10.162064408586465
2015-06-13,10.69072573341414
2015-06-14,1.0829080141364622
2015-06-15,1.9929167248020427
2015-06-16,0.30614804352876374
2015-06-17,0.2896100669471951
2015-06-18,0.24965562175763106
2015-06-19,0.4032127601802915
2015-06-20,0.18194940736416942
2015-06-21,1.4513910326678052
2015-06-22,1.7402387204814458
2015-06-23,1.0248725944629922
2015-06-24,12.289464108511936
2015-06-25,21.387440849425378
2015-06-26,5.639551672127112
2015-06-27,11.255839757445464
2015-06-28,15.781247631555972
2015-06-29,1.6326935607658735
2015-06-30,5.919559867098459
2015-07-01,1.8653803591827638
2015-07-02,0.14853022024781676
2015-07-03,0.4256794639081642
2015-07-04,5.005045476148734
2015-07-05,18.666904903673828
2015-07-06,5.088993897722222
2015-07-07,3.643671738417852
2015-07-08,0.6049330062775505
2015-07-09,12.760546352043907
2015-07-10,2.331017766283974
2015-07-11,1.8474265231102565
2015-07-12,1.2178122986944322
2015-07-13,2.2609990419097628
2015-07-14,0.2872934502657157
2015-07-15,0.021146566790291078
2015-07-16,0.3747881855079374
2015-07-17,2.858695682107616
2015-07-18,4.176148724992443
2015-07-19,3.9000766451720055
2015-07-20,20.377555859902618
2015-07-21,7.792186447269444
2015-07-22,11.25758399154083
2015-07-23,0.1673101898796151
2015-07-24,10.54695470810296
2015-07-25,5.922624077557342
2015-07-26,2.3681250977023125
2015-07-27,0.00719116495611912
2015-07-28,0.13988265957001328
2015-07-29,2.6960333320938314
2015-07-30,6.19475588582428
2015-07-31,3.852505357424853
2015-08-01,0.007194459533719099
2015-08-02,0.01583350227933378
2015-08-03,0.0002540959999810267
2015-08-04,0.0239699569072072
2015-08-05,2.1077415186768667
2015-08-06,11.420677562928963
2015-08-07,0.5673041730062316
2015-08-08,3.894343921133133
2015-08-09,1.491895815199078
2015-08-10,2.0550345595957022
2015-08-11,0.28037576943463344
2015-08-12,1.1735915554635294
2015-08-13,2.260871528023238e-05
2015-08-14,8.72097397971927e-06
2015-08-15,0.5532465926079505
2015-08-16,9.248529091675433
2015-08-17,15.673335994329577
2015-08-18,4.926917394494026
2015-08-19,12.197118492287432
2015-08-20,3.236115349309441
2015-08-21,10.024185119331186
2015-08-22,4.546865753429603
2015-08-23,0.3173124184265829
2015-08-24,1.695363334124002
2015-08-25,0.0013988281259147083
2015-08-26,8.576333424709564e-08
2015-08-27,8.576333424709564e-08
2015-08-28,8.576333424709564e-08
2015-08-29,0.0026071683301044407
2015-08-30,0.0009273591629982774
2015-08-31,3.0699099301090895e-05
2015-09-01,0.0003197125034324234
2015-09-02,0.13490280261027943
2015-09-03,0.3708731910170149
2015-09-04,1.3994248485341336
2015-09-05,0.8172552135488969
2015-09-06,0.5266218035664079
2015-09-07,0.3523263691931217
2015-09-08,0.05540547452072355
2015-09-09,0.26367030249504564
2015-09-10,3.614114473166528
2015-09-11,20.55053249024374
2015-09-12,3.857681905047335
2015-09-13,0.0002455543395223261
2015-09-14,0.0002455543395223261
2015-09-15,0.0002455543395223261
2015-09-16,0.49194172480157755
2015-09-17,1.1440445534539012
2015-09-18,0.013376088151266374
2015-09-19,0.013376088151266374
2015-09-20,0.030371729202388724
2015-09-21,25.16699353836972
2015-09-22,0.2712351583424379
2015-09-23,5.264313044367408
2015-09-24,3.5519013898958702
2015-09-25,3.105500042266356
2015-09-26,0.009146673190772246
2015-09-27,16.11457093786207
2015-09-28,12.30459871236576
2015-09-29,41.36203604881325
2015-09-30,5.993260035456104
2015-10-01,0.14625733858366927
2015-10-02,0.814366549031786
2015-10-03,0.5819530289809685
2015-10-04,0.001515244042337189
2015-10-05,0.5704759044777903
2015-10-06,0.44437222982841035
2015-10-07,0.9608376341702218
2015-10-08,0.0134890819884937
2015-10-09,0.001338385275588616
2015-10-10,0.44017303758295007
2015-10-11,0.00014395606756204912
2015-10-12,0.00014395606756204912
2015-10-13,1.2444291843102522
2015-10-14,0.00014395606756204912
2015-10-15,0.00014395606756204912
2015-10-16,0.0
2015-10-17,0.0
2015-10-18,0.0
2015-10-19,0.0
2015-10-20,0.0
2015-10-21,0.000479782778737793
2015-10-22,1.4832659522819238
2015-10-23,0.11880245803995701
2015-10-24,4.094091223963259
2015-10-25,5.077262656146125
2015-10-26,80.24182586105626
2015-10-27,12.16691682821373
2015-10-28,0.5865462101783526
2015-10-29,0.21829236315209222
2015-10-30,7.726461286592087e-05
2015-10-31,1.104365757819643
2015-11-01,39.5847602887353
2015-11-02,16.672160740989348
2015-11-03,0.21606336000317297
2015-11-04,0.06226277162421971
2015-11-05,0.40945909073573744
2015-11-06,0.49249948283047423
2015-11-07,2.093715280672707
2015-11-08,18.151498700594054
2015-11-09,0.32096686462450763
2015-11-10,0.016871101689154625
2015-11-11,0.001096325223083244
2015-11-12,2.9395159190250326
2015-11-13,0.0001106599983797526
2015-11-14,0.0001106599983797526
2015-11-15,0.017666058350175734
2015-11-16,0.1886548317056026
2015-11-17,3.053368876207054
2015-11-18,72.39075664198461
2015-11-19,0.00021540903189030603
2015-11-20,0.00021540903189030603
2015-11-21,1.4009624121532067
2015-11-22,1.3133339766993168
2015-11-23,1.0192189217433734
2015-11-24,1.0192189217433734
2015-11-25,1.0192189217433734
2015-11-26,0.0005187977474930389
2015-11-27,0.16059084454177197
2015-11-28,0.10454296503954455
2015-11-29,0.006250436827824504
2015-11-30,1.7232933771294483
2015-12-01,0.5275000777714034
2015-12-02,12.87619222390489
2015-12-03,0.0002723581062484463
2015-12-04,0.0002723581062484463
2015-12-05,0.0002723581062484463
2015-12-06,0.00047045589948364484
2015-12-07,0.0018641776397612772
2015-12-08,0.00047045589948364484
2015-12-09,0.0013864470010980666
2015-12-10,1.3522952044609506
2015-12-11,0.08752189171300062
2015-12-12,0.0019488428379210397
2015-12-13,0.9092270739462234
2015-12-14,21.472460119499566
2015-12-15,0.00018191205473120278
2015-12-16,4.859791287161255
2015-12-17,17.440307655456323
2015-12-18,0.00014896985457967812
2015-12-19,0.00014896985457967812
2015-12-20,0.00014896985457967812
2015-12-21,2.317386379952787
2015-12-22,39.37935866648912
2015-12-23,42.95321887558039
2015-12-24,70.1023987560791
2015-12-25,23.31262373927986
2015-12-26,6.926275375376312
2015-12-27,1.8393953670833731
2015-12-28,15.372385966832583
2015-12-29,0.00043043199203110077
2015-12-30,38.54617601974321
2015-12-31,5.269145947702573
2016-01-01,7.159247694817114
2016-01-02,1.8951948925597164
2016-01-03,0.6147456302200708
2016-01-04,0.0
2016-01-05,0.0
2016-01-06,0.0
2016-01-07,1.1996158152289083
2016-01-08,0.028829838824666144
2016-01-09,4.377388092715342
2016-01-10,0.1469651792501139
2016-01-11,0.0
2016-01-12,0.0
2016-01-13,0.0
2016-01-14,0.005522457862543669
2016-01-15,37.740054097842474
2016-01-16,0.008225100196493236
2016-01-17,8.979557743702586
2016-01-18,0.0
2016-01-19,0.0
2016-01-20,1.5727276374129324
2016-01-21,8.163219672854657
2016-01-22,25.527901247322006
2016-01-23,6.183075599549352e-05
2016-01-24,0.0
2016-01-25,0.028032188844248712
2016-01-26,7.894641948198671
2016-01-27,27.74632026040341
2016-01-28,0.6336833590475234
2016-01-29,0.0
2016-01-30,0.0
2016-01-31,0.49196691240320894
2016-02-01,1.1244779755825263
2016-02-02,2.7103051546292285
2016-02-03,36.886744870845895
2016-02-04,0.0002662786895642285
2016-02-05,0.0
2016-02-06,0.23489708420194852
2016-02-07,0.23489708420194852
2016-02-08,0.3129385557678373
2016-02-09,0.23489708420194852
2016-02-10,0.23489708420194852
2016-02-11,0.0
2016-02-12,0.0008340231805598848
2016-02-13,0.0
2016-02-14,0.0
2016-02-15,15.520639814055015
2016-02-16,11.083710854903558
2016-02-17,0.01291143799973487
2016-02-18,0.0
2016-02-19,0.0
2016-02-20,0.6858360353613213
2016-02-21,0.3893503350244588
2016-02-22,20.806750327414015
2016-02-23,24.139220487778992
2016-02-24,17.665126004188444
2016-02-25,2.729838673203751e-05
2016-02-26,0.0
2016-02-27,0.0
2016-02-28,0.0
2016-02-29,2.8112458624322407
2016-03-01,0.19768998305757615
2016-03-02,0.9416362631372309
2016-03-03,5.763995384636668
2016-03-04,1.4714640334785136
2016-03-05,0.0
2016-03-06,0.0
2016-03-07,0.005934030826766977
2016-03-08,1.227654284575497
2016-03-09,0.9812592688193918
2016-03-10,2.8637491463634
2016-03-11,41.98038190188586
2016-03-12,40.354898931274704
2016-03-13,24.182299097360794
2016-03-14,0.4131058474022413
2016-03-15,0.028742958064756508
2016-03-16,1.3070098479728909
2016-03-17,8.579166926044062
2016-03-18,42.14096391875222
2016-03-19,10.608839968070662
2016-03-20,0.4272084616378396
2016-03-21,0.0
2016-03-22,0.0
2016-03-23,1.4718313703036077
2016-03-24,38.461246070630544
2016-03-25,8.540557966722899
2016-03-26,1.4981816258289107
2016-03-27,31.860810097202435
2016-03-28,0.0799101743370415
2016-03-29,0.00022077680840648412
2016-03-30,0.00274422645755752
2016-03-31,3.064015553037039
2016-04-01,40.58994396227117
2016-04-02,12.658549362055032
2016-04-03,0.0
2016-04-04,0.0
2016-04-05,0.0014795830435947346
2016-04-06,0.0
2016-04-07,0.0
2016-04-08,0.0
2016-04-09,0.0
2016-04-10,0.0
2016-04-11,1.0753991906647256
2016-04-12,16.505846159094435
2016-04-13,12.21844309944082
2016-04-14,8.630106442548596
2016-04-15,3.531697102907689
2016-04-16,0.13078490024181913
2016-04-17,0.0014621582705148484
2016-04-18,0.0
2016-04-19,0.0
2016-04-20,7.993155998205282e-06
2016-04-21,0.0
2016-04-22,0.0
2016-04-23,0.0
2016-04-24,0.0
2016-04-25,0.0
2016-04-26,0.46939486301556826
2016-04-27,3.800871495096325
2016-04-28,40.816000152498034
2016-04-29,0.6239062192602103
2016-04-30,2.00545054330399
2016-05-01,16.795518411467405
2016-05-02,8.667627013059416
2016-05-03,8.051916990717237
2016-05-04,0.028779717435070705
2016-05-05,0.0
2016-05-06,0.0
2016-05-07,0.0
2016-05-08,0.0
2016-05-09,0.005638338777217202
2016-05-10,0.09859115840401719
2016-05-11,0.024864571475637805
2016-05-12,0.012649850656162701
2016-05-13,0.01787669284583286
2016-05-14,0.0006280211885064841
2016-05-15,0.0
2016-05-16,0.0
2016-05-17,19.176556817808905
2016-05-18,1.6431762759740987
2016-05-19,0.48538577861778304
2016-05-20,26.310616501561697
2016-05-21,0.0
2016-05-22,0.0
2016-05-23,0.0
2016-05-24,0.0
2016-05-25,0.0
2016-05-26,0.002179594900405302
2016-05-27,0.005632938083386423
2016-05-28,0.11479985164800793
2016-05-29,0.6947227774370147
2016-05-30,0.7169894360005576
2016-05-31,9.430990935270913
2016-06-01,4.679370741649623
2016-06-02,0.6051307971059728
2016-06-03,1.8801840667264074
2016-06-04,17.091111066395467
2016-06-05,34.67072055758313
2016-06-06,0.6009366010965838
2016-06-07,0.0005595976222572294
2016-06-08,0.0
2016-06-09,0.0
2016-06-10,0.024913845213239038
2016-06-11,4.931475764189353
2016-06-12,1.0710836049367563
2016-06-13,4.975994337202194
2016-06-14,8.41293661355483
2016-06-15,3.100388764685643
2016-06-16,0.4605908234797776
2016-06-17,1.2070717260766095
2016-06-18,6.024431965230713
2016-06-19,3.8991036943494497
2016-06-20,0.3852877515718599
2016-06-21,0.3028454838815113
2016-06-22,0.13919624553571427
2016-06-23,0.0007213300896452134
2016-06-24,0.36251443981531617
2016-06-25,0.0007683204484572289
2016-06-26,0.3061907681196454
2016-06-27,16.02282937527346
2016-06-28,20.19352490299457
2016-06-29,12.606851785531932
2016-06-30,10.105313770721878
2016-07-01,0.07561182155610184
2016-07-02,0.007505566147349768
2016-07-03,0.4486403587850163
2016-07-04,2.4634916064462806
2016-07-05,1.7873767960420799
2016-07-06,4.927840264241809
2016-07-07,0.28321461016163324
2016-07-08,0.8041676475367043
2016-07-09,5.824373753328096
2016-07-10,11.393459339909414
2016-07-11,12.029179261689862
2016-07-12,11.403920853107733
2016-07-13,7.774367856378184
2016-07-14,16.1191112955027
2016-07-15,14.76183756452666
2016-07-16,1.0881623280421215
2016-07-17,15.198561050856622
2016-07-18,3.508156354436473
2016-07-19,0.23397800187802478
2016-07-20,1.776962149909579
2016-07-21,5.480515803895224
2016-07-22,20.348095830534028
2016-07-23,2.421050600548447
2016-07-24,4.713414273393838
2016-07-25,10.438479441592078
2016-07-26,12.02709066408183
2016-07-27,12.481351904023134
2016-07-28,0.14899269322297112
2016-07-29,1.727437690097296
2016-07-30,2.9590680566906533
2016-07-31,9.060887519527478
2016-08-01,6.591639576382438
2016-08-02,7.678576529748181
2016-08-03,4.997893381608669
2016-08-04,7.685243967978344
2016-08-05,8.935874136205998
2016-08-06,2.7631565573981747
2016-08-07,3.3511926514902513
2016-08-08,4.118433623366915
2016-08-09,4.951061830674337
2016-08-10,5.591999158707627
2016-08-11,21.275409670092277
2016-08-12,19.47417873492815
2016-08-13,4.3630102178891015
2016-08-14,3.822755211110391
2016-08-15,4.462760156295721
2016-08-16,0.8487400001722735
2016-08-17,2.710128698495725
2016-08-18,2.1755178182579593
2016-08-19,3.950797167441565
2016-08-20,3.573594768320578
2016-08-21,0.34327448886742434
2016-08-22,0.30909086558672105
2016-08-23,0.32570719939576614
2016-08-24,0.8461955071467259
2016-08-25,0.7816689784870956
2016-08-26,0.06251434011265598
2016-08-27,1.096618145391578
2016-08-28,4.013834044697671
2016-08-29,0.09223652858970748
2016-08-30,0.029223791415818247
2016-08-31,0.0014998941425171193
2016-09-01,0.31183749816463224
2016-09-02,0.3281722782642274
2016-09-03,2.3423137439946733
2016-09-04,3.3690137059278946
2016-09-05,3.142342463164447
2016-09-06,2.4491028122196488
2016-09-07,0.10495731264755584
2016-09-08,0.7285036091778466
2016-09-09,0.033316349700369924
2016-09-10,0.17072772810170606
2016-09-11,2.0763405894446545
2016-09-12,16.753783608343287
2016-09-13,1.55393720596303
2016-09-14,0.20229887263585672
2016-09-15,0.1225673286489536
2016-09-16,11.080020929775106
2016-09-17,23.39656704696741
2016-09-18,4.2619773816606585
2016-09-19,0.6663380310336143
2016-09-20,0.011886818617932336
2016-09-21,0.06175752671826139
2016-09-22,0.22544787774492972
2016-09-23,0.29898665165703187
2016-09-24,0.13948254170851102
2016-09-25,3.97850520572635
2016-09-26,0.5474733150294534
2016-09-27,2.4125692877515004
2016-09-28,0.061315489959125134
2016-09-29,0.0
2016-09-30,0.0
2016-10-01,0.0
2016-10-02,0.14656881299111416
2016-10-03,0.0
2016-10-04,1.0898832469767818
2016-10-05,0.2636679895774732
2016-10-06,1.3438904103217677
2016-10-07,0.006762820106960245
2016-10-08,0.0
2016-10-09,0.0
2016-10-10,0.0
2016-10-11,0.0
2016-10-12,0.00040076810746526176
2016-10-13,0.0
2016-10-14,0.0
2016-10-15,0.8579099077650129
2016-10-16,0.0
2016-10-17,0.0
2016-10-18,0.0
2016-10-19,0.0
2016-10-20,0.0
2016-10-21,0.12380147680056715
2016-10-22,0.0
2016-10-23,0.0
2016-10-24,0.0
2016-10-25,0.0
2016-10-26,0.2987042360897247
2016-10-27,0.15175060753844086
2016-10-28,0.0
2016-10-29,0.0
2016-10-30,0.0
2016-10-31,0.0
2016-11-01,0.05935802333777281
2016-11-02,0.25631456568518907
2016-11-03,0.1161950155311377
2016-11-04,0.4125987167593353
2016-11-05,0.05935802333777281
2016-11-06,0.0
2016-11-07,0.09724941540777159
2016-11-08,12.056673906089257
2016-11-09,5.275150208775977
2016-11-10,0.0
2016-11-11,0.0
2016-11-12,0.0
2016-11-13,0.0
2016-11-14,5.429858379994926
2016-11-15,3.6481127331479772
2016-11-16,0.012971973426897258
2016-11-17,0.0
2016-11-18,0.003974488117480638
2016-11-19,1.650540082509242
2016-11-20,0.0
2016-11-21,0.0
2016-11-22,0.0
2016-11-23,0.00043734219827870505
2016-11-24,1.8592790038947642
2016-11-25,0.0034846922585629416
2016-11-26,0.0
2016-11-27,0.0
2016-11-28,0.32139418366301603
2016-11-29,16.69611774921648
2016-11-30,10.26269402370891
2016-12-01,0.0
2016-12-02,0.0
2016-12-03,10.713180664398093
2016-12-04,24.83987971796177
2016-12-05,49.050579474346044
2016-12-06,14.678286264879608
2016-12-07,0.15585294644042547
2016-12-08,0.029046154028123716
2016-12-09,0.0
2016-12-10,0.0
2016-12-11,0.0
2016-12-12,2.4117082220672015
2016-12-13,48.22241102257864
2016-12-14,14.479219280302347
2016-12-15,0.02680125171166173
2016-12-16,1.346555166801181e-07
2016-12-17,1.4405740132994695
2016-12-18,24.834386271715196
2016-12-19,21.84012996152581
2016-12-20,0.008846955976844251
2016-12-21,0.0
2016-12-22,0.0
2016-12-23,0.0
2016-12-24,0.0
2016-12-25,0.0
2016-12-26,0.1296427025891011
2016-12-27,0.1476304532408955
2016-12-28,0.06028241936543963
2016-12-29,0.648568457416543
2016-12-30,0.0
2016-12-31,0.9270072644726641
2017-01-01,138.72545292682702
2017-01-02,86.12230936682317
2017-01-03,10.311783229944739
2017-01-04,0.001890732106346829
2017-01-05,0.0027469801294087116
2017-01-06,16.91012065718715
2017-01-07,4.70876546372232
2017-01-08,0.0
2017-01-09,0.0
2017-01-10,0.28708741337028537
2017-01-11,4.260004850100125
2017-01-12,1.2270846868471292
2017-01-13,0.049657609266261026
2017-01-14,3.1277997657440633e-07
2017-01-15,0.10057364159061469
2017-01-16,0.9708609123755723
2017-01-17,1.5669469340086624
2017-01-18,0.36215593582334454
2017-01-19,10.121999737947279
2017-01-20,12.851718278350981
2017-01-21,21.843357405812196
2017-01-22,11.668015019505392
2017-01-23,0.2507277603197767
2017-01-24,0.0
2017-01-25,0.06897152285830811
2017-01-26,1.3648646638392936
2017-01-27,0.0
2017-01-28,0.0
2017-01-29,0.0
2017-01-30,0.0
2017-01-31,0.0
2017-02-01,5.297565422189267e-05
2017-02-02,0.029562009247184762
2017-02-03,0.004851140387116748
2017-02-04,0.0
2017-02-05,0.058130588947934214
2017-02-06,0.0004612106363056691
2017-02-07,29.27377270760341
2017-02-08,2.0437705048886876
2017-02-09,0.028506942964846436
2017-02-10,0.0
2017-02-11,0.39788612741121804
2017-02-12,0.06504877573064839
2017-02-13,0.18344285755662243
2017-02-14,0.005678479571642638
2017-02-15,3.6710202111966646
2017-02-16,0.0
2017-02-17,1.0754849778543623
2017-02-18,9.845155942141075
2017-02-19,0.003641326574166016
2017-02-20,0.00025034546202298055
2017-02-21,13.676006027215534
2017-02-22,0.6812740406795258
2017-02-23,0.004850985515841836
2017-02-24,0.03750312514218424
2017-02-25,0.1669449207068023
2017-02-26,0.0
2017-02-27,10.23669045514299
2017-02-28,0.9224076416350966
2017-03-01,1.094679717223764
2017-03-02,5.3472622350662515
2017-03-03,0.0
2017-03-04,0.0
2017-03-05,1.5563581302835585
2017-03-06,2.105305440165124
2017-03-07,2.694078683133261
2017-03-08,21.67456125474242
2017-03-09,0.31738090244114575
2017-03-10,3.7895951904506475
2017-03-11,0.0
2017-03-12,9.973064331169963
2017-03-13,3.962756916755291
2017-03-14,4.842510116756815
2017-03-15,0.0
2017-03-16,0.0
2017-03-17,2.1717849897169494e-07
2017-03-18,1.3666379195328229
2017-03-19,0.0023543841980389166
2017-03-20,0.26533511801419507
2017-03-21,0.011478745156573005
2017-03-22,0.0
2017-03-23,0.0022554220964666532
2017-03-24,0.5248649917533632
2017-03-25,7.503926238290906
2017-03-26,2.272205314223968
2017-03-27,5.747651525170409
2017-03-28,1.3279474455135343
2017-03-29,0.03937250199308043
2017-03-30,25.542766013444943
2017-03-31,0.18619948580641346
2017-04-01,0.0
2017-04-02,0.06291275443234645
2017-04-03,37.74102864116053
2017-04-04,0.020736722936977856
2017-04-05,31.14018426577086
2017-04-06,0.0
2017-04-07,0.0
2017-04-08,0.0
2017-04-09,0.0
2017-04-10,0.0
2017-04-11,0.0004935876749184026
2017-04-12,0.1998383110093101
2017-04-13,0.04264993292179028
2017-04-14,0.0
2017-04-15,0.15681830231208335
2017-04-16,0.0
2017-04-17,0.0
2017-04-18,0.0
2017-04-19,0.0
2017-04-20,0.0
2017-04-21,0.7357271713497973
2017-04-22,0.033491878330365044
2017-04-23,18.513308353521783
2017-04-24,0.0
2017-04-25,0.0
2017-04-26,0.0
2017-04-27,17.36744300200292
2017-04-28,0.910285399261599
2017-04-29,0.33794096351815534
2017-04-30,7.913838564088944
2017-05-01,43.03800634220048
2017-05-02,0.0
2017-05-03,0.9522112262298519
2017-05-04,60.187148154435036
2017-05-05,0.23882251426124326
2017-05-06,0.0
2017-05-07,0.0
2017-05-08,0.0
2017-05-09,0.0
2017-05-10,0.0
2017-05-11,0.0005981709534694969
2017-05-12,15.101237747361575
2017-05-13,5.4088994931570396
2017-05-14,0.0
2017-05-15,0.0011875112674717388
2017-05-16,0.00017824254712611075
2017-05-17,0.011664977168556898
2017-05-18,1.554847241033112
2017-05-19,1.727770267874627
2017-05-20,8.650677604961716
2017-05-21,27.133530293644473
2017-05-22,1.6739912868161473
2017-05-23,98.57538930979935
2017-05-24,0.7442078339318866
2017-05-25,0.0
2017-05-26,0.0
2017-05-27,0.5329542521261008
2017-05-28,1.3037688602958626
2017-05-29,5.383224026617846
2017-05-30,1.203773351733289
2017-05-31,24.995488664318078
2017-06-01,12.364666361246112
2017-06-02,8.946471426826683
2017-06-03,13.653461291554772
2017-06-04,4.9335779883072775
2017-06-05,12.190288656617621
2017-06-06,19.857222070154265
2017-06-07,12.039920570588793
2017-06-08,0.0
2017-06-09,0.0
2017-06-10,0.10834090671035544
2017-06-11,0.9781011877390113
2017-06-12,14.935511032825378
2017-06-13,8.618516619925801
2017-06-14,5.575584522384204
2017-06-15,5.771469078770864
2017-06-16,2.7575041789503127
2017-06-17,37.541870322073244
2017-06-18,14.157895234816445
2017-06-19,0.8442643760576953
2017-06-20,20.582187192626368
2017-06-21,124.46502007732315
2017-06-22,41.84399316722789
2017-06-23,6.485708117337403
2017-06-24,8.44049478706521
2017-06-25,3.8751767139633952
2017-06-26,0.0
2017-06-27,0.00011077421659833856
2017-06-28,1.259118265616226
2017-06-29,31.062519319743338
2017-06-30,7.792085054417617
2017-07-01,11.766069400888536
2017-07-02,1.6018415813765372
2017-07-03,0.192118113706621
2017-07-04,0.6168231133092853
2017-07-05,3.5612486171158864
2017-07-06,2.432785490652919
2017-07-07,11.552292168805106
2017-07-08,6.990206777789369
2017-07-09,3.8761013264064985
2017-07-10,4.500553971628324
2017-07-11,3.3630193888715056
2017-07-12,6.986719430554224
2017-07-13,3.1882368260099097
2017-07-14,12.437203495135467
2017-07-15,4.612836531676848
2017-07-16,0.4426998316773464
2017-07-17,8.803004942559166
2017-07-18,0.916190173682922
2017-07-19,0.22074295018382326
2017-07-20,0.007243655829820914
2017-07-21,0.7811828297251646
2017-07-22,0.9547953357148379
2017-07-23,0.6327445553045471
2017-07-24,16.45813736955757
2017-07-25,3.102940491853454
2017-07-26,1.1297019134879265
2017-07-27,1.4162774723317706
2017-07-28,0.009302368438718773
2017-07-29,35.89633732087133
2017-07-30,0.3878549339335988
2017-07-31,6.602200916070046e-05
2017-08-01,0.00011636743016697036
2017-08-02,1.3930807908795965e-06
2017-08-03,2.5743342429769873
2017-08-04,3.969753892658547
2017-08-05,2.6376835172234303
2017-08-06,12.888273774861549
2017-08-07,1.3543273697009528
2017-08-08,8.255692382184924
2017-08-09,11.908319295127018
2017-08-10,8.409205193035074
2017-08-11,25.551597779384597
2017-08-12,8.648286968943303
2017-08-13,0.6638880687178667
2017-08-14,10.897895240550945
2017-08-15,14.263985531565549
2017-08-16,8.09953059410996
2017-08-17,0.15819417314581855
2017-08-18,0.39274093030783147
2017-08-19,4.64592664448317
2017-08-20,0.40870943337797816
2017-08-21,1.988337255635275
2017-08-22,2.9647156523981635
2017-08-23,2.826217297827468
2017-08-24,6.250728492990753
2017-08-25,0.15274002680039253
2017-08-26,0.4769068117340707
2017-08-27,0.16014900533393261
2017-08-28,1.143812718337946
2017-08-29,35.13455757991287
2017-08-30,64.79804170299902
2017-08-31,10.236120233197736
2017-09-01,0.4321810372648489
2017-09-02,0.23824447636123675
2017-09-03,8.195854245809497e-05
2017-09-04,0.0002616873121660864
2017-09-05,0.6171023257810128
2017-09-06,6.075304107726517
2017-09-07,0.0
2017-09-08,0.0
2017-09-09,0.0
2017-09-10,6.1856322045287175
2017-09-11,0.7692711783972886
2017-09-12,0.5021947765353828
2017-09-13,0.04569343812402716
2017-09-14,0.004847121348656257
2017-09-15,1.0577901869830606
2017-09-16,2.9607537717073895
2017-09-17,0.4164414498167889
2017-09-18,0.6999914115096202
2017-09-19,6.043257825316967
2017-09-20,2.1659438352178237
2017-09-21,0.8996358010193958
2017-09-22,3.976745721664647
2017-09-23,1.56230096264812
2017-09-24,5.378521070355378
2017-09-25,7.026950466240361
2017-09-26,3.348439907345191
2017-09-27,1.46879158769476
2017-09-28,0.0015417326895872604
2017-09-29,0.029758940896834767
2017-09-30,0.08596087149735007
2017-10-01,0.08331067913584028
2017-10-02,2.9295208878680166
2017-10-03,0.0005919444377812293
2017-10-04,0.004429498237701299
2017-10-05,0.0
2017-10-06,0.0
2017-10-07,32.153253423505305
2017-10-08,74.48035062807693
2017-10-09,23.563445312642
2017-10-10,3.757725950111693
2017-10-11,4.130595694293479
2017-10-12,0.11742317600183141
2017-10-13,0.5198414266349481
2017-10-14,0.005209689517847063
2017-10-15,10.255114222982447
2017-10-16,0.0
2017-10-17,0.0
2017-10-18,0.0
2017-10-19,0.0
2017-10-20,0.0
2017-10-21,1.8590605068637016
2017-10-22,32.83896638152277
2017-10-23,23.783861053228218
2017-10-24,0.0
2017-10-25,0.0
2017-10-26,0.0
2017-10-27,0.21491271245173804
2017-10-28,0.6815074409628056
2017-10-29,0.0
2017-10-30,0.0
2017-10-31,0.0
2017-11-01,2.8614831977512587
2017-11-02,0.3002708879883198
2017-11-03,6.679100091883868
2017-11-04,2.48897527609578
2017-11-05,0.013417636582921392
2017-11-06,0.07863289008074767
2017-11-07,0.002346303173639251
2017-11-08,0.9275602496929533
2017-11-09,4.684785310131973
2017-11-10,0.0
2017-11-11,0.0
2017-11-12,2.9173067898407323
2017-11-13,0.01949068661929259
2017-11-14,0.0
2017-11-15,0.0
2017-11-16,0.0
2017-11-17,0.002891520165584716
2017-11-18,0.16462636841518852
2017-11-19,2.0052513177693854
2017-11-20,0.0
2017-11-21,1.8027131866309007
2017-11-22,0.031227146508083996
2017-11-23,0.0
2017-11-24,0.0
2017-11-25,0.00010652504514391029
2017-11-26,0.0
2017-11-27,0.0
2017-11-28,0.0
2017-11-29,0.037699528520426066
2017-11-30,3.291211124739902
2017-12-01,1.3033133949662066
2017-12-02,0.012933194625345
2017-12-03,4.225019055649475e-05
2017-12-04,0.06448414376496657
2017-12-05,3.0580045296670515
2017-12-06,25.360153552563233
2017-12-07,9.614743540670274
2017-12-08,31.16072587394499
2017-12-09,1.3614274864105607
2017-12-10,0.0
2017-12-11,0.5402400114684824
2017-12-12,0.5402400114684824
2017-12-13,0.5402400114684824
2017-12-14,0.5402400114684824
2017-12-15,2.88724406237024
2017-12-16,0.0
2017-12-17,28.230682884160814
2017-12-18,33.01176243893826
2017-12-19,1.8455015946034983
2017-12-20,2.746878963583792
2017-12-21,0.0
2017-12-22,0.0
2017-12-23,0.0
2017-12-24,0.0
2017-12-25,0.0
2017-12-26,0.005055811857905202
2017-12-27,0.5201440861343226
2017-12-28,0.20079187056634185
2017-12-29,0.00020983864105675508
2017-12-30,0.00029201102299712255
2017-12-31,0.2215850259099606
2018-01-01,3.13432215579442
2018-01-02,0.0
2018-01-03,2.1103077839660136
2018-01-04,0.0
2018-01-05,0.0
2018-01-06,0.0
2018-01-07,0.00024219910680911268
2018-01-08,35.09711075560473
2018-01-09,0.23556961298201437
2018-01-10,0.13644660413563992
2018-01-11,1.7538506017061515
2018-01-12,4.708756515235576
2018-01-13,0.0008251188860245139
2018-01-14,0.0
2018-01-15,0.0
2018-01-16,0.5500715936695372
2018-01-17,4.412074009191765
2018-01-18,0.0
2018-01-19,0.0
2018-01-20,0.0
2018-01-21,0.0
2018-01-22,10.616550386488743
2018-01-23,0.04702519842545042
2018-01-24,0.0
2018-01-25,0.0
2018-01-26,0.4445841065993552
2018-01-27,8.979765893087547
2018-01-28,21.806906210808535
2018-01-29,0.00310592671277509
2018-01-30,0.0
2018-01-31,0.0
2018-02-01,0.04579931588357502
2018-02-02,0.5408842925493338
2018-02-03,0.2116539486288312
2018-02-04,3.1323543101540694
2018-02-05,0.0
2018-02-06,5.48040817742377
2018-02-07,20.88630852215482
2018-02-08,0.8149629520502242
2018-02-09,1.3522641954245005
2018-02-10,9.238011911298193
2018-02-11,47.422376684985046
2018-02-12,9.04350048698025
2018-02-13,0.539846640437965
2018-02-14,1.8531536050620687
2018-02-15,2.723502516211371
2018-02-16,0.1930423863531896
2018-02-17,0.3640355346203944
2018-02-18,0.0011811246109899218
2018-02-19,0.3772772781474339
2018-02-20,0.38172748868461703
2018-02-21,9.373019322638331e-07
2018-02-22,3.021856608804811e-07
2018-02-23,4.277056628720482e-06
2018-02-24,1.142390169532809e-06
2018-02-25,3.905090896669702e-06
2018-02-26,43.91214259283963
2018-02-27,0.035648046765803944
2018-02-28,5.480462841532854
2018-03-01,0.0044804011801400714
2018-03-02,8.176784245999795e-05
2018-03-03,0.0
2018-03-04,0.0
2018-03-05,0.0001897887413760828
2018-03-06,13.669010159736304
2018-03-07,0.0
2018-03-08,0.0
2018-03-09,0.0
2018-03-10,1.5408333782518318
2018-03-11,31.536151562819228
2018-03-12,0.1269039987535311
2018-03-13,0.0
2018-03-14,0.0
2018-03-15,0.0
2018-03-16,18.37969250626691
2018-03-17,6.80382990995952
2018-03-18,11.498432918941397
2018-03-19,2.533838251632733
2018-03-20,0.24302166071452663
2018-03-21,0.0
2018-03-22,0.0
2018-03-23,0.0
2018-03-24,0.08331426800615051
2018-03-25,1.8758522041225538
2018-03-26,0.26462917915496387
2018-03-27,1.4873205762398367
2018-03-28,0.5438328518030444
2018-03-29,32.81223972084659
2018-03-30,4.183982374646522
2018-03-31,0.0
2018-04-01,0.0
2018-04-02,0.21237792277340226
2018-04-03,2.2780287594127264
2018-04-04,21.92768852617231
2018-04-05,0.0
2018-04-06,1.5843089412299067
2018-04-07,27.91667054685803
2018-04-08,7.24599749096308
2018-04-09,2.0405004571611896
2018-04-10,0.6237764567810883
2018-04-11,0.0
2018-04-12,0.0
2018-04-13,0.2842975028833253
2018-04-14,24.25474559241478
2018-04-15,52.89331243482649
2018-04-16,0.0
2018-04-17,0.0
2018-04-18,0.0
2018-04-19,0.0
2018-04-20,0.0
2018-04-21,0.04542149144823738
2018-04-22,7.417126750709153
2018-04-23,0.13408166056610232
2018-04-24,0.17538899041470024
2018-04-25,0.0
2018-04-26,2.141280802922893
2018-04-27,0.0017001727054903148
2018-04-28,0.0
2018-04-29,0.0
2018-04-30,0.0
2018-05-01,0.3176107266041611
2018-05-02,0.0
2018-05-03,0.0
2018-05-04,0.0
2018-05-05,0.601043133313865
2018-05-06,0.0
2018-05-07,0.0
2018-05-08,0.0
2018-05-09,0.0
2018-05-10,0.0
2018-05-11,0.0
2018-05-12,0.00016175784046522007
2018-05-13,0.001209966834874944
2018-05-14,0.033404831994648714
2018-05-15,0.004358464249043697
2018-05-16,2.5521837679240753
2018-05-17,27.033099181369593
2018-05-18,0.3439647668075145
2018-05-19,1.1709612888615464
2018-05-20,5.012918241976782
2018-05-21,3.468075727058316
2018-05-22,3.1620413234799343
2018-05-23,13.26585440259977
2018-05-24,2.8993467264864514
2018-05-25,8.300817845003852
2018-05-26,13.714627197212359
2018-05-27,0.2859426773285299
2018-05-28,10.684600875871066
2018-05-29,2.3114465219949873
2018-05-30,5.604084365299089
2018-05-31,1.7765876585975577
2018-06-01,2.5057386917515916
2018-06-02,2.5555632571834916
2018-06-03,1.6276970050556592
2018-06-04,0.3635750277128951
2018-06-05,16.820758483344605
2018-06-06,3.236864134735116
2018-06-07,0.0021021880219036734
2018-06-08,0.12014158264486574
2018-06-09,2.1610047224758997
2018-06-10,8.533934691942148
2018-06-11,10.966972912143056
2018-06-12,9.886038855611025
2018-06-13,3.096383818771302
2018-06-14,29.00910049736858
2018-06-15,14.739307484483842
2018-06-16,14.634165650734884
2018-06-17,5.3068277598438165
2018-06-18,0.7102123783546953
2018-06-19,0.09421910870163017
2018-06-20,0.9039423938541978
2018-06-21,4.129860168761703
2018-06-22,1.7670365595170825
2018-06-23,0.1693914457058776
2018-06-24,2.244504416610653
2018-06-25,0.5636593927438517
2018-06-26,2.205334476500323
2018-06-27,4.548937282968038
2018-06-28,4.839373589184198
2018-06-29,4.556276298442302
2018-06-30,4.217685797739023
2018-07-01,7.263756109433641
2018-07-02,11.03714584775196
2018-07-03,6.107686751585053
2018-07-04,2.6213414191869484
2018-07-05,1.1701426078054313
2018-07-06,7.66084503560333
2018-07-07,13.18348206359579
2018-07-08,6.048449575129327
2018-07-09,2.1432356941276343
2018-07-10,5.164175542409136
2018-07-11,2.6107052912697197
2018-07-12,2.0312123936466935
2018-07-13,0.3898417726269632
2018-07-14,0.6693148378393661
2018-07-15,10.866557284794311
2018-07-16,12.3918493163887
2018-07-17,28.65975488432148
2018-07-18,3.87693567219675
2018-07-19,3.973861648609985
2018-07-20,3.1583274171818783
2018-07-21,0.061985233903754246
2018-07-22,0.6216438892454045
2018-07-23,0.013514953762213877
2018-07-24,0.14586424296278463
2018-07-25,0.04758556672490108
2018-07-26,0.07874807256342575
2018-07-27,0.01816406606935253
2018-07-28,0.016487531276710973
2018-07-29,4.194827777493299
2018-07-30,7.037178457698829
2018-07-31,24.8636998592379
2018-08-01,18.515736275224995
2018-08-02,6.563399684849558
2018-08-03,3.680478798933915
2018-08-04,2.415829213490855
2018-08-05,0.2544695322128624
2018-08-06,0.3826510097829518
2018-08-07,1.4508626834705096
2018-08-08,5.785345480592254
2018-08-09,6.361378275975532
2018-08-10,10.425029173867566
2018-08-11,0.8935451923788499
2018-08-12,1.475086237699379
2018-08-13,4.627749068752785
2018-08-14,0.138150902336513
2018-08-15,8.099319570723718
2018-08-16,10.544207886419814
2018-08-17,6.599057844095588
2018-08-18,15.22904986179588
2018-08-19,31.178836414554063
2018-08-20,7.553351502683222
2018-08-21,0.45783557748047327
2018-08-22,0.0958820604195321
2018-08-23,0.0
2018-08-24,4.408051025848207e-05
2018-08-25,0.08100708436637573
2018-08-26,0.5362892865814443
2018-08-27,0.37306578532891665
2018-08-28,1.8779217095057692
2018-08-29,4.071512955984729
2018-08-30,4.734388459642705
2018-08-31,7.274006115551482
2018-09-01,13.35113758842808
2018-09-02,4.315762594367079
2018-09-03,4.762940524054479
2018-09-04,3.306395014165018
2018-09-05,55.70354529847711
2018-09-06,4.908711652412923
2018-09-07,2.182810031754681
2018-09-08,0.22517407131586756
2018-09-09,4.098342580846688
2018-09-10,18.081517364668105
2018-09-11,15.481647276088836
2018-09-12,0.819339242822613
2018-09-13,11.116800886005759
2018-09-14,1.5223894581470847
2018-09-15,0.13582346254263433
2018-09-16,0.09162519123377386
2018-09-17,0.6731583620918717
2018-09-18,0.872896190286986
2018-09-19,0.07968562446594928
2018-09-20,1.0731133054523574
2018-09-21,0.2836707405152144
2018-09-22,1.75760889448321
2018-09-23,0.715733047316055
2018-09-24,9.015504204875498
2018-09-25,5.368538019010947
2018-09-26,5.374877149496876
2018-09-27,14.84629822724573
2018-09-28,14.602125119617074
2018-09-29,4.599257049120664
2018-09-30,3.94799135350189
2018-10-01,24.241338645451815
2018-10-02,1.3257429106717107
2018-10-03,0.21344958145613777
2018-10-04,0.273104005780836
2018-10-05,0.1466105898103918
2018-10-06,1.5055924310749569
2018-10-07,0.6749569293237139
2018-10-08,6.743328802073843
2018-10-09,3.507162067810291
2018-10-10,6.004148945382113
2018-10-11,5.1919839937321315e-08
2018-10-12,0.0
2018-10-13,0.0
2018-10-14,0.00023804737980211868
2018-10-15,1.5262422837384337
2018-10-16,0.09569829706405421
2018-10-17,0.043908579956238133
2018-10-18,0.00024057524808874468
2018-10-19,0.017939610858833877
2018-10-20,0.1041992357657035
2018-10-21,0.008113770706784533
2018-10-22,0.0
2018-10-23,3.089406947251585
2018-10-24,0.0006386686369186086
2018-10-25,20.69503440291793
2018-10-26,2.550420671808624
2018-10-27,4.3025520617705395e-05
2018-10-28,0.0005391829527520404
2018-10-29,0.0
2018-10-30,0.001259594908507924
2018-10-31,0.31096659418519484
2018-11-01,38.33909071184818
2018-11-02,0.3895642582694289
2018-11-03,0.0
2018-11-04,1.0496400313264989
2018-11-05,3.624285824322492
2018-11-06,6.627776188894941
2018-11-07,5.253439716877425
2018-11-08,15.50296598403322
2018-11-09,3.372467222032619
2018-11-10,0.3900487179226381
2018-11-11,0.1424747483653656
2018-11-12,47.010016641523485
2018-11-13,13.661794857237945
2018-11-14,4.24777981419349
2018-11-15,0.000846932730728087
2018-11-16,0.0
2018-11-17,0.0
2018-11-18,0.0
2018-11-19,0.0
2018-11-20,6.85419678636363
2018-11-21,0.0
2018-11-22,0.010455676326999822
2018-11-23,0.13288132097249303
2018-11-24,7.406669515177359
2018-11-25,5.179893670472884
2018-11-26,1.4629544942248234
2018-11-27,0.0
2018-11-28,0.0
2018-11-29,1.0451846277336734
2018-11-30,1.6670513367062711
2018-12-01,10.262230043776759
2018-12-02,0.02840397850275415
2018-12-03,0.01341429692445689
2018-12-04,0.0
2018-12-05,0.0
2018-12-06,0.0
2018-12-07,0.436421313730226
2018-12-08,46.827634411382704
2018-12-09,18.540614943093697
2018-12-10,0.004123829975086241
2018-12-11,0.0
2018-12-12,0.0
2018-12-13,3.9938982742984495
2018-12-14,27.095556835920885
2018-12-15,0.3792466121344726
2018-12-16,0.04294578658153488
2018-12-17,0.0
2018-12-18,0.0
2018-12-19,7.213996330495525
2018-12-20,35.39196270089893
2018-12-21,0.0
2018-12-22,0.0
2018-12-23,0.0
2018-12-24,0.0
2018-12-25,0.0
2018-12-26,0.005584266384779919
2018-12-27,29.0874257620604
2018-12-28,43.714069839531064
2018-12-29,12.618280635905437
2018-12-30,14.122748303640494
2018-12-31,12.67390291954494
2019-01-01,16.012207665541506
2019-01-02,6.16547243310269
2019-01-03,8.52830489013592
2019-01-04,47.09324402260607
2019-01-05,0.0006286823874600631
2019-01-06,0.0
2019-01-07,0.0
2019-01-08,1.56555971399619
2019-01-09,0.0
2019-01-10,0.0
2019-01-11,0.0
2019-01-12,4.2404246546258655
2019-01-13,0.677698880844829
2019-01-14,0.0
2019-01-15,0.0014625199462929956
2019-01-16,0.0
2019-01-17,0.4264605015716484
2019-01-18,1.6807247665716107
2019-01-19,9.480958388345288
2019-01-20,0.055855508365604795
2019-01-21,0.0
2019-01-22,0.08460183088941707
2019-01-23,56.64170255168492
2019-01-24,3.341930103337122
2019-01-25,0.0
2019-01-26,0.0
2019-01-27,0.05985578211891583
2019-01-28,0.0008265988051958415
2019-01-29,12.79969831623442
2019-01-30,0.0
2019-01-31,0.0
2019-02-01,0.20079595328977798
2019-02-02,0.12963431170038137
2019-02-03,0.805466792322848
2019-02-04,0.8903995045687321
2019-02-05,9.736197592079042
2019-02-06,2.0244909855515476
2019-02-07,0.4106934794813384
2019-02-08,3.839023222973971
2019-02-09,0.0
2019-02-10,0.04016379047378345
2019-02-11,15.726576267089818
2019-02-12,25.909846627970552
2019-02-13,0.011170685845532826
2019-02-14,0.0
2019-02-15,1.9837675331950275
2019-02-16,0.3305854114848824
2019-02-17,0.23282579893726707
2019-02-18,1.0123266591391769
2019-02-19,0.21750160827317966
2019-02-20,5.0865229308221265
2019-02-21,9.646399200044346
2019-02-22,3.8360654746267926
2019-02-23,3.6576759169454784
2019-02-24,12.586164822330916
2019-02-25,0.0
2019-02-26,4.501956454657424
2019-02-27,5.955746085558575
2019-02-28,21.631429677912376
2019-03-01,18.161594658028847
2019-03-02,1.6745668848079858
2019-03-03,44.6734553870543
2019-03-04,0.04721367673709068
2019-03-05,3.7796518065327946
2019-03-06,0.0
2019-03-07,0.0
2019-03-08,0.4704836035527625
2019-03-09,2.387964561373494
2019-03-10,2.4698886552859083
2019-03-11,11.86347439063257
2019-03-12,0.040264722124340305
2019-03-13,0.5476006962381856
2019-03-14,3.009838381712406
2019-03-15,7.333074783516336
2019-03-16,16.978742207536417
2019-03-17,0.01772739622301584
2019-03-18,0.0011618832915305337
2019-03-19,0.0011618832915305337
2019-03-20,0.0011618832915305337
2019-03-21,4.029332238433645e-09
2019-03-22,0.0
2019-03-23,0.0
2019-03-24,0.0
2019-03-25,0.5750614565368647
2019-03-26,2.7579928989094786
2019-03-27,0.0
2019-03-28,0.0
2019-03-29,0.05541231187189073
2019-03-30,0.7415287862520998
2019-03-31,3.6850252632136304
2019-04-01,2.355923903535459e-05
2019-04-02,0.9503253665537826
2019-04-03,0.0
2019-04-04,20.586337163311363
2019-04-05,24.15187169052414
2019-04-06,4.539354524974864
2019-04-07,1.0402403803722495
2019-04-08,23.729724800759104
2019-04-09,2.4601311851596366
2019-04-10,0.0001159322301100481
2019-04-11,0.0
2019-04-12,1.8075572912320494
2019-04-13,6.927203557228963
2019-04-14,28.711477104719958
2019-04-15,0.0
2019-04-16,0.0
2019-04-17,0.0
2019-04-18,6.446501582321889
2019-04-19,35.32454087359827
2019-04-20,0.04818816395747868
2019-04-21,0.0
2019-04-22,0.0
2019-04-23,0.0
2019-04-24,0.4444378903929474
2019-04-25,28.485688173831505
2019-04-26,3.869365424705952
2019-04-27,0.0
2019-04-28,0.0
2019-04-29,0.0
2019-04-30,0.004706317499257271
2019-05-01,1.0084243954127625
2019-05-02,0.11325736124951856
2019-05-03,1.3935216350192379
2019-05-04,6.824794195901645
2019-05-05,5.023763017598427
2019-05-06,0.0
2019-05-07,0.0
2019-05-08,0.310844901060669
2019-05-09,16.962561054351806
2019-05-10,9.9412015889487
2019-05-11,14.910288350016216
2019-05-12,63.63441354001981
2019-05-13,0.3268504211710656
2019-05-14,0.0
2019-05-15,0.05236819247452859
2019-05-16,1.4228107701926396
2019-05-17,0.039319814586072754
2019-05-18,0.21358785207236997
2019-05-19,3.7305562807243975
2019-05-20,2.201308461222469
2019-05-21,0.0
2019-05-22,0.0
2019-05-23,0.0
2019-05-24,0.0
2019-05-25,0.0
2019-05-26,2.455427276155077e-07
2019-05-27,0.0
2019-05-28,0.0
2019-05-29,2.455427276155077e-07
2019-05-30,0.00016876130273410817
2019-05-31,0.00015571285638184843
2019-06-01,0.05778669126471864
2019-06-02,0.044765863234938766
2019-06-03,0.0
2019-06-04,0.09485100582543989
2019-06-05,5.379539039027092
2019-06-06,26.45430747121973
2019-06-07,9.513948368592418
2019-06-08,11.255428684210463
2019-06-09,0.3955992453922055
2019-06-10,0.28776503092500194
2019-06-11,0.004974132854285933
2019-06-12,1.1787891198527185
2019-06-13,0.0
2019-06-14,0.0
2019-06-15,2.4322875415025336
2019-06-16,12.360175168873655
2019-06-17,4.704748620890149
2019-06-18,34.693377189043005
2019-06-19,2.3610927809736943
2019-06-20,11.646395918296006
2019-06-21,0.5404592662661426
2019-06-22,0.2042709167864178
2019-06-23,0.4475275734990374
2019-06-24,0.5982788190218763
2019-06-25,1.7838306255261616
2019-06-26,0.4913344010046057
2019-06-27,6.239243131425005
2019-06-28,2.859588424334074
2019-06-29,6.503528499962185
2019-06-30,3.0812257336294766
2019-07-01,0.4029804429334227
2019-07-02,0.15721309307065223
2019-07-03,0.9692611478645113
2019-07-04,0.03046129018376409
2019-07-05,0.0015115719060783204
2019-07-06,0.025323799501346885
2019-07-07,0.07457704123810191
2019-07-08,4.02924288510586
2019-07-09,0.6757615240437087
2019-07-10,11.725403204131984
2019-07-11,24.804793521671233
2019-07-12,9.003469351017083
2019-07-13,32.45538313609531
2019-07-14,15.283132374102173
2019-07-15,17.19966353637729
2019-07-16,0.5987726073478142
2019-07-17,0.12419974043606974
2019-07-18,0.2519497327564922
2019-07-19,8.234773511620578
2019-07-20,17.59997639884071
2019-07-21,2.659265232045554
2019-07-22,1.1285179818065525
2019-07-23,1.6627749426605403
2019-07-24,0.18536268757070778
2019-07-25,0.0
2019-07-26,0.0075546630196697655
2019-07-27,0.02180307860743948
2019-07-28,0.0001987737647542786
2019-07-29,0.1786535253816268
2019-07-30,1.1865167790141966
2019-07-31,0.09303680979671948
2019-08-01,5.181661292250831
2019-08-02,13.016467702709887
2019-08-03,4.038080582742177
2019-08-04,3.996918810337188
2019-08-05,11.053301380892115
2019-08-06,1.1677253157114669
2019-08-07,1.7815602967098731
2019-08-08,4.508343555032764
2019-08-09,5.304934997531938
2019-08-10,18.692609515559013
2019-08-11,14.025527208516094
2019-08-12,0.9338192012057398
2019-08-13,3.183410939357891
2019-08-14,19.10023693434946
2019-08-15,3.138859100840942
2019-08-16,0.003368771223011367
2019-08-17,0.002584801646527165
2019-08-18,1.4449136651370795
2019-08-19,1.3789933332612927
2019-08-20,4.541581315640708
2019-08-21,2.7113728021887753
2019-08-22,2.4826095096642713
2019-08-23,3.412165447680777
2019-08-24,9.218736648083077
2019-08-25,5.992038608908926
2019-08-26,18.70558014160289
2019-08-27,13.241153920880016
2019-08-28,0.7775753211370984
2019-08-29,0.0
2019-08-30,0.0
2019-08-31,3.5325644316482445
2019-09-01,3.3612616771057837
2019-09-02,0.28617045258251855
2019-09-03,0.0
2019-09-04,0.0
2019-09-05,0.0017441569239200177
2019-09-06,0.0
2019-09-07,0.5856087012544692
2019-09-08,0.9902087219205574
2019-09-09,13.628202350619437
2019-09-10,0.30589671323442497
2019-09-11,1.1117315312725355
2019-09-12,0.003934471248863276
2019-09-13,0.0
2019-09-14,1.273384506081363e-05
2019-09-15,0.7118485188323991
2019-09-16,1.2041426395870538
2019-09-17,0.24837360589908336
2019-09-18,0.03319216277905189
2019-09-19,17.58230574698472
2019-09-20,1.2844949958550114
2019-09-21,0.9351837672903422
2019-09-22,0.07417757121183514
2019-09-23,0.0
2019-09-24,0.26961412930439693
2019-09-25,0.9551597061234406
2019-09-26,0.0
2019-09-27,0.0173393050064553
2019-09-28,1.309414837048382
2019-09-29,0.03972554331830481
2019-09-30,0.008540031874454455
2019-10-01,0.01568512812234069
2019-10-02,0.16636921654477016
2019-10-03,0.029502218314493123
2019-10-04,3.1036678585115136
2019-10-05,6.7933807361503
2019-10-06,1.2920324070395952
2019-10-07,7.365574760952083
2019-10-08,0.5339616280720155
2019-10-09,0.012731416925689907
2019-10-10,0.20647980091836454
2019-10-11,2.7140249165549295
2019-10-12,5.5487309530250775
2019-10-13,0.09804985127127824
2019-10-14,8.283020093655471
2019-10-15,20.17046651662164
2019-10-16,35.84843143988807
2019-10-17,0.0
2019-10-18,12.313836595665625
2019-10-19,2.2030917192158075
2019-10-20,0.009723655439612138
2019-10-21,3.59255424269515
2019-10-22,7.206065374072941
2019-10-23,0.0
2019-10-24,0.0
2019-10-25,26.975251701786494
2019-10-26,62.45045558160521
2019-10-27,0.01936908755679894
2019-10-28,0.0
2019-10-29,13.983118289473625
2019-10-30,73.61957050371073
2019-10-31,11.050212129218382
2019-11-01,1.0930322242734918
2019-11-02,1.0930322242734918
2019-11-03,1.0930322242734918
2019-11-04,1.0930322242734918
2019-11-05,1.0930322242734918
2019-11-06,0.012872152275784535
2019-11-07,23.089313318066427
2019-11-08,3.462529313545134
2019-11-09,0.0
2019-11-10,0.0
2019-11-11,0.6995774886714669
2019-11-12,5.7005635125281255
2019-11-13,0.0
2019-11-14,0.13246070990300146
2019-11-15,3.1540453366522203
2019-11-16,0.3056019625564702
2019-11-17,0.3056019625564702
2019-11-18,0.3056019625564702
2019-11-19,0.3056019625564702
2019-11-20,0.3056019625564702
2019-11-21,0.0
2019-11-22,1.0545643074019633
2019-11-23,16.530465166517388
2019-11-24,0.0
2019-11-25,0.0
2019-11-26,0.5150060796450533
2019-11-27,6.513735524950759
2019-11-28,0.0
2019-11-29,0.0
2019-11-30,0.16971316221545357
2019-12-01,3.622305006249262
2019-12-02,0.0
2019-12-03,0.0
2019-12-04,0.0
2019-12-05,0.0
2019-12-06,1.6037867607274026
2019-12-07,0.11845888337383614
2019-12-08,0.24358421532158642
2019-12-09,0.09600419754086775
2019-12-10,1.4667732558045956
2019-12-11,3.62445639268109
2019-12-12,0.3343940683404745
2019-12-13,33.1707482328005
2019-12-14,0.3601081531065009
2019-12-15,0.012159559093090196
2019-12-16,4.489589266458063
2019-12-17,47.709657693762
2019-12-18,0.0
2019-12-19,0.0
2019-12-20,0.0
2019-12-21,15.951126661760899
2019-12-22,22.500097475624948
2019-12-23,0.825910136380481
2019-12-24,0.002874914465322045
2019-12-25,8.641077989166704e-06
2019-12-26,0.08693968795460658
2019-12-27,0.5085065824665372
2019-12-28,2.03683248376709
2019-12-29,3.7031747272913824
2019-12-30,1.432293506128677
2019-12-31,0.0
