,precipitation
1989-01-01,0.0
1989-01-02,0.21738172356018085
1989-01-03,0.06766031928298818
1989-01-04,0.09728295004970477
1989-01-05,0.23467981666407728
1989-01-06,0.0
1989-01-07,0.0037598806011727775
1989-01-08,0.04267063385005021
1989-01-09,0.5384734380202733
1989-01-10,0.0
1989-01-11,0.9813665949557128
1989-01-12,0.31900764668121945
1989-01-13,1.8632191746123252
1989-01-14,0.4814523169530334
1989-01-15,0.21551506683278351
1989-01-16,0.0
1989-01-17,0.0
1989-01-18,0.011196165381925773
1989-01-19,8.952686082743194
1989-01-20,8.801766896609331
1989-01-21,0.0
1989-01-22,0.03855438333071646
1989-01-23,0.876246781588299
1989-01-24,0.9130556276896696
1989-01-25,4.508705734462667
1989-01-26,28.999087089226485
1989-01-27,12.994622040524087
1989-01-28,8.65413856161051
1989-01-29,2.6573632380172145
1989-01-30,0.000240420617413622
1989-01-31,0.003539449225222096
1989-02-01,0.490830986254489
1989-02-02,0.8995685258928658
1989-02-03,0.00024045249702408348
1989-02-04,0.0
1989-02-05,0.04168738815744912
1989-02-06,0.19620510498038213
1989-02-07,0.01879940300586389
1989-02-08,0.0
1989-02-09,0.0
1989-02-10,0.0
1989-02-11,0.20379878451942518
1989-02-12,2.2058534699106533
1989-02-13,0.18553945557667004
1989-02-14,0.9231286935536124
1989-02-15,15.735659371747428
1989-02-16,22.650054849190994
1989-02-17,18.38651384422824
1989-02-18,1.3212603443827953
1989-02-19,0.14035657661444367
1989-02-20,0.019248837977282465
1989-02-21,0.000240420617413622
1989-02-22,0.0
1989-02-23,0.0
1989-02-24,0.0
1989-02-25,0.0
1989-02-26,0.0
1989-02-27,0.0
1989-02-28,0.0
1989-03-01,0.637587037461035
1989-03-02,0.05305128005567514
1989-03-03,0.02486603222747069
1989-03-04,0.0012895151197445751
1989-03-05,0.18234603781942915
1989-03-06,0.0
1989-03-07,0.0
1989-03-08,0.0
1989-03-09,0.0
1989-03-10,0.0
1989-03-11,0.0
1989-03-12,0.0
1989-03-13,0.0
1989-03-14,0.0
1989-03-15,0.0
1989-03-16,0.0
1989-03-17,0.000624162530235114
1989-03-18,0.9121583809890893
1989-03-19,4.485573015429901
1989-03-20,1.5476248165712878
1989-03-21,0.7222219813243658
1989-03-22,0.02368495088808318
1989-03-23,0.0
1989-03-24,0.03411230887239799
1989-03-25,0.016487315558328816
1989-03-26,1.6234702778507462
1989-03-27,1.9687546447071838
1989-03-28,24.521199494013995
1989-03-29,0.000480841234827244
1989-03-30,0.0
1989-03-31,0.0
1989-04-01,0.0
1989-04-02,0.0
1989-04-03,0.0008754794664686045
1989-04-04,0.0
1989-04-05,0.0
1989-04-06,0.0
1989-04-07,0.0
1989-04-08,0.0
1989-04-09,0.0
1989-04-10,0.0
1989-04-11,0.0
1989-04-12,1.4592225177162923
1989-04-13,4.619078550711466
1989-04-14,2.7989185029033643
1989-04-15,0.0
1989-04-16,0.0
1989-04-17,0.06230056568485548
1989-04-18,0.0
1989-04-19,3.228849700265728
1989-04-20,0.1032279601851942
1989-04-21,0.0025596826224749403
1989-04-22,0.0
1989-04-23,0.0
1989-04-24,0.028629203496604704
1989-04-25,0.033631885699004216
1989-04-26,0.5169408435708154
1989-04-27,3.332215711423393
1989-04-28,1.0070691261894946
1989-04-29,4.409352917536234
1989-04-30,8.47476740751293
1989-05-01,2.3387474643218242
1989-05-02,0.279738329652312
1989-05-03,1.9623772957766694
1989-05-04,0.012643972761953408
1989-05-05,0.23400741607596964
1989-05-06,0.015310489913593649
1989-05-07,0.015396626064655099
1989-05-08,0.06946014569264168
1989-05-09,0.0
1989-05-10,1.825369438302559
1989-05-11,0.9077315174614624
1989-05-12,1.1494118192971419
1989-05-13,1.371491311213888
1989-05-14,1.0669849644733103
1989-05-15,1.389915547478598
1989-05-16,6.250487527285498
1989-05-17,24.595351331532324
1989-05-18,0.00033595000322096403
1989-05-19,0.034830243193052064
1989-05-20,0.06474787559273122
1989-05-21,2.343666319782909
1989-05-22,0.0
1989-05-23,0.012712276961313251
1989-05-24,0.0
1989-05-25,0.0
1989-05-26,0.0
1989-05-27,0.046268880771145396
1989-05-28,0.0064659828446269035
1989-05-29,0.016329456307697627
1989-05-30,0.0
1989-05-31,0.03006819505583274
1989-06-01,0.030831782459115654
1989-06-02,0.024751315133469877
1989-06-03,0.7546402994084591
1989-06-04,0.465015839180923
1989-06-05,3.227272885663049
1989-06-06,3.2991980946563646
1989-06-07,0.5600332971617036
1989-06-08,0.0
1989-06-09,0.0
1989-06-10,9.48442873909045
1989-06-11,7.1282171154881935
1989-06-12,1.4017755992774676
1989-06-13,4.727821741973176
1989-06-14,19.071847090736757
1989-06-15,0.011675275793287778
1989-06-16,0.0
1989-06-17,0.0
1989-06-18,0.007519761202345555
1989-06-19,0.021443112694807358
1989-06-20,0.0
1989-06-21,0.0
1989-06-22,0.0
1989-06-23,0.03096360736664792
1989-06-24,1.4677373105115916
1989-06-25,0.34295160114626677
1989-06-26,0.07131619554479449
1989-06-27,0.0
1989-06-28,0.0
1989-06-29,0.0
1989-06-30,0.0
1989-07-01,0.0
1989-07-02,0.0
1989-07-03,0.022559283607036663
1989-07-04,0.3108795084692765
1989-07-05,0.011279641803518332
1989-07-06,0.0037598806011727775
1989-07-07,5.315367621113891
1989-07-08,0.11475169598850711
1989-07-09,0.0
1989-07-10,0.007519761202345555
1989-07-11,0.0
1989-07-12,0.0037598806011727775
1989-07-13,0.0037598806011727775
1989-07-14,0.1188472205195206
1989-07-15,0.004510693586774475
1989-07-16,0.06050814335082835
1989-07-17,0.007519761202345555
1989-07-18,0.0
1989-07-19,0.0
1989-07-20,0.08050489262062767
1989-07-21,0.04121246272980013
1989-07-22,0.4261812720433987
1989-07-23,1.8604982932600562
1989-07-24,2.510821709174807
1989-07-25,0.1528099997220999
1989-07-26,0.925971178073392
1989-07-27,1.2149722604239783
1989-07-28,0.18559721213838237
1989-07-29,0.004635360067641382
1989-07-30,0.0
1989-07-31,0.0
1989-08-01,0.34263469624544857
1989-08-02,0.37530994457490713
1989-08-03,0.016807720747555516
1989-08-04,0.0
1989-08-05,0.0
1989-08-06,2.045721278248244
1989-08-07,9.1584077989581
1989-08-08,8.473129267045827
1989-08-09,0.02686458271173025
1989-08-10,0.01503952240469111
1989-08-11,0.0
1989-08-12,0.0
1989-08-13,0.017363840182820157
1989-08-14,0.6199036325306848
1989-08-15,0.018558679680492723
1989-08-16,0.02456790256731469
1989-08-17,0.000240420617413622
1989-08-18,1.687529172171068
1989-08-19,0.2303422645611228
1989-08-20,0.0037598806011727775
1989-08-21,0.0
1989-08-22,0.0
1989-08-23,0.032701173858233505
1989-08-24,3.2645974702534297
1989-08-25,5.257871333614713
1989-08-26,0.023638447277791
1989-08-27,0.1375114386643186
1989-08-28,0.0037598806011727775
1989-08-29,0.0
1989-08-30,0.0037598806011727775
1989-08-31,0.0
1989-09-01,0.0
1989-09-02,0.0
1989-09-03,0.0
1989-09-04,0.0
1989-09-05,0.0
1989-09-06,0.15354687528412728
1989-09-07,0.9841093638391504
1989-09-08,0.5173884652747723
1989-09-09,0.0
1989-09-10,0.07494824826133772
1989-09-11,1.191671475886363
1989-09-12,0.01903982362327751
1989-09-13,2.8350118320649726
1989-09-14,0.9925111987044904
1989-09-15,0.0
1989-09-16,0.0
1989-09-17,0.0
1989-09-18,0.0
1989-09-19,0.0
1989-09-20,0.0
1989-09-21,0.0
1989-09-22,0.0
1989-09-23,0.0
1989-09-24,0.0
1989-09-25,0.0
1989-09-26,0.0
1989-09-27,0.0
1989-09-28,0.0
1989-09-29,0.0
1989-09-30,0.0
1989-10-01,0.0
1989-10-02,0.0
1989-10-03,0.0
1989-10-04,0.14558281895652617
1989-10-05,0.35690069560135684
1989-10-06,0.546595881407067
1989-10-07,23.042275200930387
1989-10-08,0.0
1989-10-09,0.0
1989-10-10,0.0037598806011727775
1989-10-11,0.0
1989-10-12,0.0
1989-10-13,0.0
1989-10-14,0.0
1989-10-15,0.0
1989-10-16,0.0
1989-10-17,0.0
1989-10-18,0.08393835704269481
1989-10-19,0.0
1989-10-20,0.0
1989-10-21,0.0
1989-10-22,0.0
1989-10-23,0.0
1989-10-24,0.0
1989-10-25,0.10912881745916635
1989-10-26,0.09104744284885741
1989-10-27,24.950077312846417
1989-10-28,22.64451496145881
1989-10-29,8.390325737167526
1989-10-30,17.407289169723256
1989-10-31,0.02750426906202068
1989-11-01,0.007060814317351525
1989-11-02,0.0
1989-11-03,0.0
1989-11-04,0.0
1989-11-05,0.012836943442180159
1989-11-06,0.0
1989-11-07,0.030831782459115654
1989-11-08,0.0
1989-11-09,0.0
1989-11-10,0.0
1989-11-11,0.0472407830598548
1989-11-12,15.830043023523293
1989-11-13,3.578497155805261
1989-11-14,0.127664947209308
1989-11-15,0.0
1989-11-16,0.0
1989-11-17,0.0010012156820736278
1989-11-18,0.1655548421671444
1989-11-19,0.013585772453282179
1989-11-20,0.0
1989-11-21,0.0
1989-11-22,4.587006359086687
1989-11-23,1.9419175691869187e-06
1989-11-24,0.0
1989-11-25,0.0
1989-11-26,0.0
1989-11-27,0.0
1989-11-28,0.0
1989-11-29,0.019507851595243732
1989-11-30,12.006895490607576
1989-12-01,0.5178581520703562
1989-12-02,1.543945693925582
1989-12-03,5.825752707560756e-06
1989-12-04,0.0
1989-12-05,0.0
1989-12-06,0.0
1989-12-07,0.06782800917337531
1989-12-08,0.0
1989-12-09,0.0
1989-12-10,0.0
1989-12-11,0.0
1989-12-12,0.02311423614149584
1989-12-13,0.0
1989-12-14,0.0
1989-12-15,0.0
1989-12-16,0.0
1989-12-17,0.04626693885357621
1989-12-18,0.20936587382318086
1989-12-19,0.017994839016935497
1989-12-20,0.0
1989-12-21,0.0
1989-12-22,0.07406733184167429
1989-12-23,0.0
1989-12-24,0.0
1989-12-25,0.0
1989-12-26,0.0
1989-12-27,0.0
1989-12-28,0.1407286915611652
1989-12-29,0.049496006175267816
1989-12-30,0.11042977292699274
1989-12-31,0.39876551974581786
1990-01-01,0.1595849262433278
1990-01-02,0.06621618690338804
1990-01-03,2.3140303202279977
1990-01-04,0.0
1990-01-05,0.028907966961230887
1990-01-06,7.950106120062258
1990-01-07,9.088122136343594e-05
1990-01-08,0.0
1990-01-09,0.0
1990-01-10,0.0
1990-01-11,0.0
1990-01-12,0.0
1990-01-13,0.0
1990-01-14,0.0
1990-01-15,0.0767347912433681
1990-01-16,1.058895303856633
1990-01-17,0.18694439323700382
1990-01-18,0.9212108213693263
1990-01-19,2.25162373898134
1990-01-20,0.4343201223559094
1990-01-21,0.01833326380038018
1990-01-22,0.0
1990-01-23,0.007405991040298517
1990-01-24,0.030020558415782123
1990-01-25,0.0
1990-01-26,0.0
1990-01-27,0.0
1990-01-28,3.2755722450780347
1990-01-29,0.0015408320559780655
1990-01-30,0.0
1990-01-31,3.000427515238428
1990-02-01,29.46187405134241
1990-02-02,0.0
1990-02-03,0.40588344322758446
1990-02-04,0.0
1990-02-05,0.0
1990-02-06,0.0
1990-02-07,0.015476346453734902
1990-02-08,0.18053401382167208
1990-02-09,0.11456796666382951
1990-02-10,0.0
1990-02-11,0.0
1990-02-12,0.0
1990-02-13,0.09447414591028508
1990-02-14,0.27188789481657666
1990-02-15,0.2553669996333179
1990-02-16,0.005932571869113735
1990-02-17,0.17794425696612595
1990-02-18,0.14607043496132882
1990-02-19,0.03560157407995392
1990-02-20,1.7550166838517325
1990-02-21,55.09155510856655
1990-02-22,0.00017438367683847344
1990-02-23,0.0
1990-02-24,0.0
1990-02-25,0.0
1990-02-26,0.020402257106967882
1990-02-27,6.711823407047545
1990-02-28,12.556970932934929
1990-03-01,10.479553247229056
1990-03-02,0.0
1990-03-03,0.04274922246354553
1990-03-04,0.000240420617413622
1990-03-05,0.13703403977560732
1990-03-06,1.0754873850267466
1990-03-07,3.753558957905286
1990-03-08,3.145587988099923
1990-03-09,0.15969205439347578
1990-03-10,2.614967539336531
1990-03-11,6.995566559138187
1990-03-12,1.5899594689702043
1990-03-13,2.130145467092943
1990-03-14,6.330669234616576
1990-03-15,0.328430838900854
1990-03-16,0.017442779596610496
1990-03-17,0.0
1990-03-18,6.641323361651805e-05
1990-03-19,0.07166895363571862
1990-03-20,0.03616939744417721
1990-03-21,0.11282657097971373
1990-03-22,0.045862602271259774
1990-03-23,0.5856111794369564
1990-03-24,0.39195167752441845
1990-03-25,2.0421359493511324
1990-03-26,1.7053999219080476
1990-03-27,4.852464917062083
1990-03-28,2.004030744149701
1990-03-29,1.2645506580849226
1990-03-30,5.502059026187319
1990-03-31,0.014915194740843834
1990-04-01,3.7523595630231004
1990-04-02,5.183585240658382
1990-04-03,0.5538032797518528
1990-04-04,0.41855879067399143
1990-04-05,0.08753745883967978
1990-04-06,0.8609992831657255
1990-04-07,0.0
1990-04-08,0.18198892662932198
1990-04-09,2.091742002241903
1990-04-10,0.2189659424321282
1990-04-11,0.0
1990-04-12,0.16087739304347537
1990-04-13,2.8991288023211683
1990-04-14,0.7125280579456149
1990-04-15,0.12258841165719467
1990-04-16,1.9362245845792896
1990-04-17,10.628215595581214
1990-04-18,6.0536186644132535
1990-04-19,14.397007285742871
1990-04-20,4.103135578544959
1990-04-21,0.26135823880473225
1990-04-22,0.653502311471389
1990-04-23,0.42878151233662964
1990-04-24,1.6117654882574333
1990-04-25,5.734332018095614
1990-04-26,58.58052248171976
1990-04-27,0.15950441396100437
1990-04-28,0.0
1990-04-29,0.0
1990-04-30,0.016909070455372693
1990-05-01,3.313519376258439
1990-05-02,37.943733064688765
1990-05-03,22.495082154559633
1990-05-04,0.015239281317145019
1990-05-05,0.0
1990-05-06,0.0
1990-05-07,0.1102561676602838
1990-05-08,0.017035720910739276
1990-05-09,0.0
1990-05-10,1.9419175691869187e-06
1990-05-11,0.412236770281845
1990-05-12,0.8596180726171395
1990-05-13,0.0
1990-05-14,0.02243461712616976
1990-05-15,0.007395126601089109
1990-05-16,0.39926295950992113
1990-05-17,3.369400174688155
1990-05-18,2.747653301391648
1990-05-19,0.7276723133086043
1990-05-20,0.22331523043665472
1990-05-21,3.7750129502067176
1990-05-22,7.602508753446978
1990-05-23,0.0941180029913185
1990-05-24,0.02634368585927104
1990-05-25,0.29557861605214397
1990-05-26,3.3594111972478887e-06
1990-05-27,0.0
1990-05-28,0.12833649845377593
1990-05-29,1.8553505242052186
1990-05-30,2.931444724109833
1990-05-31,0.2613452242586604
1990-06-01,0.35477695940981613
1990-06-02,0.321810077503423
1990-06-03,0.0
1990-06-04,0.16011690546518026
1990-06-05,0.0
1990-06-06,0.0
1990-06-07,0.007519761202345555
1990-06-08,0.0037598806011727775
1990-06-09,0.0
1990-06-10,0.05062903218343501
1990-06-11,0.01465900367292197
1990-06-12,0.011154975322651426
1990-06-13,0.008474421150270764
1990-06-14,0.022769938838310442
1990-06-15,0.2509060696930244
1990-06-16,0.0
1990-06-17,0.0
1990-06-18,0.0
1990-06-19,0.0
1990-06-20,0.0
1990-06-21,0.0
1990-06-22,0.0
1990-06-23,0.10361823352450848
1990-06-24,0.0008754794664686045
1990-06-25,0.000240420617413622
1990-06-26,0.0
1990-06-27,0.0
1990-06-28,0.0
1990-06-29,0.0
1990-06-30,0.011279641803518332
1990-07-01,0.11184945798737404
1990-07-02,0.0037598806011727775
1990-07-03,0.0
1990-07-04,0.0
1990-07-05,0.0
1990-07-06,0.04084132148406048
1990-07-07,0.5199326396713045
1990-07-08,0.9384160810133372
1990-07-09,0.06863859894364098
1990-07-10,0.0
1990-07-11,0.06906001938698504
1990-07-12,18.870020313566343
1990-07-13,3.3472861005033363
1990-07-14,0.981297326699269
1990-07-15,33.685232369573455
1990-07-16,32.563216087874835
1990-07-17,46.99904172688542
1990-07-18,29.698387264840285
1990-07-19,4.287689987703969
1990-07-20,1.2768729575313749
1990-07-21,0.03872809852333386
1990-07-22,0.009264610892549771
1990-07-23,20.29107403510606
1990-07-24,2.5079815474571614
1990-07-25,0.8280512485719075
1990-07-26,0.13471881580979544
1990-07-27,0.052210177552939024
1990-07-28,0.0
1990-07-29,0.04800815818662233
1990-07-30,5.870739715199941
1990-07-31,5.283766920592078
1990-08-01,1.5954501190552302
1990-08-02,7.078877359804286
1990-08-03,48.43582648269753
1990-08-04,0.08578659718455824
1990-08-05,0.4549515780323451
1990-08-06,0.04925667398621266
1990-08-07,0.0
1990-08-08,0.0
1990-08-09,0.10519841828924151
1990-08-10,0.13386955476074944
1990-08-11,0.00360630926120433
1990-08-12,0.0
1990-08-13,4.695328712728732
1990-08-14,1.8927633370433303
1990-08-15,0.033606427121226246
1990-08-16,0.0
1990-08-17,0.1739929113504741
1990-08-18,0.12628666895595347
1990-08-19,0.007519761202345555
1990-08-20,0.0
1990-08-21,0.0
1990-08-22,0.6483551462731709
1990-08-23,0.041867397305532475
1990-08-24,0.0
1990-08-25,0.0
1990-08-26,0.0
1990-08-27,0.0
1990-08-28,0.0
1990-08-29,0.5852051387780407
1990-08-30,0.032095676840890104
1990-08-31,2.2309878604916507
1990-09-01,8.538449257814998
1990-09-02,0.7752615120900134
1990-09-03,0.445057804801721
1990-09-04,4.785814704574008
1990-09-05,0.133380047819389
1990-09-06,0.412741745564416
1990-09-07,0.07109740998647604
1990-09-08,0.4936464637841009
1990-09-09,28.827789778531116
1990-09-10,7.615916183955226
1990-09-11,2.1353681446336017
1990-09-12,0.031985307045238484
1990-09-13,0.019951422582908152
1990-09-14,3.2608281062742592
1990-09-15,7.71991934622548
1990-09-16,13.063291164698146
1990-09-17,0.7940909753730964
1990-09-18,1.3539573993081553
1990-09-19,5.928255273589883
1990-09-20,6.7601391937253394
1990-09-21,0.06334760846734784
1990-09-22,7.349945371640822
1990-09-23,3.349786573792193
1990-09-24,0.0
1990-09-25,0.0
1990-09-26,0.0037598806011727775
1990-09-27,0.07601130252425153
1990-09-28,0.007519761202345555
1990-09-29,0.0037598806011727775
1990-09-30,0.0
1990-10-01,0.026372908077819602
1990-10-02,0.19472301838794762
1990-10-03,0.34213574810117153
1990-10-04,0.0484734914652154
1990-10-05,0.052512569889752066
1990-10-06,0.9195854210844341
1990-10-07,2.987271115446214
1990-10-08,0.05133312305663164
1990-10-09,23.871052035869823
1990-10-10,0.0
1990-10-11,0.0
1990-10-12,0.0
1990-10-13,0.06382684465461869
1990-10-14,0.13430869989355312
1990-10-15,0.0
1990-10-16,2.486874303056655
1990-10-17,11.895839924722319
1990-10-18,0.0
1990-10-19,0.0
1990-10-20,0.009179685774728413
1990-10-21,18.728963252136612
1990-10-22,0.0
1990-10-23,0.0
1990-10-24,0.0
1990-10-25,0.0
1990-10-26,0.0
1990-10-27,0.0
1990-10-28,0.0
1990-10-29,0.0
1990-10-30,0.0
1990-10-31,0.0
1990-11-01,0.0
1990-11-02,0.0
1990-11-03,0.21092192140078628
1990-11-04,15.96351038586226
1990-11-05,0.0
1990-11-06,0.0
1990-11-07,3.6249582758451004
1990-11-08,9.313054521357728
1990-11-09,0.0
1990-11-10,0.0
1990-11-11,0.0
1990-11-12,0.0
1990-11-13,0.0
1990-11-14,0.015250177635964889
1990-11-15,0.01503952240469111
1990-11-16,0.0037598806011727775
1990-11-17,0.0037598806011727775
1990-11-18,0.0
1990-11-19,0.0036352141203058706
1990-11-20,0.007519761202345555
1990-11-21,0.9482363447715361
1990-11-22,6.506719085097737
1990-11-23,1.099699070998763
1990-11-24,0.663929340678668
1990-11-25,1.2789702411237074
1990-11-26,1.8404674827203138
1990-11-27,1.141595929302025
1990-11-28,0.3078541646711484
1990-11-29,0.6002796825035145
1990-11-30,0.488261833142189
1990-12-01,0.10620524881349708
1990-12-02,0.3198635662523261
1990-12-03,0.0
1990-12-04,0.0
1990-12-05,0.0
1990-12-06,0.0
1990-12-07,0.0
1990-12-08,0.0
1990-12-09,0.0
1990-12-10,0.0
1990-12-11,0.0
1990-12-12,0.0
1990-12-13,0.0
1990-12-14,0.06983463101207461
1990-12-15,0.09666920397595372
1990-12-16,1.2786853126176896
1990-12-17,0.26361968344252473
1990-12-18,0.29481432782445677
1990-12-19,0.0
1990-12-20,0.02775392278386825
1990-12-21,0.07534640363802138
1990-12-22,0.12263200797937794
1990-12-23,0.022559283607036663
1990-12-24,0.0
1990-12-25,0.0
1990-12-26,0.011279641803518332
1990-12-27,0.03767389844331478
1990-12-28,0.6339165662361393
1990-12-29,5.842436105086161
1990-12-30,0.8360357610791942
1990-12-31,0.01130396390490644
1991-01-01,0.4882776543352061
1991-01-02,0.8909596792500886
1991-01-03,1.175936892854049
1991-01-04,0.9298298144841973
1991-01-05,0.9145735165631854
1991-01-06,0.8851615404474692
1991-01-07,0.020833003667555285
1991-01-08,0.5942854828773769
1991-01-09,7.429753181348447
1991-01-10,0.8913005696565955
1991-01-11,0.026616101691522
1991-01-12,0.007078898450444192
1991-01-13,0.0
1991-01-14,0.03495561891207907
1991-01-15,0.001248325060470228
1991-01-16,0.0005814522222303826
1991-01-17,7.835292936866531
1991-01-18,14.524844860525237
1991-01-19,0.0
1991-01-20,0.0
1991-01-21,0.26116407327864277
1991-01-22,0.07535441929188992
1991-01-23,0.47155366607000687
1991-01-24,0.4855074291896955
1991-01-25,0.0
1991-01-26,0.0
1991-01-27,0.1725350399428618
1991-01-28,0.08621951424012192
1991-01-29,3.312696567120961
1991-01-30,4.590916399697405
1991-01-31,0.0
1991-02-01,0.0
1991-02-02,0.007915395192115001
1991-02-03,0.18106956791076137
1991-02-04,8.663934469305179
1991-02-05,14.808823602366155
1991-02-06,0.0
1991-02-07,0.0
1991-02-08,0.0
1991-02-09,0.0
1991-02-10,0.0
1991-02-11,0.0
1991-02-12,0.15986967207539501
1991-02-13,0.3163498598016395
1991-02-14,0.0
1991-02-15,0.0
1991-02-16,0.3024182193809689
1991-02-17,0.010240175919716012
1991-02-18,1.1698983688837674
1991-02-19,2.1901137156177466
1991-02-20,0.14105365183528984
1991-02-21,4.6490963269332255
1991-02-22,0.0
1991-02-23,0.0
1991-02-24,0.12724426597996014
1991-02-25,0.16935526322257455
1991-02-26,0.0
1991-02-27,0.08496816321722464
1991-02-28,1.1349898520430288
1991-03-01,3.4318598779406946
1991-03-02,0.0
1991-03-03,0.0
1991-03-04,0.0
1991-03-05,0.0
1991-03-06,0.0
1991-03-07,0.0
1991-03-08,0.0
1991-03-09,0.0
1991-03-10,0.0
1991-03-11,0.0
1991-03-12,0.003770776919992646
1991-03-13,0.0
1991-03-14,0.31958109537191176
1991-03-15,0.6039711781975704
1991-03-16,1.0882679353694151
1991-03-17,0.12388943130560816
1991-03-18,0.07819640700137669
1991-03-19,0.1826821066908903
1991-03-20,0.054882421861114916
1991-03-21,0.8342139979400018
1991-03-22,0.2545597254079891
1991-03-23,0.14241646964767088
1991-03-24,0.020248757940196305
1991-03-25,0.3386253596829707
1991-03-26,0.1840618314087281
1991-03-27,0.30264645080098307
1991-03-28,1.191874205102527
1991-03-29,0.3022615925086633
1991-03-30,1.0490384009790417
1991-03-31,0.9211461046057369
1991-04-01,0.28855697762320476
1991-04-02,0.021409387626383378
1991-04-03,0.0
1991-04-04,1.199624828081172
1991-04-05,22.669816363220413
1991-04-06,0.3551843661639177
1991-04-07,0.11788047993970079
1991-04-08,0.0
1991-04-09,0.0
1991-04-10,0.00012660839843609367
1991-04-11,0.5212975269029144
1991-04-12,0.17382166545577568
1991-04-13,2.1097252582949024
1991-04-14,0.04447393197015828
1991-04-15,6.65506317357282e-06
1991-04-16,0.0
1991-04-17,0.3277029202964677
1991-04-18,0.39958580110676983
1991-04-19,0.697649544244358
1991-04-20,0.0
1991-04-21,0.0
1991-04-22,0.0
1991-04-23,0.08145580490882215
1991-04-24,0.18818298572586897
1991-04-25,0.2746223932018241
1991-04-26,1.6470252817600601
1991-04-27,3.5715457915735818
1991-04-28,1.7812169998440275
1991-04-29,0.0
1991-04-30,0.0
1991-05-01,0.0
1991-05-02,7.603652218720266
1991-05-03,9.947451386820143
1991-05-04,12.1935555794344
1991-05-05,0.0
1991-05-06,0.0
1991-05-07,2.6871610772321364
1991-05-08,6.460950610703469
1991-05-09,0.04064379025269247
1991-05-10,0.19559959758107598
1991-05-11,0.5596414986730691
1991-05-12,1.3793331184367492
1991-05-13,17.034439497989652
1991-05-14,5.035448745799528
1991-05-15,1.6952907669529973
1991-05-16,3.4705532628544464
1991-05-17,10.542458905168555
1991-05-18,0.0
1991-05-19,0.0
1991-05-20,0.06204114836787505
1991-05-21,0.0009892496285156427
1991-05-22,0.008582161344879014
1991-05-23,0.00012466648086690673
1991-05-24,0.23756791267930769
1991-05-25,1.022580811406022
1991-05-26,0.0
1991-05-27,0.0
1991-05-28,0.0
1991-05-29,0.0
1991-05-30,0.013329952081990408
1991-05-31,0.24001329699007876
1991-06-01,0.27035699379441797
1991-06-02,0.3240464883230478
1991-06-03,4.187483740160977
1991-06-04,0.3766723061246993
1991-06-05,0.37802903799423515
1991-06-06,4.344974821719198
1991-06-07,4.837962094945242
1991-06-08,12.227772222971058
1991-06-09,7.224992779209827
1991-06-10,8.337584047578575
1991-06-11,9.348741243000722
1991-06-12,10.429606456846951
1991-06-13,0.7883466591110251
1991-06-14,10.734719394278395
1991-06-15,8.144495596353654
1991-06-16,0.8132612301219242
1991-06-17,2.051123657073021
1991-06-18,0.08865169486687198
1991-06-19,0.02036158283879415
1991-06-20,0.40201637981906274
1991-06-21,0.045302569792397634
1991-06-22,0.14510628458459598
1991-06-23,0.09308528770541753
1991-06-24,0.0593746235709537
1991-06-25,0.0
1991-06-26,0.0
1991-06-27,0.0
1991-06-28,0.17084043742396074
1991-06-29,2.6359689595999205
1991-06-30,4.601518542760748
1991-07-01,1.0973987838115613
1991-07-02,0.4742307806282096
1991-07-03,0.12914820169544208
1991-07-04,3.345407879644356
1991-07-05,13.717098524546833
1991-07-06,2.030523490023126
1991-07-07,0.7913424971991949
1991-07-08,14.891126347712142
1991-07-09,0.7223705007516857
1991-07-10,0.3041884451007999
1991-07-11,0.13565185731157284
1991-07-12,0.4510842469864008
1991-07-13,0.37921149804483584
1991-07-14,1.0570555472085041
1991-07-15,0.9562667685994317
1991-07-16,0.25766218935553986
1991-07-17,5.611624868565157
1991-07-18,0.7343485448864614
1991-07-19,0.0
1991-07-20,0.0382588436995021
1991-07-21,39.03689246947986
1991-07-22,8.906101438477693
1991-07-23,0.5001219082795618
1991-07-24,0.007085553513617765
1991-07-25,0.0037598806011727775
1991-07-26,3.187961046147868e-08
1991-07-27,0.012807419528969115
1991-07-28,0.3525539374848821
1991-07-29,5.375667985495222
1991-07-30,0.21902255182995026
1991-07-31,0.0
1991-08-01,0.0
1991-08-02,0.0
1991-08-03,0.08978912800467846
1991-08-04,0.5197505770092004
1991-08-05,0.5989818176746337
1991-08-06,0.3495116631615444
1991-08-07,1.676501278365059
1991-08-08,1.887972160219515
1991-08-09,0.5993790761023844
1991-08-10,0.05381957507263804
1991-08-11,0.8492432267841741
1991-08-12,0.003957697596057501
1991-08-13,0.0
1991-08-14,3.3594111972478887e-06
1991-08-15,0.3360956319144317
1991-08-16,0.5582606312711407
1991-08-17,0.10954661776784994
1991-08-18,2.7334163162140896
1991-08-19,0.8571668189588221
1991-08-20,0.2780237451197079
1991-08-21,0.0697175314872353
1991-08-22,1.046222133035214
1991-08-23,2.290024922343168
1991-08-24,1.7163777991374713
1991-08-25,2.1337383431930874
1991-08-26,0.013672002676617851
1991-08-27,0.009505063389573855
1991-08-28,0.004082364076924407
1991-08-29,0.009264642772160233
1991-08-30,0.9186786783219796
1991-08-31,2.347322972413357
1991-09-01,8.196143626041701
1991-09-02,24.54934549981151
1991-09-03,7.819682783618542
1991-09-04,0.4889337561892413
1991-09-05,0.45050506431678405
1991-09-06,7.374837700676137
1991-09-07,11.472819668473994
1991-09-08,2.572949399997041
1991-09-09,0.10179500144076736
1991-09-10,0.022111823278072262
1991-09-11,0.5198763809064536
1991-09-12,3.207741618318432
1991-09-13,12.674082665769536
1991-09-14,49.86800526154227
1991-09-15,49.406822500068486
1991-09-16,47.249328589982554
1991-09-17,8.304642900805613
1991-09-18,15.769832079171168
1991-09-19,16.13396138872995
1991-09-20,12.39913324304271
1991-09-21,3.0293740454478645e-05
1991-09-22,1.0872498151039192
1991-09-23,9.551510517418956
1991-09-24,0.6298652388507504
1991-09-25,0.0
1991-09-26,0.0
1991-09-27,0.0
1991-09-28,0.0
1991-09-29,0.0
1991-09-30,0.006517380218532441
1991-10-01,0.4462033698758251
1991-10-02,0.015594443059539822
1991-10-03,0.0
1991-10-04,0.0
1991-10-05,0.0
1991-10-06,0.45974574581308847
1991-10-07,0.0
1991-10-08,0.278130419296482
1991-10-09,0.0
1991-10-10,0.0
1991-10-11,0.0
1991-10-12,0.0
1991-10-13,0.0
1991-10-14,0.0
1991-10-15,0.0
1991-10-16,0.0
1991-10-17,0.0
1991-10-18,0.0
1991-10-19,0.0
1991-10-20,0.003957697596057501
1991-10-21,0.0
1991-10-22,0.0025596826224749403
1991-10-23,0.0
1991-10-24,0.01815412568201476
1991-10-25,0.2318254431736789
1991-10-26,0.42760185152807445
1991-10-27,6.830796756962641
1991-10-28,9.773291037230367
1991-10-29,40.92952214381894
1991-10-30,4.800292237158103
1991-10-31,4.785484933955863
1991-11-01,0.0
1991-11-02,0.0
1991-11-03,0.0
1991-11-04,0.0
1991-11-05,0.0
1991-11-06,0.05434112491743969
1991-11-07,0.05878108844765887
1991-11-08,0.013034760437064882
1991-11-09,0.0
1991-11-10,0.0
1991-11-11,0.21060536337308616
1991-11-12,1.7301323475315544
1991-11-13,0.7780964166217398
1991-11-14,0.9776509801652526
1991-11-15,2.7116445479829454
1991-11-16,7.786669935044787
1991-11-17,15.069853369946022
1991-11-18,0.0
1991-11-19,0.24968903378736654
1991-11-20,0.0
1991-11-21,0.0
1991-11-22,0.0
1991-11-23,0.0
1991-11-24,0.0
1991-11-25,0.0
1991-11-26,0.06342298296286654
1991-11-27,0.006517380218532441
1991-11-28,0.26399726261521417
1991-11-29,0.0
1991-11-30,0.0716583175696023
1991-12-01,1.114312148908774
1991-12-02,0.5711452012246127
1991-12-03,0.0
1991-12-04,0.0
1991-12-05,0.0
1991-12-06,0.12886376919148407
1991-12-07,0.2343387853313515
1991-12-08,0.4016254231806796
1991-12-09,0.5444300041431809
1991-12-10,2.5675040331894254
1991-12-11,6.917139506049703
1991-12-12,1.040052865745152
1991-12-13,1.5801454194857476
1991-12-14,0.6739095767259174
1991-12-15,0.0
1991-12-16,0.010536006498798529
1991-12-17,3.3221781249217504
1991-12-18,11.607157789848904
1991-12-19,32.15198015641392
1991-12-20,52.9644047331414
1991-12-21,48.3039671664581
1991-12-22,10.56645703570041
1991-12-23,0.27436369548033757
1991-12-24,0.048032682826903
1991-12-25,3.0680476919014423
1991-12-26,16.657639684511096
1991-12-27,0.43654240101904385
1991-12-28,0.0
1991-12-29,0.0
1991-12-30,0.07097594508179497
1991-12-31,1.6504137573193254
1992-01-01,7.677943880186646
1992-01-02,3.541676294959682
1992-01-03,0.0
1992-01-04,1.695014677933174
1992-01-05,1.570127980771977
1992-01-06,0.0
1992-01-07,0.6553147101900574
1992-01-08,0.016931386796476103
1992-01-09,0.00012466648086690673
1992-01-10,0.050281927876660235
1992-01-11,0.7552480638031569
1992-01-12,0.8753448237302367
1992-01-13,0.1559445199030165
1992-01-14,0.0
1992-01-15,0.0
1992-01-16,0.0
1992-01-17,6.1637922277681145
1992-01-18,9.01340334129361
1992-01-19,1.0227903362443884
1992-01-20,3.386951960483772
1992-01-21,0.48637392879982067
1992-01-22,0.0007321581710607345
1992-01-23,0.0
1992-01-24,1.7579492911581156
1992-01-25,4.4592371668923905
1992-01-26,21.87937580124173
1992-01-27,0.4111532958913087
1992-01-28,0.4932987744275377
1992-01-29,0.04076131502328156
1992-01-30,0.000624162530235114
1992-01-31,0.0
1992-02-01,1.390362457131761
1992-02-02,18.46464029979154
1992-02-03,14.923501964150992
1992-02-04,11.660542939986302
1992-02-05,0.2927919608343057
1992-02-06,0.0
1992-02-07,0.0
1992-02-08,0.0
1992-02-09,0.000624162530235114
1992-02-10,0.0
1992-02-11,0.4447197009352165
1992-02-12,0.043373229338805205
1992-02-13,0.10266491105491328
1992-02-14,0.272415521591645
1992-02-15,0.0
1992-02-16,0.08209425289014752
1992-02-17,0.07089905243563129
1992-02-18,0.19728869989551007
1992-02-19,0.0
1992-02-20,0.0
1992-02-21,0.009888818859764037
1992-02-22,2.517486568354618
1992-02-23,0.4269908618975377
1992-02-24,33.69690149112561
1992-02-25,3.7773330488159935
1992-02-26,0.0
1992-02-27,0.0
1992-02-28,0.0
1992-02-29,0.0
1992-03-01,0.2938063649055589
1992-03-02,1.9958393486960633
1992-03-03,5.847787628125
1992-03-04,54.317575772735715
1992-03-05,0.0
1992-03-06,0.0
1992-03-07,0.0
1992-03-08,0.18006915224548115
1992-03-09,1.5967521052754505
1992-03-10,3.0293740454478645e-05
1992-03-11,0.0
1992-03-12,0.0
1992-03-13,0.0
1992-03-14,0.0
1992-03-15,0.0
1992-03-16,0.8812866041135197
1992-03-17,1.3892110045536759
1992-03-18,2.572381738078389
1992-03-19,0.0
1992-03-20,0.20837000516550905
1992-03-21,0.4041385704514807
1992-03-22,0.2822807040402522
1992-03-23,0.035476937417550904
1992-03-24,0.0
1992-03-25,0.0
1992-03-26,0.48150636992508583
1992-03-27,37.0381529254202
1992-03-28,3.8557789356569154
1992-03-29,0.9560276278322632
1992-03-30,0.0
1992-03-31,0.0
1992-04-01,0.06281994235324007
1992-04-02,1.7439319079097246
1992-04-03,0.03835835602997258
1992-04-04,0.0
1992-04-05,18.986389081739837
1992-04-06,0.12039311112142993
1992-04-07,0.43301934303360523
1992-04-08,0.3061566735611213
1992-04-09,0.06339584463322821
1992-04-10,0.08055676273030261
1992-04-11,0.003908383015741169
1992-04-12,0.0747694177823307
1992-04-13,0.6540426898361172
1992-04-14,0.08683276428605348
1992-04-15,0.151205872764037
1992-04-16,2.3954141624617598
1992-04-17,34.68744092774423
1992-04-18,1.3384807941907768
1992-04-19,0.06407507093596286
1992-04-20,0.6629545931934949
1992-04-21,0.0
1992-04-22,0.008444127409816284
1992-04-23,0.5566852863237892
1992-04-24,0.5158655597942953
1992-04-25,3.9595530396030445
1992-04-26,0.010706683507774876
1992-04-27,0.0
1992-04-28,0.44919251471682514
1992-04-29,0.06010816758505033
1992-04-30,0.0
1992-05-01,0.016820758858172476
1992-05-02,0.0
1992-05-03,2.7827189409756854
1992-05-04,6.464271075448726
1992-05-05,2.3981833544637112
1992-05-06,0.02719772099754992
1992-05-07,0.0
1992-05-08,0.0
1992-05-09,0.08166261933816889
1992-05-10,0.1391408641456552
1992-05-11,0.008341740727465392
1992-05-12,0.04279035879496705
1992-05-13,0.2657452279808016
1992-05-14,1.6861925332422494
1992-05-15,6.371971048237868
1992-05-16,5.050480720472272
1992-05-17,1.5222197982540882
1992-05-18,6.231023000225945
1992-05-19,7.844049833296519
1992-05-20,1.7969809108585328
1992-05-21,14.734868742353493
1992-05-22,1.961217797776951
1992-05-23,0.005939076371489039
1992-05-24,0.0
1992-05-25,0.7542513841346645
1992-05-26,15.697837329785127
1992-05-27,24.85826946587187
1992-05-28,0.01788101720890884
1992-05-29,0.0
1992-05-30,0.6375223365026181
1992-05-31,11.856831008096592
1992-06-01,0.3457264995748116
1992-06-02,10.072083861676065
1992-06-03,0.0
1992-06-04,0.02117677344182134
1992-06-05,2.0519828486325786
1992-06-06,1.2359791128082775
1992-06-07,10.1165814975683
1992-06-08,13.846435917660646
1992-06-09,16.84376929616426
1992-06-10,8.775993587209006
1992-06-11,26.107369357189537
1992-06-12,5.825673746834019
1992-06-13,0.007563067216858222
1992-06-14,0.00971424510792625
1992-06-15,0.0
1992-06-16,0.05577552899179204
1992-06-17,0.08670352659750066
1992-06-18,0.07728877591456076
1992-06-19,0.009079186258871268
1992-06-20,0.0
1992-06-21,0.05838454069815767
1992-06-22,0.0
1992-06-23,0.0704012596130311
1992-06-24,0.03936203804386419
1992-06-25,0.0
1992-06-26,0.8300769869221436
1992-06-27,2.2357332170111097
1992-06-28,2.8890948156563283
1992-06-29,9.976712266301336
1992-06-30,0.005188189719356558
1992-07-01,0.1865083859949673
1992-07-02,0.005319305657698489
1992-07-03,0.10290867097291434
1992-07-04,0.16401276563661685
1992-07-05,0.008154820051400537
1992-07-06,0.0
1992-07-07,0.0
1992-07-08,0.0
1992-07-09,0.0
1992-07-10,0.0
1992-07-11,0.007519761202345555
1992-07-12,0.011279641803518332
1992-07-13,0.011279641803518332
1992-07-14,0.0
1992-07-15,0.0
1992-07-16,0.0
1992-07-17,0.23662139942019414
1992-07-18,8.997112432586565
1992-07-19,4.587973326624372
1992-07-20,13.6865398082377
1992-07-21,8.66406199508668
1992-07-22,4.540315200286752
1992-07-23,0.01503952240469111
1992-07-24,0.0
1992-07-25,0.15257745004515524
1992-07-26,0.1539269159274776
1992-07-27,0.0
1992-07-28,0.009264642772160233
1992-07-29,0.1576503536209722
1992-07-30,0.011279641803518332
1992-07-31,0.01302452337333301
1992-08-01,0.0
1992-08-02,6.105259114061444
1992-08-03,5.034881460958767
1992-08-04,0.007519761202345555
1992-08-05,0.0
1992-08-06,0.0
1992-08-07,0.0
1992-08-08,0.0
1992-08-09,0.0
1992-08-10,2.4329081019237293
1992-08-11,3.8514541549835206
1992-08-12,22.357746635068008
1992-08-13,2.804118399052229
1992-08-14,0.02769296538709875
1992-08-15,15.85974200337321
1992-08-16,1.6014440399933172
1992-08-17,0.011279641803518332
1992-08-18,0.0
1992-08-19,0.1364405874908145
1992-08-20,0.4146573839844924
1992-08-21,0.08554277899194794
1992-08-22,0.0
1992-08-23,0.011279641803518332
1992-08-24,0.25979080620920264
1992-08-25,0.2638436520220591
1992-08-26,0.0
1992-08-27,0.21406429131928678
1992-08-28,0.0
1992-08-29,0.011279641803518332
1992-08-30,0.030953422586499756
1992-08-31,0.3298384385387893
1992-09-01,0.014914855923824202
1992-09-02,0.20165312675830255
1992-09-03,0.0004728626848720639
1992-09-04,0.3176790087055463
1992-09-05,0.22415027248968702
1992-09-06,0.0
1992-09-07,0.0036352141203058706
1992-09-08,0.0
1992-09-09,0.0
1992-09-10,0.02072364910010021
1992-09-11,1.5098940977123674
1992-09-12,0.12989374925943495
1992-09-13,0.03873382745047228
1992-09-14,0.09441836414894499
1992-09-15,0.8908115582061977
1992-09-16,0.0
1992-09-17,0.05018107207329385
1992-09-18,0.0037598806011727775
1992-09-19,5.170450989271185
1992-09-20,3.0414026577797335
1992-09-21,13.125199318764984
1992-09-22,0.14227684099117652
1992-09-23,1.9419175691869187e-06
1992-09-24,0.013573084638805154
1992-09-25,0.0
1992-09-26,0.0
1992-09-27,0.04799657599032586
1992-09-28,0.0
1992-09-29,0.0
1992-09-30,0.0
1992-10-01,0.0
1992-10-02,0.0
1992-10-03,0.0
1992-10-04,0.0
1992-10-05,0.0
1992-10-06,0.0
1992-10-07,0.0037598806011727775
1992-10-08,0.0037598806011727775
1992-10-09,0.0
1992-10-10,0.0
1992-10-11,0.0
1992-10-12,0.0
1992-10-13,0.0
1992-10-14,0.0037598806011727775
1992-10-15,0.01503952240469111
1992-10-16,0.38853128707622986
1992-10-17,0.043875502287504774
1992-10-18,0.20026200147809595
1992-10-19,0.0657765846633
1992-10-20,1.9296995243956279
1992-10-21,1.005838488666326
1992-10-22,0.027631024315569342
1992-10-23,0.008154820051400537
1992-10-24,0.0
1992-10-25,0.0
1992-10-26,0.45379254282257026
1992-10-27,0.0709894009217639
1992-10-28,0.0
1992-10-29,2.77652605206645
1992-10-30,3.1012522218867766
1992-10-31,0.022102356041583827
1992-11-01,5.2961907605498375
1992-11-02,0.0
1992-11-03,0.0
1992-11-04,0.0
1992-11-05,0.0
1992-11-06,1.1897240950513703
1992-11-07,0.38630671666101457
1992-11-08,2.0107097596290084
1992-11-09,5.899585372302686
1992-11-10,3.9505312356010815
1992-11-11,1.8421214391021252
1992-11-12,1.7205949273593786
1992-11-13,0.0
1992-11-14,0.0
1992-11-15,0.060389541568392976
1992-11-16,0.01952148099520119
1992-11-17,0.03935798998070739
1992-11-18,5.731057378840993
1992-11-19,39.88522293648966
1992-11-20,0.3520256075250008
1992-11-21,1.1402133766691342
1992-11-22,0.0
1992-11-23,0.0
1992-11-24,1.074224105531641
1992-11-25,0.0
1992-11-26,0.0
1992-11-27,0.0
1992-11-28,0.0
1992-11-29,0.0
1992-11-30,0.05373685719482466
1992-12-01,0.0
1992-12-02,0.0
1992-12-03,0.023477678175441025
1992-12-04,0.1464292292754651
1992-12-05,0.6460550968224255
1992-12-06,0.06266670254271874
1992-12-07,0.0
1992-12-08,0.7302909343585916
1992-12-09,1.768015858584357
1992-12-10,0.0
1992-12-11,0.0
1992-12-12,1.0992849062816308
1992-12-13,3.309600780587745
1992-12-14,22.551679928911867
1992-12-15,7.32569858071561
1992-12-16,0.023188370817025277
1992-12-17,0.0
1992-12-18,0.030459087502802594
1992-12-19,0.20769039275545928
1992-12-20,0.1910637970765532
1992-12-21,0.025967441078503836
1992-12-22,0.2729636265486692
1992-12-23,0.2467970401937769
1992-12-24,0.3556970999116732
1992-12-25,0.06447870189918006
1992-12-26,0.00971424510792625
1992-12-27,0.04007662563665784
1992-12-28,2.316961690253291
1992-12-29,1.2623165988694105
1992-12-30,0.22967738800359305
1992-12-31,0.5711839613798382
1993-01-01,3.407333410309941
1993-01-02,1.334776803005038
1993-01-03,0.8463116419502461
1993-01-04,2.964656388237709
1993-01-05,0.0
1993-01-06,3.1295064406510353
1993-01-07,1.0460364560759716
1993-01-08,0.0
1993-01-09,0.29447975923790043
1993-01-10,3.1632449258825
1993-01-11,0.5163426850858218
1993-01-12,0.0
1993-01-13,0.0830859021718748
1993-01-14,0.0963445684643484
1993-01-15,0.6297487497052745
1993-01-16,0.0
1993-01-17,0.08205807147962739
1993-01-18,3.3309550684193696
1993-01-19,14.77313744190958
1993-01-20,3.666942372290133
1993-01-21,0.0
1993-01-22,0.0
1993-01-23,0.7085489712316799
1993-01-24,0.04776859606543496
1993-01-25,0.07624308746442973
1993-01-26,0.0
1993-01-27,0.0
1993-01-28,2.7880175209267293
1993-01-29,0.0024788409209248142
1993-01-30,0.5816267487078597
1993-01-31,0.0
1993-02-01,0.023028068110823925
1993-02-02,0.07610323115898678
1993-02-03,3.1158495451349837
1993-02-04,10.170450382424372
1993-02-05,8.5192894055091
1993-02-06,0.0
1993-02-07,0.0
1993-02-08,0.0
1993-02-09,2.3071528625372997
1993-02-10,10.721555759546561
1993-02-11,0.2081047607979562
1993-02-12,0.0
1993-02-13,0.0
1993-02-14,1.9308533763407325
1993-02-15,2.8504658550568096
1993-02-16,0.0
1993-02-17,0.0
1993-02-18,0.0
1993-02-19,0.03336246560042677
1993-02-20,0.006205930906906137
1993-02-21,0.00439493945022776
1993-02-22,0.00012466648086690673
1993-02-23,0.00012466648086690673
1993-02-24,0.37701510483123096
1993-02-25,1.098081302377421
1993-02-26,0.0
1993-02-27,0.025332312029893143
1993-02-28,12.412861377162406
1993-03-01,3.045672571433796
1993-03-02,0.3057457201962463
1993-03-03,0.0
1993-03-04,0.0
1993-03-05,0.39479420784933505
1993-03-06,0.0
1993-03-07,0.0
1993-03-08,0.0
1993-03-09,0.0
1993-03-10,0.29262547779928993
1993-03-11,0.3836365051379458
1993-03-12,5.07971123240892
1993-03-13,0.0
1993-03-14,0.0
1993-03-15,0.6766430824613895
1993-03-16,0.004598958779592801
1993-03-17,0.0
1993-03-18,0.10970796375892976
1993-03-19,2.862788304601838
1993-03-20,0.030625557097074336
1993-03-21,1.470439718770406
1993-03-22,2.5382703251385985
1993-03-23,0.5384320383694267
1993-03-24,0.2842304278439688
1993-03-25,0.10772804062587851
1993-03-26,0.005853261003047216
1993-03-27,0.23297400435000634
1993-03-28,1.4234672001554065
1993-03-29,0.49987872940112993
1993-03-30,13.359734134937616
1993-03-31,0.0
1993-04-01,0.0
1993-04-02,0.0
1993-04-03,0.5380539413332115
1993-04-04,2.877036431051151
1993-04-05,0.0
1993-04-06,0.15835651829300512
1993-04-07,3.788942154524797
1993-04-08,0.4841226156734578
1993-04-09,0.0
1993-04-10,0.0
1993-04-11,0.0
1993-04-12,0.0
1993-04-13,4.458655306820477
1993-04-14,25.355338907493692
1993-04-15,0.0
1993-04-16,0.0
1993-04-17,0.009264642772160233
1993-04-18,0.0
1993-04-19,0.0
1993-04-20,0.014547482143086455
1993-04-21,0.0
1993-04-22,0.0
1993-04-23,0.06571073940176599
1993-04-24,0.0
1993-04-25,0.0
1993-04-26,0.0
1993-04-27,0.24464022129165144
1993-04-28,0.6383464867140489
1993-04-29,10.261499212960954
1993-04-30,3.2104230858186718
1993-05-01,1.699927286876566
1993-05-02,12.850433505209901
1993-05-03,0.0
1993-05-04,0.07185511541722871
1993-05-05,17.531875703071716
1993-05-06,1.7678671042558263
1993-05-07,0.42535575700027745
1993-05-08,3.483710690959002
1993-05-09,0.23136319968520738
1993-05-10,0.0
1993-05-11,0.0
1993-05-12,0.0
1993-05-13,0.0
1993-05-14,0.0
1993-05-15,0.0
1993-05-16,0.0
1993-05-17,0.0
1993-05-18,5.7227797460895244
1993-05-19,0.0
1993-05-20,0.31512980823514997
1993-05-21,0.0
1993-05-22,4.290022034877501
1993-05-23,15.082077378057454
1993-05-24,0.20556894716904428
1993-05-25,0.22202499242781745
1993-05-26,0.0
1993-05-27,0.015435156394460556
1993-05-28,0.09171349467059295
1993-05-29,1.9872679032513214
1993-05-30,3.7127112249068257
1993-05-31,1.537388338087837
1993-06-01,0.0
1993-06-02,0.0
1993-06-03,0.012804091997382328
1993-06-04,0.0
1993-06-05,0.00787448033612085
1993-06-06,0.2658893881296061
1993-06-07,0.37848804478149284
1993-06-08,1.7276398611775428
1993-06-09,0.9972301107156974
1993-06-10,27.582593949927134
1993-06-11,8.179069570949723
1993-06-12,1.6939594668227125
1993-06-13,1.9894096411788398
1993-06-14,5.076526477514053
1993-06-15,4.064288407091433
1993-06-16,0.2944404192078744
1993-06-17,2.9880766373474716
1993-06-18,3.364526022600922
1993-06-19,1.0412492339641373
1993-06-20,2.612041910390462
1993-06-21,2.1416448670783117
1993-06-22,0.5349676070770591
1993-06-23,0.16259786278317684
1993-06-24,0.7932391928881045
1993-06-25,2.1500523826492404
1993-06-26,1.8252974356374447
1993-06-27,0.5160090767541988
1993-06-28,0.2510794618433185
1993-06-29,0.8346913147492739
1993-06-30,0.09260335318830931
1993-07-01,0.02387085100727959
1993-07-02,0.0
1993-07-03,0.0
1993-07-04,0.00012466648086690673
1993-07-05,0.00012466648086690673
1993-07-06,0.014280785219343969
1993-07-07,0.02006284332433442
1993-07-08,0.0
1993-07-09,0.0
1993-07-10,0.0
1993-07-11,0.0
1993-07-12,0.0
1993-07-13,0.0
1993-07-14,0.0
1993-07-15,0.0
1993-07-16,0.007717578197230278
1993-07-17,0.0
1993-07-18,0.05343443676629678
1993-07-19,0.03542643660107623
1993-07-20,0.0
1993-07-21,0.0
1993-07-22,0.0
1993-07-23,0.0
1993-07-24,0.0
1993-07-25,0.0
1993-07-26,0.0
1993-07-27,0.0
1993-07-28,0.0
1993-07-29,0.0
1993-07-30,0.0
1993-07-31,0.0
1993-08-01,0.0
1993-08-02,0.020515644016697893
1993-08-03,0.0
1993-08-04,0.009264642772160233
1993-08-05,0.0
1993-08-06,0.0
1993-08-07,0.0
1993-08-08,0.0
1993-08-09,0.0
1993-08-10,0.0
1993-08-11,0.009264642772160233
1993-08-12,0.0
1993-08-13,0.0
1993-08-14,0.0
1993-08-15,0.0
1993-08-16,0.0
1993-08-17,0.0
1993-08-18,0.0
1993-08-19,0.0
1993-08-20,0.0
1993-08-21,0.0
1993-08-22,0.0
1993-08-23,0.000624162530235114
1993-08-24,0.06695732190751433
1993-08-25,0.15262032996003388
1993-08-26,0.035969105607651826
1993-08-27,0.0548672697773175
1993-08-28,1.4527204137113225
1993-08-29,0.26054889510579016
1993-08-30,0.017167513816994266
1993-08-31,8.026829105317814
1993-09-01,0.49607213552282486
1993-09-02,1.1422136703261452
1993-09-03,1.4259258934276957
1993-09-04,0.09805005076524022
1993-09-05,0.0
1993-09-06,0.3069931499915866
1993-09-07,0.0
1993-09-08,0.0
1993-09-09,0.4309881887107358
1993-09-10,0.4217708107311658
1993-09-11,0.7511260666987658
1993-09-12,2.4849879866308444
1993-09-13,4.129988053666389
1993-09-14,53.978260650376576
1993-09-15,0.0
1993-09-16,0.0
1993-09-17,0.0
1993-09-18,3.084631700175399
1993-09-19,0.3757291532853465
1993-09-20,0.0
1993-09-21,0.0
1993-09-22,0.015435156394460556
1993-09-23,0.022624467864378547
1993-09-24,0.1472747564301301
1993-09-25,0.0
1993-09-26,1.6044158461163895
1993-09-27,0.5661207362890486
1993-09-28,0.04137135288523681
1993-09-29,0.0
1993-09-30,0.0
1993-10-01,0.000624162530235114
1993-10-02,2.381522611769794
1993-10-03,1.0818404188230044
1993-10-04,0.2903378846923416
1993-10-05,0.0
1993-10-06,0.0
1993-10-07,0.060890732929732516
1993-10-08,0.0
1993-10-09,0.000624162530235114
1993-10-10,0.0
1993-10-11,0.0512813776384612
1993-10-12,1.782224458267804
1993-10-13,0.07847859312100547
1993-10-14,0.000624162530235114
1993-10-15,0.04715939457949024
1993-10-16,0.0
1993-10-17,0.0
1993-10-18,4.031062022354866
1993-10-19,5.081622748493957
1993-10-20,14.48536232211546
1993-10-21,0.0
1993-10-22,0.0
1993-10-23,0.0
1993-10-24,0.0
1993-10-25,0.0
1993-10-26,0.2609212927181671
1993-10-27,0.117079668476627
1993-10-28,0.0025597145020854017
1993-10-29,0.762359231675073
1993-10-30,0.09481808486953115
1993-10-31,0.0
1993-11-01,0.0
1993-11-02,0.3937824526677806
1993-11-03,1.1758052989838643
1993-11-04,0.11698248374659564
1993-11-05,0.01013291334368368
1993-11-06,0.000292062839782177
1993-11-07,0.0
1993-11-08,0.0063229439557297516
1993-11-09,0.1995249159567757
1993-11-10,0.12025598936174337
1993-11-11,0.1701886399677163
1993-11-12,1.4559339258594968
1993-11-13,0.681884430690766
1993-11-14,1.7304877921916988
1993-11-15,0.0
1993-11-16,2.269789082742149
1993-11-17,0.0
1993-11-18,0.0036352141203058706
1993-11-19,0.0791252393982201
1993-11-20,0.0
1993-11-21,0.0
1993-11-22,0.0
1993-11-23,0.0
1993-11-24,0.03208988196584286
1993-11-25,1.5683632208941791
1993-11-26,0.42302734351147303
1993-11-27,0.0
1993-11-28,0.0
1993-11-29,0.0
1993-11-30,0.07057297812248649
1993-12-01,0.07772354941474388
1993-12-02,2.1233238020654412
1993-12-03,0.4616388463782598
1993-12-04,0.001248325060470228
1993-12-05,0.0
1993-12-06,0.03718522198015946
1993-12-07,0.005776986771308137
1993-12-08,0.520545043883041
1993-12-09,0.2409294615288371
1993-12-10,0.0026535841394414897
1993-12-11,0.0
1993-12-12,0.15005143555508338
1993-12-13,0.12009391695245814
1993-12-14,0.0
1993-12-15,0.0
1993-12-16,0.16963935205644687
1993-12-17,0.4599887178564395
1993-12-18,0.0
1993-12-19,0.0
1993-12-20,0.0
1993-12-21,0.40570283939165613
1993-12-22,12.724913731527382
1993-12-23,0.0
1993-12-24,0.001872487590705342
1993-12-25,0.0
1993-12-26,0.0
1993-12-27,0.00018525396177586402
1993-12-28,0.001248325060470228
1993-12-29,0.07930755517021604
1993-12-30,0.000624162530235114
1993-12-31,0.0
1994-01-01,0.000624162530235114
1994-01-02,0.0
1994-01-03,0.0
1994-01-04,0.0
1994-01-05,0.012416880363112224
1994-01-06,0.04241256889519764
1994-01-07,0.03865236230219872
1994-01-08,0.0
1994-01-09,0.0
1994-01-10,0.02712718694814472
1994-01-11,0.01200171351051431
1994-01-12,0.18997627515009402
1994-01-13,0.7558402079162416
1994-01-14,0.0
1994-01-15,0.00012466648086690673
1994-01-16,0.000624162530235114
1994-01-17,0.001248325060470228
1994-01-18,0.0
1994-01-19,0.0
1994-01-20,5.210430931193114
1994-01-21,24.610531462535473
1994-01-22,14.960137918134215
1994-01-23,2.7873817495268143
1994-01-24,3.6709892951268053
1994-01-25,0.702184566943352
1994-01-26,1.1738652161102003
1994-01-27,0.49663474671124785
1994-01-28,0.6252021523742615
1994-01-29,0.32739703369017265
1994-01-30,0.0
1994-01-31,0.28665295933021717
1994-02-01,0.03658048242594842
1994-02-02,0.0
1994-02-03,0.0
1994-02-04,1.0896318819868496e-05
1994-02-05,0.0992291595480968
1994-02-06,0.0
1994-02-07,0.8426058879664353
1994-02-08,0.05203902035343858
1994-02-09,0.3352092060625102
1994-02-10,10.94347882486459
1994-02-11,0.0
1994-02-12,0.017722429333350682
1994-02-13,0.0005006078410368139
1994-02-14,0.0
1994-02-15,0.025361062084966232
1994-02-16,0.005319305657698489
1994-02-17,0.0
1994-02-18,0.09633340019337149
1994-02-19,0.19537376434153048
1994-02-20,2.043282965862022
1994-02-21,1.7809555784907583
1994-02-22,28.665118378165033
1994-02-23,3.883835138373837e-06
1994-02-24,0.0
1994-02-25,0.000624162530235114
1994-02-26,0.10524061905659936
1994-02-27,0.0
1994-02-28,1.3193205425910073
1994-03-01,0.788970495105234
1994-03-02,0.022771380297919325
1994-03-03,0.009515439896669935
1994-03-04,0.006517380218532441
1994-03-05,0.03067902378980536
1994-03-06,0.01640689002447394
1994-03-07,0.0
1994-03-08,2.53569049098516
1994-03-09,5.744552600802551
1994-03-10,0.0
1994-03-11,0.0
1994-03-12,0.17484998613943742
1994-03-13,32.618791221143844
1994-03-14,0.6595278087752013
1994-03-15,27.83304570728692
1994-03-16,24.04529220817901
1994-03-17,0.007141542748767555
1994-03-18,0.0
1994-03-19,0.0
1994-03-20,0.09641110634095046
1994-03-21,0.13603181368685338
1994-03-22,0.0
1994-03-23,0.2255913193711409
1994-03-24,0.11860577869600906
1994-03-25,0.0
1994-03-26,1.0036447437983405
1994-03-27,1.4014561790417042
1994-03-28,0.045051656318939495
1994-03-29,0.0
1994-03-30,0.0
1994-03-31,0.0
1994-04-01,0.0
1994-04-02,0.0
1994-04-03,0.2841028131368514
1994-04-04,0.17244838813510469
1994-04-05,0.022079084516992257
1994-04-06,0.0
1994-04-07,0.0
1994-04-08,0.0
1994-04-09,0.13732599348721067
1994-04-10,0.007141542748767555
1994-04-11,0.3050401189454201
1994-04-12,0.000624162530235114
1994-04-13,0.00012466648086690673
1994-04-14,1.8720468562708785
1994-04-15,3.4888472859184763
1994-04-16,0.10815190541048013
1994-04-17,0.0
1994-04-18,0.0
1994-04-19,0.005206022656527728
1994-04-20,0.13225359310333962
1994-04-21,0.03221359627127046
1994-04-22,0.9257011004966411
1994-04-23,0.21311306121939877
1994-04-24,0.01032538790147761
1994-04-25,0.16480797320914475
1994-04-26,0.018693413268455254
1994-04-27,0.3275283279798265
1994-04-28,18.546289832799157
1994-04-29,5.900924788250864
1994-04-30,9.756366720150167
1994-05-01,0.6233856383068288
1994-05-02,3.1744940790156773
1994-05-03,0.0
1994-05-04,0.169504474191496
1994-05-05,0.03309876806184304
1994-05-06,0.5318104023107803
1994-05-07,0.17073137837845212
1994-05-08,7.358582139448967
1994-05-09,11.00919628698138
1994-05-10,2.2073165943697046
1994-05-11,2.7871268092202164
1994-05-12,3.9223491725094948
1994-05-13,58.16647354848733
1994-05-14,0.5004931899324164
1994-05-15,4.732770841707849
1994-05-16,0.19707310505150252
1994-05-17,0.23421315379486424
1994-05-18,0.12986905341244234
1994-05-19,0.0
1994-05-20,0.0
1994-05-21,0.0
1994-05-22,0.05385290669690154
1994-05-23,3.187961046147868e-08
1994-05-24,0.0051193652449498805
1994-05-25,1.1473541553258897
1994-05-26,1.8246733280897036
1994-05-27,4.128103239984377
1994-05-28,0.6609132223904766
1994-05-29,0.11291548210768636
1994-05-30,0.010914216132945045
1994-05-31,0.0
1994-06-01,0.3718838990597344
1994-06-02,0.03170383098357707
1994-06-03,0.7781739814919475
1994-06-04,13.76864248478006
1994-06-05,2.777069357703031
1994-06-06,0.006517380218532441
1994-06-07,0.016943690639585052
1994-06-08,6.812837266659499
1994-06-09,0.1339756473547283
1994-06-10,26.483305464726655
1994-06-11,4.330565200273418
1994-06-12,3.7752608191862502
1994-06-13,0.6751043375501613
1994-06-14,18.489523420539197
1994-06-15,11.60879322644666
1994-06-16,0.33339988650124247
1994-06-17,0.09261345927433531
1994-06-18,4.467994326717126
1994-06-19,2.778220513661207
1994-06-20,0.24978946835714738
1994-06-21,0.778312113152365
1994-06-22,0.1402296118686013
1994-06-23,1.1210059145791378
1994-06-24,2.105012470932973
1994-06-25,0.0
1994-06-26,0.0
1994-06-27,0.0
1994-06-28,0.0
1994-06-29,0.5253687377690217
1994-06-30,0.0
1994-07-01,0.0
1994-07-02,0.0
1994-07-03,0.006517380218532441
1994-07-04,0.0031838451527100545
1994-07-05,0.13005057424999167
1994-07-06,0.010949550431712723
1994-07-07,0.0
1994-07-08,0.0
1994-07-09,0.07980943010080954
1994-07-10,0.01492035961669854
1994-07-11,0.06482615150712076
1994-07-12,0.0025596826224749403
1994-07-13,0.31936197138458366
1994-07-14,28.289865874453785
1994-07-15,83.92582572711002
1994-07-16,0.22256017178407156
1994-07-17,0.0
1994-07-18,0.0
1994-07-19,0.0
1994-07-20,0.0
1994-07-21,0.0
1994-07-22,0.0
1994-07-23,0.0025596826224749403
1994-07-24,0.0025596826224749403
1994-07-25,0.000240420617413622
1994-07-26,0.0
1994-07-27,0.0
1994-07-28,0.05707773570190995
1994-07-29,0.0
1994-07-30,0.3407702330744218
1994-07-31,1.5923159697244016
1994-08-01,0.5531198902962351
1994-08-02,0.000624162530235114
1994-08-03,0.0
1994-08-04,0.03959544181586275
1994-08-05,0.000624162530235114
1994-08-06,0.09037116532697732
1994-08-07,0.0
1994-08-08,0.12506390550319876
1994-08-09,2.7686513728812328
1994-08-10,1.64440084649087
1994-08-11,0.2201337277866586
1994-08-12,0.0
1994-08-13,0.000624162530235114
1994-08-14,0.0
1994-08-15,0.3320836735418088
1994-08-16,0.7903986816870942
1994-08-17,0.03149228648471875
1994-08-18,0.07141916345273562
1994-08-19,0.0
1994-08-20,0.0
1994-08-21,18.06216842396968
1994-08-22,10.528133811711257
1994-08-23,0.007141542748767555
1994-08-24,0.0734213047258362
1994-08-25,0.014133395584422778
1994-08-26,0.0
1994-08-27,0.018221345271565947
1994-08-28,0.01530607647908303
1994-08-29,0.0
1994-08-30,0.001872487590705342
1994-08-31,1.117136812472607
1994-09-01,1.1276533835315306
1994-09-02,0.8847313101283684
1994-09-03,0.038983006568749916
1994-09-04,0.0
1994-09-05,0.0
1994-09-06,0.0
1994-09-07,1.0765279581624605
1994-09-08,6.357629535061481
1994-09-09,6.726748568957377
1994-09-10,0.503642573501291
1994-09-11,0.2730384228947853
1994-09-12,0.5089747465271737
1994-09-13,0.8583491398462647
1994-09-14,0.5664257402315578
1994-09-15,1.9649793791740704
1994-09-16,14.28613003490312
1994-09-17,0.18081282172715052
1994-09-18,0.0
1994-09-19,0.0
1994-09-20,0.0
1994-09-21,0.0
1994-09-22,0.09307516351933759
1994-09-23,0.0
1994-09-24,0.0
1994-09-25,0.0
1994-09-26,0.0
1994-09-27,0.09722942156529331
1994-09-28,0.010879580907680195
1994-09-29,0.0
1994-09-30,0.0024966820005509175
1994-10-01,0.0
1994-10-02,0.0051193652449498805
1994-10-03,2.797375950976872
1994-10-04,0.8096504465742659
1994-10-05,0.0
1994-10-06,3.480206234152401
1994-10-07,3.8271241566538596
1994-10-08,10.625361341782861
1994-10-09,0.006517380218532441
1994-10-10,0.0
1994-10-11,0.0
1994-10-12,0.0
1994-10-13,0.0
1994-10-14,0.8229189119738186
1994-10-15,4.4410857972253845
1994-10-16,0.2831051082080042
1994-10-17,2.44098560020432
1994-10-18,20.313210260635884
1994-10-19,4.1960485543079855
1994-10-20,0.036544598688719704
1994-10-21,0.03374856874155458
1994-10-22,0.00012117496181791458
1994-10-23,0.013467417414356843
1994-10-24,0.5924502325421449
1994-10-25,26.6519765349669
1994-10-26,0.06654025785647556
1994-10-27,1.8595063723618783
1994-10-28,0.0
1994-10-29,0.0
1994-10-30,1.8636956179387572
1994-10-31,0.4838504323603595
1994-11-01,0.0
1994-11-02,0.5089393275277336
1994-11-03,1.620314954674637
1994-11-04,5.793986422434048
1994-11-05,9.450215979330483
1994-11-06,0.0
1994-11-07,0.0
1994-11-08,0.1898892818074172
1994-11-09,0.1545642080229383
1994-11-10,0.0
1994-11-11,0.0
1994-11-12,0.3085530992545881
1994-11-13,1.8450482716950296
1994-11-14,8.216353479942903
1994-11-15,33.27138790862352
1994-11-16,0.0
1994-11-17,0.018298351858118376
1994-11-18,0.09119006981162785
1994-11-19,0.4165879448227792
1994-11-20,1.551535970546764
1994-11-21,0.0
1994-11-22,0.12930708231561092
1994-11-23,4.851347709205916
1994-11-24,0.6919233074678336
1994-11-25,0.03559165124451794
1994-11-26,0.0
1994-11-27,0.0
1994-11-28,0.0003739994426007202
1994-11-29,0.24058834550154873
1994-11-30,0.0
1994-12-01,0.0
1994-12-02,0.7087831662979426
1994-12-03,0.2617920401622519
1994-12-04,0.0
1994-12-05,0.012205949928558248
1994-12-06,2.2538249424320242
1994-12-07,0.6814649156534017
1994-12-08,1.1707462356000693
1994-12-09,6.550814488200322
1994-12-10,1.6508429662058162
1994-12-11,0.0
1994-12-12,0.0
1994-12-13,0.037269453602361044
1994-12-14,1.9664938264294929
1994-12-15,0.5318019907334501
1994-12-16,0.581745965228117
1994-12-17,0.04488476137118954
1994-12-18,0.00025127487930300043
1994-12-19,0.0
1994-12-20,0.004082364076924407
1994-12-21,0.0
1994-12-22,0.11832542039321806
1994-12-23,0.1159021228558487
1994-12-24,0.43738399500208913
1994-12-25,0.0
1994-12-26,0.0
1994-12-27,8.510336777964019
1994-12-28,53.4027803332308
1994-12-29,0.10356188558740018
1994-12-30,0.05318935906468881
1994-12-31,0.6413552075939617
1995-01-01,0.02839243643251936
1995-01-02,0.08159535457875369
1995-01-03,0.7944811989535228
1995-01-04,0.22479312077735816
1995-01-05,0.014225225900598758
1995-01-06,0.4681720396313624
1995-01-07,0.0
1995-01-08,0.0
1995-01-09,0.0
1995-01-10,6.252939847814421e-05
1995-01-11,1.9419175691869187e-06
1995-01-12,3.293678447226891
1995-01-13,0.0
1995-01-14,0.0
1995-01-15,0.0
1995-01-16,0.027077083236884448
1995-01-17,1.6256414118130365
1995-01-18,0.37644534639281935
1995-01-19,0.0
1995-01-20,0.011645257256113496
1995-01-21,0.0
1995-01-22,0.055887084782499964
1995-01-23,0.0
1995-01-24,0.015595942368489503
1995-01-25,0.7180227051467575
1995-01-26,2.18531748549666
1995-01-27,0.1392492456774826
1995-01-28,0.0
1995-01-29,0.0
1995-01-30,0.43383184149966475
1995-01-31,0.592853151286279
1995-02-01,0.0
1995-02-02,0.0
1995-02-03,0.008629381371592148
1995-02-04,0.016692950153562158
1995-02-05,0.0
1995-02-06,0.0
1995-02-07,0.0
1995-02-08,0.0
1995-02-09,0.04038102154233248
1995-02-10,0.0
1995-02-11,0.32839254107856075
1995-02-12,0.010232980304988292
1995-02-13,1.7612908275455819
1995-02-14,1.1846347799743497
1995-02-15,1.8447486850183532
1995-02-16,1.6199859461330446
1995-02-17,0.019466004504535873
1995-02-18,0.0
1995-02-19,0.0
1995-02-20,0.0
1995-02-21,0.0
1995-02-22,1.070459948917994
1995-02-23,0.17351819020981454
1995-02-24,0.8927844675226546
1995-02-25,3.925058645597045
1995-02-26,3.1347896989064683
1995-02-27,0.4111318557366935
1995-02-28,0.17039144984468962
1995-03-01,0.1041745044243256
1995-03-02,2.2686440534851537
1995-03-03,0.3829785099415314
1995-03-04,0.08188456564521839
1995-03-05,0.20709731416056867
1995-03-06,0.8241787464215213
1995-03-07,4.3219114539690136
1995-03-08,0.0
1995-03-09,0.0
1995-03-10,0.0
1995-03-11,0.01718646244737482
1995-03-12,0.9844166677788153
1995-03-13,40.02866739774511
1995-03-14,0.0
1995-03-15,0.9623438143305016
1995-03-16,0.3903359734001504
1995-03-17,0.06807133547898749
1995-03-18,0.0
1995-03-19,0.0
1995-03-20,0.0
1995-03-21,0.0
1995-03-22,0.0
1995-03-23,0.014432775410647442
1995-03-24,0.07459126108731155
1995-03-25,0.7949895410330112
1995-03-26,0.6399929764698135
1995-03-27,0.22041452311645265
1995-03-28,0.9319464347039015
1995-03-29,1.0854753056352238
1995-03-30,0.6190855367521244
1995-03-31,3.0011011293129433
1995-04-01,0.0
1995-04-02,0.0
1995-04-03,1.93103517203569
1995-04-04,8.54497009410339
1995-04-05,19.502556095575503
1995-04-06,0.0
1995-04-07,0.0
1995-04-08,0.0
1995-04-09,0.05703046840276613
1995-04-10,0.7430105201179428
1995-04-11,0.03154322930741065
1995-04-12,0.0
1995-04-13,0.03878034608553239
1995-04-14,0.0073226465994446
1995-04-15,1.3611728472007243
1995-04-16,0.7640871254306077
1995-04-17,7.233641240493827
1995-04-18,0.3987199234633424
1995-04-19,0.16362216276047717
1995-04-20,0.0
1995-04-21,0.0
1995-04-22,0.061195694843733835
1995-04-23,0.0
1995-04-24,0.11250203798666535
1995-04-25,0.0
1995-04-26,0.0
1995-04-27,0.0395644587909803
1995-04-28,0.03991570260573769
1995-04-29,0.25521721538699227
1995-04-30,0.0
1995-05-01,0.06171662341669425
1995-05-02,0.0064660147242373645
1995-05-03,0.5176070469131163
1995-05-04,0.01623281317510874
1995-05-05,5.2556392631357935
1995-05-06,0.4293590450868939
1995-05-07,1.6238382552438018
1995-05-08,23.684667612006606
1995-05-09,0.0
1995-05-10,0.01623281317510874
1995-05-11,0.3909251219067772
1995-05-12,0.36774500969518187
1995-05-13,0.0
1995-05-14,0.0
1995-05-15,0.43010221975666707
1995-05-16,0.1571637091040367
1995-05-17,2.522742413418635
1995-05-18,0.0
1995-05-19,0.0
1995-05-20,0.013263014636391469
1995-05-21,0.0
1995-05-22,0.4777510758400772
1995-05-23,0.6274939745712026
1995-05-24,33.174183841893175
1995-05-25,8.90113405322246
1995-05-26,0.30181874852879303
1995-05-27,18.85691723526326
1995-05-28,1.5909464217003937
1995-05-29,24.800060275666574
1995-05-30,13.164592821511524
1995-05-31,2.3788234373156154
1995-06-01,0.2041076611064245
1995-06-02,0.0
1995-06-03,0.00024933296173381347
1995-06-04,0.007717578197230278
1995-06-05,0.3978277420332722
1995-06-06,0.0
1995-06-07,0.10100195642529193
1995-06-08,0.40518586428713926
1995-06-09,0.10376430842666083
1995-06-10,0.797554685181678
1995-06-11,25.662113058002586
1995-06-12,0.0
1995-06-13,0.46449616614947303
1995-06-14,0.06708862121904494
1995-06-15,0.0
1995-06-16,0.0
1995-06-17,0.0
1995-06-18,0.5075254750504613
1995-06-19,0.6136353835566133
1995-06-20,0.15061933091398547
1995-06-21,0.038773691022358815
1995-06-22,0.0042640386090497485
1995-06-23,0.004082364076924407
1995-06-24,0.28795119365178906
1995-06-25,2.6585943208408294
1995-06-26,2.0375546404035147
1995-06-27,14.934000391998618
1995-06-28,0.8000769501553163
1995-06-29,43.16922669248265
1995-06-30,0.46720854223629055
1995-07-01,0.00834368264503458
1995-07-02,0.010010901067209834
1995-07-03,0.6024551927020058
1995-07-04,9.500032823138516
1995-07-05,0.12725260690771958
1995-07-06,4.3761894961086405
1995-07-07,0.4102405012877419
1995-07-08,0.0039044991806027954
1995-07-09,0.0
1995-07-10,0.0
1995-07-11,0.0
1995-07-12,0.0
1995-07-13,0.0
1995-07-14,0.0
1995-07-15,0.0
1995-07-16,0.044097071124114644
1995-07-17,0.0
1995-07-18,0.0
1995-07-19,0.0
1995-07-20,0.0
1995-07-21,0.0
1995-07-22,0.0
1995-07-23,0.0
1995-07-24,0.0
1995-07-25,0.0
1995-07-26,0.0
1995-07-27,0.0
1995-07-28,0.0
1995-07-29,0.012436943040778855
1995-07-30,0.5154886889866991
1995-07-31,0.2523188539447368
1995-08-01,0.08758544096686607
1995-08-02,2.529223521674348
1995-08-03,12.325865492603995
1995-08-04,0.007737567438693219
1995-08-05,0.0008646150272591974
1995-08-06,0.0
1995-08-07,0.44341349336906233
1995-08-08,0.04438673953468654
1995-08-09,0.003957697596057501
1995-08-10,0.0
1995-08-11,3.0293740454478645e-05
1995-08-12,3.4716484162145353
1995-08-13,1.6664641681892696
1995-08-14,0.22660684879585236
1995-08-15,0.9519339174467962
1995-08-16,0.5735566596073226
1995-08-17,0.03246562635021748
1995-08-18,0.0
1995-08-19,0.8209119928874642
1995-08-20,0.02728934321192906
1995-08-21,0.8656777797136921
1995-08-22,0.9889522145255649
1995-08-23,0.23656019240183168
1995-08-24,2.9067444158347575
1995-08-25,3.730002158652818
1995-08-26,0.7364108854246303
1995-08-27,2.8665806921921435
1995-08-28,0.9080663997452809
1995-08-29,3.4566569083522496
1995-08-30,6.263315436977831
1995-08-31,1.7201582348835491
1995-09-01,1.1802960320765887
1995-09-02,0.0
1995-09-03,0.0
1995-09-04,0.0
1995-09-05,0.036423323946274976
1995-09-06,0.02019051077116624
1995-09-07,0.6230949746316778
1995-09-08,0.29656916599786315
1995-09-09,0.0
1995-09-10,0.0
1995-09-11,0.0
1995-09-12,0.011997759269039407
1995-09-13,4.353155252381858
1995-09-14,14.110333907118537
1995-09-15,2.9656694104195473
1995-09-16,0.07594523167310309
1995-09-17,0.036423323946274976
1995-09-18,0.04038102154233248
1995-09-19,0.0714058480983009
1995-09-20,40.81926248827483
1995-09-21,34.93055045120544
1995-09-22,25.74841655165422
1995-09-23,0.0
1995-09-24,0.0
1995-09-25,0.0
1995-09-26,0.0
1995-09-27,0.003957697596057501
1995-09-28,0.1009525538558312
1995-09-29,0.02019051077116624
1995-09-30,0.0
1995-10-01,0.9262697103459825
1995-10-02,0.3282355313383564
1995-10-03,0.8846047458965524
1995-10-04,0.0
1995-10-05,0.0
1995-10-06,0.0
1995-10-07,0.0
1995-10-08,0.0
1995-10-09,0.0
1995-10-10,0.0
1995-10-11,0.0
1995-10-12,0.0
1995-10-13,0.0
1995-10-14,0.0
1995-10-15,0.0
1995-10-16,0.0
1995-10-17,0.0
1995-10-18,0.4839230716685069
1995-10-19,0.04067701035891151
1995-10-20,0.0
1995-10-21,0.0
1995-10-22,0.0
1995-10-23,0.07188598172144035
1995-10-24,0.0
1995-10-25,0.012350129768753553
1995-10-26,0.08536353292432786
1995-10-27,0.0
1995-10-28,0.0
1995-10-29,1.2953841629556928
1995-10-30,4.386341876204808
1995-10-31,20.147744678910325
1995-11-01,20.281451085949044
1995-11-02,0.8354891766585191
1995-11-03,0.15908529312047018
1995-11-04,0.29342508746505397
1995-11-05,0.052656137121383714
1995-11-06,0.02810590596328124
1995-11-07,0.0
1995-11-08,0.0
1995-11-09,0.158823795758295
1995-11-10,0.27143071557294096
1995-11-11,0.0
1995-11-12,0.0
1995-11-13,0.0
1995-11-14,0.0
1995-11-15,0.020547044926995748
1995-11-16,0.745185030399258
1995-11-17,23.49957969750581
1995-11-18,2.3373876018458217
1995-11-19,0.0
1995-11-20,0.0
1995-11-21,0.1401690253391935
1995-11-22,0.0
1995-11-23,0.0
1995-11-24,0.0
1995-11-25,0.0
1995-11-26,0.0
1995-11-27,0.31694205441192114
1995-11-28,0.1692723232173118
1995-11-29,0.0
1995-11-30,0.0
1995-12-01,0.08112713018294548
1995-12-02,0.1277505884647344
1995-12-03,0.0
1995-12-04,0.0
1995-12-05,0.0
1995-12-06,0.0
1995-12-07,0.10458939574546408
1995-12-08,2.089509671865232
1995-12-09,0.0
1995-12-10,0.0
1995-12-11,0.04710043937250576
1995-12-12,0.02019051077116624
1995-12-13,0.0
1995-12-14,0.05685425533485484
1995-12-15,1.4842712472929007
1995-12-16,9.088122136343594e-05
1995-12-17,1.6504445283904567
1995-12-18,1.919355138923344
1995-12-19,0.0
1995-12-20,0.0
1995-12-21,0.5829899406845425
1995-12-22,0.24765882263226136
1995-12-23,0.0
1995-12-24,0.0
1995-12-25,0.0
1995-12-26,0.0
1995-12-27,0.0
1995-12-28,0.0
1995-12-29,0.1626504311108932
1995-12-30,0.8235655829192889
1995-12-31,0.0
1996-01-01,0.1329036893678741
1996-01-02,0.0
1996-01-03,0.0
1996-01-04,0.0
1996-01-05,0.0
1996-01-06,0.0
1996-01-07,0.0
1996-01-08,0.0
1996-01-09,0.0
1996-01-10,0.0
1996-01-11,0.0
1996-01-12,0.0
1996-01-13,0.0
1996-01-14,0.0
1996-01-15,0.0
1996-01-16,0.027573569822012024
1996-01-17,0.11328617881563126
1996-01-18,0.000240420617413622
1996-01-19,0.0
1996-01-20,0.0
1996-01-21,0.0
1996-01-22,0.9182046224229644
1996-01-23,0.0
1996-01-24,0.0
1996-01-25,0.0
1996-01-26,0.0
1996-01-27,0.0
1996-01-28,0.036423323946274976
1996-01-29,0.003957697596057501
1996-01-30,0.02414820836722374
1996-01-31,0.14133357539816369
1996-02-01,0.7854168053279703
1996-02-02,1.1436853510438127
1996-02-03,0.0
1996-02-04,0.0
1996-02-05,0.0
1996-02-06,0.0
1996-02-07,0.0
1996-02-08,0.0
1996-02-09,0.0
1996-02-10,0.0
1996-02-11,0.0
1996-02-12,0.0
1996-02-13,0.0
1996-02-14,0.0
1996-02-15,0.0
1996-02-16,0.0
1996-02-17,0.0
1996-02-18,0.0
1996-02-19,0.0
1996-02-20,0.0
1996-02-21,0.0
1996-02-22,0.11909552964570269
1996-02-23,0.0
1996-02-24,0.0
1996-02-25,0.5854766417654419
1996-02-26,0.29075163163822826
1996-02-27,0.3895686007716645
1996-02-28,5.190060697960824
1996-02-29,7.134854283973313
1996-03-01,0.0
1996-03-02,0.0
1996-03-03,0.0
1996-03-04,0.14569697630875766
1996-03-05,0.951120227837327
1996-03-06,0.04263193088107003
1996-03-07,0.0
1996-03-08,0.0
1996-03-09,0.0
1996-03-10,0.0
1996-03-11,0.0
1996-03-12,0.0
1996-03-13,0.0
1996-03-14,0.0
1996-03-15,0.0
1996-03-16,0.3621937393345586
1996-03-17,0.0013757181229304585
1996-03-18,0.0
1996-03-19,0.0
1996-03-20,0.0
1996-03-21,0.0
1996-03-22,0.013268167171798984
1996-03-23,0.10333055912823012
1996-03-24,0.08672818102833027
1996-03-25,0.3382997796543404
1996-03-26,1.9656599516828634
1996-03-27,7.064671401432576
1996-03-28,0.0
1996-03-29,0.0
1996-03-30,0.0
1996-03-31,0.0
1996-04-01,0.0
1996-04-02,0.27731955490036575
1996-04-03,0.06867063389088954
1996-04-04,0.135611988553052
1996-04-05,10.127735068575086
1996-04-06,6.7258747477994385
1996-04-07,0.0
1996-04-08,0.0
1996-04-09,0.0
1996-04-10,6.375922092295735e-08
1996-04-11,0.3141450998396089
1996-04-12,0.00012466648086690673
1996-04-13,0.0
1996-04-14,0.04945215985361726
1996-04-15,0.0
1996-04-16,0.0
1996-04-17,0.07416925292485829
1996-04-18,0.0
1996-04-19,0.0
1996-04-20,0.0
1996-04-21,0.0
1996-04-22,1.475736682520202
1996-04-23,0.0
1996-04-24,0.0
1996-04-25,0.0
1996-04-26,0.0
1996-04-27,0.0
1996-04-28,0.3477629660573968
1996-04-29,10.279324540679076
1996-04-30,0.0
1996-05-01,0.0
1996-05-02,0.0
1996-05-03,0.026690761576276558
1996-05-04,0.007592911716363371
1996-05-05,0.19027849864037763
1996-05-06,2.872406530191289
1996-05-07,0.5433671499483115
1996-05-08,1.058829769560927
1996-05-09,0.10893890671153542
1996-05-10,1.208892668657518
1996-05-11,19.335127536003082
1996-05-12,0.06057153231349872
1996-05-13,0.05661383471744122
1996-05-14,0.20766977929823427
1996-05-15,0.0
1996-05-16,0.0
1996-05-17,0.0
1996-05-18,0.007717578197230278
1996-05-19,0.0
1996-05-20,0.0
1996-05-21,0.0
1996-05-22,0.0
1996-05-23,0.0
1996-05-24,0.06714825282774921
1996-05-25,0.1655639728044354
1996-05-26,0.7777837415446004
1996-05-27,15.537369662400545
1996-05-28,0.49182775463894224
1996-05-29,2.994697167712902
1996-05-30,20.42401795871278
1996-05-31,5.605884204413119
1996-06-01,2.1558094335015703
1996-06-02,2.9931361193066413
1996-06-03,21.324081926152356
1996-06-04,0.0051562207951701
1996-06-05,0.0
1996-06-06,0.0
1996-06-07,0.513968613194257
1996-06-08,0.01556176479289665
1996-06-09,0.0
1996-06-10,0.0
1996-06-11,0.0
1996-06-12,0.013047840146382737
1996-06-13,0.0
1996-06-14,0.0
1996-06-15,0.0
1996-06-16,0.0
1996-06-17,0.22770106528722242
1996-06-18,2.0783427377568757
1996-06-19,0.32825055929476177
1996-06-20,0.0
1996-06-21,0.0
1996-06-22,0.09162980971900692
1996-06-23,0.012456340462413465
1996-06-24,0.6899817942415546
1996-06-25,1.9750641336174444
1996-06-26,4.175379381090284
1996-06-27,0.6755911908707916
1996-06-28,0.0
1996-06-29,0.0
1996-06-30,0.0
1996-07-01,0.0
1996-07-02,0.0
1996-07-03,0.0
1996-07-04,1.9419175691869187e-06
1996-07-05,0.0
1996-07-06,0.0
1996-07-07,0.0
1996-07-08,0.0
1996-07-09,0.0037598806011727775
1996-07-10,12.173475475192596
1996-07-11,1.0753354485343456
1996-07-12,7.1171668352077315
1996-07-13,0.0
1996-07-14,0.010010869187599372
1996-07-15,0.10264940051107965
1996-07-16,0.0
1996-07-17,0.0
1996-07-18,0.0
1996-07-19,0.0
1996-07-20,0.0
1996-07-21,0.0
1996-07-22,0.0
1996-07-23,0.0
1996-07-24,0.0
1996-07-25,5.652055720488484
1996-07-26,4.154526245334591
1996-07-27,0.0
1996-07-28,0.0
1996-07-29,0.0
1996-07-30,2.221155102668716
1996-07-31,2.921938599395938
1996-08-01,0.0
1996-08-02,0.0
1996-08-03,0.0030866528548337273
1996-08-04,0.0
1996-08-05,0.0
1996-08-06,0.0
1996-08-07,0.03791908120678814
1996-08-08,1.7679798807589555
1996-08-09,4.346793403061424
1996-08-10,0.0452823617665379
1996-08-11,1.8099602452719032
1996-08-12,0.11264431559414873
1996-08-13,3.0293740454478645e-05
1996-08-14,0.717612686658764
1996-08-15,1.55597494420157
1996-08-16,0.0
1996-08-17,0.0
1996-08-18,0.0030866528548337273
1996-08-19,0.08490543461427867
1996-08-20,0.04992975737407422
1996-08-21,0.1541308827410018
1996-08-22,2.00201695474931
1996-08-23,12.702159158012973
1996-08-24,32.36903468500778
1996-08-25,8.262521256274558
1996-08-26,1.238738069505239
1996-08-27,0.4202609464864646
1996-08-28,1.303024460015001
1996-08-29,14.609145480277437
1996-08-30,10.403770005456677
1996-08-31,1.8795368086509234
1996-09-01,3.40658087475084
1996-09-02,0.6751283181779711
1996-09-03,0.001459161362415664
1996-09-04,7.551743319725308
1996-09-05,1.9887196614770426
1996-09-06,0.11482401750460497
1996-09-07,0.0
1996-09-08,0.8716578475589881
1996-09-09,2.4338427349218614
1996-09-10,0.6551107364589972
1996-09-11,0.0
1996-09-12,0.009283459635573263
1996-09-13,2.5289595530353415
1996-09-14,1.620548053862328
1996-09-15,47.336540366225925
1996-09-16,0.9242985263135605
1996-09-17,0.18578327170191544
1996-09-18,0.12639676592820265
1996-09-19,0.3024325079371882
1996-09-20,0.5629247761847208
1996-09-21,4.985985116114269
1996-09-22,0.24067649359798718
1996-09-23,0.0
1996-09-24,9.378484497677112
1996-09-25,7.8881330079068475
1996-09-26,11.893994229404452
1996-09-27,4.773024687701116
1996-09-28,0.0
1996-09-29,0.0
1996-09-30,0.0
1996-10-01,0.0
1996-10-02,0.0
1996-10-03,0.13439624938247563
1996-10-04,0.6007763163842009
1996-10-05,6.797387548174022
1996-10-06,0.00013671030237140993
1996-10-07,0.0
1996-10-08,0.0
1996-10-09,0.0
1996-10-10,0.0
1996-10-11,0.0
1996-10-12,0.0
1996-10-13,0.0
1996-10-14,0.0
1996-10-15,0.0262195741379376
1996-10-16,0.0
1996-10-17,0.0
1996-10-18,0.0
1996-10-19,0.0
1996-10-20,0.012858610747237261
1996-10-21,0.07237962648818966
1996-10-22,0.0
1996-10-23,0.0
1996-10-24,0.12230452625944023
1996-10-25,0.0
1996-10-26,0.0
1996-10-27,8.951552591361924
1996-10-28,107.20634272117444
1996-10-29,0.5404266091147907
1996-10-30,0.0
1996-10-31,0.7988918702966041
1996-11-01,0.46297699508540574
1996-11-02,0.0
1996-11-03,0.0
1996-11-04,0.0
1996-11-05,0.29384561428614564
1996-11-06,0.7510156866168173
1996-11-07,2.8728391942611973
1996-11-08,0.0
1996-11-09,0.0
1996-11-10,0.0
1996-11-11,0.03553714836493767
1996-11-12,0.4702344448309473
1996-11-13,0.4541454251144203
1996-11-14,0.38843506397161676
1996-11-15,2.5439032586285215
1996-11-16,5.468820344452516
1996-11-17,1.0433336412063763
1996-11-18,0.0
1996-11-19,0.0
1996-11-20,0.0
1996-11-21,0.0
1996-11-22,0.0
1996-11-23,0.8289802858457392
1996-11-24,23.754120813519666
1996-11-25,0.3786651113893413
1996-11-26,0.014401545049888793
1996-11-27,3.0293740454478645e-05
1996-11-28,9.442637501984624
1996-11-29,10.131486313040556
1996-11-30,0.003927276960088048
1996-12-01,0.0
1996-12-02,0.0
1996-12-03,0.0
1996-12-04,3.1850512912478495
1996-12-05,0.17675654382655906
1996-12-06,0.0
1996-12-07,0.0
1996-12-08,0.0
1996-12-09,0.0
1996-12-10,0.0
1996-12-11,0.0
1996-12-12,0.0
1996-12-13,0.0
1996-12-14,0.3280205457126106
1996-12-15,22.52244744187336
1996-12-16,1.8608131007339894
1996-12-17,0.0
1996-12-18,0.0
1996-12-19,0.0
1996-12-20,0.0
1996-12-21,0.18679786428441236
1996-12-22,0.10491025145188869
1996-12-23,0.3126699290566186
1996-12-24,0.0
1996-12-25,0.0
1996-12-26,0.17294758577981145
1996-12-27,0.028914375589269826
1996-12-28,0.0488206597503531
1996-12-29,0.0
1996-12-30,0.0
1996-12-31,0.4218324805594355
1997-01-01,0.1772756667247489
1997-01-02,0.003957697596057501
1997-01-03,0.04038102154233248
1997-01-04,0.003957697596057501
1997-01-05,0.0
1997-01-06,1.9552159900173576
1997-01-07,4.157944571165908
1997-01-08,7.273134465855677
1997-01-09,0.05567292253506035
1997-01-10,0.008304294258619806
1997-01-11,0.0
1997-01-12,0.39236401815955696
1997-01-13,0.13737587780210617
1997-01-14,0.358182829734152
1997-01-15,0.0
1997-01-16,0.0
1997-01-17,0.0
1997-01-18,0.0
1997-01-19,4.049819328529654
1997-01-20,0.4951483494400594
1997-01-21,0.07125137860269207
1997-01-22,0.0
1997-01-23,0.5386195078519033
1997-01-24,0.0
1997-01-25,0.0
1997-01-26,0.0
1997-01-27,0.1827695752305014
1997-01-28,0.003957697596057501
1997-01-29,0.0
1997-01-30,0.0
1997-01-31,0.0
1997-02-01,0.23449805518451614
1997-02-02,0.0
1997-02-03,0.0
1997-02-04,0.0
1997-02-05,0.0
1997-02-06,2.2337269207573125
1997-02-07,3.5108939534882406
1997-02-08,0.0
1997-02-09,3.110092664829771
1997-02-10,0.0
1997-02-11,0.41166814955242914
1997-02-12,19.862374220163712
1997-02-13,0.00995980167753141
1997-02-14,1.3104904686957946
1997-02-15,0.0
1997-02-16,0.0
1997-02-17,0.01657531320137175
1997-02-18,0.031891798674346446
1997-02-19,2.437328952831184
1997-02-20,41.46831009891773
1997-02-21,0.06891155602274882
1997-02-22,0.08942399154182269
1997-02-23,0.20480283359186324
1997-02-24,8.587333499568983
1997-02-25,2.7555936101717795
1997-02-26,2.7635705767696006
1997-02-27,3.0293740454478645e-05
1997-02-28,0.4559987323535241
1997-03-01,8.61371377787963
1997-03-02,7.744703529549797
1997-03-03,0.0
1997-03-04,0.0
1997-03-05,0.10957705720360908
1997-03-06,0.0
1997-03-07,0.11147814426503393
1997-03-08,1.4110727843753912
1997-03-09,4.440127151228192
1997-03-10,16.42917752812826
1997-03-11,27.74336333040503
1997-03-12,2.6952292994098674
1997-03-13,0.0
1997-03-14,0.0
1997-03-15,0.0
1997-03-16,2.2642492113424915
1997-03-17,0.6133658694995485
1997-03-18,2.696033405612704
1997-03-19,0.10314910777844417
1997-03-20,0.0
1997-03-21,0.0
1997-03-22,0.01836355754083466
1997-03-23,0.0
1997-03-24,0.013066996095088547
1997-03-25,0.16268288425116958
1997-03-26,0.0
1997-03-27,0.0025596826224749403
1997-03-28,0.0
1997-03-29,0.42693921246281624
1997-03-30,6.013070550431429
1997-03-31,3.7440043274009613
1997-04-01,3.1030717189937653
1997-04-02,10.040548397685365
1997-04-03,18.65252759928779
1997-04-04,25.686273948799478
1997-04-05,1.4307462685090517
1997-04-06,0.0
1997-04-07,0.013034760437064882
1997-04-08,0.3144803910094609
1997-04-09,0.16349515572763657
1997-04-10,1.2851689235464225
1997-04-11,1.352646444035279
1997-04-12,0.0
1997-04-13,0.0
1997-04-14,0.0
1997-04-15,0.0
1997-04-16,0.003957697596057501
1997-04-17,0.011938049282266234
1997-04-18,1.1519647018512063
1997-04-19,0.4202000877132402
1997-04-20,0.0
1997-04-21,0.0
1997-04-22,0.0
1997-04-23,0.029063423289662525
1997-04-24,0.06322821429284244
1997-04-25,16.275492493555458
1997-04-26,17.68895117458202
1997-04-27,2.8708984772483697
1997-04-28,0.2957522340695053
1997-04-29,0.0
1997-04-30,0.0
1997-05-01,0.25090223537410977
1997-05-02,0.026539118593731186
1997-05-03,0.0
1997-05-04,0.0
1997-05-05,0.0
1997-05-06,0.18732712285345077
1997-05-07,0.17688070224614147
1997-05-08,0.2997381888914339
1997-05-09,14.338913593519603
1997-05-10,0.01601320287209441
1997-05-11,5.0013773845571246
1997-05-12,12.023086411567773
1997-05-13,0.7564959638520253
1997-05-14,0.005718971790371532
1997-05-15,0.775682615111049
1997-05-16,1.2570843370954397
1997-05-17,0.00794568893256948
1997-05-18,0.28259886150716446
1997-05-19,0.04168834926974068
1997-05-20,17.367771359016135
1997-05-21,1.3919110644307038
1997-05-22,11.743781855432717
1997-05-23,19.058945803136197
1997-05-24,2.7404338127303585
1997-05-25,0.0
1997-05-26,0.014432775410647442
1997-05-27,5.9479282267058435
1997-05-28,18.275547626029468
1997-05-29,0.1439258723375254
1997-05-30,0.03728540363132283
1997-05-31,2.524532215209504
1997-06-01,0.003965465266334248
1997-06-02,0.0
1997-06-03,0.0
1997-06-04,0.0
1997-06-05,7.719576144722903
1997-06-06,2.9303992983100273
1997-06-07,13.417920410018711
1997-06-08,5.98818629533183
1997-06-09,15.924092331889055
1997-06-10,20.7761560398131
1997-06-11,0.6282522126039813
1997-06-12,0.01264400464156387
1997-06-13,0.7619635848632735
1997-06-14,0.18014450080898034
1997-06-15,17.723361674894633
1997-06-16,24.148278643911752
1997-06-17,4.447006360628331
1997-06-18,0.007719520114799465
1997-06-19,0.005559726275112111
1997-06-20,1.5165452708907485
1997-06-21,13.260751268528399
1997-06-22,119.41000429130315
1997-06-23,16.665573126546597
1997-06-24,1.9521210243843559
1997-06-25,0.05019223404479446
1997-06-26,0.07549113822107656
1997-06-27,0.0
1997-06-28,0.0
1997-06-29,0.0
1997-06-30,0.0
1997-07-01,0.0
1997-07-02,0.0
1997-07-03,0.0
1997-07-04,0.0
1997-07-05,0.0
1997-07-06,0.0
1997-07-07,0.0
1997-07-08,0.03630812439980574
1997-07-09,0.2509216755300887
1997-07-10,0.0
1997-07-11,0.0
1997-07-12,0.0
1997-07-13,0.0
1997-07-14,0.0
1997-07-15,0.0
1997-07-16,0.013047840146382737
1997-07-17,0.0
1997-07-18,0.0
1997-07-19,0.0
1997-07-20,1.8329828926690626
1997-07-21,1.0837217392633343
1997-07-22,2.7596942096288655
1997-07-23,0.0003739994426007202
1997-07-24,0.0
1997-07-25,0.0
1997-07-26,0.0
1997-07-27,0.0
1997-07-28,0.0
1997-07-29,0.8626114593175452
1997-07-30,0.381855846923794
1997-07-31,3.254167440693155
1997-08-01,3.317330888551849
1997-08-02,0.7594007391872707
1997-08-03,0.05223263729410385
1997-08-04,0.0
1997-08-05,1.0686841189831984
1997-08-06,0.7517394094302443
1997-08-07,1.4339220782407702
1997-08-08,12.8751138285473
1997-08-09,1.0081068948011522
1997-08-10,0.0
1997-08-11,0.0
1997-08-12,0.0
1997-08-13,0.0030866528548337273
1997-08-14,0.0
1997-08-15,0.0
1997-08-16,0.0
1997-08-17,3.0293740454478645e-05
1997-08-18,0.0
1997-08-19,0.0
1997-08-20,0.0
1997-08-21,4.368091411085842e-05
1997-08-22,0.28284577469716377
1997-08-23,1.0283762795555307
1997-08-24,0.03009305055314064
1997-08-25,0.0
1997-08-26,0.0
1997-08-27,0.0
1997-08-28,0.0
1997-08-29,0.0
1997-08-30,0.0
1997-08-31,0.0
1997-09-01,0.0
1997-09-02,0.01394888958080374
1997-09-03,2.83669506354925
1997-09-04,6.016562828257214
1997-09-05,4.396681756298603
1997-09-06,0.020866613668650297
1997-09-07,0.0
1997-09-08,1.1511598735380588
1997-09-09,0.9589431632531288
1997-09-10,0.0
1997-09-11,0.15206648941811646
1997-09-12,0.0
1997-09-13,0.0
1997-09-14,0.0
1997-09-15,0.0
1997-09-16,0.0
1997-09-17,0.0
1997-09-18,0.0
1997-09-19,0.0
1997-09-20,3.0293740454478645e-05
1997-09-21,0.05025351744060658
1997-09-22,1.9909104638709205
1997-09-23,1.3924421420045128
1997-09-24,0.0
1997-09-25,0.0
1997-09-26,0.0
1997-09-27,0.0
1997-09-28,0.0
1997-09-29,0.0
1997-09-30,0.0
1997-10-01,0.2804108959461991
1997-10-02,0.04544194078538921
1997-10-03,0.0
1997-10-04,0.007592911716363371
1997-10-05,1.2597180531343264
1997-10-06,16.84492954812587
1997-10-07,10.849065324298333
1997-10-08,6.206147389637905
1997-10-09,6.924067459790226
1997-10-10,12.614878862597752
1997-10-11,16.161025112160296
1997-10-12,13.976834261619457
1997-10-13,2.405967127721879
1997-10-14,0.01280542595349639
1997-10-15,0.003539449225222096
1997-10-16,0.0
1997-10-17,0.0
1997-10-18,0.0
1997-10-19,0.0
1997-10-20,0.0
1997-10-21,0.0
1997-10-22,2.3800219324228715
1997-10-23,5.153852374472299
1997-10-24,0.0
1997-10-25,0.0036655078607603494
1997-10-26,0.0
1997-10-27,0.0
1997-10-28,0.4453403855208219
1997-10-29,0.21933938823345056
1997-10-30,0.05295677711343499
1997-10-31,0.0
1997-11-01,0.0
1997-11-02,0.0
1997-11-03,0.0
1997-11-04,0.0
1997-11-05,0.17185691717689588
1997-11-06,0.0
1997-11-07,0.0
1997-11-08,0.0
1997-11-09,0.15553462818709193
1997-11-10,1.0217433071697222
1997-11-11,2.347356349828988
1997-11-12,9.32594182142559
1997-11-13,6.460934342793507
1997-11-14,0.04732523270424502
1997-11-15,1.4140114371128802
1997-11-16,0.0
1997-11-17,0.0
1997-11-18,0.0
1997-11-19,1.9419175691869187e-06
1997-11-20,9.670697407099669e-05
1997-11-21,0.0
1997-11-22,0.0
1997-11-23,0.0
1997-11-24,0.0
1997-11-25,0.023629880642987315
1997-11-26,0.08089390287322812
1997-11-27,0.4157638613037455
1997-11-28,2.1910733361763493
1997-11-29,0.1128919219082143
1997-11-30,0.06233584472360074
1997-12-01,0.134436346807453
1997-12-02,11.648751665804369
1997-12-03,0.30901868305252117
1997-12-04,0.0
1997-12-05,0.0
1997-12-06,0.0
1997-12-07,2.0974022406296022
1997-12-08,0.029357446433760634
1997-12-09,0.0037831973742225044
1997-12-10,0.0
1997-12-11,0.0
1997-12-12,0.0
1997-12-13,0.0
1997-12-14,0.0
1997-12-15,0.0
1997-12-16,0.0
1997-12-17,0.0
1997-12-18,0.0
1997-12-19,0.03840296773414203
1997-12-20,4.068639449999335
1997-12-21,0.4824880715009877
1997-12-22,0.0
1997-12-23,3.167663946754565
1997-12-24,0.0
1997-12-25,0.22928255007304524
1997-12-26,2.3365608988229143
1997-12-27,0.0
1997-12-28,0.0
1997-12-29,0.0
1997-12-30,0.0
1997-12-31,0.039543754971756606
1998-01-01,2.4850675677564893
1998-01-02,3.071412772308606
1998-01-03,1.8919867302038171
1998-01-04,1.3368236579316017
1998-01-05,5.485618831701506
1998-01-06,8.947519725371153
1998-01-07,0.9410781709853883
1998-01-08,0.0
1998-01-09,0.0
1998-01-10,0.0
1998-01-11,0.45638201953443963
1998-01-12,0.0
1998-01-13,0.03308028533313931
1998-01-14,0.0039044991806027954
1998-01-15,0.0
1998-01-16,0.0
1998-01-17,0.0
1998-01-18,0.0
1998-01-19,3.2235658023665564e-05
1998-01-20,0.004752601959829212
1998-01-21,0.14646147421361666
1998-01-22,0.0
1998-01-23,0.0
1998-01-24,0.0
1998-01-25,0.0
1998-01-26,0.0
1998-01-27,0.0
1998-01-28,3.441110251999093
1998-01-29,2.1929562570608785
1998-01-30,9.825218435665327
1998-01-31,26.731292087899906
1998-02-01,0.16830947356395276
1998-02-02,0.10398391041058093
1998-02-03,0.0
1998-02-04,0.0
1998-02-05,3.859440634502109
1998-02-06,0.0002513169362334905
1998-02-07,0.0
1998-02-08,0.0
1998-02-09,0.0
1998-02-10,8.050795786889193
1998-02-11,0.0
1998-02-12,0.48866978654429166
1998-02-13,0.11964206081372375
1998-02-14,3.2324193550010043
1998-02-15,0.262135696566677
1998-02-16,5.3697450702802545
1998-02-17,0.0
1998-02-18,0.009264642772160233
1998-02-19,0.008969381884970228
1998-02-20,0.0
1998-02-21,10.122622959059008
1998-02-22,0.635315167742998
1998-02-23,0.015830790384230003
1998-02-24,0.0
1998-02-25,2.002337763772612
1998-02-26,8.722654391132702
1998-02-27,0.0
1998-02-28,0.0
1998-03-01,0.0
1998-03-02,0.0
1998-03-03,0.0
1998-03-04,0.16020478539357566
1998-03-05,0.05966302529538587
1998-03-06,0.6103642712234433
1998-03-07,0.6018624414171045
1998-03-08,0.0
1998-03-09,0.0
1998-03-10,0.0
1998-03-11,0.0
1998-03-12,0.16298601969671328
1998-03-13,3.744553025731039
1998-03-14,7.026999298080237
1998-03-15,13.283557500869597
1998-03-16,36.97399647807647
1998-03-17,0.012715981048424488
1998-03-18,0.043625361281259475
1998-03-19,1.3661948767982186
1998-03-20,0.0
1998-03-21,0.0
1998-03-22,0.0
1998-03-23,0.0
1998-03-24,0.0
1998-03-25,0.0
1998-03-26,0.017167513816994266
1998-03-27,5.402331956803978
1998-03-28,0.0
1998-03-29,0.010774416827011702
1998-03-30,0.8298044126068249
1998-03-31,0.0461229578744977
1998-04-01,0.000240420617413622
1998-04-02,0.0
1998-04-03,0.0
1998-04-04,0.0
1998-04-05,0.0
1998-04-06,0.016992458033122382
1998-04-07,0.1066532934587568
1998-04-08,1.897360402582787
1998-04-09,0.0
1998-04-10,0.0
1998-04-11,0.0
1998-04-12,0.03686280851069288
1998-04-13,0.0039044991806027954
1998-04-14,0.0
1998-04-15,0.0
1998-04-16,0.05751562244666405
1998-04-17,0.0
1998-04-18,0.1559951799000058
1998-04-19,0.0
1998-04-20,0.0
1998-04-21,0.0
1998-04-22,0.0
1998-04-23,0.0
1998-04-24,0.0
1998-04-25,0.0
1998-04-26,0.05531533846196526
1998-04-27,0.10858544588176927
1998-04-28,0.0
1998-04-29,0.0
1998-04-30,0.003957697596057501
1998-05-01,0.06432101042495615
1998-05-02,0.0026479543231366282
1998-05-03,0.18183557322663021
1998-05-04,0.0
1998-05-05,0.0
1998-05-06,0.0
1998-05-07,0.0
1998-05-08,0.0
1998-05-09,0.1101895698260596
1998-05-10,0.0
1998-05-11,0.10064519701189634
1998-05-12,0.048968119971413544
1998-05-13,0.015594443059539822
1998-05-14,0.15510835805520828
1998-05-15,0.5150647049063151
1998-05-16,0.1445641761392532
1998-05-17,2.1181996724921253
1998-05-18,0.0
1998-05-19,0.02741605263875161
1998-05-20,0.0025596826224749403
1998-05-21,0.0
1998-05-22,0.01904723277675125
1998-05-23,0.8437216015332396
1998-05-24,1.039521094935812
1998-05-25,7.012823001993661
1998-05-26,12.2385724514341
1998-05-27,10.272017956261354
1998-05-28,0.0
1998-05-29,0.0
1998-05-30,0.0
1998-05-31,0.0
1998-06-01,0.0
1998-06-02,0.0
1998-06-03,0.0
1998-06-04,0.00907706284100738
1998-06-05,3.498257743330963
1998-06-06,0.0
1998-06-07,0.06745147357942236
1998-06-08,7.177571470825838
1998-06-09,0.26794218796640995
1998-06-10,7.436732084107828
1998-06-11,26.78609994581014
1998-06-12,0.10559136773724631
1998-06-13,0.1276417342779211
1998-06-14,1.4547027745806054
1998-06-15,0.00020118161841874106
1998-06-16,0.0007736557925679735
1998-06-17,0.11386186177332529
1998-06-18,0.13148682447275403
1998-06-19,0.018390473006704943
1998-06-20,0.0
1998-06-21,0.0
1998-06-22,0.006517380218532441
1998-06-23,0.0
1998-06-24,0.0
1998-06-25,0.0
1998-06-26,0.0
1998-06-27,0.0
1998-06-28,0.30956054116523557
1998-06-29,2.129143779167449
1998-06-30,0.8954560094980412
1998-07-01,0.06296409258893561
1998-07-02,0.0
1998-07-03,1.1403161593328233
1998-07-04,2.814610172002866
1998-07-05,0.043835038371265886
1998-07-06,0.0
1998-07-07,0.0
1998-07-08,0.0
1998-07-09,0.0051193652449498805
1998-07-10,0.0
1998-07-11,0.0
1998-07-12,0.020278715955913438
1998-07-13,5.854089787113967
1998-07-14,5.5662331737853465
1998-07-15,0.8782002529695606
1998-07-16,0.0
1998-07-17,0.005646335477308668
1998-07-18,0.04379771740866275
1998-07-19,0.006517412098142902
1998-07-20,0.006517380218532441
1998-07-21,0.010475077814589942
1998-07-22,0.0025596826224749403
1998-07-23,0.0
1998-07-24,0.0
1998-07-25,0.0
1998-07-26,0.0
1998-07-27,0.0025596826224749403
1998-07-28,0.00907706284100738
1998-07-29,0.02283837249065827
1998-07-30,0.0
1998-07-31,0.0
1998-08-01,0.0
1998-08-02,0.003957697596057501
1998-08-03,0.0
1998-08-04,2.511846807102959
1998-08-05,18.432176507181133
1998-08-06,35.444564084961044
1998-08-07,3.0507554545707576
1998-08-08,0.18343683306386874
1998-08-09,0.0
1998-08-10,0.0
1998-08-11,0.0
1998-08-12,0.0007279169154144388
1998-08-13,6.503484503976535
1998-08-14,25.652737996289904
1998-08-15,2.327370316956002
1998-08-16,4.3605361739093205
1998-08-17,13.593992799220858
1998-08-18,17.437313591034254
1998-08-19,1.2586879471550032
1998-08-20,7.793663727595671
1998-08-21,3.783395382031931
1998-08-22,63.24651419188302
1998-08-23,94.14681646561928
1998-08-24,23.421827325613396
1998-08-25,1.0555031336802716
1998-08-26,0.06288557462963394
1998-08-27,0.06117636905774256
1998-08-28,0.3115524844176868
1998-08-29,0.2504746489211843
1998-08-30,3.70662448634376
1998-08-31,4.213746128993117
1998-09-01,3.2426038368802845
1998-09-02,0.0
1998-09-03,0.08036871760451562
1998-09-04,0.006517380218532441
1998-09-05,0.0
1998-09-06,0.06765896996810673
1998-09-07,0.006517380218532441
1998-09-08,0.00907706284100738
1998-09-09,0.06375225475622773
1998-09-10,0.19663543869704167
1998-09-11,4.424436762159396
1998-09-12,0.21765753634790724
1998-09-13,0.016756110708432203
1998-09-14,0.06360495771406761
1998-09-15,6.099083550089706
1998-09-16,9.114537929065188
1998-09-17,1.3409580405339239
1998-09-18,0.13283636508513408
1998-09-19,0.042915555429466484
1998-09-20,0.0
1998-09-21,0.05975832914021535
1998-09-22,0.08805129795506572
1998-09-23,0.447575448162249
1998-09-24,0.0
1998-09-25,0.0
1998-09-26,0.8375148673345028
1998-09-27,0.04553940921380401
1998-09-28,0.014432775410647442
1998-09-29,0.0207138083044897
1998-09-30,0.12534571375545767
1998-10-01,4.054494101537787
1998-10-02,15.000153459676232
1998-10-03,0.004684246808643507
1998-10-04,0.48788045217735915
1998-10-05,0.6123665991582921
1998-10-06,34.68703457269907
1998-10-07,0.0
1998-10-08,0.0
1998-10-09,0.0
1998-10-10,0.0
1998-10-11,0.0
1998-10-12,0.0
1998-10-13,0.0
1998-10-14,0.0
1998-10-15,0.0
1998-10-16,0.8295822091844804
1998-10-17,10.57609711957763
1998-10-18,21.799405202848025
1998-10-19,10.690224015313609
1998-10-20,3.35287531599256
1998-10-21,0.7338232338149253
1998-10-22,0.0
1998-10-23,0.0
1998-10-24,0.26657299410438623
1998-10-25,0.045677464092121485
1998-10-26,0.148061728619529
1998-10-27,0.2121092555768993
1998-10-28,0.01987395407650862
1998-10-29,0.0
1998-10-30,0.1404009486660485
1998-10-31,13.793776662475075
1998-11-01,34.76330407037054
1998-11-02,0.0
1998-11-03,0.0
1998-11-04,0.11753701568944609
1998-11-05,15.67951229988811
1998-11-06,0.34746064629151613
1998-11-07,1.6117613015658492
1998-11-08,0.07488089334315522
1998-11-09,0.5484717829945517
1998-11-10,0.25837378658822
1998-11-11,0.0
1998-11-12,4.978617491735066
1998-11-13,14.021746565361422
1998-11-14,5.063372113516174
1998-11-15,0.0
1998-11-16,0.0
1998-11-17,0.0
1998-11-18,0.18237504786114012
1998-11-19,0.15078398319488012
1998-11-20,0.8601852987447178
1998-11-21,0.0025596826224749403
1998-11-22,0.0
1998-11-23,0.003957697596057501
1998-11-24,0.003957697596057501
1998-11-25,0.032586901092662206
1998-11-26,0.0
1998-11-27,0.5004486493841983
1998-11-28,0.03645458514995353
1998-11-29,0.1528786938357204
1998-11-30,0.1407770130130093
1998-12-01,0.0
1998-12-02,0.28495757026773644
1998-12-03,0.26624954623823277
1998-12-04,0.0077708996634772345
1998-12-05,0.5788495412321322
1998-12-06,0.24064272912398926
1998-12-07,0.19380872413791242
1998-12-08,0.0
1998-12-09,3.0293740454478645e-05
1998-12-10,16.409314956463284
1998-12-11,2.145350047940866
1998-12-12,0.0
1998-12-13,0.0
1998-12-14,0.0
1998-12-15,0.0
1998-12-16,0.0
1998-12-17,0.0
1998-12-18,0.42350711332186053
1998-12-19,0.0
1998-12-20,0.16901759065032682
1998-12-21,0.04421639746461771
1998-12-22,0.018276360122698843
1998-12-23,0.05344690106547233
1998-12-24,0.024818273985571217
1998-12-25,3.0293740454478645e-05
1998-12-26,0.0
1998-12-27,0.0
1998-12-28,0.0
1998-12-29,0.0
1998-12-30,0.0
1998-12-31,0.013709944155355811
1999-01-01,0.13705713853600995
1999-01-02,0.0
1999-01-03,0.0
1999-01-04,0.0
1999-01-05,0.0
1999-01-06,0.0
1999-01-07,0.0
1999-01-08,0.0
1999-01-09,0.0
1999-01-10,0.0
1999-01-11,0.0
1999-01-12,0.0
1999-01-13,0.0
1999-01-14,0.0
1999-01-15,0.0
1999-01-16,0.0
1999-01-17,0.0
1999-01-18,0.0
1999-01-19,0.0
1999-01-20,0.0
1999-01-21,0.0
1999-01-22,0.02846670190043028
1999-01-23,0.0
1999-01-24,0.0
1999-01-25,0.0
1999-01-26,0.0
1999-01-27,0.0
1999-01-28,0.10891137647130546
1999-01-29,4.261631961460043
1999-01-30,0.011958558884393622
1999-01-31,0.025042704822966014
1999-02-01,0.0
1999-02-02,0.4321056878325453
1999-02-03,0.0
1999-02-04,0.0
1999-02-05,0.21147796199717706
1999-02-06,0.05522501734764904
1999-02-07,0.0
1999-02-08,0.0
1999-02-09,0.0
1999-02-10,0.20881913329197557
1999-02-11,0.08837464955940062
1999-02-12,0.0
1999-02-13,0.0
1999-02-14,0.0
1999-02-15,0.0
1999-02-16,0.0
1999-02-17,0.0
1999-02-18,0.0
1999-02-19,0.0
1999-02-20,0.0030866528548337273
1999-02-21,0.0
1999-02-22,0.0
1999-02-23,0.0
1999-02-24,0.0
1999-02-25,0.0
1999-02-26,0.012990638189105426
1999-02-27,0.09839155913455566
1999-02-28,0.0
1999-03-01,0.0
1999-03-02,0.0
1999-03-03,0.0
1999-03-04,0.0
1999-03-05,0.16507440561710746
1999-03-06,0.0
1999-03-07,1.1879784893950347
1999-03-08,2.8034644111470257
1999-03-09,0.0
1999-03-10,0.011764684873086313
1999-03-11,0.00965895515421812
1999-03-12,0.8703184861983149
1999-03-13,2.835626095513194
1999-03-14,0.0
1999-03-15,0.0
1999-03-16,3.68764518089578
1999-03-17,4.327127222560213
1999-03-18,11.002658228532612
1999-03-19,0.044987561968320246
1999-03-20,0.015250294748774073
1999-03-21,0.0
1999-03-22,0.0
1999-03-23,0.025967958789708586
1999-03-24,0.0
1999-03-25,1.2274641515563736
1999-03-26,0.037317740982550356
1999-03-27,23.366131433291706
1999-03-28,20.173913405642033
1999-03-29,0.0
1999-03-30,0.0
1999-03-31,0.0
1999-04-01,0.24358652313552026
1999-04-02,0.41380316020522107
1999-04-03,0.509851723146253
1999-04-04,0.06248574868104964
1999-04-05,0.11434814105941264
1999-04-06,0.06615275344768848
1999-04-07,0.03906403243286798
1999-04-08,0.0
1999-04-09,0.4066681615392387
1999-04-10,0.204961510575216
1999-04-11,0.041781688852046174
1999-04-12,0.0
1999-04-13,0.46748987973432526
1999-04-14,9.120640315223522
1999-04-15,0.0
1999-04-16,0.3813518564178871
1999-04-17,0.0
1999-04-18,0.0
1999-04-19,0.0
1999-04-20,0.0
1999-04-21,0.0
1999-04-22,0.0
1999-04-23,3.0293740454478645e-05
1999-04-24,10.10266139472836
1999-04-25,39.858285853141396
1999-04-26,14.895829633880703
1999-04-27,0.4600075761308467
1999-04-28,0.6667117712711926
1999-04-29,0.039104281311194644
1999-04-30,0.40647521357896105
1999-05-01,0.4457181123608528
1999-05-02,0.9620421704101293
1999-05-03,1.6105476340429663
1999-05-04,0.5141477170429564
1999-05-05,0.0
1999-05-06,0.0
1999-05-07,0.0
1999-05-08,0.0
1999-05-09,2.2692420667788986
1999-05-10,27.946116841047445
1999-05-11,0.030681674740876855
1999-05-12,15.942019666448061
1999-05-13,0.006517380218532441
1999-05-14,0.3623167565460413
1999-05-15,4.457133901408509
1999-05-16,0.06696640099725687
1999-05-17,4.303277051110518
1999-05-18,22.76435769858198
1999-05-19,0.08798445915512267
1999-05-20,0.023509838251654824
1999-05-21,0.09325104714516347
1999-05-22,0.18086726774734083
1999-05-23,0.036544598688719704
1999-05-24,0.13974596767357308
1999-05-25,0.6139592391348639
1999-05-26,1.3168429050626071
1999-05-27,3.3087488235055162
1999-05-28,3.75129242390591
1999-05-29,1.8007913413495422
1999-05-30,0.33535534856471294
1999-05-31,0.02927346410305181
1999-06-01,0.5055022110803703
1999-06-02,0.08680260869939746
1999-06-03,0.0480966016042517
1999-06-04,0.06357466397361314
1999-06-05,0.0867449600791443
1999-06-06,0.485536512647547
1999-06-07,0.019552172535207784
1999-06-08,0.011636745463482322
1999-06-09,0.05613721159169167
1999-06-10,0.010475077814589942
1999-06-11,0.013034760437064882
1999-06-12,0.11929664706071787
1999-06-13,22.17784811903905
1999-06-14,5.472398246334693
1999-06-15,2.5084817988160673
1999-06-16,1.6577877459440922
1999-06-17,2.9297198874921215
1999-06-18,0.8333303076769988
1999-06-19,0.8936660433346699
1999-06-20,41.904351343578284
1999-06-21,21.293017067885348
1999-06-22,4.265400090470833
1999-06-23,2.4376632241850613
1999-06-24,3.5337446731541373
1999-06-25,8.76132516631346
1999-06-26,1.4211498381875416
1999-06-27,0.1926633005942659
1999-06-28,0.035146583715137146
1999-06-29,0.019552140655597322
1999-06-30,0.019552140655597322
1999-07-01,0.0025596826224749403
1999-07-02,0.19338314010816904
1999-07-03,1.0124563756569553
1999-07-04,2.9975482087803695
1999-07-05,0.7043448007194067
1999-07-06,0.49004890233162807
1999-07-07,7.247385191100946
1999-07-08,0.2974092093239837
1999-07-09,2.945728990055304
1999-07-10,6.240486380959882
1999-07-11,23.2141146191642
1999-07-12,3.4448714459538343
1999-07-13,0.020313627468509985
1999-07-14,0.0
1999-07-15,0.0
1999-07-16,0.0
1999-07-17,0.011836061767316724
1999-07-18,0.6707428703305326
1999-07-19,0.043005828563847937
1999-07-20,0.07904840219705943
1999-07-21,0.3945753085112299
1999-07-22,0.007625147374387037
1999-07-23,0.0
1999-07-24,0.0
1999-07-25,0.0
1999-07-26,0.0
1999-07-27,0.0
1999-07-28,0.0030866528548337273
1999-07-29,0.0
1999-07-30,0.0030866528548337273
1999-07-31,0.0
1999-08-01,0.0
1999-08-02,0.0
1999-08-03,0.0443354459145856
1999-08-04,0.08162357300816599
1999-08-05,0.016134493001216464
1999-08-06,0.0
1999-08-07,0.0
1999-08-08,0.0
1999-08-09,0.0
1999-08-10,0.0
1999-08-11,0.0
1999-08-12,0.0
1999-08-13,0.0
1999-08-14,0.0
1999-08-15,0.0
1999-08-16,0.0
1999-08-17,0.0
1999-08-18,0.0
1999-08-19,0.0
1999-08-20,0.29293666001288376
1999-08-21,0.0702079025331994
1999-08-22,0.8392882141571005
1999-08-23,3.247093969961694
1999-08-24,4.5742129592127805
1999-08-25,0.03788966493144371
1999-08-26,0.021459758010609755
1999-08-27,0.0
1999-08-28,0.013047840146382737
1999-08-29,0.08864020200403196
1999-08-30,0.0006956463299639397
1999-08-31,0.0
1999-09-01,0.0
1999-09-02,0.0
1999-09-03,0.0
1999-09-04,0.10510375907696089
1999-09-05,0.04355651672137551
1999-09-06,0.18208608078138333
1999-09-07,0.10482555875931837
1999-09-08,0.026269651858086506
1999-09-09,2.100095822019712
1999-09-10,1.06570440509943
1999-09-11,0.02525278964299467
1999-09-12,0.24485957393093682
1999-09-13,0.016345027887203736
1999-09-14,0.9158241991142831
1999-09-15,0.6673584833450446
1999-09-16,0.0
1999-09-17,0.0
1999-09-18,0.0
1999-09-19,0.0
1999-09-20,0.0
1999-09-21,0.0
1999-09-22,0.0
1999-09-23,0.0
1999-09-24,0.0
1999-09-25,0.04584849459265865
1999-09-26,0.051265376671183714
1999-09-27,0.0
1999-09-28,0.0
1999-09-29,0.055494459581270215
1999-09-30,0.0
1999-10-01,0.0
1999-10-02,0.0
1999-10-03,0.0
1999-10-04,0.013709944155355811
1999-10-05,0.0
1999-10-06,0.0
1999-10-07,0.0
1999-10-08,0.0
1999-10-09,0.0
1999-10-10,0.0
1999-10-11,0.0
1999-10-12,0.0
1999-10-13,0.0
1999-10-14,0.0
1999-10-15,0.0987997009433461
1999-10-16,0.460775830899051
1999-10-17,22.8423122604118
1999-10-18,10.286177297212058
1999-10-19,0.0
1999-10-20,0.0
1999-10-21,0.0
1999-10-22,0.0
1999-10-23,0.0
1999-10-24,0.0
1999-10-25,0.0
1999-10-26,0.0
1999-10-27,0.0
1999-10-28,0.0
1999-10-29,0.06990255680316367
1999-10-30,6.315948789206917
1999-10-31,0.0
1999-11-01,0.0
1999-11-02,0.0
1999-11-03,0.0
1999-11-04,0.0
1999-11-05,0.0
1999-11-06,0.0
1999-11-07,0.0
1999-11-08,0.0
1999-11-09,0.0
1999-11-10,0.0
1999-11-11,0.0
1999-11-12,0.0030866528548337273
1999-11-13,0.0
1999-11-14,0.0
1999-11-15,0.0
1999-11-16,0.0
1999-11-17,0.0
1999-11-18,0.0
1999-11-19,0.0
1999-11-20,0.0
1999-11-21,0.0
1999-11-22,0.0
1999-11-23,0.0
1999-11-24,0.03420515953611336
1999-11-25,0.3262950904800962
1999-11-26,0.0
1999-11-27,0.0
1999-11-28,0.0
1999-11-29,0.0
1999-11-30,0.0
1999-12-01,0.0
1999-12-02,0.0
1999-12-03,0.0
1999-12-04,0.07668655825620185
1999-12-05,0.0
1999-12-06,0.0
1999-12-07,0.0
1999-12-08,0.22945058972472082
1999-12-09,0.3440937717482133
1999-12-10,0.0
1999-12-11,0.23563971403197123
1999-12-12,8.053490208466956
1999-12-13,0.0002437481490004084
1999-12-14,0.0
1999-12-15,0.0
1999-12-16,0.0
1999-12-17,0.0
1999-12-18,0.0
1999-12-19,0.0
1999-12-20,0.0
1999-12-21,6.835515118570497e-05
1999-12-22,0.031042370686951225
1999-12-23,0.044603858326689824
1999-12-24,0.0
1999-12-25,0.06055659458291689
1999-12-26,0.0
1999-12-27,0.0
1999-12-28,0.0
1999-12-29,0.0
1999-12-30,0.02210649546298382
1999-12-31,0.0
2000-01-01,0.0
2000-01-02,0.0
2000-01-03,0.0
2000-01-04,0.0
2000-01-05,0.0
2000-01-06,0.0
2000-01-07,1.551013259254879
2000-01-08,0.6134624565936525
2000-01-09,0.0
2000-01-10,0.0
2000-01-11,0.0
2000-01-12,0.015185823432726743
2000-01-13,0.0
2000-01-14,0.0
2000-01-15,0.0
2000-01-16,0.003957697596057501
2000-01-17,0.0
2000-01-18,0.0
2000-01-19,0.0
2000-01-20,0.0
2000-01-21,0.0
2000-01-22,0.04388772679772945
2000-01-23,0.0
2000-01-24,0.0
2000-01-25,0.0
2000-01-26,0.03852947707153914
2000-01-27,5.341544862995212
2000-01-28,0.0
2000-01-29,0.0
2000-01-30,0.0
2000-01-31,0.0
2000-02-01,3.6043225321417722
2000-02-02,14.314529628106781
2000-02-03,0.038406713788051695
2000-02-04,0.0
2000-02-05,0.0
2000-02-06,0.0
2000-02-07,0.0
2000-02-08,0.0
2000-02-09,0.029627055022981803
2000-02-10,3.187961046147868e-08
2000-02-11,0.0
2000-02-12,0.0
2000-02-13,0.0
2000-02-14,0.0
2000-02-15,0.0
2000-02-16,0.14525482230859396
2000-02-17,0.13124311993412616
2000-02-18,0.0
2000-02-19,0.0
2000-02-20,0.0
2000-02-21,0.01834514564898012
2000-02-22,3.0728981973673997
2000-02-23,17.726222068200453
2000-02-24,0.4242493494737735
2000-02-25,0.24381866797950016
2000-02-26,6.592403218795233
2000-02-27,0.0
2000-02-28,0.019086621910706016
2000-02-29,1.5680206157390066
2000-03-01,0.06407017122147148
2000-03-02,0.0
2000-03-03,0.0
2000-03-04,0.0
2000-03-05,0.010138085608210912
2000-03-06,0.31381858157324005
2000-03-07,1.9838264501511584
2000-03-08,3.6229919742028764
2000-03-09,0.0
2000-03-10,0.012932029448474729
2000-03-11,0.0
2000-03-12,0.0
2000-03-13,0.0030866528548337273
2000-03-14,0.631090242223513
2000-03-15,0.3559842675457472
2000-03-16,0.6218938441307683
2000-03-17,0.8682063631649131
2000-03-18,0.0
2000-03-19,0.16490364147134198
2000-03-20,0.023235671409864933
2000-03-21,0.3139924839490948
2000-03-22,1.602894461570048
2000-03-23,8.280861607308879
2000-03-24,0.048365326639560544
2000-03-25,0.7965474183018743
2000-03-26,0.057061319927744915
2000-03-27,0.043807926412130105
2000-03-28,0.016311391317878367
2000-03-29,0.5015610958309822
2000-03-30,0.0
2000-03-31,0.05743465646585321
2000-04-01,3.512751275710263
2000-04-02,1.7862283702578838
2000-04-03,0.4383347099093856
2000-04-04,0.0
2000-04-05,0.0
2000-04-06,0.0
2000-04-07,0.0
2000-04-08,0.0
2000-04-09,0.0
2000-04-10,0.8872650307595256
2000-04-11,0.40872987563030405
2000-04-12,16.80736894867636
2000-04-13,0.3721794329989682
2000-04-14,0.010589204914253235
2000-04-15,0.04376843612435551
2000-04-16,0.0
2000-04-17,0.0
2000-04-18,0.0
2000-04-19,0.7376368429427852
2000-04-20,0.1087928040612967
2000-04-21,0.0
2000-04-22,0.0
2000-04-23,0.10344712637956638
2000-04-24,0.0
2000-04-25,0.0
2000-04-26,0.0
2000-04-27,0.0
2000-04-28,0.61269062768393
2000-04-29,0.2794111486371613
2000-04-30,4.785131784794769
2000-05-01,28.47735808724668
2000-05-02,2.5841319322600733
2000-05-03,0.41999272107666413
2000-05-04,0.0270659960704772
2000-05-05,0.012307452265461356
2000-05-06,0.023256728015772006
2000-05-07,0.0
2000-05-08,0.0
2000-05-09,0.0
2000-05-10,0.0
2000-05-11,0.00028002329810289264
2000-05-12,1.6441801357205226
2000-05-13,1.9604504158416336
2000-05-14,0.11310686829065884
2000-05-15,0.0
2000-05-16,0.0
2000-05-17,0.0025596826224749403
2000-05-18,0.04480622765622339
2000-05-19,10.755096404500406
2000-05-20,12.869481673134837
2000-05-21,0.8125217965441835
2000-05-22,0.0
2000-05-23,0.0
2000-05-24,0.0
2000-05-25,0.0
2000-05-26,3.163013572470048
2000-05-27,1.9733248523440785
2000-05-28,15.839040427362223
2000-05-29,0.46003230280281
2000-05-30,0.0
2000-05-31,0.0
2000-06-01,3.541209872175069
2000-06-02,0.8568939853864954
2000-06-03,1.1144200027692492
2000-06-04,6.30887991603784
2000-06-05,10.74777166340179
2000-06-06,0.003957697596057501
2000-06-07,0.0
2000-06-08,0.15203857965422243
2000-06-09,21.720556299160286
2000-06-10,21.425710385242645
2000-06-11,13.016925657834534
2000-06-12,5.779614490528577
2000-06-13,0.6579456050978513
2000-06-14,0.8818575243427154
2000-06-15,0.8439427679392744
2000-06-16,0.022102980177560568
2000-06-17,2.775652188160923
2000-06-18,19.651506807422816
2000-06-19,5.30810756402639
2000-06-20,1.1114036209499605
2000-06-21,0.0
2000-06-22,0.027320313102621393
2000-06-23,0.01815412568201476
2000-06-24,0.0
2000-06-25,0.0
2000-06-26,0.0
2000-06-27,0.0
2000-06-28,0.023187354775903193
2000-06-29,0.0
2000-06-30,0.0
2000-07-01,0.0025596826224749403
2000-07-02,0.0
2000-07-03,0.0
2000-07-04,0.0025596826224749403
2000-07-05,0.0
2000-07-06,0.0
2000-07-07,0.0
2000-07-08,0.0025597145020854017
2000-07-09,0.0
2000-07-10,0.0
2000-07-11,0.008206018099783607
2000-07-12,0.0
2000-07-13,0.0
2000-07-14,0.14212192372995178
2000-07-15,0.13545782911413687
2000-07-16,0.0
2000-07-17,0.0
2000-07-18,0.0
2000-07-19,0.0
2000-07-20,0.0
2000-07-21,0.0
2000-07-22,0.5257535775958437
2000-07-23,2.680419419233024
2000-07-24,2.457401635834258
2000-07-25,0.4140011029335451
2000-07-26,0.3475840511973564
2000-07-27,0.0025596826224749403
2000-07-28,0.0
2000-07-29,0.0
2000-07-30,1.6039548932669265
2000-07-31,6.168466704455241
2000-08-01,3.133639082924555
2000-08-02,0.5552093207685405
2000-08-03,0.0
2000-08-04,0.0
2000-08-05,0.00024045249702408348
2000-08-06,0.0
2000-08-07,0.0
2000-08-08,0.03610643836020059
2000-08-09,0.03487329734327639
2000-08-10,0.0
2000-08-11,0.0
2000-08-12,0.03544882678013865
2000-08-13,0.017456043321470785
2000-08-14,1.2441009069491502
2000-08-15,1.2838480916018697
2000-08-16,0.0301749893474999
2000-08-17,0.0
2000-08-18,0.0
2000-08-19,0.0
2000-08-20,0.0
2000-08-21,0.0
2000-08-22,0.06997965319231882
2000-08-23,0.01859431150703716
2000-08-24,0.011801884191723871
2000-08-25,0.6947642508617283
2000-08-26,0.03416405418461018
2000-08-27,0.0
2000-08-28,0.0
2000-08-29,9.670697407099669e-05
2000-08-30,0.0
2000-08-31,0.0
2000-09-01,0.0
2000-09-02,0.0
2000-09-03,0.0
2000-09-04,0.0
2000-09-05,0.0
2000-09-06,0.0
2000-09-07,0.0
2000-09-08,0.006517380218532441
2000-09-09,0.6472831118303755
2000-09-10,5.523750559664066
2000-09-11,2.69833139018345
2000-09-12,0.9424738640354762
2000-09-13,17.396925231420504
2000-09-14,1.1804198157541443
2000-09-15,1.3833462377128585
2000-09-16,0.0
2000-09-17,0.0
2000-09-18,0.0
2000-09-19,0.03669872524525099
2000-09-20,3.187961046147868e-08
2000-09-21,0.0967471311111589
2000-09-22,0.0051193652449498805
2000-09-23,0.00850185169363689
2000-09-24,22.971312851438384
2000-09-25,28.912955920786796
2000-09-26,0.0
2000-09-27,0.0
2000-09-28,0.0
2000-09-29,0.0
2000-09-30,0.0
2000-10-01,0.0
2000-10-02,0.0
2000-10-03,0.0
2000-10-04,0.0
2000-10-05,0.19871356363468903
2000-10-06,4.463981431380323
2000-10-07,29.626528679102954
2000-10-08,30.129098940966546
2000-10-09,26.009796536400323
2000-10-10,1.5917174693281189
2000-10-11,2.3153109846109454
2000-10-12,2.0139240368125235
2000-10-13,0.10677867330687427
2000-10-14,0.6981891578145517
2000-10-15,2.578724382601338
2000-10-16,2.4050713862196367
2000-10-17,22.879271762763846
2000-10-18,3.569926598862982
2000-10-19,0.22348961536370154
2000-10-20,0.8391582942888075
2000-10-21,7.14939162650648
2000-10-22,3.1476069023779063
2000-10-23,75.84127005673686
2000-10-24,5.025119519380202
2000-10-25,1.7703292561570485
2000-10-26,1.0501458639011443
2000-10-27,0.018367328543375073
2000-10-28,0.321516613919663
2000-10-29,0.17182428042024794
2000-10-30,1.417466923477845
2000-10-31,1.3879535731527917
2000-11-01,3.746166636372058
2000-11-02,7.522354492840092
2000-11-03,47.39173437319205
2000-11-04,9.878923315812111
2000-11-05,14.733719134483128
2000-11-06,19.156442831962103
2000-11-07,1.3432015745451265
2000-11-08,3.759113868466364
2000-11-09,0.012548367678148837
2000-11-10,0.0007279169154144388
2000-11-11,0.054626254459130746
2000-11-12,1.1032558945122362
2000-11-13,0.008129139025699002
2000-11-14,0.11568118961380223
2000-11-15,0.291650940476448
2000-11-16,6.300741936219074
2000-11-17,0.19275916129680473
2000-11-18,18.444723974984772
2000-11-19,2.925570557934759
2000-11-20,6.406947361077431
2000-11-21,5.55822850071579
2000-11-22,0.8394819505974068
2000-11-23,2.4393856750720597
2000-11-24,1.9190909104406086
2000-11-25,0.0
2000-11-26,0.0
2000-11-27,3.0293740454478645e-05
2000-11-28,0.047605713399220116
2000-11-29,0.01858341518821729
2000-11-30,0.03421753070938018
2000-12-01,0.21749515622628462
2000-12-02,0.0
2000-12-03,4.1949969563619165
2000-12-04,0.378681445833709
2000-12-05,0.16331037843525148
2000-12-06,0.24563982399231601
2000-12-07,0.019434878285097202
2000-12-08,0.0
2000-12-09,0.0
2000-12-10,0.0051193652449498805
2000-12-11,0.12480446013465701
2000-12-12,1.2031248333103848
2000-12-13,3.147295297178197
2000-12-14,0.12859727860402909
2000-12-15,0.4484376612896085
2000-12-16,0.0
2000-12-17,0.0
2000-12-18,0.0
2000-12-19,0.0
2000-12-20,0.0
2000-12-21,0.0
2000-12-22,0.0
2000-12-23,0.09982563012258702
2000-12-24,0.975722501234358
2000-12-25,4.1971169646517
2000-12-26,15.1230730783439
2000-12-27,0.0841038822356253
2000-12-28,0.0
2000-12-29,0.0
2000-12-30,0.0
2000-12-31,0.07634207211346686
2001-01-01,0.05310335184326859
2001-01-02,0.00907706284100738
2001-01-03,0.0
2001-01-04,0.0
2001-01-05,0.0
2001-01-06,0.0
2001-01-07,0.5044783251568296
2001-01-08,0.0
2001-01-09,0.0
2001-01-10,29.290046850879293
2001-01-11,0.07069096227957496
2001-01-12,0.14939832556262886
2001-01-13,1.4001633731407512
2001-01-14,0.0
2001-01-15,0.0
2001-01-16,2.924202530405538
2001-01-17,4.175761283780193
2001-01-18,0.4806240145693513
2001-01-19,1.2829533642597921
2001-01-20,0.0
2001-01-21,1.2101297367450614
2001-01-22,1.984940960697456
2001-01-23,0.0
2001-01-24,0.003957697596057501
2001-01-25,0.010475077814589942
2001-01-26,0.014432775410647442
2001-01-27,1.0628381678556003
2001-01-28,1.868727488029334
2001-01-29,13.906383097325804
2001-01-30,0.0
2001-01-31,0.0
2001-02-01,0.0
2001-02-02,0.0
2001-02-03,0.0
2001-02-04,0.0
2001-02-05,0.0
2001-02-06,0.0
2001-02-07,0.0
2001-02-08,0.5868291458347528
2001-02-09,0.8033085779727973
2001-02-10,0.0
2001-02-11,0.5082713631328128
2001-02-12,1.6774886965442082
2001-02-13,2.1894337558435204
2001-02-14,0.9705427950724749
2001-02-15,1.6800356138701773
2001-02-16,11.938620348031764
2001-02-17,0.0992000044066711
2001-02-18,0.0
2001-02-19,0.08655604374981972
2001-02-20,0.5318410762775869
2001-02-21,0.3766359420756657
2001-02-22,2.82986784852118
2001-02-23,8.505168294500775
2001-02-24,0.20615923301314357
2001-02-25,0.0025596826224749403
2001-02-26,0.3163929677129884
2001-02-27,0.49130618155842304
2001-02-28,0.8495250129633671
2001-03-01,0.9969389264171216
2001-03-02,1.086411919627231
2001-03-03,9.265520058297628
2001-03-04,0.8417637068353233
2001-03-05,0.0
2001-03-06,6.217039137417462
2001-03-07,0.22808730668003702
2001-03-08,2.486980450142845
2001-03-09,0.0
2001-03-10,0.03525420698665743
2001-03-11,0.631574539779322
2001-03-12,16.08549173315853
2001-03-13,0.3264957017645551
2001-03-14,7.6603509751342855
2001-03-15,0.0
2001-03-16,0.0
2001-03-17,0.42185165756931137
2001-03-18,4.2489476181730526
2001-03-19,0.04566429970120538
2001-03-20,0.07594216438847201
2001-03-21,0.0
2001-03-22,0.8248424304690526
2001-03-23,1.4428022093806452
2001-03-24,0.061916552039706516
2001-03-25,0.003957697596057501
2001-03-26,0.3043408444441663
2001-03-27,3.1110210020692506
2001-03-28,0.8363279510790311
2001-03-29,0.9892387177763601
2001-03-30,0.19249045335287174
2001-03-31,0.1154032613781319
2001-04-01,0.015594443059539822
2001-04-02,0.5359704977658907
2001-04-03,0.2014858805944975
2001-04-04,0.08059597294274133
2001-04-05,0.04122884549736321
2001-04-06,0.040400274389830675
2001-04-07,0.48382079373308
2001-04-08,0.027231188523022143
2001-04-09,0.00907706284100738
2001-04-10,0.2550852619492158
2001-04-11,1.8014262886367773
2001-04-12,0.19665758918237872
2001-04-13,0.2590993062055631
2001-04-14,2.687024033030147
2001-04-15,3.4101828230299525
2001-04-16,11.173777213842778
2001-04-17,6.794264185335336
2001-04-18,0.5783825910688855
2001-04-19,0.013034760437064882
2001-04-20,0.13867904209122317
2001-04-21,0.21414456982290064
2001-04-22,0.1442827893753006
2001-04-23,23.943667708177887
2001-04-24,1.8490112212761225
2001-04-25,0.0
2001-04-26,0.0039044991806027954
2001-04-27,0.0
2001-04-28,0.0
2001-04-29,0.0
2001-04-30,0.003957697596057501
2001-05-01,0.032586901092662206
2001-05-02,0.5070007736548737
2001-05-03,0.8111172311959751
2001-05-04,24.697354153762696
2001-05-05,23.728601155199858
2001-05-06,1.332928618343895
2001-05-07,5.712025029893287
2001-05-08,3.735467015191315
2001-05-09,0.08374299376950545
2001-05-10,0.0
2001-05-11,0.6943984424596757
2001-05-12,0.9172834878023736
2001-05-13,0.3844274531136805
2001-05-14,0.0
2001-05-15,0.05820871417263984
2001-05-16,0.0
2001-05-17,0.0
2001-05-18,0.0
2001-05-19,0.30809794415086084
2001-05-20,2.899528457486952
2001-05-21,0.45594271802263364
2001-05-22,0.0
2001-05-23,9.476505650180977e-05
2001-05-24,0.0480919596447341
2001-05-25,4.446553638673819
2001-05-26,0.5031198910708322
2001-05-27,8.953472205370518
2001-05-28,0.0
2001-05-29,0.006517380218532441
2001-05-30,0.20515607144613715
2001-05-31,1.229628532420759
2001-06-01,0.26949876006674045
2001-06-02,0.13750372820577855
2001-06-03,0.013034760437064882
2001-06-04,0.0
2001-06-05,0.016992458033122382
2001-06-06,0.003957697596057501
2001-06-07,0.12854088181753492
2001-06-08,0.072353758779579
2001-06-09,0.044809966906920844
2001-06-10,0.0
2001-06-11,0.0
2001-06-12,0.0
2001-06-13,0.04090636202161158
2001-06-14,0.6138658663548179
2001-06-15,5.4859588171104665
2001-06-16,0.007915395192115001
2001-06-17,0.011636745463482322
2001-06-18,0.0
2001-06-19,0.0
2001-06-20,0.0
2001-06-21,0.0
2001-06-22,6.064494013653081
2001-06-23,0.6738125963036021
2001-06-24,1.4819670311265318
2001-06-25,0.0226340794638167
2001-06-26,0.03622211521296807
2001-06-27,0.0
2001-06-28,0.0
2001-06-29,0.021627937448228562
2001-06-30,0.0
2001-07-01,1.2123547142296522
2001-07-02,16.097359758977895
2001-07-03,0.039054830040112405
2001-07-04,1.0896318819868496e-05
2001-07-05,0.011636745463482322
2001-07-06,0.0
2001-07-07,0.0
2001-07-08,0.0
2001-07-09,0.0
2001-07-10,0.0
2001-07-11,0.0
2001-07-12,0.0
2001-07-13,0.0
2001-07-14,0.005119397124560342
2001-07-15,0.0025596826224749403
2001-07-16,0.0
2001-07-17,0.0
2001-07-18,0.0025596826224749403
2001-07-19,0.003957697596057501
2001-07-20,0.0
2001-07-21,0.0
2001-07-22,0.0
2001-07-23,0.0
2001-07-24,0.0
2001-07-25,0.006517380218532441
2001-07-26,0.006517380218532441
2001-07-27,0.0051193652449498805
2001-07-28,0.003957697596057501
2001-07-29,0.0
2001-07-30,0.00907706284100738
2001-07-31,0.0
2001-08-01,0.0
2001-08-02,0.0
2001-08-03,0.0
2001-08-04,0.0
2001-08-05,0.0
2001-08-06,0.0
2001-08-07,0.3989159008131611
2001-08-08,0.6729719644968669
2001-08-09,0.0
2001-08-10,0.0
2001-08-11,0.0
2001-08-12,0.058689106555878716
2001-08-13,1.3538629362429333
2001-08-14,0.043787417737580644
2001-08-15,0.026330231168588375
2001-08-16,7.470439238468363
2001-08-17,1.3411379909894818
2001-08-18,0.0
2001-08-19,3.7149812656909456
2001-08-20,3.187961046147868e-08
2001-08-21,0.007592911716363371
2001-08-22,0.050615672083077816
2001-08-23,0.0
2001-08-24,0.04802994761888045
2001-08-25,0.0006722880427060909
2001-08-26,1.7198762776372813
2001-08-27,43.02975096590721
2001-08-28,8.366756409961841
2001-08-29,3.7922666025939207
2001-08-30,3.084149853368812
2001-08-31,13.505922879707395
2001-09-01,0.8995992626252303
2001-09-02,0.022390716835874944
2001-09-03,1.9359069308210686
2001-09-04,32.991373737766494
2001-09-05,27.121751336810895
2001-09-06,9.43043458819799
2001-09-07,0.0730435161315341
2001-09-08,0.032548381706857164
2001-09-09,0.6536582714958372
2001-09-10,0.012277158525006878
2001-09-11,0.012277158525006878
2001-09-12,0.0
2001-09-13,0.0
2001-09-14,0.06286894822708847
2001-09-15,0.018216203016885455
2001-09-16,0.0
2001-09-17,0.0
2001-09-18,0.0
2001-09-19,0.0
2001-09-20,0.000480841234827244
2001-09-21,0.2179719836539602
2001-09-22,3.355644042213235
2001-09-23,0.5669355260548188
2001-09-24,0.04614493871740621
2001-09-25,0.0005332477865013312
2001-09-26,0.0
2001-09-27,0.0
2001-09-28,0.0
2001-09-29,0.0
2001-09-30,0.007592911716363371
2001-10-01,0.0
2001-10-02,0.0
2001-10-03,0.007598213045129806
2001-10-04,0.031122374503288506
2001-10-05,2.3082096639611267
2001-10-06,7.980558284771932
2001-10-07,0.0
2001-10-08,1.6678424636039755
2001-10-09,1.3178251953943902
2001-10-10,0.41317806315528527
2001-10-11,25.5309462293185
2001-10-12,0.10841986353736101
2001-10-13,17.785838734329023
2001-10-14,0.26353376050273575
2001-10-15,0.045793943318297295
2001-10-16,0.0
2001-10-17,0.0
2001-10-18,0.0
2001-10-19,0.0
2001-10-20,0.0
2001-10-21,0.0
2001-10-22,0.0
2001-10-23,0.0
2001-10-24,0.0
2001-10-25,0.0
2001-10-26,0.0
2001-10-27,0.0
2001-10-28,0.0
2001-10-29,0.0
2001-10-30,0.0
2001-10-31,0.004684246808643507
2001-11-01,0.0
2001-11-02,0.05705978687421294
2001-11-03,0.006517380218532441
2001-11-04,0.0
2001-11-05,0.015367102151444056
2001-11-06,0.04563546157649689
2001-11-07,0.0
2001-11-08,0.034492190502533465
2001-11-09,2.4744023573170617
2001-11-10,0.14478219791990882
2001-11-11,0.06758414535792469
2001-11-12,0.03253957414501047
2001-11-13,0.7221054299610936
2001-11-14,38.39509819359648
2001-11-15,90.7847106331653
2001-11-16,13.71674594819138
2001-11-17,22.168455446344474
2001-11-18,2.648135318002937
2001-11-19,13.917289763608423
2001-11-20,0.08213615230357632
2001-11-21,0.0
2001-11-22,0.0
2001-11-23,0.03110013799560868
2001-11-24,0.0
2001-11-25,0.0
2001-11-26,0.11468289072438784
2001-11-27,0.20731501946182537
2001-11-28,1.556739100240055
2001-11-29,0.583209874500495
2001-11-30,0.0
2001-12-01,0.7983253178071642
2001-12-02,6.761967973344358
2001-12-03,2.2034480102865146
2001-12-04,0.1874647560014371
2001-12-05,0.42218766042866934
2001-12-06,1.2234108606515193
2001-12-07,1.7501886056356872
2001-12-08,8.236070147285314
2001-12-09,0.0
2001-12-10,0.0
2001-12-11,3.548483168671265
2001-12-12,3.598799969956899
2001-12-13,1.1031297329298178
2001-12-14,0.0
2001-12-15,2.1687576141113865
2001-12-16,11.156279127328444
2001-12-17,0.06980049985661445
2001-12-18,0.2794908601166444
2001-12-19,0.2586114408241627
2001-12-20,0.0
2001-12-21,0.0
2001-12-22,0.0
2001-12-23,0.0
2001-12-24,0.0
2001-12-25,0.0053488986862539134
2001-12-26,0.0
2001-12-27,0.0
2001-12-28,0.0
2001-12-29,0.0
2001-12-30,0.0
2001-12-31,0.007679079747035283
2002-01-01,0.0
2002-01-02,0.0
2002-01-03,0.0
2002-01-04,0.02244444411362624
2002-01-05,0.9352825041274728
2002-01-06,0.0
2002-01-07,0.0
2002-01-08,0.0
2002-01-09,0.0
2002-01-10,0.00907706284100738
2002-01-11,0.011873092788172501
2002-01-12,0.0
2002-01-13,0.0
2002-01-14,0.0
2002-01-15,0.0
2002-01-16,0.0039044991806027954
2002-01-17,0.13644251563555812
2002-01-18,0.09960153164211544
2002-01-19,0.0
2002-01-20,0.016361833909312232
2002-01-21,0.0
2002-01-22,0.2737534463737366
2002-01-23,0.1951097067108261
2002-01-24,0.6388389881744774
2002-01-25,0.0
2002-01-26,0.0
2002-01-27,0.0
2002-01-28,0.027145052371960694
2002-01-29,0.5327217280489955
2002-01-30,2.2466581231903833
2002-01-31,2.585642339629139
2002-02-01,0.577616380641434
2002-02-02,0.0
2002-02-03,0.0
2002-02-04,0.9537814841878688
2002-02-05,8.597269220727133
2002-02-06,0.6095933799291989
2002-02-07,0.0
2002-02-08,0.0
2002-02-09,0.0
2002-02-10,3.187961046147868e-08
2002-02-11,0.0
2002-02-12,0.0
2002-02-13,0.0
2002-02-14,0.0
2002-02-15,0.0
2002-02-16,0.0
2002-02-17,0.0
2002-02-18,0.11306994778328582
2002-02-19,0.30105045487244486
2002-02-20,0.0
2002-02-21,0.0
2002-02-22,0.0
2002-02-23,0.0
2002-02-24,0.0
2002-02-25,0.0
2002-02-26,0.0
2002-02-27,0.0
2002-02-28,0.010774416827011702
2002-03-01,0.34310824459959
2002-03-02,0.0025596826224749403
2002-03-03,0.0
2002-03-04,0.0
2002-03-05,0.0
2002-03-06,0.0391122558019262
2002-03-07,0.06771802801144748
2002-03-08,0.18465961189153668
2002-03-09,0.0
2002-03-10,0.3707227639971505
2002-03-11,0.022352275775096346
2002-03-12,0.0
2002-03-13,0.0
2002-03-14,0.0
2002-03-15,0.0
2002-03-16,0.0
2002-03-17,0.08359814680074602
2002-03-18,0.6903409732817731
2002-03-19,10.128715845346614
2002-03-20,5.214016286883475
2002-03-21,0.0
2002-03-22,0.0
2002-03-23,0.0
2002-03-24,0.0
2002-03-25,0.06364602304261578
2002-03-26,0.0
2002-03-27,0.0
2002-03-28,0.013034792316675344
2002-03-29,0.6529031227720857
2002-03-30,5.650704673632842
2002-03-31,0.0
2002-04-01,0.0
2002-04-02,0.0
2002-04-03,0.022679265757805694
2002-04-04,0.06905424230141792
2002-04-05,0.019278950217442244
2002-04-06,2.103276989839452
2002-04-07,7.360695534383873
2002-04-08,10.827509247039213
2002-04-09,0.005939044491878578
2002-04-10,0.0
2002-04-11,0.0
2002-04-12,0.0
2002-04-13,0.0008645831476487359
2002-04-14,23.32665079405853
2002-04-15,7.346205638904303
2002-04-16,7.69037800304657
2002-04-17,0.023273490926964645
2002-04-18,0.1282444654957286
2002-04-19,0.2828288997416366
2002-04-20,0.04090636202161158
2002-04-21,0.040458891141599375
2002-04-22,0.13565242130711208
2002-04-23,0.06227084656961535
2002-04-24,0.0
2002-04-25,2.264364808970139
2002-04-26,1.053833293097049
2002-04-27,0.016992458033122382
2002-04-28,0.014384008017110114
2002-04-29,0.0
2002-04-30,0.0
2002-05-01,3.187961046147868e-08
2002-05-02,0.7163423721582924
2002-05-03,0.4784219230819665
2002-05-04,0.2098945231176431
2002-05-05,0.2648344271661168
2002-05-06,0.15911674364361958
2002-05-07,0.0
2002-05-08,0.00907706284100738
2002-05-09,0.06333988555062922
2002-05-10,0.4757797521286412
2002-05-11,0.04431778268871163
2002-05-12,0.12136378423098615
2002-05-13,0.5170949004519098
2002-05-14,0.0
2002-05-15,0.0
2002-05-16,0.9333308224908765
2002-05-17,12.837758654390772
2002-05-18,5.019436679780464
2002-05-19,0.2607190950227279
2002-05-20,0.5308874382312975
2002-05-21,0.0
2002-05-22,0.03981346574475118
2002-05-23,0.4590136011558955
2002-05-24,0.1579961685383317
2002-05-25,9.507398262483887
2002-05-26,27.0226682181656
2002-05-27,0.31139955832095956
2002-05-28,3.969416495984857
2002-05-29,0.9027424695313776
2002-05-30,0.0077498138552539435
2002-05-31,0.0
2002-06-01,0.0
2002-06-02,0.0
2002-06-03,0.006517380218532441
2002-06-04,0.7556546604365071
2002-06-05,1.8847225101819718
2002-06-06,5.665121081596603
2002-06-07,5.1155513046187115
2002-06-08,0.10704433938247854
2002-06-09,0.1846752453434404
2002-06-10,0.1483246127991331
2002-06-11,0.08540383402713732
2002-06-12,0.0
2002-06-13,0.0
2002-06-14,4.910336822862786
2002-06-15,1.3495482752570402
2002-06-16,0.0
2002-06-17,0.0025596826224749403
2002-06-18,0.0
2002-06-19,0.013034760437064882
2002-06-20,0.1276275231304621
2002-06-21,0.013034760437064882
2002-06-22,0.0
2002-06-23,0.0
2002-06-24,0.0
2002-06-25,0.003086620975223266
2002-06-26,2.5419639058949186
2002-06-27,9.705659359645786
2002-06-28,1.7843912107025641
2002-06-29,6.595212203637109
2002-06-30,18.34158913607479
2002-07-01,22.00105867414876
2002-07-02,93.39688735377766
2002-07-03,25.453159814580438
2002-07-04,41.01380056686165
2002-07-05,35.605190348246886
2002-07-06,2.8867031506127736
2002-07-07,6.825149250342955
2002-07-08,1.2571814388414784
2002-07-09,0.746521469741995
2002-07-10,2.8074900105833662
2002-07-11,0.1156176021333661
2002-07-12,0.08358462727080178
2002-07-13,1.4262061723793305
2002-07-14,13.582831582323497
2002-07-15,21.81581422503845
2002-07-16,2.8116272742535955
2002-07-17,7.626847662786656
2002-07-18,1.8493431517145662
2002-07-19,0.00907706284100738
2002-07-20,0.006517380218532441
2002-07-21,0.010475077814589942
2002-07-22,0.0696565604709504
2002-07-23,0.003957697596057501
2002-07-24,0.0
2002-07-25,0.0025596826224749403
2002-07-26,0.0
2002-07-27,0.0
2002-07-28,0.0
2002-07-29,0.14007390964887317
2002-07-30,8.309693879333139
2002-07-31,0.0
2002-08-01,0.0
2002-08-02,0.0030866528548337273
2002-08-03,0.0025596826224749403
2002-08-04,0.24568225996028842
2002-08-05,3.7269775871593405
2002-08-06,1.1273029773736765
2002-08-07,0.0065193221361016275
2002-08-08,13.484818361595833
2002-08-09,0.4438933536548253
2002-08-10,0.19000973062531004
2002-08-11,0.30376730159802484
2002-08-12,0.07462882900101978
2002-08-13,0.23652596527387237
2002-08-14,0.24031075736409532
2002-08-15,0.31288572057663766
2002-08-16,0.15653422944679254
2002-08-17,0.04122884549736321
2002-08-18,0.006517380218532441
2002-08-19,0.0
2002-08-20,0.05388702974792822
2002-08-21,0.006517380218532441
2002-08-22,0.0
2002-08-23,0.005646335477308668
2002-08-24,0.0
2002-08-25,0.0
2002-08-26,0.0
2002-08-27,0.2149150750212924
2002-08-28,0.0
2002-08-29,1.3878747272192984
2002-08-30,0.25232962773429873
2002-08-31,0.03284898633471748
2002-09-01,0.0
2002-09-02,0.0
2002-09-03,3.187961046147868e-08
2002-09-04,0.05540117958822093
2002-09-05,0.06344561013697
2002-09-06,7.111270467767122
2002-09-07,23.009107377945192
2002-09-08,24.49457942017848
2002-09-09,32.31213448502288
2002-09-10,2.6177493297443344
2002-09-11,0.0
2002-09-12,0.0
2002-09-13,0.0
2002-09-14,0.0
2002-09-15,0.5271721621846761
2002-09-16,0.7339123790349799
2002-09-17,0.09332363041440671
2002-09-18,0.015543109444855208
2002-09-19,2.9776887930278244
2002-09-20,0.0
2002-09-21,0.0
2002-09-22,0.0
2002-09-23,0.0
2002-09-24,0.0
2002-09-25,0.0
2002-09-26,0.0
2002-09-27,0.0
2002-09-28,0.0
2002-09-29,0.0
2002-09-30,0.1849203092917492
2002-10-01,0.1013024216453095
2002-10-02,0.039104281311194644
2002-10-03,1.5068342600846016
2002-10-04,0.5485633398053669
2002-10-05,0.18569792185673936
2002-10-06,0.10472490342107743
2002-10-07,2.256032805267939
2002-10-08,63.06664274993014
2002-10-09,32.351560649206355
2002-10-10,2.499692089894434
2002-10-11,0.0
2002-10-12,0.07787509605689463
2002-10-13,1.9180388137324211
2002-10-14,2.7415628143254533
2002-10-15,0.0
2002-10-16,0.0
2002-10-17,0.32106047786446196
2002-10-18,2.4649921121749103
2002-10-19,9.30574636987572
2002-10-20,0.009031295275997227
2002-10-21,0.8826443695023691
2002-10-22,14.461653021472518
2002-10-23,9.88964745841895
2002-10-24,40.437608715976495
2002-10-25,2.110912027950628
2002-10-26,3.1514524169863023
2002-10-27,0.3959312625247125
2002-10-28,1.4823294897431911
2002-10-29,0.0
2002-10-30,0.0
2002-10-31,0.034557958033949406
2002-11-01,1.4609865218038773
2002-11-02,6.740286476175309
2002-11-03,2.9646019155097956
2002-11-04,5.334887458535174
2002-11-05,0.10184929648184811
2002-11-06,0.0
2002-11-07,0.0
2002-11-08,0.0
2002-11-09,0.0
2002-11-10,0.0
2002-11-11,0.0
2002-11-12,0.0
2002-11-13,0.0
2002-11-14,0.0
2002-11-15,0.06602689260816291
2002-11-16,0.21269686456372766
2002-11-17,0.0
2002-11-18,0.03610686828000381
2002-11-19,0.0
2002-11-20,0.0
2002-11-21,0.0
2002-11-22,0.0
2002-11-23,0.0
2002-11-24,0.02238976373337037
2002-11-25,0.0
2002-11-26,2.2751283591018927
2002-11-27,0.08635072449642994
2002-11-28,0.0
2002-11-29,0.0
2002-11-30,1.743857245283777
2002-12-01,1.3992079537034805
2002-12-02,0.03594756828252111
2002-12-03,3.392408245461538
2002-12-04,5.349170184906906
2002-12-05,0.8449895725628889
2002-12-06,0.0
2002-12-07,0.0
2002-12-08,0.5790591969734614
2002-12-09,21.47055269989727
2002-12-10,0.14680714707916823
2002-12-11,0.0
2002-12-12,0.07599981727839666
2002-12-13,0.0
2002-12-14,0.0
2002-12-15,0.0
2002-12-16,0.039636498817831815
2002-12-17,0.0
2002-12-18,0.0
2002-12-19,0.0006233324043345337
2002-12-20,0.004113993868607922
2002-12-21,0.0
2002-12-22,0.09717899588734451
2002-12-23,1.3099674456550536
2002-12-24,0.1531132108134307
2002-12-25,0.0
2002-12-26,0.0
2002-12-27,0.0
2002-12-28,0.5308163661243134
2002-12-29,1.6340479948834634
2002-12-30,5.599122781230655
2002-12-31,0.2789855162846267
2003-01-01,0.0
2003-01-02,0.0
2003-01-03,0.0
2003-01-04,0.0
2003-01-05,0.0
2003-01-06,0.02471003623035266
2003-01-07,0.0
2003-01-08,0.0
2003-01-09,0.0
2003-01-10,0.0
2003-01-11,2.3124795495133985
2003-01-12,6.068427056722891
2003-01-13,0.02381376811398897
2003-01-14,0.0
2003-01-15,0.013034760437064882
2003-01-16,0.0
2003-01-17,0.0
2003-01-18,0.0
2003-01-19,0.0
2003-01-20,0.0051193652449498805
2003-01-21,0.0
2003-01-22,0.0030866528548337273
2003-01-23,0.0
2003-01-24,0.0
2003-01-25,0.295239711522584
2003-01-26,0.1359811529302916
2003-01-27,0.010965901644177545
2003-01-28,0.0
2003-01-29,0.000624162530235114
2003-01-30,0.12696010130133348
2003-01-31,0.0
2003-02-01,0.0
2003-02-02,0.10110968807106692
2003-02-03,0.026176165799221277
2003-02-04,0.0
2003-02-05,0.3654418909068463
2003-02-06,1.1169375487895283
2003-02-07,1.331493376258212
2003-02-08,1.9130723226610404
2003-02-09,0.10233012340806645
2003-02-10,0.0
2003-02-11,0.04267550568814189
2003-02-12,0.7231111035255354
2003-02-13,8.5765775612085
2003-02-14,2.3802565881873945
2003-02-15,1.11247034739609
2003-02-16,0.0
2003-02-17,0.0
2003-02-18,0.02504671969274593
2003-02-19,0.4514882495760486
2003-02-20,14.920812429675188
2003-02-21,3.6619128927129014
2003-02-22,0.68448971704795
2003-02-23,0.5547164253958095
2003-02-24,2.005964317358411
2003-02-25,1.335757496906276
2003-02-26,0.30124795749061495
2003-02-27,0.856400076584358
2003-02-28,0.4176335479101829
2003-03-01,0.25436594113218003
2003-03-02,0.3467349192427092
2003-03-03,1.5965835992527861
2003-03-04,0.0
2003-03-05,0.3297309235391812
2003-03-06,0.09877850638413674
2003-03-07,0.018704576392061772
2003-03-08,0.04130049777031288
2003-03-09,0.0
2003-03-10,0.011745965178132051
2003-03-11,0.14079185518415907
2003-03-12,0.7763946414047326
2003-03-13,0.0
2003-03-14,0.0
2003-03-15,0.5362192918172018
2003-03-16,0.06602619757655573
2003-03-17,0.16993263543340426
2003-03-18,8.05041447245291
2003-03-19,0.0
2003-03-20,0.6992597004461435
2003-03-21,0.009264642772160233
2003-03-22,12.499434014100093
2003-03-23,2.754742803762442
2003-03-24,5.78438992304966
2003-03-25,0.8000148710653976
2003-03-26,0.15113250536697215
2003-03-27,0.0
2003-03-28,0.06174149483174632
2003-03-29,0.0
2003-03-30,0.0
2003-03-31,0.0
2003-04-01,0.0
2003-04-02,0.0
2003-04-03,0.0025596826224749403
2003-04-04,0.0
2003-04-05,0.003957697596057501
2003-04-06,0.18154251699485233
2003-04-07,0.472545331012339
2003-04-08,3.4186852270605192
2003-04-09,0.0
2003-04-10,0.07752250020672904
2003-04-11,0.03501337571755329
2003-04-12,0.0025596826224749403
2003-04-13,0.0
2003-04-14,0.0
2003-04-15,0.18330738680058817
2003-04-16,0.5321673996422804
2003-04-17,0.0
2003-04-18,0.034023191628057885
2003-04-19,0.16229533921073153
2003-04-20,0.44593616001602226
2003-04-21,0.054635093084305926
2003-04-22,1.2991216790542213
2003-04-23,0.5431207270351347
2003-04-24,2.2582080288440776
2003-04-25,0.0
2003-04-26,0.0
2003-04-27,0.0
2003-04-28,0.053811541032586674
2003-04-29,0.312255743866153
2003-04-30,0.39773808848550257
2003-05-01,0.37890607094951756
2003-05-02,0.04994626522061496
2003-05-03,0.04858621138575305
2003-05-04,0.19621051847600632
2003-05-05,0.0
2003-05-06,5.5131714909227565
2003-05-07,0.022994232250758716
2003-05-08,0.0
2003-05-09,0.00907706284100738
2003-05-10,0.006517380218532441
2003-05-11,3.3594111972478887e-06
2003-05-12,0.025306564749602186
2003-05-13,0.17898795945471457
2003-05-14,0.0
2003-05-15,0.021531607851410266
2003-05-16,0.09182501165599713
2003-05-17,0.0
2003-05-18,0.0
2003-05-19,0.0
2003-05-20,0.0275536465533552
2003-05-21,0.6077719751342414
2003-05-22,0.4188259132398349
2003-05-23,0.011228628673768462
2003-05-24,0.0
2003-05-25,0.19251849965902848
2003-05-26,7.737956437673467
2003-05-27,4.034390777849947
2003-05-28,0.008321402846518564
2003-05-29,0.0
2003-05-30,0.0
2003-05-31,0.0
2003-06-01,0.02104668103308936
2003-06-02,0.004260647611949267
2003-06-03,0.5425062740063619
2003-06-04,30.8687186674077
2003-06-05,6.383173879707552
2003-06-06,2.34686313362289
2003-06-07,0.0
2003-06-08,0.0009088122136343593
2003-06-09,0.008148596016131585
2003-06-10,48.6308295338472
2003-06-11,0.09987732478926795
2003-06-12,0.5931457143254859
2003-06-13,1.9078313988655375
2003-06-14,10.82574780770303
2003-06-15,16.204382585513667
2003-06-16,0.01815412568201476
2003-06-17,0.006517380218532441
2003-06-18,0.06617106056170156
2003-06-19,0.13559534590397096
2003-06-20,0.006517380218532441
2003-06-21,0.0
2003-06-22,0.0
2003-06-23,0.02665138130773004
2003-06-24,0.1755351140772694
2003-06-25,0.07683952933824979
2003-06-26,0.0
2003-06-27,0.859455769460004
2003-06-28,0.18339919811808258
2003-06-29,0.008071691464665423
2003-06-30,0.0008746072836375342
2003-07-01,0.15338168864172252
2003-07-02,1.5437291532152253
2003-07-03,4.711932052902958
2003-07-04,4.1415513329611615
2003-07-05,21.06005368372958
2003-07-06,13.609634527867623
2003-07-07,9.871967366778312
2003-07-08,28.84835233157729
2003-07-09,9.72424320584997
2003-07-10,0.05197385272748785
2003-07-11,0.09807083314853574
2003-07-12,0.006517380218532441
2003-07-13,0.0
2003-07-14,0.00496001946424196
2003-07-15,0.002961840211153376
2003-07-16,18.662349675580707
2003-07-17,0.761709363947961
2003-07-18,0.010475077814589942
2003-07-19,0.015594443059539822
2003-07-20,0.0
2003-07-21,0.0
2003-07-22,0.0
2003-07-23,9.311766016008752
2003-07-24,0.35853958813914394
2003-07-25,0.06409811999518528
2003-07-26,0.00907706284100738
2003-07-27,0.8516529551172222
2003-07-28,1.1463011943598755
2003-07-29,0.057844759223596186
2003-07-30,0.053402945565679476
2003-07-31,0.03645458514995353
2003-08-01,0.024394845325099022
2003-08-02,0.0
2003-08-03,0.0
2003-08-04,0.0
2003-08-05,0.0
2003-08-06,0.011636745463482322
2003-08-07,0.0
2003-08-08,0.5516892123383569
2003-08-09,11.169438234961559
2003-08-10,8.93805447612107
2003-08-11,6.50971637652495
2003-08-12,3.010686440386347
2003-08-13,8.459224433325838
2003-08-14,0.7026716861093246
2003-08-15,0.2617098495447469
2003-08-16,0.06750758834864914
2003-08-17,0.016121413291898607
2003-08-18,0.0025596826224749403
2003-08-19,0.0
2003-08-20,0.016992458033122382
2003-08-21,0.00907706284100738
2003-08-22,0.5351885324777342
2003-08-23,1.7394616221626162
2003-08-24,3.470732603154846
2003-08-25,5.252113135307753
2003-08-26,3.3249127923042923
2003-08-27,0.07676820421019719
2003-08-28,0.08681678508217275
2003-08-29,0.013034760437064882
2003-08-30,0.3307534716597803
2003-08-31,23.521365126366934
2003-09-01,0.4411736687082272
2003-09-02,0.0
2003-09-03,0.07076766216888843
2003-09-04,16.49764142504427
2003-09-05,4.1598923373143615
2003-09-06,1.0317586713973603
2003-09-07,0.003957697596057501
2003-09-08,0.01565720466490804
2003-09-09,0.3538369547898703
2003-09-10,2.148121239322948
2003-09-11,2.689303589116839
2003-09-12,29.967281585923
2003-09-13,0.0
2003-09-14,10.822558993756854
2003-09-15,0.6760057824549499
2003-09-16,0.0
2003-09-17,2.717671588225956
2003-09-18,2.588936698592733
2003-09-19,0.0071046900730808455
2003-09-20,1.1823442349584656
2003-09-21,8.665315577200348
2003-09-22,0.10707538211886301
2003-09-23,2.4951274136885515
2003-09-24,0.06825784999131886
2003-09-25,0.5784407438186473
2003-09-26,17.773829673192918
2003-09-27,1.3623333581891193
2003-09-28,0.43506253445106924
2003-09-29,0.6864910980497715
2003-09-30,0.0
2003-10-01,0.0
2003-10-02,0.0
2003-10-03,0.0
2003-10-04,0.1742296542242346
2003-10-05,2.4492835673394167
2003-10-06,7.257071143829111
2003-10-07,8.35529836537769
2003-10-08,12.757768346042281
2003-10-09,5.561109407496335
2003-10-10,4.128625060089857
2003-10-11,14.498055484482974
2003-10-12,27.71073408927944
2003-10-13,0.3853514863766115
2003-10-14,0.010475077814589942
2003-10-15,0.0
2003-10-16,0.0
2003-10-17,0.011409475676066684
2003-10-18,0.04183844592875671
2003-10-19,0.011967513285644304
2003-10-20,0.021323168666542262
2003-10-21,0.0
2003-10-22,0.0
2003-10-23,0.0
2003-10-24,0.0
2003-10-25,0.022025687127010814
2003-10-26,1.4704450208045745
2003-10-27,0.03412230418330556
2003-10-28,0.0
2003-10-29,0.0
2003-10-30,0.00907706284100738
2003-10-31,0.23940974267516937
2003-11-01,0.8663136027395355
2003-11-02,7.236836405963667
2003-11-03,7.027247745398281
2003-11-04,0.058333938491040335
2003-11-05,1.308869426436251
2003-11-06,3.4726069160230373
2003-11-07,0.9188327487464469
2003-11-08,0.5458713277699458
2003-11-09,0.9816988781424084
2003-11-10,2.913358105678291
2003-11-11,0.4274311029236565
2003-11-12,0.16918851987697864
2003-11-13,0.04324364458844441
2003-11-14,0.1121496644364328
2003-11-15,5.484751602518231
2003-11-16,1.0349029153460896
2003-11-17,12.244356987883434
2003-11-18,0.34458530377838986
2003-11-19,0.0
2003-11-20,0.0
2003-11-21,0.0
2003-11-22,0.0
2003-11-23,0.08408363961353063
2003-11-24,0.0
2003-11-25,0.0
2003-11-26,0.03277429729928687
2003-11-27,0.0
2003-11-28,0.0
2003-11-29,0.0
2003-11-30,0.0
2003-12-01,0.10581771997070773
2003-12-02,0.012403766923442971
2003-12-03,0.0
2003-12-04,0.020608424602491203
2003-12-05,0.0
2003-12-06,0.0
2003-12-07,0.0
2003-12-08,0.0
2003-12-09,0.0
2003-12-10,0.0
2003-12-11,0.0
2003-12-12,0.03671591657109758
2003-12-13,0.018216234896495917
2003-12-14,0.0
2003-12-15,0.012643972761953408
2003-12-16,0.0
2003-12-17,0.0
2003-12-18,0.0
2003-12-19,0.0
2003-12-20,0.0
2003-12-21,0.0
2003-12-22,0.0
2003-12-23,0.0
2003-12-24,0.0
2003-12-25,0.16569163292879446
2003-12-26,0.0
2003-12-27,0.5759456108820137
2003-12-28,1.9328404038966212
2003-12-29,0.0
2003-12-30,3.2235658023665564e-05
2003-12-31,6.835515118570497e-05
2004-01-01,1.494044962034772
2004-01-02,0.2951029000418634
2004-01-03,0.03198620131949477
2004-01-04,0.0
2004-01-05,0.0025596826224749403
2004-01-06,0.0
2004-01-07,0.013034760437064882
2004-01-08,0.15567254797899593
2004-01-09,0.0
2004-01-10,0.0
2004-01-11,0.0
2004-01-12,0.0
2004-01-13,0.0
2004-01-14,8.23292718111031
2004-01-15,12.302191956676038
2004-01-16,5.402986800216888
2004-01-17,2.8596624796204684
2004-01-18,0.6761647745968362
2004-01-19,0.6736844071721707
2004-01-20,0.7312013527113549
2004-01-21,0.5810042148970564
2004-01-22,2.1859263967872646
2004-01-23,3.016715572512075
2004-01-24,5.214754217185666
2004-01-25,1.1174334154873495
2004-01-26,0.5887831014730539
2004-01-27,0.0
2004-01-28,3.2235658023665564e-05
2004-01-29,0.5904085691936369
2004-01-30,0.08342903204867638
2004-01-31,0.0
2004-02-01,0.09654570534163655
2004-02-02,6.641323361651805e-05
2004-02-03,0.00025400142905095065
2004-02-04,4.483462227383014
2004-02-05,0.9146784985803726
2004-02-06,0.0030866528548337273
2004-02-07,0.0
2004-02-08,0.11239424132773372
2004-02-09,0.2508889006052335
2004-02-10,4.79022686550713
2004-02-11,1.846334903849872
2004-02-12,0.6759830122753028
2004-02-13,0.1626935370558506
2004-02-14,0.884304063389513
2004-02-15,0.030769712949714784
2004-02-16,0.007559739685271436
2004-02-17,0.0
2004-02-18,0.0
2004-02-19,0.02248466514793536
2004-02-20,0.003957697596057501
2004-02-21,0.0
2004-02-22,0.19324588891135383
2004-02-23,2.3703493794651087
2004-02-24,18.32123646815055
2004-02-25,1.7613107255452574
2004-02-26,0.0
2004-02-27,0.0
2004-02-28,0.6252509692692548
2004-02-29,4.339509636396944
2004-03-01,0.0
2004-03-02,0.8773956362771872
2004-03-03,1.7018789655742323
2004-03-04,4.5317408962751875
2004-03-05,0.00308671661405465
2004-03-06,0.0
2004-03-07,0.0
2004-03-08,0.0
2004-03-09,0.0
2004-03-10,0.0
2004-03-11,0.5882949724239166
2004-03-12,26.758697004497634
2004-03-13,16.02069475770852
2004-03-14,26.538541811286297
2004-03-15,17.857852441194723
2004-03-16,0.2384481702500775
2004-03-17,0.0
2004-03-18,0.003957697596057501
2004-03-19,0.1765554242410736
2004-03-20,0.22697646939465574
2004-03-21,0.5394162745220838
2004-03-22,0.12047874408274385
2004-03-23,0.43171185013869184
2004-03-24,1.1260810397064638
2004-03-25,0.11019365900565589
2004-03-26,0.3699815238943135
2004-03-27,0.6424887654661143
2004-03-28,0.6748012838308023
2004-03-29,3.6896777701432018
2004-03-30,0.0
2004-03-31,0.0
2004-04-01,2.344503895390677
2004-04-02,7.836609009993936
2004-04-03,2.817646795665268
2004-04-04,10.534604685940709
2004-04-05,10.678812114559666
2004-04-06,54.77532900755568
2004-04-07,0.0
2004-04-08,0.0
2004-04-09,0.4896742830979598
2004-04-10,16.564358400969812
2004-04-11,7.182191666031105
2004-04-12,0.1566894120967795
2004-04-13,0.0
2004-04-14,0.0
2004-04-15,0.0
2004-04-16,0.00709944194500266
2004-04-17,0.0
2004-04-18,0.11385637877573096
2004-04-19,0.030134874037741514
2004-04-20,0.02150828008456554
2004-04-21,0.0
2004-04-22,0.05235530418716688
2004-04-23,2.7541059158652916
2004-04-24,10.929276128674388
2004-04-25,3.896460694047103
2004-04-26,0.8871345515865411
2004-04-27,0.41260116068908487
2004-04-28,1.979731632935167
2004-04-29,12.41675425333667
2004-04-30,0.6366963015121528
2004-05-01,10.462672173743464
2004-05-02,0.0
2004-05-03,0.0
2004-05-04,0.0
2004-05-05,0.0
2004-05-06,0.17558585828685241
2004-05-07,0.6924680798713339
2004-05-08,0.9227669207734136
2004-05-09,0.2607741840952731
2004-05-10,1.0864035611855656
2004-05-11,8.125837085988564
2004-05-12,0.9202636861386598
2004-05-13,1.8290487091132384
2004-05-14,2.261412445390897
2004-05-15,0.006517380218532441
2004-05-16,0.0
2004-05-17,0.016939259617667676
2004-05-18,0.08648927694319543
2004-05-19,0.07113534003195283
2004-05-20,0.053941122458676466
2004-05-21,0.11559632465362876
2004-05-22,0.006517380218532441
2004-05-23,0.08284498195902798
2004-05-24,0.06446358981618462
2004-05-25,6.375922092295735e-08
2004-05-26,0.09824968081664409
2004-05-27,0.0062847218579504364
2004-05-28,0.4019761814635089
2004-05-29,0.0
2004-05-30,0.013034760437064882
2004-05-31,0.0
2004-06-01,1.0896318819868496e-05
2004-06-02,0.0025597145020854017
2004-06-03,0.6664686165677118
2004-06-04,0.07980947540951758
2004-06-05,0.018067989530953312
2004-06-06,0.004027994664812393
2004-06-07,4.996285405870455
2004-06-08,24.568324457618473
2004-06-09,22.3829504036569
2004-06-10,1.2612132516559371
2004-06-11,0.36662757466301316
2004-06-12,2.2962246443203713
2004-06-13,22.262630271188613
2004-06-14,0.023809177264076584
2004-06-15,0.0
2004-06-16,0.1980082518058551
2004-06-17,0.12458047334112195
2004-06-18,0.07356577880196163
2004-06-19,0.0
2004-06-20,0.006205216228473592
2004-06-21,0.2877283292577041
2004-06-22,24.04718120280194
2004-06-23,1.0138270569085974
2004-06-24,4.885715378483355
2004-06-25,5.817276059331856
2004-06-26,11.417473170467773
2004-06-27,4.972725973092788
2004-06-28,32.69074585655029
2004-06-29,69.42977473607004
2004-06-30,10.306291972881189
2004-07-01,0.3962921666275471
2004-07-02,0.0350604475640757
2004-07-03,0.0
2004-07-04,0.0
2004-07-05,0.014432775410647442
2004-07-06,0.006517380218532441
2004-07-07,0.08434536119967842
2004-07-08,0.0051193652449498805
2004-07-09,0.0
2004-07-10,0.21668623765286094
2004-07-11,0.10124026488826988
2004-07-12,0.0709936148807139
2004-07-13,0.013034760437064882
2004-07-14,0.0
2004-07-15,0.06930436419592458
2004-07-16,0.07634598743036264
2004-07-17,0.0
2004-07-18,0.012695370135858947
2004-07-19,0.4759809366785714
2004-07-20,0.0
2004-07-21,0.0
2004-07-22,0.10773409213873911
2004-07-23,2.137700765271796
2004-07-24,0.5514338133040697
2004-07-25,0.3012262419772169
2004-07-26,0.36132151695226394
2004-07-27,0.01751197723684285
2004-07-28,0.05061149970859781
2004-07-29,1.3739258083154737
2004-07-30,16.007550482402277
2004-07-31,0.25937649298590193
2004-08-01,0.5202005477993715
2004-08-02,0.1546497703548051
2004-08-03,0.11512189083022957
2004-08-04,0.0
2004-08-05,0.000624162530235114
2004-08-06,1.0266348900835938
2004-08-07,2.1956764180426256
2004-08-08,1.2700180849627771
2004-08-09,4.703707677577812
2004-08-10,0.693137555175328
2004-08-11,0.7378306659346434
2004-08-12,0.0039044991806027954
2004-08-13,0.007494080176644021
2004-08-14,0.0
2004-08-15,0.0
2004-08-16,0.0
2004-08-17,0.003957697596057501
2004-08-18,3.7875215054681997
2004-08-19,2.7564431285920925
2004-08-20,0.010175418856985379
2004-08-21,7.733564340854938
2004-08-22,11.256628428135304
2004-08-23,3.1309596326863254
2004-08-24,0.0
2004-08-25,0.00989677396754654
2004-08-26,0.0
2004-08-27,0.0
2004-08-28,0.8864144716995929
2004-08-29,5.882715616707649
2004-08-30,0.4955652942692206
2004-08-31,9.385376543262298
2004-09-01,8.281911508072673
2004-09-02,0.0439980429951745
2004-09-03,0.10216388915168513
2004-09-04,4.130080375931664
2004-09-05,6.291003927909032
2004-09-06,11.989093652559816
2004-09-07,0.05372762338824848
2004-09-08,0.0
2004-09-09,0.0
2004-09-10,0.0
2004-09-11,0.1207687679077159
2004-09-12,0.006517380218532441
2004-09-13,0.026666037762483812
2004-09-14,1.0181409882206895
2004-09-15,0.15697133040394776
2004-09-16,0.006517380218532441
2004-09-17,0.0
2004-09-18,0.034388981803079144
2004-09-19,0.08448440385991939
2004-09-20,0.007679047867424821
2004-09-21,0.027145052371960694
2004-09-22,3.551742170026918
2004-09-23,8.087994817121748
2004-09-24,5.6547499344181125
2004-09-25,4.08113400121932
2004-09-26,2.1203996758959667
2004-09-27,3.919925404102395
2004-09-28,12.314324219251372
2004-09-29,0.0
2004-09-30,0.006642046699399348
2004-10-01,0.5067421003553118
2004-10-02,10.549392017364665
2004-10-03,0.9612903354825875
2004-10-04,0.3933993657863765
2004-10-05,12.849335233116328
2004-10-06,4.310029245045381
2004-10-07,3.2973203685095767
2004-10-08,3.0662365550209443
2004-10-09,2.9965188412770987
2004-10-10,0.042977517767529436
2004-10-11,0.0
2004-10-12,0.0
2004-10-13,1.8528308865947414
2004-10-14,2.6568981014050523
2004-10-15,0.0
2004-10-16,0.0
2004-10-17,0.0
2004-10-18,0.06155985407108185
2004-10-19,0.0
2004-10-20,0.0
2004-10-21,0.100201885793314
2004-10-22,0.9423928911702263
2004-10-23,5.818964926307335
2004-10-24,3.3695489103713094
2004-10-25,7.502098276249092
2004-10-26,1.0600966585306562
2004-10-27,0.011636745463482322
2004-10-28,0.19883796927959954
2004-10-29,0.06021978956858695
2004-10-30,2.791138713993143
2004-10-31,0.8214464148995929
2004-11-01,6.857829520255335
2004-11-02,0.27571083007169783
2004-11-03,0.0
2004-11-04,0.0
2004-11-05,0.0
2004-11-06,0.0
2004-11-07,0.0
2004-11-08,3.187961046147868e-08
2004-11-09,0.013435134957723048
2004-11-10,0.0
2004-11-11,0.5973009631459949
2004-11-12,1.539377151896639
2004-11-13,0.7793616939981142
2004-11-14,14.845295747609379
2004-11-15,26.595485839555934
2004-11-16,51.44413276842598
2004-11-17,28.057736441201556
2004-11-18,0.09424142760400485
2004-11-19,3.61194931620394e-05
2004-11-20,0.6582462487182607
2004-11-21,1.6884550758977481
2004-11-22,3.479318544293157
2004-11-23,3.7445741253892733
2004-11-24,0.23994367815682452
2004-11-25,0.0
2004-11-26,0.007717578197230278
2004-11-27,0.0
2004-11-28,0.0
2004-11-29,0.0638611851399491
2004-11-30,0.10090856673234888
2004-12-01,0.0
2004-12-02,0.167756002982211
2004-12-03,0.024034081267560445
2004-12-04,0.0
2004-12-05,1.623805389994134
2004-12-06,10.057305934574677
2004-12-07,1.9389231584746598
2004-12-08,0.0
2004-12-09,0.0
2004-12-10,0.0
2004-12-11,0.0
2004-12-12,0.0
2004-12-13,0.0
2004-12-14,0.0
2004-12-15,0.0
2004-12-16,0.0
2004-12-17,0.007141184388145602
2004-12-18,0.0
2004-12-19,0.0
2004-12-20,0.0
2004-12-21,3.0293740454478645e-05
2004-12-22,0.2886478972096157
2004-12-23,0.0
2004-12-24,0.0
2004-12-25,0.0
2004-12-26,0.0
2004-12-27,0.0
2004-12-28,0.0036352141203058706
2004-12-29,0.14541498002223
2004-12-30,0.13337977772121173
2004-12-31,0.003379361869403637
2005-01-01,0.12326172574672165
2005-01-02,1.6648271080380772
2005-01-03,4.70244850747676
2005-01-04,0.5846989326481798
2005-01-05,0.05326413761329414
2005-01-06,0.0
2005-01-07,0.0
2005-01-08,0.0
2005-01-09,0.03547075676629601
2005-01-10,0.0
2005-01-11,0.0
2005-01-12,0.21722860706896918
2005-01-13,0.0718151034412266
2005-01-14,0.0
2005-01-15,0.0
2005-01-16,0.0
2005-01-17,0.0
2005-01-18,0.0
2005-01-19,0.0
2005-01-20,0.0
2005-01-21,0.0
2005-01-22,0.0
2005-01-23,0.0
2005-01-24,0.0077498138552539435
2005-01-25,8.85512675300862e-05
2005-01-26,0.004473764867541091
2005-01-27,34.611245377865856
2005-01-28,2.122797171161076
2005-01-29,0.009055903359338398
2005-01-30,2.0201581418953802
2005-01-31,4.376463283206819
2005-02-01,9.298110711115642
2005-02-02,2.9816772011544064
2005-02-03,0.0
2005-02-04,0.0
2005-02-05,0.08811065092902715
2005-02-06,3.5526958155286317
2005-02-07,0.6639988634537964
2005-02-08,1.1882316640998076
2005-02-09,0.011253842205524488
2005-02-10,0.0
2005-02-11,0.0006350588490549824
2005-02-12,2.8868446009951745
2005-02-13,0.7178311655031278
2005-02-14,0.0
2005-02-15,0.0
2005-02-16,0.0
2005-02-17,0.026986863567914965
2005-02-18,0.0008321926767185176
2005-02-19,0.5020577050162388
2005-02-20,0.37792895757202977
2005-02-21,0.18214733012820636
2005-02-22,0.7742768117046784
2005-02-23,4.090291224453989
2005-02-24,15.592761622672619
2005-02-25,3.744371487857478
2005-02-26,11.784106776007352
2005-02-27,2.5976088371804145
2005-02-28,0.0
2005-03-01,3.1041015316289102
2005-03-02,1.8719859800322067
2005-03-03,0.5620737220992987
2005-03-04,0.03928672856918904
2005-03-05,6.307443281228436
2005-03-06,4.961952612430938
2005-03-07,5.063892663043362
2005-03-08,0.0
2005-03-09,0.0
2005-03-10,0.0
2005-03-11,0.0
2005-03-12,0.0
2005-03-13,0.0
2005-03-14,0.0
2005-03-15,0.06457624168670817
2005-03-16,0.11934498398849078
2005-03-17,0.008641944404701007
2005-03-18,0.0
2005-03-19,0.43502711113079406
2005-03-20,0.07644964575870085
2005-03-21,0.26637871060654306
2005-03-22,0.0
2005-03-23,0.0
2005-03-24,0.0
2005-03-25,0.2305163307652883
2005-03-26,3.347755313903903
2005-03-27,1.5014593716868296
2005-03-28,0.0
2005-03-29,0.028559419359579653
2005-03-30,0.0
2005-03-31,0.011096940066633915
2005-04-01,0.0
2005-04-02,0.0
2005-04-03,0.012493245169849097
2005-04-04,0.05019130559882377
2005-04-05,0.0
2005-04-06,0.0
2005-04-07,0.0
2005-04-08,0.0005814522222303826
2005-04-09,0.5365841480667914
2005-04-10,0.7232769884808905
2005-04-11,4.2662508001266275
2005-04-12,0.0
2005-04-13,0.0
2005-04-14,0.019640576254940173
2005-04-15,0.020379055899814192
2005-04-16,0.0
2005-04-17,0.10144368333507464
2005-04-18,0.796430628670485
2005-04-19,0.32179755171060476
2005-04-20,0.14852502219129024
2005-04-21,0.687466245915498
2005-04-22,5.111598829508994
2005-04-23,0.9328646360584443
2005-04-24,1.0366078738599749
2005-04-25,0.4535870595748878
2005-04-26,0.0
2005-04-27,0.0
2005-04-28,0.0
2005-04-29,0.0
2005-04-30,2.159193999779208
2005-05-01,0.10695922861404178
2005-05-02,2.415104537644987
2005-05-03,3.187961046147868e-08
2005-05-04,0.07135056396758871
2005-05-05,0.02608839168368118
2005-05-06,0.6893360212921026
2005-05-07,0.6688284748846723
2005-05-08,10.84580243379
2005-05-09,0.3639190632480638
2005-05-10,0.08108701454786067
2005-05-11,0.14025730269489695
2005-05-12,0.14563639288212965
2005-05-13,0.21519210778358336
2005-05-14,6.624198559576044
2005-05-15,7.504542631263665
2005-05-16,2.575620020174779
2005-05-17,0.9788303126490157
2005-05-18,0.4652955677400746
2005-05-19,0.0
2005-05-20,0.0
2005-05-21,0.0
2005-05-22,0.0
2005-05-23,0.0
2005-05-24,0.0
2005-05-25,0.0
2005-05-26,4.296552000022517
2005-05-27,0.9039338083176802
2005-05-28,34.12095815300495
2005-05-29,7.1660520816860425
2005-05-30,2.555325326977218
2005-05-31,0.7838714252520689
2005-06-01,19.800436918533553
2005-06-02,0.08583756908497132
2005-06-03,0.7435423491621909
2005-06-04,0.020673642819504345
2005-06-05,0.1906972121388
2005-06-06,0.0
2005-06-07,0.0
2005-06-08,0.00794568893256948
2005-06-09,0.01368885834713252
2005-06-10,0.048774822766161734
2005-06-11,0.030706674385743944
2005-06-12,0.003957697596057501
2005-06-13,0.08961199115628245
2005-06-14,0.27648988120269835
2005-06-15,0.0130478720259932
2005-06-16,0.0
2005-06-17,0.0
2005-06-18,0.0
2005-06-19,0.0
2005-06-20,0.0
2005-06-21,0.0
2005-06-22,0.0
2005-06-23,0.0
2005-06-24,0.0
2005-06-25,0.007719520114799465
2005-06-26,0.0
2005-06-27,0.0
2005-06-28,0.0
2005-06-29,0.0
2005-06-30,0.0
2005-07-01,0.0
2005-07-02,0.0
2005-07-03,0.0
2005-07-04,0.0
2005-07-05,0.015900918724639185
2005-07-06,0.015912874351108084
2005-07-07,0.8773816608648565
2005-07-08,0.1392920322719153
2005-07-09,1.4244907718218607
2005-07-10,0.0
2005-07-11,0.0019366750656561217
2005-07-12,0.04122010912612982
2005-07-13,0.8082185260906484
2005-07-14,2.617001107248202
2005-07-15,9.38464122501527
2005-07-16,3.414274878008174
2005-07-17,8.133450886736354
2005-07-18,0.2425300317271025
2005-07-19,0.003957697596057501
2005-07-20,3.9456616675208838
2005-07-21,1.2376575664706644
2005-07-22,0.006268644318450855
2005-07-23,5.075827907241196
2005-07-24,1.1369148728358587
2005-07-25,0.6263959689683027
2005-07-26,2.5144329945514743
2005-07-27,8.651775635931246
2005-07-28,23.085311025038113
2005-07-29,0.07228774966169767
2005-07-30,4.526798886038174
2005-07-31,0.6482768961320776
2005-08-01,0.0
2005-08-02,0.0
2005-08-03,0.9797456135315055
2005-08-04,7.185088081856668
2005-08-05,6.797922713429244
2005-08-06,1.5423816762362765
2005-08-07,0.7097807398946141
2005-08-08,4.912135142480171
2005-08-09,2.7668376049944414
2005-08-10,27.672050344287335
2005-08-11,0.9673759462583938
2005-08-12,0.1466169824023358
2005-08-13,1.7664668966242956
2005-08-14,0.762250359430606
2005-08-15,1.1444546493968872
2005-08-16,0.8522778857019899
2005-08-17,0.003957697596057501
2005-08-18,0.0
2005-08-19,4.000332830041324e-05
2005-08-20,0.0007884694688965626
2005-08-21,0.0
2005-08-22,0.0
2005-08-23,0.0
2005-08-24,0.0030866528548337273
2005-08-25,0.0
2005-08-26,0.0
2005-08-27,0.035372412200240747
2005-08-28,19.233932066681742
2005-08-29,0.03300244159760228
2005-08-30,0.007719520114799465
2005-08-31,0.0
2005-09-01,0.1527440085798886
2005-09-02,0.0357461152894081
2005-09-03,0.2974230590390208
2005-09-04,0.016186813277983214
2005-09-05,0.0
2005-09-06,0.0
2005-09-07,0.0
2005-09-08,0.0
2005-09-09,3.0293740454478645e-05
2005-09-10,1.3372691379468942
2005-09-11,5.293563015571857
2005-09-12,0.6071671250130197
2005-09-13,1.045554261565422
2005-09-14,0.0
2005-09-15,0.0
2005-09-16,3.187961046147868e-08
2005-09-17,0.0
2005-09-18,0.0
2005-09-19,0.0
2005-09-20,0.0
2005-09-21,0.0
2005-09-22,0.0
2005-09-23,0.0
2005-09-24,0.0
2005-09-25,0.0
2005-09-26,0.0
2005-09-27,0.0
2005-09-28,0.0
2005-09-29,0.0
2005-09-30,0.0
2005-10-01,0.0
2005-10-02,0.0
2005-10-03,1.6430563253169632
2005-10-04,0.13475230149511913
2005-10-05,0.5109146708907224
2005-10-06,0.7287969389413803
2005-10-07,7.389350797117237
2005-10-08,0.0005138286108094621
2005-10-09,0.002812295141029611
2005-10-10,26.878534498768293
2005-10-11,14.70803975027843
2005-10-12,1.9636692732085075
2005-10-13,19.5932032961265
2005-10-14,2.9823885251729694
2005-10-15,0.0
2005-10-16,0.0
2005-10-17,0.0
2005-10-18,0.0
2005-10-19,0.0
2005-10-20,0.0
2005-10-21,0.0
2005-10-22,0.1792900103565921
2005-10-23,1.1281269513646337
2005-10-24,2.105485164057138
2005-10-25,0.0
2005-10-26,0.1715345624599031
2005-10-27,10.81994063547223
2005-10-28,0.5540980673080454
2005-10-29,0.0
2005-10-30,0.1082888448752485
2005-10-31,1.2550146156992046
2005-11-01,0.04647380584276829
2005-11-02,0.000240420617413622
2005-11-03,0.0
2005-11-04,0.0046951431274633755
2005-11-05,0.0
2005-11-06,0.0
2005-11-07,0.1361421244579734
2005-11-08,0.0695368663874485
2005-11-09,0.0
2005-11-10,0.003987991336511979
2005-11-11,0.01055927511998164
2005-11-12,0.02573885764742209
2005-11-13,0.012884425258977492
2005-11-14,0.09805844069137422
2005-11-15,0.0
2005-11-16,0.0
2005-11-17,0.0
2005-11-18,0.0
2005-11-19,0.0
2005-11-20,0.007915395192115001
2005-11-21,0.0
2005-11-22,0.0
2005-11-23,0.0
2005-11-24,0.051168050603169354
2005-11-25,9.563883138443602e-08
2005-11-26,22.610713976160067
2005-11-27,0.0
2005-11-28,0.0
2005-11-29,0.0
2005-11-30,0.0
2005-12-01,0.0
2005-12-02,0.0
2005-12-03,0.0
2005-12-04,0.0
2005-12-05,0.0
2005-12-06,0.0
2005-12-07,0.09364124463436158
2005-12-08,0.04036683686096343
2005-12-09,0.0
2005-12-10,0.0
2005-12-11,0.0
2005-12-12,0.0
2005-12-13,0.0
2005-12-14,0.17889397923983213
2005-12-15,0.0
2005-12-16,0.04255554060370668
2005-12-17,0.011098881984203102
2005-12-18,0.0
2005-12-19,0.0
2005-12-20,0.0
2005-12-21,0.0
2005-12-22,0.0
2005-12-23,0.0
2005-12-24,0.0
2005-12-25,0.0
2005-12-26,0.0
2005-12-27,0.0
2005-12-28,0.0
2005-12-29,0.0
2005-12-30,0.0
2005-12-31,0.0
2006-01-01,0.0
2006-01-02,0.0
2006-01-03,0.0
2006-01-04,0.00652049671410896
2006-01-05,0.0
2006-01-06,0.0
2006-01-07,0.0
2006-01-08,0.0
2006-01-09,0.0
2006-01-10,0.0
2006-01-11,0.0
2006-01-12,0.003792116259196443
2006-01-13,0.0
2006-01-14,0.0
2006-01-15,0.1364028977854608
2006-01-16,0.8857832364637104
2006-01-17,0.0370608863060638
2006-01-18,0.148671478762167
2006-01-19,0.02868612138994324
2006-01-20,0.0
2006-01-21,0.004676654535543845
2006-01-22,0.48242069929763093
2006-01-23,0.0
2006-01-24,0.0
2006-01-25,0.0
2006-01-26,0.2217709214763713
2006-01-27,0.14335736812962616
2006-01-28,12.610472010127552
2006-01-29,0.2620904400105996
2006-01-30,1.6375229617597753
2006-01-31,0.003937188137062401
2006-02-01,0.1765478047099535
2006-02-02,0.0
2006-02-03,0.0
2006-02-04,0.0
2006-02-05,0.0
2006-02-06,0.0
2006-02-07,0.0
2006-02-08,0.030661606600088123
2006-02-09,0.045607430821177956
2006-02-10,0.3292618160658988
2006-02-11,0.0
2006-02-12,0.0
2006-02-13,0.0
2006-02-14,0.0
2006-02-15,0.0
2006-02-16,0.0
2006-02-17,3.187961046147868e-08
2006-02-18,0.14305804370277153
2006-02-19,0.0
2006-02-20,0.0
2006-02-21,0.0036674497783295364
2006-02-22,0.0
2006-02-23,0.0
2006-02-24,0.2798691098244543
2006-02-25,6.477908214255356
2006-02-26,0.0
2006-02-27,0.0
2006-02-28,0.0
2006-03-01,0.0
2006-03-02,0.0
2006-03-03,0.0
2006-03-04,0.00938930925302714
2006-03-05,0.0
2006-03-06,0.2552639717977212
2006-03-07,0.06694382827519295
2006-03-08,0.0362277496616379
2006-03-09,1.2958324160472583
2006-03-10,0.0
2006-03-11,0.0
2006-03-12,0.01694422503286516
2006-03-13,0.1424174001686421
2006-03-14,0.0
2006-03-15,0.00018913779691423786
2006-03-16,0.0
2006-03-17,0.0
2006-03-18,0.09993397209551223
2006-03-19,3.702225462020293
2006-03-20,10.171458496637854
2006-03-21,0.0
2006-03-22,0.0
2006-03-23,0.7792697193004361
2006-03-24,0.0
2006-03-25,0.0
2006-03-26,0.05086118265520113
2006-03-27,1.4296964799990872
2006-03-28,4.256004100862974
2006-03-29,0.34767324080073647
2006-03-30,0.02019051077116624
2006-03-31,0.010774416827011702
2006-04-01,0.23993219467734447
2006-04-02,0.003379361869403637
2006-04-03,0.05590389698503554
2006-04-04,0.01898075711824703
2006-04-05,0.0
2006-04-06,0.0
2006-04-07,0.0
2006-04-08,0.0
2006-04-09,0.0
2006-04-10,0.0
2006-04-11,0.0
2006-04-12,0.015686814134864994
2006-04-13,0.0
2006-04-14,0.0
2006-04-15,0.0
2006-04-16,0.0
2006-04-17,0.0
2006-04-18,0.08049303448937038
2006-04-19,0.07676596731074412
2006-04-20,18.56478104055275
2006-04-21,2.455271352167055
2006-04-22,0.0
2006-04-23,1.552069583648579
2006-04-24,0.3741957191039074
2006-04-25,0.45526238540678965
2006-04-26,0.04922606203137747
2006-04-27,0.061110086339323105
2006-04-28,0.9915913096424585
2006-04-29,9.637017557941604
2006-04-30,0.0
2006-05-01,0.0
2006-05-02,0.05314689387168322
2006-05-03,10.490707809576215
2006-05-04,7.838730824697336
2006-05-05,1.6354745666034993
2006-05-06,12.543674715621215
2006-05-07,0.7657458429342342
2006-05-08,0.007719520114799465
2006-05-09,1.0896318819868496e-05
2006-05-10,0.0
2006-05-11,0.019643903786526962
2006-05-12,0.00048416876641403043
2006-05-13,0.0
2006-05-14,7.629104127461745
2006-05-15,2.585164056513764
2006-05-16,0.0
2006-05-17,0.0
2006-05-18,0.0
2006-05-19,0.0
2006-05-20,0.0
2006-05-21,0.0
2006-05-22,0.0
2006-05-23,0.0
2006-05-24,0.0
2006-05-25,0.0
2006-05-26,0.0
2006-05-27,2.250195955956329
2006-05-28,6.182854730903587
2006-05-29,0.06957783773508791
2006-05-30,0.0
2006-05-31,0.8471754131487365
2006-06-01,3.3072972928910267
2006-06-02,0.020843826610774174
2006-06-03,0.0
2006-06-04,0.0
2006-06-05,0.0
2006-06-06,0.0
2006-06-07,0.04545545878625192
2006-06-08,0.06766836287050272
2006-06-09,0.0
2006-06-10,0.0
2006-06-11,0.0
2006-06-12,0.0
2006-06-13,0.0
2006-06-14,0.0
2006-06-15,0.06539667577996913
2006-06-16,0.1644198017147818
2006-06-17,26.351730486627066
2006-06-18,10.407829074312472
2006-06-19,1.1251313820651057
2006-06-20,1.67694578724462
2006-06-21,0.004754816884312824
2006-06-22,0.0
2006-06-23,0.003957697596057501
2006-06-24,2.0111197219734667
2006-06-25,2.076359361407266
2006-06-26,1.5087675356355392
2006-06-27,0.0
2006-06-28,0.19539392965332922
2006-06-29,2.847069568395504
2006-06-30,7.9537359815315005
2006-07-01,20.56891465987041
2006-07-02,8.092650808087853
2006-07-03,7.552719268382545
2006-07-04,3.7214202124397615
2006-07-05,0.9390710013500229
2006-07-06,0.12458359821094912
2006-07-07,0.0
2006-07-08,0.2927698289451319
2006-07-09,0.36887467523481
2006-07-10,0.0
2006-07-11,0.0
2006-07-12,0.0
2006-07-13,0.0
2006-07-14,0.0
2006-07-15,0.03901326978199397
2006-07-16,0.0
2006-07-17,0.0
2006-07-18,0.0
2006-07-19,0.0
2006-07-20,0.0032132612532698207
2006-07-21,1.6648806848339561
2006-07-22,1.31452412524846
2006-07-23,2.767308716911109
2006-07-24,0.0
2006-07-25,0.003379393749014099
2006-07-26,0.016788201055898205
2006-07-27,2.013675166972067
2006-07-28,42.1753504928702
2006-07-29,0.01202274188748193
2006-07-30,0.0
2006-07-31,0.0
2006-08-01,0.0
2006-08-02,0.0
2006-08-03,0.0038780277928712643
2006-08-04,1.1968706672531249
2006-08-05,1.7276608367851491
2006-08-06,0.39112463332243325
2006-08-07,3.7795042623980297
2006-08-08,0.9131388894388631
2006-08-09,0.1284445677021249
2006-08-10,0.0
2006-08-11,0.0
2006-08-12,0.0
2006-08-13,0.017802572666049246
2006-08-14,0.3650542076182075
2006-08-15,0.0
2006-08-16,0.0
2006-08-17,0.0
2006-08-18,0.00012466648086690673
2006-08-19,0.008599642308066171
2006-08-20,0.08717984527298583
2006-08-21,0.0
2006-08-22,0.0
2006-08-23,0.3903929509649822
2006-08-24,3.3912908077093675e-06
2006-08-25,0.007719520114799465
2006-08-26,0.0
2006-08-27,0.0533556314560016
2006-08-28,5.461239400275035
2006-08-29,4.497495204290364
2006-08-30,1.9069299722274844
2006-08-31,0.0
2006-09-01,0.0
2006-09-02,0.03175691995922062
2006-09-03,0.2753295522273658
2006-09-04,0.34414649952251
2006-09-05,25.23383453310652
2006-09-06,0.09833476651601669
2006-09-07,0.0
2006-09-08,2.9433952750960666
2006-09-09,1.1018677506991836
2006-09-10,5.1138323808820925
2006-09-11,11.47499209498324
2006-09-12,0.8804715624550988
2006-09-13,1.875518349217409
2006-09-14,0.0
2006-09-15,2.575671665675077
2006-09-16,4.2508180953719465
2006-09-17,62.3250821886449
2006-09-18,2.6523619058000114
2006-09-19,0.0
2006-09-20,0.0
2006-09-21,0.0
2006-09-22,1.6052821922749405
2006-09-23,8.54675847059547
2006-09-24,7.117837134613995
2006-09-25,0.006547924707143163
2006-09-26,0.0
2006-09-27,0.0
2006-09-28,0.0
2006-09-29,0.0
2006-09-30,0.0
2006-10-01,0.10002093240013679
2006-10-02,0.10827377192373061
2006-10-03,0.0
2006-10-04,0.003957697596057501
2006-10-05,0.0
2006-10-06,0.0
2006-10-07,3.187961046147868e-08
2006-10-08,0.00989677396754654
2006-10-09,3.3705542190970625
2006-10-10,23.032152617198793
2006-10-11,0.0
2006-10-12,0.07580107508037436
2006-10-13,0.07386253103108545
2006-10-14,1.1995076699406584
2006-10-15,5.162622470781799
2006-10-16,11.144630701374027
2006-10-17,0.0
2006-10-18,0.026034626379960252
2006-10-19,0.01520368726403881
2006-10-20,0.0
2006-10-21,0.0
2006-10-22,0.0
2006-10-23,0.0052686155205195675
2006-10-24,2.5496273085894967
2006-10-25,12.019352550047234
2006-10-26,0.0510252794019266
2006-10-27,0.0
2006-10-28,0.0
2006-10-29,0.0
2006-10-30,0.0034242976497341378
2006-10-31,0.0
2006-11-01,0.010475077814589942
2006-11-02,0.02354836858146028
2006-11-03,0.003957697596057501
2006-11-04,0.1175957809679622
2006-11-05,0.3662621163339477
2006-11-06,1.9487809867322243
2006-11-07,0.0
2006-11-08,0.0
2006-11-09,0.0
2006-11-10,0.0
2006-11-11,0.0
2006-11-12,0.0
2006-11-13,0.014196428085957263
2006-11-14,0.0
2006-11-15,0.0
2006-11-16,0.0
2006-11-17,0.0
2006-11-18,0.0
2006-11-19,0.0
2006-11-20,0.0
2006-11-21,0.0
2006-11-22,0.0
2006-11-23,0.0
2006-11-24,0.0
2006-11-25,0.0
2006-11-26,0.0
2006-11-27,0.16201803178881455
2006-11-28,0.0906724513641942
2006-11-29,0.24325874666635083
2006-11-30,0.8271017334401285
2006-12-01,0.0
2006-12-02,0.0
2006-12-03,0.0
2006-12-04,0.0
2006-12-05,0.0
2006-12-06,0.0
2006-12-07,0.020372565534737163
2006-12-08,0.07403762127500807
2006-12-09,0.010871123801082698
2006-12-10,0.3000164059593569
2006-12-11,0.010774416827011702
2006-12-12,0.0
2006-12-13,0.0
2006-12-14,0.0
2006-12-15,0.011398579357246816
2006-12-16,0.02608839168368118
2006-12-17,0.03266520836277867
2006-12-18,0.0837366334813686
2006-12-19,0.6060214420024301
2006-12-20,0.6434900363865851
2006-12-21,0.6061751826765452
2006-12-22,1.081606412557347
2006-12-23,1.4170139938658795
2006-12-24,2.690555287553188
2006-12-25,1.2412180723139616
2006-12-26,0.0
2006-12-27,0.0
2006-12-28,0.0
2006-12-29,6.3970719265410985
2006-12-30,5.1692853969607
2006-12-31,0.0
2007-01-01,0.0
2007-01-02,0.0039044991806027954
2007-01-03,14.518918577356589
2007-01-04,11.077708129303135
2007-01-05,0.0
2007-01-06,0.06851863746368289
2007-01-07,0.0
2007-01-08,0.0
2007-01-09,0.0
2007-01-10,0.0
2007-01-11,0.0
2007-01-12,0.2765078454237524
2007-01-13,3.4156936988140463
2007-01-14,3.454044443020773
2007-01-15,3.1884639412009657
2007-01-16,4.828778245438207
2007-01-17,10.949819276862225
2007-01-18,0.28024629213010316
2007-01-19,0.33649492794936064
2007-01-20,2.491595478275728
2007-01-21,0.0
2007-01-22,1.9419175691869187e-06
2007-01-23,0.4221039193860836
2007-01-24,6.35224749275123
2007-01-25,0.04280025505614738
2007-01-26,0.0
2007-01-27,0.003957697596057501
2007-01-28,0.0
2007-01-29,0.015895429059875107
2007-01-30,0.44281777212718254
2007-01-31,0.003327073472247349
2007-02-01,0.18333312805244434
2007-02-02,0.0
2007-02-03,0.0
2007-02-04,0.0
2007-02-05,0.0
2007-02-06,0.0
2007-02-07,0.0
2007-02-08,0.003957697596057501
2007-02-09,0.05574081728277553
2007-02-10,0.0002598271817585114
2007-02-11,0.03049118620429623
2007-02-12,0.5755820096236186
2007-02-13,0.0
2007-02-14,0.0
2007-02-15,0.0
2007-02-16,0.0
2007-02-17,0.0
2007-02-18,0.0
2007-02-19,0.0
2007-02-20,0.2969315813100495
2007-02-21,0.16674704302393353
2007-02-22,0.0
2007-02-23,0.11747317305704565
2007-02-24,0.0
2007-02-25,0.0
2007-02-26,0.0
2007-02-27,0.0
2007-02-28,0.01994844439719354
2007-03-01,0.0030866528548337273
2007-03-02,0.0
2007-03-03,0.0
2007-03-04,0.0
2007-03-05,0.0
2007-03-06,0.0
2007-03-07,0.0
2007-03-08,0.0
2007-03-09,0.00386346094277529
2007-03-10,0.014711151665638163
2007-03-11,2.5386850309541598
2007-03-12,23.95651912121736
2007-03-13,1.6452860627309316
2007-03-14,0.02176983487610858
2007-03-15,0.0
2007-03-16,0.0
2007-03-17,0.0
2007-03-18,0.06566470200723769
2007-03-19,1.68466535775944
2007-03-20,1.8238978035193307
2007-03-21,1.7230412964430804
2007-03-22,1.817711439685734
2007-03-23,1.3738546153732758
2007-03-24,0.7986150594394691
2007-03-25,1.701929321520113
2007-03-26,46.231489372413826
2007-03-27,0.06032422522346459
2007-03-28,0.27784958078376715
2007-03-29,8.23693123594568
2007-03-30,17.055860809792243
2007-03-31,11.076661126774766
2007-04-01,0.4245738559367306
2007-04-02,0.09020442942350652
2007-04-03,0.10041843615712821
2007-04-04,0.01654068851383755
2007-04-05,0.0
2007-04-06,0.0
2007-04-07,5.8485464761298385
2007-04-08,3.2019915400576573
2007-04-09,0.49914718744998265
2007-04-10,0.08251876795273183
2007-04-11,0.0
2007-04-12,0.0
2007-04-13,2.309428084686251
2007-04-14,1.206833749453713
2007-04-15,0.0
2007-04-16,0.0
2007-04-17,0.6241669113474178
2007-04-18,0.0
2007-04-19,0.0
2007-04-20,0.0
2007-04-21,0.019823777916326633
2007-04-22,0.3653609425497116
2007-04-23,0.3619561692678866
2007-04-24,1.3302228397844547
2007-04-25,1.0303005982471225
2007-04-26,0.0
2007-04-27,3.187961046147868e-08
2007-04-28,3.2235658023665564e-05
2007-04-29,1.0668556855716147
2007-04-30,26.959400117149357
2007-05-01,11.62543449114771
2007-05-02,9.3896252618369
2007-05-03,3.6503952811266918
2007-05-04,0.02462885651100528
2007-05-05,0.2568135316693926
2007-05-06,0.3791298640912177
2007-05-07,11.897473734022967
2007-05-08,20.209653208202738
2007-05-09,4.576145099803392
2007-05-10,9.76199780030085
2007-05-11,0.0
2007-05-12,0.024309963769046816
2007-05-13,4.2500467525950745
2007-05-14,0.012008735224529112
2007-05-15,3.3889909433776157
2007-05-16,2.185420372254218
2007-05-17,0.4081439540685361
2007-05-18,0.07388978027869705
2007-05-19,0.0
2007-05-20,0.02912073656519981
2007-05-21,1.8796174837469628
2007-05-22,2.5088072558759555
2007-05-23,0.4484587510629879
2007-05-24,16.54090709420251
2007-05-25,65.78542475748223
2007-05-26,2.391439952590996
2007-05-27,5.347095831691498
2007-05-28,0.3464878975710284
2007-05-29,0.06678202819098736
2007-05-30,0.29880397807177506
2007-05-31,0.1565583543832854
2007-06-01,0.014732114423069202
2007-06-02,0.04923653482252056
2007-06-03,3.0293740454478645e-05
2007-06-04,4.57706849694742
2007-06-05,6.075408811449581
2007-06-06,0.011873092788172501
2007-06-07,0.007915395192115001
2007-06-08,0.10459811391151459
2007-06-09,0.18129546402819804
2007-06-10,0.15636022519209894
2007-06-11,0.0
2007-06-12,0.0
2007-06-13,0.1195597587752394
2007-06-14,0.3479044908922668
2007-06-15,1.822023022040082
2007-06-16,17.85855108465365
2007-06-17,9.18305160616948
2007-06-18,0.14355799412637935
2007-06-19,0.009259862925669797
2007-06-20,10.680016883286765
2007-06-21,2.57829568006675
2007-06-22,0.7297877326362728
2007-06-23,2.1614977733179166
2007-06-24,0.3600295766615314
2007-06-25,11.749160962042772
2007-06-26,19.71466192147766
2007-06-27,21.89078783823369
2007-06-28,7.971276025224404
2007-06-29,7.328119315198529
2007-06-30,2.2209245161927136
2007-07-01,11.540722005777324
2007-07-02,13.923857448052736
2007-07-03,9.77354004111104
2007-07-04,3.5519485478587067
2007-07-05,1.2582113195185254
2007-07-06,5.170340040747211
2007-07-07,18.82548161194908
2007-07-08,16.244722822738037
2007-07-09,0.13757604948027982
2007-07-10,0.0
2007-07-11,0.008641944404701007
2007-07-12,0.008641944404701007
2007-07-13,0.0
2007-07-14,1.482957012660838
2007-07-15,0.00869642599880035
2007-07-16,0.01197562551495106
2007-07-17,8.391828830991729
2007-07-18,4.440698550406862
2007-07-19,1.4085892542063632
2007-07-20,11.11172329296103
2007-07-21,38.598319060398445
2007-07-22,3.7713805592584912
2007-07-23,1.7516845278817075
2007-07-24,14.735522508978482
2007-07-25,4.757218136573955
2007-07-26,5.222485139979864
2007-07-27,0.9787318829084585
2007-07-28,11.349760337116694
2007-07-29,8.069892005874188
2007-07-30,34.67414398535754
2007-07-31,0.3935128115091589
2007-08-01,0.6390286627156082
2007-08-02,0.8176388365552247
2007-08-03,0.9087217656338314
2007-08-04,0.1376875316779486
2007-08-05,0.00012660839843609367
2007-08-06,0.17775689934443864
2007-08-07,0.0
2007-08-08,0.10091467352600075
2007-08-09,0.003379361869403637
2007-08-10,0.0
2007-08-11,0.061677371577644705
2007-08-12,1.3705360065734775
2007-08-13,0.00836080744280754
2007-08-14,0.0
2007-08-15,0.07702084015941979
2007-08-16,17.936795534539865
2007-08-17,39.57857958762411
2007-08-18,1.7845035747874622
2007-08-19,0.2401550564939506
2007-08-20,0.9735220118430304
2007-08-21,0.050779573166667674
2007-08-22,0.636697202198264
2007-08-23,0.2488575519750452
2007-08-24,0.07445135291297138
2007-08-25,0.039704109681260154
2007-08-26,0.35006670491419545
2007-08-27,0.01013938985756718
2007-08-28,0.00784616039284602
2007-08-29,0.22311327636924977
2007-08-30,6.6746450876956525
2007-08-31,11.604899183879743
2007-09-01,11.413296918621601
2007-09-02,0.5584894625180953
2007-09-03,3.9075124541223456
2007-09-04,52.58502484522081
2007-09-05,9.99867443699462
2007-09-06,0.3571095973930183
2007-09-07,0.009066855526376191
2007-09-08,0.0
2007-09-09,0.0
2007-09-10,0.00017282979553344933
2007-09-11,0.335749686428112
2007-09-12,0.0
2007-09-13,0.0
2007-09-14,0.24924773787376972
2007-09-15,0.3761905497162901
2007-09-16,0.009899858583512599
2007-09-17,0.17434859337061775
2007-09-18,0.19112034647699466
2007-09-19,0.01651137584700924
2007-09-20,0.22870618298053427
2007-09-21,0.0039044991806027954
2007-09-22,0.0
2007-09-23,0.0
2007-09-24,0.0
2007-09-25,0.0
2007-09-26,0.0
2007-09-27,3.2621695400258384
2007-09-28,0.08616264565963401
2007-09-29,0.6173972700134109
2007-09-30,0.9473772904125838
2007-10-01,0.08438555359685734
2007-10-02,0.046103423751289056
2007-10-03,0.0
2007-10-04,0.0
2007-10-05,0.0
2007-10-06,0.0
2007-10-07,0.0
2007-10-08,0.05028201291720048
2007-10-09,0.13771234311635572
2007-10-10,3.452266617315716
2007-10-11,1.3561694260185309
2007-10-12,0.0051193652449498805
2007-10-13,0.0
2007-10-14,0.00012466648086690673
2007-10-15,0.013461817772252213
2007-10-16,0.052785943677817936
2007-10-17,0.0
2007-10-18,0.0
2007-10-19,0.0
2007-10-20,0.2263878330001475
2007-10-21,0.30118574646732155
2007-10-22,8.070649408791793
2007-10-23,0.0
2007-10-24,0.0
2007-10-25,0.0
2007-10-26,0.0
2007-10-27,0.0
2007-10-28,0.0
2007-10-29,0.0
2007-10-30,0.0
2007-10-31,0.0
2007-11-01,0.0
2007-11-02,0.0
2007-11-03,0.0
2007-11-04,0.0
2007-11-05,0.0
2007-11-06,0.0
2007-11-07,0.0
2007-11-08,0.0
2007-11-09,0.0
2007-11-10,0.197264425746768
2007-11-11,3.3912908077093675e-06
2007-11-12,0.030478420789507216
2007-11-13,0.0
2007-11-14,0.0
2007-11-15,0.0
2007-11-16,0.0
2007-11-17,0.18346977366049885
2007-11-18,0.0
2007-11-19,0.6632604083439494
2007-11-20,0.20217732970440486
2007-11-21,0.0
2007-11-22,0.0
2007-11-23,0.0029220425310120092
2007-11-24,3.1279967225826577
2007-11-25,12.533248735717162
2007-11-26,0.0
2007-11-27,0.0
2007-11-28,0.0
2007-11-29,0.014424585303961885
2007-11-30,0.8481097016136949
2007-12-01,4.741117082600097
2007-12-02,0.09094283963836708
2007-12-03,0.0
2007-12-04,0.0
2007-12-05,0.0
2007-12-06,0.003379361869403637
2007-12-07,0.034930316726662795
2007-12-08,0.2084191061752008
2007-12-09,0.4476034225248906
2007-12-10,1.1855759398149117
2007-12-11,1.0439763043689863
2007-12-12,3.1204219306703247
2007-12-13,0.12048368344146854
2007-12-14,0.23121911143396837
2007-12-15,0.5728963886118396
2007-12-16,0.0
2007-12-17,0.0
2007-12-18,0.0
2007-12-19,0.006478606946354333
2007-12-20,0.0
2007-12-21,0.0
2007-12-22,0.0
2007-12-23,0.0
2007-12-24,0.0
2007-12-25,0.0
2007-12-26,0.0
2007-12-27,0.0
2007-12-28,0.003327073472247349
2007-12-29,0.0
2007-12-30,0.0
2007-12-31,0.0
2008-01-01,0.0
2008-01-02,0.0
2008-01-03,0.0
2008-01-04,0.0
2008-01-05,0.0
2008-01-06,0.0
2008-01-07,0.20622885354936535
2008-01-08,0.6852387174910338
2008-01-09,0.0
2008-01-10,0.0
2008-01-11,0.0
2008-01-12,0.0
2008-01-13,0.0
2008-01-14,0.0
2008-01-15,0.26302904606274957
2008-01-16,0.058199497049405594
2008-01-17,0.08317244983560987
2008-01-18,0.42056780466520405
2008-01-19,0.09972914948613183
2008-01-20,0.0
2008-01-21,0.777550901172126
2008-01-22,0.10063605818123098
2008-01-23,0.6177851586045658
2008-01-24,0.6443177546603486
2008-01-25,0.10720011236439714
2008-01-26,0.0
2008-01-27,0.0021904058094168893
2008-01-28,0.044003425578138626
2008-01-29,0.04626771004812308
2008-01-30,3.417757559285248e-05
2008-01-31,0.19257742733969524
2008-02-01,0.0
2008-02-02,0.0
2008-02-03,0.00025127487930300043
2008-02-04,0.0
2008-02-05,0.15362361156361365
2008-02-06,0.0
2008-02-07,0.0
2008-02-08,0.0
2008-02-09,0.0
2008-02-10,0.0
2008-02-11,0.0864147268046974
2008-02-12,0.01613887657152166
2008-02-13,0.0
2008-02-14,0.0
2008-02-15,0.3102650287712186
2008-02-16,5.664106595157653
2008-02-17,0.3981169628663481
2008-02-18,3.32753158678641e-06
2008-02-19,0.0
2008-02-20,0.03436173139027064
2008-02-21,0.015331681276492504
2008-02-22,0.0
2008-02-23,0.0
2008-02-24,0.0
2008-02-25,0.0
2008-02-26,0.0
2008-02-27,0.0
2008-02-28,0.0
2008-02-29,0.0
2008-03-01,0.0
2008-03-02,0.11312855475832274
2008-03-03,0.21133325354052482
2008-03-04,0.008790167345621094
2008-03-05,0.0
2008-03-06,0.6741320020439576
2008-03-07,3.187961046147868e-08
2008-03-08,0.2169272100249226
2008-03-09,0.3905152384501403
2008-03-10,10.500535381536913
2008-03-11,0.8195682388938563
2008-03-12,0.0
2008-03-13,0.012571565381153412
2008-03-14,0.0
2008-03-15,0.0
2008-03-16,0.060521229683178746
2008-03-17,0.787398809139701
2008-03-18,14.662129164274392
2008-03-19,1.5736259941457953
2008-03-20,0.0
2008-03-21,0.0
2008-03-22,0.016998379305545756
2008-03-23,0.7734457847070852
2008-03-24,0.8971249694279433
2008-03-25,0.0
2008-03-26,3.187961046147868e-08
2008-03-27,6.394689210620518e-05
2008-03-28,0.05498700591149842
2008-03-29,0.6712474588345235
2008-03-30,0.47089813844628836
2008-03-31,0.5311033807271601
2008-04-01,0.019075109358344913
2008-04-02,0.0682404981919842
2008-04-03,0.20863811140569932
2008-04-04,3.6317268056341647
2008-04-05,0.0
2008-04-06,0.0
2008-04-07,0.0
2008-04-08,0.1481962993928106
2008-04-09,0.6108759198158149
2008-04-10,0.8951480819064009
2008-04-11,0.0
2008-04-12,0.0
2008-04-13,0.0
2008-04-14,0.0
2008-04-15,0.0
2008-04-16,0.0
2008-04-17,0.223485269270175
2008-04-18,9.804414609256133
2008-04-19,0.0
2008-04-20,0.09450904737823859
2008-04-21,0.12264907884436284
2008-04-22,0.008355614926359676
2008-04-23,0.134704827268546
2008-04-24,0.3257999084286594
2008-04-25,1.5628837125289987
2008-04-26,5.611787432902001
2008-04-27,0.9217656001721335
2008-04-28,0.035201418779214226
2008-04-29,0.06877605999239754
2008-04-30,0.026786783447699657
2008-05-01,0.18013607364853884
2008-05-02,3.187961046147868e-08
2008-05-03,0.0
2008-05-04,0.012307947060735215
2008-05-05,1.2169751904110446
2008-05-06,0.3109513580430041
2008-05-07,0.05397614483471108
2008-05-08,0.0
2008-05-09,0.009264642772160233
2008-05-10,3.187961046147868e-08
2008-05-11,0.0
2008-05-12,0.0
2008-05-13,0.4445476595243717
2008-05-14,31.2436716650872
2008-05-15,7.762397138126104
2008-05-16,10.021516694605532
2008-05-17,0.10999178006125222
2008-05-18,0.0989041159555489
2008-05-19,0.0
2008-05-20,0.0
2008-05-21,0.0
2008-05-22,0.019847750007797166
2008-05-23,0.0
2008-05-24,0.0
2008-05-25,0.009515949531073695
2008-05-26,0.03851857369093227
2008-05-27,0.01305679156817302
2008-05-28,0.0
2008-05-29,0.0
2008-05-30,0.0
2008-05-31,0.0
2008-06-01,0.0
2008-06-02,0.0
2008-06-03,0.0
2008-06-04,0.0
2008-06-05,0.0
2008-06-06,0.05415479667178694
2008-06-07,0.020924698383889547
2008-06-08,0.016036453744596262
2008-06-09,0.0
2008-06-10,0.0
2008-06-11,0.0
2008-06-12,0.0
2008-06-13,0.0
2008-06-14,0.0
2008-06-15,0.0
2008-06-16,0.0
2008-06-17,0.20160203592330778
2008-06-18,6.870465078969895
2008-06-19,0.0
2008-06-20,5.4666972233077304
2008-06-21,0.5657842091879014
2008-06-22,0.40090883034045954
2008-06-23,0.0
2008-06-24,3.187961046147868e-08
2008-06-25,0.0
2008-06-26,0.0
2008-06-27,0.0
2008-06-28,0.0
2008-06-29,0.0006351226082759055
2008-06-30,0.3836158154909538
2008-07-01,4.640026436251595
2008-07-02,2.1068683183236967
2008-07-03,1.393161277018564
2008-07-04,0.6126257882020401
2008-07-05,5.348437588273641
2008-07-06,5.962971242539486
2008-07-07,7.959987697090818
2008-07-08,3.5678824686976687
2008-07-09,0.3706726308972092
2008-07-10,0.03273700884050574
2008-07-11,0.0
2008-07-12,0.0
2008-07-13,0.0
2008-07-14,0.052314701304975994
2008-07-15,0.009772642162901057
2008-07-16,0.0
2008-07-17,0.0
2008-07-18,0.0
2008-07-19,0.010139357977956719
2008-07-20,3.187961046147868e-08
2008-07-21,0.0
2008-07-22,0.009264642772160233
2008-07-23,0.12003486078834726
2008-07-24,10.321320003973353
2008-07-25,2.5160049940648284
2008-07-26,0.06126400087121112
2008-07-27,0.0
2008-07-28,0.9424452909077293
2008-07-29,0.007098832440762823
2008-07-30,0.0
2008-07-31,0.09883840570393916
2008-08-01,0.021622625341938227
2008-08-02,0.0
2008-08-03,0.0
2008-08-04,0.0
2008-08-05,0.0971573561767862
2008-08-06,5.54829311036682
2008-08-07,1.3188299036103972
2008-08-08,0.0
2008-08-09,0.0
2008-08-10,0.0
2008-08-11,0.22185774408663025
2008-08-12,3.446196648457677
2008-08-13,1.1024592813175318
2008-08-14,0.0
2008-08-15,0.1882477990346706
2008-08-16,1.8593981768519725
2008-08-17,10.558208087832002
2008-08-18,21.597091647682227
2008-08-19,12.350046432641438
2008-08-20,0.06295790518055382
2008-08-21,0.08668850143970354
2008-08-22,3.674295612262993
2008-08-23,8.545102037995502
2008-08-24,3.6935541466417514
2008-08-25,2.0101936765998794
2008-08-26,0.9061539575729898
2008-08-27,0.6762952522424099
2008-08-28,5.797984571744484
2008-08-29,3.4128339472682425
2008-08-30,4.641668839585123
2008-08-31,1.0896318819868496e-05
2008-09-01,1.5064729760868751
2008-09-02,0.04453727818838187
2008-09-03,0.0
2008-09-04,0.0
2008-09-05,0.0
2008-09-06,0.0
2008-09-07,0.0
2008-09-08,0.3801216535208428
2008-09-09,9.13715664912968
2008-09-10,32.56742329080295
2008-09-11,2.6639458209973137
2008-09-12,1.6461798981945415
2008-09-13,0.0
2008-09-14,0.0055954903949412505
2008-09-15,0.37688497480010613
2008-09-16,0.45880180716551866
2008-09-17,1.6189523025756982
2008-09-18,1.4714996041909845
2008-09-19,0.0
2008-09-20,0.0
2008-09-21,0.0
2008-09-22,0.010139357977956719
2008-09-23,0.006859021327589038
2008-09-24,0.009025697346712306
2008-09-25,0.024239636277537946
2008-09-26,0.0
2008-09-27,0.0
2008-09-28,0.0
2008-09-29,0.0
2008-09-30,0.0
2008-10-01,0.0
2008-10-02,0.0
2008-10-03,0.0
2008-10-04,0.0
2008-10-05,0.2887056142767891
2008-10-06,0.7893695510802038
2008-10-07,0.02876912606246936
2008-10-08,0.0
2008-10-09,0.0
2008-10-10,0.0
2008-10-11,0.20625743063271176
2008-10-12,0.6532585646828525
2008-10-13,3.6224577705259797
2008-10-14,2.9382554982126052
2008-10-15,10.093405953505231
2008-10-16,0.1833943180936913
2008-10-17,0.0
2008-10-18,0.0
2008-10-19,0.0
2008-10-20,0.0
2008-10-21,0.0
2008-10-22,0.017176062906498858
2008-10-23,0.0
2008-10-24,0.0
2008-10-25,0.0
2008-10-26,0.00845696564620534
2008-10-27,0.004250162534634848
2008-10-28,0.0
2008-10-29,0.0
2008-10-30,0.0
2008-10-31,0.0
2008-11-01,0.0
2008-11-02,0.0
2008-11-03,0.0
2008-11-04,0.0
2008-11-05,0.0
2008-11-06,3.187961046147868e-08
2008-11-07,0.0
2008-11-08,0.0
2008-11-09,0.0
2008-11-10,0.5416924019792853
2008-11-11,0.5536386762129383
2008-11-12,0.016427233895396836
2008-11-13,0.0
2008-11-14,0.0
2008-11-15,0.0
2008-11-16,0.0
2008-11-17,0.0
2008-11-18,0.0
2008-11-19,0.0
2008-11-20,0.0
2008-11-21,0.0
2008-11-22,0.0
2008-11-23,0.032363764299242925
2008-11-24,0.014902330585870044
2008-11-25,0.0
2008-11-26,0.0043355808737965944
2008-11-27,0.04157063990556738
2008-11-28,0.03707916485716813
2008-11-29,0.033724511392331825
2008-11-30,0.0
2008-12-01,0.0
2008-12-02,0.0
2008-12-03,0.0
2008-12-04,0.0
2008-12-05,0.0
2008-12-06,0.0
2008-12-07,0.0
2008-12-08,0.09664764723996402
2008-12-09,0.12251629256897086
2008-12-10,1.0653909050185675
2008-12-11,0.0
2008-12-12,0.0
2008-12-13,0.0
2008-12-14,0.0
2008-12-15,0.0
2008-12-16,0.0001549602213213854
2008-12-17,0.24551998936328936
2008-12-18,0.6621250966390629
2008-12-19,0.051717925352770124
2008-12-20,0.0
2008-12-21,0.00014408565655877592
2008-12-22,0.00043537155568844084
2008-12-23,1.5808221731314132
2008-12-24,0.07434199832667747
2008-12-25,0.11418775365816923
2008-12-26,1.226135506582933
2008-12-27,0.6745156596756063
2008-12-28,0.03668411409063776
2008-12-29,0.047325060961565815
2008-12-30,0.0042640386090497485
2008-12-31,0.0
