,precipitation
1989-01-01,14.146143757892405
1989-01-02,0.6265092940255389
1989-01-03,0.5886045215366987
1989-01-04,0.019180562715706468
1989-01-05,0.08450918204122423
1989-01-06,5.4557678267912495
1989-01-07,0.7301303927500685
1989-01-08,3.0080643999313175
1989-01-09,0.90402441869774
1989-01-10,0.68523936398547
1989-01-11,1.61639335867883
1989-01-12,6.820559767471765
1989-01-13,7.96019369355741
1989-01-14,1.6027174154653598
1989-01-15,2.229286335875273
1989-01-16,0.30702086954305846
1989-01-17,0.0
1989-01-18,0.0
1989-01-19,0.0
1989-01-20,0.0
1989-01-21,0.0
1989-01-22,0.0
1989-01-23,0.0
1989-01-24,0.0
1989-01-25,0.0
1989-01-26,0.16518798216653435
1989-01-27,0.9324986402548778
1989-01-28,0.0
1989-01-29,0.0432540764293392
1989-01-30,0.3550912131836502
1989-01-31,0.0
1989-02-01,0.0
1989-02-02,0.09693846026242221
1989-02-03,0.4585977542558312
1989-02-04,2.5171274978936413
1989-02-05,6.407349183779895
1989-02-06,2.426739199661922
1989-02-07,4.8761264569214555
1989-02-08,0.06343649597054084
1989-02-09,0.0
1989-02-10,0.0
1989-02-11,0.0
1989-02-12,0.0
1989-02-13,0.315324487840936
1989-02-14,0.09220123176596746
1989-02-15,0.0
1989-02-16,3.2159569235605394
1989-02-17,8.553585301582583
1989-02-18,17.40973288576696
1989-02-19,0.9015382463636097
1989-02-20,0.1040504836004328
1989-02-21,10.832425256903143
1989-02-22,11.80629631231698
1989-02-23,4.798389578428588
1989-02-24,5.904696252855022
1989-02-25,0.0
1989-02-26,0.01861877071066924
1989-02-27,12.091380982114764
1989-02-28,11.827127525683702
1989-03-01,0.0
1989-03-02,0.0
1989-03-03,2.3044245968967396
1989-03-04,3.0716894682890983
1989-03-05,1.6716224600407297
1989-03-06,16.413055561268244
1989-03-07,13.577102879647814
1989-03-08,0.2265498915373959
1989-03-09,0.08021214630711183
1989-03-10,0.7704681282191552
1989-03-11,0.0
1989-03-12,0.2058198438462879
1989-03-13,4.279610035154504
1989-03-14,5.186148162671565
1989-03-15,2.2094192172313996
1989-03-16,0.7220984018581373
1989-03-17,0.0
1989-03-18,1.6967506366614813
1989-03-19,0.21847993926006615
1989-03-20,5.078988546269644
1989-03-21,8.315329071174322
1989-03-22,1.768648551100448
1989-03-23,9.303922778536913
1989-03-24,26.8653958903609
1989-03-25,0.0
1989-03-26,0.0
1989-03-27,0.0
1989-03-28,0.0
1989-03-29,0.0
1989-03-30,7.367584000445176
1989-03-31,1.844568700563085
1989-04-01,0.0
1989-04-02,0.0
1989-04-03,1.575984229089993
1989-04-04,5.731818971409469
1989-04-05,11.573633364827073
1989-04-06,0.7247780166753963
1989-04-07,16.758464322698238
1989-04-08,6.824849878125289
1989-04-09,0.08151275966429912
1989-04-10,0.43068671483632454
1989-04-11,0.8005615260442086
1989-04-12,0.0
1989-04-13,0.0
1989-04-14,0.6310102613987338
1989-04-15,12.566947554529458
1989-04-16,0.0
1989-04-17,0.0
1989-04-18,0.0
1989-04-19,0.03493262728184739
1989-04-20,0.0
1989-04-21,0.0
1989-04-22,0.0
1989-04-23,0.0
1989-04-24,0.2269325932547224
1989-04-25,4.363040938772985
1989-04-26,1.0805014637996182
1989-04-27,10.859138616423575
1989-04-28,5.462577669066096
1989-04-29,10.570442609310428
1989-04-30,1.4738813105709507
1989-05-01,34.030655035756205
1989-05-02,34.71973258954018
1989-05-03,0.0
1989-05-04,2.802713425537286
1989-05-05,25.096602165244075
1989-05-06,18.907174520713088
1989-05-07,0.8111078317780837
1989-05-08,0.0
1989-05-09,10.669836321722196
1989-05-10,3.148289257922893
1989-05-11,0.43454788570740244
1989-05-12,0.01845706752818652
1989-05-13,0.06359819915302355
1989-05-14,2.725968555962322
1989-05-15,11.542673210240991
1989-05-16,0.11691647248215126
1989-05-17,0.0
1989-05-18,0.0
1989-05-19,0.2799787292590928
1989-05-20,0.7970157429106506
1989-05-21,1.0332531801933909
1989-05-22,6.716220436105318
1989-05-23,8.663361251934289
1989-05-24,0.0
1989-05-25,0.0
1989-05-26,0.24331529701975863
1989-05-27,0.03307650383317051
1989-05-28,0.0
1989-05-29,0.0
1989-05-30,0.0
1989-05-31,0.0
1989-06-01,0.2597468979985171
1989-06-02,5.290202588576871
1989-06-03,0.1051889213405105
1989-06-04,10.306932440885262
1989-06-05,17.464844033605303
1989-06-06,9.709309328783297
1989-06-07,17.479559017535138
1989-06-08,17.83577744096142
1989-06-09,20.485956693685257
1989-06-10,0.0
1989-06-11,0.007112470030366557
1989-06-12,26.917585653932395
1989-06-13,7.140480809633666
1989-06-14,12.642213450526715
1989-06-15,10.655305215353001
1989-06-16,19.340197277250866
1989-06-17,3.1206742841982997
1989-06-18,0.0
1989-06-19,0.8711242098874229
1989-06-20,1.8948338170791834
1989-06-21,11.098352417877642
1989-06-22,3.3580619478221236
1989-06-23,1.690993612904013
1989-06-24,5.839553874202632
1989-06-25,0.0
1989-06-26,0.0
1989-06-27,0.009907834638929322
1989-06-28,0.6114917909853571
1989-06-29,0.418430937752173
1989-06-30,0.0
1989-07-01,0.0
1989-07-02,0.14778211105289438
1989-07-03,0.5520357529810014
1989-07-04,10.394657204205238
1989-07-05,36.67830032535018
1989-07-06,11.229822777319638
1989-07-07,2.8281857992441073
1989-07-08,0.04090033427846518
1989-07-09,0.14131080207485766
1989-07-10,0.0
1989-07-11,0.002966125263022512
1989-07-12,4.71776596320657
1989-07-13,29.94114795503617
1989-07-14,1.6823122916360935
1989-07-15,5.7675589436801635
1989-07-16,12.131930947477795
1989-07-17,2.1814897304868546
1989-07-18,0.03404099693165034
1989-07-19,9.215227284454432
1989-07-20,4.347378268599524
1989-07-21,0.10497839804120773
1989-07-22,0.470506341245245
1989-07-23,0.0
1989-07-24,12.373735743373363
1989-07-25,1.570489583928272
1989-07-26,6.572967206840523
1989-07-27,17.931306939318
1989-07-28,0.004943542105037521
1989-07-29,0.09367914088678235
1989-07-30,5.289221578703752
1989-07-31,11.17468115473973
1989-08-01,2.929724239977851
1989-08-02,0.4145200446056058
1989-08-03,0.0
1989-08-04,0.0
1989-08-05,0.46493488827226787
1989-08-06,1.7837124879609294
1989-08-07,0.06170810454081966
1989-08-08,0.0
1989-08-09,0.0
1989-08-10,0.0
1989-08-11,1.4295271623882773
1989-08-12,0.16171457458679755
1989-08-13,0.0
1989-08-14,3.8613458827846228
1989-08-15,3.46474184579365
1989-08-16,5.012716812741665
1989-08-17,12.335041319399881
1989-08-18,19.384888019226114
1989-08-19,0.18718258139117303
1989-08-20,0.03772265096878663
1989-08-21,4.660470968797604
1989-08-22,1.3604789240926678
1989-08-23,0.37914882724762095
1989-08-24,3.9757716304879835
1989-08-25,5.559152251007224
1989-08-26,0.9534061520037066
1989-08-27,1.2676476292710062
1989-08-28,0.018780473893151954
1989-08-29,3.7871109733907256
1989-08-30,1.9916119519402233
1989-08-31,0.0
1989-09-01,0.06857703502069334
1989-09-02,0.0
1989-09-03,0.00016170318248271825
1989-09-04,0.0012195468789419775
1989-09-05,1.0016647032127948
1989-09-06,0.019912396170530984
1989-09-07,2.032962166569037
1989-09-08,0.11746992621988392
1989-09-09,0.0
1989-09-10,0.0
1989-09-11,4.701613902494047
1989-09-12,1.0317764767721918
1989-09-13,0.750297073940519
1989-09-14,0.0
1989-09-15,31.046835566431017
1989-09-16,19.831320358114265
1989-09-17,0.08215994677638713
1989-09-18,0.0
1989-09-19,0.41991299940307525
1989-09-20,4.942165837024881
1989-09-21,8.159774459664366
1989-09-22,9.763348372136807
1989-09-23,1.7263412388597668
1989-09-24,0.0
1989-09-25,31.695383852916876
1989-09-26,16.499933953607187
1989-09-27,0.0
1989-09-28,0.0
1989-09-29,2.9568769298245994
1989-09-30,21.94372483864602
1989-10-01,45.382591258801035
1989-10-02,32.59189792894538
1989-10-03,0.05807288385430672
1989-10-04,0.000988708421007504
1989-10-05,0.0
1989-10-06,0.0
1989-10-07,0.019445775949194024
1989-10-08,0.0
1989-10-09,0.0
1989-10-10,0.0
1989-10-11,0.019445775949194024
1989-10-12,0.0
1989-10-13,0.09650432899543297
1989-10-14,0.4560159706806618
1989-10-15,0.0
1989-10-16,0.0
1989-10-17,7.26046911978305
1989-10-18,24.475280214004222
1989-10-19,16.290171668462037
1989-10-20,0.40632854607908375
1989-10-21,0.0
1989-10-22,0.0
1989-10-23,0.0
1989-10-24,0.0
1989-10-25,0.0
1989-10-26,0.0
1989-10-27,0.0
1989-10-28,0.0
1989-10-29,0.0
1989-10-30,0.0
1989-10-31,0.5259670776664473
1989-11-01,0.7412135783763433
1989-11-02,7.6405437471975794
1989-11-03,0.6390260704353624
1989-11-04,0.0
1989-11-05,0.0
1989-11-06,1.9957816156974135
1989-11-07,0.018799758881278245
1989-11-08,2.542686587218057
1989-11-09,4.540114115569618
1989-11-10,0.0
1989-11-11,0.0
1989-11-12,0.06278481473362706
1989-11-13,0.039184372068545435
1989-11-14,0.6948361989647414
1989-11-15,5.464219585762322
1989-11-16,20.543850313831292
1989-11-17,0.18177313123431624
1989-11-18,0.0
1989-11-19,0.0
1989-11-20,0.0
1989-11-21,0.0
1989-11-22,9.785708450790032
1989-11-23,12.016891928833747
1989-11-24,0.006707507834180877
1989-11-25,0.009146601592064832
1989-11-26,0.1617813785678483
1989-11-27,3.875641638513495
1989-11-28,0.037884354151269346
1989-11-29,0.0
1989-11-30,0.0
1989-12-01,0.0
1989-12-02,0.0
1989-12-03,0.0
1989-12-04,0.0
1989-12-05,0.0
1989-12-06,0.0
1989-12-07,1.458282298754981
1989-12-08,19.95578105113344
1989-12-09,2.638474745551455
1989-12-10,0.09185250068253273
1989-12-11,3.4632541697794474
1989-12-12,22.330752184624256
1989-12-13,7.356890547913608
1989-12-14,0.0
1989-12-15,0.0
1989-12-16,0.6879312845775489
1989-12-17,0.01961653660365377
1989-12-18,0.0
1989-12-19,1.7816067446593593
1989-12-20,0.0
1989-12-21,0.0
1989-12-22,0.0
1989-12-23,0.0
1989-12-24,0.0
1989-12-25,0.0
1989-12-26,0.0
1989-12-27,0.05438672517958497
1989-12-28,0.0
1989-12-29,0.0
1989-12-30,0.7756244752221227
1989-12-31,19.07321010385354
1990-01-01,6.386847646430132
1990-01-02,0.9011213056971843
1990-01-03,0.0
1990-01-04,5.216022799140994
1990-01-05,2.6356580847699003
1990-01-06,5.606938802330035
1990-01-07,4.261049442235877
1990-01-08,21.063843949331023
1990-01-09,0.019103880258117392
1990-01-10,0.4133678891931042
1990-01-11,0.0
1990-01-12,0.0
1990-01-13,0.0
1990-01-14,0.0
1990-01-15,0.13633250112877898
1990-01-16,0.0
1990-01-17,0.0
1990-01-18,1.9406606153146744
1990-01-19,0.0455680480408073
1990-01-20,1.652740475099828
1990-01-21,6.582746852635119
1990-01-22,0.0
1990-01-23,0.0
1990-01-24,3.9466609020930856
1990-01-25,18.433958293968477
1990-01-26,11.413096763461647
1990-01-27,0.0
1990-01-28,0.0
1990-01-29,7.532671700347678
1990-01-30,3.3648679750044845
1990-01-31,0.0
1990-02-01,0.0
1990-02-02,0.0017692425149382395
1990-02-03,13.433293755696406
1990-02-04,12.629186898497354
1990-02-05,0.0
1990-02-06,1.444628892569906
1990-02-07,1.8775115753886484
1990-02-08,0.0
1990-02-09,1.7161006720387084
1990-02-10,32.369377212401986
1990-02-11,0.20604590767258607
1990-02-12,4.713335238176372
1990-02-13,0.0
1990-02-14,0.0
1990-02-15,1.583745053568485
1990-02-16,19.856182248110787
1990-02-17,6.568189013497201
1990-02-18,6.158966124597401
1990-02-19,13.302069706286828
1990-02-20,0.0
1990-02-21,0.0
1990-02-22,14.664906574426457
1990-02-23,1.8392088057067157
1990-02-24,1.0013268205978496
1990-02-25,0.0
1990-02-26,0.0
1990-02-27,0.055908450393569446
1990-02-28,0.05402061417597378
1990-03-01,0.0
1990-03-02,5.976882963775323
1990-03-03,8.754258605101892
1990-03-04,0.0074383463942050395
1990-03-05,2.7890924653861187
1990-03-06,0.009907834638929322
1990-03-07,0.03720695522653043
1990-03-08,0.21402732832303542
1990-03-09,0.5976256250112849
1990-03-10,0.0
1990-03-11,0.0
1990-03-12,0.0
1990-03-13,0.0
1990-03-14,0.06203730421584162
1990-03-15,1.0114686580953411
1990-03-16,5.5020300188441915
1990-03-17,35.447710874980295
1990-03-18,0.9513169888831058
1990-03-19,7.004622579696881
1990-03-20,2.760705001897339
1990-03-21,0.2685580418855633
1990-03-22,0.0
1990-03-23,0.0
1990-03-24,0.5358133339253726
1990-03-25,1.4768550106071083
1990-03-26,0.25503459374634446
1990-03-27,0.0
1990-03-28,0.0
1990-03-29,13.288150834731915
1990-03-30,1.0117448223866634
1990-03-31,8.839652489614652
1990-04-01,6.348134293113587
1990-04-02,4.355712498874453
1990-04-03,0.4370184781716335
1990-04-04,0.055245428287290226
1990-04-05,0.0
1990-04-06,8.778524331545603
1990-04-07,7.8546388279984205
1990-04-08,0.5695393441932771
1990-04-09,1.2261577422467613
1990-04-10,5.711533502789783
1990-04-11,2.4281232824224226
1990-04-12,0.0
1990-04-13,0.0
1990-04-14,8.269175063003445
1990-04-15,16.409639642025386
1990-04-16,2.3732416488639982
1990-04-17,0.0
1990-04-18,0.019607479131676743
1990-04-19,0.0
1990-04-20,0.0
1990-04-21,10.424430726853343
1990-04-22,0.3897001812446779
1990-04-23,0.1925892981005979
1990-04-24,0.0
1990-04-25,0.0
1990-04-26,0.0
1990-04-27,0.0
1990-04-28,0.5542941318600559
1990-04-29,2.7009638431001437
1990-04-30,8.2031555258039
1990-05-01,2.891657366210703
1990-05-02,0.10598797585913436
1990-05-03,3.339678352662365
1990-05-04,6.912724706133362
1990-05-05,6.999371333142722
1990-05-06,1.3704216653808405
1990-05-07,2.15129063454775
1990-05-08,0.0
1990-05-09,2.908419614587414
1990-05-10,25.775569831026438
1990-05-11,0.0
1990-05-12,0.0006097734394709888
1990-05-13,0.4228139735866678
1990-05-14,0.0
1990-05-15,0.0
1990-05-16,0.0011235840100744644
1990-05-17,0.5638957397021819
1990-05-18,0.0
1990-05-19,0.0
1990-05-20,4.506139081728153
1990-05-21,2.0923302119452956
1990-05-22,33.72395892852425
1990-05-23,0.00016170318248271825
1990-05-24,0.0
1990-05-25,0.4668158420299216
1990-05-26,9.3558468570099
1990-05-27,14.833352936765476
1990-05-28,44.3720111968356
1990-05-29,27.307550393721453
1990-05-30,0.02349921256383963
1990-05-31,0.010249355947848815
1990-06-01,0.000988708421007504
1990-06-02,0.0
1990-06-03,0.11006448944031126
1990-06-04,0.07044625632866915
1990-06-05,0.0
1990-06-06,0.0
1990-06-07,0.0
1990-06-08,0.6371776406279541
1990-06-09,11.048397996780736
1990-06-10,5.653678833277837
1990-06-11,0.10041197613757427
1990-06-12,0.0
1990-06-13,0.0
1990-06-14,0.0
1990-06-15,2.8566193277771688
1990-06-16,0.0
1990-06-17,0.0
1990-06-18,2.447812658930092
1990-06-19,0.0
1990-06-20,0.1955081320638801
1990-06-21,2.9255505995894295
1990-06-22,4.275340701851293
1990-06-23,3.4897809461626124
1990-06-24,0.8607646894915568
1990-06-25,0.0
1990-06-26,0.0
1990-06-27,0.01845706752818652
1990-06-28,0.0
1990-06-29,0.0
1990-06-30,1.305881753020469
1990-07-01,0.4215350602043675
1990-07-02,0.0
1990-07-03,0.0
1990-07-04,0.0
1990-07-05,0.0
1990-07-06,0.0
1990-07-07,0.01845706752818652
1990-07-08,0.09117085492265577
1990-07-09,7.889273972211522
1990-07-10,10.821974386551423
1990-07-11,5.02493601433593
1990-07-12,6.034153447934881
1990-07-13,26.124463788737106
1990-07-14,40.21278500329176
1990-07-15,6.070849956773842
1990-07-16,0.00016170318248271825
1990-07-17,0.8880514709772909
1990-07-18,0.03516195544994216
1990-07-19,0.4317252650605007
1990-07-20,0.026830031336723507
1990-07-21,3.4865754478895354
1990-07-22,0.19691061290333506
1990-07-23,0.0
1990-07-24,0.0
1990-07-25,0.0
1990-07-26,0.0
1990-07-27,0.0
1990-07-28,0.03790284347738054
1990-07-29,0.0
1990-07-30,0.0
1990-07-31,0.0
1990-08-01,0.0
1990-08-02,0.0
1990-08-03,0.0
1990-08-04,0.0
1990-08-05,4.668994908856431
1990-08-06,4.694778692920056
1990-08-07,0.711012502281003
1990-08-08,0.16286387513548864
1990-08-09,1.421800887724786
1990-08-10,1.783597608979885
1990-08-11,0.5526664375586436
1990-08-12,0.06118272090077057
1990-08-13,0.35051528968391493
1990-08-14,8.649136663511376
1990-08-15,4.112754546955521
1990-08-16,26.421652694567737
1990-08-17,2.083556103941056
1990-08-18,0.0
1990-08-19,1.5165573403101094
1990-08-20,1.742439605022568
1990-08-21,0.4211640258915166
1990-08-22,6.644342280548099
1990-08-23,14.890390813395486
1990-08-24,2.766755981482819
1990-08-25,0.8577438915424704
1990-08-26,1.1587015898566249
1990-08-27,0.0
1990-08-28,0.0
1990-08-29,0.027110980512620782
1990-08-30,0.01845706752818652
1990-08-31,0.0
1990-09-01,0.0
1990-09-02,0.0
1990-09-03,0.0
1990-09-04,0.0
1990-09-05,0.0
1990-09-06,0.0
1990-09-07,0.12436759559682857
1990-09-08,0.2867181995802077
1990-09-09,6.798702708181217
1990-09-10,1.6175005148530126
1990-09-11,0.468507669092096
1990-09-12,2.8480907710079437
1990-09-13,8.484407392982945
1990-09-14,3.8097505750220932
1990-09-15,0.0
1990-09-16,0.0
1990-09-17,0.0
1990-09-18,0.01845706752818652
1990-09-19,0.43014441967350636
1990-09-20,0.04236013656973748
1990-09-21,0.35882376642570596
1990-09-22,4.949643765967964
1990-09-23,0.031479710609701235
1990-09-24,0.0800707015423392
1990-09-25,0.0
1990-09-26,0.0
1990-09-27,0.0
1990-09-28,0.01961653660365377
1990-09-29,0.0
1990-09-30,0.5610427268968362
1990-10-01,0.3252979060514312
1990-10-02,0.0
1990-10-03,0.0
1990-10-04,5.938127023878823
1990-10-05,0.22963184766588512
1990-10-06,0.07918742182093315
1990-10-07,0.0006097734394709888
1990-10-08,0.0
1990-10-09,0.0
1990-10-10,5.784872726756278
1990-10-11,101.43864650955089
1990-10-12,20.98892922601563
1990-10-13,24.278303540317985
1990-10-14,0.0
1990-10-15,0.0
1990-10-16,0.0
1990-10-17,0.0
1990-10-18,19.324875348063742
1990-10-19,0.0
1990-10-20,0.0
1990-10-21,0.0
1990-10-22,17.31867080087268
1990-10-23,81.27872429638668
1990-10-24,0.0
1990-10-25,2.3664832548759094
1990-10-26,0.21389471649488082
1990-10-27,0.0
1990-10-28,0.0
1990-10-29,0.0
1990-10-30,0.0
1990-10-31,0.0
1990-11-01,0.0
1990-11-02,0.0
1990-11-03,0.0
1990-11-04,0.0
1990-11-05,0.18321359248606572
1990-11-06,0.08218567187910553
1990-11-07,0.0
1990-11-08,0.0
1990-11-09,18.41407546030778
1990-11-10,22.020112757918255
1990-11-11,0.0
1990-11-12,0.0
1990-11-13,0.0
1990-11-14,0.0
1990-11-15,0.0
1990-11-16,0.0
1990-11-17,0.29378683747845097
1990-11-18,0.0
1990-11-19,0.0
1990-11-20,0.0
1990-11-21,0.0
1990-11-22,0.0
1990-11-23,0.8944422583518185
1990-11-24,0.0
1990-11-25,0.019018859533223752
1990-11-26,0.0
1990-11-27,0.0
1990-11-28,2.2530281062957136
1990-11-29,4.473092625390801
1990-11-30,0.0
1990-12-01,0.0
1990-12-02,0.0009702190948963095
1990-12-03,26.321145659288884
1990-12-04,23.42661687667768
1990-12-05,0.0
1990-12-06,0.0
1990-12-07,0.4516759703069704
1990-12-08,1.6106384356945265
1990-12-09,0.0
1990-12-10,0.0
1990-12-11,0.0
1990-12-12,0.0
1990-12-13,0.0
1990-12-14,0.0
1990-12-15,2.0517813689292868
1990-12-16,0.09641891015472792
1990-12-17,0.5033367491585343
1990-12-18,0.39721087878951106
1990-12-19,5.361603979349471
1990-12-20,0.5115934692959103
1990-12-21,7.57818293313804
1990-12-22,2.222848912119952
1990-12-23,18.683778739110725
1990-12-24,13.990437120585
1990-12-25,0.32697066391686047
1990-12-26,0.1614856138556432
1990-12-27,2.5548738689160553
1990-12-28,11.749393700088255
1990-12-29,0.3661103135264646
1990-12-30,1.6103630307902024
1990-12-31,1.5959259438883253
1991-01-01,0.0
1991-01-02,0.0
1991-01-03,1.0274552593723718
1991-01-04,0.32628096139580126
1991-01-05,0.0
1991-01-06,0.0
1991-01-07,15.56486234143841
1991-01-08,10.146933987588822
1991-01-09,3.0101920282203536
1991-01-10,0.0
1991-01-11,40.94954301630584
1991-01-12,3.8049516238650027
1991-01-13,0.0
1991-01-14,0.0
1991-01-15,0.0
1991-01-16,19.40473388078008
1991-01-17,0.0
1991-01-18,0.0
1991-01-19,0.019407626753143524
1991-01-20,15.409449408762018
1991-01-21,0.03205116579955157
1991-01-22,0.02012252350254263
1991-01-23,0.0
1991-01-24,0.10893515354165266
1991-01-25,0.0
1991-01-26,0.0
1991-01-27,0.0
1991-01-28,0.13437246370728456
1991-01-29,0.0
1991-01-30,3.6790672625585015
1991-01-31,0.00016170318248271825
1991-02-01,0.0
1991-02-02,0.0
1991-02-03,0.0
1991-02-04,0.0
1991-02-05,0.0
1991-02-06,6.811549131777854
1991-02-07,3.888783749235772
1991-02-08,3.765320889723016
1991-02-09,0.0
1991-02-10,0.0
1991-02-11,0.0
1991-02-12,0.0
1991-02-13,2.0496209578382802
1991-02-14,3.6045439010760805
1991-02-15,0.10586488012709515
1991-02-16,0.0
1991-02-17,0.8261766176389826
1991-02-18,7.1628840091188986
1991-02-19,8.478116554462074
1991-02-20,2.193138566830611
1991-02-21,0.28783784438327586
1991-02-22,0.1603621243404886
1991-02-23,0.0
1991-02-24,0.0
1991-02-25,0.06076939644380502
1991-02-26,8.145137771630917
1991-02-27,1.1054850901843838
1991-02-28,0.0
1991-03-01,0.0
1991-03-02,8.210606053668535
1991-03-03,31.734496914737907
1991-03-04,13.5727010883505
1991-03-05,0.0
1991-03-06,3.748433219556259
1991-03-07,0.3475411281955668
1991-03-08,0.03840533244534928
1991-03-09,0.0
1991-03-10,0.215701174229114
1991-03-11,0.0
1991-03-12,0.1349905590952991
1991-03-13,9.311754535223281
1991-03-14,4.177270491602832
1991-03-15,0.14376003350077068
1991-03-16,0.0
1991-03-17,0.46193628853492497
1991-03-18,15.86980304258606
1991-03-19,0.0
1991-03-20,0.007112470030366557
1991-03-21,0.1590507312474744
1991-03-22,2.268023220675317
1991-03-23,13.914315255836842
1991-03-24,0.45979770863843267
1991-03-25,0.5527111329462294
1991-03-26,0.22021958794673793
1991-03-27,0.29466941991009143
1991-03-28,1.7668456256234937
1991-03-29,71.52105555509905
1991-03-30,25.33649264822696
1991-03-31,0.6917349994494744
1991-04-01,0.0
1991-04-02,0.0
1991-04-03,0.0
1991-04-04,0.0
1991-04-05,3.3363341151311903
1991-04-06,0.00016170318248271825
1991-04-07,0.0
1991-04-08,0.07382827011274608
1991-04-09,2.5661797672366053
1991-04-10,1.7892025800983897
1991-04-11,0.0008085159124135913
1991-04-12,0.0
1991-04-13,8.175932134810141
1991-04-14,1.0326674447585693
1991-04-15,8.250333028028376
1991-04-16,0.21674206321254996
1991-04-17,0.03691413505637304
1991-04-18,0.0
1991-04-19,11.825395235429163
1991-04-20,3.0351539413693653
1991-04-21,8.026118697663378
1991-04-22,0.09313462238521243
1991-04-23,0.0
1991-04-24,0.0
1991-04-25,0.0
1991-04-26,0.20579417126739555
1991-04-27,1.39560503788732
1991-04-28,3.9138139371528804
1991-04-29,8.394529684110328
1991-04-30,14.287906524102477
1991-05-01,0.05192734338439042
1991-05-02,0.0
1991-05-03,0.0
1991-05-04,0.01845706752818652
1991-05-05,2.085131747790431
1991-05-06,4.512761895052771
1991-05-07,0.0
1991-05-08,0.0
1991-05-09,0.620706782626123
1991-05-10,0.0
1991-05-11,0.0
1991-05-12,0.26197957266046906
1991-05-13,0.019445775949194024
1991-05-14,0.8333796262639994
1991-05-15,0.23088559972718167
1991-05-16,0.0
1991-05-17,5.338663947039423
1991-05-18,7.263940591546014
1991-05-19,24.187544452255036
1991-05-20,26.36150726086101
1991-05-21,4.562849824770195
1991-05-22,0.0
1991-05-23,0.0
1991-05-24,0.0
1991-05-25,0.0
1991-05-26,0.4720284515240293
1991-05-27,1.2410547987703475
1991-05-28,0.9654881690591145
1991-05-29,0.0006097734394709888
1991-05-30,0.05537952453310311
1991-05-31,0.0
1991-06-01,2.55114275891002
1991-06-02,8.546961945171997
1991-06-03,0.0015984818604784928
1991-06-04,0.08220067686493651
1991-06-05,0.0
1991-06-06,0.0
1991-06-07,0.0
1991-06-08,0.0
1991-06-09,0.0
1991-06-10,0.0
1991-06-11,0.0
1991-06-12,0.4661409067184536
1991-06-13,0.0
1991-06-14,0.0
1991-06-15,0.15853186229066082
1991-06-16,8.17498624725773
1991-06-17,8.270274659154333
1991-06-18,16.99583289114321
1991-06-19,19.586221138679843
1991-06-20,0.47097481408065756
1991-06-21,0.28967527749428135
1991-06-22,12.039912342923603
1991-06-23,4.049002250831497
1991-06-24,0.0
1991-06-25,0.0
1991-06-26,0.0
1991-06-27,0.0
1991-06-28,0.0
1991-06-29,0.03597663292878834
1991-06-30,0.6198994021816948
1991-07-01,0.0
1991-07-02,4.900618454928393
1991-07-03,4.071568276915498
1991-07-04,7.411826651957355
1991-07-05,7.238714045513818
1991-07-06,0.0
1991-07-07,0.0
1991-07-08,0.11373742638104853
1991-07-09,0.015013208328017388
1991-07-10,0.37373493611933084
1991-07-11,5.149716984225401
1991-07-12,17.950122074459404
1991-07-13,3.6683702524770734
1991-07-14,0.24067941931006787
1991-07-15,0.0
1991-07-16,0.0
1991-07-17,1.1198085549396148
1991-07-18,0.7319820839812831
1991-07-19,5.009972997460273
1991-07-20,5.802031362284943
1991-07-21,0.22004803383874208
1991-07-22,0.0
1991-07-23,0.0
1991-07-24,1.338857843869636
1991-07-25,1.4485932520333824
1991-07-26,11.510035403869999
1991-07-27,2.730556004874325
1991-07-28,2.70950138536092
1991-07-29,5.749722938676478
1991-07-30,14.558024660416544
1991-07-31,0.239994006994277
1991-08-01,0.5650277104661674
1991-08-02,0.21806067064693413
1991-08-03,0.0
1991-08-04,1.6841858145614779
1991-08-05,0.0028180287394204704
1991-08-06,0.13567782470469758
1991-08-07,4.042251088003195
1991-08-08,0.353417678023556
1991-08-09,1.87028503049343
1991-08-10,0.35951845531257687
1991-08-11,0.0
1991-08-12,0.7036173397354043
1991-08-13,0.0
1991-08-14,10.569851798940793
1991-08-15,1.2475279637201475
1991-08-16,0.0
1991-08-17,0.0
1991-08-18,0.0
1991-08-19,0.0015984818604784928
1991-08-20,1.7263403334133618
1991-08-21,0.0
1991-08-22,0.0
1991-08-23,0.0
1991-08-24,0.0
1991-08-25,0.39121720045975766
1991-08-26,0.7870964123691296
1991-08-27,19.26448110475609
1991-08-28,2.567999889060166
1991-08-29,0.44023478996726806
1991-08-30,0.0
1991-08-31,0.013415015668361754
1991-09-01,0.006707507834180877
1991-09-02,0.0
1991-09-03,0.0
1991-09-04,0.055396587441610474
1991-09-05,5.738333775241918
1991-09-06,3.2829053535070836
1991-09-07,0.428499207816709
1991-09-08,0.0
1991-09-09,0.0
1991-09-10,0.018627828182646265
1991-09-11,0.0
1991-09-12,0.0
1991-09-13,0.07890260314002465
1991-09-14,0.08060768318466226
1991-09-15,0.0
1991-09-16,0.0
1991-09-17,0.09828424746767202
1991-09-18,0.08096612500016355
1991-09-19,5.282270446367586
1991-09-20,3.4187599396434116
1991-09-21,0.0
1991-09-22,0.0
1991-09-23,0.038643718085421074
1991-09-24,2.6967164788864766
1991-09-25,9.321748075905115
1991-09-26,0.9973343710504546
1991-09-27,0.0
1991-09-28,0.0
1991-09-29,0.0
1991-09-30,0.0
1991-10-01,0.0
1991-10-02,1.292506867973519
1991-10-03,2.538901707414125
1991-10-04,0.004178754786055968
1991-10-05,2.4735046682104502
1991-10-06,1.897649062925226
1991-10-07,0.17549863980494765
1991-10-08,0.0
1991-10-09,0.0
1991-10-10,0.0
1991-10-11,0.0
1991-10-12,0.016764148907785353
1991-10-13,0.09770947271405729
1991-10-14,0.0001707606544597465
1991-10-15,1.3014657276663735
1991-10-16,0.947096232554171
1991-10-17,2.942672150758673
1991-10-18,0.0
1991-10-19,0.0
1991-10-20,0.0
1991-10-21,0.0
1991-10-22,0.0
1991-10-23,0.0
1991-10-24,0.0
1991-10-25,0.0
1991-10-26,0.0
1991-10-27,0.0
1991-10-28,0.0
1991-10-29,0.0
1991-10-30,0.0
1991-10-31,0.0
1991-11-01,0.07016826553528745
1991-11-02,0.060752017023284435
1991-11-03,0.0
1991-11-04,0.0
1991-11-05,0.0
1991-11-06,0.0
1991-11-07,0.0
1991-11-08,0.944553948614983
1991-11-09,2.8309623381182485
1991-11-10,31.196075209328875
1991-11-11,0.5069199724664571
1991-11-12,0.2619806558944288
1991-11-13,0.0
1991-11-14,0.0
1991-11-15,0.0
1991-11-16,0.0
1991-11-17,0.0
1991-11-18,0.0
1991-11-19,0.0
1991-11-20,0.0
1991-11-21,2.3667182453742686
1991-11-22,7.884099959215401
1991-11-23,0.0
1991-11-24,0.0
1991-11-25,0.0
1991-11-26,0.0
1991-11-27,0.0
1991-11-28,0.0
1991-11-29,0.0
1991-11-30,0.1307417877307586
1991-12-01,25.04682622948152
1991-12-02,3.2691454427533753
1991-12-03,21.118748542696668
1991-12-04,0.4704027515990586
1991-12-05,0.0
1991-12-06,0.0
1991-12-07,0.0
1991-12-08,0.0
1991-12-09,4.957037410578987
1991-12-10,4.532840164843538
1991-12-11,0.0
1991-12-12,0.0
1991-12-13,0.0
1991-12-14,4.880563391255208
1991-12-15,0.0
1991-12-16,0.0
1991-12-17,0.0
1991-12-18,0.0
1991-12-19,0.0
1991-12-20,0.0
1991-12-21,0.0
1991-12-22,0.0
1991-12-23,3.7950645117041777
1991-12-24,0.6069108117276016
1991-12-25,0.0
1991-12-26,0.0
1991-12-27,0.1565662784091004
1991-12-28,19.10691177318543
1991-12-29,15.356210979682904
1991-12-30,0.0
1991-12-31,0.0
1992-01-01,0.0
1992-01-02,0.0
1992-01-03,41.307471130441314
1992-01-04,35.564280143197465
1992-01-05,2.941966468423163
1992-01-06,1.8723067322357396
1992-01-07,0.0
1992-01-08,0.0
1992-01-09,0.9796814797634813
1992-01-10,0.3970154278296518
1992-01-11,0.0
1992-01-12,0.08190685198673729
1992-01-13,1.1553335223075571
1992-01-14,1.761919211911863
1992-01-15,0.0
1992-01-16,0.0
1992-01-17,0.0
1992-01-18,0.0
1992-01-19,0.0
1992-01-20,0.0
1992-01-21,0.0
1992-01-22,0.0
1992-01-23,18.1522977279967
1992-01-24,1.9188615867474574
1992-01-25,0.05401684767002548
1992-01-26,0.0
1992-01-27,0.0
1992-01-28,0.48505980057960313
1992-01-29,0.0
1992-01-30,0.0
1992-01-31,0.018465389476730067
1992-02-01,0.0
1992-02-02,0.0
1992-02-03,0.0
1992-02-04,0.0
1992-02-05,0.0
1992-02-06,0.0
1992-02-07,0.0
1992-02-08,0.020178328608691003
1992-02-09,0.0
1992-02-10,0.0
1992-02-11,0.03862633866490049
1992-02-12,0.0
1992-02-13,0.8303538629446414
1992-02-14,0.06605758094821809
1992-02-15,20.91933828285937
1992-02-16,1.3740741041489906
1992-02-17,3.1050600872006027
1992-02-18,3.507945669492832
1992-02-19,2.265843863602705
1992-02-20,0.0
1992-02-21,0.0
1992-02-22,0.0
1992-02-23,7.237478984839471
1992-02-24,3.7865631255621155
1992-02-25,13.668933876390447
1992-02-26,15.744204955947705
1992-02-27,0.0
1992-02-28,0.0
1992-02-29,0.0
1992-03-01,0.0
1992-03-02,0.0
1992-03-03,0.04563340889576164
1992-03-04,0.0
1992-03-05,0.0
1992-03-06,8.446195792251526
1992-03-07,11.279654084377114
1992-03-08,0.5886472067087515
1992-03-09,0.2754069190564653
1992-03-10,10.038843909910172
1992-03-11,4.113479166828452
1992-03-12,0.0
1992-03-13,0.0
1992-03-14,0.0
1992-03-15,0.01845706752818652
1992-03-16,0.0
1992-03-17,0.0
1992-03-18,2.0410527209973424
1992-03-19,4.713827613839531
1992-03-20,0.03691413505637304
1992-03-21,0.0
1992-03-22,0.4401969424634374
1992-03-23,0.7913957903800792
1992-03-24,0.0
1992-03-25,0.5469139177192566
1992-03-26,18.420224043662017
1992-03-27,0.08265294375164009
1992-03-28,0.0
1992-03-29,0.0
1992-03-30,0.03780839089835274
1992-03-31,0.457282755985759
1992-04-01,0.0
1992-04-02,0.03808192608038384
1992-04-03,0.0
1992-04-04,5.435697293901956
1992-04-05,0.035773950969032076
1992-04-06,0.0
1992-04-07,0.3385219393923165
1992-04-08,0.0009702190948963095
1992-04-09,0.0
1992-04-10,0.8964724358167652
1992-04-11,0.11383473019638518
1992-04-12,1.0562400694123515
1992-04-13,0.05003632052148735
1992-04-14,0.24002072271474142
1992-04-15,0.018726277459085897
1992-04-16,0.8463099084459139
1992-04-17,6.536341261483385
1992-04-18,1.5394034018992666
1992-04-19,0.04781911125827276
1992-04-20,6.817118823473851
1992-04-21,71.87822758206363
1992-04-22,9.075586126489496
1992-04-23,0.0
1992-04-24,2.166973328600451
1992-04-25,1.3052068046080239
1992-04-26,0.7509019602358429
1992-04-27,0.38438367058892947
1992-04-28,1.2766857093235568
1992-04-29,0.10089772755295791
1992-04-30,1.086478027776295
1992-05-01,0.015174911510500107
1992-05-02,0.0
1992-05-03,0.0
1992-05-04,0.0
1992-05-05,8.913795200027433
1992-05-06,8.185592906475213
1992-05-07,3.899529781354954
1992-05-08,11.996786288613423
1992-05-09,2.432215501486987
1992-05-10,0.015336614692982824
1992-05-11,0.048752694115120676
1992-05-12,0.0
1992-05-13,0.08170890517580978
1992-05-14,4.2912975928802375
1992-05-15,22.55153502252192
1992-05-16,0.3417660717974611
1992-05-17,2.588347108281244
1992-05-18,8.62804945098529
1992-05-19,6.464503195445887
1992-05-20,0.0001707606544597465
1992-05-21,0.0
1992-05-22,0.0
1992-05-23,0.0
1992-05-24,0.11404117287607465
1992-05-25,0.8186470870947316
1992-05-26,6.544625349611997
1992-05-27,0.8537156592791929
1992-05-28,9.2838206792379
1992-05-29,6.746135961174128
1992-05-30,9.233602001448723
1992-05-31,1.5680284074590976
1992-06-01,0.01986023442514293
1992-06-02,0.0
1992-06-03,0.007930417796914314
1992-06-04,26.005262718942944
1992-06-05,5.345690205415108
1992-06-06,0.0
1992-06-07,0.05293155926516723
1992-06-08,2.817483690704068
1992-06-09,18.208599468505202
1992-06-10,0.010136788424866951
1992-06-11,0.6352772663355272
1992-06-12,0.00016170318248271825
1992-06-13,0.16212304490688328
1992-06-14,1.6304603426364082
1992-06-15,5.714155689868426
1992-06-16,0.8662098659631405
1992-06-17,0.0
1992-06-18,0.2220442441274157
1992-06-19,1.442168195210761
1992-06-20,0.0
1992-06-21,4.874977825651821
1992-06-22,0.00694170937590681
1992-06-23,0.000988708421007504
1992-06-24,0.13794895084451383
1992-06-25,0.36333382646663803
1992-06-26,5.0170801575676665
1992-06-27,2.9065575099081045
1992-06-28,0.1149400749181435
1992-06-29,0.11268233442941945
1992-06-30,0.00016170318248271825
1992-07-01,4.445314625944579
1992-07-02,2.170819752138249
1992-07-03,2.04630047631597
1992-07-04,0.16353559295289524
1992-07-05,0.38023627097807267
1992-07-06,9.806436819767297
1992-07-07,0.0
1992-07-08,0.0
1992-07-09,0.0
1992-07-10,0.00016170318248271825
1992-07-11,0.020169271136713973
1992-07-12,0.0
1992-07-13,0.0
1992-07-14,0.0
1992-07-15,9.989378364157153
1992-07-16,1.3562691987665085
1992-07-17,0.5556786539579779
1992-07-18,4.0846226627053115
1992-07-19,0.0
1992-07-20,0.0
1992-07-21,0.01861877071066924
1992-07-22,6.394218670350381
1992-07-23,12.265221657975477
1992-07-24,16.05710448527559
1992-07-25,1.58064698304823
1992-07-26,4.518820321609405
1992-07-27,6.4472839139350615
1992-07-28,5.201417843942645
1992-07-29,0.0
1992-07-30,0.000341521308919493
1992-07-31,10.003235201216194
1992-08-01,0.046223918242715205
1992-08-02,0.273302742995512
1992-08-03,0.6021517484590968
1992-08-04,0.24207726081470546
1992-08-05,3.003820955348139
1992-08-06,3.2430868376333204
1992-08-07,0.00016170318248271825
1992-08-08,0.05599426451204049
1992-08-09,0.0974438912341868
1992-08-10,0.0
1992-08-11,0.1236187499385753
1992-08-12,3.4244167679870325
1992-08-13,31.18589730594053
1992-08-14,16.243392241157125
1992-08-15,5.431215392947419
1992-08-16,0.15010674246279215
1992-08-17,1.982680550336552
1992-08-18,0.3887745402081738
1992-08-19,0.0
1992-08-20,0.11083463743730981
1992-08-21,0.0017692425149382395
1992-08-22,0.09893648331261855
1992-08-23,0.0
1992-08-24,0.0
1992-08-25,0.0
1992-08-26,7.704643188317401
1992-08-27,5.823664849153324
1992-08-28,12.611728151949855
1992-08-29,0.0
1992-08-30,0.11364848414695976
1992-08-31,0.274591305172536
1992-09-01,0.0
1992-09-02,0.002439093757883955
1992-09-03,1.8103292596629075
1992-09-04,0.4749461848253546
1992-09-05,32.43508064846534
1992-09-06,4.698869027112761
1992-09-07,0.26923871570483104
1992-09-08,0.4844182347960181
1992-09-09,0.046156667639260296
1992-09-10,2.113481474848882
1992-09-11,1.0314446291008865
1992-09-12,0.0
1992-09-13,0.0
1992-09-14,0.0
1992-09-15,0.0
1992-09-16,0.0
1992-09-17,0.0
1992-09-18,0.06426050155497443
1992-09-19,4.086077270713968
1992-09-20,3.3894465983411997
1992-09-21,0.5185648114932284
1992-09-22,0.25235740385899824
1992-09-23,1.1159701689962
1992-09-24,0.0
1992-09-25,8.016526787492314
1992-09-26,0.7730486226221976
1992-09-27,4.487445040507464
1992-09-28,7.945538454610267
1992-09-29,2.655347660480376
1992-09-30,0.030636190095505764
1992-10-01,0.0
1992-10-02,0.0
1992-10-03,0.0
1992-10-04,21.357564572802097
1992-10-05,9.476157629484423
1992-10-06,0.0
1992-10-07,0.0
1992-10-08,1.3670086253550227
1992-10-09,11.92210701015347
1992-10-10,0.1136281233197807
1992-10-11,1.821018508249798
1992-10-12,0.0
1992-10-13,0.0
1992-10-14,0.0
1992-10-15,0.0
1992-10-16,0.1429043329951263
1992-10-17,0.03747592706141027
1992-10-18,0.0
1992-10-19,0.0
1992-10-20,0.0
1992-10-21,0.0
1992-10-22,0.0
1992-10-23,0.0
1992-10-24,0.32054154523170747
1992-10-25,0.07396431574598526
1992-10-26,0.0
1992-10-27,0.0
1992-10-28,0.993941782119647
1992-10-29,0.0
1992-10-30,2.230006329484385
1992-10-31,19.58006398161046
1992-11-01,0.9932150495017962
1992-11-02,18.46875895672636
1992-11-03,11.277891502315017
1992-11-04,16.332925392821693
1992-11-05,4.762344522104065
1992-11-06,0.5045697409977213
1992-11-07,0.0
1992-11-08,0.0006097734394709888
1992-11-09,0.0
1992-11-10,0.0
1992-11-11,0.0
1992-11-12,28.329604286159928
1992-11-13,6.8468709509071735
1992-11-14,0.0018293203184129663
1992-11-15,0.0006097734394709888
1992-11-16,0.0
1992-11-17,0.0
1992-11-18,0.0
1992-11-19,0.0
1992-11-20,0.2280152158055961
1992-11-21,7.2783798407586735
1992-11-22,6.204299794368198
1992-11-23,8.285057114605475
1992-11-24,3.5166467058226796
1992-11-25,6.590416607324803
1992-11-26,12.480607201084693
1992-11-27,0.00016170318248271825
1992-11-28,0.2649553915473408
1992-11-29,0.0
1992-11-30,0.0
1992-12-01,0.20302898040769882
1992-12-02,0.121113983420551
1992-12-03,0.0
1992-12-04,0.05658106357432528
1992-12-05,0.0
1992-12-06,0.00016170318248271825
1992-12-07,0.037246598893315504
1992-12-08,0.0
1992-12-09,0.0
1992-12-10,36.052824148120905
1992-12-11,0.29129684400599853
1992-12-12,0.0003234063649654365
1992-12-13,0.0
1992-12-14,0.0
1992-12-15,0.02712835993314136
1992-12-16,4.366698138632097
1992-12-17,12.739767406117855
1992-12-18,0.0
1992-12-19,0.0001707606544597465
1992-12-20,6.572144773823038
1992-12-21,0.14402982344220772
1992-12-22,0.3566064760783353
1992-12-23,1.5238602025843522
1992-12-24,0.237198468225661
1992-12-25,0.001614997136149179
1992-12-26,0.0
1992-12-27,1.2262957413546118
1992-12-28,11.171684885657228
1992-12-29,2.024905650278133
1992-12-30,0.0
1992-12-31,0.0
1993-01-01,0.0
1993-01-02,0.0
1993-01-03,0.0
1993-01-04,2.6025249048104664
1993-01-05,27.891993958993975
1993-01-06,0.0
1993-01-07,2.4827915984259916
1993-01-08,25.82985430832574
1993-01-09,22.75143419557702
1993-01-10,2.9981721353190665
1993-01-11,4.151674088666885
1993-01-12,3.6791271503528384
1993-01-13,2.4880374580502136
1993-01-14,0.0
1993-01-15,0.0
1993-01-16,0.3356329809432992
1993-01-17,0.09137827998576238
1993-01-18,0.0
1993-01-19,1.0711203498898638
1993-01-20,0.00694170937590681
1993-01-21,19.264240196623298
1993-01-22,3.019618986566326
1993-01-23,0.0
1993-01-24,8.835078736929843
1993-01-25,0.32143998686086994
1993-01-26,0.10321893685971179
1993-01-27,0.0
1993-01-28,0.0
1993-01-29,0.0
1993-01-30,0.0
1993-01-31,0.0
1993-02-01,0.0
1993-02-02,0.0
1993-02-03,0.0
1993-02-04,0.0
1993-02-05,0.0
1993-02-06,0.0
1993-02-07,0.0
1993-02-08,0.0
1993-02-09,0.0
1993-02-10,0.0
1993-02-11,0.7943836244019391
1993-02-12,24.22468018470381
1993-02-13,0.3269903140035376
1993-02-14,0.019588989805565546
1993-02-15,0.36289212962018197
1993-02-16,11.940753543903298
1993-02-17,0.00016170318248271825
1993-02-18,0.0
1993-02-19,0.0
1993-02-20,0.07933133403633386
1993-02-21,23.751246126812923
1993-02-22,0.2656306956248339
1993-02-23,0.0
1993-02-24,0.0
1993-02-25,1.676019674819963
1993-02-26,9.71440646921276
1993-02-27,0.3792719842774434
1993-02-28,0.27883181261856677
1993-03-01,0.0
1993-03-02,0.0
1993-03-03,8.876279692415768
1993-03-04,69.11819865471314
1993-03-05,0.5801587775330234
1993-03-06,0.0
1993-03-07,0.0
1993-03-08,0.1213507056662286
1993-03-09,0.0
1993-03-10,0.10156340840811509
1993-03-11,0.0
1993-03-12,3.0550858888845784
1993-03-13,48.04320082262607
1993-03-14,0.5568018970728322
1993-03-15,0.0
1993-03-16,0.0
1993-03-17,15.157153369290405
1993-03-18,0.0
1993-03-19,0.0
1993-03-20,0.0
1993-03-21,0.7146779859849014
1993-03-22,1.1540921217495865
1993-03-23,19.013968875716262
1993-03-24,10.041502988421108
1993-03-25,4.988588753644294
1993-03-26,2.75761010420191
1993-03-27,28.68549815096482
1993-03-28,4.4691022284797235
1993-03-29,0.0835464640701863
1993-03-30,0.0
1993-03-31,7.248283878669669
1993-04-01,9.265649867121123
1993-04-02,0.0
1993-04-03,0.0
1993-04-04,0.0
1993-04-05,19.900139783556874
1993-04-06,8.713169333517511
1993-04-07,0.0
1993-04-08,0.0
1993-04-09,9.256054928745632
1993-04-10,19.599597768345248
1993-04-11,0.0
1993-04-12,0.0
1993-04-13,0.0
1993-04-14,0.0
1993-04-15,0.8799797875022641
1993-04-16,40.178424795295776
1993-04-17,0.0
1993-04-18,0.0
1993-04-19,0.0
1993-04-20,0.00694170937590681
1993-04-21,10.083960329824352
1993-04-22,0.982095671281928
1993-04-23,0.0
1993-04-24,0.0
1993-04-25,0.0
1993-04-26,18.136573175222757
1993-04-27,0.0
1993-04-28,0.0
1993-04-29,0.0
1993-04-30,0.019018859533223752
1993-05-01,0.0
1993-05-02,0.0
1993-05-03,0.0011298875887010241
1993-05-04,6.859954057146763
1993-05-05,9.084774444960493
1993-05-06,0.9243674721078774
1993-05-07,0.0
1993-05-08,0.06654532373211501
1993-05-09,3.403983087812968
1993-05-10,0.17425763943136383
1993-05-11,2.6576850958419915
1993-05-12,6.265947549042917
1993-05-13,5.560892474238198
1993-05-14,10.648021270679909
1993-05-15,0.0
1993-05-16,0.0
1993-05-17,0.8459722456295901
1993-05-18,8.12811886877617
1993-05-19,8.084334851365494
1993-05-20,0.0
1993-05-21,0.0
1993-05-22,0.0
1993-05-23,0.0
1993-05-24,0.0
1993-05-25,1.4230351296929895
1993-05-26,3.557524808462423
1993-05-27,0.0
1993-05-28,0.0
1993-05-29,0.18340941471022945
1993-05-30,0.12751980467101254
1993-05-31,4.876802426650504
1993-06-01,0.8329208361899173
1993-06-02,0.0
1993-06-03,15.743536377678042
1993-06-04,14.209384706679359
1993-06-05,2.5391651509564266
1993-06-06,0.0
1993-06-07,0.12457954434440276
1993-06-08,0.24436619840749477
1993-06-09,0.14720684285911964
1993-06-10,0.0
1993-06-11,0.020169271136713973
1993-06-12,0.10845260514030303
1993-06-13,15.202852395124753
1993-06-14,0.0
1993-06-15,0.05384608701556574
1993-06-16,0.0
1993-06-17,0.0
1993-06-18,0.0
1993-06-19,0.0
1993-06-20,0.0
1993-06-21,0.39126961383184644
1993-06-22,0.0013302297299269971
1993-06-23,0.0
1993-06-24,0.0
1993-06-25,0.0
1993-06-26,1.360912259367869
1993-06-27,2.1002882820476336
1993-06-28,0.0
1993-06-29,3.143376503473914
1993-06-30,1.7157827786068995
1993-07-01,1.1517604608110354
1993-07-02,45.4119976742716
1993-07-03,17.79053803849725
1993-07-04,2.328956761210512
1993-07-05,12.193426242993526
1993-07-06,0.11794445329564626
1993-07-07,0.03476186662738765
1993-07-08,0.0
1993-07-09,0.14720770223725244
1993-07-10,0.11373742638104853
1993-07-11,1.7139128410222346
1993-07-12,1.487914985159214
1993-07-13,0.38162326885088954
1993-07-14,0.11825965329246611
1993-07-15,7.732536233849579
1993-07-16,0.6378282214427459
1993-07-17,0.0
1993-07-18,0.04615818250594785
1993-07-19,18.674034463745958
1993-07-20,4.464289112817949
1993-07-21,0.0
1993-07-22,0.0
1993-07-23,0.00016170318248271825
1993-07-24,0.5934299405949308
1993-07-25,1.4349067741053354
1993-07-26,4.015480125065139
1993-07-27,3.8591676624791016
1993-07-28,0.0
1993-07-29,0.0
1993-07-30,0.0
1993-07-31,0.30322783991204005
1993-08-01,0.0
1993-08-02,0.0
1993-08-03,0.119569934890984
1993-08-04,4.339263483049573
1993-08-05,1.90542785114181
1993-08-06,23.41891627539253
1993-08-07,0.34733938003269
1993-08-08,0.0
1993-08-09,0.0
1993-08-10,0.0
1993-08-11,0.27132226930879383
1993-08-12,0.019180562715706468
1993-08-13,13.782281575412838
1993-08-14,0.00016170318248271825
1993-08-15,0.0
1993-08-16,0.0
1993-08-17,0.13589726276426517
1993-08-18,0.09880436161690205
1993-08-19,0.0
1993-08-20,1.0951110985251038
1993-08-21,2.456801760275047
1993-08-22,0.03411551215184979
1993-08-23,0.0
1993-08-24,0.0
1993-08-25,1.4246422963820904
1993-08-26,4.09271136996579
1993-08-27,0.5536023636916405
1993-08-28,0.0003234063649654365
1993-08-29,0.0
1993-08-30,0.0
1993-08-31,0.0
1993-09-01,3.7492699758191
1993-09-02,1.1939861401635667
1993-09-03,0.09645516907264262
1993-09-04,12.86215119734186
1993-09-05,1.435002180047767
1993-09-06,0.07015088611476687
1993-09-07,0.6815925799827942
1993-09-08,4.840096803868458
1993-09-09,1.7779475297980107
1993-09-10,0.12042687360385565
1993-09-11,0.0
1993-09-12,0.0
1993-09-13,0.0
1993-09-14,0.0012195468789419775
1993-09-15,0.0
1993-09-16,16.77345173798033
1993-09-17,13.770767836215558
1993-09-18,6.600888982905533
1993-09-19,0.0
1993-09-20,0.848587988086745
1993-09-21,6.333243732865913
1993-09-22,0.0
1993-09-23,0.09243427648441573
1993-09-24,0.04054670285996804
1993-09-25,7.713634508714059
1993-09-26,0.8470058493704868
1993-09-27,3.479276161732365
1993-09-28,0.0
1993-09-29,0.0
1993-09-30,0.0
1993-10-01,0.0
1993-10-02,0.0
1993-10-03,0.0
1993-10-04,0.0
1993-10-05,0.0
1993-10-06,0.03476186662738765
1993-10-07,0.03691413505637304
1993-10-08,0.10010855566800929
1993-10-09,0.8395441807386725
1993-10-10,1.1301384647787358
1993-10-11,1.6892550165325952
1993-10-12,4.605630077499346
1993-10-13,0.0012195468789419775
1993-10-14,0.31337777962940566
1993-10-15,0.0
1993-10-16,0.725954214829285
1993-10-17,1.376503726070277
1993-10-18,0.19178831593957163
1993-10-19,1.1095182854095917
1993-10-20,0.14933316415830017
1993-10-21,7.58597645357831
1993-10-22,0.4318498714321387
1993-10-23,0.0
1993-10-24,0.0
1993-10-25,0.0
1993-10-26,0.3314192902281654
1993-10-27,0.2884283091009663
1993-10-28,0.566586722640038
1993-10-29,0.0
1993-10-30,21.764013463318083
1993-10-31,3.230553029543482
1993-11-01,0.0
1993-11-02,0.0
1993-11-03,0.07153968335832889
1993-11-04,0.0
1993-11-05,5.285333826309786
1993-11-06,4.165001741643303
1993-11-07,0.0
1993-11-08,0.0
1993-11-09,0.11339876225434284
1993-11-10,0.08680501880244806
1993-11-11,0.0
1993-11-12,0.0
1993-11-13,1.0558221789000997
1993-11-14,0.07814204834603676
1993-11-15,0.014054179406273366
1993-11-16,0.0
1993-11-17,2.9884415613979014
1993-11-18,1.1742901996866055
1993-11-19,0.34401490245252725
1993-11-20,0.17110597005548117
1993-11-21,0.0
1993-11-22,0.0
1993-11-23,0.0
1993-11-24,0.0
1993-11-25,0.0
1993-11-26,0.01630479909920113
1993-11-27,42.53215229750856
1993-11-28,19.470725858830043
1993-11-29,0.0
1993-11-30,0.0
1993-12-01,0.0
1993-12-02,0.0
1993-12-03,0.0
1993-12-04,17.3593953943366
1993-12-05,26.28836905415078
1993-12-06,0.0
1993-12-07,0.0
1993-12-08,0.01630479909920113
1993-12-09,0.0
1993-12-10,2.141126040453084
1993-12-11,0.019180562715706468
1993-12-12,0.0
1993-12-13,0.0
1993-12-14,0.9199819403423694
1993-12-15,24.962954457396066
1993-12-16,0.2697633376394786
1993-12-17,0.0
1993-12-18,3.186415933563553
1993-12-19,0.8489632996337977
1993-12-20,12.098595203337489
1993-12-21,13.946159176619286
1993-12-22,0.018465389476730067
1993-12-23,1.110757468115032
1993-12-24,0.0
1993-12-25,0.10013216380871261
1993-12-26,0.0
1993-12-27,0.0
1993-12-28,7.723004754848621
1993-12-29,5.0796429903137685
1993-12-30,0.0
1993-12-31,0.04360692266860159
1994-01-01,3.330697783361258
1994-01-02,2.66977088931652
1994-01-03,5.660343908585964
1994-01-04,11.638659387525632
1994-01-05,0.06497944921444825
1994-01-06,0.0
1994-01-07,6.881792252639105
1994-01-08,6.661334861770968
1994-01-09,0.22471785612890804
1994-01-10,0.5361179320838447
1994-01-11,1.6752424062370237
1994-01-12,19.872519386957098
1994-01-13,0.0
1994-01-14,0.28368836383559287
1994-01-15,0.0
1994-01-16,0.0
1994-01-17,15.897645652204243
1994-01-18,3.6986753710966958
1994-01-19,0.0
1994-01-20,0.1461253686073943
1994-01-21,0.0
1994-01-22,0.26791290642047383
1994-01-23,0.12144406468840616
1994-01-24,0.0
1994-01-25,1.1707502864003916
1994-01-26,1.5115100960663608
1994-01-27,6.589932435991193
1994-01-28,17.15954474084532
1994-01-29,0.0
1994-01-30,1.144677991748532
1994-01-31,0.35211973481739384
1994-02-01,0.18385333479550606
1994-02-02,0.0
1994-02-03,0.0
1994-02-04,0.0
1994-02-05,1.7285332692140907
1994-02-06,0.00016170318248271825
1994-02-07,0.04410445758850091
1994-02-08,0.5207208011793256
1994-02-09,5.051008962227893
1994-02-10,16.489924221956326
1994-02-11,33.37113652851339
1994-02-12,0.41869753163478585
1994-02-13,0.05903254637967799
1994-02-14,0.0
1994-02-15,0.14089816258614374
1994-02-16,0.03989690421648265
1994-02-17,0.0
1994-02-18,0.0
1994-02-19,0.0
1994-02-20,0.0
1994-02-21,0.7611976508822582
1994-02-22,0.11835292222668865
1994-02-23,24.395998529703338
1994-02-24,18.6767020897501
1994-02-25,0.01845706752818652
1994-02-26,0.0
1994-02-27,0.0
1994-02-28,0.0
1994-03-01,11.669491536701047
1994-03-02,54.281591960721286
1994-03-03,8.617126547030516
1994-03-04,0.0
1994-03-05,0.0
1994-03-06,0.0
1994-03-07,0.0
1994-03-08,2.343426206626573
1994-03-09,4.665159081321
1994-03-10,24.36270777377894
1994-03-11,0.0
1994-03-12,0.0
1994-03-13,0.0
1994-03-14,0.24313305402336782
1994-03-15,0.2516921017230112
1994-03-16,0.0
1994-03-17,0.0
1994-03-18,0.8075998759422724
1994-03-19,0.0
1994-03-20,0.01845706752818652
1994-03-21,11.09253996072802
1994-03-22,3.1627697655402427
1994-03-23,0.017882756944890426
1994-03-24,1.0401492349223689
1994-03-25,7.212799242994658
1994-03-26,0.045473595461779495
1994-03-27,41.98771753165854
1994-03-28,26.146814233175565
1994-03-29,19.392552506853306
1994-03-30,0.0
1994-03-31,2.3871605285633013
1994-04-01,0.160482424847643
1994-04-02,0.0025111376501257203
1994-04-03,0.039003639342008095
1994-04-04,0.0
1994-04-05,0.01388341875181362
1994-04-06,5.234230998618509
1994-04-07,1.3643314639980273
1994-04-08,0.0
1994-04-09,0.0
1994-04-10,2.892890586802345
1994-04-11,1.1228046732859307
1994-04-12,0.05990598246055361
1994-04-13,7.198672485983718
1994-04-14,0.0
1994-04-15,1.525022775022485
1994-04-16,9.57106604877789
1994-04-17,0.1611116221795747
1994-04-18,0.37614026687032703
1994-04-19,0.1453075133371429
1994-04-20,0.0167528693561894
1994-04-21,0.0
1994-04-22,0.34428054638938266
1994-04-23,0.0
1994-04-24,0.0
1994-04-25,0.0
1994-04-26,0.6440977805890551
1994-04-27,3.492024222962706
1994-04-28,0.26517908259780687
1994-04-29,6.290210529287978
1994-04-30,1.0044543930296757
1994-05-01,1.433723663162393
1994-05-02,0.0
1994-05-03,8.826060582594138
1994-05-04,16.14638398934124
1994-05-05,0.4939238811383336
1994-05-06,0.09285408765388067
1994-05-07,0.5263612080126979
1994-05-08,1.8553778064623654
1994-05-09,0.003048867197354944
1994-05-10,0.0
1994-05-11,0.0
1994-05-12,0.0
1994-05-13,0.0
1994-05-14,0.0
1994-05-15,10.905177607438572
1994-05-16,3.155715871127929
1994-05-17,0.0
1994-05-18,0.04445430084596395
1994-05-19,0.1802231060609575
1994-05-20,0.0719975858537004
1994-05-21,0.0
1994-05-22,0.0
1994-05-23,0.0
1994-05-24,0.4042377782636615
1994-05-25,1.1815452409659173
1994-05-26,10.476893807986745
1994-05-27,4.731413386452188
1994-05-28,0.0
1994-05-29,0.0
1994-05-30,0.0
1994-05-31,0.0
1994-06-01,0.0
1994-06-02,0.0
1994-06-03,0.0
1994-06-04,0.7691682509250297
1994-06-05,4.554496633743834
1994-06-06,2.6554520559315917
1994-06-07,6.537419184450936
1994-06-08,3.407826109703534
1994-06-09,1.2585841854268964
1994-06-10,6.3940894661753225
1994-06-11,1.3127262680056766
1994-06-12,0.06654532373211501
1994-06-13,0.020169271136713973
1994-06-14,0.01845706752818652
1994-06-15,0.9385553810425277
1994-06-16,2.318591261132947
1994-06-17,1.1999263027804308
1994-06-18,0.0
1994-06-19,0.0
1994-06-20,0.0
1994-06-21,6.68082788788823
1994-06-22,0.510378763023167
1994-06-23,3.190366707043909
1994-06-24,0.6939258139112026
1994-06-25,0.0006097734394709888
1994-06-26,3.2530695557188456
1994-06-27,20.951201299550164
1994-06-28,0.0
1994-06-29,7.274489880375384
1994-06-30,8.674486757254327
1994-07-01,0.6336595994480776
1994-07-02,0.18438911858281065
1994-07-03,1.257923807429578
1994-07-04,6.680444301430239
1994-07-05,0.21553526912056364
1994-07-06,0.01845706752818652
1994-07-07,0.01845706752818652
1994-07-08,0.0
1994-07-09,0.2359295559354518
1994-07-10,7.307312432978748
1994-07-11,0.08283506525170732
1994-07-12,0.5750447726183957
1994-07-13,0.7844330914699937
1994-07-14,3.4114065411542525
1994-07-15,1.1043414656765145
1994-07-16,1.2246607041403788
1994-07-17,21.397239475314635
1994-07-18,2.0059014924795937
1994-07-19,0.29871575430614633
1994-07-20,6.614267254490122
1994-07-21,12.317860712263409
1994-07-22,7.368060057377303
1994-07-23,8.351316772789932
1994-07-24,1.4901212354700308
1994-07-25,2.9629275152415495
1994-07-26,8.88224591747302
1994-07-27,6.544313489365039
1994-07-28,12.584393593418921
1994-07-29,9.488884462115234
1994-07-30,1.274314741726118
1994-07-31,2.3145260044789477
1994-08-01,16.44928839927458
1994-08-02,2.7981933061843596
1994-08-03,3.291729507893595
1994-08-04,0.1991788488936426
1994-08-05,2.5278041060461978
1994-08-06,0.13515373332464878
1994-08-07,0.0
1994-08-08,0.0
1994-08-09,0.0
1994-08-10,0.0
1994-08-11,0.0
1994-08-12,1.457247556678074
1994-08-13,1.2216544917659784
1994-08-14,2.0988532963647737
1994-08-15,15.425124863140796
1994-08-16,9.68769762663144
1994-08-17,14.91625955325872
1994-08-18,0.2283353103614564
1994-08-19,5.86660457981752
1994-08-20,0.0006097734394709888
1994-08-21,4.235230444784264
1994-08-22,0.00016170318248271825
1994-08-23,0.0001707606544597465
1994-08-24,0.0
1994-08-25,0.325287466071609
1994-08-26,0.4715314083554531
1994-08-27,2.06632102894745
1994-08-28,0.926786297734741
1994-08-29,0.15671283527309016
1994-08-30,0.0
1994-08-31,6.7376277327144765
1994-09-01,1.8553999974790643
1994-09-02,12.095737758044866
1994-09-03,0.0
1994-09-04,0.0
1994-09-05,0.0
1994-09-06,0.5413576282529345
1994-09-07,0.01845706752818652
1994-09-08,0.0
1994-09-09,0.0
1994-09-10,0.0
1994-09-11,0.0
1994-09-12,0.0
1994-09-13,0.0
1994-09-14,0.0
1994-09-15,0.0
1994-09-16,0.0
1994-09-17,6.89360128869081
1994-09-18,1.0965147814366727
1994-09-19,0.20785386890133897
1994-09-20,0.03244789501591954
1994-09-21,0.26071849667327507
1994-09-22,1.194505647360814
1994-09-23,0.0
1994-09-24,0.966902237827781
1994-09-25,16.146146803734688
1994-09-26,22.567596365013504
1994-09-27,0.017973128024910596
1994-09-28,0.0
1994-09-29,0.0
1994-09-30,0.0
1994-10-01,0.0
1994-10-02,0.19901398672680193
1994-10-03,0.16355706330592645
1994-10-04,0.0
1994-10-05,0.0
1994-10-06,0.0
1994-10-07,0.0
1994-10-08,0.0
1994-10-09,1.7677090146439374
1994-10-10,1.1834449143110977
1994-10-11,0.0
1994-10-12,0.0
1994-10-13,4.171091727904274
1994-10-14,8.021163033636897
1994-10-15,0.7952067053232028
1994-10-16,0.0
1994-10-17,0.1133797324704534
1994-10-18,0.06272567414467799
1994-10-19,2.6004170921740797
1994-10-20,6.7800017133595825
1994-10-21,0.0
1994-10-22,0.7453991838042549
1994-10-23,13.202596252424247
1994-10-24,0.0
1994-10-25,0.0
1994-10-26,2.7837215418653636
1994-10-27,0.0
1994-10-28,0.0
1994-10-29,0.0
1994-10-30,0.0
1994-10-31,0.579875662858539
1994-11-01,2.1060085348698214
1994-11-02,0.0
1994-11-03,0.0001707606544597465
1994-11-04,0.0
1994-11-05,0.09991056620645594
1994-11-06,0.8219293162520456
1994-11-07,0.0
1994-11-08,0.0
1994-11-09,0.11288650985060542
1994-11-10,11.833786362308508
1994-11-11,0.0
1994-11-12,0.0
1994-11-13,0.0
1994-11-14,0.0
1994-11-15,0.0
1994-11-16,0.0
1994-11-17,0.08771867377394309
1994-11-18,0.02729912058760111
1994-11-19,0.0
1994-11-20,0.0
1994-11-21,38.273112744560414
1994-11-22,0.0
1994-11-23,0.0
1994-11-24,0.0
1994-11-25,0.0
1994-11-26,0.0
1994-11-27,9.521729504659422
1994-11-28,1.7356901914894989
1994-11-29,0.895739230516752
1994-11-30,0.02743438687758622
1994-12-01,0.0
1994-12-02,0.0
1994-12-03,0.0
1994-12-04,5.273208138680987
1994-12-05,5.839227606618233
1994-12-06,0.0
1994-12-07,0.037878718292773464
1994-12-08,0.0
1994-12-09,0.0
1994-12-10,3.4574165002439914
1994-12-11,3.2335592867270213
1994-12-12,0.0
1994-12-13,0.27043742362589007
1994-12-14,4.628938173638065
1994-12-15,0.341750618070685
1994-12-16,0.0892434284514885
1994-12-17,2.106585986070125
1994-12-18,0.07851097422100192
1994-12-19,0.0
1994-12-20,0.0
1994-12-21,0.0
1994-12-22,0.0
1994-12-23,0.4210107439292075
1994-12-24,0.0
1994-12-25,0.0
1994-12-26,0.0
1994-12-27,0.0
1994-12-28,0.0
1994-12-29,0.0
1994-12-30,0.7018213518804012
1994-12-31,1.8957919954766966
1995-01-01,0.7660824924552726
1995-01-02,0.0348515259176286
1995-01-03,0.0
1995-01-04,0.0
1995-01-05,0.0
1995-01-06,17.883077056744373
1995-01-07,16.840123309933315
1995-01-08,0.0
1995-01-09,0.0
1995-01-10,0.0
1995-01-11,0.7314571269674098
1995-01-12,3.3996475417615155
1995-01-13,0.1059962978076779
1995-01-14,6.211916133695879
1995-01-15,47.25311381494682
1995-01-16,0.001977416842015008
1995-01-17,0.0
1995-01-18,0.0
1995-01-19,4.883734293914827
1995-01-20,7.690623520152694
1995-01-21,0.2008562516700488
1995-01-22,0.0
1995-01-23,0.00016170318248271825
1995-01-24,0.0
1995-01-25,0.0
1995-01-26,0.016143095916718413
1995-01-27,0.0
1995-01-28,11.334496084601636
1995-01-29,2.302340358744236
1995-01-30,4.613021395182962
1995-01-31,0.3541587937655238
1995-02-01,0.016849544014836133
1995-02-02,0.00016170318248271825
1995-02-03,0.0
1995-02-04,6.77315922174085
1995-02-05,0.0
1995-02-06,0.0
1995-02-07,0.0011594690754672505
1995-02-08,0.02018665055723455
1995-02-09,0.0
1995-02-10,0.0
1995-02-11,0.0
1995-02-12,0.0
1995-02-13,0.0
1995-02-14,0.0
1995-02-15,21.156388998074846
1995-02-16,15.182655286280303
1995-02-17,2.2722704886852414
1995-02-18,0.8790838418241012
1995-02-19,0.38740922569168945
1995-02-20,0.05206443161957331
1995-02-21,0.06091372020576716
1995-02-22,0.0
1995-02-23,0.0
1995-02-24,0.0
1995-02-25,0.0
1995-02-26,0.0
1995-02-27,2.2753611768498403
1995-02-28,16.81877888228532
1995-03-01,10.79773482357852
1995-03-02,0.09806003533608268
1995-03-03,0.5153694868434174
1995-03-04,2.2369038203842493
1995-03-05,1.2095552120196564
1995-03-06,3.134090477085892
1995-03-07,0.015013208328017388
1995-03-08,18.017411181116557
1995-03-09,2.813925887538894
1995-03-10,0.0
1995-03-11,0.0
1995-03-12,0.0
1995-03-13,0.0
1995-03-14,0.0
1995-03-15,0.0
1995-03-16,0.0
1995-03-17,0.0
1995-03-18,0.0
1995-03-19,0.0
1995-03-20,0.0
1995-03-21,6.650968331263075
1995-03-22,0.0
1995-03-23,0.23111303552857906
1995-03-24,0.0
1995-03-25,0.0
1995-03-26,0.0
1995-03-27,0.649551991518466
1995-03-28,0.41273099204415725
1995-03-29,0.0
1995-03-30,0.0
1995-03-31,0.0
1995-04-01,0.0
1995-04-02,0.0514667545491433
1995-04-03,0.0
1995-04-04,0.0011594690754672505
1995-04-05,0.0
1995-04-06,0.0
1995-04-07,0.0
1995-04-08,0.0
1995-04-09,0.0
1995-04-10,0.0
1995-04-11,0.0
1995-04-12,4.699735698322709
1995-04-13,4.081021904683821
1995-04-14,0.037478034010321515
1995-04-15,0.0
1995-04-16,0.019018859533223752
1995-04-17,0.0
1995-04-18,0.0
1995-04-19,0.0
1995-04-20,0.8587210080570057
1995-04-21,0.4887695319194608
1995-04-22,0.0
1995-04-23,2.9193262427615747
1995-04-24,7.617487655359548
1995-04-25,0.0
1995-04-26,0.0
1995-04-27,0.0
1995-04-28,0.0
1995-04-29,0.0
1995-04-30,2.295249611173271
1995-05-01,7.650896341423607
1995-05-02,31.22536123754204
1995-05-03,0.0
1995-05-04,0.4480488594650803
1995-05-05,0.43826578234369246
1995-05-06,0.0
1995-05-07,0.0
1995-05-08,0.0
1995-05-09,4.161122218801515
1995-05-10,21.152439678483173
1995-05-11,9.427195134072745
1995-05-12,0.0
1995-05-13,3.617324087231482
1995-05-14,2.520023914795905
1995-05-15,1.6106142945409174
1995-05-16,0.0
1995-05-17,0.2807243323105802
1995-05-18,5.578214204800755
1995-05-19,8.387145972748119
1995-05-20,0.0
1995-05-21,0.0
1995-05-22,0.0
1995-05-23,0.0
1995-05-24,0.0
1995-05-25,0.20970057842353465
1995-05-26,1.54006036849607
1995-05-27,3.9459588501272824
1995-05-28,10.826791182078816
1995-05-29,0.4271350997093518
1995-05-30,0.074864635541625
1995-05-31,0.0
1995-06-01,0.8179247474613633
1995-06-02,40.531815525988385
1995-06-03,18.42002376385786
1995-06-04,4.064448685209941
1995-06-05,0.4429298796367537
1995-06-06,28.359384166549354
1995-06-07,0.16043851603832848
1995-06-08,0.204353173994812
1995-06-09,3.392516578847488
1995-06-10,14.731543867777654
1995-06-11,17.8692339552954
1995-06-12,22.29905848938912
1995-06-13,0.9622219214650473
1995-06-14,0.0891586792395996
1995-06-15,0.0
1995-06-16,0.47180607799616475
1995-06-17,0.037702991098847324
1995-06-18,0.04557710551278433
1995-06-19,3.921098575548194
1995-06-20,0.660166079459672
1995-06-21,7.978333085703613
1995-06-22,13.444909156437786
1995-06-23,27.310628333006406
1995-06-24,4.333559790631974
1995-06-25,3.4665503143829755
1995-06-26,1.866957692543249
1995-06-27,3.7762257071942362
1995-06-28,31.787013518869184
1995-06-29,47.73328184202754
1995-06-30,6.593061200791815
1995-07-01,4.05290529328496
1995-07-02,0.7768020333293901
1995-07-03,1.6285494542252197
1995-07-04,6.07227785065094
1995-07-05,0.0272726836951035
1995-07-06,3.7248699428743817
1995-07-07,12.836627366284523
1995-07-08,0.004268414076296922
1995-07-09,0.003048867197354944
1995-07-10,0.1353437927077715
1995-07-11,0.345953429618472
1995-07-12,0.0
1995-07-13,0.0
1995-07-14,0.043293914202440206
1995-07-15,0.05515820180153867
1995-07-16,10.169822410603002
1995-07-17,7.5970763471575555
1995-07-18,0.0009331798044364253
1995-07-19,0.0
1995-07-20,0.01845706752818652
1995-07-21,20.864455186928105
1995-07-22,2.447807015976483
1995-07-23,0.002439093757883955
1995-07-24,6.375428907064979
1995-07-25,3.352260079040127
1995-07-26,15.548192988183372
1995-07-27,0.49905909733441917
1995-07-28,15.081169639216732
1995-07-29,1.8256956755213603
1995-07-30,0.03571242585234465
1995-07-31,0.11636661103035494
1995-08-01,0.2075586103605257
1995-08-02,0.0
1995-08-03,0.0
1995-08-04,0.0
1995-08-05,0.0
1995-08-06,0.0821947056174283
1995-08-07,0.0
1995-08-08,0.019445775949194024
1995-08-09,0.14226110563589442
1995-08-10,0.24541940135011397
1995-08-11,0.026949277330138067
1995-08-12,0.0
1995-08-13,0.0
1995-08-14,0.0
1995-08-15,5.802253486404578
1995-08-16,0.0
1995-08-17,0.0
1995-08-18,0.0013903075334017242
1995-08-19,0.0
1995-08-20,0.0
1995-08-21,0.02439093757883955
1995-08-22,0.0
1995-08-23,0.0
1995-08-24,0.0006097734394709888
1995-08-25,0.026445678456578716
1995-08-26,0.9593876245497747
1995-08-27,39.26343015293309
1995-08-28,2.9956281187931384
1995-08-29,0.0
1995-08-30,0.0
1995-08-31,15.732957297586381
1995-09-01,19.218632776128917
1995-09-02,2.6993871948225343
1995-09-03,0.0
1995-09-04,0.0
1995-09-05,0.0
1995-09-06,0.0
1995-09-07,0.0
1995-09-08,0.0036586406368259326
1995-09-09,0.002439093757883955
1995-09-10,0.0012195468789419775
1995-09-11,0.46136718357643347
1995-09-12,0.0
1995-09-13,0.0
1995-09-14,0.5510986084471363
1995-09-15,0.017217169885134883
1995-09-16,15.610111243939754
1995-09-17,7.115406651069832
1995-09-18,0.08375294638258012
1995-09-19,0.0
1995-09-20,0.0
1995-09-21,0.056579807319527664
1995-09-22,22.18470079894366
1995-09-23,4.911516946946053
1995-09-24,0.5359683894861765
1995-09-25,4.626244825858912
1995-09-26,1.3731573338230891
1995-09-27,0.0
1995-09-28,0.0
1995-09-29,0.0
1995-09-30,0.0
1995-10-01,0.0
1995-10-02,0.0
1995-10-03,0.04439780499554199
1995-10-04,38.40687581494643
1995-10-05,43.031288981128085
1995-10-06,0.0445793396197998
1995-10-07,0.019445775949194024
1995-10-08,0.0
1995-10-09,0.0
1995-10-10,0.0
1995-10-11,0.0
1995-10-12,0.0
1995-10-13,0.9894923071528244
1995-10-14,24.06487885693393
1995-10-15,9.73498290478894
1995-10-16,0.0
1995-10-17,0.0
1995-10-18,0.0
1995-10-19,0.0
1995-10-20,30.12148361577895
1995-10-21,16.838882271845705
1995-10-22,0.0
1995-10-23,0.0
1995-10-24,0.0
1995-10-25,0.0
1995-10-26,0.0
1995-10-27,15.110963418613695
1995-10-28,23.936701451992533
1995-10-29,0.0
1995-10-30,0.0
1995-10-31,0.8772431816356344
1995-11-01,4.54272104475661
1995-11-02,3.1369298054159507
1995-11-03,3.970402304856737
1995-11-04,1.450147358555852
1995-11-05,0.0
1995-11-06,0.0
1995-11-07,22.686270405241192
1995-11-08,0.0
1995-11-09,0.0
1995-11-10,0.0
1995-11-11,27.724984418443263
1995-11-12,1.1766587847849088
1995-11-13,0.32924180128894087
1995-11-14,1.7155985914394898
1995-11-15,0.1407871369712256
1995-11-16,0.0
1995-11-17,0.0
1995-11-18,0.0
1995-11-19,0.0
1995-11-20,0.0
1995-11-21,0.0
1995-11-22,0.0
1995-11-23,0.0
1995-11-24,0.295437121372057
1995-11-25,0.8781430373608867
1995-11-26,0.0
1995-11-27,0.04735369460801753
1995-11-28,0.5843415196729262
1995-11-29,8.443795123659628
1995-11-30,0.0
1995-12-01,0.0
1995-12-02,0.0
1995-12-03,0.0
1995-12-04,2.2795326649705627
1995-12-05,0.3148604427560622
1995-12-06,0.0001707606544597465
1995-12-07,5.373217797550772
1995-12-08,0.0
1995-12-09,6.324191993810532
1995-12-10,0.0
1995-12-11,0.0
1995-12-12,0.0
1995-12-13,0.019445775949194024
1995-12-14,0.0
1995-12-15,0.8875127306661906
1995-12-16,0.6842178070077786
1995-12-17,0.0
1995-12-18,4.988314641319749
1995-12-19,7.62101539508988
1995-12-20,0.0
1995-12-21,0.0
1995-12-22,0.0
1995-12-23,0.0
1995-12-24,0.0
1995-12-25,0.0
1995-12-26,0.0
1995-12-27,0.0
1995-12-28,0.0
1995-12-29,0.0
1995-12-30,0.0
1995-12-31,0.678589958435335
1996-01-01,2.358381900026024
1996-01-02,5.319595627480095
1996-01-03,2.008678922270147
1996-01-04,0.00975637503153582
1996-01-05,0.0006097734394709888
1996-01-06,8.51063525064612
1996-01-07,32.61036922714268
1996-01-08,1.2660364309485546
1996-01-09,0.0
1996-01-10,0.0
1996-01-11,0.0
1996-01-12,6.960183180827691
1996-01-13,0.0
1996-01-14,0.0
1996-01-15,0.0
1996-01-16,0.0
1996-01-17,0.0
1996-01-18,3.0599644271387874
1996-01-19,18.544272170521975
1996-01-20,0.0
1996-01-21,0.0
1996-01-22,0.0
1996-01-23,0.0
1996-01-24,20.71509538734404
1996-01-25,0.0
1996-01-26,2.9399772532168664
1996-01-27,29.587098669670493
1996-01-28,0.0
1996-01-29,0.1715373522857751
1996-01-30,0.6369299710618678
1996-01-31,2.016418583644001
1996-02-01,0.0
1996-02-02,31.50082011196603
1996-02-03,11.595647325836946
1996-02-04,0.40891112729490553
1996-02-05,0.0
1996-02-06,0.28733241240220636
1996-02-07,0.06340749147639074
1996-02-08,3.9647642597967745
1996-02-09,2.375679598839623
1996-02-10,0.0
1996-02-11,0.23072186185602098
1996-02-12,0.00016170318248271825
1996-02-13,0.0
1996-02-14,0.0
1996-02-15,0.43482149469860004
1996-02-16,8.853936697326823
1996-02-17,0.0
1996-02-18,0.0
1996-02-19,0.0
1996-02-20,9.72918141856347
1996-02-21,0.0
1996-02-22,1.176710094267264
1996-02-23,1.2213579782394934
1996-02-24,0.34414852686330033
1996-02-25,0.0
1996-02-26,0.0
1996-02-27,0.0
1996-02-28,0.30190052482475294
1996-02-29,0.0
1996-03-01,0.0
1996-03-02,0.15498251311309322
1996-03-03,0.0
1996-03-04,0.1579712871975173
1996-03-05,0.015622981767488376
1996-03-06,5.145317287885258
1996-03-07,17.316288012806183
1996-03-08,1.0312656769580333
1996-03-09,0.0
1996-03-10,0.0
1996-03-11,0.0
1996-03-12,0.0
1996-03-13,0.0
1996-03-14,0.0
1996-03-15,4.381989328210069
1996-03-16,7.9540540696526625
1996-03-17,13.957844565958421
1996-03-18,1.232645933257877
1996-03-19,24.97431113687284
1996-03-20,0.0
1996-03-21,0.0
1996-03-22,0.0
1996-03-23,0.0
1996-03-24,0.0
1996-03-25,0.538635373832239
1996-03-26,0.02949527951850962
1996-03-27,0.30965500492271925
1996-03-28,26.727496092703817
1996-03-29,0.8671279819522627
1996-03-30,0.0
1996-03-31,0.3989988434602071
1996-04-01,10.158968030394849
1996-04-02,0.742521130584635
1996-04-03,0.0
1996-04-04,0.0
1996-04-05,0.019445775949194024
1996-04-06,1.8551317919863926
1996-04-07,0.6018884099944266
1996-04-08,2.005273424170087
1996-04-09,6.0783988092707615
1996-04-10,0.0
1996-04-11,0.0
1996-04-12,0.0
1996-04-13,2.3240566847100315
1996-04-14,0.11909529631201567
1996-04-15,7.877520929686197
1996-04-16,4.552310059781607
1996-04-17,0.0
1996-04-18,0.0
1996-04-19,0.2661652441428878
1996-04-20,2.3350779472936765
1996-04-21,0.9183841688826268
1996-04-22,0.00016170318248271825
1996-04-23,1.71806449269463
1996-04-24,0.05455442486218403
1996-04-25,0.11431196359825829
1996-04-26,4.755975845771316
1996-04-27,0.0
1996-04-28,0.10590777417529158
1996-04-29,0.5913215825641657
1996-04-30,28.361088496730435
1996-05-01,0.0
1996-05-02,0.0
1996-05-03,0.0
1996-05-04,0.0
1996-05-05,2.1709365480190943
1996-05-06,13.4261083113446
1996-05-07,19.00303747908053
1996-05-08,1.0659121878527227
1996-05-09,0.0
1996-05-10,0.0
1996-05-11,2.0443235841026346
1996-05-12,0.628294289840932
1996-05-13,0.04919853017083839
1996-05-14,0.5325549769269284
1996-05-15,6.572921672310867
1996-05-16,17.68474081054704
1996-05-17,7.294722173238047
1996-05-18,0.0
1996-05-19,0.0
1996-05-20,0.0
1996-05-21,0.0
1996-05-22,0.0
1996-05-23,0.0
1996-05-24,4.867339045709344
1996-05-25,7.333045636028312
1996-05-26,1.351909815512111
1996-05-27,41.434373276553465
1996-05-28,8.968030123705091
1996-05-29,3.6607674694329675
1996-05-30,3.0106927863403845
1996-05-31,0.0
1996-06-01,0.01845706752818652
1996-06-02,0.0
1996-06-03,0.0
1996-06-04,6.614216455696048
1996-06-05,1.7856657083174434
1996-06-06,0.0
1996-06-07,2.915831893654596
1996-06-08,9.6074229464324
1996-06-09,19.545247055323525
1996-06-10,15.457513045082047
1996-06-11,1.0736776910589014
1996-06-12,1.4620280102447452
1996-06-13,0.0787130455712945
1996-06-14,0.0
1996-06-15,0.0
1996-06-16,0.044677325425439035
1996-06-17,0.029878898534078453
1996-06-18,0.0
1996-06-19,0.9035345818660466
1996-06-20,0.9708144876399911
1996-06-21,0.0
1996-06-22,0.0
1996-06-23,0.4235838298046191
1996-06-24,4.686453300718208
1996-06-25,2.5423250200650247
1996-06-26,0.05593299458959679
1996-06-27,0.0
1996-06-28,0.0
1996-06-29,0.0
1996-06-30,0.20133486800947115
1996-07-01,3.1458722348945516
1996-07-02,2.9277221456216274
1996-07-03,0.11243728949570761
1996-07-04,0.0006097734394709888
1996-07-05,0.0006097734394709888
1996-07-06,0.0
1996-07-07,0.0012195468789419775
1996-07-08,8.439171015905144
1996-07-09,0.11320882675589881
1996-07-10,0.1869338789664326
1996-07-11,0.32680385604006074
1996-07-12,2.4425145624821902
1996-07-13,4.31771668953412
1996-07-14,2.6821663594019114
1996-07-15,7.26005544425787
1996-07-16,0.07387403123634272
1996-07-17,0.0
1996-07-18,2.107543804255722
1996-07-19,0.10235116859532208
1996-07-20,0.01845706752818652
1996-07-21,0.0
1996-07-22,0.2722804098423847
1996-07-23,0.019586955116887544
1996-07-24,0.04907610048008611
1996-07-25,47.678524941213716
1996-07-26,4.621594467563588
1996-07-27,0.0
1996-07-28,4.78431012672774
1996-07-29,6.392490506014257
1996-07-30,4.522253096363606
1996-07-31,3.0627983828190737
1996-08-01,16.811565247438747
1996-08-02,0.20697610142356432
1996-08-03,14.061382851347794
1996-08-04,0.7624531544272805
1996-08-05,0.0021527266833784027
1996-08-06,6.951529011369895
1996-08-07,30.224749375291168
1996-08-08,0.1279678749280008
1996-08-09,5.557272729253327
1996-08-10,0.3188758335634518
1996-08-11,0.00016170318248271825
1996-08-12,54.627487624134254
1996-08-13,15.766835168405544
1996-08-14,0.0006097734394709888
1996-08-15,0.0
1996-08-16,0.315784188547851
1996-08-17,0.09382706489919555
1996-08-18,0.016143095916718413
1996-08-19,0.016143095916718413
1996-08-20,0.0
1996-08-21,0.11822917949025152
1996-08-22,0.046880162826780244
1996-08-23,0.0
1996-08-24,15.807760052356265
1996-08-25,1.0755008771320653
1996-08-26,0.2399751228400901
1996-08-27,0.5109936405773541
1996-08-28,1.093788686401069
1996-08-29,0.9535561683650863
1996-08-30,0.4034014425112079
1996-08-31,0.0
1996-09-01,0.0
1996-09-02,0.22729900298259753
1996-09-03,98.2227244622905
1996-09-04,44.41418324694344
1996-09-05,8.494831447722996
1996-09-06,98.75059790342453
1996-09-07,0.0
1996-09-08,0.09259025418013096
1996-09-09,0.0056496641377216175
1996-09-10,1.1219660869934593
1996-09-11,32.98463648168596
1996-09-12,1.1648563232951994
1996-09-13,2.6511453853331615
1996-09-14,0.0
1996-09-15,0.00694170937590681
1996-09-16,19.60109742238
1996-09-17,5.039603698541828
1996-09-18,0.0
1996-09-19,0.0
1996-09-20,0.0
1996-09-21,0.8972669197332345
1996-09-22,7.555876291641806
1996-09-23,0.0
1996-09-24,0.023945028483425418
1996-09-25,0.003048867197354944
1996-09-26,5.869596244810929
1996-09-27,0.27236957081582425
1996-09-28,3.292691352036452
1996-09-29,8.929559197005535
1996-09-30,0.06142888363463593
1996-10-01,11.790170238476891
1996-10-02,8.299675693480985
1996-10-03,0.09711754286542551
1996-10-04,0.0
1996-10-05,0.0
1996-10-06,0.0
1996-10-07,0.05445808253465565
1996-10-08,35.90993914081587
1996-10-09,6.594628763586739
1996-10-10,0.19090429176088497
1996-10-11,0.04839428314837336
1996-10-12,0.0
1996-10-13,0.0
1996-10-14,0.0
1996-10-15,0.0
1996-10-16,0.0
1996-10-17,0.0
1996-10-18,11.868212892397429
1996-10-19,3.5593906827655335
1996-10-20,0.032537554306160496
1996-10-21,0.0
1996-10-22,0.0
1996-10-23,0.26724385927373445
1996-10-24,0.0
1996-10-25,0.0
1996-10-26,0.26027692616980463
1996-10-27,0.08417875289295977
1996-10-28,0.11360132933321937
1996-10-29,0.0
1996-10-30,0.21850819294131285
1996-10-31,0.0
1996-11-01,2.5243704922698442
1996-11-02,10.407461507181008
1996-11-03,0.0018293203184129663
1996-11-04,0.0
1996-11-05,0.15979533977390678
1996-11-06,0.00694170937590681
1996-11-07,1.1485107390553642
1996-11-08,23.09715629208823
1996-11-09,0.2436712672474812
1996-11-10,0.24347368403613695
1996-11-11,0.14704717436531492
1996-11-12,0.049900197101820885
1996-11-13,0.0
1996-11-14,0.5640005401244877
1996-11-15,0.0
1996-11-16,0.0
1996-11-17,0.0
1996-11-18,5.551404965404296
1996-11-19,1.1286860709351494
1996-11-20,0.5250714335406005
1996-11-21,13.337685106062553
1996-11-22,0.3893152991390191
1996-11-23,0.0
1996-11-24,0.0
1996-11-25,1.538316797250926
1996-11-26,21.75312934035423
1996-11-27,0.011585695349948787
1996-11-28,0.002439093757883955
1996-11-29,0.0
1996-11-30,14.739830230010053
1996-12-01,38.707770446315784
1996-12-02,2.978045125156557
1996-12-03,0.18043191315223966
1996-12-04,0.0
1996-12-05,12.349638044066726
1996-12-06,9.24688307138761
1996-12-07,15.887279663523186
1996-12-08,0.004268414076296922
1996-12-09,0.0
1996-12-10,0.0
1996-12-11,0.5289175249471421
1996-12-12,2.2635062981406917
1996-12-13,13.128122120836425
1996-12-14,0.1508739273405374
1996-12-15,0.0
1996-12-16,0.0
1996-12-17,1.9328628969655697
1996-12-18,2.614257355317837
1996-12-19,6.758828205326565
1996-12-20,0.0
1996-12-21,0.0
1996-12-22,0.0
1996-12-23,0.08189356349872735
1996-12-24,8.693756354200762
1996-12-25,0.519182392285653
1996-12-26,0.12534762117784412
1996-12-27,1.726457866366574
1996-12-28,0.0003234063649654365
1996-12-29,0.3480200582289432
1996-12-30,0.4663249108619148
1996-12-31,1.6144980854632116
1997-01-01,0.699518713443598
1997-01-02,0.0
1997-01-03,0.5647179153569167
1997-01-04,0.0
1997-01-05,8.851403290303963
1997-01-06,0.0
1997-01-07,0.0
1997-01-08,0.0
1997-01-09,28.368450296923207
1997-01-10,1.3195549947944627
1997-01-11,4.009489477867797
1997-01-12,0.0
1997-01-13,0.0
1997-01-14,0.0
1997-01-15,0.0
1997-01-16,16.52457338486453
1997-01-17,0.0
1997-01-18,0.0
1997-01-19,0.0
1997-01-20,0.0
1997-01-21,0.0
1997-01-22,0.7694273162826558
1997-01-23,4.760042263345771
1997-01-24,8.932587220468296
1997-01-25,3.3151143591998258
1997-01-26,0.0
1997-01-27,0.04586992568294172
1997-01-28,12.62016385828663
1997-01-29,0.0
1997-01-30,0.5008554079671202
1997-01-31,0.4268363692197241
1997-02-01,0.04616951257275319
1997-02-02,0.019445775949194024
1997-02-03,0.019607479131676743
1997-02-04,2.399725029264657
1997-02-05,3.2745970829532878
1997-02-06,0.045178173523500606
1997-02-07,0.5826288014987882
1997-02-08,15.184928366294455
1997-02-09,0.0
1997-02-10,1.2639475229922181
1997-02-11,0.19401919747647695
1997-02-12,0.0
1997-02-13,5.0738731712386365
1997-02-14,18.698980498900394
1997-02-15,19.56981627255837
1997-02-16,0.07616045885778865
1997-02-17,0.0
1997-02-18,0.0
1997-02-19,0.1480329741695324
1997-02-20,0.04552473453150032
1997-02-21,6.553086618173666
1997-02-22,15.153603417437909
1997-02-23,0.0
1997-02-24,0.0
1997-02-25,0.0
1997-02-26,3.8245224394974064
1997-02-27,0.38178797395590114
1997-02-28,19.748008966735828
1997-03-01,3.5563712095540794
1997-03-02,0.5790370780050765
1997-03-03,31.771413726360887
1997-03-04,0.0008085159124135913
1997-03-05,4.547592717609128
1997-03-06,5.970905362563006
1997-03-07,0.0
1997-03-08,0.0
1997-03-09,0.0
1997-03-10,0.5629948770404226
1997-03-11,0.0
1997-03-12,0.0
1997-03-13,0.5171198136159241
1997-03-14,20.941981140888007
1997-03-15,0.3731430371794117
1997-03-16,0.0
1997-03-17,0.0
1997-03-18,1.7074825768459994
1997-03-19,21.032197210476294
1997-03-20,0.29519749913364984
1997-03-21,0.0
1997-03-22,0.0
1997-03-23,0.0
1997-03-24,0.0
1997-03-25,0.008492209801951546
1997-03-26,10.762426407608235
1997-03-27,0.18950931026651346
1997-03-28,0.14054875133115383
1997-03-29,0.016143095916718413
1997-03-30,0.4029067488644792
1997-03-31,2.25755317101269
1997-04-01,0.0
1997-04-02,0.0
1997-04-03,0.0
1997-04-04,0.0
1997-04-05,0.0
1997-04-06,17.994703779060405
1997-04-07,0.10205819619001143
1997-04-08,0.0
1997-04-09,0.0
1997-04-10,0.0
1997-04-11,0.0
1997-04-12,20.6069638045706
1997-04-13,0.09551059419617099
1997-04-14,0.002439093757883955
1997-04-15,0.0006097734394709888
1997-04-16,0.0
1997-04-17,0.11968691624409185
1997-04-18,0.05843647770152299
1997-04-19,0.08128953136512898
1997-04-20,0.0
1997-04-21,7.517832934348494
1997-04-22,5.07691667146231
1997-04-23,16.75722416020759
1997-04-24,4.997470437899082
1997-04-25,0.03764948889665289
1997-04-26,0.042789362495112414
1997-04-27,10.476086875084087
1997-04-28,33.60709959609885
1997-04-29,13.979739923862114
1997-04-30,0.39894628597736964
1997-05-01,0.21949430473066128
1997-05-02,0.0
1997-05-03,3.581613966221756
1997-05-04,0.0664387432757465
1997-05-05,0.0
1997-05-06,0.40795728782910184
1997-05-07,0.0
1997-05-08,0.20450949906128754
1997-05-09,2.12196053821499
1997-05-10,0.15769917386623528
1997-05-11,0.0
1997-05-12,0.0
1997-05-13,0.3686011293125767
1997-05-14,2.0635117076111045
1997-05-15,0.6063699785079203
1997-05-16,0.0
1997-05-17,0.0
1997-05-18,0.0
1997-05-19,0.0
1997-05-20,0.3508173783307271
1997-05-21,0.0
1997-05-22,0.0
1997-05-23,0.0
1997-05-24,0.0
1997-05-25,9.901647451612243
1997-05-26,4.190509447926026
1997-05-27,0.3155549891410763
1997-05-28,0.0
1997-05-29,0.3080157324553713
1997-05-30,0.6733142711738748
1997-05-31,0.14655001856431046
1997-06-01,20.24796917237283
1997-06-02,4.317604889352658
1997-06-03,16.33030905047769
1997-06-04,0.4498636332918901
1997-06-05,0.0
1997-06-06,1.6225216390860222
1997-06-07,0.0
1997-06-08,0.2322298104981465
1997-06-09,0.0
1997-06-10,0.0
1997-06-11,0.09445582320349245
1997-06-12,5.379136101232227
1997-06-13,0.06376375010548675
1997-06-14,1.4248287106656503
1997-06-15,0.0
1997-06-16,5.319827151775683
1997-06-17,10.044585686398674
1997-06-18,3.7117307595659486
1997-06-19,0.0006097734394709888
1997-06-20,1.7298790790337655
1997-06-21,0.003048867197354944
1997-06-22,0.07591003932564701
1997-06-23,0.0
1997-06-24,0.0
1997-06-25,5.755835857873176
1997-06-26,8.484249446573115
1997-06-27,0.4959782511714792
1997-06-28,0.03260959819840226
1997-06-29,0.0
1997-06-30,0.0
1997-07-01,7.4894713024391
1997-07-02,1.1815551646713058
1997-07-03,0.6338186263837334
1997-07-04,0.5934606429897101
1997-07-05,0.9215740991576282
1997-07-06,0.18285786850874663
1997-07-07,0.32962364718568443
1997-07-08,0.0
1997-07-09,0.072473915198212
1997-07-10,0.0
1997-07-11,0.0
1997-07-12,0.0
1997-07-13,0.0
1997-07-14,0.0
1997-07-15,12.547435575405428
1997-07-16,17.575172992151593
1997-07-17,6.093387980513497
1997-07-18,9.035846457882384
1997-07-19,1.1195758680247418
1997-07-20,0.12837630201785988
1997-07-21,2.2923190815949424
1997-07-22,13.390291896850862
1997-07-23,12.56128614980766
1997-07-24,6.7699981584247215
1997-07-25,0.7402663617392936
1997-07-26,0.05384608701556574
1997-07-27,6.139316907361411
1997-07-28,2.7526968836639334
1997-07-29,2.403459717846071
1997-07-30,4.9822575116399355
1997-07-31,0.021954917703924198
1997-08-01,0.0
1997-08-02,0.0
1997-08-03,4.697683092064824
1997-08-04,2.5852614033046453
1997-08-05,0.050003108605054955
1997-08-06,0.0
1997-08-07,0.7225739120568075
1997-08-08,0.18468008497969077
1997-08-09,0.03318129523169123
1997-08-10,0.31831568487663553
1997-08-11,0.36895025275578713
1997-08-12,0.24175385444974
1997-08-13,1.05319089434703
1997-08-14,0.7864068897741525
1997-08-15,0.1078541324078579
1997-08-16,0.035389019487379214
1997-08-17,0.0
1997-08-18,1.1441276037893495
1997-08-19,0.41794012641163913
1997-08-20,65.13324248648031
1997-08-21,0.000646812729930873
1997-08-22,0.0
1997-08-23,0.0
1997-08-24,0.0
1997-08-25,0.11985449557957585
1997-08-26,0.007927054713122854
1997-08-27,0.003048867197354944
1997-08-28,0.0012195468789419775
1997-08-29,0.0
1997-08-30,0.0
1997-08-31,0.03973216379579351
1997-09-01,0.4069667136130966
1997-09-02,0.2605369620490173
1997-09-03,0.8379190235099384
1997-09-04,0.02896639797751976
1997-09-05,0.0
1997-09-06,0.0
1997-09-07,0.0
1997-09-08,3.8617495643028317
1997-09-09,12.066369065324045
1997-09-10,38.20620496784535
1997-09-11,4.776090675992342
1997-09-12,0.00016170318248271825
1997-09-13,0.0
1997-09-14,0.16958058685081223
1997-09-15,10.227030792363456
1997-09-16,0.0018293203184129663
1997-09-17,0.0
1997-09-18,1.7679483053206961
1997-09-19,0.03260959819840226
1997-09-20,0.019018859533223752
1997-09-21,0.18270632803704567
1997-09-22,0.002439093757883955
1997-09-23,0.0
1997-09-24,13.857401158747921
1997-09-25,0.7330619470626466
1997-09-26,0.0
1997-09-27,0.0
1997-09-28,12.052603242751898
1997-09-29,3.1656958039517082
1997-09-30,0.0
1997-10-01,0.0
1997-10-02,0.0
1997-10-03,0.0
1997-10-04,0.0
1997-10-05,0.0
1997-10-06,0.0
1997-10-07,0.0
1997-10-08,0.0
1997-10-09,0.0
1997-10-10,1.0372108916754363
1997-10-11,0.0
1997-10-12,0.0
1997-10-13,0.0
1997-10-14,5.452894476582592
1997-10-15,4.24809828372182
1997-10-16,0.15942433027396682
1997-10-17,9.4025058620715
1997-10-18,4.776115635382419
1997-10-19,19.109046574404356
1997-10-20,0.2649967211430002
1997-10-21,0.0014532939536664607
1997-10-22,0.1614751900746646
1997-10-23,0.0
1997-10-24,3.6279644327686698
1997-10-25,1.9514031658416833
1997-10-26,13.79199456318586
1997-10-27,5.173122120181277
1997-10-28,0.10480389183636726
1997-10-29,0.0
1997-10-30,3.0079338598063483
1997-10-31,2.330138278331145
1997-11-01,9.93117357497811
1997-11-02,12.057035396198323
1997-11-03,0.0012195468789419775
1997-11-04,0.03779933342637571
1997-11-05,0.0743900621177833
1997-11-06,3.1267877415943324
1997-11-07,2.7865718323056448
1997-11-08,0.12209351706037418
1997-11-09,0.18085334893280947
1997-11-10,0.02712835993314136
1997-11-11,0.02910577677515637
1997-11-12,0.4706544084590331
1997-11-13,4.089234475907246
1997-11-14,6.304065033903411
1997-11-15,0.07077803897475843
1997-11-16,0.0
1997-11-17,0.0
1997-11-18,0.0
1997-11-19,0.0
1997-11-20,2.418714677646059
1997-11-21,11.83256650124595
1997-11-22,1.617463476521892
1997-11-23,0.09080646493375476
1997-11-24,0.0
1997-11-25,0.0
1997-11-26,0.0
1997-11-27,0.03691413505637304
1997-11-28,0.2839651334700059
1997-11-29,1.080976157750451
1997-11-30,9.899444939696734
1997-12-01,1.6389685538679242
1997-12-02,0.0
1997-12-03,3.684203852868213
1997-12-04,5.968700304351173
1997-12-05,0.2040293611797751
1997-12-06,0.0
1997-12-07,0.0
1997-12-08,0.0
1997-12-09,0.4119479795171622
1997-12-10,4.093609400178302
1997-12-11,0.0
1997-12-12,0.0
1997-12-13,0.0
1997-12-14,0.0
1997-12-15,0.0
1997-12-16,0.0
1997-12-17,0.0
1997-12-18,0.0
1997-12-19,0.0
1997-12-20,0.0
1997-12-21,0.0
1997-12-22,13.863477263159538
1997-12-23,0.019018859533223752
1997-12-24,8.689925222441277
1997-12-25,4.022291744875769
1997-12-26,0.0
1997-12-27,16.903763477971708
1997-12-28,1.0342565166898134
1997-12-29,12.358650212125275
1997-12-30,0.44091184337996653
1997-12-31,0.06688681353273478
1998-01-01,0.0
1998-01-02,0.0
1998-01-03,0.0
1998-01-04,0.0
1998-01-05,0.0
1998-01-06,3.37595436998043
1998-01-07,16.438563910138406
1998-01-08,14.380748581981452
1998-01-09,0.7124412235382708
1998-01-10,0.0
1998-01-11,0.0
1998-01-12,1.0992070421545017
1998-01-13,3.1875908263864434
1998-01-14,0.0
1998-01-15,33.10161641798958
1998-01-16,9.930626337569095
1998-01-17,0.39210799150799514
1998-01-18,0.0011504116034902223
1998-01-19,5.175685087355596
1998-01-20,0.5761503863049138
1998-01-21,0.0
1998-01-22,5.373735367552197
1998-01-23,25.87382664869544
1998-01-24,4.156951973424896
1998-01-25,0.03521215896399484
1998-01-26,0.0
1998-01-27,41.697839384813555
1998-01-28,21.41818242545649
1998-01-29,0.0
1998-01-30,0.0
1998-01-31,0.0
1998-02-01,0.0
1998-02-02,0.0
1998-02-03,9.157937032159499
1998-02-04,41.763290060766764
1998-02-05,6.236520113269356
1998-02-06,3.917504661683026
1998-02-07,0.5622255440521148
1998-02-08,0.5292491561275482
1998-02-09,0.0
1998-02-10,0.0
1998-02-11,14.428181241375183
1998-02-12,3.8178487361215647
1998-02-13,0.0
1998-02-14,0.0006097734394709888
1998-02-15,0.0
1998-02-16,11.393478644937487
1998-02-17,37.949960349781726
1998-02-18,0.2603660963968711
1998-02-19,0.0
1998-02-20,2.9085515903336483
1998-02-21,0.2208294775961733
1998-02-22,0.001977416842015008
1998-02-23,19.999565654290702
1998-02-24,0.7787679336630051
1998-02-25,0.0
1998-02-26,0.0
1998-02-27,1.1275589239189732
1998-02-28,1.2741094098414067
1998-03-01,1.0329538457097434
1998-03-02,1.421236755691363
1998-03-03,0.16616469280060583
1998-03-04,0.0
1998-03-05,0.08506377842200072
1998-03-06,0.0
1998-03-07,0.5483438478839308
1998-03-08,25.29372919919484
1998-03-09,19.701827445573578
1998-03-10,0.0
1998-03-11,0.0
1998-03-12,0.0
1998-03-13,0.0
1998-03-14,0.0
1998-03-15,0.0
1998-03-16,0.3079467042961469
1998-03-17,0.9489995200802083
1998-03-18,7.252758952316279
1998-03-19,18.447255913449435
1998-03-20,21.390129393899194
1998-03-21,11.359747761126068
1998-03-22,0.0
1998-03-23,0.0
1998-03-24,0.0
1998-03-25,0.0
1998-03-26,0.0
1998-03-27,0.0
1998-03-28,0.01961653660365377
1998-03-29,0.0
1998-03-30,0.0
1998-03-31,0.0
1998-04-01,2.223754729929024
1998-04-02,0.0
1998-04-03,2.2441586699156213
1998-04-04,13.846625050042954
1998-04-05,0.22036640563109663
1998-04-06,0.0
1998-04-07,0.0
1998-04-08,2.9029454030427404
1998-04-09,12.26346404240288
1998-04-10,1.3945422077750835
1998-04-11,0.0
1998-04-12,0.0
1998-04-13,0.0
1998-04-14,4.268887860724158
1998-04-15,0.10441027320768878
1998-04-16,2.529529930283984
1998-04-17,56.35513363739543
1998-04-18,5.229188478990844
1998-04-19,28.764103164049782
1998-04-20,3.7420200101841123
1998-04-21,0.0012195468789419775
1998-04-22,4.1803844522393145
1998-04-23,3.006367235535049
1998-04-24,0.07967255967888341
1998-04-25,0.03838480843056008
1998-04-26,0.0
1998-04-27,0.44963996110843
1998-04-28,0.11514084609388667
1998-04-29,0.03630364191257371
1998-04-30,2.40418518531525
1998-05-01,21.18076112935588
1998-05-02,0.9511300090690357
1998-05-03,3.278454771472716
1998-05-04,18.70369369509827
1998-05-05,1.9427466846560093
1998-05-06,0.0
1998-05-07,20.26737470921533
1998-05-08,29.62247984149268
1998-05-09,0.10874813305559389
1998-05-10,4.394183991074542
1998-05-11,3.342703435410443
1998-05-12,0.8601554791642616
1998-05-13,0.02828782900860861
1998-05-14,0.0
1998-05-15,0.0
1998-05-16,0.0006097734394709888
1998-05-17,2.775488240868858
1998-05-18,0.0
1998-05-19,0.0
1998-05-20,0.09216075712148976
1998-05-21,0.32619904607216904
1998-05-22,0.002861716431022241
1998-05-23,7.258190193225503
1998-05-24,11.105538402347461
1998-05-25,2.728879672380798
1998-05-26,2.0906459753454505
1998-05-27,13.062640042780341
1998-05-28,0.6215469144441667
1998-05-29,0.0
1998-05-30,1.0747550581692795
1998-05-31,0.20925626187131105
1998-06-01,0.7988290682150805
1998-06-02,6.384002719855673
1998-06-03,2.3810867815780865
1998-06-04,4.745546312404481
1998-06-05,4.991037668778042
1998-06-06,0.33540382850417716
1998-06-07,0.0
1998-06-08,0.0
1998-06-09,3.7869777146780907
1998-06-10,2.519912387066801
1998-06-11,1.9733463716417792
1998-06-12,0.6362218413519025
1998-06-13,0.06691227958386604
1998-06-14,0.0006097734394709888
1998-06-15,5.80664895599575
1998-06-16,1.4192275290472576
1998-06-17,0.2910460259083552
1998-06-18,0.0
1998-06-19,1.4817356015875724
1998-06-20,0.0
1998-06-21,0.0
1998-06-22,0.27652999314772886
1998-06-23,0.05384608701556574
1998-06-24,0.0006097734394709888
1998-06-25,0.0
1998-06-26,0.019066840967657508
1998-06-27,0.3192095898202844
1998-06-28,3.8160711239209606
1998-06-29,2.9193116045131657
1998-06-30,3.174233313614935
1998-07-01,0.07215966296864998
1998-07-02,0.0
1998-07-03,0.0
1998-07-04,3.1566484435107065
1998-07-05,1.7050955962369727
1998-07-06,0.0006097734394709888
1998-07-07,0.0
1998-07-08,11.239225552081225
1998-07-09,2.0844971033600013
1998-07-10,1.168909740952901
1998-07-11,0.005973070502687054
1998-07-12,0.01845706752818652
1998-07-13,0.0
1998-07-14,0.0
1998-07-15,0.0
1998-07-16,2.297142740275574
1998-07-17,1.1076518552393155
1998-07-18,0.0
1998-07-19,0.00870758880705359
1998-07-20,0.12347288528784742
1998-07-21,0.005487960955238899
1998-07-22,2.6456840067202467
1998-07-23,2.4968647810044824
1998-07-24,0.14277562482845885
1998-07-25,0.6614031176021066
1998-07-26,5.750189836506621
1998-07-27,1.9353305443681108
1998-07-28,0.5907113853765367
1998-07-29,0.0
1998-07-30,0.0
1998-07-31,0.4072103537543111
1998-08-01,0.0
1998-08-02,0.0
1998-08-03,0.0
1998-08-04,0.0006097734394709888
1998-08-05,0.0012195468789419775
1998-08-06,0.0
1998-08-07,0.0
1998-08-08,20.19683828297809
1998-08-09,8.768937281397365
1998-08-10,15.580913261787886
1998-08-11,0.0
1998-08-12,0.0
1998-08-13,0.0
1998-08-14,0.0
1998-08-15,0.0006097734394709888
1998-08-16,16.570466040592937
1998-08-17,9.234373595709657
1998-08-18,0.0012195468789419775
1998-08-19,0.0012195468789419775
1998-08-20,0.0
1998-08-21,0.0
1998-08-22,0.0
1998-08-23,0.0
1998-08-24,0.8374439721752415
1998-08-25,0.0
1998-08-26,0.09087994032010407
1998-08-27,0.8102021181072903
1998-08-28,0.0
1998-08-29,0.0
1998-08-30,0.0
1998-08-31,0.0
1998-09-01,0.0012195468789419775
1998-09-02,0.0
1998-09-03,7.559477456633011
1998-09-04,9.735053223159575
1998-09-05,0.0
1998-09-06,0.0
1998-09-07,0.0
1998-09-08,6.84347285074204
1998-09-09,0.21612474861679157
1998-09-10,0.0
1998-09-11,0.0
1998-09-12,0.0
1998-09-13,0.0
1998-09-14,0.0
1998-09-15,0.0
1998-09-16,0.0
1998-09-17,4.217015467444768
1998-09-18,0.09056150049460504
1998-09-19,0.0
1998-09-20,0.0
1998-09-21,8.280490855189933
1998-09-22,3.641215114466414
1998-09-23,0.0
1998-09-24,0.0
1998-09-25,0.0
1998-09-26,0.0
1998-09-27,0.0
1998-09-28,0.01845706752818652
1998-09-29,0.38876575174092903
1998-09-30,1.2802357326468299
1998-10-01,0.0
1998-10-02,0.0
1998-10-03,0.6673256468233666
1998-10-04,6.661000162303739
1998-10-05,4.1390375635398815
1998-10-06,1.270145238508362
1998-10-07,1.8999995477294858
1998-10-08,9.790475172054355
1998-10-09,0.0
1998-10-10,0.0
1998-10-11,0.0
1998-10-12,0.0
1998-10-13,0.0
1998-10-14,0.0
1998-10-15,0.0
1998-10-16,0.0
1998-10-17,0.0
1998-10-18,0.0
1998-10-19,0.01907516291620106
1998-10-20,0.1809329945895968
1998-10-21,0.0
1998-10-22,0.0
1998-10-23,0.0
1998-10-24,0.0
1998-10-25,0.0
1998-10-26,0.0
1998-10-27,0.0
1998-10-28,0.0001707606544597465
1998-10-29,0.0
1998-10-30,0.13430750273692343
1998-10-31,0.0
1998-11-01,0.1534105511079745
1998-11-02,0.9613038619170532
1998-11-03,6.777958739177935
1998-11-04,1.2320621427235718
1998-11-05,0.0
1998-11-06,0.0
1998-11-07,0.14498410697217745
1998-11-08,0.03589175421608867
1998-11-09,0.00487818751576791
1998-11-10,1.413723527149667
1998-11-11,8.664836510710437
1998-11-12,0.0
1998-11-13,0.2003575989000304
1998-11-14,0.3306688234464053
1998-11-15,0.17538730041613054
1998-11-16,0.05321893415557417
1998-11-17,0.03739924460382119
1998-11-18,0.0
1998-11-19,0.0
1998-11-20,0.015013208328017388
1998-11-21,0.1726853797712448
1998-11-22,0.0
1998-11-23,0.0
1998-11-24,0.0
1998-11-25,0.21074490222136008
1998-11-26,2.3038035708171383
1998-11-27,0.0772080110121943
1998-11-28,0.0
1998-11-29,0.0
1998-11-30,0.0
1998-12-01,0.0
1998-12-02,0.0
1998-12-03,0.08078630687372677
1998-12-04,0.0
1998-12-05,0.17724046765079837
1998-12-06,0.0
1998-12-07,0.0
1998-12-08,8.472825064444221
1998-12-09,11.956289045629662
1998-12-10,0.0
1998-12-11,0.0
1998-12-12,7.279125783436255
1998-12-13,50.37096089446531
1998-12-14,0.06058125636882469
1998-12-15,0.0
1998-12-16,0.09212480450262212
1998-12-17,0.0
1998-12-18,0.0
1998-12-19,0.15110599349293943
1998-12-20,0.8814151087839915
1998-12-21,0.0
1998-12-22,0.09148697290724304
1998-12-23,2.5666122035609282
1998-12-24,22.535560842210376
1998-12-25,1.0663785961100427
1998-12-26,0.0
1998-12-27,0.0
1998-12-28,0.44917886107525296
1998-12-29,0.32855042298202164
1998-12-30,0.03691413505637304
1998-12-31,0.4812037786723531
1999-01-01,0.0
1999-01-02,0.7634774066986809
1999-01-03,30.048675306453216
1999-01-04,0.0
1999-01-05,0.0
1999-01-06,0.0
1999-01-07,0.0036586406368259326
1999-01-08,1.526423038469093
1999-01-09,2.6064153889230552
1999-01-10,0.0
1999-01-11,0.0
1999-01-12,0.0
1999-01-13,0.0
1999-01-14,1.6984163653080437
1999-01-15,13.436839572886509
1999-01-16,0.0
1999-01-17,2.9998088498281206
1999-01-18,17.536901256925745
1999-01-19,0.0
1999-01-20,0.03765500966441357
1999-01-21,0.0
1999-01-22,0.05689495421292068
1999-01-23,11.156439125901027
1999-01-24,35.96369902005409
1999-01-25,0.0
1999-01-26,0.0
1999-01-27,0.0
1999-01-28,0.0
1999-01-29,0.0
1999-01-30,0.0
1999-01-31,0.0
1999-02-01,9.720571286096707
1999-02-02,8.761609064085533
1999-02-03,0.0
1999-02-04,0.6233086009830241
1999-02-05,0.0
1999-02-06,0.0
1999-02-07,4.011105949038756
1999-02-08,0.27297273563675445
1999-02-09,0.0
1999-02-10,0.0
1999-02-11,0.0
1999-02-12,3.7457610857666985
1999-02-13,0.027110980512620782
1999-02-14,0.0
1999-02-15,0.0
1999-02-16,0.0
1999-02-17,4.866379347288694
1999-02-18,14.609560748444634
1999-02-19,1.3699826280627256
1999-02-20,0.06265338123393917
1999-02-21,0.0
1999-02-22,0.0
1999-02-23,1.71321868588776
1999-02-24,0.186239527677053
1999-02-25,0.15567825644375213
1999-02-26,0.0
1999-02-27,0.0
1999-02-28,9.277487249570221
1999-03-01,0.0
1999-03-02,0.0
1999-03-03,8.710951439775707
1999-03-04,0.9736496094071754
1999-03-05,0.0
1999-03-06,0.936560992459217
1999-03-07,0.000988708421007504
1999-03-08,0.0
1999-03-09,1.8479386634667923
1999-03-10,0.41398726986592294
1999-03-11,0.0
1999-03-12,0.0
1999-03-13,0.0
1999-03-14,17.288425645885166
1999-03-15,12.645049215710769
1999-03-16,0.0
1999-03-17,0.0
1999-03-18,0.01845706752818652
1999-03-19,0.0
1999-03-20,0.0
1999-03-21,16.971961527585595
1999-03-22,1.0316912867039276
1999-03-23,0.0
1999-03-24,1.8387645286672791
1999-03-25,0.2255895568849291
1999-03-26,0.0640424949895144
1999-03-27,0.0
1999-03-28,0.0
1999-03-29,0.0
1999-03-30,0.0
1999-03-31,0.0
1999-04-01,18.76047878173871
1999-04-02,0.22765415985049373
1999-04-03,0.02919114232256534
1999-04-04,1.0999845217820914
1999-04-05,0.15333294631561184
1999-04-06,0.0
1999-04-07,0.0
1999-04-08,0.0
1999-04-09,0.5547589184542407
1999-04-10,0.2196442184727165
1999-04-11,15.868838230127528
1999-04-12,0.0
1999-04-13,0.0
1999-04-14,0.0
1999-04-15,5.446352800967162
1999-04-16,3.4488439552901187
1999-04-17,0.018780473893151954
1999-04-18,0.0
1999-04-19,0.0
1999-04-20,0.16333159127205157
1999-04-21,0.0
1999-04-22,0.019018859533223752
1999-04-23,0.05825193274053129
1999-04-24,0.018627828182646265
1999-04-25,0.0
1999-04-26,4.3921075672401955
1999-04-27,8.280342061926188
1999-04-28,13.302442476913852
1999-04-29,19.698070264862846
1999-04-30,4.5257277383531855
1999-05-01,0.0
1999-05-02,0.0
1999-05-03,0.0
1999-05-04,0.0
1999-05-05,0.19140365505155668
1999-05-06,0.5140423496735957
1999-05-07,3.6387068379657697
1999-05-08,0.9695473446612295
1999-05-09,0.0
1999-05-10,0.0
1999-05-11,0.0
1999-05-12,0.0
1999-05-13,0.6864112541063685
1999-05-14,26.994740155447417
1999-05-15,1.0979562329664023
1999-05-16,0.07599875567530592
1999-05-17,0.0
1999-05-18,0.0
1999-05-19,1.80874953407469
1999-05-20,0.0
1999-05-21,0.0
1999-05-22,1.5494043625008853
1999-05-23,0.060884138719000926
1999-05-24,0.3542570505245532
1999-05-25,0.08711783961784747
1999-05-26,1.2114611429051705
1999-05-27,0.0
1999-05-28,0.0
1999-05-29,0.0
1999-05-30,0.0
1999-05-31,0.0
1999-06-01,0.05353550773638519
1999-06-02,0.512115320988467
1999-06-03,0.0
1999-06-04,0.0
1999-06-05,0.0
1999-06-06,0.0
1999-06-07,0.0
1999-06-08,0.0
1999-06-09,0.0
1999-06-10,0.01845706752818652
1999-06-11,0.01845706752818652
1999-06-12,0.0
1999-06-13,0.5001838926902208
1999-06-14,0.0
1999-06-15,7.756427070895498
1999-06-16,9.050584377066352
1999-06-17,4.775247268949997
1999-06-18,0.8221534541447644
1999-06-19,0.03573054079629871
1999-06-20,6.971965655132888
1999-06-21,1.9678894355692171
1999-06-22,0.019103880258117392
1999-06-23,0.0
1999-06-24,0.0
1999-06-25,1.9438233363291202
1999-06-26,0.1878647448544995
1999-06-27,4.51307669459539
1999-06-28,3.2321116789072253
1999-06-29,0.0835448731858533
1999-06-30,0.1830085805609931
1999-07-01,17.887834770402375
1999-07-02,4.060970744192454
1999-07-03,1.4687193736378559
1999-07-04,0.055396587441610474
1999-07-05,0.0
1999-07-06,0.0
1999-07-07,8.262867483672233
1999-07-08,2.2686362803614983
1999-07-09,0.0
1999-07-10,10.119122385565221
1999-07-11,5.835244258732381
1999-07-12,21.75385048419116
1999-07-13,2.9408891176015666
1999-07-14,7.493411573262801
1999-07-15,0.00016170318248271825
1999-07-16,0.32962364718568443
1999-07-17,0.577309647413611
1999-07-18,0.5382646553318832
1999-07-19,0.000646812729930873
1999-07-20,0.06591713730395805
1999-07-21,15.542007775056637
1999-07-22,9.711466711669875
1999-07-23,0.05384608701556574
1999-07-24,5.079628238643475
1999-07-25,0.19718072039606954
1999-07-26,0.0
1999-07-27,0.0
1999-07-28,11.955902564914991
1999-07-29,4.077666764591411
1999-07-30,0.0
1999-07-31,2.827823170602139
1999-08-01,0.42380115749762926
1999-08-02,0.0011594690754672505
1999-08-03,0.0
1999-08-04,0.0
1999-08-05,0.0
1999-08-06,0.0
1999-08-07,0.15861581436155323
1999-08-08,1.1367140409862966
1999-08-09,1.0367342806848987
1999-08-10,0.0
1999-08-11,0.0
1999-08-12,0.0
1999-08-13,0.0006097734394709888
1999-08-14,1.545596913380795
1999-08-15,0.31420062626202755
1999-08-16,0.0
1999-08-17,0.0
1999-08-18,0.0
1999-08-19,0.11046892962601375
1999-08-20,7.2609879025792035
1999-08-21,0.6261634960720116
1999-08-22,0.14757430630128518
1999-08-23,0.2335320329271408
1999-08-24,0.04712721834577049
1999-08-25,23.23342905361061
1999-08-26,13.292057014094938
1999-08-27,9.71208193501591
1999-08-28,0.0011298875887010241
1999-08-29,0.11843299458959679
1999-08-30,0.0383674290100395
1999-08-31,0.0
1999-09-01,0.0
1999-09-02,0.0
1999-09-03,0.0
1999-09-04,6.597226430163036
1999-09-05,63.942235767622584
1999-09-06,32.11851562428123
1999-09-07,1.3510813465716607
1999-09-08,8.744689092105542
1999-09-09,7.732984665037989
1999-09-10,0.989762944980309
1999-09-11,0.0
1999-09-12,0.0
1999-09-13,0.01845706752818652
1999-09-14,0.0
1999-09-15,24.239942527289156
1999-09-16,34.511797028221686
1999-09-17,0.12338744545160234
1999-09-18,0.0
1999-09-19,0.0
1999-09-20,0.2445175217487369
1999-09-21,12.642497647925511
1999-09-22,0.6563951494283128
1999-09-23,0.1295228283871718
1999-09-24,0.046492918937718626
1999-09-25,0.0
1999-09-26,0.0
1999-09-27,27.68869688180873
1999-09-28,20.819739790942457
1999-09-29,35.34267665517441
1999-09-30,11.089572352796134
1999-10-01,0.0
1999-10-02,0.01845706752818652
1999-10-03,0.038361125431412936
1999-10-04,6.6049472896660335
1999-10-05,0.22366460768762447
1999-10-06,0.0018293203184129663
1999-10-07,0.0
1999-10-08,0.0
1999-10-09,0.6786972023247868
1999-10-10,11.317313263370044
1999-10-11,6.818619808312057
1999-10-12,0.10493918963465212
1999-10-13,5.347104356537057
1999-10-14,0.0
1999-10-15,0.0
1999-10-16,0.0
1999-10-17,6.199108731704451
1999-10-18,0.33610632350485503
1999-10-19,0.0006097734394709888
1999-10-20,13.48253339164705
1999-10-21,1.1847763047716113
1999-10-22,0.20150768316896106
1999-10-23,0.4369018184370219
1999-10-24,0.0
1999-10-25,0.0
1999-10-26,0.0
1999-10-27,0.0
1999-10-28,0.0
1999-10-29,0.0
1999-10-30,0.0
1999-10-31,0.0
1999-11-01,0.0
1999-11-02,15.810644663579284
1999-11-03,0.0
1999-11-04,0.0
1999-11-05,0.0
1999-11-06,0.0
1999-11-07,0.0
1999-11-08,0.0
1999-11-09,0.14489444768193652
1999-11-10,0.015174911510500107
1999-11-11,2.3001902013613402
1999-11-12,0.03347027585620391
1999-11-13,0.0
1999-11-14,0.0
1999-11-15,0.0
1999-11-16,0.0
1999-11-17,0.0
1999-11-18,0.0
1999-11-19,0.0
1999-11-20,0.0
1999-11-21,2.7821634593312354
1999-11-22,3.9271681882507545
1999-11-23,0.01845706752818652
1999-11-24,0.12610385683648823
1999-11-25,1.7960987105152404
1999-11-26,25.498003998117795
1999-11-27,0.42395861115682526
1999-11-28,0.026387485325100834
1999-11-29,0.0
1999-11-30,0.0
1999-12-01,0.0
1999-12-02,0.0
1999-12-03,0.0
1999-12-04,0.0
1999-12-05,0.0
1999-12-06,7.018203713507074
1999-12-07,0.0
1999-12-08,0.0
1999-12-09,0.0
1999-12-10,3.464823763265802
1999-12-11,0.0
1999-12-12,0.04162950582658658
1999-12-13,2.946497145264981
1999-12-14,20.76260790953501
1999-12-15,0.1459172867766139
1999-12-16,0.01752434597814311
1999-12-17,0.0
1999-12-18,0.07866083692820562
1999-12-19,1.4866513723591628
1999-12-20,4.0287722302538755
1999-12-21,9.285987223874638
1999-12-22,0.8420846259442253
1999-12-23,0.0
1999-12-24,0.4941372569430711
1999-12-25,0.0
1999-12-26,0.15850901674474652
1999-12-27,0.030849702356263907
1999-12-28,0.0
1999-12-29,0.0
1999-12-30,0.0
1999-12-31,0.0
2000-01-01,0.0
2000-01-02,0.0
2000-01-03,0.0
2000-01-04,18.509821719207977
2000-01-05,1.370179795450454
2000-01-06,0.0
2000-01-07,0.0
2000-01-08,0.0
2000-01-09,12.313904570260439
2000-01-10,19.781904091581872
2000-01-11,0.0
2000-01-12,0.0
2000-01-13,0.0
2000-01-14,0.0
2000-01-15,0.0
2000-01-16,0.0
2000-01-17,0.0
2000-01-18,3.1321356888192224
2000-01-19,0.0
2000-01-20,16.693876641327133
2000-01-21,0.6298076906680523
2000-01-22,0.3198018236295737
2000-01-23,3.183899889322673
2000-01-24,0.019180562715706468
2000-01-25,12.412710117550748
2000-01-26,0.0
2000-01-27,0.0
2000-01-28,0.0
2000-01-29,0.037816712846896285
2000-01-30,19.855607540410993
2000-01-31,0.3366669097802972
2000-02-01,0.08035455847561837
2000-02-02,0.0
2000-02-03,0.0
2000-02-04,0.0
2000-02-05,0.09420538475437923
2000-02-06,0.03382914507734424
2000-02-07,0.0
2000-02-08,0.0
2000-02-09,0.0
2000-02-10,0.0
2000-02-11,0.2790894493101375
2000-02-12,9.589024111318636
2000-02-13,0.8429981990021355
2000-02-14,7.037357160667688
2000-02-15,0.0
2000-02-16,0.0
2000-02-17,0.0
2000-02-18,11.73477621276098
2000-02-19,0.771434460021291
2000-02-20,0.0
2000-02-21,0.0
2000-02-22,0.0
2000-02-23,0.0
2000-02-24,0.0
2000-02-25,0.0
2000-02-26,0.0
2000-02-27,0.987692992439081
2000-02-28,0.9674325540806622
2000-02-29,0.0
2000-03-01,0.0
2000-03-02,0.0
2000-03-03,0.0
2000-03-04,0.01845706752818652
2000-03-05,0.0
2000-03-06,0.0
2000-03-07,0.0
2000-03-08,0.0
2000-03-09,0.01845706752818652
2000-03-10,0.0
2000-03-11,2.600236249543235
2000-03-12,3.462569186757995
2000-03-13,0.0
2000-03-14,0.0
2000-03-15,0.0
2000-03-16,18.425694254402107
2000-03-17,12.787446649955012
2000-03-18,0.0
2000-03-19,0.0
2000-03-20,20.382760832732806
2000-03-21,9.206201967461762
2000-03-22,0.0
2000-03-23,0.0
2000-03-24,0.0
2000-03-25,1.2364593827953856
2000-03-26,0.22811460317595575
2000-03-27,6.834380283095949
2000-03-28,2.270094814676046
2000-03-29,0.0
2000-03-30,2.1080939826192564
2000-03-31,0.0
2000-04-01,0.0
2000-04-02,2.508558353257916
2000-04-03,14.28919247595727
2000-04-04,13.165148522702886
2000-04-05,0.0
2000-04-06,0.0
2000-04-07,0.0
2000-04-08,17.970501272885905
2000-04-09,0.054221961025241565
2000-04-10,0.0
2000-04-11,0.0
2000-04-12,0.03476186662738765
2000-04-13,6.180017750432599
2000-04-14,0.9899560043273097
2000-04-15,4.966104762611467
2000-04-16,0.21553727319032936
2000-04-17,16.3564452728915
2000-04-18,10.990095829827295
2000-04-19,0.0
2000-04-20,0.0
2000-04-21,0.41643694641527246
2000-04-22,0.0
2000-04-23,0.0
2000-04-24,4.650653730043868
2000-04-25,16.6071598775021
2000-04-26,4.006200068235789
2000-04-27,1.6192802051124255
2000-04-28,9.074731722390997
2000-04-29,2.2395633334059304
2000-04-30,0.22473324117298693
2000-05-01,0.0
2000-05-02,0.00016170318248271825
2000-05-03,0.0
2000-05-04,0.0
2000-05-05,0.0
2000-05-06,0.0
2000-05-07,0.0
2000-05-08,0.0
2000-05-09,0.0
2000-05-10,0.0
2000-05-11,0.0
2000-05-12,0.0
2000-05-13,1.15726122580793
2000-05-14,1.6687157488682915
2000-05-15,0.0
2000-05-16,0.0
2000-05-17,0.12316608534577815
2000-05-18,0.0
2000-05-19,1.36957953711778
2000-05-20,5.867195629132589
2000-05-21,7.417438782744884
2000-05-22,8.956231330768793
2000-05-23,0.6174996715438129
2000-05-24,0.1728113978206382
2000-05-25,2.676552605262411
2000-05-26,0.0012195468789419775
2000-05-27,5.646048126535221
2000-05-28,16.06797597474033
2000-05-29,9.377947051529402
2000-05-30,0.0
2000-05-31,0.0
2000-06-01,0.0
2000-06-02,4.20001080822021
2000-06-03,7.321037420124894
2000-06-04,2.260744715755782
2000-06-05,18.7207631494574
2000-06-06,14.738334981161382
2000-06-07,0.0
2000-06-08,0.0
2000-06-09,0.0
2000-06-10,0.0
2000-06-11,0.0
2000-06-12,0.021907911637739034
2000-06-13,0.0
2000-06-14,12.05078705111156
2000-06-15,24.12586487897429
2000-06-16,15.468781686272168
2000-06-17,0.6850372541316954
2000-06-18,1.6156218276043786
2000-06-19,1.1258801331085277
2000-06-20,0.13133114889848121
2000-06-21,0.522914590901945
2000-06-22,0.08228729725811351
2000-06-23,0.0
2000-06-24,0.0
2000-06-25,3.8711072951768495
2000-06-26,1.8706932601292787
2000-06-27,3.665534690003411
2000-06-28,3.375992092510332
2000-06-29,3.494036886399838
2000-06-30,0.0
2000-07-01,0.0
2000-07-02,0.0
2000-07-03,0.0
2000-07-04,0.1944277034919787
2000-07-05,1.311423010139804
2000-07-06,0.0
2000-07-07,0.01845706752818652
2000-07-08,0.0
2000-07-09,1.6473851221453797
2000-07-10,2.7758342566923346
2000-07-11,6.446623912818179
2000-07-12,6.170776806085868
2000-07-13,0.739151212480074
2000-07-14,0.9559922672156098
2000-07-15,8.045078396291645
2000-07-16,2.1209073036041812
2000-07-17,0.0
2000-07-18,0.0
2000-07-19,0.43750936779825045
2000-07-20,0.06270472265429794
2000-07-21,0.000988708421007504
2000-07-22,1.3221797450777866
2000-07-23,2.4120733320349177
2000-07-24,8.269488538787757
2000-07-25,0.11944256969938853
2000-07-26,3.526042558971289
2000-07-27,0.10805033923713807
2000-07-28,0.7908591981695484
2000-07-29,27.643305545743615
2000-07-30,0.4152836275240769
2000-07-31,19.482639439869974
2000-08-01,3.0823491973165726
2000-08-02,5.400963154558354
2000-08-03,0.9414771563500599
2000-08-04,5.165179101942484
2000-08-05,1.4142510653958051
2000-08-06,0.03808192608038384
2000-08-07,1.4834610669425272
2000-08-08,0.0892434284514885
2000-08-09,1.1150059581633196
2000-08-10,23.52523595631119
2000-08-11,0.0011298875887010241
2000-08-12,0.0
2000-08-13,1.3006416241993533
2000-08-14,0.1089010339603433
2000-08-15,0.05152104899570661
2000-08-16,0.05499649861905596
2000-08-17,0.0
2000-08-18,2.1593840751083304
2000-08-19,0.01845706752818652
2000-08-20,0.08252219348140137
2000-08-21,0.04441763643731708
2000-08-22,0.0
2000-08-23,0.0
2000-08-24,0.447561765274487
2000-08-25,1.2375769627205675
2000-08-26,0.19052562562419081
2000-08-27,10.360730878297856
2000-08-28,21.93783531517318
2000-08-29,0.10013285111535375
2000-08-30,3.9026630464261696
2000-08-31,4.695895998634091
2000-09-01,15.453874956640602
2000-09-02,21.013919710676994
2000-09-03,7.587625012210131
2000-09-04,5.290657046634481
2000-09-05,2.898979803063627
2000-09-06,0.3205582783573415
2000-09-07,0.000988708421007504
2000-09-08,0.018636150131189817
2000-09-09,0.1878451224787374
2000-09-10,0.0
2000-09-11,0.0
2000-09-12,0.0
2000-09-13,0.0445793396197998
2000-09-14,2.285956646024083
2000-09-15,3.4222673886782644
2000-09-16,0.0
2000-09-17,0.07330018491330331
2000-09-18,9.0970598154532
2000-09-19,21.051485510521612
2000-09-20,0.2246001932351879
2000-09-21,0.1324127556689388
2000-09-22,2.7354755129819535
2000-09-23,5.706296306788788
2000-09-24,0.05200615854315476
2000-09-25,16.565468732487385
2000-09-26,12.563317838721648
2000-09-27,0.08932038242208232
2000-09-28,0.0
2000-09-29,0.00016170318248271825
2000-09-30,0.0
2000-10-01,0.0
2000-10-02,0.0
2000-10-03,0.0
2000-10-04,0.0
2000-10-05,0.0
2000-10-06,0.07070161171141308
2000-10-07,0.0
2000-10-08,0.0
2000-10-09,0.0
2000-10-10,0.0
2000-10-11,0.0
2000-10-12,0.0
2000-10-13,0.0
2000-10-14,0.0
2000-10-15,0.002439093757883955
2000-10-16,0.0006097734394709888
2000-10-17,0.0
2000-10-18,0.0
2000-10-19,0.0
2000-10-20,0.0
2000-10-21,0.0
2000-10-22,0.0
2000-10-23,0.00487818751576791
2000-10-24,1.2649303525520894
2000-10-25,0.3751849344127702
2000-10-26,0.0
2000-10-27,0.0
2000-10-28,0.0
2000-10-29,0.0
2000-10-30,0.0
2000-10-31,0.0
2000-11-01,0.0
2000-11-02,0.0
2000-11-03,0.0
2000-11-04,0.0
2000-11-05,0.053227256104117715
2000-11-06,0.0
2000-11-07,0.11473518294046124
2000-11-08,0.15265453838579054
2000-11-09,11.101099819439106
2000-11-10,1.99791250151294
2000-11-11,0.0
2000-11-12,0.0
2000-11-13,0.06350904544458048
2000-11-14,3.8761400420351744
2000-11-15,0.0
2000-11-16,0.1938494187257647
2000-11-17,1.024406844063794
2000-11-18,0.0
2000-11-19,1.6037802158280854
2000-11-20,0.0
2000-11-21,0.0
2000-11-22,0.0
2000-11-23,0.0
2000-11-24,0.0
2000-11-25,13.982148073701559
2000-11-26,3.507351787278825
2000-11-27,0.11544076517491283
2000-11-28,0.13223256316034487
2000-11-29,0.0961493584592072
2000-11-30,0.0
2000-12-01,0.0
2000-12-02,0.0
2000-12-03,0.0
2000-12-04,0.14369251620099371
2000-12-05,0.03357778260462057
2000-12-06,0.0
2000-12-07,0.0
2000-12-08,0.0006097734394709888
2000-12-09,0.0012195468789419775
2000-12-10,1.158055838026036
2000-12-11,0.0
2000-12-12,0.007317281273651865
2000-12-13,0.18065769853030947
2000-12-14,2.584756694495516
2000-12-15,0.0
2000-12-16,10.557445074596387
2000-12-17,11.31077417575222
2000-12-18,0.28231130747590005
2000-12-19,4.10998846094233
2000-12-20,0.009080829400404536
2000-12-21,0.0
2000-12-22,0.0
2000-12-23,0.0
2000-12-24,0.0
2000-12-25,0.0
2000-12-26,0.0
2000-12-27,0.0
2000-12-28,0.0
2000-12-29,0.0
2000-12-30,0.0
2000-12-31,0.0
2001-01-01,0.0
2001-01-02,0.0
2001-01-03,0.0
2001-01-04,0.0
2001-01-05,0.23197844802542283
2001-01-06,0.0
2001-01-07,0.0
2001-01-08,6.47407039062855
2001-01-09,0.0
2001-01-10,0.0
2001-01-11,0.0
2001-01-12,0.05483479543657324
2001-01-13,0.0
2001-01-14,0.018627828182646265
2001-01-15,0.10691763643731708
2001-01-16,0.0
2001-01-17,0.0
2001-01-18,11.078149561091891
2001-01-19,17.273626579444272
2001-01-20,17.004085799655712
2001-01-21,0.1620967251037444
2001-01-22,0.0
2001-01-23,0.0
2001-01-24,0.0
2001-01-25,0.0
2001-01-26,0.0
2001-01-27,0.0003324638369424648
2001-01-28,0.0
2001-01-29,0.0
2001-01-30,5.974068631959773
2001-01-31,0.0
2001-02-01,0.0
2001-02-02,0.0
2001-02-03,0.1915180926465906
2001-02-04,0.5648444191417765
2001-02-05,0.4774665895730849
2001-02-06,0.11793451362125587
2001-02-07,0.0500619002843036
2001-02-08,0.0
2001-02-09,0.00016170318248271825
2001-02-10,1.2765683068304947
2001-02-11,0.0
2001-02-12,2.8725384844343664
2001-02-13,2.113458245517287
2001-02-14,3.4286805398804736
2001-02-15,0.9760936391455722
2001-02-16,6.048662284781447
2001-02-17,13.441351095210344
2001-02-18,0.07455176530026603
2001-02-19,0.0
2001-02-20,0.0
2001-02-21,0.0
2001-02-22,4.469601233736978
2001-02-23,0.0
2001-02-24,0.0
2001-02-25,8.475738115870026
2001-02-26,0.038037719066447505
2001-02-27,0.0
2001-02-28,0.015174911510500107
2001-03-01,0.0
2001-03-02,0.1179056449135875
2001-03-03,2.0779187807939006
2001-03-04,8.465164660974205
2001-03-05,2.1311974277243504
2001-03-06,0.08277876186873002
2001-03-07,0.0
2001-03-08,0.0
2001-03-09,0.0
2001-03-10,0.0
2001-03-11,0.0
2001-03-12,2.491192133345872
2001-03-13,4.487197173387436
2001-03-14,0.0
2001-03-15,10.588683445650425
2001-03-16,0.5014600416664109
2001-03-17,0.03691413505637304
2001-03-18,0.0
2001-03-19,0.0
2001-03-20,8.949773500058061
2001-03-21,21.992367111629903
2001-03-22,1.4916050404302885
2001-03-23,0.0
2001-03-24,0.0
2001-03-25,0.0
2001-03-26,0.0
2001-03-27,0.0
2001-03-28,0.0
2001-03-29,28.657834587404807
2001-03-30,13.143677969969211
2001-03-31,2.876659981554675
2001-04-01,17.449289041572218
2001-04-02,0.30951240483363657
2001-04-03,3.8926684987678564
2001-04-04,0.01845706752818652
2001-04-05,0.0
2001-04-06,0.0
2001-04-07,0.08349372724086757
2001-04-08,0.0
2001-04-09,0.08591707346432541
2001-04-10,0.058146999079988666
2001-04-11,0.062149136215390005
2001-04-12,0.017434686687902153
2001-04-13,4.011606595505683
2001-04-14,0.13426822842575736
2001-04-15,0.8323626135965703
2001-04-16,0.0
2001-04-17,3.396001237028759
2001-04-18,0.0
2001-04-19,0.0
2001-04-20,0.0
2001-04-21,0.0
2001-04-22,0.0
2001-04-23,0.0
2001-04-24,7.38582387797552
2001-04-25,7.231576945296648
2001-04-26,0.0011235840100744644
2001-04-27,0.10857010478645432
2001-04-28,0.04741027300159072
2001-04-29,0.0006097734394709888
2001-04-30,0.0
2001-05-01,0.19133003848244215
2001-05-02,0.01586083559382863
2001-05-03,0.0
2001-05-04,0.0
2001-05-05,0.039589680246448086
2001-05-06,3.0420859212461306
2001-05-07,0.06521919639680453
2001-05-08,0.0
2001-05-09,0.0
2001-05-10,0.08669753196032162
2001-05-11,0.0
2001-05-12,0.12206514338177153
2001-05-13,0.24906519513476844
2001-05-14,0.06072203234420308
2001-05-15,7.890217548825513
2001-05-16,31.209205690880346
2001-05-17,8.383158386231479
2001-05-18,2.4233240235572553
2001-05-19,15.432976680571016
2001-05-20,10.758035666990144
2001-05-21,18.435307285756682
2001-05-22,28.39850637907815
2001-05-23,0.49606345455057604
2001-05-24,2.2274481263090244
2001-05-25,13.002155574252214
2001-05-26,17.767110822198454
2001-05-27,0.0
2001-05-28,1.6014539831410124
2001-05-29,1.8368159247813294
2001-05-30,0.590653644313712
2001-05-31,2.0139538832218284
2001-06-01,14.035959706236467
2001-06-02,3.817741831648352
2001-06-03,0.0
2001-06-04,0.4455177576445917
2001-06-05,2.400012993049483
2001-06-06,8.568916034196645
2001-06-07,6.254633318231084
2001-06-08,0.35771398530936216
2001-06-09,0.36784472346114705
2001-06-10,0.0
2001-06-11,0.6166083296949205
2001-06-12,0.12687873324695428
2001-06-13,0.06376036058989928
2001-06-14,4.663311057643884
2001-06-15,0.49382622224754297
2001-06-16,0.1482928685661863
2001-06-17,0.0
2001-06-18,0.0
2001-06-19,0.0
2001-06-20,0.0
2001-06-21,0.09978033757695506
2001-06-22,6.481336433360989
2001-06-23,3.3138671499024253
2001-06-24,2.923865917846162
2001-06-25,0.0
2001-06-26,4.217868837075723
2001-06-27,0.4475776090326423
2001-06-28,3.469670420806758
2001-06-29,0.15563544378949842
2001-06-30,0.019607479131676743
2001-07-01,1.4048906514996269
2001-07-02,0.07268208952528878
2001-07-03,0.0
2001-07-04,16.524120670775826
2001-07-05,1.3172120125330842
2001-07-06,0.015013208328017388
2001-07-07,0.10873933077786058
2001-07-08,8.857992134483665
2001-07-09,6.660661811831015
2001-07-10,2.0372796506600457
2001-07-11,1.4387966813652118
2001-07-12,0.0012915907711837425
2001-07-13,1.0520483607278484
2001-07-14,0.06420797259249454
2001-07-15,0.0
2001-07-16,0.0
2001-07-17,1.4880190042396422
2001-07-18,0.37906391373888587
2001-07-19,0.4461974648695681
2001-07-20,0.0
2001-07-21,0.0
2001-07-22,0.0
2001-07-23,0.03494094923039095
2001-07-24,3.763432404412461
2001-07-25,4.166984056342087
2001-07-26,19.183971773464936
2001-07-27,11.529426505454285
2001-07-28,7.702459468469501
2001-07-29,10.208540683301493
2001-07-30,1.2205025062264825
2001-07-31,0.04474104280228252
2001-08-01,4.69047431766079
2001-08-02,0.2535829782566935
2001-08-03,0.0311563042447358
2001-08-04,0.0
2001-08-05,0.0
2001-08-06,0.0
2001-08-07,0.0
2001-08-08,0.0
2001-08-09,0.0
2001-08-10,0.10096463548241777
2001-08-11,18.31915907889795
2001-08-12,3.324742101692608
2001-08-13,7.986850715618335
2001-08-14,0.04570292362987426
2001-08-15,0.01845706752818652
2001-08-16,0.0
2001-08-17,0.6938407163792072
2001-08-18,4.182171639295566
2001-08-19,10.265565536670827
2001-08-20,1.431238211282075
2001-08-21,0.017434686687902153
2001-08-22,0.0
2001-08-23,2.736267006827731
2001-08-24,6.378953708998618
2001-08-25,0.21691686955068393
2001-08-26,0.0445793396197998
2001-08-27,1.350647734037412
2001-08-28,0.0
2001-08-29,0.0
2001-08-30,0.045406344858324586
2001-08-31,0.27062164854729803
2001-09-01,7.9616513727409
2001-09-02,0.3463012158926117
2001-09-03,0.2281109251390774
2001-09-04,0.18287371481514697
2001-09-05,0.0
2001-09-06,0.0
2001-09-07,0.0012852871925571826
2001-09-08,0.0
2001-09-09,0.2780021191015016
2001-09-10,2.095471938279107
2001-09-11,0.06319811033046904
2001-09-12,0.0
2001-09-13,0.0
2001-09-14,0.03819942224893022
2001-09-15,0.0
2001-09-16,0.0
2001-09-17,0.0
2001-09-18,0.0
2001-09-19,0.08074480226859912
2001-09-20,6.272052272434195
2001-09-21,0.16398822655703477
2001-09-22,0.0
2001-09-23,0.008662970456411293
2001-09-24,16.90264767176494
2001-09-25,2.6381883656757656
2001-09-26,0.0
2001-09-27,0.0
2001-09-28,0.0
2001-09-29,0.0
2001-09-30,0.0
2001-10-01,0.0
2001-10-02,0.0
2001-10-03,0.0
2001-10-04,0.0
2001-10-05,0.0
2001-10-06,1.8994822799099438
2001-10-07,0.0
2001-10-08,0.0
2001-10-09,0.0
2001-10-10,0.0
2001-10-11,0.0
2001-10-12,0.06620662207125969
2001-10-13,0.11338130890473838
2001-10-14,10.562746751258539
2001-10-15,0.09765088904155114
2001-10-16,0.03791116542592409
2001-10-17,0.0
2001-10-18,0.0
2001-10-19,0.0
2001-10-20,0.0
2001-10-21,0.0
2001-10-22,0.0
2001-10-23,0.0
2001-10-24,0.0
2001-10-25,0.13513645101724486
2001-10-26,0.0
2001-10-27,0.0
2001-10-28,0.0
2001-10-29,0.0
2001-10-30,0.0
2001-10-31,0.0
2001-11-01,0.002439093757883955
2001-11-02,0.0036586406368259326
2001-11-03,0.0
2001-11-04,0.0
2001-11-05,0.0
2001-11-06,0.0
2001-11-07,0.0
2001-11-08,0.0
2001-11-09,0.000988708421007504
2001-11-10,0.0
2001-11-11,0.0
2001-11-12,0.0
2001-11-13,0.0
2001-11-14,0.0018293203184129663
2001-11-15,0.0006097734394709888
2001-11-16,0.0
2001-11-17,0.0
2001-11-18,0.0
2001-11-19,0.0
2001-11-20,0.0
2001-11-21,0.0
2001-11-22,0.030026416656034775
2001-11-23,0.017272983505419438
2001-11-24,6.073407695099353
2001-11-25,3.1236510408493188
2001-11-26,0.07105453529740556
2001-11-27,0.07187846020740091
2001-11-28,0.0
2001-11-29,0.07077803897475843
2001-11-30,1.0406440804145194
2001-12-01,0.027110980512620782
2001-12-02,0.0
2001-12-03,0.0
2001-12-04,0.0
2001-12-05,0.0
2001-12-06,0.0
2001-12-07,1.9812991524569321
2001-12-08,1.9270757139692423
2001-12-09,0.36477234778445045
2001-12-10,21.456583639308377
2001-12-11,13.207482725053927
2001-12-12,3.341142116875
2001-12-13,1.3445668215272064
2001-12-14,0.399707257764168
2001-12-15,0.0012915907711837425
2001-12-16,0.0
2001-12-17,6.368560626587438
2001-12-18,12.45519235166999
2001-12-19,0.0
2001-12-20,0.0
2001-12-21,0.0
2001-12-22,0.0
2001-12-23,2.8678409797095274
2001-12-24,3.6721957193080836
2001-12-25,0.0
2001-12-26,0.0
2001-12-27,0.0
2001-12-28,0.0
2001-12-29,0.0
2001-12-30,0.0
2001-12-31,0.0
2002-01-01,0.0
2002-01-02,1.2439466267630652
2002-01-03,5.812006275166035
2002-01-04,0.07938658330529602
2002-01-05,0.0
2002-01-06,13.819927375969709
2002-01-07,0.0
2002-01-08,0.0
2002-01-09,0.0
2002-01-10,0.0
2002-01-11,0.0
2002-01-12,0.0
2002-01-13,0.24670291658304752
2002-01-14,0.0
2002-01-15,0.0
2002-01-16,0.0
2002-01-17,0.0
2002-01-18,0.6409355538342049
2002-01-19,23.339414390597177
2002-01-20,4.11456421533853
2002-01-21,2.9125486675139203
2002-01-22,0.0
2002-01-23,16.4369611171071
2002-01-24,6.551210614766628
2002-01-25,5.676322847590122
2002-01-26,0.16546946935189608
2002-01-27,0.0
2002-01-28,0.0
2002-01-29,0.0
2002-01-30,0.01861877071066924
2002-01-31,0.0
2002-02-01,0.09788901948737921
2002-02-02,0.0
2002-02-03,0.0
2002-02-04,0.0
2002-02-05,0.0
2002-02-06,4.9709608851137554
2002-02-07,15.340259148978834
2002-02-08,0.24106637566715725
2002-02-09,0.0
2002-02-10,2.4881815899243316
2002-02-11,0.045501593099367486
2002-02-12,0.0
2002-02-13,0.0
2002-02-14,0.0
2002-02-15,0.0
2002-02-16,0.01845706752818652
2002-02-17,0.0
2002-02-18,0.0
2002-02-19,0.0
2002-02-20,0.21271387105165324
2002-02-21,0.05544456887604423
2002-02-22,0.0
2002-02-23,0.0
2002-02-24,0.0
2002-02-25,0.0
2002-02-26,0.03881682166627068
2002-02-27,0.0
2002-02-28,0.0
2002-03-01,0.0
2002-03-02,16.432391643345326
2002-03-03,5.018059503456796
2002-03-04,0.0
2002-03-05,0.0
2002-03-06,0.0
2002-03-07,0.0
2002-03-08,0.0
2002-03-09,0.6301934258461868
2002-03-10,1.022246657638057
2002-03-11,0.0
2002-03-12,6.305004324259415
2002-03-13,4.70827211809656
2002-03-14,0.0
2002-03-15,0.0
2002-03-16,1.1012661505942325
2002-03-17,21.152959875175554
2002-03-18,24.085123646659806
2002-03-19,0.4590030760843325
2002-03-20,2.0860804503640926
2002-03-21,0.5659167882243746
2002-03-22,0.0
2002-03-23,0.0
2002-03-24,0.0
2002-03-25,0.0
2002-03-26,7.072851134401432
2002-03-27,2.5944858516324425
2002-03-28,0.0
2002-03-29,0.0
2002-03-30,3.0818902422761054
2002-03-31,9.405644098798659
2002-04-01,0.8656273951499227
2002-04-02,0.0006097734394709888
2002-04-03,0.2235351725616253
2002-04-04,0.24296245918470813
2002-04-05,0.0
2002-04-06,0.0
2002-04-07,0.0
2002-04-08,0.0
2002-04-09,1.7798320252664328
2002-04-10,1.2228284812010461
2002-04-11,0.0
2002-04-12,0.4582043890526146
2002-04-13,0.0
2002-04-14,0.29651915436896575
2002-04-15,2.0780790425591102
2002-04-16,0.0
2002-04-17,0.07065411060616908
2002-04-18,1.5658170676734817
2002-04-19,9.041435511433567
2002-04-20,0.28978081205097733
2002-04-21,0.09148665639522983
2002-04-22,0.14038674467767634
2002-04-23,0.0
2002-04-24,0.19772445852509427
2002-04-25,4.635175259109503
2002-04-26,0.0
2002-04-27,0.000988708421007504
2002-04-28,4.34970365846706
2002-04-29,0.27999370231691306
2002-04-30,0.0
2002-05-01,0.08160388025811739
2002-05-02,27.82681307016415
2002-05-03,12.73231247342689
2002-05-04,4.087811636079346
2002-05-05,0.24831370484791235
2002-05-06,0.126149241559318
2002-05-07,2.431673161555002
2002-05-08,14.376909556148739
2002-05-09,40.62338432064371
2002-05-10,0.09831087154125508
2002-05-11,1.9026324564139907
2002-05-12,0.42315204934858947
2002-05-13,11.53812064768221
2002-05-14,5.045837319409394
2002-05-15,0.0
2002-05-16,0.0
2002-05-17,0.0
2002-05-18,10.76281140984116
2002-05-19,0.0
2002-05-20,0.0
2002-05-21,0.0
2002-05-22,0.0
2002-05-23,0.0
2002-05-24,0.0
2002-05-25,0.0
2002-05-26,0.0006097734394709888
2002-05-27,0.8136210118315741
2002-05-28,0.0
2002-05-29,0.07980887800431521
2002-05-30,0.157242190277998
2002-05-31,0.0
2002-06-01,6.893714867497305
2002-06-02,0.0
2002-06-03,0.0
2002-06-04,0.29341957610711605
2002-06-05,0.1047510495596718
2002-06-06,10.99214217666614
2002-06-07,1.5914619572159419
2002-06-08,0.0
2002-06-09,0.0
2002-06-10,0.0
2002-06-11,0.0
2002-06-12,0.0
2002-06-13,0.9490773157011443
2002-06-14,2.9654157226540896
2002-06-15,0.5525759003230574
2002-06-16,0.0
2002-06-17,0.0003234063649654365
2002-06-18,1.4254570064684793
2002-06-19,0.0
2002-06-20,0.0
2002-06-21,0.0
2002-06-22,0.0
2002-06-23,0.0
2002-06-24,0.0
2002-06-25,0.0
2002-06-26,5.768193410412976
2002-06-27,20.83011880942968
2002-06-28,1.9128550172360628
2002-06-29,0.0
2002-06-30,0.0
2002-07-01,0.0
2002-07-02,0.4024823132499421
2002-07-03,6.340763069311
2002-07-04,0.6025150244951946
2002-07-05,0.5223418986640691
2002-07-06,0.0
2002-07-07,0.0
2002-07-08,0.0445793396197998
2002-07-09,1.3303535272558356
2002-07-10,1.2211850749007338
2002-07-11,11.05405205691087
2002-07-12,1.1858522668896296
2002-07-13,0.8415931669997064
2002-07-14,10.527962240956205
2002-07-15,0.008684924676195884
2002-07-16,0.01845706752818652
2002-07-17,0.02539877690409333
2002-07-18,0.2857330056587093
2002-07-19,0.046556756461814806
2002-07-20,0.27691248944653035
2002-07-21,0.19389581023520472
2002-07-22,1.4310746007532116
2002-07-23,8.188952871644517
2002-07-24,4.905731678780951
2002-07-25,11.216749175214403
2002-07-26,10.943708956824079
2002-07-27,2.935171604462516
2002-07-28,0.0445793396197998
2002-07-29,0.1873647731628431
2002-07-30,0.16608382434597857
2002-07-31,0.0
2002-08-01,0.40637379663431683
2002-08-02,0.17016627663707284
2002-08-03,0.0
2002-08-04,0.0
2002-08-05,0.0
2002-08-06,0.0
2002-08-07,0.0
2002-08-08,0.0
2002-08-09,0.0
2002-08-10,0.0
2002-08-11,0.0
2002-08-12,0.0
2002-08-13,0.0
2002-08-14,0.17266312384924723
2002-08-15,2.4661617811718903
2002-08-16,3.346565680191902
2002-08-17,4.3731721363683445
2002-08-18,3.284097317522776
2002-08-19,0.0615309514489318
2002-08-20,0.0
2002-08-21,4.618601847168178
2002-08-22,2.484009027013834
2002-08-23,0.8207527412077272
2002-08-24,6.673881179045535
2002-08-25,1.066002951922085
2002-08-26,14.77995238036599
2002-08-27,4.566172914825968
2002-08-28,18.812391039053114
2002-08-29,1.268047880531687
2002-08-30,7.562626671579297
2002-08-31,15.534828114041755
2002-09-01,10.238860853724702
2002-09-02,0.0
2002-09-03,0.10906745450390547
2002-09-04,0.2230511869301186
2002-09-05,0.0
2002-09-06,0.0
2002-09-07,0.0
2002-09-08,0.0
2002-09-09,0.0
2002-09-10,0.019180562715706468
2002-09-11,0.0
2002-09-12,0.0
2002-09-13,0.0
2002-09-14,11.147157415660406
2002-09-15,11.47922622647356
2002-09-16,3.706895604762877
2002-09-17,0.13486160286947385
2002-09-18,1.4747916240238022
2002-09-19,1.8151894577782575
2002-09-20,0.0
2002-09-21,0.045039624984052166
2002-09-22,1.992550793385399
2002-09-23,0.6948951567595836
2002-09-24,0.0
2002-09-25,0.9503404145051926
2002-09-26,23.918971078568724
2002-09-27,4.3497339538321675
2002-09-28,0.2714097930198417
2002-09-29,0.0
2002-09-30,0.13119044552310205
2002-10-01,0.046779286012224176
2002-10-02,0.0
2002-10-03,0.04515018909681406
2002-10-04,0.06794253558040682
2002-10-05,0.0
2002-10-06,0.0
2002-10-07,0.001739661028172013
2002-10-08,0.0
2002-10-09,1.0935105593315428
2002-10-10,1.8748335890098582
2002-10-11,52.71962426560457
2002-10-12,0.07974729517737375
2002-10-13,3.2235231073411317
2002-10-14,0.003234063649654365
2002-10-15,5.71907678553268
2002-10-16,28.418274915756967
2002-10-17,0.11818095360417545
2002-10-18,0.010896543059936826
2002-10-19,0.0001707606544597465
2002-10-20,0.04514113162483703
2002-10-21,13.114280517335793
2002-10-22,3.195314897657446
2002-10-23,0.0
2002-10-24,0.12182011415724052
2002-10-25,5.872700848911405
2002-10-26,4.500287199161434
2002-10-27,0.0006097734394709888
2002-10-28,11.47063311840183
2002-10-29,16.161315322408033
2002-10-30,9.810989571186008
2002-10-31,0.0
2002-11-01,0.0
2002-11-02,0.0
2002-11-03,0.0
2002-11-04,4.128456481017325
2002-11-05,15.468317177196852
2002-11-06,6.133441533103788
2002-11-07,0.0
2002-11-08,0.0
2002-11-09,0.0
2002-11-10,0.31565405836055144
2002-11-11,19.18975711810737
2002-11-12,29.429284724179272
2002-11-13,0.23642200867552807
2002-11-14,0.0
2002-11-15,0.0
2002-11-16,28.764726306691674
2002-11-17,12.204075955569488
2002-11-18,0.00016170318248271825
2002-11-19,0.16476151873858413
2002-11-20,0.0
2002-11-21,0.12663489873960282
2002-11-22,0.0
2002-11-23,0.0
2002-11-24,0.0
2002-11-25,0.0
2002-11-26,0.0
2002-11-27,0.016923630010649147
2002-11-28,0.0
2002-11-29,0.0
2002-11-30,0.0
2002-12-01,0.0
2002-12-02,0.0
2002-12-03,0.26861973421708724
2002-12-04,6.779933517916853
2002-12-05,29.621973826623055
2002-12-06,0.6122391960157934
2002-12-07,1.5748830313921143
2002-12-08,1.4546287898938206
2002-12-09,1.6437448124937168
2002-12-10,1.166637370799856
2002-12-11,17.97397971023156
2002-12-12,0.6158437686800797
2002-12-13,15.155947644661863
2002-12-14,0.9512032479082986
2002-12-15,0.0
2002-12-16,0.0
2002-12-17,0.0
2002-12-18,0.0
2002-12-19,0.20101340645508417
2002-12-20,11.56588129767727
2002-12-21,0.0
2002-12-22,0.0
2002-12-23,0.0
2002-12-24,21.253526374870333
2002-12-25,11.39296053520778
2002-12-26,0.0
2002-12-27,0.0
2002-12-28,0.0
2002-12-29,0.0
2002-12-30,0.12591680775012695
2002-12-31,0.14496649157417826
2003-01-01,22.625378199907793
2003-01-02,0.49814425406132606
2003-01-03,8.79627220784491
2003-01-04,0.0
2003-01-05,0.13599928802786637
2003-01-06,0.0
2003-01-07,0.0
2003-01-08,0.0
2003-01-09,0.0
2003-01-10,0.0
2003-01-11,0.0
2003-01-12,0.0
2003-01-13,0.0
2003-01-14,0.07045777720406161
2003-01-15,0.05555829062409319
2003-01-16,1.1983363339069246
2003-01-17,2.001111732022724
2003-01-18,0.0
2003-01-19,0.0
2003-01-20,0.0
2003-01-21,0.3756233636996457
2003-01-22,0.3909305430652001
2003-01-23,4.822191253471775
2003-01-24,0.0
2003-01-25,0.0
2003-01-26,0.0
2003-01-27,0.0
2003-01-28,0.0
2003-01-29,4.000178318649151
2003-01-30,11.760388567830443
2003-01-31,0.40553245187164716
2003-02-01,0.34434364411299107
2003-02-02,0.03648312770789213
2003-02-03,0.0
2003-02-04,8.867934779588081
2003-02-05,0.00048510954744815474
2003-02-06,6.419505860905742
2003-02-07,10.86105507194061
2003-02-08,0.0
2003-02-09,0.0
2003-02-10,2.391013286548466
2003-02-11,0.0
2003-02-12,0.0
2003-02-13,0.003713069131068509
2003-02-14,2.9475234040444676
2003-02-15,17.713118453399446
2003-02-16,20.06703794586553
2003-02-17,5.098039880047346
2003-02-18,0.6605306873385088
2003-02-19,0.0
2003-02-20,0.0897090047218109
2003-02-21,4.269327940814099
2003-02-22,28.211521039003788
2003-02-23,6.74566406257809
2003-02-24,0.0
2003-02-25,0.8830047997688839
2003-02-26,6.777577093363392
2003-02-27,18.45254821687708
2003-02-28,2.250194367436099
2003-03-01,4.266519694007708
2003-03-02,7.958924146574324
2003-03-03,0.0
2003-03-04,0.0
2003-03-05,0.9393436909111604
2003-03-06,10.709816583529
2003-03-07,0.019607479131676743
2003-03-08,0.0
2003-03-09,0.062338296817517284
2003-03-10,0.0
2003-03-11,0.2380983680605343
2003-03-12,0.37107643369163806
2003-03-13,2.7637224291878506
2003-03-14,0.5537255642314969
2003-03-15,5.538236751939387
2003-03-16,18.00610859966163
2003-03-17,0.1369584358477234
2003-03-18,0.8654896552335628
2003-03-19,9.788037044541003
2003-03-20,63.964226142356694
2003-03-21,0.12082104428232879
2003-03-22,0.0
2003-03-23,0.0
2003-03-24,0.0
2003-03-25,0.0
2003-03-26,0.584008109517728
2003-03-27,0.20926385938878164
2003-03-28,0.0011594690754672505
2003-03-29,0.8598026700894036
2003-03-30,21.970286044297207
2003-03-31,0.031497825553655295
2003-04-01,0.0001707606544597465
2003-04-02,0.0
2003-04-03,0.0
2003-04-04,0.00016170318248271825
2003-04-05,2.1432586998970846
2003-04-06,0.0517209325028011
2003-04-07,40.78874771198319
2003-04-08,10.328818330379995
2003-04-09,12.004694064574124
2003-04-10,38.54076472898196
2003-04-11,1.0780165220379734
2003-04-12,0.0
2003-04-13,0.0
2003-04-14,0.0
2003-04-15,0.0
2003-04-16,0.0
2003-04-17,0.07792849170584344
2003-04-18,9.374013372625743
2003-04-19,1.6384139657014904
2003-04-20,0.0
2003-04-21,0.3842276561085484
2003-04-22,0.019503969080671906
2003-04-23,0.0
2003-04-24,0.0
2003-04-25,1.1295249725304668
2003-04-26,7.900080372414258
2003-04-27,0.037027872623527136
2003-04-28,0.0
2003-04-29,1.1133305741965274
2003-04-30,3.0846761305311814
2003-05-01,6.437500666520957
2003-05-02,3.1707625175466094
2003-05-03,6.046510641451945
2003-05-04,5.252234576462152
2003-05-05,3.9710313494638525
2003-05-06,5.275357020562341
2003-05-07,0.00016170318248271825
2003-05-08,0.0667235110916865
2003-05-09,0.6899048595854953
2003-05-10,3.060649263571198
2003-05-11,0.4753724546066723
2003-05-12,0.0
2003-05-13,0.0
2003-05-14,0.5291753606116771
2003-05-15,9.961136073105838
2003-05-16,1.7935188482668232
2003-05-17,3.73706551596197
2003-05-18,14.914468352506765
2003-05-19,6.838362408313872
2003-05-20,0.02539877690409333
2003-05-21,12.00732953437475
2003-05-22,13.130900103206407
2003-05-23,4.586972666320974
2003-05-24,0.8187197675985289
2003-05-25,16.862502075436613
2003-05-26,14.026772577086367
2003-05-27,16.680753334534295
2003-05-28,0.00016170318248271825
2003-05-29,4.780507767672042
2003-05-30,0.6697822945815353
2003-05-31,10.400086654477702
2003-06-01,0.0
2003-06-02,0.0
2003-06-03,14.404531330329752
2003-06-04,35.259747233427504
2003-06-05,4.003030662605143
2003-06-06,0.4923979753435806
2003-06-07,30.82850652988189
2003-06-08,14.177087075034699
2003-06-09,7.615057739560659
2003-06-10,1.885927540351616
2003-06-11,6.15046756950555
2003-06-12,22.336107197712774
2003-06-13,2.3810683520208116
2003-06-14,4.904538662719818
2003-06-15,15.56285024747907
2003-06-16,14.378559691624563
2003-06-17,16.492410313805888
2003-06-18,1.5622723133413718
2003-06-19,6.964468136551496
2003-06-20,0.26307180334407104
2003-06-21,0.0
2003-06-22,0.0
2003-06-23,0.0
2003-06-24,0.0
2003-06-25,0.0
2003-06-26,0.07797262954741986
2003-06-27,1.3909349458229519
2003-06-28,1.4953048794631332
2003-06-29,6.676637086788659
2003-06-30,0.8584748177821083
2003-07-01,10.507359638621482
2003-07-02,32.49919341541745
2003-07-03,7.140395725832215
2003-07-04,0.09982476790709002
2003-07-05,0.5282393690137669
2003-07-06,2.2586222410873664
2003-07-07,0.13554000602258495
2003-07-08,1.4921450723318503
2003-07-09,3.251258968468675
2003-07-10,0.43382148839861895
2003-07-11,0.36397052264399726
2003-07-12,5.610166869489566
2003-07-13,11.34382602552503
2003-07-14,5.291524694291934
2003-07-15,0.24656341587936953
2003-07-16,10.603589649174328
2003-07-17,0.0007234951875199505
2003-07-18,0.3718607951096307
2003-07-19,1.03504605690109
2003-07-20,0.16135203958034103
2003-07-21,4.014460541548295
2003-07-22,13.525255446218184
2003-07-23,16.16429694668664
2003-07-24,1.6493547698980884
2003-07-25,0.0
2003-07-26,0.0
2003-07-27,0.0
2003-07-28,8.067355563257449
2003-07-29,3.7259209371781252
2003-07-30,6.486839743385084
2003-07-31,6.209489938714405
2003-08-01,8.464248030312115
2003-08-02,1.8599661239461696
2003-08-03,20.77018035243485
2003-08-04,2.240914221408181
2003-08-05,3.9710691510093357
2003-08-06,0.29415657145686264
2003-08-07,13.596710988985457
2003-08-08,10.289309037869254
2003-08-09,4.62495659634278
2003-08-10,22.12399250359857
2003-08-11,6.3381321971639
2003-08-12,2.960205298045217
2003-08-13,4.033175360279186
2003-08-14,0.35343794632445935
2003-08-15,0.03874839818059814
2003-08-16,9.724723042047284
2003-08-17,4.659133739038707
2003-08-18,2.469603318880907
2003-08-19,0.36574018380061046
2003-08-20,0.045302834807319746
2003-08-21,0.06578195824389632
2003-08-22,1.6172197095979948
2003-08-23,7.495222538272802
2003-08-24,1.176555176221751
2003-08-25,0.0
2003-08-26,0.0
2003-08-27,0.03736643632939422
2003-08-28,0.08483163060584178
2003-08-29,2.5145799757121132
2003-08-30,7.306105103355591
2003-08-31,6.509783933681462
2003-09-01,2.016515123385567
2003-09-02,6.570805720080347
2003-09-03,3.700094265931575
2003-09-04,48.566622398569464
2003-09-05,0.01845706752818652
2003-09-06,0.0005617920050372322
2003-09-07,0.0
2003-09-08,1.2297254616924371
2003-09-09,0.026122272091613278
2003-09-10,0.002439093757883955
2003-09-11,0.0
2003-09-12,0.47655298095966236
2003-09-13,8.362996214944987
2003-09-14,2.580134088956433
2003-09-15,0.5946406704862703
2003-09-16,0.005487960955238899
2003-09-17,0.0
2003-09-18,35.45604373680769
2003-09-19,10.307788669886923
2003-09-20,0.014245005441390828
2003-09-21,0.0
2003-09-22,22.88624929109683
2003-09-23,34.17458721862501
2003-09-24,0.21831964980392793
2003-09-25,0.0
2003-09-26,0.8022608860483278
2003-09-27,3.0775339567082827
2003-09-28,3.298287744673092
2003-09-29,0.0
2003-09-30,0.0
2003-10-01,0.0
2003-10-02,0.0
2003-10-03,0.0
2003-10-04,0.14449786135715686
2003-10-05,0.08919026966277982
2003-10-06,0.06359819915302355
2003-10-07,0.7365703340415227
2003-10-08,1.5336317735402167
2003-10-09,3.839958584112571
2003-10-10,2.7606274742418506
2003-10-11,5.788490098725483
2003-10-12,0.0
2003-10-13,0.0
2003-10-14,5.707929663920121
2003-10-15,3.533004702403941
2003-10-16,0.0
2003-10-17,1.9518037605058567
2003-10-18,0.04254152868214544
2003-10-19,0.0
2003-10-20,0.0
2003-10-21,0.6470639948907553
2003-10-22,0.00016170318248271825
2003-10-23,0.0
2003-10-24,0.0
2003-10-25,0.0014553286423444642
2003-10-26,3.376350129564599
2003-10-27,20.488823352882118
2003-10-28,2.1808120133113
2003-10-29,6.640704279846227
2003-10-30,0.0
2003-10-31,0.0
2003-11-01,0.00694170937590681
2003-11-02,0.0
2003-11-03,0.0
2003-11-04,0.0
2003-11-05,0.04586462681235698
2003-11-06,22.09032312897481
2003-11-07,1.0297460355389065
2003-11-08,0.549687513840118
2003-11-09,0.0
2003-11-10,0.0
2003-11-11,0.0
2003-11-12,0.6406830620692425
2003-11-13,0.3160705504159423
2003-11-14,0.0
2003-11-15,4.661599602280028
2003-11-16,1.1813018875472325
2003-11-17,0.11744357486847283
2003-11-18,1.7923348755274133
2003-11-19,16.30144697756986
2003-11-20,0.07043041779691431
2003-11-21,1.0769466329673523
2003-11-22,0.8387870768879659
2003-11-23,0.0003234063649654365
2003-11-24,3.019113041228813
2003-11-25,0.03756057290449089
2003-11-26,0.033042813885965416
2003-11-27,0.7140430873495468
2003-11-28,10.285027942846524
2003-11-29,0.0
2003-11-30,0.0
2003-12-01,0.0
2003-12-02,0.0
2003-12-03,0.0003234063649654365
2003-12-04,20.130362212150413
2003-12-05,6.452625784734881
2003-12-06,1.2684693023218923
2003-12-07,0.0
2003-12-08,0.0
2003-12-09,0.0
2003-12-10,25.442316079740365
2003-12-11,4.838124167354156
2003-12-12,0.00016170318248271825
2003-12-13,5.81043628087572
2003-12-14,19.666176354439052
2003-12-15,0.4139445932080064
2003-12-16,0.16609892292734882
2003-12-17,7.4389477119580745
2003-12-18,0.01861877071066924
2003-12-19,0.0
2003-12-20,0.0
2003-12-21,0.0
2003-12-22,0.0
2003-12-23,0.0
2003-12-24,1.1601341398669702
2003-12-25,0.0
2003-12-26,0.0
2003-12-27,0.0
2003-12-28,0.0
2003-12-29,0.0
2003-12-30,2.897633513074652
2003-12-31,0.0
2004-01-01,0.0
2004-01-02,1.5329409552575999
2004-01-03,1.2785069966843938
2004-01-04,0.002831220114313741
2004-01-05,9.343812084986096
2004-01-06,0.027110980512620782
2004-01-07,0.0
2004-01-08,0.13437133037782634
2004-01-09,4.240416548323438
2004-01-10,0.026122272091613278
2004-01-11,0.0
2004-01-12,0.0
2004-01-13,0.0
2004-01-14,0.0
2004-01-15,0.0
2004-01-16,0.0
2004-01-17,0.30889438077649534
2004-01-18,5.322122749121795
2004-01-19,0.0
2004-01-20,0.0
2004-01-21,0.0
2004-01-22,0.0
2004-01-23,0.0
2004-01-24,0.0
2004-01-25,12.085483142479399
2004-01-26,3.312549016611491
2004-01-27,0.632858312067261
2004-01-28,0.0
2004-01-29,0.0
2004-01-30,0.0
2004-01-31,0.0
2004-02-01,0.0
2004-02-02,0.0
2004-02-03,19.114856401595272
2004-02-04,0.0
2004-02-05,0.567751788131166
2004-02-06,28.31379060974683
2004-02-07,4.950640998528263
2004-02-08,0.1922658917356325
2004-02-09,0.12143460002686697
2004-02-10,0.0
2004-02-11,0.1180956176164083
2004-02-12,2.1853323220537906
2004-02-13,0.0
2004-02-14,0.002587250919723492
2004-02-15,7.390442495671093
2004-02-16,1.8734827974112127
2004-02-17,0.0
2004-02-18,0.0
2004-02-19,0.0
2004-02-20,0.0
2004-02-21,0.03637772790838672
2004-02-22,0.0
2004-02-23,0.0
2004-02-24,0.1077768198742121
2004-02-25,0.0
2004-02-26,0.8702670485878502
2004-02-27,1.4760928792189456
2004-02-28,0.019018859533223752
2004-02-29,0.0
2004-03-01,0.0
2004-03-02,3.2826075219583415
2004-03-03,0.0455680480408073
2004-03-04,0.0
2004-03-05,0.04218954969559251
2004-03-06,10.444973139361743
2004-03-07,0.4039512227389445
2004-03-08,0.2047354876394103
2004-03-09,0.30831180975229444
2004-03-10,0.452338951991089
2004-03-11,0.0
2004-03-12,0.0
2004-03-13,0.0
2004-03-14,0.0
2004-03-15,0.70748788871763
2004-03-16,20.513871338771484
2004-03-17,0.10099861380101698
2004-03-18,0.00048510954744815474
2004-03-19,0.053821872202687054
2004-03-20,0.0
2004-03-21,0.03405543434837506
2004-03-22,0.0
2004-03-23,0.0
2004-03-24,0.0
2004-03-25,0.0
2004-03-26,0.0
2004-03-27,0.14595357799228462
2004-03-28,0.0
2004-03-29,0.08314225550496317
2004-03-30,3.102909607819472
2004-03-31,6.508279856203205
2004-04-01,0.6324598286990049
2004-04-02,0.14827132402425014
2004-04-03,0.0
2004-04-04,0.0
2004-04-05,0.0
2004-04-06,0.0
2004-04-07,0.0
2004-04-08,0.0006097734394709888
2004-04-09,0.0
2004-04-10,0.09316623961992712
2004-04-11,1.6696613986344697
2004-04-12,39.2488100064672
2004-04-13,14.326600185441196
2004-04-14,3.7404499206593873
2004-04-15,0.0
2004-04-16,0.057056578599671254
2004-04-17,0.038037719066447505
2004-04-18,0.0
2004-04-19,0.0
2004-04-20,0.6580722248901457
2004-04-21,0.3842887524205603
2004-04-22,0.08253626969689104
2004-04-23,4.421178449128007
2004-04-24,1.3832551590525197
2004-04-25,1.5691992682589055
2004-04-26,10.221196288078042
2004-04-27,0.1283834743181842
2004-04-28,0.0
2004-04-29,0.0
2004-04-30,1.1222036275355634
2004-05-01,5.673253163919399
2004-05-02,9.568446433687878
2004-05-03,7.916870943494679
2004-05-04,0.202888798203381
2004-05-05,0.01963582159178006
2004-05-06,0.0
2004-05-07,0.0
2004-05-08,0.0018293203184129663
2004-05-09,0.33980840460355377
2004-05-10,0.03494094923039095
2004-05-11,0.24101655116207515
2004-05-12,0.9936309669429328
2004-05-13,0.3157402284338708
2004-05-14,0.0
2004-05-15,0.018780473893151954
2004-05-16,2.3557353423617853
2004-05-17,4.240271884245857
2004-05-18,1.2273260591286055
2004-05-19,7.195785429644689
2004-05-20,4.447405770980203
2004-05-21,2.0193856822666554
2004-05-22,10.945726902623166
2004-05-23,10.205498037429413
2004-05-24,0.0
2004-05-25,0.4976705349590997
2004-05-26,6.800567192571583
2004-05-27,9.381997769246595
2004-05-28,0.7882575153592942
2004-05-29,0.0
2004-05-30,0.5779556706073078
2004-05-31,1.2637542982791077
2004-06-01,0.0
2004-06-02,0.0
2004-06-03,0.2130644166653925
2004-06-04,36.42142572611447
2004-06-05,0.4276919271035943
2004-06-06,0.009026445985115377
2004-06-07,0.017596389870384872
2004-06-08,0.46307204609088753
2004-06-09,0.06708596189613425
2004-06-10,8.709750482613737
2004-06-11,0.22066058737351785
2004-06-12,0.019961096809637206
2004-06-13,0.24337687644904013
2004-06-14,5.664026843121202
2004-06-15,10.07454936420394
2004-06-16,13.416469055211442
2004-06-17,0.2779513799363602
2004-06-18,1.143466656384191
2004-06-19,1.0758304275355353
2004-06-20,0.0
2004-06-21,0.2786271282379092
2004-06-22,0.7134394471759994
2004-06-23,11.204039690116074
2004-06-24,5.156807259821423
2004-06-25,18.14493216380625
2004-06-26,11.659133767569058
2004-06-27,0.2634480701831991
2004-06-28,0.5594111571644939
2004-06-29,0.19701202760743816
2004-06-30,0.47058633470249667
2004-07-01,0.7131600855667201
2004-07-02,0.5425078143917059
2004-07-03,0.5934915001479014
2004-07-04,4.960234223763622
2004-07-05,0.13466139755401385
2004-07-06,0.0
2004-07-07,2.1721655173286605
2004-07-08,0.019018859533223752
2004-07-09,0.0003234063649654365
2004-07-10,13.780238167859661
2004-07-11,0.33640361012889564
2004-07-12,5.960185654104308
2004-07-13,1.9925367324094136
2004-07-14,2.0700998109110604
2004-07-15,0.3017667469696594
2004-07-16,0.5984612974605658
2004-07-17,2.853324746486962
2004-07-18,1.5473442901250325
2004-07-19,0.14392748374516176
2004-07-20,0.0001707606544597465
2004-07-21,0.017596389870384872
2004-07-22,2.832875263586484
2004-07-23,9.811437285118402
2004-07-24,4.684618397015159
2004-07-25,0.0006649276738849296
2004-07-26,1.6520903403378329
2004-07-27,26.990768359825342
2004-07-28,6.883372758949626
2004-07-29,28.240078363376714
2004-07-30,1.524794944752764
2004-07-31,0.0
2004-08-01,0.5353267320756963
2004-08-02,15.495484125803369
2004-08-03,5.116185368355027
2004-08-04,0.47861217758865576
2004-08-05,7.2841860759434605
2004-08-06,0.000494167019425183
2004-08-07,0.0
2004-08-08,0.0
2004-08-09,0.0
2004-08-10,0.3277043831229385
2004-08-11,22.147202562027395
2004-08-12,34.94361695901441
2004-08-13,1.5185540811034162
2004-08-14,9.873146347379626
2004-08-15,1.2328131695995863
2004-08-16,0.08495758569859443
2004-08-17,15.995394612002926
2004-08-18,4.151183303388402
2004-08-19,0.0
2004-08-20,0.017949377722116536
2004-08-21,10.733421050952167
2004-08-22,0.0272726836951035
2004-08-23,0.03341607942213785
2004-08-24,0.019018859533223752
2004-08-25,0.0
2004-08-26,0.0
2004-08-27,0.0
2004-08-28,0.035389019487379214
2004-08-29,0.9113077891962744
2004-08-30,7.814833408894707
2004-08-31,0.0
2004-09-01,0.01845706752818652
2004-09-02,0.07905570331753178
2004-09-03,0.015013208328017388
2004-09-04,0.03691413505637304
2004-09-05,0.0
2004-09-06,5.245910104205364
2004-09-07,14.552778987283883
2004-09-08,50.31187240261616
2004-09-09,1.1174130511906084
2004-09-10,0.0
2004-09-11,0.019180562715706468
2004-09-12,0.0
2004-09-13,0.1981687987410203
2004-09-14,0.10775111850514797
2004-09-15,0.34755748729879593
2004-09-16,0.06654646491616367
2004-09-17,36.45904738630719
2004-09-18,7.72574256562541
2004-09-19,0.0
2004-09-20,0.0
2004-09-21,0.0
2004-09-22,0.0
2004-09-23,0.0
2004-09-24,0.019018859533223752
2004-09-25,0.0
2004-09-26,0.0
2004-09-27,5.735761936917298
2004-09-28,47.68067328448602
2004-09-29,0.05153211540409763
2004-09-30,0.0
2004-10-01,0.11705222367817397
2004-10-02,3.4146235510590883
2004-10-03,0.6140054993150155
2004-10-04,0.1277276576594003
2004-10-05,0.0
2004-10-06,0.0
2004-10-07,0.0
2004-10-08,0.0
2004-10-09,0.020178328608691003
2004-10-10,0.025960568909130562
2004-10-11,0.0
2004-10-12,0.0
2004-10-13,17.759410524843982
2004-10-14,2.163212490918333
2004-10-15,0.3917792809960789
2004-10-16,0.0
2004-10-17,0.0
2004-10-18,0.20376867350946123
2004-10-19,11.105942090730942
2004-10-20,0.5243192634519346
2004-10-21,0.4661115801561169
2004-10-22,0.44774030930841124
2004-10-23,0.008492209801951546
2004-10-24,2.2047476399599164
2004-10-25,0.3588180313055731
2004-10-26,0.057056578599671254
2004-10-27,0.97945790274448
2004-10-28,0.2372754495873901
2004-10-29,0.7721002042028343
2004-10-30,0.0
2004-10-31,0.0
2004-11-01,0.0
2004-11-02,0.00487818751576791
2004-11-03,0.3950845468476603
2004-11-04,20.72235838167596
2004-11-05,0.020169271136713973
2004-11-06,0.000988708421007504
2004-11-07,0.0
2004-11-08,0.0028991301036392636
2004-11-09,0.0
2004-11-10,0.00016170318248271825
2004-11-11,0.9671306489874337
2004-11-12,34.33222546193507
2004-11-13,0.694174043041908
2004-11-14,0.0
2004-11-15,0.0
2004-11-16,0.000988708421007504
2004-11-17,0.0
2004-11-18,0.3706235490204124
2004-11-19,0.32813302876796163
2004-11-20,0.8437547731376652
2004-11-21,0.33927387993907154
2004-11-22,0.3371020418380261
2004-11-23,21.8711740259783
2004-11-24,20.48719194659721
2004-11-25,4.162294016536041
2004-11-26,0.32678812260592355
2004-11-27,7.160841122347051
2004-11-28,6.514675160716708
2004-11-29,0.0
2004-11-30,0.9906405922308861
2004-12-01,3.5183437739152743
2004-12-02,0.23044101008304077
2004-12-03,0.0
2004-12-04,0.0
2004-12-05,0.0
2004-12-06,3.3971849798764984
2004-12-07,4.4907086525466795
2004-12-08,0.23539537623338858
2004-12-09,18.053202068691085
2004-12-10,14.852905055134977
2004-12-11,1.1727485369139303
2004-12-12,0.0
2004-12-13,0.0
2004-12-14,0.0
2004-12-15,0.0
2004-12-16,0.0
2004-12-17,0.0
2004-12-18,0.0
2004-12-19,0.04463155207026647
2004-12-20,0.0
2004-12-21,0.0
2004-12-22,0.0
2004-12-23,16.28612849573849
2004-12-24,0.0
2004-12-25,0.0
2004-12-26,0.0
2004-12-27,0.0
2004-12-28,0.0
2004-12-29,0.0
2004-12-30,0.0
2004-12-31,0.0
2005-01-01,0.0
2005-01-02,0.0
2005-01-03,0.018636150131189817
2005-01-04,0.026387485325100834
2005-01-05,0.07713065747678703
2005-01-06,0.08023505889685202
2005-01-07,0.139339381732959
2005-01-08,1.0445604225183043
2005-01-09,0.0
2005-01-10,0.0
2005-01-11,0.0
2005-01-12,0.0011504116034902223
2005-01-13,1.2988509370736547
2005-01-14,35.90190790287537
2005-01-15,0.0
2005-01-16,0.0
2005-01-17,0.07744538075193258
2005-01-18,0.0
2005-01-19,0.03736643632939422
2005-01-20,0.8859824904965895
2005-01-21,4.5338820889041
2005-01-22,3.931145615774053
2005-01-23,0.054069315314735876
2005-01-24,0.0
2005-01-25,0.0
2005-01-26,0.06375392165449506
2005-01-27,0.0
2005-01-28,0.047139731667649495
2005-01-29,6.216124951626975
2005-01-30,7.498331641524642
2005-01-31,0.0
2005-02-01,0.0
2005-02-02,0.0373603364604696
2005-02-03,14.111927087269981
2005-02-04,0.0
2005-02-05,0.0
2005-02-06,0.0
2005-02-07,0.0
2005-02-08,0.0
2005-02-09,1.336996063047281
2005-02-10,0.9601317155626267
2005-02-11,0.0
2005-02-12,0.00048510954744815474
2005-02-13,1.581412489411994
2005-02-14,5.751096722520004
2005-02-15,0.0
2005-02-16,0.1091585104622392
2005-02-17,0.0
2005-02-18,0.0
2005-02-19,0.00016170318248271825
2005-02-20,1.449867624722929
2005-02-21,1.2663692492913432
2005-02-22,0.0817840727667113
2005-02-23,0.0
2005-02-24,7.3542686714910115
2005-02-25,0.2057575760411017
2005-02-26,0.00016170318248271825
2005-02-27,0.21034535646478753
2005-02-28,23.802279191890808
2005-03-01,0.4926625555230624
2005-03-02,0.0
2005-03-03,0.0
2005-03-04,0.0
2005-03-05,2.099539750662935
2005-03-06,0.07359599224615491
2005-03-07,0.04683861359238946
2005-03-08,7.298912931936821
2005-03-09,0.0
2005-03-10,0.0
2005-03-11,0.11993924595066639
2005-03-12,0.06344223727641346
2005-03-13,0.5367058232539776
2005-03-14,3.1774038449502906
2005-03-15,0.12218365048407198
2005-03-16,9.354882115032826
2005-03-17,9.733572625730242
2005-03-18,0.019018859533223752
2005-03-19,0.0
2005-03-20,0.01463456254730373
2005-03-21,0.033739485787103285
2005-03-22,0.31239748788170324
2005-03-23,17.968792456944236
2005-03-24,2.0023526174854487
2005-03-25,0.1741329699631814
2005-03-26,0.09740098955124854
2005-03-27,3.625589084068565
2005-03-28,27.68198101568104
2005-03-29,0.5514749234930635
2005-03-30,0.0
2005-03-31,0.36874577020612537
2005-04-01,1.458640558675756
2005-04-02,8.383555427602861
2005-04-03,0.027681829989635046
2005-04-04,0.0
2005-04-05,0.0
2005-04-06,0.07506604164008694
2005-04-07,8.026871368187386
2005-04-08,4.693886956173136
2005-04-09,0.0
2005-04-10,0.0
2005-04-11,0.0
2005-04-12,2.138878217144242
2005-04-13,3.0679244023990133
2005-04-14,0.09518401652533362
2005-04-15,0.0
2005-04-16,0.0
2005-04-17,0.1210617428794308
2005-04-18,0.29826354737814825
2005-04-19,0.0
2005-04-20,0.37957268100289365
2005-04-21,1.1058811761137937
2005-04-22,5.128070978588893
2005-04-23,4.2930162435885455
2005-04-24,0.0
2005-04-25,0.0
2005-04-26,0.708813855123775
2005-04-27,0.5542210591064072
2005-04-28,0.0
2005-04-29,7.794051447517368
2005-04-30,5.76465208452964
2005-05-01,7.318066289699005
2005-05-02,0.48807225016833616
2005-05-03,0.0
2005-05-04,0.08862227209161327
2005-05-05,0.0007234951875199505
2005-05-06,4.669893140130467
2005-05-07,0.2134749094325872
2005-05-08,0.020169271136713973
2005-05-09,0.0
2005-05-10,0.0
2005-05-11,0.2907488664367428
2005-05-12,5.074060264224763
2005-05-13,0.9326213548294261
2005-05-14,0.0
2005-05-15,8.335126780661371
2005-05-16,0.06625910945237731
2005-05-17,0.10586441467765748
2005-05-18,3.957984128059814
2005-05-19,3.6154733956417986
2005-05-20,10.626032854916623
2005-05-21,0.6685632422320031
2005-05-22,0.25834733398020165
2005-05-23,2.9822906043284823
2005-05-24,7.351855064330109
2005-05-25,0.5449550033043299
2005-05-26,0.0
2005-05-27,0.0
2005-05-28,0.02828782900860861
2005-05-29,0.0
2005-05-30,0.0025392088470522402
2005-05-31,0.0802324047248219
2005-06-01,2.708664424748817
2005-06-02,20.03596446294045
2005-06-03,5.796060875582752
2005-06-04,0.19819766557997567
2005-06-05,0.0
2005-06-06,0.5788255672758322
2005-06-07,3.701679000839795
2005-06-08,7.452058886546552
2005-06-09,11.858978398368263
2005-06-10,0.2529989629172152
2005-06-11,0.0
2005-06-12,0.7501501561551015
2005-06-13,2.583264642734959
2005-06-14,0.055961337049700105
2005-06-15,0.0
2005-06-16,0.0
2005-06-17,0.0
2005-06-18,0.0015610681878614706
2005-06-19,0.16387677862297448
2005-06-20,0.1400519452992579
2005-06-21,6.037202940571486
2005-06-22,0.3748833973061036
2005-06-23,0.0
2005-06-24,0.0
2005-06-25,0.019180562715706468
2005-06-26,0.4843831508288963
2005-06-27,1.6915549514413606
2005-06-28,1.9370045352143668
2005-06-29,2.537425278893598
2005-06-30,0.07286494654878949
2005-07-01,3.589828912479458
2005-07-02,0.11571990952382276
2005-07-03,0.21739632314347673
2005-07-04,9.53727532940616
2005-07-05,1.1767189549947419
2005-07-06,1.1046164111372645
2005-07-07,49.67580541705264
2005-07-08,10.17074676009901
2005-07-09,0.0
2005-07-10,0.019018859533223752
2005-07-11,0.00016170318248271825
2005-07-12,0.0024255477372407738
2005-07-13,12.041520046023269
2005-07-14,10.109906538333716
2005-07-15,0.4974035295199323
2005-07-16,0.1631304697675853
2005-07-17,0.40960394906768716
2005-07-18,6.62664368894565
2005-07-19,2.8332784405921583
2005-07-20,0.13200738254576497
2005-07-21,1.2361743157455327
2005-07-22,4.90673056828009
2005-07-23,0.23613078886317915
2005-07-24,0.0012195468789419775
2005-07-25,0.0
2005-07-26,0.0
2005-07-27,0.6639664038266914
2005-07-28,11.201808875273237
2005-07-29,17.102921880816865
2005-07-30,3.8015290901576324
2005-07-31,23.495890199833816
2005-08-01,10.494954934155954
2005-08-02,0.0
2005-08-03,0.0
2005-08-04,0.0
2005-08-05,0.18516596590587828
2005-08-06,3.808610143764982
2005-08-07,0.8833724268983155
2005-08-08,3.458669507508241
2005-08-09,9.877426564327099
2005-08-10,5.8806144255370985
2005-08-11,0.0
2005-08-12,0.0
2005-08-13,0.0
2005-08-14,0.05400779019804845
2005-08-15,0.20157798732938342
2005-08-16,0.9625569049966366
2005-08-17,5.283406407003684
2005-08-18,0.33180958905324465
2005-08-19,2.7223671637376166
2005-08-20,2.3420062795226344
2005-08-21,0.0
2005-08-22,0.15859594702449978
2005-08-23,9.830938553958772
2005-08-24,0.37799357160029967
2005-08-25,0.31894018817142417
2005-08-26,0.053223165171607086
2005-08-27,0.4469107875530511
2005-08-28,0.8236814882137414
2005-08-29,0.0650574932143218
2005-08-30,1.1901563726644941
2005-08-31,0.2545077990780926
2005-09-01,0.016143095916718413
2005-09-02,0.0
2005-09-03,0.0
2005-09-04,0.0
2005-09-05,0.0
2005-09-06,0.0
2005-09-07,0.0
2005-09-08,0.0
2005-09-09,0.0
2005-09-10,0.0
2005-09-11,0.0
2005-09-12,0.017434686687902153
2005-09-13,0.32425506887974304
2005-09-14,1.5200368131226252
2005-09-15,0.13851744785171094
2005-09-16,9.067626379572006
2005-09-17,0.0
2005-09-18,0.0
2005-09-19,0.000646812729930873
2005-09-20,5.40186735701994
2005-09-21,0.13432529198518922
2005-09-22,0.019018859533223752
2005-09-23,0.0
2005-09-24,0.0
2005-09-25,0.11384242298823881
2005-09-26,1.7352685653000668
2005-09-27,0.14487868886528063
2005-09-28,0.0
2005-09-29,0.0
2005-09-30,0.0
2005-10-01,0.0
2005-10-02,0.0005617920050372322
2005-10-03,0.0
2005-10-04,0.0
2005-10-05,2.661093427810322
2005-10-06,4.0352940119205805
2005-10-07,38.945793478631224
2005-10-08,36.029197059267474
2005-10-09,0.9431348295945041
2005-10-10,2.9436102953537806
2005-10-11,4.885790485963122
2005-10-12,0.0
2005-10-13,0.0
2005-10-14,0.0
2005-10-15,0.0
2005-10-16,0.0
2005-10-17,0.0
2005-10-18,0.0
2005-10-19,0.0
2005-10-20,0.2902215520464317
2005-10-21,0.07053245285377074
2005-10-22,3.466483439880494
2005-10-23,0.0
2005-10-24,0.3229622140291506
2005-10-25,0.48079145869358764
2005-10-26,0.0
2005-10-27,0.0
2005-10-28,0.0
2005-10-29,0.0
2005-10-30,0.0
2005-10-31,0.0
2005-11-01,0.0
2005-11-02,0.0
2005-11-03,0.0
2005-11-04,0.0
2005-11-05,0.0007805340939307353
2005-11-06,0.0
2005-11-07,0.0
2005-11-08,0.0
2005-11-09,0.0
2005-11-10,1.9933346183328673
2005-11-11,0.0
2005-11-12,0.0
2005-11-13,0.0
2005-11-14,0.0
2005-11-15,0.8031444599471292
2005-11-16,6.202058217767151
2005-11-17,2.0615321677012797
2005-11-18,0.0
2005-11-19,0.0
2005-11-20,0.0
2005-11-21,23.098540125970136
2005-11-22,15.26914710099132
2005-11-23,0.0
2005-11-24,0.0
2005-11-25,0.0
2005-11-26,0.048590990932637954
2005-11-27,4.979314035188322
2005-11-28,7.338759497392397
2005-11-29,32.824358422918195
2005-11-30,0.3886341057375957
2005-12-01,0.0
2005-12-02,0.0
2005-12-03,1.6121755768513095
2005-12-04,0.45232100076438025
2005-12-05,31.452853342941975
2005-12-06,2.7616169970819553
2005-12-07,0.0006097734394709888
2005-12-08,0.05550441070204035
2005-12-09,14.086966485417857
2005-12-10,0.3676479912636962
2005-12-11,0.003048867197354944
2005-12-12,0.0
2005-12-13,0.0
2005-12-14,0.0
2005-12-15,23.226395638983547
2005-12-16,3.574523936726241
2005-12-17,0.00975637503153582
2005-12-18,0.006097734394709888
2005-12-19,0.00487818751576791
2005-12-20,0.0
2005-12-21,0.0
2005-12-22,0.0
2005-12-23,0.0
2005-12-24,0.0
2005-12-25,13.54639053323236
2005-12-26,0.0
2005-12-27,0.00048510954744815474
2005-12-28,1.989565288949117
2005-12-29,3.0987303283647636
2005-12-30,0.0
2005-12-31,0.1339638650455897
2006-01-01,2.177904750139033
2006-01-02,17.017159535199045
2006-01-03,3.404392884129819
2006-01-04,0.0
2006-01-05,0.0
2006-01-06,0.07070161171141308
2006-01-07,0.0
2006-01-08,0.0
2006-01-09,0.0
2006-01-10,0.0
2006-01-11,13.099353593562249
2006-01-12,0.000646812729930873
2006-01-13,10.261549274493564
2006-01-14,4.121137540976093
2006-01-15,0.0
2006-01-16,0.000988708421007504
2006-01-17,0.6240489590368237
2006-01-18,7.332083825322426
2006-01-19,0.0
2006-01-20,0.0
2006-01-21,3.9853709345567547
2006-01-22,1.5376062703619353
2006-01-23,1.8379053129626073
2006-01-24,0.0
2006-01-25,0.0
2006-01-26,0.0
2006-01-27,0.0
2006-01-28,0.0012195468789419775
2006-01-29,1.5512982490415286
2006-01-30,0.2279257122081271
2006-01-31,2.1949217363637934
2006-02-01,0.0014553286423444642
2006-02-02,4.6090416208859235
2006-02-03,4.7499530202656794
2006-02-04,9.977244259485303
2006-02-05,0.0
2006-02-06,0.0
2006-02-07,0.0
2006-02-08,0.0
2006-02-09,0.03260959819840226
2006-02-10,0.0
2006-02-11,10.656804629692834
2006-02-12,2.07222136243526
2006-02-13,0.0
2006-02-14,0.0
2006-02-15,0.0
2006-02-16,0.0
2006-02-17,0.0
2006-02-18,5.122600673963463
2006-02-19,0.0
2006-02-20,0.6006804121314961
2006-02-21,0.0018293203184129663
2006-02-22,0.607340421148857
2006-02-23,2.5077667132428076
2006-02-24,0.0
2006-02-25,0.0
2006-02-26,0.0
2006-02-27,0.0
2006-02-28,0.0
2006-03-01,0.0
2006-03-02,0.0
2006-03-03,0.0
2006-03-04,0.0
2006-03-05,0.0
2006-03-06,0.5085174206588391
2006-03-07,0.08129479234181185
2006-03-08,0.044902745984765235
2006-03-09,0.0352478403196857
2006-03-10,0.0
2006-03-11,0.0
2006-03-12,0.0
2006-03-13,0.0
2006-03-14,0.6716172374576047
2006-03-15,0.0
2006-03-16,0.0
2006-03-17,0.0
2006-03-18,0.0
2006-03-19,0.002746919413528207
2006-03-20,3.315304396578104
2006-03-21,4.531619107934578
2006-03-22,0.13320161171141306
2006-03-23,0.0
2006-03-24,0.16915431233275682
2006-03-25,3.0579344613580504
2006-03-26,0.0
2006-03-27,0.0
2006-03-28,0.6366769913729462
2006-03-29,0.24073233775430555
2006-03-30,0.0
2006-03-31,0.0
2006-04-01,0.1792134305403203
2006-04-02,0.0
2006-04-03,8.955072307006631
2006-04-04,0.0
2006-04-05,0.0
2006-04-06,0.0
2006-04-07,0.10376243809189109
2006-04-08,4.389740138605417
2006-04-09,0.9624017321166322
2006-04-10,0.0
2006-04-11,0.0
2006-04-12,0.0
2006-04-13,0.000646812729930873
2006-04-14,2.0619182895231267
2006-04-15,0.0
2006-04-16,2.85012725885683
2006-04-17,3.6533234570510174
2006-04-18,0.0
2006-04-19,0.0514667545491433
2006-04-20,0.0
2006-04-21,1.4458782377063208
2006-04-22,13.992970246841226
2006-04-23,0.10874389412501184
2006-04-24,0.9435567824889295
2006-04-25,0.44094502877466485
2006-04-26,2.138979245314557
2006-04-27,5.282637194062698
2006-04-28,0.0
2006-04-29,0.0
2006-04-30,0.0
2006-05-01,0.0
2006-05-02,0.0
2006-05-03,0.0
2006-05-04,0.0003234063649654365
2006-05-05,1.0439659523492308
2006-05-06,0.23004876398907612
2006-05-07,12.446938720145436
2006-05-08,2.069231661569125
2006-05-09,0.9483273505838801
2006-05-10,0.0
2006-05-11,3.0986980453785624
2006-05-12,0.6005026788691807
2006-05-13,0.0
2006-05-14,12.97185961244615
2006-05-15,4.2413357052256675
2006-05-16,1.6158937301308451
2006-05-17,1.459424407236961
2006-05-18,0.9566620192069117
2006-05-19,0.5928768892200845
2006-05-20,0.20771713699074976
2006-05-21,0.0
2006-05-22,0.0
2006-05-23,0.0
2006-05-24,0.0
2006-05-25,0.017533403450120135
2006-05-26,5.31721979771131
2006-05-27,1.9146953897926262
2006-05-28,0.17411892308748494
2006-05-29,0.0
2006-05-30,0.034803544483194844
2006-05-31,0.30085141348418326
2006-06-01,0.3708451682777549
2006-06-02,4.467369018048924
2006-06-03,0.5511616240073319
2006-06-04,0.3103917510141339
2006-06-05,0.2885184103768048
2006-06-06,0.006097734394709888
2006-06-07,0.0
2006-06-08,10.734700146608931
2006-06-09,0.0
2006-06-10,0.16475686912084878
2006-06-11,11.339483408553429
2006-06-12,13.538431222204666
2006-06-13,0.03476186662738765
2006-06-14,13.839633452126069
2006-06-15,0.0
2006-06-16,0.0
2006-06-17,0.0
2006-06-18,0.5628938931396185
2006-06-19,2.9103328102195833
2006-06-20,1.256765967931795
2006-06-21,0.0
2006-06-22,0.0960561636539309
2006-06-23,22.50438715312885
2006-06-24,6.403169859975732
2006-06-25,23.519507173503737
2006-06-26,31.193274436105312
2006-06-27,27.176213901173227
2006-06-28,0.8224777078961215
2006-06-29,0.9158332344111959
2006-06-30,0.018350534399222875
2006-07-01,0.0
2006-07-02,0.0
2006-07-03,9.545392395315593
2006-07-04,6.794482812859293
2006-07-05,34.17333443799467
2006-07-06,16.912598801665744
2006-07-07,0.08883527287463416
2006-07-08,0.0
2006-07-09,0.01845706752818652
2006-07-10,0.0
2006-07-11,0.00487818751576791
2006-07-12,1.4184920656424365
2006-07-13,15.354564737915423
2006-07-14,2.447995980333767
2006-07-15,0.17881178477006007
2006-07-16,0.0
2006-07-17,0.0
2006-07-18,0.79359497531693
2006-07-19,6.153772727571365
2006-07-20,5.190357495028368
2006-07-21,1.3428192368761578
2006-07-22,7.155028512442634
2006-07-23,16.715507588114907
2006-07-24,0.036250623437229006
2006-07-25,2.3991695298857896
2006-07-26,2.1525985754283568
2006-07-27,0.8082693087334125
2006-07-28,0.5604535299060424
2006-07-29,5.623736027937379
2006-07-30,0.0
2006-07-31,0.044304782621509574
2006-08-01,0.0
2006-08-02,0.0012195468789419775
2006-08-03,0.024761025433531047
2006-08-04,0.0
2006-08-05,0.005174501839446984
2006-08-06,0.7291473878809354
2006-08-07,0.6985620672908036
2006-08-08,2.6088409369500964
2006-08-09,0.1291168601138872
2006-08-10,0.10090088460864416
2006-08-11,9.549913987244334
2006-08-12,1.8621214935992931
2006-08-13,0.0
2006-08-14,0.0
2006-08-15,0.041486753882089104
2006-08-16,0.0
2006-08-17,0.0
2006-08-18,0.0
2006-08-19,0.19430774023255648
2006-08-20,0.3564576494375764
2006-08-21,0.11438144607458736
2006-08-22,0.7828651177480819
2006-08-23,5.049748966836476
2006-08-24,0.06359819915302355
2006-08-25,0.0
2006-08-26,0.0
2006-08-27,0.0
2006-08-28,0.006953236846756885
2006-08-29,6.136345397626759
2006-08-30,22.18933201602184
2006-08-31,22.12554268251604
2006-09-01,25.405106100496525
2006-09-02,1.149630664635057
2006-09-03,3.740529758783619
2006-09-04,17.551820660948255
2006-09-05,8.839345557833381
2006-09-06,3.0396724672497406
2006-09-07,0.00487818751576791
2006-09-08,8.888479155284402
2006-09-09,2.3131180006232803
2006-09-10,0.10534782546075128
2006-09-11,0.015013208328017388
2006-09-12,0.0
2006-09-13,27.116320631487188
2006-09-14,29.74573678536277
2006-09-15,0.2736702591813521
2006-09-16,0.0
2006-09-17,0.0
2006-09-18,0.0
2006-09-19,1.8788367162233772
2006-09-20,0.0
2006-09-21,0.0
2006-09-22,0.0
2006-09-23,0.0011594690754672505
2006-09-24,2.8280259917360437
2006-09-25,2.7794086685788217
2006-09-26,0.4356005010247284
2006-09-27,0.5376611115219686
2006-09-28,5.84418392341514
2006-09-29,2.337229822043795
2006-09-30,0.11710690919540079
2006-10-01,3.383614617477866
2006-10-02,0.0
2006-10-03,0.0
2006-10-04,0.10861085433160363
2006-10-05,6.227322263712568
2006-10-06,37.662634746519956
2006-10-07,11.98917216133227
2006-10-08,5.474835055851622
2006-10-09,0.037437793684464905
2006-10-10,0.0
2006-10-11,0.5289208835440238
2006-10-12,3.740538393776564
2006-10-13,0.12748276538055264
2006-10-14,0.0012195468789419775
2006-10-15,0.09020558079208499
2006-10-16,0.2585338097214347
2006-10-17,19.01720648375484
2006-10-18,0.14159873910810802
2006-10-19,0.5275597002922726
2006-10-20,6.703354811382797
2006-10-21,0.0
2006-10-22,1.5239081971697286
2006-10-23,0.025960568909130562
2006-10-24,0.0
2006-10-25,0.0
2006-10-26,1.7355720492259283
2006-10-27,22.611320329533548
2006-10-28,11.84306907581816
2006-10-29,0.3692124398034563
2006-10-30,0.0
2006-10-31,0.015622981767488376
2006-11-01,0.19174463101606343
2006-11-02,5.587363107747841
2006-11-03,1.448301244103822
2006-11-04,0.1454801333110602
2006-11-05,0.0343262250705587
2006-11-06,0.0
2006-11-07,14.034561096550888
2006-11-08,14.269203451541813
2006-11-09,2.798220846686784
2006-11-10,0.0
2006-11-11,0.5926926671067426
2006-11-12,14.197156474574546
2006-11-13,0.8423695870170662
2006-11-14,0.0693270254705107
2006-11-15,12.31551962725536
2006-11-16,29.35864678056864
2006-11-17,0.9022042044378418
2006-11-18,0.0
2006-11-19,0.0
2006-11-20,1.8323354065544868
2006-11-21,3.541155353662617
2006-11-22,34.424955852021405
2006-11-23,5.07514821509594
2006-11-24,0.08542258508622498
2006-11-25,0.0
2006-11-26,0.0
2006-11-27,0.0
2006-11-28,0.0
2006-11-29,0.04762280652641965
2006-11-30,0.10452013994074702
2006-12-01,2.2893495124138004
2006-12-02,0.0
2006-12-03,0.0
2006-12-04,0.0
2006-12-05,0.0
2006-12-06,0.0
2006-12-07,0.00048510954744815474
2006-12-08,0.0
2006-12-09,0.0
2006-12-10,0.0
2006-12-11,0.0
2006-12-12,0.0
2006-12-13,1.920781666918137
2006-12-14,0.0
2006-12-15,0.0
2006-12-16,0.0
2006-12-17,0.08425218497913062
2006-12-18,0.07243649361104586
2006-12-19,0.0
2006-12-20,0.0
2006-12-21,0.5294055232250763
2006-12-22,17.622579511768198
2006-12-23,1.8915517735240421
2006-12-24,1.6295444732799946
2006-12-25,17.99644143953639
2006-12-26,0.22759848023791598
2006-12-27,0.01060297362580928
2006-12-28,0.10974467893881827
2006-12-29,0.016373117557207866
2006-12-30,0.0
2006-12-31,5.487697131248618
2007-01-01,68.05856575684496
2007-01-02,0.0
2007-01-03,0.0
2007-01-04,0.0
2007-01-05,7.038116302554767
2007-01-06,3.5075836252583734
2007-01-07,11.525877386787961
2007-01-08,11.994775329672377
2007-01-09,0.2884791463785361
2007-01-10,0.0
2007-01-11,0.0
2007-01-12,0.0
2007-01-13,0.00016170318248271825
2007-01-14,0.0
2007-01-15,0.08286748921081828
2007-01-16,0.38804707917199605
2007-01-17,0.0
2007-01-18,0.7246585443478617
2007-01-19,0.026949277330138067
2007-01-20,0.000646812729930873
2007-01-21,8.006187564986972
2007-01-22,3.184520074411478
2007-01-23,0.0
2007-01-24,0.0
2007-01-25,0.0
2007-01-26,0.0
2007-01-27,0.0
2007-01-28,0.0
2007-01-29,0.0
2007-01-30,0.0
2007-01-31,0.0
2007-02-01,1.4666543611443394
2007-02-02,0.7641989076496628
2007-02-03,0.0
2007-02-04,0.0
2007-02-05,0.0
2007-02-06,0.0
2007-02-07,0.0
2007-02-08,0.0
2007-02-09,0.0
2007-02-10,0.0
2007-02-11,0.0
2007-02-12,0.0
2007-02-13,15.416895591519198
2007-02-14,21.9124115129744
2007-02-15,0.0
2007-02-16,0.0
2007-02-17,0.0
2007-02-18,0.0
2007-02-19,0.0
2007-02-20,0.016923630010649147
2007-02-21,1.9947179181925638
2007-02-22,0.1496966220991173
2007-02-23,0.0
2007-02-24,0.0
2007-02-25,13.394204156796093
2007-02-26,0.27291715942296435
2007-02-27,0.0
2007-02-28,0.03503311124696503
2007-03-01,9.774683820695644
2007-03-02,22.95499970540849
2007-03-03,0.41672953371581084
2007-03-04,0.0
2007-03-05,0.0
2007-03-06,0.0
2007-03-07,0.0
2007-03-08,0.0
2007-03-09,0.0
2007-03-10,0.0
2007-03-11,0.0
2007-03-12,0.0
2007-03-13,0.0
2007-03-14,0.030349823021000213
2007-03-15,0.7112647172166221
2007-03-16,41.68155064941104
2007-03-17,0.6870029681236467
2007-03-18,0.0
2007-03-19,0.0
2007-03-20,0.0
2007-03-21,0.09502545793711953
2007-03-22,0.0
2007-03-23,0.0
2007-03-24,0.0
2007-03-25,0.0
2007-03-26,0.0
2007-03-27,1.2313559753021477
2007-03-28,6.758546315958194
2007-03-29,16.14144612685456
2007-03-30,0.018465389476730067
2007-03-31,0.2608087293586098
2007-04-01,1.873153946815774
2007-04-02,0.08263419620337054
2007-04-03,0.0
2007-04-04,0.052682527007587854
2007-04-05,0.0
2007-04-06,0.0
2007-04-07,1.0252661368653677
2007-04-08,0.0
2007-04-09,0.0
2007-04-10,0.0
2007-04-11,16.838259489405736
2007-04-12,12.880243592135876
2007-04-13,0.284747841067011
2007-04-14,1.835664739860435
2007-04-15,38.59900368768791
2007-04-16,1.664046484054183
2007-04-17,0.13462321722940207
2007-04-18,0.0
2007-04-19,0.676275339989352
2007-04-20,0.14611492261171533
2007-04-21,0.0
2007-04-22,0.0
2007-04-23,0.0
2007-04-24,0.13057467031714176
2007-04-25,0.0
2007-04-26,1.2075574833567109
2007-04-27,5.2815540890141275
2007-04-28,0.0
2007-04-29,0.0
2007-04-30,0.0
2007-05-01,0.0
2007-05-02,0.04579966521242945
2007-05-03,2.1003532039149255
2007-05-04,1.7874535373615477
2007-05-05,0.9115805875157943
2007-05-06,0.4404025112949598
2007-05-07,0.0
2007-05-08,0.01962485855219732
2007-05-09,2.6087282712647206
2007-05-10,0.1550448570158698
2007-05-11,0.0
2007-05-12,0.9774587394795674
2007-05-13,0.037528139511876946
2007-05-14,0.0
2007-05-15,0.0
2007-05-16,5.679859482154444
2007-05-17,1.3773887892234056
2007-05-18,6.64349124635869
2007-05-19,0.0
2007-05-20,0.0
2007-05-21,0.0
2007-05-22,0.4318368601831899
2007-05-23,0.0
2007-05-24,0.0
2007-05-25,0.0
2007-05-26,0.25407721762629
2007-05-27,0.0
2007-05-28,0.0034409935537847297
2007-05-29,0.22666136330504164
2007-05-30,0.0
2007-05-31,3.8567772349640133
2007-06-01,4.108023655034967
2007-06-02,0.15459800626898582
2007-06-03,23.897713802977737
2007-06-04,0.09175947452110875
2007-06-05,0.6008921170969669
2007-06-06,2.6147822110614567
2007-06-07,0.0
2007-06-08,0.34778902358612435
2007-06-09,0.12413947469726903
2007-06-10,0.4972080138346504
2007-06-11,3.719539592420319
2007-06-12,2.615876962129231
2007-06-13,0.9746914626165338
2007-06-14,4.596972723684666
2007-06-15,0.18030785527284643
2007-06-16,0.37935757039294365
2007-06-17,0.0
2007-06-18,0.5829322226978507
2007-06-19,0.057699258346052704
2007-06-20,3.7481790844231098
2007-06-21,1.824973700227066
2007-06-22,0.120883207979216
2007-06-23,0.003389662766103073
2007-06-24,0.12297724992969014
2007-06-25,0.6487383536436282
2007-06-26,3.5568685845940906
2007-06-27,0.9537327596638898
2007-06-28,1.9304244037840592
2007-06-29,0.39345086890727393
2007-06-30,5.098738999502815
2007-07-01,0.0
2007-07-02,0.0
2007-07-03,0.007927054713122854
2007-07-04,5.870350619950942
2007-07-05,2.587291807593375
2007-07-06,7.277024988946361
2007-07-07,0.0
2007-07-08,0.0
2007-07-09,1.1862705348419325
2007-07-10,19.663947938554013
2007-07-11,7.752379833381434
2007-07-12,0.0
2007-07-13,0.2759750964238034
2007-07-14,0.017683429744658676
2007-07-15,0.03357981729329857
2007-07-16,7.226907569888707
2007-07-17,7.32587708671063
2007-07-18,0.684603965504367
2007-07-19,0.00016170318248271825
2007-07-20,0.5418735954282506
2007-07-21,0.0
2007-07-22,0.0
2007-07-23,0.007344496450133089
2007-07-24,7.2839307172629875
2007-07-25,18.188433545012913
2007-07-26,0.22458764831507108
2007-07-27,0.4665897644231143
2007-07-28,2.607291451954709
2007-07-29,0.22895443659950834
2007-07-30,8.479835897533542
2007-07-31,0.06177650481248005
2007-08-01,0.0
2007-08-02,0.0
2007-08-03,0.39553403686683614
2007-08-04,0.0
2007-08-05,0.12746969411293962
2007-08-06,0.0
2007-08-07,0.0
2007-08-08,0.0
2007-08-09,0.0
2007-08-10,0.0
2007-08-11,0.0
2007-08-12,0.0
2007-08-13,0.00016170318248271825
2007-08-14,0.0
2007-08-15,0.0
2007-08-16,0.06365041160349022
2007-08-17,4.871318397097647
2007-08-18,0.0
2007-08-19,0.0
2007-08-20,0.22035593957923066
2007-08-21,7.180237533774365
2007-08-22,0.24569676909260058
2007-08-23,0.2910594517417732
2007-08-24,0.0
2007-08-25,0.9706960351300921
2007-08-26,0.0216835916904041
2007-08-27,0.09998695495632612
2007-08-28,0.12683287540996566
2007-08-29,0.08456253647518897
2007-08-30,10.80556852803343
2007-08-31,0.24342456188733105
2007-09-01,25.160524439581437
2007-09-02,0.0
2007-09-03,0.0
2007-09-04,0.0
2007-09-05,0.0
2007-09-06,0.0
2007-09-07,0.05725873019469802
2007-09-08,0.03086292292105364
2007-09-09,0.0
2007-09-10,0.0
2007-09-11,0.1375777493767851
2007-09-12,0.0
2007-09-13,0.0
2007-09-14,46.5693300001518
2007-09-15,1.0272284781201761
2007-09-16,0.0
2007-09-17,0.000988708421007504
2007-09-18,0.0
2007-09-19,0.0
2007-09-20,0.0005617920050372322
2007-09-21,1.7474323728950476
2007-09-22,0.18665959427060339
2007-09-23,0.0
2007-09-24,0.0
2007-09-25,0.0
2007-09-26,0.0
2007-09-27,0.0
2007-09-28,0.000988708421007504
2007-09-29,0.0
2007-09-30,0.0
2007-10-01,0.0
2007-10-02,0.0
2007-10-03,0.0
2007-10-04,0.054608506165542414
2007-10-05,0.03305766845539053
2007-10-06,0.0
2007-10-07,0.0
2007-10-08,0.0
2007-10-09,0.3879526369158587
2007-10-10,0.04331943728429353
2007-10-11,0.0
2007-10-12,0.0
2007-10-13,0.0
2007-10-14,0.0
2007-10-15,0.0
2007-10-16,0.0
2007-10-17,0.0
2007-10-18,0.1059596542946399
2007-10-19,12.773094050295446
2007-10-20,0.7212014756452839
2007-10-21,0.0
2007-10-22,0.0
2007-10-23,0.09963711108928291
2007-10-24,48.12974798847589
2007-10-25,42.8292600011744
2007-10-26,56.39041643002292
2007-10-27,4.2414412165183855
2007-10-28,0.0
2007-10-29,0.0
2007-10-30,0.0
2007-10-31,0.0
2007-11-01,0.0
2007-11-02,0.0
2007-11-03,0.0
2007-11-04,0.0
2007-11-05,0.0
2007-11-06,0.7956339043145589
2007-11-07,0.0
2007-11-08,0.0
2007-11-09,0.3350545217472178
2007-11-10,0.48976968583777486
2007-11-11,0.0
2007-11-12,0.08806048008657605
2007-11-13,1.0722437260231064
2007-11-14,0.0011594690754672505
2007-11-15,8.558093555017752
2007-11-16,0.0
2007-11-17,0.0
2007-11-18,0.0
2007-11-19,0.05754168814711941
2007-11-20,0.03747592706141027
2007-11-21,1.4284156120903966
2007-11-22,0.8872617211803593
2007-11-23,0.0
2007-11-24,0.0
2007-11-25,1.8252560330800032
2007-11-26,2.612620406560114
2007-11-27,1.0068567623102829
2007-11-28,0.0
2007-11-29,0.0
2007-11-30,0.0
2007-12-01,0.0
2007-12-02,0.10795855730879125
2007-12-03,0.9643808569223458
2007-12-04,0.0
2007-12-05,0.04678382049925186
2007-12-06,0.0
2007-12-07,0.025960568909130562
2007-12-08,0.0
2007-12-09,0.0
2007-12-10,0.0
2007-12-11,0.0
2007-12-12,0.0
2007-12-13,1.3467429828208013
2007-12-14,0.0
2007-12-15,6.939051222808528
2007-12-16,12.831999248291954
2007-12-17,0.0
2007-12-18,0.0
2007-12-19,0.2943841983366613
2007-12-20,0.0
2007-12-21,4.790044423607565
2007-12-22,0.021167487869198275
2007-12-23,9.544510801543048
2007-12-24,0.0
2007-12-25,0.0
2007-12-26,2.1908878182864253
2007-12-27,0.0
2007-12-28,11.614004092563867
2007-12-29,6.559017282442191
2007-12-30,18.890333515417502
2007-12-31,2.735054911736626
2008-01-01,0.012226772789863824
2008-01-02,0.0
2008-01-03,0.0
2008-01-04,0.0
2008-01-05,0.0
2008-01-06,0.10776554032261614
2008-01-07,0.0
2008-01-08,0.0
2008-01-09,0.26996912155287073
2008-01-10,4.620796099941887
2008-01-11,2.899686177502475
2008-01-12,0.0
2008-01-13,0.0
2008-01-14,0.0
2008-01-15,0.0
2008-01-16,0.0
2008-01-17,12.138621624883356
2008-01-18,0.03260959819840226
2008-01-19,0.3659217098507734
2008-01-20,0.05384302604370505
2008-01-21,0.0
2008-01-22,0.09006810824158608
2008-01-23,0.3150312870329298
2008-01-24,0.0
2008-01-25,0.0
2008-01-26,0.000988708421007504
2008-01-27,0.0
2008-01-28,0.0
2008-01-29,0.0359987929268502
2008-01-30,2.2082131990050624
2008-01-31,0.0
2008-02-01,23.447805672851516
2008-02-02,0.000646812729930873
2008-02-03,1.8221629499148786
2008-02-04,7.664718682760394
2008-02-05,2.5592520942536146
2008-02-06,1.6386523517612732
2008-02-07,0.3587552185257195
2008-02-08,0.0
2008-02-09,0.0
2008-02-10,0.0
2008-02-11,0.00048510954744815474
2008-02-12,4.18233012996056
2008-02-13,8.094514340381794
2008-02-14,1.080321882490082
2008-02-15,0.0
2008-02-16,0.0003234063649654365
2008-02-17,1.0893454060878913
2008-02-18,2.228337358041187
2008-02-19,0.0
2008-02-20,0.0
2008-02-21,0.000988708421007504
2008-02-22,0.2060099917684324
2008-02-23,0.33787919603974165
2008-02-24,1.3331988269533197
2008-02-25,0.5722888391429932
2008-02-26,4.083722765808415
2008-02-27,0.027110980512620782
2008-02-28,0.0
2008-02-29,0.0
2008-03-01,0.008540191236385303
2008-03-02,0.0
2008-03-03,0.0
2008-03-04,14.67929055464374
2008-03-05,8.343051849851953
2008-03-06,0.05761837060470849
2008-03-07,13.2382538793075
2008-03-08,5.582177023585321
2008-03-09,0.0
2008-03-10,0.0
2008-03-11,0.0
2008-03-12,0.0
2008-03-13,0.0
2008-03-14,0.9365608722420125
2008-03-15,5.340013298989577
2008-03-16,3.563591772649058
2008-03-17,0.0
2008-03-18,0.0
2008-03-19,8.171061021302393
2008-03-20,1.4129316298917256
2008-03-21,0.0
2008-03-22,0.0
2008-03-23,0.010163960840798037
2008-03-24,2.007311130060089
2008-03-25,0.0455680480408073
2008-03-26,0.0
2008-03-27,0.0
2008-03-28,0.07136892270386913
2008-03-29,1.01924727810777
2008-03-30,1.8488379163572262
2008-03-31,12.737524024220143
2008-04-01,4.72950830556127
2008-04-02,0.0014553286423444642
2008-04-03,11.792150227287552
2008-04-04,8.946474035590976
2008-04-05,16.658218087042595
2008-04-06,15.013427099985703
2008-04-07,0.9671181131710471
2008-04-08,0.09029221467597073
2008-04-09,0.04530813367790449
2008-04-10,0.0005617920050372322
2008-04-11,0.032286191833436825
2008-04-12,8.65702566561193
2008-04-13,0.016143095916718413
2008-04-14,0.4054960710077186
2008-04-15,0.035389019487379214
2008-04-16,0.0
2008-04-17,0.0
2008-04-18,0.0008085159124135913
2008-04-19,3.351443331946657
2008-04-20,12.206153987446351
2008-04-21,7.994134166841273
2008-04-22,4.760261210783238
2008-04-23,0.0550024951191723
2008-04-24,0.0
2008-04-25,0.5501629560056438
2008-04-26,1.3960908936508374
2008-04-27,17.961101598289186
2008-04-28,20.933648013813286
2008-04-29,0.02671089169006627
2008-04-30,0.0
2008-05-01,0.0
2008-05-02,0.0011504116034902223
2008-05-03,0.2863522753479642
2008-05-04,0.15371875922021488
2008-05-05,0.1527891757789068
2008-05-06,0.0
2008-05-07,0.0
2008-05-08,16.545695067510508
2008-05-09,39.304336389356656
2008-05-10,3.010364772198867
2008-05-11,13.743144904881497
2008-05-12,1.2174816198183194
2008-05-13,0.23082504333331966
2008-05-14,0.2714976072508039
2008-05-15,1.3773620258757429
2008-05-16,4.0350066361208
2008-05-17,0.06166783044821873
2008-05-18,1.7855338425754477
2008-05-19,0.17054760764842605
2008-05-20,7.963500576105547
2008-05-21,0.03639392289464575
2008-05-22,0.0
2008-05-23,0.16150755566397576
2008-05-24,10.407831612663559
2008-05-25,0.9993727916782058
2008-05-26,0.0003234063649654365
2008-05-27,1.2466293711949095
2008-05-28,2.4252213354987715
2008-05-29,0.0
2008-05-30,0.0
2008-05-31,1.071571621032352
2008-06-01,2.6083309012097082
2008-06-02,0.2683528978214969
2008-06-03,3.259233837061629
2008-06-04,0.007433240910431768
2008-06-05,0.0
2008-06-06,0.0
2008-06-07,0.45736474732703664
2008-06-08,0.035389019487379214
2008-06-09,0.0
2008-06-10,0.0
2008-06-11,0.09248378732552312
2008-06-12,4.293021968185926
2008-06-13,0.537061305547748
2008-06-14,9.055033659515765
2008-06-15,0.5551434707970124
2008-06-16,0.6109296464331246
2008-06-17,0.02955271370268641
2008-06-18,0.0
2008-06-19,0.0
2008-06-20,0.06077873891949552
2008-06-21,0.1542622089678524
2008-06-22,0.4596612910713501
2008-06-23,5.375127608074318
2008-06-24,0.0
2008-06-25,0.0
2008-06-26,1.477021948254533
2008-06-27,2.767338129718201
2008-06-28,2.161369740299578
2008-06-29,5.495220473155081
2008-06-30,1.049320282777909
2008-07-01,0.0
2008-07-02,0.0
2008-07-03,0.0
2008-07-04,1.0840733284704127
2008-07-05,3.8735213277247813
2008-07-06,4.950404363322639
2008-07-07,2.6070897845462153
2008-07-08,4.094065549271269
2008-07-09,12.89815069077626
2008-07-10,2.320125484958941
2008-07-11,0.0
2008-07-12,1.116954117475454
2008-07-13,3.424929517338514
2008-07-14,7.505784919395305
2008-07-15,0.5113070187389005
2008-07-16,0.0
2008-07-17,0.0
2008-07-18,0.0
2008-07-19,0.0
2008-07-20,0.0
2008-07-21,0.4544334967152949
2008-07-22,3.849247893439581
2008-07-23,14.512538945321745
2008-07-24,3.1502645768397817
2008-07-25,0.021193758925909585
2008-07-26,0.4669281324037804
2008-07-27,0.06788549667399603
2008-07-28,0.0
2008-07-29,1.149953679249827
2008-07-30,2.471026843087465
2008-07-31,20.748495631761994
2008-08-01,1.8138315463131756
2008-08-02,5.6610674894444815
2008-08-03,0.0
2008-08-04,0.0
2008-08-05,0.049362467554591664
2008-08-06,0.13761667333924182
2008-08-07,0.9204456495885406
2008-08-08,0.0
2008-08-09,0.0
2008-08-10,0.0
2008-08-11,0.0
2008-08-12,0.0
2008-08-13,7.6878797293644325
2008-08-14,3.2395263370359104
2008-08-15,1.9114662558578
2008-08-16,0.027839461806131355
2008-08-17,0.6287151317704964
2008-08-18,0.0
2008-08-19,0.0
2008-08-20,0.0
2008-08-21,0.019018859533223752
2008-08-22,0.0
2008-08-23,0.0
2008-08-24,0.0
2008-08-25,0.06962984256562912
2008-08-26,9.762041688700178
2008-08-27,91.05939212446262
2008-08-28,18.11342617294617
2008-08-29,0.13574765595082341
2008-08-30,0.04640337522787564
2008-08-31,0.2507049459426757
2008-09-01,0.0
2008-09-02,0.0
2008-09-03,0.0005617920050372322
2008-09-04,0.06392760562562078
2008-09-05,3.0086197283779086
2008-09-06,54.224639117337546
2008-09-07,0.0
2008-09-08,0.0
2008-09-09,0.3365294475327025
2008-09-10,3.64926783274307
2008-09-11,1.6335406574153206
2008-09-12,0.049560281656917664
2008-09-13,0.019018859533223752
2008-09-14,0.0
2008-09-15,0.0
2008-09-16,10.879033854750983
2008-09-17,3.374009842177218
2008-09-18,0.0
2008-09-19,0.019454097897737572
2008-09-20,0.0
2008-09-21,0.0
2008-09-22,0.0
2008-09-23,0.0
2008-09-24,0.001293625459861746
2008-09-25,6.804386610438609
2008-09-26,15.243494183707691
2008-09-27,21.50986800679899
2008-09-28,5.182231290742679
2008-09-29,0.0
2008-09-30,0.4986096837326135
2008-10-01,0.8134153662629018
2008-10-02,0.7239131230012312
2008-10-03,0.0
2008-10-04,0.0
2008-10-05,0.0
2008-10-06,0.0
2008-10-07,0.0
2008-10-08,0.6175438067372132
2008-10-09,3.5682319538035383
2008-10-10,0.8674351391282994
2008-10-11,0.0
2008-10-12,0.0
2008-10-13,0.0
2008-10-14,0.0
2008-10-15,0.0
2008-10-16,0.0
2008-10-17,16.801204624752046
2008-10-18,0.45071426554811733
2008-10-19,0.025960568909130562
2008-10-20,0.0
2008-10-21,0.0
2008-10-22,0.0
2008-10-23,0.0
2008-10-24,5.4040530276243235
2008-10-25,15.192489587942548
2008-10-26,0.0
2008-10-27,0.1166697485747749
2008-10-28,0.0
2008-10-29,0.0
2008-10-30,0.0
2008-10-31,0.0
2008-11-01,0.0
2008-11-02,0.0
2008-11-03,0.000988708421007504
2008-11-04,4.387652921624479
2008-11-05,4.342405550148694
2008-11-06,0.0
2008-11-07,0.0
2008-11-08,0.603427112415942
2008-11-09,0.0
2008-11-10,0.0
2008-11-11,0.0
2008-11-12,0.15271546924175464
2008-11-13,15.558036859654738
2008-11-14,2.2338910695529868
2008-11-15,33.5023745742235
2008-11-16,0.0
2008-11-17,0.0
2008-11-18,0.0
2008-11-19,0.0
2008-11-20,0.0
2008-11-21,0.22697488031096372
2008-11-22,0.0
2008-11-23,0.030349823021000213
2008-11-24,3.6970472242469605
2008-11-25,3.1502305839112448
2008-11-26,0.0
2008-11-27,0.0
2008-11-28,0.001940438189792619
2008-11-29,1.7272240357936761
2008-11-30,19.6004902314719
2008-12-01,1.5123057543140497
2008-12-02,0.0
2008-12-03,0.0
2008-12-04,0.0
2008-12-05,0.08256387133720856
2008-12-06,0.12623092979934622
2008-12-07,0.0
2008-12-08,0.0
2008-12-09,0.10126873520417112
2008-12-10,5.655091673062924
2008-12-11,49.75642714783251
2008-12-12,9.991541132224873
2008-12-13,0.15327446027586447
2008-12-14,0.054805703712499765
2008-12-15,0.8414233314181345
2008-12-16,6.205109988804586
2008-12-17,2.1857504151665084
2008-12-18,0.176510884426205
2008-12-19,1.4241609114194622
2008-12-20,1.9205186374506555
2008-12-21,15.273865438488302
2008-12-22,0.2276645223936478
2008-12-23,0.0
2008-12-24,0.0
2008-12-25,2.053052100006868
2008-12-26,0.6926867653134002
2008-12-27,0.2822414629689072
2008-12-28,0.43122974278446197
2008-12-29,0.06227293596256295
2008-12-30,0.0
2008-12-31,0.0
