,precipitation
1989-01-01,3.0145221672935056
1989-01-02,0.0
1989-01-03,0.0
1989-01-04,0.0
1989-01-05,0.0
1989-01-06,0.029421066417469513
1989-01-07,0.025051095598261925
1989-01-08,0.5689922194241998
1989-01-09,5.186748532188141
1989-01-10,11.461591051784762
1989-01-11,3.517487348026301
1989-01-12,1.002634580186242
1989-01-13,3.33338644936575
1989-01-14,23.694193808905926
1989-01-15,0.0005573183124891175
1989-01-16,0.0
1989-01-17,0.23992172331581296
1989-01-18,9.068545356343158
1989-01-19,6.547091863623828
1989-01-20,19.31095358683007
1989-01-21,0.0
1989-01-22,0.0
1989-01-23,0.0
1989-01-24,0.06194268168751088
1989-01-25,0.0
1989-01-26,0.0
1989-01-27,0.0
1989-01-28,0.0
1989-01-29,0.25831346325681015
1989-01-30,1.7182371979411042
1989-01-31,0.0
1989-02-01,0.0
1989-02-02,0.0
1989-02-03,0.1009877829609942
1989-02-04,0.8810849011350346
1989-02-05,0.31268203428557295
1989-02-06,0.8565445180411159
1989-02-07,1.2338468338963329
1989-02-08,0.0
1989-02-09,0.0
1989-02-10,0.0
1989-02-11,0.0
1989-02-12,0.0
1989-02-13,0.016455578554916767
1989-02-14,0.04044705927948291
1989-02-15,0.0
1989-02-16,0.0005573183124891175
1989-02-17,0.009279229053569172
1989-02-18,1.1083119897890785
1989-02-19,0.3938034255790803
1989-02-20,4.790293912760167
1989-02-21,25.112856068296228
1989-02-22,0.0
1989-02-23,0.0
1989-02-24,0.0
1989-02-25,0.0
1989-02-26,0.0
1989-02-27,0.5878844557277918
1989-02-28,7.266400234636143
1989-03-01,0.8159050626568809
1989-03-02,20.320316272377525
1989-03-03,0.13597122229216438
1989-03-04,1.5745106617680338
1989-03-05,17.814192474929698
1989-03-06,0.0
1989-03-07,0.0
1989-03-08,0.0
1989-03-09,0.0
1989-03-10,0.0
1989-03-11,0.0
1989-03-12,0.0
1989-03-13,0.0
1989-03-14,0.0
1989-03-15,0.0
1989-03-16,0.04044705927948291
1989-03-17,0.0
1989-03-18,0.0
1989-03-19,0.0
1989-03-20,3.498834262482058
1989-03-21,8.135452801803845
1989-03-22,34.934413850493634
1989-03-23,8.937222171200235
1989-03-24,0.0
1989-03-25,0.0
1989-03-26,0.7891296384520814
1989-03-27,0.06305731831248912
1989-03-28,0.0
1989-03-29,102.75490314192746
1989-03-30,0.0
1989-03-31,0.0
1989-04-01,0.0
1989-04-02,0.0
1989-04-03,0.08145143687145492
1989-04-04,0.626906567172042
1989-04-05,12.253495302609599
1989-04-06,0.0
1989-04-07,0.0
1989-04-08,0.0
1989-04-09,4.218071558119479
1989-04-10,3.068599421050276
1989-04-11,1.0224261336327474
1989-04-12,0.0
1989-04-13,0.0
1989-04-14,1.6456687309352318
1989-04-15,4.142223679921125
1989-04-16,0.0
1989-04-17,0.0
1989-04-18,0.0
1989-04-19,0.7677867430338207
1989-04-20,0.08626762945948024
1989-04-21,0.0
1989-04-22,0.0
1989-04-23,0.0
1989-04-24,0.0
1989-04-25,0.0
1989-04-26,0.0
1989-04-27,0.2334708400575981
1989-04-28,4.8840442939689455
1989-04-29,14.197557448711926
1989-04-30,19.43684714215758
1989-05-01,9.529366635712872
1989-05-02,0.0
1989-05-03,0.19402852069930496
1989-05-04,53.603026545185806
1989-05-05,10.545006253331449
1989-05-06,0.0
1989-05-07,0.0
1989-05-08,0.0
1989-05-09,0.0008907853598923366
1989-05-10,3.0573588148127
1989-05-11,0.0
1989-05-12,0.0
1989-05-13,3.557106600619892
1989-05-14,0.9986347805451686
1989-05-15,3.6651174608259387
1989-05-16,8.173784943641408
1989-05-17,0.38010138365601603
1989-05-18,29.25719941840983
1989-05-19,17.238770894137506
1989-05-20,7.153956777721993
1989-05-21,21.406481055472323
1989-05-22,0.07108826710470441
1989-05-23,0.17123378577238219
1989-05-24,0.0003334670474032191
1989-05-25,0.0
1989-05-26,0.0
1989-05-27,0.0
1989-05-28,0.0
1989-05-29,0.0
1989-05-30,0.0
1989-05-31,0.0003334670474032191
1989-06-01,15.975764422601548
1989-06-02,3.4704976937452963
1989-06-03,10.572984427701249
1989-06-04,0.6879721264630277
1989-06-05,25.75413800252274
1989-06-06,7.092092728791752
1989-06-07,4.9867847131769825
1989-06-08,29.463044888605108
1989-06-09,0.07027693557089519
1989-06-10,9.049531858789786
1989-06-11,0.5536807094057004
1989-06-12,0.0625
1989-06-13,0.0
1989-06-14,25.5287213818618
1989-06-15,10.498107701903045
1989-06-16,0.0
1989-06-17,0.0
1989-06-18,1.7943267842007726
1989-06-19,11.211756117818677
1989-06-20,0.3872679339611935
1989-06-21,1.5015814175356175
1989-06-22,8.23041985395299
1989-06-23,9.61143317769154
1989-06-24,10.625525283855223
1989-06-25,1.1897385324938021
1989-06-26,0.20276147152744095
1989-06-27,2.735370798018173
1989-06-28,7.9807853512160465
1989-06-29,5.605512416943934
1989-06-30,16.447735323682583
1989-07-01,0.11395381555377904
1989-07-02,18.462649494023395
1989-07-03,5.831230090790138
1989-07-04,22.3866586247973
1989-07-05,13.393847354101272
1989-07-06,5.142900638358814
1989-07-07,4.039402612946376
1989-07-08,15.128706219493488
1989-07-09,1.3404586220013854
1989-07-10,7.963418477693643
1989-07-11,0.0
1989-07-12,0.04100437759197202
1989-07-13,1.140999511956035
1989-07-14,16.29412469835294
1989-07-15,6.598427967425706
1989-07-16,1.9089822080031205
1989-07-17,15.427718254893994
1989-07-18,5.5479636711343305
1989-07-19,0.0
1989-07-20,4.9863107549714005
1989-07-21,0.0
1989-07-22,9.95277987315141
1989-07-23,5.052686986705865
1989-07-24,2.833295762483645
1989-07-25,4.939882645501034
1989-07-26,0.47533832591626285
1989-07-27,7.136037193252748
1989-07-28,3.951515597332648
1989-07-29,0.07049012005952994
1989-07-30,0.0005573183124891175
1989-07-31,11.884135466003698
1989-08-01,39.186636786726595
1989-08-02,0.9946404823235341
1989-08-03,0.0
1989-08-04,0.0
1989-08-05,0.0
1989-08-06,5.325369173531505
1989-08-07,9.702698208275407
1989-08-08,15.500394944824581
1989-08-09,0.0
1989-08-10,0.0
1989-08-11,0.0
1989-08-12,0.0005573183124891175
1989-08-13,0.14811083471861974
1989-08-14,0.0
1989-08-15,0.0
1989-08-16,0.0
1989-08-17,0.1029470592794829
1989-08-18,6.286759723539855
1989-08-19,4.522731614768349
1989-08-20,0.0
1989-08-21,0.0
1989-08-22,2.461587616079092
1989-08-23,4.580337235231094
1989-08-24,2.9935214368598477
1989-08-25,0.005396031763480473
1989-08-26,0.0
1989-08-27,0.1384881211978561
1989-08-28,15.85309263266883
1989-08-29,5.9802777584416615
1989-08-30,0.008000427956607744
1989-08-31,2.163993498163915
1989-09-01,0.0
1989-09-02,0.3425901909879403
1989-09-03,0.06271354336800809
1989-09-04,0.0011043287279004295
1989-09-05,3.143779400455255
1989-09-06,0.6288569129472331
1989-09-07,0.06978282683210935
1989-09-08,0.020654842337610994
1989-09-09,0.0
1989-09-10,1.2383845750939673
1989-09-11,9.041526461955431
1989-09-12,6.2087375141297745
1989-09-13,0.054894935324930845
1989-09-14,18.800079666091946
1989-09-15,0.9371674389511561
1989-09-16,0.0
1989-09-17,0.0
1989-09-18,0.0
1989-09-19,0.0
1989-09-20,0.0
1989-09-21,0.06894882695399943
1989-09-22,0.11469394012521397
1989-09-23,0.0
1989-09-24,0.0
1989-09-25,2.621598186710389
1989-09-26,0.0
1989-09-27,0.0
1989-09-28,2.2664095389288335
1989-09-29,24.388233931925264
1989-09-30,16.943779377092262
1989-10-01,0.001927154201243026
1989-10-02,0.0
1989-10-03,0.0
1989-10-04,0.0
1989-10-05,0.0
1989-10-06,0.125
1989-10-07,4.160155233487948
1989-10-08,6.172715257864607
1989-10-09,0.0
1989-10-10,0.0
1989-10-11,0.0
1989-10-12,0.0
1989-10-13,0.19988436947544183
1989-10-14,1.273338365752702
1989-10-15,0.9101293709660866
1989-10-16,2.5488820122480687
1989-10-17,10.747281296265456
1989-10-18,0.22029171048989613
1989-10-19,0.0
1989-10-20,0.0
1989-10-21,0.0
1989-10-22,0.0
1989-10-23,0.0
1989-10-24,0.0
1989-10-25,0.0
1989-10-26,0.0
1989-10-27,0.0
1989-10-28,0.0
1989-10-29,0.0
1989-10-30,0.0
1989-10-31,0.723308876077334
1989-11-01,0.30014273223090976
1989-11-02,14.6337733703184
1989-11-03,0.0
1989-11-04,0.0
1989-11-05,0.0
1989-11-06,1.7185546938569332
1989-11-07,23.69622308956792
1989-11-08,46.388560125583275
1989-11-09,2.281848084834866
1989-11-10,0.0
1989-11-11,0.0
1989-11-12,0.0
1989-11-13,33.42555327399889
1989-11-14,51.15138635601167
1989-11-15,28.521612549022933
1989-11-16,3.478716215978243
1989-11-17,0.0
1989-11-18,0.0
1989-11-19,0.07835971354571952
1989-11-20,0.0
1989-11-21,0.0
1989-11-22,11.162101853665233
1989-11-23,6.353561343512902
1989-11-24,0.0
1989-11-25,0.0
1989-11-26,0.024844022248593604
1989-11-27,0.7568517796006422
1989-11-28,8.705670297375196
1989-11-29,0.0
1989-11-30,0.0
1989-12-01,0.0
1989-12-02,0.06758041702692351
1989-12-03,0.0
1989-12-04,0.0
1989-12-05,0.0
1989-12-06,6.223074161995319
1989-12-07,52.561821916462556
1989-12-08,13.452871629894807
1989-12-09,0.2725330691551069
1989-12-10,0.0
1989-12-11,1.774263801961868
1989-12-12,19.695779991673163
1989-12-13,0.0
1989-12-14,0.0
1989-12-15,1.4052023561252953
1989-12-16,0.0
1989-12-17,1.8525003512366711
1989-12-18,1.4034859204272634
1989-12-19,13.056618396156171
1989-12-20,0.0
1989-12-21,0.0
1989-12-22,0.0
1989-12-23,0.0
1989-12-24,0.0
1989-12-25,0.0
1989-12-26,0.0
1989-12-27,0.0
1989-12-28,0.0
1989-12-29,17.98159117196962
1989-12-30,7.251451497449474
1989-12-31,38.268272909671154
1990-01-01,0.0007708616804972104
1990-01-02,0.0
1990-01-03,0.07646262662013156
1990-01-04,19.47055335856395
1990-01-05,1.9856591300729356
1990-01-06,21.27459112666764
1990-01-07,30.9476713116154
1990-01-08,1.6963039359103271
1990-01-09,0.0
1990-01-10,0.0
1990-01-11,0.0
1990-01-12,0.0
1990-01-13,0.0
1990-01-14,0.0
1990-01-15,0.0
1990-01-16,0.1128956326872771
1990-01-17,3.4772439649066027
1990-01-18,25.82494908277371
1990-01-19,0.27969599600234296
1990-01-20,13.767254698731724
1990-01-21,19.93893392971666
1990-01-22,0.0
1990-01-23,0.02399148072456614
1990-01-24,30.75042491015529
1990-01-25,30.843830352511517
1990-01-26,0.0
1990-01-27,0.0
1990-01-28,0.0
1990-01-29,17.020930217681773
1990-01-30,0.0
1990-01-31,0.0
1990-02-01,0.08081763088723606
1990-02-02,0.0782010118798802
1990-02-03,9.027092799161556
1990-02-04,5.798299369025843
1990-02-05,5.0583870994829745
1990-02-06,7.305269623283484
1990-02-07,0.0
1990-02-08,10.99086296338103
1990-02-09,4.766851193700447
1990-02-10,31.514962493904285
1990-02-11,0.0
1990-02-12,0.0
1990-02-13,0.0
1990-02-14,6.348779420029075
1990-02-15,39.03216533429841
1990-02-16,29.45019642150174
1990-02-17,0.032489540200560295
1990-02-18,40.09650575226466
1990-02-19,20.671754957847995
1990-02-20,0.1434420628150722
1990-02-21,7.186497700370792
1990-02-22,42.90106146906267
1990-02-23,0.0
1990-02-24,0.04544065314274418
1990-02-25,0.03717871620769979
1990-02-26,0.0
1990-02-27,0.0
1990-02-28,0.0
1990-03-01,5.246715547968631
1990-03-02,46.61086566113008
1990-03-03,0.0
1990-03-04,0.0
1990-03-05,0.0
1990-03-06,0.010787394974841153
1990-03-07,0.016679429820002666
1990-03-08,0.2941167679524854
1990-03-09,2.59966957012226
1990-03-10,0.9401886770711051
1990-03-11,0.07837142049217888
1990-03-12,0.9020879068278418
1990-03-13,0.490866397282796
1990-03-14,0.690435772808403
1990-03-15,30.84224059128643
1990-03-16,50.26068506906082
1990-03-17,1.5700404738472529
1990-03-18,0.0
1990-03-19,0.0
1990-03-20,0.0
1990-03-21,0.0
1990-03-22,0.0
1990-03-23,0.0
1990-03-24,0.0
1990-03-25,0.0
1990-03-26,0.0
1990-03-27,0.0005573183124891175
1990-03-28,1.413470560017602
1990-03-29,5.851658094841529
1990-03-30,32.316006576375344
1990-03-31,0.0
1990-04-01,0.0
1990-04-02,5.978662357549978
1990-04-03,0.0
1990-04-04,0.0
1990-04-05,0.0
1990-04-06,0.49651006263946984
1990-04-07,0.10012192102032919
1990-04-08,0.0
1990-04-09,0.0
1990-04-10,23.267382255947492
1990-04-11,0.7112923347038406
1990-04-12,0.0
1990-04-13,0.0
1990-04-14,21.97645240625627
1990-04-15,0.0003854308402486052
1990-04-16,0.0
1990-04-17,0.0
1990-04-18,0.0
1990-04-19,0.0
1990-04-20,0.0
1990-04-21,0.0005573183124891175
1990-04-22,0.32417746594002383
1990-04-23,1.481902094362025
1990-04-24,0.04100437759197202
1990-04-25,0.11065066181658513
1990-04-26,1.5618298752379325
1990-04-27,48.38796906797805
1990-04-28,0.36310931729608736
1990-04-29,0.0
1990-04-30,0.0
1990-05-01,0.0
1990-05-02,0.11890759121183375
1990-05-03,0.06378652409721874
1990-05-04,2.7096229632980773
1990-05-05,0.7172702712590363
1990-05-06,0.19373740936488507
1990-05-07,0.0
1990-05-08,4.491819919106021
1990-05-09,36.94550421864132
1990-05-10,0.0
1990-05-11,0.0
1990-05-12,1.0549539178641891
1990-05-13,27.879816203362694
1990-05-14,2.9869441412310542
1990-05-15,0.0
1990-05-16,0.071686509122983
1990-05-17,1.5551926897549593
1990-05-18,0.0
1990-05-19,0.11627808925891994
1990-05-20,0.9926408433133775
1990-05-21,23.070853877822906
1990-05-22,0.049721798367421154
1990-05-23,0.0
1990-05-24,0.0
1990-05-25,0.0
1990-05-26,0.0005573183124891175
1990-05-27,6.3853950310979934
1990-05-28,49.56049107405364
1990-05-29,0.22174144450139519
1990-05-30,0.0
1990-05-31,83.64886762867872
1990-06-01,42.95988170099254
1990-06-02,0.0
1990-06-03,0.028395005473196632
1990-06-04,0.3995857443546169
1990-06-05,0.1596529723222617
1990-06-06,0.021597591490348716
1990-06-07,2.33962416700319
1990-06-08,0.016679429820002666
1990-06-09,1.129808442821734
1990-06-10,0.6070523309405342
1990-06-11,0.3431267823955427
1990-06-12,0.0
1990-06-13,2.3734928691295494
1990-06-14,0.26478332075660616
1990-06-15,0.0
1990-06-16,0.0
1990-06-17,0.06305731831248912
1990-06-18,0.21325343871828747
1990-06-19,0.15476512008948448
1990-06-20,0.0
1990-06-21,1.7583182234667512
1990-06-22,2.8632835125465017
1990-06-23,34.73324977572657
1990-06-24,0.0
1990-06-25,0.0
1990-06-26,0.8709094998256567
1990-06-27,2.669272016994961
1990-06-28,0.48093345528758774
1990-06-29,5.952622008594502
1990-06-30,0.06461041806673663
1990-07-01,0.0
1990-07-02,0.33295391459610035
1990-07-03,8.093058458559186
1990-07-04,2.6825156550447025
1990-07-05,2.3535860702578466
1990-07-06,0.0
1990-07-07,0.0
1990-07-08,7.174915727936774
1990-07-09,2.3665125763903196
1990-07-10,4.902949511116449
1990-07-11,1.016359932009601
1990-07-12,9.91992740742099
1990-07-13,3.8667729879126096
1990-07-14,0.0349889856531905
1990-07-15,0.0
1990-07-16,1.776192766453834
1990-07-17,1.7438835890024638
1990-07-18,0.06178110211234818
1990-07-19,0.6205658717774604
1990-07-20,4.137012129317011
1990-07-21,8.73960533294932
1990-07-22,0.6013585942812522
1990-07-23,2.4884789758729813
1990-07-24,0.08649148072456614
1990-07-25,0.0
1990-07-26,0.0
1990-07-27,0.0
1990-07-28,0.1213505917792448
1990-07-29,0.0
1990-07-30,0.0
1990-07-31,0.685407871666435
1990-08-01,3.1692187794021716
1990-08-02,0.24480114005503545
1990-08-03,0.30669985572840525
1990-08-04,0.0005573183124891175
1990-08-05,1.0321857314301621
1990-08-06,7.368939383653448
1990-08-07,0.08628134941646075
1990-08-08,0.0
1990-08-09,0.0
1990-08-10,0.0
1990-08-11,0.0
1990-08-12,0.0
1990-08-13,0.0
1990-08-14,0.0
1990-08-15,0.0
1990-08-16,0.0
1990-08-17,0.0
1990-08-18,0.0
1990-08-19,0.3956194022559918
1990-08-20,7.696907071627438
1990-08-21,0.738284853383416
1990-08-22,8.465050247014553
1990-08-23,6.645316329478396
1990-08-24,2.1690118242325873
1990-08-25,2.723927711219084
1990-08-26,0.0
1990-08-27,0.9646217435801482
1990-08-28,0.0
1990-08-29,0.0
1990-08-30,5.476180545014473
1990-08-31,5.677318942622987
1990-09-01,0.23313087768844598
1990-09-02,4.0338942436020755
1990-09-03,4.179788544435295
1990-09-04,0.8584612049679313
1990-09-05,3.3864686447537116
1990-09-06,0.0
1990-09-07,0.0
1990-09-08,0.0
1990-09-09,0.34381437109281626
1990-09-10,0.6089921848204469
1990-09-11,4.102519124952392
1990-09-12,3.3910109207708046
1990-09-13,2.7307569506501124
1990-09-14,0.33431857869229276
1990-09-15,1.273854619216108
1990-09-16,0.7523658987882792
1990-09-17,1.2796930227786363
1990-09-18,0.05629701897040131
1990-09-19,0.0
1990-09-20,0.1972882656336549
1990-09-21,0.17124936765074134
1990-09-22,18.829460896801464
1990-09-23,1.5830895023533689
1990-09-24,0.0
1990-09-25,0.0
1990-09-26,0.0
1990-09-27,0.0
1990-09-28,0.0
1990-09-29,4.920770605015196
1990-09-30,0.0007708616804972104
1990-10-01,0.0
1990-10-02,0.0
1990-10-03,0.48595513978658644
1990-10-04,9.718019142619339
1990-10-05,0.02176022981085467
1990-10-06,0.0
1990-10-07,0.0625
1990-10-08,0.0
1990-10-09,0.2029790244375852
1990-10-10,4.50718215261153
1990-10-11,0.0
1990-10-12,0.0
1990-10-13,0.0
1990-10-14,0.0
1990-10-15,0.0
1990-10-16,0.0
1990-10-17,0.6343255048448047
1990-10-18,0.3470904416014853
1990-10-19,0.0
1990-10-20,0.0
1990-10-21,17.296015310774806
1990-10-22,15.3538911008075
1990-10-23,0.0
1990-10-24,0.0
1990-10-25,0.0
1990-10-26,0.0
1990-10-27,0.0
1990-10-28,0.0
1990-10-29,0.0
1990-10-30,0.0
1990-10-31,0.0
1990-11-01,0.0
1990-11-02,0.0
1990-11-03,0.0
1990-11-04,0.0
1990-11-05,10.345245441670505
1990-11-06,0.0
1990-11-07,0.0
1990-11-08,0.0
1990-11-09,37.25391086864005
1990-11-10,0.0
1990-11-11,0.0
1990-11-12,0.0
1990-11-13,0.0
1990-11-14,0.0
1990-11-15,0.0
1990-11-16,0.0
1990-11-17,0.0
1990-11-18,0.0
1990-11-19,0.0
1990-11-20,0.0
1990-11-21,0.0
1990-11-22,0.2746967412447848
1990-11-23,4.168632194016059
1990-11-24,0.0
1990-11-25,0.0
1990-11-26,0.0016719549374673525
1990-11-27,2.6079147305070034
1990-11-28,47.18672318304758
1990-11-29,0.17356209817464704
1990-11-30,0.0
1990-12-01,0.0
1990-12-02,4.001858582498737
1990-12-03,85.58409588455845
1990-12-04,0.0
1990-12-05,0.0
1990-12-06,0.0
1990-12-07,2.1470818416503974
1990-12-08,0.0
1990-12-09,0.0
1990-12-10,0.0
1990-12-11,0.0
1990-12-12,0.0
1990-12-13,0.0
1990-12-14,0.0
1990-12-15,0.0
1990-12-16,1.2924292501020271
1990-12-17,0.46881139255490617
1990-12-18,10.733192028520225
1990-12-19,1.6194060773916488
1990-12-20,0.44574055550555675
1990-12-21,0.1502157331318617
1990-12-22,13.692869668780164
1990-12-23,14.5855829628428
1990-12-24,0.0
1990-12-25,0.0
1990-12-26,0.0
1990-12-27,1.0004782411122937
1990-12-28,0.04100437759197202
1990-12-29,1.3790041913183173
1990-12-30,1.2899497920024274
1990-12-31,0.4460473597803128
1991-01-01,0.8967174000124174
1991-01-02,2.2738425363750734
1991-01-03,13.817953693796309
1991-01-04,0.0
1991-01-05,0.0041309684675221985
1991-01-06,4.021968397057615
1991-01-07,4.378112169406659
1991-01-08,0.08669759249593252
1991-01-09,0.07401660075957078
1991-01-10,49.741868660346384
1991-01-11,27.628741682635827
1991-01-12,0.0
1991-01-13,0.4755307552225979
1991-01-14,1.2578936286046178
1991-01-15,10.4024147836779
1991-01-16,0.0005573183124891175
1991-01-17,0.0
1991-01-18,2.856237159480312
1991-01-19,17.702526065770154
1991-01-20,0.0
1991-01-21,0.0
1991-01-22,0.0
1991-01-23,3.367377930556406
1991-01-24,42.29540692506346
1991-01-25,0.0
1991-01-26,0.0
1991-01-27,2.504790725364895
1991-01-28,2.3004018583010115
1991-01-29,14.808055553349483
1991-01-30,18.130376533950972
1991-01-31,0.2170128207719126
1991-02-01,0.0
1991-02-02,0.0
1991-02-03,0.16433242265450468
1991-02-04,0.4235065748405643
1991-02-05,63.87252694649066
1991-02-06,3.8151420011544768
1991-02-07,0.0
1991-02-08,0.0
1991-02-09,0.0
1991-02-10,0.0
1991-02-11,0.0
1991-02-12,0.0
1991-02-13,4.4348209293023615
1991-02-14,0.1459008630456761
1991-02-15,0.0
1991-02-16,0.0
1991-02-17,1.640307316624425
1991-02-18,0.23359851457587605
1991-02-19,14.40143010399721
1991-02-20,33.482150771586774
1991-02-21,8.282760261716357
1991-02-22,40.30987400746905
1991-02-23,0.0
1991-02-24,0.04968804449718721
1991-02-25,0.35119320959014705
1991-02-26,0.0005573183124891175
1991-02-27,0.0
1991-02-28,0.010230076662352035
1991-03-01,38.405977812690374
1991-03-02,5.49881658909898
1991-03-03,19.23524086447588
1991-03-04,0.0
1991-03-05,0.0
1991-03-06,0.03648127887753763
1991-03-07,0.0015417233609944208
1991-03-08,0.15651670046767893
1991-03-09,0.0
1991-03-10,0.0
1991-03-11,0.0
1991-03-12,1.4569908048284816
1991-03-13,2.9881540343193125
1991-03-14,0.11384407003664138
1991-03-15,0.0
1991-03-16,16.880769153202113
1991-03-17,16.994977281815295
1991-03-18,0.3591738438940029
1991-03-19,0.0
1991-03-20,0.28685458772716094
1991-03-21,0.796984959255376
1991-03-22,0.0
1991-03-23,0.35701435700770034
1991-03-24,0.00961269610097239
1991-03-25,0.0
1991-03-26,0.0
1991-03-27,0.0003334670474032191
1991-03-28,2.6528587620240356
1991-03-29,13.004442206981905
1991-03-30,0.0003334670474032191
1991-03-31,0.0
1991-04-01,0.0
1991-04-02,0.0
1991-04-03,0.02276063095306433
1991-04-04,0.09099767417771647
1991-04-05,0.4823774380633311
1991-04-06,0.03782786522364691
1991-04-07,10.385188235890809
1991-04-08,4.422723153990887
1991-04-09,0.8274216515204367
1991-04-10,3.2731471496448896
1991-04-11,14.145100557411462
1991-04-12,0.3465674989697895
1991-04-13,0.21066379421767922
1991-04-14,6.2536897204518676
1991-04-15,62.594273325839396
1991-04-16,1.9290572391989182
1991-04-17,0.08007061242879245
1991-04-18,36.32442473358449
1991-04-19,4.043490272508328
1991-04-20,3.87130518532344
1991-04-21,0.0
1991-04-22,0.15841056742475543
1991-04-23,5.924998827647713
1991-04-24,0.0
1991-04-25,33.196007714213586
1991-04-26,7.453996477542347
1991-04-27,2.821471144202041
1991-04-28,0.6570892035071381
1991-04-29,51.793053654480254
1991-04-30,14.205546470681506
1991-05-01,0.06305731831248912
1991-05-02,1.6082709551188203
1991-05-03,0.09325449533209884
1991-05-04,28.081751882482372
1991-05-05,33.666438679504914
1991-05-06,1.1127716542706394
1991-05-07,9.435508904278846
1991-05-08,56.94074781245114
1991-05-09,34.334566797286655
1991-05-10,24.85478362985993
1991-05-11,0.8760488748197418
1991-05-12,0.0
1991-05-13,0.001114636624978235
1991-05-14,0.0
1991-05-15,0.9719306145433657
1991-05-16,1.0189072686738114
1991-05-17,9.723122475417926
1991-05-18,14.83153799510501
1991-05-19,5.90499558505142
1991-05-20,5.371639852942039
1991-05-21,13.30527660492798
1991-05-22,1.6486541650237554
1991-05-23,1.4410825020578701
1991-05-24,14.923100328216595
1991-05-25,23.014836104545672
1991-05-26,14.037669828125766
1991-05-27,1.2090846131328992
1991-05-28,22.43464663551979
1991-05-29,11.16025979239126
1991-05-30,0.8192524093588317
1991-05-31,0.006297125020450615
1991-06-01,0.0
1991-06-02,0.0
1991-06-03,0.0625
1991-06-04,0.23261452944695268
1991-06-05,0.16361194318189545
1991-06-06,13.603413690758622
1991-06-07,1.533244038766035
1991-06-08,0.0041309684675221985
1991-06-09,0.0
1991-06-10,26.181483107164397
1991-06-11,7.609011415313894
1991-06-12,1.8652098480678863
1991-06-13,45.30468634854862
1991-06-14,0.4796216573749922
1991-06-15,0.0
1991-06-16,1.4124185676130854
1991-06-17,9.041883275663766
1991-06-18,13.677068631061282
1991-06-19,10.832419746806556
1991-06-20,0.8265631750062236
1991-06-21,6.93150140606335
1991-06-22,2.637691170191144
1991-06-23,25.2605065751561
1991-06-24,4.529556943725695
1991-06-25,0.8229261218697337
1991-06-26,3.2367002974937513
1991-06-27,7.81055539731862
1991-06-28,9.895409968571165
1991-06-29,0.0
1991-06-30,0.0
1991-07-01,0.180755874899318
1991-07-02,1.8430126027362876
1991-07-03,5.889908093134743
1991-07-04,0.7480748740205762
1991-07-05,7.9184645866715435
1991-07-06,24.759335765742872
1991-07-07,62.35204088374259
1991-07-08,3.260895196322332
1991-07-09,0.0625
1991-07-10,0.0005573183124891175
1991-07-11,0.0
1991-07-12,0.0
1991-07-13,0.0
1991-07-14,0.0005573183124891175
1991-07-15,0.5477808909588604
1991-07-16,0.10578591749561714
1991-07-17,9.93371153521223
1991-07-18,6.544989872226142
1991-07-19,4.876999810283522
1991-07-20,0.7926957590146106
1991-07-21,6.600422587195069
1991-07-22,0.4261030200589811
1991-07-23,3.474021424125651
1991-07-24,0.3437345888099558
1991-07-25,0.47026364232982654
1991-07-26,1.5342521541815073
1991-07-27,0.3675252490034096
1991-07-28,8.23860280300546
1991-07-29,6.3467325779235555
1991-07-30,0.030982263506416488
1991-07-31,0.0003334670474032191
1991-08-01,0.008261936935044397
1991-08-02,0.6170546178304757
1991-08-03,0.010477177470082567
1991-08-04,0.006937755124474894
1991-08-05,4.331239128690096
1991-08-06,0.0009427491527377227
1991-08-07,5.683312515514939
1991-08-08,5.8136861210960324
1991-08-09,0.18888122169155994
1991-08-10,1.203401006076731
1991-08-11,4.207763809156812
1991-08-12,20.23299403387775
1991-08-13,0.026120238448734547
1991-08-14,0.9172991957956809
1991-08-15,0.3949430406179786
1991-08-16,0.04100437759197202
1991-08-17,0.004688286780011316
1991-08-18,0.002312585041491631
1991-08-19,0.023495405047940534
1991-08-20,0.0
1991-08-21,0.0020654842337610993
1991-08-22,0.05124357654773373
1991-08-23,0.0
1991-08-24,0.0
1991-08-25,0.30662720574039687
1991-08-26,0.0
1991-08-27,20.08554669564685
1991-08-28,4.162256236785068
1991-08-29,0.05139824327051943
1991-08-30,30.58186691387681
1991-08-31,20.97304634511419
1991-09-01,9.949210936987374
1991-09-02,5.688614285985058
1991-09-03,0.6919248310479572
1991-09-04,2.575962740708377
1991-09-05,4.361085886060729
1991-09-06,3.6146604246628233
1991-09-07,3.756781725430386
1991-09-08,2.421996358660593
1991-09-09,0.5163040809012993
1991-09-10,0.0
1991-09-11,0.0
1991-09-12,0.0
1991-09-13,0.04044705927948291
1991-09-14,0.0
1991-09-15,0.0
1991-09-16,0.0
1991-09-17,0.0
1991-09-18,7.313421226531202
1991-09-19,10.4769235260434
1991-09-20,0.0
1991-09-21,0.0
1991-09-22,0.6423360654272843
1991-09-23,4.893467599561635
1991-09-24,16.88742962986378
1991-09-25,16.30844508012424
1991-09-26,0.0
1991-09-27,0.0
1991-09-28,0.0
1991-09-29,0.024844022248593604
1991-09-30,0.0625
1991-10-01,0.0
1991-10-02,1.340114460436414
1991-10-03,0.0
1991-10-04,0.0
1991-10-05,0.0
1991-10-06,0.33320677970570156
1991-10-07,0.648062026733811
1991-10-08,0.0
1991-10-09,0.0
1991-10-10,0.0
1991-10-11,0.0
1991-10-12,0.0
1991-10-13,0.0
1991-10-14,0.0269095064823547
1991-10-15,0.3244842570999108
1991-10-16,0.0
1991-10-17,0.0
1991-10-18,0.0
1991-10-19,0.0
1991-10-20,0.07685964608049267
1991-10-21,0.0
1991-10-22,0.07022920812453928
1991-10-23,11.038053969028443
1991-10-24,1.8926664670081097
1991-10-25,0.16290342427488702
1991-10-26,0.5832928690217442
1991-10-27,0.3973756518688643
1991-10-28,22.630850285292652
1991-10-29,10.628435609088422
1991-10-30,11.88964478039864
1991-10-31,3.4269716044319525
1991-11-01,3.09600121340212
1991-11-02,0.0
1991-11-03,0.0
1991-11-04,0.0
1991-11-05,0.0
1991-11-06,0.0
1991-11-07,0.0
1991-11-08,0.694447142884287
1991-11-09,0.0
1991-11-10,0.0
1991-11-11,0.0
1991-11-12,0.0
1991-11-13,0.0
1991-11-14,0.0
1991-11-15,0.0
1991-11-16,0.0
1991-11-17,0.08812519182616863
1991-11-18,5.839093893598456
1991-11-19,4.4837313322680235
1991-11-20,34.03539580270083
1991-11-21,18.8205870352856
1991-11-22,0.0
1991-11-23,0.0
1991-11-24,0.0
1991-11-25,0.0
1991-11-26,0.0
1991-11-27,0.0
1991-11-28,0.0
1991-11-29,1.1046506058889327
1991-11-30,2.230379737859864
1991-12-01,2.484123982965596
1991-12-02,8.353049324445818
1991-12-03,7.781239788392389
1991-12-04,0.0
1991-12-05,0.0
1991-12-06,0.0
1991-12-07,0.0
1991-12-08,0.0
1991-12-09,6.087841422868277
1991-12-10,4.76774657262856
1991-12-11,1.4204972625244998
1991-12-12,0.7138906693409824
1991-12-13,2.675561665467434
1991-12-14,2.7013356368540338
1991-12-15,0.0026980158817402366
1991-12-16,0.0
1991-12-17,0.0
1991-12-18,0.0
1991-12-19,0.0
1991-12-20,0.0
1991-12-21,0.0
1991-12-22,0.15964493110360065
1991-12-23,7.022854497776516
1991-12-24,0.0
1991-12-25,0.0
1991-12-26,0.0
1991-12-27,9.15170801816551
1991-12-28,0.2844758568926671
1991-12-29,0.0003854308402486052
1991-12-30,0.0
1991-12-31,0.0
1992-01-01,0.0
1992-01-02,0.0
1992-01-03,0.0
1992-01-04,0.0
1992-01-05,0.0
1992-01-06,0.0
1992-01-07,0.0
1992-01-08,40.65986468029116
1992-01-09,18.00153568267179
1992-01-10,0.18190504809381827
1992-01-11,0.0
1992-01-12,31.02081080606732
1992-01-13,6.659105215480658
1992-01-14,0.0
1992-01-15,0.0
1992-01-16,0.0
1992-01-17,0.0
1992-01-18,45.99169939701806
1992-01-19,25.607606565503637
1992-01-20,0.0
1992-01-21,0.0
1992-01-22,19.380470489263224
1992-01-23,45.173525001572926
1992-01-24,0.0
1992-01-25,0.0
1992-01-26,0.4804567173635619
1992-01-27,19.87748333386032
1992-01-28,24.565176016834553
1992-01-29,6.291182938241138
1992-01-30,2.7756653262996127
1992-01-31,0.0
1992-02-01,0.0
1992-02-02,0.0003334670474032191
1992-02-03,0.058478082985390624
1992-02-04,27.36847198068848
1992-02-05,30.202769467453486
1992-02-06,0.1650728360943389
1992-02-07,0.0
1992-02-08,0.0
1992-02-09,0.0
1992-02-10,0.0
1992-02-11,0.0
1992-02-12,1.2148782056741818
1992-02-13,14.765287727641638
1992-02-14,2.5686994878427734
1992-02-15,68.88373593092618
1992-02-16,0.0
1992-02-17,36.11836074353781
1992-02-18,0.2042007778041364
1992-02-19,0.0
1992-02-20,0.0715664178755392
1992-02-21,0.44116035133578646
1992-02-22,11.092492125748736
1992-02-23,6.041982003764533
1992-02-24,3.8361306047220936
1992-02-25,4.114485268272895
1992-02-26,0.5949622161264839
1992-02-27,0.0
1992-02-28,0.0
1992-02-29,0.0
1992-03-01,0.0
1992-03-02,0.0
1992-03-03,0.35330899690379414
1992-03-04,0.13534851436369794
1992-03-05,73.5701293277192
1992-03-06,10.992965167688132
1992-03-07,0.0
1992-03-08,0.0
1992-03-09,0.8866630929698214
1992-03-10,12.463537059122253
1992-03-11,0.0
1992-03-12,0.0
1992-03-13,0.0
1992-03-14,0.0
1992-03-15,0.0
1992-03-16,0.0
1992-03-17,0.5774814450363961
1992-03-18,18.524014695407985
1992-03-19,4.712420084881555
1992-03-20,0.0
1992-03-21,0.8100125033144638
1992-03-22,25.695494469661934
1992-03-23,0.752600522333819
1992-03-24,0.0
1992-03-25,10.233679930805662
1992-03-26,0.5549561742554782
1992-03-27,0.0
1992-03-28,1.1483812187581197
1992-03-29,12.64074539542465
1992-03-30,0.0982511639252283
1992-03-31,0.0
1992-04-01,0.0
1992-04-02,0.0
1992-04-03,0.0
1992-04-04,0.0010523649350550435
1992-04-05,0.40093428208598886
1992-04-06,12.77409969931016
1992-04-07,0.6573527714225148
1992-04-08,0.0
1992-04-09,0.30247644615533914
1992-04-10,0.9132863577807869
1992-04-11,0.4091580582622574
1992-04-12,0.0
1992-04-13,0.1648897409669938
1992-04-14,0.363607510024612
1992-04-15,0.0
1992-04-16,0.34544317811095093
1992-04-17,0.10071329606389551
1992-04-18,4.4280666655790455
1992-04-19,27.826311962126358
1992-04-20,38.05990078705666
1992-04-21,0.28738267499535103
1992-04-22,0.0
1992-04-23,1.583022786770496
1992-04-24,0.4898106551470628
1992-04-25,1.1661473459977847
1992-04-26,0.0
1992-04-27,0.0
1992-04-28,0.0
1992-04-29,1.117584862080222
1992-04-30,0.9785307522762865
1992-05-01,0.0
1992-05-02,0.0
1992-05-03,0.0
1992-05-04,0.0
1992-05-05,0.0
1992-05-06,0.0
1992-05-07,0.0
1992-05-08,0.0
1992-05-09,0.0
1992-05-10,0.0
1992-05-11,0.0
1992-05-12,1.6028312536689846
1992-05-13,0.01337563949973882
1992-05-14,0.0
1992-05-15,0.0
1992-05-16,0.0
1992-05-17,0.0
1992-05-18,2.3379482151996682
1992-05-19,2.1753824216749753
1992-05-20,0.0
1992-05-21,2.73463960954801
1992-05-22,0.09945797560429814
1992-05-23,9.285588555442269
1992-05-24,0.6027847526335289
1992-05-25,0.0176573648501682
1992-05-26,12.504761078983906
1992-05-27,25.396336468206073
1992-05-28,28.07361907503601
1992-05-29,7.006825914104777
1992-05-30,1.5496172727632012
1992-05-31,0.0
1992-06-01,3.447918199659978
1992-06-02,9.765363101963365
1992-06-03,16.55901296429207
1992-06-04,2.891916087486615
1992-06-05,0.0
1992-06-06,0.022876459234247158
1992-06-07,1.5589669732738836
1992-06-08,3.792570167517828
1992-06-09,1.3730715909154272
1992-06-10,0.7441447909759534
1992-06-11,2.819615119736582
1992-06-12,1.2695210190004214
1992-06-13,17.634690622215444
1992-06-14,9.171128975395112
1992-06-15,28.04818384838341
1992-06-16,0.0
1992-06-17,0.27881372857929027
1992-06-18,0.0
1992-06-19,0.001114636624978235
1992-06-20,0.8050967782795371
1992-06-21,0.1512772077329989
1992-06-22,0.0
1992-06-23,0.0
1992-06-24,0.0
1992-06-25,0.0016719549374673525
1992-06-26,0.4805776822855567
1992-06-27,0.7609059392040272
1992-06-28,0.0
1992-06-29,13.161393024828028
1992-06-30,71.34790956721912
1992-07-01,2.530072239754903
1992-07-02,0.03592396056504852
1992-07-03,0.19839833048352135
1992-07-04,0.03783248979951419
1992-07-05,0.0041309684675221985
1992-07-06,0.0
1992-07-07,0.0
1992-07-08,0.0
1992-07-09,0.12433306590519357
1992-07-10,0.0
1992-07-11,0.0
1992-07-12,0.0
1992-07-13,0.38698268999493896
1992-07-14,4.271639751211608
1992-07-15,10.177289139302355
1992-07-16,3.837161495692265
1992-07-17,0.1620396132754798
1992-07-18,9.109222634961117
1992-07-19,3.231403903339896
1992-07-20,4.997522943871612
1992-07-21,6.602261128272411
1992-07-22,33.003843328721835
1992-07-23,23.128937265166226
1992-07-24,29.82956038580841
1992-07-25,10.53955573143205
1992-07-26,2.9016514101488706
1992-07-27,1.815897815107194
1992-07-28,6.385751811994778
1992-07-29,0.0
1992-07-30,0.048477531499782095
1992-07-31,2.365533335626235
1992-08-01,11.08751994271372
1992-08-02,0.8389647018019578
1992-08-03,1.8752046827869304
1992-08-04,0.05132717418491024
1992-08-05,0.0
1992-08-06,0.020787731357094812
1992-08-07,0.2400115650445508
1992-08-08,4.218438673338096
1992-08-09,5.045143025083499
1992-08-10,9.854805301669199
1992-08-11,11.348986440334217
1992-08-12,1.4901061181803152
1992-08-13,0.9769643565799898
1992-08-14,6.972872934952019
1992-08-15,0.0005573183124891175
1992-08-16,0.0
1992-08-17,0.0
1992-08-18,7.945452734540655
1992-08-19,21.259784297873836
1992-08-20,5.156124742956757
1992-08-21,0.4929396073445557
1992-08-22,0.8166882131647397
1992-08-23,3.8901774617713483
1992-08-24,20.830052244347684
1992-08-25,17.206693266379382
1992-08-26,91.64876105193822
1992-08-27,24.53197520228811
1992-08-28,0.012651377728134202
1992-08-29,0.0
1992-08-30,0.0
1992-08-31,0.0
1992-09-01,1.1205380035582018
1992-09-02,0.08964797307457348
1992-09-03,1.0744058118998943
1992-09-04,6.856404013329281
1992-09-05,4.910432159506928
1992-09-06,9.586932660630659
1992-09-07,2.0212737094133355
1992-09-08,0.7190001084518742
1992-09-09,0.0016719549374673525
1992-09-10,0.0
1992-09-11,0.0625
1992-09-12,0.0
1992-09-13,1.8403188249074325
1992-09-14,0.004026195874726564
1992-09-15,1.6866634131286407
1992-09-16,1.577309037649791
1992-09-17,11.000444294419356
1992-09-18,11.549921562688407
1992-09-19,2.4757161629060245
1992-09-20,0.20671133096584277
1992-09-21,0.0
1992-09-22,6.673110136529793
1992-09-23,0.6954533451377582
1992-09-24,0.04883550297315974
1992-09-25,0.39658533074538344
1992-09-26,8.912006017222463
1992-09-27,0.0003854308402486052
1992-09-28,0.0017712628227068677
1992-09-29,0.04883550297315974
1992-09-30,0.0
1992-10-01,0.0
1992-10-02,0.0
1992-10-03,0.0
1992-10-04,0.0
1992-10-05,0.0
1992-10-06,0.0
1992-10-07,0.0
1992-10-08,0.10640562543434301
1992-10-09,0.0
1992-10-10,4.628969120744478
1992-10-11,0.6371302034098295
1992-10-12,0.0
1992-10-13,0.0
1992-10-14,0.0
1992-10-15,0.0
1992-10-16,4.212495356917054
1992-10-17,0.16619557117536227
1992-10-18,0.0
1992-10-19,0.0
1992-10-20,0.0
1992-10-21,0.0
1992-10-22,0.0
1992-10-23,0.0
1992-10-24,0.0
1992-10-25,0.0
1992-10-26,0.0
1992-10-27,0.5098388839091866
1992-10-28,2.5809183471339017
1992-10-29,4.541620878287023
1992-10-30,19.009483076827998
1992-10-31,2.349162088897393
1992-11-01,20.95348748747373
1992-11-02,7.127365537909985
1992-11-03,0.0
1992-11-04,56.56968562897817
1992-11-05,4.064272876731673
1992-11-06,0.0
1992-11-07,0.0
1992-11-08,0.0
1992-11-09,0.0
1992-11-10,1.3409592236729664
1992-11-11,17.249404335077877
1992-11-12,31.704462629719337
1992-11-13,0.0
1992-11-14,0.0
1992-11-15,0.0
1992-11-16,0.0378798290164923
1992-11-17,0.0
1992-11-18,0.0
1992-11-19,0.03544496127680933
1992-11-20,34.019638636608036
1992-11-21,1.119047278511418
1992-11-22,24.20609432737163
1992-11-23,0.6580825731780989
1992-11-24,29.190251220321702
1992-11-25,0.0947442230150271
1992-11-26,0.0
1992-11-27,0.0
1992-11-28,0.0
1992-11-29,0.0
1992-11-30,0.0
1992-12-01,0.0
1992-12-02,0.04876096000737269
1992-12-03,0.0003334670474032191
1992-12-04,1.0511809037085802
1992-12-05,2.2961365747548195
1992-12-06,0.8850732061540163
1992-12-07,9.04929064104906
1992-12-08,0.0
1992-12-09,28.9407667817198
1992-12-10,0.1750621656398739
1992-12-11,0.0
1992-12-12,0.0
1992-12-13,0.0
1992-12-14,0.08991978029676422
1992-12-15,24.140809513824653
1992-12-16,36.59265648899143
1992-12-17,6.159847161019976
1992-12-18,0.0
1992-12-19,9.292490665425126
1992-12-20,6.089676186960828
1992-12-21,0.6384486096075631
1992-12-22,0.7122278863286599
1992-12-23,0.22594163729461234
1992-12-24,1.70556675445983
1992-12-25,0.11528869495342894
1992-12-26,2.281632638640739
1992-12-27,1.3334752865637707
1992-12-28,0.1918281945981726
1992-12-29,0.001114636624978235
1992-12-30,0.0
1992-12-31,0.0
1993-01-01,0.0
1993-01-02,0.0
1993-01-03,1.093441497715352
1993-01-04,15.715042959973996
1993-01-05,0.20682458215087074
1993-01-06,0.1992758244355015
1993-01-07,24.47545234341918
1993-01-08,3.205980433216737
1993-01-09,0.0
1993-01-10,5.399591334555382
1993-01-11,22.80074683815581
1993-01-12,2.003974274059213
1993-01-13,0.009474411312314997
1993-01-14,0.0005573183124891175
1993-01-15,4.999444343180537
1993-01-16,0.0
1993-01-17,0.0
1993-01-18,0.05945101047576038
1993-01-19,7.550233728945703
1993-01-20,168.5712535761781
1993-01-21,46.83179584293854
1993-01-22,0.0
1993-01-23,0.0
1993-01-24,2.002990537869032
1993-01-25,0.0
1993-01-26,0.02399148072456614
1993-01-27,0.0
1993-01-28,0.0
1993-01-29,2.2259777547665336
1993-01-30,1.1809831095081063
1993-01-31,0.0
1993-02-01,0.0
1993-02-02,0.0
1993-02-03,0.0
1993-02-04,0.0010523649350550435
1993-02-05,1.6914223090475138
1993-02-06,3.908272966071916
1993-02-07,0.05717845289233096
1993-02-08,0.0
1993-02-09,0.0
1993-02-10,4.49780039711808
1993-02-11,28.067877182430056
1993-02-12,0.05706831090636243
1993-02-13,0.0
1993-02-14,0.07766095600165288
1993-02-15,2.7298243846813106
1993-02-16,17.29994841106814
1993-02-17,0.0
1993-02-18,0.0
1993-02-19,0.0
1993-02-20,0.044876859448957675
1993-02-21,0.6667554481549337
1993-02-22,0.0
1993-02-23,0.0
1993-02-24,0.0
1993-02-25,6.160772279839559
1993-02-26,11.923090739638397
1993-02-27,0.0
1993-02-28,0.0
1993-03-01,0.6438280722696943
1993-03-02,48.24939521502716
1993-03-03,2.9377539087411546
1993-03-04,0.010880114905427335
1993-03-05,0.0
1993-03-06,0.0
1993-03-07,0.0
1993-03-08,0.0
1993-03-09,0.0
1993-03-10,0.0
1993-03-11,0.5247474242170872
1993-03-12,15.273501174420243
1993-03-13,16.806176565918335
1993-03-14,0.0
1993-03-15,0.0
1993-03-16,30.269612867255375
1993-03-17,1.1831307165169431
1993-03-18,0.0
1993-03-19,0.0
1993-03-20,24.01123566866
1993-03-21,0.4371604505785849
1993-03-22,5.43697999987689
1993-03-23,2.304908306250878
1993-03-24,0.0003854308402486052
1993-03-25,7.6393303736439115
1993-03-26,19.019155624608644
1993-03-27,0.0
1993-03-28,0.0
1993-03-29,0.0
1993-03-30,1.1449793337023848
1993-03-31,1.8246749769878803
1993-04-01,0.0
1993-04-02,0.0
1993-04-03,1.9855291801980004
1993-04-04,66.25868660497717
1993-04-05,0.2803266480311833
1993-04-06,0.0
1993-04-07,0.0
1993-04-08,61.06491679618138
1993-04-09,1.5881756656431236
1993-04-10,0.0
1993-04-11,0.0
1993-04-12,0.0
1993-04-13,0.0
1993-04-14,4.921993430046943
1993-04-15,43.4584498874502
1993-04-16,0.0
1993-04-17,0.0
1993-04-18,0.0
1993-04-19,0.0
1993-04-20,2.1919167439516314
1993-04-21,1.082969456788573
1993-04-22,0.0
1993-04-23,0.0
1993-04-24,0.44158335934751314
1993-04-25,0.7512264167994842
1993-04-26,2.078254881034061
1993-04-27,0.0
1993-04-28,0.0
1993-04-29,0.37747282446229835
1993-04-30,2.501897402169988
1993-05-01,17.27194073326455
1993-05-02,21.942176981616587
1993-05-03,0.08759344882478308
1993-05-04,0.0
1993-05-05,0.0
1993-05-06,0.0
1993-05-07,0.0
1993-05-08,0.0
1993-05-09,0.0
1993-05-10,20.398321242706583
1993-05-11,6.736220344622892
1993-05-12,0.949381175788933
1993-05-13,1.1648449105415921
1993-05-14,0.0
1993-05-15,0.0
1993-05-16,0.0
1993-05-17,0.0
1993-05-18,0.0003334670474032191
1993-05-19,0.9368310992598787
1993-05-20,0.0
1993-05-21,0.0
1993-05-22,0.0
1993-05-23,0.0
1993-05-24,7.585541046746078
1993-05-25,14.365413871991096
1993-05-26,3.991607876976114
1993-05-27,0.11976122892439951
1993-05-28,0.1330380856699585
1993-05-29,0.0
1993-05-30,0.06361463662497824
1993-05-31,0.25085404875889056
1993-06-01,0.0
1993-06-02,0.0
1993-06-03,0.0
1993-06-04,0.0
1993-06-05,0.0
1993-06-06,0.0
1993-06-07,0.0
1993-06-08,0.0005573183124891175
1993-06-09,0.0
1993-06-10,0.008164592428590935
1993-06-11,1.2203519975442194
1993-06-12,0.0
1993-06-13,1.0179790219823257
1993-06-14,13.33361184701529
1993-06-15,0.23989627583811748
1993-06-16,0.6040935574794747
1993-06-17,0.1989601603109802
1993-06-18,0.4854885476033015
1993-06-19,0.1512512022151856
1993-06-20,37.01276768789543
1993-06-21,6.697407254939569
1993-06-22,14.057629551101007
1993-06-23,2.924899796393578
1993-06-24,35.45315584505077
1993-06-25,33.34668058356185
1993-06-26,26.679761263557406
1993-06-27,9.414761141582296
1993-06-28,23.31694570777438
1993-06-29,0.2442686997716505
1993-06-30,0.0
1993-07-01,0.0
1993-07-02,0.0
1993-07-03,0.2619139894839414
1993-07-04,1.4872238644224687
1993-07-05,0.00222927324995647
1993-07-06,0.001114636624978235
1993-07-07,0.0
1993-07-08,12.034844611177396
1993-07-09,18.060768241259446
1993-07-10,5.521383049588385
1993-07-11,2.0361515793566194
1993-07-12,13.271237004600046
1993-07-13,28.635672000264407
1993-07-14,0.9527257552535041
1993-07-15,1.79918059291485
1993-07-16,0.4114532457717093
1993-07-17,0.0328749710408089
1993-07-18,1.0632685299152767
1993-07-19,0.06974513806235853
1993-07-20,3.293224789919572
1993-07-21,37.43710481515869
1993-07-22,4.636059619873922
1993-07-23,0.32816055372756664
1993-07-24,0.6487029112857974
1993-07-25,2.6978453019033273
1993-07-26,7.455881833046887
1993-07-27,1.1188563607790663
1993-07-28,0.18431432087447108
1993-07-29,4.476143280747195
1993-07-30,2.7246179854905184
1993-07-31,0.0
1993-08-01,0.0625
1993-08-02,5.417702699023055
1993-08-03,21.046458515246155
1993-08-04,0.5828897124852034
1993-08-05,0.14737062131710488
1993-08-06,3.0812320714278965
1993-08-07,1.4620754316308773
1993-08-08,2.195929116900591
1993-08-09,0.0625
1993-08-10,0.0
1993-08-11,0.0
1993-08-12,0.0005573183124891175
1993-08-13,0.0005573183124891175
1993-08-14,0.001114636624978235
1993-08-15,7.794789660341966
1993-08-16,2.238573778727554
1993-08-17,0.0625
1993-08-18,0.0005573183124891175
1993-08-19,0.8510153249174126
1993-08-20,11.599690693105945
1993-08-21,6.21677138978049
1993-08-22,19.500889693754246
1993-08-23,0.28059447223350104
1993-08-24,0.0
1993-08-25,0.16160880172162312
1993-08-26,0.07115292911359467
1993-08-27,3.2449944080304345
1993-08-28,0.1564537254014863
1993-08-29,0.6082058448154269
1993-08-30,8.32382873294122
1993-08-31,4.930283330710646
1993-09-01,2.4763695051697834
1993-09-02,0.7268862847393323
1993-09-03,12.32657667142538
1993-09-04,2.7749783530261034
1993-09-05,0.8808965194478348
1993-09-06,8.527522105186947
1993-09-07,2.073221881230772
1993-09-08,0.09018257760388458
1993-09-09,0.053849158344529136
1993-09-10,0.43261132430945676
1993-09-11,0.0
1993-09-12,0.0
1993-09-13,2.0889414027738407
1993-09-14,2.4438583477646167
1993-09-15,20.414860960654906
1993-09-16,0.48570760428676346
1993-09-17,0.0
1993-09-18,0.052177203407061785
1993-09-19,0.01243783436012611
1993-09-20,0.0005573183124891175
1993-09-21,0.0027865915624455872
1993-09-22,0.0005573183124891175
1993-09-23,0.0
1993-09-24,0.0
1993-09-25,0.0
1993-09-26,4.722738334905282
1993-09-27,1.666295185236728
1993-09-28,0.0
1993-09-29,0.0
1993-09-30,0.0
1993-10-01,0.0
1993-10-02,0.0
1993-10-03,0.1222844775231636
1993-10-04,0.0
1993-10-05,0.0
1993-10-06,0.0
1993-10-07,0.0
1993-10-08,0.0
1993-10-09,0.23261790128467322
1993-10-10,0.0
1993-10-11,0.0
1993-10-12,0.0005573183124891175
1993-10-13,13.248826850240818
1993-10-14,9.768841077734457
1993-10-15,2.3313924365856824
1993-10-16,0.1693396722167633
1993-10-17,0.0
1993-10-18,0.0
1993-10-19,0.009836547366058289
1993-10-20,0.9538859652685316
1993-10-21,10.609480725980399
1993-10-22,9.580829238472717
1993-10-23,1.025725647530602
1993-10-24,0.0
1993-10-25,0.26301085029335075
1993-10-26,0.0
1993-10-27,0.0
1993-10-28,0.0
1993-10-29,87.78265059469342
1993-10-30,35.885663403638354
1993-10-31,0.0
1993-11-01,0.0
1993-11-02,0.0
1993-11-03,0.44721000038524367
1993-11-04,3.7252245290746737
1993-11-05,9.868913640774295
1993-11-06,0.38883297614449425
1993-11-07,0.0
1993-11-08,0.0
1993-11-09,13.426934165576027
1993-11-10,0.0
1993-11-11,0.0
1993-11-12,0.07543708724786466
1993-11-13,1.926760781107297
1993-11-14,3.4687541742824437
1993-11-15,26.935026046098827
1993-11-16,11.199633813362869
1993-11-17,5.46131190613513
1993-11-18,0.0
1993-11-19,0.05128641804716944
1993-11-20,0.01706486066025127
1993-11-21,0.0
1993-11-22,0.0
1993-11-23,0.0
1993-11-24,0.0
1993-11-25,0.0
1993-11-26,0.01612211150751355
1993-11-27,6.556927895707166
1993-11-28,0.0
1993-11-29,0.0
1993-11-30,0.0
1993-12-01,0.0
1993-12-02,0.0
1993-12-03,3.5063338743462884
1993-12-04,22.13925788069305
1993-12-05,0.09512050396701134
1993-12-06,0.0
1993-12-07,0.0
1993-12-08,0.0
1993-12-09,0.18141055687864552
1993-12-10,11.27469645242514
1993-12-11,0.0
1993-12-12,0.0
1993-12-13,27.164069735678048
1993-12-14,1.3042319197482435
1993-12-15,0.0
1993-12-16,0.0
1993-12-17,0.22362526561500506
1993-12-18,0.5989134455567878
1993-12-19,3.2536835498815795
1993-12-20,1.9421884697543745
1993-12-21,0.20599804614465658
1993-12-22,14.550899071070916
1993-12-23,1.9736965989481625
1993-12-24,0.0
1993-12-25,0.0
1993-12-26,0.0
1993-12-27,0.0
1993-12-28,0.16506694707932643
1993-12-29,5.532342191525977
1993-12-30,0.0
1993-12-31,0.03537276304484954
1994-01-01,3.2380017004343387
1994-01-02,0.046935206804975566
1994-01-03,1.534288371891982
1994-01-04,0.0
1994-01-05,0.0
1994-01-06,0.0
1994-01-07,3.3551160598575933
1994-01-08,0.14043839949728953
1994-01-09,0.0
1994-01-10,0.0
1994-01-11,1.311316208524005
1994-01-12,0.7352351487331543
1994-01-13,1.5739942852978817
1994-01-14,0.0
1994-01-15,0.0
1994-01-16,0.0
1994-01-17,23.576647321371475
1994-01-18,0.0
1994-01-19,0.0
1994-01-20,0.0
1994-01-21,0.0
1994-01-22,0.0
1994-01-23,0.0
1994-01-24,0.0
1994-01-25,0.0
1994-01-26,0.64699549164586
1994-01-27,65.96029601662504
1994-01-28,34.646168052663846
1994-01-29,6.88539528583848
1994-01-30,0.008164592428590935
1994-01-31,0.0
1994-02-01,0.0
1994-02-02,0.17389708089138306
1994-02-03,0.0
1994-02-04,1.0527648413954933
1994-02-05,16.63126139358397
1994-02-06,0.8808800219175926
1994-02-07,1.0298049530672015
1994-02-08,0.23359961076441435
1994-02-09,0.8229852136670651
1994-02-10,17.713688674029626
1994-02-11,7.024648777096981
1994-02-12,0.0
1994-02-13,0.0
1994-02-14,0.0
1994-02-15,0.4445041591682638
1994-02-16,0.9703174737970415
1994-02-17,0.0
1994-02-18,0.0
1994-02-19,0.0
1994-02-20,0.06783220423079647
1994-02-21,0.10594865507959329
1994-02-22,3.1505684977096826
1994-02-23,25.177633030574263
1994-02-24,0.21946020745859335
1994-02-25,0.0
1994-02-26,0.0
1994-02-27,0.0
1994-02-28,0.0
1994-03-01,33.418757960198995
1994-03-02,5.749612554686605
1994-03-03,0.0
1994-03-04,0.0
1994-03-05,0.0
1994-03-06,0.2740366650076627
1994-03-07,0.014458389636327696
1994-03-08,0.0
1994-03-09,36.997610881847905
1994-03-10,0.0
1994-03-11,0.0
1994-03-12,0.0
1994-03-13,0.0
1994-03-14,0.0
1994-03-15,0.3089192674743748
1994-03-16,0.23145507692531248
1994-03-17,0.0
1994-03-18,0.0
1994-03-19,0.0
1994-03-20,0.0
1994-03-21,0.024844022248593604
1994-03-22,0.0
1994-03-23,0.06417195493746736
1994-03-24,3.8737735786663787
1994-03-25,17.379572055399432
1994-03-26,0.06816818358007562
1994-03-27,1.8812422719585624
1994-03-28,30.763453000309724
1994-03-29,0.0
1994-03-30,0.0
1994-03-31,0.0
1994-04-01,0.0
1994-04-02,0.0
1994-04-03,0.6892775090106971
1994-04-04,0.0
1994-04-05,0.017236748132491785
1994-04-06,30.31391265101219
1994-04-07,0.9242168594282391
1994-04-08,0.5509853778305133
1994-04-09,0.0
1994-04-10,0.341460430188659
1994-04-11,0.44271402716919106
1994-04-12,15.099550126037538
1994-04-13,3.9689525321921693
1994-04-14,0.12332096269194057
1994-04-15,8.69931689357495
1994-04-16,42.6956483204351
1994-04-17,0.056965292488251364
1994-04-18,0.0
1994-04-19,0.0
1994-04-20,10.045684055508636
1994-04-21,6.441201037755079
1994-04-22,0.7805527343819901
1994-04-23,0.022875882521285966
1994-04-24,4.080738761818551
1994-04-25,0.29486640168159134
1994-04-26,0.3331642076217552
1994-04-27,0.0
1994-04-28,0.0
1994-04-29,0.0
1994-04-30,4.83773428838019
1994-05-01,0.9416156310912766
1994-05-02,0.9666997080013496
1994-05-03,34.888918757821784
1994-05-04,0.0
1994-05-05,0.0
1994-05-06,0.0
1994-05-07,0.4496550334160858
1994-05-08,2.6779194893479272
1994-05-09,15.708379017476583
1994-05-10,10.251830408249614
1994-05-11,0.05368536932833377
1994-05-12,0.0625
1994-05-13,0.0
1994-05-14,4.352054524961601
1994-05-15,1.0813964345730824
1994-05-16,5.020097764675657
1994-05-17,5.373079012468712
1994-05-18,0.0
1994-05-19,0.0
1994-05-20,0.0
1994-05-21,0.0
1994-05-22,0.0
1994-05-23,0.01612211150751355
1994-05-24,0.0
1994-05-25,0.0
1994-05-26,0.0016719549374673525
1994-05-27,1.8854250945708237
1994-05-28,22.228213997521202
1994-05-29,1.3828099442825443
1994-05-30,3.6699827910744043
1994-05-31,4.346566477960166
1994-06-01,6.985813416562026
1994-06-02,2.648767586702082
1994-06-03,1.1201567716700018
1994-06-04,11.48563996510508
1994-06-05,4.992855505589363
1994-06-06,22.052330033999418
1994-06-07,0.3074348101649201
1994-06-08,0.054111556306323166
1994-06-09,0.9503293127639162
1994-06-10,25.495476097963266
1994-06-11,11.086853581382789
1994-06-12,18.167247009781374
1994-06-13,4.390935697148187
1994-06-14,0.23958591597121107
1994-06-15,0.1925701091298457
1994-06-16,0.0
1994-06-17,2.2960996659053694
1994-06-18,1.470923023332624
1994-06-19,1.5076309277819804
1994-06-20,0.08687691156481474
1994-06-21,0.5611125404086571
1994-06-22,19.774755719006137
1994-06-23,9.875341288531065
1994-06-24,10.168112781478088
1994-06-25,1.3722221389912868
1994-06-26,0.11364156675568922
1994-06-27,0.10371792095998011
1994-06-28,0.0
1994-06-29,0.230275690046414
1994-06-30,0.0
1994-07-01,1.5342332671123646
1994-07-02,3.051477364934509
1994-07-03,0.24060451757772508
1994-07-04,1.2658347705273199
1994-07-05,1.7465367038627782
1994-07-06,0.5579062880026002
1994-07-07,7.862976484831429
1994-07-08,22.38113086509466
1994-07-09,23.955491091074688
1994-07-10,21.170137661053285
1994-07-11,12.924631400109945
1994-07-12,2.6912290771989476
1994-07-13,2.2298787827693753
1994-07-14,7.390439420653175
1994-07-15,0.45365499755369565
1994-07-16,2.314191724798189
1994-07-17,16.69478051900518
1994-07-18,1.4528461851473449
1994-07-19,30.251749018737108
1994-07-20,6.444887338102606
1994-07-21,0.8437449638415122
1994-07-22,0.5652122265493433
1994-07-23,3.355755556573655
1994-07-24,0.3341162441982432
1994-07-25,0.0003854308402486052
1994-07-26,3.5748671001668435
1994-07-27,13.557690878276585
1994-07-28,0.0
1994-07-29,0.0
1994-07-30,0.0
1994-07-31,0.202406656495904
1994-08-01,0.04815066181658513
1994-08-02,5.209691204057344
1994-08-03,17.471013354845656
1994-08-04,0.24925050429392165
1994-08-05,0.3842442704192821
1994-08-06,0.1950561550865905
1994-08-07,0.0027865915624455872
1994-08-08,0.14150754234776217
1994-08-09,0.016507542347762156
1994-08-10,0.0005573183124891175
1994-08-11,0.0
1994-08-12,0.1643756615491003
1994-08-13,6.043340174879176
1994-08-14,1.4896134757228978
1994-08-15,1.1541082694763565
1994-08-16,0.0016719549374673525
1994-08-17,0.0
1994-08-18,0.0
1994-08-19,0.0625
1994-08-20,1.410294061300442
1994-08-21,3.053883133412388
1994-08-22,0.0
1994-08-23,2.172877133280014
1994-08-24,10.831648255027293
1994-08-25,0.5276002897959764
1994-08-26,0.28423153760728515
1994-08-27,0.0
1994-08-28,14.172583682867248
1994-08-29,2.129111601998722
1994-08-30,7.877254459210336
1994-08-31,0.9969959604951171
1994-09-01,2.503721881864966
1994-09-02,3.7086963091124807
1994-09-03,4.842889026200193
1994-09-04,0.0
1994-09-05,0.0
1994-09-06,0.0
1994-09-07,0.17039202257432443
1994-09-08,0.3923047633062592
1994-09-09,1.8479054527092742
1994-09-10,4.660565957986517
1994-09-11,5.510755116161724
1994-09-12,0.1989552868938792
1994-09-13,0.0
1994-09-14,0.0
1994-09-15,18.01518297342916
1994-09-16,10.098203678202
1994-09-17,1.8440084478997334
1994-09-18,0.0
1994-09-19,0.0
1994-09-20,0.17635878043438669
1994-09-21,0.0
1994-09-22,0.7545828332866141
1994-09-23,0.11356256678208354
1994-09-24,0.0
1994-09-25,0.0
1994-09-26,0.0
1994-09-27,0.0
1994-09-28,0.0
1994-09-29,0.0
1994-09-30,0.0
1994-10-01,1.685772918587314
1994-10-02,0.7695987792044869
1994-10-03,0.0
1994-10-04,0.0
1994-10-05,0.0
1994-10-06,0.0
1994-10-07,0.0
1994-10-08,27.284056239976554
1994-10-09,60.553944255527966
1994-10-10,4.009086391333634
1994-10-11,24.661379532406713
1994-10-12,12.60365738501567
1994-10-13,0.489957337108505
1994-10-14,0.0
1994-10-15,0.0
1994-10-16,0.10155971679563283
1994-10-17,3.971948251068299
1994-10-18,0.6325580698087246
1994-10-19,6.450484545863781
1994-10-20,22.92023282795517
1994-10-21,18.513663773661364
1994-10-22,10.654287678594173
1994-10-23,7.340040891286223
1994-10-24,0.0
1994-10-25,0.0
1994-10-26,0.0
1994-10-27,0.0
1994-10-28,0.0
1994-10-29,0.0
1994-10-30,0.0
1994-10-31,0.0
1994-11-01,0.0
1994-11-02,0.0
1994-11-03,0.07163437776208895
1994-11-04,0.0
1994-11-05,14.005284734352669
1994-11-06,1.651629898448267
1994-11-07,0.0
1994-11-08,0.0
1994-11-09,0.46613547405749634
1994-11-10,3.0054303651256626
1994-11-11,0.0
1994-11-12,0.0
1994-11-13,0.0
1994-11-14,0.0
1994-11-15,0.0
1994-11-16,0.0
1994-11-17,0.0
1994-11-18,0.0
1994-11-19,0.0020654842337610993
1994-11-20,0.01698384767612445
1994-11-21,0.09089500547319664
1994-11-22,0.0
1994-11-23,0.0
1994-11-24,0.001114636624978235
1994-11-25,0.0
1994-11-26,0.11439272556368085
1994-11-27,1.6869049811192534
1994-11-28,12.915028317598054
1994-11-29,14.413648992540836
1994-11-30,0.0
1994-12-01,0.0
1994-12-02,0.0
1994-12-03,27.132123565078476
1994-12-04,5.898880373406225
1994-12-05,0.0005573183124891175
1994-12-06,0.0
1994-12-07,0.0
1994-12-08,0.0
1994-12-09,6.658950965605942
1994-12-10,31.35406653309722
1994-12-11,0.0
1994-12-12,0.0
1994-12-13,0.0
1994-12-14,0.0
1994-12-15,0.0
1994-12-16,8.501954179022285
1994-12-17,3.2542573378369313
1994-12-18,0.8875081890510257
1994-12-19,0.0
1994-12-20,0.0
1994-12-21,0.1431794972852295
1994-12-22,0.01762217897274039
1994-12-23,0.0
1994-12-24,0.0
1994-12-25,0.0
1994-12-26,0.0
1994-12-27,0.0
1994-12-28,0.6840608803682711
1994-12-29,15.543649588232816
1994-12-30,0.2796203568480176
1994-12-31,3.1184204238466084
1995-01-01,10.444040091572903
1995-01-02,0.0
1995-01-03,1.697190976365665
1995-01-04,0.0
1995-01-05,0.0
1995-01-06,19.48271300817019
1995-01-07,0.0
1995-01-08,0.0
1995-01-09,0.0
1995-01-10,0.0
1995-01-11,0.0
1995-01-12,0.6515743642907607
1995-01-13,8.606034757851784
1995-01-14,0.0782285822112198
1995-01-15,0.573547242509006
1995-01-16,0.0
1995-01-17,0.0
1995-01-18,8.126605396391744
1995-01-19,7.367366034102526
1995-01-20,0.0
1995-01-21,0.0
1995-01-22,0.0
1995-01-23,14.09447419385706
1995-01-24,0.0
1995-01-25,0.0
1995-01-26,4.055186335478996
1995-01-27,49.91737360093346
1995-01-28,15.3218625185157
1995-01-29,0.0
1995-01-30,0.0
1995-01-31,0.0
1995-02-01,0.0
1995-02-02,0.0
1995-02-03,0.06194268168751088
1995-02-04,0.0
1995-02-05,0.0
1995-02-06,0.0
1995-02-07,0.25360425908940815
1995-02-08,1.710238423433086
1995-02-09,0.0
1995-02-10,1.2961184406936812
1995-02-11,69.4783386042327
1995-02-12,0.6075272782217638
1995-02-13,0.06806266616997436
1995-02-14,0.0
1995-02-15,0.2617561822131712
1995-02-16,1.9471530154014376
1995-02-17,13.551313526579104
1995-02-18,1.0370189619882955
1995-02-19,3.481117282019861
1995-02-20,1.3891405778910488
1995-02-21,0.027837687160707513
1995-02-22,0.0
1995-02-23,0.10368188656514792
1995-02-24,0.0
1995-02-25,0.0
1995-02-26,0.07923139361284805
1995-02-27,0.6431274846407156
1995-02-28,38.27490664048309
1995-03-01,1.0102509805448403
1995-03-02,0.0
1995-03-03,2.099422484428319
1995-03-04,8.528264554210478
1995-03-05,10.043026636046006
1995-03-06,15.245698434095317
1995-03-07,34.5886677761439
1995-03-08,11.925835405158272
1995-03-09,0.0
1995-03-10,0.0
1995-03-11,0.0
1995-03-12,0.28074311869507496
1995-03-13,0.5476021795130769
1995-03-14,74.47860847796241
1995-03-15,5.601161891282741
1995-03-16,22.659001895030524
1995-03-17,14.104339846920471
1995-03-18,0.0
1995-03-19,0.0
1995-03-20,0.0
1995-03-21,0.05377808925891995
1995-03-22,0.0
1995-03-23,0.0
1995-03-24,0.0
1995-03-25,0.0
1995-03-26,0.01688650316967099
1995-03-27,3.3184445212338503
1995-03-28,6.914024923291686
1995-03-29,59.33696344542129
1995-03-30,10.310544434896942
1995-03-31,13.085331329360793
1995-04-01,0.0
1995-04-02,0.0
1995-04-03,0.0
1995-04-04,2.2204989219601003
1995-04-05,1.9394125716369057
1995-04-06,0.3319357788355872
1995-04-07,0.0
1995-04-08,0.0
1995-04-09,0.0
1995-04-10,13.581170513547633
1995-04-11,103.68863918804996
1995-04-12,0.01612211150751355
1995-04-13,0.0
1995-04-14,0.0
1995-04-15,0.0
1995-04-16,0.0
1995-04-17,0.0
1995-04-18,1.0824631840330758
1995-04-19,9.488270695711584
1995-04-20,7.045084074136937
1995-04-21,21.72574629453717
1995-04-22,9.494280778761107
1995-04-23,38.491687874752365
1995-04-24,0.0
1995-04-25,0.0
1995-04-26,0.0
1995-04-27,0.3050439975619831
1995-04-28,0.0
1995-04-29,0.0
1995-04-30,0.0
1995-05-01,0.0005573183124891175
1995-05-02,0.0
1995-05-03,2.2795626260718227
1995-05-04,9.36081171406675
1995-05-05,1.9598874822608574
1995-05-06,0.02850788003233694
1995-05-07,0.0
1995-05-08,29.8308013279836
1995-05-09,59.006110055551474
1995-05-10,52.101831179228405
1995-05-11,1.2584162087978865
1995-05-12,12.196879059583406
1995-05-13,0.0698594446286927
1995-05-14,0.0
1995-05-15,0.0
1995-05-16,0.0
1995-05-17,0.0
1995-05-18,10.668074945617036
1995-05-19,34.00293985621309
1995-05-20,0.0
1995-05-21,0.0
1995-05-22,0.0
1995-05-23,0.0
1995-05-24,0.0
1995-05-25,0.0
1995-05-26,0.008164592428590935
1995-05-27,3.7044215133371052
1995-05-28,5.084692179189302
1995-05-29,5.33132808733473
1995-05-30,38.042327996682026
1995-05-31,11.910062499321148
1995-06-01,20.941361808986265
1995-06-02,2.917230573925144
1995-06-03,0.0
1995-06-04,0.0
1995-06-05,0.0
1995-06-06,0.0
1995-06-07,0.0
1995-06-08,0.0
1995-06-09,0.0
1995-06-10,0.061964527012832976
1995-06-11,0.0020654842337610993
1995-06-12,6.699523036939013
1995-06-13,0.0
1995-06-14,0.0
1995-06-15,0.0
1995-06-16,0.0
1995-06-17,1.8596703044847234
1995-06-18,0.0
1995-06-19,0.0
1995-06-20,0.0
1995-06-21,0.0
1995-06-22,0.17804888347419032
1995-06-23,4.987215305190856
1995-06-24,20.093288952383585
1995-06-25,4.260825857814393
1995-06-26,0.6678963968638847
1995-06-27,0.0
1995-06-28,2.19186519530046
1995-06-29,3.814759774973933
1995-06-30,6.942881811978849
1995-07-01,5.54128882915686
1995-07-02,0.9979736455627032
1995-07-03,1.3205167180378983
1995-07-04,0.3094917572039483
1995-07-05,3.609102584472152
1995-07-06,0.4819511671306778
1995-07-07,0.0
1995-07-08,0.0
1995-07-09,0.0
1995-07-10,4.7708517322595725
1995-07-11,3.1714292605560894
1995-07-12,0.42069807613252147
1995-07-13,5.12503823569392
1995-07-14,1.701991460460777
1995-07-15,5.156128607406512
1995-07-16,0.16678333772851436
1995-07-17,0.7701000327679441
1995-07-18,1.1872147691973687
1995-07-19,16.496234105511917
1995-07-20,8.466131942013606
1995-07-21,0.02540134056108272
1995-07-22,0.05673484385895921
1995-07-23,0.0
1995-07-24,0.0
1995-07-25,0.10650597339208241
1995-07-26,0.19299745411664856
1995-07-27,2.9034515869188184
1995-07-28,0.05065354068344022
1995-07-29,12.741263311629188
1995-07-30,4.593773821575207
1995-07-31,9.204681536922543
1995-08-01,2.0664035036903434
1995-08-02,0.0
1995-08-03,3.908835553636533
1995-08-04,5.577861031422935
1995-08-05,1.37470297541975
1995-08-06,7.228275363943878
1995-08-07,0.2406035271369603
1995-08-08,0.0
1995-08-09,2.405262546305102
1995-08-10,11.944363424093023
1995-08-11,1.4507028576811833
1995-08-12,2.6645026595058967
1995-08-13,1.3616693571773493
1995-08-14,0.0
1995-08-15,0.014458389636327696
1995-08-16,0.15017877011653985
1995-08-17,0.0
1995-08-18,17.48606218680971
1995-08-19,4.231259211279503
1995-08-20,5.731721340750733
1995-08-21,3.9117505537111383
1995-08-22,5.417323115025471
1995-08-23,2.278944119240588
1995-08-24,0.8438311056657853
1995-08-25,0.0
1995-08-26,0.0
1995-08-27,0.0
1995-08-28,0.0
1995-08-29,0.0
1995-08-30,0.0
1995-08-31,0.0
1995-09-01,2.3709827360336875
1995-09-02,0.5066986676480257
1995-09-03,0.0
1995-09-04,0.32179177023246397
1995-09-05,0.12427079421527037
1995-09-06,0.0
1995-09-07,0.0
1995-09-08,0.0
1995-09-09,0.0
1995-09-10,0.0
1995-09-11,0.0
1995-09-12,0.0
1995-09-13,0.011770900265319672
1995-09-14,8.894237440866313
1995-09-15,0.7240960613332297
1995-09-16,3.5778846727052565
1995-09-17,17.362863645229023
1995-09-18,1.3248324726220584
1995-09-19,0.0
1995-09-20,0.0628854308402486
1995-09-21,0.9849777740099956
1995-09-22,5.534607139706343
1995-09-23,0.23134072350623033
1995-09-24,0.0
1995-09-25,0.0
1995-09-26,0.0
1995-09-27,0.0
1995-09-28,0.0
1995-09-29,0.0
1995-09-30,0.006196452701283298
1995-10-01,0.0
1995-10-02,2.0694088660906096
1995-10-03,22.964067960578078
1995-10-04,17.939180628253816
1995-10-05,0.1844214929520159
1995-10-06,0.009836547366058289
1995-10-07,0.0
1995-10-08,0.0
1995-10-09,0.0
1995-10-10,0.0
1995-10-11,0.0
1995-10-12,0.0
1995-10-13,5.672174093950581
1995-10-14,6.184823880196663
1995-10-15,0.17431967736924336
1995-10-16,4.99649444102647
1995-10-17,0.0
1995-10-18,0.0
1995-10-19,0.0
1995-10-20,0.0
1995-10-21,3.554928901080745
1995-10-22,2.7209950218187893
1995-10-23,0.1052260868812521
1995-10-24,0.0003854308402486052
1995-10-25,0.0
1995-10-26,5.2987343313138835
1995-10-27,4.151161013893123
1995-10-28,4.402288391735315
1995-10-29,0.273023701917286
1995-10-30,5.066280417523592
1995-10-31,25.320227103553705
1995-11-01,16.800823969382453
1995-11-02,54.53378828959847
1995-11-03,33.34999541952715
1995-11-04,0.0
1995-11-05,3.975166121151948
1995-11-06,0.7113874690867031
1995-11-07,8.372308333860087
1995-11-08,0.0
1995-11-09,0.0
1995-11-10,3.9263432359992225
1995-11-11,13.256184290585985
1995-11-12,0.0
1995-11-13,0.0
1995-11-14,0.8780100471875213
1995-11-15,0.0
1995-11-16,0.0
1995-11-17,0.0
1995-11-18,0.19840045167952403
1995-11-19,0.9630046705670318
1995-11-20,9.94335076610618
1995-11-21,0.0
1995-11-22,0.0
1995-11-23,1.379439045908418
1995-11-24,4.4383605082463315
1995-11-25,0.0
1995-11-26,0.0
1995-11-27,0.0
1995-11-28,0.0003854308402486052
1995-11-29,0.0
1995-11-30,0.0
1995-12-01,0.0
1995-12-02,0.0
1995-12-03,0.6489035637613194
1995-12-04,4.6149471459776406
1995-12-05,0.6045679148353655
1995-12-06,1.2101793688351787
1995-12-07,2.7662452369701183
1995-12-08,1.146440204870473
1995-12-09,5.583229892541681
1995-12-10,0.0
1995-12-11,0.0
1995-12-12,0.0
1995-12-13,0.0
1995-12-14,0.0
1995-12-15,0.035538529724799914
1995-12-16,0.04736139378296497
1995-12-17,9.674603056098837
1995-12-18,102.11742931168828
1995-12-19,3.3010549656184724
1995-12-20,0.0
1995-12-21,0.0
1995-12-22,0.0
1995-12-23,0.0
1995-12-24,0.0
1995-12-25,0.0
1995-12-26,0.0
1995-12-27,0.0
1995-12-28,0.0
1995-12-29,0.0
1995-12-30,0.0
1995-12-31,13.747847328311492
1996-01-01,17.118096771450443
1996-01-02,0.3599501852983376
1996-01-03,0.0
1996-01-04,0.0
1996-01-05,0.0
1996-01-06,2.789935030071535
1996-01-07,0.0
1996-01-08,0.0
1996-01-09,0.0
1996-01-10,0.0
1996-01-11,3.9880083860923294
1996-01-12,0.0
1996-01-13,0.0
1996-01-14,0.0
1996-01-15,0.0
1996-01-16,0.0
1996-01-17,0.0009427491527377227
1996-01-18,2.9130552585272267
1996-01-19,0.7729032403332412
1996-01-20,0.8180730009793487
1996-01-21,3.4050387772395303
1996-01-22,0.0
1996-01-23,0.0
1996-01-24,17.986508830107
1996-01-25,0.0
1996-01-26,34.20241894308057
1996-01-27,29.614634281512014
1996-01-28,0.0
1996-01-29,2.112332936205866
1996-01-30,0.7808041991258474
1996-01-31,1.1570906652056154
1996-02-01,0.034230586559881836
1996-02-02,17.748916826092252
1996-02-03,0.0
1996-02-04,0.0
1996-02-05,0.07088992255361866
1996-02-06,0.056790010946393264
1996-02-07,0.0
1996-02-08,0.0
1996-02-09,0.0
1996-02-10,0.0
1996-02-11,0.0
1996-02-12,0.0
1996-02-13,0.0
1996-02-14,0.0
1996-02-15,0.0
1996-02-16,0.0
1996-02-17,0.0
1996-02-18,0.0
1996-02-19,11.93288295001991
1996-02-20,0.0
1996-02-21,0.0
1996-02-22,0.0
1996-02-23,0.0
1996-02-24,0.0
1996-02-25,0.0
1996-02-26,0.06255196379284539
1996-02-27,0.38503445673750997
1996-02-28,32.23628794397243
1996-02-29,0.6106114213481771
1996-03-01,4.565657305033104
1996-03-02,0.0
1996-03-03,0.0
1996-03-04,0.0
1996-03-05,0.9487455581976288
1996-03-06,4.8566548077034355
1996-03-07,23.08399781005595
1996-03-08,0.0
1996-03-09,0.0
1996-03-10,0.0
1996-03-11,0.0
1996-03-12,0.0
1996-03-13,0.0
1996-03-14,0.0
1996-03-15,0.0
1996-03-16,1.7465177610188762
1996-03-17,57.761680766791685
1996-03-18,15.148823619809663
1996-03-19,0.09239843375770379
1996-03-20,0.0
1996-03-21,0.0
1996-03-22,0.0
1996-03-23,0.0
1996-03-24,0.8326413373412331
1996-03-25,12.25478079848158
1996-03-26,5.3674416401527765
1996-03-27,2.8131795718069386
1996-03-28,0.14412370730762394
1996-03-29,0.0
1996-03-30,49.11661282508459
1996-03-31,1.3456340723437974
1996-04-01,0.0
1996-04-02,0.0
1996-04-03,0.23868689296214618
1996-04-04,0.02276063095306433
1996-04-05,0.44986882304135717
1996-04-06,26.683819378780825
1996-04-07,0.0
1996-04-08,0.0
1996-04-09,0.0
1996-04-10,0.0
1996-04-11,0.04138980843222063
1996-04-12,0.19198558448457714
1996-04-13,20.703552619814005
1996-04-14,4.920298168670726
1996-04-15,30.899799166080996
1996-04-16,0.0
1996-04-17,0.7516298408501021
1996-04-18,2.0155034819133033
1996-04-19,0.06305731831248912
1996-04-20,0.0
1996-04-21,0.0
1996-04-22,0.6610567203372536
1996-04-23,20.415272344017197
1996-04-24,0.0
1996-04-25,0.0
1996-04-26,4.188403382313546
1996-04-27,0.0
1996-04-28,0.0
1996-04-29,10.884967787081056
1996-04-30,0.42684723910229927
1996-05-01,0.0
1996-05-02,0.0
1996-05-03,0.0
1996-05-04,0.0
1996-05-05,0.0
1996-05-06,0.0
1996-05-07,0.0
1996-05-08,0.02272032657137209
1996-05-09,2.2471392910468317
1996-05-10,0.0003854308402486052
1996-05-11,5.183350286289187
1996-05-12,0.30461680878350955
1996-05-13,0.0
1996-05-14,0.10158917167028143
1996-05-15,0.0
1996-05-16,0.0
1996-05-17,0.0
1996-05-18,0.0
1996-05-19,0.0
1996-05-20,0.0
1996-05-21,0.0
1996-05-22,0.0
1996-05-23,0.0
1996-05-24,1.767920697234197
1996-05-25,0.18807196908389648
1996-05-26,0.008721910741080054
1996-05-27,1.577412153137435
1996-05-28,1.1779346041614318
1996-05-29,105.91585176795347
1996-05-30,5.225662695486124
1996-05-31,0.0
1996-06-01,17.070621842196942
1996-06-02,21.442040853224434
1996-06-03,2.9599677665653057
1996-06-04,0.0
1996-06-05,0.0
1996-06-06,1.2576055610411743
1996-06-07,5.264828394562776
1996-06-08,10.541616682503994
1996-06-09,0.0
1996-06-10,0.0
1996-06-11,0.12477742955545713
1996-06-12,10.439769200469465
1996-06-13,2.0499271003321864
1996-06-14,7.2433264875484795
1996-06-15,10.471283420715507
1996-06-16,1.2405243446277787
1996-06-17,4.258172105249663
1996-06-18,0.12349830946002541
1996-06-19,2.9853835682441123
1996-06-20,2.4583765962962327
1996-06-21,0.4313050672584156
1996-06-22,2.8941104036136633
1996-06-23,0.04261051587577273
1996-06-24,1.728826451133412
1996-06-25,0.17240248505680308
1996-06-26,0.07041012535479338
1996-06-27,3.6940607584614185
1996-06-28,10.731674651572973
1996-06-29,3.6018353881263
1996-06-30,1.7760673313603974
1996-07-01,0.0
1996-07-02,0.0
1996-07-03,0.0
1996-07-04,0.0
1996-07-05,0.0
1996-07-06,1.1113978062557788
1996-07-07,0.6785056252694369
1996-07-08,3.727307967808001
1996-07-09,0.9304213000598863
1996-07-10,6.906300631926697
1996-07-11,0.037103284014784556
1996-07-12,0.0
1996-07-13,1.1689001292315995
1996-07-14,23.928101468395038
1996-07-15,10.476265961669366
1996-07-16,1.9625428410313959
1996-07-17,1.2488166397545521
1996-07-18,0.09666337085683363
1996-07-19,0.0
1996-07-20,0.6915922340672972
1996-07-21,0.0
1996-07-22,0.0
1996-07-23,2.2323657116639617
1996-07-24,7.213237046106998
1996-07-25,12.909408584683547
1996-07-26,9.27935850741928
1996-07-27,2.3632516192325297
1996-07-28,7.66825747563491
1996-07-29,0.8098827944313426
1996-07-30,0.5088626610763737
1996-07-31,10.602464991940696
1996-08-01,9.515411761686773
1996-08-02,3.7556142232556153
1996-08-03,0.6608498059261476
1996-08-04,0.0003854308402486052
1996-08-05,0.46413226897304494
1996-08-06,0.6984043123264548
1996-08-07,6.883932614861814
1996-08-08,0.4751648747518417
1996-08-09,22.03548651912796
1996-08-10,2.123523778682076
1996-08-11,4.08720364000721
1996-08-12,2.7647041635020795
1996-08-13,6.666795732157387
1996-08-14,0.0003854308402486052
1996-08-15,0.0
1996-08-16,0.0
1996-08-17,0.0
1996-08-18,0.2388301114280466
1996-08-19,4.789620142357015
1996-08-20,15.597954759010355
1996-08-21,5.415451489521268
1996-08-22,1.1429133926908968
1996-08-23,1.9449484592431026
1996-08-24,0.0
1996-08-25,0.21814311313780274
1996-08-26,1.7403454607385307
1996-08-27,1.2313407244325594
1996-08-28,15.350244324823855
1996-08-29,5.72551427309867
1996-08-30,7.603175937342258
1996-08-31,1.4430464910997478
1996-09-01,0.07677796623696242
1996-09-02,0.5084767911074041
1996-09-03,0.3944951693496583
1996-09-04,0.0
1996-09-05,0.4101236381594035
1996-09-06,3.9020046139529208
1996-09-07,5.134664610652116
1996-09-08,1.4600979025836245
1996-09-09,3.4964567119370287
1996-09-10,1.0948380590746032
1996-09-11,0.14115371775698998
1996-09-12,0.0
1996-09-13,0.6270912000056003
1996-09-14,0.1046278776257692
1996-09-15,3.5877950057874854
1996-09-16,19.164280624967084
1996-09-17,5.066168804137068
1996-09-18,0.0
1996-09-19,0.0
1996-09-20,4.775738978478138
1996-09-21,15.043358433750964
1996-09-22,9.695805310976173
1996-09-23,0.3715794263533089
1996-09-24,0.0
1996-09-25,0.0
1996-09-26,0.478294613987743
1996-09-27,11.05749750816122
1996-09-28,12.528520282408138
1996-09-29,0.0648738768703028
1996-09-30,0.0007188978876518244
1996-10-01,9.120690417448753
1996-10-02,1.1339476866253946
1996-10-03,0.0
1996-10-04,0.04049902307232829
1996-10-05,6.510540848648175
1996-10-06,24.43556650112736
1996-10-07,0.19850646740589684
1996-10-08,0.0
1996-10-09,0.0
1996-10-10,0.0
1996-10-11,0.0
1996-10-12,0.0
1996-10-13,0.0
1996-10-14,0.0
1996-10-15,0.0
1996-10-16,0.15993994545231663
1996-10-17,0.0
1996-10-18,3.4719914416475217
1996-10-19,0.0
1996-10-20,0.0
1996-10-21,0.0
1996-10-22,7.033168226778212
1996-10-23,0.0
1996-10-24,0.0
1996-10-25,46.7799854618351
1996-10-26,145.39110436011777
1996-10-27,5.50782414700322
1996-10-28,0.0
1996-10-29,0.0
1996-10-30,3.833797334704293
1996-10-31,0.0
1996-11-01,0.1838956147348252
1996-11-02,3.7936740626262275
1996-11-03,0.0
1996-11-04,0.0
1996-11-05,0.2347194695450016
1996-11-06,0.034026176698740265
1996-11-07,9.483058460404044
1996-11-08,4.653177682731442
1996-11-09,4.924582382140968
1996-11-10,0.0
1996-11-11,0.0
1996-11-12,0.0
1996-11-13,0.0
1996-11-14,0.0
1996-11-15,0.0
1996-11-16,0.0
1996-11-17,0.3743088704830866
1996-11-18,4.9262259518700615
1996-11-19,3.3730797978007248
1996-11-20,0.0
1996-11-21,0.16640352838920114
1996-11-22,0.0
1996-11-23,0.0
1996-11-24,0.9042988119479369
1996-11-25,15.092162108643219
1996-11-26,0.0005573183124891175
1996-11-27,0.0
1996-11-28,0.0
1996-11-29,1.2552827853563602
1996-11-30,15.28195786101837
1996-12-01,30.67628654719694
1996-12-02,0.0
1996-12-03,0.0
1996-12-04,0.06236635636362436
1996-12-05,4.078616827385367
1996-12-06,0.0
1996-12-07,0.03576238098988581
1996-12-08,0.0
1996-12-09,0.0
1996-12-10,0.0
1996-12-11,0.290286379462347
1996-12-12,5.066052852459106
1996-12-13,2.3209564893875485
1996-12-14,0.0
1996-12-15,0.0
1996-12-16,12.412898605511199
1996-12-17,1.6302702770865236
1996-12-18,0.6496635845642594
1996-12-19,0.0
1996-12-20,0.0
1996-12-21,0.0
1996-12-22,0.0005573183124891175
1996-12-23,0.0
1996-12-24,1.9258661597213247
1996-12-25,0.210076680970274
1996-12-26,0.4816949821552909
1996-12-27,10.143874458440349
1996-12-28,0.8481766868263118
1996-12-29,26.45779463285326
1996-12-30,11.202736625773591
1996-12-31,0.14074540697938534
1997-01-01,1.5972401668463623
1997-01-02,0.10900556301076438
1997-01-03,0.003008233386498822
1997-01-04,0.01744382148216011
1997-01-05,0.15811486964022153
1997-01-06,0.6280374011478979
1997-01-07,34.57396284705524
1997-01-08,18.28189121495893
1997-01-09,1.5140676100746702
1997-01-10,0.0
1997-01-11,0.6953770159170491
1997-01-12,2.7257257186726727
1997-01-13,1.9778232103538946
1997-01-14,0.053444622211516725
1997-01-15,12.308864339526096
1997-01-16,5.5799897479498375
1997-01-17,0.0
1997-01-18,0.0
1997-01-19,0.0
1997-01-20,0.0
1997-01-21,0.016426529363635332
1997-01-22,17.75902826774517
1997-01-23,0.22255903631314694
1997-01-24,18.23035191785847
1997-01-25,0.0
1997-01-26,0.0
1997-01-27,0.8261716807573314
1997-01-28,36.61176477491939
1997-01-29,0.09150513609593554
1997-01-30,0.0
1997-01-31,0.0
1997-02-01,0.0
1997-02-02,0.0
1997-02-03,0.2078856249364109
1997-02-04,47.2642039110078
1997-02-05,0.06224011434008189
1997-02-06,0.0
1997-02-07,1.0703155581290766
1997-02-08,3.6154432393520266
1997-02-09,0.0
1997-02-10,0.8732868292705693
1997-02-11,0.0005573183124891175
1997-02-12,14.707076012425537
1997-02-13,35.30448942981295
1997-02-14,2.4747933286576353
1997-02-15,0.39636867817831595
1997-02-16,0.0
1997-02-17,0.0
1997-02-18,0.0
1997-02-19,0.06262509878723957
1997-02-20,0.6865787359280945
1997-02-21,28.752600033475854
1997-02-22,0.0
1997-02-23,1.2426047458794163
1997-02-24,13.447069562661625
1997-02-25,90.15703394056902
1997-02-26,5.674186459502949
1997-02-27,6.945865499790862
1997-02-28,1.2544347527145778
1997-03-01,0.7643654351494767
1997-03-02,8.827844769765319
1997-03-03,1.237615327663715
1997-03-04,0.0
1997-03-05,1.9654592480048028
1997-03-06,0.42387205123684063
1997-03-07,0.0
1997-03-08,0.0
1997-03-09,0.1860901401634834
1997-03-10,2.605191866482459
1997-03-11,1.182455057523887
1997-03-12,0.6571749410131607
1997-03-13,62.186579579667594
1997-03-14,3.7027968016684287
1997-03-15,0.024844022248593604
1997-03-16,0.16660335180022873
1997-03-17,0.08796140280997325
1997-03-18,0.0
1997-03-19,6.042446292996305
1997-03-20,39.413058524032124
1997-03-21,1.0458786299492653
1997-03-22,0.0
1997-03-23,0.12214320425074746
1997-03-24,0.0
1997-03-25,0.11904358050836569
1997-03-26,4.999367388980248
1997-03-27,0.0
1997-03-28,0.11458431590842694
1997-03-29,4.42312934089101
1997-03-30,8.716075158579498
1997-03-31,0.0005573183124891175
1997-04-01,0.0005573183124891175
1997-04-02,0.0
1997-04-03,0.06962912334526702
1997-04-04,1.6794944544167028
1997-04-05,35.637602283507654
1997-04-06,0.0
1997-04-07,0.0
1997-04-08,0.11863628440234347
1997-04-09,0.0
1997-04-10,0.0
1997-04-11,65.64714677678009
1997-04-12,14.034393525108506
1997-04-13,0.1607361933265299
1997-04-14,0.18448145871642338
1997-04-15,0.0
1997-04-16,0.0
1997-04-17,0.0
1997-04-18,0.0005573183124891175
1997-04-19,0.0
1997-04-20,0.0
1997-04-21,0.0
1997-04-22,2.826430633165115
1997-04-23,0.5061979664204497
1997-04-24,0.0
1997-04-25,1.9700510670244238
1997-04-26,64.43333465112254
1997-04-27,40.46717313883318
1997-04-28,1.0532086286253208
1997-04-29,0.04875176536278925
1997-04-30,0.04049902307232829
1997-05-01,0.0
1997-05-02,0.3945166556005904
1997-05-03,9.16853569485799
1997-05-04,0.0
1997-05-05,0.0
1997-05-06,0.0
1997-05-07,0.0
1997-05-08,0.0
1997-05-09,0.0005573183124891175
1997-05-10,0.1850387770289125
1997-05-11,0.0
1997-05-12,1.32869803826263
1997-05-13,0.0
1997-05-14,0.0
1997-05-15,12.396623737273881
1997-05-16,1.4869969801610756
1997-05-17,0.0
1997-05-18,2.1268608954936057
1997-05-19,16.581068935132397
1997-05-20,0.634486727344498
1997-05-21,19.5212669616913
1997-05-22,3.8099327645690684
1997-05-23,7.215891425406458
1997-05-24,17.019392169994426
1997-05-25,25.319695579068465
1997-05-26,0.12846042588230155
1997-05-27,0.0
1997-05-28,0.703104635728557
1997-05-29,6.93382881217453
1997-05-30,10.281506916434052
1997-05-31,27.451844292176588
1997-06-01,0.7581871898843426
1997-06-02,0.01689297318801076
1997-06-03,0.01612211150751355
1997-06-04,3.1736661912807116
1997-06-05,1.4591181251337444
1997-06-06,8.385869437403061
1997-06-07,15.197797367105528
1997-06-08,24.74198734635267
1997-06-09,1.4429349173503563
1997-06-10,5.490761059141742
1997-06-11,5.1834589281584
1997-06-12,1.2231431636120098
1997-06-13,0.0
1997-06-14,0.0
1997-06-15,0.0003854308402486052
1997-06-16,3.2222610159291745
1997-06-17,46.679851999583704
1997-06-18,23.766113827493136
1997-06-19,5.781684860684371
1997-06-20,0.7563261349646331
1997-06-21,0.0
1997-06-22,0.0
1997-06-23,10.476062321977695
1997-06-24,12.32432439006338
1997-06-25,25.907338783366406
1997-06-26,23.015491156081534
1997-06-27,1.053297425503651
1997-06-28,1.069776243752872
1997-06-29,6.362611281994746
1997-06-30,0.9110642307693724
1997-07-01,0.11145883871245757
1997-07-02,0.0
1997-07-03,0.0
1997-07-04,0.0
1997-07-05,13.39544082137385
1997-07-06,1.5326583932626232
1997-07-07,37.44306590759032
1997-07-08,1.8233200340324476
1997-07-09,21.95058063919222
1997-07-10,4.43789409645344
1997-07-11,0.8277192278027636
1997-07-12,1.2384912843482692
1997-07-13,19.5091854821166
1997-07-14,13.32914876008919
1997-07-15,0.016507542347762156
1997-07-16,1.4919898626036312
1997-07-17,3.390277116298667
1997-07-18,0.1084878875835217
1997-07-19,0.08995651689776601
1997-07-20,5.793005400391458
1997-07-21,1.9507219357203716
1997-07-22,3.024836904726252
1997-07-23,15.237259901547533
1997-07-24,5.414003613043273
1997-07-25,0.18440551670125477
1997-07-26,0.9705565378714938
1997-07-27,0.8167836069197346
1997-07-28,3.9395585132664253
1997-07-29,4.4817925797933444
1997-07-30,1.8463014019811057
1997-07-31,3.527872794641446
1997-08-01,1.6661680016240892
1997-08-02,0.0
1997-08-03,1.444610131795959
1997-08-04,5.344177205793676
1997-08-05,1.5274256827191708
1997-08-06,0.1325741254800128
1997-08-07,0.0
1997-08-08,29.9914705712685
1997-08-09,2.7490125497178934
1997-08-10,6.045437228455514
1997-08-11,2.287914710277927
1997-08-12,1.2231654966739507
1997-08-13,0.5102801276832297
1997-08-14,0.6135700480104603
1997-08-15,0.0
1997-08-16,0.0005573183124891175
1997-08-17,0.6202949999525875
1997-08-18,0.20380464718087019
1997-08-19,0.0
1997-08-20,1.6497012763080139
1997-08-21,3.2576079507750912
1997-08-22,0.0
1997-08-23,0.33815611858891415
1997-08-24,0.0
1997-08-25,0.0
1997-08-26,0.0
1997-08-27,0.0
1997-08-28,0.0
1997-08-29,0.19112200545746424
1997-08-30,0.2754788796650317
1997-08-31,2.0418716371193937
1997-09-01,1.0895647211043928
1997-09-02,0.5821255282719977
1997-09-03,0.05163868991544705
1997-09-04,0.0
1997-09-05,0.08077780336998491
1997-09-06,0.0
1997-09-07,0.0
1997-09-08,0.0
1997-09-09,3.612531401179728
1997-09-10,3.009877303357537
1997-09-11,0.0
1997-09-12,0.0
1997-09-13,0.0
1997-09-14,0.0
1997-09-15,0.0
1997-09-16,0.0
1997-09-17,0.0
1997-09-18,0.0
1997-09-19,0.0
1997-09-20,0.0
1997-09-21,0.0
1997-09-22,0.0
1997-09-23,0.4837009351704745
1997-09-24,8.97665290842272
1997-09-25,6.854212619526597
1997-09-26,0.0003854308402486052
1997-09-27,0.0
1997-09-28,0.0
1997-09-29,0.0
1997-09-30,0.0
1997-10-01,0.0748087303211165
1997-10-02,0.0
1997-10-03,0.0
1997-10-04,0.0
1997-10-05,0.0
1997-10-06,1.1106853536193533
1997-10-07,0.03335885964000533
1997-10-08,0.2193738393175084
1997-10-09,0.2833269341482878
1997-10-10,0.051619885094572666
1997-10-11,0.0
1997-10-12,0.0
1997-10-13,10.598607102252616
1997-10-14,27.275619217686394
1997-10-15,0.0
1997-10-16,0.0
1997-10-17,0.0
1997-10-18,0.0
1997-10-19,0.0
1997-10-20,0.08443251584835494
1997-10-21,1.2806606165638785
1997-10-22,0.933331336083407
1997-10-23,3.1220773865732436
1997-10-24,13.869279118389427
1997-10-25,3.106747005915753
1997-10-26,6.293869364820208
1997-10-27,0.2067715876950784
1997-10-28,0.0
1997-10-29,0.05035931927238599
1997-10-30,0.0
1997-10-31,1.2360910496625914
1997-11-01,7.362940074980809
1997-11-02,0.032451296364695424
1997-11-03,0.0
1997-11-04,0.0
1997-11-05,1.720572456007296
1997-11-06,2.7261732540735832
1997-11-07,0.0
1997-11-08,0.0
1997-11-09,0.3251776304295398
1997-11-10,0.17408233792445463
1997-11-11,0.011213581952830554
1997-11-12,72.8734595515603
1997-11-13,0.12242868467467906
1997-11-14,0.029745852396613013
1997-11-15,0.0
1997-11-16,0.1949012969549718
1997-11-17,0.08757992968618848
1997-11-18,0.6667525945739362
1997-11-19,9.054057554784597
1997-11-20,2.220900298287235
1997-11-21,30.76821542149566
1997-11-22,4.760211996620823
1997-11-23,0.0
1997-11-24,0.0
1997-11-25,0.0
1997-11-26,0.0
1997-11-27,0.008721910741080054
1997-11-28,1.2027874768502376
1997-11-29,39.39339619187838
1997-11-30,0.0
1997-12-01,0.0
1997-12-02,1.1202013367752637
1997-12-03,4.489421127055944
1997-12-04,0.0
1997-12-05,0.2692645963485034
1997-12-06,0.2338429298581994
1997-12-07,0.0003854308402486052
1997-12-08,17.825676525608007
1997-12-09,0.48855501837047394
1997-12-10,2.6116930052364995
1997-12-11,0.17602531338698346
1997-12-12,0.0
1997-12-13,0.29441766536820635
1997-12-14,0.002614704090205075
1997-12-15,0.0
1997-12-16,0.0
1997-12-17,0.0
1997-12-18,0.0
1997-12-19,0.0
1997-12-20,1.3787360214977578
1997-12-21,19.14443815599093
1997-12-22,0.0
1997-12-23,29.656574004498708
1997-12-24,8.390721082748787
1997-12-25,0.0
1997-12-26,5.843991817465651
1997-12-27,18.852837319954123
1997-12-28,0.2464401861293737
1997-12-29,0.6886120430986714
1997-12-30,0.0
1997-12-31,0.0
1998-01-01,0.0
1998-01-02,0.0
1998-01-03,0.10528172098478686
1998-01-04,2.740993656756908
1998-01-05,53.419701413800595
1998-01-06,9.516319537091434
1998-01-07,87.60636510507172
1998-01-08,0.0
1998-01-09,0.0
1998-01-10,0.0
1998-01-11,0.0
1998-01-12,71.29632023591796
1998-01-13,8.736235233655881
1998-01-14,9.878490545422416
1998-01-15,17.148437388816138
1998-01-16,0.0
1998-01-17,0.0
1998-01-18,0.13907786380587592
1998-01-19,0.11594210990964081
1998-01-20,0.0
1998-01-21,0.016162231062184406
1998-01-22,57.5953715729246
1998-01-23,0.7949236818230834
1998-01-24,0.0
1998-01-25,0.0
1998-01-26,35.6822392678567
1998-01-27,5.070489114309959
1998-01-28,0.0
1998-01-29,0.0
1998-01-30,0.0
1998-01-31,0.0
1998-02-01,3.861516573388985
1998-02-02,4.782865048155334
1998-02-03,1.0211771494588284
1998-02-04,0.0
1998-02-05,0.0
1998-02-06,0.0
1998-02-07,0.0
1998-02-08,0.04049902307232829
1998-02-09,0.13104543586119385
1998-02-10,1.2608334881329926
1998-02-11,32.741634155127194
1998-02-12,0.0
1998-02-13,0.04256450730608939
1998-02-14,0.0
1998-02-15,16.51238300757673
1998-02-16,18.56621298930116
1998-02-17,17.502669579530252
1998-02-18,0.0
1998-02-19,0.2776888656716984
1998-02-20,0.0
1998-02-21,0.0
1998-02-22,27.1651199471906
1998-02-23,0.44166872017889386
1998-02-24,0.48268686458059434
1998-02-25,11.530652272045586
1998-02-26,14.478789494017343
1998-02-27,0.23010616320185698
1998-02-28,0.0003854308402486052
1998-03-01,0.0
1998-03-02,0.0
1998-03-03,0.0
1998-03-04,0.0
1998-03-05,2.430385207111308
1998-03-06,7.754329729817924
1998-03-07,65.99590283552199
1998-03-08,54.34418605389369
1998-03-09,0.0
1998-03-10,0.0
1998-03-11,0.0
1998-03-12,0.0
1998-03-13,0.0
1998-03-14,0.0
1998-03-15,0.0
1998-03-16,12.633801280710008
1998-03-17,59.382059019153246
1998-03-18,3.7431148185829146
1998-03-19,0.043023519533823114
1998-03-20,0.01612211150751355
1998-03-21,0.0
1998-03-22,0.0
1998-03-23,0.0
1998-03-24,0.0
1998-03-25,0.0
1998-03-26,0.0
1998-03-27,0.0007708616804972104
1998-03-28,0.042949938146338
1998-03-29,0.37503069542425527
1998-03-30,0.025608413910751044
1998-03-31,10.33440920151143
1998-04-01,2.199230485260438
1998-04-02,3.7105214715607184
1998-04-03,3.1884756861957713
1998-04-04,0.0
1998-04-05,0.0
1998-04-06,0.0
1998-04-07,0.21127866954653618
1998-04-08,0.7451138852679846
1998-04-09,0.10164113546312681
1998-04-10,0.0
1998-04-11,0.0
1998-04-12,0.0
1998-04-13,1.7020896625529087
1998-04-14,0.41866874666761417
1998-04-15,0.12427079421527037
1998-04-16,0.105449938146338
1998-04-17,14.240336731939948
1998-04-18,7.7045443689941875
1998-04-19,3.303082694435546
1998-04-20,0.0
1998-04-21,0.0
1998-04-22,0.0
1998-04-23,0.0
1998-04-24,0.0
1998-04-25,0.0
1998-04-26,0.02644239579857584
1998-04-27,0.0005573183124891175
1998-04-28,74.57186219005892
1998-04-29,18.342910512694896
1998-04-30,0.9788533887332602
1998-05-01,0.06636747431718987
1998-05-02,0.34739168843827245
1998-05-03,0.1691547824000265
1998-05-04,0.0005573183124891175
1998-05-05,0.0
1998-05-06,0.5392885619005955
1998-05-07,0.0
1998-05-08,0.0
1998-05-09,0.0
1998-05-10,0.0
1998-05-11,0.0
1998-05-12,0.0
1998-05-13,0.0
1998-05-14,0.0
1998-05-15,0.0
1998-05-16,0.0
1998-05-17,0.0
1998-05-18,0.0
1998-05-19,0.0
1998-05-20,0.0
1998-05-21,0.0
1998-05-22,0.0
1998-05-23,0.0
1998-05-24,0.0
1998-05-25,0.0
1998-05-26,0.0
1998-05-27,0.0
1998-05-28,4.239947023702207
1998-05-29,6.503730138918295
1998-05-30,1.5504542798466674
1998-05-31,0.02399148072456614
1998-06-01,0.0
1998-06-02,0.0
1998-06-03,0.0003854308402486052
1998-06-04,0.7817489452002334
1998-06-05,0.6069406412049956
1998-06-06,13.67247720134363
1998-06-07,0.035590493517645296
1998-06-08,0.0003854308402486052
1998-06-09,0.0003854308402486052
1998-06-10,0.0
1998-06-11,0.0
1998-06-12,0.0
1998-06-13,0.0
1998-06-14,0.0
1998-06-15,0.0
1998-06-16,0.10266555602492507
1998-06-17,0.0
1998-06-18,0.04256450730608939
1998-06-19,0.06232811252775949
1998-06-20,0.06232811252775949
1998-06-21,2.4029474178078263
1998-06-22,6.435032056462943
1998-06-23,0.0
1998-06-24,0.2482597022120544
1998-06-25,1.750036184703908
1998-06-26,3.7013709608519973
1998-06-27,1.3071890710608844
1998-06-28,0.08721083036826652
1998-06-29,0.0
1998-06-30,0.0
1998-07-01,2.3737475214691557
1998-07-02,4.86340995855745
1998-07-03,0.23034325546305343
1998-07-04,0.054163520099168555
1998-07-05,3.223118814614298
1998-07-06,5.407352698730062
1998-07-07,0.4572105922392969
1998-07-08,0.010491210185000868
1998-07-09,0.1808919287951122
1998-07-10,3.0135213352620283
1998-07-11,15.07364306705576
1998-07-12,2.987286887121476
1998-07-13,1.0371228994223267
1998-07-14,38.324279303776144
1998-07-15,6.819620411074345
1998-07-16,3.456926313166627
1998-07-17,1.636348941443121
1998-07-18,0.0
1998-07-19,0.0
1998-07-20,1.1560608229374305
1998-07-21,10.750346856207406
1998-07-22,8.677229798225003
1998-07-23,3.5039233644775742
1998-07-24,2.208598974308105
1998-07-25,16.70702231347213
1998-07-26,19.787132976029667
1998-07-27,0.07164854947511802
1998-07-28,0.47180013714841695
1998-07-29,0.0
1998-07-30,0.0
1998-07-31,0.0
1998-08-01,0.36529718856194265
1998-08-02,4.648322104680137
1998-08-03,0.15832515262251937
1998-08-04,0.0
1998-08-05,0.0
1998-08-06,0.3521799634190749
1998-08-07,3.3964630527763457
1998-08-08,0.17572100127863519
1998-08-09,3.281777345863676
1998-08-10,12.10352368345935
1998-08-11,1.784898532108496
1998-08-12,7.7425802083006126
1998-08-13,7.796447735165037
1998-08-14,18.843143735240886
1998-08-15,4.517774420566089
1998-08-16,2.5490439861956333
1998-08-17,4.31360439118198
1998-08-18,3.8696257492551043
1998-08-19,1.5188398835988106
1998-08-20,2.234137381047611
1998-08-21,0.6357167562909584
1998-08-22,10.97538128076912
1998-08-23,1.084936114925706
1998-08-24,0.056067909764152775
1998-08-25,0.0
1998-08-26,0.0
1998-08-27,0.0
1998-08-28,0.0
1998-08-29,0.0
1998-08-30,0.1547525518032766
1998-08-31,0.23719165269507647
1998-09-01,1.4378799736895873
1998-09-02,0.033640745858491666
1998-09-03,0.0
1998-09-04,0.0
1998-09-05,0.022812594745909714
1998-09-06,3.733532938816515
1998-09-07,0.96078887754985
1998-09-08,0.6717690166463895
1998-09-09,1.1415102674615474
1998-09-10,18.49287115270079
1998-09-11,55.917473327909455
1998-09-12,62.079337181657294
1998-09-13,8.926586969649632
1998-09-14,0.641226192668809
1998-09-15,0.0
1998-09-16,0.0
1998-09-17,0.25409915442781494
1998-09-18,5.588457182402584
1998-09-19,9.675261534759636
1998-09-20,15.610452924888598
1998-09-21,0.40184230667316273
1998-09-22,3.3349156254048253
1998-09-23,1.8493785155864366
1998-09-24,0.0
1998-09-25,0.0
1998-09-26,0.21008809090638933
1998-09-27,4.804380409221421
1998-09-28,21.11891195880452
1998-09-29,2.4724110610013423
1998-09-30,0.0
1998-10-01,0.0
1998-10-02,0.9037041495576097
1998-10-03,3.085274418434557
1998-10-04,2.064625319288265
1998-10-05,3.5297443398475465
1998-10-06,19.265666587737453
1998-10-07,33.05822130018649
1998-10-08,0.3326387281648409
1998-10-09,0.0
1998-10-10,0.0
1998-10-11,0.0
1998-10-12,0.0
1998-10-13,0.0
1998-10-14,0.0
1998-10-15,8.522704881399678
1998-10-16,3.106325688015745
1998-10-17,0.04641864463022725
1998-10-18,0.04798296144913228
1998-10-19,0.0
1998-10-20,0.0
1998-10-21,0.0
1998-10-22,0.02630406576605777
1998-10-23,0.0
1998-10-24,0.0
1998-10-25,0.0
1998-10-26,0.0
1998-10-27,0.0
1998-10-28,0.0
1998-10-29,0.0
1998-10-30,0.0
1998-10-31,0.0
1998-11-01,0.0
1998-11-02,8.810993046155906
1998-11-03,0.0
1998-11-04,0.0
1998-11-05,0.0
1998-11-06,0.0
1998-11-07,0.0
1998-11-08,0.0
1998-11-09,0.05421548389201394
1998-11-10,22.088289351861523
1998-11-11,1.1281169317617834
1998-11-12,0.016507542347762156
1998-11-13,3.0894960594992154
1998-11-14,17.132118221378747
1998-11-15,20.96129438296362
1998-11-16,1.214460127975661
1998-11-17,0.0
1998-11-18,0.0
1998-11-19,0.5827033429309499
1998-11-20,0.7131041164265447
1998-11-21,1.0192338822514049
1998-11-22,0.0
1998-11-23,0.0
1998-11-24,0.0
1998-11-25,0.0
1998-11-26,0.04152345206859627
1998-11-27,0.0
1998-11-28,0.0
1998-11-29,0.0
1998-11-30,0.0
1998-12-01,0.0
1998-12-02,0.22615633867143387
1998-12-03,1.1308277496084214
1998-12-04,1.6212753964827942
1998-12-05,0.17990399535927792
1998-12-06,0.0
1998-12-07,2.7452273159170764
1998-12-08,7.480893292487977
1998-12-09,0.050433876523141984
1998-12-10,6.346623640799149
1998-12-11,0.695082761353166
1998-12-12,8.480801404644643
1998-12-13,0.18642824261017749
1998-12-14,0.28424731981648865
1998-12-15,0.0
1998-12-16,0.0
1998-12-17,0.0
1998-12-18,0.0
1998-12-19,6.731457773907947
1998-12-20,0.11652591874632906
1998-12-21,0.11401026931225534
1998-12-22,0.7078033357146322
1998-12-23,0.7438674340677054
1998-12-24,12.49830681754993
1998-12-25,5.799103840556785
1998-12-26,0.028100085122501544
1998-12-27,0.14444044607134468
1998-12-28,29.237789002902257
1998-12-29,0.0
1998-12-30,0.0
1998-12-31,0.1985716577148672
1999-01-01,0.7205987923708405
1999-01-02,23.721675071026464
1999-01-03,0.0
1999-01-04,0.0
1999-01-05,0.0
1999-01-06,0.0364427321808295
1999-01-07,7.347918974188069
1999-01-08,0.0
1999-01-09,2.2078077677115666
1999-01-10,0.0
1999-01-11,0.0
1999-01-12,0.0
1999-01-13,0.2062799323631429
1999-01-14,0.2955122722727889
1999-01-15,0.10322889796266302
1999-01-16,0.2608478064497813
1999-01-17,0.04913925396987809
1999-01-18,0.0
1999-01-19,0.0
1999-01-20,0.0003854308402486052
1999-01-21,0.0855144454524274
1999-01-22,14.417756332450871
1999-01-23,5.83164124144882
1999-01-24,0.0
1999-01-25,0.0
1999-01-26,0.0
1999-01-27,0.0
1999-01-28,0.10950592617699352
1999-01-29,12.259077863987242
1999-01-30,38.49602510783554
1999-01-31,0.16872079982683522
1999-02-01,0.0
1999-02-02,1.09393659908884
1999-02-03,0.9086938397727709
1999-02-04,0.41094060528410037
1999-02-05,0.0
1999-02-06,0.0
1999-02-07,0.3514254030820792
1999-02-08,0.026827826638824447
1999-02-09,0.6493300041634337
1999-02-10,0.0003854308402486052
1999-02-11,0.05725800339791379
1999-02-12,2.39164435193304
1999-02-13,0.0
1999-02-14,0.0
1999-02-15,0.0
1999-02-16,4.277886857632698
1999-02-17,12.079753634477163
1999-02-18,0.0005573183124891175
1999-02-19,0.0
1999-02-20,0.0
1999-02-21,4.453709857294903
1999-02-22,0.0
1999-02-23,0.0
1999-02-24,0.0
1999-02-25,0.0
1999-02-26,0.0
1999-02-27,2.1741417520355393
1999-02-28,7.5354542114523815
1999-03-01,0.0
1999-03-02,0.0
1999-03-03,9.657401529970604
1999-03-04,0.0
1999-03-05,0.0005573183124891175
1999-03-06,1.3622771059155907
1999-03-07,0.042949938146338
1999-03-08,1.0794963137248583
1999-03-09,38.00640873367782
1999-03-10,0.0
1999-03-11,0.0003854308402486052
1999-03-12,37.204370465098634
1999-03-13,56.10429242833172
1999-03-14,0.8223085202082374
1999-03-15,0.0
1999-03-16,0.0
1999-03-17,0.0
1999-03-18,0.0
1999-03-19,0.0
1999-03-20,0.06305731831248912
1999-03-21,0.0
1999-03-22,0.0
1999-03-23,0.0
1999-03-24,0.5259435071044141
1999-03-25,12.238418963694613
1999-03-26,0.0
1999-03-27,0.0
1999-03-28,0.05320348320875987
1999-03-29,7.9664752038693045
1999-03-30,16.224122593786007
1999-03-31,1.296045300823871
1999-04-01,0.0
1999-04-02,0.11820038598567234
1999-04-03,0.06823704322465214
1999-04-04,0.5233046640981738
1999-04-05,0.4142126665431582
1999-04-06,3.0163249360783815
1999-04-07,0.09423635619350744
1999-04-08,0.0
1999-04-09,0.0
1999-04-10,0.0
1999-04-11,0.0
1999-04-12,0.0
1999-04-13,0.0
1999-04-14,0.0
1999-04-15,5.390653823069487
1999-04-16,0.0
1999-04-17,0.0
1999-04-18,0.0
1999-04-19,0.0
1999-04-20,0.001114636624978235
1999-04-21,0.0
1999-04-22,0.0
1999-04-23,0.0
1999-04-24,0.0
1999-04-25,0.0003854308402486052
1999-04-26,0.024286703936104485
1999-04-27,9.063135339058787
1999-04-28,0.0
1999-04-29,0.06232811252775949
1999-04-30,0.0
1999-05-01,0.0
1999-05-02,0.0
1999-05-03,0.16656460867300907
1999-05-04,3.622454563090397
1999-05-05,3.6843057484792343
1999-05-06,3.1921556676141023
1999-05-07,0.27146023619975584
1999-05-08,0.0
1999-05-09,1.3849609007996966
1999-05-10,13.519722103730327
1999-05-11,18.50250540087081
1999-05-12,1.6026498851702236
1999-05-13,0.033974212905894884
1999-05-14,0.0
1999-05-15,0.0
1999-05-16,0.0
1999-05-17,0.0
1999-05-18,0.19145098253923654
1999-05-19,0.22465062323176266
1999-05-20,0.0
1999-05-21,0.0
1999-05-22,0.7403325979284409
1999-05-23,15.37482899848836
1999-05-24,0.20447785764249202
1999-05-25,0.0
1999-05-26,0.12034612502761474
1999-05-27,2.915829423824333
1999-05-28,12.419125994628551
1999-05-29,17.321077721872374
1999-05-30,11.68587534254595
1999-05-31,3.5670608462329483
1999-06-01,0.05377808925891995
1999-06-02,0.0
1999-06-03,0.0
1999-06-04,1.3969076144172539
1999-06-05,9.235999211353484
1999-06-06,2.109889160837341
1999-06-07,1.5203396573689762
1999-06-08,0.4675840565932394
1999-06-09,10.530197957427452
1999-06-10,10.021180051745231
1999-06-11,0.7736049370218564
1999-06-12,5.236505727050962
1999-06-13,7.51119892728109
1999-06-14,4.971561028756433
1999-06-15,9.18939338195069
1999-06-16,6.298884234950233
1999-06-17,1.6408438947708959
1999-06-18,0.0
1999-06-19,0.1745129603609238
1999-06-20,0.30790532154888234
1999-06-21,0.24574947136410125
1999-06-22,22.24106795717075
1999-06-23,0.50152626892601
1999-06-24,12.491760534052416
1999-06-25,25.075517496021686
1999-06-26,28.58100566690744
1999-06-27,14.04483104067922
1999-06-28,0.008721910741080054
1999-06-29,0.0
1999-06-30,0.0
1999-07-01,2.622304515873046
1999-07-02,1.0625411793238515
1999-07-03,2.925384944897783
1999-07-04,1.7466606681894636
1999-07-05,1.8940866350342291
1999-07-06,0.0010523649350550435
1999-07-07,0.6731519965104752
1999-07-08,9.312945431122602
1999-07-09,0.7422429631958262
1999-07-10,2.5485296784132534
1999-07-11,2.8273346037463583
1999-07-12,10.975957098603933
1999-07-13,3.8946598112711324
1999-07-14,0.0
1999-07-15,0.037655977751406396
1999-07-16,6.0269543481699674
1999-07-17,7.490652889846604
1999-07-18,0.9219123152641294
1999-07-19,3.8488360840154905
1999-07-20,0.3515280614019629
1999-07-21,0.053444622211516725
1999-07-22,0.007002807995467601
1999-07-23,0.66364609586116
1999-07-24,13.1084259493233
1999-07-25,11.22835191728746
1999-07-26,8.729031800926009
1999-07-27,2.243423117708977
1999-07-28,0.13465134693656675
1999-07-29,0.22743981992400522
1999-07-30,0.28685888438254664
1999-07-31,0.24061645098725865
1999-08-01,0.11246928657570876
1999-08-02,4.347830148983571
1999-08-03,0.0005573183124891175
1999-08-04,0.0
1999-08-05,0.04641864463022725
1999-08-06,2.7018191314708617
1999-08-07,1.1688034701598844
1999-08-08,0.3652460379397355
1999-08-09,4.612422128480436
1999-08-10,7.88603601925257
1999-08-11,0.14150754234776217
1999-08-12,0.0005573183124891175
1999-08-13,0.011671346659112668
1999-08-14,0.19876628637012378
1999-08-15,0.04467675214245516
1999-08-16,0.0
1999-08-17,0.00222927324995647
1999-08-18,0.0
1999-08-19,0.0
1999-08-20,0.29160933729972427
1999-08-21,9.353797490040899
1999-08-22,0.13082349117629735
1999-08-23,0.9280656902033165
1999-08-24,4.515948778766948
1999-08-25,0.9544638763144586
1999-08-26,0.0
1999-08-27,0.10415598245247754
1999-08-28,0.0385489725523314
1999-08-29,0.6259245571229031
1999-08-30,0.29275632489397624
1999-08-31,2.9105332088907705
1999-09-01,2.0451609046479207
1999-09-02,3.8909738646350367
1999-09-03,6.722363794476817
1999-09-04,4.435127742157849
1999-09-05,7.566043751715035
1999-09-06,9.515491901873922
1999-09-07,2.46794526914568
1999-09-08,10.00784176134501
1999-09-09,0.37445500747052585
1999-09-10,0.0
1999-09-11,0.0
1999-09-12,0.3344066563004973
1999-09-13,0.6574772571261897
1999-09-14,0.05240105467214768
1999-09-15,0.0
1999-09-16,0.0
1999-09-17,0.0
1999-09-18,0.0
1999-09-19,0.0
1999-09-20,0.0
1999-09-21,0.0
1999-09-22,0.0
1999-09-23,0.0
1999-09-24,0.0
1999-09-25,0.01666265190458509
1999-09-26,1.6863489421159283
1999-09-27,0.0
1999-09-28,4.482058181488514
1999-09-29,18.665607373732943
1999-09-30,0.0
1999-10-01,0.0
1999-10-02,0.0
1999-10-03,0.7725791953198247
1999-10-04,5.384258379531969
1999-10-05,0.0
1999-10-06,0.0
1999-10-07,4.203757563581954
1999-10-08,18.00369623971191
1999-10-09,89.53225036433282
1999-10-10,11.626796310418781
1999-10-11,0.0
1999-10-12,0.36015812296175825
1999-10-13,0.25349272980381066
1999-10-14,0.0
1999-10-15,0.0
1999-10-16,0.0
1999-10-17,0.0
1999-10-18,0.0
1999-10-19,0.024286703936104485
1999-10-20,0.23548098378537727
1999-10-21,0.0
1999-10-22,0.0
1999-10-23,0.0
1999-10-24,0.0
1999-10-25,0.0
1999-10-26,0.0
1999-10-27,0.0
1999-10-28,0.0
1999-10-29,1.7660292375625353
1999-10-30,9.29160290589468
1999-10-31,10.122835669777913
1999-11-01,5.523915594191632
1999-11-02,0.0
1999-11-03,0.0
1999-11-04,0.0
1999-11-05,0.0
1999-11-06,0.0
1999-11-07,0.0
1999-11-08,0.0
1999-11-09,0.0
1999-11-10,0.0
1999-11-11,0.0
1999-11-12,0.0
1999-11-13,0.0
1999-11-14,0.0
1999-11-15,0.0
1999-11-16,0.0
1999-11-17,0.0
1999-11-18,0.0
1999-11-19,0.2819165507895988
1999-11-20,3.72215314340061
1999-11-21,0.5827595934820864
1999-11-22,0.05377808925891995
1999-11-23,0.0
1999-11-24,1.33901519058644
1999-11-25,2.481548092452372
1999-11-26,0.36219402999668276
1999-11-27,0.0
1999-11-28,0.0
1999-11-29,0.01744382148216011
1999-11-30,0.03488764296432022
1999-12-01,0.0
1999-12-02,0.0
1999-12-03,1.1590464889494945
1999-12-04,7.971179906175061
1999-12-05,2.905532568101192
1999-12-06,0.0
1999-12-07,0.0
1999-12-08,0.49232360998745556
1999-12-09,0.5968837450727212
1999-12-10,0.9623708093931035
1999-12-11,0.0
1999-12-12,11.756260013158677
1999-12-13,31.957596198740784
1999-12-14,0.0
1999-12-15,0.0
1999-12-16,0.0
1999-12-17,1.5375550006212295
1999-12-18,57.13612668088002
1999-12-19,4.337809710578503
1999-12-20,0.12910376471871327
1999-12-21,36.11723584338204
1999-12-22,0.0
1999-12-23,0.0
1999-12-24,0.0
1999-12-25,0.0
1999-12-26,0.0
1999-12-27,0.0
1999-12-28,0.0
1999-12-29,0.0
1999-12-30,0.0
1999-12-31,0.0007708616804972104
2000-01-01,0.037655977751406396
2000-01-02,3.106512949478605
2000-01-03,10.551786687166624
2000-01-04,27.615012221470565
2000-01-05,0.0
2000-01-06,0.0
2000-01-07,0.0
2000-01-08,0.036095848037289026
2000-01-09,6.754182071603177
2000-01-10,12.538342088271296
2000-01-11,0.0
2000-01-12,0.043507256458827116
2000-01-13,0.5592286872148098
2000-01-14,0.05729875953565458
2000-01-15,0.0576322265830578
2000-01-16,0.0
2000-01-17,0.0
2000-01-18,0.0
2000-01-19,0.0
2000-01-20,0.0
2000-01-21,0.0
2000-01-22,0.9703630613257972
2000-01-23,11.763071898838902
2000-01-24,2.6723945559727107
2000-01-25,0.5576629090387065
2000-01-26,1.035610127012981
2000-01-27,0.002334269331822534
2000-01-28,9.049161268910924
2000-01-29,1.4752991676961231
2000-01-30,0.16720332815024866
2000-01-31,0.0
2000-02-01,0.0
2000-02-02,0.0
2000-02-03,0.0
2000-02-04,0.0
2000-02-05,0.0
2000-02-06,0.0
2000-02-07,0.0
2000-02-08,2.491218089610371
2000-02-09,0.0
2000-02-10,0.0
2000-02-11,0.025229453088842207
2000-02-12,0.0008907853598923366
2000-02-13,0.7057057584211048
2000-02-14,0.0
2000-02-15,0.0
2000-02-16,0.0
2000-02-17,0.07676133999573728
2000-02-18,0.15205167790391036
2000-02-19,0.1706654606231744
2000-02-20,0.0
2000-02-21,0.0
2000-02-22,0.0
2000-02-23,0.0003854308402486052
2000-02-24,0.0
2000-02-25,0.025408177551986436
2000-02-26,0.40271219161211214
2000-02-27,18.464641579746527
2000-02-28,0.0
2000-02-29,0.0
2000-03-01,0.0003854308402486052
2000-03-02,0.0
2000-03-03,1.0076861303624431
2000-03-04,0.9111399617277814
2000-03-05,0.0
2000-03-06,0.0
2000-03-07,0.0
2000-03-08,0.0
2000-03-09,0.00238623312466792
2000-03-10,3.036510680366381
2000-03-11,12.892046867011095
2000-03-12,0.0
2000-03-13,0.0
2000-03-14,0.884615920067325
2000-03-15,11.946658201043691
2000-03-16,4.793229524241053
2000-03-17,0.03727054691115779
2000-03-18,11.82033024741627
2000-03-19,20.535477300788855
2000-03-20,0.0
2000-03-21,0.0
2000-03-22,0.0
2000-03-23,0.0
2000-03-24,0.0
2000-03-25,0.0
2000-03-26,11.332114077187372
2000-03-27,7.938659703556811
2000-03-28,0.0
2000-03-29,0.9109003183563975
2000-03-30,0.15259685994080524
2000-03-31,0.0
2000-04-01,0.44107528020162573
2000-04-02,2.031302100304494
2000-04-03,15.036749262993501
2000-04-04,0.18752135641860346
2000-04-05,0.0
2000-04-06,0.0
2000-04-07,0.0010004011422096574
2000-04-08,0.38546237268428307
2000-04-09,0.0
2000-04-10,0.0
2000-04-11,0.04350022649895727
2000-04-12,7.037779207060373
2000-04-13,13.183895476516781
2000-04-14,0.08725188332133471
2000-04-15,0.05256484368834305
2000-04-16,0.0
2000-04-17,0.0
2000-04-18,0.0
2000-04-19,0.0
2000-04-20,0.0
2000-04-21,0.25870377687495855
2000-04-22,0.5424304208844307
2000-04-23,2.058624409967792
2000-04-24,14.648114654948351
2000-04-25,0.0
2000-04-26,0.05706831090636243
2000-04-27,0.033565932989673655
2000-04-28,0.010327421168805497
2000-04-29,0.0
2000-04-30,0.0
2000-05-01,0.03922222825781391
2000-05-02,0.2252182494413296
2000-05-03,1.9425630526477127
2000-05-04,0.01333102997943704
2000-05-05,0.41292691987977825
2000-05-06,0.2075098205563428
2000-05-07,0.0
2000-05-08,0.0
2000-05-09,0.0
2000-05-10,0.0005573183124891175
2000-05-11,0.0
2000-05-12,0.2780698760209944
2000-05-13,0.45677123876155373
2000-05-14,0.49138073929059645
2000-05-15,0.0
2000-05-16,0.0
2000-05-17,0.0
2000-05-18,0.016507542347762156
2000-05-19,0.0
2000-05-20,1.715360314697776
2000-05-21,2.1625647617891546
2000-05-22,0.024844022248593604
2000-05-23,0.0
2000-05-24,0.0
2000-05-25,0.45559674431387875
2000-05-26,0.0
2000-05-27,0.0
2000-05-28,0.06423201718635788
2000-05-29,0.0
2000-05-30,0.0
2000-05-31,0.0
2000-06-01,0.0
2000-06-02,0.0
2000-06-03,0.0013338681896128764
2000-06-04,16.99341934394196
2000-06-05,17.035150008943386
2000-06-06,2.558429489665149
2000-06-07,0.0
2000-06-08,0.0
2000-06-09,0.03460698822716678
2000-06-10,0.2971897356990483
2000-06-11,0.11493098611871239
2000-06-12,0.5911261277387205
2000-06-13,0.011146366249782349
2000-06-14,0.10356479311350747
2000-06-15,0.7177035565989823
2000-06-16,3.7806376279534994
2000-06-17,17.84425073984087
2000-06-18,3.8964191375152852
2000-06-19,0.395567338517118
2000-06-20,0.16238562120925287
2000-06-21,8.234545235632538
2000-06-22,2.0235304355946138
2000-06-23,0.14445198544975538
2000-06-24,0.09263937852388635
2000-06-25,25.34811970988694
2000-06-26,17.797432029492843
2000-06-27,1.4743931566557662
2000-06-28,10.168245506878609
2000-06-29,8.813636651322254
2000-06-30,6.88830741395177
2000-07-01,7.87437044030812
2000-07-02,2.7999386318124233
2000-07-03,0.09394364528384502
2000-07-04,0.0
2000-07-05,0.0
2000-07-06,0.0
2000-07-07,0.003343909874934705
2000-07-08,0.309451871230459
2000-07-09,0.27706941739762986
2000-07-10,0.0003854308402486052
2000-07-11,0.0
2000-07-12,0.0
2000-07-13,0.1671040866194212
2000-07-14,2.4470923793648356
2000-07-15,0.22268764062201435
2000-07-16,0.0
2000-07-17,0.6027548350331458
2000-07-18,0.344696878630108
2000-07-19,1.4207704424200716
2000-07-20,3.010327970628191
2000-07-21,13.648862905326915
2000-07-22,4.2413874332367945
2000-07-23,3.120158837335016
2000-07-24,0.27224396673585866
2000-07-25,0.0
2000-07-26,0.0
2000-07-27,1.6239946996009844
2000-07-28,6.971305091500934
2000-07-29,0.2719151719946456
2000-07-30,3.0234432034323016
2000-07-31,8.92027602399486
2000-08-01,1.2238657602827805
2000-08-02,1.8765845753913288
2000-08-03,1.6938516176428322
2000-08-04,0.0
2000-08-05,2.1185872270400052
2000-08-06,0.10184363030960926
2000-08-07,7.561352238238438
2000-08-08,6.605386845290094
2000-08-09,1.4482236046415813
2000-08-10,12.223137895724998
2000-08-11,21.109224000126357
2000-08-12,0.20338267924164338
2000-08-13,0.0
2000-08-14,4.672939180554538
2000-08-15,2.313939859977693
2000-08-16,0.018948822624629994
2000-08-17,0.0
2000-08-18,0.0
2000-08-19,0.0006669340948064382
2000-08-20,2.2227035337956864
2000-08-21,3.8538909429415287
2000-08-22,2.71909985517331
2000-08-23,8.249671790845005
2000-08-24,4.867379299524471
2000-08-25,1.9264905997388413
2000-08-26,2.023029069506555
2000-08-27,8.640718433398966
2000-08-28,0.0
2000-08-29,0.01467255008574164
2000-08-30,7.177878605425533
2000-08-31,4.9732620001711405
2000-09-01,0.5029042295493015
2000-09-02,0.0
2000-09-03,0.0
2000-09-04,0.002000802284419315
2000-09-05,0.06877026508597951
2000-09-06,0.24315594042561137
2000-09-07,1.118828975518519
2000-09-08,18.171854205278077
2000-09-09,10.185548192185053
2000-09-10,3.4083798982789926
2000-09-11,0.19793527780351391
2000-09-12,18.682466353472776
2000-09-13,15.123677403820983
2000-09-14,2.757304689903946
2000-09-15,0.0
2000-09-16,0.0
2000-09-17,0.0
2000-09-18,0.0
2000-09-19,0.0
2000-09-20,0.1932815133080557
2000-09-21,8.263926911955082
2000-09-22,8.826110771989956
2000-09-23,0.7525240536274576
2000-09-24,0.0003334670474032191
2000-09-25,0.027268499209126395
2000-09-26,0.0
2000-09-27,0.0
2000-09-28,0.0
2000-09-29,0.0
2000-09-30,0.0
2000-10-01,0.0
2000-10-02,0.0
2000-10-03,0.0
2000-10-04,0.0
2000-10-05,7.557571065756675
2000-10-06,12.723644047326408
2000-10-07,0.03544496127680933
2000-10-08,0.0
2000-10-09,0.0
2000-10-10,0.0
2000-10-11,0.0
2000-10-12,0.0
2000-10-13,0.0
2000-10-14,0.0
2000-10-15,0.0
2000-10-16,0.0
2000-10-17,0.0
2000-10-18,0.02540134056108272
2000-10-19,0.0
2000-10-20,0.0
2000-10-21,0.0
2000-10-22,0.0
2000-10-23,0.0
2000-10-24,0.0
2000-10-25,0.0
2000-10-26,0.0
2000-10-27,0.0
2000-10-28,0.0
2000-10-29,0.0
2000-10-30,0.0
2000-10-31,0.0
2000-11-01,0.0006669340948064382
2000-11-02,0.22211242465730996
2000-11-03,0.002334269331822534
2000-11-04,0.15844813864822596
2000-11-05,6.622946567063332
2000-11-06,34.044005232962654
2000-11-07,3.133812396366012
2000-11-08,6.00918515541497
2000-11-09,24.998785346896817
2000-11-10,0.0977891495138168
2000-11-11,0.0
2000-11-12,0.0
2000-11-13,15.437145181701935
2000-11-14,0.0
2000-11-15,0.0
2000-11-16,26.069792038345632
2000-11-17,37.61245958020746
2000-11-18,56.324627139162104
2000-11-19,21.116639579368794
2000-11-20,0.0
2000-11-21,0.0
2000-11-22,0.048368392289380883
2000-11-23,2.921309400744644
2000-11-24,29.573743144135385
2000-11-25,0.0
2000-11-26,1.2615120711080534
2000-11-27,1.0175789287184254
2000-11-28,0.0
2000-11-29,1.1625544303925714
2000-11-30,0.4295637488021259
2000-12-01,0.7178759336117455
2000-12-02,0.36514507840981036
2000-12-03,0.0
2000-12-04,0.0
2000-12-05,0.7853591871564125
2000-12-06,2.213216734831327
2000-12-07,1.7075007015294619
2000-12-08,0.07388647122555518
2000-12-09,0.0
2000-12-10,0.0
2000-12-11,0.0003334670474032191
2000-12-12,0.313942501624356
2000-12-13,6.641136945155776
2000-12-14,15.834489687073052
2000-12-15,0.0704584188369494
2000-12-16,4.600780703273285
2000-12-17,0.09890946492586866
2000-12-18,0.4783627607002347
2000-12-19,2.379189191855752
2000-12-20,0.0
2000-12-21,23.61666458464626
2000-12-22,0.0
2000-12-23,0.0
2000-12-24,0.0
2000-12-25,0.008512114861596955
2000-12-26,0.3894674211007369
2000-12-27,12.995835519677895
2000-12-28,10.400437182084458
2000-12-29,0.0
2000-12-30,0.0
2000-12-31,0.0
2001-01-01,0.0
2001-01-02,0.0
2001-01-03,0.0
2001-01-04,0.0
2001-01-05,0.0
2001-01-06,0.0
2001-01-07,1.6677341902127132
2001-01-08,5.403621492534446
2001-01-09,4.474026154351783
2001-01-10,0.3590822036730489
2001-01-11,6.787915528714015
2001-01-12,0.0
2001-01-13,0.0003334670474032191
2001-01-14,4.345838912509157
2001-01-15,12.146993192887205
2001-01-16,27.481797899944816
2001-01-17,1.8428178715997863
2001-01-18,1.5212938641881522
2001-01-19,23.27360336070235
2001-01-20,0.0
2001-01-21,0.0
2001-01-22,0.0
2001-01-23,0.0
2001-01-24,0.0
2001-01-25,0.0
2001-01-26,0.3217275454021284
2001-01-27,1.9732968058636269
2001-01-28,0.2329879041146923
2001-01-29,20.971328695145043
2001-01-30,0.34803966730562025
2001-01-31,0.0006669340948064382
2001-02-01,0.0
2001-02-02,0.19763812105073555
2001-02-03,0.04680407547047585
2001-02-04,0.0
2001-02-05,0.0
2001-02-06,0.0
2001-02-07,0.0
2001-02-08,4.212478310902509
2001-02-09,13.973776798712898
2001-02-10,16.21928642895874
2001-02-11,0.05172950087688999
2001-02-12,0.0
2001-02-13,4.055438353972605
2001-02-14,0.12770888489044796
2001-02-15,2.4190089802074053
2001-02-16,5.369049009430368
2001-02-17,0.4361419018703347
2001-02-18,0.18614189938387254
2001-02-19,0.0
2001-02-20,0.0
2001-02-21,0.05929296445586764
2001-02-22,0.0
2001-02-23,0.0
2001-02-24,0.2797680189143426
2001-02-25,3.3514615421520935
2001-02-26,8.443688911066502
2001-02-27,12.474812899503874
2001-02-28,12.113165875095941
2001-03-01,3.3494095331294287
2001-03-02,16.27801739567782
2001-03-03,58.86420379821992
2001-03-04,1.1805711533331882
2001-03-05,0.016523873870088794
2001-03-06,0.0
2001-03-07,0.0026677363792257528
2001-03-08,0.0056689398058547245
2001-03-09,15.545036122860232
2001-03-10,0.0
2001-03-11,0.11842999097297612
2001-03-12,46.87377622669984
2001-03-13,0.0
2001-03-14,3.1535598039930335
2001-03-15,29.964926818252316
2001-03-16,0.0
2001-03-17,0.1528141678612944
2001-03-18,1.8955498282167056
2001-03-19,0.0016719549374673525
2001-03-20,0.0009427491527377227
2001-03-21,0.0
2001-03-22,0.0
2001-03-23,0.0010004011422096574
2001-03-24,0.22854216045725206
2001-03-25,5.029388259255518
2001-03-26,0.003334670474032191
2001-03-27,1.1273023818195957
2001-03-28,29.531425185983704
2001-03-29,1.585959546753135
2001-03-30,16.491718693865923
2001-03-31,1.1276026328526605
2001-04-01,0.0
2001-04-02,0.0
2001-04-03,0.1838639761125864
2001-04-04,0.041441772225066016
2001-04-05,0.0
2001-04-06,0.0
2001-04-07,0.0007188978876518244
2001-04-08,0.07968789353870585
2001-04-09,0.0005573183124891175
2001-04-10,0.0
2001-04-11,0.08898315193631665
2001-04-12,0.0
2001-04-13,1.137301806645316
2001-04-14,1.3719849950019263
2001-04-15,6.475039827400241
2001-04-16,1.6272764647418292
2001-04-17,0.0
2001-04-18,0.0
2001-04-19,0.0
2001-04-20,0.0
2001-04-21,0.0003854308402486052
2001-04-22,0.002334269331822534
2001-04-23,1.4155046365288273
2001-04-24,10.361082056080164
2001-04-25,0.37666998717080685
2001-04-26,0.0
2001-04-27,0.0
2001-04-28,0.0
2001-04-29,0.0
2001-04-30,0.0
2001-05-01,1.8305989804721912
2001-05-02,0.07041012535479338
2001-05-03,0.0
2001-05-04,0.0
2001-05-05,0.0003854308402486052
2001-05-06,0.0
2001-05-07,0.7462183895108618
2001-05-08,5.822995822328557
2001-05-09,0.09864781183013442
2001-05-10,0.0
2001-05-11,0.0007188978876518244
2001-05-12,0.11847470482718077
2001-05-13,0.05177414613399121
2001-05-14,0.0
2001-05-15,0.0
2001-05-16,0.0
2001-05-17,0.0
2001-05-18,0.0006669340948064382
2001-05-19,0.15861013492519604
2001-05-20,0.04440271880530896
2001-05-21,0.0
2001-05-22,2.7065401233703663
2001-05-23,0.0
2001-05-24,0.0
2001-05-25,1.5542440824485926
2001-05-26,0.05444920104896112
2001-05-27,21.898696203005876
2001-05-28,0.008498059475994154
2001-05-29,0.14119792617681567
2001-05-30,1.1260231190694914
2001-05-31,6.477654151110488
2001-06-01,1.2785530033239791
2001-06-02,0.0003854308402486052
2001-06-03,0.08849241230501835
2001-06-04,13.964275248738577
2001-06-05,29.98513165189047
2001-06-06,113.43286921065878
2001-06-07,67.3957630046609
2001-06-08,30.52290007136158
2001-06-09,25.089578524284725
2001-06-10,16.94034330332794
2001-06-11,39.97291434020265
2001-06-12,0.06650160456883863
2001-06-13,1.3018897208447868
2001-06-14,1.4940759731136923
2001-06-15,0.0005573183124891175
2001-06-16,0.0
2001-06-17,0.0
2001-06-18,0.0
2001-06-19,8.173287009846227
2001-06-20,0.3245978317687918
2001-06-21,0.709010680861723
2001-06-22,0.2769241550598249
2001-06-23,0.0
2001-06-24,0.0
2001-06-25,0.0
2001-06-26,2.5345946584463106
2001-06-27,2.868700314459809
2001-06-28,0.33716679390436394
2001-06-29,2.2531215472693766
2001-06-30,8.645151401711281
2001-07-01,7.599288199674737
2001-07-02,8.48958971026373
2001-07-03,1.1447680305880388
2001-07-04,8.848288738025195
2001-07-05,15.623144555075244
2001-07-06,3.433431025079917
2001-07-07,0.344562509726845
2001-07-08,0.0003334670474032191
2001-07-09,0.0
2001-07-10,0.171323465003504
2001-07-11,13.563570678167732
2001-07-12,20.17145226535285
2001-07-13,32.94452395638007
2001-07-14,5.343500324777594
2001-07-15,0.0
2001-07-16,0.0
2001-07-17,0.0
2001-07-18,0.5471942434599477
2001-07-19,0.06194268168751088
2001-07-20,1.4806397270248641
2001-07-21,19.573899352415964
2001-07-22,13.604164555579027
2001-07-23,0.07084001345610141
2001-07-24,0.256541529040563
2001-07-25,8.217821083767632
2001-07-26,21.233096954299995
2001-07-27,1.2019317268149263
2001-07-28,3.0644308017437396
2001-07-29,0.13143184139461347
2001-07-30,4.126108215555815
2001-07-31,36.21130152237658
2001-08-01,5.1587200049604585
2001-08-02,4.053849191253588
2001-08-03,2.477885803675013
2001-08-04,0.02688306836887779
2001-08-05,5.8451444157861685
2001-08-06,7.167484592850701
2001-08-07,4.583744999746026
2001-08-08,2.5128588046917266
2001-08-09,0.7107697831292639
2001-08-10,1.3014817507124996
2001-08-11,22.74370765147338
2001-08-12,20.16659610883343
2001-08-13,25.784563241850517
2001-08-14,7.218240628040046
2001-08-15,0.3012342391509692
2001-08-16,1.476107950898732
2001-08-17,2.4466225128033963
2001-08-18,0.6373854045262632
2001-08-19,0.7165275566228398
2001-08-20,0.04049902307232829
2001-08-21,0.0
2001-08-22,0.0
2001-08-23,0.0
2001-08-24,0.0
2001-08-25,0.0
2001-08-26,0.8861691177199262
2001-08-27,27.044692137151515
2001-08-28,23.158356186010614
2001-08-29,3.2894123265302406
2001-08-30,6.317333009506771
2001-08-31,3.9811213653757958
2001-09-01,13.085454833155682
2001-09-02,22.414555392005585
2001-09-03,12.326684967627596
2001-09-04,5.158566673077826
2001-09-05,2.1828213217873924
2001-09-06,0.46471320784733794
2001-09-07,4.339227288491106
2001-09-08,21.463152157313395
2001-09-09,13.30336609018034
2001-09-10,0.19506511892897946
2001-09-11,0.0628854308402486
2001-09-12,0.0
2001-09-13,0.0
2001-09-14,0.0
2001-09-15,0.0
2001-09-16,0.0
2001-09-17,0.0003854308402486052
2001-09-18,1.1713414565074778
2001-09-19,5.566875768030136
2001-09-20,0.0
2001-09-21,0.0
2001-09-22,0.008721910741080054
2001-09-23,0.0
2001-09-24,0.12044931457282818
2001-09-25,0.0
2001-09-26,0.0
2001-09-27,0.0
2001-09-28,0.0
2001-09-29,0.0
2001-09-30,0.0
2001-10-01,0.0
2001-10-02,0.0
2001-10-03,0.0
2001-10-04,0.17971469070707108
2001-10-05,5.763774371791257
2001-10-06,17.636644724303665
2001-10-07,0.0
2001-10-08,0.0
2001-10-09,0.0
2001-10-10,3.0252743383626743
2001-10-11,33.54604012162068
2001-10-12,15.814232709105399
2001-10-13,45.86262773330604
2001-10-14,5.926447201613159
2001-10-15,0.0
2001-10-16,0.0
2001-10-17,0.0
2001-10-18,0.0
2001-10-19,0.0
2001-10-20,0.0
2001-10-21,0.0
2001-10-22,0.0
2001-10-23,0.0
2001-10-24,0.19066101556597553
2001-10-25,0.47813537656243704
2001-10-26,0.0
2001-10-27,0.0
2001-10-28,0.0
2001-10-29,0.0
2001-10-30,0.0
2001-10-31,0.0
2001-11-01,0.0
2001-11-02,0.0
2001-11-03,0.0
2001-11-04,0.0
2001-11-05,0.0
2001-11-06,0.0
2001-11-07,0.0
2001-11-08,0.0
2001-11-09,0.0
2001-11-10,0.0
2001-11-11,0.0
2001-11-12,0.0
2001-11-13,0.0
2001-11-14,0.0
2001-11-15,0.0
2001-11-16,0.0
2001-11-17,0.0
2001-11-18,0.0
2001-11-19,0.0006669340948064382
2001-11-20,2.4679355216776737
2001-11-21,0.0
2001-11-22,0.0
2001-11-23,19.345039680734075
2001-11-24,9.137942724106361
2001-11-25,0.0
2001-11-26,1.5480668346935764
2001-11-27,3.3923099234953304
2001-11-28,4.836473937758867
2001-11-29,23.37259341128213
2001-11-30,0.025051095598261925
2001-12-01,0.009279229053569172
2001-12-02,0.0
2001-12-03,0.0
2001-12-04,0.0
2001-12-05,0.0
2001-12-06,0.0
2001-12-07,0.0
2001-12-08,0.07041012535479338
2001-12-09,0.0010523649350550435
2001-12-10,0.06393779577530365
2001-12-11,0.052562634247310384
2001-12-12,1.3050258971412154
2001-12-13,50.03441886596085
2001-12-14,26.744656011157367
2001-12-15,0.0
2001-12-16,4.390159110705443
2001-12-17,19.281114714518527
2001-12-18,0.0
2001-12-19,0.009279229053569172
2001-12-20,0.0
2001-12-21,0.0003334670474032191
2001-12-22,0.23728603831154643
2001-12-23,17.774485309029423
2001-12-24,0.0
2001-12-25,0.0
2001-12-26,0.0
2001-12-27,0.007245138062358527
2001-12-28,4.610658873772315
2001-12-29,0.0
2001-12-30,0.01744382148216011
2001-12-31,0.07460974323895325
2002-01-01,2.0888660247467974
2002-01-02,8.875244267362202
2002-01-03,0.0
2002-01-04,0.19850279807029067
2002-01-05,24.61852528907231
2002-01-06,17.913066483928844
2002-01-07,3.2700232959137017
2002-01-08,0.0
2002-01-09,0.0
2002-01-10,0.0
2002-01-11,0.1364047755362208
2002-01-12,15.861775825439837
2002-01-13,0.2768033564382705
2002-01-14,0.16792877586680052
2002-01-15,0.0
2002-01-16,0.0
2002-01-17,0.0
2002-01-18,0.12958557054018527
2002-01-19,14.236415258002445
2002-01-20,0.056067909764152775
2002-01-21,1.087251334446999
2002-01-22,4.059369634614419
2002-01-23,3.71910887352285
2002-01-24,2.3558085906665798
2002-01-25,15.443166479427159
2002-01-26,0.0
2002-01-27,0.0
2002-01-28,8.148013798972263
2002-01-29,0.02301700460705128
2002-01-30,0.0388367974175653
2002-01-31,1.0035095611050338
2002-02-01,20.036948143791594
2002-02-02,4.888856168108475
2002-02-03,0.0
2002-02-04,4.4131972887079804
2002-02-05,5.812736688479242
2002-02-06,19.07529315575237
2002-02-07,0.6115150174974703
2002-02-08,0.0
2002-02-09,0.0
2002-02-10,0.0
2002-02-11,0.0
2002-02-12,0.0
2002-02-13,0.7042068653460892
2002-02-14,0.0
2002-02-15,0.0
2002-02-16,0.001114636624978235
2002-02-17,0.0
2002-02-18,0.0
2002-02-19,0.316182417419946
2002-02-20,16.782218019701585
2002-02-21,0.0
2002-02-22,0.0003854308402486052
2002-02-23,0.0
2002-02-24,0.0
2002-02-25,0.0
2002-02-26,0.02493422987730386
2002-02-27,0.0
2002-02-28,0.1949583575564803
2002-03-01,15.545609911059353
2002-03-02,36.04739463783095
2002-03-03,0.23891042449744937
2002-03-04,0.0
2002-03-05,0.0
2002-03-06,0.0
2002-03-07,0.0
2002-03-08,2.3713031088837564
2002-03-09,8.443764821488974
2002-03-10,0.0
2002-03-11,0.3147038851548281
2002-03-12,42.528838839312
2002-03-13,0.0
2002-03-14,0.0
2002-03-15,2.8161996891174983
2002-03-16,0.6218832899233832
2002-03-17,0.0003854308402486052
2002-03-18,0.0
2002-03-19,0.6653840328264055
2002-03-20,11.340402950454656
2002-03-21,7.995240534486273
2002-03-22,0.0
2002-03-23,0.0
2002-03-24,0.0050020057110482866
2002-03-25,1.3233376035204105
2002-03-26,49.336220140225954
2002-03-27,0.0
2002-03-28,0.0
2002-03-29,0.06487593463714304
2002-03-30,2.3897451545373642
2002-03-31,21.74641705544937
2002-04-01,0.0
2002-04-02,0.0
2002-04-03,0.0
2002-04-04,0.0
2002-04-05,0.0
2002-04-06,0.0
2002-04-07,0.0
2002-04-08,49.691368344627705
2002-04-09,25.188035229703907
2002-04-10,3.0384507692900997
2002-04-11,15.09509811054742
2002-04-12,10.428457444311883
2002-04-13,0.1365495613021097
2002-04-14,0.0005573183124891175
2002-04-15,0.0
2002-04-16,0.0
2002-04-17,0.0
2002-04-18,0.0
2002-04-19,0.0
2002-04-20,0.0
2002-04-21,0.0
2002-04-22,0.0
2002-04-23,0.0
2002-04-24,0.0003854308402486052
2002-04-25,0.0
2002-04-26,0.0
2002-04-27,0.0
2002-04-28,0.0
2002-04-29,0.0
2002-04-30,0.035590493517645296
2002-05-01,0.0
2002-05-02,0.0
2002-05-03,0.0
2002-05-04,0.0
2002-05-05,0.0
2002-05-06,0.0
2002-05-07,0.03520506267739669
2002-05-08,0.07041012535479338
2002-05-09,0.0
2002-05-10,0.0
2002-05-11,0.0
2002-05-12,0.0027865915624455872
2002-05-13,0.8658327122534363
2002-05-14,0.0
2002-05-15,0.0
2002-05-16,0.007793216973945131
2002-05-17,5.933281258491512
2002-05-18,5.887650143955356
2002-05-19,0.1029909739554933
2002-05-20,0.04046082608921139
2002-05-21,0.0
2002-05-22,0.0
2002-05-23,0.0
2002-05-24,0.0
2002-05-25,0.1287293407151833
2002-05-26,0.07849719666972048
2002-05-27,0.0005573183124891175
2002-05-28,0.4151853062864744
2002-05-29,7.127385479531614
2002-05-30,22.27977079302606
2002-05-31,7.069526995470646
2002-06-01,0.0005573183124891175
2002-06-02,0.0
2002-06-03,0.0
2002-06-04,0.012671747801322325
2002-06-05,5.560995633344171
2002-06-06,0.8547417134219323
2002-06-07,5.512436426632504
2002-06-08,1.6676164973774272
2002-06-09,12.341721691690978
2002-06-10,1.924170002828693
2002-06-11,2.025877620586036
2002-06-12,2.459268412562843
2002-06-13,0.5088826413112968
2002-06-14,0.02850788003233694
2002-06-15,0.0
2002-06-16,3.499303706881224
2002-06-17,0.5831322440530385
2002-06-18,1.9926424942267507
2002-06-19,1.3278292058284913
2002-06-20,3.495814164624408
2002-06-21,0.9359416518116511
2002-06-22,0.04257956449217631
2002-06-23,3.1100331016448792
2002-06-24,6.5680891794136125
2002-06-25,3.8633165654781743
2002-06-26,12.393125565628216
2002-06-27,15.524864915648937
2002-06-28,4.308761010543985
2002-06-29,1.0100574196544467
2002-06-30,0.11029155456629108
2002-07-01,5.380229634350959
2002-07-02,2.9794508461020843
2002-07-03,2.830659418956936
2002-07-04,2.5804549790144775
2002-07-05,0.3277612442843002
2002-07-06,0.7498853502531321
2002-07-07,14.546748668220049
2002-07-08,4.810448284916167
2002-07-09,1.5497464126365186
2002-07-10,0.6412019966616521
2002-07-11,16.756952618025235
2002-07-12,4.996204946233741
2002-07-13,19.750437274502843
2002-07-14,11.08566612632418
2002-07-15,9.214102620446871
2002-07-16,0.03520550014847631
2002-07-17,0.0
2002-07-18,0.1153201096478099
2002-07-19,0.45804583130189697
2002-07-20,0.48026240907189205
2002-07-21,7.453509098584067
2002-07-22,11.568840756922333
2002-07-23,0.393719284528034
2002-07-24,0.7987613507232126
2002-07-25,5.800644087885578
2002-07-26,0.4758300117195484
2002-07-27,0.004335071616241849
2002-07-28,0.5064335767014381
2002-07-29,7.7661187001301695
2002-07-30,22.789844606364387
2002-07-31,2.343739509811117
2002-08-01,10.938163320338942
2002-08-02,1.5265968949533129
2002-08-03,3.349008029651444
2002-08-04,6.677365107010966
2002-08-05,28.04004854867313
2002-08-06,100.56084264634846
2002-08-07,1.978833517073852
2002-08-08,9.530734518704984
2002-08-09,0.16153057918185626
2002-08-10,0.1089900165766797
2002-08-11,17.674758258532336
2002-08-12,14.43144333254541
2002-08-13,6.945805159789521
2002-08-14,5.714445192723729
2002-08-15,1.9343269320155858
2002-08-16,0.728365319074792
2002-08-17,2.2464122131861792
2002-08-18,0.5938153985379886
2002-08-19,3.228645164590394
2002-08-20,0.769616583687502
2002-08-21,1.7814323960901959
2002-08-22,3.094056077935277
2002-08-23,1.058513692048929
2002-08-24,0.024376911564814745
2002-08-25,4.364281298125524
2002-08-26,0.8271297434942847
2002-08-27,0.002622802546250217
2002-08-28,0.0
2002-08-29,0.0
2002-08-30,0.0
2002-08-31,0.06472799569594218
2002-09-01,0.0
2002-09-02,1.3618695739856956
2002-09-03,1.527780330816463
2002-09-04,0.6923700253716025
2002-09-05,4.6161270533072
2002-09-06,11.488352718248107
2002-09-07,27.502262564150683
2002-09-08,0.793773361686964
2002-09-09,0.8726027462411861
2002-09-10,2.6381484498910406
2002-09-11,0.0
2002-09-12,0.0
2002-09-13,0.21982779305734892
2002-09-14,0.05085673466458016
2002-09-15,0.45403419215180274
2002-09-16,0.9205212037911696
2002-09-17,6.8124006427267965
2002-09-18,0.016679429820002666
2002-09-19,2.2354214891811743
2002-09-20,18.459301271794235
2002-09-21,0.9269004958067194
2002-09-22,1.8832010559087873
2002-09-23,0.0
2002-09-24,3.1207467692622797
2002-09-25,58.050547541923514
2002-09-26,159.6581820518004
2002-09-27,0.0
2002-09-28,0.0
2002-09-29,0.0
2002-09-30,3.6178326738211166
2002-10-01,3.8880935400793097
2002-10-02,0.7638337495804919
2002-10-03,109.69773224602747
2002-10-04,16.021246644516374
2002-10-05,1.813758022853944
2002-10-06,0.84214762192956
2002-10-07,2.0919712255263203
2002-10-08,0.005015864812402057
2002-10-09,11.808503656053803
2002-10-10,15.600570818709985
2002-10-11,0.03523788792714101
2002-10-12,0.0
2002-10-13,0.2822404880563213
2002-10-14,2.5381321613406307
2002-10-15,0.1391202980130572
2002-10-16,0.0
2002-10-17,0.0
2002-10-18,0.0
2002-10-19,0.0005573183124891175
2002-10-20,0.2713863558517603
2002-10-21,0.45964715330847244
2002-10-22,0.51405167614252
2002-10-23,1.840461710187402
2002-10-24,0.003901228187423822
2002-10-25,17.693937088219826
2002-10-26,25.33648197668608
2002-10-27,26.40610875846654
2002-10-28,11.125508523491304
2002-10-29,17.147970161707423
2002-10-30,0.7662968251609135
2002-10-31,0.0
2002-11-01,0.0
2002-11-02,0.00222927324995647
2002-11-03,7.891115534961334
2002-11-04,13.14211638278916
2002-11-05,29.583229608402434
2002-11-06,0.0
2002-11-07,0.0
2002-11-08,0.0
2002-11-09,1.0904395360152692
2002-11-10,2.099747416913714
2002-11-11,35.412995633164364
2002-11-12,8.968775209606148
2002-11-13,0.0
2002-11-14,0.016523873870088794
2002-11-15,2.888705294849388
2002-11-16,4.477460199162976
2002-11-17,0.0
2002-11-18,0.0
2002-11-19,1.4134481989220191
2002-11-20,13.073351396998664
2002-11-21,5.293975168856017
2002-11-22,0.0
2002-11-23,0.0
2002-11-24,0.0
2002-11-25,0.0003854308402486052
2002-11-26,0.06194268168751088
2002-11-27,0.07041012535479338
2002-11-28,0.001114636624978235
2002-11-29,0.008359774687336763
2002-11-30,8.208382049497807
2002-12-01,0.0
2002-12-02,0.0
2002-12-03,2.218929699595103
2002-12-04,12.170484882234334
2002-12-05,17.44634188507605
2002-12-06,0.0
2002-12-07,0.0
2002-12-08,0.007245138062358527
2002-12-09,0.014490276124717054
2002-12-10,15.286694996054127
2002-12-11,0.0
2002-12-12,2.2092120348121025
2002-12-13,7.035668405103379
2002-12-14,0.0
2002-12-15,0.0
2002-12-16,0.0
2002-12-17,0.033565932989673655
2002-12-18,1.5917386485829181
2002-12-19,7.786916897006542
2002-12-20,0.0
2002-12-21,0.0
2002-12-22,0.6515997338593081
2002-12-23,25.144857268837782
2002-12-24,72.37726755267636
2002-12-25,0.0
2002-12-26,0.0
2002-12-27,0.0
2002-12-28,0.0
2002-12-29,0.02452200574952117
2002-12-30,0.08318799326514555
2002-12-31,25.85596310956675
2003-01-01,1.361198958415497
2003-01-02,0.0
2003-01-03,0.0
2003-01-04,0.0
2003-01-05,0.0
2003-01-06,0.0
2003-01-07,0.0
2003-01-08,0.0
2003-01-09,0.0
2003-01-10,0.013502917451677553
2003-01-11,0.0
2003-01-12,0.0
2003-01-13,0.02655813237318331
2003-01-14,0.0
2003-01-15,0.0
2003-01-16,0.0
2003-01-17,0.0
2003-01-18,0.0
2003-01-19,0.0
2003-01-20,0.0
2003-01-21,0.0
2003-01-22,0.09217087195974634
2003-01-23,0.0
2003-01-24,0.0
2003-01-25,0.0
2003-01-26,5.810664279692105
2003-01-27,0.0
2003-01-28,0.0
2003-01-29,2.3640268859001567
2003-01-30,10.114004196884093
2003-01-31,0.047372056561574984
2003-02-01,0.0
2003-02-02,0.0
2003-02-03,3.40468600973646
2003-02-04,6.07493546515171
2003-02-05,0.0005573183124891175
2003-02-06,24.494966601728958
2003-02-07,1.22670539178865
2003-02-08,0.0
2003-02-09,0.02276063095306433
2003-02-10,3.7186381610279766
2003-02-11,0.0
2003-02-12,0.0
2003-02-13,0.0
2003-02-14,0.0
2003-02-15,22.758857165019894
2003-02-16,13.918841670604547
2003-02-17,0.0
2003-02-18,0.0
2003-02-19,0.0
2003-02-20,1.442871377564726
2003-02-21,67.19364540972826
2003-02-22,21.652182379080454
2003-02-23,0.0
2003-02-24,0.0
2003-02-25,1.0682531762687926
2003-02-26,23.65091499810923
2003-02-27,14.558993348543249
2003-02-28,0.02443258589053168
2003-03-01,1.9448332529187415
2003-03-02,0.06848297724782039
2003-03-03,2.3354765473323127
2003-03-04,1.5192781532715722
2003-03-05,2.2302125178183974
2003-03-06,9.43434877714589
2003-03-07,33.00877871177544
2003-03-08,0.496612703749135
2003-03-09,4.41089639106253
2003-03-10,0.0
2003-03-11,0.1047335525605621
2003-03-12,17.242424057208666
2003-03-13,32.172589958892786
2003-03-14,0.8283510673366844
2003-03-15,0.0
2003-03-16,3.862423786365654
2003-03-17,10.999921632124082
2003-03-18,0.9277082766725484
2003-03-19,7.267088159444597
2003-03-20,0.0
2003-03-21,0.0
2003-03-22,0.0
2003-03-23,0.06749938975782774
2003-03-24,0.0
2003-03-25,0.0
2003-03-26,0.41609490265901944
2003-03-27,1.3349402883793287
2003-03-28,0.0
2003-03-29,1.1370959459091206
2003-03-30,1.0237494163190943
2003-03-31,0.0
2003-04-01,0.0
2003-04-02,0.0
2003-04-03,0.0
2003-04-04,0.012213983095040211
2003-04-05,14.121634966848855
2003-04-06,0.821749371713328
2003-04-07,31.139242510846536
2003-04-08,92.5246207251233
2003-04-09,0.0
2003-04-10,0.0
2003-04-11,0.0
2003-04-12,0.0
2003-04-13,0.0
2003-04-14,0.0
2003-04-15,0.0
2003-04-16,0.0
2003-04-17,0.0
2003-04-18,0.0
2003-04-19,0.28782305445564177
2003-04-20,0.5017757243646623
2003-04-21,8.057944126740148
2003-04-22,0.0
2003-04-23,2.1027356261865457
2003-04-24,21.949838608723155
2003-04-25,7.757033926752096
2003-04-26,1.377341746172325
2003-04-27,0.0
2003-04-28,0.0
2003-04-29,0.0
2003-04-30,0.0
2003-05-01,0.0
2003-05-02,0.16945000561156484
2003-05-03,0.0
2003-05-04,0.08687691156481474
2003-05-05,0.0
2003-05-06,0.0
2003-05-07,0.0
2003-05-08,0.0
2003-05-09,0.0
2003-05-10,0.0
2003-05-11,0.0
2003-05-12,0.04567187316035927
2003-05-13,6.5366304057138525
2003-05-14,0.31552811811202197
2003-05-15,0.5509876375858392
2003-05-16,0.0
2003-05-17,0.47239928877306264
2003-05-18,4.790989739009104
2003-05-19,3.6393202291220246
2003-05-20,2.951385954365151
2003-05-21,1.5751185375108627
2003-05-22,0.27687779511890886
2003-05-23,0.0
2003-05-24,0.7096413736002871
2003-05-25,0.7264337172752833
2003-05-26,25.866775670366504
2003-05-27,0.6162825235473
2003-05-28,0.0
2003-05-29,0.0
2003-05-30,0.0
2003-05-31,0.0
2003-06-01,0.7792318297773162
2003-06-02,2.6709700342000837
2003-06-03,16.179980398832573
2003-06-04,1.6065661514808576
2003-06-05,1.3061082510527442
2003-06-06,11.951491414147835
2003-06-07,8.388768041112307
2003-06-08,0.23541751386445847
2003-06-09,0.654143305581004
2003-06-10,0.5680592165206141
2003-06-11,6.089398576043405
2003-06-12,14.978072489887538
2003-06-13,40.6818628794993
2003-06-14,26.188618093733727
2003-06-15,21.364822795713025
2003-06-16,8.442014193718316
2003-06-17,18.05274942752397
2003-06-18,0.8238820385460626
2003-06-19,3.3271477247598846
2003-06-20,4.602076706544366
2003-06-21,25.354589077114902
2003-06-22,1.2395453787884039
2003-06-23,0.06232811252775949
2003-06-24,4.228126612514597
2003-06-25,0.6860577312742674
2003-06-26,5.643216246854838
2003-06-27,39.688738505296
2003-06-28,6.220631185171183
2003-06-29,15.680911362690916
2003-06-30,97.66252457695266
2003-07-01,45.369106780818775
2003-07-02,11.59520588751783
2003-07-03,36.812604951081774
2003-07-04,15.26692027561524
2003-07-05,24.04279663468738
2003-07-06,8.938547167595313
2003-07-07,0.7162049171918623
2003-07-08,6.7812595191522735
2003-07-09,0.04392697341847675
2003-07-10,0.11983577189018656
2003-07-11,25.392874492867808
2003-07-12,0.5549591491855804
2003-07-13,0.19407238603610522
2003-07-14,0.5683313808182743
2003-07-15,0.39642572395855974
2003-07-16,0.0
2003-07-17,6.447833288439463
2003-07-18,1.5230644966195674
2003-07-19,5.012149921444879
2003-07-20,12.729694438755462
2003-07-21,0.4910422544650238
2003-07-22,1.499385853497084
2003-07-23,39.77058656111239
2003-07-24,3.1998459015167025
2003-07-25,3.119600377541374
2003-07-26,2.2314560288015364
2003-07-27,0.08445725058898224
2003-07-28,0.15354119028846708
2003-07-29,14.841780292436408
2003-07-30,16.78769455930734
2003-07-31,3.864543824359514
2003-08-01,3.842845407510689
2003-08-02,1.6624971417191015
2003-08-03,2.357115108016082
2003-08-04,0.437480112592998
2003-08-05,0.11572077094643082
2003-08-06,0.02644239579857584
2003-08-07,5.020801137581055
2003-08-08,0.0
2003-08-09,0.012945599139188434
2003-08-10,0.0
2003-08-11,0.0
2003-08-12,0.7670942898902116
2003-08-13,3.576718649244165
2003-08-14,0.4648779776022202
2003-08-15,0.06106991547520106
2003-08-16,3.017966337563708
2003-08-17,8.969415620755239
2003-08-18,0.4370733469809931
2003-08-19,3.0842766259811976
2003-08-20,15.440107727321124
2003-08-21,12.584243647838408
2003-08-22,3.822859630263473
2003-08-23,0.25150282695069504
2003-08-24,0.10299902307232829
2003-08-25,0.053444622211516725
2003-08-26,0.13895001884305389
2003-08-27,1.6319146036264465
2003-08-28,1.9769409302060061
2003-08-29,3.1117799278098945
2003-08-30,15.654830817734245
2003-08-31,6.0761279875227165
2003-09-01,4.214614141246438
2003-09-02,0.13386621150058312
2003-09-03,0.02562057212571736
2003-09-04,3.4056707869742247
2003-09-05,0.4912375060521854
2003-09-06,0.0
2003-09-07,0.0003854308402486052
2003-09-08,0.053444622211516725
2003-09-09,0.0
2003-09-10,3.900946341963814
2003-09-11,0.5830424163654988
2003-09-12,3.742197800900856
2003-09-13,42.474204935759786
2003-09-14,0.4338399978902632
2003-09-15,0.0
2003-09-16,0.0
2003-09-17,0.0
2003-09-18,0.0
2003-09-19,0.0
2003-09-20,0.025481240292715174
2003-09-21,7.421195900182086
2003-09-22,20.323359364744807
2003-09-23,0.0
2003-09-24,0.0
2003-09-25,0.0009427491527377227
2003-09-26,0.37731526330252896
2003-09-27,0.8984876895558239
2003-09-28,0.01236987447357637
2003-09-29,0.0
2003-09-30,0.0
2003-10-01,0.0
2003-10-02,0.0
2003-10-03,0.0
2003-10-04,0.0
2003-10-05,0.0
2003-10-06,0.0
2003-10-07,9.122224886093198
2003-10-08,0.013776322250190244
2003-10-09,2.9762103486276295
2003-10-10,17.621699582736312
2003-10-11,1.9416921354856833
2003-10-12,0.0
2003-10-13,0.0
2003-10-14,0.0
2003-10-15,0.0
2003-10-16,0.0
2003-10-17,0.027892000562796185
2003-10-18,0.0
2003-10-19,0.0
2003-10-20,0.0
2003-10-21,0.0
2003-10-22,0.0
2003-10-23,0.0
2003-10-24,0.0
2003-10-25,2.5706510914752982
2003-10-26,22.269009382897266
2003-10-27,0.6366549343023884
2003-10-28,0.0
2003-10-29,0.0
2003-10-30,0.0
2003-10-31,0.0
2003-11-01,0.0
2003-11-02,0.0
2003-11-03,0.0
2003-11-04,0.16491474985226398
2003-11-05,0.04552126190612866
2003-11-06,0.0
2003-11-07,0.0
2003-11-08,0.0
2003-11-09,0.0
2003-11-10,0.0
2003-11-11,0.0
2003-11-12,0.011213581952830554
2003-11-13,0.0
2003-11-14,0.0
2003-11-15,0.0
2003-11-16,0.13471321162676045
2003-11-17,0.043460467773826165
2003-11-18,26.898412511615856
2003-11-19,0.001114636624978235
2003-11-20,0.0
2003-11-21,0.0
2003-11-22,0.0
2003-11-23,0.04565899060483462
2003-11-24,8.23631912805963
2003-11-25,0.0
2003-11-26,0.0
2003-11-27,48.48788696019975
2003-11-28,2.8159105400405187
2003-11-29,0.0
2003-11-30,0.0
2003-12-01,0.0
2003-12-02,0.0
2003-12-03,0.009279229053569172
2003-12-04,0.04853609265683373
2003-12-05,0.0
2003-12-06,0.0
2003-12-07,0.0
2003-12-08,0.0
2003-12-09,1.2049541944172877
2003-12-10,4.9959963338614966
2003-12-11,0.0
2003-12-12,0.0
2003-12-13,15.518316194150888
2003-12-14,0.29741588596655916
2003-12-15,0.4604367594521937
2003-12-16,0.12814601688488086
2003-12-17,0.0
2003-12-18,0.0
2003-12-19,0.0
2003-12-20,0.0
2003-12-21,0.0
2003-12-22,1.3775885329545094
2003-12-23,11.339651533347123
2003-12-24,0.0
2003-12-25,0.0
2003-12-26,0.0
2003-12-27,0.0
2003-12-28,0.14231601981303232
2003-12-29,33.16632243929983
2003-12-30,0.0
2003-12-31,0.0
2004-01-01,0.0
2004-01-02,0.024762342405063347
2004-01-03,0.0
2004-01-04,0.2896778616759822
2004-01-05,15.29105344514393
2004-01-06,1.6439766037202042
2004-01-07,0.0005573183124891175
2004-01-08,10.407315395459456
2004-01-09,9.129458669945446
2004-01-10,0.0
2004-01-11,0.0
2004-01-12,0.0
2004-01-13,0.010880114905427335
2004-01-14,0.0
2004-01-15,0.0
2004-01-16,0.0003854308402486052
2004-01-17,10.30884722774219
2004-01-18,0.08700237742212658
2004-01-19,0.489165043732981
2004-01-20,0.0
2004-01-21,0.0
2004-01-22,0.0
2004-01-23,0.0
2004-01-24,1.350328496395005
2004-01-25,6.535810006588801
2004-01-26,0.024548799037055254
2004-01-27,0.0
2004-01-28,0.0
2004-01-29,0.0
2004-01-30,16.804600473165834
2004-01-31,0.0
2004-02-01,0.0
2004-02-02,3.1019743267082456
2004-02-03,0.10729378055604587
2004-02-04,0.09955572481903556
2004-02-05,19.32972032587867
2004-02-06,29.547688117837485
2004-02-07,0.06266251146218108
2004-02-08,0.030579485058388187
2004-02-09,0.0005573183124891175
2004-02-10,10.44723290294453
2004-02-11,35.485154821427535
2004-02-12,20.233954277729566
2004-02-13,2.108053630719425
2004-02-14,8.967076452215364
2004-02-15,0.779094181669237
2004-02-16,0.0
2004-02-17,0.5089549777125466
2004-02-18,0.0
2004-02-19,0.0
2004-02-20,0.0
2004-02-21,0.0031720224026941927
2004-02-22,0.016162231062184406
2004-02-23,52.96570394230719
2004-02-24,7.240421889563989
2004-02-25,36.91271987495379
2004-02-26,1.126523433091527
2004-02-27,0.0
2004-02-28,0.0
2004-02-29,0.760500052678285
2004-03-01,2.118319025236717
2004-03-02,0.44246365544485167
2004-03-03,0.4808293307838439
2004-03-04,0.7310339677418637
2004-03-05,2.5639406579857873
2004-03-06,13.138871434596172
2004-03-07,0.0
2004-03-08,0.0
2004-03-09,0.0
2004-03-10,0.0
2004-03-11,0.0
2004-03-12,0.0
2004-03-13,0.0
2004-03-14,5.500986502159953
2004-03-15,6.619136744589351
2004-03-16,12.792418489181292
2004-03-17,0.0
2004-03-18,0.0
2004-03-19,0.0
2004-03-20,0.0
2004-03-21,0.0
2004-03-22,0.0
2004-03-23,0.0
2004-03-24,0.0
2004-03-25,0.0
2004-03-26,0.0
2004-03-27,0.0
2004-03-28,0.0
2004-03-29,3.1406181710047787
2004-03-30,0.8040879483718468
2004-03-31,0.0
2004-04-01,0.0
2004-04-02,0.0
2004-04-03,0.0
2004-04-04,0.0
2004-04-05,0.0
2004-04-06,0.0
2004-04-07,4.46412718152518
2004-04-08,0.07423235356861153
2004-04-09,0.001114636624978235
2004-04-10,0.00222927324995647
2004-04-11,7.734011512675952
2004-04-12,1.4886639747527743
2004-04-13,0.7635724474659571
2004-04-14,0.0
2004-04-15,0.0
2004-04-16,0.0
2004-04-17,0.0
2004-04-18,0.0
2004-04-19,0.0
2004-04-20,0.7824470647961136
2004-04-21,1.637844019700116
2004-04-22,0.0
2004-04-23,0.0009427491527377227
2004-04-24,2.4951159052503504
2004-04-25,45.29556992626118
2004-04-26,22.96895368010887
2004-04-27,0.0
2004-04-28,0.0
2004-04-29,3.3033113250222037
2004-04-30,18.14579075626021
2004-05-01,12.541502913988571
2004-05-02,12.21057032985982
2004-05-03,0.0
2004-05-04,0.0
2004-05-05,0.0
2004-05-06,0.0
2004-05-07,0.0
2004-05-08,0.0
2004-05-09,0.0005573183124891175
2004-05-10,0.3773284733397477
2004-05-11,3.577550497796201
2004-05-12,68.37652954262161
2004-05-13,26.081272505251885
2004-05-14,11.681040605435511
2004-05-15,77.01784950450804
2004-05-16,8.200497626653721
2004-05-17,9.604561565678589
2004-05-18,12.568455958959836
2004-05-19,0.5686233235573883
2004-05-20,0.026606184814771214
2004-05-21,0.0
2004-05-22,0.0
2004-05-23,0.5843062793340326
2004-05-24,0.048925710601869996
2004-05-25,0.0
2004-05-26,0.0
2004-05-27,0.0
2004-05-28,0.0
2004-05-29,0.12484333971960308
2004-05-30,9.960553661397492
2004-05-31,2.6315436883135646
2004-06-01,23.35180340880999
2004-06-02,9.269869834637527
2004-06-03,13.04669946308385
2004-06-04,0.27599061308148976
2004-06-05,4.447784006612971
2004-06-06,12.047168193673357
2004-06-07,13.234692453109677
2004-06-08,1.680486133195879
2004-06-09,0.0
2004-06-10,0.6622910403323713
2004-06-11,0.07527371166694792
2004-06-12,0.00372934071518331
2004-06-13,0.16466773134155588
2004-06-14,9.22951393510675
2004-06-15,4.39951464669907
2004-06-16,2.319251727385639
2004-06-17,6.80140447083442
2004-06-18,1.5161370985851181
2004-06-19,2.5810822975263674
2004-06-20,16.369402894768825
2004-06-21,1.7134006942236704
2004-06-22,12.657257300538438
2004-06-23,8.091813620536561
2004-06-24,33.092163415742256
2004-06-25,60.09419508257911
2004-06-26,20.886242186798697
2004-06-27,40.043086943479565
2004-06-28,4.373317877236157
2004-06-29,5.100609136408402
2004-06-30,4.62999971358296
2004-07-01,12.831174989374558
2004-07-02,10.874366007482363
2004-07-03,2.044381947387874
2004-07-04,1.6973159061222312
2004-07-05,2.8657350814138
2004-07-06,0.5438452439432114
2004-07-07,4.708388618584601
2004-07-08,5.120825704929148
2004-07-09,5.935617321098856
2004-07-10,13.667792090750893
2004-07-11,1.6513979649622712
2004-07-12,0.544316665616099
2004-07-13,0.07674599925545454
2004-07-14,0.0
2004-07-15,0.0003854308402486052
2004-07-16,1.3227751476895344
2004-07-17,1.58228216095754
2004-07-18,7.165750081840294
2004-07-19,0.0
2004-07-20,0.0
2004-07-21,0.025608413910751044
2004-07-22,0.04478568210000072
2004-07-23,1.8547509268368674
2004-07-24,0.12319255598368452
2004-07-25,1.2151472742776848
2004-07-26,10.652769621770155
2004-07-27,1.2148133223701583
2004-07-28,0.0
2004-07-29,0.13793818928690219
2004-07-30,0.3325732052062354
2004-07-31,2.451685181707114
2004-08-01,0.5919578760522033
2004-08-02,0.300529714282274
2004-08-03,0.0
2004-08-04,0.0
2004-08-05,3.3124586194677295
2004-08-06,5.376966139392868
2004-08-07,0.02632575005638867
2004-08-08,0.12970655462256508
2004-08-09,12.061337296307185
2004-08-10,13.863817552892671
2004-08-11,12.503330225557246
2004-08-12,8.23668778542109
2004-08-13,0.0
2004-08-14,0.0
2004-08-15,0.0
2004-08-16,0.0
2004-08-17,0.0
2004-08-18,0.0
2004-08-19,0.0031720224026941927
2004-08-20,18.260433888699982
2004-08-21,11.103329016629587
2004-08-22,3.267031261291951
2004-08-23,1.712653659676354
2004-08-24,0.7753898031815926
2004-08-25,0.44360043411297106
2004-08-26,0.0628854308402486
2004-08-27,7.25589825358456
2004-08-28,5.054105558130746
2004-08-29,5.265106097333036
2004-08-30,1.5004877371550955
2004-08-31,0.0
2004-09-01,0.024376911564814745
2004-09-02,0.0
2004-09-03,15.336861268743755
2004-09-04,1.8975924446041423
2004-09-05,0.010880114905427335
2004-09-06,0.0
2004-09-07,0.0
2004-09-08,0.0
2004-09-09,0.0
2004-09-10,0.0
2004-09-11,0.001114636624978235
2004-09-12,1.4238704657515504
2004-09-13,0.410652478094319
2004-09-14,0.07214214254115127
2004-09-15,0.06194268168751088
2004-09-16,0.5355784081901485
2004-09-17,0.0
2004-09-18,0.0
2004-09-19,0.0
2004-09-20,0.0
2004-09-21,0.0027865915624455872
2004-09-22,0.0
2004-09-23,5.41334449472789
2004-09-24,0.02605696495832724
2004-09-25,0.0
2004-09-26,0.0
2004-09-27,0.0
2004-09-28,0.0
2004-09-29,0.0
2004-09-30,0.0
2004-10-01,0.0
2004-10-02,0.0
2004-10-03,1.5149385632172698
2004-10-04,10.506224799637641
2004-10-05,10.118146904768345
2004-10-06,2.6419407668912704
2004-10-07,5.773033523881649
2004-10-08,25.228201035496394
2004-10-09,33.213617882452695
2004-10-10,34.69778885058256
2004-10-11,9.487453852568718
2004-10-12,0.1648117314341529
2004-10-13,0.0
2004-10-14,1.628160934731578
2004-10-15,0.0
2004-10-16,0.0
2004-10-17,0.001114636624978235
2004-10-18,1.6099994413826328
2004-10-19,1.845243648541247
2004-10-20,0.03520506267739669
2004-10-21,0.0
2004-10-22,0.0
2004-10-23,0.10678842603640214
2004-10-24,0.9995387331361271
2004-10-25,1.346408486252408
2004-10-26,0.0
2004-10-27,0.0
2004-10-28,0.0
2004-10-29,0.0
2004-10-30,0.0
2004-10-31,13.372831481941812
2004-11-01,6.122898496777721
2004-11-02,50.27404076981543
2004-11-03,20.166673965229457
2004-11-04,0.8948595769572344
2004-11-05,1.1182466087323815
2004-11-06,0.0
2004-11-07,0.0
2004-11-08,0.0
2004-11-09,0.03693707986375457
2004-11-10,5.883861775993349
2004-11-11,4.225655507221496
2004-11-12,0.7831355431593029
2004-11-13,0.12887650139372464
2004-11-14,0.0
2004-11-15,0.0
2004-11-16,0.0
2004-11-17,0.034301608792743056
2004-11-18,3.6493341502172183
2004-11-19,0.27348481895962456
2004-11-20,35.731242750753665
2004-11-21,5.570199270291179
2004-11-22,0.6730811711956671
2004-11-23,2.071567628636354
2004-11-24,26.89302123260293
2004-11-25,0.003901228187423822
2004-11-26,0.00891709299982588
2004-11-27,26.408502502413363
2004-11-28,0.0
2004-11-29,0.10439861152863307
2004-11-30,21.228376417618087
2004-12-01,6.256537844493659
2004-12-02,0.0
2004-12-03,0.0
2004-12-04,1.609840325647711
2004-12-05,2.4062217837247917
2004-12-06,3.739891945834886
2004-12-07,18.21769424830845
2004-12-08,0.18881916798148707
2004-12-09,8.666031978443415
2004-12-10,0.0
2004-12-11,0.0
2004-12-12,0.0
2004-12-13,0.0
2004-12-14,0.0
2004-12-15,0.0
2004-12-16,0.0
2004-12-17,0.0749402446195447
2004-12-18,0.0
2004-12-19,0.9475718180255666
2004-12-20,1.0317853694333308
2004-12-21,0.0
2004-12-22,25.400040478892333
2004-12-23,5.8989245263925705
2004-12-24,0.0
2004-12-25,0.7665702419041954
2004-12-26,0.10271744049475179
2004-12-27,0.0
2004-12-28,0.0
2004-12-29,0.0
2004-12-30,0.0009427491527377227
2004-12-31,0.16412198848555604
2005-01-01,0.3734345313153057
2005-01-02,0.0
2005-01-03,0.0
2005-01-04,0.0
2005-01-05,1.2082233511472507
2005-01-06,2.107330560743267
2005-01-07,3.276355469081077
2005-01-08,27.63124441197367
2005-01-09,1.015173355744729
2005-01-10,0.09250382221305127
2005-01-11,0.5391602830745017
2005-01-12,6.427368686833934
2005-01-13,43.736280269092525
2005-01-14,0.7727827573948742
2005-01-15,0.0
2005-01-16,0.0
2005-01-17,0.0
2005-01-18,0.0
2005-01-19,0.0
2005-01-20,0.0
2005-01-21,0.0
2005-01-22,0.09622392352733207
2005-01-23,0.0
2005-01-24,0.0
2005-01-25,0.0
2005-01-26,0.0
2005-01-27,0.0
2005-01-28,6.93111641303546
2005-01-29,7.421793948841366
2005-01-30,0.0
2005-01-31,11.254940975935849
2005-02-01,52.57378555903592
2005-02-02,14.276053942005378
2005-02-03,0.0
2005-02-04,0.0
2005-02-05,0.0
2005-02-06,0.2012246365998289
2005-02-07,0.5569328486910565
2005-02-08,5.7858567759184005
2005-02-09,6.292647815246046
2005-02-10,0.05106256678208355
2005-02-11,0.0010004011422096574
2005-02-12,0.0
2005-02-13,11.241933924517907
2005-02-14,10.161871650951925
2005-02-15,0.0
2005-02-16,0.0
2005-02-17,0.0
2005-02-18,0.0
2005-02-19,0.0
2005-02-20,0.9152743034468948
2005-02-21,0.7906539371737229
2005-02-22,0.0
2005-02-23,9.104120374510284
2005-02-24,11.59223843133087
2005-02-25,5.638811682374986
2005-02-26,0.0016719549374673525
2005-02-27,3.593833136812854
2005-02-28,0.004335071616241849
2005-03-01,0.0027865915624455872
2005-03-02,0.1690395472132027
2005-03-03,7.898157403522358
2005-03-04,0.0
2005-03-05,0.0
2005-03-06,0.01783418599965176
2005-03-07,8.22088634084874
2005-03-08,1.8737386917494616
2005-03-09,0.1267527862635932
2005-03-10,0.16197847399843596
2005-03-11,0.001114636624978235
2005-03-12,0.0
2005-03-13,0.0041309684675221985
2005-03-14,2.3743468494863533
2005-03-15,13.145824758142858
2005-03-16,6.714346750078571
2005-03-17,0.0
2005-03-18,0.0
2005-03-19,0.0
2005-03-20,2.0896361346381442
2005-03-21,0.09106698070292553
2005-03-22,4.233546196242777
2005-03-23,0.0
2005-03-24,0.0
2005-03-25,0.0
2005-03-26,0.9222648563528797
2005-03-27,2.4433543986811497
2005-03-28,0.24186058651119008
2005-03-29,0.00222927324995647
2005-03-30,2.1485983013856345
2005-03-31,16.114925966585393
2005-04-01,44.71330748016967
2005-04-02,0.0
2005-04-03,0.0
2005-04-04,0.03543307018588684
2005-04-05,0.34069483234857784
2005-04-06,29.72263913540054
2005-04-07,0.04105634138481741
2005-04-08,0.0
2005-04-09,0.0
2005-04-10,0.0
2005-04-11,16.890700980872236
2005-04-12,32.074638333897354
2005-04-13,0.0
2005-04-14,0.0
2005-04-15,0.0
2005-04-16,0.0
2005-04-17,0.0
2005-04-18,0.0322442230150271
2005-04-19,0.11748200489211881
2005-04-20,0.0
2005-04-21,0.003901228187423822
2005-04-22,0.04431004363104186
2005-04-23,1.8265012632682653
2005-04-24,0.0
2005-04-25,6.416387231872362
2005-04-26,8.329252838715268
2005-04-27,0.0
2005-04-28,0.0
2005-04-29,0.0
2005-04-30,33.52287156992329
2005-05-01,0.0
2005-05-02,0.0
2005-05-03,0.0
2005-05-04,0.024376911564814745
2005-05-05,0.0
2005-05-06,0.0
2005-05-07,0.0
2005-05-08,0.0041309684675221985
2005-05-09,1.8179113894214567
2005-05-10,0.0
2005-05-11,0.0
2005-05-12,0.041173207105775475
2005-05-13,2.214202228121443
2005-05-14,1.318159698844819
2005-05-15,3.6862510351327282
2005-05-16,0.0
2005-05-17,0.04049902307232829
2005-05-18,0.04049902307232829
2005-05-19,0.0
2005-05-20,0.0
2005-05-21,0.3807625689040206
2005-05-22,0.0
2005-05-23,0.0
2005-05-24,0.43473294554591524
2005-05-25,0.6340056768712301
2005-05-26,0.0
2005-05-27,0.001114636624978235
2005-05-28,0.05875078767416261
2005-05-29,26.571827893554886
2005-05-30,33.26794283742468
2005-05-31,18.661893354890182
2005-06-01,0.9337148455709557
2005-06-02,0.30601741298398827
2005-06-03,0.10525730919171684
2005-06-04,0.0
2005-06-05,3.573924567092544
2005-06-06,8.791150692434588
2005-06-07,2.502335552053778
2005-06-08,11.846733546473702
2005-06-09,6.470153645387485
2005-06-10,0.4754360533866448
2005-06-11,0.0003854308402486052
2005-06-12,0.06713186597934731
2005-06-13,2.1309360945647984
2005-06-14,0.9060677953186371
2005-06-15,1.133133093145742
2005-06-16,0.09043186688835889
2005-06-17,11.516524191308426
2005-06-18,22.190375968078985
2005-06-19,0.0
2005-06-20,0.0
2005-06-21,0.9745165366638414
2005-06-22,0.9406070158481536
2005-06-23,6.530267946169626
2005-06-24,0.5456517804008345
2005-06-25,0.4938726014236383
2005-06-26,0.07100643607452332
2005-06-27,0.0020470778806381523
2005-06-28,0.12081288063484476
2005-06-29,3.1210342081895814
2005-06-30,3.52819090739491
2005-07-01,8.562098412031055
2005-07-02,3.8255022605903872
2005-07-03,4.2132723654245625
2005-07-04,8.029576332572654
2005-07-05,5.0674725050562435
2005-07-06,27.41608349194284
2005-07-07,0.06232811252775949
2005-07-08,8.396388407475577
2005-07-09,5.213921078042022
2005-07-10,2.420329285867221
2005-07-11,0.7223245829196263
2005-07-12,7.461022105263782
2005-07-13,2.54485332357313
2005-07-14,22.737067479456815
2005-07-15,8.068096294985788
2005-07-16,6.321894530448542
2005-07-17,1.8597918686441015
2005-07-18,0.5143069544367894
2005-07-19,0.5626042050943707
2005-07-20,0.5497501922540351
2005-07-21,6.449721177795217
2005-07-22,13.098733753226055
2005-07-23,3.4057891233644253
2005-07-24,6.790478618188669
2005-07-25,0.681232557779897
2005-07-26,0.4015827815015053
2005-07-27,18.861154412080587
2005-07-28,5.126273396552039
2005-07-29,2.574389524890116
2005-07-30,2.7746547195953073
2005-07-31,9.830136165907502
2005-08-01,8.038582911493357
2005-08-02,6.368057782065962
2005-08-03,4.5237586851187555
2005-08-04,17.29697801373771
2005-08-05,2.7824044300630715
2005-08-06,2.2728388869381853
2005-08-07,0.9136102078750709
2005-08-08,0.014881719474265965
2005-08-09,0.13144378289733766
2005-08-10,0.16245003354808868
2005-08-11,0.1593246007184051
2005-08-12,2.511845412223461
2005-08-13,0.15014777324531195
2005-08-14,0.05667458040164947
2005-08-15,2.233472309556741
2005-08-16,1.3594055884576277
2005-08-17,0.6205205166110322
2005-08-18,2.9364382465738204
2005-08-19,0.16571482522057918
2005-08-20,0.31537836629612764
2005-08-21,13.926531350026083
2005-08-22,2.2270337133219837
2005-08-23,18.49985624611591
2005-08-24,0.0005573183124891175
2005-08-25,0.02699971411106496
2005-08-26,2.5792511114041266
2005-08-27,0.27765259949958854
2005-08-28,1.148266522256012
2005-08-29,147.95553978234204
2005-08-30,0.651278400942316
2005-08-31,0.06148688070129395
2005-09-01,0.5031210232596628
2005-09-02,0.0
2005-09-03,0.0
2005-09-04,0.0
2005-09-05,8.21561170509154
2005-09-06,0.0
2005-09-07,0.0
2005-09-08,0.0
2005-09-09,0.0
2005-09-10,0.0
2005-09-11,0.0
2005-09-12,0.0
2005-09-13,0.0
2005-09-14,0.0
2005-09-15,0.0
2005-09-16,1.5297606860936295
2005-09-17,2.1386359702851396
2005-09-18,0.02543652643851053
2005-09-19,0.0
2005-09-20,0.0
2005-09-21,0.001114636624978235
2005-09-22,6.4596441747218085
2005-09-23,18.716442810386404
2005-09-24,25.887049788249215
2005-09-25,3.1023806057537318
2005-09-26,0.0
2005-09-27,0.0
2005-09-28,0.0
2005-09-29,0.0
2005-09-30,0.0
2005-10-01,0.12813826853246024
2005-10-02,0.0
2005-10-03,0.0
2005-10-04,0.0
2005-10-05,0.0
2005-10-06,0.0
2005-10-07,0.0
2005-10-08,0.0
2005-10-09,0.0
2005-10-10,0.0
2005-10-11,0.0
2005-10-12,0.0
2005-10-13,0.0
2005-10-14,0.0
2005-10-15,0.0
2005-10-16,0.0
2005-10-17,0.0
2005-10-18,0.0
2005-10-19,0.0
2005-10-20,0.0
2005-10-21,0.0
2005-10-22,0.0
2005-10-23,0.0
2005-10-24,0.0
2005-10-25,0.0
2005-10-26,0.0
2005-10-27,0.0
2005-10-28,0.0
2005-10-29,0.0
2005-10-30,0.0
2005-10-31,0.0
2005-11-01,1.5158442047498466
2005-11-02,0.0
2005-11-03,0.0
2005-11-04,0.0005573183124891175
2005-11-05,0.6016108315835322
2005-11-06,0.044364368051570735
2005-11-07,0.0
2005-11-08,0.0
2005-11-09,0.0
2005-11-10,0.1436708333749239
2005-11-11,0.0
2005-11-12,0.0
2005-11-13,0.43733956736645635
2005-11-14,0.49759736461071896
2005-11-15,0.26763839416764074
2005-11-16,11.334299933443784
2005-11-17,0.0
2005-11-18,0.0
2005-11-19,0.0
2005-11-20,0.34351894511272557
2005-11-21,5.909809955111428
2005-11-22,0.0
2005-11-23,0.0
2005-11-24,0.1757810635275257
2005-11-25,0.07828864446011033
2005-11-26,1.6011319020624963
2005-11-27,32.943179410395565
2005-11-28,1.0461881714775925
2005-11-29,0.0
2005-11-30,0.0
2005-12-01,0.0
2005-12-02,0.0
2005-12-03,0.06232811252775949
2005-12-04,4.461423568860864
2005-12-05,52.19397015485142
2005-12-06,0.3320444449356177
2005-12-07,0.4210905699879606
2005-12-08,4.481601011875512
2005-12-09,0.2634628935039149
2005-12-10,0.0
2005-12-11,0.0
2005-12-12,0.0
2005-12-13,0.0
2005-12-14,4.792077117183107
2005-12-15,31.90672221846213
2005-12-16,0.008164592428590935
2005-12-17,0.8349333519786923
2005-12-18,0.6119313496020385
2005-12-19,0.0
2005-12-20,0.0
2005-12-21,0.0
2005-12-22,0.0
2005-12-23,0.0
2005-12-24,11.724403355928574
2005-12-25,1.749977253697797
2005-12-26,0.033008614677184536
2005-12-27,0.0
2005-12-28,0.002614704090205075
2005-12-29,0.0
2005-12-30,0.0020654842337610993
2005-12-31,0.4406215702325863
2006-01-01,0.40149419202337255
2006-01-02,0.10631770686220905
2006-01-03,0.0
2006-01-04,0.0
2006-01-05,0.0
2006-01-06,0.0
2006-01-07,0.0
2006-01-08,0.0
2006-01-09,0.0
2006-01-10,0.08939044804233887
2006-01-11,0.0
2006-01-12,0.34482916343928427
2006-01-13,12.668955713557137
2006-01-14,0.0
2006-01-15,0.0
2006-01-16,0.5587528792763901
2006-01-17,17.752228977360957
2006-01-18,0.0
2006-01-19,0.0
2006-01-20,0.4036915065312742
2006-01-21,5.44430384265766
2006-01-22,5.014555109553235
2006-01-23,10.503259608715226
2006-01-24,0.0
2006-01-25,0.0
2006-01-26,0.0
2006-01-27,0.0
2006-01-28,0.07849507366981388
2006-01-29,15.429550407762479
2006-01-30,0.04256450730608939
2006-01-31,0.0
2006-02-01,0.0
2006-02-02,28.483052786102352
2006-02-03,0.0
2006-02-04,0.5437560345559316
2006-02-05,0.0
2006-02-06,4.74108657141161
2006-02-07,0.8665158511097528
2006-02-08,0.0
2006-02-09,0.0
2006-02-10,5.321822759351781
2006-02-11,28.765821055397
2006-02-12,0.0
2006-02-13,0.0
2006-02-14,0.0
2006-02-15,0.0
2006-02-16,0.0
2006-02-17,0.9324382915044844
2006-02-18,2.2402031131194398
2006-02-19,0.597999621272223
2006-02-20,0.27160387468274655
2006-02-21,0.0376742345267658
2006-02-22,0.19985001276001682
2006-02-23,0.0003854308402486052
2006-02-24,2.349578945742988
2006-02-25,48.96210564512026
2006-02-26,6.290549480849164
2006-02-27,0.17131836980372817
2006-02-28,0.0
2006-03-01,0.0
2006-03-02,0.0
2006-03-03,0.0
2006-03-04,0.0
2006-03-05,0.0
2006-03-06,0.0003854308402486052
2006-03-07,0.0
2006-03-08,0.0
2006-03-09,2.749385426313132
2006-03-10,2.8181900190083033
2006-03-11,0.2385806274194564
2006-03-12,0.08925284620195778
2006-03-13,2.8462458922494336
2006-03-14,2.16027072307398
2006-03-15,0.0
2006-03-16,0.9392507727655305
2006-03-17,1.5143581175888157
2006-03-18,0.2021020572743062
2006-03-19,0.47342707332316164
2006-03-20,8.123285551229014
2006-03-21,3.1630479470608357
2006-03-22,0.045820570179997334
2006-03-23,0.47897831098168564
2006-03-24,0.7682063915426294
2006-03-25,0.0
2006-03-26,0.0
2006-03-27,0.0
2006-03-28,0.11361453057492893
2006-03-29,0.09636968398639201
2006-03-30,0.0628854308402486
2006-03-31,0.9204350788845901
2006-04-01,0.012945599139188434
2006-04-02,0.0
2006-04-03,0.0
2006-04-04,0.0
2006-04-05,0.0
2006-04-06,0.0
2006-04-07,0.01744382148216011
2006-04-08,5.389104696681788
2006-04-09,0.0
2006-04-10,0.0
2006-04-11,0.0
2006-04-12,0.0
2006-04-13,0.0
2006-04-14,0.0
2006-04-15,0.0
2006-04-16,0.0
2006-04-17,0.0
2006-04-18,0.0
2006-04-19,0.0
2006-04-20,0.0
2006-04-21,8.110633280812205
2006-04-22,1.6705694480316238
2006-04-23,0.0
2006-04-24,0.0
2006-04-25,42.21118265495606
2006-04-26,25.92561478570896
2006-04-27,0.0003854308402486052
2006-04-28,0.0
2006-04-29,1.700538594628288
2006-04-30,78.22805824041163
2006-05-01,0.4656526642903572
2006-05-02,0.7394723512481788
2006-05-03,0.0
2006-05-04,0.001114636624978235
2006-05-05,0.42962612019430674
2006-05-06,3.944050530277393
2006-05-07,34.29624547141327
2006-05-08,13.135384897789564
2006-05-09,6.49961213788729
2006-05-10,0.038590628448098976
2006-05-11,0.10909813126715813
2006-05-12,0.0
2006-05-13,0.0
2006-05-14,0.0005573183124891175
2006-05-15,0.0
2006-05-16,0.0
2006-05-17,0.0
2006-05-18,0.0
2006-05-19,0.0
2006-05-20,0.0
2006-05-21,0.0
2006-05-22,0.0
2006-05-23,0.02605696495832724
2006-05-24,0.013502917451677553
2006-05-25,0.0020654842337610993
2006-05-26,0.0
2006-05-27,0.5381273314609947
2006-05-28,0.17779017381337078
2006-05-29,0.5668625160155856
2006-05-30,0.6945620855949036
2006-05-31,0.015011083372949534
2006-06-01,3.62723526294231
2006-06-02,0.5060632713518548
2006-06-03,0.08993910425193659
2006-06-04,0.0
2006-06-05,0.0
2006-06-06,0.0
2006-06-07,1.4165559100532517
2006-06-08,0.0
2006-06-09,0.0
2006-06-10,0.0
2006-06-11,0.0
2006-06-12,0.31353878197726476
2006-06-13,1.1126527874839294
2006-06-14,0.2148742894962624
2006-06-15,0.0
2006-06-16,0.7262624662886044
2006-06-17,0.12560567361492028
2006-06-18,4.147688795793336
2006-06-19,1.7675118457242014
2006-06-20,15.627989152714585
2006-06-21,0.0
2006-06-22,0.36822608488857206
2006-06-23,0.9391384733592182
2006-06-24,4.334122565711411
2006-06-25,0.16426456481041227
2006-06-26,0.0
2006-06-27,0.0
2006-06-28,0.035590493517645296
2006-06-29,0.0
2006-06-30,0.0
2006-07-01,1.0076055224766336
2006-07-02,17.46890259832754
2006-07-03,2.5175281876799183
2006-07-04,8.016708143875187
2006-07-05,12.200716344008228
2006-07-06,18.64758083853004
2006-07-07,7.659598380631427
2006-07-08,9.579800263833567
2006-07-09,6.997950937630025
2006-07-10,10.393791756514604
2006-07-11,0.0
2006-07-12,0.0
2006-07-13,0.5054871823951577
2006-07-14,0.5051616720267016
2006-07-15,1.2732266504699834
2006-07-16,6.267707139386204
2006-07-17,0.413547721130547
2006-07-18,0.08099804614465658
2006-07-19,9.713607808916867
2006-07-20,0.3163160498428648
2006-07-21,10.736765364698467
2006-07-22,6.738833290101784
2006-07-23,18.57171202295509
2006-07-24,3.6870812421809442
2006-07-25,1.4675986525649707
2006-07-26,0.2604075856355279
2006-07-27,0.5593449133786942
2006-07-28,0.13654127792153486
2006-07-29,18.38373141882616
2006-07-30,8.383416773322308
2006-07-31,4.325919248340902
2006-08-01,0.3780659976080476
2006-08-02,0.0
2006-08-03,0.0
2006-08-04,1.7794303010892185
2006-08-05,9.546987807034629
2006-08-06,2.715470674907366
2006-08-07,18.787996147569512
2006-08-08,0.8509635975822443
2006-08-09,17.88708064305082
2006-08-10,15.238153617276225
2006-08-11,0.0
2006-08-12,0.12360293228004086
2006-08-13,0.1252135433680081
2006-08-14,0.06232811252775949
2006-08-15,0.14009768251124557
2006-08-16,4.659268960813125
2006-08-17,1.6375142444152329
2006-08-18,0.3630295746503591
2006-08-19,0.19852017132275865
2006-08-20,0.0
2006-08-21,3.2124532690106724
2006-08-22,20.841396026284293
2006-08-23,5.87049891398392
2006-08-24,49.56155661275282
2006-08-25,6.718747790266442
2006-08-26,9.444463535349314
2006-08-27,6.795833767931168
2006-08-28,0.7480042228556283
2006-08-29,1.7651473225833068
2006-08-30,1.8327552014148092
2006-08-31,0.0
2006-09-01,0.0
2006-09-02,0.0
2006-09-03,0.0
2006-09-04,0.0
2006-09-05,0.0
2006-09-06,0.0
2006-09-07,0.0
2006-09-08,0.0
2006-09-09,0.9074455077344988
2006-09-10,4.049961123179123
2006-09-11,4.968661630208113
2006-09-12,13.793233306296278
2006-09-13,2.0975332017274195
2006-09-14,0.8521303490892104
2006-09-15,0.8935257087676215
2006-09-16,0.0
2006-09-17,14.42512004901659
2006-09-18,22.18315039101453
2006-09-19,2.1363911582555017
2006-09-20,0.0005573183124891175
2006-09-21,0.3474561199374932
2006-09-22,1.599304946826279
2006-09-23,2.875725139005209
2006-09-24,9.299488128209484
2006-09-25,1.008266227154881
2006-09-26,0.00222927324995647
2006-09-27,0.0
2006-09-28,0.04049902307232829
2006-09-29,0.0
2006-09-30,3.286018026890523
2006-10-01,0.0
2006-10-02,0.0
2006-10-03,0.1438586499526526
2006-10-04,0.0016719549374673525
2006-10-05,0.0
2006-10-06,0.0
2006-10-07,0.0
2006-10-08,0.0
2006-10-09,0.0
2006-10-10,0.036188735535923874
2006-10-11,0.633036716750648
2006-10-12,0.0
2006-10-13,2.67746073946633
2006-10-14,0.0
2006-10-15,1.3915344937450378
2006-10-16,17.04045886285669
2006-10-17,31.548704431655032
2006-10-18,3.528234750256042
2006-10-19,7.484352205528687
2006-10-20,0.0
2006-10-21,8.685629092400806
2006-10-22,23.018848530441648
2006-10-23,0.0
2006-10-24,0.0
2006-10-25,0.0
2006-10-26,11.436767920840085
2006-10-27,71.62464363707264
2006-10-28,0.0
2006-10-29,0.0
2006-10-30,0.0
2006-10-31,0.06232811252775949
2006-11-01,0.011770900265319672
2006-11-02,0.3568568770723619
2006-11-03,0.0
2006-11-04,0.0
2006-11-05,0.025891198278376867
2006-11-06,19.237630175791963
2006-11-07,13.205665978390405
2006-11-08,0.0
2006-11-09,0.0
2006-11-10,0.0003854308402486052
2006-11-11,0.6832057705238376
2006-11-12,0.0
2006-11-13,10.782678895215815
2006-11-14,13.242172824339594
2006-11-15,42.824327802123285
2006-11-16,0.0
2006-11-17,0.0
2006-11-18,0.0
2006-11-19,0.0
2006-11-20,0.0
2006-11-21,0.0
2006-11-22,0.0
2006-11-23,0.0
2006-11-24,0.056530926951131585
2006-11-25,0.008721910741080054
2006-11-26,0.0
2006-11-27,0.0
2006-11-28,0.0
2006-11-29,0.0003854308402486052
2006-11-30,9.570601232350795
2006-12-01,8.192163657153353
2006-12-02,0.0
2006-12-03,0.0
2006-12-04,0.0
2006-12-05,0.0
2006-12-06,0.0
2006-12-07,0.45228337150968695
2006-12-08,0.0
2006-12-09,0.09440160607935952
2006-12-10,0.33159543993805574
2006-12-11,0.0
2006-12-12,8.66996371917824
2006-12-13,0.12057397588898812
2006-12-14,0.0
2006-12-15,0.0
2006-12-16,0.0
2006-12-17,0.0
2006-12-18,0.2000167941115496
2006-12-19,0.0
2006-12-20,14.571193021024657
2006-12-21,55.48388312873589
2006-12-22,41.25338471944723
2006-12-23,0.01612211150751355
2006-12-24,8.921835868399631
2006-12-25,5.201149106849839
2006-12-26,0.0
2006-12-27,0.0
2006-12-28,0.5409573839932357
2006-12-29,1.055244401732567
2006-12-30,54.363804808165156
2006-12-31,24.7508374446033
2007-01-01,0.0
2007-01-02,0.0
2007-01-03,0.0
2007-01-04,6.016859633045581
2007-01-05,28.52624438043558
2007-01-06,0.7750589450668108
2007-01-07,16.335320973099588
2007-01-08,0.0
2007-01-09,0.0
2007-01-10,0.0
2007-01-11,0.0
2007-01-12,0.0
2007-01-13,0.0
2007-01-14,0.0
2007-01-15,5.6220158519487144
2007-01-16,6.6711808894099605
2007-01-17,0.049292305759860794
2007-01-18,3.5167578732648694
2007-01-19,8.289751523800357
2007-01-20,0.17161448116980316
2007-01-21,14.011523302896467
2007-01-22,18.886879608830224
2007-01-23,0.012945599139188434
2007-01-24,2.2372015516910126
2007-01-25,0.011213581952830554
2007-01-26,0.0
2007-01-27,16.086869675911142
2007-01-28,3.3735876491184213
2007-01-29,0.0
2007-01-30,0.2874183223309053
2007-01-31,0.08124948412247993
2007-02-01,13.8610584846138
2007-02-02,0.02699971411106496
2007-02-03,0.0
2007-02-04,0.0
2007-02-05,0.0
2007-02-06,0.0
2007-02-07,0.0
2007-02-08,0.0
2007-02-09,0.15934442269732407
2007-02-10,0.3771363012116078
2007-02-11,0.0
2007-02-12,0.03487159562999347
2007-02-13,17.64469694663241
2007-02-14,0.0
2007-02-15,0.0
2007-02-16,0.0
2007-02-17,0.0
2007-02-18,0.0
2007-02-19,0.0
2007-02-20,0.5671765396113698
2007-02-21,9.138647232837428
2007-02-22,0.0
2007-02-23,0.0
2007-02-24,0.08432517810417371
2007-02-25,3.718045949363021
2007-02-26,0.17875037715048242
2007-02-27,0.0
2007-02-28,0.0
2007-03-01,7.742798423828549
2007-03-02,0.0
2007-03-03,0.0
2007-03-04,0.0
2007-03-05,0.0
2007-03-06,0.0
2007-03-07,0.0
2007-03-08,0.0
2007-03-09,0.0
2007-03-10,0.0
2007-03-11,0.0
2007-03-12,0.0
2007-03-13,1.6711566690257231
2007-03-14,4.522622432654287
2007-03-15,29.728655865104724
2007-03-16,0.0005573183124891175
2007-03-17,0.0
2007-03-18,0.0
2007-03-19,0.0
2007-03-20,0.0
2007-03-21,0.0003854308402486052
2007-03-22,0.0
2007-03-23,0.0
2007-03-24,0.0
2007-03-25,0.0
2007-03-26,0.0
2007-03-27,0.13500291221080035
2007-03-28,0.04701495534995719
2007-03-29,0.0
2007-03-30,0.015011083372949534
2007-03-31,7.4491276059867
2007-04-01,4.912550030622137
2007-04-02,0.09283873794157115
2007-04-03,1.2101375635566642
2007-04-04,2.010564972352912
2007-04-05,0.11603813556730626
2007-04-06,0.0
2007-04-07,0.8326635659230087
2007-04-08,2.3039398964672566
2007-04-09,0.0
2007-04-10,26.831788668910125
2007-04-11,0.0408844539125769
2007-04-12,0.0
2007-04-13,0.0
2007-04-14,21.08051710161418
2007-04-15,0.0
2007-04-16,0.0
2007-04-17,0.0
2007-04-18,7.250151298639135
2007-04-19,0.0
2007-04-20,0.0
2007-04-21,0.0
2007-04-22,0.0003854308402486052
2007-04-23,0.1033844539125769
2007-04-24,1.0030075864187928
2007-04-25,0.6891210422843163
2007-04-26,40.22854831250096
2007-04-27,0.0
2007-04-28,0.0
2007-04-29,0.0
2007-04-30,0.0
2007-05-01,0.0
2007-05-02,0.0003854308402486052
2007-05-03,17.744752082692695
2007-05-04,44.804797253488445
2007-05-05,7.775229941898052
2007-05-06,0.0
2007-05-07,0.05227082309567475
2007-05-08,0.0
2007-05-09,0.0
2007-05-10,0.0
2007-05-11,0.6989412765571205
2007-05-12,0.2492819154292489
2007-05-13,1.6969302941602773
2007-05-14,2.410592447633141
2007-05-15,2.134223595096297
2007-05-16,19.31675157904428
2007-05-17,0.0
2007-05-18,0.0
2007-05-19,0.0
2007-05-20,0.0
2007-05-21,0.0
2007-05-22,0.0020654842337610993
2007-05-23,13.946686509513016
2007-05-24,0.5588941799973984
2007-05-25,0.2380216085131048
2007-05-26,0.0
2007-05-27,0.0011562925207458156
2007-05-28,0.0003854308402486052
2007-05-29,5.3307697211978295
2007-05-30,41.20916342784069
2007-05-31,5.164010822077173
2007-06-01,0.0
2007-06-02,0.0843567230209166
2007-06-03,2.5540727329297557
2007-06-04,2.2195005771708605
2007-06-05,0.20492581588823414
2007-06-06,0.13651823270757568
2007-06-07,0.6819921810901687
2007-06-08,0.3098250733084714
2007-06-09,5.622585993482915
2007-06-10,3.581930067236964
2007-06-11,18.794969950983752
2007-06-12,0.33786203729731634
2007-06-13,6.007401605130019
2007-06-14,0.3752938470766121
2007-06-15,0.0
2007-06-16,0.010802591305301324
2007-06-17,0.003901228187423822
2007-06-18,6.466190763030331
2007-06-19,32.65744539569744
2007-06-20,10.398120205560739
2007-06-21,0.0
2007-06-22,0.0
2007-06-23,0.09658969737273987
2007-06-24,1.4449039750209924
2007-06-25,1.3331641869012372
2007-06-26,0.2592528667528114
2007-06-27,1.9501961351685582
2007-06-28,1.003690875535431
2007-06-29,1.9130545494954747
2007-06-30,0.05294123141193817
2007-07-01,0.6220979067117367
2007-07-02,1.193428668526131
2007-07-03,5.418204399125866
2007-07-04,23.07229894089333
2007-07-05,24.265216406350756
2007-07-06,3.3482176840046205
2007-07-07,4.62477979369344
2007-07-08,7.3008915505466865
2007-07-09,2.411446844009194
2007-07-10,10.108610956588809
2007-07-11,0.08025383699843291
2007-07-12,7.711482421031498
2007-07-13,18.24973187576458
2007-07-14,11.81086285475286
2007-07-15,17.676026940020783
2007-07-16,2.333831381392013
2007-07-17,1.0535908366693165
2007-07-18,0.32902075911305506
2007-07-19,0.07777659053380301
2007-07-20,0.6537031948536444
2007-07-21,1.2576574709119186
2007-07-22,0.17015347695161195
2007-07-23,0.0
2007-07-24,0.0007708616804972104
2007-07-25,0.0041309684675221985
2007-07-26,0.5897581192533998
2007-07-27,0.18916924971537946
2007-07-28,0.6361009929955608
2007-07-29,0.6797313803774586
2007-07-30,2.6760306915559053
2007-07-31,51.30032686128773
2007-08-01,19.375486336448073
2007-08-02,15.637420659585844
2007-08-03,0.16943566652550374
2007-08-04,1.6472539468099632
2007-08-05,0.0003854308402486052
2007-08-06,0.0
2007-08-07,0.0
2007-08-08,0.8779799647005683
2007-08-09,0.3974510646088696
2007-08-10,0.001927154201243026
2007-08-11,0.0
2007-08-12,0.0
2007-08-13,0.11805961975652245
2007-08-14,0.4437154528313235
2007-08-15,0.4455123432295937
2007-08-16,0.02553320408556056
2007-08-17,0.9498394511462892
2007-08-18,1.8311640461132637
2007-08-19,2.8629167067705388
2007-08-20,0.04165531559307411
2007-08-21,0.0007708616804972104
2007-08-22,0.0
2007-08-23,0.05227082309567475
2007-08-24,0.7314942860935496
2007-08-25,2.4138292803061265
2007-08-26,4.48079116149309
2007-08-27,2.8321337622158542
2007-08-28,4.18893669846542
2007-08-29,8.992721607992566
2007-08-30,4.047851724805646
2007-08-31,3.650366924853124
2007-09-01,9.644210977888214
2007-09-02,0.7335119069543561
2007-09-03,5.409727227979783
2007-09-04,8.260082864304401
2007-09-05,0.04405647631527109
2007-09-06,0.026352188169865585
2007-09-07,10.4430865992947
2007-09-08,4.687273844710811
2007-09-09,0.0
2007-09-10,1.9549861448711352
2007-09-11,0.9710827367447962
2007-09-12,2.869800332734896
2007-09-13,28.17338858879776
2007-09-14,1.6104341456149036
2007-09-15,0.0003854308402486052
2007-09-16,0.0
2007-09-17,0.0
2007-09-18,0.0
2007-09-19,0.0
2007-09-20,0.0
2007-09-21,0.0007708616804972104
2007-09-22,1.8063954580565058
2007-09-23,17.570333574546424
2007-09-24,11.616125571131976
2007-09-25,0.4524046405113791
2007-09-26,0.0
2007-09-27,0.2537866977419859
2007-09-28,0.0
2007-09-29,0.0
2007-09-30,0.0
2007-10-01,0.0
2007-10-02,0.0
2007-10-03,0.0
2007-10-04,2.891553350489093
2007-10-05,3.9164537263063637
2007-10-06,0.39123703569154933
2007-10-07,6.385297102614208
2007-10-08,9.134510583047616
2007-10-09,6.723839850761909
2007-10-10,0.0
2007-10-11,0.0
2007-10-12,0.0
2007-10-13,0.0
2007-10-14,0.0
2007-10-15,0.13536593134864763
2007-10-16,0.48942606468227384
2007-10-17,19.556403254919317
2007-10-18,7.245348360357107
2007-10-19,0.9276338843571165
2007-10-20,0.0
2007-10-21,0.0
2007-10-22,30.340007056776606
2007-10-23,36.35280484939089
2007-10-24,2.148456649147131
2007-10-25,0.0
2007-10-26,0.0
2007-10-27,0.0
2007-10-28,0.0
2007-10-29,0.0
2007-10-30,0.0
2007-10-31,0.0
2007-11-01,0.0
2007-11-02,0.0
2007-11-03,0.0
2007-11-04,0.0
2007-11-05,0.0
2007-11-06,0.0
2007-11-07,0.0
2007-11-08,0.0
2007-11-09,0.0
2007-11-10,5.213847847830753
2007-11-11,3.0046748250738173
2007-11-12,0.0
2007-11-13,0.0
2007-11-14,0.0
2007-11-15,0.025319660717552466
2007-11-16,0.0
2007-11-17,0.0003854308402486052
2007-11-18,2.4758737073918713
2007-11-19,0.0
2007-11-20,0.0
2007-11-21,0.5782452947960627
2007-11-22,4.088030944183972
2007-11-23,0.04596640459911832
2007-11-24,1.1888392517702464
2007-11-25,19.033782500383225
2007-11-26,14.821537595439857
2007-11-27,0.0
2007-11-28,0.0
2007-11-29,0.0
2007-11-30,0.0
2007-12-01,0.04924227238798916
2007-12-02,0.3171882867800113
2007-12-03,0.17890922059341965
2007-12-04,0.0
2007-12-05,0.0
2007-12-06,0.0
2007-12-07,0.0
2007-12-08,0.6604029743402939
2007-12-09,0.7789596207720911
2007-12-10,0.1208690315324778
2007-12-11,0.0005573183124891175
2007-12-12,0.9115995525698886
2007-12-13,1.4944255524359635
2007-12-14,0.0
2007-12-15,1.9988330661524747
2007-12-16,0.0
2007-12-17,0.0
2007-12-18,0.0
2007-12-19,0.8800650470828988
2007-12-20,29.774580919204134
2007-12-21,0.06194268168751088
2007-12-22,0.5443688580172017
2007-12-23,25.09895903927732
2007-12-24,0.0
2007-12-25,0.0
2007-12-26,3.7911132883891328
2007-12-27,2.537368219094322
2007-12-28,2.8418537987912407
2007-12-29,0.13726960262108107
2007-12-30,26.795094711465875
2007-12-31,0.0
2008-01-01,0.0
2008-01-02,0.0
2008-01-03,0.0
2008-01-04,0.0
2008-01-05,0.07016319562541105
2008-01-06,0.13754073040529505
2008-01-07,0.12969685966278952
2008-01-08,1.51531527257206
2008-01-09,15.992999633564121
2008-01-10,14.066673749950587
2008-01-11,5.334519449245174
2008-01-12,0.0
2008-01-13,0.0
2008-01-14,0.0
2008-01-15,0.0
2008-01-16,26.18268393636673
2008-01-17,0.19130242914935447
2008-01-18,0.0
2008-01-19,36.493663754300115
2008-01-20,8.72248274473065
2008-01-21,7.267746498570991
2008-01-22,0.4935663678650818
2008-01-23,1.5820611760470416
2008-01-24,11.976653760109144
2008-01-25,1.195918852784749
2008-01-26,40.966674805838935
2008-01-27,0.0
2008-01-28,0.0003334670474032191
2008-01-29,2.890478267334231
2008-01-30,7.315644063744468
2008-01-31,44.579325483047796
2008-02-01,12.575926754628917
2008-02-02,0.02399148072456614
2008-02-03,0.16835560371822597
2008-02-04,0.530975034337048
2008-02-05,0.3766248083969304
2008-02-06,4.758342691473368
2008-02-07,0.0
2008-02-08,0.0
2008-02-09,0.0
2008-02-10,0.0
2008-02-11,0.0
2008-02-12,16.567066183789656
2008-02-13,3.9167122444120874
2008-02-14,0.0
2008-02-15,2.3554749501518746
2008-02-16,6.746879189162213
2008-02-17,15.228962834704838
2008-02-18,0.0
2008-02-19,0.0
2008-02-20,0.02644239579857584
2008-02-21,18.099485036454663
2008-02-22,10.419694891371535
2008-02-23,0.0
2008-02-24,0.0003854308402486052
2008-02-25,0.0
2008-02-26,3.929885720496125
2008-02-27,0.0
2008-02-28,0.0
2008-02-29,0.0003854308402486052
2008-03-01,0.13142053686499255
2008-03-02,0.0
2008-03-03,6.324350391485844
2008-03-04,39.46148993312126
2008-03-05,0.0
2008-03-06,0.0
2008-03-07,23.38162446571759
2008-03-08,0.0005573183124891175
2008-03-09,0.0
2008-03-10,0.0
2008-03-11,19.414636363987466
2008-03-12,0.0
2008-03-13,0.03835252585444037
2008-03-14,0.23153180427249384
2008-03-15,0.0007708616804972104
2008-03-16,0.0
2008-03-17,0.0007708616804972104
2008-03-18,1.049631361057862
2008-03-19,9.878526160970258
2008-03-20,0.0
2008-03-21,0.0
2008-03-22,0.0003854308402486052
2008-03-23,0.0
2008-03-24,0.0
2008-03-25,0.0
2008-03-26,0.0
2008-03-27,0.0
2008-03-28,0.0
2008-03-29,4.238443895645818
2008-03-30,0.0
2008-03-31,0.0003854308402486052
2008-04-01,8.53818409037176
2008-04-02,6.3892129159499405
2008-04-03,0.004549956747493243
2008-04-04,0.9769686564043959
2008-04-05,20.520375393583365
2008-04-06,0.0
2008-04-07,0.0
2008-04-08,0.0
2008-04-09,0.1926972862581811
2008-04-10,0.42159250620716904
2008-04-11,1.6185089161089459
2008-04-12,1.6408466821437437
2008-04-13,0.0
2008-04-14,0.0
2008-04-15,0.0
2008-04-16,0.0
2008-04-17,0.0
2008-04-18,8.018463094043428
2008-04-19,4.847843790592616
2008-04-20,0.0
2008-04-21,0.0
2008-04-22,0.29512329398233467
2008-04-23,1.8123707512586429
2008-04-24,0.0003854308402486052
2008-04-25,0.1072052048753405
2008-04-26,5.123020013499302
2008-04-27,21.529894084886614
2008-04-28,2.618159553596425
2008-04-29,0.0
2008-04-30,0.0
2008-05-01,0.0003854308402486052
2008-05-02,34.44351549237235
2008-05-03,38.57739832894406
2008-05-04,0.0
2008-05-05,0.04165531559307411
2008-05-06,0.0003854308402486052
2008-05-07,0.0
2008-05-08,0.06886857307214717
2008-05-09,0.0
2008-05-10,0.0
2008-05-11,0.16545180042654725
2008-05-12,0.0
2008-05-13,0.037517647718888325
2008-05-14,35.840367956132326
2008-05-15,66.5881622130052
2008-05-16,3.188886841583608
2008-05-17,0.08752784956591683
2008-05-18,0.0003854308402486052
2008-05-19,0.0
2008-05-20,0.0
2008-05-21,0.042040746433322715
2008-05-22,9.499080393228263
2008-05-23,6.4629195569192435
2008-05-24,0.04165531559307411
2008-05-25,0.19399575020048257
2008-05-26,0.2847857496947186
2008-05-27,0.07797591465347582
2008-05-28,0.0003854308402486052
2008-05-29,0.0
2008-05-30,0.0
2008-05-31,0.04281160811381993
2008-06-01,0.0
2008-06-02,0.0
2008-06-03,0.0
2008-06-04,0.15359814948132236
2008-06-05,0.0015417233609944208
2008-06-06,0.02630406576605777
2008-06-07,0.0007708616804972104
2008-06-08,0.0003854308402486052
2008-06-09,0.37642827940201695
2008-06-10,2.090214671102438
2008-06-11,0.5172765222639375
2008-06-12,0.7382928907992525
2008-06-13,0.8942178978586989
2008-06-14,3.524570684389543
2008-06-15,4.965264028546633
2008-06-16,0.29827951496668625
2008-06-17,3.02027877049222
2008-06-18,1.508397677487851
2008-06-19,0.0340832273544001
2008-06-20,3.069941179856949
2008-06-21,4.144442054276073
2008-06-22,2.054639540898252
2008-06-23,0.0
2008-06-24,0.0007708616804972104
2008-06-25,14.961968719207555
2008-06-26,1.7558122043931907
2008-06-27,1.6069045941340816
2008-06-28,6.463636265550085
2008-06-29,5.035706097334675
2008-06-30,2.7485693618229576
2008-07-01,0.19477727363575242
2008-07-02,0.0
2008-07-03,15.024919845011086
2008-07-04,5.262829543663619
2008-07-05,1.4501527617124803
2008-07-06,5.281547486428409
2008-07-07,1.6220343979825063
2008-07-08,0.43782565482703273
2008-07-09,1.2801884663575747
2008-07-10,0.41106932182504463
2008-07-11,0.05618728661688692
2008-07-12,0.06404172336099442
2008-07-13,0.14152181308049064
2008-07-14,11.898657088566972
2008-07-15,0.0
2008-07-16,0.0
2008-07-17,8.339251089589565
2008-07-18,4.140544049811232
2008-07-19,0.48133199924178466
2008-07-20,0.007245138062358527
2008-07-21,1.8262370933852723
2008-07-22,1.3023794284967758
2008-07-23,13.250395259435177
2008-07-24,4.617362704778433
2008-07-25,3.6287102300107077
2008-07-26,5.110897289318928
2008-07-27,14.03781339528142
2008-07-28,0.7064334425884942
2008-07-29,7.662432325159523
2008-07-30,1.7253896931044497
2008-07-31,6.422618070054025
2008-08-01,10.468255298264364
2008-08-02,0.34640524985374455
2008-08-03,4.968390534357874
2008-08-04,0.05253291819662552
2008-08-05,0.08764704456563337
2008-08-06,0.2784227846673586
2008-08-07,0.36028299977130634
2008-08-08,4.5583096664680784
2008-08-09,0.0
2008-08-10,0.11396287558812611
2008-08-11,22.126482341915196
2008-08-12,14.958762318783867
2008-08-13,18.03124296033805
2008-08-14,0.09440160607935952
2008-08-15,1.1413298040350166
2008-08-16,13.132267049644584
2008-08-17,4.185464448529166
2008-08-18,6.150353715937251
2008-08-19,11.651100845603933
2008-08-20,4.289529670675773
2008-08-21,1.363846718850166
2008-08-22,0.35104710010005413
2008-08-23,0.3374835191631823
2008-08-24,34.612636923562754
2008-08-25,12.735263077358818
2008-08-26,0.04255640885004425
2008-08-27,0.0007708616804972104
2008-08-28,0.2385737779474877
2008-08-29,1.596100702409065
2008-08-30,0.0433353689865866
2008-08-31,1.9644285315257708
2008-09-01,64.2990979420347
2008-09-02,50.59453640124025
2008-09-03,12.449283729532548
2008-09-04,10.279255642333004
2008-09-05,1.8233563799176093
2008-09-06,0.2457699211990955
2008-09-07,0.0
2008-09-08,4.979822389368549
2008-09-09,0.5529155554234938
2008-09-10,0.07313073469444423
2008-09-11,1.806804381868921
2008-09-12,7.286683677922095
2008-09-13,4.461094246892163
2008-09-14,9.670643382399229
2008-09-15,9.359589173954316
2008-09-16,0.06644737404882232
2008-09-17,0.0
2008-09-18,0.0
2008-09-19,0.21427095832372384
2008-09-20,13.165405108079767
2008-09-21,6.789524236878354
2008-09-22,0.07601401740884223
2008-09-23,0.04875382312962949
2008-09-24,0.0
2008-09-25,0.0
2008-09-26,0.0
2008-09-27,0.0
2008-09-28,0.0
2008-09-29,0.0
2008-09-30,0.0
2008-10-01,0.0
2008-10-02,0.0
2008-10-03,0.0
2008-10-04,0.0
2008-10-05,0.024376911564814745
2008-10-06,0.2867445827403826
2008-10-07,15.919641836460583
2008-10-08,1.6506068664049516
2008-10-09,0.0
2008-10-10,0.0
2008-10-11,0.0
2008-10-12,0.0
2008-10-13,4.321295879139089
2008-10-14,0.3546530787974473
2008-10-15,0.0
2008-10-16,0.0
2008-10-17,1.1593486744501282
2008-10-18,0.0
2008-10-19,0.0
2008-10-20,0.0
2008-10-21,0.0
2008-10-22,1.1848081897915428
2008-10-23,2.7470116832242453
2008-10-24,0.8744885801703004
2008-10-25,0.0
2008-10-26,0.0
2008-10-27,0.0
2008-10-28,0.0
2008-10-29,0.0
2008-10-30,0.0
2008-10-31,0.0
2008-11-01,0.0
2008-11-02,0.0
2008-11-03,0.0
2008-11-04,0.0
2008-11-05,0.0
2008-11-06,0.027837687160707513
2008-11-07,0.34478942168060095
2008-11-08,0.0
2008-11-09,0.0
2008-11-10,0.0
2008-11-11,0.07926963744871292
2008-11-12,17.260208664322725
2008-11-13,1.7564675702471235
2008-11-14,2.378104451964376
2008-11-15,1.1240728840637522
2008-11-16,0.0
2008-11-17,0.0
2008-11-18,0.0
2008-11-19,0.0
2008-11-20,0.0
2008-11-21,0.0
2008-11-22,0.0
2008-11-23,0.0
2008-11-24,5.429176663830729
2008-11-25,0.003008233386498822
2008-11-26,0.0
2008-11-27,1.3536530288314537
2008-11-28,19.48965158158449
2008-11-29,27.317028665756972
2008-11-30,12.020657336356678
2008-12-01,0.04875382312962949
2008-12-02,0.0
2008-12-03,0.0
2008-12-04,10.950459894834047
2008-12-05,0.0
2008-12-06,0.0
2008-12-07,0.0
2008-12-08,0.47063697497148005
2008-12-09,8.218148966367261
2008-12-10,15.451788998523353
2008-12-11,46.591665146469694
2008-12-12,0.0
2008-12-13,0.0
2008-12-14,0.08640980088103588
2008-12-15,1.5764845549250344
2008-12-16,9.099347303319329
2008-12-17,0.1843845578240737
2008-12-18,0.07782153377633147
2008-12-19,0.07313073469444423
2008-12-20,0.25974456576847443
2008-12-21,0.46571941273353384
2008-12-22,0.0
2008-12-23,0.0
2008-12-24,6.903753927018895
2008-12-25,2.766277344412362
2008-12-26,0.5909329869629254
2008-12-27,1.4812518506201644
2008-12-28,22.204146304049615
2008-12-29,8.269963159558488
2008-12-30,0.0
2008-12-31,0.0
2009-01-01,0.0
2009-01-02,3.3948834951631865
2009-01-03,17.543801474213318
2009-01-04,4.080580476415731
2009-01-05,2.099165272349039
2009-01-06,22.92763661332248
2009-01-07,7.658510492488909
2009-01-08,0.0
2009-01-09,0.0
2009-01-10,9.60510785570253
2009-01-11,3.4654444137714906
2009-01-12,0.0
2009-01-13,0.0
2009-01-14,0.0
2009-01-15,0.0
2009-01-16,0.0
2009-01-17,0.0
2009-01-18,2.4534700876014908
2009-01-19,0.0
2009-01-20,0.0
2009-01-21,0.0
2009-01-22,0.0
2009-01-23,0.0
2009-01-24,0.6473977459379118
2009-01-25,0.34176697002085005
2009-01-26,0.0
2009-01-27,0.42216852481161304
2009-01-28,2.6958789538426533
2009-01-29,0.0
2009-01-30,0.0
2009-01-31,0.0
2009-02-01,1.0501480973337165
2009-02-02,12.714671749357166
2009-02-03,0.0
2009-02-04,0.0
2009-02-05,0.0
2009-02-06,0.0
2009-02-07,0.0
2009-02-08,0.0
2009-02-09,0.12696078774620956
2009-02-10,4.117656243387473
2009-02-11,0.5139764928883469
2009-02-12,0.0
2009-02-13,18.79803657040236
2009-02-14,22.189220861210664
2009-02-15,4.723237086746516
2009-02-16,0.0050020057110482866
2009-02-17,0.23224759559381086
2009-02-18,2.227118620300887
2009-02-19,0.23670393265269113
2009-02-20,2.995190755903643
2009-02-21,2.4264403101638576
2009-02-22,3.0700553997383864
2009-02-23,2.058152955824634
2009-02-24,1.0938393672044964
2009-02-25,1.7799230067807816
2009-02-26,0.26947989866910377
2009-02-27,3.5595760601675606
2009-02-28,0.45930058036273663
2009-03-01,0.0
2009-03-02,0.0
2009-03-03,0.0
2009-03-04,0.0
2009-03-05,0.0
2009-03-06,0.0
2009-03-07,0.0
2009-03-08,0.0
2009-03-09,0.0
2009-03-10,0.0
2009-03-11,0.024762342405063347
2009-03-12,0.7478690543841378
2009-03-13,2.473367680615153
2009-03-14,20.428890638774075
2009-03-15,18.512737867949635
2009-03-16,30.715851187671703
2009-03-17,0.0
2009-03-18,0.0
2009-03-19,0.0
2009-03-20,0.0
2009-03-21,0.0
2009-03-22,0.0
2009-03-23,0.0
2009-03-24,0.7152288837689619
2009-03-25,4.952837224425222
2009-03-26,51.04131574228212
2009-03-27,84.13728078609412
2009-03-28,58.52759105619682
2009-03-29,0.0
2009-03-30,0.0016719549374673525
2009-03-31,1.4163314925085948
2009-04-01,0.14675771750897876
2009-04-02,11.718706046320662
2009-04-03,0.0
2009-04-04,0.0
2009-04-05,0.35388364980670217
2009-04-06,0.0
2009-04-07,0.0
2009-04-08,0.0
2009-04-09,0.0012762162001409417
2009-04-10,0.1107736946950397
2009-04-11,0.0020654842337610993
2009-04-12,10.889815192033698
2009-04-13,34.28761327807782
2009-04-14,1.763145118860552
2009-04-15,0.0
2009-04-16,0.02176022981085467
2009-04-17,1.301819187762415
2009-04-18,4.30240403886554
2009-04-19,7.483347230709954
2009-04-20,0.0
2009-04-21,0.0
2009-04-22,0.0
2009-04-23,0.0
2009-04-24,0.0
2009-04-25,0.0
2009-04-26,0.0
2009-04-27,0.09058877542493962
2009-04-28,0.0003334670474032191
2009-04-29,0.0
2009-04-30,0.2647642154638424
2009-05-01,0.0
2009-05-02,0.0
2009-05-03,10.023631180118693
2009-05-04,40.53502238342304
2009-05-05,1.3642218077141788
2009-05-06,0.0005573183124891175
2009-05-07,0.03860903480122192
2009-05-08,0.0
2009-05-09,0.0
2009-05-10,0.0
2009-05-11,0.39901078873712814
2009-05-12,2.6038588432511967
2009-05-13,1.0033996918010832
2009-05-14,1.3443433929782576
2009-05-15,1.0686485846966836
2009-05-16,5.631648357840065
2009-05-17,4.632430474759728
2009-05-18,0.0
2009-05-19,0.0
2009-05-20,0.0
2009-05-21,0.0
2009-05-22,0.6870506029214816
2009-05-23,0.732598647974279
2009-05-24,6.231062399364197
2009-05-25,6.578242805359888
2009-05-26,1.277915290961427
2009-05-27,0.22888981457524482
2009-05-28,2.5526307880779093
2009-05-29,0.0
2009-05-30,0.0
2009-05-31,0.0
2009-06-01,0.0
2009-06-02,10.440400740701596
2009-06-03,5.84998004675538
2009-06-04,1.5147825121201048
2009-06-05,0.18121401038098853
2009-06-06,0.0
2009-06-07,0.0
2009-06-08,0.0
2009-06-09,0.0
2009-06-10,0.0
2009-06-11,0.0
2009-06-12,0.03900256409751567
2009-06-13,0.0
2009-06-14,0.0
2009-06-15,0.0
2009-06-16,0.0
2009-06-17,0.0
2009-06-18,0.0
2009-06-19,0.0
2009-06-20,0.0
2009-06-21,0.0
2009-06-22,0.0
2009-06-23,0.0
2009-06-24,2.439521266501891
2009-06-25,0.06887643443671117
2009-06-26,0.11845267618621626
2009-06-27,2.928717885720473
2009-06-28,4.970814082551655
2009-06-29,15.58004012294211
2009-06-30,2.5509712396115924
2009-07-01,0.0
2009-07-02,6.510407174296678
2009-07-03,1.286714584061831
2009-07-04,0.4761816171184559
2009-07-05,0.1670526827681059
2009-07-06,20.971410383179272
2009-07-07,5.95715407144385
2009-07-08,0.7191493913502556
2009-07-09,0.10514450956772078
2009-07-10,0.0
2009-07-11,0.1914722365253494
2009-07-12,9.639163247600466
2009-07-13,2.68000775479187
2009-07-14,0.8507317930510023
2009-07-15,2.863509679926723
2009-07-16,6.64043560612768
2009-07-17,6.547692257601984
2009-07-18,0.09102421155466359
2009-07-19,0.07282279659293822
2009-07-20,0.045820570179997334
2009-07-21,0.008164592428590935
2009-07-22,5.861718643196699
2009-07-23,0.50916006613409
2009-07-24,0.0
2009-07-25,0.0
2009-07-26,0.5359615021947438
2009-07-27,7.71895921141461
2009-07-28,18.461390906937556
2009-07-29,3.042100912723591
2009-07-30,3.6138031989365906
2009-07-31,5.731398537505776
2009-08-01,9.338847684894349
2009-08-02,18.965702504351984
2009-08-03,0.1704871031325941
2009-08-04,0.14475229552410818
2009-08-05,0.12975186927428609
2009-08-06,0.1886852759914193
2009-08-07,0.036147811830134415
2009-08-08,6.034302508258245
2009-08-09,0.9244161306496481
2009-08-10,0.2176461612026556
2009-08-11,12.328308556487963
2009-08-12,1.2327992871886695
2009-08-13,2.3143816063583738
2009-08-14,7.59490479908331
2009-08-15,0.09833067630505783
2009-08-16,11.584652694413798
2009-08-17,1.6809197474313897
2009-08-18,12.31601557590578
2009-08-19,3.343919173571912
2009-08-20,13.072160008064374
2009-08-21,6.809301130387671
2009-08-22,0.5764002284619167
2009-08-23,0.0
2009-08-24,0.0
2009-08-25,0.0
2009-08-26,0.0
2009-08-27,0.03693707986375457
2009-08-28,0.06305731831248912
2009-08-29,0.4806020257252941
2009-08-30,6.830420142411854
2009-08-31,0.34991430420803693
2009-09-01,0.0
2009-09-02,0.0
2009-09-03,1.7086856263934191
2009-09-04,3.403844822178772
2009-09-05,12.228676806527917
2009-09-06,24.944492171787875
2009-09-07,1.741809858002502
2009-09-08,6.849794707425286
2009-09-09,2.936895302638384
2009-09-10,4.262232480862213
2009-09-11,9.00441385668151
2009-09-12,29.271518380362476
2009-09-13,25.9740329967544
2009-09-14,10.784501924669543
2009-09-15,5.53505175044269
2009-09-16,2.070846307861956
2009-09-17,0.7205816905815365
2009-09-18,6.630598971345412
2009-09-19,0.3773714331167761
2009-09-20,0.7662638944071665
2009-09-21,0.24230530821200627
2009-09-22,38.1581823189732
2009-09-23,18.05361344085314
2009-09-24,1.7481242759773188
2009-09-25,2.526515214622241
2009-09-26,14.6895335195437
2009-09-27,0.0
2009-09-28,0.04875382312962949
2009-09-29,0.024376911564814745
2009-09-30,0.0
2009-10-01,0.0
2009-10-02,15.547702791182068
2009-10-03,0.22969977348442733
2009-10-04,12.925071299244248
2009-10-05,5.3224107818155195
2009-10-06,0.26909446782885516
2009-10-07,1.3838178907648515
2009-10-08,0.5432155326746466
2009-10-09,2.8596680934348035
2009-10-10,6.815357897398257
2009-10-11,3.6812720534275796
2009-10-12,18.07887722944935
2009-10-13,5.900967289432521
2009-10-14,18.241545553996815
2009-10-15,0.41640115684058576
2009-10-16,26.28885839560805
2009-10-17,0.0
2009-10-18,0.0
2009-10-19,0.0
2009-10-20,0.0
2009-10-21,0.0
2009-10-22,9.600810338245802
2009-10-23,13.634491825225753
2009-10-24,0.0
2009-10-25,0.0
2009-10-26,0.2026862775961067
2009-10-27,9.88518754328921
2009-10-28,0.03674678603839111
2009-10-29,1.2475506329680854
2009-10-30,11.520742967383613
2009-10-31,10.619483000974325
2009-11-01,0.0
2009-11-02,0.0
2009-11-03,0.0
2009-11-04,0.0
2009-11-05,0.0
2009-11-06,0.0
2009-11-07,0.0
2009-11-08,1.844974278734542
2009-11-09,12.288248739948338
2009-11-10,1.0018959408127897
2009-11-11,0.0
2009-11-12,0.0
2009-11-13,0.011880516047636992
2009-11-14,0.0003334670474032191
2009-11-15,0.0
2009-11-16,4.141940473001193
2009-11-17,1.2795770697355575
2009-11-18,0.0
2009-11-19,0.0
2009-11-20,0.15254815570484942
2009-11-21,20.180623191573638
2009-11-22,4.661567616205994
2009-11-23,0.02655813237318331
2009-11-24,0.0
2009-11-25,0.0
2009-11-26,0.0
2009-11-27,0.0
2009-11-28,0.06794842581178977
2009-11-29,0.10700281840935623
2009-11-30,12.653941317387755
2009-12-01,22.753265315097156
2009-12-02,15.261616123699412
2009-12-03,0.03732251070400318
2009-12-04,0.037655977751406396
2009-12-05,3.948776713909911
2009-12-06,0.0
2009-12-07,18.87088055287185
2009-12-08,55.22574114024735
2009-12-09,2.3918205524420637
2009-12-10,0.0
2009-12-11,0.0
2009-12-12,62.778222472593384
2009-12-13,36.205555874725206
2009-12-14,16.993656643603355
2009-12-15,28.96522799517564
2009-12-16,0.07723910970405581
2009-12-17,2.085817381328341
2009-12-18,63.071002153460334
2009-12-19,0.0
2009-12-20,0.0
2009-12-21,0.0
2009-12-22,0.0
2009-12-23,1.145971303933931
2009-12-24,35.78709041930328
2009-12-25,0.450506672598116
2009-12-26,0.0
2009-12-27,0.0
2009-12-28,0.0
2009-12-29,0.0
2009-12-30,22.028140533475227
2009-12-31,4.941759296584072
2010-01-01,2.694031165124955
2010-01-02,0.0
2010-01-03,0.0
2010-01-04,0.0
2010-01-05,0.0
2010-01-06,0.0
2010-01-07,6.094071642018368
2010-01-08,0.13260727411610182
2010-01-09,0.0
2010-01-10,0.0
2010-01-11,0.0
2010-01-12,0.0
2010-01-13,0.0
2010-01-14,0.013279066186591654
2010-01-15,0.7408620753727554
2010-01-16,16.058730882520646
2010-01-17,2.8173627589053014
2010-01-18,0.0
2010-01-19,0.0
2010-01-20,4.660642127683613
2010-01-21,14.631321223811812
2010-01-22,0.0
2010-01-23,0.12229059831545375
2010-01-24,3.6235248167556557
2010-01-25,0.0
2010-01-26,0.0
2010-01-27,0.0
2010-01-28,0.0
2010-01-29,14.177360899185661
2010-01-30,10.491137942012589
2010-01-31,0.0
2010-02-01,1.4183090321842546
2010-02-02,1.0697272128152886
2010-02-03,0.2581645924285909
2010-02-04,52.73341203332584
2010-02-05,25.31659988666655
2010-02-06,0.026891599420586526
2010-02-07,0.0
2010-02-08,0.0
2010-02-09,22.97440863522406
2010-02-10,0.0
2010-02-11,0.8641656817299216
2010-02-12,23.09270177175793
2010-02-13,0.0
2010-02-14,3.3851698847761496
2010-02-15,7.7573559878124705
2010-02-16,0.0
2010-02-17,0.0
2010-02-18,0.0
2010-02-19,0.0
2010-02-20,0.0
2010-02-21,6.79102937063214
2010-02-22,21.716007357680265
2010-02-23,0.0
2010-02-24,0.714944687432102
2010-02-25,0.0
2010-02-26,0.8062228371754332
2010-02-27,10.46440847362547
2010-02-28,0.0
2010-03-01,18.280781094724336
2010-03-02,25.360222008658155
2010-03-03,0.0
2010-03-04,0.0
2010-03-05,0.0
2010-03-06,0.0
2010-03-07,0.0
2010-03-08,1.1123092311043485
2010-03-09,6.782352074920582
2010-03-10,6.403500323283766
2010-03-11,4.530398822958655
2010-03-12,0.5065757638218333
2010-03-13,0.0
2010-03-14,0.0
2010-03-15,0.0
2010-03-16,0.1744920498478697
2010-03-17,1.6182604476982672
2010-03-18,0.013279066186591654
2010-03-19,0.0
2010-03-20,0.6184784949755959
2010-03-21,8.527388807997633
2010-03-22,0.0
2010-03-23,0.0
2010-03-24,0.0020654842337610993
2010-03-25,11.62466555197014
2010-03-26,0.0
2010-03-27,0.0
2010-03-28,0.0
2010-03-29,0.0
2010-03-30,0.0
2010-03-31,0.0
2010-04-01,0.0
2010-04-02,0.0
2010-04-03,12.022923932183886
2010-04-04,0.0
2010-04-05,0.0
2010-04-06,0.0
2010-04-07,0.013836384499080772
2010-04-08,14.461355637934286
2010-04-09,0.0
2010-04-10,0.0003334670474032191
2010-04-11,0.0
2010-04-12,0.0
2010-04-13,0.0
2010-04-14,0.24055391373342475
2010-04-15,0.0
2010-04-16,0.0
2010-04-17,0.0
2010-04-18,0.6645248358232128
2010-04-19,1.348023607051441
2010-04-20,0.41829036636149103
2010-04-21,0.0
2010-04-22,0.0
2010-04-23,9.399017213365346
2010-04-24,28.66949471795439
2010-04-25,0.0
2010-04-26,0.0
2010-04-27,0.11667444761286853
2010-04-28,0.0
2010-04-29,0.0
2010-04-30,0.8441679074002391
2010-05-01,5.782012100899186
2010-05-02,11.79490435070105
2010-05-03,1.892310108956156
2010-05-04,0.0
2010-05-05,0.0
2010-05-06,0.0
2010-05-07,0.0
2010-05-08,0.013279066186591654
2010-05-09,0.0
2010-05-10,0.0
2010-05-11,0.02655813237318331
2010-05-12,0.02655813237318331
2010-05-13,0.04675254914871008
2010-05-14,0.010787394974841153
2010-05-15,8.520277884726637
2010-05-16,17.513096560155766
2010-05-17,0.07516529411562622
2010-05-18,5.163970678584209
2010-05-19,0.8226248098486343
2010-05-20,8.116726447971335
2010-05-21,1.1717117735580593
2010-05-22,0.2092315525650615
2010-05-23,0.12889533093295827
2010-05-24,14.244742499331194
2010-05-25,2.0501462213223856
2010-05-26,0.8590977020842857
2010-05-27,0.2146568264400354
2010-05-28,0.9580447409151037
2010-05-29,3.553780304501698
2010-05-30,5.114780978782265
2010-05-31,2.531737475881551
2010-06-01,13.261262451855423
2010-06-02,5.863564278930682
2010-06-03,9.830803606558034
2010-06-04,26.547552662691533
2010-06-05,11.629093669779808
2010-06-06,6.970890814774252
2010-06-07,6.290091571050501
2010-06-08,2.455968855420048
2010-06-09,1.158553219952364
2010-06-10,0.037655977751406396
2010-06-11,0.8045649632195027
2010-06-12,0.0
2010-06-13,0.07531195550281279
2010-06-14,0.0977910832013193
2010-06-15,4.384543142684696
2010-06-16,2.0236633662501506
2010-06-17,0.3790803626243013
2010-06-18,2.1625709571265554
2010-06-19,5.674779047452513
2010-06-20,0.48911953289451926
2010-06-21,1.1502085444284462
2010-06-22,11.616487373122212
2010-06-23,3.071883160295822
2010-06-24,0.20000885249763786
2010-06-25,0.0
2010-06-26,0.0
2010-06-27,2.1638494073398262
2010-06-28,14.972973678939802
2010-06-29,2.4740577644528385
2010-06-30,24.446686036743923
2010-07-01,11.208735615886546
2010-07-02,6.6119545371293915
2010-07-03,7.014561942985084
2010-07-04,0.24810667314151036
2010-07-05,6.598924217837242
2010-07-06,33.813453413686496
2010-07-07,2.5587718517628213
2010-07-08,0.0
2010-07-09,2.6220103779291137
2010-07-10,8.213046083033277
2010-07-11,0.8963236835001485
2010-07-12,0.0
2010-07-13,0.0
2010-07-14,0.0
2010-07-15,0.0
2010-07-16,0.9492432654809803
2010-07-17,3.8101998472693634
2010-07-18,30.832540211705883
2010-07-19,3.3819610722403857
2010-07-20,0.9221804391095159
2010-07-21,0.16533635296410987
2010-07-22,0.0
2010-07-23,0.0
2010-07-24,4.86415582427253
2010-07-25,63.68855344454718
2010-07-26,6.281283536182909
2010-07-27,22.166640511148554
2010-07-28,2.511513152670344
2010-07-29,0.13836927381530192
2010-07-30,0.0
2010-07-31,0.0
2010-08-01,0.02242716390566111
2010-08-02,0.011213581952830554
2010-08-03,0.8655415761031489
2010-08-04,2.8491060825070913
2010-08-05,17.1943670854817
2010-08-06,1.3061079452178972
2010-08-07,0.09067489799131954
2010-08-08,1.2433377541473636
2010-08-09,19.827515883658812
2010-08-10,0.13867026781301423
2010-08-11,3.41485150546809
2010-08-12,2.666808937221681
2010-08-13,29.73055761634082
2010-08-14,6.196536875974715
2010-08-15,4.794490980411714
2010-08-16,12.547979932743191
2010-08-17,21.418134385470317
2010-08-18,11.9491886943644
2010-08-19,5.148293425094145
2010-08-20,4.028139157925352
2010-08-21,0.3178993572847488
2010-08-22,9.70250716051571
2010-08-23,11.540081924113574
2010-08-24,0.1067970094988331
2010-08-25,0.0
2010-08-26,0.0
2010-08-27,1.207123604871623
2010-08-28,15.42391657153703
2010-08-29,38.480583570276735
2010-08-30,6.282120984394016
2010-08-31,1.6637681431742657
2010-09-01,0.26241105057965325
2010-09-02,0.011213581952830554
2010-09-03,0.0
2010-09-04,0.0
2010-09-05,0.3915661350975096
2010-09-06,5.657819242402957
2010-09-07,0.5358273706754869
2010-09-08,0.011213581952830554
2010-09-09,0.1813497959826391
2010-09-10,0.12431564384981121
2010-09-11,0.14770905012414745
2010-09-12,0.27693322352864164
2010-09-13,0.0
2010-09-14,0.0
2010-09-15,0.02242716390566111
2010-09-16,0.0
2010-09-17,0.079461316038489
2010-09-18,0.079461316038489
2010-09-19,0.011213581952830554
2010-09-20,4.187309794517175
2010-09-21,0.7702564155884153
2010-09-22,0.2819432704095968
2010-09-23,0.011213581952830554
2010-09-24,0.21424943316697187
2010-09-25,1.5766332952383666
2010-09-26,2.7394031611966585
2010-09-27,0.0
2010-09-28,0.0
2010-09-29,0.0
2010-09-30,0.0
2010-10-01,0.0
2010-10-02,0.0
2010-10-03,0.0
2010-10-04,0.0
2010-10-05,0.0
2010-10-06,0.0
2010-10-07,0.0
2010-10-08,0.0
2010-10-09,0.0
2010-10-10,0.0
2010-10-11,0.0020654842337610993
2010-10-12,2.753299377288698
2010-10-13,0.750110751656742
2010-10-14,0.0
2010-10-15,0.0
2010-10-16,0.0
2010-10-17,0.0
2010-10-18,0.0003854308402486052
2010-10-19,0.001114636624978235
2010-10-20,12.75067091033785
2010-10-21,0.0
2010-10-22,0.0
2010-10-23,0.0
2010-10-24,1.4564583095016497
2010-10-25,0.6392661554441418
2010-10-26,0.7695071359607749
2010-10-27,2.1968093874019954
2010-10-28,0.8737336841121575
2010-10-29,0.0
2010-10-30,0.0
2010-10-31,0.0
2010-11-01,0.35916788111394604
2010-11-02,37.604190488355634
2010-11-03,10.707069089919836
2010-11-04,1.0405914271247105
2010-11-05,0.0
2010-11-06,0.0
2010-11-07,0.0
2010-11-08,0.0
2010-11-09,0.0
2010-11-10,0.010880114905427335
2010-11-11,0.0
2010-11-12,0.0
2010-11-13,0.0005573183124891175
2010-11-14,0.45257422473958264
2010-11-15,36.14377824829694
2010-11-16,10.374572886985492
2010-11-17,0.0
2010-11-18,0.2368773680695185
2010-11-19,0.0003334670474032191
2010-11-20,0.0
2010-11-21,0.0
2010-11-22,0.0
2010-11-23,2.236157625906074
2010-11-24,0.0
2010-11-25,0.7961803227891101
2010-11-26,22.414681286265704
2010-11-27,0.0
2010-11-28,0.0
2010-11-29,1.325474614592591
2010-11-30,14.918399937094964
2010-12-01,0.0
2010-12-02,0.0
2010-12-03,0.0
2010-12-04,0.0
2010-12-05,0.07270628058557138
2010-12-06,0.0
2010-12-07,0.0
2010-12-08,0.2414329376397066
2010-12-09,0.0
2010-12-10,0.0
2010-12-11,0.28653224574531494
2010-12-12,11.92520780206835
2010-12-13,0.0
2010-12-14,0.0
2010-12-15,0.0
2010-12-16,0.0
2010-12-17,0.03245889353046522
2010-12-18,0.7184694765578
2010-12-19,0.0016719549374673525
2010-12-20,0.0
2010-12-21,0.011213581952830554
2010-12-22,0.09067489799131954
2010-12-23,0.0
2010-12-24,0.0
2010-12-25,14.783030292141934
2010-12-26,0.0
2010-12-27,0.0
2010-12-28,0.0
2010-12-29,0.1021231559004121
2010-12-30,26.33081411132441
2010-12-31,4.646976809831732
2011-01-01,28.55158075120276
2011-01-02,0.0
2011-01-03,0.0
2011-01-04,0.0
2011-01-05,27.792463233945636
2011-01-06,0.0
2011-01-07,0.0
2011-01-08,0.0
2011-01-09,7.73749666403559
2011-01-10,6.36716903760397
2011-01-11,0.0
2011-01-12,0.0
2011-01-13,0.0
2011-01-14,0.0
2011-01-15,0.0
2011-01-16,0.001114636624978235
2011-01-17,0.5867021558853287
2011-01-18,12.540039120349858
2011-01-19,9.053402873780353
2011-01-20,0.1716295245097086
2011-01-21,1.7501497295839972
2011-01-22,0.0
2011-01-23,0.0
2011-01-24,0.9529276293132646
2011-01-25,21.131304805945867
2011-01-26,0.0
2011-01-27,0.0
2011-01-28,0.0
2011-01-29,0.0
2011-01-30,5.670350540584646
2011-01-31,3.718025433563648
2011-02-01,25.94430450152138
2011-02-02,0.0
2011-02-03,1.7193664170329113
2011-02-04,25.99913506921504
2011-02-05,0.0
2011-02-06,0.0
2011-02-07,1.9265924141242117
2011-02-08,0.0
2011-02-09,3.5568917821843318
2011-02-10,9.896493791055509
2011-02-11,0.0
2011-02-12,0.0
2011-02-13,0.0
2011-02-14,0.0
2011-02-15,0.0023989512811643183
2011-02-16,0.0
2011-02-17,0.0
2011-02-18,0.0
2011-02-19,0.0
2011-02-20,0.0
2011-02-21,0.0
2011-02-22,0.2528374648222353
2011-02-23,0.0
2011-02-24,0.7987433949072843
2011-02-25,9.018233941689747
2011-02-26,0.0
2011-02-27,0.2502225704445429
2011-02-28,0.4234824597165592
2011-03-01,0.013279066186591654
2011-03-02,0.0
2011-03-03,0.21511041798521968
2011-03-04,15.781777233144057
2011-03-05,45.4056938177082
2011-03-06,1.5082382024835224
2011-03-07,0.0
2011-03-08,31.740350616734744
2011-03-09,49.086120775103325
2011-03-10,0.0
2011-03-11,0.0
2011-03-12,0.0
2011-03-13,0.0
2011-03-14,5.243373419911991
2011-03-15,1.2588967399418396
2011-03-16,0.0
2011-03-17,0.0
2011-03-18,0.0
2011-03-19,0.0
2011-03-20,0.0
2011-03-21,0.0
2011-03-22,0.0
2011-03-23,0.013279066186591654
2011-03-24,0.0
2011-03-25,0.0
2011-03-26,0.1911229340779539
2011-03-27,2.4930025324864884
2011-03-28,0.2830241117720591
2011-03-29,3.9666179692140395
2011-03-30,38.92665459084103
2011-03-31,0.007245138062358527
2011-04-01,0.0
2011-04-02,0.02655813237318331
2011-04-03,0.0
2011-04-04,2.673358501874177
2011-04-05,12.213365856987242
2011-04-06,0.0
2011-04-07,0.0
2011-04-08,0.04454897855572367
2011-04-09,0.02655813237318331
2011-04-10,0.0
2011-04-11,2.335489456020067
2011-04-12,4.643699025516823
2011-04-13,0.0
2011-04-14,0.12292831565093008
2011-04-15,4.8841147581129345
2011-04-16,0.11447071154826235
2011-04-17,0.0
2011-04-18,0.03983719855977496
2011-04-19,0.013279066186591654
2011-04-20,0.0020654842337610993
2011-04-21,1.0843786069595336
2011-04-22,0.013279066186591654
2011-04-23,0.0
2011-04-24,0.013279066186591654
2011-04-25,0.0642141101245897
2011-04-26,8.191358627533539
2011-04-27,0.9187766153933543
2011-04-28,0.1378119555028128
2011-04-29,0.0
2011-04-30,0.0
2011-05-01,0.0
2011-05-02,1.7405690729132148
2011-05-03,4.159276813401941
2011-05-04,0.439270563883066
2011-05-05,0.0
2011-05-06,0.0
2011-05-07,0.0
2011-05-08,0.07533497214683407
2011-05-09,0.0
2011-05-10,0.0
2011-05-11,0.04875382312962949
2011-05-12,0.0813834769849052
2011-05-13,12.991933911451792
2011-05-14,0.9973898391637229
2011-05-15,0.0
2011-05-16,0.0
2011-05-17,0.0
2011-05-18,0.2985032633604941
2011-05-19,0.6309489946718209
2011-05-20,0.0
2011-05-21,0.02655813237318331
2011-05-22,0.0
2011-05-23,0.030120075581757028
2011-05-24,0.07967439711954992
2011-05-25,0.022558295240160824
2011-05-26,15.223019380845816
2011-05-27,0.0
2011-05-28,0.0
2011-05-29,0.0
2011-05-30,0.0
2011-05-31,0.0
2011-06-01,0.0
2011-06-02,0.08621508705226141
2011-06-03,0.0
2011-06-04,0.32983589737169394
2011-06-05,0.7019666506874972
2011-06-06,7.573960040619517
2011-06-07,2.2415521464368506
2011-06-08,11.521147311376481
2011-06-09,2.3523809151963864
2011-06-10,0.18078224929110748
2011-06-11,9.551397453501878
2011-06-12,2.152142704505004
2011-06-13,1.748040792961173
2011-06-14,0.013279066186591654
2011-06-15,0.0
2011-06-16,0.0
2011-06-17,0.08971987756271797
2011-06-18,0.013836384499080772
2011-06-19,0.07237870255318064
2011-06-20,3.469101183870438
2011-06-21,15.868417530092183
2011-06-22,11.194328934571265
2011-06-23,35.009716926547505
2011-06-24,0.2778541067330475
2011-06-25,0.12682984669919717
2011-06-26,0.0
2011-06-27,0.15163395645203837
2011-06-28,6.192100580727262
2011-06-29,1.1656296068488545
2011-06-30,0.2759641254825402
2011-07-01,0.13429419833590522
2011-07-02,0.0
2011-07-03,1.9266922376822038
2011-07-04,5.088467900712183
2011-07-05,4.148977242657125
2011-07-06,1.9281296829638495
2011-07-07,0.05423090137134485
2011-07-08,0.4048148708334894
2011-07-09,0.04798296144913228
2011-07-10,0.0
2011-07-11,0.2296074284733332
2011-07-12,31.07279039004392
2011-07-13,12.801777358789378
2011-07-14,22.800925434639282
2011-07-15,3.830423911644734
2011-07-16,9.687927101459772
2011-07-17,10.245695969767535
2011-07-18,5.385153397679297
2011-07-19,0.1772075723247061
2011-07-20,4.319461490502326
2011-07-21,0.3847839947204658
2011-07-22,1.794503208491392
2011-07-23,4.921954422087125
2011-07-24,26.541063043180436
2011-07-25,5.238292666920149
2011-07-26,14.097311046814584
2011-07-27,11.057910838910932
2011-07-28,4.799563213662812
2011-07-29,1.6095981944490394
2011-07-30,0.03777171432601386
2011-07-31,1.2072551203889053
2011-08-01,5.163824842604956
2011-08-02,1.965052042727781
2011-08-03,0.13654084888492496
2011-08-04,0.0
2011-08-05,2.805623455382397
2011-08-06,0.7411915699311842
2011-08-07,0.20160750053354212
2011-08-08,0.3649247469025671
2011-08-09,0.0
2011-08-10,0.0
2011-08-11,0.4819334409955982
2011-08-12,0.7613674495949303
2011-08-13,7.152764455438059
2011-08-14,0.5674178398441344
2011-08-15,0.0
2011-08-16,0.025891198278376867
2011-08-17,0.2715872518055584
2011-08-18,1.6948031616072854
2011-08-19,0.3756081122492601
2011-08-20,0.0005573183124891175
2011-08-21,0.6017454740951423
2011-08-22,0.9906344202593352
2011-08-23,6.917341829066098
2011-08-24,1.853768288200341
2011-08-25,5.475716442852413
2011-08-26,0.010393865678547406
2011-08-27,0.0
2011-08-28,0.0
2011-08-29,0.0
2011-08-30,0.0
2011-08-31,0.0
2011-09-01,0.22908907594831343
2011-09-02,7.7341390868581685
2011-09-03,79.10021729337225
2011-09-04,74.60829522727998
2011-09-05,48.82028539904934
2011-09-06,0.0
2011-09-07,0.0
2011-09-08,0.0
2011-09-09,0.0
2011-09-10,0.0
2011-09-11,0.0
2011-09-12,0.0
2011-09-13,0.0
2011-09-14,0.0
2011-09-15,0.4622050216513559
2011-09-16,0.0
2011-09-17,0.0
2011-09-18,1.724278479460306
2011-09-19,15.990566566071806
2011-09-20,2.6166505317958704
2011-09-21,0.0
2011-09-22,6.8428258085332985
2011-09-23,1.2042307498629166
2011-09-24,0.0
2011-09-25,0.0
2011-09-26,0.0
2011-09-27,0.0
2011-09-28,40.843372128248525
2011-09-29,13.433660201859432
2011-09-30,0.0
2011-10-01,0.0
2011-10-02,0.0
2011-10-03,0.0
2011-10-04,0.0
2011-10-05,0.0
2011-10-06,0.0
2011-10-07,0.02655813237318331
2011-10-08,0.0
2011-10-09,0.0
2011-10-10,0.03983719855977496
2011-10-11,0.0
2011-10-12,1.0126143051622143
2011-10-13,16.067015386732617
2011-10-14,0.0
2011-10-15,0.0
2011-10-16,0.0
2011-10-17,0.0
2011-10-18,0.2916787522054315
2011-10-19,0.0
2011-10-20,0.0
2011-10-21,0.0
2011-10-22,0.0
2011-10-23,0.0020654842337610993
2011-10-24,0.0409518351847532
2011-10-25,0.0
2011-10-26,0.0
2011-10-27,0.0
2011-10-28,0.8004126116160972
2011-10-29,0.0
2011-10-30,0.0
2011-10-31,0.0
2011-11-01,0.0
2011-11-02,0.0
2011-11-03,2.76317109653974
2011-11-04,0.0
2011-11-05,0.0
2011-11-06,0.0
2011-11-07,0.0
2011-11-08,0.05211392991665448
2011-11-09,14.38031387388541
2011-11-10,0.39030856872876774
2011-11-11,0.0
2011-11-12,0.015011083372949534
2011-11-13,0.0
2011-11-14,1.067612181532404
2011-11-15,2.2978278816811013
2011-11-16,5.743679837371239
2011-11-17,0.04039451687226408
2011-11-18,0.0
2011-11-19,0.0
2011-11-20,0.0
2011-11-21,0.013279066186591654
2011-11-22,11.465166044580613
2011-11-23,5.996689245586737
2011-11-24,0.0
2011-11-25,3.5231912825932756
2011-11-26,7.487733966719743
2011-11-27,11.824458839508516
2011-11-28,1.4638359218806054
2011-11-29,0.0
2011-11-30,0.0
2011-12-01,0.0
2011-12-02,0.0
2011-12-03,0.010787394974841153
2011-12-04,1.288556502729885
2011-12-05,1.1457654097523815
2011-12-06,7.595320050746934
2011-12-07,4.8494234684335344
2011-12-08,0.0
2011-12-09,0.0
2011-12-10,0.0
2011-12-11,0.3584884608349375
2011-12-12,0.0
2011-12-13,0.0
2011-12-14,0.18352995853320603
2011-12-15,1.0527136416778469
2011-12-16,0.3432153069818881
2011-12-17,0.0
2011-12-18,0.0
2011-12-19,0.0
2011-12-20,1.290298039751075
2011-12-21,7.081174104437795
2011-12-22,14.506025821818769
2011-12-23,0.0
2011-12-24,0.0
2011-12-25,13.832541734054537
2011-12-26,10.802471009188901
2011-12-27,8.789760364782262
2011-12-28,0.0
2011-12-29,0.0
2011-12-30,0.0
2011-12-31,0.22822039499335056
2012-01-01,0.10476118563850591
2012-01-02,0.0
2012-01-03,0.0
2012-01-04,0.0
2012-01-05,0.0
2012-01-06,0.02655813237318331
2012-01-07,0.013279066186591654
2012-01-08,0.5255210632270753
2012-01-09,0.15506191167360284
2012-01-10,12.783735068777112
2012-01-11,0.02367293186513906
2012-01-12,0.0
2012-01-13,0.0
2012-01-14,0.0
2012-01-15,0.0
2012-01-16,0.28921752923434396
2012-01-17,10.943687032861234
2012-01-18,11.68430598844721
2012-01-19,0.0
2012-01-20,1.2063461103338908
2012-01-21,1.6302196355065033
2012-01-22,0.7288294297200761
2012-01-23,7.674271581682715
2012-01-24,1.1916261284470209
2012-01-25,2.03731203562891
2012-01-26,24.59016534549471
2012-01-27,0.0
2012-01-28,0.0
2012-01-29,0.0
2012-01-30,0.0
2012-01-31,1.3076915686354935
2012-02-01,24.84225592919897
2012-02-02,3.074269739672536
2012-02-03,3.9103698194636722
2012-02-04,2.7032743489115143
2012-02-05,0.702180809869303
2012-02-06,0.06306902525894847
2012-02-07,0.0
2012-02-08,0.0
2012-02-09,0.0
2012-02-10,15.850617908305662
2012-02-11,0.28133665973971717
2012-02-12,0.0
2012-02-13,1.5059675664965635
2012-02-14,4.36544087657916
2012-02-15,0.18573994166337732
2012-02-16,44.80931505628222
2012-02-17,0.018492013597396433
2012-02-18,71.36007273809457
2012-02-19,8.985224838447122
2012-02-20,0.0
2012-02-21,0.01741003465411385
2012-02-22,0.12889533093295827
2012-02-23,0.5109836098954545
2012-02-24,3.5966779450842092
2012-02-25,0.024826115186825426
2012-02-26,0.28548832312939704
2012-02-27,2.4184154364812844
2012-02-28,0.995427089160073
2012-02-29,0.4503787578680907
2012-03-01,0.9413855555775725
2012-03-02,3.3786371380174827
2012-03-03,13.633614002719487
2012-03-04,0.0
2012-03-05,0.0
2012-03-06,0.0
2012-03-07,0.4191525025579865
2012-03-08,0.4857982127234248
2012-03-09,14.722859103250503
2012-03-10,0.024376911564814745
2012-03-11,0.6087980683763976
2012-03-12,34.80297680542124
2012-03-13,1.1704985148238591
2012-03-14,0.1713155374795446
2012-03-15,0.0
2012-03-16,0.0
2012-03-17,0.0
2012-03-18,0.0856577687397723
2012-03-19,0.01818759574127465
2012-03-20,0.774224129677863
2012-03-21,50.409558100041764
2012-03-22,40.54364306438988
2012-03-23,0.013279066186591654
2012-03-24,0.0
2012-03-25,0.0
2012-03-26,0.0
2012-03-27,0.0
2012-03-28,0.230117892867755
2012-03-29,0.28703630842597544
2012-03-30,1.4851972892263343
2012-03-31,0.9657324931821948
2012-04-01,0.0
2012-04-02,8.025857456694192
2012-04-03,3.7351921614587793
2012-04-04,35.51770160286377
2012-04-05,11.820791558792692
2012-04-06,0.0
2012-04-07,0.0
2012-04-08,0.0020654842337610993
2012-04-09,0.012945599139188434
2012-04-10,0.0
2012-04-11,0.9255725462258942
2012-04-12,0.0
2012-04-13,0.08672285183132374
2012-04-14,0.0
2012-04-15,0.025891198278376867
2012-04-16,12.538714908262955
2012-04-17,21.792316252146108
2012-04-18,0.0
2012-04-19,0.0
2012-04-20,0.0
2012-04-21,0.22951564072229033
2012-04-22,0.0
2012-04-23,0.0
2012-04-24,0.0
2012-04-25,0.0
2012-04-26,0.0
2012-04-27,0.0
2012-04-28,0.0
2012-04-29,0.051782396556753735
2012-04-30,0.0
2012-05-01,0.0
2012-05-02,33.62177356897834
2012-05-03,3.224170340929043
2012-05-04,0.0856577687397723
2012-05-05,1.6013053349928614
2012-05-06,2.038449613523978
2012-05-07,10.874460123098295
2012-05-08,4.030995308315786
2012-05-09,1.293626625315879
2012-05-10,0.0
2012-05-11,5.602920062930871
2012-05-12,14.615019602167862
2012-05-13,7.0600454606879826
2012-05-14,0.03983719855977496
2012-05-15,0.013279066186591654
2012-05-16,0.633055577785069
2012-05-17,0.6428210560655182
2012-05-18,0.0
2012-05-19,0.09893683492636395
2012-05-20,0.0
2012-05-21,0.027672768998161543
2012-05-22,0.1556061101928237
2012-05-23,0.12791182564247974
2012-05-24,0.0
2012-05-25,0.0
2012-05-26,0.0
2012-05-27,0.0
2012-05-28,0.037541345507281984
2012-05-29,0.01904933190988555
2012-05-30,0.052948564378913765
2012-05-31,21.313922030386287
2012-06-01,2.9976258344075606
2012-06-02,0.0
2012-06-03,0.0
2012-06-04,0.0
2012-06-05,0.09177413985640553
2012-06-06,0.6530664791236356
2012-06-07,4.4534207044151
2012-06-08,11.214372054657822
2012-06-09,10.965686753101672
2012-06-10,21.4771053039796
2012-06-11,1.880912758044732
2012-06-12,1.710390288254284
2012-06-13,1.79531609947577
2012-06-14,19.3974016986327
2012-06-15,4.561579613356716
2012-06-16,2.3693377394653408
2012-06-17,0.27838177895707167
2012-06-18,0.05868944787125779
2012-06-19,0.0
2012-06-20,0.2598163515402388
2012-06-21,0.15211703158807158
2012-06-22,0.0
2012-06-23,0.0
2012-06-24,0.0
2012-06-25,0.024094499142677205
2012-06-26,0.0
2012-06-27,0.0
2012-06-28,0.0
2012-06-29,0.0
2012-06-30,0.0
2012-07-01,0.0
2012-07-02,5.707546339226249
2012-07-03,2.383589788819553
2012-07-04,13.38831133237238
2012-07-05,3.1803547136267842
2012-07-06,23.3572372216836
2012-07-07,0.635945133063458
2012-07-08,5.564281521526837
2012-07-09,2.3672850401812755
2012-07-10,21.868831142104646
2012-07-11,6.053534080342522
2012-07-12,6.768227209130254
2012-07-13,10.58657461836624
2012-07-14,2.9673906175882463
2012-07-15,11.699321663291952
2012-07-16,0.6236069896500082
2012-07-17,0.0856577687397723
2012-07-18,10.785292272607812
2012-07-19,59.02317211850299
2012-07-20,18.94831783965645
2012-07-21,10.683242646025441
2012-07-22,2.376767990687244
2012-07-23,1.0022686454033511
2012-07-24,0.0
2012-07-25,0.588477550038064
2012-07-26,6.296040940690569
2012-07-27,4.420872273235594
2012-07-28,7.204594132901816
2012-07-29,0.03983719855977496
2012-07-30,0.08448306986590354
2012-07-31,0.11617358305885574
2012-08-01,0.06695264924544739
2012-08-02,0.1437300841108176
2012-08-03,1.3806063556505188
2012-08-04,3.2392649730387464
2012-08-05,4.878545935121346
2012-08-06,7.727115111805255
2012-08-07,10.363634843361979
2012-08-08,0.6223372742320821
2012-08-09,14.31903492538707
2012-08-10,2.000193275239769
2012-08-11,3.001594758965298
2012-08-12,0.013279066186591654
2012-08-13,0.12833801262046915
2012-08-14,19.39133807356941
2012-08-15,5.208075265065994
2012-08-16,0.7910018414493117
2012-08-17,2.5005085833614125
2012-08-18,11.115929842924142
2012-08-19,7.304647017007442
2012-08-20,5.592989424228454
2012-08-21,0.2178094765234303
2012-08-22,0.0
2012-08-23,0.0856577687397723
2012-08-24,2.037003317948382
2012-08-25,2.485718847873684
2012-08-26,0.0
2012-08-27,0.0
2012-08-28,9.218825956397646
2012-08-29,153.203114520342
2012-08-30,162.22161843682883
2012-08-31,23.833531335955243
2012-09-01,4.3968651522251845
2012-09-02,2.656053650030363
2012-09-03,0.1378119555028128
2012-09-04,0.37509401367098166
2012-09-05,1.230443004622197
2012-09-06,1.4205405032229994
2012-09-07,0.584842351314812
2012-09-08,1.1488521705384112
2012-09-09,0.0
2012-09-10,0.0
2012-09-11,0.0
2012-09-12,0.8831414116293123
2012-09-13,3.0123850352622537
2012-09-14,0.0
2012-09-15,0.0
2012-09-16,0.16255639084610796
2012-09-17,28.043837868462607
2012-09-18,4.859303005219151
2012-09-19,0.0
2012-09-20,0.0
2012-09-21,0.0
2012-09-22,0.0
2012-09-23,0.17491061494173007
2012-09-24,0.0
2012-09-25,0.250779888757032
2012-09-26,0.0
2012-09-27,0.0
2012-09-28,3.0579674833956827
2012-09-29,28.047863122601974
2012-09-30,26.294259352663058
2012-10-01,0.9412887149453649
2012-10-02,0.0
2012-10-03,0.33741504199499267
2012-10-04,0.040274593192868954
2012-10-05,0.0
2012-10-06,0.0
2012-10-07,0.0
2012-10-08,0.0
2012-10-09,0.0
2012-10-10,0.0023989512811643183
2012-10-11,0.0
2012-10-12,0.0
2012-10-13,0.0
2012-10-14,0.2167154909418655
2012-10-15,0.809484804714439
2012-10-16,0.0
2012-10-17,0.571218960480583
2012-10-18,9.750548339015031
2012-10-19,0.0
2012-10-20,0.0
2012-10-21,0.0003334670474032191
2012-10-22,0.0
2012-10-23,0.0
2012-10-24,0.0
2012-10-25,0.0
2012-10-26,0.0
2012-10-27,0.0
2012-10-28,0.0
2012-10-29,0.0
2012-10-30,0.0
2012-10-31,0.0
2012-11-01,0.0
2012-11-02,0.10211334729468906
2012-11-03,0.0
2012-11-04,14.833162165943788
2012-11-05,3.1570359775178387
2012-11-06,1.6476674861299718
2012-11-07,0.0
2012-11-08,0.0
2012-11-09,0.0
2012-11-10,0.0
2012-11-11,0.0003334670474032191
2012-11-12,18.807040465699068
2012-11-13,0.0
2012-11-14,0.0
2012-11-15,0.0
2012-11-16,0.0013858319824582624
2012-11-17,0.0
2012-11-18,0.0
2012-11-19,0.0
2012-11-20,0.0
2012-11-21,0.0
2012-11-22,0.0
2012-11-23,0.0
2012-11-24,0.0
2012-11-25,0.0
2012-11-26,9.3672836898373
2012-11-27,23.346443795965403
2012-11-28,0.0
2012-11-29,0.0
2012-11-30,0.0
2012-12-01,0.0
2012-12-02,0.013279066186591654
2012-12-03,0.0
2012-12-04,19.02894312514326
2012-12-05,30.020733110218746
2012-12-06,0.9065395414017068
2012-12-07,0.30511939796718585
2012-12-08,0.0
2012-12-09,0.05244079959985144
2012-12-10,29.170936324549874
2012-12-11,0.0
2012-12-12,0.0
2012-12-13,0.0
2012-12-14,0.0
2012-12-15,0.0
2012-12-16,5.588839828453955
2012-12-17,50.09368444227968
2012-12-18,0.0
2012-12-19,0.0
2012-12-20,11.108102716359177
2012-12-21,0.0
2012-12-22,0.0
2012-12-23,0.6206155715733678
2012-12-24,2.920845383024789
2012-12-25,56.2712821837152
2012-12-26,0.5855771713848613
2012-12-27,0.0
2012-12-28,21.88220560272879
2012-12-29,8.796681484889763
2012-12-30,0.0
2012-12-31,0.0
2013-01-01,16.85543655469057
2013-01-02,15.09519787735557
2013-01-03,3.0746467899651684
2013-01-04,0.0
2013-01-05,5.718400746160502
2013-01-06,7.52630098201667
2013-01-07,0.0
2013-01-08,13.996064624350007
2013-01-09,69.95279495237438
2013-01-10,25.556964259241333
2013-01-11,26.86278950121853
2013-01-12,3.668009036622989
2013-01-13,31.747416466248325
2013-01-14,11.469423756166938
2013-01-15,37.85797639676777
2013-01-16,4.485286571842363
2013-01-17,2.529166422804858
2013-01-18,0.0
2013-01-19,0.0
2013-01-20,0.0
2013-01-21,0.0
2013-01-22,0.0
2013-01-23,0.0
2013-01-24,0.013279066186591654
2013-01-25,0.0
2013-01-26,0.0
2013-01-27,0.0
2013-01-28,0.05623570373959324
2013-01-29,18.836584690195675
2013-01-30,11.068397364308677
2013-01-31,0.0
2013-02-01,0.0
2013-02-02,0.025891198278376867
2013-02-03,0.0
2013-02-04,0.7763742678564358
2013-02-05,3.0887466086957183
2013-02-06,1.3387910683457316
2013-02-07,37.39044383529363
2013-02-08,0.17249124756345038
2013-02-09,0.0
2013-02-10,14.12813001099159
2013-02-11,42.41731768517714
2013-02-12,20.033459563064326
2013-02-13,0.8030592737170448
2013-02-14,0.0
2013-02-15,0.0
2013-02-16,0.0
2013-02-17,0.0
2013-02-18,0.4128837153568656
2013-02-19,24.406196019150038
2013-02-20,0.0
2013-02-21,4.490300099039045
2013-02-22,6.201838507202952
2013-02-23,16.44876462619346
2013-02-24,0.011213581952830554
2013-02-25,57.69805943022375
2013-02-26,5.122876483933105
2013-02-27,0.2156631032873718
2013-02-28,0.0
2013-03-01,0.0
2013-03-02,0.0
2013-03-03,0.0
2013-03-04,0.0
2013-03-05,0.15636913605593683
2013-03-06,0.0
2013-03-07,0.0
2013-03-08,0.0
2013-03-09,0.08980664426906267
2013-03-10,0.5323247420707568
2013-03-11,20.333205862834966
2013-03-12,0.0
2013-03-13,0.0
2013-03-14,0.0
2013-03-15,0.0
2013-03-16,0.0
2013-03-17,0.29424428572613825
2013-03-18,0.22494057821501057
2013-03-19,0.4868280448994987
2013-03-20,0.7571078715043372
2013-03-21,0.0
2013-03-22,0.4031053852847669
2013-03-23,2.410825910049601
2013-03-24,1.2034218731010742
2013-03-25,0.0
2013-03-26,0.0
2013-03-27,0.0
2013-03-28,0.0
2013-03-29,0.0
2013-03-30,2.451955535616543
2013-03-31,10.196639148307911
2013-04-01,2.393071578586475
2013-04-02,0.04836633452254065
2013-04-03,39.332265637392574
2013-04-04,1.7297357895964494
2013-04-05,4.428780240292468
2013-04-06,1.515899425223086
2013-04-07,0.0
2013-04-08,0.015678017467755972
2013-04-09,0.4695012948320986
2013-04-10,0.2160765721088648
2013-04-11,24.6564735906741
2013-04-12,0.0
2013-04-13,0.0
2013-04-14,60.33551474748445
2013-04-15,0.1800721331978104
2013-04-16,0.16684134299063125
2013-04-17,0.11372507824426462
2013-04-18,1.1313081705192183
2013-04-19,19.01420712424823
2013-04-20,0.0
2013-04-21,0.0
2013-04-22,0.0
2013-04-23,0.16931473519512527
2013-04-24,24.309044763169233
2013-04-25,0.0
2013-04-26,0.0
2013-04-27,0.03732251070400318
2013-04-28,11.287618709486287
2013-04-29,2.499024046680185
2013-04-30,3.573740535446535
2013-05-01,25.083617767330473
2013-05-02,9.144384446896659
2013-05-03,2.6846827846331607
2013-05-04,0.0
2013-05-05,0.0
2013-05-06,0.0
2013-05-07,0.0
2013-05-08,0.0
2013-05-09,0.010880114905427335
2013-05-10,59.34115414826598
2013-05-11,12.83756046034611
2013-05-12,0.013279066186591654
2013-05-13,0.0
2013-05-14,0.0
2013-05-15,0.1290049467152756
2013-05-16,0.17583053773793383
2013-05-17,0.308340274963666
2013-05-18,0.013279066186591654
2013-05-19,0.0
2013-05-20,0.10896856455116806
2013-05-21,0.03486961796623848
2013-05-22,31.33322687836448
2013-05-23,0.30031015601601174
2013-05-24,1.5531546230569997
2013-05-25,0.0
2013-05-26,0.0
2013-05-27,0.0877232529735334
2013-05-28,0.032853058727270665
2013-05-29,8.339315800108844
2013-05-30,6.233251514397434
2013-05-31,0.6542321249350022
2013-06-01,0.7066745208435673
2013-06-02,2.8984217558434184
2013-06-03,1.0350038897024603
2013-06-04,0.1666303292809801
2013-06-05,1.503595329862473
2013-06-06,2.803463807363595
2013-06-07,9.7359568005483
2013-06-08,1.1393568637780775
2013-06-09,10.54052331839171
2013-06-10,4.382085210863194
2013-06-11,0.03732251070400318
2013-06-12,0.0
2013-06-13,0.0
2013-06-14,0.4603452780235395
2013-06-15,0.0
2013-06-16,0.38625757492802226
2013-06-17,0.12018096519069658
2013-06-18,0.250816204268352
2013-06-19,20.89088913716895
2013-06-20,2.2782833266098357
2013-06-21,0.3406523981413966
2013-06-22,0.3417109404235676
2013-06-23,3.735490063272634
2013-06-24,3.4155499178814566
2013-06-25,0.5890684008281455
2013-06-26,0.0
2013-06-27,0.0
2013-06-28,0.04648750427480377
2013-06-29,7.692185146817077
2013-06-30,0.39847791171397595
2013-07-01,0.0
2013-07-02,0.002622802546250217
2013-07-03,1.0383296094002183
2013-07-04,0.2816315043264473
2013-07-05,5.387846337521647
2013-07-06,13.64298888826422
2013-07-07,12.498749201440008
2013-07-08,11.928778398896592
2013-07-09,0.23146232842408634
2013-07-10,0.44776220731157573
2013-07-11,23.46281750729505
2013-07-12,0.7152674762945807
2013-07-13,0.012945599139188434
2013-07-14,5.231244764105469
2013-07-15,12.015011525816954
2013-07-16,4.1005787310714
2013-07-17,0.6756386734435615
2013-07-18,2.8002334806895193
2013-07-19,1.4451872458088748
2013-07-20,2.4489276691247417
2013-07-21,16.20027131852024
2013-07-22,15.74283952158669
2013-07-23,0.16568703749443917
2013-07-24,0.0
2013-07-25,0.22986811102000004
2013-07-26,0.012945599139188434
2013-07-27,16.857232903235104
2013-07-28,0.3139982174398633
2013-07-29,0.03732251070400318
2013-07-30,5.853210655082239
2013-07-31,0.11313034140633477
2013-08-01,0.4352374799230758
2013-08-02,1.3289363754613075
2013-08-03,0.0
2013-08-04,0.03262015493597836
2013-08-05,0.13835018192993218
2013-08-06,0.0005573183124891175
2013-08-07,0.025891198278376867
2013-08-08,3.473447301619252
2013-08-09,8.018782266517318
2013-08-10,0.41047623741186695
2013-08-11,5.288854983791917
2013-08-12,28.68108985688816
2013-08-13,20.434025565633597
2013-08-14,65.28768063804443
2013-08-15,1.2990715265431643
2013-08-16,0.7785112156457165
2013-08-17,4.935303516653022
2013-08-18,1.5625451139795976
2013-08-19,0.4125689049176897
2013-08-20,0.3279721796460158
2013-08-21,2.788503713772878
2013-08-22,0.1506621581080192
2013-08-23,2.1993142566574413
2013-08-24,0.7545037130852493
2013-08-25,0.32086108129883056
2013-08-26,0.05233359407695271
2013-08-27,0.0
2013-08-28,0.0
2013-08-29,0.0
2013-08-30,0.0
2013-08-31,0.0
2013-09-01,0.013279066186591654
2013-09-02,0.02655813237318331
2013-09-03,0.6701367916203447
2013-09-04,2.055866170412137
2013-09-05,13.607014981060951
2013-09-06,0.27823198565138696
2013-09-07,0.02655813237318331
2013-09-08,0.010880114905427335
2013-09-09,0.02655813237318331
2013-09-10,0.20071671517364978
2013-09-11,0.0
2013-09-12,0.0
2013-09-13,1.660391567573199
2013-09-14,0.060584309071923574
2013-09-15,0.0678454073936787
2013-09-16,0.0
2013-09-17,0.0
2013-09-18,3.5642363047247154
2013-09-19,10.354693579414635
2013-09-20,6.634033628460102
2013-09-21,56.72223712687821
2013-09-22,4.305122230145107
2013-09-23,5.258659364126447
2013-09-24,7.23883189007732
2013-09-25,0.11578118290891258
2013-09-26,0.0
2013-09-27,0.0
2013-09-28,0.0
2013-09-29,0.8060954057453981
2013-09-30,4.137741221650809
2013-10-01,0.19344048843597966
2013-10-02,2.8149070798185263
2013-10-03,0.526033700935697
2013-10-04,0.21472498714497107
2013-10-05,0.6691185392398802
2013-10-06,2.8538258919719484
2013-10-07,0.0
2013-10-08,0.0
2013-10-09,0.0
2013-10-10,0.013279066186591654
2013-10-11,0.2627037614893157
2013-10-12,0.0642141101245897
2013-10-13,0.704226880781516
2013-10-14,0.0
2013-10-15,0.0
2013-10-16,0.14217439711954993
2013-10-17,0.9724618257831258
2013-10-18,0.8642542621885346
2013-10-19,20.23600508189067
2013-10-20,0.0
2013-10-21,1.8653544342829975
2013-10-22,0.18407095912079585
2013-10-23,0.0
2013-10-24,0.0
2013-10-25,0.0
2013-10-26,0.0
2013-10-27,0.9357881034605465
2013-10-28,0.45538040162825355
2013-10-29,0.0
2013-10-30,0.010230076662352035
2013-10-31,8.412954083503914
2013-11-01,10.669945513936028
2013-11-02,0.0
2013-11-03,0.0
2013-11-04,0.0
2013-11-05,0.0
2013-11-06,6.724343390164168
2013-11-07,9.268660226127302
2013-11-08,0.0
2013-11-09,0.0003334670474032191
2013-11-10,0.004290137783266312
2013-11-11,0.0
2013-11-12,0.0
2013-11-13,0.0
2013-11-14,0.0
2013-11-15,1.748247768509996
2013-11-16,0.48886205749401973
2013-11-17,6.935681569721221
2013-11-18,6.473311125106744
2013-11-19,0.0
2013-11-20,0.0
2013-11-21,0.0006669340948064382
2013-11-22,6.449245833362599
2013-11-23,3.5448981356182134
2013-11-24,0.17455773974071978
2013-11-25,6.011126665132426
2013-11-26,33.538808579972255
2013-11-27,5.46060523496204
2013-11-28,0.05840995523826726
2013-11-29,0.0
2013-11-30,0.0
2013-12-01,0.0
2013-12-02,0.44161993271958655
2013-12-03,1.346563198414071
2013-12-04,2.6112669288816996
2013-12-05,4.8228639838637175
2013-12-06,10.167765277717924
2013-12-07,0.6410877854584554
2013-12-08,12.912869497717418
2013-12-09,21.060276070449774
2013-12-10,1.6169521061143517
2013-12-11,0.0
2013-12-12,0.0
2013-12-13,0.0
2013-12-14,10.759279153972162
2013-12-15,0.21900063933592484
2013-12-16,0.0
2013-12-17,0.0
2013-12-18,0.0
2013-12-19,0.0020654842337610993
2013-12-20,0.2712088509251797
2013-12-21,0.6639737799338492
2013-12-22,17.642717849553858
2013-12-23,0.6668436890408208
2013-12-24,0.0
2013-12-25,0.0
2013-12-26,0.0
2013-12-27,0.0
2013-12-28,19.457357037499293
2013-12-29,1.7960754410357498
2013-12-30,0.0
2013-12-31,0.0
2014-01-01,1.5936467544362565
2014-01-02,5.621316054185885
2014-01-03,0.0
2014-01-04,0.0
2014-01-05,2.5229404562851463
2014-01-06,1.1089921485961058
2014-01-07,0.0
2014-01-08,0.0
2014-01-09,0.0
2014-01-10,0.0
2014-01-11,21.35865406535855
2014-01-12,0.0
2014-01-13,9.183051610454285
2014-01-14,0.013279066186591654
2014-01-15,0.32488243398403543
2014-01-16,0.0
2014-01-17,0.0
2014-01-18,0.0
2014-01-19,0.20233911657769035
2014-01-20,0.0
2014-01-21,0.07237870255318064
2014-01-22,0.0
2014-01-23,0.0
2014-01-24,0.9467012365359302
2014-01-25,0.027225066467989747
2014-01-26,0.0
2014-01-27,1.6399327933086707
2014-01-28,4.711405474778138
2014-01-29,1.1093615638409862
2014-01-30,0.0
2014-01-31,0.0
2014-02-01,1.2456890996238017
2014-02-02,4.58403254651753
2014-02-03,17.56575750107288
2014-02-04,0.49788290417344694
2014-02-05,27.311394721394795
2014-02-06,1.0689301976481018
2014-02-07,0.0
2014-02-08,0.7022936402571741
2014-02-09,0.0
2014-02-10,3.0072888398777056
2014-02-11,29.557617580150772
2014-02-12,28.347127633663852
2014-02-13,0.0
2014-02-14,0.0
2014-02-15,0.0378798290164923
2014-02-16,0.0
2014-02-17,0.07464502140800636
2014-02-18,0.0031720224026941927
2014-02-19,0.03732251070400318
2014-02-20,1.830487122632308
2014-02-21,49.06386931534058
2014-02-22,0.039773425778012884
2014-02-23,14.70902086511825
2014-02-24,0.2511133558044352
2014-02-25,1.596733843240276
2014-02-26,31.83163447841798
2014-02-27,0.0
2014-02-28,0.3873722115530005
2014-03-01,0.1739102137995204
2014-03-02,0.3266491625723339
2014-03-03,2.3067683964232657
2014-03-04,13.036228758264832
2014-03-05,0.8364519560681583
2014-03-06,6.591090180272556
2014-03-07,0.0
2014-03-08,0.0
2014-03-09,0.03932793268887375
2014-03-10,0.0
2014-03-11,6.841328733305901
2014-03-12,0.1782545248166648
2014-03-13,0.0
2014-03-14,0.0
2014-03-15,0.1348410373316892
2014-03-16,27.770405613069507
2014-03-17,0.0
2014-03-18,0.0
2014-03-19,0.0
2014-03-20,0.0
2014-03-21,0.0
2014-03-22,0.001114636624978235
2014-03-23,7.817824340867312
2014-03-24,1.1421817684560496
2014-03-25,0.0
2014-03-26,0.0
2014-03-27,1.3739580633847985
2014-03-28,72.11478833949036
2014-03-29,7.317454245501897
2014-03-30,0.0
2014-03-31,0.0
2014-04-01,0.013502917451677553
2014-04-02,0.0409022816513264
2014-04-03,0.06489376237589255
2014-04-04,10.725278914779182
2014-04-05,0.3048281572879789
2014-04-06,6.8777445363701055
2014-04-07,53.993957459355855
2014-04-08,1.993178708813449
2014-04-09,0.0
2014-04-10,0.0
2014-04-11,0.0
2014-04-12,0.0981602850492402
2014-04-13,0.0
2014-04-14,26.208698317686373
2014-04-15,13.770471551949854
2014-04-16,0.0
2014-04-17,0.11199666954832097
2014-04-18,1.1266515060288023
2014-04-19,0.0
2014-04-20,0.0
2014-04-21,0.0
2014-04-22,0.1994970824668055
2014-04-23,0.0
2014-04-24,0.0
2014-04-25,0.0
2014-04-26,0.02800623604556476
2014-04-27,0.4238115730662093
2014-04-28,1.365971965787257
2014-04-29,28.741457447526148
2014-04-30,4.190140017201435
2014-05-01,0.0
2014-05-02,0.5390694040522511
2014-05-03,0.0
2014-05-04,0.0
2014-05-05,0.0
2014-05-06,0.0
2014-05-07,0.0
2014-05-08,0.0
2014-05-09,41.4473160429264
2014-05-10,49.70692194708532
2014-05-11,16.52617412227792
2014-05-12,1.181224586230931
2014-05-13,0.0883162178415102
2014-05-14,6.602480270031882
2014-05-15,0.0
2014-05-16,0.0
2014-05-17,0.0
2014-05-18,0.0
2014-05-19,0.0
2014-05-20,0.0
2014-05-21,0.0
2014-05-22,0.0
2014-05-23,0.0
2014-05-24,0.05021614605034622
2014-05-25,0.0
2014-05-26,0.0
2014-05-27,1.294421023603516
2014-05-28,55.68371782722913
2014-05-29,67.27314831228534
2014-05-30,27.27354237563471
2014-05-31,22.01264061553979
2014-06-01,11.051155117633241
2014-06-02,20.679551221469413
2014-06-03,8.224017799351348
2014-06-04,0.7227239519892308
2014-06-05,0.1122159011129556
2014-06-06,0.013279066186591654
2014-06-07,0.0
2014-06-08,0.0
2014-06-09,0.11561626474636662
2014-06-10,39.44772361273828
2014-06-11,4.089322617890609
2014-06-12,0.0
2014-06-13,27.376698055282123
2014-06-14,0.0856577687397723
2014-06-15,0.11254936816035882
2014-06-16,0.29584946072524143
2014-06-17,0.02655813237318331
2014-06-18,0.0
2014-06-19,0.10460862699685378
2014-06-20,0.03319766302877113
2014-06-21,5.9755989629265445
2014-06-22,2.877920160312431
2014-06-23,5.90297261459163
2014-06-24,0.7198368869758374
2014-06-25,6.815352176585097
2014-06-26,25.241118044806
2014-06-27,15.422252593511486
2014-06-28,18.893842798415033
2014-06-29,0.013279066186591654
2014-06-30,0.0
2014-07-01,5.348905025128269
2014-07-02,5.954146312289068
2014-07-03,16.56808086429408
2014-07-04,1.2327633436228378
2014-07-05,1.1604273846707391
2014-07-06,0.0
2014-07-07,0.0
2014-07-08,2.67709675182709
2014-07-09,1.6588570357433614
2014-07-10,1.6235437639874322
2014-07-11,22.117269603346543
2014-07-12,1.0137187607484397
2014-07-13,3.097510032531631
2014-07-14,12.588957996106007
2014-07-15,6.866974875477273
2014-07-16,0.3641808759639528
2014-07-17,0.0
2014-07-18,40.91907579895408
2014-07-19,17.599129806183942
2014-07-20,1.8110988505329935
2014-07-21,0.21412431214783526
2014-07-22,0.8034930938413741
2014-07-23,0.5945255880550511
2014-07-24,0.249669871832505
2014-07-25,0.32185367026942385
2014-07-26,0.39580723043721067
2014-07-27,0.0
2014-07-28,2.0760340376221764
2014-07-29,0.4860156259041459
2014-07-30,0.0
2014-07-31,0.057023377073386894
2014-08-01,0.9335403908021466
2014-08-02,3.035848556990825
2014-08-03,2.561352223319665
2014-08-04,5.345266198997988
2014-08-05,0.3842354558133776
2014-08-06,1.5320166177771128
2014-08-07,2.469603329927552
2014-08-08,0.5844569130151769
2014-08-09,13.440221458052072
2014-08-10,13.389003193737993
2014-08-11,4.017851936901844
2014-08-12,4.281828052920533
2014-08-13,0.012945599139188434
2014-08-14,0.0
2014-08-15,0.0
2014-08-16,0.5856564335583406
2014-08-17,3.214757661695606
2014-08-18,1.3595756905525211
2014-08-19,0.22672214893479523
2014-08-20,0.22001894753990267
2014-08-21,0.40592650366590255
2014-08-22,0.0044644355149254175
2014-08-23,0.026448516590865986
2014-08-24,0.07171176845837421
2014-08-25,8.615351340295236
2014-08-26,1.7261720149378472
2014-08-27,0.23757705072377525
2014-08-28,0.010880114905427335
2014-08-29,4.6246619305111185
2014-08-30,19.049490503707187
2014-08-31,1.319875714574515
2014-09-01,1.5681474578940429
2014-09-02,5.400092510404707
2014-09-03,32.316762887864265
2014-09-04,2.856134148326571
2014-09-05,9.584201699368924
2014-09-06,0.4040162822720441
2014-09-07,9.602624673565154
2014-09-08,4.1140805529683435
2014-09-09,0.1921896016309582
2014-09-10,0.025891198278376867
2014-09-11,1.512281450320801
2014-09-12,8.628819779633629
2014-09-13,0.1764406766001258
2014-09-14,0.013279066186591654
2014-09-15,0.5287099683666315
2014-09-16,12.310050452821464
2014-09-17,0.4856486166283182
2014-09-18,0.36526977234250346
2014-09-19,2.7420218968171257
2014-09-20,0.01632918485718187
2014-09-21,0.0
2014-09-22,0.013279066186591654
2014-09-23,0.0
2014-09-24,0.0
2014-09-25,0.0
2014-09-26,0.0
2014-09-27,0.015011083372949534
2014-09-28,5.368180003138894
2014-09-29,4.366836108461216
2014-09-30,0.1511537832611295
2014-10-01,0.7540897180601052
2014-10-02,5.577298708788424
2014-10-03,20.615710022994303
2014-10-04,0.0
2014-10-05,0.0
2014-10-06,0.013279066186591654
2014-10-07,0.0
2014-10-08,0.0
2014-10-09,0.21751227394174133
2014-10-10,0.013279066186591654
2014-10-11,0.010787394974841153
2014-10-12,0.1854105904421795
2014-10-13,23.96802592963723
2014-10-14,11.66068833751047
2014-10-15,0.0
2014-10-16,0.0
2014-10-17,0.0
2014-10-18,0.0
2014-10-19,0.0
2014-10-20,0.0
2014-10-21,0.0
2014-10-22,0.0
2014-10-23,0.016063448308004578
2014-10-24,0.0003334670474032191
2014-10-25,0.0
2014-10-26,0.0
2014-10-27,0.0
2014-10-28,0.0
2014-10-29,0.9709718992807321
2014-10-30,0.0
2014-10-31,0.0
2014-11-01,0.0
2014-11-02,0.0
2014-11-03,0.0
2014-11-04,0.0
2014-11-05,0.6006597975875948
2014-11-06,1.338028550500968
2014-11-07,0.012945599139188434
2014-11-08,0.7381636383525791
2014-11-09,0.13159971128028142
2014-11-10,0.0
2014-11-11,0.05377808925891995
2014-11-12,1.6748649024560618
2014-11-13,1.5367710057400699
2014-11-14,0.0
2014-11-15,0.0
2014-11-16,4.230171120807221
2014-11-17,58.15380540380643
2014-11-18,0.0
2014-11-19,0.0
2014-11-20,0.0
2014-11-21,0.0
2014-11-22,0.013279066186591654
2014-11-23,10.546591631167502
2014-11-24,0.0
2014-11-25,0.0041309684675221985
2014-11-26,0.0
2014-11-27,0.0
2014-11-28,0.0
2014-11-29,0.0
2014-11-30,0.0
2014-12-01,0.0
2014-12-02,0.0
2014-12-03,0.0
2014-12-04,0.07766506378342188
2014-12-05,0.1267141101245897
2014-12-06,0.7346371191367518
2014-12-07,0.0
2014-12-08,0.02562057212571736
2014-12-09,0.0
2014-12-10,0.0
2014-12-11,0.0
2014-12-12,0.0
2014-12-13,0.0
2014-12-14,0.0
2014-12-15,0.08701991014945261
2014-12-16,3.9091440567500015
2014-12-17,0.0
2014-12-18,1.0136737515415324
2014-12-19,47.55114925543302
2014-12-20,16.811665600045252
2014-12-21,0.09893683492636395
2014-12-22,0.8130245978841892
2014-12-23,44.462927943171096
2014-12-24,13.216469625467047
2014-12-25,0.0
2014-12-26,0.33799430787027784
2014-12-27,33.385895031923305
2014-12-28,10.272642734081618
2014-12-29,2.773073519015703
2014-12-30,0.2620444262666747
2014-12-31,0.0
2015-01-01,0.0
2015-01-02,0.1718405782952794
2015-01-03,15.143149666516006
2015-01-04,33.730273954008275
2015-01-05,0.0
2015-01-06,0.0
2015-01-07,0.0
2015-01-08,0.0
2015-01-09,1.715744028416502
2015-01-10,0.0
2015-01-11,1.7865806132850404
2015-01-12,3.5846822311466813
2015-01-13,0.012945599139188434
2015-01-14,0.0
2015-01-15,6.621731191862283
2015-01-16,0.0
2015-01-17,0.0
2015-01-18,0.0
2015-01-19,0.0
2015-01-20,0.0
2015-01-21,0.0
2015-01-22,10.5255094492548
2015-01-23,41.517711123234896
2015-01-24,0.0005573183124891175
2015-01-25,0.0
2015-01-26,0.0
2015-01-27,0.0
2015-01-28,0.0
2015-01-29,0.0
2015-01-30,0.0
2015-01-31,0.0
2015-02-01,6.2571818062619755
2015-02-02,3.184224466225881
2015-02-03,0.0
2015-02-04,15.953963150466032
2015-02-05,0.00222927324995647
2015-02-06,0.0
2015-02-07,0.0
2015-02-08,0.0
2015-02-09,0.14217439711954993
2015-02-10,0.0
2015-02-11,0.0
2015-02-12,0.017076567606710634
2015-02-13,0.0
2015-02-14,0.0
2015-02-15,0.02382571404461577
2015-02-16,3.983786989627293
2015-02-17,11.664184531297364
2015-02-18,0.0
2015-02-19,0.0
2015-02-20,0.009279229053569172
2015-02-21,3.2985804338342377
2015-02-22,8.984258034674292
2015-02-23,1.9202546325220153
2015-02-24,2.9610598422026437
2015-02-25,22.541301247719044
2015-02-26,0.20011213209178522
2015-02-27,0.0
2015-02-28,0.0
2015-03-01,2.653298515090876
2015-03-02,44.08602286982652
2015-03-03,0.9309079251813416
2015-03-04,0.6718403004453204
2015-03-05,1.9728382638697683
2015-03-06,0.0412698847528255
2015-03-07,0.09635135373851315
2015-03-08,0.0
2015-03-09,4.937698255087202
2015-03-10,10.792666893333989
2015-03-11,4.998239678488421
2015-03-12,2.5665797220433904
2015-03-13,38.12756822621297
2015-03-14,0.0985249465197285
2015-03-15,1.7787775196445645
2015-03-16,0.00668781974986941
2015-03-17,0.013279066186591654
2015-03-18,0.3787846246175852
2015-03-19,2.5114570756840173
2015-03-20,7.060511876381208
2015-03-21,8.732614716614174
2015-03-22,9.405011276675394
2015-03-23,0.0
2015-03-24,0.05311626474636662
2015-03-25,0.14587204173133952
2015-03-26,2.6136772682571157
2015-03-27,1.3451053248955238
2015-03-28,0.0
2015-03-29,0.0
2015-03-30,0.07293602086566976
2015-03-31,0.0
2015-04-01,0.0020654842337610993
2015-04-02,0.16945142738038504
2015-04-03,0.34951883932282846
2015-04-04,1.9782656570393327
2015-04-05,14.044471493958925
2015-04-06,19.824095949130406
2015-04-07,0.19989816100352956
2015-04-08,0.0981602850492402
2015-04-09,1.2462713040585855
2015-04-10,10.275109890531512
2015-04-11,3.0283865479915155
2015-04-12,12.53136067262625
2015-04-13,19.76718507783969
2015-04-14,32.51119681807861
2015-04-15,2.3649587784277433
2015-04-16,12.455660068996155
2015-04-17,5.0639574510149945
2015-04-18,11.177088522271108
2015-04-19,5.449373646050167
2015-04-20,0.0
2015-04-21,0.0
2015-04-22,0.0
2015-04-23,0.7964516281847298
2015-04-24,0.7807923836526274
2015-04-25,13.640489135124085
2015-04-26,0.0024509150740097043
2015-04-27,20.131834027235826
2015-04-28,9.415282942099035
2015-04-29,0.0
2015-04-30,0.0
2015-05-01,0.0
2015-05-02,0.0
2015-05-03,0.0
2015-05-04,0.028623616606944405
2015-05-05,0.0
2015-05-06,0.04016497741055163
2015-05-07,0.025891198278376867
2015-05-08,0.0
2015-05-09,0.0
2015-05-10,0.0
2015-05-11,16.955621063181518
2015-05-12,10.568644136269597
2015-05-13,6.003496939774299
2015-05-14,3.2756926232663757
2015-05-15,12.936162583238836
2015-05-16,24.459023269917203
2015-05-17,8.500418867077128
2015-05-18,30.995715602482804
2015-05-19,0.0927557769849729
2015-05-20,2.454127736759009
2015-05-21,7.121466556815847
2015-05-22,0.03727054691115779
2015-05-23,1.854707517302711
2015-05-24,3.2360925250609878
2015-05-25,41.38781170905053
2015-05-26,36.19388231272581
2015-05-27,16.237505916941394
2015-05-28,1.5329289334129441
2015-05-29,7.994007324135842
2015-05-30,6.717427640181152
2015-05-31,20.994808981771673
2015-06-01,2.1951745234107665
2015-06-02,0.03939411573005442
2015-06-03,0.0
2015-06-04,0.0
2015-06-05,0.0
2015-06-06,5.947638737449584
2015-06-07,0.458259071565291
2015-06-08,0.025891198278376867
2015-06-09,20.26549889146535
2015-06-10,0.12160031989991521
2015-06-11,1.01255083845907
2015-06-12,3.924518001784861
2015-06-13,4.13106723799033
2015-06-14,3.2853184766525656
2015-06-15,3.545850949238507
2015-06-16,0.26277855134617006
2015-06-17,0.12667067738345306
2015-06-18,0.21299999991848304
2015-06-19,5.984882050335599
2015-06-20,0.35354044947875346
2015-06-21,0.10329165465897204
2015-06-22,0.015011083372949534
2015-06-23,2.019079188762585
2015-06-24,15.65294953081313
2015-06-25,5.776121399431552
2015-06-26,4.696872464851925
2015-06-27,5.468360749856348
2015-06-28,12.154849644445738
2015-06-29,2.620849696120078
2015-06-30,11.938607098402988
2015-07-01,8.13248038088324
2015-07-02,0.7824883642014617
2015-07-03,0.1759426658221271
2015-07-04,16.688184940273782
2015-07-05,20.51842333721971
2015-07-06,6.50838393139864
2015-07-07,0.23185488405104643
2015-07-08,0.24210670545888802
2015-07-09,0.6790881247156443
2015-07-10,0.9224296631121696
2015-07-11,0.9489604346018856
2015-07-12,0.1162625921640454
2015-07-13,0.01688650316967099
2015-07-14,0.0
2015-07-15,0.0020654842337610993
2015-07-16,0.0003334670474032191
2015-07-17,0.24165873687726394
2015-07-18,0.2656038801853361
2015-07-19,0.469623370910159
2015-07-20,8.690913385528326
2015-07-21,0.4824891253124077
2015-07-22,0.25716197160697496
2015-07-23,0.08450097692767171
2015-07-24,0.0
2015-07-25,9.962994122896994
2015-07-26,5.847952103712527
2015-07-27,0.0
2015-07-28,0.08644904651738487
2015-07-29,4.072795893462281
2015-07-30,16.78417688916661
2015-07-31,1.5110961733055444
2015-08-01,0.0
2015-08-02,0.0
2015-08-03,0.0
2015-08-04,0.08582155775596767
2015-08-05,0.09893683492636395
2015-08-06,0.047253279092486535
2015-08-07,0.0
2015-08-08,0.02850788003233694
2015-08-09,4.326612941449068
2015-08-10,1.0220627231452561
2015-08-11,2.4776420325326542
2015-08-12,0.0
2015-08-13,0.0
2015-08-14,0.0
2015-08-15,0.18799496729954726
2015-08-16,4.021531296022075
2015-08-17,5.768783243453179
2015-08-18,5.868644832956796
2015-08-19,5.7583998782993975
2015-08-20,13.228843985567133
2015-08-21,13.653054288535907
2015-08-22,1.9242542118917927
2015-08-23,0.0
2015-08-24,0.3760306907368353
2015-08-25,0.0
2015-08-26,0.0
2015-08-27,0.0
2015-08-28,0.0
2015-08-29,0.0
2015-08-30,0.0
2015-08-31,0.0
2015-09-01,0.0
2015-09-02,0.396527869384678
2015-09-03,2.1709145168140087
2015-09-04,4.851179756854719
2015-09-05,2.260876036863696
2015-09-06,10.473492999039884
2015-09-07,4.528234217958121
2015-09-08,2.7080499716026907
2015-09-09,4.497761671688621
2015-09-10,8.307757678691697
2015-09-11,12.346321672595806
2015-09-12,1.297221265648264
2015-09-13,0.0
2015-09-14,0.0
2015-09-15,0.17565597366229746
2015-09-16,0.012945599139188434
2015-09-17,0.18599416501512794
2015-09-18,0.0
2015-09-19,0.0
2015-09-20,0.15525853666545777
2015-09-21,10.624364905150802
2015-09-22,0.0
2015-09-23,0.2620151049296709
2015-09-24,0.013279066186591654
2015-09-25,0.0
2015-09-26,0.0
2015-09-27,7.998829657407855
2015-09-28,4.820029623852667
2015-09-29,0.5680969042177734
2015-09-30,0.2035030403921181
2015-10-01,0.0
2015-10-02,0.0
2015-10-03,0.0
2015-10-04,0.0
2015-10-05,0.0
2015-10-06,0.0
2015-10-07,0.0
2015-10-08,0.0
2015-10-09,0.0
2015-10-10,0.0
2015-10-11,0.0
2015-10-12,0.0
2015-10-13,0.23446500247120408
2015-10-14,0.0
2015-10-15,0.0
2015-10-16,0.0
2015-10-17,0.0
2015-10-18,0.0
2015-10-19,0.0
2015-10-20,0.0
2015-10-21,0.0
2015-10-22,0.3025981127472078
2015-10-23,0.036454741988132124
2015-10-24,1.5271268931895667
2015-10-25,80.18368998660473
2015-10-26,53.640656672750154
2015-10-27,1.6992062245565105
2015-10-28,0.08925284620195778
2015-10-29,0.06589416351810219
2015-10-30,0.0
2015-10-31,30.69520876077601
2015-11-01,57.14537049544791
2015-11-02,1.9727664690784843
2015-11-03,0.05834249464307229
2015-11-04,0.012945599139188434
2015-11-05,0.1439808552292375
2015-11-06,0.2493797614697485
2015-11-07,9.299562828602454
2015-11-08,13.674351358602618
2015-11-09,0.5318438807636306
2015-11-10,4.3191983125227225
2015-11-11,0.0006669340948064382
2015-11-12,2.8708644194864297
2015-11-13,0.0
2015-11-14,0.0
2015-11-15,0.0
2015-11-16,0.09252216674589907
2015-11-17,1.9876761270267538
2015-11-18,86.72005278741247
2015-11-19,0.0
2015-11-20,0.0
2015-11-21,2.479130331084884
2015-11-22,0.0
2015-11-23,0.0
2015-11-24,0.0
2015-11-25,0.08621508705226141
2015-11-26,0.012945599139188434
2015-11-27,0.8507722139063832
2015-11-28,0.0
2015-11-29,0.0
2015-11-30,0.0
2015-12-01,3.5577565563709284
2015-12-02,4.9146544247711
2015-12-03,0.0
2015-12-04,0.0
2015-12-05,0.0
2015-12-06,0.0
2015-12-07,0.0
2015-12-08,0.0
2015-12-09,0.0
2015-12-10,0.02655813237318331
2015-12-11,0.1900562738380736
2015-12-12,1.8086075863209725
2015-12-13,1.4450005217631223
2015-12-14,17.119550223015413
2015-12-15,0.0
2015-12-16,17.96829130740454
2015-12-17,5.236952298777142
2015-12-18,0.0003334670474032191
2015-12-19,0.0
2015-12-20,0.0
2015-12-21,21.56783548714093
2015-12-22,19.098373241953453
2015-12-23,51.589592198022764
2015-12-24,7.347347724666823
2015-12-25,14.563336402385618
2015-12-26,1.531154321959497
2015-12-27,2.4749833547251505
2015-12-28,15.308856828655191
2015-12-29,0.0
2015-12-30,29.23162772306104
2015-12-31,1.1781932369369406
2016-01-01,6.465898204282403
2016-01-02,0.0638286792843411
2016-01-03,0.012945599139188434
2016-01-04,0.0
2016-01-05,0.0
2016-01-06,0.0
2016-01-07,5.251710888059649
2016-01-08,0.0
2016-01-09,18.690427089789978
2016-01-10,0.0
2016-01-11,0.0
2016-01-12,0.0
2016-01-13,0.0
2016-01-14,0.11605423799383405
2016-01-15,16.416868843993555
2016-01-16,0.08878081622341313
2016-01-17,3.196857469583621
2016-01-18,0.0
2016-01-19,0.0
2016-01-20,0.8360829365607966
2016-01-21,15.182663673845218
2016-01-22,21.783342805821377
2016-01-23,0.0
2016-01-24,0.0
2016-01-25,0.025891198278376867
2016-01-26,20.582940998985254
2016-01-27,19.31348418058435
2016-01-28,0.0
2016-01-29,0.0
2016-01-30,0.0
2016-01-31,0.15792685551063562
2016-02-01,0.1478710765799427
2016-02-02,3.6973880223984477
2016-02-03,20.842529191732844
2016-02-04,0.0
2016-02-05,0.0
2016-02-06,0.0
2016-02-07,0.0
2016-02-08,0.0
2016-02-09,0.0
2016-02-10,0.0
2016-02-11,0.0
2016-02-12,0.0
2016-02-13,0.0
2016-02-14,0.0
2016-02-15,29.1485935646752
2016-02-16,0.0003334670474032191
2016-02-17,0.0
2016-02-18,0.0
2016-02-19,0.0
2016-02-20,0.0388367974175653
2016-02-21,0.34467088959120085
2016-02-22,33.25945897164984
2016-02-23,45.415330308959625
2016-02-24,1.4243595303361662
2016-02-25,0.0
2016-02-26,0.0
2016-02-27,0.0
2016-02-28,0.0
2016-02-29,0.0
2016-03-01,2.095035835249689
2016-03-02,3.6840772899460084
2016-03-03,2.300167021358513
2016-03-04,0.6524906255520239
2016-03-05,0.0
2016-03-06,0.0
2016-03-07,0.0
2016-03-08,0.7545197349211503
2016-03-09,0.45381868506372947
2016-03-10,81.46348084201647
2016-03-11,195.13067310911538
2016-03-12,7.888860008424921
2016-03-13,0.024787568490117293
2016-03-14,0.025891198278376867
2016-03-15,0.012945599139188434
2016-03-16,0.39676489168365453
2016-03-17,14.174656166492023
2016-03-18,11.800649870811538
2016-03-19,9.144286255189163
2016-03-20,0.0
2016-03-21,0.0
2016-03-22,0.0
2016-03-23,0.025891198278376867
2016-03-24,2.389994795046809
2016-03-25,0.17736822942240335
2016-03-26,0.1536103622034398
2016-03-27,48.71343663774075
2016-03-28,0.18874137306445946
2016-03-29,1.2728546456966374
2016-03-30,0.6772227134654569
2016-03-31,9.35243090498204
2016-04-01,11.360779523059877
2016-04-02,0.6776672908052047
2016-04-03,0.0
2016-04-04,0.0
2016-04-05,0.0
2016-04-06,0.025211546027074032
2016-04-07,0.0
2016-04-08,0.0
2016-04-09,0.0
2016-04-10,0.013279066186591654
2016-04-11,5.422960897461402
2016-04-12,24.07156035661208
2016-04-13,34.4604376138201
2016-04-14,8.119782387888653
2016-04-15,0.8513593453390903
2016-04-16,0.09644516371461345
2016-04-17,0.0
2016-04-18,0.0
2016-04-19,0.0020654842337610993
2016-04-20,0.1365026050490601
2016-04-21,0.460882509719528
2016-04-22,2.195646287776646
2016-04-23,0.0
2016-04-24,0.0
2016-04-25,0.0
2016-04-26,3.0652512720011105
2016-04-27,10.965082863108949
2016-04-28,3.431146256578274
2016-04-29,0.25276639573662607
2016-04-30,41.75875393188846
2016-05-01,22.78468989219015
2016-05-02,3.926296939828748
2016-05-03,0.12833801262046915
2016-05-04,0.0
2016-05-05,0.0
2016-05-06,0.0
2016-05-07,0.0
2016-05-08,0.0
2016-05-09,0.2208760591326463
2016-05-10,0.013612533233994873
2016-05-11,0.12549496729954726
2016-05-12,0.07237870255318064
2016-05-13,0.09040739532268843
2016-05-14,0.0
2016-05-15,0.002622802546250217
2016-05-16,0.4919908013162319
2016-05-17,28.256750849469476
2016-05-18,0.012945599139188434
2016-05-19,0.6480279346072134
2016-05-20,39.73394569290202
2016-05-21,0.16655130868436466
2016-05-22,0.0
2016-05-23,0.0
2016-05-24,0.0
2016-05-25,0.013279066186591654
2016-05-26,0.0005573183124891175
2016-05-27,0.03777171432601386
2016-05-28,1.382824149879715
2016-05-29,0.013279066186591654
2016-05-30,0.64302011028216
2016-05-31,0.2370451262106512
2016-06-01,1.151396351443339
2016-06-02,3.6934169274517594
2016-06-03,11.702599336398622
2016-06-04,18.65840786278772
2016-06-05,10.535277380308294
2016-06-06,1.8100611402209243
2016-06-07,1.2824111308836057
2016-06-08,0.003343909874934705
2016-06-09,0.0
2016-06-10,0.2688832956194292
2016-06-11,5.059820714784056
2016-06-12,1.986162503516033
2016-06-13,3.5690727857227107
2016-06-14,1.8471210082660035
2016-06-15,1.5305120822856273
2016-06-16,0.0
2016-06-17,0.012945599139188434
2016-06-18,5.6376931539491695
2016-06-19,6.615704066893566
2016-06-20,2.1529599667873867
2016-06-21,0.22796547050802188
2016-06-22,0.07171176845837421
2016-06-23,0.0
2016-06-24,0.013279066186591654
2016-06-25,0.025891198278376867
2016-06-26,0.0
2016-06-27,4.100311807309668
2016-06-28,52.41851687116925
2016-06-29,6.845136508446431
2016-06-30,2.4393677669049465
2016-07-01,0.0
2016-07-02,0.013279066186591654
2016-07-03,1.003523443218351
2016-07-04,5.250868450786572
2016-07-05,1.4446248196692824
2016-07-06,3.422294162576094
2016-07-07,0.15406902549764884
2016-07-08,0.9669452597919017
2016-07-09,0.0003334670474032191
2016-07-10,0.8311879705597481
2016-07-11,0.863669150835702
2016-07-12,2.3075719340195144
2016-07-13,6.377404171340345
2016-07-14,14.659764983347717
2016-07-15,19.987201104030312
2016-07-16,0.19997942034242794
2016-07-17,5.082844434399102
2016-07-18,2.7149864034905034
2016-07-19,0.026448516590865986
2016-07-20,1.7654001826712293
2016-07-21,0.3413380125389522
2016-07-22,8.431438871100962
2016-07-23,0.38534134111535123
2016-07-24,22.081157875542974
2016-07-25,11.813050811582267
2016-07-26,22.78827545303528
2016-07-27,7.926383147666154
2016-07-28,1.8551007086839204
2016-07-29,0.10186206937677371
2016-07-30,0.6603117730042901
2016-07-31,7.300456003403739
2016-08-01,0.6212230205710324
2016-08-02,1.3658942671109418
2016-08-03,2.128421592706148
2016-08-04,12.529656842023815
2016-08-05,9.063089959710295
2016-08-06,7.555689236494281
2016-08-07,11.008355182289215
2016-08-08,3.2274496060540603
2016-08-09,4.096990259407891
2016-08-10,10.72054933805213
2016-08-11,60.328358095102615
2016-08-12,175.38453183074444
2016-08-13,50.52549222065593
2016-08-14,9.5112747408778
2016-08-15,3.8817581185197474
2016-08-16,7.831437950008114
2016-08-17,3.211253353656319
2016-08-18,3.810521521709248
2016-08-19,7.456247919991512
2016-08-20,0.624472946758794
2016-08-21,8.868780110052555
2016-08-22,0.5671848159713455
2016-08-23,0.5907392895608831
2016-08-24,2.4430039076560823
2016-08-25,3.7626416578062285
2016-08-26,0.051948163236704106
2016-08-27,0.3955877076152229
2016-08-28,1.9276840559957864
2016-08-29,0.16798615956212878
2016-08-30,0.013612533233994873
2016-08-31,0.0
2016-09-01,0.0
2016-09-02,0.050439997315432125
2016-09-03,0.012945599139188434
2016-09-04,8.623330135543414
2016-09-05,20.209453548539333
2016-09-06,3.17862755313485
2016-09-07,0.19469204790214967
2016-09-08,0.0
2016-09-09,5.969066695226256
2016-09-10,0.6858866357158512
2016-09-11,14.012274064406807
2016-09-12,4.644271618946495
2016-09-13,11.630277648520531
2016-09-14,0.012945599139188434
2016-09-15,0.33419870864247386
2016-09-16,12.765750707434176
2016-09-17,11.729963777603276
2016-09-18,0.3396611350401903
2016-09-19,0.0
2016-09-20,0.0
2016-09-21,0.0
2016-09-22,0.0
2016-09-23,0.11221691232299263
2016-09-24,0.0005573183124891175
2016-09-25,0.11428239655675373
2016-09-26,3.045248717374773
2016-09-27,0.7148575897825178
2016-09-28,0.0
2016-09-29,0.0
2016-09-30,0.0
2016-10-01,0.0
2016-10-02,0.3287708940907028
2016-10-03,0.0
2016-10-04,0.0
2016-10-05,0.0
2016-10-06,0.0
2016-10-07,0.0
2016-10-08,0.0
2016-10-09,0.0
2016-10-10,0.0
2016-10-11,0.0
2016-10-12,0.0
2016-10-13,0.0
2016-10-14,0.0
2016-10-15,0.0388367974175653
2016-10-16,0.0
2016-10-17,0.19855433331406777
2016-10-18,0.2118853632935048
2016-10-19,0.22483096243269324
2016-10-20,0.1271618126547615
2016-10-21,1.4569363622766225
2016-10-22,0.0
2016-10-23,0.0
2016-10-24,0.0
2016-10-25,0.0
2016-10-26,0.0
2016-10-27,0.0
2016-10-28,0.0
2016-10-29,0.0
2016-10-30,0.0
2016-10-31,0.0
2016-11-01,0.0
2016-11-02,0.013279066186591654
2016-11-03,0.0
2016-11-04,0.0016673352370160956
2016-11-05,0.03264034471628201
2016-11-06,0.04352045962170934
2016-11-07,14.505642842240187
2016-11-08,23.829803914545085
2016-11-09,7.8003724981556966
2016-11-10,0.0020654842337610993
2016-11-11,0.0005573183124891175
2016-11-12,0.13692210202993882
2016-11-13,0.048370325976883365
2016-11-14,0.0
2016-11-15,1.282452058831007
2016-11-16,0.0
2016-11-17,0.0
2016-11-18,0.0
2016-11-19,0.07577387728131987
2016-11-20,0.0
2016-11-21,0.0
2016-11-22,0.0
2016-11-23,0.09829753717603004
2016-11-24,0.025891198278376867
2016-11-25,0.0
2016-11-26,0.0
2016-11-27,0.0
2016-11-28,0.8350727232538101
2016-11-29,10.033469882613648
2016-11-30,28.13933816543629
2016-12-01,0.0
2016-12-02,0.06633305436761905
2016-12-03,8.702160469779923
2016-12-04,16.192986204923
2016-12-05,23.474984385631867
2016-12-06,1.4509554825790372
2016-12-07,0.0
2016-12-08,0.10405307612018082
2016-12-09,0.0
2016-12-10,0.04305223539291115
2016-12-11,0.07620402168324816
2016-12-12,0.9766335464393018
2016-12-13,30.75345410173641
2016-12-14,0.627082148113198
2016-12-15,0.0
2016-12-16,0.026891599420586526
2016-12-17,1.69271538341242
2016-12-18,14.60787565955681
2016-12-19,0.05377808925891995
2016-12-20,0.0
2016-12-21,0.0
2016-12-22,0.2208108039318887
2016-12-23,0.20824033714542398
2016-12-24,0.41048180557575104
2016-12-25,0.4768284225706756
2016-12-26,0.6576212483455295
2016-12-27,0.3791658777625991
2016-12-28,0.1598827239620794
2016-12-29,0.5766071219087339
2016-12-30,0.0
2016-12-31,25.06283102217253
2017-01-01,89.8965556510653
2017-01-02,21.98333606946881
2017-01-03,0.04079082481441101
2017-01-04,0.0013338681896128764
2017-01-05,0.038770614376384634
2017-01-06,11.539360306816373
2017-01-07,3.0299593270212553
2017-01-08,3.3805902612684275
2017-01-09,1.7898475960182452
2017-01-10,0.012945599139188434
2017-01-11,0.5769457589447947
2017-01-12,0.3938950252853272
2017-01-13,0.16187934855126396
2017-01-14,0.0
2017-01-15,0.09949415323885306
2017-01-16,0.18028617585717327
2017-01-17,0.07305835480448347
2017-01-18,0.4131094480937484
2017-01-19,40.892828331990124
2017-01-20,2.7598300533119176
2017-01-21,70.62728253531733
2017-01-22,4.740489994591674
2017-01-23,0.07806840168543865
2017-01-24,0.0
2017-01-25,0.5246365710054295
2017-01-26,1.9134973786572995
2017-01-27,0.0
2017-01-28,0.0
2017-01-29,0.0
2017-01-30,0.0
2017-01-31,0.0
2017-02-01,0.013279066186591654
2017-02-02,0.08621508705226141
2017-02-03,0.6006981304973105
2017-02-04,0.0
2017-02-05,0.0005573183124891175
2017-02-06,0.0
2017-02-07,23.564473753378824
2017-02-08,0.1590609002892209
2017-02-09,0.0
2017-02-10,0.0
2017-02-11,0.09893683492636395
2017-02-12,0.14564819046625363
2017-02-13,0.17415858280046648
2017-02-14,2.2366632618834847
2017-02-15,3.5016454584652608
2017-02-16,0.0
2017-02-17,3.262637290359802
2017-02-18,6.7048920985836205
2017-02-19,0.0
2017-02-20,0.0
2017-02-21,17.09666134107488
2017-02-22,0.0
2017-02-23,0.0
2017-02-24,0.0
2017-02-25,0.051492362250487166
2017-02-26,0.0
2017-02-27,5.263953873834502
2017-02-28,0.24369424003272522
2017-03-01,2.677354900522542
2017-03-02,3.6737253327585324
2017-03-03,0.0
2017-03-04,0.0
2017-03-05,1.6114553407477246
2017-03-06,0.6207489448679251
2017-03-07,14.48409778813538
2017-03-08,7.9637481439642235
2017-03-09,0.36489140905158224
2017-03-10,1.1403217710628293
2017-03-11,2.014209707048623
2017-03-12,18.237484310170178
2017-03-13,1.7351741991097938
2017-03-14,0.3402236058385935
2017-03-15,0.0
2017-03-16,0.0
2017-03-17,0.0
2017-03-18,0.025891198278376867
2017-03-19,0.0388367974175653
2017-03-20,0.0
2017-03-21,0.0
2017-03-22,0.0
2017-03-23,0.0
2017-03-24,0.5338676785815198
2017-03-25,20.26991755662342
2017-03-26,0.3222119340727462
2017-03-27,1.0340868157093461
2017-03-28,0.20870885092517968
2017-03-29,0.024066461161432805
2017-03-30,37.404390220245354
2017-03-31,0.8847120133957648
2017-04-01,0.0
2017-04-02,9.128330959502373
2017-04-03,48.2968271366758
2017-04-04,0.0
2017-04-05,0.4017715170951541
2017-04-06,0.0
2017-04-07,0.0
2017-04-08,0.0
2017-04-09,0.0
2017-04-10,0.0
2017-04-11,0.012945599139188434
2017-04-12,0.025891198278376867
2017-04-13,0.0
2017-04-14,0.0
2017-04-15,0.0
2017-04-16,2.370617867991822
2017-04-17,6.4244501697804735
2017-04-18,0.3687112875586488
2017-04-19,0.13476389786559154
2017-04-20,0.06472799569594218
2017-04-21,0.26544389579754146
2017-04-22,2.2627801120155926
2017-04-23,2.1343321630542027
2017-04-24,0.0
2017-04-25,0.0
2017-04-26,0.0
2017-04-27,2.992223543780008
2017-04-28,0.2453848436314918
2017-04-29,0.98525604028084
2017-04-30,62.59128174897045
2017-05-01,2.513684680127824
2017-05-02,0.0
2017-05-03,23.15269738502241
2017-05-04,59.22081426542851
2017-05-05,0.0
2017-05-06,0.0
2017-05-07,0.0
2017-05-08,0.0
2017-05-09,0.0
2017-05-10,0.0
2017-05-11,0.0
2017-05-12,26.806533754741178
2017-05-13,1.641512694102364
2017-05-14,0.0
2017-05-15,0.0
2017-05-16,0.0
2017-05-17,0.22872853786092537
2017-05-18,2.420295357554602
2017-05-19,0.24011083090370422
2017-05-20,15.736531423906188
2017-05-21,26.011908371200782
2017-05-22,24.10827400971322
2017-05-23,65.03227143929365
2017-05-24,0.6266836991808593
2017-05-25,0.0
2017-05-26,0.0
2017-05-27,0.12405148332761706
2017-05-28,0.4307185329179088
2017-05-29,9.91182781345375
2017-05-30,47.39010535948758
2017-05-31,16.615368525551663
2017-06-01,15.894493137373768
2017-06-02,7.149700631729262
2017-06-03,12.331897773456319
2017-06-04,3.756738526270431
2017-06-05,15.148306768961532
2017-06-06,11.298021379386103
2017-06-07,1.4944683123696894
2017-06-08,0.0003334670474032191
2017-06-09,0.0
2017-06-10,0.0
2017-06-11,5.37521823585842
2017-06-12,12.436672615622644
2017-06-13,6.118447408152942
2017-06-14,0.686474618834983
2017-06-15,2.3280019272893964
2017-06-16,0.9969847713178392
2017-06-17,2.7925440363117895
2017-06-18,5.777634969653976
2017-06-19,2.1043105951556536
2017-06-20,14.17226232489062
2017-06-21,34.941026339069204
2017-06-22,6.078215562266472
2017-06-23,9.572027633060003
2017-06-24,16.519225880084825
2017-06-25,0.6824578053571109
2017-06-26,0.0005573183124891175
2017-06-27,1.3542841541169273
2017-06-28,1.8352639545729204
2017-06-29,28.465447674108447
2017-06-30,1.5497658444358933
2017-07-01,0.5635096405431121
2017-07-02,0.005015864812402057
2017-07-03,0.1857184292802153
2017-07-04,0.12321842928021533
2017-07-05,0.22060371161685205
2017-07-06,1.7235511585601644
2017-07-07,2.4674694362938845
2017-07-08,9.647428270478835
2017-07-09,13.20237693084065
2017-07-10,2.61165344903615
2017-07-11,4.6741526579999
2017-07-12,4.138411018687412
2017-07-13,4.672828590371574
2017-07-14,7.830907307583142
2017-07-15,4.149530820891721
2017-07-16,4.094028621006114
2017-07-17,6.5043394783585216
2017-07-18,4.924377235994498
2017-07-19,6.818145142607729
2017-07-20,0.0
2017-07-21,4.645588413526709
2017-07-22,9.052425862690278
2017-07-23,9.106648519586868
2017-07-24,21.442686148809067
2017-07-25,4.73028841839253
2017-07-26,0.0020573857777159577
2017-07-27,0.042179076465840785
2017-07-28,0.06694753966319428
2017-07-29,17.455566735055676
2017-07-30,0.13532279659293822
2017-07-31,0.3722180281380057
2017-08-01,0.0
2017-08-02,0.27308712898329796
2017-08-03,8.25524515109376
2017-08-04,1.9777197170702632
2017-08-05,4.548567595108703
2017-08-06,13.584909186540393
2017-08-07,12.417436467667905
2017-08-08,6.292342055626681
2017-08-09,5.0047217051728685
2017-08-10,16.39245792922973
2017-08-11,11.155714172082547
2017-08-12,1.504856948091962
2017-08-13,1.414878081409578
2017-08-14,2.6331825306442673
2017-08-15,7.523763549175057
2017-08-16,8.40070259817254
2017-08-17,0.07520233972049548
2017-08-18,0.07520233972049548
2017-08-19,9.543142377203505
2017-08-20,0.48704100014607216
2017-08-21,3.998317376872211
2017-08-22,5.598557976049404
2017-08-23,0.12340496532992598
2017-08-24,3.6140036054473748
2017-08-25,0.12301341369738723
2017-08-26,3.4094796317810303
2017-08-27,3.8289105735896216
2017-08-28,30.487714764796234
2017-08-29,49.12105489243458
2017-08-30,10.936864866293735
2017-08-31,2.6831202990692673
2017-09-01,0.11285831747190186
2017-09-02,0.0
2017-09-03,0.0
2017-09-04,0.0
2017-09-05,0.882425296190338
2017-09-06,1.737391924644378
2017-09-07,0.0
2017-09-08,0.0
2017-09-09,0.0
2017-09-10,0.0
2017-09-11,0.0
2017-09-12,0.0
2017-09-13,0.0
2017-09-14,0.0
2017-09-15,0.3709924316760213
2017-09-16,1.143557763604126
2017-09-17,0.5353237664789491
2017-09-18,1.9538662404079
2017-09-19,0.49088471412328083
2017-09-20,1.0481664275956366
2017-09-21,2.6977661205642454
2017-09-22,0.11196753211200954
2017-09-23,0.1756917845193051
2017-09-24,3.2809353595178266
2017-09-25,0.08759062054719478
2017-09-26,0.36219472225700367
2017-09-27,0.13658770309551724
2017-09-28,0.0
2017-09-29,0.0
2017-09-30,0.0
2017-10-01,0.0
2017-10-02,5.631002371994033
2017-10-03,0.30181092115327124
2017-10-04,0.0
2017-10-05,0.0
2017-10-06,0.0
2017-10-07,9.493045853580599
2017-10-08,5.1604141448447285
2017-10-09,5.474539748373258
2017-10-10,0.7741871047935118
2017-10-11,2.515833275042209
2017-10-12,0.0
2017-10-13,0.0
2017-10-14,0.0
2017-10-15,7.176141411083655
2017-10-16,5.518915715039544
2017-10-17,0.0
2017-10-18,0.0
2017-10-19,0.0
2017-10-20,0.1372546371903237
2017-10-21,2.8977249652371917
2017-10-22,31.177125127528402
2017-10-23,0.0
2017-10-24,0.0
2017-10-25,0.0
2017-10-26,0.0
2017-10-27,0.03468056961465189
2017-10-28,10.710407644052763
2017-10-29,0.0
2017-10-30,0.0
2017-10-31,0.0006669340948064382
2017-11-01,12.065566714050432
2017-11-02,3.0498954012547888
2017-11-03,0.15062391100562558
2017-11-04,0.24888870225492998
2017-11-05,0.07464502140800636
2017-11-06,0.3224865476331531
2017-11-07,0.03732251070400318
2017-11-08,2.788818554975929
2017-11-09,3.3956276462432053
2017-11-10,0.0
2017-11-11,0.0
2017-11-12,0.03732251070400318
2017-11-13,0.0
2017-11-14,0.0
2017-11-15,0.010880114905427335
2017-11-16,0.0
2017-11-17,0.0
2017-11-18,0.0010004011422096574
2017-11-19,1.3886296038693904
2017-11-20,0.0
2017-11-21,0.19055373067130396
2017-11-22,0.18299280962178158
2017-11-23,0.0
2017-11-24,0.0
2017-11-25,0.0
2017-11-26,0.0
2017-11-27,0.0
2017-11-28,0.0
2017-11-29,0.0006669340948064382
2017-11-30,8.889143894831586
2017-12-01,0.0006669340948064382
2017-12-02,0.0010004011422096574
2017-12-03,0.0
2017-12-04,0.07549756293203382
2017-12-05,18.59531656107041
2017-12-06,25.641363562390634
2017-12-07,9.764651589014623
2017-12-08,20.94785757946848
2017-12-09,3.276220170240962
2017-12-10,3.5022026258348697
2017-12-11,0.0
2017-12-12,0.0
2017-12-13,0.0
2017-12-14,0.0
2017-12-15,0.03732251070400318
2017-12-16,0.0
2017-12-17,36.44694764795984
2017-12-18,14.509869946891056
2017-12-19,1.5912266514064533
2017-12-20,7.391478833070486
2017-12-21,0.0
2017-12-22,4.332939463034192
2017-12-23,5.8369139968555706
2017-12-24,0.0
2017-12-25,0.0
2017-12-26,0.4763869079185184
2017-12-27,12.172217445174761
2017-12-28,4.5271819269343725
2017-12-29,0.0
2017-12-30,0.03732251070400318
2017-12-31,2.6696193826345875
2018-01-01,0.0
2018-01-02,0.0
2018-01-03,0.1007019863663336
2018-01-04,0.0
2018-01-05,0.0
2018-01-06,0.0
2018-01-07,0.0378798290164923
2018-01-08,64.38567660558238
2018-01-09,3.1044046881009
2018-01-10,1.1656661469218366
2018-01-11,4.617892246626993
2018-01-12,3.068941232859742
2018-01-13,0.0
2018-01-14,0.0
2018-01-15,0.0
2018-01-16,0.5779344058490096
2018-01-17,1.6062674845679665
2018-01-18,0.0
2018-01-19,0.0
2018-01-20,0.4249139538216383
2018-01-21,0.0
2018-01-22,5.594959691928593
2018-01-23,0.0
2018-01-24,0.0
2018-01-25,0.0
2018-01-26,2.9686297697544455
2018-01-27,98.41809530150276
2018-01-28,3.5966587201487363
2018-01-29,0.0
2018-01-30,0.0
2018-01-31,0.0
2018-02-01,1.638939096497295
2018-02-02,7.543514776593024
2018-02-03,0.9160908724938736
2018-02-04,5.366727405210516
2018-02-05,0.0
2018-02-06,25.640176944343445
2018-02-07,21.630766329751186
2018-02-08,0.787213672160508
2018-02-09,0.04908531251327771
2018-02-10,26.133815441014562
2018-02-11,18.611364163740046
2018-02-12,0.36726558307849155
2018-02-13,0.031058970669375522
2018-02-14,0.34851991733308557
2018-02-15,0.07464502140800636
2018-02-16,0.17446753211200952
2018-02-17,1.0443326600034077
2018-02-18,0.0
2018-02-19,0.24161204292159627
2018-02-20,0.676072243459049
2018-02-21,1.3149956526227362
2018-02-22,1.3201913069329123
2018-02-23,11.14962314133072
2018-02-24,1.1810792420836451
2018-02-25,3.8058526129040184
2018-02-26,42.2206856482973
2018-02-27,0.7844772437047544
2018-02-28,1.3062189251903715
2018-03-01,0.6396567874757105
2018-03-02,0.0
2018-03-03,0.0
2018-03-04,0.0
2018-03-05,0.8439079339828326
2018-03-06,21.089099538257617
2018-03-07,1.8440495960696763
2018-03-08,2.279852883672143
2018-03-09,0.0
2018-03-10,3.708695544208461
2018-03-11,9.222980135599501
2018-03-12,0.02209369685825789
2018-03-13,0.0
2018-03-14,0.0
2018-03-15,0.0
2018-03-16,18.33436075689138
2018-03-17,4.641718939460129
2018-03-18,13.16658243724058
2018-03-19,7.026460841642568
2018-03-20,0.12932513712727714
2018-03-21,0.0
2018-03-22,0.0
2018-03-23,0.0
2018-03-24,0.0
2018-03-25,0.14017359483513062
2018-03-26,0.05021614605034622
2018-03-27,0.3520589581286354
2018-03-28,0.27510880155858924
2018-03-29,18.670100797837726
2018-03-30,0.0
2018-03-31,0.0
2018-04-01,0.0
2018-04-02,0.012945599139188434
2018-04-03,0.026224665325780088
2018-04-04,16.51001775931521
2018-04-05,0.0737772526921353
2018-04-06,2.6277850149504127
2018-04-07,31.964467055941828
2018-04-08,17.38393714110054
2018-04-09,0.12571881856463316
2018-04-10,0.08665399218674721
2018-04-11,0.0
2018-04-12,0.0
2018-04-13,0.0
2018-04-14,55.57641688332183
2018-04-15,11.174258071661148
2018-04-16,0.0
2018-04-17,0.0
2018-04-18,0.0
2018-04-19,1.6913988060807443
2018-04-20,1.0908284358115254
2018-04-21,0.0
2018-04-22,14.593069831832175
2018-04-23,0.0
2018-04-24,0.0
2018-04-25,0.0
2018-04-26,7.583309866477145
2018-04-27,0.0388367974175653
2018-04-28,0.0
2018-04-29,0.0
2018-04-30,0.0
2018-05-01,0.012945599139188434
2018-05-02,0.012945599139188434
2018-05-03,0.0
2018-05-04,0.02923289871227891
2018-05-05,2.3528870573882426
2018-05-06,0.0
2018-05-07,0.0
2018-05-08,0.0
2018-05-09,0.0
2018-05-10,0.0
2018-05-11,0.0
2018-05-12,0.06338559645462057
2018-05-13,0.0
2018-05-14,0.016507542347762156
2018-05-15,1.1838950199828246
2018-05-16,2.104302266774989
2018-05-17,0.39732220999614365
2018-05-18,10.62613184713606
2018-05-19,1.63942525109235
2018-05-20,0.002224653549505213
2018-05-21,1.689029576944535
2018-05-22,11.668476651424784
2018-05-23,1.0208422607888674
2018-05-24,26.489678338598928
2018-05-25,8.73480450630748
2018-05-26,5.216005571912884
2018-05-27,0.09363969863668173
2018-05-28,0.024544611932267594
2018-05-29,0.16738747427102554
2018-05-30,0.3366133963526852
2018-05-31,0.13149737415280519
2018-06-01,0.3917114281504356
2018-06-02,0.012945599139188434
2018-06-03,0.11110588418842862
2018-06-04,0.5834801640274669
2018-06-05,51.06509271874293
2018-06-06,0.5714179053903976
2018-06-07,0.0
2018-06-08,0.0
2018-06-09,0.0
2018-06-10,13.515534536460702
2018-06-11,14.526700271373223
2018-06-12,6.4084398577541135
2018-06-13,5.539743095863697
2018-06-14,4.480044481583535
2018-06-15,2.2294726653439305
2018-06-16,2.6808648364495595
2018-06-17,2.2246027237807295
2018-06-18,5.158750629447411
2018-06-19,0.21210389523594037
2018-06-20,0.2159747891211736
2018-06-21,3.9337773720013662
2018-06-22,0.08903511572916202
2018-06-23,0.0
2018-06-24,1.8145656344453287
2018-06-25,0.07593964396127025
2018-06-26,0.17678011715350117
2018-06-27,0.25009865935740033
2018-06-28,0.012945599139188434
2018-06-29,0.3212567179449455
2018-06-30,8.355756972101943
2018-07-01,6.986218165360685
2018-07-02,7.839131920673324
2018-07-03,8.282086812846892
2018-07-04,2.3948407101698224
2018-07-05,6.596034995598521
2018-07-06,1.6053326729337911
2018-07-07,6.402916042701824
2018-07-08,8.42032150913988
2018-07-09,1.1629189285853774
2018-07-10,0.8457314757452764
2018-07-11,4.310316581500351
2018-07-12,0.5773299393870963
2018-07-13,0.36163740394451455
2018-07-14,0.6024887060617329
2018-07-15,0.964707759033638
2018-07-16,18.016735844965183
2018-07-17,54.9166284257723
2018-07-18,27.117573991560135
2018-07-19,11.986899479348784
2018-07-20,0.32840866428270943
2018-07-21,0.050433876523141984
2018-07-22,0.0
2018-07-23,6.576575626721234
2018-07-24,0.17446753211200952
2018-07-25,0.03732251070400318
2018-07-26,0.0
2018-07-27,0.0
2018-07-28,2.6688744335952284
2018-07-29,5.7691863581586516
2018-07-30,2.68291305122846
2018-07-31,18.82789524519116
2018-08-01,2.6335756920904223
2018-08-02,1.8337957735473287
2018-08-03,0.7960100502984268
2018-08-04,0.7206379202171384
2018-08-05,0.5053881681074709
2018-08-06,1.5681207555817718
2018-08-07,0.4552136307588652
2018-08-08,1.107760696564463
2018-08-09,1.8964989721113599
2018-08-10,4.995402044976791
2018-08-11,1.1764817159995375
2018-08-12,0.1927525632374923
2018-08-13,0.0050020057110482866
2018-08-14,0.0
2018-08-15,0.21019402145924423
2018-08-16,24.396922426808704
2018-08-17,18.580376729172382
2018-08-18,3.5009530640216604
2018-08-19,5.935725047413694
2018-08-20,9.862944476311377
2018-08-21,1.182200867519982
2018-08-22,1.4365869340863973
2018-08-23,2.1148974942045813
2018-08-24,0.0
2018-08-25,0.051782396556753735
2018-08-26,2.25088951872681
2018-08-27,6.396435286355774
2018-08-28,12.872503107851495
2018-08-29,11.05361948812416
2018-08-30,0.9507134192461567
2018-08-31,5.6950153891980175
2018-09-01,7.7529855543162824
2018-09-02,5.117897676329062
2018-09-03,0.6742238910457504
2018-09-04,3.5516031279484275
2018-09-05,0.3483077214813117
2018-09-06,2.143297944542391
2018-09-07,2.5550265689247893
2018-09-08,0.14837643109958643
2018-09-09,3.026215158557063
2018-09-10,3.01626839929157
2018-09-11,6.341905289863749
2018-09-12,0.7939229549543293
2018-09-13,4.210409197457816
2018-09-14,2.49939579749311
2018-09-15,1.4366355894219305
2018-09-16,0.028623616606944405
2018-09-17,0.20071671517364978
2018-09-18,0.7438169486472602
2018-09-19,0.12667067738345306
2018-09-20,0.18790938268657115
2018-09-21,4.755986071625615
2018-09-22,6.111428291305833
2018-09-23,16.687620114259406
2018-09-24,16.34957286224763
2018-09-25,3.5806194056863347
2018-09-26,20.415153916554225
2018-09-27,11.850003648790603
2018-09-28,1.6639572357946297
2018-09-29,4.073611003979803
2018-09-30,2.8458372310269255
2018-10-01,2.2025559327637194
2018-10-02,0.32506044892788605
2018-10-03,0.6727431046807891
2018-10-04,0.13632319773514787
2018-10-05,0.0
2018-10-06,1.5696898277352018
2018-10-07,0.21809835369845829
2018-10-08,1.208451604620479
2018-10-09,2.739850266878401
2018-10-10,0.10127786431502538
2018-10-11,0.0
2018-10-12,0.0
2018-10-13,0.0
2018-10-14,0.0
2018-10-15,10.29104321925135
2018-10-16,8.602595568599114
2018-10-17,1.4779607228279001
2018-10-18,0.017236748132491785
2018-10-19,0.0
2018-10-20,1.1842736132471197
2018-10-21,0.13063773533941261
2018-10-22,0.9514150511404931
2018-10-23,12.15722971475203
2018-10-24,1.3332894120105059
2018-10-25,27.259486532522875
2018-10-26,0.0005573183124891175
2018-10-27,0.04049902307232829
2018-10-28,0.0
2018-10-29,0.0
2018-10-30,0.0
2018-10-31,0.6224184757485465
2018-11-01,50.85283322046056
2018-11-02,0.0
2018-11-03,0.0
2018-11-04,6.451989812033866
2018-11-05,7.086913504487306
2018-11-06,1.3251824449516152
2018-11-07,21.338914297849715
2018-11-08,8.274900502431825
2018-11-09,3.44866546900733
2018-11-10,0.19350084072336932
2018-11-11,0.04440025125975212
2018-11-12,34.21782042178364
2018-11-13,9.07145002770266
2018-11-14,0.00222927324995647
2018-11-15,0.0
2018-11-16,0.0
2018-11-17,0.0
2018-11-18,0.0
2018-11-19,3.1777290158634837
2018-11-20,3.1039532159965684
2018-11-21,0.0
2018-11-22,0.11809160492333208
2018-11-23,0.7080636787860813
2018-11-24,5.8430191635836275
2018-11-25,1.9421740537830028
2018-11-26,0.011213581952830554
2018-11-27,0.0
2018-11-28,0.0
2018-11-29,0.7922630843205214
2018-11-30,1.7257224668676947
2018-12-01,17.12469082958834
2018-12-02,0.0
2018-12-03,0.0
2018-12-04,0.0
2018-12-05,0.0
2018-12-06,0.0
2018-12-07,0.29424050381717615
2018-12-08,57.11138816838712
2018-12-09,0.04511659048032165
2018-12-10,0.0010004011422096574
2018-12-11,0.0
2018-12-12,0.0
2018-12-13,19.081604632388704
2018-12-14,1.4567350199297333
2018-12-15,0.047236247947960795
2018-12-16,0.0
2018-12-17,0.11040935168672592
2018-12-18,0.0
2018-12-19,20.68968945348462
2018-12-20,6.244788231562297
2018-12-21,6.793966773682152
2018-12-22,0.0
2018-12-23,0.021667509880268488
2018-12-24,0.0
2018-12-25,0.3201022865167576
2018-12-26,3.003576073383058
2018-12-27,74.71280226333178
2018-12-28,67.69327930084427
2018-12-29,3.0722843935294963
2018-12-30,2.9754403370734237
2018-12-31,5.538275666237222
2019-01-01,1.1709561914801279
2019-01-02,2.650139738998496
2019-01-03,21.588215920588098
2019-01-04,14.320804064673574
2019-01-05,0.0
2019-01-06,0.0
2019-01-07,0.07416128448300235
2019-01-08,0.0005573183124891175
2019-01-09,0.0
2019-01-10,0.0
2019-01-11,0.0
2019-01-12,7.192318882160028
2019-01-13,0.0
2019-01-14,0.0
2019-01-15,0.0
2019-01-16,0.0
2019-01-17,0.08065379394570121
2019-01-18,0.29788440038011893
2019-01-19,11.835513239664538
2019-01-20,0.0
2019-01-21,0.0
2019-01-22,0.0
2019-01-23,34.68841491949802
2019-01-24,1.0618330659051936
2019-01-25,0.0
2019-01-26,0.0
2019-01-27,0.18705691717027945
2019-01-28,0.1128956326872771
2019-01-29,9.519292088868204
2019-01-30,0.0
2019-01-31,0.0
2019-02-01,0.05783548608978908
2019-02-02,0.0
2019-02-03,0.0
2019-02-04,0.15132539142078613
2019-02-05,5.4950689217924795
2019-02-06,0.13983074821861424
2019-02-07,0.15733463194966488
2019-02-08,0.8478453980660328
2019-02-09,0.0
2019-02-10,0.0
2019-02-11,0.6375744249904701
2019-02-12,31.05598601398845
2019-02-13,0.0
2019-02-14,0.16640678765356573
2019-02-15,0.05416734856835367
2019-02-16,0.31711314901346965
2019-02-17,0.19297186710454653
2019-02-18,0.6793995642921828
2019-02-19,1.446453769145669
2019-02-20,52.13556225040815
2019-02-21,16.10836608140849
2019-02-22,2.4709897352589345
2019-02-23,6.043113746420427
2019-02-24,5.84067650551349
2019-02-25,0.5275524005833169
2019-02-26,12.304302739797603
2019-02-27,22.391536971821495
2019-02-28,6.953334148326727
2019-03-01,14.97668831276754
2019-03-02,0.14039290572278393
2019-03-03,15.704874071050321
2019-03-04,1.8143860125156033
2019-03-05,3.440378681004232
2019-03-06,0.0
2019-03-07,0.0
2019-03-08,0.05595815868904085
2019-03-09,0.4307932934247587
2019-03-10,1.643527162909204
2019-03-11,4.305769026919086
2019-03-12,0.16199683925180183
2019-03-13,1.172235185984843
2019-03-14,2.9174556696889233
2019-03-15,3.804181520378891
2019-03-16,3.4203531992952656
2019-03-17,0.06546351953229418
2019-03-18,0.07764929707804133
2019-03-19,0.0
2019-03-20,0.0
2019-03-21,0.0
2019-03-22,0.0
2019-03-23,0.0
2019-03-24,0.0
2019-03-25,0.8736638041405159
2019-03-26,0.09051596532826912
2019-03-27,0.0
2019-03-28,0.0
2019-03-29,0.2520750651088018
2019-03-30,0.5149718101417459
2019-03-31,3.893813815675672
2019-04-01,0.01839466909094297
2019-04-02,0.2693398289906409
2019-04-03,0.0
2019-04-04,66.07056311035157
2019-04-05,4.683196961670924
2019-04-06,3.661063269922383
2019-04-07,1.7598526869920104
2019-04-08,23.780085614727447
2019-04-09,0.0827304130446057
2019-04-10,0.0
2019-04-11,0.0
2019-04-12,3.7185603982399407
2019-04-13,6.193156859938824
2019-04-14,22.41696875267631
2019-04-15,0.0
2019-04-16,0.0
2019-04-17,0.0005573183124891175
2019-04-18,35.95995669473929
2019-04-19,5.261454073354077
2019-04-20,0.0027865915624455872
2019-04-21,0.0
2019-04-22,0.07286011180831346
2019-04-23,0.3097623927661607
2019-04-24,1.1515788774146176
2019-04-25,26.508505345833992
2019-04-26,0.23973947509698498
2019-04-27,0.0
2019-04-28,0.0
2019-04-29,0.0
2019-04-30,0.0
2019-05-01,2.0120487995636003
2019-05-02,0.0
2019-05-03,0.03206137555881589
2019-05-04,30.019722115187555
2019-05-05,0.04138980843222063
2019-05-06,0.0
2019-05-07,0.18591220605403044
2019-05-08,4.6131619415615415
2019-05-09,81.40254346267814
2019-05-10,34.71964368335593
2019-05-11,82.62959467308816
2019-05-12,36.77700054683212
2019-05-13,0.0
2019-05-14,0.0
2019-05-15,0.02111019156777937
2019-05-16,0.0027865915624455872
2019-05-17,0.0
2019-05-18,0.8090048059171612
2019-05-19,28.664657100691937
2019-05-20,1.2322092575161543
2019-05-21,0.010230076662352035
2019-05-22,0.19250505928161094
2019-05-23,0.0
2019-05-24,0.0
2019-05-25,0.0
2019-05-26,0.0
2019-05-27,0.021667509880268488
2019-05-28,0.0
2019-05-29,0.0
2019-05-30,0.0876661795984349
2019-05-31,4.514745932848778
2019-06-01,5.414261855444221
2019-06-02,0.008721910741080054
2019-06-03,0.0
2019-06-04,0.109719120318952
2019-06-05,22.147936292436093
2019-06-06,51.33950904633989
2019-06-07,5.144292813257516
2019-06-08,4.161276869796462
2019-06-09,0.0
2019-06-10,0.06216653295259678
2019-06-11,0.11773991288828191
2019-06-12,0.2571127777329881
2019-06-13,0.0
2019-06-14,0.0
2019-06-15,3.1948489375221163
2019-06-16,5.790684205609043
2019-06-17,13.517210198615759
2019-06-18,9.369164237109052
2019-06-19,0.7004451571339719
2019-06-20,1.2485657554289724
2019-06-21,0.30978909722361486
2019-06-22,1.697520035549443
2019-06-23,4.400721915643408
2019-06-24,4.378169364813421
2019-06-25,3.806897130418199
2019-06-26,0.8489783233028371
2019-06-27,1.2449490115204787
2019-06-28,4.595046844280345
2019-06-29,0.7018330501497991
2019-06-30,1.1635892912189927
2019-07-01,0.0005573183124891175
2019-07-02,0.8437532124603708
2019-07-03,0.6279830167109978
2019-07-04,0.08805161043868351
2019-07-05,0.25932239545072855
2019-07-06,0.0
2019-07-07,2.1694242340162124
2019-07-08,1.103768167436286
2019-07-09,1.5082348462471329
2019-07-10,6.014060649833249
2019-07-11,6.849135371227562
2019-07-12,0.9750219894718722
2019-07-13,12.575635304501839
2019-07-14,26.38902464337455
2019-07-15,4.039426639484072
2019-07-16,2.7778843151032424
2019-07-17,0.0
2019-07-18,2.880367938690035
2019-07-19,0.14521940620788704
2019-07-20,7.883010906054459
2019-07-21,5.086006737903729
2019-07-22,4.388646257315437
2019-07-23,6.260289351044014
2019-07-24,0.12321842928021533
2019-07-25,0.0
2019-07-26,0.0010004011422096574
2019-07-27,0.2602232429867312
2019-07-28,2.257497198679562
2019-07-29,5.255856966904047
2019-07-30,16.691303604465894
2019-07-31,0.7910285566326811
2019-08-01,1.4993861314445516
2019-08-02,3.1073276402228074
2019-08-03,5.753011795609215
2019-08-04,10.11565857136391
2019-08-05,20.030696260779166
2019-08-06,1.8542050089534323
2019-08-07,1.7684463401150563
2019-08-08,1.325899062314669
2019-08-09,0.18538496223281212
2019-08-10,0.24960888096312484
2019-08-11,4.098946784334101
2019-08-12,1.433498952496196
2019-08-13,25.272585003207915
2019-08-14,38.06099229699948
2019-08-15,5.278025217551516
2019-08-16,0.0
2019-08-17,0.12377574759270445
2019-08-18,5.354860951276556
2019-08-19,16.013474328012126
2019-08-20,1.559415411163054
2019-08-21,17.293301191637717
2019-08-22,0.340629139189199
2019-08-23,6.733107699814417
2019-08-24,10.68639831335755
2019-08-25,5.198762710008701
2019-08-26,16.91101281487578
2019-08-27,0.3338311905682302
2019-08-28,3.0930057004635634
2019-08-29,0.29681578241693524
2019-08-30,0.0
2019-08-31,0.0
2019-09-01,9.411917064135803
2019-09-02,0.09118283033843054
2019-09-03,0.0
2019-09-04,0.0
2019-09-05,0.0
2019-09-06,0.0
2019-09-07,0.0005573183124891175
2019-09-08,0.02111019156777937
2019-09-09,4.077252967927834
2019-09-10,1.2084451397700802
2019-09-11,0.0005573183124891175
2019-09-12,0.2687141793824095
2019-09-13,0.004335071616241849
2019-09-14,0.010880114905427335
2019-09-15,0.013214384237249868
2019-09-16,0.5601107515767852
2019-09-17,0.043335019760536976
2019-09-18,0.0
2019-09-19,0.311949401034626
2019-09-20,0.02111019156777937
2019-09-21,4.5976878115541
2019-09-22,0.0
2019-09-23,0.0
2019-09-24,0.0
2019-09-25,0.0
2019-09-26,0.0
2019-09-27,0.0
2019-09-28,0.298897397354637
2019-09-29,0.0
2019-09-30,0.0
2019-10-01,0.061609214640107664
2019-10-02,0.0
2019-10-03,0.06216653295259678
2019-10-04,2.1239357144777555
2019-10-05,1.6620240593820086
2019-10-06,1.7632326097611926
2019-10-07,0.5319971356146906
2019-10-08,0.0
2019-10-09,0.0
2019-10-10,1.2777466593895142
2019-10-11,6.058846767502917
2019-10-12,1.6854310024439454
2019-10-13,0.0
2019-10-14,15.331278488459933
2019-10-15,15.85310691749151
2019-10-16,19.310204630442513
2019-10-17,0.5365695560852741
2019-10-18,0.8772353636684048
2019-10-19,0.14927539423854255
2019-10-20,0.06383848789006413
2019-10-21,26.25670834139974
2019-10-22,0.498400275716009
2019-10-23,0.0
2019-10-24,0.20608371744252957
2019-10-25,71.10687549067941
2019-10-26,34.73209009337782
2019-10-27,0.0
2019-10-28,0.0
2019-10-29,2.7793870106614755
2019-10-30,21.689765645364858
2019-10-31,20.681242738721142
2019-11-01,0.0
2019-11-02,0.0
2019-11-03,0.0
2019-11-04,0.0
2019-11-05,0.05080268112216544
2019-11-06,0.0
2019-11-07,1.6907703846522422
2019-11-08,3.0476454326926414
2019-11-09,0.0
2019-11-10,0.0
2019-11-11,0.9998202242996532
2019-11-12,6.958243906925035
2019-11-13,0.0
2019-11-14,2.3891629745284146
2019-11-15,0.8574621892726925
2019-11-16,0.0
2019-11-17,0.0
2019-11-18,0.0
2019-11-19,0.0
2019-11-20,0.0
2019-11-21,0.01612211150751355
2019-11-22,4.183038582806379
2019-11-23,33.14021859999544
2019-11-24,0.0
2019-11-25,0.0
2019-11-26,1.1883701789752896
2019-11-27,8.514864754879168
2019-11-28,0.0
2019-11-29,0.0
2019-11-30,0.18627574759270443
2019-12-01,3.3330698047950666
2019-12-02,0.0
2019-12-03,0.0
2019-12-04,0.0
2019-12-05,0.026515977186060954
2019-12-06,1.7208193173833457
2019-12-07,0.0
2019-12-08,0.010880114905427335
2019-12-09,0.6822695233234145
2019-12-10,12.998524600628464
2019-12-11,6.384438205546609
2019-12-12,0.0006669340948064382
2019-12-13,0.5229473438341141
2019-12-14,0.11345295099976622
2019-12-15,0.12377574759270445
2019-12-16,1.430983091176542
2019-12-17,24.597875833874387
2019-12-18,0.0
2019-12-19,0.0
2019-12-20,0.0
2019-12-21,18.62631315210815
2019-12-22,9.92022619573174
2019-12-23,1.1061452169348107
2019-12-24,0.0
2019-12-25,0.12377574759270445
2019-12-26,0.538274369522823
2019-12-27,10.11291474032024
2019-12-28,3.58916925358646
2019-12-29,1.6121045972178407
2019-12-30,0.5892467286761963
2019-12-31,0.0
