,precipitation
1989-01-01,0.00853070915521433
1989-01-02,1.3353156646092732
1989-01-03,0.0
1989-01-04,0.0
1989-01-05,0.6795151879390081
1989-01-06,0.0
1989-01-07,0.0
1989-01-08,0.0
1989-01-09,0.0
1989-01-10,0.0
1989-01-11,0.0
1989-01-12,0.0
1989-01-13,0.0
1989-01-14,0.0
1989-01-15,0.0
1989-01-16,0.0
1989-01-17,0.102925635369805
1989-01-18,0.3463409415368612
1989-01-19,12.963908970355988
1989-01-20,10.043776417771975
1989-01-21,0.0
1989-01-22,0.0
1989-01-23,1.2684558232625325
1989-01-24,2.2593228816986084
1989-01-25,4.480107545852661
1989-01-26,22.60686667760213
1989-01-27,6.823064724604289
1989-01-28,12.304374694824219
1989-01-29,6.8175941705703735
1989-01-30,0.007309590097671996
1989-01-31,0.0
1989-02-01,0.06535899740022917
1989-02-02,3.3844438393910727
1989-02-03,0.03021068839977185
1989-02-04,0.055918242782354355
1989-02-05,1.032019928097725
1989-02-06,1.3653362095355988
1989-02-07,0.19947676981488863
1989-02-08,0.0
1989-02-09,0.0
1989-02-10,0.0001263386999805031
1989-02-11,0.42650915930668515
1989-02-12,2.2752025922139487
1989-02-13,0.26347387582063675
1989-02-14,1.4138057629267375
1989-02-15,12.175012747446695
1989-02-16,19.05966027577718
1989-02-17,22.95556894938151
1989-02-18,2.1959069967269897
1989-02-19,0.00540450745029375
1989-02-20,0.17492226138710976
1989-02-21,0.0
1989-02-22,0.0
1989-02-23,0.0
1989-02-24,0.0
1989-02-25,0.0
1989-02-26,0.0
1989-02-27,0.0
1989-02-28,0.0
1989-03-01,0.4130557104945183
1989-03-02,0.12190117252369721
1989-03-03,0.06341462178776662
1989-03-04,0.06318759421507518
1989-03-05,0.796478713552157
1989-03-06,0.0
1989-03-07,0.0
1989-03-08,0.0
1989-03-09,0.0
1989-03-10,0.0
1989-03-11,0.0
1989-03-12,0.0
1989-03-13,0.0
1989-03-14,0.0
1989-03-15,0.0
1989-03-16,0.0
1989-03-17,0.053992990559587874
1989-03-18,0.8696684141953787
1989-03-19,16.083805561065674
1989-03-20,8.280491948127747
1989-03-21,2.797982633113861
1989-03-22,0.09397117948780458
1989-03-23,0.0
1989-03-24,0.0
1989-03-25,0.24414888645211855
1989-03-26,6.81272276242574
1989-03-27,3.602233588695526
1989-03-28,24.8764541943868
1989-03-29,0.0
1989-03-30,0.0
1989-03-31,0.0
1989-04-01,0.025364010750005644
1989-04-02,0.13691757371028265
1989-04-03,0.025364010750005644
1989-04-04,0.025364010750005644
1989-04-05,0.025364010750005644
1989-04-06,0.0
1989-04-07,0.0
1989-04-08,0.0
1989-04-09,0.0
1989-04-10,0.0
1989-04-11,0.0
1989-04-12,2.076478431622187
1989-04-13,4.982133150100708
1989-04-14,4.469746033350627
1989-04-15,0.0005611625444241023
1989-04-16,5.3711317984076835e-05
1989-04-17,0.040041392048199974
1989-04-18,0.004780432985474666
1989-04-19,0.6833939949671427
1989-04-20,0.07308431218067805
1989-04-21,0.0027021447216005376
1989-04-22,0.0
1989-04-23,0.0001526720710292769
1989-04-24,0.0
1989-04-25,0.08693220714728038
1989-04-26,1.1046298493941624
1989-04-27,1.2703417241573334
1989-04-28,1.9768827160199482
1989-04-29,2.054201672474543
1989-04-30,8.170771837234497
1989-05-01,1.2266154438257217
1989-05-02,0.5870939667026202
1989-05-03,0.1273083370178938
1989-05-04,0.0068498614127747715
1989-05-05,0.891797311604023
1989-05-06,0.11173471854999661
1989-05-07,0.13649889578421912
1989-05-08,0.1907134191133082
1989-05-09,0.0
1989-05-10,5.656616389751434
1989-05-11,0.7984372600913048
1989-05-12,0.5577329484124979
1989-05-13,4.644539733727773
1989-05-14,1.9125564396381378
1989-05-15,5.150099317232768
1989-05-16,1.2930511658390362
1989-05-17,7.688907086849213
1989-05-18,0.0
1989-05-19,0.0
1989-05-20,0.36668208489815396
1989-05-21,0.15420394965137044
1989-05-22,0.0
1989-05-23,0.2565808178236087
1989-05-24,0.0
1989-05-25,0.0
1989-05-26,0.011195885521980623
1989-05-27,0.9534410561124483
1989-05-28,0.0
1989-05-29,0.0
1989-05-30,0.04334253165870905
1989-05-31,0.36068683365980786
1989-06-01,1.7369924535353978
1989-06-02,0.8468835105498632
1989-06-03,0.24323499202728271
1989-06-04,0.634024053812027
1989-06-05,4.9593260288238525
1989-06-06,1.0123253564039867
1989-06-07,0.020724035222277355
1989-06-08,0.0
1989-06-09,0.005919106944929808
1989-06-10,20.297275066375732
1989-06-11,3.8667508363723755
1989-06-12,0.31368925670782727
1989-06-13,2.422674944003423
1989-06-14,47.25254821777344
1989-06-15,0.09523767403637369
1989-06-16,0.0
1989-06-17,0.0
1989-06-18,0.9417041689157486
1989-06-19,0.7111223762234052
1989-06-20,0.0
1989-06-21,0.0
1989-06-22,0.0031337813707068563
1989-06-23,0.48894959936539334
1989-06-24,0.928374394774437
1989-06-25,0.2188693924496571
1989-06-26,0.09145800458888213
1989-06-27,0.0
1989-06-28,0.0
1989-06-29,7.596887659625888e-05
1989-06-30,0.0
1989-07-01,0.017771953095992405
1989-07-02,0.01338578452123329
1989-07-03,0.2390009587009748
1989-07-04,2.164673070112864
1989-07-05,0.11146937931577365
1989-07-06,0.11551549658179283
1989-07-07,0.3238622881472111
1989-07-08,0.27295385549465817
1989-07-09,0.30938205185035866
1989-07-10,0.21196385410924753
1989-07-11,0.00029732515637685236
1989-07-12,0.005287807163161536
1989-07-13,0.003349225386045873
1989-07-14,0.025555627420544624
1989-07-15,0.0152752500337859
1989-07-16,0.1601323012728244
1989-07-17,0.08365174056962132
1989-07-18,0.009371825653943233
1989-07-19,0.01892300444887951
1989-07-20,0.27089242233584326
1989-07-21,0.015259690412979884
1989-07-22,0.13878125483946255
1989-07-23,0.02862781325529795
1989-07-24,0.25635296521553147
1989-07-25,0.08182571372405316
1989-07-26,1.7130084832509358
1989-07-27,5.233510295550029
1989-07-28,1.510835866133372
1989-07-29,0.194940023124218
1989-07-30,0.005434037942904979
1989-07-31,0.0037210172740742564
1989-08-01,0.0037733369196454682
1989-08-02,0.0033094839503367743
1989-08-03,0.0002445529098622501
1989-08-04,2.5291170459240675e-05
1989-08-05,3.016784709567825e-05
1989-08-06,0.5483275130391121
1989-08-07,6.9980396429697675
1989-08-08,35.5739951133728
1989-08-09,1.0536064108212788
1989-08-10,0.6792366641263167
1989-08-11,0.0
1989-08-12,0.00040678576806385536
1989-08-13,0.023713961398849886
1989-08-14,0.7240445365508398
1989-08-15,0.08230581662307183
1989-08-16,0.0
1989-08-17,0.0
1989-08-18,0.0
1989-08-19,0.0
1989-08-20,0.0
1989-08-21,0.07556451981266339
1989-08-22,0.008419246141177913
1989-08-23,0.03246904343056182
1989-08-24,1.7491081555684407
1989-08-25,1.1142314275105794
1989-08-26,0.08555280168851216
1989-08-27,0.7541680485010147
1989-08-28,0.03859175369143486
1989-08-29,0.0008711905381157218
1989-08-30,0.04479876098533472
1989-08-31,0.0
1989-09-01,0.0
1989-09-02,0.0
1989-09-03,0.0
1989-09-04,0.0
1989-09-05,0.0
1989-09-06,0.5485609670480093
1989-09-07,1.923465092976888
1989-09-08,0.48991697281599045
1989-09-09,0.013574420008808374
1989-09-10,0.3348778113722801
1989-09-11,5.38780152797699
1989-09-12,0.16614687566955885
1989-09-13,1.553383891781171
1989-09-14,3.5448752641677856
1989-09-15,0.0
1989-09-16,0.0
1989-09-17,0.0
1989-09-18,0.0
1989-09-19,0.0
1989-09-20,0.0
1989-09-21,0.015234406804665923
1989-09-22,0.007396632533830901
1989-09-23,0.0
1989-09-24,0.0
1989-09-25,0.0
1989-09-26,0.0
1989-09-27,0.0
1989-09-28,0.0
1989-09-29,0.0
1989-09-30,0.0
1989-10-01,0.0
1989-10-02,0.0
1989-10-03,0.0
1989-10-04,0.4621133853991826
1989-10-05,1.043143371740977
1989-10-06,0.7194474190473557
1989-10-07,38.088812510172524
1989-10-08,0.0
1989-10-09,0.06333171669393778
1989-10-10,0.04184046659308175
1989-10-11,0.0
1989-10-12,0.0
1989-10-13,0.005198913315931956
1989-10-14,0.0
1989-10-15,0.0
1989-10-16,0.0
1989-10-17,0.00668178820827355
1989-10-18,0.2456605558594068
1989-10-19,0.0
1989-10-20,0.0
1989-10-21,0.0
1989-10-22,0.0
1989-10-23,0.0
1989-10-24,0.00011513537265273044
1989-10-25,0.7075009644031525
1989-10-26,2.058758189280828
1989-10-27,2.698195199171702
1989-10-28,9.861772855122885
1989-10-29,18.883851925532024
1989-10-30,40.93002891540527
1989-10-31,0.0
1989-11-01,0.006717322064408411
1989-11-02,0.0
1989-11-03,0.0
1989-11-04,0.0
1989-11-05,0.07380462934573491
1989-11-06,0.004948109349546333
1989-11-07,0.029936299348870914
1989-11-08,0.0
1989-11-09,0.0
1989-11-10,0.0
1989-11-11,0.0
1989-11-12,4.606267750263214
1989-11-13,4.865683039029439
1989-11-14,0.6712545330325762
1989-11-15,0.0
1989-11-16,0.0
1989-11-17,0.0009910049363194655
1989-11-18,0.18179801975687346
1989-11-19,0.016331504099071026
1989-11-20,0.07283716058979432
1989-11-21,0.0
1989-11-22,4.874963204065959
1989-11-23,0.0
1989-11-24,0.0
1989-11-25,0.0
1989-11-26,0.0028021876690521217
1989-11-27,0.0
1989-11-28,0.0
1989-11-29,0.09808220093448956
1989-11-30,7.726049423217773
1989-12-01,0.9276218861341476
1989-12-02,1.2207624316215515
1989-12-03,0.01317162838919709
1989-12-04,0.0
1989-12-05,0.0
1989-12-06,0.0
1989-12-07,0.2940029377738635
1989-12-08,0.0
1989-12-09,0.0
1989-12-10,0.0
1989-12-11,0.0
1989-12-12,0.4210481842358907
1989-12-13,0.0
1989-12-14,0.0
1989-12-15,0.0
1989-12-16,0.0
1989-12-17,0.3003336216012637
1989-12-18,1.1290859083334606
1989-12-19,0.18120557069778442
1989-12-20,0.036776427645236254
1989-12-21,0.04619023545334736
1989-12-22,0.6946583340565363
1989-12-23,0.0
1989-12-24,0.0
1989-12-25,0.0
1989-12-26,0.0
1989-12-27,0.00011449565166306759
1989-12-28,0.9382589906454086
1989-12-29,0.1993719624976317
1989-12-30,0.2776101504762967
1989-12-31,0.8660563975572586
1990-01-01,0.3290988840162754
1990-01-02,0.0001700037616198339
1990-01-03,3.5510536630948386
1990-01-04,0.0
1990-01-05,0.09463678331424792
1990-01-06,4.937009731928508
1990-01-07,0.01849791027295093
1990-01-08,0.0
1990-01-09,0.0
1990-01-10,0.0
1990-01-11,0.0
1990-01-12,0.0
1990-01-13,0.0
1990-01-14,0.0
1990-01-15,0.0
1990-01-16,0.09507627505809069
1990-01-17,0.02200027594032387
1990-01-18,0.04967363023509582
1990-01-19,0.1439748319486777
1990-01-20,0.0
1990-01-21,0.0
1990-01-22,0.0
1990-01-23,0.02593449627359708
1990-01-24,0.6644650300343832
1990-01-25,0.0
1990-01-26,0.0
1990-01-27,0.0
1990-01-28,2.2809379398822784
1990-01-29,0.004517756470401461
1990-01-30,0.0
1990-01-31,2.5114954710006714
1990-02-01,27.239776849746704
1990-02-02,0.11125328267614047
1990-02-03,5.107963462670644
1990-02-04,0.0
1990-02-05,0.1634997840349873
1990-02-06,0.0
1990-02-07,0.0
1990-02-08,1.1179709136486053
1990-02-09,1.2472116351127625
1990-02-10,0.0
1990-02-11,0.0
1990-02-12,0.0
1990-02-13,0.0
1990-02-14,0.6324628293514252
1990-02-15,3.220888078212738
1990-02-16,0.0
1990-02-17,4.837706645329793
1990-02-18,1.901813839872678
1990-02-19,0.506874235967795
1990-02-20,10.979459285736084
1990-02-21,57.59657287597656
1990-02-22,0.0
1990-02-23,0.0
1990-02-24,0.0
1990-02-25,0.0
1990-02-26,0.12434045411646366
1990-02-27,4.362962385018666
1990-02-28,10.152213255564371
1990-03-01,23.972468852996826
1990-03-02,0.04802469862625003
1990-03-03,0.38693946848313016
1990-03-04,0.0
1990-03-05,1.1816267172495525
1990-03-06,2.1777760088443756
1990-03-07,3.5958192944526672
1990-03-08,3.5355852842330933
1990-03-09,1.0231472551822662
1990-03-10,1.5479500194390614
1990-03-11,8.285696625709534
1990-03-12,3.7905516227086387
1990-03-13,4.772230784098308
1990-03-14,6.367852767308553
1990-03-15,0.0
1990-03-16,0.0
1990-03-17,0.0
1990-03-18,0.0
1990-03-19,0.0
1990-03-20,0.0
1990-03-21,0.0
1990-03-22,0.0
1990-03-23,0.0
1990-03-24,0.0
1990-03-25,0.0
1990-03-26,1.187395378947258
1990-03-27,5.407373507817586
1990-03-28,3.9439291954040527
1990-03-29,1.9582405090332031
1990-03-30,6.218974272410075
1990-03-31,0.5465912893414497
1990-04-01,3.9571425120035806
1990-04-02,15.130695263544718
1990-04-03,1.6111511091391246
1990-04-04,0.496841236948967
1990-04-05,0.8809058467547098
1990-04-06,4.045826852321625
1990-04-07,0.0
1990-04-08,0.232261523604393
1990-04-09,3.461188773314158
1990-04-10,0.6232762783765793
1990-04-11,0.0
1990-04-12,0.24118752405047417
1990-04-13,3.1156551241874695
1990-04-14,2.842862884203593
1990-04-15,1.0883757422367732
1990-04-16,0.6017733017603556
1990-04-17,2.5553675492604575
1990-04-18,5.5160532395044966
1990-04-19,13.833455801010132
1990-04-20,15.369315385818481
1990-04-21,0.9624309440453848
1990-04-22,0.09632295494278272
1990-04-23,1.0581947714090347
1990-04-24,1.5419848958651226
1990-04-25,11.394834041595459
1990-04-26,41.006303469340004
1990-04-27,0.03285277781833429
1990-04-28,0.0
1990-04-29,0.0
1990-04-30,0.09942699782550335
1990-05-01,1.828765685359637
1990-05-02,11.430010835329691
1990-05-03,12.017196615537008
1990-05-04,0.0722003470485409
1990-05-05,0.015147733657310406
1990-05-06,0.0
1990-05-07,0.06368920238067706
1990-05-08,0.014595377026125789
1990-05-09,0.0
1990-05-10,0.0
1990-05-11,1.3033665865659714
1990-05-12,1.9797219981749852
1990-05-13,0.0
1990-05-14,0.8937250400582949
1990-05-15,0.27795399849613506
1990-05-16,0.5026391049226125
1990-05-17,3.527284860610962
1990-05-18,4.643287281195323
1990-05-19,0.6482990135749181
1990-05-20,2.308650533358256
1990-05-21,1.9275248150030773
1990-05-22,18.18791929880778
1990-05-23,1.2538897891839345
1990-05-24,0.1819125475982825
1990-05-25,0.0
1990-05-26,0.02856672399987777
1990-05-27,0.016121485697415967
1990-05-28,0.6395218620697657
1990-05-29,0.7347243701418241
1990-05-30,4.046957592169444
1990-05-31,1.5124229043722153
1990-06-01,1.7258419493834178
1990-06-02,1.0594189216693242
1990-06-03,0.03133860711629192
1990-06-04,0.012471295737971863
1990-06-05,0.0
1990-06-06,0.0
1990-06-07,0.008693129833166799
1990-06-08,0.003944989332618813
1990-06-09,0.0018981494164715211
1990-06-10,0.013675847866882881
1990-06-11,0.5057121440768242
1990-06-12,0.565475178261598
1990-06-13,0.370393980294466
1990-06-14,1.8316809783379238
1990-06-15,1.8084451854228973
1990-06-16,1.3040087322394054
1990-06-17,0.2272395727535089
1990-06-18,0.0
1990-06-19,0.0
1990-06-20,0.0
1990-06-21,0.0
1990-06-22,0.0
1990-06-23,0.0
1990-06-24,0.0
1990-06-25,0.0
1990-06-26,0.132669477413098
1990-06-27,0.0
1990-06-28,0.0
1990-06-29,0.014127666790348789
1990-06-30,0.14627446606755257
1990-07-01,0.0
1990-07-02,0.0
1990-07-03,0.0
1990-07-04,0.0
1990-07-05,0.0
1990-07-06,0.10899742009739082
1990-07-07,3.521039843559265
1990-07-08,4.08875298500061
1990-07-09,0.030393007832268875
1990-07-10,0.0014810984527381759
1990-07-11,0.00807690542327085
1990-07-12,9.194057861963907
1990-07-13,1.5427325318257015
1990-07-14,0.33034854133923847
1990-07-15,26.957382837931316
1990-07-16,48.818060557047524
1990-07-17,100.80344263712566
1990-07-18,23.376466592152912
1990-07-19,8.140944917996725
1990-07-20,5.822334249814351
1990-07-21,0.7476053113738695
1990-07-22,0.0006707389620714821
1990-07-23,10.926780859629313
1990-07-24,14.851855198542276
1990-07-25,2.6468882958094277
1990-07-26,0.0017032118145531665
1990-07-27,0.8659686247507731
1990-07-28,0.0
1990-07-29,0.15537352797885737
1990-07-30,3.340867598851522
1990-07-31,1.4526853660742443
1990-08-01,2.05990794301033
1990-08-02,11.38547948996226
1990-08-03,11.622413237889608
1990-08-04,0.005247505498118699
1990-08-05,0.37321132925959927
1990-08-06,0.0
1990-08-07,0.0
1990-08-08,0.0
1990-08-09,0.0
1990-08-10,0.0
1990-08-11,0.0
1990-08-12,0.0
1990-08-13,0.0
1990-08-14,0.0
1990-08-15,0.0
1990-08-16,0.07006573925415675
1990-08-17,4.873324394226074
1990-08-18,5.320517698923747
1990-08-19,0.963375394543012
1990-08-20,0.0
1990-08-21,0.0
1990-08-22,0.0
1990-08-23,0.0
1990-08-24,0.0
1990-08-25,0.0
1990-08-26,0.0
1990-08-27,0.0
1990-08-28,0.05182210790614287
1990-08-29,4.141495704650879
1990-08-30,1.8091092109680176
1990-08-31,0.0009284040424972773
1990-09-01,23.941978613535564
1990-09-02,12.913857579231262
1990-09-03,1.3550213724374771
1990-09-04,3.901532530784607
1990-09-05,0.31068266555666924
1990-09-06,0.3030933638413747
1990-09-07,0.49505311250686646
1990-09-08,0.29276343807578087
1990-09-09,6.492549856503804
1990-09-10,8.143689155578613
1990-09-11,5.482978304227193
1990-09-12,1.028589795033137
1990-09-13,0.60280858228604
1990-09-14,2.327256272236506
1990-09-15,4.274842659632365
1990-09-16,16.296909888585407
1990-09-17,8.577229340871176
1990-09-18,0.8947499990463257
1990-09-19,13.518338362375895
1990-09-20,24.878194173177082
1990-09-21,1.3970251778761547
1990-09-22,8.148541371027628
1990-09-23,2.62980055809021
1990-09-24,0.0
1990-09-25,0.0
1990-09-26,0.13495178148150444
1990-09-27,0.8683927555878957
1990-09-28,0.30987117687861127
1990-09-29,0.1393284574151039
1990-09-30,0.0
1990-10-01,0.0013846344081684947
1990-10-02,0.0
1990-10-03,2.822420299053192
1990-10-04,0.0
1990-10-05,0.706168661514918
1990-10-06,1.317384550968806
1990-10-07,0.013741965250422558
1990-10-08,0.2851723035176595
1990-10-09,29.03013547261556
1990-10-10,0.0
1990-10-11,0.0
1990-10-12,0.0
1990-10-13,0.0
1990-10-14,0.0
1990-10-15,2.2147778471310935
1990-10-16,4.837187975645065
1990-10-17,2.813176706433296
1990-10-18,0.0
1990-10-19,0.0
1990-10-20,0.09211497629682223
1990-10-21,8.80910611152649
1990-10-22,0.0
1990-10-23,0.0
1990-10-24,0.0
1990-10-25,0.0
1990-10-26,0.14286449272185564
1990-10-27,0.14286449272185564
1990-10-28,0.6091146177301804
1990-10-29,0.14286449272185564
1990-10-30,0.14286449272185564
1990-10-31,1.434724618991216
1990-11-01,0.0029008531225069114
1990-11-02,0.028277527540922165
1990-11-03,0.44245817760626477
1990-11-04,13.254516839981079
1990-11-05,0.0
1990-11-06,0.0
1990-11-07,1.4061060150464375
1990-11-08,9.015880783398947
1990-11-09,0.00020945198897000714
1990-11-10,0.0
1990-11-11,0.0
1990-11-12,0.0
1990-11-13,0.0
1990-11-14,0.3494802340865135
1990-11-15,0.5215747654438019
1990-11-16,0.3084401066104571
1990-11-17,0.3904384324947993
1990-11-18,0.01477826169381539
1990-11-19,0.16090194384256998
1990-11-20,0.34180472294489544
1990-11-21,3.25050816933314
1990-11-22,11.51761301358541
1990-11-23,0.2996415700763464
1990-11-24,0.009479680137398342
1990-11-25,0.0
1990-11-26,1.1922379036744435
1990-11-27,0.5010083342591921
1990-11-28,0.0
1990-11-29,0.0
1990-11-30,0.0
1990-12-01,0.0
1990-12-02,0.0
1990-12-03,0.0
1990-12-04,0.0
1990-12-05,0.0
1990-12-06,0.0
1990-12-07,0.0
1990-12-08,0.0
1990-12-09,0.0
1990-12-10,0.0
1990-12-11,0.0
1990-12-12,0.0
1990-12-13,0.0
1990-12-14,0.0
1990-12-15,0.0
1990-12-16,0.6711231966813406
1990-12-17,0.36239305635293323
1990-12-18,0.2832864498098691
1990-12-19,0.0
1990-12-20,0.15554474542538324
1990-12-21,0.031471848487854004
1990-12-22,0.017090825984875362
1990-12-23,0.023240057130654652
1990-12-24,0.0
1990-12-25,0.0
1990-12-26,0.4222193732857704
1990-12-27,1.20211365322272
1990-12-28,5.732057770093282
1990-12-29,11.874752362569174
1990-12-30,0.5478301371137301
1990-12-31,0.0
1991-01-01,0.0
1991-01-02,0.0
1991-01-03,0.0
1991-01-04,0.0
1991-01-05,0.0
1991-01-06,5.301326910654704
1991-01-07,0.40023866295814514
1991-01-08,0.3314564886192481
1991-01-09,6.957595308621724
1991-01-10,1.0722566743691762
1991-01-11,7.690852256322007e-05
1991-01-12,7.690852256322007e-05
1991-01-13,7.690852256322007e-05
1991-01-14,0.000221492109024742
1991-01-15,7.690852256322007e-05
1991-01-16,0.00010503656570411597
1991-01-17,5.399777054786682
1991-01-18,26.79885244369507
1991-01-19,0.0014430639275815338
1991-01-20,0.00010503656570411597
1991-01-21,0.8358626315991083
1991-01-22,6.220225562477329e-05
1991-01-23,0.15308094583451748
1991-01-24,1.1144663592179616
1991-01-25,6.220225562477329e-05
1991-01-26,0.0054118096983681125
1991-01-27,1.2695921957492828
1991-01-28,9.025349087702732e-05
1991-01-29,0.4003017122546832
1991-01-30,8.018213987350464
1991-01-31,9.025349087702732e-05
1991-02-01,0.00025878266387735493
1991-02-02,0.3924369178712368
1991-02-03,1.329968770345052
1991-02-04,27.64581060409546
1991-02-05,3.6457802851994834
1991-02-06,0.0
1991-02-07,0.0
1991-02-08,0.0
1991-02-09,0.0
1991-02-10,0.0
1991-02-11,0.0
1991-02-12,0.0
1991-02-13,0.0
1991-02-14,0.0
1991-02-15,0.0
1991-02-16,0.0
1991-02-17,0.0
1991-02-18,0.0
1991-02-19,0.0
1991-02-20,0.0
1991-02-21,9.694198767344156
1991-02-22,0.00010554384395315235
1991-02-23,0.00010554384395315235
1991-02-24,0.00010554384395315235
1991-02-25,1.426062782605489
1991-02-26,0.0
1991-02-27,0.0
1991-02-28,0.0
1991-03-01,6.754830678304036
1991-03-02,0.0009491867676842958
1991-03-03,0.0009491867676842958
1991-03-04,0.0009491867676842958
1991-03-05,0.0009491867676842958
1991-03-06,0.0
1991-03-07,0.0
1991-03-08,0.0
1991-03-09,0.0
1991-03-10,0.0
1991-03-11,0.00045094794647108455
1991-03-12,0.00045094794647108455
1991-03-13,0.00045094794647108455
1991-03-14,0.051572125491171995
1991-03-15,9.921993414560953
1991-03-16,5.2100475033124285
1991-03-17,0.8829443603754044
1991-03-18,0.00010957972608593991
1991-03-19,0.19066063314676285
1991-03-20,1.5702160745859146
1991-03-21,10.954993645350138
1991-03-22,0.4444054489334424
1991-03-23,0.00015992577997773574
1991-03-24,0.00015992577997773574
1991-03-25,2.517271399497986
1991-03-26,2.4661229848861694
1991-03-27,0.7241346114436359
1991-03-28,10.05147655804952
1991-03-29,0.0008742483259993605
1991-03-30,0.519606148203214
1991-03-31,1.5005410859982173
1991-04-01,0.00012566354295510487
1991-04-02,0.022452528898914654
1991-04-03,0.17570512307186922
1991-04-04,0.06396066987266143
1991-04-05,29.3655268351237
1991-04-06,0.0
1991-04-07,0.0
1991-04-08,0.0
1991-04-09,0.0
1991-04-10,0.0
1991-04-11,2.171095093091329
1991-04-12,0.341426079471906
1991-04-13,1.0077490359544754
1991-04-14,2.1232950075500412e-05
1991-04-15,2.1232950075500412e-05
1991-04-16,0.03777595997477571
1991-04-17,0.10810480825603008
1991-04-18,3.2422800858815513
1991-04-19,0.3022649586200714
1991-04-20,3.145906324183064e-05
1991-04-21,0.0750107979401946
1991-04-22,5.018001866119448e-05
1991-04-23,0.023485775687731802
1991-04-24,1.1227122644583385
1991-04-25,0.4095930556456248
1991-04-26,0.5473532701532046
1991-04-27,9.424520452817282
1991-04-28,0.046323373137662806
1991-04-29,4.528314578540934e-05
1991-04-30,4.528314578540934e-05
1991-05-01,0.0002012782485204904
1991-05-02,5.099392354488373
1991-05-03,1.8644337207078934
1991-05-04,12.969479640324911
1991-05-05,0.0024757722567301244
1991-05-06,8.080504638030561e-05
1991-05-07,3.026794668287039
1991-05-08,3.4293971365938583
1991-05-09,0.06780445630526326
1991-05-10,1.4207746492077906
1991-05-11,11.9955313205719
1991-05-12,1.0336468915144603
1991-05-13,5.2152353922526045
1991-05-14,11.578614552815756
1991-05-15,0.2425356780489286
1991-05-16,1.5413529972235362
1991-05-17,9.478881438573202
1991-05-18,0.42789502441883087
1991-05-19,0.21451766168077788
1991-05-20,1.1537303825219472
1991-05-21,0.0
1991-05-22,0.0
1991-05-23,0.0
1991-05-24,0.0
1991-05-25,0.0
1991-05-26,0.5336053594946861
1991-05-27,0.00017793701408663765
1991-05-28,0.14443997169534364
1991-05-29,0.8467247188091278
1991-05-30,0.76735420525074
1991-05-31,1.2661439677079518
1991-06-01,1.4410558144251506
1991-06-02,1.6011624534924824
1991-06-03,9.631959398587545
1991-06-04,0.10095215650896232
1991-06-05,0.040850386954844
1991-06-06,0.30656521891554195
1991-06-07,12.911188761393229
1991-06-08,3.6523934801419577
1991-06-09,1.6844589312871296
1991-06-10,1.5477584898471832
1991-06-11,4.336799442768097
1991-06-12,9.380000631014505
1991-06-13,3.355950355529785
1991-06-14,2.8780296246210733
1991-06-15,27.758171717325848
1991-06-16,1.5563755532105763
1991-06-17,4.320069313049316
1991-06-18,0.5958803320924441
1991-06-19,0.46466994285583496
1991-06-20,0.10982710557679336
1991-06-21,0.1383323942621549
1991-06-22,0.08967424742877483
1991-06-23,0.08814040602495272
1991-06-24,0.26387981573740643
1991-06-25,0.3008359869321187
1991-06-26,0.05039961037982721
1991-06-27,3.616510129707725e-05
1991-06-28,0.2149531649580846
1991-06-29,6.426192755500476
1991-06-30,2.6841890666012964
1991-07-01,1.9388208985328674
1991-07-02,0.48098194350798923
1991-07-03,0.406759275123477
1991-07-04,11.537599484125773
1991-07-05,6.9454052448272705
1991-07-06,1.6114149689674377
1991-07-07,2.382257620493571
1991-07-08,11.221437295277914
1991-07-09,3.6514668464660645
1991-07-10,0.6707126870751381
1991-07-11,0.10615044459700584
1991-07-12,1.4200321038564045
1991-07-13,1.625573496023814
1991-07-14,0.4047235722343127
1991-07-15,2.8626264333724976
1991-07-16,0.0001222811000237319
1991-07-17,0.4515675865113735
1991-07-18,1.429751694202423
1991-07-19,0.1550131899615129
1991-07-20,0.008766638386684159
1991-07-21,4.150627255439758
1991-07-22,6.914981365203857
1991-07-23,6.899773399035136
1991-07-24,1.4007678826649983
1991-07-25,1.0687617659568787
1991-07-26,0.09413006249815226
1991-07-27,0.3260864665110906
1991-07-28,0.3321120465795199
1991-07-29,3.6073922912279763
1991-07-30,0.6283808263639609
1991-07-31,0.0001471888287293647
1991-08-01,0.0001613642792411459
1991-08-02,0.3283920604735613
1991-08-03,0.12892042814443508
1991-08-04,0.38985315958658856
1991-08-05,0.45453684280316037
1991-08-06,0.0
1991-08-07,0.0
1991-08-08,0.0
1991-08-09,0.0
1991-08-10,0.0
1991-08-11,0.0
1991-08-12,0.0
1991-08-13,0.0
1991-08-14,0.0
1991-08-15,0.0
1991-08-16,2.2312470177809396
1991-08-17,0.2978822688261668
1991-08-18,1.1659232328335445
1991-08-19,2.1575029840071998
1991-08-20,0.0028337110222006836
1991-08-21,0.00926587323192507
1991-08-22,1.1870222439368565
1991-08-23,2.4088471035162606
1991-08-24,2.0416538218657174
1991-08-25,0.06316676549613476
1991-08-26,0.08254050835967064
1991-08-27,0.18296600629885992
1991-08-28,0.4978165924549103
1991-08-29,0.11779190537830193
1991-08-30,1.4082666039466858
1991-08-31,6.6428418556849165
1991-09-01,2.77725159128507
1991-09-02,15.495105961958567
1991-09-03,22.836442291736603
1991-09-04,1.0375309425095718
1991-09-05,1.0082197338342667
1991-09-06,5.470277468363444
1991-09-07,11.76582113901774
1991-09-08,6.370296001434326
1991-09-09,1.0668820639451344
1991-09-10,0.27361978963017464
1991-09-11,0.9898037215073904
1991-09-12,25.808652718861897
1991-09-13,28.953253110249836
1991-09-14,61.87828063964844
1991-09-15,58.68818219502767
1991-09-16,6.603953997294108
1991-09-17,26.55398178100586
1991-09-18,11.417814254760742
1991-09-19,16.169907172520954
1991-09-20,3.5642149845759072
1991-09-21,0.0014407302854427446
1991-09-22,0.2376728132367134
1991-09-23,5.847870786984761
1991-09-24,3.119434138139089
1991-09-25,0.0016448156396412135
1991-09-26,0.00012685777498215126
1991-09-27,0.00012685777498215126
1991-09-28,0.1237541592369477
1991-09-29,0.00012685777498215126
1991-09-30,0.1814615416030089
1991-10-01,1.0206036915381749
1991-10-02,0.339628038307031
1991-10-03,0.0004297667716552193
1991-10-04,0.013076994645719727
1991-10-05,0.002001826719303305
1991-10-06,1.6774748464425404
1991-10-07,1.6774748464425404
1991-10-08,1.6774748464425404
1991-10-09,1.6774748464425404
1991-10-10,1.6774748464425404
1991-10-11,0.36573244879643124
1991-10-12,0.36573244879643124
1991-10-13,0.36573244879643124
1991-10-14,0.36573244879643124
1991-10-15,0.36573244879643124
1991-10-16,0.0004704300517914817
1991-10-17,0.0004704300517914817
1991-10-18,0.0004704300517914817
1991-10-19,0.0036820714691809067
1991-10-20,0.004884099878836423
1991-10-21,0.00013005268071234846
1991-10-22,0.069139012756447
1991-10-23,0.06521509991337855
1991-10-24,0.40514009694258374
1991-10-25,1.5389719307422638
1991-10-26,1.9080431461334229
1991-10-27,24.39068619410197
1991-10-28,3.061090588569641
1991-10-29,9.592394908269247
1991-10-30,2.6716159780820212
1991-10-31,12.4720565478007
1991-11-01,0.00036063271303040284
1991-11-02,0.00036063271303040284
1991-11-03,0.3004281048973401
1991-11-04,0.00036063271303040284
1991-11-05,0.00036063271303040284
1991-11-06,0.048964283584306635
1991-11-07,3.3836512565612793
1991-11-08,0.3896663710474968
1991-11-09,0.00021677027325495146
1991-11-10,0.00021677027325495146
1991-11-11,0.4177356368551652
1991-11-12,7.116616537173589
1991-11-13,2.8951834589242935
1991-11-14,4.796160822113355
1991-11-15,2.76758657147487
1991-11-16,2.8573410312334695
1991-11-17,9.409813165664673
1991-11-18,6.928043421794428e-05
1991-11-19,0.9118329385916392
1991-11-20,6.928043421794428e-05
1991-11-21,0.0
1991-11-22,0.0
1991-11-23,0.0
1991-11-24,0.0
1991-11-25,0.0
1991-11-26,0.6983288178841273
1991-11-27,0.22124397257963815
1991-11-28,2.292702039082845
1991-11-29,0.060728092367450394
1991-11-30,0.06758689973503351
1991-12-01,1.8543641567230225
1991-12-02,3.4053534070650735
1991-12-03,5.920190475687074e-05
1991-12-04,5.920190475687074e-05
1991-12-05,5.920190475687074e-05
1991-12-06,0.06833514703127246
1991-12-07,1.005391960342725
1991-12-08,2.356466074784597
1991-12-09,3.55721648534139
1991-12-10,2.181614875793457
1991-12-11,15.574304501215616
1991-12-12,1.7832285066445668
1991-12-13,11.150065660476685
1991-12-14,0.04579651394548515
1991-12-15,0.0001376902461439992
1991-12-16,0.00011078195833154798
1991-12-17,0.08210836599270503
1991-12-18,5.850156982739766
1991-12-19,31.688748995463055
1991-12-20,71.98974927266438
1991-12-21,50.18038256963094
1991-12-22,9.3488290309906
1991-12-23,9.062306677757685e-05
1991-12-24,9.062306677757685e-05
1991-12-25,0.8879627784093221
1991-12-26,0.0
1991-12-27,0.0
1991-12-28,0.0
1991-12-29,0.0
1991-12-30,0.0
1991-12-31,0.0
1992-01-01,0.0
1992-01-02,0.0
1992-01-03,0.0
1992-01-04,0.0
1992-01-05,0.0
1992-01-06,0.0
1992-01-07,2.764065300424894
1992-01-08,1.2655979295571644
1992-01-09,0.0
1992-01-10,0.10482523683458567
1992-01-11,2.418202886978785
1992-01-12,0.7487055063247681
1992-01-13,0.9603705058495203
1992-01-14,0.0
1992-01-15,0.0044789419043809175
1992-01-16,0.0
1992-01-17,19.377978722254436
1992-01-18,22.53342294692993
1992-01-19,0.4450439016024272
1992-01-20,0.0
1992-01-21,3.224440336227417
1992-01-22,0.03338719128320614
1992-01-23,0.0
1992-01-24,0.0
1992-01-25,9.456166307131449
1992-01-26,23.108423074086506
1992-01-27,0.25579051052530605
1992-01-28,0.13324918784201145
1992-01-29,0.09557189947615068
1992-01-30,0.030950249172747135
1992-01-31,0.0
1992-02-01,0.4722421442468961
1992-02-02,16.505581776301067
1992-02-03,19.364380836486816
1992-02-04,17.49443753560384
1992-02-05,0.5661335488160452
1992-02-06,0.0005420125841434734
1992-02-07,0.0
1992-02-08,0.0
1992-02-09,0.0031088555600338927
1992-02-10,0.08560429016749065
1992-02-11,0.0
1992-02-12,0.0
1992-02-13,0.0
1992-02-14,0.0
1992-02-15,0.0
1992-02-16,0.0
1992-02-17,0.0
1992-02-18,0.0
1992-02-19,0.0
1992-02-20,0.0
1992-02-21,0.04654783879717191
1992-02-22,1.9818861385186513
1992-02-23,0.0
1992-02-24,28.713463465372723
1992-02-25,4.46187287569046
1992-02-26,0.0
1992-02-27,0.0
1992-02-28,0.0
1992-02-29,0.0
1992-03-01,0.0
1992-03-02,4.633271813392639
1992-03-03,3.410179773966471
1992-03-04,59.001014391581215
1992-03-05,0.0
1992-03-06,0.0
1992-03-07,3.5760866315589133e-06
1992-03-08,0.050969988107681274
1992-03-09,0.47160179416338605
1992-03-10,0.0
1992-03-11,1.592760403951009
1992-03-12,1.592760403951009
1992-03-13,1.592760403951009
1992-03-14,1.592760403951009
1992-03-15,1.592760403951009
1992-03-16,1.4256885051727295
1992-03-17,0.2288652298351129
1992-03-18,0.7768274545669556
1992-03-19,0.0
1992-03-20,0.0
1992-03-21,6.755686958630879
1992-03-22,0.017588864274633426
1992-03-23,0.0
1992-03-24,0.14142469534029564
1992-03-25,0.0
1992-03-26,0.0
1992-03-27,21.39504909515381
1992-03-28,5.163092017173767
1992-03-29,7.617522060871124
1992-03-30,0.0
1992-03-31,0.0
1992-04-01,0.0653575196241339
1992-04-02,0.3555065045754115
1992-04-03,0.028062943058709305
1992-04-04,0.0
1992-04-05,0.9642003377278646
1992-04-06,0.9485625773668289
1992-04-07,0.0
1992-04-08,0.0
1992-04-09,2.3143924524386725
1992-04-10,9.122570296128591
1992-04-11,0.010688286274671555
1992-04-12,0.07257319490114848
1992-04-13,0.032823520402113594
1992-04-14,0.02269662171602249
1992-04-15,0.07021636267503102
1992-04-16,4.573093295097351
1992-04-17,19.7841313680013
1992-04-18,2.1691672007242837
1992-04-19,0.16791869203249613
1992-04-20,0.781220331788063
1992-04-21,0.0
1992-04-22,0.0
1992-04-23,0.08846715278923512
1992-04-24,2.1578292846679688
1992-04-25,12.069195787111918
1992-04-26,0.002607654983876273
1992-04-27,0.007997992526118955
1992-04-28,0.0
1992-04-29,0.0
1992-04-30,0.0
1992-05-01,0.5374528542160988
1992-05-02,0.21967350194851556
1992-05-03,2.831768492857615
1992-05-04,11.869932015736898
1992-05-05,0.5643940443793932
1992-05-06,0.007574061304088294
1992-05-07,0.0
1992-05-08,0.0
1992-05-09,0.30366745377735543
1992-05-10,0.9700944488868117
1992-05-11,0.18346337974071503
1992-05-12,0.1822699929277102
1992-05-13,0.49328645318746567
1992-05-14,0.20339244045317173
1992-05-15,3.0598981976509094
1992-05-16,0.9298605372508367
1992-05-17,3.467309137185415
1992-05-18,3.780765195687612
1992-05-19,5.153659522533417
1992-05-20,3.8296188910802207
1992-05-21,25.057791074117024
1992-05-22,7.881209492683411
1992-05-23,0.9346449077129364
1992-05-24,0.09515353230138619
1992-05-25,5.441998104254405
1992-05-26,21.420762062072754
1992-05-27,21.090530236562092
1992-05-28,0.26610877985755604
1992-05-29,0.003211750435487678
1992-05-30,0.13666015801330408
1992-05-31,16.593444267908733
1992-06-01,0.9123125125964483
1992-06-02,21.807332197825115
1992-06-03,0.013234532981490096
1992-06-04,0.07408912340179086
1992-06-05,0.6335240254799525
1992-06-06,2.6274760365486145
1992-06-07,30.835846424102783
1992-06-08,19.428336143493652
1992-06-09,2.848722537358602
1992-06-10,42.26808230082194
1992-06-11,5.570248285929362
1992-06-12,6.751601219177246
1992-06-13,0.059442922162512936
1992-06-14,0.9417215138673782
1992-06-15,0.14424336391190687
1992-06-16,0.436320128540198
1992-06-17,0.687372550368309
1992-06-18,0.5981881842017174
1992-06-19,0.12609443503121534
1992-06-20,0.008445547156346342
1992-06-21,0.0
1992-06-22,0.0
1992-06-23,0.0
1992-06-24,0.0
1992-06-25,0.0
1992-06-26,11.000161409378052
1992-06-27,0.5792602250973383
1992-06-28,0.08030645176768303
1992-06-29,1.205365737279256
1992-06-30,0.054840191888312496
1992-07-01,0.5807567685842514
1992-07-02,0.046520051235953964
1992-07-03,0.24202270433306694
1992-07-04,1.513431449731191
1992-07-05,0.058038879030694566
1992-07-06,0.0
1992-07-07,0.0
1992-07-08,0.0
1992-07-09,0.0
1992-07-10,0.0
1992-07-11,0.009482770459726453
1992-07-12,0.013553864322602749
1992-07-13,0.014008626962701479
1992-07-14,0.000981929949678791
1992-07-15,0.0004515122248752353
1992-07-16,0.0
1992-07-17,0.3495994284749031
1992-07-18,1.723738690217336
1992-07-19,2.428363839785258
1992-07-20,20.941394646962483
1992-07-21,15.722127358118692
1992-07-22,8.900091926256815
1992-07-23,0.3934521327416102
1992-07-24,0.0029686688988779983
1992-07-25,0.0
1992-07-26,0.0
1992-07-27,0.005606040863009791
1992-07-28,0.03429542932038506
1992-07-29,0.548081840078036
1992-07-30,0.042203519182900585
1992-07-31,0.01985587792781492
1992-08-01,0.7300818488001823
1992-08-02,1.4607776999473572
1992-08-03,6.215156078338623
1992-08-04,0.6667246321837107
1992-08-05,0.27962629683315754
1992-08-06,0.0
1992-08-07,0.0
1992-08-08,0.0
1992-08-09,0.0
1992-08-10,0.0
1992-08-11,1.9589951584736507
1992-08-12,17.286544640858967
1992-08-13,1.7230600416660309
1992-08-14,0.17364541441202164
1992-08-15,19.825074672698975
1992-08-16,0.0
1992-08-17,0.0
1992-08-18,0.0
1992-08-19,0.0
1992-08-20,0.0
1992-08-21,0.0
1992-08-22,0.0
1992-08-23,0.0
1992-08-24,0.0
1992-08-25,0.0
1992-08-26,0.0
1992-08-27,0.0
1992-08-28,0.0
1992-08-29,0.0
1992-08-30,0.0
1992-08-31,0.0
1992-09-01,7.706192413965861
1992-09-02,0.0
1992-09-03,0.3545509570588668
1992-09-04,1.3776282866795857
1992-09-05,0.17852712764094272
1992-09-06,0.0
1992-09-07,0.3258763427535693
1992-09-08,0.21511176601052284
1992-09-09,0.23115376755595207
1992-09-10,1.7464497188727062
1992-09-11,7.214667757352193
1992-09-12,1.4668366312980652
1992-09-13,1.1995699902375538
1992-09-14,2.105142116546631
1992-09-15,2.440300226211548
1992-09-16,0.0
1992-09-17,3.860545734564463
1992-09-18,0.428597259024779
1992-09-19,2.4686152637004852
1992-09-20,0.048264067620038986
1992-09-21,5.416229406992595
1992-09-22,6.796830415725708
1992-09-23,0.3957964318494002
1992-09-24,0.9679884215195974
1992-09-25,0.0
1992-09-26,0.0
1992-09-27,1.6342380543549855
1992-09-28,0.06129142828285694
1992-09-29,0.0
1992-09-30,0.0
1992-10-01,0.2634545527398586
1992-10-02,0.2634545527398586
1992-10-03,0.2634545527398586
1992-10-04,0.2634545527398586
1992-10-05,0.2634545527398586
1992-10-06,0.0
1992-10-07,0.552259273827076
1992-10-08,1.2999236683050792
1992-10-09,0.0
1992-10-10,0.0
1992-10-11,0.9103947927554449
1992-10-12,0.04284531561036905
1992-10-13,0.0
1992-10-14,0.7701025158166885
1992-10-15,2.1029970347881317
1992-10-16,1.891776869694392
1992-10-17,0.29966824998458225
1992-10-18,0.6314484626054764
1992-10-19,0.34343229482571286
1992-10-20,0.32098987450202304
1992-10-21,1.7716524004936218
1992-10-22,0.5997588907678922
1992-10-23,0.9140807042519251
1992-10-24,0.0
1992-10-25,0.0
1992-10-26,0.0
1992-10-27,0.0
1992-10-28,0.0
1992-10-29,9.96251638730367
1992-10-30,8.406044483184814
1992-10-31,1.691665808359782
1992-11-01,20.495031654834747
1992-11-02,0.0
1992-11-03,0.0
1992-11-04,0.15305748760389784
1992-11-05,0.0
1992-11-06,0.0
1992-11-07,0.027434433228336275
1992-11-08,7.061635732650757
1992-11-09,16.188206672668457
1992-11-10,9.355008999506632
1992-11-11,10.714633146921793
1992-11-12,8.017662793397903
1992-11-13,0.0
1992-11-14,0.0
1992-11-15,0.41665635847796995
1992-11-16,0.21549411304295063
1992-11-17,0.21168490685522556
1992-11-18,1.2829925070206325
1992-11-19,10.307197372118631
1992-11-20,0.04438432368139426
1992-11-21,0.0
1992-11-22,0.0
1992-11-23,0.0
1992-11-24,0.0
1992-11-25,0.0
1992-11-26,0.004977696361796309
1992-11-27,0.0
1992-11-28,0.0
1992-11-29,0.0
1992-11-30,0.0471131798500816
1992-12-01,0.0
1992-12-02,0.0
1992-12-03,0.06967011000961065
1992-12-04,0.11279940356810887
1992-12-05,1.9420791169007618
1992-12-06,0.45562533599634963
1992-12-07,0.0
1992-12-08,1.8986537978053093
1992-12-09,2.7505064010620117
1992-12-10,0.0
1992-12-11,0.0
1992-12-12,0.6383119424184164
1992-12-13,3.6346548795700073
1992-12-14,32.64698394139608
1992-12-15,6.246477444966634
1992-12-16,0.0
1992-12-17,0.0
1992-12-18,0.0
1992-12-19,0.0
1992-12-20,0.0
1992-12-21,0.007584621508916219
1992-12-22,0.019442574431498844
1992-12-23,0.008267551039656004
1992-12-24,0.03458853562672933
1992-12-25,0.007814761872092882
1992-12-26,0.05674003685514132
1992-12-27,0.1875121140231689
1992-12-28,1.278218870361646
1992-12-29,2.0553173621495566
1992-12-30,0.6532785470287005
1992-12-31,1.980453997850418
1993-01-01,6.362404266993205
1993-01-02,1.4962865660587947
1993-01-03,2.8621837397416434
1993-01-04,0.8327322254578272
1993-01-05,0.0
1993-01-06,5.826100786526998
1993-01-07,1.2607021431128185
1993-01-08,0.0
1993-01-09,1.0899920811255772
1993-01-10,6.044464190800984
1993-01-11,0.9199627240498861
1993-01-12,0.0002313381313191106
1993-01-13,0.7820003057519594
1993-01-14,0.4857434431711833
1993-01-15,1.965070237716039
1993-01-16,0.0
1993-01-17,0.0
1993-01-18,0.35405901446938515
1993-01-19,19.424843311309814
1993-01-20,2.507972687482834
1993-01-21,0.0
1993-01-22,0.0
1993-01-23,0.0
1993-01-24,0.0
1993-01-25,0.0
1993-01-26,0.0
1993-01-27,0.0
1993-01-28,0.6652624607086182
1993-01-29,0.0077148011575142545
1993-01-30,0.15643922487894693
1993-01-31,0.0
1993-02-01,0.0
1993-02-02,0.0
1993-02-03,0.0
1993-02-04,0.0
1993-02-05,0.0
1993-02-06,0.0
1993-02-07,0.0
1993-02-08,0.0
1993-02-09,0.0
1993-02-10,0.0
1993-02-11,0.0
1993-02-12,0.0
1993-02-13,0.0012362910395798583
1993-02-14,2.941237489382426
1993-02-15,4.6914989948272705
1993-02-16,0.0
1993-02-17,0.0
1993-02-18,0.0
1993-02-19,0.0
1993-02-20,0.0
1993-02-21,0.0989672380189101
1993-02-22,0.0
1993-02-23,0.0
1993-02-24,1.5628755589326222
1993-02-25,10.043261329332987
1993-02-26,0.0
1993-02-27,0.2575830854475498
1993-02-28,22.90124209721883
1993-03-01,0.0
1993-03-02,0.0
1993-03-03,0.0
1993-03-04,0.0
1993-03-05,0.0
1993-03-06,0.4748985419670741
1993-03-07,0.4748985419670741
1993-03-08,0.4748985419670741
1993-03-09,0.4748985419670741
1993-03-10,0.4748985419670741
1993-03-11,0.9292791485786438
1993-03-12,4.349813421567281
1993-03-13,0.0
1993-03-14,0.0
1993-03-15,2.2888463536898294
1993-03-16,0.0
1993-03-17,0.0
1993-03-18,0.0
1993-03-19,0.0
1993-03-20,0.0
1993-03-21,0.15566150347391763
1993-03-22,3.357571244239807
1993-03-23,0.12156429265936215
1993-03-24,0.5544555882612864
1993-03-25,0.12061537678043048
1993-03-26,0.07457505259662867
1993-03-27,0.7336892435948054
1993-03-28,5.308407048384349
1993-03-29,1.2539939880371094
1993-03-30,11.660443305969238
1993-03-31,0.0
1993-04-01,0.0
1993-04-02,0.0020350154760914543
1993-04-03,3.5091452995936074
1993-04-04,0.9711535970369974
1993-04-05,0.0
1993-04-06,0.13454792089760303
1993-04-07,7.172005434830983
1993-04-08,0.4632404111325741
1993-04-09,0.0
1993-04-10,0.0
1993-04-11,0.0
1993-04-12,0.0008979990355631647
1993-04-13,0.1531616412103176
1993-04-14,16.665154377619427
1993-04-15,0.012018004859176775
1993-04-16,0.0
1993-04-17,0.0
1993-04-18,0.0
1993-04-19,0.0
1993-04-20,0.0
1993-04-21,0.0
1993-04-22,0.0
1993-04-23,0.0
1993-04-24,0.0
1993-04-25,0.0
1993-04-26,0.0
1993-04-27,1.5617450177669525
1993-04-28,1.6092958648999531
1993-04-29,15.822916666666666
1993-04-30,0.6425010239084562
1993-05-01,0.2637740895152092
1993-05-02,15.085688988367716
1993-05-03,0.0
1993-05-04,0.5375517383217812
1993-05-05,8.555014769236246
1993-05-06,3.688684344291687
1993-05-07,1.6374426831801732
1993-05-08,4.126323898633321
1993-05-09,2.557251125574112
1993-05-10,0.010442172594290847
1993-05-11,0.0
1993-05-12,0.0
1993-05-13,0.0
1993-05-14,0.0
1993-05-15,0.0
1993-05-16,0.0
1993-05-17,0.04853972187265754
1993-05-18,9.908232927322388
1993-05-19,0.0
1993-05-20,0.0
1993-05-21,0.0005129433872449832
1993-05-22,5.985441327095032
1993-05-23,16.622374773025513
1993-05-24,2.151142656803131
1993-05-25,0.8587136516968409
1993-05-26,0.6205779115358988
1993-05-27,2.067778488000234
1993-05-28,5.643784681955974
1993-05-29,3.29866232474645
1993-05-30,1.2992607355117798
1993-05-31,2.129489759604136
1993-06-01,0.0
1993-06-02,0.0
1993-06-03,0.0
1993-06-04,0.0
1993-06-05,0.0
1993-06-06,7.355761488278707
1993-06-07,7.8145047426223755
1993-06-08,6.262632966041565
1993-06-09,1.8509692947069805
1993-06-10,23.59866730372111
1993-06-11,9.445077220598856
1993-06-12,11.028414845466614
1993-06-13,1.287626748283704
1993-06-14,4.878441870212555
1993-06-15,0.7901565233866373
1993-06-16,0.17403092980384827
1993-06-17,4.369343519210815
1993-06-18,3.3354092637697854
1993-06-19,0.5179678127169609
1993-06-20,0.8548701703548431
1993-06-21,0.0
1993-06-22,0.0
1993-06-23,0.0
1993-06-24,0.0
1993-06-25,0.0
1993-06-26,3.1855643931776285
1993-06-27,7.228798485050599
1993-06-28,1.141031469218433
1993-06-29,1.218582649094363
1993-06-30,1.5776199341441195
1993-07-01,0.0
1993-07-02,0.0
1993-07-03,0.0
1993-07-04,0.0
1993-07-05,0.0
1993-07-06,0.0
1993-07-07,0.0
1993-07-08,0.0
1993-07-09,0.0
1993-07-10,0.0
1993-07-11,0.0004554770760781442
1993-07-12,0.0605086941892902
1993-07-13,0.004150093086839964
1993-07-14,0.0
1993-07-15,0.0016296419780701399
1993-07-16,5.661458532015483
1993-07-17,0.591747178385655
1993-07-18,1.4775911966959636
1993-07-19,0.5054044884939989
1993-07-20,0.46263211965560913
1993-07-21,0.19595728519683084
1993-07-22,0.07464556418320474
1993-07-23,0.0
1993-07-24,0.0
1993-07-25,0.0
1993-07-26,0.15389552588264147
1993-07-27,0.05779186636209488
1993-07-28,0.12757520439724127
1993-07-29,0.0040619446760198725
1993-07-30,0.7036677896976471
1993-07-31,0.07326673281689484
1993-08-01,0.002227248934408029
1993-08-02,0.0020311734018226466
1993-08-03,0.004132699221372604
1993-08-04,0.0005478737487768134
1993-08-05,0.0
1993-08-06,0.0
1993-08-07,0.0
1993-08-08,0.0
1993-08-09,0.0
1993-08-10,0.0
1993-08-11,0.0
1993-08-12,0.0
1993-08-13,0.0
1993-08-14,0.0
1993-08-15,0.0
1993-08-16,0.0
1993-08-17,0.0
1993-08-18,0.0
1993-08-19,0.0
1993-08-20,0.0
1993-08-21,0.0
1993-08-22,0.0
1993-08-23,0.0
1993-08-24,0.0
1993-08-25,0.0
1993-08-26,0.24486949543158212
1993-08-27,0.8325423498948415
1993-08-28,18.552481810251873
1993-08-29,1.5142923792203267
1993-08-30,0.26697392637530964
1993-08-31,0.9626139253377914
1993-09-01,0.7598590428630511
1993-09-02,0.04182446235790849
1993-09-03,1.6069495876630147
1993-09-04,0.7152495806415876
1993-09-05,0.017802335244293015
1993-09-06,0.0
1993-09-07,0.0035673935199156404
1993-09-08,0.008990707516204566
1993-09-09,7.580771346886952
1993-09-10,7.544886787732442
1993-09-11,1.1809980819622676
1993-09-12,2.198892742395401
1993-09-13,7.456565618515015
1993-09-14,46.38620122273763
1993-09-15,0.0
1993-09-16,0.0
1993-09-17,0.0
1993-09-18,3.713015596071879
1993-09-19,0.5267562245329221
1993-09-20,0.07223719265311956
1993-09-21,0.2229438809057077
1993-09-22,0.8262728104988734
1993-09-23,1.0211229920387268
1993-09-24,1.0563283662001293
1993-09-25,0.002606107086952155
1993-09-26,2.8955116868019104
1993-09-27,0.00376450106947838
1993-09-28,0.0
1993-09-29,0.0
1993-09-30,0.0016628692877323676
1993-10-01,0.574837456146876
1993-10-02,1.0416267563899357
1993-10-03,1.8870382408301036
1993-10-04,0.614162590354681
1993-10-05,0.0028729603121367595
1993-10-06,0.0033537266426719725
1993-10-07,2.048869550228119
1993-10-08,0.035454618744552135
1993-10-09,0.506894921263059
1993-10-10,0.0004255231579008978
1993-10-11,1.4757831990718842
1993-10-12,0.802668496966362
1993-10-13,0.04351726205398639
1993-10-14,0.025806759328891832
1993-10-15,1.5895148913065593
1993-10-16,0.07232468326886494
1993-10-17,0.0848599352563421
1993-10-18,1.001633733510971
1993-10-19,2.6579424142837524
1993-10-20,11.916276852289835
1993-10-21,0.7181645532449087
1993-10-22,0.7181645532449087
1993-10-23,0.7181645532449087
1993-10-24,0.7181645532449087
1993-10-25,0.7181645532449087
1993-10-26,0.0
1993-10-27,1.8620261624455452
1993-10-28,0.0
1993-10-29,8.464792132377625
1993-10-30,1.6944699709614117
1993-10-31,0.0
1993-11-01,0.0
1993-11-02,1.6839448511600494
1993-11-03,18.358848333358765
1993-11-04,0.0
1993-11-05,0.308335551371177
1993-11-06,0.003253315701537455
1993-11-07,0.0
1993-11-08,0.5808303082982699
1993-11-09,0.5223019048571587
1993-11-10,14.39731216430664
1993-11-11,1.4264725546042125
1993-11-12,4.429049253463745
1993-11-13,1.1856640080610912
1993-11-14,10.502568562825521
1993-11-15,0.0
1993-11-16,2.0174865325291953
1993-11-17,0.0
1993-11-18,0.0
1993-11-19,0.0
1993-11-20,0.0
1993-11-21,0.0
1993-11-22,0.0
1993-11-23,0.0
1993-11-24,0.0
1993-11-25,0.0
1993-11-26,0.07183814079811175
1993-11-27,0.0
1993-11-28,0.0
1993-11-29,0.0
1993-11-30,0.003160318029889216
1993-12-01,0.726615438858668
1993-12-02,3.1827180981636047
1993-12-03,3.328778386116028
1993-12-04,0.05423167937745651
1993-12-05,0.0
1993-12-06,0.014024168602190912
1993-12-07,0.1360874455422163
1993-12-08,1.1454640353719394
1993-12-09,0.3753344441453616
1993-12-10,0.008717578273111334
1993-12-11,0.0
1993-12-12,0.0
1993-12-13,0.0
1993-12-14,0.0
1993-12-15,0.0
1993-12-16,0.0
1993-12-17,0.0
1993-12-18,0.0
1993-12-19,0.0
1993-12-20,0.0
1993-12-21,0.0
1993-12-22,0.0
1993-12-23,0.0
1993-12-24,0.0
1993-12-25,0.0
1993-12-26,0.0
1993-12-27,0.0
1993-12-28,0.0
1993-12-29,0.0
1993-12-30,0.0
1993-12-31,0.0
1994-01-01,0.0
1994-01-02,0.0
1994-01-03,0.0
1994-01-04,0.0
1994-01-05,0.0
1994-01-06,1.4481436361869175
1994-01-07,1.4481436361869175
1994-01-08,1.4481436361869175
1994-01-09,1.4481436361869175
1994-01-10,1.4481436361869175
1994-01-11,0.08781826100312173
1994-01-12,2.1621240278085074
1994-01-13,8.749126295248667
1994-01-14,0.0
1994-01-15,0.0012354998276957
1994-01-16,0.03492206350589792
1994-01-17,0.003084401954159451
1994-01-18,0.0
1994-01-19,0.0026422593461271995
1994-01-20,0.4023458833495776
1994-01-21,8.721856077512106
1994-01-22,14.131053686141968
1994-01-23,5.187778512636821
1994-01-24,9.533901770909628
1994-01-25,5.014087279637654
1994-01-26,7.290382027626038
1994-01-27,0.12881560685733953
1994-01-28,7.011505722999573
1994-01-29,3.5055047273635864
1994-01-30,0.0
1994-01-31,3.9390837053457894
1994-02-01,0.0
1994-02-02,0.0
1994-02-03,0.0
1994-02-04,0.0
1994-02-05,0.0
1994-02-06,0.0
1994-02-07,0.12955502482752004
1994-02-08,0.008445813747433325
1994-02-09,0.034355099235350885
1994-02-10,9.715939482053122
1994-02-11,0.0
1994-02-12,1.6592786610126495
1994-02-13,0.0
1994-02-14,0.0
1994-02-15,5.491968909899394
1994-02-16,0.03062731120735407
1994-02-17,0.016221021224434178
1994-02-18,0.2573736160993576
1994-02-19,0.30240167180697125
1994-02-20,4.029107848803203
1994-02-21,2.106797089179357
1994-02-22,19.100719849268597
1994-02-23,0.0
1994-02-24,0.0
1994-02-25,0.0
1994-02-26,0.0
1994-02-27,0.0
1994-02-28,0.0
1994-03-01,1.0974178711573284
1994-03-02,0.0
1994-03-03,0.0
1994-03-04,0.0
1994-03-05,0.20612046867609024
1994-03-06,1.293660615881284
1994-03-07,0.07580149654919903
1994-03-08,9.40152887503306
1994-03-09,16.367523471514385
1994-03-10,0.0
1994-03-11,0.0
1994-03-12,0.12278117953489225
1994-03-13,0.5512941951553026
1994-03-14,0.009706969062487284
1994-03-15,9.442724267641703
1994-03-16,71.30370076497395
1994-03-17,2.538024663925171
1994-03-18,0.0
1994-03-19,0.0
1994-03-20,0.052365479059517384
1994-03-21,0.0
1994-03-22,0.05563700827769935
1994-03-23,7.955665906270345
1994-03-24,4.162084013223648
1994-03-25,0.0038535575925682983
1994-03-26,0.5037053388853868
1994-03-27,0.35342682028810185
1994-03-28,0.0
1994-03-29,0.0
1994-03-30,0.0
1994-03-31,0.0
1994-04-01,0.0022700995323248208
1994-04-02,0.000769570705112225
1994-04-03,0.12526163210471472
1994-04-04,0.10960589194049437
1994-04-05,0.030460218510900933
1994-04-06,0.0
1994-04-07,0.0
1994-04-08,0.0
1994-04-09,0.0
1994-04-10,0.0
1994-04-11,0.5767540447413921
1994-04-12,0.010901327594183385
1994-04-13,0.00012148722574541655
1994-04-14,0.35959220367173356
1994-04-15,2.292592689394951
1994-04-16,0.046795725201567016
1994-04-17,0.0
1994-04-18,0.0
1994-04-19,0.31409210215012234
1994-04-20,3.3777729670206704
1994-04-21,0.135496547135214
1994-04-22,3.1175132592519126
1994-04-23,0.5635213268299898
1994-04-24,0.24324871599674225
1994-04-25,2.0549520552158356
1994-04-26,0.08242014981806278
1994-04-27,0.1054934561252594
1994-04-28,6.140451530615489
1994-04-29,3.557003120581309
1994-04-30,9.658185283342997
1994-05-01,0.0
1994-05-02,0.0
1994-05-03,0.0
1994-05-04,0.0
1994-05-05,0.0
1994-05-06,0.31266525636116665
1994-05-07,0.14564654665688673
1994-05-08,0.23038013155261675
1994-05-09,8.251645882924398
1994-05-10,4.612694303194682
1994-05-11,17.9301651318868
1994-05-12,11.919090827306112
1994-05-13,16.953977982203167
1994-05-14,0.3346599352856477
1994-05-15,8.738288482030233
1994-05-16,0.0
1994-05-17,0.0
1994-05-18,0.0
1994-05-19,0.0
1994-05-20,0.0
1994-05-21,0.0
1994-05-22,3.6207220554351807
1994-05-23,0.10910279971236984
1994-05-24,0.0
1994-05-25,0.017055052410190303
1994-05-26,0.1040852249910434
1994-05-27,6.5279650290807085
1994-05-28,0.3232559338212013
1994-05-29,0.432308462758859
1994-05-30,0.0040983748525225865
1994-05-31,0.00037177163661302376
1994-06-01,1.6535098850727081
1994-06-02,0.40159327785174054
1994-06-03,4.124586562315623
1994-06-04,1.1160985032717388
1994-06-05,0.22105550269285837
1994-06-06,3.100814630587896
1994-06-07,0.9979579895734787
1994-06-08,2.0566469629605613
1994-06-09,0.5500228417416414
1994-06-10,16.50791597366333
1994-06-11,2.2767376204331717
1994-06-12,1.7598015069961548
1994-06-13,2.0074702004591622
1994-06-14,11.724109967549643
1994-06-15,9.418340047200521
1994-06-16,3.302264372507731
1994-06-17,2.146224617958069
1994-06-18,0.7928432350357374
1994-06-19,5.502005537350972
1994-06-20,0.9443901206056277
1994-06-21,1.015933518608411
1994-06-22,0.8956247816483179
1994-06-23,0.39298513034979504
1994-06-24,7.5987339814503985
1994-06-25,0.0
1994-06-26,1.8075557847817738
1994-06-27,0.9574658771355947
1994-06-28,0.9574658771355947
1994-06-29,0.9574658771355947
1994-06-30,0.9574658771355947
1994-07-01,0.0
1994-07-02,0.0
1994-07-03,0.0
1994-07-04,0.0
1994-07-05,0.0
1994-07-06,0.0
1994-07-07,0.0
1994-07-08,0.0
1994-07-09,0.0
1994-07-10,0.0
1994-07-11,0.958690325419108
1994-07-12,0.710862601796786
1994-07-13,0.8280733227729797
1994-07-14,8.910568435986837
1994-07-15,124.99251174926758
1994-07-16,1.539993092417717
1994-07-17,0.08059086976572871
1994-07-18,0.08059086976572871
1994-07-19,0.08059086976572871
1994-07-20,0.08059086976572871
1994-07-21,0.029157243009346228
1994-07-22,0.1176489273396631
1994-07-23,0.13335447255910063
1994-07-24,0.07237613537775663
1994-07-25,0.0
1994-07-26,0.00033199076157567714
1994-07-27,0.04398214972267548
1994-07-28,0.0
1994-07-29,0.009103743728095045
1994-07-30,0.018022347164029878
1994-07-31,8.05078915754954
1994-08-01,0.005824454128742218
1994-08-02,5.997554399073124e-05
1994-08-03,7.667957106605172e-05
1994-08-04,0.000631367244447271
1994-08-05,1.4730041281533583e-06
1994-08-06,0.284445583820343
1994-08-07,0.0154268277498583
1994-08-08,0.046145555175219975
1994-08-09,3.133127053578695
1994-08-10,4.742631435394287
1994-08-11,0.0
1994-08-12,0.0
1994-08-13,0.0
1994-08-14,0.0
1994-08-15,0.0
1994-08-16,0.0
1994-08-17,0.0
1994-08-18,0.0
1994-08-19,0.0
1994-08-20,0.0
1994-08-21,2.033751368522644
1994-08-22,19.801921844482422
1994-08-23,0.36931871871153515
1994-08-24,0.7707255283991495
1994-08-25,0.3479292516907056
1994-08-26,0.0
1994-08-27,0.0
1994-08-28,0.0
1994-08-29,0.0
1994-08-30,0.0
1994-08-31,0.0
1994-09-01,2.0784976184368134
1994-09-02,1.05046646296978
1994-09-03,0.11279156773040692
1994-09-04,0.0
1994-09-05,0.0
1994-09-06,0.0
1994-09-07,0.3559921762595574
1994-09-08,7.115885059038798
1994-09-09,18.052169958750408
1994-09-10,0.6309139629205068
1994-09-11,1.402605727314949
1994-09-12,4.950899581114451
1994-09-13,2.7046731313069663
1994-09-14,3.7923675378163657
1994-09-15,5.075560390949249
1994-09-16,26.1619553565979
1994-09-17,0.48424922302365303
1994-09-18,0.0
1994-09-19,0.0
1994-09-20,0.0
1994-09-21,0.0
1994-09-22,2.2769371966520944
1994-09-23,0.0
1994-09-24,0.0
1994-09-25,0.0
1994-09-26,0.0
1994-09-27,0.8370394557714462
1994-09-28,0.12205603889500101
1994-09-29,0.0
1994-09-30,0.43587137137850124
1994-10-01,0.2547778009126584
1994-10-02,0.5288440212607384
1994-10-03,0.8466067612171173
1994-10-04,0.35938627645373344
1994-10-05,0.0
1994-10-06,0.4998904690146446
1994-10-07,18.994263966878254
1994-10-08,33.44359985987345
1994-10-09,0.0
1994-10-10,0.0
1994-10-11,0.0
1994-10-12,0.0
1994-10-13,0.0
1994-10-14,1.8759392748276393
1994-10-15,14.930264234542847
1994-10-16,0.41265789419412613
1994-10-17,1.061551849047343
1994-10-18,3.9980528354644775
1994-10-19,5.689005812009175
1994-10-20,0.19396320233742395
1994-10-21,0.13869416310141483
1994-10-22,0.0018019866887091969
1994-10-23,0.05500143036867181
1994-10-24,0.07547215186059475
1994-10-25,16.085837443669636
1994-10-26,4.290779213110606
1994-10-27,9.001053412755331
1994-10-28,0.06283502886071801
1994-10-29,0.4126175791025162
1994-10-30,0.3708319577078025
1994-10-31,0.9134445289770762
1994-11-01,0.0
1994-11-02,2.23188146452109
1994-11-03,16.18915335337321
1994-11-04,8.335879484812418
1994-11-05,19.967509508132935
1994-11-06,0.0
1994-11-07,0.0004305484289943706
1994-11-08,1.0693135211865108
1994-11-09,0.22289004859824976
1994-11-10,0.0
1994-11-11,0.0
1994-11-12,0.8060486912727356
1994-11-13,1.2427982638279598
1994-11-14,1.8438167870044708
1994-11-15,10.734721541404724
1994-11-16,0.0
1994-11-17,0.0018863159008712198
1994-11-18,2.697497387727102
1994-11-19,4.181007266044617
1994-11-20,8.491275380055109
1994-11-21,0.0
1994-11-22,0.0
1994-11-23,0.0
1994-11-24,0.0
1994-11-25,0.0
1994-11-26,7.8906136353810625
1994-11-27,0.0
1994-11-28,0.0
1994-11-29,0.0
1994-11-30,0.0
1994-12-01,0.0
1994-12-02,0.7289631366729736
1994-12-03,0.4036940336227417
1994-12-04,0.0
1994-12-05,0.020924064020315807
1994-12-06,2.265562742948532
1994-12-07,0.7270169258117676
1994-12-08,2.1897930900255838
1994-12-09,7.091173768043518
1994-12-10,0.9699384545286497
1994-12-11,0.0
1994-12-12,0.0
1994-12-13,0.0385408173315227
1994-12-14,1.0154469708601634
1994-12-15,0.8571828852097193
1994-12-16,0.9507340590159098
1994-12-17,0.0
1994-12-18,0.0
1994-12-19,0.0
1994-12-20,0.0279219305763642
1994-12-21,0.0
1994-12-22,0.0
1994-12-23,0.0
1994-12-24,0.5283851077159246
1994-12-25,0.0
1994-12-26,0.0
1994-12-27,0.0
1994-12-28,0.0
1994-12-29,0.0
1994-12-30,0.0
1994-12-31,0.0
1995-01-01,0.0
1995-01-02,0.18040338779489198
1995-01-03,1.4971302847067516
1995-01-04,0.11249046213924885
1995-01-05,0.01094494069305559
1995-01-06,0.0
1995-01-07,0.0
1995-01-08,0.0
1995-01-09,0.0
1995-01-10,0.0
1995-01-11,0.0
1995-01-12,0.0
1995-01-13,0.0
1995-01-14,0.0
1995-01-15,0.0
1995-01-16,0.009500773662390808
1995-01-17,0.853459969162941
1995-01-18,14.551486134529114
1995-01-19,0.0
1995-01-20,0.0
1995-01-21,0.006991621553121756
1995-01-22,2.084608167409897
1995-01-23,0.0
1995-01-24,0.9649848242600759
1995-01-25,3.21641476949056
1995-01-26,5.051301797231038
1995-01-27,1.1552534600098927
1995-01-28,0.0
1995-01-29,0.0
1995-01-30,0.0
1995-01-31,0.0
1995-02-01,0.0
1995-02-02,0.0
1995-02-03,0.0
1995-02-04,0.0
1995-02-05,0.0
1995-02-06,0.0
1995-02-07,0.0
1995-02-08,0.0
1995-02-09,0.0
1995-02-10,0.0
1995-02-11,0.6534173513452212
1995-02-12,0.020557007053866982
1995-02-13,1.7876420120398204
1995-02-14,1.9063974022865295
1995-02-15,0.30181727806727093
1995-02-16,2.048541009426117
1995-02-17,0.09301329171285033
1995-02-18,0.0
1995-02-19,0.0
1995-02-20,0.0
1995-02-21,0.0
1995-02-22,0.015154094706910351
1995-02-23,0.07721635575095813
1995-02-24,0.5689795861641566
1995-02-25,2.6410914262135825
1995-02-26,9.483425418535868
1995-02-27,0.07774958309407036
1995-02-28,0.4468945140639941
1995-03-01,0.09860224773486455
1995-03-02,2.7181700269381204
1995-03-03,0.9281237423419952
1995-03-04,0.20272699495156607
1995-03-05,0.0067654318020989495
1995-03-06,4.456805596748988
1995-03-07,13.384626388549805
1995-03-08,0.0
1995-03-09,0.0
1995-03-10,0.0
1995-03-11,0.0073790520352000994
1995-03-12,0.480730968217055
1995-03-13,41.287926038106285
1995-03-14,0.0011984295682244313
1995-03-15,0.06837819733967383
1995-03-16,0.0
1995-03-17,0.0
1995-03-18,0.0
1995-03-19,0.0
1995-03-20,0.0
1995-03-21,0.0005020385821505139
1995-03-22,0.0
1995-03-23,0.0
1995-03-24,0.06122781367351612
1995-03-25,9.29530942440033
1995-03-26,3.6307374238967896
1995-03-27,0.03430143076305588
1995-03-28,4.145505468050639
1995-03-29,3.81966769695282
1995-03-30,0.1922894405821959
1995-03-31,2.2217482328414917
1995-04-01,0.03065453013793255
1995-04-02,0.0
1995-04-03,2.278046498696009
1995-04-04,9.005971113840738
1995-04-05,8.291326582431793
1995-04-06,0.0
1995-04-07,0.0
1995-04-08,0.0
1995-04-09,0.0
1995-04-10,2.8480761448542276
1995-04-11,0.0
1995-04-12,0.0
1995-04-13,0.0
1995-04-14,0.0
1995-04-15,0.0
1995-04-16,0.0
1995-04-17,0.0
1995-04-18,0.0
1995-04-19,0.0
1995-04-20,0.0
1995-04-21,0.0
1995-04-22,0.29736148938536644
1995-04-23,0.0
1995-04-24,0.0
1995-04-25,0.0
1995-04-26,0.0
1995-04-27,0.299718901515007
1995-04-28,0.08120649090657632
1995-04-29,0.0017623234307393432
1995-04-30,0.0
1995-05-01,0.0005187353902632216
1995-05-02,0.0
1995-05-03,0.42152733107407886
1995-05-04,0.013997347617987543
1995-05-05,5.748464345932007
1995-05-06,1.8790642619132996
1995-05-07,2.7538541158040366
1995-05-08,19.5134729941686
1995-05-09,0.0
1995-05-10,0.04273214198959371
1995-05-11,0.6546991964181265
1995-05-12,3.2155840595563254
1995-05-13,0.013438345476364097
1995-05-14,0.00032521453734564904
1995-05-15,0.2553342009584109
1995-05-16,1.5285796678314607
1995-05-17,0.2111854914110154
1995-05-18,0.0
1995-05-19,0.0
1995-05-20,0.0
1995-05-21,0.00525180824721853
1995-05-22,2.326274335384369
1995-05-23,3.2514458894729614
1995-05-24,22.136696815490723
1995-05-25,12.65752116839091
1995-05-26,2.080694039662679
1995-05-27,0.7746153970559438
1995-05-28,3.9279273748397827
1995-05-29,35.33009545008341
1995-05-30,22.347909609476726
1995-05-31,6.034390370051066
1995-06-01,1.3996222466230392
1995-06-02,0.3951856456696987
1995-06-03,2.558171272277832
1995-06-04,2.213711420694987
1995-06-05,0.8295316199461619
1995-06-06,0.00835666956845671
1995-06-07,0.5393926526109377
1995-06-08,0.7026304999987284
1995-06-09,2.779703547557195
1995-06-10,5.81136691570282
1995-06-11,43.99857886632284
1995-06-12,0.0
1995-06-13,0.0
1995-06-14,0.0
1995-06-15,0.0
1995-06-16,0.0013206065171592247
1995-06-17,0.1055030794814229
1995-06-18,1.389859030644099
1995-06-19,0.6519771044452985
1995-06-20,0.5051384816567103
1995-06-21,0.0
1995-06-22,0.0
1995-06-23,0.8127292493979136
1995-06-24,0.06300524001320203
1995-06-25,3.7407829960187278
1995-06-26,0.29430595443894464
1995-06-27,4.662438812355201
1995-06-28,0.47544049564749
1995-06-29,17.636080930630367
1995-06-30,0.6584919391510388
1995-07-01,2.8906213641166687
1995-07-02,0.2918599843978882
1995-07-03,0.7906825443108877
1995-07-04,3.5412522157033286
1995-07-05,8.226618131001791
1995-07-06,8.650557160377502
1995-07-07,0.8750082006057104
1995-07-08,0.041132703268279634
1995-07-09,0.03755615713695685
1995-07-10,0.0
1995-07-11,0.0
1995-07-12,0.00044683942057114717
1995-07-13,0.0018060005774411063
1995-07-14,0.032974145064751305
1995-07-15,0.01618453472231825
1995-07-16,0.23266973812133074
1995-07-17,0.06995489510397117
1995-07-18,0.023755659931339324
1995-07-19,0.2054511895403266
1995-07-20,0.19403949535141388
1995-07-21,0.1014705329046895
1995-07-22,0.011718689822979892
1995-07-23,0.09913406489067711
1995-07-24,0.0
1995-07-25,0.0
1995-07-26,0.0
1995-07-27,0.0
1995-07-28,0.0
1995-07-29,0.22624974659023186
1995-07-30,3.8088433320323625
1995-07-31,3.1709051579236984
1995-08-01,0.0007020880778630575
1995-08-02,0.0030113846684495607
1995-08-03,0.018544265379508335
1995-08-04,0.00034537798880289
1995-08-05,2.7995996182047143e-06
1995-08-06,0.0
1995-08-07,0.0
1995-08-08,0.0
1995-08-09,0.0
1995-08-10,0.0
1995-08-11,0.0
1995-08-12,3.073350260655085
1995-08-13,3.1180280645688376
1995-08-14,1.3722332268953323
1995-08-15,3.308676262696584
1995-08-16,0.0
1995-08-17,0.0
1995-08-18,0.0
1995-08-19,0.0
1995-08-20,0.0
1995-08-21,0.33277110507090885
1995-08-22,4.660009344418843
1995-08-23,1.80026771624883
1995-08-24,5.329860766728719
1995-08-25,1.4989092946052551
1995-08-26,0.6938503285249075
1995-08-27,0.9899955987930298
1995-08-28,0.19862443705399832
1995-08-29,1.4729387362798054
1995-08-30,7.230374018351237
1995-08-31,3.192010243733724
1995-09-01,2.0772242347399392
1995-09-02,0.002769711184858655
1995-09-03,0.00016098006138539253
1995-09-04,0.0006426497808812807
1995-09-05,0.09641655813902617
1995-09-06,0.052938878536224365
1995-09-07,1.1599991867939632
1995-09-08,0.5320406705141068
1995-09-09,0.08447425036380689
1995-09-10,0.0029067758296150714
1995-09-11,0.006544328013357396
1995-09-12,0.6408089598019918
1995-09-13,2.616569230953852
1995-09-14,32.5889949798584
1995-09-15,4.588730692863464
1995-09-16,0.13446216595669588
1995-09-17,0.4036529337366422
1995-09-18,0.5583729594945908
1995-09-19,0.23963789641857147
1995-09-20,64.07530403137207
1995-09-21,44.33359718322754
1995-09-22,25.84355099995931
1995-09-23,0.0
1995-09-24,0.0
1995-09-25,0.0
1995-09-26,0.018031452006349962
1995-09-27,0.19643004735310873
1995-09-28,1.1023023972908657
1995-09-29,0.12154550726215045
1995-09-30,0.000786624430475058
1995-10-01,0.3257910683751106
1995-10-02,0.15949875737229982
1995-10-03,2.02523206671079
1995-10-04,0.0
1995-10-05,0.0
1995-10-06,0.33274707943201065
1995-10-07,0.33274707943201065
1995-10-08,0.33274707943201065
1995-10-09,0.33274707943201065
1995-10-10,0.33274707943201065
1995-10-11,2.006406287352244
1995-10-12,0.0
1995-10-13,0.0
1995-10-14,0.0
1995-10-15,0.0
1995-10-16,0.17164297526081404
1995-10-17,0.17164297526081404
1995-10-18,0.17164297526081404
1995-10-19,1.0718388309081395
1995-10-20,0.17164297526081404
1995-10-21,0.0
1995-10-22,0.0
1995-10-23,1.7278104821840923
1995-10-24,0.0
1995-10-25,0.5229354550441107
1995-10-26,0.543449147293965
1995-10-27,0.0
1995-10-28,0.0
1995-10-29,2.2998169908920922
1995-10-30,3.2785528004169464
1995-10-31,5.562364498774211
1995-11-01,19.01845113436381
1995-11-02,5.779744843641917
1995-11-03,0.06069627326602737
1995-11-04,0.9822863514224688
1995-11-05,0.19045155309140682
1995-11-06,0.37709806114435196
1995-11-07,0.0
1995-11-08,0.0
1995-11-09,0.8065969894329706
1995-11-10,0.5076158146063486
1995-11-11,0.0
1995-11-12,0.0
1995-11-13,0.0
1995-11-14,0.0
1995-11-15,1.26607749859492
1995-11-16,3.4292895595232644
1995-11-17,29.84265947341919
1995-11-18,0.5188102796673775
1995-11-19,0.05528393853455782
1995-11-20,0.023611452740927536
1995-11-21,0.0
1995-11-22,0.0
1995-11-23,0.0
1995-11-24,0.0
1995-11-25,0.0
1995-11-26,1.2378957718610764
1995-11-27,1.2378957718610764
1995-11-28,1.2378957718610764
1995-11-29,1.2378957718610764
1995-11-30,1.2378957718610764
1995-12-01,0.0
1995-12-02,0.0
1995-12-03,0.0
1995-12-04,0.0
1995-12-05,0.0
1995-12-06,0.0
1995-12-07,0.0
1995-12-08,0.0
1995-12-09,0.0
1995-12-10,0.0
1995-12-11,0.0
1995-12-12,0.0
1995-12-13,0.0
1995-12-14,0.0
1995-12-15,0.0
1995-12-16,0.0
1995-12-17,3.1417547861735025
1995-12-18,2.125954270362854
1995-12-19,0.0
1995-12-20,0.0
1995-12-21,0.3899962802728017
1995-12-22,0.07029898775120576
1995-12-23,0.0
1995-12-24,0.0
1995-12-25,0.0
1995-12-26,0.0
1995-12-27,0.006220158965637286
1995-12-28,0.0
1995-12-29,1.1871635193626087
1995-12-30,4.2759928206602735
1995-12-31,0.0
1996-01-01,0.0
1996-01-02,0.0
1996-01-03,0.0
1996-01-04,0.0
1996-01-05,0.0
1996-01-06,0.0
1996-01-07,0.0
1996-01-08,0.0
1996-01-09,0.0
1996-01-10,0.0
1996-01-11,0.0
1996-01-12,0.0
1996-01-13,0.0
1996-01-14,0.0
1996-01-15,0.0
1996-01-16,0.16482402260104814
1996-01-17,0.014088148367591202
1996-01-18,0.02390438411384821
1996-01-19,0.014088148367591202
1996-01-20,0.014088148367591202
1996-01-21,0.0
1996-01-22,0.0
1996-01-23,0.0
1996-01-24,0.0
1996-01-25,0.0
1996-01-26,0.0007575720107221665
1996-01-27,0.0
1996-01-28,0.05981174577027559
1996-01-29,0.07116344788422187
1996-01-30,0.13903345788518587
1996-01-31,0.4034738416473071
1996-02-01,2.7324711283047995
1996-02-02,3.649748762448629
1996-02-03,0.0
1996-02-04,0.0
1996-02-05,0.07641085268308719
1996-02-06,0.0
1996-02-07,0.0
1996-02-08,0.0
1996-02-09,0.0
1996-02-10,0.0
1996-02-11,0.0
1996-02-12,0.0
1996-02-13,0.0
1996-02-14,0.0
1996-02-15,0.0
1996-02-16,0.0
1996-02-17,0.0
1996-02-18,0.0
1996-02-19,0.0
1996-02-20,0.0
1996-02-21,0.0
1996-02-22,0.0
1996-02-23,0.0
1996-02-24,0.0
1996-02-25,1.8825184504191081
1996-02-26,0.03228775458410382
1996-02-27,0.0019182289058032136
1996-02-28,5.229281783103943
1996-02-29,4.167958219846089
1996-03-01,0.0
1996-03-02,0.0
1996-03-03,0.0
1996-03-04,0.0
1996-03-05,0.0
1996-03-06,0.0
1996-03-07,0.0
1996-03-08,0.0
1996-03-09,0.0
1996-03-10,0.0
1996-03-11,0.0
1996-03-12,0.0
1996-03-13,0.0
1996-03-14,0.0
1996-03-15,0.0
1996-03-16,1.757719983657201
1996-03-17,0.006206229600744943
1996-03-18,0.0
1996-03-19,0.0
1996-03-20,0.0
1996-03-21,0.0
1996-03-22,0.08784833674629529
1996-03-23,1.4034022291501362
1996-03-24,0.6103526651859283
1996-03-25,1.252838542064031
1996-03-26,0.5374766687552134
1996-03-27,11.283199230829874
1996-03-28,0.0
1996-03-29,0.46576737860838574
1996-03-30,0.4973640019694964
1996-03-31,0.0
1996-04-01,0.0
1996-04-02,0.1443981615205606
1996-04-03,0.4032466548184554
1996-04-04,0.9443378672003746
1996-04-05,19.994335889816284
1996-04-06,0.0
1996-04-07,0.0
1996-04-08,0.0
1996-04-09,0.0
1996-04-10,0.0
1996-04-11,0.4922357176740964
1996-04-12,0.9810323293010393
1996-04-13,0.22359750792384148
1996-04-14,0.7234816917528709
1996-04-15,0.0
1996-04-16,0.12885510424772897
1996-04-17,0.12885510424772897
1996-04-18,0.9993504335482916
1996-04-19,0.23380866646766663
1996-04-20,0.12885510424772897
1996-04-21,0.023046462098136544
1996-04-22,1.9756140212217967
1996-04-23,0.0
1996-04-24,0.0
1996-04-25,0.0
1996-04-26,0.0
1996-04-27,0.009150426194537431
1996-04-28,0.005425402234929304
1996-04-29,3.2281825244426727
1996-04-30,0.0
1996-05-01,0.0
1996-05-02,0.0
1996-05-03,0.0
1996-05-04,0.0
1996-05-05,0.0
1996-05-06,5.288190325101216
1996-05-07,2.054270495971044
1996-05-08,2.6952284971872964
1996-05-09,0.8508528470993042
1996-05-10,0.6497054944435755
1996-05-11,12.949289878209433
1996-05-12,1.6764008104801178
1996-05-13,1.2001469532648723
1996-05-14,0.18492555245757103
1996-05-15,0.08785144177575906
1996-05-16,0.0
1996-05-17,0.0
1996-05-18,0.0
1996-05-19,0.0
1996-05-20,0.0
1996-05-21,0.0
1996-05-22,0.007383075542747974
1996-05-23,0.002700627917268624
1996-05-24,0.18436465288201967
1996-05-25,0.4536928782860438
1996-05-26,4.153354326883952
1996-05-27,13.300625244776407
1996-05-28,0.4508661900957425
1996-05-29,1.5758050084114075
1996-05-30,9.071566581726074
1996-05-31,6.0449302196502686
1996-06-01,7.879621744155884
1996-06-02,10.59913182258606
1996-06-03,5.300170063972473
1996-06-04,2.7401591638724008
1996-06-05,0.4218108629186948
1996-06-06,0.00196946221452284
1996-06-07,1.347968928515911
1996-06-08,2.465001871188482
1996-06-09,0.0
1996-06-10,0.0
1996-06-11,0.8601887921492258
1996-06-12,0.5255818689862887
1996-06-13,0.26476865510145825
1996-06-14,0.05724968947470188
1996-06-15,0.07654085444907348
1996-06-16,0.0
1996-06-17,0.3489329420650999
1996-06-18,3.19363954414924
1996-06-19,3.0376587882637978
1996-06-20,6.151944011449814
1996-06-21,0.0
1996-06-22,0.0
1996-06-23,0.0
1996-06-24,0.0
1996-06-25,0.0
1996-06-26,8.027764717737833
1996-06-27,3.367388069629669
1996-06-28,0.044345274567604065
1996-06-29,0.020944478378320735
1996-06-30,0.17276007464776436
1996-07-01,0.0
1996-07-02,0.0
1996-07-03,0.0
1996-07-04,0.0
1996-07-05,0.0
1996-07-06,0.0009996799950992379
1996-07-07,0.012718978493163982
1996-07-08,0.007708077629407247
1996-07-09,0.08364143905540307
1996-07-10,16.08820454279582
1996-07-11,36.54727451006571
1996-07-12,0.3142295790215333
1996-07-13,0.0326606718202432
1996-07-14,0.010699622643490633
1996-07-15,0.2273708574163417
1996-07-16,0.10986823619653781
1996-07-17,0.0
1996-07-18,0.003185202406408886
1996-07-19,0.47736907688279945
1996-07-20,0.0
1996-07-21,0.0
1996-07-22,0.0
1996-07-23,0.0
1996-07-24,0.04059270423992226
1996-07-25,3.2365440794577203
1996-07-26,2.458523044983546
1996-07-27,0.08533966091151039
1996-07-28,0.47232377404967946
1996-07-29,0.0198704837821424
1996-07-30,0.0
1996-07-31,0.0
1996-08-01,0.0
1996-08-02,0.0010049022578944762
1996-08-03,0.002131227869540453
1996-08-04,0.002448416935900847
1996-08-05,8.756650883393983e-05
1996-08-06,0.0011364320792684641
1996-08-07,3.1276854077974954
1996-08-08,0.22527373023331165
1996-08-09,3.6707074443499246
1996-08-10,2.166989733775457
1996-08-11,1.615911092609167
1996-08-12,0.17560810099045435
1996-08-13,0.06172799443205198
1996-08-14,1.5470485587914784
1996-08-15,4.376561184724172
1996-08-16,0.0
1996-08-17,0.0
1996-08-18,0.0
1996-08-19,0.0
1996-08-20,0.0
1996-08-21,0.08799987224241097
1996-08-22,6.343136191368103
1996-08-23,10.3240807056427
1996-08-24,11.979342301686605
1996-08-25,17.153948942820232
1996-08-26,1.811922013759613
1996-08-27,2.2529978354771933
1996-08-28,0.9222662001848221
1996-08-29,3.5138423641522727
1996-08-30,26.559036254882812
1996-08-31,7.322550694147746
1996-09-01,0.6737442711989085
1996-09-02,0.5527748391032219
1996-09-03,0.011645035080922147
1996-09-04,3.743637959162394
1996-09-05,0.24214979882041612
1996-09-06,1.6727691491444905
1996-09-07,0.3132515624165535
1996-09-08,5.164652307828267
1996-09-09,8.405463099479675
1996-09-10,8.469563404719034
1996-09-11,0.05976230294133226
1996-09-12,0.0
1996-09-13,30.512523810068767
1996-09-14,12.779392719268799
1996-09-15,27.530819416046143
1996-09-16,0.0
1996-09-17,0.5169998767475287
1996-09-18,0.9415318729976813
1996-09-19,2.241913159688314
1996-09-20,2.596183200677236
1996-09-21,13.893418312072754
1996-09-22,3.9287268916765847
1996-09-23,1.1960791101058323
1996-09-24,16.130128622055054
1996-09-25,8.744929273923239
1996-09-26,1.9267390966415405
1996-09-27,3.8300346533457437
1996-09-28,0.0
1996-09-29,0.0
1996-09-30,0.0
1996-10-01,0.0
1996-10-02,0.0
1996-10-03,0.42093660185734433
1996-10-04,1.5981317336360614
1996-10-05,9.896411061286926
1996-10-06,0.7579400291045507
1996-10-07,0.0036308173730503768
1996-10-08,0.9479697694381078
1996-10-09,0.0
1996-10-10,0.0
1996-10-11,0.0
1996-10-12,0.0
1996-10-13,0.0
1996-10-14,0.03463789898281296
1996-10-15,1.9587745865186055
1996-10-16,0.5058587615688642
1996-10-17,0.0
1996-10-18,0.0
1996-10-19,0.0
1996-10-20,1.2383566399415333
1996-10-21,0.9240335325400034
1996-10-22,0.03076560702174902
1996-10-23,0.0
1996-10-24,0.7806789924701055
1996-10-25,0.47068556894858676
1996-10-26,0.09689724848916133
1996-10-27,53.0046583811442
1996-10-28,40.1917290687561
1996-10-29,5.767373601595561
1996-10-30,0.0
1996-10-31,5.311613003412883
1996-11-01,1.64745432138443
1996-11-02,0.0014533559636523326
1996-11-03,0.0
1996-11-04,0.0010876156544933717
1996-11-05,0.3666842033465703
1996-11-06,0.4656205549836159
1996-11-07,1.7311290502548218
1996-11-08,0.0
1996-11-09,0.0
1996-11-10,0.0
1996-11-11,0.0
1996-11-12,0.301862462113301
1996-11-13,0.5394388859470686
1996-11-14,0.3182351291179657
1996-11-15,0.6384016498923302
1996-11-16,10.333060880502066
1996-11-17,6.665999919176102
1996-11-18,0.042901825082177915
1996-11-19,0.007553056949594368
1996-11-20,0.0
1996-11-21,0.0
1996-11-22,0.21908277894059816
1996-11-23,2.7006576458613076
1996-11-24,22.692115624745686
1996-11-25,0.37904613216718036
1996-11-26,0.0
1996-11-27,0.056781851376096405
1996-11-28,16.8603097597758
1996-11-29,19.7710018157959
1996-11-30,0.0013206605629723829
1996-12-01,0.0
1996-12-02,0.0
1996-12-03,0.0
1996-12-04,0.0
1996-12-05,0.0
1996-12-06,0.0
1996-12-07,0.0
1996-12-08,0.0
1996-12-09,0.0
1996-12-10,0.0
1996-12-11,0.0
1996-12-12,0.0
1996-12-13,0.0
1996-12-14,0.0
1996-12-15,0.0
1996-12-16,0.0
1996-12-17,0.0
1996-12-18,0.0
1996-12-19,0.0
1996-12-20,0.0
1996-12-21,0.0
1996-12-22,0.0
1996-12-23,0.0
1996-12-24,0.0
1996-12-25,0.0
1996-12-26,0.0
1996-12-27,0.0
1996-12-28,0.0
1996-12-29,0.0
1996-12-30,0.0
1996-12-31,0.0
1997-01-01,0.0
1997-01-02,0.0
1997-01-03,0.0
1997-01-04,0.0
1997-01-05,0.0
1997-01-06,4.3342114090919495
1997-01-07,7.254842559496562
1997-01-08,4.304903864860535
1997-01-09,0.00012115643706541353
1997-01-10,0.00012115643706541353
1997-01-11,0.0
1997-01-12,0.0
1997-01-13,0.0
1997-01-14,0.0
1997-01-15,0.0
1997-01-16,0.000181143898468387
1997-01-17,0.000181143898468387
1997-01-18,0.000181143898468387
1997-01-19,5.338617165883382
1997-01-20,1.6226894209782283
1997-01-21,0.17451068758964539
1997-01-22,8.261687617050484e-05
1997-01-23,1.162545879681905
1997-01-24,8.261687617050484e-05
1997-01-25,8.261687617050484e-05
1997-01-26,0.6062441716591517
1997-01-27,1.5809322396914165
1997-01-28,0.22680393233895302
1997-01-29,0.0004601765831466764
1997-01-30,0.0004601765831466764
1997-01-31,0.0004601765831466764
1997-02-01,0.008123801788315177
1997-02-02,0.008123801788315177
1997-02-03,4.520708163579305
1997-02-04,0.008123801788315177
1997-02-05,0.020337032697473962
1997-02-06,4.90528416633606
1997-02-07,6.446873744328816
1997-02-08,8.635703246303213e-05
1997-02-09,1.3265141745408375
1997-02-10,8.635703246303213e-05
1997-02-11,0.4635467876990636
1997-02-12,21.99177646636963
1997-02-13,0.004901486390735954
1997-02-14,1.7608948598305385
1997-02-15,0.00010370706786488881
1997-02-16,1.6541450653069962e-05
1997-02-17,1.6541450653069962e-05
1997-02-18,1.6541450653069962e-05
1997-02-19,0.532284657160441
1997-02-20,8.176522095998129
1997-02-21,0.0004631967652433862
1997-02-22,3.66860294889193e-05
1997-02-23,3.66860294889193e-05
1997-02-24,3.0496349334716797
1997-02-25,1.6426503260930378
1997-02-26,0.0
1997-02-27,0.0
1997-02-28,0.0
1997-03-01,0.0
1997-03-02,0.0
1997-03-03,0.0
1997-03-04,0.0
1997-03-05,0.0
1997-03-06,0.00018423697959709293
1997-03-07,0.4742505227526029
1997-03-08,10.769135077794393
1997-03-09,7.785944660504659
1997-03-10,15.400956869125366
1997-03-11,33.41888427734375
1997-03-12,7.8032199541727705
1997-03-13,9.056153976416681e-05
1997-03-14,0.004687030004182209
1997-03-15,9.056153976416681e-05
1997-03-16,3.8335248033205667
1997-03-17,2.102267861366272
1997-03-18,2.841480553150177
1997-03-19,0.43595360467831296
1997-03-20,0.0001173492655652808
1997-03-21,0.0
1997-03-22,0.0
1997-03-23,0.0
1997-03-24,0.0
1997-03-25,0.0
1997-03-26,5.8683431537550255e-05
1997-03-27,0.046767066388080515
1997-03-28,0.0014172187269044418
1997-03-29,0.45175485064586
1997-03-30,11.10446294148763
1997-03-31,3.2258770068486533
1997-04-01,1.1854178408781688
1997-04-02,6.774441242218018
1997-04-03,20.493287245432537
1997-04-04,28.663697083791096
1997-04-05,0.8268550038337708
1997-04-06,2.9526576630208485e-05
1997-04-07,0.00909662169093887
1997-04-08,0.6418477793534597
1997-04-09,0.3550991863012314
1997-04-10,1.6624186038970947
1997-04-11,0.0
1997-04-12,0.0
1997-04-13,0.0
1997-04-14,0.0
1997-04-15,0.0
1997-04-16,0.0
1997-04-17,0.0
1997-04-18,0.0
1997-04-19,0.0
1997-04-20,0.0
1997-04-21,5.8785358305613045e-05
1997-04-22,5.8785358305613045e-05
1997-04-23,0.005975756833019356
1997-04-24,0.17707086354494095
1997-04-25,9.307546615600586
1997-04-26,21.586387157440186
1997-04-27,0.36290253947178525
1997-04-28,8.676410773963046e-05
1997-04-29,8.676410773963046e-05
1997-04-30,8.676410773963046e-05
1997-05-01,0.0
1997-05-02,0.0
1997-05-03,0.0
1997-05-04,0.0
1997-05-05,0.0
1997-05-06,1.4971169829368591
1997-05-07,1.5239989558855693
1997-05-08,9.033706677049243e-05
1997-05-09,17.366334199905396
1997-05-10,0.21502150781452656
1997-05-11,0.010591405676677823
1997-05-12,4.044123788674672
1997-05-13,1.0454269051551819
1997-05-14,0.033510331685344376
1997-05-15,2.7516993979612985
1997-05-16,9.584383447964987
1997-05-17,0.3132723917563756
1997-05-18,0.9249341314037641
1997-05-19,0.2548557197054227
1997-05-20,8.381139953931173
1997-05-21,10.151655117670694
1997-05-22,13.537712653477987
1997-05-23,17.9322026570638
1997-05-24,4.291307071844737
1997-05-25,0.0010428360983496532
1997-05-26,0.29314083730181056
1997-05-27,3.5388554334640503
1997-05-28,17.1488299369812
1997-05-29,1.9887694617112477
1997-05-30,0.6287177503108978
1997-05-31,4.843357841173808
1997-06-01,0.005524359022577603
1997-06-02,6.903720228971603e-06
1997-06-03,6.903720228971603e-06
1997-06-04,0.004865522185961406
1997-06-05,0.5140153964360555
1997-06-06,4.315275291601817
1997-06-07,31.175228118896484
1997-06-08,1.8014248410860698
1997-06-09,3.013133466243744
1997-06-10,30.519615332285564
1997-06-11,2.076842109362284
1997-06-12,0.00012862649297555132
1997-06-13,0.4856041756769021
1997-06-14,0.1104827622572581
1997-06-15,40.577809969584145
1997-06-16,3.283192813396454
1997-06-17,0.8363966196775436
1997-06-18,1.9221369723478954
1997-06-19,2.090086509784063
1997-06-20,23.310479799906414
1997-06-21,13.723724444707235
1997-06-22,87.28549003601074
1997-06-23,13.330400943756104
1997-06-24,18.06827974319458
1997-06-25,2.2254257996877036
1997-06-26,0.1383436219766736
1997-06-27,0.00825474956460918
1997-06-28,0.01010333065642044
1997-06-29,0.014971795491874218
1997-06-30,0.003041293404142683
1997-07-01,0.0
1997-07-02,0.0
1997-07-03,0.0
1997-07-04,0.0
1997-07-05,0.0
1997-07-06,0.0
1997-07-07,0.0
1997-07-08,0.0
1997-07-09,0.0
1997-07-10,0.0
1997-07-11,0.001529884747772788
1997-07-12,0.006118191289715469
1997-07-13,0.01707217066238324
1997-07-14,0.027094570298989613
1997-07-15,0.00462543733495598
1997-07-16,0.04613199252222936
1997-07-17,0.021538745550666743
1997-07-18,4.4363405777403386e-05
1997-07-19,0.040776066055210926
1997-07-20,0.5231590053687493
1997-07-21,3.7839671969413757
1997-07-22,12.363144318262735
1997-07-23,1.3669419536987941
1997-07-24,0.00263524574014203
1997-07-25,0.07176901865750551
1997-07-26,0.003648978085948329
1997-07-27,3.7078298040190326e-05
1997-07-28,0.005223981328223696
1997-07-29,0.0007020399085983323
1997-07-30,0.046139509843972824
1997-07-31,0.7862762659788132
1997-08-01,14.857060352961222
1997-08-02,2.9199081559975943
1997-08-03,1.3602914611498516
1997-08-04,0.5892032409707705
1997-08-05,0.5270443571110567
1997-08-06,0.08387928518156211
1997-08-07,0.10160774613420169
1997-08-08,13.164416154225668
1997-08-09,0.7260292371114095
1997-08-10,0.0038500592733422914
1997-08-11,0.0
1997-08-12,0.0
1997-08-13,0.0
1997-08-14,0.0
1997-08-15,0.0
1997-08-16,0.0
1997-08-17,0.0
1997-08-18,0.0
1997-08-19,0.0
1997-08-20,0.0
1997-08-21,0.003679437873264154
1997-08-22,0.5753846565882365
1997-08-23,0.7063027222951254
1997-08-24,0.41789809862772626
1997-08-25,0.0017721951007843018
1997-08-26,0.0
1997-08-27,0.0
1997-08-28,0.0
1997-08-29,0.0
1997-08-30,0.0
1997-08-31,0.0
1997-09-01,0.006623412290840254
1997-09-02,0.6594189838336509
1997-09-03,8.588292757670084
1997-09-04,8.266295353571573
1997-09-05,8.421580950419107
1997-09-06,0.6141689618428549
1997-09-07,0.1148148017625014
1997-09-08,0.03758410457521677
1997-09-09,1.3517739574114482
1997-09-10,0.15317858072618643
1997-09-11,1.3621171812216442
1997-09-12,0.028880268801003695
1997-09-13,0.005135219350146751
1997-09-14,0.03766800370067358
1997-09-15,0.0001873243578908538
1997-09-16,0.001572068314999342
1997-09-17,0.5253873641292254
1997-09-18,0.001572068314999342
1997-09-19,0.5676701962947845
1997-09-20,0.24650603408614793
1997-09-21,0.20838496834039688
1997-09-22,6.140991151332855
1997-09-23,5.433580974737803
1997-09-24,8.056621148474126e-05
1997-09-25,8.056621148474126e-05
1997-09-26,0.2343271722396215
1997-09-27,0.2343271722396215
1997-09-28,0.2343271722396215
1997-09-29,0.2343271722396215
1997-09-30,0.2343271722396215
1997-10-01,4.871195824307506e-05
1997-10-02,0.08159831538796425
1997-10-03,0.005800707401552548
1997-10-04,0.2614794025818507
1997-10-05,1.335166464249293
1997-10-06,7.339150468508403
1997-10-07,2.5905961294968924
1997-10-08,1.2047271877527237
1997-10-09,2.149077385663986
1997-10-10,6.572291175524394
1997-10-11,20.08132815361023
1997-10-12,22.52929401397705
1997-10-13,14.497004548708597
1997-10-14,0.0001549914656303978
1997-10-15,0.0001549914656303978
1997-10-16,0.37945372114578885
1997-10-17,0.37945372114578885
1997-10-18,0.37945372114578885
1997-10-19,0.37945372114578885
1997-10-20,1.0183676332235336
1997-10-21,0.11708353211482365
1997-10-22,0.10932496190071106
1997-10-23,8.298792759577433
1997-10-24,0.00010454758800430379
1997-10-25,0.00010454758800430379
1997-10-26,0.0014271057880250737
1997-10-27,0.0014271057880250737
1997-10-28,1.081083707511425
1997-10-29,8.162965099016825
1997-10-30,4.78055214881897
1997-10-31,0.05723825252304474
1997-11-01,0.006824445794336498
1997-11-02,0.006824445794336498
1997-11-03,0.006824445794336498
1997-11-04,0.006824445794336498
1997-11-05,1.9490852653980255
1997-11-06,4.786463462854348e-05
1997-11-07,4.786463462854348e-05
1997-11-08,4.786463462854348e-05
1997-11-09,0.5061565265059471
1997-11-10,2.328863650560379
1997-11-11,1.9919571975866954
1997-11-12,11.316291093826294
1997-11-13,7.648832360903422
1997-11-14,0.00011784692530151612
1997-11-15,5.0437092781066895
1997-11-16,0.00021445898285795315
1997-11-17,0.002724673191551119
1997-11-18,1.0934064586957295
1997-11-19,0.01821168380168577
1997-11-20,0.00021445898285795315
1997-11-21,0.0
1997-11-22,0.0
1997-11-23,0.0
1997-11-24,0.0
1997-11-25,0.0
1997-11-26,0.01924434785420696
1997-11-27,0.03452207070464889
1997-11-28,0.018480956554412842
1997-11-29,0.005691786451886098
1997-11-30,1.1198025665256257e-06
1997-12-01,0.0
1997-12-02,0.0
1997-12-03,0.0
1997-12-04,0.0
1997-12-05,0.0
1997-12-06,0.05051332867393891
1997-12-07,25.32578706741333
1997-12-08,0.01026154235781481
1997-12-09,0.0004471972691438471
1997-12-10,0.0004471972691438471
1997-12-11,0.0
1997-12-12,0.0
1997-12-13,0.0
1997-12-14,0.0
1997-12-15,0.0
1997-12-16,0.0
1997-12-17,0.0
1997-12-18,0.0
1997-12-19,0.0
1997-12-20,0.0
1997-12-21,0.0
1997-12-22,0.0
1997-12-23,0.0
1997-12-24,0.0
1997-12-25,0.0
1997-12-26,9.199403206507364
1997-12-27,8.114546532548654e-05
1997-12-28,8.114546532548654e-05
1997-12-29,8.114546532548654e-05
1997-12-30,8.114546532548654e-05
1997-12-31,8.114546532548654e-05
1998-01-01,0.0
1998-01-02,0.0
1998-01-03,0.0
1998-01-04,0.0
1998-01-05,0.0
1998-01-06,6.8928935925165815
1998-01-07,2.2101991772651672
1998-01-08,0.0
1998-01-09,0.0
1998-01-10,0.0011851406500985224
1998-01-11,0.0
1998-01-12,0.0
1998-01-13,0.0
1998-01-14,0.0
1998-01-15,0.0
1998-01-16,0.0
1998-01-17,0.0
1998-01-18,0.0
1998-01-19,0.0
1998-01-20,0.43909578522046405
1998-01-21,0.0
1998-01-22,0.0
1998-01-23,0.0
1998-01-24,0.0
1998-01-25,0.0
1998-01-26,0.0
1998-01-27,0.0
1998-01-28,0.0
1998-01-29,0.0
1998-01-30,0.0
1998-01-31,0.0
1998-02-01,0.015182381806274256
1998-02-02,0.0
1998-02-03,0.0
1998-02-04,0.0
1998-02-05,2.233001629511515
1998-02-06,0.0
1998-02-07,0.0
1998-02-08,0.0
1998-02-09,0.0
1998-02-10,0.0
1998-02-11,0.0
1998-02-12,0.7244492943088213
1998-02-13,0.06922297862668832
1998-02-14,7.762395779291789
1998-02-15,1.121261219183604
1998-02-16,9.49167803923289
1998-02-17,0.0
1998-02-18,0.5087386891245842
1998-02-19,0.2794927582144737
1998-02-20,0.0
1998-02-21,9.238080024719238
1998-02-22,0.02975409757345915
1998-02-23,0.0
1998-02-24,0.0
1998-02-25,0.0784495361149311
1998-02-26,7.627722819646199
1998-02-27,0.027011257441093523
1998-02-28,0.0
1998-03-01,0.0
1998-03-02,0.0
1998-03-03,0.005051453830674291
1998-03-04,1.5186175306638081
1998-03-05,0.3604882409175237
1998-03-06,0.3607319196065267
1998-03-07,0.2076177845398585
1998-03-08,3.329122228024062e-05
1998-03-09,0.0
1998-03-10,0.0
1998-03-11,0.0
1998-03-12,0.18745538343985876
1998-03-13,5.104094584782918
1998-03-14,6.558112263679504
1998-03-15,13.195088466008505
1998-03-16,41.79618660608927
1998-03-17,0.0
1998-03-18,0.17443798730770746
1998-03-19,1.3698653280735016
1998-03-20,0.0
1998-03-21,0.0
1998-03-22,0.0
1998-03-23,0.0
1998-03-24,0.0
1998-03-25,0.0
1998-03-26,0.032626439118757844
1998-03-27,0.33251852666338283
1998-03-28,0.00025720877601997927
1998-03-29,0.0416172849945724
1998-03-30,0.029899649089202285
1998-03-31,0.0
1998-04-01,0.061276962980628014
1998-04-02,0.061276962980628014
1998-04-03,0.061276962980628014
1998-04-04,0.061276962980628014
1998-04-05,0.061276962980628014
1998-04-06,0.0
1998-04-07,0.0
1998-04-08,0.0
1998-04-09,0.0
1998-04-10,0.0
1998-04-11,0.0
1998-04-12,0.0
1998-04-13,0.0
1998-04-14,0.0
1998-04-15,0.0
1998-04-16,0.0
1998-04-17,0.0
1998-04-18,0.0
1998-04-19,0.0
1998-04-20,0.0
1998-04-21,0.0
1998-04-22,0.0
1998-04-23,0.0
1998-04-24,0.0
1998-04-25,0.0
1998-04-26,0.0
1998-04-27,0.0
1998-04-28,0.0
1998-04-29,0.0
1998-04-30,0.0
1998-05-01,0.0
1998-05-02,0.0
1998-05-03,0.0
1998-05-04,0.0
1998-05-05,0.0
1998-05-06,0.0
1998-05-07,0.0
1998-05-08,4.7306602330839574e-05
1998-05-09,0.05954717441151539
1998-05-10,0.0
1998-05-11,0.0
1998-05-12,0.0
1998-05-13,0.3098119646310806
1998-05-14,0.08341405789057414
1998-05-15,1.222313791513443
1998-05-16,4.009424885114034
1998-05-17,0.020047274553993095
1998-05-18,0.0
1998-05-19,0.0
1998-05-20,0.0
1998-05-21,0.0011090962240511242
1998-05-22,0.0
1998-05-23,0.058461482947071396
1998-05-24,0.11818667780607939
1998-05-25,7.1009896993637085
1998-05-26,13.894833644231161
1998-05-27,9.698414961496988
1998-05-28,0.0007094865407755909
1998-05-29,0.0
1998-05-30,0.0
1998-05-31,0.0
1998-06-01,0.0
1998-06-02,0.0
1998-06-03,0.0030404551265140376
1998-06-04,0.018559828400611877
1998-06-05,2.1548831462860107
1998-06-06,0.0
1998-06-07,2.6204264163970947
1998-06-08,5.050742745399475
1998-06-09,0.11581591113160054
1998-06-10,2.241289665301641
1998-06-11,45.890743255615234
1998-06-12,0.6095848977565765
1998-06-13,0.0005968322511762381
1998-06-14,0.0
1998-06-15,0.0
1998-06-16,0.0
1998-06-17,0.12989069242030382
1998-06-18,5.139825423558553
1998-06-19,2.1148794442415237
1998-06-20,0.050738918439795576
1998-06-21,0.0
1998-06-22,0.0
1998-06-23,0.0
1998-06-24,0.0
1998-06-25,0.0
1998-06-26,0.0
1998-06-27,0.0
1998-06-28,0.5393050362666448
1998-06-29,3.6637116273244223
1998-06-30,1.6765625377496083
1998-07-01,0.09486553942163785
1998-07-02,0.0
1998-07-03,0.9304225544134775
1998-07-04,2.5271022717158
1998-07-05,0.040145426988601685
1998-07-06,0.0
1998-07-07,0.0
1998-07-08,0.0
1998-07-09,0.0
1998-07-10,0.0
1998-07-11,0.0
1998-07-12,0.015971754328347743
1998-07-13,14.912809213002523
1998-07-14,1.5016398181517918
1998-07-15,0.38565682371457416
1998-07-16,0.02808728490102415
1998-07-17,0.023320343488497503
1998-07-18,0.11701687615520011
1998-07-19,0.12802575311313072
1998-07-20,0.17560872342437506
1998-07-21,0.07811260574574892
1998-07-22,0.05232658382738009
1998-07-23,0.0067697628668004954
1998-07-24,0.012655625338084064
1998-07-25,0.018786984059261158
1998-07-26,0.11350972298532724
1998-07-27,0.03936018499856194
1998-07-28,0.20555009009937444
1998-07-29,0.3422658182680607
1998-07-30,0.0
1998-07-31,0.001958096273786699
1998-08-01,0.0
1998-08-02,0.029080758181711037
1998-08-03,0.0
1998-08-04,2.53574271996816
1998-08-05,5.596393982569377
1998-08-06,19.404308636983234
1998-08-07,11.295546293258667
1998-08-08,1.834754357735316
1998-08-09,0.08918231104811032
1998-08-10,0.0
1998-08-11,0.0
1998-08-12,0.0009828960683080368
1998-08-13,10.616002639134726
1998-08-14,41.539099057515465
1998-08-15,1.4205320278803508
1998-08-16,9.042018930117289
1998-08-17,37.01215839385986
1998-08-18,26.214011510213215
1998-08-19,1.3588751355806987
1998-08-20,2.2406298319498696
1998-08-21,7.082325259844462
1998-08-22,58.74329121907552
1998-08-23,55.31986459096273
1998-08-24,97.06837145487468
1998-08-25,7.202957987785339
1998-08-26,0.0
1998-08-27,0.0
1998-08-28,0.0
1998-08-29,0.0
1998-08-30,0.0
1998-08-31,0.0
1998-09-01,5.461108247439067
1998-09-02,0.012958406703546643
1998-09-03,0.0
1998-09-04,0.1337354468802611
1998-09-05,0.005914646103822936
1998-09-06,0.41914308319489163
1998-09-07,0.08193321308741967
1998-09-08,0.1526964424798886
1998-09-09,0.367255328843991
1998-09-10,1.3723736802736919
1998-09-11,4.720294038454692
1998-09-12,0.2538786207636197
1998-09-13,0.036051416459182896
1998-09-14,0.09742362735172112
1998-09-15,0.11492214910686016
1998-09-16,11.730214595794678
1998-09-17,3.46784371137619
1998-09-18,0.493212020645539
1998-09-19,0.8416499445835749
1998-09-20,0.00042019051397801377
1998-09-21,0.48694997529188794
1998-09-22,1.392585277557373
1998-09-23,2.3054058154424033
1998-09-24,0.07415499445050955
1998-09-25,0.009410470724105835
1998-09-26,1.8393640021483104
1998-09-27,0.6832660684982935
1998-09-28,0.28666792809963226
1998-09-29,0.2902127193907897
1998-09-30,0.04783284726242224
1998-10-01,0.20151745962599912
1998-10-02,4.863238255182902
1998-10-03,0.36146578130622703
1998-10-04,0.7472056920329729
1998-10-05,0.10517178662121296
1998-10-06,45.985307693481445
1998-10-07,0.0
1998-10-08,0.0
1998-10-09,0.0
1998-10-10,0.0
1998-10-11,0.07050076685845852
1998-10-12,0.6806546598672867
1998-10-13,0.3304748473068078
1998-10-14,0.6662601331869761
1998-10-15,0.10183520242571831
1998-10-16,1.1785334249337514
1998-10-17,8.398070136706034
1998-10-18,27.10586643218994
1998-10-19,24.271705945332844
1998-10-20,2.2065546115239463
1998-10-21,2.1289015809694924
1998-10-22,0.0
1998-10-23,0.0
1998-10-24,0.0
1998-10-25,1.2333679695924122
1998-10-26,0.6515448143084844
1998-10-27,0.6682101686795553
1998-10-28,0.29147326201200485
1998-10-29,0.0391750851025184
1998-10-30,0.5203548719485601
1998-10-31,0.7555547555287679
1998-11-01,37.60112452507019
1998-11-02,0.0
1998-11-03,0.0
1998-11-04,0.4682870681087176
1998-11-05,13.23420508702596
1998-11-06,0.21102423717578253
1998-11-07,0.7072435667117437
1998-11-08,0.012158231809735298
1998-11-09,1.220698818564415
1998-11-10,0.5286606401205063
1998-11-11,0.0
1998-11-12,4.149068256219228
1998-11-13,25.384618123372395
1998-11-14,10.308384974797567
1998-11-15,0.00030256470139041386
1998-11-16,0.0
1998-11-17,0.0
1998-11-18,0.41004656503597897
1998-11-19,0.3134673809011777
1998-11-20,1.481332888205846
1998-11-21,0.0
1998-11-22,0.0
1998-11-23,0.0
1998-11-24,0.0
1998-11-25,0.0
1998-11-26,0.0001267482718200578
1998-11-27,0.02206093290199836
1998-11-28,0.006537729680227737
1998-11-29,0.0123548429304113
1998-11-30,0.006867045032170911
1998-12-01,0.0
1998-12-02,0.0
1998-12-03,0.0
1998-12-04,0.0
1998-12-05,0.0
1998-12-06,0.0
1998-12-07,0.0
1998-12-08,0.0
1998-12-09,0.0
1998-12-10,0.0
1998-12-11,0.0
1998-12-12,0.0
1998-12-13,0.0
1998-12-14,0.0
1998-12-15,0.0
1998-12-16,0.0
1998-12-17,0.0
1998-12-18,5.533368070920308
1998-12-19,0.0
1998-12-20,4.987021764119466
1998-12-21,1.3203319509824116
1998-12-22,0.7011048595110575
1998-12-23,0.2460488279660543
1998-12-24,0.02431144637133305
1998-12-25,0.12047793374707301
1998-12-26,0.0
1998-12-27,0.0
1998-12-28,0.0
1998-12-29,0.0
1998-12-30,0.0
1998-12-31,0.0
1999-01-01,0.0
1999-01-02,0.0
1999-01-03,0.0
1999-01-04,0.0
1999-01-05,0.0
1999-01-06,0.0
1999-01-07,0.0
1999-01-08,0.0
1999-01-09,0.0
1999-01-10,0.0
1999-01-11,0.0
1999-01-12,0.0
1999-01-13,0.0
1999-01-14,0.0
1999-01-15,0.0
1999-01-16,0.0
1999-01-17,0.0
1999-01-18,0.0
1999-01-19,0.32908521095911664
1999-01-20,0.005802936531836167
1999-01-21,0.0
1999-01-22,0.0
1999-01-23,0.0
1999-01-24,0.0
1999-01-25,0.0
1999-01-26,0.0
1999-01-27,0.0
1999-01-28,0.0
1999-01-29,0.0
1999-01-30,0.0
1999-01-31,0.0
1999-02-01,0.0
1999-02-02,0.0
1999-02-03,0.0
1999-02-04,0.0
1999-02-05,7.997332851092021
1999-02-06,0.0
1999-02-07,0.0
1999-02-08,0.0
1999-02-09,0.0
1999-02-10,0.0
1999-02-11,0.0
1999-02-12,0.0
1999-02-13,0.0
1999-02-14,0.0
1999-02-15,0.0
1999-02-16,0.0
1999-02-17,0.0
1999-02-18,0.0
1999-02-19,0.0
1999-02-20,0.0
1999-02-21,0.0
1999-02-22,0.0
1999-02-23,0.0
1999-02-24,0.0
1999-02-25,0.0
1999-02-26,0.0
1999-02-27,0.0
1999-02-28,0.0
1999-03-01,0.0
1999-03-02,0.0
1999-03-03,0.0
1999-03-04,0.0
1999-03-05,0.0
1999-03-06,0.002457739736807222
1999-03-07,1.7823367416858673
1999-03-08,4.599736273288727
1999-03-09,0.0
1999-03-10,0.7748890767494837
1999-03-11,0.21922187507152557
1999-03-12,2.7425715128580728
1999-03-13,4.175745169321696
1999-03-14,0.0
1999-03-15,0.0
1999-03-16,0.0
1999-03-17,0.0
1999-03-18,0.0
1999-03-19,0.0
1999-03-20,0.0
1999-03-21,0.0
1999-03-22,0.0
1999-03-23,1.6795109907786052
1999-03-24,0.20303491751352945
1999-03-25,1.603620171546936
1999-03-26,0.03754139210407933
1999-03-27,1.2444256097078323
1999-03-28,39.88239494959513
1999-03-29,0.045325732324272394
1999-03-30,0.07355851555864017
1999-03-31,0.04062866000458598
1999-04-01,0.6906192178527514
1999-04-02,1.6907026718060176
1999-04-03,3.3107885320981345
1999-04-04,0.707761600613594
1999-04-05,0.4420257396996021
1999-04-06,0.0
1999-04-07,4.317849477132161
1999-04-08,0.2311707567423582
1999-04-09,0.0013226963565102778
1999-04-10,0.0
1999-04-11,0.0
1999-04-12,0.0
1999-04-13,0.0
1999-04-14,0.0
1999-04-15,0.0
1999-04-16,0.0
1999-04-17,0.0
1999-04-18,0.0
1999-04-19,0.0
1999-04-20,0.0
1999-04-21,0.11770444735884666
1999-04-22,0.004134276551970591
1999-04-23,0.0053455264229948325
1999-04-24,1.9194410194953282
1999-04-25,34.043938318888344
1999-04-26,29.786532084147137
1999-04-27,0.018168975521499913
1999-04-28,0.0399935906752944
1999-04-29,3.4601465463638306
1999-04-30,14.127479076385498
1999-05-01,0.7010682672262192
1999-05-02,1.2820388078689575
1999-05-03,1.7773644924163818
1999-05-04,0.5280268092950186
1999-05-05,0.0
1999-05-06,0.0
1999-05-07,0.0
1999-05-08,0.0
1999-05-09,2.5459114015102386
1999-05-10,4.519542733828227
1999-05-11,0.6759190509716669
1999-05-12,20.761523882548016
1999-05-13,0.30765528976917267
1999-05-14,0.5775308584173521
1999-05-15,0.5257715110977491
1999-05-16,0.5727229590217272
1999-05-17,10.340386668841044
1999-05-18,4.965036332607269
1999-05-19,0.669504925608635
1999-05-20,0.2823919703563054
1999-05-21,0.8208681841691335
1999-05-22,0.761786475777626
1999-05-23,0.5275382772088051
1999-05-24,0.7299159367879232
1999-05-25,0.09590654183800022
1999-05-26,1.9394685824712117
1999-05-27,6.1952747503916425
1999-05-28,5.11887663602829
1999-05-29,2.9753076235453286
1999-05-30,3.5268612106641135
1999-05-31,0.028684648995598156
1999-06-01,0.006654580628188948
1999-06-02,0.2349001740415891
1999-06-03,0.2766255997121334
1999-06-04,1.592492401599884
1999-06-05,2.1454211473464966
1999-06-06,4.173911025126775
1999-06-07,0.41798247296052676
1999-06-08,0.2036546232799689
1999-06-09,1.455815610786279
1999-06-10,0.5518194123481711
1999-06-11,0.42024574677149457
1999-06-12,0.7949462682008743
1999-06-13,23.509610255559284
1999-06-14,18.741208632787068
1999-06-15,12.13135584195455
1999-06-16,6.373311082522075
1999-06-17,0.4389988146722317
1999-06-18,0.3575771941492955
1999-06-19,0.6573960905273756
1999-06-20,9.07821919520696
1999-06-21,36.39995733896891
1999-06-22,20.187100330988567
1999-06-23,8.970130205154419
1999-06-24,1.092681775490443
1999-06-25,19.77435819307963
1999-06-26,0.374246043463548
1999-06-27,0.17281284369528294
1999-06-28,0.06095478730276227
1999-06-29,0.025716049674277503
1999-06-30,0.032687257354458175
1999-07-01,0.03067229346682628
1999-07-02,0.8899988532066345
1999-07-03,2.5013093103965125
1999-07-04,9.159078121185303
1999-07-05,1.2076944584647815
1999-07-06,0.0213911235332489
1999-07-07,0.5687097708384196
1999-07-08,0.2408098578453064
1999-07-09,0.21080458164215088
1999-07-10,0.41818344593048096
1999-07-11,28.092382351557415
1999-07-12,18.13429069519043
1999-07-13,1.6065517018238704
1999-07-14,0.08026277041062713
1999-07-15,0.0
1999-07-16,0.957847793896993
1999-07-17,0.6527081976334254
1999-07-18,2.6122243404388428
1999-07-19,0.9644410113493601
1999-07-20,1.096353719631831
1999-07-21,0.22028009166630605
1999-07-22,0.013612984119390603
1999-07-23,0.0
1999-07-24,0.0
1999-07-25,0.0006846497732719096
1999-07-26,0.06641577820604046
1999-07-27,0.210859477519989
1999-07-28,0.08891165504852931
1999-07-29,0.014718930625046292
1999-07-30,0.07383320139100154
1999-07-31,0.39710694799820584
1999-08-01,0.001050511763120691
1999-08-02,0.0
1999-08-03,0.0016750432550907135
1999-08-04,0.005514432365695636
1999-08-05,0.001901638073225816
1999-08-06,0.0
1999-08-07,0.0
1999-08-08,0.0
1999-08-09,0.0
1999-08-10,0.0
1999-08-11,0.0
1999-08-12,0.0
1999-08-13,0.0
1999-08-14,0.0
1999-08-15,0.0
1999-08-16,0.0
1999-08-17,0.0
1999-08-18,0.0
1999-08-19,0.0
1999-08-20,0.0
1999-08-21,0.026885093733047444
1999-08-22,0.0
1999-08-23,2.132663587729136
1999-08-24,16.373363892237347
1999-08-25,0.19124850879112879
1999-08-26,0.0
1999-08-27,0.0
1999-08-28,0.0
1999-08-29,0.0
1999-08-30,0.0
1999-08-31,0.0
1999-09-01,0.015765560092404485
1999-09-02,0.009086600077959398
1999-09-03,0.003727602200039352
1999-09-04,0.8491234928369522
1999-09-05,0.29767738406856853
1999-09-06,3.1280709703763327
1999-09-07,1.4766957014799118
1999-09-08,0.18865262468655905
1999-09-09,1.0670071641604106
1999-09-10,0.4812966187795003
1999-09-11,0.024974151436860364
1999-09-12,0.15279841857651869
1999-09-13,2.035753607749939
1999-09-14,0.4949955369035403
1999-09-15,0.6047739659746488
1999-09-16,1.1322080790996552
1999-09-17,0.1215934157371521
1999-09-18,0.1215934157371521
1999-09-19,0.1215934157371521
1999-09-20,0.1215934157371521
1999-09-21,0.0030723582749487832
1999-09-22,0.7049337526162466
1999-09-23,0.0
1999-09-24,0.0
1999-09-25,1.5710224310557048
1999-09-26,0.32821325833598775
1999-09-27,0.010825961052129665
1999-09-28,0.04146323880801598
1999-09-29,1.034665862719218
1999-09-30,0.0
1999-10-01,0.0
1999-10-02,0.0
1999-10-03,0.6764337122440338
1999-10-04,0.9403144915898641
1999-10-05,0.0
1999-10-06,0.0
1999-10-07,0.0
1999-10-08,2.290993958711624
1999-10-09,0.0
1999-10-10,0.0
1999-10-11,0.00044123434539263445
1999-10-12,0.07667239957178633
1999-10-13,0.0
1999-10-14,0.2757480001697938
1999-10-15,2.481839587291082
1999-10-16,0.7402247885862986
1999-10-17,16.67372441291809
1999-10-18,6.015308757623036
1999-10-19,0.0
1999-10-20,0.0
1999-10-21,0.61122927069664
1999-10-22,0.61122927069664
1999-10-23,0.61122927069664
1999-10-24,0.61122927069664
1999-10-25,0.61122927069664
1999-10-26,0.0
1999-10-27,0.0
1999-10-28,0.03978008062889179
1999-10-29,0.3184454217553139
1999-10-30,6.915017922719319
1999-10-31,0.0
1999-11-01,0.13039395585656166
1999-11-02,0.13039395585656166
1999-11-03,0.13039395585656166
1999-11-04,0.13039395585656166
1999-11-05,1.4691622654596965
1999-11-06,1.8915732502937317
1999-11-07,0.033859170507639647
1999-11-08,0.0
1999-11-09,0.0
1999-11-10,0.0
1999-11-11,0.295023870964845
1999-11-12,0.295023870964845
1999-11-13,0.295023870964845
1999-11-14,0.295023870964845
1999-11-15,0.295023870964845
1999-11-16,0.0
1999-11-17,0.0
1999-11-18,0.7075785646835963
1999-11-19,0.36869815985361737
1999-11-20,0.0
1999-11-21,0.0
1999-11-22,0.0
1999-11-23,0.0
1999-11-24,0.0
1999-11-25,0.0
1999-11-26,0.0
1999-11-27,0.0
1999-11-28,0.0
1999-11-29,0.0
1999-11-30,0.04084922652691603
1999-12-01,0.0
1999-12-02,0.0
1999-12-03,0.0
1999-12-04,0.0
1999-12-05,0.0
1999-12-06,0.0
1999-12-07,0.0
1999-12-08,0.7762699897090594
1999-12-09,3.3225780775149665
1999-12-10,0.0
1999-12-11,0.0
1999-12-12,0.0
1999-12-13,0.0
1999-12-14,0.0
1999-12-15,0.0
1999-12-16,0.0
1999-12-17,0.0
1999-12-18,0.0
1999-12-19,0.0
1999-12-20,0.0
1999-12-21,0.0
1999-12-22,0.0
1999-12-23,0.0
1999-12-24,0.0
1999-12-25,0.0
1999-12-26,0.0
1999-12-27,0.0
1999-12-28,0.0
1999-12-29,0.0
1999-12-30,0.0
1999-12-31,0.0
2000-01-01,0.0
2000-01-02,0.0
2000-01-03,0.0
2000-01-04,0.0
2000-01-05,0.0
2000-01-06,0.0
2000-01-07,0.0
2000-01-08,0.0
2000-01-09,0.0
2000-01-10,0.0
2000-01-11,0.0
2000-01-12,0.0
2000-01-13,0.0
2000-01-14,0.0
2000-01-15,0.0
2000-01-16,0.2979788196583589
2000-01-17,0.1353442706167698
2000-01-18,0.0
2000-01-19,0.0
2000-01-20,0.0
2000-01-21,0.0
2000-01-22,0.0
2000-01-23,0.0
2000-01-24,0.0
2000-01-25,0.0
2000-01-26,0.0
2000-01-27,0.0
2000-01-28,0.0
2000-01-29,0.0
2000-01-30,0.0
2000-01-31,0.0
2000-02-01,0.0
2000-02-02,0.0
2000-02-03,0.0
2000-02-04,0.0
2000-02-05,0.0
2000-02-06,0.42336730162302655
2000-02-07,0.5689200560251871
2000-02-08,0.0
2000-02-09,0.7306785384813944
2000-02-10,0.0
2000-02-11,0.0
2000-02-12,0.0
2000-02-13,0.0
2000-02-14,0.0
2000-02-15,0.0
2000-02-16,0.1298521493251125
2000-02-17,0.4027125785748164
2000-02-18,0.01160543889272958
2000-02-19,0.06371245036522548
2000-02-20,0.0007003579084994271
2000-02-21,0.5799616277217865
2000-02-22,1.6328363468249638
2000-02-23,11.538889527320862
2000-02-24,0.022852806296820443
2000-02-25,0.0005463340785354376
2000-02-26,0.0
2000-02-27,0.0
2000-02-28,0.0
2000-02-29,0.0
2000-03-01,0.35876347264274955
2000-03-02,0.016055405348500546
2000-03-03,0.0
2000-03-04,0.0
2000-03-05,0.22757139763173959
2000-03-06,0.3410414879520734
2000-03-07,1.407421310742696
2000-03-08,6.705799102783203
2000-03-09,0.00647859046390901
2000-03-10,0.16841312808295092
2000-03-11,0.0
2000-03-12,0.0
2000-03-13,0.12418732792139053
2000-03-14,3.268322308858236
2000-03-15,0.49017853662371635
2000-03-16,0.014379870146512985
2000-03-17,0.012917873760064444
2000-03-18,0.003892946677903334
2000-03-19,0.07725856204827626
2000-03-20,0.0
2000-03-21,1.24803630510966
2000-03-22,1.7540504038333893
2000-03-23,4.412115315596263
2000-03-24,0.6907764996091524
2000-03-25,3.149918625752131
2000-03-26,0.265764556825161
2000-03-27,0.013429472787417277
2000-03-28,0.1052517257630825
2000-03-29,0.6573378990093867
2000-03-30,0.0
2000-03-31,0.1751320455223322
2000-04-01,3.4725194374720254
2000-04-02,8.31405520439148
2000-04-03,0.20008915041883787
2000-04-04,0.0
2000-04-05,0.0
2000-04-06,0.0
2000-04-07,0.0
2000-04-08,0.0
2000-04-09,0.0
2000-04-10,6.99448291460673
2000-04-11,0.8638788064320883
2000-04-12,17.46980857849121
2000-04-13,0.01923840492963791
2000-04-14,0.0006783938758114042
2000-04-15,0.9645879169305166
2000-04-16,1.0709284593661625
2000-04-17,0.26139986515045166
2000-04-18,0.18732997650901476
2000-04-19,0.08031248534098268
2000-04-20,2.46862655878067
2000-04-21,0.0
2000-04-22,0.0
2000-04-23,0.48046312232812244
2000-04-24,0.0
2000-04-25,0.0
2000-04-26,0.0
2000-04-27,0.04176369922546049
2000-04-28,0.16377178144951662
2000-04-29,4.020919362703959
2000-04-30,8.144774436950684
2000-05-01,20.852934042612713
2000-05-02,2.613489697376887
2000-05-03,0.05145744063581029
2000-05-04,0.39869948476552963
2000-05-05,0.3903189077973366
2000-05-06,0.00026233569678879576
2000-05-07,0.0
2000-05-08,0.07387767747665445
2000-05-09,0.16374896559864283
2000-05-10,0.07151223373754571
2000-05-11,0.336373683065176
2000-05-12,1.454116682211558
2000-05-13,5.7696689168612165
2000-05-14,1.7569569845994313
2000-05-15,1.031435067454974
2000-05-16,0.0010486235623829998
2000-05-17,0.0010153945283188175
2000-05-18,0.014723241018752256
2000-05-19,1.795598993698756
2000-05-20,2.8986902435620627
2000-05-21,0.0
2000-05-22,0.0
2000-05-23,0.0
2000-05-24,0.0
2000-05-25,0.0
2000-05-26,1.2425070305665333
2000-05-27,1.3239165941874187
2000-05-28,21.217296918233234
2000-05-29,0.7865516195694605
2000-05-30,0.0
2000-05-31,0.04126556093494097
2000-06-01,0.6226667836308479
2000-06-02,0.35938028742869693
2000-06-03,2.2721945544083915
2000-06-04,4.704318165779114
2000-06-05,13.839029749234518
2000-06-06,0.1800132223094503
2000-06-07,0.1970708134273688
2000-06-08,0.30383553480108577
2000-06-09,16.727183024088543
2000-06-10,27.31869411468506
2000-06-11,14.406970580418905
2000-06-12,13.525039275487265
2000-06-13,3.9901792804400125
2000-06-14,2.043283760547638
2000-06-15,3.7691317995389304
2000-06-16,0.6408332834641138
2000-06-17,8.716593702634176
2000-06-18,27.043853282928467
2000-06-19,22.27215798695882
2000-06-20,1.5612622499465942
2000-06-21,0.0
2000-06-22,0.0
2000-06-23,0.0
2000-06-24,0.0
2000-06-25,0.0
2000-06-26,0.00918370506648595
2000-06-27,0.0013107805389154237
2000-06-28,0.15265361592173576
2000-06-29,0.00111232123405595
2000-06-30,0.002645566016629649
2000-07-01,0.0
2000-07-02,0.0
2000-07-03,0.0
2000-07-04,0.0
2000-07-05,0.0
2000-07-06,0.0
2000-07-07,0.0
2000-07-08,0.0
2000-07-09,0.0
2000-07-10,0.0
2000-07-11,0.011280739136661092
2000-07-12,0.0019470487798874576
2000-07-13,0.0019470487798874576
2000-07-14,0.01797304255887866
2000-07-15,0.0190679255562524
2000-07-16,0.2766097554316123
2000-07-17,0.03881151353319486
2000-07-18,0.03881151353319486
2000-07-19,0.03881151353319486
2000-07-20,0.1924654639636477
2000-07-21,0.0
2000-07-22,1.1425790786743164
2000-07-23,2.8313951392968497
2000-07-24,4.333778162797292
2000-07-25,1.857922265926997
2000-07-26,0.0
2000-07-27,0.045017640106379986
2000-07-28,0.01416853372938931
2000-07-29,0.05581415413568417
2000-07-30,0.214988362044096
2000-07-31,9.800461292266846
2000-08-01,5.297755976517995
2000-08-02,0.4831595594684283
2000-08-03,0.05996891018003225
2000-08-04,0.17596598962942758
2000-08-05,0.11511232734968264
2000-08-06,0.005627007068445285
2000-08-07,0.018153314168254536
2000-08-08,0.12724491829673448
2000-08-09,0.2286389966805776
2000-08-10,0.0019074968101146321
2000-08-11,0.0
2000-08-12,0.0
2000-08-13,0.05591878077636162
2000-08-14,0.0
2000-08-15,0.5202574779589971
2000-08-16,0.0
2000-08-17,0.0
2000-08-18,0.0
2000-08-19,0.0
2000-08-20,0.0
2000-08-21,0.0
2000-08-22,0.0
2000-08-23,0.0
2000-08-24,0.0
2000-08-25,0.0
2000-08-26,0.0
2000-08-27,0.0
2000-08-28,0.0
2000-08-29,0.0
2000-08-30,0.0
2000-08-31,0.0
2000-09-01,0.052320442938556276
2000-09-02,1.0576778824130695
2000-09-03,0.17067344300448895
2000-09-04,0.32286452626188594
2000-09-05,0.0
2000-09-06,0.18018483029057583
2000-09-07,0.0
2000-09-08,0.706874762972196
2000-09-09,0.9708175013462702
2000-09-10,1.1479151546955109
2000-09-11,0.03385355152810613
2000-09-12,0.34948373089234036
2000-09-13,21.558236916859943
2000-09-14,8.30732556184133
2000-09-15,2.007054090499878
2000-09-16,2.6723112761974335
2000-09-17,0.0
2000-09-18,0.0
2000-09-19,0.0
2000-09-20,0.0
2000-09-21,3.888400415579478
2000-09-22,0.9232717206080755
2000-09-23,1.362848202387492
2000-09-24,4.63759258389473
2000-09-25,56.30696805318197
2000-09-26,0.38362279285987216
2000-09-27,0.38362279285987216
2000-09-28,0.38362279285987216
2000-09-29,0.38362279285987216
2000-09-30,0.38362279285987216
2000-10-01,0.0
2000-10-02,0.0
2000-10-03,0.0031246591242961586
2000-10-04,0.003857897400545577
2000-10-05,1.1806614895661671
2000-10-06,12.25046992301941
2000-10-07,21.549933751424152
2000-10-08,24.99695364634196
2000-10-09,34.93627961476644
2000-10-10,3.228044788042704
2000-10-11,0.6606196065743765
2000-10-12,2.791389445463816
2000-10-13,0.9875083069006602
2000-10-14,1.0294008950392406
2000-10-15,2.535602410634359
2000-10-16,11.606111725171408
2000-10-17,10.373225529988607
2000-10-18,14.430621147155762
2000-10-19,1.7776594360669453
2000-10-20,2.0671163400014243
2000-10-21,6.347546418507894
2000-10-22,7.531360665957133
2000-10-23,26.844300587972004
2000-10-24,11.171825488408407
2000-10-25,8.610410133997599
2000-10-26,0.48607637484868366
2000-10-27,0.38654977083206177
2000-10-28,1.8708780407905579
2000-10-29,1.492383395632108
2000-10-30,0.47344081848859787
2000-10-31,0.41153718034426373
2000-11-01,5.190451920032501
2000-11-02,13.477885961532593
2000-11-03,47.18920294443766
2000-11-04,2.541665335496267
2000-11-05,14.544109265009562
2000-11-06,27.294631004333496
2000-11-07,1.1695650120576222
2000-11-08,7.5940070152282715
2000-11-09,0.0010792836158846815
2000-11-10,0.0
2000-11-11,0.903625617424647
2000-11-12,3.0460297067960105
2000-11-13,0.003396278014406562
2000-11-14,0.0
2000-11-15,1.2577393054962158
2000-11-16,7.388214151064555
2000-11-17,0.9328043932716051
2000-11-18,23.270925045013428
2000-11-19,0.8942769020795822
2000-11-20,0.0
2000-11-21,0.0
2000-11-22,0.8655333543817202
2000-11-23,2.6433367232481637
2000-11-24,7.809010783831279
2000-11-25,0.0
2000-11-26,0.0
2000-11-27,0.0
2000-11-28,0.0884576365351677
2000-11-29,0.007361101801507175
2000-11-30,0.011744813848054036
2000-12-01,3.4964786370595298
2000-12-02,0.005649981185949097
2000-12-03,19.046119848887127
2000-12-04,0.8347345540920893
2000-12-05,0.11975687990585963
2000-12-06,0.0
2000-12-07,0.0
2000-12-08,0.0
2000-12-09,0.0
2000-12-10,0.0
2000-12-11,1.167993833621343
2000-12-12,4.652667005856832
2000-12-13,6.244721412658691
2000-12-14,0.0
2000-12-15,4.83011778195699
2000-12-16,0.0
2000-12-17,0.0
2000-12-18,0.0
2000-12-19,0.0
2000-12-20,0.0
2000-12-21,0.0
2000-12-22,0.00012073980209000486
2000-12-23,0.16058575393011174
2000-12-24,0.30562702504297096
2000-12-25,1.0480207645644743
2000-12-26,0.0
2000-12-27,0.0
2000-12-28,0.0
2000-12-29,0.0
2000-12-30,0.0
2000-12-31,0.0
2001-01-01,0.0
2001-01-02,0.0
2001-01-03,0.0
2001-01-04,0.0
2001-01-05,0.0
2001-01-06,0.0
2001-01-07,0.0
2001-01-08,0.0
2001-01-09,0.0
2001-01-10,0.0
2001-01-11,8.091992716193393e-05
2001-01-12,0.0
2001-01-13,2.8063720216353736
2001-01-14,0.0
2001-01-15,0.0028239882570536188
2001-01-16,2.1796666930119195
2001-01-17,5.086083720127742
2001-01-18,0.8166525736451149
2001-01-19,0.846466600894928
2001-01-20,0.0
2001-01-21,0.0
2001-01-22,0.0
2001-01-23,0.0
2001-01-24,0.0
2001-01-25,0.0
2001-01-26,0.1437359213208159
2001-01-27,1.8153017262617748
2001-01-28,2.115260675549507
2001-01-29,6.579111665487289
2001-01-30,0.0
2001-01-31,0.0
2001-02-01,0.0
2001-02-02,0.0
2001-02-03,0.0
2001-02-04,0.0
2001-02-05,0.0
2001-02-06,0.0
2001-02-07,0.0022380291775334626
2001-02-08,3.562091608842214
2001-02-09,3.0338128805160522
2001-02-10,0.0
2001-02-11,1.9555399517218273
2001-02-12,6.0259459018707275
2001-02-13,3.8652333418528237
2001-02-14,1.452920267979304
2001-02-15,3.1046552856763205
2001-02-16,13.400718927383423
2001-02-17,0.0
2001-02-18,0.0
2001-02-19,0.0008492264569213148
2001-02-20,0.028557120667149622
2001-02-21,1.6282065510749817
2001-02-22,2.4498199224472046
2001-02-23,8.333420077959696
2001-02-24,0.22961160416404405
2001-02-25,0.0
2001-02-26,0.5192323190470537
2001-02-27,1.0569893171389897
2001-02-28,2.3031653563181558
2001-03-01,3.570489466190338
2001-03-02,0.7488854080438614
2001-03-03,11.863279740015665
2001-03-04,0.0
2001-03-05,0.0
2001-03-06,2.6240794956684113
2001-03-07,0.575275239845117
2001-03-08,7.688241958618164
2001-03-09,0.008298010371314982
2001-03-10,0.02064061917675038
2001-03-11,2.3266394833723703
2001-03-12,22.617828210194904
2001-03-13,0.0
2001-03-14,8.185708085695902
2001-03-15,0.0
2001-03-16,0.0
2001-03-17,0.029431185374657314
2001-03-18,0.09768595298131307
2001-03-19,7.834925539403532e-05
2001-03-20,0.0
2001-03-21,0.0
2001-03-22,0.0
2001-03-23,0.0
2001-03-24,0.0
2001-03-25,0.0
2001-03-26,0.13733583812912306
2001-03-27,1.9968175093332927
2001-03-28,0.4831020434697469
2001-03-29,0.7339112907648087
2001-03-30,0.1177340941503644
2001-03-31,0.2095821170757214
2001-04-01,0.07029174260484676
2001-04-02,0.7069711511333784
2001-04-03,0.15764791145920753
2001-04-04,0.2613036284844081
2001-04-05,0.20375995400051275
2001-04-06,0.6872970263163248
2001-04-07,0.9120413834849993
2001-04-08,1.0517205347617467
2001-04-09,0.4650099252661069
2001-04-10,2.5782092412312827
2001-04-11,4.323549687862396
2001-04-12,2.4462746679782867
2001-04-13,2.3520099918047586
2001-04-14,0.6023576979835829
2001-04-15,0.39229237536589306
2001-04-16,0.40668147057294846
2001-04-17,0.24355987831950188
2001-04-18,0.0
2001-04-19,0.8260208641489347
2001-04-20,2.6920554538567862
2001-04-21,0.2882081667582194
2001-04-22,0.2503865299125512
2001-04-23,15.379378000895182
2001-04-24,6.909035921096802
2001-04-25,0.0
2001-04-26,0.0
2001-04-27,0.016534368973225355
2001-04-28,0.0
2001-04-29,0.07856458720440666
2001-04-30,1.3637597014506657
2001-05-01,1.119899610678355
2001-05-02,0.00041771938534414704
2001-05-03,2.0575946072737374
2001-05-04,39.331460316975914
2001-05-05,16.127760807673138
2001-05-06,5.592548727989197
2001-05-07,8.213289658228556
2001-05-08,2.0183660984039307
2001-05-09,0.14167754662533602
2001-05-10,0.0037538224714808166
2001-05-11,0.0
2001-05-12,0.0
2001-05-13,0.0
2001-05-14,0.0
2001-05-15,0.0
2001-05-16,0.0
2001-05-17,0.0
2001-05-18,0.0
2001-05-19,0.6365073273579279
2001-05-20,1.09961798787117
2001-05-21,3.076678733030955
2001-05-22,0.0
2001-05-23,0.0
2001-05-24,0.0
2001-05-25,8.728712240854898
2001-05-26,3.7855155865351358
2001-05-27,0.5996127054095268
2001-05-28,0.005010465742088854
2001-05-29,0.5088757276535034
2001-05-30,5.534451941649119
2001-05-31,7.7455436786015825
2001-06-01,3.0529608925183616
2001-06-02,0.07307757282008727
2001-06-03,0.2472557450334231
2001-06-04,0.007489622143718104
2001-06-05,0.4695990631977717
2001-06-06,0.0015526255980754893
2001-06-07,0.013517134357243776
2001-06-08,0.008131464322408041
2001-06-09,0.0034155722241848707
2001-06-10,1.3797278218892947e-05
2001-06-11,0.0
2001-06-12,0.033130217964450516
2001-06-13,0.7775348673264185
2001-06-14,2.1904597779115043
2001-06-15,8.75869115193685
2001-06-16,0.8088444471359253
2001-06-17,0.5951586092511812
2001-06-18,0.0917855544636647
2001-06-19,0.03586474914724628
2001-06-20,0.0
2001-06-21,0.0
2001-06-22,14.412434577941895
2001-06-23,5.407000482082367
2001-06-24,0.8344888140757879
2001-06-25,1.336546281973521
2001-06-26,0.1213022240748008
2001-06-27,0.0
2001-06-28,0.0
2001-06-29,0.02518163458444178
2001-06-30,0.0
2001-07-01,0.7016411821047465
2001-07-02,15.854541619618734
2001-07-03,0.17999176743129888
2001-07-04,0.08204021335889895
2001-07-05,0.1793334080527226
2001-07-06,0.0
2001-07-07,0.0
2001-07-08,0.0
2001-07-09,0.0
2001-07-10,0.0
2001-07-11,0.0
2001-07-12,0.0
2001-07-13,0.0
2001-07-14,0.0372248146062096
2001-07-15,0.010821582283824682
2001-07-16,0.034143076481996104
2001-07-17,0.11704525491222739
2001-07-18,0.17842677777904706
2001-07-19,0.18798933581759533
2001-07-20,0.011375097827112768
2001-07-21,0.011973604375574117
2001-07-22,0.0
2001-07-23,0.004017011709644673
2001-07-24,0.004869031325749044
2001-07-25,0.17519474949222058
2001-07-26,0.2746123305211465
2001-07-27,0.20412469189614058
2001-07-28,0.22694719955325127
2001-07-29,0.05703562327350179
2001-07-30,0.17899277433753014
2001-07-31,0.06169087688128153
2001-08-01,0.00021622613227615753
2001-08-02,0.0013839352565507095
2001-08-03,0.0021790764294564724
2001-08-04,0.0008674003959943851
2001-08-05,0.0010962535937627156
2001-08-06,0.0
2001-08-07,0.0
2001-08-08,0.0
2001-08-09,0.0
2001-08-10,0.0
2001-08-11,0.0
2001-08-12,0.0
2001-08-13,0.0
2001-08-14,0.0
2001-08-15,0.0
2001-08-16,0.5092067408065001
2001-08-17,0.739997074007988
2001-08-18,0.015034293678278724
2001-08-19,4.375065008799235
2001-08-20,0.17811487056314945
2001-08-21,0.0
2001-08-22,0.0
2001-08-23,0.0
2001-08-24,0.0
2001-08-25,0.0
2001-08-26,0.748629222313563
2001-08-27,16.15984304745992
2001-08-28,17.52048349380493
2001-08-29,17.577323993047077
2001-08-30,1.2650492091973622
2001-08-31,14.346853335698446
2001-09-01,3.3340200384457908
2001-09-02,0.49150455743074417
2001-09-03,0.5476902524630228
2001-09-04,16.164709488550823
2001-09-05,5.740654667218526
2001-09-06,23.06157048543294
2001-09-07,0.23637082676092783
2001-09-08,0.11003352267046769
2001-09-09,10.00668183962504
2001-09-10,0.7786278376976649
2001-09-11,0.47403854380051297
2001-09-12,0.0869165516148011
2001-09-13,0.0011374203944190715
2001-09-14,1.0559359242518742
2001-09-15,0.4663531829913457
2001-09-16,0.588105728228887
2001-09-17,0.4217136750618617
2001-09-18,0.0
2001-09-19,0.4066319254537423
2001-09-20,0.598614014685154
2001-09-21,0.25474609682957333
2001-09-22,2.4147791465123496
2001-09-23,3.472418506940206
2001-09-24,0.5399025852481524
2001-09-25,0.0
2001-09-26,0.35180799663066864
2001-09-27,0.35180799663066864
2001-09-28,0.35180799663066864
2001-09-29,0.35180799663066864
2001-09-30,0.35180799663066864
2001-10-01,0.0
2001-10-02,0.0
2001-10-03,0.10750225745141506
2001-10-04,0.08310215702901284
2001-10-05,2.892442435026169
2001-10-06,4.155189474423726
2001-10-07,0.0
2001-10-08,1.7757505476474762
2001-10-09,3.788222829500834
2001-10-10,0.5673011367519697
2001-10-11,17.741813500722248
2001-10-12,0.23746686925490698
2001-10-13,34.03384304046631
2001-10-14,0.0
2001-10-15,0.0
2001-10-16,0.31567169974247616
2001-10-17,0.31567169974247616
2001-10-18,0.31567169974247616
2001-10-19,0.31567169974247616
2001-10-20,0.31567169974247616
2001-10-21,0.0
2001-10-22,0.4416670737167199
2001-10-23,0.2876170029242833
2001-10-24,0.023218792397528887
2001-10-25,1.2267415275176365
2001-10-26,0.0
2001-10-27,0.0
2001-10-28,0.0
2001-10-29,0.0
2001-10-30,0.0
2001-10-31,3.0080751180648804
2001-11-01,0.0773078529164195
2001-11-02,1.1970567206541698
2001-11-03,1.171356017390887
2001-11-04,0.260806559274594
2001-11-05,0.7168336659669876
2001-11-06,0.0
2001-11-07,0.016486761703466375
2001-11-08,0.01024333011203756
2001-11-09,4.338370581467946
2001-11-10,0.7511771569649378
2001-11-11,2.951454281806946
2001-11-12,0.9515634675820669
2001-11-13,4.638723472754161
2001-11-14,27.938095092773438
2001-11-15,140.26973470052084
2001-11-16,1.005988175670306
2001-11-17,10.938117265701294
2001-11-18,0.18794608488678932
2001-11-19,0.32129792869091034
2001-11-20,0.002453157620038837
2001-11-21,0.0037762923166155815
2001-11-22,0.0037762923166155815
2001-11-23,0.0037762923166155815
2001-11-24,0.0037762923166155815
2001-11-25,0.0037762923166155815
2001-11-26,0.4121607740720113
2001-11-27,0.8770470221837362
2001-11-28,3.3331519762674966
2001-11-29,1.2821308771769206
2001-11-30,0.0
2001-12-01,0.0
2001-12-02,0.0
2001-12-03,0.0
2001-12-04,0.0
2001-12-05,0.0
2001-12-06,0.0
2001-12-07,0.0
2001-12-08,0.0
2001-12-09,0.0
2001-12-10,0.0
2001-12-11,5.981291691462199
2001-12-12,0.7632342229286829
2001-12-13,20.0576008160909
2001-12-14,0.0
2001-12-15,2.6776192287604013
2001-12-16,20.612429936726887
2001-12-17,0.0
2001-12-18,0.0
2001-12-19,0.0
2001-12-20,0.0
2001-12-21,0.0
2001-12-22,0.0
2001-12-23,0.0
2001-12-24,0.0
2001-12-25,0.0
2001-12-26,0.0
2001-12-27,0.0
2001-12-28,0.0
2001-12-29,0.0
2001-12-30,0.0
2001-12-31,0.0
2002-01-01,0.0
2002-01-02,0.0
2002-01-03,0.0
2002-01-04,0.0
2002-01-05,0.0
2002-01-06,0.37845545820891857
2002-01-07,0.37845545820891857
2002-01-08,0.37845545820891857
2002-01-09,0.37845545820891857
2002-01-10,0.37845545820891857
2002-01-11,0.12073389316598575
2002-01-12,0.12073389316598575
2002-01-13,0.12073389316598575
2002-01-14,0.12073389316598575
2002-01-15,0.12073389316598575
2002-01-16,0.02179179883872469
2002-01-17,0.16601558215916157
2002-01-18,0.1954827712227901
2002-01-19,0.014724836374322573
2002-01-20,0.01984197060422351
2002-01-21,0.0
2002-01-22,0.0
2002-01-23,0.0
2002-01-24,0.0
2002-01-25,0.0
2002-01-26,0.0
2002-01-27,0.0
2002-01-28,0.0
2002-01-29,0.0
2002-01-30,0.0
2002-01-31,0.0
2002-02-01,0.0
2002-02-02,0.0
2002-02-03,0.0
2002-02-04,0.31527052198847133
2002-02-05,4.650602916876475
2002-02-06,0.0
2002-02-07,0.0
2002-02-08,0.0
2002-02-09,0.0
2002-02-10,0.0
2002-02-11,0.029696548745657008
2002-02-12,0.029696548745657008
2002-02-13,0.029696548745657008
2002-02-14,0.029696548745657008
2002-02-15,0.029696548745657008
2002-02-16,0.0
2002-02-17,0.0
2002-02-18,0.01883966599901517
2002-02-19,0.036797747015953064
2002-02-20,0.0
2002-02-21,0.0
2002-02-22,0.0
2002-02-23,0.0
2002-02-24,0.0
2002-02-25,0.0
2002-02-26,0.674084484577179
2002-02-27,0.0
2002-02-28,2.5641961693763733
2002-03-01,6.673983136812846
2002-03-02,0.10906264775743087
2002-03-03,0.0
2002-03-04,0.0
2002-03-05,0.0
2002-03-06,0.19128619693219662
2002-03-07,0.1924439842502276
2002-03-08,0.8761329079667727
2002-03-09,0.00038695089824614115
2002-03-10,1.3330828895171483
2002-03-11,0.05659856895605723
2002-03-12,0.0
2002-03-13,0.0
2002-03-14,0.0
2002-03-15,0.005683441956837972
2002-03-16,0.08897568099200726
2002-03-17,0.22988590970635414
2002-03-18,2.6148048440615335
2002-03-19,11.920952320098877
2002-03-20,4.897388617197673
2002-03-21,0.0
2002-03-22,0.0
2002-03-23,0.0
2002-03-24,0.0
2002-03-25,0.0
2002-03-26,0.0006092996263760142
2002-03-27,0.0
2002-03-28,0.24965431913733482
2002-03-29,0.06414687788734834
2002-03-30,11.537255684534708
2002-03-31,0.006781197967939079
2002-04-01,0.0
2002-04-02,0.0
2002-04-03,0.025916707701981068
2002-04-04,0.11984449749191602
2002-04-05,0.1173398590957125
2002-04-06,3.4535562098026276
2002-04-07,6.373178641001384
2002-04-08,7.035223960876465
2002-04-09,0.0
2002-04-10,0.004122335376450792
2002-04-11,0.08343672814468543
2002-04-12,0.0009137528165107748
2002-04-13,0.1388938551147779
2002-04-14,27.826033274332683
2002-04-15,0.5281396185358366
2002-04-16,8.699639916419983
2002-04-17,0.38161637385686237
2002-04-18,0.7917382170756658
2002-04-19,1.1630614499251049
2002-04-20,0.8433051357666651
2002-04-21,0.7858665858705839
2002-04-22,0.2686391584575176
2002-04-23,0.01922718994319439
2002-04-24,0.028002786023231845
2002-04-25,1.9951898505290349
2002-04-26,0.6352542390426
2002-04-27,0.3160549042125543
2002-04-28,0.23025502637028694
2002-04-29,0.0
2002-04-30,0.0
2002-05-01,0.0
2002-05-02,0.017286103606844943
2002-05-03,0.36723560591538745
2002-05-04,1.417541965842247
2002-05-05,0.6496697316567103
2002-05-06,2.1972068150838218
2002-05-07,0.11936525627970695
2002-05-08,0.2603488676249981
2002-05-09,0.03744046987655262
2002-05-10,2.9582722584406533
2002-05-11,1.8521797855695088
2002-05-12,1.798299491405487
2002-05-13,3.0136685371398926
2002-05-14,0.013331078148136536
2002-05-15,0.05137902684509754
2002-05-16,1.698963423569997
2002-05-17,13.931593656539917
2002-05-18,8.999961455663046
2002-05-19,0.0
2002-05-20,0.0
2002-05-21,0.001129789665962259
2002-05-22,0.050109620516498886
2002-05-23,0.0563931285093228
2002-05-24,0.12064554293950398
2002-05-25,0.043007305512825646
2002-05-26,3.4326858123143515
2002-05-27,0.38026000807682675
2002-05-28,2.1219813028971353
2002-05-29,15.010404189427694
2002-05-30,0.1766076392183701
2002-05-31,0.0104838025290519
2002-06-01,0.34810539335012436
2002-06-02,0.061653842528661094
2002-06-03,0.4136213759581248
2002-06-04,7.6398643255233765
2002-06-05,3.5222978989283242
2002-06-06,0.44707630838577944
2002-06-07,0.734826506425937
2002-06-08,0.0780277795274742
2002-06-09,1.9491468891501427
2002-06-10,1.5522942716876666
2002-06-11,3.6023221810658774
2002-06-12,0.23732293645540872
2002-06-13,0.055750857728223004
2002-06-14,2.838485449552536
2002-06-15,0.5836751113335291
2002-06-16,0.0
2002-06-17,0.08132544780770938
2002-06-18,0.015093369215416411
2002-06-19,0.2799122991661231
2002-06-20,1.4775641361872356
2002-06-21,0.0
2002-06-22,0.0
2002-06-23,0.0
2002-06-24,0.0
2002-06-25,0.0
2002-06-26,1.3544685939947765
2002-06-27,8.534955978393555
2002-06-28,13.972849051157633
2002-06-29,2.575976421435674
2002-06-30,12.780055046081543
2002-07-01,32.84881718953451
2002-07-02,75.31350453694661
2002-07-03,67.04818407694499
2002-07-04,73.05781014760335
2002-07-05,37.51668628056844
2002-07-06,7.705655813217163
2002-07-07,1.7840076585610707
2002-07-08,0.7209013054768244
2002-07-09,2.6572101712226868
2002-07-10,3.1846806009610495
2002-07-11,0.3770733227332433
2002-07-12,0.17076497649153075
2002-07-13,0.6060734565059344
2002-07-14,1.6312920649846394
2002-07-15,43.82171090443929
2002-07-16,0.6188761952022711
2002-07-17,2.6819507454832396
2002-07-18,0.6336907284955183
2002-07-19,0.03711507285091405
2002-07-20,0.013472495765502876
2002-07-21,0.06517892346406977
2002-07-22,0.1339896705079203
2002-07-23,0.010821293093613349
2002-07-24,0.00108826030691489
2002-07-25,0.004103605968339252
2002-07-26,0.0
2002-07-27,0.19282025968035063
2002-07-28,0.36200810968875885
2002-07-29,8.723857680956522
2002-07-30,28.195459524790447
2002-07-31,1.7432584116856258
2002-08-01,6.813092265171387e-07
2002-08-02,1.725910139308932e-05
2002-08-03,0.00018142084203039607
2002-08-04,0.0020100480566422143
2002-08-05,0.00427658607562383
2002-08-06,0.9803648342688879
2002-08-07,0.5534355764587721
2002-08-08,7.428835233052571
2002-08-09,2.7741081913312278
2002-08-10,3.990683098634084
2002-08-11,1.2317271828651428
2002-08-12,0.4691906621058782
2002-08-13,0.5003189494212469
2002-08-14,0.37505461027224857
2002-08-15,1.1139754503965378
2002-08-16,0.0
2002-08-17,0.0
2002-08-18,0.0
2002-08-19,0.0
2002-08-20,0.0
2002-08-21,0.0
2002-08-22,0.0
2002-08-23,0.0
2002-08-24,0.0
2002-08-25,0.0
2002-08-26,0.0006973237371615445
2002-08-27,1.7870324850082397
2002-08-28,0.01646605639446837
2002-08-29,3.652531842390696
2002-08-30,1.9835228423277538
2002-08-31,0.3731004608174165
2002-09-01,0.05001868943994244
2002-09-02,0.007882422670566788
2002-09-03,0.026680566060046356
2002-09-04,0.3442595563828945
2002-09-05,0.9909520447254181
2002-09-06,0.36199047788977623
2002-09-07,9.756522337595621
2002-09-08,20.15485366185506
2002-09-09,50.939924558003746
2002-09-10,0.4958819622794787
2002-09-11,0.01959277728262047
2002-09-12,0.035388963452229895
2002-09-13,0.0
2002-09-14,0.00014378145715454593
2002-09-15,1.73700816432635
2002-09-16,0.9129672894875208
2002-09-17,0.7616242617368698
2002-09-18,0.13309620382885137
2002-09-19,2.1931072572867074
2002-09-20,0.0
2002-09-21,0.5234250575304031
2002-09-22,0.5234250575304031
2002-09-23,0.5234250575304031
2002-09-24,0.5234250575304031
2002-09-25,0.5234250575304031
2002-09-26,0.0
2002-09-27,0.0
2002-09-28,0.0
2002-09-29,0.009486037694538632
2002-09-30,1.6124625305334728
2002-10-01,0.43939703951279324
2002-10-02,0.31601731727520627
2002-10-03,0.10421342464784782
2002-10-04,0.17106903406480947
2002-10-05,0.3752899691462517
2002-10-06,2.0897909104824066
2002-10-07,6.8463700612386065
2002-10-08,34.43286259969076
2002-10-09,63.48639106750488
2002-10-10,4.389019310474396
2002-10-11,0.053755248275895916
2002-10-12,0.32251890003681183
2002-10-13,5.74186376730601
2002-10-14,1.3162255088488262
2002-10-15,0.00034530136569325504
2002-10-16,0.0
2002-10-17,0.0
2002-10-18,1.6332469582557678
2002-10-19,10.77309743563334
2002-10-20,0.10708764071265857
2002-10-21,1.1445376326640446
2002-10-22,15.71414852142334
2002-10-23,26.74260600407918
2002-10-24,43.93036460876465
2002-10-25,1.4083225429058075
2002-10-26,0.6298825765649477
2002-10-27,0.09984680265188217
2002-10-28,4.135077158610026
2002-10-29,0.0026334282592870295
2002-10-30,0.003221016920482119
2002-10-31,0.42122818032900494
2002-11-01,1.0081493606170018
2002-11-02,5.599282503128052
2002-11-03,2.311211804548899
2002-11-04,4.871054013570149
2002-11-05,0.41521575301885605
2002-11-06,0.43259185552597046
2002-11-07,0.43259185552597046
2002-11-08,0.43259185552597046
2002-11-09,0.43259185552597046
2002-11-10,0.43259185552597046
2002-11-11,0.0
2002-11-12,0.0
2002-11-13,0.0
2002-11-14,0.0
2002-11-15,1.6985123256842296
2002-11-16,1.7372365593910217
2002-11-17,0.0
2002-11-18,0.0
2002-11-19,0.0
2002-11-20,0.016260341042652726
2002-11-21,0.0
2002-11-22,0.0
2002-11-23,0.0
2002-11-24,0.0
2002-11-25,0.0
2002-11-26,4.824808021386464
2002-11-27,0.2723938698569934
2002-11-28,0.0
2002-11-29,0.0008788242800316463
2002-11-30,0.0
2002-12-01,0.0
2002-12-02,0.0
2002-12-03,2.164405792951584
2002-12-04,15.079939444859823
2002-12-05,0.002608130768445941
2002-12-06,0.0
2002-12-07,0.0
2002-12-08,0.0
2002-12-09,0.0
2002-12-10,0.0
2002-12-11,0.0
2002-12-12,0.0
2002-12-13,0.0
2002-12-14,0.0
2002-12-15,0.0
2002-12-16,0.0
2002-12-17,0.0
2002-12-18,0.0
2002-12-19,0.0
2002-12-20,0.0
2002-12-21,0.0
2002-12-22,0.6107610166072845
2002-12-23,7.368773937225342
2002-12-24,0.8498332301775614
2002-12-25,0.0
2002-12-26,0.06173544656485319
2002-12-27,0.0
2002-12-28,0.0
2002-12-29,8.143052140871683
2002-12-30,7.98010500272115
2002-12-31,0.0
2003-01-01,0.0
2003-01-02,0.0
2003-01-03,0.0
2003-01-04,0.0
2003-01-05,0.0
2003-01-06,0.0
2003-01-07,0.0
2003-01-08,0.0
2003-01-09,0.0
2003-01-10,0.0
2003-01-11,3.742880562941233
2003-01-12,11.00415555636088
2003-01-13,0.2589311748743057
2003-01-14,0.0
2003-01-15,0.22266574203968048
2003-01-16,0.0033584429086962095
2003-01-17,0.0
2003-01-18,0.0
2003-01-19,0.0
2003-01-20,0.23704466906686625
2003-01-21,0.0
2003-01-22,0.0
2003-01-23,0.0
2003-01-24,0.0
2003-01-25,0.0
2003-01-26,0.0
2003-01-27,0.0
2003-01-28,0.0
2003-01-29,0.0
2003-01-30,0.0
2003-01-31,0.0
2003-02-01,0.0
2003-02-02,2.042800714572271
2003-02-03,0.3815849783519904
2003-02-04,0.0
2003-02-05,3.12455544869105
2003-02-06,0.7914985194802284
2003-02-07,1.6838029722372692
2003-02-08,2.0864064494768777
2003-02-09,0.2765704927345117
2003-02-10,0.0
2003-02-11,0.0
2003-02-12,0.9668197333812714
2003-02-13,5.310722271601359
2003-02-14,1.0887304991483688
2003-02-15,5.881422777970632
2003-02-16,0.0
2003-02-17,0.0
2003-02-18,0.0
2003-02-19,0.2774636223912239
2003-02-20,14.776493231455484
2003-02-21,2.7479259024063745
2003-02-22,0.8056490259865919
2003-02-23,0.0
2003-02-24,0.6860681312779585
2003-02-25,1.5896129856506984
2003-02-26,9.44154965877533
2003-02-27,0.0
2003-02-28,0.0
2003-03-01,3.0468807220458984
2003-03-02,3.226250429948171
2003-03-03,10.35051723321279
2003-03-04,0.0
2003-03-05,1.3973352710405986
2003-03-06,0.0
2003-03-07,0.0
2003-03-08,0.0
2003-03-09,0.0
2003-03-10,0.0
2003-03-11,0.39887670427560806
2003-03-12,2.288484195868174
2003-03-13,0.1192454919219017
2003-03-14,0.0
2003-03-15,2.8356055120627084
2003-03-16,0.0
2003-03-17,0.0
2003-03-18,0.0
2003-03-19,0.0
2003-03-20,0.0
2003-03-21,0.0
2003-03-22,20.28511659304301
2003-03-23,0.13037965819239616
2003-03-24,0.001448681032343302
2003-03-25,0.9877698197960854
2003-03-26,0.0
2003-03-27,0.0
2003-03-28,2.531461155662934
2003-03-29,0.0
2003-03-30,0.0
2003-03-31,0.0
2003-04-01,0.0
2003-04-02,0.0
2003-04-03,0.11594802265365918
2003-04-04,0.04689368683223923
2003-04-05,0.0921408620973428
2003-04-06,2.160437673330307
2003-04-07,0.7265028233329455
2003-04-08,2.5577256878217063
2003-04-09,0.0
2003-04-10,0.0
2003-04-11,0.0
2003-04-12,0.048659754247637466
2003-04-13,0.0007483044767771693
2003-04-14,0.028620540552462142
2003-04-15,0.5176938017830253
2003-04-16,3.2295616467793784
2003-04-17,0.0
2003-04-18,0.02500465155268709
2003-04-19,0.3725464145342509
2003-04-20,0.29642293602228165
2003-04-21,0.005313612113241106
2003-04-22,0.9409487297137579
2003-04-23,0.4611246387163798
2003-04-24,4.46959521373113
2003-04-25,0.0
2003-04-26,0.0
2003-04-27,0.0
2003-04-28,0.008046586978404472
2003-04-29,0.5936747888724009
2003-04-30,2.3874039947986603
2003-05-01,0.0
2003-05-02,0.0
2003-05-03,0.0
2003-05-04,0.0
2003-05-05,0.0
2003-05-06,3.3225554823875427
2003-05-07,0.030337194601694744
2003-05-08,0.002934986444112534
2003-05-09,0.02321167274688681
2003-05-10,0.024721146871646244
2003-05-11,0.026347146447127063
2003-05-12,1.1893657545248668
2003-05-13,1.1894598007202148
2003-05-14,0.011952344483385483
2003-05-15,0.0
2003-05-16,1.2142910410960515
2003-05-17,0.0
2003-05-18,0.0
2003-05-19,0.06142042794575294
2003-05-20,0.331016789500912
2003-05-21,0.6982542338470618
2003-05-22,1.0027151157458623
2003-05-23,0.05921515317944189
2003-05-24,0.0
2003-05-25,0.06626906711608171
2003-05-26,5.164529085159302
2003-05-27,13.142091035842896
2003-05-28,0.28455859422683716
2003-05-29,0.0
2003-05-30,0.0
2003-05-31,0.0
2003-06-01,0.009405289000521103
2003-06-02,0.01148523025525113
2003-06-03,1.0765524407227833
2003-06-04,28.306339104970295
2003-06-05,1.2821919520696003
2003-06-06,29.861863613128662
2003-06-07,0.0
2003-06-08,0.0
2003-06-09,0.1874475764731566
2003-06-10,28.962701002756756
2003-06-11,0.1717834776888291
2003-06-12,0.37909135222435
2003-06-13,2.368448336919149
2003-06-14,27.172892888387043
2003-06-15,11.126288175582886
2003-06-16,0.42515094950795174
2003-06-17,0.21362188644707203
2003-06-18,1.4936204850673676
2003-06-19,2.26395982503891
2003-06-20,0.8165054048101107
2003-06-21,0.0
2003-06-22,0.005804274502831201
2003-06-23,0.11229809901366632
2003-06-24,0.4275587350130081
2003-06-25,0.21150877637167773
2003-06-26,0.008699917855362097
2003-06-27,6.310839970906575
2003-06-28,0.9461159283916155
2003-06-29,0.4641139830152194
2003-06-30,0.018486119729156297
2003-07-01,0.09329117462038994
2003-07-02,0.380318358540535
2003-07-03,4.736225962638855
2003-07-04,11.989961862564087
2003-07-05,30.336652119954426
2003-07-06,12.523544470469156
2003-07-07,5.402441958586375
2003-07-08,5.412063757578532
2003-07-09,2.613008499145508
2003-07-10,0.5875009198983511
2003-07-11,1.6183925935377677
2003-07-12,0.7891102322998146
2003-07-13,0.0
2003-07-14,0.0072584952431498095
2003-07-15,0.02081961146905087
2003-07-16,15.57874838511149
2003-07-17,1.3529562304417293
2003-07-18,0.06370779359713197
2003-07-19,0.11948386238267024
2003-07-20,0.030953170304807525
2003-07-21,0.0
2003-07-22,0.05098398417855302
2003-07-23,1.341576357682546
2003-07-24,10.412080923716227
2003-07-25,5.2994358738263445
2003-07-26,0.044498521058509745
2003-07-27,1.1042721047997475
2003-07-28,0.7492412949601809
2003-07-29,0.24001880548894405
2003-07-30,0.17056397659083208
2003-07-31,0.09450575507556398
2003-08-01,0.057552253206570946
2003-08-02,0.057552253206570946
2003-08-03,0.057552253206570946
2003-08-04,0.057552253206570946
2003-08-05,0.057552253206570946
2003-08-06,0.9804393400748571
2003-08-07,0.0
2003-08-08,1.3998071998357773
2003-08-09,19.367478370666504
2003-08-10,4.481704413890839
2003-08-11,1.3808579000178725
2003-08-12,6.367751216826339
2003-08-13,3.123843407103171
2003-08-14,0.6708165736636147
2003-08-15,0.34335462355132523
2003-08-16,0.0
2003-08-17,0.0
2003-08-18,0.0
2003-08-19,0.0
2003-08-20,0.0
2003-08-21,0.2671275623142719
2003-08-22,8.758460521697998
2003-08-23,2.3370801160732904
2003-08-24,5.243271311124166
2003-08-25,2.413180947303772
2003-08-26,0.5931830083330473
2003-08-27,0.18780526456733546
2003-08-28,0.5877789109945297
2003-08-29,0.32547059158484143
2003-08-30,0.6833976407845815
2003-08-31,35.667293548583984
2003-09-01,2.190517087777456
2003-09-02,0.03576878597959876
2003-09-03,1.5586635172367096
2003-09-04,18.452649116516113
2003-09-05,7.075165708859761
2003-09-06,2.247952808936437
2003-09-07,0.1324650632838408
2003-09-08,0.14720057851324478
2003-09-09,1.5208021998405457
2003-09-10,4.6890632311503095
2003-09-11,2.2000680764516196
2003-09-12,38.747522036234535
2003-09-13,0.0
2003-09-14,8.956172188123068
2003-09-15,1.513919085264206
2003-09-16,0.00043277486111037433
2003-09-17,3.3028440276781716
2003-09-18,4.894287685553233
2003-09-19,0.08399639713267486
2003-09-20,3.712703744570414
2003-09-21,12.505072752634684
2003-09-22,0.0
2003-09-23,0.0
2003-09-24,0.1315416693687439
2003-09-25,0.6375567018985748
2003-09-26,20.087011416753132
2003-09-27,2.66135839621226
2003-09-28,0.07917465052256982
2003-09-29,0.0
2003-09-30,0.0
2003-10-01,0.0
2003-10-02,0.0
2003-10-03,0.0
2003-10-04,0.252765907595555
2003-10-05,0.94976606965065
2003-10-06,1.6520791947841644
2003-10-07,2.4877833823362985
2003-10-08,17.176975170771282
2003-10-09,6.719445824623108
2003-10-10,1.5441123048464458
2003-10-11,14.71920108795166
2003-10-12,44.29844443003336
2003-10-13,0.5826467424631119
2003-10-14,0.10708313745756944
2003-10-15,0.0
2003-10-16,0.38311096280813217
2003-10-17,0.38311096280813217
2003-10-18,0.38311096280813217
2003-10-19,0.38311096280813217
2003-10-20,0.38311096280813217
2003-10-21,0.0
2003-10-22,0.0
2003-10-23,0.0
2003-10-24,0.0
2003-10-25,2.304191609223684
2003-10-26,4.840301911036174
2003-10-27,0.0
2003-10-28,0.0
2003-10-29,0.0
2003-10-30,0.24878103906909624
2003-10-31,2.4939407308896384
2003-11-01,2.4345386226971946
2003-11-02,3.363016128540039
2003-11-03,2.7217817902565002
2003-11-04,0.7797656804323196
2003-11-05,0.4678997720281283
2003-11-06,1.459965447584788
2003-11-07,1.171489844719569
2003-11-08,1.650411307811737
2003-11-09,2.18757626414299
2003-11-10,2.76840873559316
2003-11-11,0.32408419127265614
2003-11-12,1.2005742837985356
2003-11-13,0.13488141633570194
2003-11-14,0.24914799258112907
2003-11-15,2.055260847012202
2003-11-16,0.3754682292540868
2003-11-17,15.650609572728476
2003-11-18,0.0
2003-11-19,0.0
2003-11-20,0.0
2003-11-21,0.0
2003-11-22,0.0
2003-11-23,0.08075820716718833
2003-11-24,0.0
2003-11-25,0.0
2003-11-26,0.48723788062731427
2003-11-27,0.48723788062731427
2003-11-28,0.48723788062731427
2003-11-29,0.48723788062731427
2003-11-30,0.48723788062731427
2003-12-01,0.13982440531253815
2003-12-02,0.19438738375902176
2003-12-03,0.012680362133930126
2003-12-04,0.0
2003-12-05,0.014842342274884382
2003-12-06,0.0
2003-12-07,0.0
2003-12-08,0.0
2003-12-09,0.0
2003-12-10,0.0
2003-12-11,0.0
2003-12-12,0.10130199541648229
2003-12-13,0.03846293563644091
2003-12-14,0.0
2003-12-15,0.0
2003-12-16,0.0
2003-12-17,0.0
2003-12-18,0.0
2003-12-19,0.0
2003-12-20,0.0
2003-12-21,0.0
2003-12-22,0.005078946705907583
2003-12-23,0.0
2003-12-24,0.0
2003-12-25,0.17952203253904978
2003-12-26,0.0
2003-12-27,0.0
2003-12-28,0.0
2003-12-29,0.0
2003-12-30,0.0
2003-12-31,0.0
2004-01-01,4.411050657431285
2004-01-02,0.008701109715426961
2004-01-03,0.1214096595843633
2004-01-04,0.061731752939522266
2004-01-05,0.08415103393296401
2004-01-06,0.0
2004-01-07,0.0
2004-01-08,0.0
2004-01-09,0.0
2004-01-10,0.0
2004-01-11,0.0
2004-01-12,0.028331281927724678
2004-01-13,0.0027182909834664315
2004-01-14,4.489035864671071
2004-01-15,18.325115442276
2004-01-16,9.734993060429892
2004-01-17,11.57310422261556
2004-01-18,0.0005225178271454448
2004-01-19,0.0
2004-01-20,0.0
2004-01-21,0.29465786305566627
2004-01-22,1.4605100626746814
2004-01-23,2.587445621689161
2004-01-24,1.7700884093840916
2004-01-25,0.7655854560434818
2004-01-26,0.0
2004-01-27,0.0
2004-01-28,0.0
2004-01-29,0.0
2004-01-30,0.0
2004-01-31,0.0
2004-02-01,0.5705470531247556
2004-02-02,0.0414934239621895
2004-02-03,0.0
2004-02-04,4.402761006106933
2004-02-05,0.3769274006287257
2004-02-06,0.0054156719900978105
2004-02-07,0.0
2004-02-08,0.025585152596856158
2004-02-09,0.3100822481016318
2004-02-10,2.5462378164132438
2004-02-11,3.649168690045675
2004-02-12,3.0690641005833945
2004-02-13,1.9564565122127533
2004-02-14,4.538032968839009
2004-02-15,0.0
2004-02-16,0.01620689531167348
2004-02-17,0.01620689531167348
2004-02-18,0.01620689531167348
2004-02-19,0.01620689531167348
2004-02-20,0.01620689531167348
2004-02-21,0.0
2004-02-22,0.33418098588784534
2004-02-23,2.9502262671788535
2004-02-24,17.845221519470215
2004-02-25,0.9310016681750616
2004-02-26,0.0
2004-02-27,0.0
2004-02-28,0.6502506708105406
2004-02-29,9.761610905329386
2004-03-01,0.0
2004-03-02,0.7043435921271642
2004-03-03,2.05197337269783
2004-03-04,7.920408407847087
2004-03-05,0.0
2004-03-06,0.0
2004-03-07,0.0
2004-03-08,0.0
2004-03-09,0.0
2004-03-10,0.0
2004-03-11,4.400014162063599
2004-03-12,20.02969233194987
2004-03-13,43.95472272237142
2004-03-14,27.38441562652588
2004-03-15,6.434717456499736
2004-03-16,0.0
2004-03-17,0.0
2004-03-18,0.0
2004-03-19,0.0
2004-03-20,0.0
2004-03-21,0.03428272902965546
2004-03-22,0.01641292745868365
2004-03-23,0.011920524140199026
2004-03-24,0.024157752593358357
2004-03-25,0.008881721645593643
2004-03-26,0.11825702122102182
2004-03-27,0.09975454863160849
2004-03-28,0.031799394792566694
2004-03-29,0.2874889268229405
2004-03-30,0.0
2004-03-31,0.0
2004-04-01,0.3838744821647803
2004-04-02,3.159673015276591
2004-04-03,6.530115644137065
2004-04-04,1.2979972064495087
2004-04-05,39.807023684183754
2004-04-06,20.010180393854778
2004-04-07,0.011470558897902569
2004-04-08,0.0
2004-04-09,0.1956238994995753
2004-04-10,15.52454161643982
2004-04-11,22.190821011861164
2004-04-12,0.5030174578229586
2004-04-13,0.0
2004-04-14,0.0
2004-04-15,0.0
2004-04-16,0.0
2004-04-17,0.10626979979375999
2004-04-18,2.753511150677999
2004-04-19,3.4667547941207886
2004-04-20,0.3618089308341344
2004-04-21,0.007555151862713198
2004-04-22,0.0631389922151963
2004-04-23,1.8177614708741505
2004-04-24,16.8354590733846
2004-04-25,5.825791835784912
2004-04-26,1.178049236536026
2004-04-27,0.0
2004-04-28,2.1978626747926078
2004-04-29,13.142723639806112
2004-04-30,1.7850648562113445
2004-05-01,7.851248304049174
2004-05-02,0.0
2004-05-03,0.0
2004-05-04,0.0
2004-05-05,0.0
2004-05-06,0.18531709040204683
2004-05-07,0.4863857800761859
2004-05-08,0.9894113341967264
2004-05-09,0.4859255875150363
2004-05-10,0.5302157426873843
2004-05-11,2.9502440094947815
2004-05-12,3.4029042720794678
2004-05-13,5.733426809310913
2004-05-14,8.993859847386679
2004-05-15,0.32639290019869804
2004-05-16,1.595673287132134e-05
2004-05-17,0.00024728347004080814
2004-05-18,0.0007178516437609991
2004-05-19,0.0009622923098504543
2004-05-20,0.0009623904867718617
2004-05-21,0.0
2004-05-22,0.0
2004-05-23,0.0
2004-05-24,0.0
2004-05-25,0.0
2004-05-26,0.6758806059757868
2004-05-27,0.04416980113213261
2004-05-28,2.4656751851240792
2004-05-29,0.16629989445209503
2004-05-30,0.23482202303906283
2004-05-31,0.0
2004-06-01,9.764900035709918e-05
2004-06-02,0.02019700586485366
2004-06-03,0.7958934182922045
2004-06-04,0.1806359589099884
2004-06-05,0.035651009840269886
2004-06-06,0.08484360141058762
2004-06-07,2.8933586478233337
2004-06-08,15.390337387720743
2004-06-09,20.460471471150715
2004-06-10,2.245731016000112
2004-06-11,15.429345766703287
2004-06-12,10.133210023244223
2004-06-13,2.0745386878649392
2004-06-14,1.608196645975113
2004-06-15,0.10814657621085644
2004-06-16,1.0744780600070953
2004-06-17,0.7175291875998179
2004-06-18,0.4719629834095637
2004-06-19,0.0
2004-06-20,0.04854906816035509
2004-06-21,0.34206323449810344
2004-06-22,7.982814033826192
2004-06-23,3.700566053390503
2004-06-24,1.6742919286092122
2004-06-25,31.844558715820312
2004-06-26,16.566912810007732
2004-06-27,5.077286938826243
2004-06-28,10.608254114786783
2004-06-29,35.77563365300497
2004-06-30,47.01407845815023
2004-07-01,1.2431172728538513
2004-07-02,0.13073391964038214
2004-07-03,0.012412503400507072
2004-07-04,0.015110081760212779
2004-07-05,0.09740377993633349
2004-07-06,0.052000099152792245
2004-07-07,0.25863467746724683
2004-07-08,0.03486336055599774
2004-07-09,0.00875350808443424
2004-07-10,0.2828783389025678
2004-07-11,0.04661977601548036
2004-07-12,0.030534745038797457
2004-07-13,0.01503953360952437
2004-07-14,0.0
2004-07-15,0.0
2004-07-16,0.0
2004-07-17,0.0
2004-07-18,1.4578302204608917
2004-07-19,4.1128625472386675
2004-07-20,0.11001137147347133
2004-07-21,0.0009685042311957659
2004-07-22,0.07275258926286672
2004-07-23,0.914620740377965
2004-07-24,0.09638113044396353
2004-07-25,0.000847169594673384
2004-07-26,4.603680570920308
2004-07-27,0.4526306440432866
2004-07-28,1.0092283512155216
2004-07-29,2.5335922638575235
2004-07-30,19.71973490715027
2004-07-31,1.9404990375041962
2004-08-01,0.55282411724329
2004-08-02,0.34728360176086426
2004-08-03,0.20629066228866577
2004-08-04,0.0
2004-08-05,0.0
2004-08-06,0.4809241096178691
2004-08-07,4.6126017570495605
2004-08-08,2.1938006232182183
2004-08-09,5.967682341734569
2004-08-10,0.2168546598404646
2004-08-11,0.0
2004-08-12,0.0
2004-08-13,0.0
2004-08-14,0.0
2004-08-15,0.0
2004-08-16,0.0
2004-08-17,0.24555768755575022
2004-08-18,2.0629718005657196
2004-08-19,2.6658131033182144
2004-08-20,0.1270780872243146
2004-08-21,7.260622938474019
2004-08-22,7.63634995619456
2004-08-23,4.528407613436381
2004-08-24,0.003076174732996151
2004-08-25,0.4686898961663246
2004-08-26,0.0023398810299113393
2004-08-27,0.01459767723766466
2004-08-28,0.6254336188236872
2004-08-29,11.394917090733847
2004-08-30,0.6157655268907547
2004-08-31,0.2762075277666251
2004-09-01,2.6133283178011575
2004-09-02,0.10365516071518262
2004-09-03,0.6572167923053106
2004-09-04,3.5312724312146506
2004-09-05,3.3223124742507935
2004-09-06,12.47605057557424
2004-09-07,0.0020082637832577652
2004-09-08,0.0
2004-09-09,0.0
2004-09-10,0.0
2004-09-11,1.0945260872443516
2004-09-12,0.3445439413189888
2004-09-13,0.014986925603200993
2004-09-14,1.5795872410138447
2004-09-15,0.36758290231227875
2004-09-16,0.16015101845065752
2004-09-17,0.0
2004-09-18,0.4671251028776169
2004-09-19,1.8480478425820668
2004-09-20,0.0006172561661514919
2004-09-21,1.2886832157770793
2004-09-22,4.392996629079183
2004-09-23,5.586397568384807
2004-09-24,0.4914693931738536
2004-09-25,1.750966837008794
2004-09-26,4.300030549367269
2004-09-27,1.8063216904799144
2004-09-28,23.66544516881307
2004-09-29,0.08563459105789661
2004-09-30,0.004643427567013229
2004-10-01,0.49267346411943436
2004-10-02,16.992167154947918
2004-10-03,1.293864667415619
2004-10-04,0.15229306928813457
2004-10-05,6.808063904444377
2004-10-06,1.9391243755817413
2004-10-07,1.6360040704409282
2004-10-08,2.5943139692147574
2004-10-09,0.11139922278622787
2004-10-10,0.24029545485973358
2004-10-11,0.0
2004-10-12,0.0015885710842364158
2004-10-13,1.5364522635936737
2004-10-14,2.3267369866371155
2004-10-15,0.0
2004-10-16,0.0
2004-10-17,0.0
2004-10-18,1.3923323353131611
2004-10-19,0.0
2004-10-20,0.2593550818661849
2004-10-21,0.1200650054961443
2004-10-22,1.5074481417735417
2004-10-23,11.106820265452066
2004-10-24,7.03316601117452
2004-10-25,1.3092767149209976
2004-10-26,4.656221191088359
2004-10-27,0.3691599716742833
2004-10-28,2.9131513237953186
2004-10-29,1.451036920150121
2004-10-30,0.717116599281629
2004-10-31,1.4279780685901642
2004-11-01,11.446441094080607
2004-11-02,0.6523031542698542
2004-11-03,0.0002608850888160911
2004-11-04,0.0
2004-11-05,0.0
2004-11-06,0.0
2004-11-07,0.0
2004-11-08,0.0
2004-11-09,2.7427543699741364
2004-11-10,0.11298998352140188
2004-11-11,0.0
2004-11-12,0.0
2004-11-13,7.216631134351094
2004-11-14,32.17312606175741
2004-11-15,29.419991811116535
2004-11-16,20.898537476857502
2004-11-17,62.159204165140785
2004-11-18,0.004968713037669659
2004-11-19,0.35938891768455505
2004-11-20,5.45045252641042
2004-11-21,2.637744516134262
2004-11-22,10.118597904841105
2004-11-23,0.8159600247939428
2004-11-24,0.21516039470831552
2004-11-25,0.0
2004-11-26,0.0030832786772710583
2004-11-27,0.0
2004-11-28,0.0
2004-11-29,1.506935899456342
2004-11-30,1.401924192905426
2004-12-01,0.0
2004-12-02,0.0
2004-12-03,0.06299138317505519
2004-12-04,0.19241906826694807
2004-12-05,15.465689102808634
2004-12-06,13.662238359451294
2004-12-07,6.530972003936768
2004-12-08,0.0
2004-12-09,0.0
2004-12-10,0.0
2004-12-11,0.0
2004-12-12,0.0
2004-12-13,0.0
2004-12-14,0.0
2004-12-15,0.0
2004-12-16,0.0
2004-12-17,0.0
2004-12-18,0.0
2004-12-19,0.0
2004-12-20,0.0
2004-12-21,0.0
2004-12-22,4.032645622889201
2004-12-23,0.0
2004-12-24,0.015779436139079433
2004-12-25,0.028732743735114735
2004-12-26,0.0
2004-12-27,0.0
2004-12-28,0.6959326565265656
2004-12-29,0.0
2004-12-30,0.7505064979195595
2004-12-31,5.713572382926941
2005-01-01,1.5137645403544109
2005-01-02,2.587609509627024
2005-01-03,3.111384073893229
2005-01-04,2.25561930735906
2005-01-05,0.871114194393158
2005-01-06,0.0
2005-01-07,0.302756001551946
2005-01-08,0.0
2005-01-09,4.7069365580876665
2005-01-10,2.6772329409917197
2005-01-11,0.0
2005-01-12,1.5423973500728607
2005-01-13,4.6817477742830915
2005-01-14,0.0
2005-01-15,0.0
2005-01-16,0.0
2005-01-17,0.0
2005-01-18,5.650628050168355
2005-01-19,0.1584991483638684
2005-01-20,0.16887015476822853
2005-01-21,0.0
2005-01-22,0.0
2005-01-23,0.0
2005-01-24,0.0
2005-01-25,0.0
2005-01-26,0.0
2005-01-27,32.0035203297933
2005-01-28,0.28766705219944316
2005-01-29,0.24814586465557417
2005-01-30,5.789108037948608
2005-01-31,6.252647320429484
2005-02-01,13.522499481836954
2005-02-02,0.06097019882872701
2005-02-03,0.0
2005-02-04,0.0
2005-02-05,0.3854998822013537
2005-02-06,6.28403639793396
2005-02-07,0.5651664187510809
2005-02-08,0.9098305652538935
2005-02-09,0.5214715873201689
2005-02-10,0.0
2005-02-11,0.09021983357767265
2005-02-12,7.48804235458374
2005-02-13,0.632017562786738
2005-02-14,0.0
2005-02-15,0.0
2005-02-16,0.0
2005-02-17,0.6911247844497362
2005-02-18,0.28102240214745206
2005-02-19,1.2490492810805638
2005-02-20,0.6972105329235395
2005-02-21,0.001306349169074868
2005-02-22,0.3118056779106458
2005-02-23,1.4031566580136616
2005-02-24,20.229170163472492
2005-02-25,2.896259327729543
2005-02-26,17.07022460301717
2005-02-27,0.8090423047542572
2005-02-28,0.005027808472126101
2005-03-01,0.5961716150244077
2005-03-02,1.2018653104702632
2005-03-03,0.24799258261919022
2005-03-04,0.01726142301534613
2005-03-05,13.728379726409912
2005-03-06,1.4793053443233173
2005-03-07,0.2821154650300741
2005-03-08,0.006453974182174231
2005-03-09,0.004001503417384811
2005-03-10,0.0
2005-03-11,0.0
2005-03-12,0.0
2005-03-13,0.0
2005-03-14,0.0
2005-03-15,0.0
2005-03-16,0.7683709189295769
2005-03-17,0.0
2005-03-18,0.0
2005-03-19,3.6943828463554382
2005-03-20,0.5414784972866377
2005-03-21,0.0
2005-03-22,0.0
2005-03-23,0.0
2005-03-24,0.0
2005-03-25,0.0
2005-03-26,15.997517188390097
2005-03-27,2.9672202666600547
2005-03-28,0.0
2005-03-29,0.0
2005-03-30,0.0012610161356860772
2005-03-31,2.0254977693160376
2005-04-01,0.1912631494924426
2005-04-02,0.1912631494924426
2005-04-03,0.1912631494924426
2005-04-04,0.1912631494924426
2005-04-05,0.3602136556680004
2005-04-06,0.0
2005-04-07,0.0
2005-04-08,0.0
2005-04-09,0.0
2005-04-10,0.0
2005-04-11,0.0
2005-04-12,0.0
2005-04-13,0.0
2005-04-14,0.0
2005-04-15,0.0
2005-04-16,0.047848826429496207
2005-04-17,0.9497632682323456
2005-04-18,0.6808391561110815
2005-04-19,0.6472253849109014
2005-04-20,0.3214418509354194
2005-04-21,0.0
2005-04-22,0.0
2005-04-23,0.0
2005-04-24,0.0
2005-04-25,0.0
2005-04-26,0.0
2005-04-27,0.0
2005-04-28,0.0
2005-04-29,0.0
2005-04-30,0.0
2005-05-01,0.0
2005-05-02,0.0
2005-05-03,0.0
2005-05-04,0.0
2005-05-05,0.0
2005-05-06,0.009442086447961628
2005-05-07,0.5784493312239647
2005-05-08,7.593005657196045
2005-05-09,0.25993284831444424
2005-05-10,0.6228408018747965
2005-05-11,1.9793616632620494
2005-05-12,2.3406652311484017
2005-05-13,2.306645929813385
2005-05-14,8.712645292282104
2005-05-15,1.4800304770469666
2005-05-16,9.10078740119934
2005-05-17,0.5442410334944725
2005-05-18,0.2713673735658328
2005-05-19,0.6215527107318243
2005-05-20,0.06011865194886923
2005-05-21,0.0
2005-05-22,0.0
2005-05-23,0.0
2005-05-24,0.0
2005-05-25,0.0
2005-05-26,5.716924826304118
2005-05-27,4.318476974964142
2005-05-28,9.70521076520284
2005-05-29,30.9089093208313
2005-05-30,11.974514961242676
2005-05-31,0.18484050408005714
2005-06-01,2.3976928492387137
2005-06-02,0.007857223021953056
2005-06-03,14.502961953481039
2005-06-04,2.8210630814234414
2005-06-05,8.301218390464783
2005-06-06,0.06954775160799424
2005-06-07,0.18023241683840752
2005-06-08,0.7262349724769592
2005-06-09,0.7730953047672907
2005-06-10,0.5523965395987034
2005-06-11,0.38966891169548035
2005-06-12,0.27489837755759555
2005-06-13,0.6296868820985159
2005-06-14,0.7710201318065325
2005-06-15,0.013908998131228145
2005-06-16,0.0
2005-06-17,0.0
2005-06-18,0.0
2005-06-19,0.0
2005-06-20,1.6501970092455547
2005-06-21,0.0
2005-06-22,0.0
2005-06-23,0.0
2005-06-24,0.0
2005-06-25,0.0
2005-06-26,0.15671045954028764
2005-06-27,0.0
2005-06-28,0.0
2005-06-29,0.0
2005-06-30,0.0
2005-07-01,0.0
2005-07-02,0.0
2005-07-03,0.0
2005-07-04,0.0
2005-07-05,0.0
2005-07-06,0.13280213127533594
2005-07-07,2.0193043649196625
2005-07-08,5.146157701810201
2005-07-09,1.7007506986459096
2005-07-10,0.47112096349398297
2005-07-11,0.0005225996792432852
2005-07-12,0.014355109228442112
2005-07-13,0.11655139395346244
2005-07-14,0.5636680374542872
2005-07-15,8.344437638918558
2005-07-16,4.088114162286122
2005-07-17,3.5394623279571533
2005-07-18,2.0297946631908417
2005-07-19,0.08121766212085883
2005-07-20,0.5531452770034472
2005-07-21,1.4882489691178005
2005-07-22,0.7282446622848511
2005-07-23,0.44053835918505985
2005-07-24,1.0608617911736171
2005-07-25,0.39547133445739746
2005-07-26,0.8359512438376745
2005-07-27,1.0072512725989025
2005-07-28,32.978445529937744
2005-07-29,0.5227733279267947
2005-07-30,2.3149488071600595
2005-07-31,1.1945921579996746
2005-08-01,0.0
2005-08-02,0.0006545731594087556
2005-08-03,0.12793583422899246
2005-08-04,0.21805118521054587
2005-08-05,8.939162731170654
2005-08-06,10.748441298802694
2005-08-07,2.1067359348138175
2005-08-08,6.85843022664388
2005-08-09,2.1890521148840585
2005-08-10,22.95329936345418
2005-08-11,8.8726437886556
2005-08-12,0.6937684963146845
2005-08-13,0.9904785454273224
2005-08-14,3.0444875359535217
2005-08-15,3.2021620074907937
2005-08-16,0.9045211263000965
2005-08-17,0.16374299147476754
2005-08-18,0.001938723852314676
2005-08-19,0.8701368148128191
2005-08-20,0.37572379782795906
2005-08-21,0.0
2005-08-22,0.0
2005-08-23,0.0
2005-08-24,0.0
2005-08-25,0.0
2005-08-26,2.3536690324544907
2005-08-27,0.4685795021553834
2005-08-28,11.281105359395346
2005-08-29,12.013534506162008
2005-08-30,0.012777339628276726
2005-08-31,0.0
2005-09-01,0.0
2005-09-02,0.1558939820776383
2005-09-03,0.8536725540955862
2005-09-04,0.2387386697034041
2005-09-05,0.014415565800542632
2005-09-06,0.0001737423790473258
2005-09-07,0.010977617464959621
2005-09-08,0.0
2005-09-09,0.046941123980407916
2005-09-10,1.4933015406131744
2005-09-11,12.641667167345682
2005-09-12,1.2426086117823918
2005-09-13,0.733741415043672
2005-09-14,0.06901722478990753
2005-09-15,0.22110534459352493
2005-09-16,1.4757534265518188
2005-09-17,0.04045795106018583
2005-09-18,0.0
2005-09-19,0.1706930249929428
2005-09-20,0.0
2005-09-21,0.4733375608921051
2005-09-22,0.4733375608921051
2005-09-23,0.4733375608921051
2005-09-24,0.4733375608921051
2005-09-25,0.4733375608921051
2005-09-26,0.0
2005-09-27,0.0
2005-09-28,0.0
2005-09-29,1.0322873120506604
2005-09-30,0.43685190255443257
2005-10-01,0.4307242309053739
2005-10-02,0.360482652982076
2005-10-03,0.9168207844098409
2005-10-04,0.9365993986527125
2005-10-05,0.6267040570576986
2005-10-06,2.4202313323815665
2005-10-07,1.151303360859553
2005-10-08,0.0
2005-10-09,0.0
2005-10-10,20.57707166671753
2005-10-11,27.440768241882324
2005-10-12,5.63858163356781
2005-10-13,0.7323323711752892
2005-10-14,2.3656793733437858
2005-10-15,0.0
2005-10-16,0.8522727837165197
2005-10-17,1.196409250299136
2005-10-18,0.0
2005-10-19,0.0
2005-10-20,0.0
2005-10-21,0.016530274840382237
2005-10-22,0.0
2005-10-23,0.23318564146757126
2005-10-24,5.270090937614441
2005-10-25,0.0
2005-10-26,0.0
2005-10-27,10.362006028493246
2005-10-28,1.2883639683326085
2005-10-29,0.0009788473422910708
2005-10-30,0.30417292565107346
2005-10-31,2.033160090446472
2005-11-01,0.539406436185042
2005-11-02,0.539406436185042
2005-11-03,0.539406436185042
2005-11-04,0.539406436185042
2005-11-05,0.539406436185042
2005-11-06,0.0
2005-11-07,1.285113255182902
2005-11-08,0.5598978251218796
2005-11-09,0.3327065830429395
2005-11-10,0.21089529866973558
2005-11-11,0.2332382264236609
2005-11-12,0.24843204642335573
2005-11-13,0.15487712249159813
2005-11-14,1.0132923126220703
2005-11-15,0.00030036077805561945
2005-11-16,0.06608159809062879
2005-11-17,0.06608159809062879
2005-11-18,0.06608159809062879
2005-11-19,0.9906767954428991
2005-11-20,0.06608159809062879
2005-11-21,0.1067423935358723
2005-11-22,0.1067423935358723
2005-11-23,0.1067423935358723
2005-11-24,0.1067423935358723
2005-11-25,0.9547766031076511
2005-11-26,3.925333241621653
2005-11-27,0.0
2005-11-28,0.0
2005-11-29,0.0
2005-11-30,0.0
2005-12-01,0.0
2005-12-02,0.0
2005-12-03,0.0
2005-12-04,0.0
2005-12-05,0.0
2005-12-06,0.0
2005-12-07,0.0
2005-12-08,0.0
2005-12-09,0.0
2005-12-10,0.0
2005-12-11,0.0
2005-12-12,0.0
2005-12-13,0.02754457116437455
2005-12-14,0.984088251988093
2005-12-15,0.0
2005-12-16,6.927960634231567
2005-12-17,2.465626080830892
2005-12-18,0.5530637527505556
2005-12-19,0.7865332017342249
2005-12-20,0.05351426359266043
2005-12-21,0.0
2005-12-22,0.0
2005-12-23,0.0
2005-12-24,0.0
2005-12-25,0.0
2005-12-26,0.024656667063633602
2005-12-27,0.024656667063633602
2005-12-28,0.024656667063633602
2005-12-29,0.024656667063633602
2005-12-30,0.024656667063633602
2005-12-31,0.024656667063633602
2006-01-01,0.0
2006-01-02,0.0
2006-01-03,0.0
2006-01-04,0.0
2006-01-05,0.0
2006-01-06,0.0
2006-01-07,0.0
2006-01-08,0.0
2006-01-09,0.0
2006-01-10,0.0
2006-01-11,0.0
2006-01-12,0.0
2006-01-13,0.0
2006-01-14,0.0
2006-01-15,0.0
2006-01-16,0.35879962022105855
2006-01-17,0.11384688752392928
2006-01-18,0.0
2006-01-19,0.0
2006-01-20,0.0005220557814027416
2006-01-21,0.03529626550152898
2006-01-22,1.9865107908844948
2006-01-23,0.001610637227713596
2006-01-24,0.0
2006-01-25,0.062028168623025216
2006-01-26,1.0201768974463146
2006-01-27,0.2349643831451734
2006-01-28,13.16756240526835
2006-01-29,0.0
2006-01-30,0.0
2006-01-31,0.0
2006-02-01,1.0556069711844127
2006-02-02,0.0
2006-02-03,0.0
2006-02-04,0.0
2006-02-05,0.0
2006-02-06,0.0
2006-02-07,0.0
2006-02-08,0.0
2006-02-09,0.0
2006-02-10,3.190280775229136
2006-02-11,0.0
2006-02-12,0.0
2006-02-13,0.0
2006-02-14,0.0
2006-02-15,0.0
2006-02-16,0.0
2006-02-17,0.0
2006-02-18,0.0
2006-02-19,0.0
2006-02-20,0.0
2006-02-21,0.32922137652834255
2006-02-22,0.021566729216525953
2006-02-23,0.07887115919341643
2006-02-24,0.13530484276513258
2006-02-25,4.879393219947815
2006-02-26,0.0
2006-02-27,0.0
2006-02-28,0.0
2006-03-01,0.0
2006-03-02,0.0
2006-03-03,0.0
2006-03-04,0.0
2006-03-05,0.0
2006-03-06,0.03774576261639595
2006-03-07,0.3962498952945073
2006-03-08,0.055869972643752895
2006-03-09,3.831199506918589
2006-03-10,0.0
2006-03-11,0.0
2006-03-12,0.0
2006-03-13,0.0
2006-03-14,0.0
2006-03-15,0.0
2006-03-16,0.41744937499364215
2006-03-17,0.6303419892986616
2006-03-18,5.416117032368978
2006-03-19,11.32060718536377
2006-03-20,5.894504189491272
2006-03-21,0.0
2006-03-22,0.0
2006-03-23,0.0
2006-03-24,0.0
2006-03-25,0.0
2006-03-26,0.00023474830838191943
2006-03-27,0.5147929539283117
2006-03-28,6.74928092956543
2006-03-29,0.9525799204905828
2006-03-30,0.2009261747201284
2006-03-31,0.20267442241311073
2006-04-01,1.567950425048669
2006-04-02,0.3102399359146754
2006-04-03,0.12365463903794686
2006-04-04,0.02206496591679752
2006-04-05,0.053209243807941675
2006-04-06,1.0712579811612766
2006-04-07,0.12380735382127266
2006-04-08,0.025270261413728196
2006-04-09,0.025270261413728196
2006-04-10,0.025270261413728196
2006-04-11,0.2136181133488814
2006-04-12,0.6511159390211105
2006-04-13,0.23714452081670365
2006-04-14,0.0
2006-04-15,0.004903296804210792
2006-04-16,0.0
2006-04-17,0.0
2006-04-18,0.3503265728553136
2006-04-19,0.26693783203760785
2006-04-20,13.325628519058228
2006-04-21,4.195679485797882
2006-04-22,0.624895324309667
2006-04-23,1.6183629433314006
2006-04-24,1.1588838944832485
2006-04-25,7.643289883931478
2006-04-26,0.07034894924921294
2006-04-27,0.011776196518136809
2006-04-28,1.3454757382472355
2006-04-29,4.468538423379262
2006-04-30,0.0
2006-05-01,0.006307038032294561
2006-05-02,1.4873330692450206
2006-05-03,0.6983344803253809
2006-05-04,1.4630407691001892
2006-05-05,16.604329506556194
2006-05-06,0.18385865073651075
2006-05-07,0.008461654845935604
2006-05-08,0.006913536228239536
2006-05-09,0.025494511937722564
2006-05-10,0.0
2006-05-11,0.0
2006-05-12,0.0
2006-05-13,0.0
2006-05-14,7.878907203674316
2006-05-15,6.44727377096812
2006-05-16,0.0
2006-05-17,0.0
2006-05-18,0.0
2006-05-19,0.0
2006-05-20,0.0
2006-05-21,0.0
2006-05-22,0.0
2006-05-23,0.0
2006-05-24,0.0
2006-05-25,0.0
2006-05-26,1.9254913628101349
2006-05-27,3.4987197717030845
2006-05-28,4.317688127358754
2006-05-29,9.076749563217163
2006-05-30,6.4471169312795
2006-05-31,2.2806902726491294
2006-06-01,0.0
2006-06-02,0.0
2006-06-03,0.0
2006-06-04,0.0
2006-06-05,0.0
2006-06-06,0.0008309085272533897
2006-06-07,0.1856035327849289
2006-06-08,0.5698282246788343
2006-06-09,0.0
2006-06-10,0.0
2006-06-11,0.0
2006-06-12,0.0
2006-06-13,0.0
2006-06-14,0.0
2006-06-15,1.87831778327624
2006-06-16,4.1546950340271
2006-06-17,7.652601937452952
2006-06-18,5.186291337013245
2006-06-19,9.90584901968638
2006-06-20,20.13764222462972
2006-06-21,0.3462097893158595
2006-06-22,0.07015637494623661
2006-06-23,0.17265243704120317
2006-06-24,3.8571604589621225
2006-06-25,0.8654578030109406
2006-06-26,2.5236365099747977
2006-06-27,0.18149802275002003
2006-06-28,0.9534562192857265
2006-06-29,0.16647894804676375
2006-06-30,7.744904498259227
2006-07-01,15.928334792455038
2006-07-02,4.572309752305348
2006-07-03,2.544461945692698
2006-07-04,2.4841244220733643
2006-07-05,3.5878310998280845
2006-07-06,0.0
2006-07-07,0.0
2006-07-08,0.0
2006-07-09,0.0
2006-07-10,0.0
2006-07-11,0.08213897313301761
2006-07-12,0.15502584415177503
2006-07-13,0.4785931967198849
2006-07-14,0.4787307617564996
2006-07-15,2.206411307056745
2006-07-16,0.02313535293797031
2006-07-17,0.003833676307597974
2006-07-18,0.3032023993631204
2006-07-19,0.17544073518365622
2006-07-20,0.16903917825159928
2006-07-21,0.24125071366628012
2006-07-22,3.077951709429423
2006-07-23,8.972386598587036
2006-07-24,0.6157349993785223
2006-07-25,0.2736966535449028
2006-07-26,2.3745897511641183
2006-07-27,11.905771176020304
2006-07-28,20.16226847966512
2006-07-29,1.6599886417388916
2006-07-30,0.0
2006-07-31,0.40854260822137195
2006-08-01,1.015450080235799
2006-08-02,3.7828096747398376
2006-08-03,2.481724222501119
2006-08-04,21.524904012680054
2006-08-05,2.2952590386072793
2006-08-06,0.0
2006-08-07,0.0
2006-08-08,0.0
2006-08-09,0.0
2006-08-10,0.0
2006-08-11,9.184777445625514e-05
2006-08-12,0.01840658967072765
2006-08-13,0.1233886977036794
2006-08-14,0.2178077002366384
2006-08-15,0.06716147003074487
2006-08-16,0.0
2006-08-17,0.0
2006-08-18,0.0
2006-08-19,0.0
2006-08-20,0.0
2006-08-21,0.0
2006-08-22,0.0
2006-08-23,0.0
2006-08-24,0.0
2006-08-25,0.0
2006-08-26,0.2308046892285347
2006-08-27,0.12916139885783195
2006-08-28,0.282459852596124
2006-08-29,7.2226704359054565
2006-08-30,9.558574914932251
2006-08-31,0.003249699681570443
2006-09-01,0.0
2006-09-02,0.0007535659315180965
2006-09-03,0.019804335354516905
2006-09-04,0.025238528944707166
2006-09-05,5.658115426699321
2006-09-06,0.8374226639668146
2006-09-07,0.0
2006-09-08,1.1452251275380452
2006-09-09,6.966789364814758
2006-09-10,2.214666793743769
2006-09-11,8.133789618810018
2006-09-12,7.1351145307223005
2006-09-13,1.6895899325609207
2006-09-14,0.09745460997025172
2006-09-15,2.2111359934012094
2006-09-16,5.781333049138387
2006-09-17,69.9269011815389
2006-09-18,0.6552053913474083
2006-09-19,0.0
2006-09-20,0.0
2006-09-21,0.1986819033821424
2006-09-22,0.0031159273154723146
2006-09-23,12.002556999524435
2006-09-24,9.368554472923279
2006-09-25,0.0
2006-09-26,0.0
2006-09-27,0.0
2006-09-28,0.10976218121747176
2006-09-29,0.2989906681080659
2006-09-30,1.3246503521998723
2006-10-01,0.5942704305052757
2006-10-02,0.5279793739318848
2006-10-03,0.09625845340391
2006-10-04,0.056098856031894684
2006-10-05,0.02245981067729493
2006-10-06,0.0
2006-10-07,0.041115447490786515
2006-10-08,0.2950686328113079
2006-10-09,0.00019305638246199427
2006-10-10,11.02512526512146
2006-10-11,0.02121813575892399
2006-10-12,2.9527222712834678
2006-10-13,0.5588827853401502
2006-10-14,4.1372076869010925
2006-10-15,6.921610593795776
2006-10-16,8.086045980453491
2006-10-17,0.0
2006-10-18,1.3430331647396088
2006-10-19,0.7667356580495834
2006-10-20,0.0
2006-10-21,0.005931910922906051
2006-10-22,0.0
2006-10-23,0.0
2006-10-24,2.5729684034983316
2006-10-25,6.276168028513591
2006-10-26,7.096689780553182
2006-10-27,0.0
2006-10-28,0.0
2006-10-29,0.0
2006-10-30,0.6162384723623594
2006-10-31,0.0
2006-11-01,0.27679595723748207
2006-11-02,0.25661587590972584
2006-11-03,0.0002929516958829481
2006-11-04,0.42978624006112415
2006-11-05,1.1523664096991222
2006-11-06,2.5588135023911796
2006-11-07,0.0
2006-11-08,0.0
2006-11-09,0.0018580598504437755
2006-11-10,0.01156299957074225
2006-11-11,0.0
2006-11-12,0.0
2006-11-13,1.3352175056934357
2006-11-14,0.012797172918605307
2006-11-15,0.0
2006-11-16,0.20093936721483865
2006-11-17,0.20093936721483865
2006-11-18,0.20093936721483865
2006-11-19,0.20093936721483865
2006-11-20,0.20093936721483865
2006-11-21,0.0
2006-11-22,0.0
2006-11-23,0.0
2006-11-24,0.0
2006-11-25,0.0
2006-11-26,0.01146998341816167
2006-11-27,0.20178534959753355
2006-11-28,0.05871553346514702
2006-11-29,0.3415588637193044
2006-11-30,1.497589995463689
2006-12-01,0.0
2006-12-02,0.0
2006-12-03,0.0
2006-12-04,0.0
2006-12-05,0.0
2006-12-06,0.0
2006-12-07,2.1098666191101074
2006-12-08,8.210508982340494
2006-12-09,1.7776558995246887
2006-12-10,1.705063134431839
2006-12-11,0.0
2006-12-12,0.0
2006-12-13,0.0
2006-12-14,0.0
2006-12-15,0.0
2006-12-16,0.09521749118963878
2006-12-17,1.569562743107478
2006-12-18,2.0517232616742453
2006-12-19,2.9307114680608115
2006-12-20,6.557010094324748
2006-12-21,0.0
2006-12-22,0.0
2006-12-23,0.0
2006-12-24,0.0
2006-12-25,0.0
2006-12-26,0.0
2006-12-27,0.0
2006-12-28,0.0
2006-12-29,0.0
2006-12-30,0.0
2006-12-31,0.0
2007-01-01,0.0
2007-01-02,0.0
2007-01-03,6.281906048456828
2007-01-04,23.660995165507
2007-01-05,0.0
2007-01-06,0.0
2007-01-07,0.0
2007-01-08,0.0
2007-01-09,0.0
2007-01-10,0.0
2007-01-11,0.0
2007-01-12,1.0722410430510838
2007-01-13,3.290289282798767
2007-01-14,2.9091386000315347
2007-01-15,4.075526515642802
2007-01-16,9.063671271006266
2007-01-17,7.233781894048055
2007-01-18,0.003843279390518243
2007-01-19,0.8360515485207239
2007-01-20,6.371542493502299
2007-01-21,0.021428627738108236
2007-01-22,0.02193583206584056
2007-01-23,1.4442149698734283
2007-01-24,17.39765453338623
2007-01-25,0.7093835224707922
2007-01-26,0.0035860910235593715
2007-01-27,0.07988554735978444
2007-01-28,0.0
2007-01-29,0.0
2007-01-30,0.0018935990519821644
2007-01-31,0.039686606576045357
2007-02-01,0.0
2007-02-02,0.0
2007-02-03,0.0
2007-02-04,0.0
2007-02-05,0.0
2007-02-06,0.0014520420105933833
2007-02-07,3.0929975423532596e-05
2007-02-08,0.09845268299492697
2007-02-09,0.16336361008385816
2007-02-10,0.13108955944577852
2007-02-11,0.3679847866296768
2007-02-12,0.9013078647355238
2007-02-13,0.0
2007-02-14,0.0
2007-02-15,0.005002641987327176
2007-02-16,0.0
2007-02-17,0.0
2007-02-18,0.0
2007-02-19,0.0
2007-02-20,0.0
2007-02-21,0.0
2007-02-22,0.018800082926948864
2007-02-23,2.894210954507192
2007-02-24,0.033291307743638754
2007-02-25,0.0
2007-02-26,0.0
2007-02-27,0.0007731225244545689
2007-02-28,3.593233108520508
2007-03-01,2.9789409935474396
2007-03-02,0.0
2007-03-03,0.0
2007-03-04,0.0
2007-03-05,0.0
2007-03-06,0.0
2007-03-07,0.0
2007-03-08,0.0
2007-03-09,0.0
2007-03-10,0.0
2007-03-11,3.226074993610382
2007-03-12,15.558791637420654
2007-03-13,3.8303973277409873
2007-03-14,1.295100470383962
2007-03-15,0.011978989699855447
2007-03-16,0.0004680987791895556
2007-03-17,0.003454204930070167
2007-03-18,0.15853114301959673
2007-03-19,0.46367741251985234
2007-03-20,0.9177210256457329
2007-03-21,3.869293729464213
2007-03-22,7.64213486512502
2007-03-23,5.566836317380269
2007-03-24,4.568771481513977
2007-03-25,4.805274605751038
2007-03-26,22.629158973693848
2007-03-27,0.08865209420522054
2007-03-28,0.30524346480766934
2007-03-29,6.340760986010234
2007-03-30,47.855655670166016
2007-03-31,21.446870644887287
2007-04-01,0.0
2007-04-02,3.53604249159495
2007-04-03,1.4928616285324097
2007-04-04,3.140146096547445
2007-04-05,0.047997120302170515
2007-04-06,0.0
2007-04-07,6.096389830112457
2007-04-08,2.2495708664258323
2007-04-09,0.10397270352890094
2007-04-10,0.6310564229885737
2007-04-11,0.0
2007-04-12,0.0
2007-04-13,0.0
2007-04-14,0.0
2007-04-15,0.0
2007-04-16,0.0
2007-04-17,0.0
2007-04-18,0.0
2007-04-19,0.0
2007-04-20,0.0
2007-04-21,0.45203757534424466
2007-04-22,2.4330929120381675
2007-04-23,2.159708927075068
2007-04-24,2.191608707110087
2007-04-25,3.9079413414001465
2007-04-26,0.0
2007-04-27,0.001778505514569891
2007-04-28,0.9142771909634272
2007-04-29,12.74049170811971
2007-04-30,36.48864555358887
2007-05-01,1.4362744291623433
2007-05-02,11.231860637664795
2007-05-03,6.343323846658071
2007-05-04,0.5173951759934425
2007-05-05,1.666357199350993
2007-05-06,7.7989271481831866
2007-05-07,19.574728806813557
2007-05-08,1.6601271033287048
2007-05-09,6.64595087369283
2007-05-10,21.731664657592773
2007-05-11,0.0
2007-05-12,0.0
2007-05-13,0.0
2007-05-14,0.0
2007-05-15,0.0
2007-05-16,0.250915606195728
2007-05-17,1.1922278540829818
2007-05-18,1.2384887486696243
2007-05-19,0.05485678976401687
2007-05-20,0.45556229290862876
2007-05-21,5.54335876305898
2007-05-22,1.5357093314329784
2007-05-23,1.9739953478177388
2007-05-24,8.566296378771463
2007-05-25,69.50339412689209
2007-05-26,5.24211863676707
2007-05-27,11.21081511179606
2007-05-28,4.145783881346385
2007-05-29,0.6908659090598425
2007-05-30,0.03159391616160671
2007-05-31,0.027878850232809782
2007-06-01,1.0490605880816777
2007-06-02,2.3266109228134155
2007-06-03,0.009340419434010983
2007-06-04,15.42437227567037
2007-06-05,0.673066183924675
2007-06-06,0.38193560888369876
2007-06-07,0.2669697018961112
2007-06-08,2.14988245566686
2007-06-09,4.236361384391785
2007-06-10,2.676049848397573
2007-06-11,0.001436403157034268
2007-06-12,0.14318995488186678
2007-06-13,1.1537854969501495
2007-06-14,0.6502391969164213
2007-06-15,1.2596588730812073
2007-06-16,9.365541100502014
2007-06-17,15.103651920954386
2007-06-18,0.14630800361434618
2007-06-19,0.009984472882933915
2007-06-20,25.178417046864826
2007-06-21,1.1253738875190418
2007-06-22,0.6964860707521439
2007-06-23,1.3115477338433266
2007-06-24,0.3903895557547609
2007-06-25,3.771083171168963
2007-06-26,5.327200412750244
2007-06-27,6.3593571583429975
2007-06-28,24.28214693069458
2007-06-29,23.641180356343586
2007-06-30,7.444568912188212
2007-07-01,5.022674719492595
2007-07-02,4.576626141866048
2007-07-03,7.943665385246277
2007-07-04,8.894320567448935
2007-07-05,0.6933968414862951
2007-07-06,10.782893935839335
2007-07-07,9.810813347498575
2007-07-08,6.494832158088684
2007-07-09,0.6320153847336769
2007-07-10,0.3104374793668588
2007-07-11,1.2857304457575083
2007-07-12,1.6506659165024757
2007-07-13,0.008369886796572246
2007-07-14,2.3753900602459908
2007-07-15,0.7552626046041647
2007-07-16,0.20671503494183222
2007-07-17,1.5395914961894352
2007-07-18,1.740550935268402
2007-07-19,1.5280009706815083
2007-07-20,17.60856334368388
2007-07-21,49.8884007136027
2007-07-22,11.800376097361246
2007-07-23,1.3239251126845677
2007-07-24,21.627188046773274
2007-07-25,24.21703775723775
2007-07-26,28.48738702138265
2007-07-27,5.756558100382487
2007-07-28,8.227358420689901
2007-07-29,19.348366419474285
2007-07-30,12.995042006174723
2007-07-31,1.8096433877944946
2007-08-01,0.5136532485485077
2007-08-02,0.14243748597800732
2007-08-03,0.6337152222792307
2007-08-04,1.6286453902721405
2007-08-05,1.453253135085106
2007-08-06,0.0
2007-08-07,0.0
2007-08-08,0.0
2007-08-09,0.0
2007-08-10,0.0
2007-08-11,0.0
2007-08-12,1.4171526829401653
2007-08-13,0.0072038603539112955
2007-08-14,0.052396372775547206
2007-08-15,0.03381107243088385
2007-08-16,3.5377496679623923
2007-08-17,32.386315981547035
2007-08-18,1.821173260609309
2007-08-19,0.028835975797846913
2007-08-20,0.06322989457597335
2007-08-21,0.32675368633742136
2007-08-22,0.3435216116098066
2007-08-23,0.2898339640038709
2007-08-24,0.15430775137307742
2007-08-25,0.020152388751739636
2007-08-26,0.6439251353343328
2007-08-27,0.4222322168449561
2007-08-28,1.25943519671758
2007-08-29,0.16007154497007528
2007-08-30,2.158848062157631
2007-08-31,5.042147119839986
2007-09-01,2.6773555278778076
2007-09-02,0.1426273137331009
2007-09-03,12.961506843566895
2007-09-04,62.47333558400472
2007-09-05,3.2491506735483804
2007-09-06,0.14114782524605593
2007-09-07,0.2207960362235705
2007-09-08,0.7780677030483881
2007-09-09,0.9345236967007319
2007-09-10,0.6157670989632607
2007-09-11,2.0705820421377816
2007-09-12,0.05366375017911196
2007-09-13,0.09356104303151369
2007-09-14,0.13573554096122584
2007-09-15,0.049881543343265854
2007-09-16,0.013343219218465189
2007-09-17,0.5360969255367914
2007-09-18,1.0341512709856033
2007-09-19,0.3223033460477988
2007-09-20,0.1357706611355146
2007-09-21,0.5611507991949717
2007-09-22,0.5611507991949717
2007-09-23,0.5611507991949717
2007-09-24,0.5611507991949717
2007-09-25,0.5611507991949717
2007-09-26,0.05108958979447683
2007-09-27,0.42082516849040985
2007-09-28,0.07695194659754634
2007-09-29,0.9999328404664993
2007-09-30,3.32135863105456
2007-10-01,0.9967727661132812
2007-10-02,0.312978299955527
2007-10-03,0.018331145169213414
2007-10-04,0.0
2007-10-05,0.0
2007-10-06,0.0
2007-10-07,0.05880375858396292
2007-10-08,0.5752578750252724
2007-10-09,0.8220446954170862
2007-10-10,0.17768163854877153
2007-10-11,1.5138817429542542
2007-10-12,0.001012671188315532
2007-10-13,0.0
2007-10-14,1.9601669311523438
2007-10-15,1.2198125993212063
2007-10-16,1.551875501871109
2007-10-17,0.1087824385613203
2007-10-18,0.0
2007-10-19,0.0
2007-10-20,0.0
2007-10-21,0.0
2007-10-22,9.130356311798096
2007-10-23,0.0
2007-10-24,0.0
2007-10-25,0.0
2007-10-26,0.4106762458880742
2007-10-27,0.4106762458880742
2007-10-28,0.4106762458880742
2007-10-29,0.4106762458880742
2007-10-30,0.4106762458880742
2007-10-31,0.4106762458880742
2007-11-01,0.0
2007-11-02,0.0
2007-11-03,1.7399468123912811
2007-11-04,0.13777550185720125
2007-11-05,0.0
2007-11-06,0.0
2007-11-07,0.07701871668299039
2007-11-08,0.40373558054367703
2007-11-09,0.0
2007-11-10,1.3758608897527058
2007-11-11,0.21610877538720766
2007-11-12,0.2804580157001813
2007-11-13,0.8967218498388926
2007-11-14,0.0
2007-11-15,0.0
2007-11-16,0.0
2007-11-17,0.017284874299851555
2007-11-18,0.041510962570707
2007-11-19,0.5181198194622993
2007-11-20,0.49091829111178714
2007-11-21,0.0005927827623963822
2007-11-22,0.0
2007-11-23,0.04254571022465825
2007-11-24,3.3904561201731362
2007-11-25,8.233053803443909
2007-11-26,0.0
2007-11-27,0.0
2007-11-28,0.0
2007-11-29,0.0
2007-11-30,3.2149887134631476
2007-12-01,7.6553150316079455
2007-12-02,0.01092553361862277
2007-12-03,0.0
2007-12-04,0.0
2007-12-05,0.0
2007-12-06,0.0
2007-12-07,0.0
2007-12-08,0.0
2007-12-09,0.0
2007-12-10,0.0
2007-12-11,0.0
2007-12-12,0.0
2007-12-13,0.0
2007-12-14,0.0
2007-12-15,0.0
2007-12-16,0.0
2007-12-17,0.0
2007-12-18,0.0
2007-12-19,0.0
2007-12-20,0.0
2007-12-21,0.0
2007-12-22,0.0
2007-12-23,0.0
2007-12-24,0.0
2007-12-25,0.0
2007-12-26,0.0
2007-12-27,0.0
2007-12-28,0.0
2007-12-29,0.0
2007-12-30,0.0
2007-12-31,0.0
2008-01-01,0.3865293338894844
2008-01-02,0.3865293338894844
2008-01-03,0.3865293338894844
2008-01-04,0.3865293338894844
2008-01-05,0.3865293338894844
2008-01-06,0.0
2008-01-07,0.0
2008-01-08,0.0
2008-01-09,0.0
2008-01-10,0.0
2008-01-11,0.0
2008-01-12,0.0
2008-01-13,0.0
2008-01-14,0.0
2008-01-15,0.18417240624936917
2008-01-16,0.17256126490732035
2008-01-17,0.006892086433557172
2008-01-18,0.1509932397554318
2008-01-19,0.06466641385729115
2008-01-20,0.0
2008-01-21,2.6178186933199563
2008-01-22,0.8846202592055002
2008-01-23,2.167536824941635
2008-01-24,1.2084007759888966
2008-01-25,0.725969523191452
2008-01-26,0.0008356781457526571
2008-01-27,0.0
2008-01-28,0.8306792931010326
2008-01-29,0.001445494048918287
2008-01-30,0.0
2008-01-31,0.30174491135403514
2008-02-01,0.0
2008-02-02,0.0
2008-02-03,0.05312719102948904
2008-02-04,0.6142880320549011
2008-02-05,3.4042545159657798
2008-02-06,0.0
2008-02-07,0.0
2008-02-08,0.0
2008-02-09,0.0
2008-02-10,0.0
2008-02-11,3.3207717339197793
2008-02-12,1.1040632923444111
2008-02-13,0.0
2008-02-14,0.0
2008-02-15,2.0596465269724527
2008-02-16,0.0
2008-02-17,0.0
2008-02-18,0.0
2008-02-19,0.0
2008-02-20,0.0
2008-02-21,0.0
2008-02-22,0.0
2008-02-23,0.0
2008-02-24,0.0
2008-02-25,0.0
2008-02-26,0.36233523425956565
2008-02-27,0.36233523425956565
2008-02-28,0.36233523425956565
2008-02-29,1.7756433486938477
2008-03-01,0.0
2008-03-02,0.0
2008-03-03,0.0
2008-03-04,0.0
2008-03-05,0.0
2008-03-06,0.5786130453149477
2008-03-07,0.002378663523510719
2008-03-08,0.0
2008-03-09,0.011908753464619318
2008-03-10,1.2112672527631123
2008-03-11,0.0
2008-03-12,0.0
2008-03-13,2.1851648886998496
2008-03-14,0.0
2008-03-15,0.0
2008-03-16,0.009052815885903934
2008-03-17,0.04005067624772588
2008-03-18,4.435389041900635
2008-03-19,1.9472416589657466
2008-03-20,0.0
2008-03-21,0.0
2008-03-22,0.0
2008-03-23,0.0
2008-03-24,0.0
2008-03-25,0.0
2008-03-26,0.013112121106435856
2008-03-27,0.00011128162835423912
2008-03-28,0.015520354732871056
2008-03-29,0.06835122903188069
2008-03-30,0.061957729049026966
2008-03-31,0.12337053939700127
2008-04-01,0.21300249081104994
2008-04-02,0.3182437834329903
2008-04-03,0.29458741199535626
2008-04-04,3.6978873846431575
2008-04-05,0.0
2008-04-06,0.0
2008-04-07,0.0
2008-04-08,0.0
2008-04-09,0.0
2008-04-10,0.0
2008-04-11,0.0
2008-04-12,0.0
2008-04-13,0.0
2008-04-14,0.0
2008-04-15,0.0
2008-04-16,0.0
2008-04-17,0.0
2008-04-18,0.0
2008-04-19,0.0
2008-04-20,0.0
2008-04-21,1.304184804360072
2008-04-22,0.3061932573715846
2008-04-23,1.2602076133092244
2008-04-24,0.7759242057800293
2008-04-25,5.196008423964183
2008-04-26,5.804526289304097
2008-04-27,10.25802739461263
2008-04-28,0.07858605061968167
2008-04-29,0.0
2008-04-30,0.0
2008-05-01,0.005053121014498174
2008-05-02,0.003020705461191634
2008-05-03,7.042690291806745e-05
2008-05-04,0.0
2008-05-05,0.06029607603947321
2008-05-06,8.996471087137857
2008-05-07,0.17106635744373003
2008-05-08,0.0
2008-05-09,0.6733904828627905
2008-05-10,0.28522926320632297
2008-05-11,0.0
2008-05-12,0.004430771339684725
2008-05-13,1.3878831267356873
2008-05-14,19.454771836598713
2008-05-15,32.48270400365194
2008-05-16,13.333695411682129
2008-05-17,0.8805906971295675
2008-05-18,0.286275493601958
2008-05-19,0.0
2008-05-20,0.003114166019562011
2008-05-21,0.0
2008-05-22,0.0
2008-05-23,0.0
2008-05-24,0.0
2008-05-25,0.0
2008-05-26,0.0
2008-05-27,0.0
2008-05-28,0.0
2008-05-29,0.0
2008-05-30,0.0
2008-05-31,0.0
2008-06-01,0.0
2008-06-02,0.0
2008-06-03,0.0
2008-06-04,0.0
2008-06-05,0.0
2008-06-06,0.007191314361989498
2008-06-07,0.013051919328669706
2008-06-08,0.007057040696963668
2008-06-09,0.005123270287488897
2008-06-10,0.0009055421881688138
2008-06-11,0.07311820518225431
2008-06-12,0.1744865501920382
2008-06-13,1.2842496633529663
2008-06-14,0.33604248613119125
2008-06-15,0.0
2008-06-16,0.0
2008-06-17,2.8848359088102975
2008-06-18,4.568734228610992
2008-06-19,0.019726907834410667
2008-06-20,0.3560940586030483
2008-06-21,0.0
2008-06-22,3.9534024794896445
2008-06-23,0.021210642570319276
2008-06-24,1.1194710309306781
2008-06-25,1.7139908373355865
2008-06-26,0.25129420682787895
2008-06-27,0.32553716748952866
2008-06-28,1.319341833392779
2008-06-29,1.195061316092809
2008-06-30,6.33398441473643
2008-07-01,2.7189053992430368
2008-07-02,1.1450028270483017
2008-07-03,3.872428665558497
2008-07-04,4.417961657047272
2008-07-05,2.5910912652810416
2008-07-06,1.8654873967170715
2008-07-07,3.528315265973409
2008-07-08,3.1178753773371377
2008-07-09,0.6718721687793732
2008-07-10,0.4513022427757581
2008-07-11,0.0898360162973404
2008-07-12,0.0
2008-07-13,0.005529352153340976
2008-07-14,0.0
2008-07-15,0.0018745438331582893
2008-07-16,0.06581543015393738
2008-07-17,0.7891058673461279
2008-07-18,0.004247394934888386
2008-07-19,0.08169820066541433
2008-07-20,0.008830074288804704
2008-07-21,0.0451538321406891
2008-07-22,0.08451573736965656
2008-07-23,3.488817731539408
2008-07-24,16.039115746815998
2008-07-25,4.4078094363212585
2008-07-26,1.157031998038292
2008-07-27,0.0
2008-07-28,0.0
2008-07-29,0.0
2008-07-30,0.11546259745955467
2008-07-31,0.09951806409905355
2008-08-01,0.00023062038235366344
2008-08-02,0.0003293424767131607
2008-08-03,0.0002701165697847803
2008-08-04,6.273121107369661e-05
2008-08-05,0.006467951461672783
2008-08-06,0.0
2008-08-07,0.0
2008-08-08,0.0
2008-08-09,0.0
2008-08-10,0.0
2008-08-11,0.9764295617739359
2008-08-12,3.86054527759552
2008-08-13,8.495649814605713
2008-08-14,0.16947704926133156
2008-08-15,7.54614798227946
2008-08-16,2.177909711996714
2008-08-17,8.54287830988566
2008-08-18,19.510882536570232
2008-08-19,5.851527472337087
2008-08-20,3.433359682559967
2008-08-21,3.2119898398717246
2008-08-22,7.880310575167338
2008-08-23,24.146713574727375
2008-08-24,12.43531839052836
2008-08-25,3.735548118750254
2008-08-26,1.8674670855204265
2008-08-27,2.793702999750773
2008-08-28,19.91398270924886
2008-08-29,13.544392347335815
2008-08-30,1.710547387599945
2008-08-31,0.018718797868738573
2008-09-01,1.1205175071954727
2008-09-02,0.3726054057478905
2008-09-03,0.5341117518643538
2008-09-04,1.012911242743333
2008-09-05,1.2558658470710118
2008-09-06,0.08697513708223899
2008-09-07,0.0
2008-09-08,2.434107075134913
2008-09-09,9.79069455464681
2008-09-10,11.2166006565094
2008-09-11,6.848663965861003
2008-09-12,0.29295054140190285
2008-09-13,0.14823129307478666
2008-09-14,0.013844417873769999
2008-09-15,0.0
2008-09-16,0.4741133699814479
2008-09-17,0.1778514999896288
2008-09-18,4.48872850338618
2008-09-19,0.0
2008-09-20,0.037207272447024785
2008-09-21,0.16817806723217169
2008-09-22,0.02495769450130562
2008-09-23,0.5337009727954865
2008-09-24,0.6506682187318802
2008-09-25,2.992425044377645
2008-09-26,0.5446876212954521
2008-09-27,0.5446876212954521
2008-09-28,0.5446876212954521
2008-09-29,0.5446876212954521
2008-09-30,0.5446876212954521
2008-10-01,0.0
2008-10-02,0.0
2008-10-03,0.0602582519253095
2008-10-04,0.0
2008-10-05,1.2061030268669128
2008-10-06,2.5277979373931885
2008-10-07,0.15530874828497568
2008-10-08,0.0
2008-10-09,0.0
2008-10-10,0.0
2008-10-11,0.813446914156278
2008-10-12,1.5086152950922649
2008-10-13,4.861889680226644
2008-10-14,0.8613845805327097
2008-10-15,2.176150679588318
2008-10-16,3.3107397754987082
2008-10-17,0.0
2008-10-18,0.0
2008-10-19,0.0
2008-10-20,0.0
2008-10-21,0.0
2008-10-22,2.337333540121714
2008-10-23,0.0
2008-10-24,0.0
2008-10-25,0.0
2008-10-26,1.5618822077910106
2008-10-27,0.727740985651811
2008-10-28,0.0
2008-10-29,0.0
2008-10-30,0.0
2008-10-31,0.6165385494629542
2008-11-01,0.02351165795698762
2008-11-02,0.0
2008-11-03,0.0
2008-11-04,1.5008615056673686
2008-11-05,0.31015854080518085
2008-11-06,0.0584379934395353
2008-11-07,0.0
2008-11-08,0.0
2008-11-09,0.0
2008-11-10,1.9222366611162822
2008-11-11,1.491068959236145
2008-11-12,0.006134968212184806
2008-11-13,0.0
2008-11-14,0.00014692590048070997
2008-11-15,0.0
2008-11-16,0.19590364024043083
2008-11-17,0.19590364024043083
2008-11-18,0.19590364024043083
2008-11-19,0.19590364024043083
2008-11-20,0.19590364024043083
2008-11-21,0.00011420264733411993
2008-11-22,0.0025231298544288925
2008-11-23,0.04039577612032493
2008-11-24,0.039911930138866104
2008-11-25,0.0
2008-11-26,0.0
2008-11-27,0.05799891671631485
2008-11-28,0.29221316729672253
2008-11-29,0.058086371417933456
2008-11-30,0.0
2008-12-01,0.0
2008-12-02,0.0
2008-12-03,0.0
2008-12-04,0.0
2008-12-05,0.0
2008-12-06,0.0
2008-12-07,0.0
2008-12-08,0.0
2008-12-09,0.0
2008-12-10,0.0
2008-12-11,0.0
2008-12-12,0.0
2008-12-13,0.0
2008-12-14,0.0
2008-12-15,0.0
2008-12-16,0.0
2008-12-17,0.0
2008-12-18,0.0
2008-12-19,0.0
2008-12-20,0.0
2008-12-21,0.002852221097176274
2008-12-22,0.034003122399250664
2008-12-23,0.37107763191064197
2008-12-24,0.0
2008-12-25,0.011765651094416777
2008-12-26,0.0
2008-12-27,0.0
2008-12-28,0.0
2008-12-29,0.0
2008-12-30,0.0
2008-12-31,0.0
2009-01-01,0.00027474175052096445
2009-01-02,0.0
2009-01-03,0.003640950657427311
2009-01-04,0.011538891742626825
2009-01-05,0.2623179356257121
2009-01-06,0.0
2009-01-07,0.0
2009-01-08,0.0
2009-01-09,0.0
2009-01-10,0.0
2009-01-11,0.0
2009-01-12,0.0
2009-01-13,0.0
2009-01-14,0.0
2009-01-15,0.0
2009-01-16,0.08470677273968856
2009-01-17,0.40646276871363324
2009-01-18,0.0
2009-01-19,0.0
2009-01-20,0.0
2009-01-21,0.0
2009-01-22,0.0
2009-01-23,0.0
2009-01-24,0.0
2009-01-25,0.0
2009-01-26,2.5804367462793985
2009-01-27,2.2771177738904953
2009-01-28,4.856799463431041
2009-01-29,0.0
2009-01-30,0.0
2009-01-31,0.0
2009-02-01,0.0
2009-02-02,0.0
2009-02-03,0.0
2009-02-04,0.0
2009-02-05,0.0
2009-02-06,0.0
2009-02-07,0.37696201354265213
2009-02-08,2.7360888520876565
2009-02-09,3.750045120716095
2009-02-10,1.2290534476439159
2009-02-11,0.0
2009-02-12,0.0
2009-02-13,0.0
2009-02-14,0.0
2009-02-15,0.0
2009-02-16,0.8249150067567825
2009-02-17,5.55433722337087
2009-02-18,0.016266677295789123
2009-02-19,0.0
2009-02-20,0.0
2009-02-21,0.0
2009-02-22,0.0
2009-02-23,0.0
2009-02-24,0.0
2009-02-25,0.0
2009-02-26,0.0
2009-02-27,0.0
2009-02-28,0.0
2009-03-01,0.0
2009-03-02,0.0
2009-03-03,0.0
2009-03-04,0.0
2009-03-05,0.0
2009-03-06,0.09259771679838498
2009-03-07,0.6380531837542852
2009-03-08,0.08031028757492702
2009-03-09,0.3965446601311366
2009-03-10,1.1578287730614345
2009-03-11,13.112486600875854
2009-03-12,58.70062987009684
2009-03-13,9.202171881993612
2009-03-14,0.01955721667036414
2009-03-15,1.1707360818982124
2009-03-16,0.0
2009-03-17,0.0
2009-03-18,0.0
2009-03-19,0.0
2009-03-20,0.0
2009-03-21,0.00048361757944803685
2009-03-22,0.690166525542736
2009-03-23,0.4362725466489792
2009-03-24,0.30195895458261174
2009-03-25,1.364839528997739
2009-03-26,1.7488612433274586
2009-03-27,3.4329891999562583
2009-03-28,0.03275859666367372
2009-03-29,0.0
2009-03-30,0.0
2009-03-31,0.20932816714048386
2009-04-01,0.0
2009-04-02,0.2504227211078008
2009-04-03,0.0
2009-04-04,0.0
2009-04-05,0.0
2009-04-06,0.0
2009-04-07,0.0
2009-04-08,0.0
2009-04-09,0.0
2009-04-10,0.0
2009-04-11,1.167411024371783
2009-04-12,8.461242238680521
2009-04-13,0.0
2009-04-14,0.0
2009-04-15,0.0
2009-04-16,0.9438837021589279
2009-04-17,7.953478177388509
2009-04-18,0.5986976449688276
2009-04-19,0.0016872690418191876
2009-04-20,0.0
2009-04-21,0.0
2009-04-22,0.0
2009-04-23,0.0
2009-04-24,2.14578769604365
2009-04-25,1.7950262327988942
2009-04-26,3.0752081076304116
2009-04-27,11.360458453496298
2009-04-28,1.8696830968062084
2009-04-29,2.154376526673635
2009-04-30,0.829265907406807
2009-05-01,3.0398401618003845
2009-05-02,1.3883803685506184
2009-05-03,0.100035891480123
2009-05-04,0.18042810757954916
2009-05-05,0.518940898279349
2009-05-06,0.0
2009-05-07,0.34073705536623794
2009-05-08,0.022198936203494668
2009-05-09,0.0
2009-05-10,4.1319442590077715
2009-05-11,1.1816423833370209
2009-05-12,0.9796646436055502
2009-05-13,0.5902199943860372
2009-05-14,2.5168641110261283
2009-05-15,2.1407894293467202
2009-05-16,13.631254474322
2009-05-17,7.1287299791971845
2009-05-18,0.0
2009-05-19,0.0
2009-05-20,0.0
2009-05-21,0.0
2009-05-22,0.0
2009-05-23,0.0
2009-05-24,0.0
2009-05-25,0.0
2009-05-26,1.2014636149009068
2009-05-27,21.526065190633137
2009-05-28,24.63015365600586
2009-05-29,5.89905846118927
2009-05-30,0.4557541807492574
2009-05-31,1.4219867984453838
2009-06-01,3.930611401796341
2009-06-02,1.4395264188448589
2009-06-03,8.104357838630676
2009-06-04,0.6832460748652617
2009-06-05,0.0
2009-06-06,1.9428061892588933
2009-06-07,0.5704238613446554
2009-06-08,0.4049174090226491
2009-06-09,0.0
2009-06-10,6.250525156656901
2009-06-11,0.35895078132549924
2009-06-12,0.299247154345115
2009-06-13,1.526184658209483
2009-06-14,0.00042026395264353294
2009-06-15,0.016499935649335384
2009-06-16,0.2047853929301103
2009-06-17,0.8301283170779546
2009-06-18,4.15077809492747
2009-06-19,3.456319749355316
2009-06-20,2.092649887005488
2009-06-21,0.0
2009-06-22,0.0
2009-06-23,0.0
2009-06-24,0.0
2009-06-25,0.0
2009-06-26,0.07912360752622287
2009-06-27,0.2726570467154185
2009-06-28,0.0
2009-06-29,0.03941667887071768
2009-06-30,7.434818188349406
2009-07-01,2.4007983952760696
2009-07-02,0.5577722260107597
2009-07-03,0.2749194862941901
2009-07-04,1.1038510004679363
2009-07-05,0.07577418287595113
2009-07-06,0.41263717459514737
2009-07-07,3.191839608674248
2009-07-08,0.25367344469608116
2009-07-09,0.0
2009-07-10,0.0
2009-07-11,0.042963771459956966
2009-07-12,0.001725530290665726
2009-07-13,0.0
2009-07-14,0.0
2009-07-15,0.0
2009-07-16,0.0
2009-07-17,0.2271913873652617
2009-07-18,12.106993913650513
2009-07-19,4.577371895313263
2009-07-20,2.6530125935872397
2009-07-21,5.088386694590251
2009-07-22,0.563493033250173
2009-07-23,0.5575318733851115
2009-07-24,0.0
2009-07-25,0.0
2009-07-26,0.0
2009-07-27,0.026367985798666876
2009-07-28,0.0018791664236535628
2009-07-29,0.327036024381717
2009-07-30,0.28687064225474995
2009-07-31,20.63158082962036
2009-08-01,0.12917689971315363
2009-08-02,1.9438772772749264
2009-08-03,0.0
2009-08-04,0.0
2009-08-05,0.0
2009-08-06,0.0
2009-08-07,0.0
2009-08-08,0.0
2009-08-09,0.0
2009-08-10,0.0
2009-08-11,0.4128851303830743
2009-08-12,1.8865796610092123
2009-08-13,1.2080715571840603
2009-08-14,2.2992867218951383
2009-08-15,0.007787428459171982
2009-08-16,0.0
2009-08-17,0.0
2009-08-18,0.0
2009-08-19,0.0
2009-08-20,0.0
2009-08-21,0.0
2009-08-22,0.0
2009-08-23,0.0
2009-08-24,0.0
2009-08-25,0.0
2009-08-26,0.0
2009-08-27,0.008259297241844857
2009-08-28,3.52945384879907
2009-08-29,0.0327880569093395
2009-08-30,0.04754388770864656
2009-08-31,0.05806220959251126
2009-09-01,0.0707725506896774
2009-09-02,0.0005652754189213738
2009-09-03,0.006948777901319166
2009-09-04,0.015398883920473358
2009-09-05,5.007705569267273
2009-09-06,11.91803773244222
2009-09-07,0.12729881331324577
2009-09-08,0.7386733169356982
2009-09-09,6.639979521433513
2009-09-10,42.030251820882164
2009-09-11,11.294246912002563
2009-09-12,13.197808980941772
2009-09-13,1.1648267060518265
2009-09-14,0.08878002719332774
2009-09-15,0.03979341903080543
2009-09-16,0.16608098025123277
2009-09-17,0.0
2009-09-18,0.1325797193373243
2009-09-19,0.09946789499372244
2009-09-20,1.6504835387070973
2009-09-21,1.3232665657997131
2009-09-22,32.57960605621338
2009-09-23,1.125057448943456
2009-09-24,1.6276990920305252
2009-09-25,0.0038677454770853124
2009-09-26,0.003738341426166395
2009-09-27,0.03984005687137445
2009-09-28,0.3869093855222066
2009-09-29,1.3466494977474213
2009-09-30,0.519659290711085
2009-10-01,0.08690154831856489
2009-10-02,0.004059726023115218
2009-10-03,1.1917343189318974
2009-10-04,9.413604458173117
2009-10-05,0.21509129305680594
2009-10-06,0.2136348014076551
2009-10-07,4.407656749089559
2009-10-08,3.3476195136706033
2009-10-09,19.09123134613037
2009-10-10,0.0
2009-10-11,0.9599091162284216
2009-10-12,2.6764313876628876
2009-10-13,3.8764775594075522
2009-10-14,0.1189502589404583
2009-10-15,0.0
2009-10-16,0.37120411545038223
2009-10-17,0.37120411545038223
2009-10-18,0.37120411545038223
2009-10-19,0.37120411545038223
2009-10-20,0.37120411545038223
2009-10-21,4.000745852788289
2009-10-22,11.725255330403646
2009-10-23,0.0
2009-10-24,0.0
2009-10-25,0.009638377310087284
2009-10-26,24.935500780741375
2009-10-27,0.0
2009-10-28,0.000704887674752778
2009-10-29,1.2155769069989522
2009-10-30,0.01261367613915354
2009-10-31,0.0
2009-11-01,0.568118746081988
2009-11-02,0.568118746081988
2009-11-03,0.568118746081988
2009-11-04,0.568118746081988
2009-11-05,0.568118746081988
2009-11-06,0.0
2009-11-07,0.1054746216783921
2009-11-08,4.052431305249532
2009-11-09,1.6454768478870392
2009-11-10,0.011330269218888134
2009-11-11,0.0
2009-11-12,0.010413582048689326
2009-11-13,0.0
2009-11-14,0.0
2009-11-15,3.8071986039479575
2009-11-16,0.0
2009-11-17,0.0
2009-11-18,0.0
2009-11-19,0.06168187549337745
2009-11-20,8.144254247347513
2009-11-21,0.0
2009-11-22,0.0
2009-11-23,0.0
2009-11-24,0.0
2009-11-25,0.0
2009-11-26,0.0
2009-11-27,0.04241591404813031
2009-11-28,0.0005199663780028155
2009-11-29,2.453785796960195
2009-11-30,19.210025310516357
2009-12-01,15.109198331832886
2009-12-02,0.0951809932788213
2009-12-03,0.0
2009-12-04,0.658565916121006
2009-12-05,0.0
2009-12-06,0.0
2009-12-07,0.0018413057550787926
2009-12-08,0.006442238887151082
2009-12-09,0.0
2009-12-10,0.0
2009-12-11,0.0
2009-12-12,0.0
2009-12-13,0.0
2009-12-14,0.0
2009-12-15,0.0
2009-12-16,7.686711450417836
2009-12-17,5.018752922614415
2009-12-18,0.16226383919517198
2009-12-19,0.0
2009-12-20,0.0
2009-12-21,0.0
2009-12-22,0.3868691213428974
2009-12-23,0.6870039130250613
2009-12-24,5.6880098183949785
2009-12-25,0.0
2009-12-26,0.0
2009-12-27,0.0
2009-12-28,0.0
2009-12-29,7.154761056105296
2009-12-30,0.36632949858903885
2009-12-31,0.0
2010-01-01,0.0
2010-01-02,0.0
2010-01-03,0.0
2010-01-04,0.0
2010-01-05,0.0
2010-01-06,0.6921408772468567
2010-01-07,0.14838911251475415
2010-01-08,0.010085580928716809
2010-01-09,0.0
2010-01-10,0.0
2010-01-11,0.0
2010-01-12,2.9068195819854736
2010-01-13,4.271400074164073
2010-01-14,3.4216509660085044
2010-01-15,32.73414341608683
2010-01-16,1.5821996877590816
2010-01-17,0.0
2010-01-18,0.0313161521529158
2010-01-19,0.005643394930909078
2010-01-20,0.19709505885839462
2010-01-21,0.0
2010-01-22,0.0
2010-01-23,0.0
2010-01-24,0.0
2010-01-25,0.0
2010-01-26,0.0006614544933351377
2010-01-27,0.910842552781105
2010-01-28,6.370958050092061
2010-01-29,20.069228967030842
2010-01-30,0.0
2010-01-31,0.015635214396752417
2010-02-01,0.41851923118035
2010-02-02,1.2777101894219716
2010-02-03,56.52518622080485
2010-02-04,13.60431432723999
2010-02-05,0.025558715996642906
2010-02-06,0.0
2010-02-07,0.0
2010-02-08,0.0
2010-02-09,0.0
2010-02-10,0.0
2010-02-11,17.184247573216755
2010-02-12,0.6099903086821238
2010-02-13,0.0
2010-02-14,0.06011768740912279
2010-02-15,0.005990288753916199
2010-02-16,0.0
2010-02-17,0.0
2010-02-18,0.0
2010-02-19,0.05916761110226313
2010-02-20,0.24875961119929949
2010-02-21,0.0
2010-02-22,0.0
2010-02-23,0.0
2010-02-24,0.0
2010-02-25,0.0
2010-02-26,0.4376116233567397
2010-02-27,0.4376116233567397
2010-02-28,0.4376116233567397
2010-03-01,0.0
2010-03-02,0.0
2010-03-03,0.0
2010-03-04,0.0
2010-03-05,0.0
2010-03-06,8.392167290051779
2010-03-07,13.339374860127768
2010-03-08,21.70727475484212
2010-03-09,7.416066606839498
2010-03-10,0.22583023831248283
2010-03-11,0.0
2010-03-12,0.0
2010-03-13,0.0
2010-03-14,0.0
2010-03-15,0.0
2010-03-16,0.4425331950187683
2010-03-17,8.123253792291507e-06
2010-03-18,0.0
2010-03-19,1.3059007869742345e-05
2010-03-20,0.21499621868133545
2010-03-21,0.0
2010-03-22,0.0
2010-03-23,0.0
2010-03-24,0.0
2010-03-25,0.0
2010-03-26,0.11162667286892732
2010-03-27,0.11162667286892732
2010-03-28,0.11162667286892732
2010-03-29,0.11162667286892732
2010-03-30,0.11162667286892732
2010-03-31,0.11162667286892732
2010-04-01,0.013882476215561232
2010-04-02,0.11743566797425349
2010-04-03,0.0
2010-04-04,0.34369088398913544
2010-04-05,0.13996764893333116
2010-04-06,0.0
2010-04-07,0.0
2010-04-08,0.0
2010-04-09,0.0
2010-04-10,0.0
2010-04-11,1.5550104478995006
2010-04-12,12.429107745488485
2010-04-13,2.220672537883123
2010-04-14,7.962130784988403
2010-04-15,14.002726395924887
2010-04-16,42.84862454732259
2010-04-17,11.384561459223429
2010-04-18,0.5008454844355583
2010-04-19,0.011204669252038002
2010-04-20,0.23570125425855318
2010-04-21,0.05308781253794829
2010-04-22,0.612680122256279
2010-04-23,0.3259793122609456
2010-04-24,1.6062525411446889
2010-04-25,0.0
2010-04-26,0.0
2010-04-27,0.0
2010-04-28,0.0
2010-04-29,0.0
2010-04-30,0.0
2010-05-01,0.0
2010-05-02,0.0
2010-05-03,0.0
2010-05-04,0.0
2010-05-05,0.0
2010-05-06,0.0
2010-05-07,0.00046171371529150446
2010-05-08,0.0046509090170729905
2010-05-09,2.420603464047114
2010-05-10,0.8361301471789678
2010-05-11,0.014743399883930882
2010-05-12,0.0581803172826767
2010-05-13,0.09814159447948138
2010-05-14,9.63961680730184
2010-05-15,17.903515418370564
2010-05-16,13.055542230606079
2010-05-17,3.5871667663256326
2010-05-18,1.3369327833255131
2010-05-19,0.775166650613149
2010-05-20,0.18761123716831207
2010-05-21,1.1296590864658356
2010-05-22,0.7695731918017069
2010-05-23,1.6842382649580638
2010-05-24,5.829955577850342
2010-05-25,12.101246992746988
2010-05-26,0.0
2010-05-27,0.0
2010-05-28,0.0
2010-05-29,0.0
2010-05-30,0.0
2010-05-31,0.0
2010-06-01,0.0007516694968217053
2010-06-02,1.2703987409671147
2010-06-03,5.8448240756988525
2010-06-04,0.0
2010-06-05,0.0
2010-06-06,0.0014888426521793008
2010-06-07,0.026260047995795805
2010-06-08,0.09419112962981065
2010-06-09,0.1009286620343725
2010-06-10,0.008213068882469088
2010-06-11,2.2733743091424308
2010-06-12,7.3378169139226275
2010-06-13,6.927721460660298
2010-06-14,2.057324985663096
2010-06-15,0.6216510037581126
2010-06-16,1.7321735521157582
2010-06-17,1.5384713311990101
2010-06-18,0.24290093407034874
2010-06-19,0.10900562256574631
2010-06-20,0.011370558640919626
2010-06-21,0.0
2010-06-22,0.0
2010-06-23,0.0
2010-06-24,0.0
2010-06-25,0.0
2010-06-26,0.3758725846807162
2010-06-27,0.06935961761822303
2010-06-28,1.0480273142457008
2010-06-29,17.518297910690308
2010-06-30,2.7957911690076194
2010-07-01,22.151052951812744
2010-07-02,15.455132246017456
2010-07-03,9.949625174204508
2010-07-04,12.592934767405191
2010-07-05,9.46320621172587
2010-07-06,0.5114676480491956
2010-07-07,0.250842222943902
2010-07-08,2.071693350871404
2010-07-09,5.099456002314885
2010-07-10,0.7749477451046308
2010-07-11,0.010200900103275975
2010-07-12,0.005808201114026208
2010-07-13,0.013533793622627854
2010-07-14,0.021991819143295288
2010-07-15,0.01268835311445097
2010-07-16,0.05250507414651414
2010-07-17,0.0
2010-07-18,0.07287062347556154
2010-07-19,0.25099373298386735
2010-07-20,0.24385328746090332
2010-07-21,0.505346266242365
2010-07-22,2.7346727351347604
2010-07-23,3.1278023943305016
2010-07-24,1.3707409637669723
2010-07-25,0.0007957707928956855
2010-07-26,0.31956331928571063
2010-07-27,4.345964143673579
2010-07-28,1.2580655266841252
2010-07-29,0.5391002794106802
2010-07-30,0.00027004101624091464
2010-07-31,0.0
2010-08-01,0.0
2010-08-02,0.0
2010-08-03,0.0
2010-08-04,0.0032939231023192406
2010-08-05,0.002797613851726055
2010-08-06,0.0
2010-08-07,0.0
2010-08-08,0.0
2010-08-09,0.0
2010-08-10,0.0
2010-08-11,0.0
2010-08-12,0.0
2010-08-13,0.0
2010-08-14,0.0
2010-08-15,0.0
2010-08-16,0.014412224292755127
2010-08-17,0.35215699672698975
2010-08-18,0.10073001186052959
2010-08-19,0.17086631059646606
2010-08-20,0.001255328378950556
2010-08-21,0.0
2010-08-22,0.0
2010-08-23,0.0
2010-08-24,0.0
2010-08-25,0.0
2010-08-26,0.0
2010-08-27,0.0
2010-08-28,0.0
2010-08-29,0.0
2010-08-30,0.0
2010-08-31,0.0
2010-09-01,1.3835897594690323
2010-09-02,0.11858201585710049
2010-09-03,26.582759221394856
2010-09-04,0.005577430303674191
2010-09-05,0.10644753649830818
2010-09-06,0.26102589319149655
2010-09-07,6.684367418289185
2010-09-08,2.838379760583242
2010-09-09,1.3406656583150227
2010-09-10,0.3515870049595833
2010-09-11,0.41841453313827515
2010-09-12,0.13986784343918165
2010-09-13,0.004446974509240438
2010-09-14,0.048524645157158375
2010-09-15,1.375072717666626
2010-09-16,0.3532075484593709
2010-09-17,1.775770515203476
2010-09-18,1.3393936554590862
2010-09-19,1.4990025460720062
2010-09-20,3.273573875427246
2010-09-21,4.772041181723277
2010-09-22,5.296526153882344
2010-09-23,4.579898754755656
2010-09-24,1.2427799503008525
2010-09-25,0.4633728538950284
2010-09-26,9.632474581400553
2010-09-27,0.0
2010-09-28,0.0
2010-09-29,0.0
2010-09-30,0.0
2010-10-01,0.25358448922634125
2010-10-02,0.25358448922634125
2010-10-03,0.25358448922634125
2010-10-04,0.25358448922634125
2010-10-05,0.25358448922634125
2010-10-06,0.36027412364880246
2010-10-07,0.36027412364880246
2010-10-08,0.36027412364880246
2010-10-09,0.36027412364880246
2010-10-10,0.36027412364880246
2010-10-11,2.862595796585083
2010-10-12,0.18663573823869228
2010-10-13,0.0
2010-10-14,0.0
2010-10-15,0.0
2010-10-16,0.31017530399064225
2010-10-17,0.31017530399064225
2010-10-18,0.31017530399064225
2010-10-19,0.31017530399064225
2010-10-20,0.9386662021279335
2010-10-21,0.053524031303822994
2010-10-22,2.453414738178253
2010-10-23,5.269297798474629
2010-10-24,0.11618422468503316
2010-10-25,0.0
2010-10-26,0.1796356529618303
2010-10-27,0.1796356529618303
2010-10-28,5.666899124781291
2010-10-29,0.1796356529618303
2010-10-30,0.1796356529618303
2010-10-31,0.1796356529618303
2010-11-01,0.0
2010-11-02,2.0585503379503884
2010-11-03,0.0
2010-11-04,0.0
2010-11-05,0.0
2010-11-06,0.38818153490622836
2010-11-07,0.38818153490622836
2010-11-08,0.38818153490622836
2010-11-09,0.38818153490622836
2010-11-10,0.38818153490622836
2010-11-11,0.00748309213668108
2010-11-12,1.3217152655124664
2010-11-13,0.009682847594376653
2010-11-14,0.0
2010-11-15,0.14339310117065907
2010-11-16,0.21862879768013954
2010-11-17,0.21862879768013954
2010-11-18,0.21862879768013954
2010-11-19,0.21862879768013954
2010-11-20,0.21862879768013954
2010-11-21,0.0
2010-11-22,0.0
2010-11-23,0.0
2010-11-24,0.0
2010-11-25,0.0
2010-11-26,0.027156510467951495
2010-11-27,0.0
2010-11-28,0.0
2010-11-29,0.011154975470465919
2010-11-30,0.0
2010-12-01,0.0
2010-12-02,0.0
2010-12-03,0.0
2010-12-04,0.0
2010-12-05,0.0
2010-12-06,0.0
2010-12-07,0.0
2010-12-08,0.0
2010-12-09,0.0
2010-12-10,0.0
2010-12-11,0.0
2010-12-12,0.0
2010-12-13,0.0
2010-12-14,0.0
2010-12-15,0.0
2010-12-16,0.0
2010-12-17,0.0
2010-12-18,0.0
2010-12-19,0.0
2010-12-20,0.0
2010-12-21,0.0
2010-12-22,0.0
2010-12-23,0.0
2010-12-24,0.0
2010-12-25,0.0
2010-12-26,0.0
2010-12-27,0.0
2010-12-28,0.6272819538911184
2010-12-29,1.413777122894923
2010-12-30,0.0
2010-12-31,0.0
2011-01-01,0.0
2011-01-02,0.0
2011-01-03,0.16712321061640978
2011-01-04,0.7315158049265543
2011-01-05,0.0035083409287229492
2011-01-06,0.0
2011-01-07,0.0
2011-01-08,0.0012811128593360384
2011-01-09,1.0530998309453328
2011-01-10,0.0
2011-01-11,0.0
2011-01-12,0.0
2011-01-13,0.0
2011-01-14,0.0
2011-01-15,0.0
2011-01-16,0.5767687472204367
2011-01-17,0.0017394572957224834
2011-01-18,0.0
2011-01-19,0.0
2011-01-20,0.2576591782271862
2011-01-21,0.0
2011-01-22,0.0
2011-01-23,0.0
2011-01-24,0.0
2011-01-25,0.0
2011-01-26,0.0
2011-01-27,0.0
2011-01-28,0.0
2011-01-29,0.0
2011-01-30,0.14639353573632738
2011-01-31,0.20450790661076704
2011-02-01,0.0
2011-02-02,0.0
2011-02-03,0.0
2011-02-04,0.0
2011-02-05,0.0
2011-02-06,0.0
2011-02-07,0.0
2011-02-08,0.0
2011-02-09,0.0
2011-02-10,0.0
2011-02-11,0.0
2011-02-12,0.0
2011-02-13,0.0
2011-02-14,0.0
2011-02-15,0.0
2011-02-16,0.0
2011-02-17,0.0
2011-02-18,0.0
2011-02-19,0.0
2011-02-20,0.0
2011-02-21,0.0
2011-02-22,0.0
2011-02-23,0.0
2011-02-24,0.0
2011-02-25,0.0
2011-02-26,0.0
2011-02-27,0.0
2011-02-28,0.0
2011-03-01,0.0
2011-03-02,0.0
2011-03-03,0.0
2011-03-04,0.01575082664688428
2011-03-05,0.047592500845591225
2011-03-06,0.0
2011-03-07,0.0
2011-03-08,0.0
2011-03-09,0.0
2011-03-10,0.0
2011-03-11,0.0
2011-03-12,0.0
2011-03-13,0.0
2011-03-14,0.0
2011-03-15,0.0
2011-03-16,0.0
2011-03-17,0.0
2011-03-18,0.0
2011-03-19,0.0
2011-03-20,0.0
2011-03-21,0.2744901117015009
2011-03-22,0.22843721834942698
2011-03-23,0.0
2011-03-24,0.0003690546030460003
2011-03-25,0.07640267576789483
2011-03-26,0.00042125705294893123
2011-03-27,0.28825893998146057
2011-03-28,0.08314619275430839
2011-03-29,1.7325725158055623
2011-03-30,3.7843949794769287
2011-03-31,0.0
2011-04-01,0.02535600991298755
2011-04-02,0.0
2011-04-03,0.3955053488413493
2011-04-04,0.0
2011-04-05,0.0
2011-04-06,0.0
2011-04-07,0.0
2011-04-08,0.0
2011-04-09,0.0
2011-04-10,0.0
2011-04-11,0.0
2011-04-12,0.0
2011-04-13,0.0
2011-04-14,0.0
2011-04-15,0.0
2011-04-16,0.0
2011-04-17,0.0
2011-04-18,0.0
2011-04-19,0.0
2011-04-20,0.0
2011-04-21,2.751285890738169
2011-04-22,2.1940901776154837
2011-04-23,0.04927330774565538
2011-04-24,5.939010699590047
2011-04-25,0.49405401448408764
2011-04-26,0.0
2011-04-27,0.0
2011-04-28,0.0
2011-04-29,0.0
2011-04-30,0.0
2011-05-01,0.0
2011-05-02,0.0
2011-05-03,0.0
2011-05-04,0.0
2011-05-05,0.0
2011-05-06,1.46457044283549
2011-05-07,1.9171809951464336
2011-05-08,0.19892505455451706
2011-05-09,2.699445128440857
2011-05-10,3.4546409845352173
2011-05-11,11.045867840449015
2011-05-12,7.570958654085795
2011-05-13,0.1361145799358686
2011-05-14,0.0
2011-05-15,0.04398555774241686
2011-05-16,0.0
2011-05-17,0.0
2011-05-18,0.0
2011-05-19,0.0
2011-05-20,0.0
2011-05-21,0.015800371145208675
2011-05-22,0.0070678312331438065
2011-05-23,0.01504855789244175
2011-05-24,0.005295853440960248
2011-05-25,0.007438383686045806
2011-05-26,0.0
2011-05-27,0.0
2011-05-28,0.0
2011-05-29,0.0
2011-05-30,0.9313276608784994
2011-05-31,1.8297318120797474
2011-06-01,0.10586530435830355
2011-06-02,0.0
2011-06-03,0.0
2011-06-04,0.9770724773406982
2011-06-05,0.0
2011-06-06,0.006710144458338618
2011-06-07,0.007460278924554586
2011-06-08,0.011424419314910969
2011-06-09,0.0
2011-06-10,0.000421840190635218
2011-06-11,0.011369444876133153
2011-06-12,0.0
2011-06-13,0.0
2011-06-14,0.4500318070252736
2011-06-15,1.1214080800612767
2011-06-16,0.3739079684019089
2011-06-17,0.02218212866379569
2011-06-18,0.0
2011-06-19,0.0
2011-06-20,1.038285697499911
2011-06-21,1.5391484995683034
2011-06-22,19.517595291137695
2011-06-23,0.17530103462437788
2011-06-24,0.0
2011-06-25,0.9032462537288666
2011-06-26,0.0025549054359241077
2011-06-27,0.0043664834326288355
2011-06-28,0.007081320509314537
2011-06-29,0.018136031227186322
2011-06-30,0.10433444598068793
2011-07-01,0.0
2011-07-02,0.0
2011-07-03,0.0
2011-07-04,0.0
2011-07-05,0.0
2011-07-06,0.0
2011-07-07,0.0
2011-07-08,0.0
2011-07-09,0.0
2011-07-10,0.0
2011-07-11,0.034146031364798546
2011-07-12,0.011305167883013686
2011-07-13,0.0009904247611605872
2011-07-14,0.0
2011-07-15,0.0018276946114686627
2011-07-16,0.10324954489866893
2011-07-17,0.003224306410023322
2011-07-18,0.0037068763631395996
2011-07-19,3.087014844020208
2011-07-20,1.2325398077567418
2011-07-21,4.636345326900482
2011-07-22,7.996726870536804
2011-07-23,11.773899475733439
2011-07-24,0.07499061152338982
2011-07-25,0.5487018376588821
2011-07-26,0.0051297316094860435
2011-07-27,0.015946886017142486
2011-07-28,5.732010777137475e-05
2011-07-29,0.021387984277680516
2011-07-30,2.1005175163348517
2011-07-31,0.0
2011-08-01,0.0005378160470475754
2011-08-02,0.0011943604331463575
2011-08-03,0.004972090634206931
2011-08-04,3.936663172983875e-05
2011-08-05,3.296414070064202e-05
2011-08-06,0.0
2011-08-07,0.0
2011-08-08,0.0
2011-08-09,0.0
2011-08-10,0.0
2011-08-11,2.259020656347275
2011-08-12,30.49492661158244
2011-08-13,0.08022766482705872
2011-08-14,0.30380544687310856
2011-08-15,0.018368092132732272
2011-08-16,0.0
2011-08-17,0.0
2011-08-18,0.0
2011-08-19,0.0
2011-08-20,0.0
2011-08-21,0.003651993232779205
2011-08-22,0.00022785294459026773
2011-08-23,0.0
2011-08-24,0.0
2011-08-25,1.0710941875974338
2011-08-26,3.42042139172554
2011-08-27,0.0
2011-08-28,0.0
2011-08-29,0.03931542565866645
2011-08-30,0.0
2011-08-31,0.0
2011-09-01,0.0
2011-09-02,1.0131671627362568
2011-09-03,0.6722348928451538
2011-09-04,0.0
2011-09-05,0.0
2011-09-06,0.31132979691028595
2011-09-07,0.31132979691028595
2011-09-08,0.31132979691028595
2011-09-09,0.31132979691028595
2011-09-10,0.31132979691028595
2011-09-11,0.0
2011-09-12,0.0
2011-09-13,0.0
2011-09-14,0.0
2011-09-15,3.578887701034546
2011-09-16,0.382823425034682
2011-09-17,1.482719878355662
2011-09-18,2.8804009159406028
2011-09-19,16.279078006744385
2011-09-20,0.0
2011-09-21,2.445555547873179
2011-09-22,7.404662370681763
2011-09-23,11.130877574284872
2011-09-24,0.0
2011-09-25,0.0
2011-09-26,0.8730494951208433
2011-09-27,4.834780891736348
2011-09-28,0.9395687406261762
2011-09-29,3.272658050060272
2011-09-30,2.8542941411336265
2011-10-01,0.0
2011-10-02,0.0
2011-10-03,0.0
2011-10-04,0.0
2011-10-05,1.0894828339417775
2011-10-06,0.0
2011-10-07,0.35467736423015594
2011-10-08,11.292942444483439
2011-10-09,52.43791643778483
2011-10-10,1.209357996781667
2011-10-11,1.8740728199481964
2011-10-12,0.028482838533818722
2011-10-13,0.0
2011-10-14,0.0
2011-10-15,0.0
2011-10-16,0.33440503974755603
2011-10-17,0.33440503974755603
2011-10-18,0.33440503974755603
2011-10-19,0.33440503974755603
2011-10-20,0.33440503974755603
2011-10-21,0.41241135944922763
2011-10-22,0.41241135944922763
2011-10-23,0.41241135944922763
2011-10-24,0.41241135944922763
2011-10-25,0.41241135944922763
2011-10-26,0.0
2011-10-27,2.18381275733312
2011-10-28,0.31258308639129
2011-10-29,0.0
2011-10-30,0.0
2011-10-31,0.0
2011-11-01,0.43928401668866474
2011-11-02,0.43928401668866474
2011-11-03,0.8099845548470815
2011-11-04,0.43928401668866474
2011-11-05,0.43928401668866474
2011-11-06,1.0808266401290894
2011-11-07,2.486026535431544
2011-11-08,1.5501168270905812
2011-11-09,0.015618133513877789
2011-11-10,0.0
2011-11-11,0.0
2011-11-12,0.0
2011-11-13,0.0
2011-11-14,2.187302847703298
2011-11-15,27.884476979573567
2011-11-16,0.0
2011-11-17,0.0
2011-11-18,0.08182706994314988
2011-11-19,0.7203277150789896
2011-11-20,1.6465181807676952
2011-11-21,0.0
2011-11-22,0.0
2011-11-23,0.0
2011-11-24,0.0
2011-11-25,0.0
2011-11-26,0.21277934002379575
2011-11-27,0.0
2011-11-28,0.0
2011-11-29,0.0
2011-11-30,0.0
2011-12-01,0.0
2011-12-02,1.5895491341749828
2011-12-03,2.7697886526584625
2011-12-04,1.8804596463839214
2011-12-05,5.079794526100159
2011-12-06,0.005728400336617294
2011-12-07,0.0
2011-12-08,0.0
2011-12-09,2.455923521438308e-05
2011-12-10,1.1199881102268894
2011-12-11,8.394522627194723
2011-12-12,3.565739711125692
2011-12-13,5.475334266821544
2011-12-14,6.349157333374023
2011-12-15,8.525125543276468
2011-12-16,0.8226665370166302
2011-12-17,0.004291410731336025
2011-12-18,0.052225243067368865
2011-12-19,1.5273153151695926
2011-12-20,0.0
2011-12-21,0.0
2011-12-22,2.5058731188376746
2011-12-23,0.0
2011-12-24,14.209312836329142
2011-12-25,0.7328004091978073
2011-12-26,0.0
2011-12-27,0.0
2011-12-28,0.0
2011-12-29,0.0
2011-12-30,0.0
2011-12-31,0.0
2012-01-01,0.0
2012-01-02,0.0
2012-01-03,0.0
2012-01-04,0.0
2012-01-05,0.0
2012-01-06,0.0
2012-01-07,0.0
2012-01-08,0.004716618297000726
2012-01-09,0.3470364014307658
2012-01-10,0.000622044550254941
2012-01-11,0.0
2012-01-12,0.0
2012-01-13,0.0
2012-01-14,0.0
2012-01-15,0.5222407923623299
2012-01-16,0.4530411201218764
2012-01-17,0.0
2012-01-18,0.0
2012-01-19,0.0
2012-01-20,0.001737592916470021
2012-01-21,0.0
2012-01-22,0.03155218344181776
2012-01-23,0.0
2012-01-24,0.8947432935237885
2012-01-25,18.80933364232381
2012-01-26,0.0
2012-01-27,0.0
2012-01-28,0.0
2012-01-29,0.0
2012-01-30,0.0
2012-01-31,0.0
2012-02-01,0.19566153300305208
2012-02-02,1.4346539874871571
2012-02-03,2.9736445546150208
2012-02-04,0.5975449234247208
2012-02-05,0.47305289283394814
2012-02-06,0.13928148243576288
2012-02-07,0.0
2012-02-08,0.00019376407893408518
2012-02-09,0.0022006954677635804
2012-02-10,1.1757865063846111
2012-02-11,0.0
2012-02-12,0.0
2012-02-13,0.0
2012-02-14,0.0
2012-02-15,0.0
2012-02-16,0.22100765878955522
2012-02-17,12.961692889531454
2012-02-18,16.586907068888348
2012-02-19,0.0015604107466060668
2012-02-20,0.004395386436954141
2012-02-21,3.663679083188375
2012-02-22,2.7091319064299264
2012-02-23,0.0
2012-02-24,0.0
2012-02-25,0.0
2012-02-26,0.0
2012-02-27,0.0
2012-02-28,0.0
2012-02-29,0.0
2012-03-01,0.0
2012-03-02,0.0
2012-03-03,0.0
2012-03-04,0.0
2012-03-05,0.0
2012-03-06,0.0
2012-03-07,0.7921432753403982
2012-03-08,0.3122030471762021
2012-03-09,6.012065092722575
2012-03-10,2.7652963995933533
2012-03-11,0.1305340671290954
2012-03-12,0.0
2012-03-13,0.07776032915959756
2012-03-14,0.12029904375473659
2012-03-15,0.06958174115667741
2012-03-16,1.7454371054967244
2012-03-17,1.5231609741846721
2012-03-18,1.3172708700100582
2012-03-19,8.908744891484579
2012-03-20,34.59247716267904
2012-03-21,0.0
2012-03-22,0.0
2012-03-23,0.0
2012-03-24,0.0
2012-03-25,0.0
2012-03-26,0.17283189917604128
2012-03-27,4.094737251599629
2012-03-28,11.96307635307312
2012-03-29,1.489199588696162
2012-03-30,2.0447777112325034
2012-03-31,0.013980163416514793
2012-04-01,0.037408833702405296
2012-04-02,0.44700491552551586
2012-04-03,4.680082321166992
2012-04-04,0.0
2012-04-05,0.0
2012-04-06,0.0
2012-04-07,4.247526039679845
2012-04-08,1.0253177852913116
2012-04-09,0.034687470140246056
2012-04-10,0.0
2012-04-11,0.00020892517810959058
2012-04-12,1.4150540431340535
2012-04-13,1.1095936099688213
2012-04-14,1.8191997210184734
2012-04-15,1.368713229894638
2012-04-16,0.0
2012-04-17,0.0
2012-04-18,0.0
2012-04-19,0.0
2012-04-20,0.0
2012-04-21,0.0
2012-04-22,0.0
2012-04-23,0.0
2012-04-24,0.0
2012-04-25,0.0
2012-04-26,0.0
2012-04-27,0.0
2012-04-28,0.013556267484091222
2012-04-29,0.4815475046634674
2012-04-30,3.4175526897112527
2012-05-01,10.935817003250122
2012-05-02,2.1491439243157706
2012-05-03,0.5402336046099663
2012-05-04,24.290552616119385
2012-05-05,1.6417042165994644
2012-05-06,2.714199016491572
2012-05-07,3.5216141740481057
2012-05-08,56.71374352773031
2012-05-09,1.1214312712351482
2012-05-10,19.896575927734375
2012-05-11,4.804045180479686
2012-05-12,0.026405806032319862
2012-05-13,0.020986176406343777
2012-05-14,0.21131890142957369
2012-05-15,40.36509386698405
2012-05-16,0.0
2012-05-17,0.0
2012-05-18,0.0
2012-05-19,0.0
2012-05-20,0.0
2012-05-21,0.0
2012-05-22,0.0
2012-05-23,0.0
2012-05-24,0.0
2012-05-25,0.0
2012-05-26,0.0
2012-05-27,0.0
2012-05-28,0.0
2012-05-29,0.0
2012-05-30,0.0
2012-05-31,0.0
2012-06-01,0.0
2012-06-02,0.0
2012-06-03,0.0
2012-06-04,0.0
2012-06-05,0.0
2012-06-06,0.010127552940199772
2012-06-07,0.005523347528651357
2012-06-08,0.011825581391652426
2012-06-09,0.0007519930853353193
2012-06-10,0.004499661037698388
2012-06-11,1.3027337342500687
2012-06-12,0.42372173195083934
2012-06-13,1.6153772870699565
2012-06-14,0.0
2012-06-15,0.10102818130205075
2012-06-16,0.47473716487487155
2012-06-17,0.053274067118763924
2012-06-18,0.18506758908430734
2012-06-19,0.33458682770530385
2012-06-20,1.2184618910153706
2012-06-21,1.662156879901886
2012-06-22,1.1360972325007122
2012-06-23,0.0
2012-06-24,0.0
2012-06-25,0.0
2012-06-26,0.14343581014933685
2012-06-27,0.23344231521089873
2012-06-28,0.0
2012-06-29,0.018248700342761975
2012-06-30,0.1329979500733316
2012-07-01,10.933404048283895
2012-07-02,24.138564427693684
2012-07-03,2.328366736570994
2012-07-04,3.429951806863149
2012-07-05,1.333846777677536
2012-07-06,0.03201073749611775
2012-07-07,0.16113739709059396
2012-07-08,1.365318035085996
2012-07-09,3.692651609579722
2012-07-10,14.655199607213339
2012-07-11,64.11749426523845
2012-07-12,12.428475062052408
2012-07-13,1.0505773623784382
2012-07-14,2.104937642812729
2012-07-15,8.032196005185446
2012-07-16,2.6756502985954285
2012-07-17,0.7003255933523178
2012-07-18,2.4498269259929657
2012-07-19,12.954495271046957
2012-07-20,0.015239558570707837
2012-07-21,0.02038876698012852
2012-07-22,0.0421475787103797
2012-07-23,0.09318732396544267
2012-07-24,0.04523486418959995
2012-07-25,0.0236480407960092
2012-07-26,1.1876602172851562
2012-07-27,8.49464468161265
2012-07-28,1.314150755604108
2012-07-29,0.0
2012-07-30,0.0009312900777634544
2012-07-31,0.05730328262628367
2012-08-01,0.0
2012-08-02,0.0
2012-08-03,0.0014783614315092564
2012-08-04,0.0
2012-08-05,0.004981496371328831
2012-08-06,0.024204424970472854
2012-08-07,0.4632192701101303
2012-08-08,0.04183120590945085
2012-08-09,0.09179549664258957
2012-08-10,0.007741324060286085
2012-08-11,2.1128163089354834
2012-08-12,0.8533523132403692
2012-08-13,4.198056668043137
2012-08-14,7.529361645380656
2012-08-15,0.00812902864223967
2012-08-16,0.005319274147041142
2012-08-17,0.12146971809367339
2012-08-18,0.9783226549625397
2012-08-19,8.878295660018921
2012-08-20,0.9369008342425028
2012-08-21,0.0
2012-08-22,0.0
2012-08-23,0.0
2012-08-24,0.0
2012-08-25,0.0
2012-08-26,0.4621639500061671
2012-08-27,1.4471631348133087
2012-08-28,0.29528064653277397
2012-08-29,0.005111889952483277
2012-08-30,0.0
2012-08-31,0.005863879710280647
2012-09-01,0.7927887092034022
2012-09-02,0.7154695391654968
2012-09-03,0.0
2012-09-04,0.0
2012-09-05,0.0
2012-09-06,0.33183406045039493
2012-09-07,0.6232472335298856
2012-09-08,0.33183406045039493
2012-09-09,0.33183406045039493
2012-09-10,0.33183406045039493
2012-09-11,0.0
2012-09-12,0.06423267256468534
2012-09-13,2.537590434153875
2012-09-14,35.85462506612142
2012-09-15,0.23250453981260458
2012-09-16,14.47057874997457
2012-09-17,0.10828603617846966
2012-09-18,0.7204957033197085
2012-09-19,0.004936444767129918
2012-09-20,0.0
2012-09-21,0.0
2012-09-22,0.0
2012-09-23,0.0
2012-09-24,0.9114094649751981
2012-09-25,2.1059372226397195
2012-09-26,0.6906655132770538
2012-09-27,0.7822170207897822
2012-09-28,2.894442538420359
2012-09-29,45.758384704589844
2012-09-30,0.09559077707429726
2012-10-01,0.7343410303195318
2012-10-02,0.9920054972171783
2012-10-03,0.0
2012-10-04,0.0
2012-10-05,0.0010258571322386463
2012-10-06,0.0
2012-10-07,0.4757917672395706
2012-10-08,0.40427741408348083
2012-10-09,0.06495490825424592
2012-10-10,0.6326386978228887
2012-10-11,0.7308578342199326
2012-10-12,0.534502848982811
2012-10-13,0.9047915091117223
2012-10-14,0.2827306017279625
2012-10-15,0.0
2012-10-16,0.8202975392341614
2012-10-17,0.8608240932226181
2012-10-18,0.0
2012-10-19,0.0
2012-10-20,0.39062796781460446
2012-10-21,0.020786961385359366
2012-10-22,0.06257099782427152
2012-10-23,0.7826966444651285
2012-10-24,1.1644515693187714
2012-10-25,0.0023318692401517183
2012-10-26,3.5078736543655396
2012-10-27,0.0010906141372591567
2012-10-28,0.0
2012-10-29,0.0
2012-10-30,0.0
2012-10-31,0.0
2012-11-01,0.058781362449129425
2012-11-02,0.036669510727127395
2012-11-03,0.7273068974415461
2012-11-04,3.2512646317481995
2012-11-05,0.0
2012-11-06,0.0
2012-11-07,0.0
2012-11-08,0.0
2012-11-09,0.0040283632260980085
2012-11-10,1.9200888673464458
2012-11-11,1.3853668371836345
2012-11-12,0.0
2012-11-13,0.0
2012-11-14,0.0
2012-11-15,0.005928720852049689
2012-11-16,0.19407459596792856
2012-11-17,0.0
2012-11-18,0.22929146140813828
2012-11-19,0.6181909094254175
2012-11-20,0.04455023957416415
2012-11-21,0.0004948993591824546
2012-11-22,0.03693163705368837
2012-11-23,0.12280089718600114
2012-11-24,0.0
2012-11-25,0.0
2012-11-26,0.9715582032998403
2012-11-27,3.4238030711809793
2012-11-28,0.0
2012-11-29,0.08045502783109744
2012-11-30,0.3165588118135929
2012-12-01,0.0
2012-12-02,0.0
2012-12-03,0.0
2012-12-04,0.0
2012-12-05,0.0
2012-12-06,0.0
2012-12-07,0.0
2012-12-08,0.0
2012-12-09,0.0
2012-12-10,0.0
2012-12-11,0.0
2012-12-12,0.0
2012-12-13,0.1865332250793775
2012-12-14,7.385939876238505
2012-12-15,2.2467077672481537
2012-12-16,0.1839297687013944
2012-12-17,0.0
2012-12-18,0.0
2012-12-19,5.328294475873311
2012-12-20,0.0
2012-12-21,0.0
2012-12-22,0.0
2012-12-23,0.0
2012-12-24,0.0
2012-12-25,0.23152686965962252
2012-12-26,0.0
2012-12-27,0.0
2012-12-28,0.023811409637952845
2012-12-29,0.0
2012-12-30,0.3680809922516346
2012-12-31,3.9401129881540933
2013-01-01,2.5795722802480063
2013-01-02,0.0
2013-01-03,0.9014926900466284
2013-01-04,5.015614032745361
2013-01-05,0.1935861756404241
2013-01-06,0.0
2013-01-07,0.0
2013-01-08,8.864144841829935
2013-01-09,42.388284047444664
2013-01-10,0.20974363386631012
2013-01-11,0.027465190971270204
2013-01-12,3.206917494535446
2013-01-13,0.025299920855710905
2013-01-14,0.0
2013-01-15,0.008934789841684202
2013-01-16,0.0445414826584359
2013-01-17,0.0445414826584359
2013-01-18,0.0445414826584359
2013-01-19,0.0445414826584359
2013-01-20,0.0445414826584359
2013-01-21,0.0
2013-01-22,0.0
2013-01-23,0.0
2013-01-24,0.0
2013-01-25,0.0
2013-01-26,0.06889995032300551
2013-01-27,0.7131115645170212
2013-01-28,2.037123918533325
2013-01-29,0.4730169052879016
2013-01-30,0.0
2013-01-31,0.0
2013-02-01,0.0
2013-02-02,0.0
2013-02-03,0.0
2013-02-04,0.0
2013-02-05,0.0
2013-02-06,0.03906684865554174
2013-02-07,0.0003193181085710724
2013-02-08,0.0
2013-02-09,0.012843428800503412
2013-02-10,0.011443407585223516
2013-02-11,0.0
2013-02-12,0.0
2013-02-13,0.0
2013-02-14,0.0
2013-02-15,0.0
2013-02-16,0.02748704398982227
2013-02-17,0.0
2013-02-18,0.7264337961872419
2013-02-19,0.08210776777317126
2013-02-20,7.12289293607076
2013-02-21,0.0
2013-02-22,0.0
2013-02-23,0.0
2013-02-24,0.0
2013-02-25,0.0
2013-02-26,0.0
2013-02-27,0.0
2013-02-28,0.0
2013-03-01,0.0
2013-03-02,0.0
2013-03-03,0.0
2013-03-04,0.0
2013-03-05,0.0
2013-03-06,0.0
2013-03-07,0.0
2013-03-08,1.2628542532523472
2013-03-09,1.5182293107112248
2013-03-10,12.223957419395447
2013-03-11,0.0
2013-03-12,0.0
2013-03-13,0.0
2013-03-14,0.0
2013-03-15,0.0
2013-03-16,0.0
2013-03-17,0.005830438560224138
2013-03-18,0.0
2013-03-19,0.0
2013-03-20,0.8717994627853235
2013-03-21,0.0
2013-03-22,0.0
2013-03-23,0.0
2013-03-24,0.0
2013-03-25,0.0
2013-03-26,0.0
2013-03-27,0.0
2013-03-28,0.7509306917587916
2013-03-29,0.1782225208977858
2013-03-30,0.2115540330608686
2013-03-31,2.64205734928449
2013-04-01,0.5487859832743803
2013-04-02,3.112084070841471
2013-04-03,22.333801587422688
2013-04-04,0.0
2013-04-05,0.0
2013-04-06,0.0
2013-04-07,0.0
2013-04-08,0.0
2013-04-09,0.0
2013-04-10,0.0
2013-04-11,0.0
2013-04-12,0.0
2013-04-13,0.0
2013-04-14,0.0
2013-04-15,0.0
2013-04-16,0.0
2013-04-17,0.0
2013-04-18,0.0
2013-04-19,0.0
2013-04-20,0.0
2013-04-21,0.0
2013-04-22,0.0
2013-04-23,0.0
2013-04-24,0.0
2013-04-25,0.0
2013-04-26,0.05891417013481259
2013-04-27,0.2412086557596922
2013-04-28,0.6590888469169537
2013-04-29,0.09614567179232836
2013-04-30,0.041246062416272856
2013-05-01,0.011284665126974383
2013-05-02,4.0887766281763716
2013-05-03,0.0002828963012386036
2013-05-04,0.0
2013-05-05,0.0
2013-05-06,0.09938361806174119
2013-05-07,0.031010351764659088
2013-05-08,0.12719029498596987
2013-05-09,0.8502968996763229
2013-05-10,5.921213150024414
2013-05-11,14.87413994471232
2013-05-12,0.0
2013-05-13,0.0
2013-05-14,0.3444044142961502
2013-05-15,6.295353929201762
2013-05-16,0.0
2013-05-17,0.0
2013-05-18,0.0
2013-05-19,0.0
2013-05-20,0.0
2013-05-21,2.0664858917395272
2013-05-22,1.9093813598155975
2013-05-23,0.299940491716067
2013-05-24,19.778735637664795
2013-05-25,21.96105194091797
2013-05-26,12.378413518269857
2013-05-27,8.476838986078898
2013-05-28,1.6214059988657634
2013-05-29,8.433651447296143
2013-05-30,5.491495529810588
2013-05-31,0.30843227977554005
2013-06-01,0.04097076295875013
2013-06-02,2.3063388417164483
2013-06-03,0.0026064485330910734
2013-06-04,0.0
2013-06-05,0.0
2013-06-06,2.0047276318073273
2013-06-07,11.91133737564087
2013-06-08,3.591813862323761
2013-06-09,4.618555744489034
2013-06-10,1.2325799614191055
2013-06-11,0.9036715428034464
2013-06-12,2.3167445361614227
2013-06-13,27.916863918304443
2013-06-14,26.367387453715008
2013-06-15,9.77339792251587
2013-06-16,3.0970228910446167
2013-06-17,0.5600195527076721
2013-06-18,0.26807356253266335
2013-06-19,0.0029709507313479358
2013-06-20,0.1817052202920119
2013-06-21,0.23424165789037943
2013-06-22,0.000523168434786688
2013-06-23,0.0007025015705342715
2013-06-24,0.46596631966531277
2013-06-25,0.014733253027467677
2013-06-26,0.07449560488263766
2013-06-27,0.0009821159207300905
2013-06-28,0.0006303082457937611
2013-06-29,5.748094995816548
2013-06-30,0.6322464644908905
2013-07-01,0.0
2013-07-02,0.0
2013-07-03,0.0
2013-07-04,0.0
2013-07-05,0.0
2013-07-06,0.0
2013-07-07,0.0092867745552212
2013-07-08,0.14029508704940477
2013-07-09,0.04013776887829105
2013-07-10,0.005055085484248896
2013-07-11,0.0032851675835748515
2013-07-12,0.4713451949258645
2013-07-13,0.0
2013-07-14,0.0
2013-07-15,5.426661590735118
2013-07-16,14.289549032847086
2013-07-17,3.800213793913523
2013-07-18,2.3165442049503326
2013-07-19,0.15307603279749551
2013-07-20,0.061997659814854465
2013-07-21,0.04210459220727595
2013-07-22,0.09302384881690766
2013-07-23,0.13486884988378733
2013-07-24,7.559748044153973e-06
2013-07-25,9.24637202596538e-06
2013-07-26,0.07972383794064324
2013-07-27,6.179251472155253
2013-07-28,0.1505917813628912
2013-07-29,0.07603461264322202
2013-07-30,0.004097065267463525
2013-07-31,0.002151950645687369
2013-08-01,0.0001575025477601836
2013-08-02,0.004429047306378682
2013-08-03,0.0001575025477601836
2013-08-04,0.0012789959243188302
2013-08-05,0.0005395582799489299
2013-08-06,0.0
2013-08-07,0.0
2013-08-08,0.0
2013-08-09,0.0
2013-08-10,0.0
2013-08-11,3.0541358230014644
2013-08-12,1.5851002112030983
2013-08-13,0.49310336060201126
2013-08-14,2.3184171517690024
2013-08-15,12.080366025368372
2013-08-16,0.0
2013-08-17,0.0
2013-08-18,0.0
2013-08-19,0.0
2013-08-20,0.0
2013-08-21,0.0
2013-08-22,0.0
2013-08-23,0.0
2013-08-24,0.0
2013-08-25,0.0
2013-08-26,2.663656989733378
2013-08-27,16.045683940251667
2013-08-28,0.184637650847435
2013-08-29,0.0
2013-08-30,0.0
2013-08-31,0.005654154849859576
2013-09-01,0.0021646086728045097
2013-09-02,3.061052600542704
2013-09-03,0.5888741165399551
2013-09-04,0.5410874535640081
2013-09-05,0.7563338341812292
2013-09-06,0.8762899984916052
2013-09-07,2.0214853386084237
2013-09-08,5.657541871070862
2013-09-09,0.9865501374006271
2013-09-10,3.0201042890548706
2013-09-11,9.854398091634115
2013-09-12,1.1181601534287136
2013-09-13,1.2416598945856094
2013-09-14,0.0
2013-09-15,2.9322744806607566
2013-09-16,6.114579200744629
2013-09-17,2.4426538546880088
2013-09-18,1.414719969034195
2013-09-19,2.6882450381914773
2013-09-20,23.138958136240642
2013-09-21,21.144362926483154
2013-09-22,0.0
2013-09-23,0.0
2013-09-24,0.0
2013-09-25,0.0
2013-09-26,0.0
2013-09-27,0.8616865475972494
2013-09-28,8.270071903864542
2013-09-29,1.6129347781340282
2013-09-30,0.00010072926882761142
2013-10-01,0.007094056500742833
2013-10-02,0.5072589665651321
2013-10-03,0.12134533002972603
2013-10-04,0.02186295995488763
2013-10-05,0.48309165239334106
2013-10-06,9.87589943408966
2013-10-07,0.0
2013-10-08,0.0
2013-10-09,0.0
2013-10-10,0.0
2013-10-11,0.6958436295390129
2013-10-12,4.763311684131622
2013-10-13,6.246819416681926
2013-10-14,4.948851744333903
2013-10-15,0.8941905349493027
2013-10-16,43.50662771860758
2013-10-17,0.0019819778972305357
2013-10-18,0.8329747368892034
2013-10-19,0.4059355929493904
2013-10-20,0.0
2013-10-21,2.1563978592554727
2013-10-22,0.0
2013-10-23,0.0
2013-10-24,0.0
2013-10-25,0.0026128433673875406
2013-10-26,0.4437508111198743
2013-10-27,1.1111960013707478
2013-10-28,0.21442895382642746
2013-10-29,0.8615630368391672
2013-10-30,1.2446612417697906
2013-10-31,1.2635098447402318
2013-11-01,0.0
2013-11-02,0.0
2013-11-03,0.5512163812915484
2013-11-04,2.752811928590139
2013-11-05,2.82694744070371
2013-11-06,4.737958669662476
2013-11-07,0.0
2013-11-08,0.00950402405578643
2013-11-09,0.00024184211179090198
2013-11-10,0.16798866353929043
2013-11-11,0.08121547102928162
2013-11-12,1.487419416507085
2013-11-13,0.0
2013-11-14,0.0
2013-11-15,0.0
2013-11-16,0.0
2013-11-17,0.0
2013-11-18,0.0
2013-11-19,2.0102648437023163
2013-11-20,9.609747131665548
2013-11-21,1.259650707244873
2013-11-22,14.115169684092203
2013-11-23,3.0537836154301963
2013-11-24,5.335323333740234
2013-11-25,4.679156144460042
2013-11-26,0.005780793930171058
2013-11-27,0.0
2013-11-28,0.0
2013-11-29,0.0
2013-11-30,0.11910840341200431
2013-12-01,0.05191812260697285
2013-12-02,0.0
2013-12-03,0.0
2013-12-04,0.0
2013-12-05,0.8420247187217077
2013-12-06,4.146441400051117
2013-12-07,0.08531856536865234
2013-12-08,0.0
2013-12-09,0.3328000058730443
2013-12-10,0.0
2013-12-11,0.0
2013-12-12,0.0
2013-12-13,1.4991587897141774
2013-12-14,0.0
2013-12-15,0.0
2013-12-16,0.0
2013-12-17,0.0
2013-12-18,0.023931452616428334
2013-12-19,0.14442400013407072
2013-12-20,1.6039589593807857
2013-12-21,9.670784870783487
2013-12-22,0.0
2013-12-23,0.0
2013-12-24,0.0
2013-12-25,0.00011350988279446028
2013-12-26,1.322693591316541
2013-12-27,9.411292473475138
2013-12-28,2.257525155941645
2013-12-29,0.033908412947009005
2013-12-30,0.005400376801844686
2013-12-31,0.0
2014-01-01,0.20087102552254996
2014-01-02,0.20087102552254996
2014-01-03,0.20087102552254996
2014-01-04,0.20087102552254996
2014-01-05,2.021277815103531
2014-01-06,0.0
2014-01-07,0.0
2014-01-08,0.028660684591159225
2014-01-09,0.08777458779513836
2014-01-10,4.120566805203755
2014-01-11,0.0
2014-01-12,0.0
2014-01-13,0.0
2014-01-14,0.0
2014-01-15,0.0
2014-01-16,0.05934035157163938
2014-01-17,0.05934035157163938
2014-01-18,0.05934035157163938
2014-01-19,0.05934035157163938
2014-01-20,0.05934035157163938
2014-01-21,0.0
2014-01-22,0.0
2014-01-23,0.0
2014-01-24,0.0
2014-01-25,0.0
2014-01-26,0.0
2014-01-27,0.0
2014-01-28,6.908257762591044
2014-01-29,0.0
2014-01-30,0.0
2014-01-31,0.0
2014-02-01,1.265848974386851
2014-02-02,6.143573602040608
2014-02-03,0.054815610560278095
2014-02-04,0.5808969438076019
2014-02-05,0.0
2014-02-06,0.0
2014-02-07,0.0
2014-02-08,0.0
2014-02-09,0.0
2014-02-10,0.0
2014-02-11,0.7082854757706324
2014-02-12,0.0007930299131354938
2014-02-13,0.0
2014-02-14,0.0
2014-02-15,0.0
2014-02-16,0.0
2014-02-17,0.0
2014-02-18,0.0
2014-02-19,0.0
2014-02-20,0.0
2014-02-21,0.0
2014-02-22,0.0
2014-02-23,0.7512758870919546
2014-02-24,0.3236475797990958
2014-02-25,3.302956481774648
2014-02-26,8.622470537821451
2014-02-27,0.0
2014-02-28,0.0
2014-03-01,0.0
2014-03-02,1.3780318746964137
2014-03-03,0.0
2014-03-04,0.2241353647162517
2014-03-05,0.17524278908967972
2014-03-06,0.0
2014-03-07,0.03241709895276775
2014-03-08,0.3784773163497448
2014-03-09,0.35840903284649056
2014-03-10,1.0266190469264984
2014-03-11,0.0
2014-03-12,0.0
2014-03-13,0.0
2014-03-14,0.0
2014-03-15,0.0
2014-03-16,0.03173351660370827
2014-03-17,0.03173351660370827
2014-03-18,0.03173351660370827
2014-03-19,0.03173351660370827
2014-03-20,0.03173351660370827
2014-03-21,0.0008713627078880867
2014-03-22,0.003929180636381109
2014-03-23,0.09286163747310638
2014-03-24,0.000536246943132331
2014-03-25,0.0
2014-03-26,1.7968116688231628
2014-03-27,1.3397664601604145
2014-03-28,0.0001564334091502436
2014-03-29,0.0
2014-03-30,0.0
2014-03-31,0.00014097725329520472
2014-04-01,0.015992161041746538
2014-04-02,4.0797432859738665
2014-04-03,2.5097800493240356
2014-04-04,1.022473116715749
2014-04-05,0.28282880286375683
2014-04-06,0.0
2014-04-07,0.0
2014-04-08,0.0
2014-04-09,0.0
2014-04-10,0.0
2014-04-11,0.0
2014-04-12,0.0016790302397566848
2014-04-13,0.2183068972080946
2014-04-14,3.476027717192968
2014-04-15,0.0
2014-04-16,0.0
2014-04-17,0.03002386928225557
2014-04-18,0.2459612339735031
2014-04-19,0.00023474113762252577
2014-04-20,2.291782816251119
2014-04-21,2.962043821811676
2014-04-22,4.083544373512268
2014-04-23,0.6286624272664388
2014-04-24,0.0064697184328300255
2014-04-25,0.02331049251370132
2014-04-26,0.19127093255519867
2014-04-27,0.0048691690899431705
2014-04-28,0.0
2014-04-29,0.0
2014-04-30,0.0
2014-05-01,0.0
2014-05-02,0.0
2014-05-03,0.0
2014-05-04,0.0
2014-05-05,0.0
2014-05-06,0.0
2014-05-07,0.6875243186950684
2014-05-08,0.8692091430226961
2014-05-09,3.9200284481048584
2014-05-10,0.3562551848590374
2014-05-11,0.0038475243103069565
2014-05-12,3.563244084517161
2014-05-13,13.168276151021322
2014-05-14,1.8069125413894653
2014-05-15,0.0
2014-05-16,0.0
2014-05-17,0.0
2014-05-18,0.0
2014-05-19,0.0
2014-05-20,0.0
2014-05-21,1.6025604605674744
2014-05-22,2.1151499152183533
2014-05-23,14.674458662668863
2014-05-24,2.645339846611023
2014-05-25,2.0116506616274514
2014-05-26,54.84333737691244
2014-05-27,26.175241152445476
2014-05-28,10.277331550916037
2014-05-29,0.0980157774562637
2014-05-30,0.010556775882529715
2014-05-31,0.00433629688147145
2014-06-01,0.0
2014-06-02,0.0
2014-06-03,0.0
2014-06-04,0.0
2014-06-05,0.0
2014-06-06,0.0831134266530474
2014-06-07,0.12473349335292976
2014-06-08,2.6182795663674674
2014-06-09,0.9939292122920355
2014-06-10,1.0539563943942387
2014-06-11,0.0
2014-06-12,7.968508720397949
2014-06-13,12.917833089828491
2014-06-14,1.369931663076083
2014-06-15,0.9074951062599818
2014-06-16,1.66703133781751
2014-06-17,2.1407157480716705
2014-06-18,3.119990368684133
2014-06-19,13.598695039749146
2014-06-20,8.061751008033752
2014-06-21,0.5000723525881767
2014-06-22,2.3058160146077475
2014-06-23,1.8738063474496205
2014-06-24,1.0316570401191711
2014-06-25,10.199260393778482
2014-06-26,2.741930365562439
2014-06-27,2.4483821193377175
2014-06-28,2.7342832684516907
2014-06-29,0.0683601601049304
2014-06-30,0.110682828972737
2014-07-01,0.0
2014-07-02,0.0
2014-07-03,0.0
2014-07-04,0.0
2014-07-05,0.0
2014-07-06,0.4783614242138962
2014-07-07,0.05761077171579624
2014-07-08,0.2736064193304628
2014-07-09,0.7536640220011274
2014-07-10,1.7417698732266824
2014-07-11,11.898407697677612
2014-07-12,0.07102994962284963
2014-07-13,0.0006513298867503181
2014-07-14,0.020047196730350453
2014-07-15,2.201190014680227
2014-07-16,0.046086943708360195
2014-07-17,1.3232206056515377
2014-07-18,23.266166528065998
2014-07-19,0.7899028758207957
2014-07-20,1.320587416489919
2014-07-21,0.39832910150289536
2014-07-22,0.058293724743028484
2014-07-23,0.7531253223617872
2014-07-24,0.3816022351384163
2014-07-25,3.953434869647026
2014-07-26,0.8284127016862234
2014-07-27,0.0
2014-07-28,0.0011169127271083805
2014-07-29,0.002757502423870998
2014-07-30,0.0
2014-07-31,3.9680614868799844
2014-08-01,1.6955571075280507
2014-08-02,8.144388993581137
2014-08-03,0.0
2014-08-04,0.26550016241769
2014-08-05,0.39343814676006633
2014-08-06,0.0
2014-08-07,0.0
2014-08-08,0.0
2014-08-09,0.0
2014-08-10,0.0
2014-08-11,3.825981835524241
2014-08-12,9.975964228312174
2014-08-13,1.0599388231833775
2014-08-14,0.0
2014-08-15,0.0001949817033164436
2014-08-16,1.9828369145592053
2014-08-17,1.624192436536153
2014-08-18,33.493781884511314
2014-08-19,21.104264736175537
2014-08-20,1.3486178169647853
2014-08-21,0.0
2014-08-22,0.0
2014-08-23,0.0
2014-08-24,0.0
2014-08-25,0.0
2014-08-26,0.0
2014-08-27,0.0
2014-08-28,0.0
2014-08-29,0.0
2014-08-30,0.0
2014-08-31,0.0
2014-09-01,0.20663144811987877
2014-09-02,0.5106422255436579
2014-09-03,6.695761203765869
2014-09-04,1.835016906261444
2014-09-05,1.2240432053804398
2014-09-06,5.5946276386578875
2014-09-07,19.048205693562824
2014-09-08,4.584814290205638
2014-09-09,0.0040495590947102755
2014-09-10,0.0019919394399039447
2014-09-11,0.6753866821527481
2014-09-12,0.9399775595714649
2014-09-13,5.9872386654218035
2014-09-14,0.5700214991229586
2014-09-15,0.14791546016931534
2014-09-16,0.31543524749577045
2014-09-17,2.5504027605056763
2014-09-18,1.7211380501588185
2014-09-19,4.9564870198567705
2014-09-20,1.1037756130099297
2014-09-21,6.368510484695435
2014-09-22,0.0
2014-09-23,0.49489280581474304
2014-09-24,0.3764929560323556
2014-09-25,0.04694513635089
2014-09-26,2.2395684818426767
2014-09-27,10.269882837931315
2014-09-28,0.11482341587543488
2014-09-29,0.29339850197235745
2014-09-30,0.0016784226269616436
2014-10-01,0.02533269456277291
2014-10-02,0.8628801554441452
2014-10-03,0.1838281098753214
2014-10-04,0.0
2014-10-05,0.0013664066160951431
2014-10-06,0.13868233499427637
2014-10-07,0.03447842691093683
2014-10-08,0.38000501195589703
2014-10-09,0.7726036061843237
2014-10-10,0.16910630464553833
2014-10-11,12.289394537607828
2014-10-12,0.06796067363272111
2014-10-13,0.23676299303770065
2014-10-14,0.0
2014-10-15,0.0
2014-10-16,0.0
2014-10-17,0.0
2014-10-18,0.05479085771366954
2014-10-19,1.4721681873003643
2014-10-20,0.03851998682754735
2014-10-21,0.7603318120042483
2014-10-22,1.363211303949356
2014-10-23,4.646918435891469
2014-10-24,0.0
2014-10-25,0.0
2014-10-26,0.0
2014-10-27,0.0
2014-10-28,0.0017655210782929014
2014-10-29,0.5997549146413803
2014-10-30,0.10535116059084733
2014-10-31,5.591064214706421
2014-11-01,0.0
2014-11-02,0.019971459871158004
2014-11-03,0.6258624444405237
2014-11-04,1.9616326193014781
2014-11-05,26.628260294596355
2014-11-06,16.13844911257426
2014-11-07,0.21081604436039925
2014-11-08,0.0
2014-11-09,0.0
2014-11-10,0.0
2014-11-11,0.6748748247822126
2014-11-12,0.0
2014-11-13,0.08112203360845645
2014-11-14,0.0
2014-11-15,1.4588842193285625
2014-11-16,0.09960306249558926
2014-11-17,0.0
2014-11-18,0.0
2014-11-19,0.0
2014-11-20,1.151755650838216
2014-11-21,0.007259045882771413
2014-11-22,0.08260501424471538
2014-11-23,0.004015293282767137
2014-11-24,0.0
2014-11-25,2.2571759473066777e-05
2014-11-26,0.0
2014-11-27,0.0
2014-11-28,0.0006207538050754616
2014-11-29,0.0
2014-11-30,0.041931940242648125
2014-12-01,0.0009586821931103865
2014-12-02,9.650459590678413e-05
2014-12-03,0.0009060936669508616
2014-12-04,0.0023261761913696923
2014-12-05,0.000876440666615963
2014-12-06,0.0
2014-12-07,0.0
2014-12-08,0.0
2014-12-09,0.0
2014-12-10,0.0
2014-12-11,0.0
2014-12-12,0.0
2014-12-13,0.0
2014-12-14,0.0
2014-12-15,0.0
2014-12-16,0.0
2014-12-17,4.923613945643107
2014-12-18,0.4186842292547226
2014-12-19,3.241205712159475
2014-12-20,0.0
2014-12-21,0.0
2014-12-22,0.0
2014-12-23,0.0
2014-12-24,0.0
2014-12-25,0.0
2014-12-26,0.030611212132498622
2014-12-27,1.0056956162055333
2014-12-28,4.6163662274678545
2014-12-29,0.0
2014-12-30,0.937243307630221
2014-12-31,4.769813974698384
2015-01-01,10.54386297861735
2015-01-02,4.763569792111714
2015-01-03,26.50418249766032
2015-01-04,0.00034467184741515666
2015-01-05,0.00034467184741515666
2015-01-06,9.216110659811724e-07
2015-01-07,9.216110659811724e-07
2015-01-08,0.013697084039449692
2015-01-09,0.001095086180915435
2015-01-10,0.04591939846674601
2015-01-11,0.0
2015-01-12,0.0
2015-01-13,0.0
2015-01-14,0.0
2015-01-15,0.0
2015-01-16,0.1106338460619251
2015-01-17,0.1106338460619251
2015-01-18,0.1106338460619251
2015-01-19,0.1106338460619251
2015-01-20,0.1106338460619251
2015-01-21,0.0
2015-01-22,0.0
2015-01-23,0.0
2015-01-24,0.0
2015-01-25,0.0
2015-01-26,0.000324077741728009
2015-01-27,0.000324077741728009
2015-01-28,0.000324077741728009
2015-01-29,0.000324077741728009
2015-01-30,0.000324077741728009
2015-01-31,15.271576245625814
2015-02-01,1.4491509199142456
2015-02-02,0.0004360601572746721
2015-02-03,16.99750582377116
2015-02-04,0.19764169305562973
2015-02-05,0.041323152060310044
2015-02-06,0.0
2015-02-07,0.0
2015-02-08,0.0
2015-02-09,0.0
2015-02-10,0.0
2015-02-11,6.262964931617414e-05
2015-02-12,0.3479786316553752
2015-02-13,6.262964931617414e-05
2015-02-14,0.03624989573533336
2015-02-15,3.5074848532676697
2015-02-16,0.0
2015-02-17,0.0
2015-02-18,0.0
2015-02-19,0.0
2015-02-20,0.0
2015-02-21,0.00022552255419820236
2015-02-22,0.7537352393070856
2015-02-23,1.8379251460234325
2015-02-24,0.21365725994110107
2015-02-25,0.04074687665949265
2015-02-26,0.0
2015-02-27,0.0
2015-02-28,0.0
2015-03-01,1.865689476331075
2015-03-02,2.6415081918239594
2015-03-03,4.351658582687378
2015-03-04,1.838665043314298
2015-03-05,1.3925792028506596
2015-03-06,0.000152568296471145
2015-03-07,0.4756678293148677
2015-03-08,3.790344019730886
2015-03-09,7.506973346074422
2015-03-10,3.8474716742833457
2015-03-11,0.0023136264256512127
2015-03-12,1.5663694043954213
2015-03-13,0.39009975890318555
2015-03-14,0.08130516391247511
2015-03-15,0.0023136264256512127
2015-03-16,2.3924036365012096e-05
2015-03-17,2.5549815893173218
2015-03-18,5.038746158281962
2015-03-19,0.3117397576570511
2015-03-20,2.3922430078188577
2015-03-21,26.320425987243652
2015-03-22,1.215437908967336
2015-03-23,0.005603546257286022
2015-03-24,0.006399972713552415
2015-03-25,0.018304980204751093
2015-03-26,2.2052319596211114
2015-03-27,9.950476699790063e-05
2015-03-28,9.950476699790063e-05
2015-03-29,9.950476699790063e-05
2015-03-30,0.0005256753162636111
2015-03-31,0.39453281834721565
2015-04-01,0.49383992453416187
2015-04-02,0.10484282641361158
2015-04-03,0.15001179712514082
2015-04-04,3.7207798957824707
2015-04-05,1.98146886130174
2015-04-06,1.6607565184434254
2015-04-07,0.14354084432125092
2015-04-08,1.238959829012553
2015-04-09,0.025512288324534893
2015-04-10,10.864795764287313
2015-04-11,7.892752488454183
2015-04-12,6.361110130945842
2015-04-13,12.249377171198526
2015-04-14,0.0003180184855106442
2015-04-15,0.19408844535549483
2015-04-16,5.08066467444102
2015-04-17,17.7514971892039
2015-04-18,11.646542628606161
2015-04-19,0.9530183374881744
2015-04-20,0.0001365133933480441
2015-04-21,0.016932013134161632
2015-04-22,2.9511393109957376
2015-04-23,1.1985737681388855
2015-04-24,23.791422843933105
2015-04-25,3.5760077834129333
2015-04-26,0.12339010151724021
2015-04-27,4.0548259019851685
2015-04-28,0.028310567140579224
2015-04-29,1.8662054875070073e-05
2015-04-30,1.8662054875070073e-05
2015-05-01,0.0
2015-05-02,0.0
2015-05-03,0.0
2015-05-04,0.0
2015-05-05,0.0
2015-05-06,2.58695841828982
2015-05-07,1.8795137802759807
2015-05-08,1.578726162513097
2015-05-09,1.1035302728414536
2015-05-10,5.636402408281962
2015-05-11,10.201945861180624
2015-05-12,8.079779664675394
2015-05-13,52.01009750366211
2015-05-14,5.160275995731354
2015-05-15,36.93020788828532
2015-05-16,2.910350799560547
2015-05-17,24.39078489939372
2015-05-18,4.843932271003723
2015-05-19,6.946715911229451
2015-05-20,1.245505690574646
2015-05-21,23.35210959116618
2015-05-22,3.687367836634318
2015-05-23,19.284000078837078
2015-05-24,35.9943650563558
2015-05-25,29.609755992889404
2015-05-26,1.6589373151461284
2015-05-27,9.157071948051453
2015-05-28,5.074920793374379
2015-05-29,14.513668060302734
2015-05-30,27.416000366210938
2015-05-31,0.5965054904421171
2015-06-01,0.0
2015-06-02,0.0
2015-06-03,0.0
2015-06-04,0.0
2015-06-05,0.0
2015-06-06,0.033336133075257145
2015-06-07,1.1315951269352809e-05
2015-06-08,0.0016500125057063997
2015-06-09,0.0007034466834738851
2015-06-10,0.00176546045501406
2015-06-11,0.06024799464891354
2015-06-12,3.2691831986109414
2015-06-13,3.1197896202405295
2015-06-14,10.626676996548971
2015-06-15,0.911705955862999
2015-06-16,3.52347332239151
2015-06-17,6.499657352765401
2015-06-18,22.620930035909016
2015-06-19,7.930612325668335
2015-06-20,11.716272274653116
2015-06-21,8.983569463094076
2015-06-22,9.06219736735026
2015-06-23,0.8857463498910269
2015-06-24,0.6085509558518728
2015-06-25,0.10351888711253802
2015-06-26,0.28435561433434486
2015-06-27,16.88955005009969
2015-06-28,17.165297667185467
2015-06-29,1.4559837877750397
2015-06-30,11.839276790618896
2015-07-01,1.9327692190806072
2015-07-02,0.9486303776502609
2015-07-03,0.4375460048516591
2015-07-04,0.8977261881033579
2015-07-05,0.38054994990428287
2015-07-06,0.055478373231987156
2015-07-07,1.6197137733300526
2015-07-08,7.008491436640422
2015-07-09,0.5771931484341621
2015-07-10,0.336100817968448
2015-07-11,0.042160664685070515
2015-07-12,0.014224790347119173
2015-07-13,0.0005481744083226658
2015-07-14,0.0005481744083226658
2015-07-15,0.0005481744083226658
2015-07-16,0.0288355501058201
2015-07-17,0.0506122230241696
2015-07-18,0.2563049946911633
2015-07-19,0.2652112276603778
2015-07-20,0.000706759838067228
2015-07-21,8.223708878555651e-05
2015-07-22,0.15825122416329881
2015-07-23,0.01787811972705337
2015-07-24,0.0576548408328866
2015-07-25,8.223708878555651e-05
2015-07-26,0.0025632176815027683
2015-07-27,0.2576277941310157
2015-07-28,0.28314049262553453
2015-07-29,0.0025632176815027683
2015-07-30,0.0025632176815027683
2015-07-31,3.025522788365682
2015-08-01,0.09363549357901017
2015-08-02,0.019107280085639406
2015-08-03,6.340114305203315e-05
2015-08-04,0.08269763365387917
2015-08-05,0.019893180578947067
2015-08-06,0.0
2015-08-07,0.0
2015-08-08,0.0
2015-08-09,0.0
2015-08-10,0.0
2015-08-11,0.0005974457647729045
2015-08-12,1.4145045181115468
2015-08-13,15.364148457845053
2015-08-14,0.19392229802906513
2015-08-15,21.320380131403606
2015-08-16,1.6704045633474986
2015-08-17,0.006404605306064089
2015-08-18,0.08022471734633048
2015-08-19,0.06953648508836825
2015-08-20,9.869018157323202
2015-08-21,2.291283051172892
2015-08-22,1.303878406683604
2015-08-23,0.37003326416015625
2015-08-24,0.02102365899675836
2015-08-25,0.69059590001901
2015-08-26,0.3758490818242232
2015-08-27,0.9717939148346583
2015-08-28,0.0011063467391068116
2015-08-29,0.0011063467391068116
2015-08-30,2.595883289972941
2015-08-31,2.3838679442803064
2015-09-01,0.4465666090448697
2015-09-02,0.25421762590607005
2015-09-03,0.01041200248679767
2015-09-04,0.19771703518927097
2015-09-05,0.5510175749659538
2015-09-06,0.0022941239488621554
2015-09-07,0.0016246597127368052
2015-09-08,0.003017305377094696
2015-09-09,3.714861273765564
2015-09-10,5.382001260916392
2015-09-11,5.145789821942647
2015-09-12,1.2613979876041412
2015-09-13,0.001032007824202689
2015-09-14,0.001032007824202689
2015-09-15,0.7408833503723145
2015-09-16,1.4283260107040405
2015-09-17,0.2965826243162155
2015-09-18,0.1608149272700151
2015-09-19,0.26608297352989513
2015-09-20,0.014732055986920992
2015-09-21,1.7976624369621277
2015-09-22,0.002011276975584527
2015-09-23,0.002011276975584527
2015-09-24,0.5816362102826437
2015-09-25,0.57362483193477
2015-09-26,1.8259095052878063
2015-09-27,0.30957097153926344
2015-09-28,0.008043180792204415
2015-09-29,0.16616560891270638
2015-09-30,0.0042664511541564325
2015-10-01,0.004297785713182141
2015-10-02,0.18950265583892664
2015-10-03,0.0007637795739962409
2015-10-04,0.0007637795739962409
2015-10-05,1.1319098124901454
2015-10-06,0.0004954618513390111
2015-10-07,0.04155039647594094
2015-10-08,6.582635958989461
2015-10-09,52.985965728759766
2015-10-10,0.283846211930116
2015-10-11,0.021867464296519756
2015-10-12,0.021867464296519756
2015-10-13,0.021867464296519756
2015-10-14,0.021867464296519756
2015-10-15,2.2212739686171212
2015-10-16,0.012591523583978415
2015-10-17,0.012591523583978415
2015-10-18,0.012591523583978415
2015-10-19,2.0418592393398285
2015-10-20,0.012591523583978415
2015-10-21,2.068460464477539
2015-10-22,4.482960144678752
2015-10-23,7.584475040435791
2015-10-24,53.470130920410156
2015-10-25,0.519263164450725
2015-10-26,2.5530056367036497e-05
2015-10-27,2.5530056367036497e-05
2015-10-28,2.5530056367036497e-05
2015-10-29,0.004468939951038919
2015-10-30,24.13310742378235
2015-10-31,5.572037955125173
2015-11-01,0.0012387885193068844
2015-11-02,7.564230448527572e-05
2015-11-03,7.564230448527572e-05
2015-11-04,2.960718890031179
2015-11-05,4.726151525974274
2015-11-06,1.8765106002489726
2015-11-07,16.197380781173706
2015-11-08,0.010097436723299325
2015-11-09,0.011985570813218752
2015-11-10,0.8251135597626368
2015-11-11,3.244742214679718
2015-11-12,0.010099349077790976
2015-11-13,0.5806655883789062
2015-11-14,1.1885408610105515
2015-11-15,0.665864422917366
2015-11-16,2.379771411418915
2015-11-17,6.27611776192983
2015-11-18,0.00010656140936286344
2015-11-19,0.00010656140936286344
2015-11-20,0.013606120211382708
2015-11-21,0.0
2015-11-22,0.0
2015-11-23,0.0
2015-11-24,0.0
2015-11-25,0.0
2015-11-26,3.4137150645256042
2015-11-27,18.903254508972168
2015-11-28,22.166880925496418
2015-11-29,3.822571257750193
2015-11-30,0.10328293063988288
2015-12-01,0.8680554081996282
2015-12-02,0.8680554081996282
2015-12-03,0.8680554081996282
2015-12-04,0.8680554081996282
2015-12-05,0.8680554081996282
2015-12-06,0.0
2015-12-07,0.0
2015-12-08,0.0
2015-12-09,0.0
2015-12-10,0.0
2015-12-11,0.00015593893476761878
2015-12-12,2.241903374592463
2015-12-13,25.0312557220459
2015-12-14,0.00015593893476761878
2015-12-15,0.6129668454329172
2015-12-16,0.005449650750961155
2015-12-17,0.005449650750961155
2015-12-18,0.005449650750961155
2015-12-19,0.005449650750961155
2015-12-20,4.015830258528392
2015-12-21,0.0012770106089495432
2015-12-22,0.0012770106089495432
2015-12-23,0.1447887864584724
2015-12-24,0.0012770106089495432
2015-12-25,1.9232111498713493
2015-12-26,4.533161719640096
2015-12-27,8.971181869506836
2015-12-28,0.03264393521628032
2015-12-29,0.00010269499928957278
2015-12-30,0.003830647881841287
2015-12-31,0.00010269499928957278
2016-01-01,1.5797570447127025
2016-01-02,16.85875455538432
2016-01-03,2.8252893487612405
2016-01-04,0.0
2016-01-05,0.018296390306204557
2016-01-06,0.0
2016-01-07,0.0
2016-01-08,0.0
2016-01-09,0.0
2016-01-10,0.0
2016-01-11,0.0
2016-01-12,0.0
2016-01-13,0.0
2016-01-14,0.0
2016-01-15,0.0
2016-01-16,0.16664842454095682
2016-01-17,0.0
2016-01-18,0.0
2016-01-19,0.0005550372176609623
2016-01-20,0.17998160049319267
2016-01-21,0.0
2016-01-22,0.0
2016-01-23,0.0
2016-01-24,0.0
2016-01-25,0.0
2016-01-26,0.0
2016-01-27,0.0
2016-01-28,0.0
2016-01-29,0.0
2016-01-30,0.0
2016-01-31,0.0
2016-02-01,0.0
2016-02-02,0.0
2016-02-03,0.0
2016-02-04,0.0
2016-02-05,0.0
2016-02-06,0.0
2016-02-07,0.0
2016-02-08,0.0
2016-02-09,0.0
2016-02-10,0.0
2016-02-11,0.0
2016-02-12,0.0
2016-02-13,0.0
2016-02-14,0.0
2016-02-15,0.0
2016-02-16,0.0
2016-02-17,0.0
2016-02-18,0.0
2016-02-19,0.0
2016-02-20,0.0
2016-02-21,0.22490983083844185
2016-02-22,2.919507404168447
2016-02-23,16.10329246520996
2016-02-24,0.0
2016-02-25,0.0
2016-02-26,0.0
2016-02-27,0.0
2016-02-28,0.0
2016-02-29,0.0
2016-03-01,0.0
2016-03-02,0.0
2016-03-03,0.0
2016-03-04,0.0
2016-03-05,0.0
2016-03-06,2.243604193131129
2016-03-07,3.277652124563853
2016-03-08,13.933274348576864
2016-03-09,4.937202950318654
2016-03-10,8.604376912117004
2016-03-11,18.92674199740092
2016-03-12,0.04533958171183864
2016-03-13,0.0
2016-03-14,0.0
2016-03-15,0.0
2016-03-16,0.03391750932981571
2016-03-17,2.7653721372286477
2016-03-18,10.663559675216675
2016-03-19,2.1567444105943046
2016-03-20,0.0
2016-03-21,0.0
2016-03-22,0.0
2016-03-23,0.0
2016-03-24,2.3610893984635672
2016-03-25,0.0
2016-03-26,0.0
2016-03-27,1.0245976845423381
2016-03-28,0.04887685955812534
2016-03-29,2.6158278584480286
2016-03-30,3.8355610569318137
2016-03-31,0.0010480017469186957
2016-04-01,3.6932880679766336
2016-04-02,0.0
2016-04-03,0.0
2016-04-04,0.0
2016-04-05,0.0
2016-04-06,0.03225947202493747
2016-04-07,0.0
2016-04-08,0.036839670268818736
2016-04-09,1.0511248409748077
2016-04-10,0.37100082139174145
2016-04-11,1.0861401408910751
2016-04-12,2.2071038583914437
2016-04-13,19.753073930740356
2016-04-14,0.06213445061196884
2016-04-15,0.0
2016-04-16,3.4873846968015036
2016-04-17,7.7591991027196245
2016-04-18,19.74854564666748
2016-04-19,6.979657252629598
2016-04-20,1.1359718640645344
2016-04-21,10.61919637521108
2016-04-22,0.0959085946281751
2016-04-23,0.2771105468273163
2016-04-24,1.3758219728867214
2016-04-25,0.2411288507282734
2016-04-26,0.26316847279667854
2016-04-27,4.534261465072632
2016-04-28,0.3434957340359688
2016-04-29,0.8668636083602905
2016-04-30,0.0016007077598866697
2016-05-01,0.0
2016-05-02,0.0
2016-05-03,0.0
2016-05-04,0.0
2016-05-05,0.0
2016-05-06,0.0
2016-05-07,0.009711772746716937
2016-05-08,0.10910536325536668
2016-05-09,0.002769163726043189
2016-05-10,0.22684036567807198
2016-05-11,2.6563279827435813
2016-05-12,2.2999834020932517
2016-05-13,1.9618883033593495
2016-05-14,8.877756436665853
2016-05-15,13.301149527231852
2016-05-16,1.0210483918587367
2016-05-17,0.5162013620138168
2016-05-18,15.804418563842773
2016-05-19,31.452022393544514
2016-05-20,0.7380435764789581
2016-05-21,1.0851940959692001
2016-05-22,0.7194375495115916
2016-05-23,0.5101680705944697
2016-05-24,0.8843677441279093
2016-05-25,0.6175689846277237
2016-05-26,0.374981876462698
2016-05-27,23.32487408320109
2016-05-28,1.1938691983620326
2016-05-29,11.227476994196573
2016-05-30,12.881956974665323
2016-05-31,35.097618103027344
2016-06-01,29.400766213734943
2016-06-02,12.517924467722574
2016-06-03,9.28184195359548
2016-06-04,0.44270143161217373
2016-06-05,0.002982206982172405
2016-06-06,0.0
2016-06-07,0.0
2016-06-08,0.007075967577596505
2016-06-09,0.010503392356137434
2016-06-10,0.012842788981894651
2016-06-11,0.8976715256770452
2016-06-12,0.8421360651652018
2016-06-13,0.09090522024780512
2016-06-14,0.06764941103756428
2016-06-15,0.021010826729858916
2016-06-16,0.010437145945616066
2016-06-17,0.18792669350902239
2016-06-18,0.7324978063503901
2016-06-19,1.5743548969427745
2016-06-20,1.196717734138171
2016-06-21,0.05063019037091484
2016-06-22,0.00855832146529186
2016-06-23,0.0011473857255926607
2016-06-24,0.08830039540771395
2016-06-25,2.629716757684946
2016-06-26,6.664971510569255
2016-06-27,4.690152903397878
2016-06-28,6.347977638244629
2016-06-29,12.606818755467733
2016-06-30,0.27803127095103264
2016-07-01,0.0
2016-07-02,0.0
2016-07-03,0.0
2016-07-04,0.0
2016-07-05,0.0
2016-07-06,0.0
2016-07-07,0.0
2016-07-08,0.0
2016-07-09,0.0
2016-07-10,0.0
2016-07-11,0.0006539828245877288
2016-07-12,0.003662625056070586
2016-07-13,0.020137786865234375
2016-07-14,0.023709303699433804
2016-07-15,0.0006374900694936514
2016-07-16,0.09975233254954219
2016-07-17,0.14894622657448053
2016-07-18,0.025989166771372158
2016-07-19,0.05726866932430615
2016-07-20,0.16770780055473247
2016-07-21,0.059877998409016676
2016-07-22,0.0
2016-07-23,0.0
2016-07-24,0.002209757281889324
2016-07-25,0.25160361065839726
2016-07-26,23.010872046152752
2016-07-27,2.488580495119095
2016-07-28,0.5885728150606155
2016-07-29,0.8396842976411184
2016-07-30,0.36014891664187115
2016-07-31,0.3766215480864048
2016-08-01,0.002643287181854248
2016-08-02,0.00041128248752405244
2016-08-03,0.00029657887838159996
2016-08-04,0.0
2016-08-05,0.003318434270719687
2016-08-06,0.0
2016-08-07,0.0
2016-08-08,0.0
2016-08-09,0.0
2016-08-10,0.0
2016-08-11,0.15885809808969498
2016-08-12,0.24716584011912346
2016-08-13,32.9922726949056
2016-08-14,15.894218921661377
2016-08-15,3.880175600449244
2016-08-16,16.3861137231191
2016-08-17,12.671983083089193
2016-08-18,7.561804374059041
2016-08-19,9.411778966585794
2016-08-20,23.63845666249593
2016-08-21,7.680065482854843
2016-08-22,7.147037262717883
2016-08-23,0.08158526949894924
2016-08-24,0.014905910337499032
2016-08-25,0.0
2016-08-26,1.1004476994276047
2016-08-27,0.9348396609226862
2016-08-28,1.3031973193089168
2016-08-29,2.8849736054738364
2016-08-30,13.166837771733602
2016-08-31,5.1160359382629395
2016-09-01,0.30660154794653255
2016-09-02,14.332686424255371
2016-09-03,3.1659560402234397
2016-09-04,0.6075075740615526
2016-09-05,0.8055080473423004
2016-09-06,1.9689898490905762
2016-09-07,0.5267612958947817
2016-09-08,0.0005976244004462691
2016-09-09,0.0
2016-09-10,0.0989678893238306
2016-09-11,6.653530716896057
2016-09-12,5.610669136047363
2016-09-13,10.054057955741882
2016-09-14,4.463871538639069
2016-09-15,1.7062412699063618
2016-09-16,0.7000531181693077
2016-09-17,0.2020630699892839
2016-09-18,0.5478623559077581
2016-09-19,1.2372148782014847
2016-09-20,0.0
2016-09-21,0.5449062759677569
2016-09-22,0.0
2016-09-23,0.1883510227004687
2016-09-24,3.0158927838007608
2016-09-25,42.77049430211385
2016-09-26,70.60217666625977
2016-09-27,0.877894123395284
2016-09-28,0.0
2016-09-29,0.0
2016-09-30,0.0
2016-10-01,0.767817830046018
2016-10-02,0.0
2016-10-03,0.0
2016-10-04,0.17119703317681947
2016-10-05,0.004492305655730888
2016-10-06,0.21973586082458496
2016-10-07,0.7711654355128607
2016-10-08,0.39425325269500416
2016-10-09,0.06618601518372695
2016-10-10,0.0
2016-10-11,0.0
2016-10-12,0.0
2016-10-13,3.0302694439888
2016-10-14,0.5493940984209379
2016-10-15,0.07770459229747455
2016-10-16,0.0
2016-10-17,0.0
2016-10-18,0.0
2016-10-19,0.10217816134293874
2016-10-20,2.6295165022214255
2016-10-21,0.0
2016-10-22,0.0
2016-10-23,1.294269472360611
2016-10-24,0.6208848928411802
2016-10-25,0.5106432115038236
2016-10-26,0.2914905287325382
2016-10-27,1.324728548526764
2016-10-28,0.0
2016-10-29,0.032512547836328544
2016-10-30,0.31243514517943066
2016-10-31,0.106903496508797
2016-11-01,0.34904273351033527
2016-11-02,2.975365996360779
2016-11-03,15.206835746765137
2016-11-04,9.531954487164816
2016-11-05,1.2545519173145294
2016-11-06,1.4004625181357067
2016-11-07,3.1153713266054788
2016-11-08,4.350335280100505
2016-11-09,4.677024841308594
2016-11-10,4.777494132518768
2016-11-11,0.17402212073405585
2016-11-12,0.5411612962683042
2016-11-13,2.026154418786367
2016-11-14,0.012140027868251005
2016-11-15,0.0
2016-11-16,0.0
2016-11-17,0.038011264987289906
2016-11-18,1.175972004731496
2016-11-19,0.0
2016-11-20,0.0
2016-11-21,0.0
2016-11-22,0.0
2016-11-23,0.0
2016-11-24,0.0
2016-11-25,0.0
2016-11-26,0.007281123233648638
2016-11-27,0.033102035677681364
2016-11-28,0.0033017126067231097
2016-11-29,0.0
2016-11-30,0.0
2016-12-01,0.0
2016-12-02,5.225290656089783
2016-12-03,39.9672482808431
2016-12-04,13.423284451166788
2016-12-05,26.908562183380127
2016-12-06,0.0
2016-12-07,0.0
2016-12-08,0.0
2016-12-09,0.0
2016-12-10,0.0
2016-12-11,0.0
2016-12-12,0.0
2016-12-13,0.0
2016-12-14,0.0
2016-12-15,0.0
2016-12-16,0.0
2016-12-17,0.0
2016-12-18,0.0
2016-12-19,0.0
2016-12-20,0.0
2016-12-21,0.0
2016-12-22,0.0
2016-12-23,0.0
2016-12-24,0.0
2016-12-25,0.0
2016-12-26,0.8546935232977072
2016-12-27,0.6527338611582915
2016-12-28,0.19094564113765955
2016-12-29,0.0
2016-12-30,0.08665471997422476
2016-12-31,0.09223675867542624
2017-01-01,0.0
2017-01-02,0.0
2017-01-03,0.0
2017-01-04,0.0
2017-01-05,0.0
2017-01-06,0.4128320273011923
2017-01-07,0.0
2017-01-08,0.0
2017-01-09,0.0
2017-01-10,0.0
2017-01-11,0.0
2017-01-12,0.0
2017-01-13,0.0
2017-01-14,0.0
2017-01-15,0.0
2017-01-16,17.46862069765727
2017-01-17,6.552098393440247
2017-01-18,12.27923051516215
2017-01-19,0.0005687072904644689
2017-01-20,0.0
2017-01-21,0.0
2017-01-22,0.0
2017-01-23,0.0
2017-01-24,0.0
2017-01-25,0.0
2017-01-26,0.0
2017-01-27,0.0
2017-01-28,0.0
2017-01-29,0.0
2017-01-30,0.0
2017-01-31,0.0
2017-02-01,0.0
2017-02-02,0.0
2017-02-03,0.0
2017-02-04,0.0
2017-02-05,0.0
2017-02-06,1.150189034640789
2017-02-07,0.0
2017-02-08,0.0
2017-02-09,0.0
2017-02-10,0.5944444015622139
2017-02-11,0.0
2017-02-12,0.03837725968332961
2017-02-13,1.1286777138399582
2017-02-14,12.043699599802494
2017-02-15,0.0
2017-02-16,0.0016447775560664013
2017-02-17,0.0005232463299762458
2017-02-18,0.0
2017-02-19,3.695110102494558
2017-02-20,26.366663614908855
2017-02-21,0.0
2017-02-22,0.0
2017-02-23,0.0
2017-02-24,0.0
2017-02-25,0.0
2017-02-26,3.2087717751661935
2017-02-27,0.6772571032245954
2017-02-28,2.2802696923414865
2017-03-01,0.0
2017-03-02,0.0
2017-03-03,0.0
2017-03-04,20.45162566502889
2017-03-05,2.2343632578849792
2017-03-06,0.18407908555430672
2017-03-07,0.19308177024746934
2017-03-08,0.40904035481313866
2017-03-09,0.5055181551724672
2017-03-10,1.0316507536917925
2017-03-11,0.0
2017-03-12,0.0
2017-03-13,0.0
2017-03-14,0.0
2017-03-15,0.0
2017-03-16,0.0
2017-03-17,0.0
2017-03-18,0.0
2017-03-19,0.0
2017-03-20,0.0
2017-03-21,0.0
2017-03-22,0.0
2017-03-23,0.0
2017-03-24,0.0
2017-03-25,0.0
2017-03-26,0.004901992292919506
2017-03-27,0.4490812023480733
2017-03-28,2.1013870934645333
2017-03-29,14.462795416514078
2017-03-30,0.0
2017-03-31,0.0
2017-04-01,0.6451766565442085
2017-04-02,42.699517567952476
2017-04-03,0.0
2017-04-04,0.0
2017-04-05,0.0
2017-04-06,0.0
2017-04-07,0.0
2017-04-08,0.0
2017-04-09,0.045581890270113945
2017-04-10,0.5275619973738989
2017-04-11,6.314391066630681
2017-04-12,0.5361837440480789
2017-04-13,0.7792988363653421
2017-04-14,0.8222311809659004
2017-04-15,0.6078869917740425
2017-04-16,3.2149723768234253
2017-04-17,29.78644259770711
2017-04-18,0.30177894855539006
2017-04-19,0.5364517644047737
2017-04-20,0.13982999448974928
2017-04-21,0.0
2017-04-22,0.0
2017-04-23,0.0
2017-04-24,0.0
2017-04-25,0.0
2017-04-26,0.00010274983166406552
2017-04-27,0.0
2017-04-28,0.00010467319710490604
2017-04-29,0.01894255479176839
2017-04-30,0.13616605599721274
2017-05-01,0.0
2017-05-02,0.0
2017-05-03,0.0
2017-05-04,0.0
2017-05-05,0.0
2017-05-06,0.0
2017-05-07,0.0
2017-05-08,0.005612259323243052
2017-05-09,0.030510549588749807
2017-05-10,0.04105501435697079
2017-05-11,0.05837138509377837
2017-05-12,3.378610282804099e-06
2017-05-13,0.0
2017-05-14,0.0
2017-05-15,0.019614346674643457
2017-05-16,1.4913842380046844
2017-05-17,1.929209570089976
2017-05-18,0.3570674682656924
2017-05-19,1.017724906404813
2017-05-20,5.5188191930452986
2017-05-21,10.824334144592285
2017-05-22,2.6101749539375305
2017-05-23,1.5326900978883107
2017-05-24,0.07443850735823314
2017-05-25,0.0
2017-05-26,0.5977408091227213
2017-05-27,0.23742768665154776
2017-05-28,16.67026400566101
2017-05-29,17.514806747436523
2017-05-30,11.851403792699179
2017-05-31,9.640759388605753
2017-06-01,1.5402387877305348
2017-06-02,1.559128761291504
2017-06-03,5.424988667170207
2017-06-04,15.960166533788046
2017-06-05,13.564046382904053
2017-06-06,0.0020732367411255836
2017-06-07,0.0
2017-06-08,0.006452867838864525
2017-06-09,0.014590574583659569
2017-06-10,0.00035047720302827656
2017-06-11,0.11087984840075175
2017-06-12,0.001611874079875027
2017-06-13,0.048546625301241875
2017-06-14,1.1361254652341206
2017-06-15,0.2185269109904766
2017-06-16,0.09567362892751892
2017-06-17,0.0
2017-06-18,0.0
2017-06-19,0.918121504286925
2017-06-20,0.6574879189332327
2017-06-21,0.0
2017-06-22,0.0
2017-06-23,0.007373483773941795
2017-06-24,0.0902881386379401
2017-06-25,0.03720891010016203
2017-06-26,2.9052639454603195
2017-06-27,9.764686187108358
2017-06-28,0.1378906797617674
2017-06-29,0.0161292046153297
2017-06-30,0.2706047371029854
2017-07-01,0.0
2017-07-02,0.0
2017-07-03,0.0
2017-07-04,0.0
2017-07-05,0.0
2017-07-06,0.0
2017-07-07,0.0
2017-07-08,0.0
2017-07-09,0.0
2017-07-10,0.0
2017-07-11,0.3203938938677311
2017-07-12,0.43831680715084076
2017-07-13,3.961126665274302
2017-07-14,2.442238916953405
2017-07-15,2.8405014475186667
2017-07-16,3.6039891441663108
2017-07-17,12.855683326721191
2017-07-18,1.6311050653457642
2017-07-19,0.26750491683681804
2017-07-20,0.13387282751500607
2017-07-21,0.223147535075744
2017-07-22,1.0810000350077946
2017-07-23,2.2277815341949463
2017-07-24,0.9864141146341959
2017-07-25,0.11076999393602212
2017-07-26,4.218611538410187
2017-07-27,1.2388379474480946
2017-07-28,0.9502238482236862
2017-07-29,0.043986772963156305
2017-07-30,0.0
2017-07-31,1.7828037639458973
2017-08-01,0.016569267221105594
2017-08-02,3.169565995534261
2017-08-03,2.068765640258789
2017-08-04,0.17286622586349645
2017-08-05,0.689232811331749
2017-08-06,3.066557745138804
2017-08-07,10.419148921966553
2017-08-08,17.280914704004925
2017-08-09,4.077688654263814
2017-08-10,0.8184297035137812
2017-08-11,0.0
2017-08-12,0.0
2017-08-13,0.0
2017-08-14,0.0
2017-08-15,0.0
2017-08-16,3.8789060513178506
2017-08-17,0.5287481074531873
2017-08-18,0.8008100738128027
2017-08-19,0.7943196644385656
2017-08-20,0.06287353485822678
2017-08-21,0.004691717253687481
2017-08-22,0.003462099310127087
2017-08-23,0.42642404212771606
2017-08-24,3.9091529101133347
2017-08-25,2.238238679865996
2017-08-26,0.0
2017-08-27,0.0
2017-08-28,0.0
2017-08-29,0.0
2017-08-30,0.0
2017-08-31,0.0
2017-09-01,0.0
2017-09-02,0.06140592880547047
2017-09-03,0.9567574212948481
2017-09-04,0.13974020878473917
2017-09-05,0.563246155778567
2017-09-06,2.0303458074728646
2017-09-07,0.0
2017-09-08,0.0
2017-09-09,0.0
2017-09-10,0.0
2017-09-11,0.0
2017-09-12,0.0
2017-09-13,1.42141659061114
2017-09-14,0.4495286705593268
2017-09-15,0.0
2017-09-16,0.11158106538156669
2017-09-17,0.0
2017-09-18,0.23131431763370833
2017-09-19,1.5613761792580287
2017-09-20,2.071834226449331
2017-09-21,0.24659653877218565
2017-09-22,5.850164612134297
2017-09-23,1.8010160128275554
2017-09-24,1.7844389180342357
2017-09-25,7.834920724232991
2017-09-26,26.864327271779377
2017-09-27,52.646254539489746
2017-09-28,30.35209623972575
2017-09-29,6.388163328170776
2017-09-30,0.08181733700136344
2017-10-01,0.023528039300193388
2017-10-02,0.014631238222743074
2017-10-03,0.06554096937179565
2017-10-04,2.8883416652679443
2017-10-05,0.5193308567007383
2017-10-06,0.0789276168992122
2017-10-07,0.10517930922408898
2017-10-08,0.022132122113058966
2017-10-09,0.00015808834753746245
2017-10-10,2.5613641341527305
2017-10-11,0.661131776869297
2017-10-12,0.0
2017-10-13,0.07772240104774635
2017-10-14,0.6722048173348109
2017-10-15,0.8894513994455338
2017-10-16,0.0
2017-10-17,0.0
2017-10-18,0.0
2017-10-19,0.0
2017-10-20,1.8233919739723206
2017-10-21,1.7838060061136882
2017-10-22,0.16522027249448
2017-10-23,0.0
2017-10-24,0.0
2017-10-25,0.0
2017-10-26,0.0
2017-10-27,0.0017638009157963097
2017-10-28,0.0
2017-10-29,0.0
2017-10-30,0.0
2017-10-31,2.279416342576345
2017-11-01,0.09063359908759594
2017-11-02,0.0
2017-11-03,0.3903171395262082
2017-11-04,2.052543272574743
2017-11-05,0.0
2017-11-06,0.0
2017-11-07,0.0
2017-11-08,2.713679631551107
2017-11-09,0.46395040800174076
2017-11-10,0.28159380579988164
2017-11-11,0.7218004564444224
2017-11-12,0.553613655269146
2017-11-13,2.8719610969225564
2017-11-14,1.0386816064516704
2017-11-15,0.10111379499236743
2017-11-16,0.5470469109714031
2017-11-17,0.016463094274513423
2017-11-18,0.0
2017-11-19,0.0
2017-11-20,1.563748096426328
2017-11-21,0.3399319921930631
2017-11-22,0.3399319921930631
2017-11-23,0.3399319921930631
2017-11-24,0.3399319921930631
2017-11-25,0.3399319921930631
2017-11-26,0.0029733553722811243
2017-11-27,0.017224655525448423
2017-11-28,0.0002904346650514829
2017-11-29,0.02518094105956455
2017-11-30,0.0
2017-12-01,0.07211537317683299
2017-12-02,0.010002184542827308
2017-12-03,0.4361848036448161
2017-12-04,0.07381812793513139
2017-12-05,1.0402806252241135
2017-12-06,13.843590577443441
2017-12-07,20.571174303690594
2017-12-08,1.0423607528209686
2017-12-09,0.0
2017-12-10,0.0
2017-12-11,0.0
2017-12-12,0.0
2017-12-13,0.0
2017-12-14,0.0
2017-12-15,11.015631198883057
2017-12-16,2.813928186893463
2017-12-17,0.5495638673504194
2017-12-18,0.6230406711498896
2017-12-19,5.411602079868317
2017-12-20,0.0
2017-12-21,0.0
2017-12-22,0.0
2017-12-23,0.0
2017-12-24,0.0
2017-12-25,0.0
2017-12-26,0.0
2017-12-27,0.0
2017-12-28,0.0
2017-12-29,0.0
2017-12-30,0.0
2017-12-31,0.0
2018-01-01,2.6190190613269806
2018-01-02,0.09563207129637401
2018-01-03,0.0030343261799619845
2018-01-04,0.0
2018-01-05,0.06680615556736787
2018-01-06,0.004758596847144266
2018-01-07,4.4327753980954485
2018-01-08,0.001540124850483456
2018-01-09,0.0
2018-01-10,0.0
2018-01-11,0.0
2018-01-12,0.0
2018-01-13,0.0
2018-01-14,0.0
2018-01-15,0.0
2018-01-16,1.3982159346342087
2018-01-17,0.0
2018-01-18,0.4498333965117733
2018-01-19,0.2743795582403739
2018-01-20,0.07581239899930854
2018-01-21,0.0
2018-01-22,0.0
2018-01-23,0.0
2018-01-24,0.0
2018-01-25,0.0
2018-01-26,0.0
2018-01-27,0.0
2018-01-28,0.0
2018-01-29,0.0
2018-01-30,0.0
2018-01-31,0.0
2018-02-01,0.0
2018-02-02,0.0
2018-02-03,5.152109940846761
2018-02-04,0.0
2018-02-05,0.3342888280749321
2018-02-06,16.308283011118572
2018-02-07,5.8410200874010725
2018-02-08,0.0
2018-02-09,0.13872390240430832
2018-02-10,2.957155932982763
2018-02-11,0.0
2018-02-12,0.0
2018-02-13,0.0
2018-02-14,0.0
2018-02-15,0.0
2018-02-16,0.003206879055748383
2018-02-17,0.057183537632226944
2018-02-18,0.028500706267853577
2018-02-19,0.0016459612331042688
2018-02-20,0.14487833653887114
2018-02-21,1.4971163074175518
2018-02-22,0.10406945024927457
2018-02-23,0.22614949941635132
2018-02-24,0.11327978347738583
2018-02-25,0.001698222088937958
2018-02-26,0.0
2018-02-27,0.0
2018-02-28,0.0
2018-03-01,0.0
2018-03-02,0.0
2018-03-03,0.0
2018-03-04,0.0
2018-03-05,0.0
2018-03-06,0.0
2018-03-07,0.0
2018-03-08,0.0
2018-03-09,0.0
2018-03-10,0.0
2018-03-11,4.338542342185974
2018-03-12,0.0
2018-03-13,0.0
2018-03-14,0.0
2018-03-15,0.5816562982896963
2018-03-16,0.023714634279410046
2018-03-17,0.09013702720403671
2018-03-18,0.09248544772466023
2018-03-19,0.0
2018-03-20,0.0
2018-03-21,0.0
2018-03-22,0.03109627710849357
2018-03-23,0.0042176245648685535
2018-03-24,0.0012488411797069905
2018-03-25,0.17611405614297837
2018-03-26,0.0015060971297013264
2018-03-27,2.5662922263145447
2018-03-28,16.31277370452881
2018-03-29,0.0
2018-03-30,0.0
2018-03-31,0.06414808612316847
2018-04-01,0.0039137986217004555
2018-04-02,0.5583609541257223
2018-04-03,0.0019540310070927567
2018-04-04,0.0
2018-04-05,0.06312467157840729
2018-04-06,3.599859118461609
2018-04-07,1.222685694694519
2018-04-08,0.0
2018-04-09,4.244480391343434
2018-04-10,0.03991082667683562
2018-04-11,0.0
2018-04-12,0.0
2018-04-13,0.0
2018-04-14,0.0
2018-04-15,0.0
2018-04-16,0.0
2018-04-17,0.0
2018-04-18,0.0
2018-04-19,0.0
2018-04-20,12.786346515019735
2018-04-21,1.5568679571151733
2018-04-22,0.0
2018-04-23,0.0
2018-04-24,0.0
2018-04-25,2.9861302971839905
2018-04-26,0.02511682698968798
2018-04-27,0.003549340801934401
2018-04-28,0.0
2018-04-29,0.0
2018-04-30,0.3109330056856076
2018-05-01,3.132947782675425
2018-05-02,2.834312895933787
2018-05-03,1.6736573576927185
2018-05-04,44.728532473246254
2018-05-05,0.08930352019766967
2018-05-06,0.006527482143913706
2018-05-07,0.006527482143913706
2018-05-08,0.006527482143913706
2018-05-09,0.006527482143913706
2018-05-10,0.04810949166615804
2018-05-11,0.0370066297861437
2018-05-12,0.011903126180792848
2018-05-13,2.060585767030716
2018-05-14,1.5193898975849152
2018-05-15,0.5676718950271606
2018-05-16,1.4672673344612122
2018-05-17,0.0015412901436017516
2018-05-18,0.3446541279554367
2018-05-19,0.7262138326962789
2018-05-20,14.919864734013876
2018-05-21,0.0
2018-05-22,0.0
2018-05-23,0.0
2018-05-24,0.0
2018-05-25,0.0
2018-05-26,0.17037345826004943
2018-05-27,0.021182105750388775
2018-05-28,0.039313910237979144
2018-05-29,0.021182105750388775
2018-05-30,0.021182105750388775
2018-05-31,0.12833887621915588
2018-06-01,0.14017984519402185
2018-06-02,0.0275446482313176
2018-06-03,0.7299493942409754
2018-06-04,1.857720136642456
2018-06-05,0.0
2018-06-06,0.08217050414532423
2018-06-07,0.17711726940857866
2018-06-08,0.1165326286572963
2018-06-09,0.09205487851674359
2018-06-10,0.029040967405308038
2018-06-11,0.215103706655403
2018-06-12,1.3269924422105153
2018-06-13,1.5711076060930889
2018-06-14,1.2973358382781346
2018-06-15,1.497165580590566
2018-06-16,0.6218222230672836
2018-06-17,0.3416986297816038
2018-06-18,0.904461624721686
2018-06-19,0.29389468890925247
2018-06-20,0.6105660200119019
2018-06-21,0.4819591424117486
2018-06-22,0.20625587304433188
2018-06-23,0.00015198565370155848
2018-06-24,0.0504653894652923
2018-06-25,0.6124863115449747
2018-06-26,1.8269502619902294
2018-06-27,0.022038126868816715
2018-06-28,0.0917447720033427
2018-06-29,0.05285335083802541
2018-06-30,0.373299278318882
2018-07-01,0.011193772545084357
2018-07-02,0.0
2018-07-03,0.0005390962457264928
2018-07-04,0.0118008712597657
2018-07-05,4.493599931399028
2018-07-06,5.279125014940898
2018-07-07,13.380595207214355
2018-07-08,15.343596537907919
2018-07-09,31.42113733291626
2018-07-10,0.8379182815551758
2018-07-11,0.02075041737407446
2018-07-12,0.00792226210857431
2018-07-13,0.006722017501791318
2018-07-14,0.0001808467301695297
2018-07-15,0.009002240529904762
2018-07-16,0.3258517514914274
2018-07-17,0.022650946256665822
2018-07-18,0.022650946256665822
2018-07-19,0.137662415082256
2018-07-20,0.022650946256665822
2018-07-21,0.0
2018-07-22,0.0
2018-07-23,0.0
2018-07-24,0.16864808582856008
2018-07-25,0.0023800820393565423
2018-07-26,0.0
2018-07-27,0.0
2018-07-28,0.0016594014208142955
2018-07-29,0.033488281381626926
2018-07-30,0.026026006632794935
2018-07-31,12.467973470687866
2018-08-01,0.013363000800988326
2018-08-02,1.1572389391561348
2018-08-03,0.8602326338489851
2018-08-04,0.0
2018-08-05,0.4447421692311764
2018-08-06,0.3211754485964775
2018-08-07,0.10679023123035829
2018-08-08,0.06818470638245344
2018-08-09,0.0201939366136988
2018-08-10,0.40500196317831677
2018-08-11,33.87016010284424
2018-08-12,54.993187268575035
2018-08-13,40.19372224807739
2018-08-14,0.07378484619160493
2018-08-15,0.04647883307188749
2018-08-16,0.0
2018-08-17,0.0
2018-08-18,0.0
2018-08-19,0.0
2018-08-20,0.0
2018-08-21,0.0
2018-08-22,0.0
2018-08-23,0.0
2018-08-24,0.0
2018-08-25,0.0
2018-08-26,0.0
2018-08-27,0.0
2018-08-28,0.0
2018-08-29,0.0
2018-08-30,0.0
2018-08-31,0.0
2018-09-01,0.20877129646639028
2018-09-02,2.8091764748096466
2018-09-03,33.196698347727455
2018-09-04,101.91966692606609
2018-09-05,3.8872509002685547
2018-09-06,15.814136902491251
2018-09-07,16.106144269307453
2018-09-08,36.64602565765381
2018-09-09,59.19190470377604
2018-09-10,4.413379271825154
2018-09-11,1.0326211750507355
2018-09-12,1.5658840239048004
2018-09-13,1.5325374801953633
2018-09-14,6.49167788028717
2018-09-15,19.3740291595459
2018-09-16,34.16507832209269
2018-09-17,2.91934343179067
2018-09-18,1.4566846638917923
2018-09-19,0.32012977575262386
2018-09-20,18.263110160827637
2018-09-21,17.43888791402181
2018-09-22,12.583448886871338
2018-09-23,0.12363505798081557
2018-09-24,0.28065237899621326
2018-09-25,0.1100193200012048
2018-09-26,6.5188413461049395
2018-09-27,0.07321961627652247
2018-09-28,1.429720252752304
2018-09-29,5.77828315893809
2018-09-30,4.599238197008769
2018-10-01,0.6986133456230164
2018-10-02,1.0342100610335667
2018-10-03,0.37084009995063144
2018-10-04,0.08191890021165212
2018-10-05,0.14835014380514622
2018-10-06,5.135666728019714
2018-10-07,13.033464829126993
2018-10-08,78.27927049001057
2018-10-09,44.49737103780111
2018-10-10,0.0
2018-10-11,0.34330275778969127
2018-10-12,1.2900784214337666
2018-10-13,7.245462536811829
2018-10-14,2.709602246681849
2018-10-15,40.28326527277628
2018-10-16,8.601977666219076
2018-10-17,2.3591940303643546
2018-10-18,4.733474373817444
2018-10-19,4.635388453801473
2018-10-20,3.6468323469161987
2018-10-21,0.35388729224602383
2018-10-22,7.627554098765056
2018-10-23,5.648946126302083
2018-10-24,14.768996636072794
2018-10-25,0.012501421539733807
2018-10-26,0.034621396102011204
2018-10-27,0.0
2018-10-28,0.0
2018-10-29,0.16865010683735213
2018-10-30,0.052560970187187195
2018-10-31,8.10036814212799
2018-11-01,2.4848336279392242
2018-11-02,0.0
2018-11-03,0.0
2018-11-04,2.2386073569456735
2018-11-05,0.49802755067745846
2018-11-06,0.0
2018-11-07,0.050875359370062746
2018-11-08,1.350215767820676
2018-11-09,2.7120347023010254
2018-11-10,0.12535620418687662
2018-11-11,0.3429291881620884
2018-11-12,1.9721867144107819
2018-11-13,0.003971218956091131
2018-11-14,0.0
2018-11-15,0.0
2018-11-16,0.0
2018-11-17,0.03369957790710032
2018-11-18,0.8715611199537913
2018-11-19,0.27406325191259384
2018-11-20,0.026299324973175924
2018-11-21,1.7888105114301045
2018-11-22,0.9140182634194692
2018-11-23,1.7413770258426666
2018-11-24,0.0
2018-11-25,0.0
2018-11-26,0.5746241187055906
2018-11-27,0.0
2018-11-28,0.0
2018-11-29,0.0
2018-11-30,3.7513367533683777
2018-12-01,0.0
2018-12-02,0.0
2018-12-03,0.0
2018-12-04,0.0
2018-12-05,0.0
2018-12-06,2.3183500369389853
2018-12-07,25.207200686136883
2018-12-08,11.560182253519693
2018-12-09,0.0
2018-12-10,0.0
2018-12-11,0.0
2018-12-12,0.0
2018-12-13,3.628198047478994
2018-12-14,4.3293023109436035
2018-12-15,0.0
2018-12-16,0.0
2018-12-17,0.05200916524821272
2018-12-18,0.6936504654586315
2018-12-19,1.3520935624837875
2018-12-20,0.0
2018-12-21,0.0
2018-12-22,0.0
2018-12-23,0.0
2018-12-24,0.0
2018-12-25,0.0
2018-12-26,10.424594084421793
2018-12-27,16.24512855211894
2018-12-28,0.0
2018-12-29,1.8047020137310028
2018-12-30,2.584729254245758
2018-12-31,1.0794804468750954
2019-01-01,0.0
2019-01-02,15.773987213770548
2019-01-03,2.6198175152142844
2019-01-04,0.0
2019-01-05,0.0
2019-01-06,0.0
2019-01-07,0.0001547004891714702
2019-01-08,9.434758430870716e-05
2019-01-09,0.11953804890314738
2019-01-10,0.23147361228863397
2019-01-11,1.835559864838918
2019-01-12,0.1641361516279479
2019-01-13,0.0
2019-01-14,0.007849984385150796
2019-01-15,0.4817323796451092
2019-01-16,0.8042628640929858
2019-01-17,0.06658986971403162
2019-01-18,0.20350675409038863
2019-01-19,0.2742430580159028
2019-01-20,0.0
2019-01-21,0.0
2019-01-22,0.923204381018877
2019-01-23,1.7724246432383854
2019-01-24,0.0
2019-01-25,0.011311900161672384
2019-01-26,0.404850738743941
2019-01-27,0.4324091002345085
2019-01-28,0.0
2019-01-29,0.0
2019-01-30,0.00018218768066920651
2019-01-31,0.36702805136640865
2019-02-01,0.198524987945954
2019-02-02,0.4549259344736735
2019-02-03,0.06860910169780254
2019-02-04,0.05862531314293543
2019-02-05,0.09476890632261832
2019-02-06,0.5321464265386263
2019-02-07,0.15237043735881647
2019-02-08,6.396051247914632
2019-02-09,1.248794396718343
2019-02-10,2.7914477984110513
2019-02-11,14.825144370396933
2019-02-12,0.0
2019-02-13,0.0
2019-02-14,0.0
2019-02-15,0.0
2019-02-16,0.0
2019-02-17,0.1360862054862082
2019-02-18,0.0
2019-02-19,0.9567182026803493
2019-02-20,0.3996113014097015
2019-02-21,0.0
2019-02-22,4.574145009120305
2019-02-23,2.055531690518061
2019-02-24,0.0
2019-02-25,0.0
2019-02-26,0.0
2019-02-27,0.0
2019-02-28,0.0
2019-03-01,0.0
2019-03-02,0.0
2019-03-03,0.0
2019-03-04,0.0
2019-03-05,0.0
2019-03-06,0.0
2019-03-07,0.002802866258813689
2019-03-08,1.480776458978653
2019-03-09,3.9260276556015015
2019-03-10,2.048468013604482
2019-03-11,0.7679557253917059
2019-03-12,3.6000994443893433
2019-03-13,10.697412172953287
2019-03-14,0.0
2019-03-15,0.0
2019-03-16,0.0
2019-03-17,0.0
2019-03-18,0.0
2019-03-19,0.0
2019-03-20,0.0
2019-03-21,1.6515586574872334
2019-03-22,0.04060160213460525
2019-03-23,4.855767329533895
2019-03-24,1.1501203030347824
2019-03-25,1.2559094578027725
2019-03-26,0.9282516166567802
2019-03-27,0.0
2019-03-28,0.3963283523917198
2019-03-29,0.6451245198647181
2019-03-30,2.9590811928113303
2019-03-31,0.07856635625163715
2019-04-01,0.15374493226408958
2019-04-02,0.0
2019-04-03,0.5031856596469879
2019-04-04,0.1104228962212801
2019-04-05,0.003283942952596893
2019-04-06,10.747368415196737
2019-04-07,4.005760649840037
2019-04-08,0.004008157959712359
2019-04-09,0.0
2019-04-10,0.0
2019-04-11,0.0
2019-04-12,0.0
2019-04-13,5.419272343317668
2019-04-14,0.0
2019-04-15,0.0
2019-04-16,0.01760987681336701
2019-04-17,1.1696879814068477
2019-04-18,18.712695598602295
2019-04-19,0.0
2019-04-20,0.0
2019-04-21,0.0
2019-04-22,0.028648346507300932
2019-04-23,4.288206299146016
2019-04-24,26.030449549357098
2019-04-25,0.0
2019-04-26,0.0
2019-04-27,0.0
2019-04-28,0.00037632004246764456
2019-04-29,0.10249612870878384
2019-04-30,0.5242691242698735
2019-05-01,1.314333200454712
2019-05-02,17.82253901163737
2019-05-03,18.663410504659016
2019-05-04,1.6379605780045192
2019-05-05,0.2018593642860651
2019-05-06,3.2242838740348816
2019-05-07,6.113631685574849
2019-05-08,28.93533929189046
2019-05-09,10.461556434631348
2019-05-10,5.059955875078837
2019-05-11,0.23804318408171335
2019-05-12,0.00042000582713323337
2019-05-13,0.000714604063735654
2019-05-14,0.07457427680492401
2019-05-15,0.06907928238312404
2019-05-16,0.3177756468454997
2019-05-17,1.8506117065747578
2019-05-18,4.829388797283173
2019-05-19,0.26130544145901996
2019-05-20,1.9400554200013478
2019-05-21,0.0
2019-05-22,0.0
2019-05-23,0.0
2019-05-24,0.0
2019-05-25,0.0
2019-05-26,1.0420642445484798
2019-05-27,0.17365440664192042
2019-05-28,0.07742338938017686
2019-05-29,0.3341520043710868
2019-05-30,3.942257563273112
2019-05-31,4.391195555528005
2019-06-01,0.2569992778201898
2019-06-02,2.780724366505941
2019-06-03,25.678847153981526
2019-06-04,25.062288920084637
2019-06-05,12.92259407043457
2019-06-06,10.824204723040262
2019-06-07,0.0027329176373314112
2019-06-08,0.0
2019-06-09,0.03774663728351394
2019-06-10,10.990114529927572
2019-06-11,11.519224405288696
2019-06-12,0.007019193998227517
2019-06-13,0.2188696563243866
2019-06-14,0.0
2019-06-15,0.47636520117521286
2019-06-16,0.2871522443989913
2019-06-17,7.448625445365906
2019-06-18,0.021211371989920735
2019-06-19,0.4757982889811198
2019-06-20,1.5407884170611699
2019-06-21,0.08322931344931324
2019-06-22,7.288679122924805
2019-06-23,11.801876465479532
2019-06-24,11.517459392547607
2019-06-25,6.723463177680969
2019-06-26,3.4000956217447915
2019-06-27,5.557505249977112
2019-06-28,3.0480665365854898
2019-06-29,3.1226921478907266
2019-06-30,1.5211230516433716
2019-07-01,0.09743021490673225
2019-07-02,0.8460736175378164
2019-07-03,2.0100987255573273
2019-07-04,0.8702731480201086
2019-07-05,1.2716624935468037
2019-07-06,0.02002833870452984
2019-07-07,0.09583006853548189
2019-07-08,0.10442405143597473
2019-07-09,0.008551838310571233
2019-07-10,0.14737831661477685
2019-07-11,5.684062202771504
2019-07-12,0.26815295840303105
2019-07-13,0.04668761611295243
2019-07-14,0.0
2019-07-15,2.9653093765179315
2019-07-16,0.7084221417705218
2019-07-17,0.31510175423075754
2019-07-18,0.002337501631700434
2019-07-19,0.0
2019-07-20,0.0
2019-07-21,0.0
2019-07-22,0.011281087045063032
2019-07-23,0.13767779734916985
2019-07-24,0.0
2019-07-25,0.0
2019-07-26,0.0
2019-07-27,0.0
2019-07-28,0.2918160669505596
2019-07-29,0.09021632528553407
2019-07-30,0.111198499177893
2019-07-31,0.07398152591971059
2019-08-01,0.052503551201274
2019-08-02,0.49944553275903064
2019-08-03,3.0762474139531455
2019-08-04,0.3080878822753827
2019-08-05,0.608629776785771
2019-08-06,0.0
2019-08-07,0.0
2019-08-08,0.0
2019-08-09,0.0
2019-08-10,0.0
2019-08-11,0.05733481670419375
2019-08-12,0.0
2019-08-13,0.0
2019-08-14,0.7875006161630154
2019-08-15,5.7831335465113325
2019-08-16,0.0
2019-08-17,0.0
2019-08-18,0.0
2019-08-19,0.0
2019-08-20,0.0
2019-08-21,0.015184472586649159
2019-08-22,0.06765670026652515
2019-08-23,0.9639826181034247
2019-08-24,8.163476785024008
2019-08-25,10.060072422027588
2019-08-26,0.004793403844814748
2019-08-27,0.7445567920804024
2019-08-28,1.5614361440141995
2019-08-29,0.8615613505244255
2019-08-30,0.2660316536203027
2019-08-31,2.5104059278964996
2019-09-01,1.5719976822535198
2019-09-02,0.24685960883895555
2019-09-03,0.2299807829161485
2019-09-04,0.16521725989878178
2019-09-05,0.4794912338256836
2019-09-06,0.6092737317085266
2019-09-07,0.3449600438276927
2019-09-08,0.05484745092689991
2019-09-09,0.8203747570514679
2019-09-10,1.062542200088501
2019-09-11,8.839407920837402
2019-09-12,0.1269364549467961
2019-09-13,0.13126909732818604
2019-09-14,0.04393157626812657
2019-09-15,0.0
2019-09-16,0.014223640745816132
2019-09-17,0.13055101037025452
2019-09-18,0.003686137516827633
2019-09-19,0.0747456153233846
2019-09-20,1.903579483429591
2019-09-21,0.6722603638966879
2019-09-22,0.6054540276527405
2019-09-23,0.43670620769262314
2019-09-24,0.32911472395062447
2019-09-25,0.39529607196648914
2019-09-26,0.03145736704270045
2019-09-27,0.10083415235082309
2019-09-28,0.13201180348793665
2019-09-29,0.8318775147199631
2019-09-30,0.7299689948558807
2019-10-01,1.076562042037646
2019-10-02,0.6983132362365723
2019-10-03,0.02214418778506418
2019-10-04,0.02714473319550355
2019-10-05,0.04499614921708902
2019-10-06,0.0009526845387881622
2019-10-07,4.793574909369151
2019-10-08,0.0
2019-10-09,0.1103234135856231
2019-10-10,0.060430873185396194
2019-10-11,8.205274323622385
2019-10-12,0.0
2019-10-13,0.17612763059635958
2019-10-14,0.5231794466574987
2019-10-15,0.09522057635088761
2019-10-16,14.95039967695872
2019-10-17,0.046340656253354005
2019-10-18,0.0
2019-10-19,0.0
2019-10-20,0.029705844121053815
2019-10-21,0.19014359482874474
2019-10-22,0.0
2019-10-23,0.0
2019-10-24,2.1857352207104364
2019-10-25,17.07874019940694
2019-10-26,0.0
2019-10-27,0.0
2019-10-28,0.0013315844698809087
2019-10-29,1.1445870300134022
2019-10-30,6.4116090933481855
2019-10-31,0.0
2019-11-01,0.0
2019-11-02,0.0
2019-11-03,0.1744405763844649
2019-11-04,0.0
2019-11-05,2.1014685134092965
2019-11-06,2.1248033543427787
2019-11-07,1.9116494357585907
2019-11-08,4.391461372375488
2019-11-09,0.0
2019-11-10,0.0
2019-11-11,2.17391100525856
2019-11-12,5.382034222284953
2019-11-13,4.406433900197347
2019-11-14,6.987375736236572
2019-11-15,0.0
2019-11-16,0.0
2019-11-17,0.0
2019-11-18,0.0
2019-11-19,0.0
2019-11-20,3.265827347834905
2019-11-21,0.002026261451343695
2019-11-22,0.005446915204326312
2019-11-23,0.0
2019-11-24,0.0
2019-11-25,0.0
2019-11-26,0.4472762942314148
2019-11-27,0.16034832523049167
2019-11-28,3.500132222970327
2019-11-29,5.126778761545817
2019-11-30,1.4424499968687694
2019-12-01,0.0
2019-12-02,0.0
2019-12-03,0.0
2019-12-04,0.0
2019-12-05,0.0
2019-12-06,0.0
2019-12-07,0.0
2019-12-08,0.0
2019-12-09,0.0
2019-12-10,0.0345601961016655
2019-12-11,0.0
2019-12-12,0.0
2019-12-13,0.0
2019-12-14,0.0
2019-12-15,0.0
2019-12-16,0.0
2019-12-17,0.0
2019-12-18,0.0
2019-12-19,0.0
2019-12-20,0.0
2019-12-21,0.0
2019-12-22,0.0
2019-12-23,0.0
2019-12-24,0.0
2019-12-25,0.0
2019-12-26,0.9678311397631963
2019-12-27,4.604051987330119
2019-12-28,1.6594418982664745
2019-12-29,0.0
2019-12-30,0.0
2019-12-31,0.0
