,precipitation
1989-01-01,12.369518756866455
1989-01-02,0.0
1989-01-03,17.59046721458435
1989-01-04,0.0
1989-01-05,0.0
1989-01-06,10.450256109237671
1989-01-07,1.4672526717185974
1989-01-08,14.127588272094727
1989-01-09,5.236727237701416
1989-01-10,12.510679721832275
1989-01-11,2.7449946999549866
1989-01-12,1.9900497794151306
1989-01-13,22.452499866485596
1989-01-14,3.5425919890403748
1989-01-15,15.258933782577515
1989-01-16,7.193134784698486
1989-01-17,0.0
1989-01-18,0.0
1989-01-19,0.0
1989-01-20,0.0
1989-01-21,0.003136466024443507
1989-01-22,0.003136466024443507
1989-01-23,0.003136466024443507
1989-01-24,0.003136466024443507
1989-01-25,0.003136466024443507
1989-01-26,0.07808653404936194
1989-01-27,10.726324796676636
1989-01-28,0.0
1989-01-29,0.15837250091135502
1989-01-30,8.451050639152527
1989-01-31,0.0
1989-02-01,0.0
1989-02-02,0.0
1989-02-03,0.0
1989-02-04,0.0
1989-02-05,0.0
1989-02-06,21.924312591552734
1989-02-07,16.577470302581787
1989-02-08,0.0
1989-02-09,0.0
1989-02-10,0.0
1989-02-11,0.0
1989-02-12,0.0
1989-02-13,0.7215213775634766
1989-02-14,0.08797272853553295
1989-02-15,0.2891576290130615
1989-02-16,0.3485385924577713
1989-02-17,11.135513544082642
1989-02-18,21.322232246398926
1989-02-19,3.439989149570465
1989-02-20,12.57750153541565
1989-02-21,0.0
1989-02-22,0.0
1989-02-23,0.0
1989-02-24,0.0
1989-02-25,0.0
1989-02-26,0.23412125557661057
1989-02-27,19.0397367477417
1989-02-28,46.70646572113037
1989-03-01,0.0
1989-03-02,2.907173752784729
1989-03-03,16.34326195716858
1989-03-04,1.9685054421424866
1989-03-05,11.821215152740479
1989-03-06,26.798080444335938
1989-03-07,0.0
1989-03-08,0.0
1989-03-09,0.0
1989-03-10,0.0
1989-03-11,0.0
1989-03-12,0.0
1989-03-13,0.028144311625510454
1989-03-14,0.16112756356596947
1989-03-15,1.7922902703285217
1989-03-16,0.0
1989-03-17,0.0
1989-03-18,0.0
1989-03-19,0.0
1989-03-20,0.0
1989-03-21,16.1100435256958
1989-03-22,4.265997052192688
1989-03-23,35.11495113372803
1989-03-24,2.539669632911682
1989-03-25,0.0
1989-03-26,0.0
1989-03-27,0.00199235969921574
1989-03-28,0.0
1989-03-29,0.00010519236820982769
1989-03-30,14.073919296264648
1989-03-31,1.484294354915619
1989-04-01,0.0
1989-04-02,0.0
1989-04-03,4.649111747741699
1989-04-04,19.424269676208496
1989-04-05,28.872251510620117
1989-04-06,0.017364212311804295
1989-04-07,9.97849702835083
1989-04-08,17.70145273208618
1989-04-09,5.573552489280701
1989-04-10,2.4417083263397217
1989-04-11,0.23125962540507317
1989-04-12,0.0
1989-04-13,0.0
1989-04-14,0.006886040326207876
1989-04-15,7.630011558532715
1989-04-16,0.0
1989-04-17,0.0
1989-04-18,0.0
1989-04-19,0.0
1989-04-20,0.0
1989-04-21,0.015756472246721387
1989-04-22,0.0
1989-04-23,0.0
1989-04-24,0.03746510948985815
1989-04-25,0.0
1989-04-26,0.0
1989-04-27,0.0022633141197729856
1989-04-28,0.5052176266908646
1989-04-29,6.183723449707031
1989-04-30,1.995035469532013
1989-05-01,13.790737628936768
1989-05-02,0.12578259967267513
1989-05-03,0.0
1989-05-04,4.367299854755402
1989-05-05,31.802634716033936
1989-05-06,1.1193183362483978
1989-05-07,0.0
1989-05-08,0.0
1989-05-09,40.25079345703125
1989-05-10,11.617812633514404
1989-05-11,0.020555489230901003
1989-05-12,0.00014903596456861123
1989-05-13,0.0
1989-05-14,1.379118025302887
1989-05-15,2.973577082157135
1989-05-16,0.0
1989-05-17,0.0
1989-05-18,0.007923406432382762
1989-05-19,4.115476131439209
1989-05-20,6.452570199966431
1989-05-21,1.5548575818538666
1989-05-22,2.7036535143852234
1989-05-23,13.445033073425293
1989-05-24,0.0
1989-05-25,0.004642812826205045
1989-05-26,0.9651580899953842
1989-05-27,0.47796376049518585
1989-05-28,0.0
1989-05-29,0.00273222872056067
1989-05-30,0.0015855324745643884
1989-05-31,0.23479273915290833
1989-06-01,0.510747417807579
1989-06-02,0.7008884251117706
1989-06-03,1.6248266994953156
1989-06-04,3.916868805885315
1989-06-05,18.417309522628784
1989-06-06,12.420461416244507
1989-06-07,0.269896037876606
1989-06-08,10.672577619552612
1989-06-09,8.751574039459229
1989-06-10,0.002760686387773603
1989-06-11,0.0008582026639487594
1989-06-12,1.8051427900791168
1989-06-13,9.38261365890503
1989-06-14,11.79797625541687
1989-06-15,32.21749019622803
1989-06-16,31.510339736938477
1989-06-17,0.26002246513962746
1989-06-18,0.005267115178867243
1989-06-19,13.470617771148682
1989-06-20,27.027818202972412
1989-06-21,38.47326183319092
1989-06-22,17.345475673675537
1989-06-23,4.9879947900772095
1989-06-24,0.8131460547447205
1989-06-25,0.5321193337440491
1989-06-26,0.260047972202301
1989-06-27,0.03525445144623518
1989-06-28,4.398301184177399
1989-06-29,0.4830912873148918
1989-06-30,6.9344587326049805
1989-07-01,0.03541849786415696
1989-07-02,2.29849836230278
1989-07-03,14.32007908821106
1989-07-04,2.495591938495636
1989-07-05,3.868916630744934
1989-07-06,12.842377424240112
1989-07-07,5.161580324172974
1989-07-08,1.4158309400081635
1989-07-09,0.5600743815302849
1989-07-10,1.7704316675662994
1989-07-11,0.0
1989-07-12,0.0
1989-07-13,0.0
1989-07-14,0.0
1989-07-15,0.0
1989-07-16,14.470552921295166
1989-07-17,4.908942639827728
1989-07-18,0.0371736423112452
1989-07-19,10.177781105041504
1989-07-20,8.23094892501831
1989-07-21,21.94609785079956
1989-07-22,8.889289617538452
1989-07-23,4.818325638771057
1989-07-24,0.5161915570497513
1989-07-25,0.8004278838634491
1989-07-26,3.513555347919464
1989-07-27,0.06237966660410166
1989-07-28,0.8130841702222824
1989-07-29,0.26749734580516815
1989-07-30,2.711728513240814
1989-07-31,3.584545850753784
1989-08-01,3.5096887350082397
1989-08-02,2.2921328842639923
1989-08-03,0.032792627811431885
1989-08-04,0.008302319562062621
1989-08-05,0.21667232364416122
1989-08-06,0.12910575792193413
1989-08-07,4.507393836975098
1989-08-08,0.0017050323949661106
1989-08-09,0.05499293003231287
1989-08-10,0.0028849962982349098
1989-08-11,0.352337509393692
1989-08-12,0.1383153200149536
1989-08-13,0.5332921296358109
1989-08-14,2.7031192779541016
1989-08-15,5.702034592628479
1989-08-16,2.5717743039131165
1989-08-17,5.7657082080841064
1989-08-18,0.7985120862722397
1989-08-19,0.4463032856583595
1989-08-20,1.5673027336597443
1989-08-21,0.1931994967162609
1989-08-22,1.7117943465709686
1989-08-23,1.1820628941059113
1989-08-24,5.356220483779907
1989-08-25,0.929932251572609
1989-08-26,10.119502305984497
1989-08-27,0.7262348830699921
1989-08-28,0.3973396345973015
1989-08-29,0.785629153251648
1989-08-30,39.019532203674316
1989-08-31,12.899194717407227
1989-09-01,3.893213450908661
1989-09-02,1.2188925445079803
1989-09-03,1.1672330498695374
1989-09-04,0.030851569026708603
1989-09-05,0.438928484916687
1989-09-06,2.7371968030929565
1989-09-07,0.9749931991100311
1989-09-08,0.518525242805481
1989-09-09,0.2565663419663906
1989-09-10,2.0816181898117065
1989-09-11,5.241436004638672
1989-09-12,3.624303877353668
1989-09-13,2.3728262186050415
1989-09-14,1.6040732264518738
1989-09-15,14.413257837295532
1989-09-16,6.114293456077576
1989-09-17,0.003805915010161698
1989-09-18,0.009939419687725604
1989-09-19,0.0037631592713296413
1989-09-20,0.14016058668494225
1989-09-21,12.736652612686157
1989-09-22,33.81032943725586
1989-09-23,1.7638498842716217
1989-09-24,0.0
1989-09-25,16.98365592956543
1989-09-26,1.1352570950984955
1989-09-27,0.13714827597141266
1989-09-28,9.728337049484253
1989-09-29,30.4960618019104
1989-09-30,74.33472633361816
1989-10-01,84.83839797973633
1989-10-02,0.7309289276599884
1989-10-03,0.0
1989-10-04,0.0
1989-10-05,0.0
1989-10-06,0.0
1989-10-07,0.1754719838500023
1989-10-08,0.0
1989-10-09,0.0
1989-10-10,0.0
1989-10-11,0.007231450406834483
1989-10-12,0.007231450406834483
1989-10-13,0.007231450406834483
1989-10-14,0.007231450406834483
1989-10-15,0.3160339370369911
1989-10-16,4.926486849784851
1989-10-17,16.29814910888672
1989-10-18,4.335885167121887
1989-10-19,0.9790294915437698
1989-10-20,0.42131298780441284
1989-10-21,0.0
1989-10-22,0.0
1989-10-23,0.0
1989-10-24,0.05055367760360241
1989-10-25,0.0
1989-10-26,0.0
1989-10-27,0.0
1989-10-28,0.0
1989-10-29,0.0
1989-10-30,0.008658998529426754
1989-10-31,0.39807432144880295
1989-11-01,0.0007210077455965802
1989-11-02,0.971773162484169
1989-11-03,0.0
1989-11-04,0.0
1989-11-05,0.0
1989-11-06,12.489540576934814
1989-11-07,5.373160481452942
1989-11-08,29.52839231491089
1989-11-09,4.793939590454102
1989-11-10,0.0
1989-11-11,0.0
1989-11-12,0.0
1989-11-13,0.0
1989-11-14,12.258267641067505
1989-11-15,10.702933549880981
1989-11-16,22.694867610931396
1989-11-17,0.011513974517583847
1989-11-18,0.0
1989-11-19,0.0
1989-11-20,0.0
1989-11-21,0.0
1989-11-22,20.01338481903076
1989-11-23,26.53101873397827
1989-11-24,0.0
1989-11-25,0.0
1989-11-26,0.44560007005929947
1989-11-27,0.7547405809164047
1989-11-28,2.14747953414917
1989-11-29,0.0
1989-11-30,0.0
1989-12-01,0.0
1989-12-02,0.0
1989-12-03,0.0
1989-12-04,0.0
1989-12-05,0.0
1989-12-06,0.0
1989-12-07,2.789264976978302
1989-12-08,53.68433475494385
1989-12-09,5.942919015884399
1989-12-10,0.01703655277378857
1989-12-11,3.208489418029785
1989-12-12,32.12651968002319
1989-12-13,0.004473634879104793
1989-12-14,0.0
1989-12-15,4.274845540523529
1989-12-16,0.02057906799018383
1989-12-17,0.0
1989-12-18,1.7468937635421753
1989-12-19,8.623453378677368
1989-12-20,0.02222035499289632
1989-12-21,0.0
1989-12-22,0.011055972427129745
1989-12-23,0.13959720358252525
1989-12-24,0.08131066896021366
1989-12-25,0.9459929019212723
1989-12-26,0.040075055323541164
1989-12-27,0.19373397529125214
1989-12-28,0.0
1989-12-29,0.21154134720563889
1989-12-30,6.188597559928894
1989-12-31,23.578063011169434
1990-01-01,0.4811014160513878
1990-01-02,0.0
1990-01-03,0.0
1990-01-04,17.880292892456055
1990-01-05,14.391324520111084
1990-01-06,15.276564836502075
1990-01-07,11.231849908828735
1990-01-08,9.28208041191101
1990-01-09,0.0
1990-01-10,8.859535955707543e-05
1990-01-11,0.0
1990-01-12,0.0
1990-01-13,0.0
1990-01-14,0.0
1990-01-15,0.0
1990-01-16,0.0
1990-01-17,2.2399739623069763
1990-01-18,9.601218700408936
1990-01-19,1.6292725205421448
1990-01-20,27.14176082611084
1990-01-21,20.826130390167236
1990-01-22,0.0
1990-01-23,0.0
1990-01-24,19.359920501708984
1990-01-25,53.837714195251465
1990-01-26,0.39514245092868805
1990-01-27,0.0
1990-01-28,0.0
1990-01-29,22.788724899291992
1990-01-30,0.0
1990-01-31,0.0
1990-02-01,0.0
1990-02-02,4.841933965682983
1990-02-03,2.860965609550476
1990-02-04,27.3456768989563
1990-02-05,0.34756049513816833
1990-02-06,0.0
1990-02-07,7.727331161499023
1990-02-08,0.0
1990-02-09,25.780192375183105
1990-02-10,41.615478515625
1990-02-11,0.0
1990-02-12,0.0
1990-02-13,0.0
1990-02-14,4.405790328979492
1990-02-15,21.398823261260986
1990-02-16,58.91560459136963
1990-02-17,0.0
1990-02-18,2.6044387221336365
1990-02-19,41.764018058776855
1990-02-20,0.0
1990-02-21,0.0
1990-02-22,28.491869926452637
1990-02-23,3.1363779306411743
1990-02-24,0.5469539612531662
1990-02-25,0.0
1990-02-26,0.0
1990-02-27,0.0
1990-02-28,0.5831007361412048
1990-03-01,1.230332836508751
1990-03-02,28.17653512954712
1990-03-03,9.390593886375427
1990-03-04,0.0
1990-03-05,0.0
1990-03-06,0.0
1990-03-07,0.4828107878565788
1990-03-08,29.86847686767578
1990-03-09,4.96816086769104
1990-03-10,1.2137536108493805
1990-03-11,0.46891407668590546
1990-03-12,0.0
1990-03-13,0.0
1990-03-14,0.0
1990-03-15,10.568577289581299
1990-03-16,58.07427406311035
1990-03-17,94.91403770446777
1990-03-18,0.0
1990-03-19,0.1124988291412592
1990-03-20,0.003343207121361047
1990-03-21,0.0
1990-03-22,0.0
1990-03-23,0.0005021316901547834
1990-03-24,0.0910056484863162
1990-03-25,0.0
1990-03-26,3.6617461442947388
1990-03-27,0.0
1990-03-28,0.0
1990-03-29,8.412927627563477
1990-03-30,2.1755915582180023
1990-03-31,2.010799318552017
1990-04-01,0.5723726451396942
1990-04-02,0.8487808406352997
1990-04-03,0.0
1990-04-04,0.0
1990-04-05,0.0
1990-04-06,14.182466506958008
1990-04-07,5.309826731681824
1990-04-08,0.0
1990-04-09,0.0
1990-04-10,4.537938952445984
1990-04-11,16.818089485168457
1990-04-12,0.0
1990-04-13,0.0
1990-04-14,0.14068534597754478
1990-04-15,3.408651888370514
1990-04-16,0.0
1990-04-17,0.0
1990-04-18,0.0
1990-04-19,0.0
1990-04-20,0.0
1990-04-21,0.0
1990-04-22,0.0
1990-04-23,0.0
1990-04-24,0.0
1990-04-25,0.0
1990-04-26,0.0
1990-04-27,0.0
1990-04-28,0.0
1990-04-29,0.0
1990-04-30,0.0
1990-05-01,0.13541383109986782
1990-05-02,0.2799970991909504
1990-05-03,1.6978189647197723
1990-05-04,0.7138500660657883
1990-05-05,7.810570597648621
1990-05-06,0.0
1990-05-07,0.0
1990-05-08,0.0
1990-05-09,0.0
1990-05-10,0.0
1990-05-11,0.0
1990-05-12,0.8151853084564209
1990-05-13,24.415147304534912
1990-05-14,0.0066896931966766715
1990-05-15,0.0
1990-05-16,0.25084104761481285
1990-05-17,30.44317388534546
1990-05-18,0.0
1990-05-19,0.021723251324146986
1990-05-20,1.5657812356948853
1990-05-21,9.859206676483154
1990-05-22,3.9541165828704834
1990-05-23,0.014880218543112278
1990-05-24,0.0
1990-05-25,0.010346282506361604
1990-05-26,0.05579291097819805
1990-05-27,3.540628135204315
1990-05-28,19.48840618133545
1990-05-29,0.18123125657439232
1990-05-30,0.0
1990-05-31,0.11812406219542027
1990-06-01,0.8204327076673508
1990-06-02,7.049994111061096
1990-06-03,7.339245915412903
1990-06-04,4.389924108982086
1990-06-05,0.0
1990-06-06,0.0
1990-06-07,1.0478754043579102
1990-06-08,0.10749075934290886
1990-06-09,5.622578799724579
1990-06-10,8.845609903335571
1990-06-11,0.0
1990-06-12,0.0
1990-06-13,0.0
1990-06-14,0.0
1990-06-15,0.0
1990-06-16,2.0076508224010468
1990-06-17,0.3701125383377075
1990-06-18,0.43850504606962204
1990-06-19,0.003145664115436375
1990-06-20,0.0
1990-06-21,0.41626812517642975
1990-06-22,7.779728174209595
1990-06-23,9.234335660934448
1990-06-24,7.122686656657606e-05
1990-06-25,0.0
1990-06-26,0.0
1990-06-27,0.07179867476224899
1990-06-28,0.07613022066652775
1990-06-29,0.03043182287365198
1990-06-30,0.22882644087076187
1990-07-01,5.936636686325073
1990-07-02,0.006657805177383125
1990-07-03,0.01152240065857768
1990-07-04,0.0
1990-07-05,0.056254103779792786
1990-07-06,0.011581910075619817
1990-07-07,0.5110917687416077
1990-07-08,1.6891782879829407
1990-07-09,6.74475359916687
1990-07-10,0.22062118351459503
1990-07-11,6.550874352455139
1990-07-12,9.92886471748352
1990-07-13,44.79102325439453
1990-07-14,17.129082441329956
1990-07-15,0.6727825701236725
1990-07-16,0.0
1990-07-17,1.364996612071991
1990-07-18,10.529456377029419
1990-07-19,11.139944076538086
1990-07-20,4.193449437618256
1990-07-21,7.031512141227722
1990-07-22,4.15426105260849
1990-07-23,6.84945011138916
1990-07-24,0.289788156747818
1990-07-25,0.6085052192211151
1990-07-26,1.546782910823822
1990-07-27,0.0
1990-07-28,0.07605698332190514
1990-07-29,0.6437224596738815
1990-07-30,0.01486254041083157
1990-07-31,0.29432325065135956
1990-08-01,9.546438694000244
1990-08-02,6.652989149093628
1990-08-03,0.7600733488798141
1990-08-04,1.1861493587493896
1990-08-05,3.975944459438324
1990-08-06,6.093657493591309
1990-08-07,0.10023870691657066
1990-08-08,19.834885120391846
1990-08-09,14.458622217178345
1990-08-10,3.8681912422180176
1990-08-11,0.00147548893437488
1990-08-12,0.049488198943436146
1990-08-13,0.7405545711517334
1990-08-14,0.5199101492762566
1990-08-15,0.05511143058538437
1990-08-16,0.0
1990-08-17,0.0
1990-08-18,0.0
1990-08-19,0.0
1990-08-20,0.0
1990-08-21,1.9121033847332
1990-08-22,8.275303959846497
1990-08-23,1.8411835730075836
1990-08-24,0.25114233419299126
1990-08-25,0.1253107637166977
1990-08-26,0.7576563805341721
1990-08-27,0.05824384745210409
1990-08-28,0.0
1990-08-29,0.15784712880849838
1990-08-30,10.067705631256104
1990-08-31,1.9200583398342133
1990-09-01,1.988715022802353
1990-09-02,0.39313341677188873
1990-09-03,0.1873784400522709
1990-09-04,0.13006436452269554
1990-09-05,0.13230271637439728
1990-09-06,0.019172001164406538
1990-09-07,0.06377123948186636
1990-09-08,0.06031153816729784
1990-09-09,0.89085254073143
1990-09-10,3.709464907646179
1990-09-11,8.247964143753052
1990-09-12,6.130339741706848
1990-09-13,24.20239496231079
1990-09-14,44.77259349822998
1990-09-15,3.1285762786865234
1990-09-16,0.0
1990-09-17,0.0
1990-09-18,0.0032626339234411716
1990-09-19,0.00023763558419886976
1990-09-20,1.3768399357795715
1990-09-21,2.5706145763397217
1990-09-22,9.130241632461548
1990-09-23,0.0
1990-09-24,0.0
1990-09-25,0.0
1990-09-26,0.0
1990-09-27,0.0
1990-09-28,0.004069794085808098
1990-09-29,0.006282126531004906
1990-09-30,0.11021100729703903
1990-10-01,0.15320909768342972
1990-10-02,0.0
1990-10-03,0.03853783942759037
1990-10-04,9.35767674446106
1990-10-05,0.0
1990-10-06,0.0
1990-10-07,0.5732637345790863
1990-10-08,1.5107493698596954
1990-10-09,0.0
1990-10-10,4.257383465766907
1990-10-11,0.8897034227848053
1990-10-12,4.829805374145508
1990-10-13,0.04553255997598171
1990-10-14,0.0013290735078044236
1990-10-15,0.0
1990-10-16,0.0
1990-10-17,0.0
1990-10-18,42.14499568939209
1990-10-19,0.0
1990-10-20,0.0
1990-10-21,0.009548600995913148
1990-10-22,30.5017728805542
1990-10-23,8.544182419776917
1990-10-24,7.722567170276307e-05
1990-10-25,0.21362214535474777
1990-10-26,0.21203110739588737
1990-10-27,0.21203110739588737
1990-10-28,0.21203110739588737
1990-10-29,0.21203110739588737
1990-10-30,0.21203110739588737
1990-10-31,0.21203110739588737
1990-11-01,0.0
1990-11-02,0.0
1990-11-03,0.0
1990-11-04,0.007988722529262304
1990-11-05,1.3703657388687134
1990-11-06,0.0026739721070043743
1990-11-07,0.0
1990-11-08,0.0
1990-11-09,25.804637908935547
1990-11-10,6.147413372993469
1990-11-11,0.4403206780552864
1990-11-12,0.4403206780552864
1990-11-13,0.4403206780552864
1990-11-14,0.4403206780552864
1990-11-15,0.4403206780552864
1990-11-16,0.0
1990-11-17,1.0452907383441925
1990-11-18,0.0
1990-11-19,0.0
1990-11-20,0.0
1990-11-21,0.005205491732340306
1990-11-22,0.0
1990-11-23,7.500936269760132
1990-11-24,0.0
1990-11-25,0.0
1990-11-26,0.0
1990-11-27,0.0008319864427903667
1990-11-28,14.729959964752197
1990-11-29,3.5780378580093384
1990-11-30,0.0
1990-12-01,0.005646559991873801
1990-12-02,0.4568043500185013
1990-12-03,38.84416389465332
1990-12-04,0.9959297031164169
1990-12-05,0.0
1990-12-06,0.0
1990-12-07,0.0
1990-12-08,0.0
1990-12-09,0.0
1990-12-10,0.0
1990-12-11,0.0
1990-12-12,0.0
1990-12-13,0.0
1990-12-14,0.0
1990-12-15,0.0
1990-12-16,1.4815952777862549
1990-12-17,10.483853101730347
1990-12-18,7.078742623329163
1990-12-19,10.973330736160278
1990-12-20,6.963785529136658
1990-12-21,0.9448055922985077
1990-12-22,2.631738603115082
1990-12-23,45.422892570495605
1990-12-24,6.12951397895813
1990-12-25,0.0
1990-12-26,0.0
1990-12-27,7.2673996686935425
1990-12-28,2.72221440076828
1990-12-29,2.8621706664562225
1990-12-30,4.48067444562912
1990-12-31,12.038880586624146
1991-01-01,0.14660325273871422
1991-01-02,0.7345273494720459
1991-01-03,7.565873742103577
1991-01-04,0.04754186421632767
1991-01-05,0.374776266515255
1991-01-06,0.6040416657924652
1991-01-07,8.865318059921265
1991-01-08,1.6734963357448578
1991-01-09,0.16806484013795853
1991-01-10,2.667769193649292
1991-01-11,30.177492141723633
1991-01-12,4.337252378463745
1991-01-13,0.0013986375706735998
1991-01-14,6.66003306832863e-05
1991-01-15,5.761482119560242
1991-01-16,4.504838585853577
1991-01-17,0.0006149818436824717
1991-01-18,5.505143781192601e-05
1991-01-19,4.924467086791992
1991-01-20,2.960383415222168
1991-01-21,0.25057490170001984
1991-01-22,8.8573284301674e-05
1991-01-23,8.8573284301674e-05
1991-01-24,8.87228798866272
1991-01-25,0.0046118180034682155
1991-01-26,0.0001084473478840664
1991-01-27,0.7032882571220398
1991-01-28,0.70180344581604
1991-01-29,0.25530217960476875
1991-01-30,28.945008277893066
1991-01-31,0.807162344455719
1991-02-01,0.5910816788673401
1991-02-02,0.5910816788673401
1991-02-03,0.5910816788673401
1991-02-04,0.5910816788673401
1991-02-05,1.273875117301941
1991-02-06,10.205111980438232
1991-02-07,0.4411855861544609
1991-02-08,0.0005653138723573647
1991-02-09,5.258353621684364e-05
1991-02-10,5.258353621684364e-05
1991-02-11,5.039458301325794e-05
1991-02-12,5.039458301325794e-05
1991-02-13,6.207796275615692
1991-02-14,8.089151382446289
1991-02-15,0.31762121990323067
1991-02-16,0.00015287625865312293
1991-02-17,16.37916326522827
1991-02-18,7.303085207939148
1991-02-19,16.953322410583496
1991-02-20,19.541794776916504
1991-02-21,1.7913939356803894
1991-02-22,25.164120197296143
1991-02-23,13.37933349609375
1991-02-24,0.010694068623706698
1991-02-25,0.2980531379580498
1991-02-26,0.0
1991-02-27,0.0
1991-02-28,0.0
1991-03-01,14.368124723434448
1991-03-02,22.30761194229126
1991-03-03,13.92020320892334
1991-03-04,0.6587854027748108
1991-03-05,8.588347009208519e-05
1991-03-06,0.7306153699755669
1991-03-07,7.60057258605957
1991-03-08,12.533470153808594
1991-03-09,0.003968041157349944
1991-03-10,0.00017288195158471353
1991-03-11,8.485690523230005e-05
1991-03-12,8.485690523230005e-05
1991-03-13,14.460314989089966
1991-03-14,0.09900404699146748
1991-03-15,8.485690523230005e-05
1991-03-16,0.00010820209536177572
1991-03-17,3.25744092464447
1991-03-18,15.811939239501953
1991-03-19,0.00010820209536177572
1991-03-20,0.00010820209536177572
1991-03-21,0.0726705975830555
1991-03-22,1.2309561967849731
1991-03-23,8.256754398345947
1991-03-24,0.00017924199710250832
1991-03-25,0.00017924199710250832
1991-03-26,0.00013325305189937353
1991-03-27,0.8572996556758881
1991-03-28,34.210999488830566
1991-03-29,56.97325801849365
1991-03-30,0.8612691164016724
1991-03-31,0.00013325305189937353
1991-04-01,5.973081897536758e-05
1991-04-02,5.973081897536758e-05
1991-04-03,5.973081897536758e-05
1991-04-04,0.231766726821661
1991-04-05,2.1634941399097443
1991-04-06,0.04298359155654907
1991-04-07,0.1606115810573101
1991-04-08,14.211354732513428
1991-04-09,16.73418951034546
1991-04-10,0.9460368305444717
1991-04-11,1.2769593298435211
1991-04-12,7.9748228788375854
1991-04-13,0.706944465637207
1991-04-14,1.0273578315973282
1991-04-15,11.827486515045166
1991-04-16,0.2483406811952591
1991-04-17,8.440828241873533e-05
1991-04-18,0.5694641917943954
1991-04-19,11.742680788040161
1991-04-20,5.984565854072571
1991-04-21,0.08084387984126806
1991-04-22,0.00012144091851951089
1991-04-23,0.6420552283525467
1991-04-24,0.011716531123965979
1991-04-25,0.5852679759263992
1991-04-26,5.816832542419434
1991-04-27,26.98909091949463
1991-04-28,5.54171621799469
1991-04-29,6.286046743392944
1991-04-30,26.44057273864746
1991-05-01,9.881693959236145
1991-05-02,9.873743692878634e-05
1991-05-03,9.873743692878634e-05
1991-05-04,8.473530411720276
1991-05-05,19.31596875190735
1991-05-06,24.21135377883911
1991-05-07,0.00011896440992131829
1991-05-08,0.07814807631075382
1991-05-09,9.204667568206787
1991-05-10,3.4600741863250732
1991-05-11,2.7989489436149597
1991-05-12,7.772640585899353
1991-05-13,4.324219226837158
1991-05-14,0.3422633185982704
1991-05-15,0.04357720259577036
1991-05-16,3.78645259141922
1991-05-17,1.481914758682251
1991-05-18,1.462015688419342
1991-05-19,7.149834752082825
1991-05-20,0.08358524553477764
1991-05-21,0.3187168091535568
1991-05-22,0.5989481657743454
1991-05-23,1.909554898738861
1991-05-24,0.5959694981575012
1991-05-25,0.7078236937522888
1991-05-26,0.5274005606770515
1991-05-27,9.013509035110474
1991-05-28,13.150262117385864
1991-05-29,1.2825778722763062
1991-05-30,0.07486006617546082
1991-05-31,0.04348063562065363
1991-06-01,7.217748045921326
1991-06-02,12.851029634475708
1991-06-03,3.6168524622917175
1991-06-04,12.259965181350708
1991-06-05,0.07008051127195358
1991-06-06,0.042138777673244476
1991-06-07,0.00018618978356244043
1991-06-08,0.030253090895712376
1991-06-09,0.012204763712361455
1991-06-10,0.00012630483251996338
1991-06-11,0.004508000100031495
1991-06-12,0.1535566747188568
1991-06-13,1.252492606639862
1991-06-14,5.0156919956207275
1991-06-15,0.227237768471241
1991-06-16,1.6089375019073486
1991-06-17,1.8126805424690247
1991-06-18,1.957847774028778
1991-06-19,3.853148877620697
1991-06-20,8.055781483650208
1991-06-21,6.0063477754592896
1991-06-22,4.822091698646545
1991-06-23,3.0051703453063965
1991-06-24,0.07784363813698292
1991-06-25,16.745211124420166
1991-06-26,43.35001087188721
1991-06-27,2.480759561061859
1991-06-28,3.6369933485984802
1991-06-29,0.33808664605021477
1991-06-30,0.009417177177965641
1991-07-01,0.29819610714912415
1991-07-02,1.0982742756605148
1991-07-03,0.4589274451136589
1991-07-04,0.6050475686788559
1991-07-05,15.720374345779419
1991-07-06,0.1499258577823639
1991-07-07,0.8106621354818344
1991-07-08,1.0754375755786896
1991-07-09,4.225627839565277
1991-07-10,0.9991822093725204
1991-07-11,2.2733014822006226
1991-07-12,0.4133443236351013
1991-07-13,0.3229331001639366
1991-07-14,0.12385613098740578
1991-07-15,1.479320228099823
1991-07-16,9.332221984863281
1991-07-17,20.33962059020996
1991-07-18,3.2113263607025146
1991-07-19,1.6187240183353424
1991-07-20,0.2760651409626007
1991-07-21,0.11528909578919411
1991-07-22,0.08915512450039387
1991-07-23,0.02965591149404645
1991-07-24,11.66814112663269
1991-07-25,2.65529727935791
1991-07-26,17.547073364257812
1991-07-27,5.577284932136536
1991-07-28,9.134469509124756
1991-07-29,3.9742645025253296
1991-07-30,2.3760011792182922
1991-07-31,0.6362695246934891
1991-08-01,1.8046769499778748
1991-08-02,0.7602348029613495
1991-08-03,0.4621449187397957
1991-08-04,1.511502742767334
1991-08-05,0.6572435200214386
1991-08-06,0.5875781401991844
1991-08-07,2.2903973162174225
1991-08-08,0.7101258933544159
1991-08-09,3.7956703901290894
1991-08-10,7.270727276802063
1991-08-11,13.529998779296875
1991-08-12,15.350678443908691
1991-08-13,0.6324388831853867
1991-08-14,24.32505702972412
1991-08-15,0.444775253534317
1991-08-16,0.07329828292131424
1991-08-17,0.8180629312992096
1991-08-18,7.528271436691284
1991-08-19,4.253162324428558
1991-08-20,0.14319865964353085
1991-08-21,0.00010425561413285322
1991-08-22,0.5612978562712669
1991-08-23,0.10774491541087627
1991-08-24,0.3483400493860245
1991-08-25,9.63131332397461
1991-08-26,6.959393739700317
1991-08-27,0.4888724833726883
1991-08-28,0.39671535789966583
1991-08-29,5.4615397453308105
1991-08-30,13.611001968383789
1991-08-31,0.8350815922021866
1991-09-01,1.198068618774414
1991-09-02,0.9902235865592957
1991-09-03,1.0389817357063293
1991-09-04,0.001284942904021591
1991-09-05,0.08156009577214718
1991-09-06,7.378497242927551
1991-09-07,3.3712711930274963
1991-09-08,1.5281619429588318
1991-09-09,0.003943700343370438
1991-09-10,0.0002786088443826884
1991-09-11,0.38718733191490173
1991-09-12,0.24788227304816246
1991-09-13,0.3075786903500557
1991-09-14,0.14982954412698746
1991-09-15,1.1696231067180634
1991-09-16,0.1254210900515318
1991-09-17,0.07657554559409618
1991-09-18,5.403195738792419
1991-09-19,32.36103343963623
1991-09-20,0.00010356723760196473
1991-09-21,0.0006977015582378954
1991-09-22,8.495882138959132e-05
1991-09-23,0.44808653742074966
1991-09-24,16.62320566177368
1991-09-25,57.81755542755127
1991-09-26,0.0002614160330267623
1991-09-27,0.0002614160330267623
1991-09-28,0.0002614160330267623
1991-09-29,0.0002614160330267623
1991-09-30,0.0002614160330267623
1991-10-01,1.766697209859558e-05
1991-10-02,0.03621952934190631
1991-10-03,0.00011843581341963727
1991-10-04,0.029449257999658585
1991-10-05,0.486784964799881
1991-10-06,1.9575616717338562
1991-10-07,0.0016134446486830711
1991-10-08,0.0016134446486830711
1991-10-09,0.0016134446486830711
1991-10-10,0.01015118439681828
1991-10-11,0.0001579348318045959
1991-10-12,0.0001579348318045959
1991-10-13,0.0001579348318045959
1991-10-14,0.0001579348318045959
1991-10-15,18.55045509338379
1991-10-16,0.00019587187853176147
1991-10-17,0.00019587187853176147
1991-10-18,0.00019587187853176147
1991-10-19,0.00019587187853176147
1991-10-20,0.00019587187853176147
1991-10-21,0.010699322680011392
1991-10-22,0.0372769208624959
1991-10-23,0.07573621906340122
1991-10-24,0.22189754992723465
1991-10-25,0.38268031924963
1991-10-26,0.12377283722162247
1991-10-27,0.29162245988845825
1991-10-28,0.00014232595094654243
1991-10-29,0.010639521526172757
1991-10-30,0.00014232595094654243
1991-10-31,0.00014232595094654243
1991-11-01,24.278034210205078
1991-11-02,0.011517754523083568
1991-11-03,0.00020730308460770175
1991-11-04,0.00020730308460770175
1991-11-05,0.00020730308460770175
1991-11-06,6.938627120689489e-05
1991-11-07,6.938627120689489e-05
1991-11-08,1.490511566400528
1991-11-09,0.19764085486531258
1991-11-10,0.04290043190121651
1991-11-11,0.4351879507303238
1991-11-12,0.4351879507303238
1991-11-13,0.4351879507303238
1991-11-14,0.4351879507303238
1991-11-15,0.4351879507303238
1991-11-16,0.0004414470386109315
1991-11-17,0.4205327033996582
1991-11-18,0.006269102217629552
1991-11-19,19.08125114440918
1991-11-20,8.020443081855774
1991-11-21,19.799570560455322
1991-11-22,20.03274440765381
1991-11-23,0.005702592432498932
1991-11-24,0.04836123250424862
1991-11-25,6.926404421392363e-05
1991-11-26,9.520790445094462e-05
1991-11-27,9.520790445094462e-05
1991-11-28,9.520790445094462e-05
1991-11-29,0.010893400060012937
1991-11-30,1.0542175471782684
1991-12-01,13.361174821853638
1991-12-02,8.646689057350159
1991-12-03,34.37948226928711
1991-12-04,0.00013580499580712058
1991-12-05,0.00013580499580712058
1991-12-06,0.00010256906534777954
1991-12-07,0.00010256906534777954
1991-12-08,0.00010256906534777954
1991-12-09,11.784910917282104
1991-12-10,2.166499972343445
1991-12-11,0.3615410104393959
1991-12-12,0.015148387523368001
1991-12-13,0.459190234541893
1991-12-14,8.90718960762024
1991-12-15,0.00011150077989441343
1991-12-16,0.0
1991-12-17,0.0
1991-12-18,0.0
1991-12-19,0.0
1991-12-20,0.0
1991-12-21,0.14402509480714798
1991-12-22,1.454800307750702
1991-12-23,9.031225204467773
1991-12-24,8.089728474617004
1991-12-25,0.00014800973076489754
1991-12-26,9.814873192226514e-05
1991-12-27,2.5372816920280457
1991-12-28,34.28845405578613
1991-12-29,2.1489531099796295
1991-12-30,0.0001695536993793212
1991-12-31,9.814873192226514e-05
1992-01-01,0.07652682438492775
1992-01-02,14.757619857788086
1992-01-03,26.334615230560303
1992-01-04,2.6173291206359863
1992-01-05,0.001337026449618861
1992-01-06,0.0
1992-01-07,0.0
1992-01-08,0.7084886133670807
1992-01-09,20.749374866485596
1992-01-10,0.07220272719860077
1992-01-11,0.0
1992-01-12,0.7152654230594635
1992-01-13,18.41621732711792
1992-01-14,3.866214692592621
1992-01-15,0.0
1992-01-16,0.007885796832852066
1992-01-17,0.0
1992-01-18,0.20390526950359344
1992-01-19,1.8778738677501678
1992-01-20,0.0
1992-01-21,0.0
1992-01-22,0.3266966789960861
1992-01-23,30.147780418395996
1992-01-24,0.007526497705839574
1992-01-25,0.0
1992-01-26,0.0
1992-01-27,5.624541282653809
1992-01-28,12.645390510559082
1992-01-29,1.573208898305893
1992-01-30,0.38187357038259506
1992-01-31,0.0
1992-02-01,0.0
1992-02-02,0.0
1992-02-03,0.0
1992-02-04,0.0
1992-02-05,1.969814270734787
1992-02-06,4.795527338981628
1992-02-07,0.0
1992-02-08,0.0
1992-02-09,0.0
1992-02-10,0.0
1992-02-11,0.0
1992-02-12,0.0
1992-02-13,7.561050057411194
1992-02-14,1.9122682213783264
1992-02-15,48.08572292327881
1992-02-16,0.21940270066261292
1992-02-17,36.57375431060791
1992-02-18,4.601804256439209
1992-02-19,4.633435130119324
1992-02-20,0.0
1992-02-21,0.0
1992-02-22,0.0
1992-02-23,20.343104362487793
1992-02-24,0.1233022902160883
1992-02-25,47.31162929534912
1992-02-26,0.0
1992-02-27,0.0
1992-02-28,0.0
1992-02-29,0.0
1992-03-01,0.0
1992-03-02,0.0
1992-03-03,0.0
1992-03-04,0.0009734290360938758
1992-03-05,2.7775979042053223
1992-03-06,33.24828767776489
1992-03-07,1.1741352379322052
1992-03-08,0.0
1992-03-09,0.0014388806303031743
1992-03-10,13.740005731582642
1992-03-11,0.04904418718069792
1992-03-12,0.00047643212019465864
1992-03-13,1.383263111114502
1992-03-14,0.009580097161233425
1992-03-15,0.0007355537236435339
1992-03-16,0.0
1992-03-17,0.0
1992-03-18,10.261041164398193
1992-03-19,47.1163969039917
1992-03-20,2.1968011260032654
1992-03-21,0.0
1992-03-22,2.122715577483177
1992-03-23,5.700736241415143
1992-03-24,0.0
1992-03-25,1.1322124172002077
1992-03-26,4.460894584655762
1992-03-27,0.3842395916581154
1992-03-28,0.0
1992-03-29,0.3826199546456337
1992-03-30,13.766098976135254
1992-03-31,1.506385326385498
1992-04-01,3.0312328934669495
1992-04-02,0.0
1992-04-03,0.0
1992-04-04,0.2357081137597561
1992-04-05,0.0
1992-04-06,0.16728752851486206
1992-04-07,19.92983651161194
1992-04-08,0.00947248050943017
1992-04-09,0.0
1992-04-10,0.015026227105408907
1992-04-11,0.2659156396985054
1992-04-12,0.42639167234301567
1992-04-13,0.0
1992-04-14,6.6629711454879725e-06
1992-04-15,0.04342793393880129
1992-04-16,0.009064822341315448
1992-04-17,0.8455015122890472
1992-04-18,0.4511716738343239
1992-04-19,3.824923276901245
1992-04-20,19.041104316711426
1992-04-21,9.049307823181152
1992-04-22,0.0
1992-04-23,0.0
1992-04-24,0.2432880774140358
1992-04-25,1.1435725688934326
1992-04-26,1.3052387833595276
1992-04-27,0.8572875559329987
1992-04-28,0.0007946911791805178
1992-04-29,0.0
1992-04-30,1.2514981627464294
1992-05-01,0.0
1992-05-02,0.0
1992-05-03,0.0
1992-05-04,0.0
1992-05-05,0.0
1992-05-06,1.5935088694095612
1992-05-07,3.2313637137413025
1992-05-08,10.496174097061157
1992-05-09,0.8231536895036697
1992-05-10,0.0
1992-05-11,0.0
1992-05-12,0.16448912397027016
1992-05-13,12.354249715805054
1992-05-14,0.12386564910411835
1992-05-15,0.09092036262154579
1992-05-16,0.09364255517721176
1992-05-17,0.005824018735438585
1992-05-18,0.06420138943940401
1992-05-19,2.367755889892578
1992-05-20,1.5527242124080658
1992-05-21,0.02615167200565338
1992-05-22,0.0
1992-05-23,0.0
1992-05-24,0.48129574209451675
1992-05-25,0.05181994568556547
1992-05-26,0.04315021354705095
1992-05-27,0.007999265217222273
1992-05-28,6.759187579154968
1992-05-29,7.685359835624695
1992-05-30,1.0869646668434143
1992-05-31,0.0
1992-06-01,0.0
1992-06-02,0.0
1992-06-03,26.433830738067627
1992-06-04,24.989365100860596
1992-06-05,1.928936243057251
1992-06-06,0.0
1992-06-07,0.1479581519961357
1992-06-08,12.106136083602905
1992-06-09,7.553890228271484
1992-06-10,1.0749095380306244
1992-06-11,3.039337396621704
1992-06-12,4.431849181652069
1992-06-13,1.8150588870048523
1992-06-14,6.888489723205566
1992-06-15,0.3260621950030327
1992-06-16,0.37484559416770935
1992-06-17,0.5298498421907425
1992-06-18,2.062592774629593
1992-06-19,15.982121467590332
1992-06-20,0.03139203600585461
1992-06-21,0.41072628647089005
1992-06-22,0.0
1992-06-23,0.0
1992-06-24,0.0
1992-06-25,0.006531996303237975
1992-06-26,1.9934555292129517
1992-06-27,1.4599072933197021
1992-06-28,0.46042026579380035
1992-06-29,0.14071866124868393
1992-06-30,1.7426401376724243
1992-07-01,16.02352285385132
1992-07-02,18.19849395751953
1992-07-03,4.9467973709106445
1992-07-04,0.010262734023854136
1992-07-05,1.672456443309784
1992-07-06,6.155100703239441
1992-07-07,0.02158735180273652
1992-07-08,0.002948798122815788
1992-07-09,0.0
1992-07-10,2.8245654106140137
1992-07-11,0.0
1992-07-12,0.0
1992-07-13,0.0
1992-07-14,0.0
1992-07-15,0.0
1992-07-16,6.85784387588501
1992-07-17,14.42348337173462
1992-07-18,9.290032148361206
1992-07-19,0.11161357909440994
1992-07-20,0.24418850615620613
1992-07-21,1.488001137971878
1992-07-22,11.621692895889282
1992-07-23,7.279663324356079
1992-07-24,3.6780595183372498
1992-07-25,1.152098149061203
1992-07-26,0.4489119425415993
1992-07-27,1.2904623448848724
1992-07-28,2.115132510662079
1992-07-29,0.0016434467397630215
1992-07-30,4.36046689748764
1992-07-31,5.23577094078064
1992-08-01,1.0161246806383133
1992-08-02,0.0
1992-08-03,0.002367613953538239
1992-08-04,2.4101107716560364
1992-08-05,0.4360385537147522
1992-08-06,2.980012536048889
1992-08-07,4.698284864425659
1992-08-08,0.9614659696817398
1992-08-09,0.7323509305715561
1992-08-10,1.498663604259491
1992-08-11,0.20432721078395844
1992-08-12,14.388544082641602
1992-08-13,49.36838722229004
1992-08-14,0.4951741024851799
1992-08-15,0.8165046274662018
1992-08-16,0.0
1992-08-17,0.0
1992-08-18,0.0
1992-08-19,0.0
1992-08-20,0.0
1992-08-21,26.908472537994385
1992-08-22,44.05815887451172
1992-08-23,5.514258503913879
1992-08-24,2.037787914276123
1992-08-25,0.15146551094949245
1992-08-26,0.501050416380167
1992-08-27,1.3109925985336304
1992-08-28,14.682404816150665
1992-08-29,0.0
1992-08-30,0.0
1992-08-31,0.0017812044970924035
1992-09-01,0.02866198169067502
1992-09-02,0.060899325646460056
1992-09-03,10.551918506622314
1992-09-04,12.85524606704712
1992-09-05,19.74892807006836
1992-09-06,1.0903050601482391
1992-09-07,0.41265203803777695
1992-09-08,0.1350440662354231
1992-09-09,0.4202043041586876
1992-09-10,2.2790952920913696
1992-09-11,3.968331277370453
1992-09-12,1.8756880164146423
1992-09-13,1.4047737121582031
1992-09-14,0.015158854192122817
1992-09-15,0.0
1992-09-16,0.012369441334158182
1992-09-17,1.086683377623558
1992-09-18,6.647271156311035
1992-09-19,3.8995789885520935
1992-09-20,2.1181904077529907
1992-09-21,0.9859538078308105
1992-09-22,3.556020736694336
1992-09-23,1.294728308916092
1992-09-24,4.131527662277222
1992-09-25,0.018397885374724865
1992-09-26,0.4040988087654114
1992-09-27,1.9436868131160736
1992-09-28,0.5872501581907272
1992-09-29,0.0
1992-09-30,0.0
1992-10-01,0.0
1992-10-02,0.0
1992-10-03,6.660523414611816
1992-10-04,36.726911544799805
1992-10-05,1.3444662988185883
1992-10-06,0.21151624247431755
1992-10-07,0.0
1992-10-08,3.6400291323661804
1992-10-09,0.5815594494342804
1992-10-10,0.019825093680992723
1992-10-11,5.712355852127075
1992-10-12,0.0
1992-10-13,0.0
1992-10-14,0.0
1992-10-15,0.0
1992-10-16,0.7260655909776688
1992-10-17,1.9355742037296295
1992-10-18,0.39588622003793716
1992-10-19,0.0
1992-10-20,0.0
1992-10-21,0.0
1992-10-22,0.9113756418228149
1992-10-23,0.0
1992-10-24,0.0
1992-10-25,0.0
1992-10-26,0.0
1992-10-27,1.684835597872734
1992-10-28,5.5584456622600555
1992-10-29,0.11388899385929108
1992-10-30,3.9614288806915283
1992-10-31,3.2613320350646973
1992-11-01,0.1638110727071762
1992-11-02,38.98315143585205
1992-11-03,0.0
1992-11-04,50.29368877410889
1992-11-05,8.824767589569092
1992-11-06,0.0
1992-11-07,0.0
1992-11-08,0.0
1992-11-09,0.0
1992-11-10,2.7771478295326233
1992-11-11,0.020113871432840824
1992-11-12,39.16652488708496
1992-11-13,1.0218132138252258
1992-11-14,0.0
1992-11-15,0.0
1992-11-16,0.09703746438026428
1992-11-17,0.09703746438026428
1992-11-18,0.09703746438026428
1992-11-19,0.09703746438026428
1992-11-20,0.6171081438660622
1992-11-21,9.273303270339966
1992-11-22,23.730122089385986
1992-11-23,0.3052801229059696
1992-11-24,23.940999031066895
1992-11-25,23.760974884033203
1992-11-26,15.13333810865879
1992-11-27,0.0
1992-11-28,0.0
1992-11-29,0.0
1992-11-30,0.0
1992-12-01,0.0
1992-12-02,0.0
1992-12-03,0.0
1992-12-04,0.0
1992-12-05,0.0
1992-12-06,1.3874009251594543
1992-12-07,6.538092136383057
1992-12-08,0.00012642592992051505
1992-12-09,0.11816534213721752
1992-12-10,24.772932052612305
1992-12-11,4.141337096691132
1992-12-12,0.0
1992-12-13,0.0
1992-12-14,0.0
1992-12-15,0.004972732625901699
1992-12-16,46.33134937286377
1992-12-17,42.02546405792236
1992-12-18,0.0
1992-12-19,0.061777583323419094
1992-12-20,43.6207389831543
1992-12-21,0.0
1992-12-22,0.0
1992-12-23,0.0
1992-12-24,0.0
1992-12-25,0.0
1992-12-26,0.0
1992-12-27,0.0
1992-12-28,0.0
1992-12-29,0.0
1992-12-30,0.0
1992-12-31,0.0
1993-01-01,0.0001254425078514032
1993-01-02,0.0
1993-01-03,0.03810214065015316
1993-01-04,4.0569926500320435
1993-01-05,15.144053936004639
1993-01-06,0.002969720691908151
1993-01-07,3.4013895392417908
1993-01-08,14.936458110809326
1993-01-09,0.43468789011240005
1993-01-10,0.21791203320026398
1993-01-11,18.903562545776367
1993-01-12,31.389692783355713
1993-01-13,2.4180984497070312
1993-01-14,0.0
1993-01-15,0.08192015811800957
1993-01-16,3.120495855808258
1993-01-17,0.0
1993-01-18,2.4488744139671326
1993-01-19,13.104889631271362
1993-01-20,11.13203763961792
1993-01-21,35.57667636871338
1993-01-22,0.11923220753669739
1993-01-23,0.0
1993-01-24,35.48957920074463
1993-01-25,0.0
1993-01-26,0.0
1993-01-27,0.0
1993-01-28,0.0
1993-01-29,0.0
1993-01-30,0.0
1993-01-31,0.0
1993-02-01,0.0
1993-02-02,0.0
1993-02-03,0.0
1993-02-04,0.0
1993-02-05,0.0
1993-02-06,0.0
1993-02-07,2.4944766759872437
1993-02-08,9.110628366470337
1993-02-09,0.04587383661419153
1993-02-10,1.9421216398477554
1993-02-11,10.889357328414917
1993-02-12,4.683350741863251
1993-02-13,0.36214741691946983
1993-02-14,0.0
1993-02-15,0.39884545654058456
1993-02-16,8.921802520751953
1993-02-17,0.0
1993-02-18,0.0
1993-02-19,0.0
1993-02-20,0.48540230095386505
1993-02-21,9.296396851539612
1993-02-22,8.433676958084106
1993-02-23,0.0
1993-02-24,0.0
1993-02-25,1.4366916120052338
1993-02-26,13.859126091003418
1993-02-27,0.07786772027611732
1993-02-28,0.0
1993-03-01,0.0
1993-03-02,17.94546341896057
1993-03-03,10.313751459121704
1993-03-04,10.740290641784668
1993-03-05,1.1959541738033295
1993-03-06,0.0
1993-03-07,0.06472794711589813
1993-03-08,0.009244138607755303
1993-03-09,0.0
1993-03-10,0.00014445497981796507
1993-03-11,0.0
1993-03-12,0.5225876197218895
1993-03-13,27.755813121795654
1993-03-14,0.09788450039923191
1993-03-15,0.0
1993-03-16,0.14106198027729988
1993-03-17,13.137253999710083
1993-03-18,0.0
1993-03-19,0.0
1993-03-20,0.48019351810216904
1993-03-21,0.019097037642495707
1993-03-22,0.25360553862992674
1993-03-23,3.2615648694336414
1993-03-24,0.10165219253394753
1993-03-25,0.13326825870899484
1993-03-26,11.658359050750732
1993-03-27,5.487621188163757
1993-03-28,0.1151799988001585
1993-03-29,0.0
1993-03-30,0.0
1993-03-31,11.193981409072876
1993-04-01,0.2083638310432434
1993-04-02,0.03765704669058323
1993-04-03,0.0
1993-04-04,0.21249974332749844
1993-04-05,11.471139907836914
1993-04-06,0.342388316988945
1993-04-07,0.0034106535022147
1993-04-08,0.0
1993-04-09,23.82333469390869
1993-04-10,0.11040906049311161
1993-04-11,0.0
1993-04-12,0.0003356604393047746
1993-04-13,0.0
1993-04-14,0.0
1993-04-15,6.732264995574951
1993-04-16,13.09517240524292
1993-04-17,0.0004505369142862037
1993-04-18,0.10613132268190384
1993-04-19,0.0
1993-04-20,0.00950148282572627
1993-04-21,0.0
1993-04-22,0.0
1993-04-23,0.0
1993-04-24,0.0
1993-04-25,0.0
1993-04-26,27.885667324066162
1993-04-27,0.0
1993-04-28,0.0
1993-04-29,0.0
1993-04-30,0.5463397279381752
1993-05-01,0.5815237015485764
1993-05-02,2.3585447669029236
1993-05-03,9.067189693450928
1993-05-04,18.2135648727417
1993-05-05,0.0
1993-05-06,0.0
1993-05-07,0.0
1993-05-08,0.0
1993-05-09,0.0
1993-05-10,0.0
1993-05-11,0.05173378251492977
1993-05-12,1.136921465396881
1993-05-13,13.275943279266357
1993-05-14,0.31117381900548935
1993-05-15,0.0
1993-05-16,0.0
1993-05-17,1.1718669533729553
1993-05-18,0.6357521861791611
1993-05-19,18.106098651885986
1993-05-20,0.11174840852618217
1993-05-21,0.1204356886446476
1993-05-22,0.0
1993-05-23,0.0
1993-05-24,0.023648696951568127
1993-05-25,2.9106006026268005
1993-05-26,0.6433448195457458
1993-05-27,0.3856612741947174
1993-05-28,0.2277885414659977
1993-05-29,0.10065288841724396
1993-05-30,2.6629746556282043
1993-05-31,6.68684446811676
1993-06-01,2.591589331626892
1993-06-02,0.4890279620885849
1993-06-03,0.0
1993-06-04,1.8215362131595612
1993-06-05,5.839589238166809
1993-06-06,0.023493593093007803
1993-06-07,0.06659832410514355
1993-06-08,0.03938473481684923
1993-06-09,0.0
1993-06-10,0.006008164957165718
1993-06-11,3.7509121894836426
1993-06-12,17.749189138412476
1993-06-13,18.6181321144104
1993-06-14,3.8076071739196777
1993-06-15,4.706068515777588
1993-06-16,0.5643334165215492
1993-06-17,0.12750179413706064
1993-06-18,0.31593194231390953
1993-06-19,0.0
1993-06-20,0.02248340519145131
1993-06-21,0.37656135112047195
1993-06-22,0.028139962814748287
1993-06-23,0.036205321084707975
1993-06-24,0.9600691646337509
1993-06-25,1.2922306656837463
1993-06-26,0.5443722009658813
1993-06-27,0.1552879512310028
1993-06-28,3.196573495864868
1993-06-29,4.266550540924072
1993-06-30,0.7125067114830017
1993-07-01,0.0
1993-07-02,0.0
1993-07-03,0.0
1993-07-04,0.0
1993-07-05,0.0
1993-07-06,0.0
1993-07-07,0.0
1993-07-08,0.0
1993-07-09,0.0
1993-07-10,0.0
1993-07-11,1.2476362884044647
1993-07-12,0.6278156191110611
1993-07-13,3.0145062506198883
1993-07-14,1.2743584662675858
1993-07-15,1.4314245283603668
1993-07-16,0.0
1993-07-17,0.0
1993-07-18,0.0
1993-07-19,0.0
1993-07-20,0.0
1993-07-21,0.0
1993-07-22,0.040650934795849025
1993-07-23,0.0889328911434859
1993-07-24,1.78678322955966
1993-07-25,4.768816664814949
1993-07-26,5.667424440383911
1993-07-27,4.4530675411224365
1993-07-28,0.22640101239085197
1993-07-29,0.5360614731907845
1993-07-30,0.0
1993-07-31,0.0
1993-08-01,0.00180918286787346
1993-08-02,5.883493661880493
1993-08-03,13.536455869674683
1993-08-04,24.78408718109131
1993-08-05,7.332366943359375
1993-08-06,2.4540203511714935
1993-08-07,2.5403954684734344
1993-08-08,0.20100568979978561
1993-08-09,0.08649176266044378
1993-08-10,0.006438815034925938
1993-08-11,0.0
1993-08-12,0.0014094088473939337
1993-08-13,3.5086783170700073
1993-08-14,1.0575826168060303
1993-08-15,0.1751936562359333
1993-08-16,0.0
1993-08-17,0.0
1993-08-18,0.0
1993-08-19,0.0
1993-08-20,0.0
1993-08-21,16.400264501571655
1993-08-22,0.0486491434276104
1993-08-23,5.977675557136536
1993-08-24,3.4688422083854675
1993-08-25,3.606331169605255
1993-08-26,0.2880522236227989
1993-08-27,0.9708179831504822
1993-08-28,0.2222904972732067
1993-08-29,0.05028687044978142
1993-08-30,0.1334193330258131
1993-08-31,0.0023408859851770103
1993-09-01,0.012315917061641812
1993-09-02,3.955728769302368
1993-09-03,1.8190895318984985
1993-09-04,11.797680377960205
1993-09-05,0.006236330373212695
1993-09-06,0.0
1993-09-07,1.8301969468593597
1993-09-08,0.8673368394374847
1993-09-09,0.3345300182700157
1993-09-10,0.08810351602733135
1993-09-11,0.0
1993-09-12,0.0
1993-09-13,0.04520641826093197
1993-09-14,0.002874368743505329
1993-09-15,1.0721994042396545
1993-09-16,5.604166388511658
1993-09-17,1.1523047983646393
1993-09-18,0.0
1993-09-19,0.0
1993-09-20,0.17282310873270035
1993-09-21,19.019691228866577
1993-09-22,0.0
1993-09-23,0.0
1993-09-24,1.0867356359958649
1993-09-25,3.944610357284546
1993-09-26,0.06195343378931284
1993-09-27,1.4790681600570679
1993-09-28,0.0
1993-09-29,0.0
1993-09-30,0.0
1993-10-01,0.09908073581755161
1993-10-02,0.09908073581755161
1993-10-03,0.09908073581755161
1993-10-04,0.09908073581755161
1993-10-05,0.09908073581755161
1993-10-06,0.0
1993-10-07,0.0
1993-10-08,0.094770148396492
1993-10-09,0.6288859844207764
1993-10-10,2.0611394941806793
1993-10-11,0.9279784262180328
1993-10-12,2.2935102581977844
1993-10-13,0.0
1993-10-14,0.5493651889264584
1993-10-15,0.0024934924440458417
1993-10-16,22.65232801437378
1993-10-17,0.8729517161846161
1993-10-18,9.66144847869873
1993-10-19,2.5296711921691895
1993-10-20,0.45213374495506287
1993-10-21,7.191434264183044
1993-10-22,9.745847463607788
1993-10-23,0.0
1993-10-24,0.0
1993-10-25,0.0
1993-10-26,0.3496875837445259
1993-10-27,0.00230986307724379
1993-10-28,0.0
1993-10-29,9.451353549957275
1993-10-30,39.91742134094238
1993-10-31,1.0436268001794815
1993-11-01,0.0018638005130924284
1993-11-02,0.0
1993-11-03,7.579540761071257e-05
1993-11-04,5.486631989479065
1993-11-05,49.76810359954834
1993-11-06,22.220672607421875
1993-11-07,0.0
1993-11-08,0.0
1993-11-09,0.0
1993-11-10,0.0
1993-11-11,0.0
1993-11-12,0.3224872648715973
1993-11-13,0.11104493588209152
1993-11-14,0.2821059748530388
1993-11-15,17.03948211669922
1993-11-16,8.647666096687317
1993-11-17,9.12130355834961
1993-11-18,0.0
1993-11-19,0.1525216307491064
1993-11-20,0.13900778256356716
1993-11-21,0.004641793202608824
1993-11-22,0.004641793202608824
1993-11-23,0.004641793202608824
1993-11-24,0.004641793202608824
1993-11-25,0.3073835726827383
1993-11-26,0.8518464416265488
1993-11-27,1.3496213555335999
1993-11-28,0.0
1993-11-29,0.0
1993-11-30,0.0
1993-12-01,0.0
1993-12-02,0.0011169664358021691
1993-12-03,0.37322838604450226
1993-12-04,23.030107498168945
1993-12-05,6.29669463634491
1993-12-06,0.0
1993-12-07,0.0
1993-12-08,0.0
1993-12-09,0.0
1993-12-10,28.921250343322754
1993-12-11,0.13114595599472523
1993-12-12,0.0
1993-12-13,0.13691247813403606
1993-12-14,21.140554904937744
1993-12-15,0.9552489668130875
1993-12-16,0.012540198396891356
1993-12-17,0.0
1993-12-18,0.425218366086483
1993-12-19,0.007712952792644501
1993-12-20,8.91302227973938
1993-12-21,5.256054997444153
1993-12-22,0.7488444894552231
1993-12-23,1.0035657584667206
1993-12-24,0.0
1993-12-25,0.6752667874097824
1993-12-26,0.008865659474395216
1993-12-27,0.0
1993-12-28,8.814159631729126
1993-12-29,29.779499530792236
1993-12-30,0.0
1993-12-31,0.0
1994-01-01,0.9192872941493988
1994-01-02,0.10741285048425198
1994-01-03,9.185802936553955
1994-01-04,8.630682706832886
1994-01-05,0.010893927654251456
1994-01-06,0.004420151002705097
1994-01-07,0.129603773355484
1994-01-08,0.07042621821165085
1994-01-09,0.0
1994-01-10,0.0
1994-01-11,19.822375297546387
1994-01-12,34.9762659072876
1994-01-13,0.1474514976143837
1994-01-14,1.0179792195558548
1994-01-15,0.0801002811640501
1994-01-16,0.0
1994-01-17,40.1650447845459
1994-01-18,0.09326224401593208
1994-01-19,0.0
1994-01-20,0.0
1994-01-21,0.0
1994-01-22,0.0
1994-01-23,0.018338408786803484
1994-01-24,0.0015285163535736501
1994-01-25,4.939195871353149
1994-01-26,9.387547016143799
1994-01-27,9.014527320861816
1994-01-28,43.14919948577881
1994-01-29,0.0
1994-01-30,0.005517335433978587
1994-01-31,0.0010011586709879339
1994-02-01,0.0
1994-02-02,0.0
1994-02-03,0.0
1994-02-04,0.0160672003403306
1994-02-05,13.565958023071289
1994-02-06,4.524064302444458
1994-02-07,0.0
1994-02-08,11.318764209747314
1994-02-09,2.7572672963142395
1994-02-10,9.251919984817505
1994-02-11,36.39169502258301
1994-02-12,0.408673495054245
1994-02-13,0.0506806131452322
1994-02-14,0.0
1994-02-15,0.0
1994-02-16,0.0
1994-02-17,0.0
1994-02-18,0.31855902075767517
1994-02-19,0.0
1994-02-20,3.36841082572937
1994-02-21,2.1799270510673523
1994-02-22,4.6553462743759155
1994-02-23,35.56512451171875
1994-02-24,14.764665603637695
1994-02-25,0.0
1994-02-26,0.0
1994-02-27,0.0
1994-02-28,0.0
1994-03-01,31.192692756652832
1994-03-02,20.9412899017334
1994-03-03,0.8501372039318085
1994-03-04,0.0
1994-03-05,0.0
1994-03-06,0.0
1994-03-07,0.03344900580123067
1994-03-08,2.282160997390747
1994-03-09,2.2063382267951965
1994-03-10,10.384770631790161
1994-03-11,0.0
1994-03-12,0.0
1994-03-13,0.09951548837125301
1994-03-14,0.792032852768898
1994-03-15,0.005444729700684547
1994-03-16,0.0
1994-03-17,0.0
1994-03-18,0.0
1994-03-19,0.0
1994-03-20,0.0
1994-03-21,4.374502658843994
1994-03-22,8.545194864273071
1994-03-23,0.2671162337064743
1994-03-24,18.471101999282837
1994-03-25,33.50113344192505
1994-03-26,0.0
1994-03-27,30.957155227661133
1994-03-28,27.257174015045166
1994-03-29,5.141935706138611
1994-03-30,0.0
1994-03-31,4.120080590248108
1994-04-01,0.0
1994-04-02,0.0
1994-04-03,2.1041942834854126
1994-04-04,1.0542429089546204
1994-04-05,0.42819342017173767
1994-04-06,39.53314828872681
1994-04-07,1.167251780629158
1994-04-08,0.0
1994-04-09,0.1532054077833891
1994-04-10,1.8697662353515625
1994-04-11,0.3873217925429344
1994-04-12,6.144468426704407
1994-04-13,24.45386028289795
1994-04-14,0.0
1994-04-15,38.381192207336426
1994-04-16,23.325820446014404
1994-04-17,0.0
1994-04-18,0.0
1994-04-19,0.0
1994-04-20,0.0
1994-04-21,0.0
1994-04-22,0.0
1994-04-23,0.0
1994-04-24,0.0
1994-04-25,0.0
1994-04-26,0.2283782996237278
1994-04-27,3.9643961787223816
1994-04-28,1.129431590437889
1994-04-29,4.141395151615143
1994-04-30,0.0
1994-05-01,1.6682149171829224
1994-05-02,0.0
1994-05-03,20.14494037628174
1994-05-04,4.978716135025024
1994-05-05,9.344764112029225e-05
1994-05-06,0.0
1994-05-07,0.2590743750333786
1994-05-08,9.688409090042114
1994-05-09,0.0
1994-05-10,0.1294991821050644
1994-05-11,0.0
1994-05-12,0.17569377273321152
1994-05-13,0.0
1994-05-14,1.880466252565384
1994-05-15,13.923550844192505
1994-05-16,4.97554075717926
1994-05-17,0.0
1994-05-18,0.0
1994-05-19,0.0
1994-05-20,0.005901650642044842
1994-05-21,0.02469845348969102
1994-05-22,0.0
1994-05-23,0.0
1994-05-24,0.228360116481781
1994-05-25,0.3935408964753151
1994-05-26,8.801486730575562
1994-05-27,6.873504400253296
1994-05-28,0.0
1994-05-29,0.5486012399196625
1994-05-30,0.0
1994-05-31,2.488856315612793
1994-06-01,0.03639431018382311
1994-06-02,0.14413337782025337
1994-06-03,0.02844281541183591
1994-06-04,0.010169043438509107
1994-06-05,0.4592159315943718
1994-06-06,4.436722636222839
1994-06-07,1.7109674215316772
1994-06-08,4.847160220146179
1994-06-09,11.195773363113403
1994-06-10,4.8680994510650635
1994-06-11,8.73477327823639
1994-06-12,0.3950888440012932
1994-06-13,2.162644624710083
1994-06-14,2.1205097138881683
1994-06-15,3.532588541507721
1994-06-16,16.710660457611084
1994-06-17,1.0563843548297882
1994-06-18,7.8093870878219604
1994-06-19,0.23130124434828758
1994-06-20,0.042210737708956
1994-06-21,0.040708737913519144
1994-06-22,0.7381517384201288
1994-06-23,0.7522213291376829
1994-06-24,8.656225755810738
1994-06-25,3.666202023625374
1994-06-26,0.9371128082275391
1994-06-27,42.06617546081543
1994-06-28,6.286175847053528
1994-06-29,26.51562261581421
1994-06-30,8.475250124931335
1994-07-01,0.0
1994-07-02,0.0
1994-07-03,0.0
1994-07-04,0.0
1994-07-05,0.0
1994-07-06,0.0
1994-07-07,0.0
1994-07-08,0.0
1994-07-09,0.0
1994-07-10,0.0
1994-07-11,10.951813578605652
1994-07-12,16.26291799545288
1994-07-13,10.240327596664429
1994-07-14,4.479155361652374
1994-07-15,1.7574765980243683
1994-07-16,5.9335925579071045
1994-07-17,2.5554667115211487
1994-07-18,1.6504067480564117
1994-07-19,3.245591938495636
1994-07-20,5.575204253196716
1994-07-21,2.75262314081192
1994-07-22,7.019732356071472
1994-07-23,4.892966151237488
1994-07-24,0.3037262111902237
1994-07-25,2.2317160964012146
1994-07-26,8.496855735778809
1994-07-27,37.197771072387695
1994-07-28,2.009691685438156
1994-07-29,0.2640419267117977
1994-07-30,0.03398517658933997
1994-07-31,2.858919382095337
1994-08-01,6.303274571895599
1994-08-02,0.40874914824962616
1994-08-03,5.974506497383118
1994-08-04,2.5461778938770294
1994-08-05,8.555347204208374
1994-08-06,1.2831301540136337
1994-08-07,0.7153459787368774
1994-08-08,0.5880266651511192
1994-08-09,0.5782266855239868
1994-08-10,0.3549618534743786
1994-08-11,0.11336460523307323
1994-08-12,0.3869347423315048
1994-08-13,1.8059565722942352
1994-08-14,1.7537170946598053
1994-08-15,46.1337776184082
1994-08-16,6.949985504150391
1994-08-17,2.3246891498565674
1994-08-18,0.33238133788108826
1994-08-19,0.1779375523328781
1994-08-20,1.971851885318756
1994-08-21,0.0
1994-08-22,0.0
1994-08-23,0.0
1994-08-24,0.0
1994-08-25,0.0
1994-08-26,0.4965003803372383
1994-08-27,0.08615529537200928
1994-08-28,0.00019352333765709773
1994-08-29,0.09543459303677082
1994-08-30,0.13378144055604935
1994-08-31,0.36064114421606064
1994-09-01,15.074234008789062
1994-09-02,14.105067491531372
1994-09-03,2.8657788038253784
1994-09-04,0.0018859978299587965
1994-09-05,0.0
1994-09-06,6.560198754072189
1994-09-07,0.0030227266397560015
1994-09-08,4.804954931139946
1994-09-09,14.5253284573555
1994-09-10,1.9556272774934769
1994-09-11,0.7196228802204132
1994-09-12,0.5828807055950165
1994-09-13,0.6066678091883659
1994-09-14,0.0
1994-09-15,0.0
1994-09-16,0.8737920671701431
1994-09-17,15.202400207519531
1994-09-18,5.720754861831665
1994-09-19,0.3482446074485779
1994-09-20,5.582298581430223e-05
1994-09-21,0.0361319393850863
1994-09-22,0.0
1994-09-23,23.899277210235596
1994-09-24,5.702929079532623
1994-09-25,0.04107732279226184
1994-09-26,0.06138180010020733
1994-09-27,0.45644043385982513
1994-09-28,0.06138180010020733
1994-09-29,0.06138180010020733
1994-09-30,0.06138180010020733
1994-10-01,0.0
1994-10-02,19.846940517425537
1994-10-03,24.6414475440979
1994-10-04,0.29002493619918823
1994-10-05,0.0
1994-10-06,0.0
1994-10-07,0.0
1994-10-08,0.026681268122047186
1994-10-09,3.167101800441742
1994-10-10,8.291279196739197
1994-10-11,0.4610813185572624
1994-10-12,13.349797010421753
1994-10-13,2.1444458067417145
1994-10-14,22.555195808410645
1994-10-15,0.0033883883443195373
1994-10-16,0.0
1994-10-17,0.0
1994-10-18,0.0
1994-10-19,0.0
1994-10-20,0.0
1994-10-21,0.02087336964905262
1994-10-22,33.225807189941406
1994-10-23,3.4588144421577454
1994-10-24,0.0
1994-10-25,0.0
1994-10-26,0.046462176367640495
1994-10-27,0.0
1994-10-28,0.0
1994-10-29,0.07801561616361141
1994-10-30,0.5486369132995605
1994-10-31,0.8480927646160126
1994-11-01,1.004743054509163
1994-11-02,0.0
1994-11-03,0.0
1994-11-04,0.0
1994-11-05,0.03186006098985672
1994-11-06,4.740500569343567
1994-11-07,0.0
1994-11-08,0.0
1994-11-09,0.5003904029726982
1994-11-10,4.239210665225983
1994-11-11,5.293345928192139
1994-11-12,0.0
1994-11-13,0.0
1994-11-14,0.0
1994-11-15,0.0
1994-11-16,0.7388050109148026
1994-11-17,0.002067333727609366
1994-11-18,0.1174819078296423
1994-11-19,0.0
1994-11-20,0.030793962068855762
1994-11-21,0.41135258227586746
1994-11-22,0.0
1994-11-23,0.0
1994-11-24,0.0
1994-11-25,0.0
1994-11-26,17.33816385269165
1994-11-27,15.361694574356079
1994-11-28,25.490994930267334
1994-11-29,0.6166394799947739
1994-11-30,0.0
1994-12-01,0.0
1994-12-02,0.0
1994-12-03,0.6287552863359451
1994-12-04,49.550466537475586
1994-12-05,5.5250407457351685
1994-12-06,0.05310121551156044
1994-12-07,0.004315730766393244
1994-12-08,0.009625029633753002
1994-12-09,0.06760062370449305
1994-12-10,6.684828817844391
1994-12-11,16.03508162498474
1994-12-12,0.0
1994-12-13,0.0
1994-12-14,0.0
1994-12-15,0.04454765096306801
1994-12-16,1.8063092529773712
1994-12-17,1.4210741221904755
1994-12-18,0.02953723631799221
1994-12-19,0.0
1994-12-20,0.0
1994-12-21,0.0
1994-12-22,0.0
1994-12-23,0.0
1994-12-24,0.0
1994-12-25,0.0
1994-12-26,0.0
1994-12-27,0.0
1994-12-28,0.0
1994-12-29,0.0
1994-12-30,5.168340504169464
1994-12-31,1.9117098897695541
1995-01-01,1.2450219690799713
1995-01-02,0.29579809308052063
1995-01-03,0.08069480769336224
1995-01-04,0.0
1995-01-05,0.0
1995-01-06,12.731673955917358
1995-01-07,10.453932285308838
1995-01-08,0.021202703472226858
1995-01-09,0.0
1995-01-10,0.0
1995-01-11,4.732796788215637
1995-01-12,2.5147037506103516
1995-01-13,0.034688275307416916
1995-01-14,39.23624134063721
1995-01-15,2.2904568910598755
1995-01-16,0.059329280629754066
1995-01-17,0.0
1995-01-18,0.0
1995-01-19,22.966981887817383
1995-01-20,0.8005037158727646
1995-01-21,0.0
1995-01-22,0.0
1995-01-23,0.014315883629024029
1995-01-24,6.506484169221949e-07
1995-01-25,0.0
1995-01-26,0.0
1995-01-27,5.388314843177795
1995-01-28,62.27435493469238
1995-01-29,8.762949347496033
1995-01-30,3.830641984939575
1995-01-31,0.0
1995-02-01,0.0
1995-02-02,1.2135072946548462
1995-02-03,0.0
1995-02-04,3.835436463356018
1995-02-05,0.02565057622268796
1995-02-06,0.0
1995-02-07,0.597494050860405
1995-02-08,0.19802332669496536
1995-02-09,0.0
1995-02-10,5.97449791431427
1995-02-11,9.566579103469849
1995-02-12,1.4895539581775665
1995-02-13,0.0
1995-02-14,0.5025852248072624
1995-02-15,4.583127498626709
1995-02-16,80.09568214416504
1995-02-17,17.27056646347046
1995-02-18,22.442984104156494
1995-02-19,1.9402799904346466
1995-02-20,0.5387822389602661
1995-02-21,0.011694453191012144
1995-02-22,0.0
1995-02-23,0.0
1995-02-24,0.7613865584135056
1995-02-25,0.0
1995-02-26,0.0
1995-02-27,4.619856119155884
1995-02-28,17.799831867218018
1995-03-01,6.233989477157593
1995-03-02,0.18048569187521935
1995-03-03,3.5815505385398865
1995-03-04,0.6946958303451538
1995-03-05,10.933602333068848
1995-03-06,4.8437416553497314
1995-03-07,3.1524831652641296
1995-03-08,55.78909111022949
1995-03-09,0.0
1995-03-10,0.0
1995-03-11,0.006872993893921375
1995-03-12,0.006872993893921375
1995-03-13,0.006872993893921375
1995-03-14,0.7097746431827545
1995-03-15,0.006872993893921375
1995-03-16,8.424983501434326
1995-03-17,1.088645339012146
1995-03-18,0.04107901453971863
1995-03-19,0.0
1995-03-20,0.03416384570300579
1995-03-21,0.2288482617586851
1995-03-22,0.00018522653681429802
1995-03-23,0.00011124335742351832
1995-03-24,0.0
1995-03-25,0.0
1995-03-26,0.0
1995-03-27,9.536343336105347
1995-03-28,0.0
1995-03-29,0.05435888562351465
1995-03-30,0.00011075647853431292
1995-03-31,0.0
1995-04-01,0.0
1995-04-02,0.0
1995-04-03,0.0
1995-04-04,0.0
1995-04-05,0.0
1995-04-06,2.543155610561371
1995-04-07,0.0
1995-04-08,0.0
1995-04-09,0.0
1995-04-10,0.0
1995-04-11,6.327629804611206
1995-04-12,15.38673210144043
1995-04-13,0.0
1995-04-14,0.0
1995-04-15,0.0
1995-04-16,0.0
1995-04-17,0.0
1995-04-18,0.0
1995-04-19,0.0
1995-04-20,0.0
1995-04-21,26.647606372833252
1995-04-22,6.853820562362671
1995-04-23,19.725895881652832
1995-04-24,10.213586568832397
1995-04-25,0.014258324634283781
1995-04-26,0.0
1995-04-27,0.0
1995-04-28,0.0009070068190339953
1995-04-29,0.0
1995-04-30,2.120984375476837
1995-05-01,2.0288277566432953
1995-05-02,7.129115343093872
1995-05-03,0.0
1995-05-04,5.208171129226685
1995-05-05,1.4204381108283997
1995-05-06,0.0
1995-05-07,1.8819753677234985e-05
1995-05-08,0.0
1995-05-09,4.296610772609711
1995-05-10,3.164684683084488
1995-05-11,2.7803537845611572
1995-05-12,0.0
1995-05-13,2.1016688346862793
1995-05-14,15.694078207015991
1995-05-15,8.189488172531128
1995-05-16,0.02481422759592533
1995-05-17,0.0013020742335356772
1995-05-18,0.000637681718217209
1995-05-19,13.035817861557007
1995-05-20,0.0003056017703784164
1995-05-21,0.05254122242331505
1995-05-22,0.05254122242331505
1995-05-23,0.05254122242331505
1995-05-24,0.05254122242331505
1995-05-25,0.379928395152092
1995-05-26,0.4762798175215721
1995-05-27,2.12879079580307
1995-05-28,4.205554842948914
1995-05-29,7.668910980224609
1995-05-30,1.658046305179596
1995-05-31,1.7099414467811584
1995-06-01,44.17534351348877
1995-06-02,16.309134006500244
1995-06-03,4.467974662780762
1995-06-04,0.017780723050236702
1995-06-05,3.201464831829071
1995-06-06,0.010648149996995926
1995-06-07,0.16100139915943146
1995-06-08,0.002966645988635719
1995-06-09,0.006438214099034667
1995-06-10,0.004697592696174979
1995-06-11,0.0
1995-06-12,0.0
1995-06-13,0.0
1995-06-14,0.0
1995-06-15,0.0
1995-06-16,1.2886460721492767
1995-06-17,1.8211337625980377
1995-06-18,0.4935004189610481
1995-06-19,7.92803680896759
1995-06-20,5.856107234954834
1995-06-21,0.4427344799041748
1995-06-22,0.22113627940416336
1995-06-23,0.00711480196332559
1995-06-24,0.3174795061349869
1995-06-25,1.7210782766342163
1995-06-26,0.0
1995-06-27,0.0
1995-06-28,0.0
1995-06-29,0.0
1995-06-30,0.0
1995-07-01,23.204801082611084
1995-07-02,0.4137624353170395
1995-07-03,1.4259370565414429
1995-07-04,5.765018343925476
1995-07-05,0.07151517365127802
1995-07-06,0.0
1995-07-07,0.0
1995-07-08,0.0
1995-07-09,0.0
1995-07-10,0.0
1995-07-11,0.0
1995-07-12,0.0
1995-07-13,0.0
1995-07-14,0.0
1995-07-15,0.0
1995-07-16,0.0
1995-07-17,0.0
1995-07-18,0.0
1995-07-19,0.0
1995-07-20,0.0
1995-07-21,4.18773740530014
1995-07-22,5.052969217300415
1995-07-23,0.5032593533396721
1995-07-24,1.57244873046875
1995-07-25,0.21049229428172112
1995-07-26,1.9037626385688782
1995-07-27,4.3452600836753845
1995-07-28,9.062325060367584
1995-07-29,0.06039355741813779
1995-07-30,0.02702854387462139
1995-07-31,0.05294446647167206
1995-08-01,0.5173798203468323
1995-08-02,0.0010383688495494425
1995-08-03,0.9085646122694016
1995-08-04,0.6067298948764801
1995-08-05,0.5383369475603104
1995-08-06,1.2294185012578964
1995-08-07,11.097935199737549
1995-08-08,32.331809520721436
1995-08-09,0.8146895915269852
1995-08-10,0.3579334691166878
1995-08-11,2.1204416751861572
1995-08-12,0.18265441991388798
1995-08-13,0.0009375728841405362
1995-08-14,0.01744930655695498
1995-08-15,0.05579583253711462
1995-08-16,0.0
1995-08-17,0.0
1995-08-18,0.11584493890404701
1995-08-19,1.2132863998413086
1995-08-20,31.952988624572754
1995-08-21,0.0
1995-08-22,0.0
1995-08-23,0.0
1995-08-24,0.0
1995-08-25,0.0
1995-08-26,6.124836087226868
1995-08-27,0.34612784534692764
1995-08-28,0.014187639113515615
1995-08-29,0.0039980398141779006
1995-08-30,0.001659694709815085
1995-08-31,0.060940216295421124
1995-09-01,6.785887241363525
1995-09-02,0.47156818956136703
1995-09-03,12.687058448791504
1995-09-04,0.0059585843700915575
1995-09-05,0.22616275399923325
1995-09-06,0.6439961791038513
1995-09-07,0.0
1995-09-08,0.04741057101637125
1995-09-09,0.00040310392796527594
1995-09-10,0.7144565731287003
1995-09-11,0.37773026153445244
1995-09-12,1.2334067225456238
1995-09-13,3.8118178844451904
1995-09-14,11.727191090583801
1995-09-15,0.5243329331278801
1995-09-16,8.562696099281311
1995-09-17,13.9673912525177
1995-09-18,0.12224763259291649
1995-09-19,0.0786072937771678
1995-09-20,0.8776325285434723
1995-09-21,2.2779514491558075
1995-09-22,18.238125324249268
1995-09-23,10.384127140045166
1995-09-24,2.1070993542671204
1995-09-25,2.0414143204689026
1995-09-26,0.7946116030216217
1995-09-27,0.005736299441196024
1995-09-28,7.370279854512773e-05
1995-09-29,0.0
1995-09-30,0.0
1995-10-01,0.44920121133327484
1995-10-02,0.588517889380455
1995-10-03,5.104504823684692
1995-10-04,83.55820274353027
1995-10-05,35.58032417297363
1995-10-06,2.9031513333320618
1995-10-07,0.0
1995-10-08,0.0
1995-10-09,0.0
1995-10-10,0.0
1995-10-11,0.0
1995-10-12,0.0
1995-10-13,0.44146981090307236
1995-10-14,3.0663459300994873
1995-10-15,0.0
1995-10-16,0.0
1995-10-17,0.0
1995-10-18,0.0
1995-10-19,0.0
1995-10-20,0.0
1995-10-21,0.0
1995-10-22,0.0
1995-10-23,0.0
1995-10-24,1.2102642357349396
1995-10-25,0.0
1995-10-26,0.0
1995-10-27,12.919477224349976
1995-10-28,18.70567226409912
1995-10-29,0.0
1995-10-30,0.0007565389823867008
1995-10-31,1.3044829070568085
1995-11-01,2.2878265380859375
1995-11-02,27.01726722717285
1995-11-03,11.505747318267822
1995-11-04,0.0
1995-11-05,0.43162669241428375
1995-11-06,3.058602750301361
1995-11-07,37.9835205078125
1995-11-08,0.05822951626032591
1995-11-09,0.0
1995-11-10,0.0
1995-11-11,21.62662363052368
1995-11-12,0.0
1995-11-13,0.022040043026208878
1995-11-14,2.091140031814575
1995-11-15,3.589682819438167e-05
1995-11-16,0.0
1995-11-17,0.0
1995-11-18,1.1898453682661057
1995-11-19,0.0
1995-11-20,0.0
1995-11-21,0.005959506146609783
1995-11-22,0.0
1995-11-23,0.2529344465583563
1995-11-24,0.06669104425236583
1995-11-25,0.0
1995-11-26,0.0
1995-11-27,0.099289963953197
1995-11-28,0.3628561720252037
1995-11-29,0.20758361369371414
1995-11-30,0.0
1995-12-01,0.0
1995-12-02,0.0
1995-12-03,0.0
1995-12-04,0.0
1995-12-05,0.0
1995-12-06,1.5101453363895416
1995-12-07,6.200713753700256
1995-12-08,0.05896300356835127
1995-12-09,12.521286964416504
1995-12-10,0.0
1995-12-11,0.0
1995-12-12,0.0
1995-12-13,0.0
1995-12-14,0.0
1995-12-15,0.0
1995-12-16,14.761993408203125
1995-12-17,1.5497459173202515
1995-12-18,26.022657871246338
1995-12-19,14.4538254737854
1995-12-20,0.37891700863838196
1995-12-21,0.0
1995-12-22,0.0
1995-12-23,0.0
1995-12-24,0.8269349336624146
1995-12-25,0.0
1995-12-26,0.0
1995-12-27,0.0
1995-12-28,0.0
1995-12-29,0.0
1995-12-30,0.0
1995-12-31,0.0
1996-01-01,12.035747528076172
1996-01-02,7.162351846694946
1996-01-03,0.7036972492933273
1996-01-04,0.003134455473627895
1996-01-05,0.0
1996-01-06,15.052496910095215
1996-01-07,8.007628440856934
1996-01-08,0.17416812106966972
1996-01-09,0.0
1996-01-10,0.0
1996-01-11,1.291989505290985
1996-01-12,15.48249101638794
1996-01-13,0.0034613567404448986
1996-01-14,0.0
1996-01-15,0.0951673872768879
1996-01-16,0.4768873602151871
1996-01-17,0.004683999810367823
1996-01-18,2.889093518257141
1996-01-19,15.987123727798462
1996-01-20,0.0
1996-01-21,0.0017874110490083694
1996-01-22,0.0
1996-01-23,0.0
1996-01-24,0.07048990577459335
1996-01-25,0.0
1996-01-26,38.72249507904053
1996-01-27,81.86858177185059
1996-01-28,0.0
1996-01-29,0.5529553592205048
1996-01-30,4.638142347335815
1996-01-31,9.990042448043823
1996-02-01,0.5898292884230614
1996-02-02,62.34618663787842
1996-02-03,1.9209255576133728
1996-02-04,0.019862390588968992
1996-02-05,0.0
1996-02-06,0.0
1996-02-07,0.2208814425393939
1996-02-08,0.07209025183692575
1996-02-09,7.993701636791229
1996-02-10,0.2934857737272978
1996-02-11,0.0
1996-02-12,0.0
1996-02-13,0.0
1996-02-14,0.0
1996-02-15,0.0
1996-02-16,0.6094033271074295
1996-02-17,0.0
1996-02-18,0.0
1996-02-19,0.4966588243842125
1996-02-20,16.464378356933594
1996-02-21,0.0
1996-02-22,0.0
1996-02-23,0.0
1996-02-24,0.0
1996-02-25,0.0
1996-02-26,0.0029338854365050793
1996-02-27,0.005134604230988771
1996-02-28,7.61983460187912
1996-02-29,0.0
1996-03-01,0.002274955390021205
1996-03-02,0.04223594814538956
1996-03-03,0.0
1996-03-04,0.0
1996-03-05,1.1176648139953613
1996-03-06,55.17210578918457
1996-03-07,66.62880611419678
1996-03-08,0.0005479714018292725
1996-03-09,0.0
1996-03-10,0.0
1996-03-11,0.0
1996-03-12,0.0
1996-03-13,0.0
1996-03-14,0.00048145408800337464
1996-03-15,0.992319643497467
1996-03-16,10.322335243225098
1996-03-17,0.4825056940317154
1996-03-18,3.328882932662964
1996-03-19,32.05761766433716
1996-03-20,1.0188439637422562
1996-03-21,0.2000381164252758
1996-03-22,0.0
1996-03-23,0.0
1996-03-24,0.0
1996-03-25,5.668240427970886
1996-03-26,0.07310669124126434
1996-03-27,7.811299204826355
1996-03-28,14.55243730545044
1996-03-29,1.4774408638477325
1996-03-30,0.34014520794153214
1996-03-31,16.552789211273193
1996-04-01,0.0
1996-04-02,0.0
1996-04-03,0.0
1996-04-04,0.0
1996-04-05,0.0
1996-04-06,1.0169731080532074
1996-04-07,0.0
1996-04-08,0.9085713028907776
1996-04-09,0.5349233746528625
1996-04-10,0.0
1996-04-11,0.0
1996-04-12,0.0
1996-04-13,6.08166241645813
1996-04-14,0.10502292215824127
1996-04-15,7.31367039680481
1996-04-16,0.011934816953726113
1996-04-17,0.0
1996-04-18,0.06559531576931477
1996-04-19,2.028607815504074
1996-04-20,13.063730239868164
1996-04-21,34.979214668273926
1996-04-22,0.11885774321854115
1996-04-23,12.676085948944092
1996-04-24,0.0
1996-04-25,0.0
1996-04-26,17.67264699935913
1996-04-27,0.0
1996-04-28,0.0
1996-04-29,0.5965025126934052
1996-04-30,12.793879270553589
1996-05-01,0.0
1996-05-02,0.0
1996-05-03,0.0
1996-05-04,0.0
1996-05-05,0.0
1996-05-06,1.370945692062378
1996-05-07,1.4415579438209534
1996-05-08,0.1341194324195385
1996-05-09,0.08057736046612263
1996-05-10,0.060170210897922516
1996-05-11,6.405817747116089
1996-05-12,0.21528711915016174
1996-05-13,0.8022897392511368
1996-05-14,0.0
1996-05-15,1.0811218917369843
1996-05-16,0.004475031280890107
1996-05-17,0.9401827901601791
1996-05-18,0.0
1996-05-19,0.0
1996-05-20,1.0978422462940216
1996-05-21,0.056785489432513714
1996-05-22,0.0
1996-05-23,0.10384824313223362
1996-05-24,4.753973126411438
1996-05-25,4.892677903175354
1996-05-26,2.9012596011161804
1996-05-27,4.451374173164368
1996-05-28,13.83197808265686
1996-05-29,11.19318413734436
1996-05-30,0.8039428442716599
1996-05-31,0.03614608757197857
1996-06-01,0.0
1996-06-02,0.27480652555823326
1996-06-03,0.49033835530281067
1996-06-04,0.21376091986894608
1996-06-05,0.033169899601489305
1996-06-06,0.0
1996-06-07,0.035146784503012896
1996-06-08,16.605440139770508
1996-06-09,32.617980003356934
1996-06-10,0.5163586214184761
1996-06-11,1.0280684381723404
1996-06-12,17.919904708862305
1996-06-13,17.26468276977539
1996-06-14,2.0231495797634125
1996-06-15,1.2668641805648804
1996-06-16,0.03538428316824138
1996-06-17,0.036280298605561256
1996-06-18,0.12455236352980137
1996-06-19,0.5033852308988571
1996-06-20,0.2682776376605034
1996-06-21,0.4143169894814491
1996-06-22,0.0
1996-06-23,0.027237525675445795
1996-06-24,1.8018133342266083
1996-06-25,5.956408977508545
1996-06-26,0.0
1996-06-27,0.0
1996-06-28,0.0
1996-06-29,0.0
1996-06-30,0.0
1996-07-01,0.0
1996-07-02,0.0
1996-07-03,0.0
1996-07-04,0.0
1996-07-05,0.0
1996-07-06,0.019194771302863955
1996-07-07,0.1978839449584484
1996-07-08,12.93284010887146
1996-07-09,1.9950100183486938
1996-07-10,0.0
1996-07-11,4.7906674808473326e-05
1996-07-12,0.002466714009642601
1996-07-13,0.2449101358652115
1996-07-14,1.3133429288864136
1996-07-15,1.215851604938507
1996-07-16,5.200371265411377
1996-07-17,3.9270628690719604
1996-07-18,1.1547436118125916
1996-07-19,0.10703686252236366
1996-07-20,1.5027445554733276
1996-07-21,2.5250109136104584
1996-07-22,1.3760628402233124
1996-07-23,2.143842339515686
1996-07-24,0.01407454046420753
1996-07-25,16.47568988800049
1996-07-26,1.4082355201244354
1996-07-27,0.3180575855076313
1996-07-28,13.786127805709839
1996-07-29,5.012760043144226
1996-07-30,0.7142477333545685
1996-07-31,2.8281915187835693
1996-08-01,17.09480780363083
1996-08-02,0.39455534890294075
1996-08-03,3.2507435232400894
1996-08-04,2.490067906677723
1996-08-05,11.512535870075226
1996-08-06,0.29933372884988785
1996-08-07,0.6238253116607666
1996-08-08,0.35626477375626564
1996-08-09,0.2893119938671589
1996-08-10,0.05763369984924793
1996-08-11,15.098424434661865
1996-08-12,27.448002338409424
1996-08-13,0.31214114278554916
1996-08-14,0.9330340325832367
1996-08-15,0.43861984461545944
1996-08-16,1.1967460364103317
1996-08-17,2.3055171072483063
1996-08-18,4.14419150352478
1996-08-19,3.820201277732849
1996-08-20,0.5853578299283981
1996-08-21,0.056857308372855186
1996-08-22,0.7103758603334427
1996-08-23,1.5387917757034302
1996-08-24,3.322373330593109
1996-08-25,4.3124330043792725
1996-08-26,1.492594599723816
1996-08-27,5.227575778961182
1996-08-28,8.959856510162354
1996-08-29,0.5328793078660965
1996-08-30,2.3129069805145264
1996-08-31,0.3978249207139015
1996-09-01,6.846532702445984
1996-09-02,8.186899304389954
1996-09-03,2.3403849601745605
1996-09-04,4.429705262184143
1996-09-05,0.6501516848802567
1996-09-06,0.32029707357287407
1996-09-07,0.9224741011857986
1996-09-08,0.4722641631960869
1996-09-09,0.5689785405993462
1996-09-10,24.757841110229492
1996-09-11,2.216143697500229
1996-09-12,0.02395633701235056
1996-09-13,0.0
1996-09-14,0.0
1996-09-15,0.0
1996-09-16,20.233827590942383
1996-09-17,8.923069477081299
1996-09-18,0.0
1996-09-19,0.0
1996-09-20,0.0
1996-09-21,26.371239185333252
1996-09-22,0.36449630558490753
1996-09-23,0.0
1996-09-24,0.0
1996-09-25,0.07410512492060661
1996-09-26,0.11225366126745939
1996-09-27,0.783886156976223
1996-09-28,8.57364895939827
1996-09-29,0.0
1996-09-30,2.229976773262024
1996-10-01,17.36835813522339
1996-10-02,2.595301926136017
1996-10-03,4.893768548965454
1996-10-04,0.7718378156423569
1996-10-05,0.0
1996-10-06,0.0
1996-10-07,5.351248025894165
1996-10-08,1.5475196242332458
1996-10-09,1.2120396792888641
1996-10-10,8.039273977279663
1996-10-11,0.9097292423248291
1996-10-12,0.5719417929649353
1996-10-13,0.5719417929649353
1996-10-14,0.5719417929649353
1996-10-15,0.5719417929649353
1996-10-16,0.012832884211093187
1996-10-17,0.145062867552042
1996-10-18,27.027493476867676
1996-10-19,0.0
1996-10-20,0.0
1996-10-21,0.0
1996-10-22,0.0
1996-10-23,1.1037573516368866
1996-10-24,0.0
1996-10-25,0.6324465498328209
1996-10-26,5.373739957809448
1996-10-27,1.9872385263442993
1996-10-28,1.923862099647522
1996-10-29,0.17138101905584335
1996-10-30,0.42644718289375305
1996-10-31,0.0
1996-11-01,3.595755159854889
1996-11-02,29.66180181503296
1996-11-03,0.0
1996-11-04,0.0
1996-11-05,0.10027728974819183
1996-11-06,1.5098209083080292
1996-11-07,1.0254497528076172
1996-11-08,33.923850536346436
1996-11-09,0.06995209492743015
1996-11-10,0.0073072200757451355
1996-11-11,0.0
1996-11-12,0.0
1996-11-13,0.0
1996-11-14,0.8884398639202118
1996-11-15,0.7593781054019928
1996-11-16,0.0
1996-11-17,0.0012145465734647587
1996-11-18,14.184327840805054
1996-11-19,1.3621563017368317
1996-11-20,0.0007960675939102657
1996-11-21,0.16811550967395306
1996-11-22,0.0018066190968966112
1996-11-23,0.0
1996-11-24,0.0
1996-11-25,0.859459899365902
1996-11-26,2.3497692942619324
1996-11-27,0.0
1996-11-28,0.0
1996-11-29,0.33284786343574524
1996-11-30,9.360748052597046
1996-12-01,45.403618812561035
1996-12-02,0.04703008662909269
1996-12-03,0.0
1996-12-04,0.0
1996-12-05,8.525407791137695
1996-12-06,0.0
1996-12-07,0.0
1996-12-08,0.0
1996-12-09,0.0
1996-12-10,0.0
1996-12-11,0.0
1996-12-12,0.0
1996-12-13,0.0
1996-12-14,0.0
1996-12-15,0.0
1996-12-16,2.9498146176338196
1996-12-17,20.057950973510742
1996-12-18,0.4084576517343521
1996-12-19,0.5570506304502487
1996-12-20,0.0
1996-12-21,0.0
1996-12-22,0.0
1996-12-23,0.0
1996-12-24,0.0
1996-12-25,0.0
1996-12-26,0.03322271816432476
1996-12-27,4.5936232805252075
1996-12-28,8.078838348388672
1996-12-29,3.2924673557281494
1996-12-30,1.398278534412384
1996-12-31,5.299923896789551
1997-01-01,0.23131515830755234
1997-01-02,0.22848066687583923
1997-01-03,0.14356981962919235
1997-01-04,0.12389577180147171
1997-01-05,5.473056316375732
1997-01-06,0.15833530947566032
1997-01-07,7.08874785900116
1997-01-08,7.676813840866089
1997-01-09,21.12543249130249
1997-01-10,0.8139712810516357
1997-01-11,0.0
1997-01-12,0.0
1997-01-13,0.0
1997-01-14,0.0
1997-01-15,0.0
1997-01-16,17.920828342437744
1997-01-17,6.260755708353827e-05
1997-01-18,6.260755708353827e-05
1997-01-19,0.03335073543712497
1997-01-20,6.260755708353827e-05
1997-01-21,0.00016907064491533674
1997-01-22,19.111493587493896
1997-01-23,4.428959488868713
1997-01-24,30.077757835388184
1997-01-25,17.57535696029663
1997-01-26,8.612399142293725e-05
1997-01-27,0.0005729495096602477
1997-01-28,25.74536943435669
1997-01-29,8.612399142293725e-05
1997-01-30,0.3877968192100525
1997-01-31,8.612399142293725e-05
1997-02-01,0.00015449165584868751
1997-02-02,1.522673785686493
1997-02-03,4.523519396781921
1997-02-04,15.063410997390747
1997-02-05,15.365573167800903
1997-02-06,0.0015593246353091672
1997-02-07,0.019720113021321595
1997-02-08,4.588416755199432
1997-02-09,2.4122477725541103e-05
1997-02-10,0.3303694427013397
1997-02-11,9.393245818500873e-05
1997-02-12,9.393245818500873e-05
1997-02-13,21.37642526626587
1997-02-14,5.050580739974976
1997-02-15,5.157151818275452
1997-02-16,8.08900804258883e-05
1997-02-17,8.08900804258883e-05
1997-02-18,8.08900804258883e-05
1997-02-19,0.015868234215304255
1997-02-20,0.3510725423693657
1997-02-21,17.540704250335693
1997-02-22,1.9001640379428864
1997-02-23,6.557683263963554e-05
1997-02-24,6.557683263963554e-05
1997-02-25,0.01079980912618339
1997-02-26,7.238988518714905
1997-02-27,17.22162914276123
1997-02-28,37.7084379196167
1997-03-01,13.620385885238647
1997-03-02,1.6031506955623627
1997-03-03,15.198794841766357
1997-03-04,0.00022347508638631552
1997-03-05,0.4929189831018448
1997-03-06,12.80588150024414
1997-03-07,0.00010574865154922009
1997-03-08,0.00030510322358168196
1997-03-09,0.00010574865154922009
1997-03-10,2.3479411005973816
1997-03-11,0.19627121090888977
1997-03-12,7.767196257191245e-05
1997-03-13,7.345022678375244
1997-03-14,28.9449143409729
1997-03-15,0.011148269521072507
1997-03-16,7.217867096187547e-05
1997-03-17,7.217867096187547e-05
1997-03-18,1.17920583486557
1997-03-19,15.572091817855835
1997-03-20,0.006409487454220653
1997-03-21,4.892920469501405e-05
1997-03-22,4.892920469501405e-05
1997-03-23,4.892920469501405e-05
1997-03-24,4.892920469501405e-05
1997-03-25,0.12962718587368727
1997-03-26,5.373969793319702
1997-03-27,0.00011412326603021938
1997-03-28,16.53151774406433
1997-03-29,4.340648174285889
1997-03-30,0.15190466027706861
1997-03-31,4.296567261219025
1997-04-01,0.0008325329981744289
1997-04-02,0.0008325329981744289
1997-04-03,0.0008325329981744289
1997-04-04,0.0008325329981744289
1997-04-05,3.3686373233795166
1997-04-06,29.70453691482544
1997-04-07,0.0001257137773791328
1997-04-08,0.0001257137773791328
1997-04-09,0.06867847312241793
1997-04-10,0.0001257137773791328
1997-04-11,0.013766351155936718
1997-04-12,15.971677780151367
1997-04-13,1.0539421886205673
1997-04-14,7.141863170545548e-05
1997-04-15,7.141863170545548e-05
1997-04-16,0.00017343086801702157
1997-04-17,1.1289710104465485
1997-04-18,0.00017343086801702157
1997-04-19,1.084514856338501
1997-04-20,13.216460943222046
1997-04-21,0.8796464055776596
1997-04-22,9.428673028945923
1997-04-23,16.81299614906311
1997-04-24,8.564000199839938e-05
1997-04-25,8.564000199839938e-05
1997-04-26,11.995629787445068
1997-04-27,21.835789680480957
1997-04-28,36.83425426483154
1997-04-29,1.1167927831411362
1997-04-30,9.778667663340457e-05
1997-05-01,4.238335192203522
1997-05-02,0.0003528357046889141
1997-05-03,59.03157901763916
1997-05-04,0.0003528357046889141
1997-05-05,0.0003528357046889141
1997-05-06,0.0
1997-05-07,0.0
1997-05-08,0.0
1997-05-09,0.0
1997-05-10,0.0
1997-05-11,0.0
1997-05-12,0.0
1997-05-13,0.0
1997-05-14,0.0
1997-05-15,0.0
1997-05-16,7.068510240060277e-05
1997-05-17,7.068510240060277e-05
1997-05-18,7.068510240060277e-05
1997-05-19,1.051228329539299
1997-05-20,3.0046138763427734
1997-05-21,0.0046922091860324144
1997-05-22,2.4318786927324254e-05
1997-05-23,0.10934140160679817
1997-05-24,1.138357698917389
1997-05-25,5.217250227928162
1997-05-26,3.6303704380989075
1997-05-27,4.009322106838226
1997-05-28,4.197737395763397
1997-05-29,7.105699062347412
1997-05-30,5.063586592674255
1997-05-31,6.554281234741211
1997-06-01,1.1317542344331741
1997-06-02,1.117694079875946
1997-06-03,0.09144758991897106
1997-06-04,0.03681866731494665
1997-06-05,0.008645362569950521
1997-06-06,0.0056761319283396006
1997-06-07,0.1396322064101696
1997-06-08,0.04036966525018215
1997-06-09,0.12709150835871696
1997-06-10,0.0018128671799786389
1997-06-11,14.663984775543213
1997-06-12,5.4508984088897705
1997-06-13,25.10897922515869
1997-06-14,16.409684896469116
1997-06-15,0.46733659505844116
1997-06-16,3.8689070343971252
1997-06-17,15.715081691741943
1997-06-18,16.359236001968384
1997-06-19,0.07471484690904617
1997-06-20,2.3629875779151917
1997-06-21,1.1179125010967255
1997-06-22,3.38985937833786
1997-06-23,0.035954203456640244
1997-06-24,0.6740693300962448
1997-06-25,2.796237587928772
1997-06-26,11.407971620559692
1997-06-27,9.251179695129395
1997-06-28,4.0075103640556335
1997-06-29,2.094777822494507
1997-06-30,8.343016147613525
1997-07-01,0.0
1997-07-02,0.0
1997-07-03,0.0
1997-07-04,0.0
1997-07-05,0.0
1997-07-06,0.0002345653047086671
1997-07-07,5.847273349761963
1997-07-08,1.3175499737262726
1997-07-09,4.767067193984985
1997-07-10,0.02667431766167283
1997-07-11,0.0
1997-07-12,0.0
1997-07-13,0.0
1997-07-14,0.0
1997-07-15,0.0
1997-07-16,0.0
1997-07-17,0.0
1997-07-18,0.0
1997-07-19,0.0
1997-07-20,0.0
1997-07-21,0.3843223452568054
1997-07-22,31.898093223571777
1997-07-23,16.490267753601074
1997-07-24,6.478651404380798
1997-07-25,0.0001601282237970736
1997-07-26,0.0030065685277804732
1997-07-27,1.3572860360145569
1997-07-28,9.877617359161377
1997-07-29,0.17446351423859596
1997-07-30,16.816593647003174
1997-07-31,19.16859197616577
1997-08-01,0.004282659647287801
1997-08-02,0.004282659647287801
1997-08-03,1.8614111244678497
1997-08-04,0.7731499075889587
1997-08-05,0.1800129907205701
1997-08-06,0.0005610713651549304
1997-08-07,0.5141643136739731
1997-08-08,0.011522970162332058
1997-08-09,15.456897020339966
1997-08-10,1.3051767647266388
1997-08-11,0.8497171401977539
1997-08-12,0.3413216471672058
1997-08-13,8.297728896141052
1997-08-14,5.243919014930725
1997-08-15,2.3022679686546326
1997-08-16,0.1356523036956787
1997-08-17,0.12113110721111298
1997-08-18,0.7598138451576233
1997-08-19,0.05270079895853996
1997-08-20,2.7730038166046143
1997-08-21,0.0
1997-08-22,0.0
1997-08-23,0.0
1997-08-24,0.0
1997-08-25,0.0
1997-08-26,0.00020524623687379062
1997-08-27,0.5508770644664764
1997-08-28,0.41757380962371826
1997-08-29,0.16366859525442123
1997-08-30,0.034056810196489096
1997-08-31,0.06250658165663481
1997-09-01,0.5968541353940964
1997-09-02,0.8279520720243454
1997-09-03,0.3479776233434677
1997-09-04,0.019459729082882404
1997-09-05,9.329050590167753e-05
1997-09-06,0.00024201169799198397
1997-09-07,0.00024201169799198397
1997-09-08,0.0023389817324641626
1997-09-09,4.14628130197525
1997-09-10,14.62401008605957
1997-09-11,4.768453598022461
1997-09-12,0.006461575278081
1997-09-13,0.0009251420706277713
1997-09-14,0.0009251420706277713
1997-09-15,0.0009251420706277713
1997-09-16,0.01543819741345942
1997-09-17,0.00021182923592277803
1997-09-18,1.7144170999526978
1997-09-19,0.00021182923592277803
1997-09-20,0.00021182923592277803
1997-09-21,4.683965742588043
1997-09-22,0.5942545533180237
1997-09-23,2.9299222230911255
1997-09-24,21.252697467803955
1997-09-25,74.81580543518066
1997-09-26,0.08525232970714569
1997-09-27,1.7957715690135956
1997-09-28,2.220754325389862
1997-09-29,0.07880874536931515
1997-09-30,2.0170912648609374e-05
1997-10-01,0.021982360165566206
1997-10-02,0.021982360165566206
1997-10-03,0.021982360165566206
1997-10-04,0.021982360165566206
1997-10-05,0.41676245629787445
1997-10-06,0.6657717227935791
1997-10-07,0.6426231563091278
1997-10-08,0.00017268913506995887
1997-10-09,0.45363231003284454
1997-10-10,0.00017268913506995887
1997-10-11,0.07149388827383518
1997-10-12,0.002006124472245574
1997-10-13,0.02521839179098606
1997-10-14,4.054548859596252
1997-10-15,0.06306167040020227
1997-10-16,0.0
1997-10-17,0.0
1997-10-18,0.0
1997-10-19,0.0
1997-10-20,0.0
1997-10-21,0.37585774064064026
1997-10-22,5.578262209892273
1997-10-23,0.00023092242554412223
1997-10-24,47.52319145202637
1997-10-25,13.803884267807007
1997-10-26,105.25125122070312
1997-10-27,7.532181978225708
1997-10-28,0.00021193170687183738
1997-10-29,0.00021193170687183738
1997-10-30,0.00021193170687183738
1997-10-31,1.5142549574375153
1997-11-01,2.3823848366737366
1997-11-02,1.5882019400596619
1997-11-03,0.09169875085353851
1997-11-04,0.002326752379303798
1997-11-05,2.4901614779082593e-05
1997-11-06,7.157031893730164
1997-11-07,6.767854690551758
1997-11-08,0.05450522433966398
1997-11-09,0.00010964298417093232
1997-11-10,0.0015949635417200625
1997-11-11,6.86569055687869e-05
1997-11-12,7.241317272186279
1997-11-13,4.6519516706466675
1997-11-14,7.379197120666504
1997-11-15,0.29643313586711884
1997-11-16,0.35937313735485077
1997-11-17,0.35937313735485077
1997-11-18,0.35937313735485077
1997-11-19,0.35937313735485077
1997-11-20,0.35937313735485077
1997-11-21,13.699157953262329
1997-11-22,14.638138055801392
1997-11-23,0.00010539793402131181
1997-11-24,0.00010539793402131181
1997-11-25,0.00010539793402131181
1997-11-26,0.2548704333603382
1997-11-27,0.04517159424722195
1997-11-28,9.244244574801996e-05
1997-11-29,17.212353706359863
1997-11-30,7.6110734939575195
1997-12-01,0.0
1997-12-02,0.0
1997-12-03,0.0
1997-12-04,0.0
1997-12-05,0.0
1997-12-06,7.950792678457219e-05
1997-12-07,7.950792678457219e-05
1997-12-08,0.5332274958491325
1997-12-09,1.221906691789627
1997-12-10,11.831114530563354
1997-12-11,0.019443162018433213
1997-12-12,0.00021717054551118053
1997-12-13,0.04227795638144016
1997-12-14,5.029400408267975
1997-12-15,0.00021717054551118053
1997-12-16,0.0
1997-12-17,0.0
1997-12-18,0.0
1997-12-19,0.0
1997-12-20,0.0
1997-12-21,1.1883968114852905
1997-12-22,16.016496419906616
1997-12-23,0.4240622818470001
1997-12-24,34.29809856414795
1997-12-25,0.09400583431124687
1997-12-26,0.25591975823044777
1997-12-27,14.806674003601074
1997-12-28,9.348871208203491e-05
1997-12-29,8.72711730003357
1997-12-30,1.1706099808216095
1997-12-31,0.8381639122962952
1998-01-01,0.0
1998-01-02,0.0
1998-01-03,0.0
1998-01-04,0.10135629773139954
1998-01-05,3.151561141014099
1998-01-06,15.48992919921875
1998-01-07,41.08399772644043
1998-01-08,8.587995767593384
1998-01-09,0.23030729964375496
1998-01-10,0.0
1998-01-11,0.0892366049811244
1998-01-12,0.984567254781723
1998-01-13,7.9570053815841675
1998-01-14,2.644544780254364
1998-01-15,15.414699077606201
1998-01-16,3.0843189358711243
1998-01-17,0.016044342890381813
1998-01-18,0.003231315524317324
1998-01-19,4.840037226676941
1998-01-20,0.0
1998-01-21,0.0015093515394255519
1998-01-22,22.317299842834473
1998-01-23,10.021635055541992
1998-01-24,0.08625292405486107
1998-01-25,0.0
1998-01-26,0.0
1998-01-27,18.641761302947998
1998-01-28,0.006041906075552106
1998-01-29,0.00021054637909401208
1998-01-30,0.003832649323157966
1998-01-31,0.0
1998-02-01,0.0
1998-02-02,5.860024929046631
1998-02-03,58.47628116607666
1998-02-04,43.32930946350098
1998-02-05,0.09378943406045437
1998-02-06,0.053444188088178635
1998-02-07,1.040026307106018
1998-02-08,0.18605223298072815
1998-02-09,0.025133418384939432
1998-02-10,0.020863820100203156
1998-02-11,6.245953440666199
1998-02-12,0.006465163081884384
1998-02-13,0.01414775918237865
1998-02-14,0.0
1998-02-15,0.0
1998-02-16,11.844913005828857
1998-02-17,33.85905981063843
1998-02-18,2.216810554265976
1998-02-19,0.0
1998-02-20,0.3245943933725357
1998-02-21,0.0
1998-02-22,7.272714018821716
1998-02-23,4.0956695675849915
1998-02-24,0.006206626654602587
1998-02-25,0.0
1998-02-26,0.012523696990683675
1998-02-27,14.814669132232666
1998-02-28,0.007724342285655439
1998-03-01,0.2374318614602089
1998-03-02,0.5610411465167999
1998-03-03,0.6968933194875717
1998-03-04,0.023739527678117156
1998-03-05,9.955557823181152
1998-03-06,6.687193870544434
1998-03-07,9.017409801483154
1998-03-08,65.91325569152832
1998-03-09,19.289597511291504
1998-03-10,0.050583312287926674
1998-03-11,0.0
1998-03-12,0.0
1998-03-13,0.0
1998-03-14,0.0
1998-03-15,0.0
1998-03-16,0.0016598770307609811
1998-03-17,0.8390213698148727
1998-03-18,6.327204346656799
1998-03-19,8.937842845916748
1998-03-20,8.208802580833435
1998-03-21,0.2972930297255516
1998-03-22,0.00013035524898441508
1998-03-23,0.715647354722023
1998-03-24,12.3256094455719
1998-03-25,0.005314116249792278
1998-03-26,0.0
1998-03-27,0.0
1998-03-28,0.0
1998-03-29,0.0
1998-03-30,0.0
1998-03-31,0.0
1998-04-01,19.376299381256104
1998-04-02,0.0
1998-04-03,18.24895143508911
1998-04-04,11.23524808883667
1998-04-05,0.0
1998-04-06,0.0
1998-04-07,0.0
1998-04-08,3.5191322565078735
1998-04-09,13.098119258880615
1998-04-10,0.618900254368782
1998-04-11,9.15463215278578e-05
1998-04-12,0.0
1998-04-13,0.02782010566443205
1998-04-14,0.6470079123973846
1998-04-15,0.07448928710073233
1998-04-16,5.78026807308197
1998-04-17,34.25486373901367
1998-04-18,25.1355242729187
1998-04-19,31.07765817642212
1998-04-20,0.0
1998-04-21,0.0
1998-04-22,0.0
1998-04-23,0.0
1998-04-24,0.0
1998-04-25,0.0
1998-04-26,0.0
1998-04-27,0.573182001709938
1998-04-28,1.108578160405159
1998-04-29,0.6221951097249985
1998-04-30,24.319904327392578
1998-05-01,0.0
1998-05-02,0.0
1998-05-03,0.0
1998-05-04,0.0
1998-05-05,0.0
1998-05-06,0.4005609452724457
1998-05-07,42.17939567565918
1998-05-08,18.679054737091064
1998-05-09,0.05141311977058649
1998-05-10,14.001095533370972
1998-05-11,0.0
1998-05-12,0.0
1998-05-13,0.0
1998-05-14,0.0
1998-05-15,0.0
1998-05-16,0.0
1998-05-17,0.3827764615416527
1998-05-18,0.0
1998-05-19,0.0604891162365675
1998-05-20,1.4378948509693146
1998-05-21,0.937418133020401
1998-05-22,6.709315180778503
1998-05-23,0.04312530346214771
1998-05-24,0.0
1998-05-25,0.721303217113018
1998-05-26,0.04369788873009384
1998-05-27,0.5044242665171623
1998-05-28,0.6303602159023285
1998-05-29,2.487524688243866
1998-05-30,12.943229675292969
1998-05-31,9.930959224700928
1998-06-01,4.6459773778915405
1998-06-02,6.858545422554016
1998-06-03,0.0
1998-06-04,12.85300898551941
1998-06-05,24.500104904174805
1998-06-06,2.711654484272003
1998-06-07,0.0
1998-06-08,0.0
1998-06-09,0.46882164478302
1998-06-10,4.021210789680481
1998-06-11,0.28900180011987686
1998-06-12,5.854336619377136
1998-06-13,4.440065860748291
1998-06-14,1.8396255373954773
1998-06-15,8.381018161773682
1998-06-16,20.553677082061768
1998-06-17,0.0053223976865410805
1998-06-18,0.31711211800575256
1998-06-19,12.84720230102539
1998-06-20,0.9555874764919281
1998-06-21,0.10739326849579811
1998-06-22,0.2692718356847763
1998-06-23,0.08403567783534527
1998-06-24,0.036637408658862114
1998-06-25,0.0662839226424694
1998-06-26,0.0
1998-06-27,0.0
1998-06-28,0.0
1998-06-29,0.0
1998-06-30,0.0
1998-07-01,5.1991249322891235
1998-07-02,0.7304597645998001
1998-07-03,1.5749273300170898
1998-07-04,9.772188186645508
1998-07-05,2.9465017914772034
1998-07-06,0.25557469576597214
1998-07-07,0.10261620208621025
1998-07-08,6.537886619567871
1998-07-09,1.2942052781581879
1998-07-10,0.036158652510493994
1998-07-11,2.0327271819114685
1998-07-12,6.609961271286011
1998-07-13,1.3266871571540833
1998-07-14,0.2256031557917595
1998-07-15,0.9046281576156616
1998-07-16,0.0
1998-07-17,0.0
1998-07-18,0.0
1998-07-19,0.0
1998-07-20,0.0
1998-07-21,0.22523274272680283
1998-07-22,11.846979856491089
1998-07-23,12.154487133026123
1998-07-24,19.693394660949707
1998-07-25,7.117015361785889
1998-07-26,0.012591237435117364
1998-07-27,2.823128640651703
1998-07-28,0.5672252029180527
1998-07-29,0.35977803170681
1998-07-30,0.13819160498678684
1998-07-31,2.9060057401657104
1998-08-01,1.0508472323417664
1998-08-02,0.009549212525598705
1998-08-03,0.0
1998-08-04,0.0
1998-08-05,0.11866914667189121
1998-08-06,0.01795876771211624
1998-08-07,0.25259891152381897
1998-08-08,4.427221417427063
1998-08-09,35.7742280960083
1998-08-10,0.7747606337070465
1998-08-11,0.005172364704776555
1998-08-12,0.22928806021809578
1998-08-13,2.5281324088573456
1998-08-14,7.563289999961853
1998-08-15,14.754788160324097
1998-08-16,10.539149045944214
1998-08-17,1.8152686059474945
1998-08-18,0.13700932264328003
1998-08-19,0.09449988417327404
1998-08-20,0.5602738857269287
1998-08-21,0.0
1998-08-22,0.0
1998-08-23,0.0
1998-08-24,0.0
1998-08-25,0.0
1998-08-26,0.18264230946078897
1998-08-27,0.0
1998-08-28,0.0
1998-08-29,0.017837743798736483
1998-08-30,4.09265048801899
1998-08-31,0.01184173475485295
1998-09-01,3.8296563625335693
1998-09-02,0.1993698887526989
1998-09-03,9.699638485908508
1998-09-04,0.12348072603344917
1998-09-05,0.3791689872741699
1998-09-06,0.07545904256403446
1998-09-07,0.04729976906673983
1998-09-08,2.349324882030487
1998-09-09,0.0
1998-09-10,0.0
1998-09-11,0.2692341133952141
1998-09-12,0.2692341133952141
1998-09-13,0.2692341133952141
1998-09-14,0.2692341133952141
1998-09-15,1.9141660630702972
1998-09-16,0.4585014283657074
1998-09-17,0.14089274406433105
1998-09-18,0.2431475631892681
1998-09-19,1.5202316641807556
1998-09-20,0.8679325431585312
1998-09-21,4.5616453886032104
1998-09-22,0.8599856346845627
1998-09-23,0.050605048425495625
1998-09-24,0.03512229165062308
1998-09-25,0.0
1998-09-26,0.0
1998-09-27,0.0024977933790069073
1998-09-28,0.0
1998-09-29,25.572880744934082
1998-09-30,2.66077983379364
1998-10-01,0.0
1998-10-02,0.0
1998-10-03,3.9453604221343994
1998-10-04,21.41746234893799
1998-10-05,1.9529532492160797
1998-10-06,0.5619083940982819
1998-10-07,5.099296152591705
1998-10-08,10.638027548789978
1998-10-09,0.0
1998-10-10,0.0
1998-10-11,0.257992260158062
1998-10-12,0.257992260158062
1998-10-13,0.257992260158062
1998-10-14,0.257992260158062
1998-10-15,0.257992260158062
1998-10-16,0.0
1998-10-17,0.0
1998-10-18,0.0
1998-10-19,0.0
1998-10-20,0.0
1998-10-21,0.11239767260849476
1998-10-22,0.11239767260849476
1998-10-23,0.11239767260849476
1998-10-24,0.11239767260849476
1998-10-25,0.11239767260849476
1998-10-26,0.19490689784288406
1998-10-27,0.19490689784288406
1998-10-28,0.19490689784288406
1998-10-29,0.19490689784288406
1998-10-30,0.19490689784288406
1998-10-31,0.19490689784288406
1998-11-01,0.0
1998-11-02,0.7361048310995102
1998-11-03,1.4040808379650116
1998-11-04,0.0002411056229902897
1998-11-05,0.07247994933277369
1998-11-06,0.0
1998-11-07,0.0
1998-11-08,3.8965107798576355
1998-11-09,4.511767268180847
1998-11-10,1.293860286474228
1998-11-11,20.12001895904541
1998-11-12,0.0
1998-11-13,0.2655889429152012
1998-11-14,24.078524112701416
1998-11-15,22.428622722625732
1998-11-16,2.266669988632202
1998-11-17,0.05185062624514103
1998-11-18,0.0
1998-11-19,0.14222023636102676
1998-11-20,0.716387003660202
1998-11-21,0.03963576513342559
1998-11-22,0.0
1998-11-23,0.01216657820623368
1998-11-24,0.1901006605476141
1998-11-25,0.6627070158720016
1998-11-26,0.7493295297026634
1998-11-27,0.0
1998-11-28,0.0
1998-11-29,0.0
1998-11-30,0.0
1998-12-01,0.0
1998-12-02,0.0
1998-12-03,0.0
1998-12-04,0.0
1998-12-05,0.0
1998-12-06,0.0
1998-12-07,0.0
1998-12-08,0.0
1998-12-09,0.0
1998-12-10,0.0
1998-12-11,0.0
1998-12-12,0.0
1998-12-13,0.0
1998-12-14,0.0
1998-12-15,0.0
1998-12-16,0.0
1998-12-17,1.6314084827899933
1998-12-18,0.0
1998-12-19,18.67949867248535
1998-12-20,3.9401843547821045
1998-12-21,1.4505460560321808
1998-12-22,8.669053554534912
1998-12-23,8.517631769180298
1998-12-24,26.48652935028076
1998-12-25,2.2251753509044647
1998-12-26,0.7598286718130112
1998-12-27,0.04758742358535528
1998-12-28,49.28490924835205
1998-12-29,1.8998804688453674
1998-12-30,1.0204781889915466
1998-12-31,0.0
1999-01-01,0.0
1999-01-02,5.630034446716309
1999-01-03,15.737823009490967
1999-01-04,0.0
1999-01-05,0.0
1999-01-06,1.122304692864418
1999-01-07,1.6437073349952698
1999-01-08,13.230636358261108
1999-01-09,9.228281378746033
1999-01-10,0.0
1999-01-11,0.0
1999-01-12,0.0
1999-01-13,1.7762317061424255
1999-01-14,13.703342914581299
1999-01-15,4.663842439651489
1999-01-16,0.0
1999-01-17,4.0607286393642426
1999-01-18,12.392295837402344
1999-01-19,0.0
1999-01-20,0.49710409343242645
1999-01-21,2.275856077671051
1999-01-22,0.2191981039941311
1999-01-23,56.88965320587158
1999-01-24,0.06385623570531607
1999-01-25,0.0
1999-01-26,0.0
1999-01-27,0.0
1999-01-28,0.0632996940985322
1999-01-29,0.4956761300563812
1999-01-30,33.86567974090576
1999-01-31,11.567544937133789
1999-02-01,0.0
1999-02-02,0.0
1999-02-03,0.0
1999-02-04,0.0
1999-02-05,0.0
1999-02-06,0.10880031250417233
1999-02-07,5.211558818817139
1999-02-08,1.0038737803697586
1999-02-09,1.0968447029590607
1999-02-10,14.87746000289917
1999-02-11,0.0
1999-02-12,0.0
1999-02-13,0.0
1999-02-14,0.0
1999-02-15,0.0
1999-02-16,0.006444824975915253
1999-02-17,26.37991428375244
1999-02-18,11.240579605102539
1999-02-19,8.36204206943512
1999-02-20,0.0
1999-02-21,0.0
1999-02-22,0.0
1999-02-23,0.0
1999-02-24,0.0
1999-02-25,0.0
1999-02-26,0.0
1999-02-27,0.4615667015314102
1999-02-28,16.9283127784729
1999-03-01,0.0
1999-03-02,0.016095338854938745
1999-03-03,21.344642162322998
1999-03-04,0.0
1999-03-05,0.013016955694183707
1999-03-06,6.74337363243103
1999-03-07,0.008955711615271866
1999-03-08,0.0
1999-03-09,12.195055484771729
1999-03-10,0.001998407256905921
1999-03-11,1.1232850551605225
1999-03-12,0.0
1999-03-13,6.803399324417114
1999-03-14,18.753899097442627
1999-03-15,1.0090131014585495
1999-03-16,0.0
1999-03-17,0.0
1999-03-18,0.0
1999-03-19,0.0
1999-03-20,0.0
1999-03-21,14.639661073684692
1999-03-22,0.0
1999-03-23,0.0012630895944312215
1999-03-24,3.1616103649139404
1999-03-25,2.2463300824165344
1999-03-26,0.011105253477580845
1999-03-27,0.002567303250543773
1999-03-28,0.0
1999-03-29,1.4186995029449463
1999-03-30,0.008649418596178293
1999-03-31,8.530137300491333
1999-04-01,0.0
1999-04-02,0.0
1999-04-03,0.0
1999-04-04,0.0
1999-04-05,0.0
1999-04-06,8.878898739814758
1999-04-07,0.33311915770173073
1999-04-08,3.6809160113334656
1999-04-09,3.2816585898399353
1999-04-10,0.02827194146811962
1999-04-11,2.33101624250412
1999-04-12,0.0
1999-04-13,0.0
1999-04-14,0.15702051669359207
1999-04-15,19.783788919448853
1999-04-16,0.0
1999-04-17,0.0
1999-04-18,0.0
1999-04-19,0.0
1999-04-20,0.0
1999-04-21,0.001642274553887546
1999-04-22,0.0
1999-04-23,0.9244793057441711
1999-04-24,3.721060872077942
1999-04-25,0.036006451584398746
1999-04-26,3.1136686205863953
1999-04-27,10.086077332496643
1999-04-28,2.9430164992809296
1999-04-29,7.737688302993774
1999-04-30,2.292794167995453
1999-05-01,0.0
1999-05-02,0.0
1999-05-03,0.007102208910509944
1999-05-04,0.004621344618499279
1999-05-05,15.348468899726868
1999-05-06,51.872653007507324
1999-05-07,14.919798851013184
1999-05-08,0.17647771164774895
1999-05-09,0.0949450358748436
1999-05-10,0.013027192559093237
1999-05-11,0.34144946187734604
1999-05-12,0.1672891154885292
1999-05-13,12.448055744171143
1999-05-14,1.019239068031311
1999-05-15,0.00255679726251401
1999-05-16,0.20395468175411224
1999-05-17,0.0
1999-05-18,1.7492395043373108
1999-05-19,2.2169957160949707
1999-05-20,0.0
1999-05-21,0.0015585953660774976
1999-05-22,0.14425920322537422
1999-05-23,0.295741431415081
1999-05-24,1.5812316536903381
1999-05-25,0.0006850651698186994
1999-05-26,0.0
1999-05-27,0.0
1999-05-28,0.0
1999-05-29,0.0
1999-05-30,0.0
1999-05-31,0.0
1999-06-01,1.2106314897537231
1999-06-02,10.923255443572998
1999-06-03,11.920028686523438
1999-06-04,1.141039326786995
1999-06-05,1.5304900258779526
1999-06-06,0.010695243254303932
1999-06-07,0.11502509191632271
1999-06-08,0.0028945987578481436
1999-06-09,0.0
1999-06-10,0.00892088608816266
1999-06-11,10.170705437660217
1999-06-12,1.1236688196659088
1999-06-13,0.8533523231744766
1999-06-14,1.1117947697639465
1999-06-15,14.23123025894165
1999-06-16,1.8256940245628357
1999-06-17,0.1917107980698347
1999-06-18,0.022995263570919633
1999-06-19,0.0
1999-06-20,0.09891798812896013
1999-06-21,0.06975182145833969
1999-06-22,0.005947523983195424
1999-06-23,0.5306928381323814
1999-06-24,10.6697998046875
1999-06-25,20.885336875915527
1999-06-26,27.371415615081787
1999-06-27,19.448172092437744
1999-06-28,2.2872191667556763
1999-06-29,5.895319819450378
1999-06-30,9.11816668510437
1999-07-01,0.0
1999-07-02,0.0
1999-07-03,0.0
1999-07-04,0.0
1999-07-05,0.0
1999-07-06,3.4646472334861755
1999-07-07,27.828233242034912
1999-07-08,0.35588551312685013
1999-07-09,0.3260011076927185
1999-07-10,9.323750734329224
1999-07-11,49.541836738586426
1999-07-12,52.64332580566406
1999-07-13,1.9234811961650848
1999-07-14,0.1490117944777012
1999-07-15,0.6244188100099564
1999-07-16,0.0
1999-07-17,0.0
1999-07-18,0.0
1999-07-19,0.0
1999-07-20,0.0
1999-07-21,3.8726205825805664
1999-07-22,5.597871780395508
1999-07-23,0.954802617430687
1999-07-24,7.614078998565674
1999-07-25,0.6982855051755905
1999-07-26,0.0213544936850667
1999-07-27,0.7936535775661469
1999-07-28,0.0010370326926931739
1999-07-29,11.970420360565186
1999-07-30,0.0
1999-07-31,0.23259146511554718
1999-08-01,0.9343551397323608
1999-08-02,0.15523763746023178
1999-08-03,0.0
1999-08-04,0.0
1999-08-05,0.0
1999-08-06,0.0
1999-08-07,0.0
1999-08-08,0.7575145661830902
1999-08-09,0.263913169503212
1999-08-10,0.0002622076644911431
1999-08-11,0.0
1999-08-12,0.060091111809015274
1999-08-13,0.9850064665079117
1999-08-14,8.21583092212677
1999-08-15,0.003309212683234364
1999-08-16,3.9149774312973022
1999-08-17,0.0
1999-08-18,0.0
1999-08-19,2.805405378341675
1999-08-20,2.0071769654750824
1999-08-21,0.0
1999-08-22,0.0
1999-08-23,0.8249330222606659
1999-08-24,25.312521934509277
1999-08-25,10.022340416908264
1999-08-26,0.8891932815313339
1999-08-27,0.0
1999-08-28,0.0
1999-08-29,0.012987339403480291
1999-08-30,0.0
1999-08-31,0.0
1999-09-01,0.2574455142021179
1999-09-02,0.2574455142021179
1999-09-03,0.2574455142021179
1999-09-04,0.2574455142021179
1999-09-05,0.2574455142021179
1999-09-06,0.0
1999-09-07,0.3200741410255432
1999-09-08,0.08706513606011868
1999-09-09,4.065727531909943
1999-09-10,0.0
1999-09-11,0.0
1999-09-12,0.0
1999-09-13,0.0
1999-09-14,0.9892363101243973
1999-09-15,0.0
1999-09-16,0.0
1999-09-17,0.0
1999-09-18,0.0
1999-09-19,1.3362011015415192
1999-09-20,0.2823324352502823
1999-09-21,4.012141942977905
1999-09-22,0.0
1999-09-23,0.0
1999-09-24,0.0
1999-09-25,0.0
1999-09-26,0.0006579600594704971
1999-09-27,7.033796787261963
1999-09-28,4.960127234458923
1999-09-29,17.752488136291504
1999-09-30,0.47190972417593
1999-10-01,0.0
1999-10-02,0.0
1999-10-03,1.6543516516685486
1999-10-04,25.8889217376709
1999-10-05,0.2103164903819561
1999-10-06,0.13228121399879456
1999-10-07,0.0
1999-10-08,0.037912435829639435
1999-10-09,3.1384759545326233
1999-10-10,65.29593658447266
1999-10-11,11.964379072189331
1999-10-12,1.1246463805437088
1999-10-13,10.123154878616333
1999-10-14,0.017237726133316755
1999-10-15,0.049421670846641064
1999-10-16,0.0
1999-10-17,0.0
1999-10-18,0.0
1999-10-19,0.0
1999-10-20,0.0
1999-10-21,0.42905647307634354
1999-10-22,0.42905647307634354
1999-10-23,0.42905647307634354
1999-10-24,0.42905647307634354
1999-10-25,0.42905647307634354
1999-10-26,0.0
1999-10-27,0.0
1999-10-28,0.0
1999-10-29,0.0
1999-10-30,0.0
1999-10-31,2.650914967060089
1999-11-01,4.115124881267548
1999-11-02,41.23038148880005
1999-11-03,0.0
1999-11-04,0.0
1999-11-05,0.0
1999-11-06,0.3081054165959358
1999-11-07,0.3081054165959358
1999-11-08,0.3081054165959358
1999-11-09,0.3081054165959358
1999-11-10,0.3081054165959358
1999-11-11,1.108339101076126
1999-11-12,0.1511294897645712
1999-11-13,0.7941907346248627
1999-11-14,0.0
1999-11-15,0.0
1999-11-16,0.0
1999-11-17,0.0
1999-11-18,0.0
1999-11-19,0.0
1999-11-20,5.211722016334534
1999-11-21,0.10376669839024544
1999-11-22,0.002754289234871976
1999-11-23,0.017730535357259214
1999-11-24,0.13218111544847488
1999-11-25,0.6132670305669308
1999-11-26,1.7909737527370453
1999-11-27,0.0
1999-11-28,0.0
1999-11-29,0.0
1999-11-30,0.0
1999-12-01,0.0
1999-12-02,0.0
1999-12-03,0.0
1999-12-04,0.0
1999-12-05,0.0
1999-12-06,0.0
1999-12-07,0.0
1999-12-08,0.0
1999-12-09,0.0
1999-12-10,0.0
1999-12-11,0.002203957294113934
1999-12-12,0.5825567990541458
1999-12-13,11.695183992385864
1999-12-14,21.934009552001953
1999-12-15,0.007545371423475444
1999-12-16,0.0
1999-12-17,0.0
1999-12-18,0.0054978212574496865
1999-12-19,2.743587613105774
1999-12-20,0.4670530632138252
1999-12-21,6.383866310119629
1999-12-22,0.10529168508946896
1999-12-23,0.0
1999-12-24,4.622255073627457e-05
1999-12-25,0.0
1999-12-26,0.0
1999-12-27,0.0
1999-12-28,0.0
1999-12-29,0.0
1999-12-30,0.0
1999-12-31,0.0
2000-01-01,2.4849607944488525
2000-01-02,1.7211004197597504
2000-01-03,0.1973521113395691
2000-01-04,19.59035634994507
2000-01-05,0.09555710293352604
2000-01-06,0.0
2000-01-07,0.0
2000-01-08,0.1807848121970892
2000-01-09,14.909862756729126
2000-01-10,18.822243690490723
2000-01-11,0.0
2000-01-12,0.0
2000-01-13,0.0
2000-01-14,0.0
2000-01-15,0.0
2000-01-16,2.308923050761223
2000-01-17,0.12003524508327246
2000-01-18,10.530923008918762
2000-01-19,2.9487469494342804
2000-01-20,10.537081241607666
2000-01-21,0.0
2000-01-22,9.497363805770874
2000-01-23,30.470972537994385
2000-01-24,0.66954605281353
2000-01-25,0.002299832325661555
2000-01-26,0.0
2000-01-27,0.0
2000-01-28,0.0
2000-01-29,0.0
2000-01-30,0.0
2000-01-31,0.0
2000-02-01,0.0
2000-02-02,0.0
2000-02-03,0.0
2000-02-04,0.0
2000-02-05,0.0
2000-02-06,0.41730932146310806
2000-02-07,0.41730932146310806
2000-02-08,0.41730932146310806
2000-02-09,0.41730932146310806
2000-02-10,0.5362537726759911
2000-02-11,0.3254178613424301
2000-02-12,8.697593331336975
2000-02-13,1.3365931808948517
2000-02-14,28.471254348754883
2000-02-15,0.0
2000-02-16,2.5266633331775665
2000-02-17,0.0
2000-02-18,2.8396884202957153
2000-02-19,6.85470449924469
2000-02-20,0.0
2000-02-21,0.0
2000-02-22,0.0
2000-02-23,0.0
2000-02-24,0.0
2000-02-25,0.0
2000-02-26,0.0
2000-02-27,7.416479706764221
2000-02-28,0.0
2000-02-29,0.0
2000-03-01,0.0
2000-03-02,0.0
2000-03-03,0.0
2000-03-04,0.0
2000-03-05,0.0
2000-03-06,0.0
2000-03-07,0.0
2000-03-08,0.0
2000-03-09,2.561809003353119
2000-03-10,10.339975118637085
2000-03-11,29.33122730255127
2000-03-12,0.04981177765876055
2000-03-13,0.0
2000-03-14,0.0
2000-03-15,0.02605719491839409
2000-03-16,33.238473415374756
2000-03-17,2.00314000248909
2000-03-18,0.0
2000-03-19,7.173920631408691
2000-03-20,28.27444076538086
2000-03-21,0.0
2000-03-22,0.0
2000-03-23,0.0
2000-03-24,0.0
2000-03-25,0.11197192687541246
2000-03-26,0.31574515998363495
2000-03-27,13.776334762573242
2000-03-28,0.0
2000-03-29,1.6667552888393402
2000-03-30,0.32255659997463226
2000-03-31,0.05956815555691719
2000-04-01,0.0
2000-04-02,23.809870719909668
2000-04-03,44.02664375305176
2000-04-04,36.236337661743164
2000-04-05,0.0
2000-04-06,0.0
2000-04-07,0.0
2000-04-08,0.3465268909931183
2000-04-09,0.0
2000-04-10,0.0
2000-04-11,0.1382998637855053
2000-04-12,1.730660617351532
2000-04-13,3.598447263240814
2000-04-14,0.670285552740097
2000-04-15,2.5243306159973145
2000-04-16,0.021142806392163038
2000-04-17,0.7579648345708847
2000-04-18,0.0
2000-04-19,0.0
2000-04-20,0.12109735049307346
2000-04-21,3.611475706100464
2000-04-22,0.0
2000-04-23,0.0
2000-04-24,14.454357385635376
2000-04-25,2.2789007127285004
2000-04-26,0.22646906226873398
2000-04-27,0.006192738161189482
2000-04-28,10.827059030532837
2000-04-29,0.017434313893318176
2000-04-30,0.0
2000-05-01,0.0
2000-05-02,0.0238583751488477
2000-05-03,0.2972766160964966
2000-05-04,0.7617006525397301
2000-05-05,0.020356104942038655
2000-05-06,0.0
2000-05-07,0.0
2000-05-08,0.0
2000-05-09,0.0
2000-05-10,0.0
2000-05-11,0.05111231189221144
2000-05-12,0.0032023749663494527
2000-05-13,1.6140675246715546
2000-05-14,0.01720846793614328
2000-05-15,0.0
2000-05-16,0.0
2000-05-17,0.9766635447740555
2000-05-18,0.0
2000-05-19,0.001388442236930132
2000-05-20,2.5866519808769226
2000-05-21,34.23219299316406
2000-05-22,0.8650123327970505
2000-05-23,4.928539156913757
2000-05-24,0.0
2000-05-25,3.3152612447738647
2000-05-26,4.805546820163727
2000-05-27,0.0006843876326456666
2000-05-28,7.17201554775238
2000-05-29,0.10115016251802444
2000-05-30,0.0
2000-05-31,0.0
2000-06-01,0.0
2000-06-02,0.0
2000-06-03,0.05926467617973685
2000-06-04,1.1844486147165298
2000-06-05,3.611246705055237
2000-06-06,0.29374490678310394
2000-06-07,0.0
2000-06-08,0.0
2000-06-09,0.0
2000-06-10,0.0
2000-06-11,0.0
2000-06-12,0.0
2000-06-13,1.1224471926689148
2000-06-14,0.011362163408193737
2000-06-15,0.5013599097728729
2000-06-16,8.637673616409302
2000-06-17,7.520750045776367
2000-06-18,4.042375445365906
2000-06-19,10.956776857376099
2000-06-20,2.29849836230278
2000-06-21,0.5388850495219231
2000-06-22,0.1367868185043335
2000-06-23,0.0
2000-06-24,0.0
2000-06-25,1.1608007550239563
2000-06-26,0.6496793925762177
2000-06-27,0.7269239276647568
2000-06-28,7.111257314682007
2000-06-29,14.706400394439697
2000-06-30,0.0
2000-07-01,0.0
2000-07-02,0.0
2000-07-03,0.0
2000-07-04,0.0
2000-07-05,0.0
2000-07-06,1.0720932483673096
2000-07-07,0.09902974590659142
2000-07-08,0.08816060051321983
2000-07-09,0.25897008180618286
2000-07-10,2.0925446152687073
2000-07-11,2.015531539916992
2000-07-12,20.103512287139893
2000-07-13,2.932818293571472
2000-07-14,1.9553302526474
2000-07-15,0.0
2000-07-16,0.0
2000-07-17,0.0
2000-07-18,0.10945993289351463
2000-07-19,0.8350261747837067
2000-07-20,0.15970688685774803
2000-07-21,0.9850574284791946
2000-07-22,0.13780389167368412
2000-07-23,5.373214960098267
2000-07-24,23.836331367492676
2000-07-25,0.7829838842153549
2000-07-26,0.11816331557929516
2000-07-27,0.08608243241906166
2000-07-28,0.09073927067220211
2000-07-29,0.3078766018152237
2000-07-30,2.5977593064308167
2000-07-31,14.515573024749756
2000-08-01,8.23740017414093
2000-08-02,14.915499925613403
2000-08-03,3.225609064102173
2000-08-04,0.40260618180036545
2000-08-05,0.19236177951097488
2000-08-06,0.25576072558760643
2000-08-07,0.26163480430841446
2000-08-08,0.6970905810594559
2000-08-09,1.9979255199432373
2000-08-10,4.181275844573975
2000-08-11,7.462636947631836
2000-08-12,0.07826545462012291
2000-08-13,0.07826545462012291
2000-08-14,0.07826545462012291
2000-08-15,0.07826545462012291
2000-08-16,0.012016989290714264
2000-08-17,0.0028403899632394314
2000-08-18,0.032093893736600876
2000-08-19,0.0
2000-08-20,0.2934908866882324
2000-08-21,1.8245355635881424
2000-08-22,0.003307141538243741
2000-08-23,0.0009280777885578573
2000-08-24,0.8736811727285385
2000-08-25,1.0863326489925385
2000-08-26,0.0
2000-08-27,11.02454948425293
2000-08-28,4.390744686126709
2000-08-29,5.6830761432647705
2000-08-30,0.1779586486518383
2000-08-31,37.51711177825928
2000-09-01,7.265874981880188
2000-09-02,9.716987133026123
2000-09-03,4.302463471889496
2000-09-04,0.4510755091905594
2000-09-05,6.563127636909485
2000-09-06,0.06101621221750975
2000-09-07,0.22233357653021812
2000-09-08,0.01873553218320012
2000-09-09,2.8289544582366943
2000-09-10,0.040123351849615574
2000-09-11,0.10006016679108143
2000-09-12,0.004407002357766032
2000-09-13,0.44955727458000183
2000-09-14,0.7594893127679825
2000-09-15,0.0
2000-09-16,0.0
2000-09-17,0.0
2000-09-18,1.2795678973197937
2000-09-19,0.0
2000-09-20,1.5496940910816193
2000-09-21,27.92127799987793
2000-09-22,20.989073276519775
2000-09-23,13.571868419647217
2000-09-24,11.930281162261963
2000-09-25,32.54136610031128
2000-09-26,1.8511932492256165
2000-09-27,0.0
2000-09-28,0.0
2000-09-29,0.0
2000-09-30,0.3470134288072586
2000-10-01,0.5145347565412521
2000-10-02,0.0
2000-10-03,0.0
2000-10-04,0.0
2000-10-05,0.0
2000-10-06,9.187854051589966
2000-10-07,0.0
2000-10-08,0.0
2000-10-09,0.0
2000-10-10,0.0
2000-10-11,0.3194737434387207
2000-10-12,0.3194737434387207
2000-10-13,0.3194737434387207
2000-10-14,0.3194737434387207
2000-10-15,0.3194737434387207
2000-10-16,0.0
2000-10-17,0.07998934760689735
2000-10-18,0.00161215134721715
2000-10-19,0.0
2000-10-20,4.6916282176971436
2000-10-21,0.2688530310988426
2000-10-22,0.0
2000-10-23,0.02111972402781248
2000-10-24,0.0
2000-10-25,0.43607451021671295
2000-10-26,1.5220684707164764
2000-10-27,0.45118266344070435
2000-10-28,0.0
2000-10-29,0.0
2000-10-30,0.7130071222782135
2000-10-31,0.42534279078245163
2000-11-01,0.0006898469291627407
2000-11-02,0.0
2000-11-03,0.01824951800517738
2000-11-04,3.7700864672660828
2000-11-05,1.6279613673686981
2000-11-06,4.608238697052002
2000-11-07,24.31400203704834
2000-11-08,45.28470706939697
2000-11-09,32.093581199645996
2000-11-10,0.001709495292743668
2000-11-11,0.0
2000-11-12,0.0
2000-11-13,3.4872881174087524
2000-11-14,0.6900867968797684
2000-11-15,0.0
2000-11-16,10.038892030715942
2000-11-17,7.54118025302887
2000-11-18,0.6854698657989502
2000-11-19,22.336449146270752
2000-11-20,0.01849694736301899
2000-11-21,0.0
2000-11-22,0.0
2000-11-23,0.0
2000-11-24,4.021544456481934
2000-11-25,16.92185115814209
2000-11-26,1.561482012271881
2000-11-27,0.0
2000-11-28,0.0
2000-11-29,1.1883621513843536
2000-11-30,0.0
2000-12-01,0.0
2000-12-02,0.0
2000-12-03,0.0
2000-12-04,0.0
2000-12-05,0.0
2000-12-06,0.0
2000-12-07,0.0
2000-12-08,0.0
2000-12-09,0.06648183148354292
2000-12-10,5.002459466457367
2000-12-11,0.6706880033016205
2000-12-12,2.067247211933136
2000-12-13,1.0648462772369385
2000-12-14,14.672277688980103
2000-12-15,0.08399870432913303
2000-12-16,8.306959867477417
2000-12-17,13.203019857406616
2000-12-18,0.0
2000-12-19,3.9794297218322754
2000-12-20,0.0
2000-12-21,0.0
2000-12-22,0.0
2000-12-23,0.0
2000-12-24,0.0
2000-12-25,0.0
2000-12-26,0.024816902354359627
2000-12-27,21.84898567199707
2000-12-28,3.9790350794792175
2000-12-29,0.0
2000-12-30,0.5795292109251022
2000-12-31,0.04477078095078468
2001-01-01,0.0
2001-01-02,0.0
2001-01-03,0.0
2001-01-04,0.0
2001-01-05,0.0
2001-01-06,0.0
2001-01-07,0.0881804060190916
2001-01-08,20.29429292678833
2001-01-09,0.060511513613164425
2001-01-10,0.0
2001-01-11,2.9068448543548584
2001-01-12,10.307840824127197
2001-01-13,0.0
2001-01-14,0.19427837431430817
2001-01-15,3.317848324775696
2001-01-16,0.0
2001-01-17,6.100465774536133
2001-01-18,17.73020076751709
2001-01-19,54.602932929992676
2001-01-20,8.389224529266357
2001-01-21,0.0
2001-01-22,0.0
2001-01-23,0.0
2001-01-24,0.01603274792432785
2001-01-25,0.0
2001-01-26,0.00015332020120695233
2001-01-27,0.3007061965763569
2001-01-28,0.25381189957261086
2001-01-29,1.0178041011095047
2001-01-30,24.92553472518921
2001-01-31,0.0
2001-02-01,0.0
2001-02-02,3.2110365629196167
2001-02-03,0.0
2001-02-04,0.0
2001-02-05,3.1054974794387817
2001-02-06,0.0
2001-02-07,0.0
2001-02-08,0.0
2001-02-09,0.0033461072598583996
2001-02-10,12.415177345275879
2001-02-11,0.6670278012752533
2001-02-12,6.757120728492737
2001-02-13,6.126340866088867
2001-02-14,2.1447978913784027
2001-02-15,0.7534335255622864
2001-02-16,0.8304631412029266
2001-02-17,16.339332103729248
2001-02-18,0.0
2001-02-19,0.0
2001-02-20,0.45167944580316544
2001-02-21,3.2046671509742737
2001-02-22,29.57950210571289
2001-02-23,0.06355552561581135
2001-02-24,0.26964395493268967
2001-02-25,14.42987608909607
2001-02-26,0.0
2001-02-27,0.15062371641397476
2001-02-28,13.913599252700806
2001-03-01,0.0
2001-03-02,2.4456542134284973
2001-03-03,27.667256355285645
2001-03-04,4.950544953346252
2001-03-05,1.417021244764328
2001-03-06,0.08959834277629852
2001-03-07,0.08959834277629852
2001-03-08,0.08959834277629852
2001-03-09,4.339032232761383
2001-03-10,0.08959834277629852
2001-03-11,0.0
2001-03-12,40.10649871826172
2001-03-13,5.670374751091003
2001-03-14,0.0
2001-03-15,31.146692276000977
2001-03-16,0.3895128145813942
2001-03-17,0.0007573003094876185
2001-03-18,0.0
2001-03-19,3.332201361656189
2001-03-20,61.866597175598145
2001-03-21,2.266643911600113
2001-03-22,0.0
2001-03-23,0.0
2001-03-24,0.63783098757267
2001-03-25,0.0
2001-03-26,0.0
2001-03-27,0.0
2001-03-28,0.3964284285902977
2001-03-29,36.326454162597656
2001-03-30,0.4329210966825485
2001-03-31,1.7239457964897156
2001-04-01,1.845121145248413
2001-04-02,0.0
2001-04-03,24.998703479766846
2001-04-04,11.182933807373047
2001-04-05,0.32789263874292374
2001-04-06,4.949833393096924
2001-04-07,0.0
2001-04-08,0.0
2001-04-09,0.4385877400636673
2001-04-10,0.268782414495945
2001-04-11,0.022462169639766216
2001-04-12,0.08739174995571375
2001-04-13,4.846996784210205
2001-04-14,0.0
2001-04-15,13.932679653167725
2001-04-16,0.0
2001-04-17,0.0
2001-04-18,0.0
2001-04-19,0.0
2001-04-20,0.0
2001-04-21,0.0
2001-04-22,0.0
2001-04-23,0.0
2001-04-24,0.22236809879541397
2001-04-25,0.2343662530183792
2001-04-26,0.0
2001-04-27,0.0
2001-04-28,0.0
2001-04-29,0.0
2001-04-30,0.0
2001-05-01,0.0
2001-05-02,0.0
2001-05-03,0.0
2001-05-04,0.0
2001-05-05,0.0
2001-05-06,0.0
2001-05-07,0.0
2001-05-08,0.0
2001-05-09,0.0
2001-05-10,0.0
2001-05-11,5.723341941833496
2001-05-12,5.3626673221588135
2001-05-13,0.06459220871329308
2001-05-14,0.0
2001-05-15,0.0
2001-05-16,0.0
2001-05-17,0.0
2001-05-18,0.0
2001-05-19,4.2627487778663635
2001-05-20,6.329820156097412
2001-05-21,0.7679302543401718
2001-05-22,14.596397161483765
2001-05-23,0.006748002779204398
2001-05-24,2.128836214542389
2001-05-25,19.18515634536743
2001-05-26,0.0
2001-05-27,0.0
2001-05-28,29.78182363510132
2001-05-29,10.668756484985352
2001-05-30,0.0
2001-05-31,14.740371942520142
2001-06-01,71.28494834899902
2001-06-02,0.47205739468336105
2001-06-03,8.603207230567932
2001-06-04,4.337424993515015
2001-06-05,0.16719932109117508
2001-06-06,2.4934183955192566
2001-06-07,1.1105637103319168
2001-06-08,8.875319957733154
2001-06-09,0.0
2001-06-10,0.0
2001-06-11,4.690717458724976
2001-06-12,1.8578523993492126
2001-06-13,0.3638159930706024
2001-06-14,4.240762650966644
2001-06-15,7.085110783576965
2001-06-16,5.099351793527603
2001-06-17,0.0
2001-06-18,0.0
2001-06-19,0.05440528877079487
2001-06-20,0.1791130993515253
2001-06-21,0.28346578776836395
2001-06-22,9.510855913162231
2001-06-23,0.46931179612874985
2001-06-24,0.002392508293269202
2001-06-25,1.520192414522171
2001-06-26,11.754141807556152
2001-06-27,0.8059615790843964
2001-06-28,9.00036370754242
2001-06-29,15.364079475402832
2001-06-30,10.210545301437378
2001-07-01,10.215198755264282
2001-07-02,0.6231773942708969
2001-07-03,22.178624153137207
2001-07-04,36.73980903625488
2001-07-05,7.93199360370636
2001-07-06,2.6108028888702393
2001-07-07,0.0
2001-07-08,0.0
2001-07-09,1.2630571126937866
2001-07-10,9.434996843338013
2001-07-11,0.8660384863615036
2001-07-12,0.924529954791069
2001-07-13,0.0
2001-07-14,1.330285131931305
2001-07-15,0.1121286079287529
2001-07-16,0.08525088243186474
2001-07-17,0.004776145331561565
2001-07-18,0.000493558298330754
2001-07-19,0.06623409572057426
2001-07-20,12.207831382751465
2001-07-21,7.122197866439819
2001-07-22,0.18845372647047043
2001-07-23,0.0
2001-07-24,3.133080244064331
2001-07-25,51.99570655822754
2001-07-26,1.635444313287735
2001-07-27,0.6799504309892654
2001-07-28,11.250572204589844
2001-07-29,24.41097116470337
2001-07-30,10.708059787750244
2001-07-31,0.6437740474939346
2001-08-01,0.15505383722484112
2001-08-02,0.10612881183624268
2001-08-03,0.19283477775752544
2001-08-04,1.3679921627044678
2001-08-05,2.3213253915309906
2001-08-06,0.1702413447201252
2001-08-07,1.0686182901263237
2001-08-08,1.0948009565472603
2001-08-09,2.2565236538648605
2001-08-10,0.8417183831334114
2001-08-11,1.7415107786655426
2001-08-12,8.420076847076416
2001-08-13,4.470660150051117
2001-08-14,0.432891346514225
2001-08-15,0.5500739961862564
2001-08-16,0.9270014613866806
2001-08-17,0.8042158037424088
2001-08-18,0.001113601349061355
2001-08-19,4.196183502674103
2001-08-20,1.0080004036426544
2001-08-21,0.0
2001-08-22,0.0
2001-08-23,0.0
2001-08-24,0.2654069047421217
2001-08-25,1.9089242815971375
2001-08-26,1.9148122370243073
2001-08-27,0.09429216850548983
2001-08-28,0.4279835969209671
2001-08-29,5.64681613445282
2001-08-30,2.591149628162384
2001-08-31,9.738734245300293
2001-09-01,7.523144841194153
2001-09-02,7.193344831466675
2001-09-03,11.495777606964111
2001-09-04,21.05564022064209
2001-09-05,0.14383769407868385
2001-09-06,0.227069191634655
2001-09-07,0.17085986956954002
2001-09-08,0.27054954692721367
2001-09-09,0.0034846878843382
2001-09-10,0.9039696156978607
2001-09-11,0.823768213391304
2001-09-12,0.15565750375390053
2001-09-13,0.03399616852402687
2001-09-14,0.08412511274218559
2001-09-15,0.029442484490573406
2001-09-16,0.0
2001-09-17,0.0
2001-09-18,0.0
2001-09-19,3.3586085438728333
2001-09-20,1.7933544218540192
2001-09-21,0.0
2001-09-22,0.0
2001-09-23,0.1238543838262558
2001-09-24,15.145728588104248
2001-09-25,0.015414427500218153
2001-09-26,0.14228666760027409
2001-09-27,0.14228666760027409
2001-09-28,0.14228666760027409
2001-09-29,0.14228666760027409
2001-09-30,0.14228666760027409
2001-10-01,0.0
2001-10-02,0.0
2001-10-03,0.0
2001-10-04,0.0
2001-10-05,2.0646835565567017
2001-10-06,21.23591423034668
2001-10-07,0.0
2001-10-08,0.0
2001-10-09,0.0
2001-10-10,0.0006057048449292779
2001-10-11,0.9989483058452606
2001-10-12,5.326876163482666
2001-10-13,1.443055808544159
2001-10-14,15.790263175964355
2001-10-15,0.0
2001-10-16,0.0
2001-10-17,0.0
2001-10-18,0.0
2001-10-19,0.0
2001-10-20,0.0
2001-10-21,0.0
2001-10-22,0.0
2001-10-23,0.0
2001-10-24,0.05603223945945501
2001-10-25,1.8149602115154266
2001-10-26,0.2716212272644043
2001-10-27,0.2716212272644043
2001-10-28,0.2716212272644043
2001-10-29,0.2716212272644043
2001-10-30,0.2716212272644043
2001-10-31,0.2716212272644043
2001-11-01,0.5959503129124641
2001-11-02,0.18141938000917435
2001-11-03,0.009774753823876381
2001-11-04,0.0
2001-11-05,0.0
2001-11-06,0.20688437297940254
2001-11-07,0.20688437297940254
2001-11-08,0.20688437297940254
2001-11-09,0.20688437297940254
2001-11-10,0.20688437297940254
2001-11-11,0.4946623295545578
2001-11-12,0.31545235961675644
2001-11-13,0.31545235961675644
2001-11-14,0.31545235961675644
2001-11-15,0.31545235961675644
2001-11-16,0.0
2001-11-17,0.0
2001-11-18,0.0
2001-11-19,0.0
2001-11-20,0.907254695892334
2001-11-21,0.0
2001-11-22,0.0
2001-11-23,13.645301103591919
2001-11-24,2.208773970603943
2001-11-25,22.81848382949829
2001-11-26,0.22149652987718582
2001-11-27,1.0995482802391052
2001-11-28,0.005429519689641893
2001-11-29,0.030574101954698563
2001-11-30,14.976189613342285
2001-12-01,0.0
2001-12-02,0.0
2001-12-03,0.0
2001-12-04,0.0
2001-12-05,0.0
2001-12-06,0.0
2001-12-07,0.0
2001-12-08,0.0
2001-12-09,0.0
2001-12-10,0.0
2001-12-11,3.40800803899765
2001-12-12,0.09891455993056297
2001-12-13,19.01716136932373
2001-12-14,19.185041904449463
2001-12-15,0.0
2001-12-16,0.0
2001-12-17,16.38557529449463
2001-12-18,0.6188215836882591
2001-12-19,0.0010173459158977494
2001-12-20,0.0033985545742325485
2001-12-21,0.0
2001-12-22,0.0
2001-12-23,26.97069025039673
2001-12-24,0.0013516368926502764
2001-12-25,0.0056523740058764815
2001-12-26,0.0
2001-12-27,0.0
2001-12-28,0.00019445976067800075
2001-12-29,0.004876208025962114
2001-12-30,0.0
2001-12-31,0.02098551020026207
2002-01-01,0.0
2002-01-02,1.807553768157959
2002-01-03,2.542582333087921
2002-01-04,0.0
2002-01-05,0.0
2002-01-06,17.994680166244507
2002-01-07,0.295298483222723
2002-01-08,0.0
2002-01-09,0.0
2002-01-10,0.06821191217750311
2002-01-11,4.902867913246155
2002-01-12,0.9359065741300583
2002-01-13,0.0
2002-01-14,0.14056647941470146
2002-01-15,0.11426682397723198
2002-01-16,0.0
2002-01-17,0.0
2002-01-18,1.5668123066425323
2002-01-19,54.39693546295166
2002-01-20,1.9376188814640045
2002-01-21,20.81514024734497
2002-01-22,0.03613841440528631
2002-01-23,19.23734140396118
2002-01-24,9.135353803634644
2002-01-25,31.40141248703003
2002-01-26,0.0
2002-01-27,0.0
2002-01-28,0.0
2002-01-29,0.0
2002-01-30,0.0
2002-01-31,0.0
2002-02-01,5.298754453659058
2002-02-02,0.0
2002-02-03,0.7555723041296005
2002-02-04,0.09766613692045212
2002-02-05,0.0
2002-02-06,29.7124981880188
2002-02-07,9.81495451927185
2002-02-08,0.021401974372565746
2002-02-09,0.0
2002-02-10,1.9555494785308838
2002-02-11,0.0
2002-02-12,0.0
2002-02-13,0.0
2002-02-14,0.0
2002-02-15,0.0
2002-02-16,0.018723762594163418
2002-02-17,0.0
2002-02-18,0.0
2002-02-19,0.04552619718015194
2002-02-20,7.965112924575806
2002-02-21,0.0
2002-02-22,0.0
2002-02-23,0.0
2002-02-24,0.0
2002-02-25,0.0
2002-02-26,0.0
2002-02-27,0.0
2002-02-28,0.0
2002-03-01,0.0
2002-03-02,22.440031051635742
2002-03-03,1.7690923511981964
2002-03-04,0.0
2002-03-05,0.0
2002-03-06,0.0
2002-03-07,0.0
2002-03-08,0.011032390757463872
2002-03-09,2.6982593685388565
2002-03-10,0.058844357496127486
2002-03-11,0.0
2002-03-12,15.86366868019104
2002-03-13,5.902721643447876
2002-03-14,0.03726618550717831
2002-03-15,0.19523171707987785
2002-03-16,5.236606478691101
2002-03-17,1.8722124993801117
2002-03-18,0.5293904170393944
2002-03-19,0.2563776299357414
2002-03-20,6.960607051849365
2002-03-21,25.157154083251953
2002-03-22,0.0
2002-03-23,0.0
2002-03-24,0.0
2002-03-25,0.36331456899642944
2002-03-26,21.728732585906982
2002-03-27,1.9703059494495392
2002-03-28,0.0
2002-03-29,0.0
2002-03-30,38.090585708618164
2002-03-31,43.30944061279297
2002-04-01,0.0
2002-04-02,0.0
2002-04-03,0.0
2002-04-04,0.0
2002-04-05,0.0
2002-04-06,0.0
2002-04-07,0.0
2002-04-08,0.004651207884307951
2002-04-09,9.700304746627808
2002-04-10,2.4049028158187866
2002-04-11,0.05616550846025348
2002-04-12,0.48067402467131615
2002-04-13,0.15870288014411926
2002-04-14,0.057489041704684496
2002-04-15,0.11220377311110497
2002-04-16,0.0
2002-04-17,0.0
2002-04-18,0.0
2002-04-19,0.0
2002-04-20,0.0
2002-04-21,0.04121346166357398
2002-04-22,1.020352065563202
2002-04-23,0.0
2002-04-24,0.0686115212738514
2002-04-25,7.848202109336853
2002-04-26,1.0985209047794342
2002-04-27,0.535791203379631
2002-04-28,2.486682653427124
2002-04-29,4.724037766456604
2002-04-30,16.95311737060547
2002-05-01,9.95717477798462
2002-05-02,0.08812033198773861
2002-05-03,40.46096229553223
2002-05-04,41.71764373779297
2002-05-05,0.13853460922837257
2002-05-06,0.01632315735332668
2002-05-07,0.7419485449790955
2002-05-08,0.1423562541604042
2002-05-09,0.7076172977685928
2002-05-10,4.791479825973511
2002-05-11,0.6608033254742622
2002-05-12,0.18545205518603325
2002-05-13,3.124533772468567
2002-05-14,0.009854423231445253
2002-05-15,0.0
2002-05-16,0.0
2002-05-17,1.5694115459918976
2002-05-18,13.4502112865448
2002-05-19,0.0
2002-05-20,0.0
2002-05-21,0.12630311213433743
2002-05-22,0.12630311213433743
2002-05-23,0.12630311213433743
2002-05-24,0.12630311213433743
2002-05-25,0.12630311213433743
2002-05-26,0.6659399121999741
2002-05-27,7.316894292831421
2002-05-28,0.8896315544843674
2002-05-29,3.2631940841674805
2002-05-30,2.2291131913661957
2002-05-31,8.064576506614685
2002-06-01,0.191060658544302
2002-06-02,0.002569046919234097
2002-06-03,0.1969418078660965
2002-06-04,13.981184482574463
2002-06-05,21.784362316131592
2002-06-06,7.988558411598206
2002-06-07,7.95194685459137
2002-06-08,0.36455467343330383
2002-06-09,0.0
2002-06-10,0.0
2002-06-11,0.0
2002-06-12,0.0
2002-06-13,0.0
2002-06-14,0.0
2002-06-15,0.0
2002-06-16,0.0596142893191427
2002-06-17,0.009037611074745655
2002-06-18,0.4065579064190388
2002-06-19,1.3451099023222923
2002-06-20,0.05725680268369615
2002-06-21,0.0
2002-06-22,0.09705992601811886
2002-06-23,3.4069035053253174
2002-06-24,0.47645191848278046
2002-06-25,4.838497161865234
2002-06-26,3.127214014530182
2002-06-27,1.2382558584213257
2002-06-28,6.104110360145569
2002-06-29,4.421819686889648
2002-06-30,1.0148349851369858
2002-07-01,3.0662768483161926
2002-07-02,9.633505821228027
2002-07-03,11.369267225265503
2002-07-04,4.911824524402618
2002-07-05,0.2941143810749054
2002-07-06,0.21367541328072548
2002-07-07,0.29204554110765457
2002-07-08,0.0350290653295815
2002-07-09,0.025486537721008062
2002-07-10,1.08723945915699
2002-07-11,11.377882242202759
2002-07-12,0.5399907529354095
2002-07-13,16.303003311157227
2002-07-14,1.8947969377040863
2002-07-15,0.46509654074907303
2002-07-16,0.7636049836874008
2002-07-17,1.4033143222332
2002-07-18,0.3934621587395668
2002-07-19,0.8502934724092484
2002-07-20,0.865107923746109
2002-07-21,2.069441497325897
2002-07-22,3.5249651074409485
2002-07-23,3.811735451221466
2002-07-24,2.372656911611557
2002-07-25,3.943908393383026
2002-07-26,2.3001683950424194
2002-07-27,0.629922091960907
2002-07-28,0.5910512879490852
2002-07-29,0.6764111220836639
2002-07-30,3.145222008228302
2002-07-31,6.596812844276428
2002-08-01,0.0938938669860363
2002-08-02,1.5152268409729004
2002-08-03,4.14428973197937
2002-08-04,0.20828698575496674
2002-08-05,0.0005542243889067322
2002-08-06,0.5724637359380722
2002-08-07,0.015721180709078908
2002-08-08,0.03872787905856967
2002-08-09,0.020350689766928554
2002-08-10,0.020161870634183288
2002-08-11,0.0
2002-08-12,0.0
2002-08-13,0.0
2002-08-14,1.7873075306415558
2002-08-15,3.7952144742012024
2002-08-16,17.434571027755737
2002-08-17,11.303766250610352
2002-08-18,4.8749624490737915
2002-08-19,15.1508207321167
2002-08-20,0.5008266419172287
2002-08-21,0.29551837220788
2002-08-22,0.3524595610797405
2002-08-23,0.01927722035907209
2002-08-24,0.7709196656942368
2002-08-25,5.554882824420929
2002-08-26,0.10329972766339779
2002-08-27,1.437818467617035
2002-08-28,0.632160559296608
2002-08-29,0.3489415943622589
2002-08-30,0.271253976970911
2002-08-31,0.12617503106594086
2002-09-01,1.0122202336788177
2002-09-02,0.3156447261571884
2002-09-03,1.5536741316318512
2002-09-04,0.01340145943686366
2002-09-05,0.41281745582818985
2002-09-06,3.0380395650863647
2002-09-07,0.0
2002-09-08,0.0
2002-09-09,0.0
2002-09-10,0.0
2002-09-11,0.0
2002-09-12,0.0
2002-09-13,3.182781457901001
2002-09-14,13.238112688064575
2002-09-15,13.559208393096924
2002-09-16,0.1404713075608015
2002-09-17,3.923328459262848
2002-09-18,16.513757944107056
2002-09-19,2.4763506948947906
2002-09-20,1.584144949913025
2002-09-21,30.85796022415161
2002-09-22,25.01874303817749
2002-09-23,1.1924979090690613
2002-09-24,0.30216170102357864
2002-09-25,38.83957099914551
2002-09-26,33.832382678985596
2002-09-27,7.79933762550354
2002-09-28,0.437139667570591
2002-09-29,0.9216272383928299
2002-09-30,1.5522247850894928
2002-10-01,1.4088238179683685
2002-10-02,0.3648238815367222
2002-10-03,0.0
2002-10-04,7.299359440803528
2002-10-05,3.8876577615737915
2002-10-06,0.013267023488879204
2002-10-07,1.328149676322937
2002-10-08,0.47474807500839233
2002-10-09,5.354935884475708
2002-10-10,18.87355661392212
2002-10-11,9.415265083312988
2002-10-12,0.6889189034700394
2002-10-13,6.281315207481384
2002-10-14,0.6755685359239578
2002-10-15,8.917961359024048
2002-10-16,5.5419241189956665
2002-10-17,0.0
2002-10-18,0.0
2002-10-19,0.0
2002-10-20,17.490341424942017
2002-10-21,16.39936399459839
2002-10-22,0.9289251416921616
2002-10-23,4.149510562419891
2002-10-24,0.6769438683986664
2002-10-25,3.773820698261261
2002-10-26,2.24572092294693
2002-10-27,0.529144637286663
2002-10-28,30.390363693237305
2002-10-29,9.982002019882202
2002-10-30,19.084521293640137
2002-10-31,0.0
2002-11-01,0.0
2002-11-02,0.0
2002-11-03,2.443623900413513
2002-11-04,5.464877247810364
2002-11-05,22.78484344482422
2002-11-06,5.247247099876404
2002-11-07,0.0
2002-11-08,0.0
2002-11-09,0.1252043228596449
2002-11-10,2.3379442393779755
2002-11-11,21.456100463867188
2002-11-12,20.926047325134277
2002-11-13,0.0
2002-11-14,0.0
2002-11-15,14.20142126083374
2002-11-16,24.092021465301514
2002-11-17,0.8516134023666382
2002-11-18,0.0
2002-11-19,2.735240876674652
2002-11-20,9.872588872909546
2002-11-21,5.495979607105255
2002-11-22,0.0
2002-11-23,0.0
2002-11-24,0.0
2002-11-25,0.0
2002-11-26,0.8446922898292542
2002-11-27,2.3373649418354034
2002-11-28,0.0
2002-11-29,0.0
2002-11-30,0.0
2002-12-01,0.0
2002-12-02,0.09315374586731195
2002-12-03,0.4121673107147217
2002-12-04,11.600774049758911
2002-12-05,47.455565452575684
2002-12-06,0.009371576947160065
2002-12-07,0.0
2002-12-08,0.0
2002-12-09,0.0
2002-12-10,23.3841872215271
2002-12-11,26.315876483917236
2002-12-12,0.2277648039162159
2002-12-13,38.10247230529785
2002-12-14,1.7858690023422241
2002-12-15,0.0
2002-12-16,0.0
2002-12-17,0.0016053555882535875
2002-12-18,0.0
2002-12-19,1.2220150381326675
2002-12-20,7.117923140525818
2002-12-21,0.0
2002-12-22,0.9004618227481842
2002-12-23,0.0
2002-12-24,44.95552730560303
2002-12-25,12.635135650634766
2002-12-26,0.0
2002-12-27,0.0
2002-12-28,0.0
2002-12-29,0.0
2002-12-30,0.0
2002-12-31,6.507318019866943
2003-01-01,9.978171110153198
2003-01-02,0.7929771840572357
2003-01-03,1.28228297829628
2003-01-04,0.0
2003-01-05,0.022463195491582155
2003-01-06,0.0005506854504346848
2003-01-07,0.0
2003-01-08,0.0
2003-01-09,0.007310402579605579
2003-01-10,0.17981891334056854
2003-01-11,0.46549195796251297
2003-01-12,0.46549195796251297
2003-01-13,0.46549195796251297
2003-01-14,0.46549195796251297
2003-01-15,0.46549195796251297
2003-01-16,4.238837957382202
2003-01-17,0.3393012806773186
2003-01-18,0.0
2003-01-19,0.0003740427491720766
2003-01-20,0.0030154939158819616
2003-01-21,2.6078485250473022
2003-01-22,1.5486040115356445
2003-01-23,0.26156073808670044
2003-01-24,0.0
2003-01-25,0.0
2003-01-26,0.02324506756849587
2003-01-27,0.0
2003-01-28,0.0004900663043372333
2003-01-29,28.86240291595459
2003-01-30,6.440895199775696
2003-01-31,0.1054668202996254
2003-02-01,0.0
2003-02-02,0.0
2003-02-03,0.0
2003-02-04,0.0
2003-02-05,0.0
2003-02-06,10.749860048294067
2003-02-07,9.883992433547974
2003-02-08,0.0
2003-02-09,0.009724061703309417
2003-02-10,12.333736181259155
2003-02-11,0.0
2003-02-12,0.0
2003-02-13,0.0
2003-02-14,5.163746476173401
2003-02-15,2.3332931101322174
2003-02-16,19.43850088119507
2003-02-17,0.8082024157047272
2003-02-18,0.003449799958616495
2003-02-19,0.04988334886729717
2003-02-20,0.8544007241725922
2003-02-21,19.215086936950684
2003-02-22,46.34788513183594
2003-02-23,4.6617443561553955
2003-02-24,0.179254412651062
2003-02-25,0.009770580567419529
2003-02-26,6.240053057670593
2003-02-27,23.390820026397705
2003-02-28,0.005469818715937436
2003-03-01,1.0183569341897964
2003-03-02,4.297593772411346
2003-03-03,0.017428094753995538
2003-03-04,0.0037283500423654914
2003-03-05,6.032646059989929
2003-03-06,67.93749904632568
2003-03-07,1.6558314859867096
2003-03-08,0.005004181177355349
2003-03-09,0.31060580909252167
2003-03-10,0.0
2003-03-11,0.0
2003-03-12,0.0
2003-03-13,1.6531036794185638
2003-03-14,2.4090373516082764
2003-03-15,5.865268349647522
2003-03-16,0.4566784054040909
2003-03-17,14.925103187561035
2003-03-18,2.1039344370365143
2003-03-19,6.791277766227722
2003-03-20,3.488844096660614
2003-03-21,0.022297812975011766
2003-03-22,0.125542345456779
2003-03-23,0.004112123104277998
2003-03-24,0.0
2003-03-25,0.0
2003-03-26,1.0706921368837357
2003-03-27,0.18796500377357006
2003-03-28,0.09406289178878069
2003-03-29,0.4914349429309368
2003-03-30,1.7603235095739365
2003-03-31,0.0
2003-04-01,0.0
2003-04-02,0.0
2003-04-03,0.0
2003-04-04,0.6657928340137005
2003-04-05,2.174829587340355
2003-04-06,3.227948546409607
2003-04-07,31.137144088745117
2003-04-08,12.250610828399658
2003-04-09,6.944608688354492
2003-04-10,5.046400189399719
2003-04-11,0.4019463639706373
2003-04-12,0.0
2003-04-13,0.00019921174316550605
2003-04-14,0.0
2003-04-15,0.0006690057925879955
2003-04-16,0.0044238046975806355
2003-04-17,11.914862394332886
2003-04-18,4.065519988536835
2003-04-19,0.06636029668152332
2003-04-20,0.3053916096687317
2003-04-21,11.847429752349854
2003-04-22,0.04258676990866661
2003-04-23,0.0
2003-04-24,5.640937447547913
2003-04-25,47.64607238769531
2003-04-26,0.35192540287971497
2003-04-27,0.0
2003-04-28,0.0
2003-04-29,0.010640714317560196
2003-04-30,0.03952630236744881
2003-05-01,2.626525044441223
2003-05-02,14.12846851348877
2003-05-03,2.7623886466026306
2003-05-04,0.0189994010142982
2003-05-05,17.279919624328613
2003-05-06,29.715975761413574
2003-05-07,14.88182806968689
2003-05-08,57.23540782928467
2003-05-09,0.26038888841867447
2003-05-10,0.687375545501709
2003-05-11,14.096925020217896
2003-05-12,0.0
2003-05-13,0.0
2003-05-14,4.762128233909607
2003-05-15,7.298373222351074
2003-05-16,2.544766128063202
2003-05-17,21.51484441757202
2003-05-18,30.584224224090576
2003-05-19,4.9203842878341675
2003-05-20,6.7473108768463135
2003-05-21,8.451220393180847
2003-05-22,24.827569484710693
2003-05-23,0.894008681178093
2003-05-24,0.0005197556893108413
2003-05-25,0.2599281445145607
2003-05-26,6.743963360786438
2003-05-27,0.013830910669639707
2003-05-28,0.0
2003-05-29,1.665796846151352
2003-05-30,0.0
2003-05-31,2.6226788461208344
2003-06-01,0.0
2003-06-02,0.0
2003-06-03,11.521642923355103
2003-06-04,1.4710336327552795
2003-06-05,0.0
2003-06-06,3.3530396819114685
2003-06-07,19.155232429504395
2003-06-08,1.3332913517951965
2003-06-09,0.025790400803089142
2003-06-10,0.0011341124190948904
2003-06-11,4.196511089801788
2003-06-12,5.594327330589294
2003-06-13,11.218326330184937
2003-06-14,5.614946722984314
2003-06-15,1.8436288237571716
2003-06-16,2.7523825764656067
2003-06-17,12.303961515426636
2003-06-18,42.71992206573486
2003-06-19,10.104799032211304
2003-06-20,0.1389148272573948
2003-06-21,0.003872642177157104
2003-06-22,0.003872642177157104
2003-06-23,0.22157735005021095
2003-06-24,0.1305564846843481
2003-06-25,0.003872642177157104
2003-06-26,0.04081908706575632
2003-06-27,1.2697927355766296
2003-06-28,1.6676560044288635
2003-06-29,0.4275718778371811
2003-06-30,5.928224682807922
2003-07-01,53.320749282836914
2003-07-02,17.714689254760742
2003-07-03,0.08813605830073357
2003-07-04,5.044411301612854
2003-07-05,6.191120505332947
2003-07-06,11.572603702545166
2003-07-07,3.537834405899048
2003-07-08,0.16039400920271873
2003-07-09,1.6885919272899628
2003-07-10,9.881041049957275
2003-07-11,14.717418909072876
2003-07-12,4.274184823036194
2003-07-13,17.088226318359375
2003-07-14,29.827089309692383
2003-07-15,2.8733564019203186
2003-07-16,2.9262734055519104
2003-07-17,2.673548102378845
2003-07-18,0.0
2003-07-19,5.580985426902771
2003-07-20,0.4305849149823189
2003-07-21,0.0986542608588934
2003-07-22,10.800548791885376
2003-07-23,6.403209924697876
2003-07-24,0.0
2003-07-25,0.005025133374147117
2003-07-26,0.229393158107996
2003-07-27,0.15374313108623028
2003-07-28,0.054824473336339
2003-07-29,1.3043361902236938
2003-07-30,1.2460072934627533
2003-07-31,4.295141339302063
2003-08-01,16.231201171875
2003-08-02,0.7667741775512695
2003-08-03,4.636805891990662
2003-08-04,9.890544891357422
2003-08-05,3.3565492033958435
2003-08-06,17.59490990638733
2003-08-07,6.153418183326721
2003-08-08,0.1771747898310423
2003-08-09,0.3838808909058571
2003-08-10,0.5363605543971062
2003-08-11,0.736129879951477
2003-08-12,4.806285798549652
2003-08-13,4.690787076950073
2003-08-14,0.0637924000620842
2003-08-15,1.638055443763733
2003-08-16,9.89871335029602
2003-08-17,0.28640466928482056
2003-08-18,0.25227056816220284
2003-08-19,0.693184033036232
2003-08-20,1.935589760541916
2003-08-21,0.0
2003-08-22,0.0
2003-08-23,0.0
2003-08-24,0.0
2003-08-25,0.0
2003-08-26,0.33137452974915504
2003-08-27,0.4895908236503601
2003-08-28,0.9315661787986755
2003-08-29,2.9259607195854187
2003-08-30,5.467872977256775
2003-08-31,4.948820352554321
2003-09-01,0.0490864384919405
2003-09-02,0.4644596055150032
2003-09-03,2.9891008138656616
2003-09-04,8.166074991226196
2003-09-05,0.0071546409744769335
2003-09-06,0.09813055954873562
2003-09-07,1.441647708415985
2003-09-08,0.04254766181111336
2003-09-09,0.7277796864509583
2003-09-10,0.7988697737455368
2003-09-11,0.01798504265025258
2003-09-12,0.0
2003-09-13,0.008685261593200266
2003-09-14,2.935151219367981
2003-09-15,0.5665380358695984
2003-09-16,1.9361944198608398
2003-09-17,0.0
2003-09-18,0.0
2003-09-19,0.0
2003-09-20,0.0
2003-09-21,0.22087159752845764
2003-09-22,50.970641136169434
2003-09-23,8.99862551689148
2003-09-24,0.0
2003-09-25,0.0
2003-09-26,0.8419786542654037
2003-09-27,14.499497652053833
2003-09-28,1.7077610194683075
2003-09-29,0.0
2003-09-30,0.0
2003-10-01,0.11672968231141567
2003-10-02,0.11672968231141567
2003-10-03,0.11672968231141567
2003-10-04,0.11672968231141567
2003-10-05,0.11672968231141567
2003-10-06,1.4154736697673798
2003-10-07,1.7693233788013458
2003-10-08,2.4955912232398987
2003-10-09,0.6077398359775543
2003-10-10,2.991937577724457
2003-10-11,1.3268601596355438
2003-10-12,0.11421466059982777
2003-10-13,0.01543938834220171
2003-10-14,2.0701479613780975
2003-10-15,0.002826901094522327
2003-10-16,0.0
2003-10-17,1.9452706575393677
2003-10-18,0.0
2003-10-19,0.0
2003-10-20,0.0
2003-10-21,0.15711138024926186
2003-10-22,0.15711138024926186
2003-10-23,0.15711138024926186
2003-10-24,0.15711138024926186
2003-10-25,0.15711138024926186
2003-10-26,22.846557140350342
2003-10-27,7.326471447944641
2003-10-28,0.0
2003-10-29,0.0
2003-10-30,0.0
2003-10-31,0.0
2003-11-01,0.0
2003-11-02,0.0
2003-11-03,0.0
2003-11-04,0.11382541805505753
2003-11-05,0.9930169433355331
2003-11-06,3.466994822025299
2003-11-07,0.10765664279460907
2003-11-08,0.04460743721574545
2003-11-09,0.026319609489291906
2003-11-10,0.0
2003-11-11,0.0
2003-11-12,0.04241338837891817
2003-11-13,2.55070161819458
2003-11-14,0.0
2003-11-15,0.0
2003-11-16,1.761188417673111
2003-11-17,2.820038139820099
2003-11-18,6.997417449951172
2003-11-19,64.02643966674805
2003-11-20,0.0
2003-11-21,0.0
2003-11-22,0.0
2003-11-23,0.0
2003-11-24,1.2752426788210869
2003-11-25,0.0
2003-11-26,0.0
2003-11-27,17.616806507110596
2003-11-28,22.98717212677002
2003-11-29,0.0
2003-11-30,0.0
2003-12-01,0.0
2003-12-02,0.0
2003-12-03,0.003868380154017359
2003-12-04,10.519890666007996
2003-12-05,1.6052454113960266
2003-12-06,0.0
2003-12-07,0.0
2003-12-08,0.0
2003-12-09,0.0
2003-12-10,0.0
2003-12-11,0.017443608958274126
2003-12-12,0.003223066101782024
2003-12-13,11.786978721618652
2003-12-14,31.604360103607178
2003-12-15,0.08242429420351982
2003-12-16,0.0
2003-12-17,0.0
2003-12-18,0.0
2003-12-19,0.0
2003-12-20,0.0
2003-12-21,0.0
2003-12-22,0.0
2003-12-23,1.4566995799541473
2003-12-24,23.866939544677734
2003-12-25,0.0
2003-12-26,0.0
2003-12-27,0.0
2003-12-28,0.0
2003-12-29,0.4257877245545387
2003-12-30,12.762354373931885
2003-12-31,0.0
2004-01-01,0.0
2004-01-02,0.0028893763665109873
2004-01-03,0.06771782413125038
2004-01-04,0.08696923963725567
2004-01-05,1.1934963762760162
2004-01-06,0.0
2004-01-07,0.0
2004-01-08,0.019392204005271196
2004-01-09,7.749600648880005
2004-01-10,0.015218107728287578
2004-01-11,0.0
2004-01-12,0.0
2004-01-13,0.0
2004-01-14,0.0
2004-01-15,0.0
2004-01-16,0.0
2004-01-17,2.345871925354004
2004-01-18,11.75360894203186
2004-01-19,0.014750226167961955
2004-01-20,0.0
2004-01-21,0.0
2004-01-22,0.0
2004-01-23,0.0
2004-01-24,0.04007319640368223
2004-01-25,29.091382026672363
2004-01-26,12.75675916671753
2004-01-27,7.910303115844727
2004-01-28,0.0
2004-01-29,0.0
2004-01-30,0.19069620966911316
2004-01-31,0.0
2004-02-01,0.0
2004-02-02,6.395593643188477
2004-02-03,6.549148917198181
2004-02-04,0.0
2004-02-05,8.320843577384949
2004-02-06,53.01134014129639
2004-02-07,0.31960922479629517
2004-02-08,0.03149432176724076
2004-02-09,1.3906341195106506
2004-02-10,6.378173351287842
2004-02-11,0.06968239694833755
2004-02-12,19.85181474685669
2004-02-13,0.0001311473097302951
2004-02-14,4.698985576629639
2004-02-15,18.04188108444214
2004-02-16,0.0
2004-02-17,0.0
2004-02-18,0.0
2004-02-19,0.0
2004-02-20,0.0
2004-02-21,3.5359561443328857
2004-02-22,0.0
2004-02-23,0.28388408944010735
2004-02-24,1.7709347307682037
2004-02-25,9.05929946899414
2004-02-26,18.262897491455078
2004-02-27,0.8017013221979141
2004-02-28,0.0
2004-02-29,0.0
2004-03-01,0.023625539150089025
2004-03-02,19.98801898956299
2004-03-03,3.4753599166870117
2004-03-04,0.0043630413128994405
2004-03-05,0.14380731992423534
2004-03-06,20.425837993621826
2004-03-07,0.007025992730632424
2004-03-08,0.005716745392419398
2004-03-09,1.8489704430103302
2004-03-10,0.0010512701264815405
2004-03-11,0.0
2004-03-12,9.349181709694676e-05
2004-03-13,0.0
2004-03-14,0.06087375711649656
2004-03-15,2.9654451608657837
2004-03-16,9.983910322189331
2004-03-17,0.0
2004-03-18,2.1769960820674896
2004-03-19,0.0
2004-03-20,0.05190511327236891
2004-03-21,1.0760592017322779
2004-03-22,0.0
2004-03-23,0.0
2004-03-24,0.0
2004-03-25,0.0
2004-03-26,0.0
2004-03-27,0.0
2004-03-28,0.0
2004-03-29,0.0
2004-03-30,0.0
2004-03-31,0.0
2004-04-01,0.0
2004-04-02,0.0
2004-04-03,0.0
2004-04-04,0.0
2004-04-05,0.0
2004-04-06,0.0008814541527044639
2004-04-07,0.012156106207839912
2004-04-08,0.7838910712162033
2004-04-09,0.0
2004-04-10,0.01855356092346483
2004-04-11,19.643660068511963
2004-04-12,7.05770480632782
2004-04-13,32.60492563247681
2004-04-14,4.525657892227173
2004-04-15,0.0
2004-04-16,0.06081354431807995
2004-04-17,0.06081354431807995
2004-04-18,0.06081354431807995
2004-04-19,0.06081354431807995
2004-04-20,0.06081354431807995
2004-04-21,0.02125393319875002
2004-04-22,1.0286212265491486
2004-04-23,0.12217537313699722
2004-04-24,0.006312733283266425
2004-04-25,0.46516916155815125
2004-04-26,3.608690768480301
2004-04-27,0.0019881929038092494
2004-04-28,0.0
2004-04-29,0.0016812764224596322
2004-04-30,2.230068624019623
2004-05-01,1.2748701572418213
2004-05-02,14.839305400848389
2004-05-03,0.1564051602035761
2004-05-04,0.0
2004-05-05,0.0004571757817757316
2004-05-06,0.0
2004-05-07,0.0
2004-05-08,0.0
2004-05-09,1.5096241533756256
2004-05-10,6.708688020706177
2004-05-11,0.25883396714925766
2004-05-12,0.31689953804016113
2004-05-13,0.5269277095794678
2004-05-14,0.1955365091562271
2004-05-15,0.04074595868587494
2004-05-16,5.024505615234375
2004-05-17,0.8328383713960648
2004-05-18,15.170308589935303
2004-05-19,4.77017879486084
2004-05-20,0.2596467062830925
2004-05-21,0.3044884242117405
2004-05-22,0.6516828685998917
2004-05-23,0.21373248100280762
2004-05-24,0.7321461588144302
2004-05-25,0.4085255563259125
2004-05-26,0.010061559965834022
2004-05-27,0.013925482053309679
2004-05-28,0.47955863922834396
2004-05-29,7.07856822013855
2004-05-30,3.662126839160919
2004-05-31,19.86875629425049
2004-06-01,0.0007026084094832186
2004-06-02,0.00021729880609200336
2004-06-03,1.3933453932404518
2004-06-04,1.8317935764789581
2004-06-05,0.0002680137004062999
2004-06-06,9.996861933814216e-06
2004-06-07,0.4172220230102539
2004-06-08,0.33957971073687077
2004-06-09,0.11126725282520056
2004-06-10,0.03581152227707207
2004-06-11,0.005261734710074961
2004-06-12,1.2770027816295624
2004-06-13,4.786755084991455
2004-06-14,5.360913038253784
2004-06-15,4.013753294944763
2004-06-16,7.7722731828689575
2004-06-17,2.4810023307800293
2004-06-18,1.2276708334684372
2004-06-19,0.011718711582943797
2004-06-20,0.703434482216835
2004-06-21,11.169936895370483
2004-06-22,2.143364042043686
2004-06-23,4.684152841567993
2004-06-24,8.743222713470459
2004-06-25,11.748887777328491
2004-06-26,3.5063838362693787
2004-06-27,10.623455047607422
2004-06-28,15.426768064498901
2004-06-29,0.16217730939388275
2004-06-30,8.902184009552002
2004-07-01,5.331018447875977
2004-07-02,26.27110242843628
2004-07-03,2.8005065321922302
2004-07-04,4.2843915820121765
2004-07-05,0.4722028598189354
2004-07-06,2.8988494873046875
2004-07-07,6.198298096656799
2004-07-08,5.698987364768982
2004-07-09,1.5324585139751434
2004-07-10,5.761132121086121
2004-07-11,0.5563999861478806
2004-07-12,12.017729997634888
2004-07-13,1.5451442897319794
2004-07-14,2.4716050028800964
2004-07-15,0.5790633708238602
2004-07-16,0.00014106437447480857
2004-07-17,0.4164467453956604
2004-07-18,0.06828983873128891
2004-07-19,0.0008316458552144468
2004-07-20,0.0
2004-07-21,0.0
2004-07-22,0.1109584178775549
2004-07-23,0.2673524394631386
2004-07-24,0.7737549096345901
2004-07-25,8.002524495124817
2004-07-26,6.8530274629592896
2004-07-27,25.29731845855713
2004-07-28,0.04230591654777527
2004-07-29,2.969866693019867
2004-07-30,1.1137680262327194
2004-07-31,0.3689543083310127
2004-08-01,2.1584630012512207
2004-08-02,1.4745015799999237
2004-08-03,0.06951623735949397
2004-08-04,0.0
2004-08-05,3.5748379230499268
2004-08-06,0.08356006164103746
2004-08-07,0.0
2004-08-08,0.0
2004-08-09,0.001976943589397706
2004-08-10,4.468833088874817
2004-08-11,1.2329780906438828
2004-08-12,42.3087797164917
2004-08-13,0.06471205595880747
2004-08-14,0.04761744011193514
2004-08-15,0.3027357906103134
2004-08-16,0.12721360847353935
2004-08-17,0.32683633267879486
2004-08-18,0.0
2004-08-19,0.02049967832863331
2004-08-20,2.70129132270813
2004-08-21,9.363620281219482
2004-08-22,0.5930189490318298
2004-08-23,0.3873984292149544
2004-08-24,0.7583398818969727
2004-08-25,6.148481369018555
2004-08-26,0.04228814458474517
2004-08-27,0.2231731154024601
2004-08-28,0.49584462493658066
2004-08-29,7.784000277519226
2004-08-30,0.9062691926956177
2004-08-31,0.08795929793268442
2004-09-01,4.670314908027649
2004-09-02,3.070952534675598
2004-09-03,0.06288436707109213
2004-09-04,0.03542732400819659
2004-09-05,0.00030813360353931785
2004-09-06,0.2162051424384117
2004-09-07,51.621806144714355
2004-09-08,10.618198871612549
2004-09-09,0.021430594380944967
2004-09-10,0.05264135263860226
2004-09-11,0.07102282345294952
2004-09-12,0.0027485986429383047
2004-09-13,0.7643156498670578
2004-09-14,0.024927739519625902
2004-09-15,0.14979007840156555
2004-09-16,44.64623832702637
2004-09-17,49.845903396606445
2004-09-18,0.0
2004-09-19,0.0
2004-09-20,0.0
2004-09-21,0.0
2004-09-22,0.0
2004-09-23,0.0
2004-09-24,0.0
2004-09-25,1.5664427280426025
2004-09-26,0.0008728601096663624
2004-09-27,2.6379321813583374
2004-09-28,6.9565593004226685
2004-09-29,0.0035211239592172205
2004-09-30,0.0
2004-10-01,0.0
2004-10-02,0.4744180291891098
2004-10-03,0.12785626389086246
2004-10-04,0.0
2004-10-05,0.0
2004-10-06,0.22800365462899208
2004-10-07,0.4714602157473564
2004-10-08,0.0
2004-10-09,3.2228516340255737
2004-10-10,3.6384471654891968
2004-10-11,1.5237301588058472
2004-10-12,0.953233152627945
2004-10-13,0.4024248868227005
2004-10-14,0.011740503832697868
2004-10-15,0.5503398925065994
2004-10-16,0.6317881122231483
2004-10-17,0.15573161840438843
2004-10-18,4.02746844291687
2004-10-19,18.37055206298828
2004-10-20,34.63755989074707
2004-10-21,0.5496505126357079
2004-10-22,0.13235001266002655
2004-10-23,0.01057322765700519
2004-10-24,3.887981653213501
2004-10-25,0.0002882817752833944
2004-10-26,0.0
2004-10-27,0.2388285994529724
2004-10-28,0.952217310667038
2004-10-29,2.5163130462169647
2004-10-30,0.028148410376161337
2004-10-31,0.5021104663610458
2004-11-01,0.01927650044672191
2004-11-02,1.3555716574192047
2004-11-03,10.19344687461853
2004-11-04,16.59446692466736
2004-11-05,0.009743865812197328
2004-11-06,0.43279003351926804
2004-11-07,0.43279003351926804
2004-11-08,0.43279003351926804
2004-11-09,0.43279003351926804
2004-11-10,0.43279003351926804
2004-11-11,13.236310720443726
2004-11-12,20.970314979553223
2004-11-13,0.07923716306686401
2004-11-14,0.0
2004-11-15,0.0
2004-11-16,0.0
2004-11-17,0.0
2004-11-18,0.0594719173386693
2004-11-19,2.432968556880951
2004-11-20,6.2274826765060425
2004-11-21,22.52040958404541
2004-11-22,17.082561016082764
2004-11-23,43.453819274902344
2004-11-24,26.393620014190674
2004-11-25,2.8805708289146423
2004-11-26,0.0
2004-11-27,8.126604199409485
2004-11-28,0.4073219448328018
2004-11-29,0.0
2004-11-30,4.06272554397583
2004-12-01,17.079718351364136
2004-12-02,0.0
2004-12-03,0.0
2004-12-04,0.0
2004-12-05,0.44884099811315536
2004-12-06,35.55563545227051
2004-12-07,12.219462633132935
2004-12-08,0.007403408992104232
2004-12-09,29.232399940490723
2004-12-10,13.554391384124756
2004-12-11,0.0
2004-12-12,0.0
2004-12-13,0.0
2004-12-14,0.0
2004-12-15,0.0
2004-12-16,0.0
2004-12-17,0.0
2004-12-18,0.0
2004-12-19,0.0
2004-12-20,0.0
2004-12-21,0.0005442929686978459
2004-12-22,7.147790193557739
2004-12-23,29.19168186187744
2004-12-24,0.0
2004-12-25,0.0
2004-12-26,0.0
2004-12-27,0.0
2004-12-28,0.0
2004-12-29,0.0
2004-12-30,0.0
2004-12-31,0.0
2005-01-01,0.0
2005-01-02,3.0048879384994507
2005-01-03,0.0034462297335267067
2005-01-04,0.5418422371149063
2005-01-05,0.022748458199203014
2005-01-06,3.812486946582794
2005-01-07,0.003286063321866095
2005-01-08,12.379077434539795
2005-01-09,0.0
2005-01-10,0.0
2005-01-11,0.16573980078101158
2005-01-12,0.12873462960124016
2005-01-13,9.311427116394043
2005-01-14,21.496979236602783
2005-01-15,0.0
2005-01-16,0.0
2005-01-17,0.0
2005-01-18,0.0
2005-01-19,3.537352204322815
2005-01-20,0.0
2005-01-21,1.8420201740809716e-05
2005-01-22,0.01938026212155819
2005-01-23,0.0012711257440969348
2005-01-24,0.0
2005-01-25,0.0
2005-01-26,0.7004644274711609
2005-01-27,0.0022827661887276918
2005-01-28,0.06068349815905094
2005-01-29,15.286486387252808
2005-01-30,2.3682087063789368
2005-01-31,0.3761070668697357
2005-02-01,0.019552493002265692
2005-02-02,12.41023564338684
2005-02-03,11.134279251098633
2005-02-04,0.003311402164399624
2005-02-05,0.0
2005-02-06,0.0
2005-02-07,0.04834412690252066
2005-02-08,6.523883938789368
2005-02-09,4.359051704406738
2005-02-10,0.24610230699181557
2005-02-11,0.0
2005-02-12,0.0
2005-02-13,0.639174297451973
2005-02-14,13.48168420791626
2005-02-15,0.07719860412180424
2005-02-16,2.121918946504593
2005-02-17,0.0
2005-02-18,0.0
2005-02-19,0.0
2005-02-20,7.463523507118225
2005-02-21,32.72985792160034
2005-02-22,12.927517652511597
2005-02-23,0.0
2005-02-24,17.799246788024902
2005-02-25,0.00022649030142929405
2005-02-26,0.0
2005-02-27,4.80016827583313
2005-02-28,13.912129402160645
2005-03-01,0.0
2005-03-02,0.0
2005-03-03,0.0
2005-03-04,0.0
2005-03-05,0.0
2005-03-06,0.0
2005-03-07,2.3455120027065277
2005-03-08,13.740801811218262
2005-03-09,0.031947342213243246
2005-03-10,0.4840003103017807
2005-03-11,3.028051733970642
2005-03-12,0.0
2005-03-13,0.9856708198785782
2005-03-14,6.747941374778748
2005-03-15,3.8458184599876404
2005-03-16,17.64726972579956
2005-03-17,6.045959830284119
2005-03-18,0.30879490822553635
2005-03-19,0.00020903601398458704
2005-03-20,0.0030481969006359577
2005-03-21,0.016535603208467364
2005-03-22,16.453306436538696
2005-03-23,24.90571928024292
2005-03-24,0.01067673577927053
2005-03-25,0.4458589553833008
2005-03-26,0.025477836839854717
2005-03-27,26.33651638031006
2005-03-28,13.525683164596558
2005-03-29,0.0003540682009770535
2005-03-30,0.0
2005-03-31,26.98682928085327
2005-04-01,13.425438404083252
2005-04-02,10.241986274719238
2005-04-03,0.0
2005-04-04,0.0
2005-04-05,0.0
2005-04-06,0.11574514210224152
2005-04-07,24.269986629486084
2005-04-08,3.019851803779602
2005-04-09,0.03680639062076807
2005-04-10,0.0
2005-04-11,0.0
2005-04-12,5.325218081474304
2005-04-13,3.482021927833557
2005-04-14,0.6136180758476257
2005-04-15,0.0
2005-04-16,0.0
2005-04-17,0.0
2005-04-18,0.0
2005-04-19,0.0
2005-04-20,0.0
2005-04-21,5.776948690414429
2005-04-22,6.195705890655518
2005-04-23,5.7570085525512695
2005-04-24,0.12498837523162365
2005-04-25,0.0
2005-04-26,18.690720081329346
2005-04-27,1.707613468170166
2005-04-28,0.09918215777724981
2005-04-29,1.7369916141033173
2005-04-30,16.836573123931885
2005-05-01,0.0
2005-05-02,0.0
2005-05-03,0.0
2005-05-04,0.0
2005-05-05,0.0
2005-05-06,0.0
2005-05-07,0.0
2005-05-08,0.0
2005-05-09,0.0
2005-05-10,0.0
2005-05-11,0.3193306550383568
2005-05-12,0.0
2005-05-13,0.006357933394610882
2005-05-14,0.5180148035287857
2005-05-15,14.879404067993164
2005-05-16,0.0
2005-05-17,0.0
2005-05-18,0.0029413506272248924
2005-05-19,0.06397150177508593
2005-05-20,13.095514059066772
2005-05-21,7.58711564540863
2005-05-22,1.3037439733743668
2005-05-23,0.013823012472130358
2005-05-24,0.0
2005-05-25,0.0
2005-05-26,0.0
2005-05-27,0.0
2005-05-28,0.006455782655393705
2005-05-29,1.020612433552742
2005-05-30,15.091105937957764
2005-05-31,1.7787805199623108
2005-06-01,18.936829090118408
2005-06-02,1.7929877936840057
2005-06-03,2.3927356898784637
2005-06-04,0.40293387323617935
2005-06-05,0.2906029671430588
2005-06-06,6.093262434005737
2005-06-07,8.808452606201172
2005-06-08,12.389730215072632
2005-06-09,13.071595668792725
2005-06-10,12.207462549209595
2005-06-11,0.0
2005-06-12,0.0
2005-06-13,0.0
2005-06-14,0.0
2005-06-15,0.0
2005-06-16,0.0
2005-06-17,0.0
2005-06-18,0.0
2005-06-19,0.3112386651337147
2005-06-20,5.084861934185028
2005-06-21,1.7050699293613434
2005-06-22,0.3853209614753723
2005-06-23,0.00032724796619731933
2005-06-24,0.002013120421906933
2005-06-25,0.040279570035636425
2005-06-26,11.912315845489502
2005-06-27,2.2077312767505646
2005-06-28,18.680317640304565
2005-06-29,0.9454979598522186
2005-06-30,0.5014406815171242
2005-07-01,2.247093379497528
2005-07-02,1.6820422112941742
2005-07-03,4.500715851783752
2005-07-04,6.49002993106842
2005-07-05,2.0788702964782715
2005-07-06,4.816819667816162
2005-07-07,64.52930355072021
2005-07-08,0.0
2005-07-09,0.20436203852295876
2005-07-10,10.001296281814575
2005-07-11,29.547627449035645
2005-07-12,10.273416757583618
2005-07-13,9.89116358757019
2005-07-14,9.300607919692993
2005-07-15,11.292374610900879
2005-07-16,6.502586007118225
2005-07-17,2.563664138317108
2005-07-18,2.786841869354248
2005-07-19,15.685045957565308
2005-07-20,3.113204777240753
2005-07-21,0.3582855984568596
2005-07-22,0.22857525944709778
2005-07-23,0.001773865835275501
2005-07-24,0.0018422850698698312
2005-07-25,0.0015886945475358516
2005-07-26,0.027306839358061552
2005-07-27,0.25391820445656776
2005-07-28,4.3764631152153015
2005-07-29,12.504887580871582
2005-07-30,3.2214475870132446
2005-07-31,1.7088501155376434
2005-08-01,3.6983696818351746
2005-08-02,0.2436775304377079
2005-08-03,0.0
2005-08-04,0.41915036737918854
2005-08-05,0.6372212618589401
2005-08-06,1.1700876355171204
2005-08-07,12.523913860321045
2005-08-08,6.900747299194336
2005-08-09,2.2572260200977325
2005-08-10,7.902092456817627
2005-08-11,0.5231465324759483
2005-08-12,3.5436999201774597
2005-08-13,11.69245433807373
2005-08-14,0.24092378839850426
2005-08-15,0.1788313128054142
2005-08-16,2.15744611620903
2005-08-17,4.185610055923462
2005-08-18,12.248223781585693
2005-08-19,5.78467583656311
2005-08-20,0.41058485954999924
2005-08-21,0.20154431834816933
2005-08-22,0.4813070371747017
2005-08-23,2.499449700117111
2005-08-24,2.8993937969207764
2005-08-25,0.16360646858811378
2005-08-26,0.0
2005-08-27,0.0005915198707953095
2005-08-28,4.499197959899902
2005-08-29,4.513376951217651
2005-08-30,8.710001468658447
2005-08-31,0.005947411293163896
2005-09-01,0.0
2005-09-02,0.44220466911792755
2005-09-03,0.0
2005-09-04,0.0
2005-09-05,0.80785271525383
2005-09-06,0.25443949922919273
2005-09-07,0.25443949922919273
2005-09-08,0.25443949922919273
2005-09-09,0.25443949922919273
2005-09-10,0.25443949922919273
2005-09-11,0.011353619629517198
2005-09-12,0.0
2005-09-13,0.0
2005-09-14,0.0
2005-09-15,0.9813289493322372
2005-09-16,0.7560326457023621
2005-09-17,0.5490706488490105
2005-09-18,0.0
2005-09-19,0.0
2005-09-20,0.0
2005-09-21,0.013464454328641295
2005-09-22,1.0073093175888062
2005-09-23,0.0004486877587623894
2005-09-24,0.0
2005-09-25,0.14964617416262627
2005-09-26,7.837063670158386
2005-09-27,0.13840172439813614
2005-09-28,0.2268061861395836
2005-09-29,0.3778941482305527
2005-09-30,0.007467814604751766
2005-10-01,0.0024927162448875606
2005-10-02,0.3426768593490124
2005-10-03,0.0
2005-10-04,0.0
2005-10-05,0.003055203938856721
2005-10-06,15.177301168441772
2005-10-07,13.450886249542236
2005-10-08,1.333963930606842
2005-10-09,0.2154780738055706
2005-10-10,1.9290066361427307
2005-10-11,0.5710865259170532
2005-10-12,0.5639109164476395
2005-10-13,0.07233516499400139
2005-10-14,0.0
2005-10-15,0.0
2005-10-16,0.0
2005-10-17,0.0
2005-10-18,0.0
2005-10-19,0.0
2005-10-20,0.0
2005-10-21,0.5571827068924904
2005-10-22,0.39664483442902565
2005-10-23,0.0
2005-10-24,0.00024107502395054325
2005-10-25,1.0499594062566757
2005-10-26,0.17480852082371712
2005-10-27,0.17480852082371712
2005-10-28,0.17480852082371712
2005-10-29,0.17480852082371712
2005-10-30,0.17480852082371712
2005-10-31,0.17480852082371712
2005-11-01,0.38532768934965134
2005-11-02,0.037618085741996765
2005-11-03,0.0
2005-11-04,0.006934922654181719
2005-11-05,0.3304477855563164
2005-11-06,1.2694272100925446
2005-11-07,0.01810939982533455
2005-11-08,0.01607590401545167
2005-11-09,0.0
2005-11-10,0.6221392303705215
2005-11-11,0.0
2005-11-12,0.0
2005-11-13,0.07868066430091858
2005-11-14,2.468439280986786
2005-11-15,0.32437141984701157
2005-11-16,10.608347415924072
2005-11-17,0.0
2005-11-18,0.0
2005-11-19,0.028910983819514513
2005-11-20,0.6538218855857849
2005-11-21,35.24899482727051
2005-11-22,5.976986050605774
2005-11-23,0.0
2005-11-24,0.0
2005-11-25,0.0
2005-11-26,0.0
2005-11-27,8.400203704833984
2005-11-28,14.269954681396484
2005-11-29,26.056703090667725
2005-11-30,0.0
2005-12-01,0.0
2005-12-02,0.0
2005-12-03,4.957711100578308
2005-12-04,32.02472400665283
2005-12-05,10.636718988418579
2005-12-06,0.0
2005-12-07,0.0
2005-12-08,0.4910641610622406
2005-12-09,9.433053016662598
2005-12-10,0.0
2005-12-11,0.0
2005-12-12,0.0
2005-12-13,0.00016998960199998692
2005-12-14,0.043464566580951214
2005-12-15,22.90836238861084
2005-12-16,1.5062512159347534
2005-12-17,0.03540512174367905
2005-12-18,7.849809646606445
2005-12-19,0.0
2005-12-20,0.0
2005-12-21,0.0
2005-12-22,0.0
2005-12-23,0.0
2005-12-24,0.8079261034727097
2005-12-25,16.07888698577881
2005-12-26,0.13592475280165672
2005-12-27,0.0
2005-12-28,1.2596492916345596
2005-12-29,0.4594375863671303
2005-12-30,0.0
2005-12-31,0.19433007389307022
2006-01-01,0.4283657371997833
2006-01-02,12.03878664970398
2006-01-03,3.057966947555542
2006-01-04,0.0
2006-01-05,0.0
2006-01-06,0.0009833644144237041
2006-01-07,0.006652782205492258
2006-01-08,0.0
2006-01-09,0.0035361635964363813
2006-01-10,0.0319826565682888
2006-01-11,9.672815322875977
2006-01-12,0.049785785377025604
2006-01-13,13.524881601333618
2006-01-14,0.09446525387465954
2006-01-15,0.0
2006-01-16,0.9552143812179565
2006-01-17,24.04299545288086
2006-01-18,7.797154426574707
2006-01-19,0.0
2006-01-20,0.0
2006-01-21,13.544125318527222
2006-01-22,5.000375390052795
2006-01-23,24.87234401702881
2006-01-24,0.5699991285800934
2006-01-25,0.0
2006-01-26,0.0
2006-01-27,0.0
2006-01-28,0.0
2006-01-29,9.78362786769867
2006-01-30,1.4858061075210571
2006-01-31,0.37681736052036285
2006-02-01,0.0
2006-02-02,3.1093732714653015
2006-02-03,3.0622171759605408
2006-02-04,10.308578729629517
2006-02-05,0.0020771561830770224
2006-02-06,12.386200428009033
2006-02-07,8.569203853607178
2006-02-08,0.0008908106246963143
2006-02-09,1.7325093150138855
2006-02-10,0.0
2006-02-11,16.37498664855957
2006-02-12,0.38035424798727036
2006-02-13,0.03182517224922776
2006-02-14,0.0
2006-02-15,0.06187432911247015
2006-02-16,0.0
2006-02-17,0.0
2006-02-18,0.0
2006-02-19,0.0
2006-02-20,0.0
2006-02-21,1.0747184306383133
2006-02-22,17.150373458862305
2006-02-23,15.678300380706787
2006-02-24,0.0
2006-02-25,6.213886499404907
2006-02-26,11.864007949829102
2006-02-27,0.0
2006-02-28,0.0003375559317646548
2006-03-01,0.0
2006-03-02,0.0
2006-03-03,0.0
2006-03-04,0.0
2006-03-05,0.0
2006-03-06,4.795649766921997
2006-03-07,0.0
2006-03-08,0.0
2006-03-09,0.00776741502340883
2006-03-10,18.39166498184204
2006-03-11,0.10321727395057678
2006-03-12,0.008683553198352456
2006-03-13,0.23040420562028885
2006-03-14,3.759977877140045
2006-03-15,0.0
2006-03-16,0.5252271369099617
2006-03-17,0.48668474704027176
2006-03-18,0.0
2006-03-19,0.8017929345369339
2006-03-20,14.32261323928833
2006-03-21,33.21169185638428
2006-03-22,0.04855676833540201
2006-03-23,2.608732521533966
2006-03-24,2.863055646419525
2006-03-25,0.003050284052733332
2006-03-26,0.0
2006-03-27,0.0
2006-03-28,1.0102936923503876
2006-03-29,0.018627433106303215
2006-03-30,0.06216801516711712
2006-03-31,0.007914863992482424
2006-04-01,2.9001973271369934
2006-04-02,0.12461650557816029
2006-04-03,5.493184506893158
2006-04-04,0.0
2006-04-05,0.0
2006-04-06,0.0
2006-04-07,0.01806975109502673
2006-04-08,20.782918453216553
2006-04-09,0.0
2006-04-10,0.0
2006-04-11,0.24267563968896866
2006-04-12,0.24267563968896866
2006-04-13,0.36684513092041016
2006-04-14,0.24267563968896866
2006-04-15,0.24267563968896866
2006-04-16,0.0
2006-04-17,0.16558008082211018
2006-04-18,4.438035547733307
2006-04-19,0.9312736541032791
2006-04-20,20.93631649017334
2006-04-21,18.106735229492188
2006-04-22,19.746685028076172
2006-04-23,0.0
2006-04-24,0.0
2006-04-25,0.004950090253259987
2006-04-26,9.852896690368652
2006-04-27,1.8693418502807617
2006-04-28,0.0
2006-04-29,0.0
2006-04-30,3.286680281162262
2006-05-01,0.03343583643436432
2006-05-02,0.0027637816965579987
2006-05-03,0.02651110291481018
2006-05-04,0.028670353814959526
2006-05-05,0.0806686282157898
2006-05-06,0.0
2006-05-07,15.660516262054443
2006-05-08,1.7177189588546753
2006-05-09,0.02769644046202302
2006-05-10,7.929294466972351
2006-05-11,6.616262912750244
2006-05-12,0.0064384364522993565
2006-05-13,0.6054158508777618
2006-05-14,9.878873586654663
2006-05-15,0.23099422827363014
2006-05-16,0.2913198918104172
2006-05-17,0.248974721878767
2006-05-18,0.5824742615222931
2006-05-19,0.0003828215703833848
2006-05-20,0.49241678416728973
2006-05-21,2.534658759832382
2006-05-22,5.77044677734375
2006-05-23,0.0036221813643351197
2006-05-24,0.0
2006-05-25,0.5008869618177414
2006-05-26,2.599283993244171
2006-05-27,1.5145412534475327
2006-05-28,3.072513073682785
2006-05-29,0.07853587018325925
2006-05-30,0.008775096641329583
2006-05-31,0.006568881683051586
2006-06-01,0.8042270094156265
2006-06-02,5.74206405878067
2006-06-03,2.020212560892105
2006-06-04,0.15159034356474876
2006-06-05,0.22002998366951942
2006-06-06,0.006922217318788171
2006-06-07,0.006922217318788171
2006-06-08,0.062019284814596176
2006-06-09,0.006922217318788171
2006-06-10,0.006922217318788171
2006-06-11,0.0648869788274169
2006-06-12,6.919335961341858
2006-06-13,1.788979858160019
2006-06-14,0.00669813207059633
2006-06-15,0.0
2006-06-16,0.0
2006-06-17,0.0
2006-06-18,0.3082018084824085
2006-06-19,0.7197990044951439
2006-06-20,0.03384170448407531
2006-06-21,0.05333298072218895
2006-06-22,1.9463460445404053
2006-06-23,2.6152878999710083
2006-06-24,1.843146413564682
2006-06-25,22.215001583099365
2006-06-26,20.921270847320557
2006-06-27,0.2818971499800682
2006-06-28,0.0001223355284309946
2006-06-29,0.0
2006-06-30,0.054169042967259884
2006-07-01,0.4356280118227005
2006-07-02,0.11813045851886272
2006-07-03,0.03765759663656354
2006-07-04,2.6334059834480286
2006-07-05,8.75890851020813
2006-07-06,3.8361042886972427
2006-07-07,0.3110799554269761
2006-07-08,0.0
2006-07-09,0.46933681261725724
2006-07-10,2.2439059522002935
2006-07-11,0.04891539097297937
2006-07-12,0.14804339595139027
2006-07-13,1.6450868993997574
2006-07-14,1.1669902615249157
2006-07-15,1.378982599824667
2006-07-16,0.0
2006-07-17,0.0
2006-07-18,0.0
2006-07-19,0.0
2006-07-20,0.0
2006-07-21,0.9403990209102631
2006-07-22,11.904222011566162
2006-07-23,16.553807020187378
2006-07-24,2.6336200833320618
2006-07-25,0.6938246339559555
2006-07-26,0.1317139957100153
2006-07-27,0.0
2006-07-28,0.058002229779958725
2006-07-29,0.49417877197265625
2006-07-30,0.6511014997959137
2006-07-31,0.017043191706761718
2006-08-01,0.5777978301048279
2006-08-02,0.35866422206163406
2006-08-03,0.41348982602357864
2006-08-04,0.7810909897089005
2006-08-05,8.921056509017944
2006-08-06,3.6423365473747253
2006-08-07,0.020422440604306757
2006-08-08,3.7447205781936646
2006-08-09,0.26365743950009346
2006-08-10,1.5273600220680237
2006-08-11,1.0990369468927383
2006-08-12,14.27039885520935
2006-08-13,0.03372091893106699
2006-08-14,0.4478909894824028
2006-08-15,3.666848063468933
2006-08-16,4.485038638114929
2006-08-17,1.0233588814735413
2006-08-18,0.039725671987980604
2006-08-19,0.0011185458570253104
2006-08-20,3.6947509050369263
2006-08-21,11.826847314834595
2006-08-22,18.743354320526123
2006-08-23,9.969055652618408
2006-08-24,3.4789756536483765
2006-08-25,3.279114782810211
2006-08-26,0.3224894627928734
2006-08-27,0.09205088205635548
2006-08-28,0.47297634929418564
2006-08-29,2.2127349972724915
2006-08-30,10.464667320251465
2006-08-31,17.972903728485107
2006-09-01,2.761659324169159
2006-09-02,1.7111095488071442
2006-09-03,0.6937296092510223
2006-09-04,3.6110090017318726
2006-09-05,1.5266689956188202
2006-09-06,0.00208959833253175
2006-09-07,2.1602921783924103
2006-09-08,0.13911804929375648
2006-09-09,0.45941397547721863
2006-09-10,0.22834370657801628
2006-09-11,0.17034688033163548
2006-09-12,5.513520121574402
2006-09-13,15.754226207733154
2006-09-14,0.012076138751581311
2006-09-15,0.0
2006-09-16,0.0
2006-09-17,0.0
2006-09-18,7.137046694755554
2006-09-19,14.365600824356079
2006-09-20,0.0
2006-09-21,0.0
2006-09-22,25.298327445983887
2006-09-23,1.7905243933200836
2006-09-24,15.719346523284912
2006-09-25,0.5924094468355179
2006-09-26,0.0
2006-09-27,0.000601595857006032
2006-09-28,1.9649793803691864
2006-09-29,0.0074626191053539515
2006-09-30,0.0
2006-10-01,4.457320272922516
2006-10-02,0.0
2006-10-03,0.9951956421136856
2006-10-04,0.0
2006-10-05,0.1095749456435442
2006-10-06,0.4430868700146675
2006-10-07,0.0
2006-10-08,0.22560002282261848
2006-10-09,0.9235587418079376
2006-10-10,0.06548287905752659
2006-10-11,1.4533063173294067
2006-10-12,1.2189995050430298
2006-10-13,0.0
2006-10-14,0.0
2006-10-15,0.0
2006-10-16,0.7181286662817001
2006-10-17,43.84770393371582
2006-10-18,1.4373838901519775
2006-10-19,3.315925717353821
2006-10-20,6.4975855350494385
2006-10-21,0.0
2006-10-22,7.1192909479141235
2006-10-23,0.0
2006-10-24,0.0
2006-10-25,0.0
2006-10-26,0.0066043471451848745
2006-10-27,42.13676738739014
2006-10-28,5.455817103385925
2006-10-29,0.0
2006-10-30,0.0
2006-10-31,0.002218611683929339
2006-11-01,1.9295183718204498
2006-11-02,16.98007822036743
2006-11-03,0.0
2006-11-04,0.0
2006-11-05,0.0
2006-11-06,0.00013266236783238128
2006-11-07,26.088914394378662
2006-11-08,1.303685575723648
2006-11-09,0.0
2006-11-10,0.0
2006-11-11,3.1680045127868652
2006-11-12,0.06460798718035221
2006-11-13,0.0
2006-11-14,0.00841705605853349
2006-11-15,40.35912799835205
2006-11-16,24.685009956359863
2006-11-17,0.05927623901516199
2006-11-18,0.0
2006-11-19,0.0
2006-11-20,0.04282469768077135
2006-11-21,0.02335516014136374
2006-11-22,0.5649284161627293
2006-11-23,0.02335516014136374
2006-11-24,0.02335516014136374
2006-11-25,0.02335516014136374
2006-11-26,0.0
2006-11-27,0.0
2006-11-28,0.12829980440437794
2006-11-29,0.317346204072237
2006-11-30,1.4084320664405823
2006-12-01,0.0
2006-12-02,0.0
2006-12-03,0.0
2006-12-04,0.0
2006-12-05,0.0
2006-12-06,0.0
2006-12-07,0.0
2006-12-08,0.0
2006-12-09,0.0
2006-12-10,0.0
2006-12-11,0.0
2006-12-12,0.0
2006-12-13,0.0
2006-12-14,0.0
2006-12-15,0.0
2006-12-16,0.0
2006-12-17,0.0
2006-12-18,0.0
2006-12-19,0.0
2006-12-20,0.0
2006-12-21,0.6112552732229233
2006-12-22,32.28102779388428
2006-12-23,1.6408602595329285
2006-12-24,0.0
2006-12-25,15.807737588882446
2006-12-26,0.8594445288181305
2006-12-27,2.0008146748295985e-05
2006-12-28,0.0
2006-12-29,0.0015499006840400398
2006-12-30,0.11865422688424587
2006-12-31,15.591062068939209
2007-01-01,13.340256929397583
2007-01-02,0.0
2007-01-03,0.0
2007-01-04,0.34456899762153625
2007-01-05,14.222450733184814
2007-01-06,0.1752517744898796
2007-01-07,4.7761536836624146
2007-01-08,6.444989800453186
2007-01-09,0.0007455608865711838
2007-01-10,0.0
2007-01-11,0.0
2007-01-12,0.5306947976350784
2007-01-13,0.13113011606037617
2007-01-14,0.11079059168696404
2007-01-15,4.712685942649841
2007-01-16,14.91558575630188
2007-01-17,0.0
2007-01-18,4.147189617156982
2007-01-19,1.1817878186702728
2007-01-20,0.0
2007-01-21,29.462181568145752
2007-01-22,19.58537769317627
2007-01-23,0.0
2007-01-24,0.0
2007-01-25,0.0
2007-01-26,0.0
2007-01-27,0.0
2007-01-28,7.024034857749939
2007-01-29,0.0
2007-01-30,0.0
2007-01-31,0.0
2007-02-01,17.728550910949707
2007-02-02,0.7312609702348709
2007-02-03,0.0
2007-02-04,0.0
2007-02-05,0.0
2007-02-06,0.0
2007-02-07,0.02948183100670576
2007-02-08,0.0
2007-02-09,1.363448590040207
2007-02-10,0.0
2007-02-11,0.0
2007-02-12,0.0
2007-02-13,7.0895057916641235
2007-02-14,3.032564401626587
2007-02-15,0.0
2007-02-16,0.0
2007-02-17,0.0
2007-02-18,0.0
2007-02-19,0.0
2007-02-20,0.0
2007-02-21,9.950870513916016
2007-02-22,0.018858745228499174
2007-02-23,0.0
2007-02-24,0.020184287801384926
2007-02-25,24.03564691543579
2007-02-26,0.0
2007-02-27,0.0
2007-02-28,0.0
2007-03-01,18.88899517059326
2007-03-02,13.532728910446167
2007-03-03,0.0
2007-03-04,0.0
2007-03-05,0.0
2007-03-06,0.0
2007-03-07,0.0
2007-03-08,0.0
2007-03-09,0.0
2007-03-10,0.06597735825926065
2007-03-11,0.016316753579303622
2007-03-12,0.0
2007-03-13,0.0
2007-03-14,0.00261293348739855
2007-03-15,3.072595536708832
2007-03-16,17.8132643699646
2007-03-17,0.0
2007-03-18,0.0
2007-03-19,0.0
2007-03-20,0.006248411082196981
2007-03-21,0.0031237142393365502
2007-03-22,0.07562156021595001
2007-03-23,0.0031237142393365502
2007-03-24,0.0031237142393365502
2007-03-25,0.0031237142393365502
2007-03-26,0.003919175826013088
2007-03-27,0.3727281093597412
2007-03-28,0.5166914314031601
2007-03-29,0.2548278868198395
2007-03-30,0.2512304112315178
2007-03-31,0.030223523266613483
2007-04-01,16.04882550239563
2007-04-02,22.656201362609863
2007-04-03,0.34390413761138916
2007-04-04,2.354927718639374
2007-04-05,0.0
2007-04-06,0.0
2007-04-07,0.0
2007-04-08,0.0
2007-04-09,0.0
2007-04-10,0.0
2007-04-11,1.531378984451294
2007-04-12,1.8238585889339447
2007-04-13,0.0758840199559927
2007-04-14,1.465756356716156
2007-04-15,8.481141090393066
2007-04-16,0.0
2007-04-17,0.0
2007-04-18,0.0
2007-04-19,0.0
2007-04-20,0.0
2007-04-21,0.0
2007-04-22,0.0
2007-04-23,0.0
2007-04-24,0.0
2007-04-25,0.0
2007-04-26,0.0
2007-04-27,0.0
2007-04-28,0.0
2007-04-29,0.0
2007-04-30,0.0
2007-05-01,0.0
2007-05-02,0.0
2007-05-03,0.06872354913502932
2007-05-04,0.672595202922821
2007-05-05,3.1179407984018326
2007-05-06,0.0
2007-05-07,0.0
2007-05-08,0.0
2007-05-09,0.0
2007-05-10,0.0
2007-05-11,3.554573953151703
2007-05-12,5.424017071723938
2007-05-13,0.0
2007-05-14,0.0
2007-05-15,0.10346118919551373
2007-05-16,1.996144860982895
2007-05-17,0.013615305069833994
2007-05-18,0.0
2007-05-19,0.0
2007-05-20,0.0
2007-05-21,0.0
2007-05-22,0.18148092553019524
2007-05-23,0.2563222832977772
2007-05-24,0.0
2007-05-25,0.20831052958965302
2007-05-26,0.08463797532022
2007-05-27,0.08463797532022
2007-05-28,0.17657849937677383
2007-05-29,0.21471492387354374
2007-05-30,0.08463797532022
2007-05-31,0.49843674153089523
2007-06-01,3.8356918692588806
2007-06-02,0.8811186254024506
2007-06-03,7.181942462921143
2007-06-04,0.02071583829820156
2007-06-05,0.059274629689753056
2007-06-06,0.0
2007-06-07,0.41671162098646164
2007-06-08,16.372448921203613
2007-06-09,0.3982209339737892
2007-06-10,0.0
2007-06-11,0.1707295123487711
2007-06-12,0.6899141892790794
2007-06-13,0.003660967224277556
2007-06-14,0.621380127966404
2007-06-15,1.7059182822704315
2007-06-16,0.40417028963565826
2007-06-17,0.0
2007-06-18,1.2461618036031723
2007-06-19,13.06459641456604
2007-06-20,3.7996692061424255
2007-06-21,0.0
2007-06-22,0.0
2007-06-23,9.037688869284466e-05
2007-06-24,0.2620251886546612
2007-06-25,5.497918605804443
2007-06-26,0.3322305791079998
2007-06-27,0.8653502017259598
2007-06-28,0.186280719935894
2007-06-29,0.7409238517284393
2007-06-30,6.640196919441223
2007-07-01,4.869292676448822
2007-07-02,5.313133001327515
2007-07-03,0.28841081261634827
2007-07-04,0.05498116184026003
2007-07-05,0.00016214798961300403
2007-07-06,1.5994803309440613
2007-07-07,6.719145655632019
2007-07-08,5.684962511062622
2007-07-09,1.480377346277237
2007-07-10,5.890522718429565
2007-07-11,8.552888989448547
2007-07-12,0.01582539826631546
2007-07-13,0.3641359433531761
2007-07-14,0.8321868628263474
2007-07-15,3.453895688056946
2007-07-16,0.2839156277477741
2007-07-17,13.664977312088013
2007-07-18,1.6406182050704956
2007-07-19,2.6686888933181763
2007-07-20,5.296156048774719
2007-07-21,0.0
2007-07-22,0.554801344871521
2007-07-23,2.28296035528183
2007-07-24,0.06845693849027157
2007-07-25,1.6658563911914825
2007-07-26,6.889185070991516
2007-07-27,1.249548763036728
2007-07-28,7.3112064599990845
2007-07-29,10.262195110321045
2007-07-30,0.7883628904819489
2007-07-31,0.5150917693972588
2007-08-01,0.1695556715130806
2007-08-02,0.12925048172473907
2007-08-03,0.3447200506925583
2007-08-04,0.003245710046030581
2007-08-05,0.36110153049230576
2007-08-06,0.3240480571985245
2007-08-07,0.0036782509996555746
2007-08-08,0.04897681996226311
2007-08-09,0.0
2007-08-10,0.2802983820438385
2007-08-11,0.0
2007-08-12,0.8399717807769775
2007-08-13,0.04938875697553158
2007-08-14,0.0
2007-08-15,0.0
2007-08-16,0.0
2007-08-17,0.0
2007-08-18,0.0
2007-08-19,0.0
2007-08-20,0.0
2007-08-21,0.040124667808413506
2007-08-22,0.01788064558058977
2007-08-23,0.01695752562955022
2007-08-24,3.8792017102241516
2007-08-25,6.031059145927429
2007-08-26,3.542494058609009
2007-08-27,3.2095524072647095
2007-08-28,4.068812549114227
2007-08-29,13.668307781219482
2007-08-30,2.8234339356422424
2007-08-31,3.523488163948059
2007-09-01,1.859196275472641
2007-09-02,0.028512250166386366
2007-09-03,0.0013792002573609352
2007-09-04,0.0
2007-09-05,0.0
2007-09-06,0.9104871898889542
2007-09-07,0.1472105858847499
2007-09-08,0.0
2007-09-09,0.25586864724755287
2007-09-10,0.19433296471834183
2007-09-11,0.4443887397646904
2007-09-12,0.7889043092727661
2007-09-13,2.4627524614334106
2007-09-14,19.571288108825684
2007-09-15,0.3183215633034706
2007-09-16,0.017930489033460617
2007-09-17,1.7303424775600433
2007-09-18,0.017930489033460617
2007-09-19,0.017930489033460617
2007-09-20,0.017930489033460617
2007-09-21,0.25007371604442596
2007-09-22,0.2739824429154396
2007-09-23,0.44148995727300644
2007-09-24,0.16156843304634094
2007-09-25,0.386415034532547
2007-09-26,0.0
2007-09-27,5.307368516921997
2007-09-28,0.0
2007-09-29,0.0
2007-09-30,0.0
2007-10-01,0.0
2007-10-02,0.0
2007-10-03,0.07627227157354355
2007-10-04,0.41600915789604187
2007-10-05,0.0122178855817765
2007-10-06,1.693258374929428
2007-10-07,0.0
2007-10-08,3.3811296224594116
2007-10-09,4.418547511100769
2007-10-10,0.0
2007-10-11,0.2929461821913719
2007-10-12,0.2929461821913719
2007-10-13,0.2929461821913719
2007-10-14,0.2929461821913719
2007-10-15,0.2929461821913719
2007-10-16,0.15945308282971382
2007-10-17,0.026406067423522472
2007-10-18,3.697904109954834
2007-10-19,4.2384912967681885
2007-10-20,0.0
2007-10-21,0.0
2007-10-22,10.981083631515503
2007-10-23,25.5004620552063
2007-10-24,4.192837953567505
2007-10-25,0.479768767952919
2007-10-26,1.296914279460907
2007-10-27,0.0
2007-10-28,0.0
2007-10-29,0.0
2007-10-30,0.0
2007-10-31,0.0
2007-11-01,0.023986294865608215
2007-11-02,0.7874365597963333
2007-11-03,0.0
2007-11-04,0.0
2007-11-05,0.0
2007-11-06,1.064537301659584
2007-11-07,0.0
2007-11-08,0.0
2007-11-09,0.0
2007-11-10,0.28887853398919106
2007-11-11,0.0
2007-11-12,0.0
2007-11-13,0.3035746067762375
2007-11-14,1.1477515399456024
2007-11-15,14.070603370666504
2007-11-16,0.0
2007-11-17,0.0
2007-11-18,0.2693779207766056
2007-11-19,0.6017105206847191
2007-11-20,0.0
2007-11-21,0.6395809184759855
2007-11-22,7.294048711657524
2007-11-23,0.0
2007-11-24,0.0
2007-11-25,1.2392282523214817
2007-11-26,20.367112636566162
2007-11-27,0.18126443773508072
2007-11-28,0.0
2007-11-29,0.0
2007-11-30,0.0
2007-12-01,0.0
2007-12-02,0.0
2007-12-03,0.0
2007-12-04,0.0
2007-12-05,0.0
2007-12-06,0.0
2007-12-07,0.0
2007-12-08,0.0
2007-12-09,0.0
2007-12-10,0.0
2007-12-11,0.0
2007-12-12,0.0
2007-12-13,0.0
2007-12-14,0.0
2007-12-15,0.0
2007-12-16,5.60567569732666
2007-12-17,0.0
2007-12-18,0.0234915551263839
2007-12-19,0.9794958829879761
2007-12-20,3.3781979084014893
2007-12-21,3.3965654969215393
2007-12-22,0.2748866342008114
2007-12-23,17.560797691345215
2007-12-24,0.0
2007-12-25,5.752074837684631
2007-12-26,1.688946932554245
2007-12-27,3.9126977920532227
2007-12-28,40.069257736206055
2007-12-29,12.9541654586792
2007-12-30,28.46353578567505
2007-12-31,0.00204486635630019
2008-01-01,0.0
2008-01-02,1.928812563419342
2008-01-03,0.0
2008-01-04,0.0
2008-01-05,0.0
2008-01-06,0.041645150166004896
2008-01-07,0.008605945156887174
2008-01-08,0.44591719657182693
2008-01-09,8.059373378753662
2008-01-10,8.233974814414978
2008-01-11,18.20859432220459
2008-01-12,0.0
2008-01-13,0.01757799810729921
2008-01-14,0.0
2008-01-15,0.0
2008-01-16,2.6790804266929626
2008-01-17,24.374358654022217
2008-01-18,0.08350239135324955
2008-01-19,1.718963235616684
2008-01-20,0.01571907172910869
2008-01-21,0.0
2008-01-22,4.4819769859313965
2008-01-23,0.6112938821315765
2008-01-24,0.05639285547658801
2008-01-25,0.0
2008-01-26,0.15268121287226677
2008-01-27,0.00017835183825809509
2008-01-28,0.0
2008-01-29,0.017946741310879588
2008-01-30,17.534273624420166
2008-01-31,0.2305971160531044
2008-02-01,17.498010396957397
2008-02-02,0.0
2008-02-03,3.6988131999969482
2008-02-04,5.077453970909119
2008-02-05,0.37340642511844635
2008-02-06,6.8350749015808105
2008-02-07,0.0
2008-02-08,0.0
2008-02-09,0.0
2008-02-10,0.0
2008-02-11,0.0
2008-02-12,0.1851748302578926
2008-02-13,11.6314058303833
2008-02-14,0.0
2008-02-15,0.0
2008-02-16,0.5630457997322083
2008-02-17,13.3750901222229
2008-02-18,7.65006148815155
2008-02-19,0.023023941088467836
2008-02-20,0.0
2008-02-21,14.037965059280396
2008-02-22,23.976606369018555
2008-02-23,0.9876780062913895
2008-02-24,0.0
2008-02-25,0.0024287357227876782
2008-02-26,24.090477466583252
2008-02-27,0.9924330860376358
2008-02-28,0.0
2008-02-29,0.02722221612930298
2008-03-01,9.207317352294922
2008-03-02,0.0
2008-03-03,0.0
2008-03-04,35.13507080078125
2008-03-05,0.0
2008-03-06,0.0
2008-03-07,17.10249137878418
2008-03-08,2.161865621805191
2008-03-09,0.0
2008-03-10,0.0
2008-03-11,0.08165119402110577
2008-03-12,0.0
2008-03-13,0.0
2008-03-14,7.005846977233887
2008-03-15,14.068090915679932
2008-03-16,0.10579339973628521
2008-03-17,0.0
2008-03-18,0.14999359846115112
2008-03-19,34.783971309661865
2008-03-20,2.230156272649765
2008-03-21,0.0
2008-03-22,0.0
2008-03-23,0.0
2008-03-24,0.1114578889682889
2008-03-25,0.0
2008-03-26,0.0
2008-03-27,0.0
2008-03-28,0.4084981679916382
2008-03-29,3.407965898513794
2008-03-30,0.018222158774733543
2008-03-31,0.03680156543850899
2008-04-01,6.753968358039856
2008-04-02,0.05077427625656128
2008-04-03,0.4918139651417732
2008-04-04,4.559022128582001
2008-04-05,37.01102542877197
2008-04-06,0.0
2008-04-07,0.0
2008-04-08,0.0
2008-04-09,0.0
2008-04-10,0.0
2008-04-11,2.0944795310497284
2008-04-12,9.159353017807007
2008-04-13,3.0600523948669434
2008-04-14,4.142568945884705
2008-04-15,0.07554927282035351
2008-04-16,0.0
2008-04-17,0.0
2008-04-18,0.0
2008-04-19,0.0
2008-04-20,0.0
2008-04-21,0.0
2008-04-22,0.0
2008-04-23,0.005435374099761248
2008-04-24,5.015960050513968e-05
2008-04-25,0.009378834627568722
2008-04-26,2.834247648715973
2008-04-27,17.517356872558594
2008-04-28,9.9473876953125
2008-04-29,0.010770592256449163
2008-04-30,0.0
2008-05-01,0.0
2008-05-02,0.0
2008-05-03,15.045799493789673
2008-05-04,0.5131980627775192
2008-05-05,0.0
2008-05-06,0.0
2008-05-07,2.8221336603164673
2008-05-08,0.14957577735185623
2008-05-09,9.34278154373169
2008-05-10,4.289757251739502
2008-05-11,14.436547756195068
2008-05-12,0.0
2008-05-13,0.0
2008-05-14,0.05996636487543583
2008-05-15,23.265357494354248
2008-05-16,13.163407802581787
2008-05-17,0.0
2008-05-18,1.83266082406044
2008-05-19,8.023816704750061
2008-05-20,9.371742367744446
2008-05-21,1.7540700435638428
2008-05-22,0.027609463781118393
2008-05-23,1.9187409281730652
2008-05-24,0.07140689715743065
2008-05-25,0.0
2008-05-26,0.0019418661249801517
2008-05-27,0.22702863812446594
2008-05-28,1.046820878982544
2008-05-29,0.4839983284473419
2008-05-30,0.028397956863045692
2008-05-31,0.03960053622722626
2008-06-01,13.539536237716675
2008-06-02,1.9581310153007507
2008-06-03,0.9226361960172653
2008-06-04,0.0
2008-06-05,0.0040968459215946496
2008-06-06,0.029459519311785698
2008-06-07,0.20674320682883263
2008-06-08,0.5083587318658829
2008-06-09,1.854533463716507
2008-06-10,4.404855966567993
2008-06-11,2.105452746152878
2008-06-12,1.254781037569046
2008-06-13,2.363537520170212
2008-06-14,10.512500286102295
2008-06-15,0.10886979848146439
2008-06-16,0.014228087529772893
2008-06-17,0.6868437901139259
2008-06-18,0.0
2008-06-19,0.0
2008-06-20,0.0
2008-06-21,1.43693345785141
2008-06-22,0.42493142932653427
2008-06-23,0.0
2008-06-24,0.0
2008-06-25,0.0
2008-06-26,2.6864705085754395
2008-06-27,0.4239688590168953
2008-06-28,2.5463621020317078
2008-06-29,7.172753691673279
2008-06-30,0.5988404601812363
2008-07-01,0.0
2008-07-02,0.0
2008-07-03,0.0019137185299769044
2008-07-04,0.09369067288935184
2008-07-05,1.9574930667877197
2008-07-06,9.086108207702637
2008-07-07,2.2608586251735687
2008-07-08,7.993838667869568
2008-07-09,9.473371267318726
2008-07-10,16.957685947418213
2008-07-11,8.494576454162598
2008-07-12,0.5799855440855026
2008-07-13,17.234987497329712
2008-07-14,1.3329730331897736
2008-07-15,0.2147497944533825
2008-07-16,0.0
2008-07-17,0.0
2008-07-18,0.0
2008-07-19,0.0
2008-07-20,0.0
2008-07-21,0.08953026961535215
2008-07-22,3.7684274315834045
2008-07-23,7.663418292999268
2008-07-24,0.07720116712152958
2008-07-25,2.808883547782898
2008-07-26,7.671685338020325
2008-07-27,2.194990038871765
2008-07-28,0.5318768844008446
2008-07-29,1.0559005588293076
2008-07-30,6.453634738922119
2008-07-31,2.5526629090309143
2008-08-01,14.71945834159851
2008-08-02,3.0684187412261963
2008-08-03,0.04553994536399841
2008-08-04,0.012385607114993036
2008-08-05,0.19977019354701042
2008-08-06,2.8734981417655945
2008-08-07,7.237552285194397
2008-08-08,0.0
2008-08-09,0.0
2008-08-10,0.0
2008-08-11,0.0
2008-08-12,0.37598560750484467
2008-08-13,14.397390127182007
2008-08-14,0.20967364311218262
2008-08-15,0.004151898552663624
2008-08-16,0.09971816092729568
2008-08-17,0.060712557286024094
2008-08-18,0.011958105489611626
2008-08-19,0.00013281813880894333
2008-08-20,0.0
2008-08-21,2.0972804725170135
2008-08-22,1.507574588060379
2008-08-23,3.406460225582123
2008-08-24,8.403311371803284
2008-08-25,22.973337173461914
2008-08-26,52.87770175933838
2008-08-27,8.466867804527283
2008-08-28,0.3670003339648247
2008-08-29,0.0
2008-08-30,0.1608869880437851
2008-08-31,1.0734741687774658
2008-09-01,0.803954005241394
2008-09-02,0.31809911131858826
2008-09-03,0.0
2008-09-04,0.0
2008-09-05,0.0
2008-09-06,0.6953623294830322
2008-09-07,0.030030734837055206
2008-09-08,2.4688888788223267
2008-09-09,8.438261866569519
2008-09-10,1.3402276635169983
2008-09-11,0.21833452209830284
2008-09-12,0.4335353597998619
2008-09-13,0.2603975832462311
2008-09-14,2.5725904379214626e-05
2008-09-15,0.5639800280332565
2008-09-16,0.287152960896492
2008-09-17,0.9061207473278046
2008-09-18,0.03372442303225398
2008-09-19,0.006555267493240535
2008-09-20,0.0
2008-09-21,1.1014099419116974
2008-09-22,0.0
2008-09-23,0.0
2008-09-24,0.0
2008-09-25,0.0
2008-09-26,0.0
2008-09-27,0.420324482023716
2008-09-28,0.02718248451128602
2008-09-29,0.012182378442957997
2008-09-30,0.0
2008-10-01,0.08906282484531403
2008-10-02,0.08906282484531403
2008-10-03,0.08906282484531403
2008-10-04,0.08906282484531403
2008-10-05,0.08906282484531403
2008-10-06,0.0
2008-10-07,0.0
2008-10-08,31.357869148254395
2008-10-09,4.559006035327911
2008-10-10,0.4607614278793335
2008-10-11,1.4786897003650665
2008-10-12,0.0
2008-10-13,0.0
2008-10-14,0.0
2008-10-15,0.0
2008-10-16,0.0
2008-10-17,5.482877254486084
2008-10-18,0.0025164589460473508
2008-10-19,0.0
2008-10-20,0.0
2008-10-21,0.0
2008-10-22,0.0
2008-10-23,0.0
2008-10-24,29.718003749847412
2008-10-25,0.029849189799278975
2008-10-26,0.15790467709302902
2008-10-27,0.15790467709302902
2008-10-28,1.3448406159877777
2008-10-29,0.15790467709302902
2008-10-30,0.15790467709302902
2008-10-31,0.15790467709302902
2008-11-01,0.15551262348890305
2008-11-02,0.15551262348890305
2008-11-03,0.15551262348890305
2008-11-04,0.15551262348890305
2008-11-05,0.15551262348890305
2008-11-06,0.0
2008-11-07,1.8516137301921844
2008-11-08,0.20003678649663925
2008-11-09,0.0
2008-11-10,0.0
2008-11-11,0.0
2008-11-12,0.04249155381694436
2008-11-13,3.6082513332366943
2008-11-14,1.290770947933197
2008-11-15,12.611238718032837
2008-11-16,0.802402138710022
2008-11-17,0.11466590687632561
2008-11-18,0.1756562739610672
2008-11-19,0.11466590687632561
2008-11-20,0.11466590687632561
2008-11-21,0.0
2008-11-22,0.0
2008-11-23,0.0
2008-11-24,4.273149728775024
2008-11-25,1.7792940735816956
2008-11-26,0.0
2008-11-27,0.0
2008-11-28,0.004268713411875069
2008-11-29,10.063706398010254
2008-11-30,22.089075565338135
2008-12-01,0.0
2008-12-02,0.0
2008-12-03,0.0
2008-12-04,0.0
2008-12-05,0.0
2008-12-06,0.0
2008-12-07,0.0
2008-12-08,0.0
2008-12-09,0.10329555161297321
2008-12-10,63.76640319824219
2008-12-11,90.59736824035645
2008-12-12,2.8808706998825073
2008-12-13,0.0
2008-12-14,0.12750870548188686
2008-12-15,7.458375811576843
2008-12-16,0.0
2008-12-17,0.0
2008-12-18,0.0
2008-12-19,0.0
2008-12-20,0.0
2008-12-21,0.390947550535202
2008-12-22,0.0
2008-12-23,0.0
2008-12-24,0.19807077944278717
2008-12-25,0.5630450546741486
2008-12-26,0.04113335534930229
2008-12-27,0.014613183215260506
2008-12-28,0.2558138072490692
2008-12-29,0.009170628152787685
2008-12-30,0.0
2008-12-31,0.0
2009-01-01,0.0
2009-01-02,2.3305272459983826
2009-01-03,2.7693007588386536
2009-01-04,9.228262424468994
2009-01-05,3.774751603603363
2009-01-06,33.68914461135864
2009-01-07,25.82063388824463
2009-01-08,4.548001925286371e-05
2009-01-09,0.0
2009-01-10,1.8439498543739319
2009-01-11,9.34777045249939
2009-01-12,0.0
2009-01-13,0.19908739998936653
2009-01-14,0.004113352915737778
2009-01-15,0.0
2009-01-16,0.0
2009-01-17,0.19111532717943192
2009-01-18,2.7709112763404846
2009-01-19,0.2564443536102772
2009-01-20,0.1709362231194973
2009-01-21,0.0
2009-01-22,0.0
2009-01-23,0.0
2009-01-24,16.125990390777588
2009-01-25,0.0
2009-01-26,0.0
2009-01-27,0.0
2009-01-28,0.0
2009-01-29,0.0
2009-01-30,0.0
2009-01-31,0.0
2009-02-01,0.0
2009-02-02,11.034067392349243
2009-02-03,0.5102976486086845
2009-02-04,0.0
2009-02-05,0.0
2009-02-06,0.0
2009-02-07,0.0
2009-02-08,1.637004017829895
2009-02-09,0.0
2009-02-10,0.0
2009-02-11,5.735269546508789
2009-02-12,0.14429956674575806
2009-02-13,0.059917944483458996
2009-02-14,3.089450031518936
2009-02-15,0.0
2009-02-16,0.0
2009-02-17,0.08738736342638731
2009-02-18,16.98148512840271
2009-02-19,3.2401325702667236
2009-02-20,0.0
2009-02-21,0.0
2009-02-22,0.0
2009-02-23,0.0
2009-02-24,0.0
2009-02-25,0.0
2009-02-26,0.2891388088464737
2009-02-27,21.32692527770996
2009-02-28,38.71226501464844
2009-03-01,5.5858853831887245
2009-03-02,0.0
2009-03-03,0.0
2009-03-04,0.0
2009-03-05,0.0
2009-03-06,0.0
2009-03-07,1.0493749869056046e-05
2009-03-08,0.023093039635568857
2009-03-09,0.05733793321996927
2009-03-10,0.0
2009-03-11,0.04621738847345114
2009-03-12,0.18019290640950203
2009-03-13,3.024592697620392
2009-03-14,11.727585315704346
2009-03-15,32.27739238739014
2009-03-16,17.364359378814697
2009-03-17,0.25621338561177254
2009-03-18,0.0030069680651649833
2009-03-19,0.08000984229147434
2009-03-20,0.0
2009-03-21,0.0
2009-03-22,0.0
2009-03-23,0.0
2009-03-24,1.167314052581787
2009-03-25,16.849334955215454
2009-03-26,35.81899833679199
2009-03-27,32.076326847076416
2009-03-28,14.244264841079712
2009-03-29,4.669870615005493
2009-03-30,0.0
2009-03-31,1.0611405074596405
2009-04-01,11.24424695968628
2009-04-02,7.653673768043518
2009-04-03,6.846277236938477
2009-04-04,0.0
2009-04-05,4.903000831604004
2009-04-06,1.319532960653305
2009-04-07,0.7768548727035522
2009-04-08,0.0
2009-04-09,0.0
2009-04-10,9.305394887924194
2009-04-11,12.903807640075684
2009-04-12,0.0
2009-04-13,29.106345176696777
2009-04-14,3.2358887791633606
2009-04-15,0.0
2009-04-16,0.0018828834581654519
2009-04-17,0.0
2009-04-18,0.0
2009-04-19,11.203466176986694
2009-04-20,11.751066207885742
2009-04-21,0.24426750466227531
2009-04-22,0.0
2009-04-23,1.1201533675193787
2009-04-24,0.001608351172762923
2009-04-25,0.005813436095195357
2009-04-26,0.0
2009-04-27,0.0
2009-04-28,0.0
2009-04-29,0.0
2009-04-30,0.0
2009-05-01,4.810184717178345
2009-05-02,11.874739170074463
2009-05-03,19.628029823303223
2009-05-04,61.29348087310791
2009-05-05,7.067789673805237
2009-05-06,9.206960916519165
2009-05-07,23.096158981323242
2009-05-08,1.3330603241920471
2009-05-09,0.6840891391038895
2009-05-10,4.996455430984497
2009-05-11,2.85394424200058
2009-05-12,0.011132350889965892
2009-05-13,1.2498933374881744
2009-05-14,0.1364087164402008
2009-05-15,1.0636285841464996
2009-05-16,12.770585775375366
2009-05-17,11.486199140548706
2009-05-18,0.06810329668223858
2009-05-19,0.0
2009-05-20,0.0
2009-05-21,0.4697461724281311
2009-05-22,0.6323156952857971
2009-05-23,0.624030351638794
2009-05-24,3.2828250527381897
2009-05-25,3.2634668946266174
2009-05-26,0.0
2009-05-27,0.0
2009-05-28,0.0
2009-05-29,0.0
2009-05-30,0.0
2009-05-31,0.0
2009-06-01,0.0
2009-06-02,0.0
2009-06-03,0.07929021120071411
2009-06-04,7.40460467338562
2009-06-05,5.864799737930298
2009-06-06,0.16417216882109642
2009-06-07,0.004591914708726108
2009-06-08,0.36853618919849396
2009-06-09,0.02934648795053363
2009-06-10,3.777352750301361
2009-06-11,15.591843366622925
2009-06-12,4.925100088119507
2009-06-13,1.2301488816738129
2009-06-14,1.006516933441162
2009-06-15,1.4860616326332092
2009-06-16,0.9959715455770493
2009-06-17,0.3387690484523773
2009-06-18,5.169075608253479
2009-06-19,0.0006300827881204896
2009-06-20,0.0
2009-06-21,0.037044866010546684
2009-06-22,0.9798267334699631
2009-06-23,0.004526008618995547
2009-06-24,0.0005758780389442109
2009-06-25,0.0
2009-06-26,0.0
2009-06-27,0.13658310286700726
2009-06-28,6.183951735496521
2009-06-29,2.2349501848220825
2009-06-30,0.0
2009-07-01,0.05996574368327856
2009-07-02,0.0
2009-07-03,0.0
2009-07-04,0.0
2009-07-05,6.735064268112183
2009-07-06,10.117430448532104
2009-07-07,0.7913628220558167
2009-07-08,1.4359623044729233
2009-07-09,1.7994922399520874
2009-07-10,0.20870815217494965
2009-07-11,0.13436319306492805
2009-07-12,1.7639958560466766
2009-07-13,24.688533306121826
2009-07-14,0.45324038714170456
2009-07-15,5.299214005470276
2009-07-16,1.1159018874168396
2009-07-17,3.270232856273651
2009-07-18,0.0
2009-07-19,0.0
2009-07-20,0.0
2009-07-21,0.0
2009-07-22,1.5231804251670837
2009-07-23,1.2469617575407028
2009-07-24,0.0016255948867183179
2009-07-25,0.0
2009-07-26,0.0
2009-07-27,0.10806318372488022
2009-07-28,5.335011959075928
2009-07-29,1.7574243247509003
2009-07-30,3.729072391986847
2009-07-31,17.8539080619812
2009-08-01,0.34385181963443756
2009-08-02,8.48441469669342
2009-08-03,0.23621321097016335
2009-08-04,1.889112800359726
2009-08-05,8.193152904510498
2009-08-06,0.03457580227404833
2009-08-07,0.0010455581796122715
2009-08-08,0.0015548461233265698
2009-08-09,0.0843525230884552
2009-08-10,0.5373983904719353
2009-08-11,0.02646914077922702
2009-08-12,1.6966195702552795
2009-08-13,0.12287873588502407
2009-08-14,0.026019908487796783
2009-08-15,0.0347931319847703
2009-08-16,0.3311830088496208
2009-08-17,1.3808256536722183
2009-08-18,1.0514523535966873
2009-08-19,1.0285334289073944
2009-08-20,3.350444257259369
2009-08-21,10.134495735168457
2009-08-22,29.96475076675415
2009-08-23,0.8732186108827591
2009-08-24,0.6798230856657028
2009-08-25,0.011262309737503529
2009-08-26,0.5836703181266785
2009-08-27,4.244933068752289
2009-08-28,27.716679573059082
2009-08-29,2.051423341035843
2009-08-30,7.683099389076233
2009-08-31,5.337167382240295
2009-09-01,0.7360527366399765
2009-09-02,0.5188499167561531
2009-09-03,0.6795569062232971
2009-09-04,0.14108316414058208
2009-09-05,0.5931524187326431
2009-09-06,2.2025637924671173
2009-09-07,0.23465639725327492
2009-09-08,0.07348200678825378
2009-09-09,5.903694033622742
2009-09-10,0.9132464230060577
2009-09-11,1.6933118402957916
2009-09-12,0.1702693197876215
2009-09-13,0.4973732903599739
2009-09-14,1.6851650774478912
2009-09-15,2.790029764175415
2009-09-16,5.996670961380005
2009-09-17,11.385140180587769
2009-09-18,22.473330974578857
2009-09-19,9.542505025863647
2009-09-20,18.339402675628662
2009-09-21,33.27109384536743
2009-09-22,45.38250923156738
2009-09-23,0.04846062511205673
2009-09-24,0.41069334000349045
2009-09-25,1.2037084996700287
2009-09-26,32.272878646850586
2009-09-27,3.3390831351280212
2009-09-28,0.7546620815992355
2009-09-29,0.0
2009-09-30,0.0
2009-10-01,0.0
2009-10-02,1.7081149518489838
2009-10-03,0.0
2009-10-04,0.19610057771205902
2009-10-05,33.58691120147705
2009-10-06,1.0154540240764618
2009-10-07,16.027525663375854
2009-10-08,0.0032510163728147745
2009-10-09,2.1464037001132965
2009-10-10,6.659499168395996
2009-10-11,0.004363959829788655
2009-10-12,42.84019756317139
2009-10-13,0.14095427840948105
2009-10-14,47.12512969970703
2009-10-15,2.61867094039917
2009-10-16,0.0
2009-10-17,0.0
2009-10-18,0.0
2009-10-19,0.0
2009-10-20,0.0
2009-10-21,0.0
2009-10-22,0.010056920349597931
2009-10-23,8.804046154022217
2009-10-24,0.35027986764907837
2009-10-25,0.0
2009-10-26,0.001975675782887265
2009-10-27,32.87925720214844
2009-10-28,2.407028079032898
2009-10-29,0.3002035617828369
2009-10-30,0.5427864044904709
2009-10-31,15.903451442718506
2009-11-01,3.1504600644111633
2009-11-02,0.0057018803781829774
2009-11-03,0.0
2009-11-04,0.0
2009-11-05,0.0028293044306337833
2009-11-06,0.0
2009-11-07,0.0
2009-11-08,0.0
2009-11-09,0.0064410342602059245
2009-11-10,42.44787406921387
2009-11-11,33.97718811035156
2009-11-12,0.0025790876243263483
2009-11-13,0.0
2009-11-14,0.0
2009-11-15,0.0
2009-11-16,0.0
2009-11-17,0.7978695780038834
2009-11-18,1.0284232646226883
2009-11-19,0.0
2009-11-20,0.0
2009-11-21,0.0
2009-11-22,16.52495002746582
2009-11-23,0.6271500438451767
2009-11-24,0.7589358389377594
2009-11-25,0.1727685108780861
2009-11-26,0.028580443933606148
2009-11-27,0.0
2009-11-28,0.0
2009-11-29,0.0
2009-11-30,2.867167592048645
2009-12-01,0.005160113098099828
2009-12-02,51.433692932128906
2009-12-03,0.6157045662403107
2009-12-04,0.0
2009-12-05,3.2997880578041077
2009-12-06,0.0
2009-12-07,0.03211298584938049
2009-12-08,8.980537176132202
2009-12-09,37.02645683288574
2009-12-10,0.0
2009-12-11,0.0
2009-12-12,0.3347899913787842
2009-12-13,14.248294830322266
2009-12-14,2.365702509880066
2009-12-15,5.366066932678223
2009-12-16,0.0
2009-12-17,0.0
2009-12-18,54.231656074523926
2009-12-19,2.049121707677841
2009-12-20,0.31433308124542236
2009-12-21,0.0
2009-12-22,0.0
2009-12-23,0.0
2009-12-24,3.173209071159363
2009-12-25,21.093358039855957
2009-12-26,0.0
2009-12-27,0.005007399362511933
2009-12-28,0.008061121450737119
2009-12-29,0.0
2009-12-30,0.3236133083701134
2009-12-31,10.604832410812378
2010-01-01,0.0
2010-01-02,0.0
2010-01-03,0.0
2010-01-04,0.0
2010-01-05,0.0
2010-01-06,0.0
2010-01-07,0.051633045077323914
2010-01-08,0.013857799582183361
2010-01-09,0.0
2010-01-10,1.9517239707056433e-05
2010-01-11,0.0
2010-01-12,0.0
2010-01-13,0.0
2010-01-14,0.0
2010-01-15,0.0
2010-01-16,5.673817992210388
2010-01-17,29.987140655517578
2010-01-18,0.01620069914497435
2010-01-19,0.006086105247959495
2010-01-20,1.818721890449524
2010-01-21,30.771575927734375
2010-01-22,1.1816338002681732
2010-01-23,0.05537914205342531
2010-01-24,47.537166595458984
2010-01-25,6.287469029426575
2010-01-26,0.0009787310409592465
2010-01-27,0.0
2010-01-28,0.0
2010-01-29,3.1240373849868774
2010-01-30,12.267896175384521
2010-01-31,0.15739598125219345
2010-02-01,0.0
2010-02-02,7.940226078033447
2010-02-03,0.0
2010-02-04,6.602797627449036
2010-02-05,43.53546619415283
2010-02-06,1.716554880142212
2010-02-07,0.007931830710731447
2010-02-08,0.0
2010-02-09,13.205762386322021
2010-02-10,0.07209447585046291
2010-02-11,0.0
2010-02-12,9.368669748306274
2010-02-13,2.0800980627536774
2010-02-14,0.12814779952168465
2010-02-15,8.863253116607666
2010-02-16,0.0
2010-02-17,0.0
2010-02-18,0.0
2010-02-19,0.0
2010-02-20,0.0
2010-02-21,0.0
2010-02-22,15.05612063407898
2010-02-23,0.1913779005408287
2010-02-24,0.12551998533308506
2010-02-25,7.775903759466019e-05
2010-02-26,0.0
2010-02-27,0.0
2010-02-28,0.0
2010-03-01,0.0005849695880897343
2010-03-02,31.18064308166504
2010-03-03,0.36030372232198715
2010-03-04,0.03172107459977269
2010-03-05,0.0
2010-03-06,0.0
2010-03-07,0.0
2010-03-08,0.0
2010-03-09,0.6365903466939926
2010-03-10,32.80784845352173
2010-03-11,7.065022587776184
2010-03-12,29.774959087371826
2010-03-13,5.41048264503479
2010-03-14,4.4929728507995605
2010-03-15,1.6472474336624146
2010-03-16,0.0
2010-03-17,2.3560210466384888
2010-03-18,0.4627981223165989
2010-03-19,0.0
2010-03-20,0.002969732624478638
2010-03-21,9.34131407737732
2010-03-22,6.3289196491241455
2010-03-23,0.12683007679879665
2010-03-24,0.0
2010-03-25,3.67318332195282
2010-03-26,0.0
2010-03-27,0.0
2010-03-28,0.0
2010-03-29,0.0
2010-03-30,0.0
2010-03-31,0.0
2010-04-01,0.0
2010-04-02,0.0
2010-04-03,0.0
2010-04-04,0.0
2010-04-05,0.0
2010-04-06,0.0
2010-04-07,0.0
2010-04-08,23.73563528060913
2010-04-09,0.032044168561697006
2010-04-10,0.0
2010-04-11,0.026274226838722825
2010-04-12,0.026274226838722825
2010-04-13,0.026274226838722825
2010-04-14,0.038191260071471334
2010-04-15,0.026274226838722825
2010-04-16,0.0
2010-04-17,0.03090379759669304
2010-04-18,0.0
2010-04-19,0.0
2010-04-20,1.6132771968841553
2010-04-21,0.024321055505424738
2010-04-22,0.0
2010-04-23,0.0
2010-04-24,35.552247047424316
2010-04-25,29.748723030090332
2010-04-26,0.0
2010-04-27,0.0
2010-04-28,0.0
2010-04-29,0.0
2010-04-30,0.0
2010-05-01,2.372909188270569
2010-05-02,0.28293249011039734
2010-05-03,40.716379165649414
2010-05-04,0.0011440797097748145
2010-05-05,0.0
2010-05-06,0.001542328711366281
2010-05-07,0.0
2010-05-08,0.06598394457250834
2010-05-09,0.0
2010-05-10,2.535475432872772
2010-05-11,0.40994298458099365
2010-05-12,0.22949283570051193
2010-05-13,0.0440365020185709
2010-05-14,0.04095001146197319
2010-05-15,1.2348114848136902
2010-05-16,7.211085200309753
2010-05-17,7.239332675933838
2010-05-18,0.2654809132218361
2010-05-19,0.0
2010-05-20,0.0
2010-05-21,28.513240337371826
2010-05-22,5.698494791984558
2010-05-23,0.273954838514328
2010-05-24,2.6004751324653625
2010-05-25,1.041501134634018
2010-05-26,0.8148320019245148
2010-05-27,0.016253028297796845
2010-05-28,0.7206169217824936
2010-05-29,4.0337066650390625
2010-05-30,9.360249042510986
2010-05-31,13.045936822891235
2010-06-01,2.1657378375530243
2010-06-02,4.413638710975647
2010-06-03,5.753566384315491
2010-06-04,5.295080542564392
2010-06-05,1.1326873451471329
2010-06-06,5.387489557266235
2010-06-07,0.9328689873218536
2010-06-08,0.8281399458646774
2010-06-09,2.983242392539978
2010-06-10,12.231297969818115
2010-06-11,1.4603957533836365
2010-06-12,0.3249567449092865
2010-06-13,2.119313955307007
2010-06-14,0.4492867812514305
2010-06-15,0.15188322588801384
2010-06-16,14.410680294036865
2010-06-17,0.672611728310585
2010-06-18,0.0
2010-06-19,1.0468667894601822
2010-06-20,0.24393683671951294
2010-06-21,0.0
2010-06-22,0.06193016283214092
2010-06-23,0.3671320788562298
2010-06-24,0.0011096100934082642
2010-06-25,8.153052687644958
2010-06-26,2.1321300491690636
2010-06-27,0.677271842956543
2010-06-28,0.15466130338609219
2010-06-29,0.7548102587461472
2010-06-30,0.2912930101156235
2010-07-01,0.0
2010-07-02,0.0
2010-07-03,0.0
2010-07-04,0.0
2010-07-05,0.0
2010-07-06,0.0
2010-07-07,0.0
2010-07-08,0.0
2010-07-09,4.8538161516189575
2010-07-10,2.663348436355591
2010-07-11,0.0
2010-07-12,2.2074283957481384
2010-07-13,9.385313272476196
2010-07-14,0.2408830150961876
2010-07-15,0.0033172831463161856
2010-07-16,0.7047169953584671
2010-07-17,14.380708456039429
2010-07-18,11.23512578010559
2010-07-19,2.088081657886505
2010-07-20,0.5550545677542686
2010-07-21,6.045235872268677
2010-07-22,4.245268762111664
2010-07-23,0.0
2010-07-24,10.31023383140564
2010-07-25,1.9874345064163208
2010-07-26,8.076780915260315
2010-07-27,19.216792583465576
2010-07-28,5.0112375020980835
2010-07-29,0.3766937032341957
2010-07-30,0.1043228954076767
2010-07-31,0.25044963136315346
2010-08-01,1.7790852785110474
2010-08-02,0.8615070581436157
2010-08-03,1.3374298512935638
2010-08-04,1.1932614296674728
2010-08-05,2.9979082345962524
2010-08-06,27.31563377380371
2010-08-07,0.09787273686379194
2010-08-08,0.05584942828863859
2010-08-09,0.03310434566810727
2010-08-10,0.028389907907694578
2010-08-11,0.025891229510307312
2010-08-12,0.0777522437274456
2010-08-13,3.391006350517273
2010-08-14,4.9471858739852905
2010-08-15,0.5973264425992966
2010-08-16,3.7776204347610474
2010-08-17,8.583255171775818
2010-08-18,0.7040295749902725
2010-08-19,3.781440496444702
2010-08-20,12.370299100875854
2010-08-21,1.9481714963912964
2010-08-22,13.47342824935913
2010-08-23,0.0
2010-08-24,0.0010381747415522113
2010-08-25,1.397779032588005
2010-08-26,0.8262492716312408
2010-08-27,2.0174794495105743
2010-08-28,0.5493312925100327
2010-08-29,0.3888259753584862
2010-08-30,0.2506152093410492
2010-08-31,0.0
2010-09-01,0.28982285410165787
2010-09-02,0.28982285410165787
2010-09-03,0.28982285410165787
2010-09-04,0.28982285410165787
2010-09-05,0.28982285410165787
2010-09-06,0.0
2010-09-07,0.0
2010-09-08,1.561107486486435
2010-09-09,0.0
2010-09-10,0.0024009463377296925
2010-09-11,0.14327416196465492
2010-09-12,1.1379055082798004
2010-09-13,0.0
2010-09-14,0.0
2010-09-15,0.0
2010-09-16,0.13381071388721466
2010-09-17,1.787678301334381
2010-09-18,0.0
2010-09-19,0.007125425152480602
2010-09-20,0.0
2010-09-21,0.03491974377539009
2010-09-22,1.095696359872818
2010-09-23,0.3926989883184433
2010-09-24,0.0
2010-09-25,1.1741721332073212
2010-09-26,9.15522813796997
2010-09-27,21.53712511062622
2010-09-28,0.02799466298893094
2010-09-29,0.27156516164541245
2010-09-30,5.328299880027771
2010-10-01,0.05631917528808117
2010-10-02,0.05631917528808117
2010-10-03,0.39008592814207077
2010-10-04,0.05631917528808117
2010-10-05,0.05631917528808117
2010-10-06,0.3070714995265007
2010-10-07,0.3070714995265007
2010-10-08,0.3070714995265007
2010-10-09,0.3070714995265007
2010-10-10,0.3070714995265007
2010-10-11,0.0
2010-10-12,0.9566517323255539
2010-10-13,2.3394776582717896
2010-10-14,0.07248321734368801
2010-10-15,0.0
2010-10-16,0.0
2010-10-17,0.0
2010-10-18,0.0
2010-10-19,0.0
2010-10-20,0.35718730092048645
2010-10-21,0.0
2010-10-22,0.0
2010-10-23,0.0
2010-10-24,0.0002518821675039362
2010-10-25,15.103270053863525
2010-10-26,5.882827520370483
2010-10-27,35.59884262084961
2010-10-28,9.07534670829773
2010-10-29,0.0
2010-10-30,0.0
2010-10-31,0.0
2010-11-01,0.0
2010-11-02,0.007983076153323054
2010-11-03,1.9677279889583588
2010-11-04,1.47252157330513
2010-11-05,0.3874421790242195
2010-11-06,1.33060884475708
2010-11-07,0.0
2010-11-08,0.0
2010-11-09,0.0
2010-11-10,0.0
2010-11-11,0.0
2010-11-12,0.0
2010-11-13,0.0
2010-11-14,0.06437547039240599
2010-11-15,15.50617003440857
2010-11-16,17.213579654693604
2010-11-17,0.16360335052013397
2010-11-18,0.2062820978462696
2010-11-19,0.0
2010-11-20,0.0
2010-11-21,0.0050981898966711015
2010-11-22,0.02398736821487546
2010-11-23,1.2667718604207039
2010-11-24,0.015521621098741889
2010-11-25,0.03845989587716758
2010-11-26,8.721472263336182
2010-11-27,0.0
2010-11-28,0.0
2010-11-29,1.8060271739959717
2010-11-30,22.7038516998291
2010-12-01,0.35098451375961304
2010-12-02,0.0
2010-12-03,0.0
2010-12-04,0.03896662965416908
2010-12-05,0.01713237725198269
2010-12-06,2.207473248243332
2010-12-07,2.207473248243332
2010-12-08,2.207473248243332
2010-12-09,2.207473248243332
2010-12-10,2.207473248243332
2010-12-11,0.27699432522058487
2010-12-12,42.999335289001465
2010-12-13,0.5256325975060463
2010-12-14,0.0001885556339402683
2010-12-15,3.8229384422302246
2010-12-16,0.0
2010-12-17,0.0
2010-12-18,0.0
2010-12-19,0.0
2010-12-20,0.0
2010-12-21,0.0
2010-12-22,0.0
2010-12-23,0.0
2010-12-24,0.0
2010-12-25,0.0
2010-12-26,3.5685248970985413
2010-12-27,0.14269367419183254
2010-12-28,0.0
2010-12-29,0.0
2010-12-30,7.119210183620453
2010-12-31,0.04035106906667352
2011-01-01,45.48355484008789
2011-01-02,9.031654357910156
2011-01-03,0.0
2011-01-04,0.0
2011-01-05,9.424209117889404
2011-01-06,1.634081780910492
2011-01-07,0.3418742045760155
2011-01-08,0.22874901071190834
2011-01-09,0.028758051805198193
2011-01-10,18.684670448303223
2011-01-11,0.0
2011-01-12,0.0
2011-01-13,0.0
2011-01-14,0.0
2011-01-15,0.0
2011-01-16,0.0
2011-01-17,0.012939464941155165
2011-01-18,7.17068088054657
2011-01-19,4.252174556255341
2011-01-20,2.049095779657364
2011-01-21,0.003427166026085615
2011-01-22,3.391248174011707e-05
2011-01-23,0.0
2011-01-24,0.0
2011-01-25,0.02685280703008175
2011-01-26,0.0
2011-01-27,0.0
2011-01-28,0.0
2011-01-29,0.0
2011-01-30,0.0
2011-01-31,0.0
2011-02-01,6.457828640937805
2011-02-02,17.116724729537964
2011-02-03,2.8263072967529297
2011-02-04,39.97245979309082
2011-02-05,4.940797328948975
2011-02-06,0.0
2011-02-07,3.1677193641662598
2011-02-08,1.3698757588863373
2011-02-09,0.0
2011-02-10,4.869275093078613
2011-02-11,0.0
2011-02-12,0.0
2011-02-13,0.0
2011-02-14,0.0
2011-02-15,0.0
2011-02-16,0.0
2011-02-17,0.0
2011-02-18,0.0
2011-02-19,0.0
2011-02-20,0.0
2011-02-21,0.01605469244532287
2011-02-22,0.18900348991155624
2011-02-23,0.0
2011-02-24,0.0071513052098453045
2011-02-25,2.3681626319885254
2011-02-26,0.0
2011-02-27,0.023521730210632086
2011-02-28,5.487276673316956
2011-03-01,5.560716509819031
2011-03-02,0.0
2011-03-03,0.0
2011-03-04,0.10334316082298756
2011-03-05,24.519117832183838
2011-03-06,44.58742332458496
2011-03-07,0.0
2011-03-08,0.0
2011-03-09,55.54628562927246
2011-03-10,12.43636703491211
2011-03-11,0.005100940237753093
2011-03-12,0.0
2011-03-13,0.004514393163844943
2011-03-14,0.05899334419518709
2011-03-15,18.103907346725464
2011-03-16,0.0
2011-03-17,0.0
2011-03-18,0.0
2011-03-19,0.0
2011-03-20,0.0
2011-03-21,0.003976004722062498
2011-03-22,0.0
2011-03-23,0.06685864785686135
2011-03-24,0.19268431514501572
2011-03-25,0.0006484679761342704
2011-03-26,20.035866260528564
2011-03-27,29.196741580963135
2011-03-28,10.19300651550293
2011-03-29,0.02843660768121481
2011-03-30,26.9309401512146
2011-03-31,0.8767285048961639
2011-04-01,1.4496516287326813
2011-04-02,0.0
2011-04-03,0.0
2011-04-04,0.15727287530899048
2011-04-05,28.738243103027344
2011-04-06,0.0
2011-04-07,0.0
2011-04-08,0.0
2011-04-09,0.0
2011-04-10,0.0
2011-04-11,0.007614079630002379
2011-04-12,9.817627668380737
2011-04-13,0.0
2011-04-14,0.0
2011-04-15,9.786295175552368
2011-04-16,25.8036789894104
2011-04-17,0.0
2011-04-18,0.0
2011-04-19,0.0
2011-04-20,5.465392351150513
2011-04-21,20.015997886657715
2011-04-22,0.9728961735963821
2011-04-23,0.1482839398086071
2011-04-24,0.0
2011-04-25,4.281344532966614
2011-04-26,1.284192830324173
2011-04-27,0.6913658529520035
2011-04-28,24.06999921798706
2011-04-29,0.0
2011-04-30,0.0
2011-05-01,0.02528205420821905
2011-05-02,0.06500839814543724
2011-05-03,3.5552806854248047
2011-05-04,1.3349859714508057
2011-05-05,0.0
2011-05-06,0.0
2011-05-07,0.0
2011-05-08,0.0
2011-05-09,0.0
2011-05-10,0.0
2011-05-11,0.0
2011-05-12,0.000622235813352745
2011-05-13,1.5115479305386543
2011-05-14,1.466215182095766
2011-05-15,0.05276815593242645
2011-05-16,2.0296675860881805
2011-05-17,0.03176055662333965
2011-05-18,0.005656784167513251
2011-05-19,0.0
2011-05-20,0.0
2011-05-21,0.0
2011-05-22,0.5247598364949226
2011-05-23,0.023127536289393902
2011-05-24,0.0
2011-05-25,0.0
2011-05-26,7.838350057601929
2011-05-27,8.75063681602478
2011-05-28,0.003231309703551233
2011-05-29,0.0
2011-05-30,0.06610666122287512
2011-05-31,0.016201168298721313
2011-06-01,0.18299055099487305
2011-06-02,0.043920356780290604
2011-06-03,0.17525480315089226
2011-06-04,0.00019476005763863213
2011-06-05,0.03732093749567866
2011-06-06,1.5711616277694702
2011-06-07,0.11128421872854233
2011-06-08,0.04883261304348707
2011-06-09,0.11268931813538074
2011-06-10,2.4877781867980957
2011-06-11,0.13252930343151093
2011-06-12,1.6504943370819092
2011-06-13,0.27941641211509705
2011-06-14,0.0
2011-06-15,20.12083625793457
2011-06-16,4.291390001773834
2011-06-17,11.457057237625122
2011-06-18,11.613561868667603
2011-06-19,2.7387613654136658
2011-06-20,0.0025612531462684274
2011-06-21,2.570184290409088
2011-06-22,26.178048610687256
2011-06-23,17.588175296783447
2011-06-24,5.221864342689514
2011-06-25,4.0335089564323425
2011-06-26,1.6535395383834839
2011-06-27,1.4669579863548279
2011-06-28,4.43273800611496
2011-06-29,4.867582082748413
2011-06-30,0.9979901313781738
2011-07-01,0.0
2011-07-02,0.0
2011-07-03,0.04754502233117819
2011-07-04,28.153544902801514
2011-07-05,8.331169962882996
2011-07-06,7.055290579795837
2011-07-07,0.09196540899574757
2011-07-08,1.8109396696090698
2011-07-09,0.84713514149189
2011-07-10,0.26873502507805824
2011-07-11,0.28803762793540955
2011-07-12,0.1443889234215021
2011-07-13,3.262264370918274
2011-07-14,3.317340075969696
2011-07-15,9.252302646636963
2011-07-16,2.4791324734687805
2011-07-17,0.0
2011-07-18,0.014862392330542207
2011-07-19,0.408613458275795
2011-07-20,6.187720537185669
2011-07-21,12.575017929077148
2011-07-22,1.3161843121051788
2011-07-23,0.7032616585493088
2011-07-24,2.4567099809646606
2011-07-25,17.351519346237183
2011-07-26,7.837835311889648
2011-07-27,0.31882530450820923
2011-07-28,3.7285580039024353
2011-07-29,2.27600234746933
2011-07-30,2.8488162755966187
2011-07-31,8.176138281822205
2011-08-01,3.5527427792549133
2011-08-02,2.123981088399887
2011-08-03,0.0
2011-08-04,29.335116386413574
2011-08-05,0.39631783217191696
2011-08-06,0.957013227045536
2011-08-07,0.4197712540626526
2011-08-08,1.0779641941189766
2011-08-09,1.4878518283367157
2011-08-10,9.062931894732174e-05
2011-08-11,0.21551111340522766
2011-08-12,0.15257899835705757
2011-08-13,0.4670603424310684
2011-08-14,3.328494906425476
2011-08-15,0.0
2011-08-16,0.0
2011-08-17,0.0
2011-08-18,0.0
2011-08-19,0.0
2011-08-20,0.0
2011-08-21,0.0
2011-08-22,0.0
2011-08-23,0.0
2011-08-24,0.0
2011-08-25,0.0
2011-08-26,0.0
2011-08-27,0.0
2011-08-28,0.0
2011-08-29,0.0
2011-08-30,0.02050776151008904
2011-08-31,0.6845915168523788
2011-09-01,0.18274687603116035
2011-09-02,0.012348342686891556
2011-09-03,0.3586425893008709
2011-09-04,2.136806070804596
2011-09-05,37.51098394393921
2011-09-06,13.835267305374146
2011-09-07,1.3038462102413177
2011-09-08,0.04265702702105045
2011-09-09,0.06367347203195095
2011-09-10,0.0
2011-09-11,0.20787703059613705
2011-09-12,0.16143427416682243
2011-09-13,0.0009955224231816828
2011-09-14,0.0
2011-09-15,3.6241594552993774
2011-09-16,0.05043681338429451
2011-09-17,0.04962480720132589
2011-09-18,0.0
2011-09-19,1.3855010271072388
2011-09-20,7.464255928993225
2011-09-21,8.706867694854736
2011-09-22,13.560232162475586
2011-09-23,25.518925666809082
2011-09-24,0.0
2011-09-25,0.01531708100810647
2011-09-26,3.362095355987549
2011-09-27,1.5058618634939194
2011-09-28,4.758016407489777
2011-09-29,0.019541822373867035
2011-09-30,0.007806456298567355
2011-10-01,0.13752134889364243
2011-10-02,0.13752134889364243
2011-10-03,0.13752134889364243
2011-10-04,0.13752134889364243
2011-10-05,0.13752134889364243
2011-10-06,0.0
2011-10-07,0.0
2011-10-08,0.0
2011-10-09,0.016369878547266126
2011-10-10,3.8852500915527344
2011-10-11,13.060846328735352
2011-10-12,2.18644842505455
2011-10-13,2.4556732177734375
2011-10-14,0.018540688091889024
2011-10-15,0.0
2011-10-16,0.0
2011-10-17,0.0
2011-10-18,0.0
2011-10-19,0.0
2011-10-20,0.0
2011-10-21,0.0
2011-10-22,0.0
2011-10-23,0.0
2011-10-24,1.2102524936199188
2011-10-25,0.0
2011-10-26,0.0
2011-10-27,0.014470491092652082
2011-10-28,1.8429588079452515
2011-10-29,1.7261278629302979
2011-10-30,0.0
2011-10-31,0.0
2011-11-01,0.0
2011-11-02,0.0
2011-11-03,6.023538112640381
2011-11-04,0.13983616791665554
2011-11-05,0.0
2011-11-06,0.0
2011-11-07,0.0
2011-11-08,0.0
2011-11-09,4.324400424957275
2011-11-10,2.000519782304764
2011-11-11,0.0
2011-11-12,0.0
2011-11-13,0.0
2011-11-14,0.8489918261766434
2011-11-15,7.109718203544617
2011-11-16,25.01358985900879
2011-11-17,0.38765885680913925
2011-11-18,0.0
2011-11-19,0.018191481474786997
2011-11-20,0.8388720154762268
2011-11-21,3.5588146448135376
2011-11-22,12.686203002929688
2011-11-23,10.91997241973877
2011-11-24,0.0
2011-11-25,0.0
2011-11-26,0.039967168122529984
2011-11-27,3.961761713027954
2011-11-28,9.794639825820923
2011-11-29,0.5787430629134178
2011-11-30,0.009200444095768034
2011-12-01,0.0
2011-12-02,0.0
2011-12-03,0.0
2011-12-04,0.0019468365935608745
2011-12-05,0.04419313743710518
2011-12-06,17.46579670906067
2011-12-07,16.157552242279053
2011-12-08,0.010922834044322371
2011-12-09,0.0
2011-12-10,0.0
2011-12-11,0.0
2011-12-12,0.13134481757879257
2011-12-13,1.0649137794971466
2011-12-14,0.0
2011-12-15,0.07744326442480087
2011-12-16,0.0
2011-12-17,0.0
2011-12-18,0.0
2011-12-19,0.0
2011-12-20,0.0
2011-12-21,7.932212710380554
2011-12-22,19.53407573699951
2011-12-23,7.511331796646118
2011-12-24,0.0
2011-12-25,4.373760461807251
2011-12-26,0.001489773771027103
2011-12-27,28.399136066436768
2011-12-28,0.28347527608275414
2011-12-29,0.0
2011-12-30,0.03999308031052351
2011-12-31,0.018199943704530597
2012-01-01,0.0
2012-01-02,0.0
2012-01-03,0.0
2012-01-04,0.0
2012-01-05,0.0
2012-01-06,0.0
2012-01-07,4.100613057613373
2012-01-08,15.42545747756958
2012-01-09,5.984728932380676
2012-01-10,10.307172775268555
2012-01-11,10.245617389678955
2012-01-12,0.977971687912941
2012-01-13,0.07453007623553276
2012-01-14,0.0
2012-01-15,0.004165554535575211
2012-01-16,0.17840826883912086
2012-01-17,5.257368803024292
2012-01-18,14.56472659111023
2012-01-19,0.0
2012-01-20,2.055045038461685
2012-01-21,21.645828247070312
2012-01-22,0.5161734595894814
2012-01-23,31.59535312652588
2012-01-24,0.007350886939093471
2012-01-25,0.010731034533819184
2012-01-26,8.957881569862366
2012-01-27,4.760376930236816
2012-01-28,0.0
2012-01-29,0.0
2012-01-30,0.0
2012-01-31,0.0
2012-02-01,9.636825323104858
2012-02-02,1.1150000095367432
2012-02-03,0.0
2012-02-04,2.6388179063796997
2012-02-05,10.473287343978882
2012-02-06,3.093695342540741
2012-02-07,0.0
2012-02-08,0.7056232467293739
2012-02-09,0.0
2012-02-10,1.306230902671814
2012-02-11,0.08228626288473606
2012-02-12,0.0
2012-02-13,0.0
2012-02-14,1.4572263658046722
2012-02-15,0.027435845229774714
2012-02-16,7.079736709594727
2012-02-17,0.0
2012-02-18,2.0815343260765076
2012-02-19,17.989267349243164
2012-02-20,0.0068334933603182435
2012-02-21,0.03125767037272453
2012-02-22,0.01859395019710064
2012-02-23,0.39575356245040894
2012-02-24,0.1635294109582901
2012-02-25,0.0
2012-02-26,0.0
2012-02-27,0.06076894048601389
2012-02-28,3.7063844203948975
2012-02-29,2.6700717955827713
2012-03-01,8.151360273361206
2012-03-02,2.045305550098419
2012-03-03,45.502305030822754
2012-03-04,0.34485314786434174
2012-03-05,0.0
2012-03-06,0.0
2012-03-07,0.11422402039170265
2012-03-08,0.07172514498233795
2012-03-09,38.57700824737549
2012-03-10,0.0
2012-03-11,0.0
2012-03-12,5.000706434249878
2012-03-13,6.765320897102356
2012-03-14,0.21723825857043266
2012-03-15,0.07558821234852076
2012-03-16,9.579165697097778
2012-03-17,0.5154232308268547
2012-03-18,0.6470602750778198
2012-03-19,0.12652860581874847
2012-03-20,0.00756837148219347
2012-03-21,0.05119310040026903
2012-03-22,2.02853062748909
2012-03-23,9.034762620925903
2012-03-24,4.173190712928772
2012-03-25,0.17735936492681503
2012-03-26,0.0
2012-03-27,0.0
2012-03-28,0.0
2012-03-29,0.0
2012-03-30,0.0
2012-03-31,0.0
2012-04-01,0.06701108627021313
2012-04-02,0.14915946684777737
2012-04-03,0.8154307752847672
2012-04-04,1.9251647889614105
2012-04-05,1.0073146969079971
2012-04-06,0.0
2012-04-07,0.0
2012-04-08,0.0
2012-04-09,0.0
2012-04-10,0.0
2012-04-11,0.35600005462765694
2012-04-12,0.006931459065526724
2012-04-13,0.006931459065526724
2012-04-14,0.006931459065526724
2012-04-15,0.04987129365326837
2012-04-16,0.08376719895750284
2012-04-17,6.649287939071655
2012-04-18,4.641124397516251
2012-04-19,0.03849522490054369
2012-04-20,0.35275769978761673
2012-04-21,10.4247727394104
2012-04-22,0.17202147841453552
2012-04-23,0.01967408647760749
2012-04-24,0.0003804289735853672
2012-04-25,0.20417983829975128
2012-04-26,2.4439303278923035
2012-04-27,7.181812882423401
2012-04-28,0.8995532542467117
2012-04-29,0.0
2012-04-30,0.14877046458423138
2012-05-01,2.095669001340866
2012-05-02,0.0
2012-05-03,6.516941428184509
2012-05-04,5.797019600868225
2012-05-05,0.9011780470609665
2012-05-06,0.0650235740467906
2012-05-07,6.726676940917969
2012-05-08,4.649670720100403
2012-05-09,5.378863453865051
2012-05-10,0.0
2012-05-11,0.0
2012-05-12,0.696700394153595
2012-05-13,30.917059421539307
2012-05-14,16.32457208633423
2012-05-15,0.3945940062403679
2012-05-16,0.0
2012-05-17,0.3780711144208908
2012-05-18,4.574576318264008
2012-05-19,1.7754585891962051
2012-05-20,0.45034579560160637
2012-05-21,0.3664124198257923
2012-05-22,1.1192987188696861
2012-05-23,0.05730669852346182
2012-05-24,0.0
2012-05-25,0.0
2012-05-26,0.0019180473173037171
2012-05-27,0.003516863100230694
2012-05-28,0.013502172194421291
2012-05-29,0.2619020342826843
2012-05-30,0.14598309993743896
2012-05-31,0.9742024540901184
2012-06-01,7.871006488800049
2012-06-02,0.0
2012-06-03,0.08746260590851307
2012-06-04,13.449647903442383
2012-06-05,1.9291726350784302
2012-06-06,0.16957081481814384
2012-06-07,0.994906097650528
2012-06-08,0.18172134831547737
2012-06-09,0.0
2012-06-10,9.074376940727234
2012-06-11,6.650924444198608
2012-06-12,2.133797347545624
2012-06-13,0.02109767566435039
2012-06-14,0.1656018104404211
2012-06-15,0.006754409405402839
2012-06-16,0.27104368805885315
2012-06-17,0.0
2012-06-18,0.0
2012-06-19,0.0
2012-06-20,0.4275188222527504
2012-06-21,0.0938736591488123
2012-06-22,0.6705979853868484
2012-06-23,0.004776440211571753
2012-06-24,0.25464223325252533
2012-06-25,0.011801190092228353
2012-06-26,0.0
2012-06-27,0.0
2012-06-28,0.0
2012-06-29,0.0
2012-06-30,0.0
2012-07-01,3.2386364340782166
2012-07-02,4.606583952903748
2012-07-03,2.57173091173172
2012-07-04,1.007859855890274
2012-07-05,1.1860850006341934
2012-07-06,1.4459034204483032
2012-07-07,0.7195481956005096
2012-07-08,0.6006157398223877
2012-07-09,4.124334394931793
2012-07-10,18.9798846244812
2012-07-11,20.159857273101807
2012-07-12,18.063661098480225
2012-07-13,9.062283515930176
2012-07-14,3.0687931180000305
2012-07-15,3.6972832083702087
2012-07-16,1.0586398392915726
2012-07-17,4.4883511662483215
2012-07-18,3.407793700695038
2012-07-19,0.4493125379085541
2012-07-20,16.2950336933136
2012-07-21,21.95791721343994
2012-07-22,0.2870829626917839
2012-07-23,0.028967030346393585
2012-07-24,0.15058965608477592
2012-07-25,0.2215445302426815
2012-07-26,0.11234151385724545
2012-07-27,1.8244527578353882
2012-07-28,0.050649216398596764
2012-07-29,0.001977677457034588
2012-07-30,0.003973577928263694
2012-07-31,12.682769060134888
2012-08-01,0.42111170291900635
2012-08-02,0.22077977284789085
2012-08-03,2.670956313610077
2012-08-04,10.347603559494019
2012-08-05,0.12163705565035343
2012-08-06,1.604026973247528
2012-08-07,5.363670825958252
2012-08-08,0.28559182956814766
2012-08-09,6.371575236320496
2012-08-10,4.639267027378082
2012-08-11,27.59941577911377
2012-08-12,0.0
2012-08-13,0.011356824892573059
2012-08-14,29.25691795349121
2012-08-15,0.5560115277767181
2012-08-16,0.0014578363043256104
2012-08-17,5.1003923416137695
2012-08-18,0.5074099078774452
2012-08-19,12.228651523590088
2012-08-20,0.0
2012-08-21,0.0
2012-08-22,0.0
2012-08-23,0.0
2012-08-24,0.0
2012-08-25,0.0
2012-08-26,0.028871415182948112
2012-08-27,0.0
2012-08-28,3.9949894547462463
2012-08-29,2.0881836116313934
2012-08-30,1.4694585800170898
2012-08-31,1.0230243355035782
2012-09-01,0.18053234368562698
2012-09-02,0.05644421372562647
2012-09-03,8.978596329689026
2012-09-04,5.474708795547485
2012-09-05,0.32587045431137085
2012-09-06,0.2304406352341175
2012-09-07,0.009319290518760681
2012-09-08,1.6144458055496216
2012-09-09,0.0
2012-09-10,0.0
2012-09-11,0.0
2012-09-12,0.12215564027428627
2012-09-13,2.2115281224250793
2012-09-14,0.015461902832612395
2012-09-15,0.19761055707931519
2012-09-16,1.717407464981079
2012-09-17,13.868522882461548
2012-09-18,34.54723644256592
2012-09-19,0.005406707641668618
2012-09-20,0.001502194965723902
2012-09-21,0.0
2012-09-22,1.3676108717918396
2012-09-23,0.0
2012-09-24,0.0
2012-09-25,0.0
2012-09-26,0.0
2012-09-27,0.0
2012-09-28,0.0700072105973959
2012-09-29,1.8157316744327545
2012-09-30,6.364567160606384
2012-10-01,27.74527072906494
2012-10-02,5.848350763320923
2012-10-03,0.10654148459434509
2012-10-04,0.000527067415532656
2012-10-05,0.0
2012-10-06,0.49819254130125046
2012-10-07,1.9925565719604492
2012-10-08,0.44519611448049545
2012-10-09,0.30113332718610764
2012-10-10,0.09858180396258831
2012-10-11,0.0
2012-10-12,0.21734362840652466
2012-10-13,0.0
2012-10-14,0.13540195673704147
2012-10-15,7.145017385482788
2012-10-16,0.0
2012-10-17,0.0
2012-10-18,1.9716590642929077
2012-10-19,0.0
2012-10-20,0.0
2012-10-21,0.12228295393288136
2012-10-22,0.12228295393288136
2012-10-23,0.12228295393288136
2012-10-24,0.12228295393288136
2012-10-25,0.12228295393288136
2012-10-26,0.07653383165597916
2012-10-27,0.08824292756617069
2012-10-28,1.187607765197754
2012-10-29,0.0008566647302359343
2012-10-30,0.0
2012-10-31,0.0
2012-11-01,0.0
2012-11-02,0.0
2012-11-03,0.0
2012-11-04,3.661588668823242
2012-11-05,0.0
2012-11-06,22.318397045135498
2012-11-07,8.537906527519226
2012-11-08,0.0002197084904764779
2012-11-09,0.0
2012-11-10,0.0
2012-11-11,0.050593688152730465
2012-11-12,15.260228872299194
2012-11-13,0.5481789335608482
2012-11-14,0.3133503198623657
2012-11-15,0.5269596055150032
2012-11-16,0.0933910645544529
2012-11-17,0.0933910645544529
2012-11-18,0.0933910645544529
2012-11-19,0.2199201062321663
2012-11-20,0.356537863612175
2012-11-21,0.0
2012-11-22,0.0
2012-11-23,0.1910310871899128
2012-11-24,0.11341763567179441
2012-11-25,0.0
2012-11-26,0.0
2012-11-27,4.123876452445984
2012-11-28,0.0026365743251517415
2012-11-29,0.0
2012-11-30,0.023845076095312834
2012-12-01,0.0
2012-12-02,0.0
2012-12-03,0.0
2012-12-04,0.0
2012-12-05,0.0
2012-12-06,0.8823089152574539
2012-12-07,0.0073267139960080385
2012-12-08,1.4122015237808228
2012-12-09,0.7711082994937897
2012-12-10,6.694116592407227
2012-12-11,16.015756845474243
2012-12-12,0.18925684690475464
2012-12-13,0.3906903527677059
2012-12-14,0.0
2012-12-15,7.3061827421188354
2012-12-16,13.90659213066101
2012-12-17,12.849279403686523
2012-12-18,0.6303404122591019
2012-12-19,0.0
2012-12-20,15.045143604278564
2012-12-21,0.0
2012-12-22,0.0
2012-12-23,0.1392204910516739
2012-12-24,31.91609001159668
2012-12-25,5.496679425239563
2012-12-26,32.13863658905029
2012-12-27,0.002087967179249972
2012-12-28,0.05477818753570318
2012-12-29,22.536539554595947
2012-12-30,0.023613132070749998
2012-12-31,0.0
2013-01-01,24.910175323486328
2013-01-02,7.641628742218018
2013-01-03,0.0
2013-01-04,0.0
2013-01-05,0.0
2013-01-06,5.339683651924133
2013-01-07,0.0
2013-01-08,0.00165522049064748
2013-01-09,4.971532762050629
2013-01-10,0.12243874929845333
2013-01-11,9.783192157745361
2013-01-12,4.240222990512848
2013-01-13,0.6450871229171753
2013-01-14,32.74297523498535
2013-01-15,35.919891357421875
2013-01-16,4.175262033939362
2013-01-17,10.260669708251953
2013-01-18,1.0995758473873138
2013-01-19,0.0
2013-01-20,0.0
2013-01-21,0.0
2013-01-22,0.0
2013-01-23,0.0
2013-01-24,0.0048110950738191605
2013-01-25,0.017288753762841225
2013-01-26,3.931933581829071
2013-01-27,0.0
2013-01-28,0.7591792047023773
2013-01-29,0.26486729457974434
2013-01-30,71.69903087615967
2013-01-31,5.750690460205078
2013-02-01,0.0004592830082401633
2013-02-02,5.119002163410187
2013-02-03,0.7113037705421448
2013-02-04,0.0
2013-02-05,0.0194910888094455
2013-02-06,0.09444051422178745
2013-02-07,7.741834282875061
2013-02-08,1.9490739405155182
2013-02-09,0.0
2013-02-10,11.873930931091309
2013-02-11,22.404667854309082
2013-02-12,1.514513522386551
2013-02-13,5.077311873435974
2013-02-14,0.0
2013-02-15,0.05772923491895199
2013-02-16,0.0
2013-02-17,0.0
2013-02-18,0.0
2013-02-19,0.0
2013-02-20,0.0
2013-02-21,0.0016163298860192299
2013-02-22,34.957876205444336
2013-02-23,32.18818807601929
2013-02-24,0.0036419364623725414
2013-02-25,0.1721525341272354
2013-02-26,26.66202163696289
2013-02-27,0.005153624078957364
2013-02-28,0.07189556304365396
2013-03-01,0.0
2013-03-02,0.0
2013-03-03,0.0
2013-03-04,0.0
2013-03-05,0.0
2013-03-06,0.27023734152317047
2013-03-07,0.0
2013-03-08,0.0
2013-03-09,0.0
2013-03-10,0.0
2013-03-11,30.83073377609253
2013-03-12,2.9421329498291016
2013-03-13,0.0
2013-03-14,0.0
2013-03-15,0.0
2013-03-16,0.0
2013-03-17,0.07241062168031931
2013-03-18,9.026892900466919
2013-03-19,1.1397776305675507
2013-03-20,0.0
2013-03-21,0.0
2013-03-22,0.3397354260087013
2013-03-23,19.056698322296143
2013-03-24,39.12796592712402
2013-03-25,0.41914448142051697
2013-03-26,0.12666791304945946
2013-03-27,0.0
2013-03-28,0.0
2013-03-29,0.0
2013-03-30,0.5085746124386787
2013-03-31,5.80359423160553
2013-04-01,6.070003390312195
2013-04-02,0.0
2013-04-03,0.6200255751609802
2013-04-04,16.851948022842407
2013-04-05,1.0202753692865372
2013-04-06,0.0
2013-04-07,0.0
2013-04-08,0.0
2013-04-09,0.0
2013-04-10,0.0
2013-04-11,0.8684811294078827
2013-04-12,36.9863862991333
2013-04-13,0.0
2013-04-14,5.334933519363403
2013-04-15,0.39434732496738434
2013-04-16,2.9751238226890564
2013-04-17,1.8003045320510864
2013-04-18,0.07616995088756084
2013-04-19,20.27393341064453
2013-04-20,0.0
2013-04-21,0.0
2013-04-22,0.0
2013-04-23,0.0
2013-04-24,5.150106430053711
2013-04-25,1.2998553812503815
2013-04-26,0.0
2013-04-27,11.488552331924438
2013-04-28,53.24869155883789
2013-04-29,14.773684024810791
2013-04-30,0.05705276969820261
2013-05-01,0.037134465761482716
2013-05-02,0.7492091059684753
2013-05-03,0.0640943767502904
2013-05-04,25.129037857055664
2013-05-05,43.793596267700195
2013-05-06,15.639186143875122
2013-05-07,2.9577966928482056
2013-05-08,0.2984589450061321
2013-05-09,0.05322351399809122
2013-05-10,0.051708109211176634
2013-05-11,2.853145658969879
2013-05-12,0.08040997572243214
2013-05-13,0.0
2013-05-14,0.0
2013-05-15,0.0
2013-05-16,0.09557048045098782
2013-05-17,0.7472655177116394
2013-05-18,45.61769485473633
2013-05-19,24.088246822357178
2013-05-20,0.46032461524009705
2013-05-21,0.22622324526309967
2013-05-22,0.21620256453752518
2013-05-23,0.31124190986156464
2013-05-24,0.00017047741130227223
2013-05-25,0.0
2013-05-26,0.0
2013-05-27,0.0
2013-05-28,0.15340777672827244
2013-05-29,0.5668134093284607
2013-05-30,0.3541267439723015
2013-05-31,0.06204104935750365
2013-06-01,0.49837152659893036
2013-06-02,16.28239154815674
2013-06-03,1.664759874343872
2013-06-04,0.0
2013-06-05,3.158549427986145
2013-06-06,5.5272746086120605
2013-06-07,8.67660403251648
2013-06-08,0.9560518264770508
2013-06-09,8.40327763557434
2013-06-10,8.173063516616821
2013-06-11,5.321632266044617
2013-06-12,11.52703309059143
2013-06-13,2.727764070034027
2013-06-14,5.9573246240615845
2013-06-15,0.027725151740014553
2013-06-16,0.1826670691370964
2013-06-17,27.002198696136475
2013-06-18,25.26246690750122
2013-06-19,0.7668377310037613
2013-06-20,2.8229870200157166
2013-06-21,0.0077967275865375996
2013-06-22,7.816066045052139e-06
2013-06-23,0.2558462377637625
2013-06-24,0.44512492418289185
2013-06-25,0.21948128193616867
2013-06-26,2.9419196248054504
2013-06-27,5.846323728561401
2013-06-28,3.429775059223175
2013-06-29,1.5505849421024323
2013-06-30,9.378611503052525e-05
2013-07-01,4.358976602554321
2013-07-02,3.8980876803398132
2013-07-03,27.705172538757324
2013-07-04,26.52198028564453
2013-07-05,11.158706665039062
2013-07-06,15.333662748336792
2013-07-07,13.04965877532959
2013-07-08,3.8868491649627686
2013-07-09,1.3335869014263153
2013-07-10,4.641147971153259
2013-07-11,6.770226240158081
2013-07-12,0.6314387023448944
2013-07-13,1.0909648090600967
2013-07-14,1.026367798447609
2013-07-15,0.32976631820201874
2013-07-16,0.12957433238625526
2013-07-17,2.167626291513443
2013-07-18,14.565677881240845
2013-07-19,0.6146862953901291
2013-07-20,14.584676742553711
2013-07-21,8.543235421180725
2013-07-22,5.3379164934158325
2013-07-23,5.687423586845398
2013-07-24,0.7209481596946716
2013-07-25,0.08362655900418758
2013-07-26,0.5387964248657227
2013-07-27,0.4129076227545738
2013-07-28,0.29731520265340805
2013-07-29,0.008283664006739855
2013-07-30,0.0
2013-07-31,5.785216510295868
2013-08-01,13.761436462402344
2013-08-02,0.0
2013-08-03,0.35940536111593246
2013-08-04,0.09627785533666611
2013-08-05,0.0
2013-08-06,0.41149739921092987
2013-08-07,7.110435724258423
2013-08-08,5.039970636367798
2013-08-09,2.6613993048667908
2013-08-10,4.88358211517334
2013-08-11,5.162579655647278
2013-08-12,11.55994439125061
2013-08-13,2.925483286380768
2013-08-14,0.4986487850546837
2013-08-15,2.3299072682857513
2013-08-16,0.41590746492147446
2013-08-17,2.045216351747513
2013-08-18,9.200086116790771
2013-08-19,23.40382146835327
2013-08-20,1.2227969467639923
2013-08-21,0.4442809224128723
2013-08-22,1.6196329593658447
2013-08-23,0.08095154166221619
2013-08-24,0.08979025483131409
2013-08-25,0.0
2013-08-26,0.0
2013-08-27,0.11236353777348995
2013-08-28,0.10478765331208706
2013-08-29,0.18045323714613914
2013-08-30,0.6176640167832375
2013-08-31,4.465333044528961
2013-09-01,7.370838522911072
2013-09-02,15.565157175064087
2013-09-03,8.068675518035889
2013-09-04,0.0
2013-09-05,0.0
2013-09-06,0.10263649746775627
2013-09-07,0.006882051704451442
2013-09-08,0.2528167739510536
2013-09-09,0.06584187131375074
2013-09-10,1.162865787744522
2013-09-11,0.5489728301763535
2013-09-12,1.437944233417511
2013-09-13,0.9922997206449509
2013-09-14,0.0
2013-09-15,0.8763584047555923
2013-09-16,0.0
2013-09-17,0.23869799822568893
2013-09-18,0.007395685417577624
2013-09-19,0.6719181835651398
2013-09-20,0.6966097950935364
2013-09-21,18.342095375061035
2013-09-22,0.0
2013-09-23,0.0
2013-09-24,0.709518164396286
2013-09-25,22.678256034851074
2013-09-26,0.23130116239190102
2013-09-27,0.0
2013-09-28,0.0
2013-09-29,0.0
2013-09-30,1.0025452822446823
2013-10-01,0.0796226691454649
2013-10-02,0.03291158750653267
2013-10-03,0.4190842732787132
2013-10-04,0.005682474002242088
2013-10-05,0.0
2013-10-06,1.3710439801216125
2013-10-07,35.66486072540283
2013-10-08,0.0149027353618294
2013-10-09,0.0
2013-10-10,0.08057765662670135
2013-10-11,0.0
2013-10-12,0.0
2013-10-13,0.0
2013-10-14,0.7709027826786041
2013-10-15,1.0104355067014694
2013-10-16,0.0
2013-10-17,0.0
2013-10-18,0.0
2013-10-19,0.0
2013-10-20,0.0
2013-10-21,0.0
2013-10-22,0.8221732825040817
2013-10-23,0.0
2013-10-24,0.0
2013-10-25,0.0
2013-10-26,0.5276316329836845
2013-10-27,2.2429658472537994
2013-10-28,3.831179201602936
2013-10-29,4.289932727813721
2013-10-30,0.0
2013-10-31,2.433599829673767
2013-11-01,9.088313698768616
2013-11-02,0.1386726126074791
2013-11-03,0.0
2013-11-04,0.0
2013-11-05,0.0
2013-11-06,0.47900180518627167
2013-11-07,3.5668309330940247
2013-11-08,0.0
2013-11-09,0.035281009040772915
2013-11-10,0.0
2013-11-11,0.0
2013-11-12,0.007155070663429797
2013-11-13,0.0
2013-11-14,0.0
2013-11-15,3.657759189605713
2013-11-16,0.36525192111730576
2013-11-17,2.7886414527893066
2013-11-18,8.095342636108398
2013-11-19,0.0
2013-11-20,0.0
2013-11-21,0.1390197230502963
2013-11-22,1.264231227338314
2013-11-23,0.819241426885128
2013-11-24,0.0
2013-11-25,0.0007640720286872238
2013-11-26,72.75044441223145
2013-11-27,4.9718416929244995
2013-11-28,0.0
2013-11-29,0.0
2013-11-30,0.0
2013-12-01,0.0
2013-12-02,3.2209270000457764
2013-12-03,4.76870596408844
2013-12-04,4.532572090625763
2013-12-05,2.218337595462799
2013-12-06,17.218517065048218
2013-12-07,9.82158875465393
2013-12-08,12.826277732849121
2013-12-09,53.749796867370605
2013-12-10,8.659440040588379
2013-12-11,0.0
2013-12-12,0.0
2013-12-13,0.0
2013-12-14,19.58909797668457
2013-12-15,1.8197470903396606
2013-12-16,0.0
2013-12-17,0.0
2013-12-18,0.0
2013-12-19,0.0
2013-12-20,0.0
2013-12-21,3.7838135957717896
2013-12-22,64.27590847015381
2013-12-23,18.247814178466797
2013-12-24,0.0
2013-12-25,0.0
2013-12-26,0.0
2013-12-27,0.0
2013-12-28,2.712524890899658
2013-12-29,28.982898235321045
2013-12-30,0.03033234365284443
2013-12-31,0.39553094655275345
2014-01-01,0.0
2014-01-02,12.928455591201782
2014-01-03,0.003348122467286885
2014-01-04,0.0159230912104249
2014-01-05,2.807696282863617
2014-01-06,4.4549033641815186
2014-01-07,0.0
2014-01-08,0.0
2014-01-09,0.013697860529646277
2014-01-10,1.8842600286006927
2014-01-11,36.16821765899658
2014-01-12,0.10483742505311966
2014-01-13,3.2104740738868713
2014-01-14,9.823845863342285
2014-01-15,0.5365932807326317
2014-01-16,0.0
2014-01-17,1.3734250664710999
2014-01-18,0.1490696556866169
2014-01-19,0.010854478226974607
2014-01-20,0.0
2014-01-21,0.014687661081552505
2014-01-22,0.0
2014-01-23,0.0
2014-01-24,0.0
2014-01-25,0.0005274702562019229
2014-01-26,0.0
2014-01-27,0.005585984326899052
2014-01-28,6.757526755332947
2014-01-29,0.3203991428017616
2014-01-30,0.0
2014-01-31,0.0
2014-02-01,0.03490379545837641
2014-02-02,0.13628781586885452
2014-02-03,22.990627765655518
2014-02-04,0.3458733409643173
2014-02-05,11.88068413734436
2014-02-06,0.4155366122722626
2014-02-07,1.140906810760498
2014-02-08,0.0
2014-02-09,0.0003325233410578221
2014-02-10,0.7028577700257301
2014-02-11,8.816698551177979
2014-02-12,25.62148094177246
2014-02-13,6.7299569845199585
2014-02-14,0.0
2014-02-15,6.49726414680481
2014-02-16,0.0008376095502171665
2014-02-17,0.015849283896386623
2014-02-18,0.79204922914505
2014-02-19,1.1397318243980408
2014-02-20,0.08391878195106983
2014-02-21,30.936922550201416
2014-02-22,0.0
2014-02-23,0.0
2014-02-24,0.0
2014-02-25,0.0
2014-02-26,5.956077933311462
2014-02-27,0.0
2014-02-28,0.0
2014-03-01,3.595519006252289
2014-03-02,0.002952652459498495
2014-03-03,11.967430591583252
2014-03-04,0.024255239870399237
2014-03-05,0.559094063937664
2014-03-06,8.895919799804688
2014-03-07,14.902111768722534
2014-03-08,0.0
2014-03-09,0.00015433187218150124
2014-03-10,0.0
2014-03-11,0.0
2014-03-12,2.124990075826645
2014-03-13,0.0
2014-03-14,0.0
2014-03-15,0.5189927592873573
2014-03-16,33.4168496131897
2014-03-17,15.088118076324463
2014-03-18,1.5024099349975586
2014-03-19,0.2983570024371147
2014-03-20,0.0
2014-03-21,0.0
2014-03-22,0.21047366224229336
2014-03-23,1.097793236374855
2014-03-24,0.0
2014-03-25,1.039665937423706
2014-03-26,0.0
2014-03-27,0.0
2014-03-28,15.69367504119873
2014-03-29,11.236907720565796
2014-03-30,0.05201246030628681
2014-03-31,0.0
2014-04-01,0.0
2014-04-02,0.0
2014-04-03,0.1361146029084921
2014-04-04,3.203310191631317
2014-04-05,0.22860991582274437
2014-04-06,1.9403878152370453
2014-04-07,88.34763145446777
2014-04-08,0.3313872516155243
2014-04-09,0.12448139861226082
2014-04-10,0.0
2014-04-11,0.0
2014-04-12,0.0
2014-04-13,0.0
2014-04-14,7.058632016181946
2014-04-15,19.3365216255188
2014-04-16,0.0
2014-04-17,0.0
2014-04-18,8.583048105239868
2014-04-19,13.654922485351562
2014-04-20,0.6944659948348999
2014-04-21,0.000544343565707095
2014-04-22,1.3894376009702682
2014-04-23,0.017512653255835176
2014-04-24,0.0
2014-04-25,0.5113089233636856
2014-04-26,0.0
2014-04-27,0.11083788797259331
2014-04-28,0.5206068307161331
2014-04-29,22.59751844406128
2014-04-30,22.652184009552002
2014-05-01,0.0
2014-05-02,0.0
2014-05-03,0.0
2014-05-04,0.0
2014-05-05,0.0
2014-05-06,0.0
2014-05-07,0.0
2014-05-08,0.0014373011945281178
2014-05-09,6.428467512130737
2014-05-10,5.88666832447052
2014-05-11,0.359264113008976
2014-05-12,2.3410674333572388
2014-05-13,0.12121867202222347
2014-05-14,1.1507737338542938
2014-05-15,34.59101676940918
2014-05-16,0.15107963979244232
2014-05-17,0.4109508916735649
2014-05-18,13.054949760437012
2014-05-19,0.16229910403490067
2014-05-20,0.0
2014-05-21,0.0
2014-05-22,0.019536416279152036
2014-05-23,0.10483383014798164
2014-05-24,0.0072172521613538265
2014-05-25,2.533154249191284
2014-05-26,0.6178189888596535
2014-05-27,2.1924996376037598
2014-05-28,2.242940127849579
2014-05-29,1.9146180748939514
2014-05-30,4.751851975917816
2014-05-31,7.617203116416931
2014-06-01,1.165126919746399
2014-06-02,0.0
2014-06-03,0.9548796862363815
2014-06-04,0.8206792622804642
2014-06-05,12.915444612503052
2014-06-06,7.588038325309753
2014-06-07,0.6268484592437744
2014-06-08,5.265476107597351
2014-06-09,6.05961287021637
2014-06-10,19.0925235748291
2014-06-11,16.897802352905273
2014-06-12,3.6302831768989563
2014-06-13,3.3186004757881165
2014-06-14,0.11613593064248562
2014-06-15,0.23661008849740028
2014-06-16,0.19229727983474731
2014-06-17,1.220088005065918
2014-06-18,1.9130007922649384
2014-06-19,0.6734496504068375
2014-06-20,1.3970147371292114
2014-06-21,1.9140222668647766
2014-06-22,0.07201345451176167
2014-06-23,6.747472882270813
2014-06-24,11.176615238189697
2014-06-25,1.4278505146503448
2014-06-26,3.2355287671089172
2014-06-27,4.094714403152466
2014-06-28,2.0053665041923523
2014-06-29,2.2597776651382446
2014-06-30,4.356469690799713
2014-07-01,0.03121220599859953
2014-07-02,4.654951810836792
2014-07-03,0.0
2014-07-04,0.0
2014-07-05,0.0
2014-07-06,0.0
2014-07-07,0.0
2014-07-08,0.0
2014-07-09,0.0
2014-07-10,0.0
2014-07-11,0.53737897798419
2014-07-12,0.3722044536843896
2014-07-13,0.0058501786552369595
2014-07-14,0.07627985370345414
2014-07-15,2.1196874529123306
2014-07-16,0.0005409967925515957
2014-07-17,0.0
2014-07-18,0.25590068474411964
2014-07-19,8.10771095752716
2014-07-20,0.7767812162637711
2014-07-21,5.389605164527893
2014-07-22,4.02150946855545
2014-07-23,0.6699824929237366
2014-07-24,2.2756780683994293
2014-07-25,0.036595899146050215
2014-07-26,0.0
2014-07-27,5.0112983444705606e-05
2014-07-28,2.017318531870842
2014-07-29,0.035396997118368745
2014-07-30,0.0
2014-07-31,0.4810686632990837
2014-08-01,8.098391890525818
2014-08-02,2.66667640209198
2014-08-03,0.4574885964393616
2014-08-04,0.16162945330142975
2014-08-05,0.0
2014-08-06,0.00010046739407698624
2014-08-07,0.6614721864461899
2014-08-08,2.9637622833251953
2014-08-09,10.260469675064087
2014-08-10,10.03979754447937
2014-08-11,1.3754497170448303
2014-08-12,1.8066390752792358
2014-08-13,0.0
2014-08-14,0.017667748732492328
2014-08-15,0.0
2014-08-16,9.382613279740326e-05
2014-08-17,0.341529943048954
2014-08-18,8.43694794178009
2014-08-19,13.17276930809021
2014-08-20,0.6687170565128326
2014-08-21,5.9441975355148315
2014-08-22,5.658324599266052
2014-08-23,2.2646577954292297
2014-08-24,4.50997519493103
2014-08-25,1.1030647158622742
2014-08-26,0.0
2014-08-27,0.0029764665523543954
2014-08-28,0.0
2014-08-29,0.0
2014-08-30,3.931724965572357
2014-08-31,5.661925315856934
2014-09-01,3.633430242538452
2014-09-02,4.228795289993286
2014-09-03,10.550931215286255
2014-09-04,4.494656324386597
2014-09-05,3.724287450313568
2014-09-06,0.5749541223049164
2014-09-07,4.035742938518524
2014-09-08,0.9103265553712845
2014-09-09,0.19002782553434372
2014-09-10,0.2623347342014313
2014-09-11,3.364329293370247
2014-09-12,3.121429517865181
2014-09-13,0.045603855163790286
2014-09-14,7.722357898950577
2014-09-15,0.25893838703632355
2014-09-16,0.5408271700143814
2014-09-17,0.00022266940504778177
2014-09-18,0.012794947251677513
2014-09-19,1.8340689837932587
2014-09-20,0.09158853068947792
2014-09-21,0.6672403514385223
2014-09-22,1.6675822734832764
2014-09-23,0.0
2014-09-24,0.0
2014-09-25,0.09498715959489346
2014-09-26,0.05939410347491503
2014-09-27,0.07865243311971426
2014-09-28,0.11990172229707241
2014-09-29,0.573908694088459
2014-09-30,0.00355361559195444
2014-10-01,0.0
2014-10-02,0.041301269084215164
2014-10-03,12.654392719268799
2014-10-04,0.045513853430747986
2014-10-05,0.0
2014-10-06,0.8342938721179962
2014-10-07,13.793875217437744
2014-10-08,2.5256357192993164
2014-10-09,2.4333404302597046
2014-10-10,0.8854649513959885
2014-10-11,6.996967673301697
2014-10-12,0.9027499407529831
2014-10-13,0.1393853798508644
2014-10-14,46.15166091918945
2014-10-15,0.8957529813051224
2014-10-16,0.0
2014-10-17,0.0
2014-10-18,0.0
2014-10-19,0.0
2014-10-20,0.0
2014-10-21,0.11311247199773788
2014-10-22,0.11311247199773788
2014-10-23,0.11311247199773788
2014-10-24,0.11311247199773788
2014-10-25,0.11311247199773788
2014-10-26,0.0
2014-10-27,0.0
2014-10-28,0.0039192744879983366
2014-10-29,7.7149879932403564
2014-10-30,0.0
2014-10-31,0.6588697284460068
2014-11-01,10.18187165260315
2014-11-02,0.0
2014-11-03,0.0
2014-11-04,0.0
2014-11-05,0.0
2014-11-06,3.4130846858024597
2014-11-07,0.0
2014-11-08,0.0
2014-11-09,0.0
2014-11-10,0.0
2014-11-11,0.0
2014-11-12,0.7628879994153976
2014-11-13,1.9614441990852356
2014-11-14,0.0
2014-11-15,0.0
2014-11-16,10.35788869857788
2014-11-17,50.07619285583496
2014-11-18,0.0
2014-11-19,0.0
2014-11-20,0.010193949565291405
2014-11-21,0.0
2014-11-22,0.0
2014-11-23,34.81445264816284
2014-11-24,1.152172178030014
2014-11-25,0.0
2014-11-26,0.02109207585453987
2014-11-27,0.36395832896232605
2014-11-28,0.0
2014-11-29,9.844902888289653e-05
2014-11-30,0.009660334209911525
2014-12-01,0.12152335233986378
2014-12-02,0.04122425429522991
2014-12-03,0.21796244382858276
2014-12-04,0.512053906917572
2014-12-05,1.0639819502830505
2014-12-06,32.958524227142334
2014-12-07,0.0
2014-12-08,0.0
2014-12-09,1.1624279916286469
2014-12-10,0.00014537870811182074
2014-12-11,0.0
2014-12-12,0.0
2014-12-13,0.0
2014-12-14,0.0
2014-12-15,0.0
2014-12-16,0.0
2014-12-17,0.0
2014-12-18,0.0
2014-12-19,0.0
2014-12-20,0.0
2014-12-21,0.08960982412099838
2014-12-22,5.881985902786255
2014-12-23,14.795165777206421
2014-12-24,38.65001678466797
2014-12-25,0.13187529891729355
2014-12-26,0.0
2014-12-27,0.17363489046692848
2014-12-28,26.386629104614258
2014-12-29,3.7624412775039673
2014-12-30,0.17649328336119652
2014-12-31,0.0
2015-01-01,0.0004899545674561523
2015-01-02,8.784467220306396
2015-01-03,11.465965747833252
2015-01-04,79.00639343261719
2015-01-05,0.00019604506815085188
2015-01-06,0.00182051002047956
2015-01-07,0.03506459668278694
2015-01-08,0.00182051002047956
2015-01-09,0.00182051002047956
2015-01-10,0.00182051002047956
2015-01-11,0.0003591749318729853
2015-01-12,6.033631324768066
2015-01-13,1.1071223318576813
2015-01-14,0.6892812550067902
2015-01-15,1.2434021532535553
2015-01-16,1.0473349392414093
2015-01-17,0.00014136429308564402
2015-01-18,0.8589785248041153
2015-01-19,0.00014136429308564402
2015-01-20,0.00014136429308564402
2015-01-21,8.144228741002735e-05
2015-01-22,8.144228741002735e-05
2015-01-23,27.386961460113525
2015-01-24,2.5720385909080505
2015-01-25,0.015197381324469461
2015-01-26,0.9820618033409119
2015-01-27,0.00933073682244867
2015-01-28,4.578885818773415e-05
2015-01-29,0.265012726187706
2015-01-30,0.2302010990679264
2015-01-31,4.578885818773415e-05
2015-02-01,3.7690579891204834
2015-02-02,20.316528797149658
2015-02-03,0.00014182681479724124
2015-02-04,0.00014182681479724124
2015-02-05,0.00034864034387283027
2015-02-06,3.118931772405631e-05
2015-02-07,3.118931772405631e-05
2015-02-08,6.427073776649195e-05
2015-02-09,4.47859251499176
2015-02-10,0.000645426960545592
2015-02-11,0.0
2015-02-12,0.0
2015-02-13,0.0
2015-02-14,0.0
2015-02-15,0.0
2015-02-16,6.958190679550171
2015-02-17,12.917041778564453
2015-02-18,0.10182159580290318
2015-02-19,0.0059160004602745175
2015-02-20,0.496770977973938
2015-02-21,6.296215772628784
2015-02-22,19.693727493286133
2015-02-23,7.356976628303528
2015-02-24,3.6833801865577698
2015-02-25,8.829359292984009
2015-02-26,0.030145088210701942
2015-02-27,5.342190888768528e-06
2015-02-28,1.329333917965414e-05
2015-03-01,0.23034805990755558
2015-03-02,0.1739515159279108
2015-03-03,1.1096682474017143
2015-03-04,0.35324515402317047
2015-03-05,1.0854986160993576
2015-03-06,4.738059578812681e-05
2015-03-07,4.738059578812681e-05
2015-03-08,4.738059578812681e-05
2015-03-09,1.5057353973388672
2015-03-10,5.129438281059265
2015-03-11,8.006443738937378
2015-03-12,0.8894709944725037
2015-03-13,6.058437347412109
2015-03-14,3.5908640027046204
2015-03-15,0.06604235246777534
2015-03-16,2.224965214736585e-05
2015-03-17,2.224965214736585e-05
2015-03-18,2.224965214736585e-05
2015-03-19,2.196239300072193
2015-03-20,0.6961985193192959
2015-03-21,0.012178953038528562
2015-03-22,11.890526294708252
2015-03-23,1.861519604921341
2015-03-24,0.00012107029760954902
2015-03-25,0.5745544135570526
2015-03-26,0.4056585803627968
2015-03-27,3.142019510269165
2015-03-28,0.002884970628656447
2015-03-29,0.00014868221842334606
2015-03-30,19.631648063659668
2015-03-31,1.7162558436393738
2015-04-01,5.737044811248779
2015-04-02,4.507023334503174
2015-04-03,0.015786714619025588
2015-04-04,12.90690016746521
2015-04-05,0.00019166320635122247
2015-04-06,4.786397457122803
2015-04-07,3.704712152481079
2015-04-08,0.0777090610936284
2015-04-09,0.032511823810637
2015-04-10,12.297952651977539
2015-04-11,7.991712300281506e-05
2015-04-12,0.26436347141861916
2015-04-13,3.1069157123565674
2015-04-14,16.718454122543335
2015-04-15,12.3791983127594
2015-04-16,6.46409285068512
2015-04-17,8.251624584197998
2015-04-18,2.627042233943939
2015-04-19,33.69265365600586
2015-04-20,4.006647288799286
2015-04-21,4.159480340604205e-05
2015-04-22,0.030550385359674692
2015-04-23,0.14390474185347557
2015-04-24,4.159480340604205e-05
2015-04-25,18.488718509674072
2015-04-26,2.4799339175224304
2015-04-27,8.039878412091639e-05
2015-04-28,0.011207601055502892
2015-04-29,6.327999472618103
2015-04-30,0.13485865108668804
2015-05-01,0.0
2015-05-02,0.0
2015-05-03,0.0
2015-05-04,0.0
2015-05-05,0.0
2015-05-06,0.0
2015-05-07,0.0
2015-05-08,0.0
2015-05-09,0.0
2015-05-10,0.0
2015-05-11,3.320500671863556
2015-05-12,0.2157512828707695
2015-05-13,0.0009140498150372878
2015-05-14,0.0009140498150372878
2015-05-15,5.138162016868591
2015-05-16,0.5366218909621239
2015-05-17,1.9502498805522919
2015-05-18,2.1792660653591156
2015-05-19,0.988602876663208
2015-05-20,0.07034647464752197
2015-05-21,0.8789593577384949
2015-05-22,0.0005383200114010833
2015-05-23,0.0005383200114010833
2015-05-24,0.007081119576469064
2015-05-25,4.3642207980155945
2015-05-26,28.006657600402832
2015-05-27,3.3484628200531006
2015-05-28,11.294562578201294
2015-05-29,0.10743197426199913
2015-05-30,0.11323445662856102
2015-05-31,9.044208526611328
2015-06-01,5.918342471122742
2015-06-02,0.951181173324585
2015-06-03,2.9498137831687927
2015-06-04,0.5558523312211037
2015-06-05,0.0460455808788538
2015-06-06,0.0001461942338210065
2015-06-07,0.14061404019594193
2015-06-08,2.790587842464447
2015-06-09,11.343978881835938
2015-06-10,0.2873687446117401
2015-06-11,1.1266959458589554
2015-06-12,0.3613213561475277
2015-06-13,0.03097496973350644
2015-06-14,0.0009050336682321358
2015-06-15,0.2731878310441971
2015-06-16,0.6866134852170944
2015-06-17,0.8994403034448624
2015-06-18,11.587171077728271
2015-06-19,1.6806229948997498
2015-06-20,1.465023547410965
2015-06-21,3.152231454849243
2015-06-22,5.606232523918152
2015-06-23,1.8191837072372437
2015-06-24,14.000443935394287
2015-06-25,5.0078349113464355
2015-06-26,1.9641683399677277
2015-06-27,8.271350860595703
2015-06-28,2.0833623111248016
2015-06-29,0.04219132103025913
2015-06-30,4.920184373855591
2015-07-01,1.367282509803772
2015-07-02,5.83639657497406
2015-07-03,20.064736366271973
2015-07-04,7.645087242126465
2015-07-05,7.685805082321167
2015-07-06,1.1151582300662994
2015-07-07,0.23333171755075455
2015-07-08,0.5901350229978561
2015-07-09,0.0002035973775491584
2015-07-10,0.36203211545944214
2015-07-11,1.4073971211910248
2015-07-12,0.2886732667684555
2015-07-13,0.2582876868546009
2015-07-14,0.31833406537771225
2015-07-15,25.590435028076172
2015-07-16,0.07508946675807238
2015-07-17,0.04066850506933406
2015-07-18,2.5734900534152985
2015-07-19,5.036804437637329
2015-07-20,0.18131856992840767
2015-07-21,0.2630353271961212
2015-07-22,0.5298901349306107
2015-07-23,6.734233856201172
2015-07-24,3.401770055294037
2015-07-25,0.6598668843507767
2015-07-26,0.2819320634007454
2015-07-27,0.002026217640377581
2015-07-28,0.2073354460299015
2015-07-29,3.0593271255493164
2015-07-30,0.6825782507658005
2015-07-31,0.016123192384839058
2015-08-01,0.2731066904962063
2015-08-02,0.2731066904962063
2015-08-03,0.2731066904962063
2015-08-04,0.2731066904962063
2015-08-05,0.2731066904962063
2015-08-06,5.340355277061462
2015-08-07,7.9326876401901245
2015-08-08,0.006775107351131737
2015-08-09,0.016381360590457916
2015-08-10,0.8339979350566864
2015-08-11,6.217724680900574
2015-08-12,3.125820148852654e-05
2015-08-13,0.29460814967751503
2015-08-14,0.7010091245174408
2015-08-15,0.03585995081812143
2015-08-16,0.013354789931327105
2015-08-17,6.98078727722168
2015-08-18,17.47884249687195
2015-08-19,15.074960947036743
2015-08-20,5.2392977476119995
2015-08-21,1.3119214922189713
2015-08-22,0.2312842421233654
2015-08-23,23.3538179397583
2015-08-24,0.13251861929893494
2015-08-25,0.00016643895469314884
2015-08-26,0.011156155029311776
2015-08-27,0.20288510993123055
2015-08-28,0.20422522351145744
2015-08-29,3.8821645975112915
2015-08-30,5.951884984970093
2015-08-31,1.3466541171073914
2015-09-01,0.08120399806648493
2015-09-02,0.2849154658615589
2015-09-03,0.09424038976430893
2015-09-04,0.6941199228167534
2015-09-05,3.109336197376251
2015-09-06,0.7764952778816223
2015-09-07,0.40413350611925125
2015-09-08,5.037317276000977
2015-09-09,13.408017635345459
2015-09-10,6.551225543022156
2015-09-11,2.942207932472229
2015-09-12,9.15836763381958
2015-09-13,0.0005609994987025857
2015-09-14,0.0005609994987025857
2015-09-15,0.0005609994987025857
2015-09-16,0.003138482745271176
2015-09-17,0.003138482745271176
2015-09-18,0.003138482745271176
2015-09-19,0.003138482745271176
2015-09-20,3.894528388977051
2015-09-21,0.011120862560346723
2015-09-22,2.97018039226532
2015-09-23,0.10466131195425987
2015-09-24,0.504004992544651
2015-09-25,31.04025650024414
2015-09-26,2.9397473335266113
2015-09-27,2.3061685860157013
2015-09-28,5.835327625274658
2015-09-29,7.147622466087341
2015-09-30,5.8300793170928955
2015-10-01,9.774656057357788
2015-10-02,6.188079595565796
2015-10-03,4.205755054950714
2015-10-04,14.323387622833252
2015-10-05,0.7983834892511368
2015-10-06,0.358936570584774
2015-10-07,0.00014476083197223488
2015-10-08,0.0012819955009035766
2015-10-09,0.2912449613213539
2015-10-10,34.16743993759155
2015-10-11,0.6706942170858383
2015-10-12,0.000505130024976097
2015-10-13,4.182064354419708
2015-10-14,0.000505130024976097
2015-10-15,0.000505130024976097
2015-10-16,0.0
2015-10-17,0.0
2015-10-18,0.0
2015-10-19,0.0
2015-10-20,0.0
2015-10-21,0.00011689816346915904
2015-10-22,0.00011689816346915904
2015-10-23,0.00011689816346915904
2015-10-24,0.33604126423597336
2015-10-25,0.2594349533319473
2015-10-26,21.81398582458496
2015-10-27,9.589914083480835
2015-10-28,7.761230826377869
2015-10-29,5.008081316947937
2015-10-30,0.00010930238931905478
2015-10-31,0.060330573469400406
2015-11-01,26.305203914642334
2015-11-02,36.9415979385376
2015-11-03,0.911728248000145
2015-11-04,0.6876075267791748
2015-11-05,0.5386429131031036
2015-11-06,1.6072429716587067
2015-11-07,24.157931327819824
2015-11-08,2.2186736166477203
2015-11-09,20.103395462036133
2015-11-10,0.8179682940244675
2015-11-11,0.0005749870761064813
2015-11-12,5.262150168418884
2015-11-13,0.0005749870761064813
2015-11-14,0.0005749870761064813
2015-11-15,0.0005749870761064813
2015-11-16,0.0006927869744686177
2015-11-17,6.212135303940158e-05
2015-11-18,18.327045917510986
2015-11-19,27.5539288520813
2015-11-20,6.212135303940158e-05
2015-11-21,0.13036400638520718
2015-11-22,1.1267847120761871
2015-11-23,0.002304710913449526
2015-11-24,0.002304710913449526
2015-11-25,0.002304710913449526
2015-11-26,1.830208398700961e-05
2015-11-27,1.830208398700961e-05
2015-11-28,0.019069553556619212
2015-11-29,0.3603921765461564
2015-11-30,2.446060910820961
2015-12-01,19.348276615142822
2015-12-02,41.65010356903076
2015-12-03,0.00013974668763694353
2015-12-04,0.00013974668763694353
2015-12-05,0.00013974668763694353
2015-12-06,0.0
2015-12-07,0.0
2015-12-08,0.0
2015-12-09,0.0
2015-12-10,0.0
2015-12-11,0.591195359826088
2015-12-12,0.03727188892662525
2015-12-13,0.04472208023071289
2015-12-14,9.480053186416626
2015-12-15,7.803505377523834e-05
2015-12-16,0.0
2015-12-17,0.0
2015-12-18,0.0
2015-12-19,0.0
2015-12-20,0.0
2015-12-21,7.777449607849121
2015-12-22,9.300089359283447
2015-12-23,41.02827262878418
2015-12-24,32.02548933029175
2015-12-25,48.01918029785156
2015-12-26,11.732564449310303
2015-12-27,1.4138329327106476
2015-12-28,17.37860608100891
2015-12-29,41.134894371032715
2015-12-30,25.07038927078247
2015-12-31,0.062008573673665524
2016-01-01,0.5566991865634918
2016-01-02,0.5566991865634918
2016-01-03,0.5566991865634918
2016-01-04,0.5566991865634918
2016-01-05,0.5566991865634918
2016-01-06,0.0
2016-01-07,0.0073194720316678286
2016-01-08,2.812528282403946
2016-01-09,0.7189599871635437
2016-01-10,7.4590537548065186
2016-01-11,0.0
2016-01-12,0.0
2016-01-13,0.0
2016-01-14,0.0
2016-01-15,11.465473175048828
2016-01-16,0.971456378698349
2016-01-17,1.0111036896705627
2016-01-18,0.0
2016-01-19,0.0
2016-01-20,12.33799409866333
2016-01-21,0.6421505659818649
2016-01-22,40.42450141906738
2016-01-23,2.830060362815857
2016-01-24,0.00013046179083175957
2016-01-25,0.0
2016-01-26,6.609849452972412
2016-01-27,14.73141074180603
2016-01-28,0.0
2016-01-29,0.0
2016-01-30,0.0
2016-01-31,0.004971927381120622
2016-02-01,1.1702660024166107
2016-02-02,0.7364994138479233
2016-02-03,31.804032802581787
2016-02-04,0.0
2016-02-05,0.0
2016-02-06,0.0013737241388298571
2016-02-07,0.0
2016-02-08,0.38557012379169464
2016-02-09,0.9994369745254517
2016-02-10,0.05604898650199175
2016-02-11,0.033328413031995296
2016-02-12,0.020479051396250725
2016-02-13,0.0
2016-02-14,0.011940634110942483
2016-02-15,7.47977089881897
2016-02-16,16.494484186172485
2016-02-17,1.6606059074401855
2016-02-18,0.0
2016-02-19,0.0
2016-02-20,0.18395762145519257
2016-02-21,4.741468787193298
2016-02-22,7.6117753982543945
2016-02-23,28.98177433013916
2016-02-24,24.9195294380188
2016-02-25,0.7401403933763504
2016-02-26,0.0
2016-02-27,0.0
2016-02-28,0.0
2016-02-29,0.0
2016-03-01,2.804046928882599
2016-03-02,16.51882028579712
2016-03-03,7.6939263343811035
2016-03-04,0.2923111245036125
2016-03-05,0.0
2016-03-06,0.0771652520634234
2016-03-07,0.0
2016-03-08,0.0
2016-03-09,0.04638994566630572
2016-03-10,1.1441963203251362
2016-03-11,0.18229740485548973
2016-03-12,0.4229968786239624
2016-03-13,9.472248792648315
2016-03-14,1.2894738614559174
2016-03-15,0.01482778019271791
2016-03-16,0.022123510017991066
2016-03-17,0.0
2016-03-18,0.00036281588836573064
2016-03-19,7.854544401168823
2016-03-20,0.784355640411377
2016-03-21,0.016641523456200957
2016-03-22,0.0
2016-03-23,0.0
2016-03-24,5.110038757324219
2016-03-25,7.564897656440735
2016-03-26,0.2620481923222542
2016-03-27,12.253530025482178
2016-03-28,0.7056282162666321
2016-03-29,0.0
2016-03-30,0.0
2016-03-31,14.23738408088684
2016-04-01,26.45255708694458
2016-04-02,4.426110863685608
2016-04-03,0.0
2016-04-04,0.0
2016-04-05,0.0012976269354112446
2016-04-06,0.0712871765717864
2016-04-07,18.889057159423828
2016-04-08,1.6370413303375244
2016-04-09,0.0
2016-04-10,0.0
2016-04-11,4.000712335109711
2016-04-12,22.24509334564209
2016-04-13,0.20535480603575706
2016-04-14,5.071058869361877
2016-04-15,0.12174228951334953
2016-04-16,0.0
2016-04-17,0.0
2016-04-18,0.0
2016-04-19,0.0
2016-04-20,0.0
2016-04-21,0.0
2016-04-22,0.0
2016-04-23,0.0
2016-04-24,0.0
2016-04-25,0.0
2016-04-26,0.2614530995488167
2016-04-27,0.34389153867959976
2016-04-28,5.0112080574035645
2016-04-29,0.0
2016-04-30,6.240565896034241
2016-05-01,18.021471977233887
2016-05-02,0.7455617636442184
2016-05-03,11.432544231414795
2016-05-04,0.03353362809866667
2016-05-05,3.3569304943084717
2016-05-06,0.03517758101224899
2016-05-07,0.0006932046380825341
2016-05-08,0.0
2016-05-09,0.0
2016-05-10,0.33039848506450653
2016-05-11,1.343603938817978
2016-05-12,12.59346890449524
2016-05-13,10.421509027481079
2016-05-14,0.030536960810422897
2016-05-15,0.0
2016-05-16,0.05380961112678051
2016-05-17,2.336540311574936
2016-05-18,1.099599689245224
2016-05-19,0.8120370358228683
2016-05-20,12.483093500137329
2016-05-21,2.3683453798294067
2016-05-22,0.0
2016-05-23,0.0
2016-05-24,0.0
2016-05-25,0.0
2016-05-26,0.0
2016-05-27,0.0
2016-05-28,0.0
2016-05-29,0.0
2016-05-30,0.0
2016-05-31,0.0
2016-06-01,1.73067906498909
2016-06-02,2.283993124961853
2016-06-03,1.0072690099477768
2016-06-04,2.5563377141952515
2016-06-05,16.207001209259033
2016-06-06,0.3851843327283859
2016-06-07,0.03508989606052637
2016-06-08,0.0
2016-06-09,0.0
2016-06-10,0.0
2016-06-11,0.05323526542633772
2016-06-12,0.7868389785289764
2016-06-13,0.12707317061722279
2016-06-14,4.774662256240845
2016-06-15,8.670688390731812
2016-06-16,5.2316834926605225
2016-06-17,16.565067529678345
2016-06-18,0.9174564927816391
2016-06-19,0.0
2016-06-20,0.0
2016-06-21,0.15523374313488603
2016-06-22,0.15378361847251654
2016-06-23,0.27732220850884914
2016-06-24,0.8555231802165508
2016-06-25,0.20001677982509136
2016-06-26,0.8046322911977768
2016-06-27,3.7005701661109924
2016-06-28,3.3091784715652466
2016-06-29,0.2680908888578415
2016-06-30,0.0
2016-07-01,0.0
2016-07-02,0.0
2016-07-03,0.0
2016-07-04,0.01686169672757387
2016-07-05,2.6437546014785767
2016-07-06,11.254319906234741
2016-07-07,1.8820161521434784
2016-07-08,0.452273964881897
2016-07-09,3.039867401123047
2016-07-10,0.9266294986009598
2016-07-11,3.0762522220611572
2016-07-12,0.19623340666294098
2016-07-13,0.03126769233494997
2016-07-14,0.1730685830116272
2016-07-15,2.0167781710624695
2016-07-16,0.6765960603952408
2016-07-17,5.404347658157349
2016-07-18,0.8719673305749893
2016-07-19,0.1434360407292843
2016-07-20,0.06761286221444607
2016-07-21,1.5469253063201904
2016-07-22,2.7513523399829865
2016-07-23,8.289169430732727
2016-07-24,0.33371666818857193
2016-07-25,0.5927242413163185
2016-07-26,0.05674425791949034
2016-07-27,0.31415123492479324
2016-07-28,1.4001455903053284
2016-07-29,4.483128130435944
2016-07-30,3.674279749393463
2016-07-31,1.1494681537151337
2016-08-01,1.7957086861133575
2016-08-02,8.03749680519104
2016-08-03,0.2897241562604904
2016-08-04,8.741685390472412
2016-08-05,5.352275848388672
2016-08-06,0.04397656209766865
2016-08-07,1.1112774014472961
2016-08-08,2.968659460544586
2016-08-09,2.326395332813263
2016-08-10,5.014604926109314
2016-08-11,0.7088224291801453
2016-08-12,0.37544481828808784
2016-08-13,0.7972163259983063
2016-08-14,0.08488368336111307
2016-08-15,0.0789668308570981
2016-08-16,2.0600861310958862
2016-08-17,4.344048380851746
2016-08-18,2.148270398378372
2016-08-19,7.093721508979797
2016-08-20,13.302063465118408
2016-08-21,0.0
2016-08-22,0.0
2016-08-23,0.0
2016-08-24,0.0
2016-08-25,0.0
2016-08-26,1.490242213010788
2016-08-27,1.9403954148292542
2016-08-28,3.4407989382743835
2016-08-29,0.21673203259706497
2016-08-30,0.0008363170782104135
2016-08-31,0.0007898560288595036
2016-09-01,1.0257385820150375
2016-09-02,22.947943210601807
2016-09-03,0.4582183510065079
2016-09-04,0.5523508638143539
2016-09-05,0.13441681116819382
2016-09-06,0.20585854351520538
2016-09-07,0.20585854351520538
2016-09-08,1.4603764712810516
2016-09-09,0.20585854351520538
2016-09-10,0.20585854351520538
2016-09-11,1.7779392302036285
2016-09-12,0.24244782328605652
2016-09-13,1.4866502583026886
2016-09-14,0.0
2016-09-15,0.12360570579767227
2016-09-16,0.007602582103572786
2016-09-17,0.040999301709234715
2016-09-18,6.807829141616821
2016-09-19,1.3708452880382538
2016-09-20,0.0034671647008508444
2016-09-21,0.006300305249169469
2016-09-22,0.39983121305704117
2016-09-23,0.41888557374477386
2016-09-24,0.47709283232688904
2016-09-25,0.8270251303911209
2016-09-26,0.6410146355628967
2016-09-27,1.264075607061386
2016-09-28,0.009840738028287888
2016-09-29,0.0004048472037538886
2016-09-30,0.0
2016-10-01,0.2451048195362091
2016-10-02,0.08369654975831509
2016-10-03,0.0
2016-10-04,0.09750212263315916
2016-10-05,0.0
2016-10-06,0.0174225359223783
2016-10-07,0.18664303794503212
2016-10-08,1.3928439915180206
2016-10-09,0.0174225359223783
2016-10-10,0.0174225359223783
2016-10-11,0.0
2016-10-12,0.0
2016-10-13,0.0
2016-10-14,0.0
2016-10-15,1.395371913909912
2016-10-16,0.0
2016-10-17,0.0
2016-10-18,0.0
2016-10-19,0.0
2016-10-20,0.0
2016-10-21,0.5688611418008804
2016-10-22,0.0
2016-10-23,0.0
2016-10-24,0.0
2016-10-25,0.0
2016-10-26,0.0
2016-10-27,1.3714871406555176
2016-10-28,0.0
2016-10-29,0.0
2016-10-30,0.0
2016-10-31,0.0
2016-11-01,0.0
2016-11-02,0.2455608919262886
2016-11-03,0.42143596708774567
2016-11-04,0.3056326135993004
2016-11-05,0.0
2016-11-06,0.0
2016-11-07,0.0
2016-11-08,0.0
2016-11-09,3.954229176044464
2016-11-10,0.0
2016-11-11,0.22517029941082
2016-11-12,0.22517029941082
2016-11-13,1.1597494632005692
2016-11-14,0.22517029941082
2016-11-15,0.22517029941082
2016-11-16,0.0
2016-11-17,0.0
2016-11-18,0.0
2016-11-19,1.0456997603178024
2016-11-20,0.0
2016-11-21,0.0
2016-11-22,0.0
2016-11-23,0.0
2016-11-24,1.2049827948212624
2016-11-25,0.0017302804189966992
2016-11-26,0.0
2016-11-27,0.0
2016-11-28,0.050685444846749306
2016-11-29,33.87559413909912
2016-11-30,20.892428398132324
2016-12-01,0.0
2016-12-02,0.0
2016-12-03,0.5501932352781296
2016-12-04,28.26487445831299
2016-12-05,15.345438957214355
2016-12-06,0.0
2016-12-07,0.0
2016-12-08,0.0
2016-12-09,0.0
2016-12-10,0.0
2016-12-11,0.0004532362399913836
2016-12-12,4.612365365028381
2016-12-13,0.7692842409014702
2016-12-14,1.3323366940021515
2016-12-15,0.0
2016-12-16,0.0
2016-12-17,5.5084874629974365
2016-12-18,11.846975088119507
2016-12-19,0.0761480275541544
2016-12-20,0.014509799890220165
2016-12-21,0.0
2016-12-22,0.0
2016-12-23,0.0
2016-12-24,0.0
2016-12-25,0.0
2016-12-26,0.9155757427215576
2016-12-27,2.5038477778434753
2016-12-28,0.23930300772190094
2016-12-29,10.74561595916748
2016-12-30,0.0
2016-12-31,0.4279766380786896
2017-01-01,8.929194211959839
2017-01-02,35.312644958496094
2017-01-03,25.37691593170166
2017-01-04,0.435997873544693
2017-01-05,0.0
2017-01-06,0.8846784979104996
2017-01-07,7.439215302467346
2017-01-08,0.0
2017-01-09,0.0
2017-01-10,0.00923446228262037
2017-01-11,0.0
2017-01-12,0.0
2017-01-13,0.0
2017-01-14,0.0
2017-01-15,0.0
2017-01-16,0.3590378910303116
2017-01-17,0.5175757482647896
2017-01-18,3.485023617744446
2017-01-19,0.646375760436058
2017-01-20,17.090567350387573
2017-01-21,15.420500040054321
2017-01-22,14.287332773208618
2017-01-23,44.787875175476074
2017-01-24,0.0
2017-01-25,0.00017223112809006125
2017-01-26,7.6798200607299805
2017-01-27,0.00011467433432699181
2017-01-28,0.0
2017-01-29,0.8790827244520187
2017-01-30,0.06807466223835945
2017-01-31,0.0
2017-02-01,0.0
2017-02-02,0.0
2017-02-03,0.0
2017-02-04,0.0
2017-02-05,0.0
2017-02-06,2.3228930830955505
2017-02-07,11.865612745285034
2017-02-08,7.455711245536804
2017-02-09,9.646777391433716
2017-02-10,0.0
2017-02-11,0.4085562825202942
2017-02-12,2.420442759990692
2017-02-13,0.43469931185245514
2017-02-14,0.0
2017-02-15,4.599576950073242
2017-02-16,0.0
2017-02-17,0.0
2017-02-18,9.222118258476257
2017-02-19,3.870740830898285
2017-02-20,0.0
2017-02-21,2.2289044559001923
2017-02-22,4.756498008966446
2017-02-23,0.011744016082957387
2017-02-24,0.002099795121466741
2017-02-25,1.4376956522464752
2017-02-26,0.0
2017-02-27,2.7483948469161987
2017-02-28,7.396926164627075
2017-03-01,4.266031324863434
2017-03-02,3.575855016708374
2017-03-03,0.0
2017-03-04,0.0
2017-03-05,0.0
2017-03-06,0.003829518740531057
2017-03-07,9.921696662902832
2017-03-08,12.478368043899536
2017-03-09,0.0
2017-03-10,5.904379487037659
2017-03-11,1.7974205315113068
2017-03-12,10.437402725219727
2017-03-13,2.6749282479286194
2017-03-14,24.76266098022461
2017-03-15,0.0
2017-03-16,0.0
2017-03-17,0.0
2017-03-18,10.059071063995361
2017-03-19,0.0
2017-03-20,0.0
2017-03-21,3.024499297142029
2017-03-22,5.749097585678101
2017-03-23,0.0
2017-03-24,0.012238504365086555
2017-03-25,0.10000433586537838
2017-03-26,15.332376718521118
2017-03-27,0.6974184811115265
2017-03-28,4.849746108055115
2017-03-29,0.005718443775549531
2017-03-30,0.22816720977425575
2017-03-31,16.098623037338257
2017-04-01,0.0
2017-04-02,0.0
2017-04-03,19.830949306488037
2017-04-04,7.626094818115234
2017-04-05,35.03733539581299
2017-04-06,11.656118631362915
2017-04-07,0.05935824383050203
2017-04-08,0.0
2017-04-09,0.0
2017-04-10,0.0
2017-04-11,0.008462988887913525
2017-04-12,0.0662344777956605
2017-04-13,0.048315963707864285
2017-04-14,0.01774676179047674
2017-04-15,0.019680934958159924
2017-04-16,0.05383164482191205
2017-04-17,0.5388793982565403
2017-04-18,2.0058467239141464
2017-04-19,0.9245359860360622
2017-04-20,0.0845223581418395
2017-04-21,0.018905802397057414
2017-04-22,0.061735006514936686
2017-04-23,18.957529306411743
2017-04-24,7.812438011169434
2017-04-25,0.030614430084824562
2017-04-26,0.0
2017-04-27,13.070308446884155
2017-04-28,0.5200045481324196
2017-04-29,0.18818403780460358
2017-04-30,0.15624736994504929
2017-05-01,12.196733236312866
2017-05-02,0.0
2017-05-03,0.0
2017-05-04,13.525521278381348
2017-05-05,13.804012537002563
2017-05-06,0.0
2017-05-07,0.0
2017-05-08,0.0
2017-05-09,0.0
2017-05-10,0.0
2017-05-11,0.0
2017-05-12,0.9098166227340698
2017-05-13,5.292940974235535
2017-05-14,0.0017703215416986495
2017-05-15,0.0
2017-05-16,0.0
2017-05-17,0.0
2017-05-18,2.4149118959903717
2017-05-19,0.5893440693616867
2017-05-20,4.8176422119140625
2017-05-21,47.69456672668457
2017-05-22,6.677572250366211
2017-05-23,32.78335475921631
2017-05-24,14.155412673950195
2017-05-25,3.1718927025794983
2017-05-26,0.0
2017-05-27,0.8431681096553802
2017-05-28,10.171685457229614
2017-05-29,5.036226034164429
2017-05-30,32.87173557281494
2017-05-31,0.9034219831228256
2017-06-01,0.0
2017-06-02,0.001543909776955843
2017-06-03,0.12631304189562798
2017-06-04,17.195384740829468
2017-06-05,14.61264181137085
2017-06-06,0.8041260913014412
2017-06-07,0.05746122496202588
2017-06-08,0.43382708355784416
2017-06-09,0.00020472987944231136
2017-06-10,0.00020690956625912804
2017-06-11,0.7333119511604309
2017-06-12,2.6577653288841248
2017-06-13,0.6511801928281784
2017-06-14,1.5511146187782288
2017-06-15,1.1285265237092972
2017-06-16,7.267688512802124
2017-06-17,0.14210869744420052
2017-06-18,2.8423154950141907
2017-06-19,7.19930100440979
2017-06-20,1.8439046740531921
2017-06-21,1.128985732793808
2017-06-22,29.603180408477783
2017-06-23,7.354075789451599
2017-06-24,15.196452617645264
2017-06-25,0.0548722930252552
2017-06-26,0.0
2017-06-27,0.0
2017-06-28,0.005366367811802775
2017-06-29,4.132906913757324
2017-06-30,11.3280668258667
2017-07-01,5.739039421081543
2017-07-02,3.689776301383972
2017-07-03,7.819979429244995
2017-07-04,11.419904947280884
2017-07-05,1.7338781952857971
2017-07-06,12.922273874282837
2017-07-07,5.840178966522217
2017-07-08,2.021407663822174
2017-07-09,0.22636333480477333
2017-07-10,0.0
2017-07-11,2.153097629547119
2017-07-12,1.9843477606773376
2017-07-13,5.067918539047241
2017-07-14,2.6218941807746887
2017-07-15,2.303042411804199
2017-07-16,0.0
2017-07-17,0.0
2017-07-18,0.0
2017-07-19,0.0
2017-07-20,0.0
2017-07-21,0.3765420764684677
2017-07-22,2.505912482738495
2017-07-23,3.8751500844955444
2017-07-24,6.293339133262634
2017-07-25,0.10758821293711662
2017-07-26,0.0886319624260068
2017-07-27,3.6306727528572083
2017-07-28,7.971168041229248
2017-07-29,0.7082246690988541
2017-07-30,0.00011405788609408773
2017-07-31,0.0
2017-08-01,0.0
2017-08-02,0.025465722428634763
2017-08-03,0.18157972767949104
2017-08-04,0.19886345230042934
2017-08-05,2.3088128566741943
2017-08-06,2.370482623577118
2017-08-07,16.54222583770752
2017-08-08,14.144903898239136
2017-08-09,1.4229642748832703
2017-08-10,4.327646851539612
2017-08-11,19.510520219802856
2017-08-12,8.850260138511658
2017-08-13,0.6089701429009438
2017-08-14,1.6380496323108673
2017-08-15,2.8766220808029175
2017-08-16,0.0
2017-08-17,0.0
2017-08-18,0.0
2017-08-19,0.0
2017-08-20,0.0
2017-08-21,0.0
2017-08-22,0.0
2017-08-23,0.0
2017-08-24,0.0
2017-08-25,0.0
2017-08-26,0.026002792408689857
2017-08-27,0.06768410932272673
2017-08-28,0.0003783829160965979
2017-08-29,0.00024365666104131378
2017-08-30,3.981959283351898
2017-08-31,1.3858798891305923
2017-09-01,9.450022220611572
2017-09-02,0.005216886929702014
2017-09-03,0.0
2017-09-04,0.0021962024620734155
2017-09-05,11.417556047439575
2017-09-06,15.479886293411255
2017-09-07,0.0
2017-09-08,0.0
2017-09-09,0.0
2017-09-10,0.0
2017-09-11,62.58862781524658
2017-09-12,36.27555465698242
2017-09-13,0.9918357878923416
2017-09-14,0.8985914140939713
2017-09-15,0.22881334647536278
2017-09-16,0.9421083629131317
2017-09-17,0.9483097046613693
2017-09-18,0.0
2017-09-19,0.00973954750224948
2017-09-20,0.19355367869138718
2017-09-21,0.09957853332161903
2017-09-22,1.3288953304290771
2017-09-23,0.0688702566549182
2017-09-24,0.007031946908682585
2017-09-25,0.0
2017-09-26,0.0
2017-09-27,0.0011422623792896047
2017-09-28,0.0001224154002557043
2017-09-29,0.4858524352312088
2017-09-30,0.09892263263463974
2017-10-01,0.0
2017-10-02,0.43892522156238556
2017-10-03,0.0
2017-10-04,0.0
2017-10-05,0.0
2017-10-06,0.0
2017-10-07,0.7985763549804688
2017-10-08,28.699291229248047
2017-10-09,11.41254186630249
2017-10-10,21.421968936920166
2017-10-11,1.0109983533620834
2017-10-12,0.0
2017-10-13,0.38348982483148575
2017-10-14,0.14836624637246132
2017-10-15,1.8721070289611816
2017-10-16,9.219940066337585
2017-10-17,0.0
2017-10-18,0.0
2017-10-19,0.0
2017-10-20,0.0
2017-10-21,0.0
2017-10-22,0.22412842512130737
2017-10-23,38.38407802581787
2017-10-24,0.0008439309021923691
2017-10-25,0.0015453282394446433
2017-10-26,0.0
2017-10-27,0.02185184508562088
2017-10-28,8.680402517318726
2017-10-29,0.21884535998106003
2017-10-30,0.0
2017-10-31,0.0
2017-11-01,1.03189617395401
2017-11-02,2.1222603619098663
2017-11-03,0.7775649428367615
2017-11-04,0.9144163578748703
2017-11-05,0.20307933539152145
2017-11-06,1.415183186531067
2017-11-07,7.920402646064758
2017-11-08,0.4411052018404007
2017-11-09,10.332940578460693
2017-11-10,0.0
2017-11-11,0.06072511710226536
2017-11-12,3.3681134581565857
2017-11-13,0.007371501415036619
2017-11-14,0.0001583714947628323
2017-11-15,0.0
2017-11-16,0.016665887087583542
2017-11-17,0.0
2017-11-18,0.7258760780096054
2017-11-19,6.44788384437561
2017-11-20,0.0
2017-11-21,1.5245729982852936
2017-11-22,1.4079896807670593
2017-11-23,0.0
2017-11-24,0.0
2017-11-25,0.0672336621209979
2017-11-26,0.0
2017-11-27,0.0
2017-11-28,0.0
2017-11-29,0.0
2017-11-30,0.4575222320854664
2017-12-01,0.3253663405776024
2017-12-02,0.03398425318300724
2017-12-03,0.0
2017-12-04,0.0
2017-12-05,4.327112853527069
2017-12-06,15.357547998428345
2017-12-07,0.0
2017-12-08,26.02865743637085
2017-12-09,10.03925108909607
2017-12-10,0.001387636541039683
2017-12-11,0.17358951270580292
2017-12-12,1.1138659715652466
2017-12-13,0.17358951270580292
2017-12-14,0.17358951270580292
2017-12-15,0.17358951270580292
2017-12-16,0.0
2017-12-17,2.678902506828308
2017-12-18,1.1577515006065369
2017-12-19,0.28489813953638077
2017-12-20,19.38384437561035
2017-12-21,0.8239843249320984
2017-12-22,0.26090818643569946
2017-12-23,1.352964162826538
2017-12-24,0.0008288919925689697
2017-12-25,0.0021871088538318872
2017-12-26,0.0
2017-12-27,0.0
2017-12-28,0.0
2017-12-29,0.0
2017-12-30,0.0
2017-12-31,0.0
2018-01-01,0.0
2018-01-02,0.0
2018-01-03,0.15502654016017914
2018-01-04,0.0
2018-01-05,0.0
2018-01-06,0.0
2018-01-07,0.0
2018-01-08,8.089721918106079
2018-01-09,1.2731121182441711
2018-01-10,0.03390396572649479
2018-01-11,0.0
2018-01-12,0.0
2018-01-13,0.0
2018-01-14,0.0
2018-01-15,0.0
2018-01-16,0.6581240892410278
2018-01-17,1.5672922134399414
2018-01-18,0.0
2018-01-19,0.0
2018-01-20,0.0
2018-01-21,0.0
2018-01-22,1.8572432398796082
2018-01-23,4.127899885177612
2018-01-24,0.0
2018-01-25,0.0
2018-01-26,0.0
2018-01-27,4.670600891113281
2018-01-28,21.50472402572632
2018-01-29,0.3396613448858261
2018-01-30,0.000998482311842963
2018-01-31,0.0
2018-02-01,0.3705626428127289
2018-02-02,8.131509065628052
2018-02-03,0.0
2018-02-04,27.86478328704834
2018-02-05,0.038111643865704536
2018-02-06,0.12916754744946957
2018-02-07,37.03978252410889
2018-02-08,0.0049472523387521505
2018-02-09,0.0
2018-02-10,19.20255136489868
2018-02-11,34.09442901611328
2018-02-12,19.369218826293945
2018-02-13,4.418405652046204
2018-02-14,0.8929052948951721
2018-02-15,4.638024568557739
2018-02-16,0.0
2018-02-17,0.0
2018-02-18,0.0
2018-02-19,0.0
2018-02-20,0.0
2018-02-21,0.0
2018-02-22,0.0
2018-02-23,0.0
2018-02-24,0.0
2018-02-25,0.0
2018-02-26,23.75255250930786
2018-02-27,0.0
2018-02-28,17.390474319458008
2018-03-01,0.0
2018-03-02,0.0
2018-03-03,0.0
2018-03-04,0.0
2018-03-05,0.0
2018-03-06,16.54378032684326
2018-03-07,0.0
2018-03-08,0.056078202091157436
2018-03-09,0.0
2018-03-10,5.535638093948364
2018-03-11,48.20694160461426
2018-03-12,6.805384516716003
2018-03-13,0.0
2018-03-14,0.0
2018-03-15,0.0
2018-03-16,0.0
2018-03-17,3.0894930362701416
2018-03-18,0.15405841544270515
2018-03-19,1.6496828198432922
2018-03-20,18.472143173217773
2018-03-21,0.002055109478533268
2018-03-22,0.0
2018-03-23,0.0
2018-03-24,0.07265214994549751
2018-03-25,0.4129500389099121
2018-03-26,0.49079320579767227
2018-03-27,0.724092647433281
2018-03-28,0.3806946724653244
2018-03-29,8.1017165184021
2018-03-30,25.018259525299072
2018-03-31,0.0
2018-04-01,0.0
2018-04-02,0.016988575225695968
2018-04-03,0.173435490578413
2018-04-04,6.688708066940308
2018-04-05,0.0
2018-04-06,0.3363429605960846
2018-04-07,4.469815731048584
2018-04-08,0.23152756690979004
2018-04-09,2.707141101360321
2018-04-10,0.004569287993945181
2018-04-11,0.0
2018-04-12,0.0
2018-04-13,0.0
2018-04-14,0.07768644019961357
2018-04-15,18.765562534332275
2018-04-16,0.0
2018-04-17,0.0
2018-04-18,0.0
2018-04-19,0.0
2018-04-20,0.0
2018-04-21,0.0
2018-04-22,9.568584442138672
2018-04-23,33.436933517456055
2018-04-24,12.392708778381348
2018-04-25,0.7349996119737625
2018-04-26,10.628459930419922
2018-04-27,0.6549075841903687
2018-04-28,0.0
2018-04-29,0.0
2018-04-30,0.0
2018-05-01,0.0
2018-05-02,0.0
2018-05-03,0.0
2018-05-04,0.09894489124417305
2018-05-05,7.052209734916687
2018-05-06,5.902169942855835
2018-05-07,0.049149040132761
2018-05-08,0.7411999553442001
2018-05-09,0.0
2018-05-10,0.09798435866832733
2018-05-11,0.0
2018-05-12,0.0
2018-05-13,0.0
2018-05-14,0.0
2018-05-15,0.0
2018-05-16,13.57152009010315
2018-05-17,7.5804280042648315
2018-05-18,6.543581485748291
2018-05-19,4.496968746185303
2018-05-20,1.3633189797401428
2018-05-21,0.398447684943676
2018-05-22,6.937299370765686
2018-05-23,1.3672148287296295
2018-05-24,1.8265358209609985
2018-05-25,4.31195330619812
2018-05-26,7.874152302742004
2018-05-27,3.9299201369285583
2018-05-28,12.722511529922485
2018-05-29,7.489467620849609
2018-05-30,12.596450090408325
2018-05-31,2.8170171976089478
2018-06-01,18.960675716400146
2018-06-02,13.52784776687622
2018-06-03,1.4563730657100677
2018-06-04,0.5544818043708801
2018-06-05,0.0
2018-06-06,0.0
2018-06-07,0.0
2018-06-08,0.11870883777737617
2018-06-09,0.06464777095243335
2018-06-10,0.5934688039124012
2018-06-11,2.7366185188293457
2018-06-12,2.736570358276367
2018-06-13,7.087515473365784
2018-06-14,4.374639868736267
2018-06-15,0.008558293688111007
2018-06-16,2.5222174525260925
2018-06-17,12.24170708656311
2018-06-18,0.7528576254844666
2018-06-19,0.6038282513618469
2018-06-20,0.23963511362671852
2018-06-21,8.532617568969727
2018-06-22,3.5240991711616516
2018-06-23,3.902725577354431
2018-06-24,1.0032782554626465
2018-06-25,6.610031962394714
2018-06-26,0.14070386067032814
2018-06-27,13.069199562072754
2018-06-28,22.577186107635498
2018-06-29,1.1429771184921265
2018-06-30,0.9406838268041611
2018-07-01,3.234553098678589
2018-07-02,8.313583970069885
2018-07-03,0.8833873271942139
2018-07-04,0.37433989346027374
2018-07-05,0.7805690914392471
2018-07-06,2.61383455991745
2018-07-07,12.484272241592407
2018-07-08,0.351643331348896
2018-07-09,0.0
2018-07-10,0.009928287472575903
2018-07-11,0.02353903464972973
2018-07-12,0.1200032364577055
2018-07-13,0.9477044194936752
2018-07-14,5.243253946304321
2018-07-15,0.4220574423670769
2018-07-16,5.725623607635498
2018-07-17,14.368015050888062
2018-07-18,0.02204518811777234
2018-07-19,2.9650977849960327
2018-07-20,1.293180212378502
2018-07-21,2.695836663246155
2018-07-22,1.5067762732505798
2018-07-23,0.2802053429186344
2018-07-24,14.878419876098633
2018-07-25,0.08118055388331413
2018-07-26,0.0
2018-07-27,0.05241169687360525
2018-07-28,0.0
2018-07-29,0.0
2018-07-30,3.933004081249237
2018-07-31,18.95741558074951
2018-08-01,46.77144813537598
2018-08-02,18.099436283111572
2018-08-03,7.466447591781616
2018-08-04,1.0642708986997604
2018-08-05,3.7428579330444336
2018-08-06,1.197060450911522
2018-08-07,0.4738074690103531
2018-08-08,7.35831892490387
2018-08-09,12.212058305740356
2018-08-10,2.3338592648506165
2018-08-11,0.5565437898039818
2018-08-12,1.1120798885822296
2018-08-13,0.0
2018-08-14,0.0
2018-08-15,0.007342650729697198
2018-08-16,0.09429624862968922
2018-08-17,1.24532750248909
2018-08-18,3.614123284816742
2018-08-19,3.8208544850349426
2018-08-20,3.3209450244903564
2018-08-21,0.0
2018-08-22,0.0
2018-08-23,0.0
2018-08-24,0.0
2018-08-25,0.0
2018-08-26,0.0007250018097693101
2018-08-27,0.07896704971790314
2018-08-28,0.45282551646232605
2018-08-29,10.547439098358154
2018-08-30,2.5349425673484802
2018-08-31,0.7560253441333771
2018-09-01,5.481695890426636
2018-09-02,0.3322872370481491
2018-09-03,0.5655060932040215
2018-09-04,1.404414176940918
2018-09-05,0.7773752957582474
2018-09-06,0.25172192230820656
2018-09-07,0.2407596968114376
2018-09-08,0.2617040164768696
2018-09-09,3.787074863910675
2018-09-10,11.336435079574585
2018-09-11,2.3788768351078033
2018-09-12,2.261683166027069
2018-09-13,0.7919215112924576
2018-09-14,0.6024283841252327
2018-09-15,0.23602335900068283
2018-09-16,0.9944935739040375
2018-09-17,1.9194317162036896
2018-09-18,0.00928366044536233
2018-09-19,0.001480315622757189
2018-09-20,0.0
2018-09-21,0.4861767515540123
2018-09-22,3.696621358394623
2018-09-23,0.7328941524028778
2018-09-24,17.661015033721924
2018-09-25,31.027644157409668
2018-09-26,7.986224293708801
2018-09-27,10.850155353546143
2018-09-28,5.084981441497803
2018-09-29,0.14743750914931297
2018-09-30,0.22087763622403145
2018-10-01,0.16278078965842724
2018-10-02,0.07766228448599577
2018-10-03,0.018194863107055426
2018-10-04,0.2222365289926529
2018-10-05,0.029326136223971844
2018-10-06,0.7780695110559464
2018-10-07,0.18640394508838654
2018-10-08,0.9493121057748795
2018-10-09,2.788512110710144
2018-10-10,14.882200241088867
2018-10-11,64.10364818572998
2018-10-12,0.0
2018-10-13,0.0
2018-10-14,2.0713847875595093
2018-10-15,0.6054214537143707
2018-10-16,0.0
2018-10-17,0.0
2018-10-18,0.0
2018-10-19,0.0
2018-10-20,0.0
2018-10-21,0.0
2018-10-22,0.0
2018-10-23,0.0
2018-10-24,0.0
2018-10-25,5.4705857038497925
2018-10-26,15.610126733779907
2018-10-27,0.8336038142442703
2018-10-28,3.562477377272444e-05
2018-10-29,0.08001700043678284
2018-10-30,0.0
2018-10-31,0.01097609824500978
2018-11-01,11.600250959396362
2018-11-02,4.28428316116333
2018-11-03,0.0
2018-11-04,0.006131978356279433
2018-11-05,15.292913913726807
2018-11-06,14.477622270584106
2018-11-07,2.475862503051758
2018-11-08,9.331741333007812
2018-11-09,22.992219924926758
2018-11-10,0.08601227402687073
2018-11-11,0.1638237964361906
2018-11-12,83.45467567443848
2018-11-13,15.471865177154541
2018-11-14,10.78031301498413
2018-11-15,39.89847469329834
2018-11-16,0.0
2018-11-17,0.0
2018-11-18,0.0
2018-11-19,0.0
2018-11-20,0.8739029169082642
2018-11-21,0.0
2018-11-22,0.0
2018-11-23,1.1362261176109314
2018-11-24,12.213684558868408
2018-11-25,0.10245436243712902
2018-11-26,2.795055776834488
2018-11-27,0.0
2018-11-28,0.0
2018-11-29,0.18977419286966324
2018-11-30,2.4678147733211517
2018-12-01,48.38819599151611
2018-12-02,14.638777732849121
2018-12-03,0.0
2018-12-04,0.0
2018-12-05,0.00015419357805512846
2018-12-06,0.0
2018-12-07,1.1954911351203918
2018-12-08,30.711394786834717
2018-12-09,44.32004737854004
2018-12-10,7.842827796936035
2018-12-11,1.668233573436737
2018-12-12,0.0
2018-12-13,0.0
2018-12-14,17.543488025665283
2018-12-15,3.6745887994766235
2018-12-16,0.20209844037890434
2018-12-17,0.0
2018-12-18,0.0
2018-12-19,0.0
2018-12-20,9.726891279220581
2018-12-21,0.0
2018-12-22,0.0
2018-12-23,0.0
2018-12-24,0.0
2018-12-25,0.0
2018-12-26,0.0
2018-12-27,6.743340492248535
2018-12-28,69.57428169250488
2018-12-29,0.06355411279946566
2018-12-30,4.699978590011597
2018-12-31,10.389472961425781
2019-01-01,9.05407190322876
2019-01-02,3.136508285999298
2019-01-03,12.891564846038818
2019-01-04,22.840072631835938
2019-01-05,0.15161753445863724
2019-01-06,0.0
2019-01-07,0.0
2019-01-08,0.042620718479156494
2019-01-09,0.0
2019-01-10,0.0
2019-01-11,0.0
2019-01-12,2.98788782954216
2019-01-13,7.968976736068726
2019-01-14,0.046263613272458315
2019-01-15,0.0
2019-01-16,0.0
2019-01-17,6.396915078163147
2019-01-18,2.6227139830589294
2019-01-19,20.90846061706543
2019-01-20,15.168190240859985
2019-01-21,0.0
2019-01-22,0.0007648188548046164
2019-01-23,13.453451156616211
2019-01-24,37.49130344390869
2019-01-25,0.0
2019-01-26,0.0
2019-01-27,0.02281467872671783
2019-01-28,0.07047691289335489
2019-01-29,7.428078055381775
2019-01-30,0.0
2019-01-31,0.0
2019-02-01,0.0
2019-02-02,0.0
2019-02-03,0.5339114964008331
2019-02-04,0.42761534452438354
2019-02-05,0.4863917976617813
2019-02-06,6.74008846282959
2019-02-07,0.9410379976034164
2019-02-08,1.5863669514656067
2019-02-09,0.0
2019-02-10,0.2795749567449093
2019-02-11,3.8767935633659363
2019-02-12,35.069464683532715
2019-02-13,0.016880917130038142
2019-02-14,0.0008586430922150612
2019-02-15,0.852876141667366
2019-02-16,24.09198522567749
2019-02-17,6.44457483291626
2019-02-18,12.631653070449829
2019-02-19,29.974987983703613
2019-02-20,16.439815521240234
2019-02-21,41.54429912567139
2019-02-22,21.76055145263672
2019-02-23,1.3131546378135681
2019-02-24,16.1571364402771
2019-02-25,0.0
2019-02-26,0.24719899520277977
2019-02-27,1.432869702577591
2019-02-28,12.635574340820312
2019-03-01,16.46723747253418
2019-03-02,1.6429076790809631
2019-03-03,30.19109869003296
2019-03-04,0.028459278866648674
2019-03-05,0.0
2019-03-06,0.0
2019-03-07,0.0
2019-03-08,3.5198981761932373
2019-03-09,12.337784051895142
2019-03-10,8.037241220474243
2019-03-11,2.415564000606537
2019-03-12,0.0
2019-03-13,0.0
2019-03-14,0.2967425659298897
2019-03-15,31.58630657196045
2019-03-16,0.8972030878067017
2019-03-17,0.8972030878067017
2019-03-18,0.8972030878067017
2019-03-19,0.8972030878067017
2019-03-20,0.8972030878067017
2019-03-21,0.09531911741942167
2019-03-22,0.0
2019-03-23,0.0
2019-03-24,6.46347034489736e-05
2019-03-25,1.20758755505085
2019-03-26,0.45456288009881973
2019-03-27,0.15132223069667816
2019-03-28,0.0
2019-03-29,0.0
2019-03-30,0.003663388779386878
2019-03-31,11.131333827972412
2019-04-01,0.0
2019-04-02,0.2611446902155876
2019-04-03,0.0
2019-04-04,0.730271115899086
2019-04-05,14.428374767303467
2019-04-06,0.45879869163036346
2019-04-07,3.7946077585220337
2019-04-08,14.58708906173706
2019-04-09,12.635380744934082
2019-04-10,0.0
2019-04-11,0.0
2019-04-12,1.7123910784721375
2019-04-13,1.325490117073059
2019-04-14,21.70333242416382
2019-04-15,0.08285102248191833
2019-04-16,0.0
2019-04-17,0.0
2019-04-18,0.01609104056842625
2019-04-19,43.696359634399414
2019-04-20,5.607753276824951
2019-04-21,0.031645826529711485
2019-04-22,0.0
2019-04-23,0.0
2019-04-24,0.0
2019-04-25,4.533432126045227
2019-04-26,5.629787445068359
2019-04-27,0.0
2019-04-28,0.06131118815392256
2019-04-29,0.0
2019-04-30,0.03560112835839391
2019-05-01,0.1220154520124197
2019-05-02,0.025833310093730688
2019-05-03,5.255193710327148
2019-05-04,2.8584115505218506
2019-05-05,8.164048910140991
2019-05-06,0.0
2019-05-07,0.4436722621321678
2019-05-08,1.8236448764801025
2019-05-09,9.83212924003601
2019-05-10,7.684092879295349
2019-05-11,8.02941358089447
2019-05-12,9.238480567932129
2019-05-13,0.11629263870418072
2019-05-14,0.0
2019-05-15,0.0001902242802316323
2019-05-16,0.5555028915405273
2019-05-17,0.11430052481591702
2019-05-18,0.22688180953264236
2019-05-19,0.0
2019-05-20,0.5567970871925354
2019-05-21,0.0
2019-05-22,0.0
2019-05-23,0.35910432785749435
2019-05-24,0.22998933494091034
2019-05-25,0.0
2019-05-26,0.0
2019-05-27,0.6642082631587982
2019-05-28,0.0
2019-05-29,0.0
2019-05-30,0.0
2019-05-31,0.6998581439256668
2019-06-01,0.0031431359820999205
2019-06-02,0.0075147508177906275
2019-06-03,0.0
2019-06-04,0.020551327150315046
2019-06-05,4.356812238693237
2019-06-06,1.5864356756210327
2019-06-07,15.227809190750122
2019-06-08,16.351736545562744
2019-06-09,12.174126863479614
2019-06-10,3.5864604711532593
2019-06-11,0.09452774561941624
2019-06-12,8.918074011802673
2019-06-13,2.3104847967624664
2019-06-14,0.0
2019-06-15,0.11833171173930168
2019-06-16,0.05800206400454044
2019-06-17,1.3604315221309662
2019-06-18,9.552402973175049
2019-06-19,2.856128692626953
2019-06-20,1.1824902594089508
2019-06-21,0.0
2019-06-22,3.7096468210220337
2019-06-23,0.16920882649719715
2019-06-24,9.790749073028564
2019-06-25,0.0860619805753231
2019-06-26,1.2101821303367615
2019-06-27,0.8267661035060883
2019-06-28,0.4322029799222946
2019-06-29,7.68052077293396
2019-06-30,0.46885571628808975
2019-07-01,1.6883708834648132
2019-07-02,0.0
2019-07-03,0.8261127769947052
2019-07-04,1.1104317903518677
2019-07-05,5.171039700508118
2019-07-06,2.6661936938762665
2019-07-07,3.0822595953941345
2019-07-08,0.8539953529834747
2019-07-09,1.2135676741600037
2019-07-10,1.727267861366272
2019-07-11,2.388428509235382
2019-07-12,8.578430652618408
2019-07-13,17.076765298843384
2019-07-14,2.126190721988678
2019-07-15,0.25581855699419975
2019-07-16,0.006618361920118332
2019-07-17,3.7655014395713806
2019-07-18,0.30322225019335747
2019-07-19,4.461362957954407
2019-07-20,5.901442050933838
2019-07-21,0.45517512410879135
2019-07-22,1.0653613358736038
2019-07-23,3.97000253200531
2019-07-24,0.0015635679883416742
2019-07-25,0.0
2019-07-26,0.006106664892286062
2019-07-27,0.0005725414011976682
2019-07-28,0.009263863321393728
2019-07-29,0.17945052310824394
2019-07-30,0.5216051712632179
2019-07-31,2.814894735813141
2019-08-01,5.000407099723816
2019-08-02,13.799179792404175
2019-08-03,1.6397634744644165
2019-08-04,4.435974478721619
2019-08-05,0.4283978193998337
2019-08-06,0.23145655542612076
2019-08-07,0.5746787413954735
2019-08-08,1.045152172446251
2019-08-09,0.046930733136832714
2019-08-10,5.683023571968079
2019-08-11,0.03684784146025777
2019-08-12,0.3629235550761223
2019-08-13,0.5273354575037956
2019-08-14,7.9085798263549805
2019-08-15,0.0
2019-08-16,0.0
2019-08-17,0.0
2019-08-18,0.0
2019-08-19,8.116944193840027
2019-08-20,3.2688984870910645
2019-08-21,0.23351551964879036
2019-08-22,4.250273704528809
2019-08-23,7.306410908699036
2019-08-24,1.9287195205688477
2019-08-25,2.1025003790855408
2019-08-26,9.716992378234863
2019-08-27,10.099367380142212
2019-08-28,1.3129554986953735
2019-08-29,0.0
2019-08-30,0.0
2019-08-31,0.001404714974341914
2019-09-01,1.5257520377635956
2019-09-02,0.010475840652361512
2019-09-03,0.0
2019-09-04,0.0
2019-09-05,0.0
2019-09-06,0.0
2019-09-07,0.06829952821135521
2019-09-08,0.0
2019-09-09,0.0
2019-09-10,2.604512572288513
2019-09-11,3.943878650665283
2019-09-12,0.00037017936119809747
2019-09-13,1.0765670984983444
2019-09-14,5.3286134004592896
2019-09-15,0.5756443366408348
2019-09-16,0.0
2019-09-17,0.02380903111770749
2019-09-18,1.512666791677475
2019-09-19,0.08052721247076988
2019-09-20,0.0
2019-09-21,0.2965905889868736
2019-09-22,0.2965905889868736
2019-09-23,0.2965905889868736
2019-09-24,0.2965905889868736
2019-09-25,0.2965905889868736
2019-09-26,1.2190070301294327
2019-09-27,0.21508317813277245
2019-09-28,5.554546594619751
2019-09-29,0.3363664001226425
2019-09-30,0.0
2019-10-01,0.04457901464775205
2019-10-02,0.0
2019-10-03,0.0006528508092742413
2019-10-04,0.0
2019-10-05,0.5982290431857109
2019-10-06,0.5977198779582977
2019-10-07,1.244629681110382
2019-10-08,0.46972259879112244
2019-10-09,0.11075966618955135
2019-10-10,0.0
2019-10-11,0.0
2019-10-12,0.3053683713078499
2019-10-13,8.799654006958008
2019-10-14,0.0003622586955316365
2019-10-15,3.550792396068573
2019-10-16,3.9366415143013
2019-10-17,0.0
2019-10-18,0.0
2019-10-19,24.58299207687378
2019-10-20,10.746246337890625
2019-10-21,0.013768498785793781
2019-10-22,4.722330987453461
2019-10-23,0.0
2019-10-24,0.0
2019-10-25,2.5699803829193115
2019-10-26,26.3913631439209
2019-10-27,29.405559539794922
2019-10-28,0.00195467279991135
2019-10-29,0.002932009461801499
2019-10-30,44.53437328338623
2019-10-31,32.74568319320679
2019-11-01,0.0
2019-11-02,0.0
2019-11-03,0.0
2019-11-04,0.0
2019-11-05,3.714960038661957
2019-11-06,0.0
2019-11-07,2.968399465084076
2019-11-08,10.18306040763855
2019-11-09,0.0
2019-11-10,0.0
2019-11-11,0.0
2019-11-12,8.069024324417114
2019-11-13,0.0
2019-11-14,0.22837527841329575
2019-11-15,11.127995729446411
2019-11-16,1.0513902604579926
2019-11-17,0.0
2019-11-18,0.012144814245402813
2019-11-19,0.4147196337580681
2019-11-20,0.0
2019-11-21,0.12360555864870548
2019-11-22,2.767523944377899
2019-11-23,21.9960675239563
2019-11-24,0.03927874378859997
2019-11-25,0.0
2019-11-26,0.0
2019-11-27,4.432028949260712
2019-11-28,0.0
2019-11-29,0.10955202020704746
2019-11-30,1.0703734010457993
2019-12-01,14.596897840499878
2019-12-02,0.01209109474439174
2019-12-03,0.0
2019-12-04,0.0014766550157219172
2019-12-05,0.0
2019-12-06,1.7767658829689026
2019-12-07,0.00611523084808141
2019-12-08,0.0026790009869728237
2019-12-09,1.302717074751854
2019-12-10,9.934677124023438
2019-12-11,1.0354855060577393
2019-12-12,0.017210685182362795
2019-12-13,8.522472143173218
2019-12-14,7.111575126647949
2019-12-15,0.0
2019-12-16,3.6815789937973022
2019-12-17,28.12394380569458
2019-12-18,0.0
2019-12-19,0.0
2019-12-20,0.0
2019-12-21,2.6381219029426575
2019-12-22,28.281797885894775
2019-12-23,29.98054838180542
2019-12-24,0.3630113825201988
2019-12-25,0.0
2019-12-26,0.0
2019-12-27,0.2828378230333328
2019-12-28,0.9240853935480118
2019-12-29,2.5822590589523315
2019-12-30,6.539088666439056
2019-12-31,0.0
