,precipitation
1989-01-01,0.0
1989-01-02,0.5473880288437543
1989-01-03,0.00961051992392092
1989-01-04,0.0
1989-01-05,0.04448262652560739
1989-01-06,0.0
1989-01-07,0.08844421855751047
1989-01-08,0.018875217020569327
1989-01-09,1.993573482813608
1989-01-10,0.10375019096493963
1989-01-11,0.5509451691197498
1989-01-12,5.17083802869566
1989-01-13,9.575433529050104
1989-01-14,0.9856688113755125
1989-01-15,0.0
1989-01-16,0.0
1989-01-17,0.0408150510745596
1989-01-18,0.4935739833344887
1989-01-19,9.515322395056781
1989-01-20,6.512572837740931
1989-01-21,0.05423679776793168
1989-01-22,0.03631595238865767
1989-01-23,0.8665971822119163
1989-01-24,4.387606053333689
1989-01-25,10.474235149181668
1989-01-26,13.22921727698645
1989-01-27,6.573054858295097
1989-01-28,17.6731794732866
1989-01-29,20.913769029746504
1989-01-30,1.4873514476907648
1989-01-31,0.03603133194518985
1989-02-01,0.19721688871202506
1989-02-02,2.5770217984345565
1989-02-03,2.8386561607818974
1989-02-04,0.08277824323036867
1989-02-05,0.7607490032945118
1989-02-06,0.757901464486194
1989-02-07,0.06809437124828276
1989-02-08,0.0
1989-02-09,0.0
1989-02-10,0.0
1989-02-11,0.3762958733860081
1989-02-12,2.4208564219520046
1989-02-13,0.5430542273895136
1989-02-14,1.7368572851735544
1989-02-15,2.009238273618694
1989-02-16,7.691528659295331
1989-02-17,3.2184284595786594
1989-02-18,2.5163835139174187
1989-02-19,0.13887932754165852
1989-02-20,0.29517413900910155
1989-02-21,0.0014362172345198298
1989-02-22,0.0
1989-02-23,0.0
1989-02-24,0.0
1989-02-25,0.0
1989-02-26,0.0
1989-02-27,0.0
1989-02-28,0.03581548326951948
1989-03-01,1.4457346634107204
1989-03-02,1.179191083239643
1989-03-03,1.656678382325285
1989-03-04,0.9806693347863394
1989-03-05,0.27790979779277086
1989-03-06,0.0
1989-03-07,0.0
1989-03-08,0.0
1989-03-09,0.0
1989-03-10,0.0
1989-03-11,0.0
1989-03-12,0.0
1989-03-13,0.0
1989-03-14,0.0
1989-03-15,0.0014193720485354338
1989-03-16,0.0
1989-03-17,0.014347488946572574
1989-03-18,0.380158223969833
1989-03-19,6.324477515714461
1989-03-20,9.354386070660203
1989-03-21,2.909617799059645
1989-03-22,2.135641332165687
1989-03-23,0.027441902735754184
1989-03-24,0.0
1989-03-25,1.4240442903650612
1989-03-26,7.602163592543197
1989-03-27,13.704300783440898
1989-03-28,9.951872867871433
1989-03-29,0.40324617824049724
1989-03-30,0.0
1989-03-31,0.0
1989-04-01,0.0
1989-04-02,0.023359251453998794
1989-04-03,0.3101846916571571
1989-04-04,0.0
1989-04-05,0.0
1989-04-06,0.0
1989-04-07,0.0
1989-04-08,0.0
1989-04-09,0.0001502439504780527
1989-04-10,0.0003004879009561054
1989-04-11,0.0
1989-04-12,1.1253669519539744
1989-04-13,4.9277680262694545
1989-04-14,12.970204173075182
1989-04-15,0.003291255659121004
1989-04-16,0.0
1989-04-17,0.204765807277318
1989-04-18,0.2169438708019976
1989-04-19,31.398712150878765
1989-04-20,0.2655202908287684
1989-04-21,0.05893289242071799
1989-04-22,0.0
1989-04-23,0.0
1989-04-24,0.0
1989-04-25,0.3465517434022695
1989-04-26,0.5874906287698154
1989-04-27,0.909520919268924
1989-04-28,10.271021702725573
1989-04-29,1.5467480616941176
1989-04-30,8.474710541897801
1989-05-01,0.7028691954065566
1989-05-02,0.23446678762372483
1989-05-03,2.37022075379224
1989-05-04,0.2845861262399634
1989-05-05,10.330897634370185
1989-05-06,0.0
1989-05-07,0.04931468397897621
1989-05-08,0.18852486230526694
1989-05-09,0.2634308887824135
1989-05-10,7.410485748226755
1989-05-11,0.4957426162444608
1989-05-12,0.713769759777137
1989-05-13,0.8796701601216685
1989-05-14,12.366042940642258
1989-05-15,7.979155006084268
1989-05-16,3.3876333395531466
1989-05-17,41.02749337200375
1989-05-18,0.35027385393594784
1989-05-19,0.050046231241818576
1989-05-20,0.714884009372195
1989-05-21,10.282025410777278
1989-05-22,0.0001670891364624487
1989-05-23,0.0
1989-05-24,0.0
1989-05-25,0.0
1989-05-26,0.0059679561870004064
1989-05-27,0.0076878161364919454
1989-05-28,0.0
1989-05-29,0.007219853623143609
1989-05-30,0.04242781385071928
1989-05-31,0.020953488467925583
1989-06-01,0.03856808692640552
1989-06-02,0.03771779335437064
1989-06-03,0.1930004397003186
1989-06-04,0.5027197919994113
1989-06-05,11.557681248784748
1989-06-06,0.18797637629250633
1989-06-07,0.0296017135004605
1989-06-08,0.0003004879009561054
1989-06-09,0.005817712236522354
1989-06-10,6.887211435056956
1989-06-11,3.3956598161254417
1989-06-12,1.9260610543015837
1989-06-13,4.9199369713188075
1989-06-14,54.450884920992955
1989-06-15,0.045650621392178486
1989-06-16,0.0
1989-06-17,0.0
1989-06-18,0.04346186288652559
1989-06-19,0.01961124311085559
1989-06-20,0.012949325142050114
1989-06-21,0.0
1989-06-22,0.38627333132810576
1989-06-23,1.348826017732266
1989-06-24,4.1224036119611265
1989-06-25,4.53012992748879
1989-06-26,7.970715744165383
1989-06-27,0.8613220705840484
1989-06-28,0.00833102004539427
1989-06-29,0.11954213567724531
1989-06-30,0.3499193216263214
1989-07-01,0.019323240609536652
1989-07-02,0.11150797730436367
1989-07-03,0.196829898321236
1989-07-04,0.4943688737851068
1989-07-05,0.0
1989-07-06,0.0001502439504780527
1989-07-07,0.872544667245296
1989-07-08,0.13387844163734766
1989-07-09,0.037219580017503646
1989-07-10,0.022312228657085573
1989-07-11,0.06261455668215186
1989-07-12,0.027341477071285883
1989-07-13,0.06151835140949438
1989-07-14,0.5743984749705944
1989-07-15,0.24527557000763806
1989-07-16,0.026800582269182246
1989-07-17,0.010507954703345482
1989-07-18,0.011937823853104497
1989-07-19,0.19163739006929328
1989-07-20,0.02884391657606641
1989-07-21,0.0025136648307368926
1989-07-22,0.4104751197482539
1989-07-23,1.1472563127742372
1989-07-24,15.222026350787374
1989-07-25,2.0457263566482884
1989-07-26,1.278386402911713
1989-07-27,1.4498797989523298
1989-07-28,0.2782549904663961
1989-07-29,0.011268440561495513
1989-07-30,0.025140952846059005
1989-07-31,0.012644546899008824
1989-08-01,5.841870592535113
1989-08-02,3.560955282745029
1989-08-03,0.07320648158817043
1989-08-04,0.0059511110010160104
1989-08-05,0.034809148863759805
1989-08-06,0.6329813495817582
1989-08-07,4.190813690635849
1989-08-08,3.430359351739326
1989-08-09,0.0
1989-08-10,0.0
1989-08-11,0.0
1989-08-12,0.0
1989-08-13,0.0189473583825319
1989-08-14,0.2724485706626338
1989-08-15,1.183375229167902
1989-08-16,0.26689435028187886
1989-08-17,0.16238579029168132
1989-08-18,1.1641665561683385
1989-08-19,0.06659633803756776
1989-08-20,0.053241053615031515
1989-08-21,0.0001502439504780527
1989-08-22,0.0003004879009561054
1989-08-23,0.033708380369348485
1989-08-24,0.990885953029157
1989-08-25,0.13689973856695736
1989-08-26,0.030134578669219245
1989-08-27,0.04765488491236506
1989-08-28,0.007537572186013893
1989-08-29,0.0059679561870004064
1989-08-30,0.01977397246097081
1989-08-31,0.0
1989-09-01,0.0059679561870004064
1989-09-02,0.0
1989-09-03,0.11513714152692324
1989-09-04,2.152893037476345
1989-09-05,0.6787995598285732
1989-09-06,3.0736741280408726
1989-09-07,0.8706127692827311
1989-09-08,0.3374182561848887
1989-09-09,0.018471793139542204
1989-09-10,1.4674199618873485
1989-09-11,2.823760817851125
1989-09-12,3.8477170617466094
1989-09-13,2.774648836613395
1989-09-14,1.3202705401444375
1989-09-15,0.0
1989-09-16,0.0
1989-09-17,0.011825344966803583
1989-09-18,0.009460275973442867
1989-09-19,0.0
1989-09-20,0.0
1989-09-21,0.0
1989-09-22,0.0
1989-09-23,0.0002836427149717094
1989-09-24,0.0
1989-09-25,0.0
1989-09-26,0.0
1989-09-27,0.0
1989-09-28,0.0
1989-09-29,0.0
1989-09-30,0.0
1989-10-01,0.0
1989-10-02,0.0
1989-10-03,0.0
1989-10-04,0.7210948286700445
1989-10-05,0.838350995153238
1989-10-06,0.4181307298853272
1989-10-07,29.723431502083162
1989-10-08,0.3141588326803301
1989-10-09,0.0
1989-10-10,0.0
1989-10-11,0.0
1989-10-12,0.0
1989-10-13,0.006118200137478459
1989-10-14,0.0
1989-10-15,0.0
1989-10-16,0.0
1989-10-17,0.0
1989-10-18,0.026231784835615498
1989-10-19,0.0
1989-10-20,0.0
1989-10-21,0.0
1989-10-22,0.0
1989-10-23,0.0
1989-10-24,0.0
1989-10-25,0.08537418086681077
1989-10-26,1.7102235585488479
1989-10-27,8.878119851612535
1989-10-28,7.427521824728002
1989-10-29,6.4100851736672135
1989-10-30,13.822006178984193
1989-10-31,0.3428466004861658
1989-11-01,0.0
1989-11-02,0.005620383891154925
1989-11-03,0.0
1989-11-04,0.0
1989-11-05,0.13045090575790258
1989-11-06,0.013154919727946194
1989-11-07,0.03269298335698853
1989-11-08,0.13775672520791715
1989-11-09,0.0
1989-11-10,0.0
1989-11-11,0.04021863729179028
1989-11-12,2.7654883608213177
1989-11-13,2.2967400685245165
1989-11-14,0.01817717897012132
1989-11-15,0.9915748413489128
1989-11-16,0.038731368808151506
1989-11-17,0.165717296916131
1989-11-18,0.9088968535106894
1989-11-19,0.7333035872279524
1989-11-20,4.2335472859447645
1989-11-21,0.3728665608589826
1989-11-22,13.163857121919936
1989-11-23,0.0
1989-11-24,0.0
1989-11-25,0.0
1989-11-26,0.0059511110010160104
1989-11-27,0.0014193720485354338
1989-11-28,0.17735788423564589
1989-11-29,0.037135706165701395
1989-11-30,5.730841132643093
1989-12-01,0.06484042261795003
1989-12-02,1.7858516746955377
1989-12-03,0.0
1989-12-04,0.0
1989-12-05,0.0
1989-12-06,0.0
1989-12-07,0.11855244406239435
1989-12-08,0.17389747955297208
1989-12-09,0.0
1989-12-10,0.0
1989-12-11,0.0
1989-12-12,0.0
1989-12-13,0.0
1989-12-14,0.0
1989-12-15,0.0
1989-12-16,0.0
1989-12-17,0.01337429863762572
1989-12-18,0.47722769371491863
1989-12-19,0.14079158527362737
1989-12-20,0.0
1989-12-21,0.0059679561870004064
1989-12-22,0.0047301379867214334
1989-12-23,0.0
1989-12-24,0.0
1989-12-25,0.0
1989-12-26,0.0
1989-12-27,0.0025136648307368926
1989-12-28,0.2579603268585955
1989-12-29,0.32598437411319253
1989-12-30,1.2474612610990337
1989-12-31,0.6006278753387716
1990-01-01,0.0041646698381191385
1990-01-02,0.025414804441696952
1990-01-03,2.362943890718788
1990-01-04,2.2838329954518417
1990-01-05,2.477684986846505
1990-01-06,7.59161087183255
1990-01-07,0.20778473192498104
1990-01-08,0.0
1990-01-09,0.0
1990-01-10,0.0
1990-01-11,0.0
1990-01-12,0.0
1990-01-13,0.0
1990-01-14,0.0
1990-01-15,0.2759048345587607
1990-01-16,4.018321259985763
1990-01-17,1.6251823033182968
1990-01-18,1.6248186919943999
1990-01-19,2.4874582855203213
1990-01-20,0.8325004160579494
1990-01-21,0.004638270577004863
1990-01-22,0.0037704972461053386
1990-01-23,0.3857953257527769
1990-01-24,0.24313390412389257
1990-01-25,0.0
1990-01-26,0.02639348072273737
1990-01-27,0.02639348072273737
1990-01-28,4.682155108781586
1990-01-29,0.6403447053792627
1990-01-30,0.19967374880291752
1990-01-31,3.501530562990673
1990-02-01,20.243498868185153
1990-02-02,1.2866186001759778
1990-02-03,3.063002043730977
1990-02-04,0.0
1990-02-05,0.07685865200737321
1990-02-06,0.4800403956196623
1990-02-07,0.864927525418712
1990-02-08,0.38585708684354714
1990-02-09,3.5198999231950587
1990-02-10,0.0001502439504780527
1990-02-11,0.0
1990-02-12,0.0
1990-02-13,0.011801216061843289
1990-02-14,0.4969269368038612
1990-02-15,1.764596461474622
1990-02-16,0.19977886917073945
1990-02-17,2.3470954751259265
1990-02-18,2.3236497993691936
1990-02-19,0.22224878992172517
1990-02-20,1.162724029726717
1990-02-21,29.652101651978825
1990-02-22,0.23274979863112527
1990-02-23,0.0
1990-02-24,0.0
1990-02-25,0.0
1990-02-26,0.31900800782263045
1990-02-27,2.7251822592957815
1990-02-28,10.202494854587737
1990-03-01,12.826846163701184
1990-03-02,0.5588085233141825
1990-03-03,0.02348600732307587
1990-03-04,0.25880869854821753
1990-03-05,0.5119326374934169
1990-03-06,1.8747146570133857
1990-03-07,9.483848190114287
1990-03-08,4.60042626368442
1990-03-09,0.7043416839813166
1990-03-10,2.365875920561744
1990-03-11,8.959717552356793
1990-03-12,4.847344448253832
1990-03-13,8.579616884819503
1990-03-14,37.195162329249044
1990-03-15,2.885816365413918
1990-03-16,0.07655411894337877
1990-03-17,0.09525187846359061
1990-03-18,0.0
1990-03-19,0.0
1990-03-20,0.0
1990-03-21,0.0
1990-03-22,0.0
1990-03-23,0.06541586287738478
1990-03-24,0.45909852576446214
1990-03-25,2.500720801803622
1990-03-26,0.8359261025883601
1990-03-27,3.0638573748982765
1990-03-28,4.343995345359251
1990-03-29,11.398197418518492
1990-03-30,8.331392475754031
1990-03-31,0.42600494391452604
1990-04-01,5.177224425621697
1990-04-02,7.421088898906112
1990-04-03,0.08199899195270242
1990-04-04,0.7042668837740547
1990-04-05,0.09264383085656845
1990-04-06,5.919260376380842
1990-04-07,0.0
1990-04-08,1.1816939043361112
1990-04-09,4.307420692858741
1990-04-10,0.8767041177982683
1990-04-11,0.13360695261873093
1990-04-12,0.2339142328767513
1990-04-13,3.1533848897373553
1990-04-14,1.6347553780030042
1990-04-15,0.08282907535797725
1990-04-16,0.15531838500198483
1990-04-17,3.344940620674474
1990-04-18,2.1708305597427215
1990-04-19,5.288939648433082
1990-04-20,0.38328127639370974
1990-04-21,0.18641371125146847
1990-04-22,0.4210294274503869
1990-04-23,0.09673099480695002
1990-04-24,4.00393212692877
1990-04-25,4.3764877916976435
1990-04-26,80.17722940287487
1990-04-27,0.8116580906228938
1990-04-28,0.0
1990-04-29,0.0
1990-04-30,0.0
1990-05-01,2.917795585368116
1990-05-02,22.293446637037917
1990-05-03,55.078838102728184
1990-05-04,0.0
1990-05-05,0.0006030631520000141
1990-05-06,0.0
1990-05-07,0.06459455290438772
1990-05-08,0.6234031446456842
1990-05-09,0.0
1990-05-10,0.0
1990-05-11,1.5966197526219947
1990-05-12,2.249411863382683
1990-05-13,0.0
1990-05-14,0.02400522351249528
1990-05-15,0.025140952846059005
1990-05-16,0.09975108710000959
1990-05-17,1.723809691769936
1990-05-18,6.943831227325585
1990-05-19,0.47786819659440694
1990-05-20,0.2714275396150387
1990-05-21,3.119604519668325
1990-05-22,1.528671247165425
1990-05-23,0.2696911549420549
1990-05-24,0.030958665082581358
1990-05-25,0.09569926489768647
1990-05-26,0.03254582712895449
1990-05-27,0.02207975560639221
1990-05-28,3.5187221685813617
1990-05-29,0.21823338952800575
1990-05-30,2.687971581653632
1990-05-31,0.9816525577597534
1990-06-01,0.2080187804539729
1990-06-02,7.217524533783438
1990-06-03,0.9193921669241425
1990-06-04,19.217982109180856
1990-06-05,0.02323392120340686
1990-06-06,0.0059679561870004064
1990-06-07,0.03565840403195395
1990-06-08,0.007384291886313217
1990-06-09,0.013502492023791675
1990-06-10,0.035955855583687434
1990-06-11,0.059595803912225014
1990-06-12,0.01820526732238689
1990-06-13,0.02409139250816993
1990-06-14,0.039095087581714406
1990-06-15,0.03989815179642607
1990-06-16,0.007384291886313217
1990-06-17,0.0059679561870004064
1990-06-18,0.0
1990-06-19,0.0
1990-06-20,0.0
1990-06-21,0.0
1990-06-22,0.0
1990-06-23,0.0714788115151573
1990-06-24,0.23901574202146877
1990-06-25,0.0
1990-06-26,0.05713929786419979
1990-06-27,0.0
1990-06-28,0.018284741049662656
1990-06-29,0.7319711062661725
1990-06-30,1.614448024879163
1990-07-01,0.010621400396116813
1990-07-02,0.0
1990-07-03,0.0
1990-07-04,0.0
1990-07-05,0.016855636180894768
1990-07-06,3.2471029879477937
1990-07-07,2.736237005843133
1990-07-08,0.14472602277446428
1990-07-09,0.3040489950633579
1990-07-10,0.0
1990-07-11,0.024535809269851105
1990-07-12,8.446445458355297
1990-07-13,0.7277423139483835
1990-07-14,0.0
1990-07-15,27.771920789747547
1990-07-16,37.49792352683273
1990-07-17,21.111797886494628
1990-07-18,12.116429286358235
1990-07-19,11.98557943701886
1990-07-20,0.9015246443666852
1990-07-21,0.09716870044025709
1990-07-22,0.0001502439504780527
1990-07-23,12.41788788098847
1990-07-24,15.752437774687031
1990-07-25,4.711056103475597
1990-07-26,0.0059679561870004064
1990-07-27,0.017058480018832204
1990-07-28,0.007748447995867388
1990-07-29,0.3671989940225935
1990-07-30,3.567778141488787
1990-07-31,3.824690061377145
1990-08-01,1.1624542097872026
1990-08-02,1.0672603056562133
1990-08-03,4.045757821485824
1990-08-04,0.05695653728134422
1990-08-05,0.6010304015243367
1990-08-06,0.0
1990-08-07,0.0
1990-08-08,0.0
1990-08-09,0.025751910417363397
1990-08-10,0.6042010772750873
1990-08-11,0.9502019544657023
1990-08-12,0.0
1990-08-13,0.01475477493586466
1990-08-14,0.01072956831048354
1990-08-15,0.08655413075261258
1990-08-16,0.018985884995020352
1990-08-17,0.9233991475227513
1990-08-18,1.129319511367352
1990-08-19,0.04819265632519204
1990-08-20,0.16174651561701983
1990-08-21,0.40234414494341203
1990-08-22,1.541070894330496
1990-08-23,1.3258854846030936
1990-08-24,0.00820553053433858
1990-08-25,0.0
1990-08-26,0.0
1990-08-27,0.0044053237468617305
1990-08-28,0.0
1990-08-29,0.0
1990-08-30,0.007384291886313217
1990-08-31,0.2758363957113457
1990-09-01,3.0270742010422387
1990-09-02,5.237348668268504
1990-09-03,1.2283341390285363
1990-09-04,0.7799059827174087
1990-09-05,0.4406556445454474
1990-09-06,1.7404010657401625
1990-09-07,0.08008273199235498
1990-09-08,0.31965334797717365
1990-09-09,15.731602109493968
1990-09-10,17.758156367172862
1990-09-11,2.2591178848153453
1990-09-12,0.6475714298664927
1990-09-13,0.8681005095130768
1990-09-14,0.47926145847846485
1990-09-15,1.5720488588034458
1990-09-16,9.088774791979489
1990-09-17,1.3179645899896808
1990-09-18,0.9958559108863992
1990-09-19,2.389432220109292
1990-09-20,2.6329228678951275
1990-09-21,0.12995747080872402
1990-09-22,1.4674223053674875
1990-09-23,0.2152026508853572
1990-09-24,0.026793636301317585
1990-09-25,0.0
1990-09-26,0.0023096179529689246
1990-09-27,0.015948138344271542
1990-09-28,0.0
1990-09-29,0.0
1990-09-30,0.0
1990-10-01,0.02863328983998052
1990-10-02,0.02550988876325189
1990-10-03,1.3278632897551188
1990-10-04,0.43557104685492437
1990-10-05,0.33469051448084375
1990-10-06,0.023882511444463416
1990-10-07,0.14141231978504779
1990-10-08,0.6751072065726764
1990-10-09,52.619609491870534
1990-10-10,0.0
1990-10-11,0.0
1990-10-12,0.0
1990-10-13,0.0
1990-10-14,0.0
1990-10-15,0.07784042904252375
1990-10-16,1.0725852714774455
1990-10-17,4.456313422479828
1990-10-18,0.431657106985434
1990-10-19,0.1472220959223784
1990-10-20,0.27751274305813434
1990-10-21,23.27528437423974
1990-10-22,0.07711052891910307
1990-10-23,0.0
1990-10-24,0.0
1990-10-25,0.0
1990-10-26,0.0
1990-10-27,0.0
1990-10-28,0.0
1990-10-29,0.0
1990-10-30,0.0
1990-10-31,0.014474168570115575
1990-11-01,0.0
1990-11-02,0.0
1990-11-03,3.9952852987998484
1990-11-04,15.568456340260589
1990-11-05,0.10661448878854507
1990-11-06,0.0
1990-11-07,2.9077984618855335
1990-11-08,32.861234989374644
1990-11-09,1.7223123477509232
1990-11-10,0.0
1990-11-11,0.0
1990-11-12,0.0
1990-11-13,0.0
1990-11-14,0.0
1990-11-15,0.0014193720485354338
1990-11-16,0.011645444381142142
1990-11-17,0.03194788785013637
1990-11-18,0.0
1990-11-19,0.00738732823553584
1990-11-20,0.03739307110990164
1990-11-21,0.8992566129581935
1990-11-22,6.391936290895304
1990-11-23,1.6861309171596364
1990-11-24,0.0
1990-11-25,0.006858206942447696
1990-11-26,0.6227757487244343
1990-11-27,0.255501727685052
1990-11-28,0.0
1990-11-29,0.0
1990-11-30,0.0
1990-12-01,0.0
1990-12-02,0.6211466509330371
1990-12-03,0.14332643766346895
1990-12-04,0.0
1990-12-05,0.0
1990-12-06,0.0
1990-12-07,0.0
1990-12-08,0.0
1990-12-09,0.0
1990-12-10,0.0
1990-12-11,0.000890245904433491
1990-12-12,0.0
1990-12-13,0.0
1990-12-14,0.13175896881716906
1990-12-15,0.07090402817688142
1990-12-16,0.4430664690254176
1990-12-17,0.4328137988884302
1990-12-18,0.9344294714180008
1990-12-19,0.01951948005299498
1990-12-20,0.1176946353658544
1990-12-21,0.2561109814985909
1990-12-22,0.06047074471743646
1990-12-23,0.01856427833195148
1990-12-24,0.013825156569052909
1990-12-25,0.11584484938079005
1990-12-26,3.067859791144967
1990-12-27,1.0461276717785484
1990-12-28,0.3920929180033146
1990-12-29,4.0404352712753075
1990-12-30,2.1164993805460086
1990-12-31,0.013635401137268912
1991-01-01,1.6111045498734609
1991-01-02,14.208773526707931
1991-01-03,17.08854757454728
1991-01-04,3.115902329843094
1991-01-05,3.1860737755930972
1991-01-06,3.9565443945010847
1991-01-07,1.06076018457936
1991-01-08,1.9113003325647018
1991-01-09,20.383987834461678
1991-01-10,14.46490377188659
1991-01-11,0.08872606158113733
1991-01-12,0.0
1991-01-13,0.012568324153684463
1991-01-14,0.4234777130527288
1991-01-15,1.1688584077430988
1991-01-16,0.8189043722011823
1991-01-17,2.1681473237053384
1991-01-18,26.21289536880855
1991-01-19,0.3764791481560413
1991-01-20,0.0
1991-01-21,0.07858243042266636
1991-01-22,0.02763165816753818
1991-01-23,2.110327481262218
1991-01-24,5.152701549461805
1991-01-25,0.0
1991-01-26,0.0
1991-01-27,0.03282664349375789
1991-01-28,0.12216123201009235
1991-01-29,1.714546754353911
1991-01-30,6.860123848957769
1991-01-31,0.28923807966357057
1991-02-01,0.11201017038223345
1991-02-02,2.406136877109741
1991-02-03,2.9571623985669375
1991-02-04,25.452342284497902
1991-02-05,1.3583786963468458
1991-02-06,0.005304161411077738
1991-02-07,0.0
1991-02-08,0.0
1991-02-09,0.0
1991-02-10,0.0
1991-02-11,0.0
1991-02-12,0.033329683986360645
1991-02-13,0.19097258855152316
1991-02-14,0.0
1991-02-15,0.01005465932294757
1991-02-16,1.063749451403718
1991-02-17,0.7639423290256451
1991-02-18,4.9317503283727975
1991-02-19,8.09108415209267
1991-02-20,0.5958813364714048
1991-02-21,4.947600865049709
1991-02-22,0.061493102870844016
1991-02-23,0.007832898248954315
1991-02-24,0.012900490977210567
1991-02-25,0.73984627451065
1991-02-26,0.007384291886313217
1991-02-27,0.02572508126541068
1991-02-28,1.3022891847259304
1991-03-01,4.174684112187134
1991-03-02,0.0001502439504780527
1991-03-03,0.0
1991-03-04,0.0
1991-03-05,0.0
1991-03-06,0.0
1991-03-07,0.0
1991-03-08,0.0
1991-03-09,0.0
1991-03-10,0.0
1991-03-11,0.0
1991-03-12,0.12260552152973955
1991-03-13,0.0
1991-03-14,4.4244673150919
1991-03-15,6.07682832281419
1991-03-16,8.38186472403027
1991-03-17,2.0656878232441485
1991-03-18,0.13069330503764734
1991-03-19,0.23822852982735743
1991-03-20,0.26953518869049387
1991-03-21,0.5706318802636647
1991-03-22,0.6525283915911666
1991-03-23,0.920601566059941
1991-03-24,0.21938147619328321
1991-03-25,0.12155450609925463
1991-03-26,0.6918896993964521
1991-03-27,0.27536651427139935
1991-03-28,4.052984585137602
1991-03-29,0.24920193951908548
1991-03-30,0.32053180904196804
1991-03-31,2.904065362156721
1991-04-01,0.0
1991-04-02,0.0
1991-04-03,0.041440262764542865
1991-04-04,4.8100757848557265
1991-04-05,42.09101376319856
1991-04-06,3.773824112439509
1991-04-07,7.409143420477794
1991-04-08,0.03664929332849655
1991-04-09,0.01483344501185452
1991-04-10,0.006759945983480776
1991-04-11,2.9012998286036003
1991-04-12,0.5386116915129077
1991-04-13,14.805436136750185
1991-04-14,12.104469077719298
1991-04-15,0.0
1991-04-16,0.19195318757564017
1991-04-17,4.070894987840318
1991-04-18,5.580084485645434
1991-04-19,4.081597480651965
1991-04-20,0.0
1991-04-21,0.0
1991-04-22,0.0001502439504780527
1991-04-23,0.17904219218011533
1991-04-24,0.6168305445774671
1991-04-25,0.4372483936409591
1991-04-26,0.6546797680048231
1991-04-27,1.5225954669180575
1991-04-28,7.801791890682259
1991-04-29,1.1546315784916128
1991-04-30,0.0019096999813333778
1991-05-01,0.0
1991-05-02,11.024017182249677
1991-05-03,14.50818320661511
1991-05-04,15.047095116229727
1991-05-05,0.2692675438337093
1991-05-06,0.0
1991-05-07,5.194474826919571
1991-05-08,27.94562301219315
1991-05-09,0.6494792593618176
1991-05-10,0.3748191147686561
1991-05-11,0.37868074303826516
1991-05-12,0.7464805235341355
1991-05-13,1.556732545170559
1991-05-14,7.7252683401183395
1991-05-15,1.0711058838801157
1991-05-16,4.589073705465659
1991-05-17,3.550913573667073
1991-05-18,0.3072376940256158
1991-05-19,3.297018155605793
1991-05-20,1.096888264491724
1991-05-21,0.4063026460749644
1991-05-22,0.48080794864567766
1991-05-23,0.07610841842493855
1991-05-24,0.3240204526206152
1991-05-25,6.359518692039824
1991-05-26,0.5334437323610882
1991-05-27,0.0
1991-05-28,0.030159492960268333
1991-05-29,0.7484704962661519
1991-05-30,0.5942574338259997
1991-05-31,0.36801433628073427
1991-06-01,0.6960497724759102
1991-06-02,0.6624061674532873
1991-06-03,9.01972143263451
1991-06-04,2.7907405443710194
1991-06-05,1.3435874544740394
1991-06-06,1.295464945981763
1991-06-07,3.428676207626672
1991-06-08,0.6209806255450789
1991-06-09,4.26746599839313
1991-06-10,3.142099448337244
1991-06-11,1.9645215084001497
1991-06-12,14.307872225941749
1991-06-13,0.19201382311239704
1991-06-14,0.7907341171370713
1991-06-15,2.628014108950057
1991-06-16,4.524274208150322
1991-06-17,10.046127736331227
1991-06-18,1.0836194794785978
1991-06-19,0.3338419858838184
1991-06-20,0.03543636978917857
1991-06-21,6.398801522340458
1991-06-22,1.1515057500272754
1991-06-23,21.53723153504543
1991-06-24,3.3158423274250723
1991-06-25,0.34665701693346257
1991-06-26,0.027419231667660995
1991-06-27,0.009900636044407756
1991-06-28,0.9332754029108107
1991-06-29,3.5073546230337618
1991-06-30,4.45810832349782
1991-07-01,0.16522860652794788
1991-07-02,1.6542455813386545
1991-07-03,1.1720483428474158
1991-07-04,5.483921948335955
1991-07-05,5.475572836466477
1991-07-06,0.1951637279203517
1991-07-07,1.6344042659073212
1991-07-08,6.57938912453451
1991-07-09,0.10135623119382124
1991-07-10,0.11704357108747572
1991-07-11,0.01666204009078854
1991-07-12,0.1334667737626455
1991-07-13,0.0
1991-07-14,0.05573540564411458
1991-07-15,0.014464938171758448
1991-07-16,0.08295217748345192
1991-07-17,1.315988031243927
1991-07-18,0.5768192393111385
1991-07-19,0.02316280327205426
1991-07-20,0.027044448316991567
1991-07-21,2.174986118777071
1991-07-22,2.4953269054380707
1991-07-23,2.071401627185302
1991-07-24,0.28315651875516373
1991-07-25,0.2570563251279112
1991-07-26,1.794888929132683
1991-07-27,1.7719523606147982
1991-07-28,0.9576258352264072
1991-07-29,2.0695885867633
1991-07-30,0.16376318551226396
1991-07-31,0.0
1991-08-01,0.0
1991-08-02,0.0
1991-08-03,0.005817712236522354
1991-08-04,0.14115907835036678
1991-08-05,1.50891127016615
1991-08-06,1.177767201727512
1991-08-07,2.090728358496273
1991-08-08,0.04469629169157774
1991-08-09,0.1746932048908843
1991-08-10,0.09273503231829941
1991-08-11,0.03164480034188808
1991-08-12,0.0
1991-08-13,0.10337773371885432
1991-08-14,5.703077218304478
1991-08-15,16.191202978569937
1991-08-16,3.695161718583491
1991-08-17,1.2923772212542328
1991-08-18,2.1893945502159777
1991-08-19,1.0922030971792989
1991-08-20,0.0
1991-08-21,0.0
1991-08-22,8.8110870915912
1991-08-23,13.988149177853574
1991-08-24,0.9156261196080441
1991-08-25,0.0
1991-08-26,0.0015696159990134864
1991-08-27,0.08842036576622803
1991-08-28,0.059318413586059125
1991-08-29,0.041721524240289756
1991-08-30,0.6191266832351546
1991-08-31,6.832790213260502
1991-09-01,5.8022803989198
1991-09-02,19.47370524138102
1991-09-03,4.024901162756822
1991-09-04,1.2843433810052722
1991-09-05,1.4208808900222307
1991-09-06,5.029771832790526
1991-09-07,3.4477790673429642
1991-09-08,0.9922680771362228
1991-09-09,0.22671025468889827
1991-09-10,2.430833057647263
1991-09-11,0.982303101565501
1991-09-12,0.8802111409292911
1991-09-13,3.5162256251517117
1991-09-14,6.9931198970939485
1991-09-15,7.551112896471699
1991-09-16,0.8731125824840416
1991-09-17,3.8864386154759396
1991-09-18,10.022348171319408
1991-09-19,11.040753706319006
1991-09-20,0.3884788224785412
1991-09-21,0.00013376325124008143
1991-09-22,2.6752301067000817
1991-09-23,14.464606820365999
1991-09-24,10.070737825318322
1991-09-25,0.0004507318514341581
1991-09-26,0.0
1991-09-27,0.0
1991-09-28,0.0
1991-09-29,0.0
1991-09-30,0.018254340858966444
1991-10-01,0.9521501765243768
1991-10-02,0.32839884909696015
1991-10-03,0.0
1991-10-04,0.0
1991-10-05,0.28420594549022116
1991-10-06,0.023451007542511625
1991-10-07,0.0
1991-10-08,0.0917043667313159
1991-10-09,0.0
1991-10-10,0.0
1991-10-11,0.0
1991-10-12,0.0
1991-10-13,0.0
1991-10-14,0.0
1991-10-15,0.0
1991-10-16,0.0
1991-10-17,0.0
1991-10-18,0.0
1991-10-19,0.0
1991-10-20,0.014474168570115575
1991-10-21,0.0
1991-10-22,0.014624412520593627
1991-10-23,0.006268444087956512
1991-10-24,0.11925524397694616
1991-10-25,0.1246867466098681
1991-10-26,0.4099896191595525
1991-10-27,1.4455012603737365
1991-10-28,1.5833618328626287
1991-10-29,21.816548886489905
1991-10-30,3.6230038456535567
1991-10-31,9.494944607220805
1991-11-01,0.0
1991-11-02,0.019382053416979912
1991-11-03,0.002577688481867486
1991-11-04,0.0
1991-11-05,0.0
1991-11-06,0.0022464194784112728
1991-11-07,0.08300137037409677
1991-11-08,0.5810524119494944
1991-11-09,1.1545071884828297
1991-11-10,0.16920119322138788
1991-11-11,0.0
1991-11-12,0.04033014758943829
1991-11-13,0.22320265992936245
1991-11-14,0.3057459061068531
1991-11-15,1.119951058666355
1991-11-16,2.472031716976519
1991-11-17,25.859517630377777
1991-11-18,0.0
1991-11-19,0.508578034027335
1991-11-20,0.0
1991-11-21,0.0
1991-11-22,0.0
1991-11-23,0.0
1991-11-24,0.0
1991-11-25,0.0
1991-11-26,0.4572568030105049
1991-11-27,0.5009677428870544
1991-11-28,0.5619421645564792
1991-11-29,0.02118104882681731
1991-11-30,0.5803306003467851
1991-12-01,1.8166188164039192
1991-12-02,2.3693128835635147
1991-12-03,0.0
1991-12-04,0.0
1991-12-05,0.0
1991-12-06,0.08896563665512848
1991-12-07,0.8454669866786602
1991-12-08,5.258716652230562
1991-12-09,8.867921717754994
1991-12-10,0.2031022178215222
1991-12-11,5.747277512958148
1991-12-12,5.731773217422964
1991-12-13,5.1379813186183805
1991-12-14,1.6536948306066295
1991-12-15,0.0
1991-12-16,0.11362969440231838
1991-12-17,4.680930229008835
1991-12-18,15.231183320273052
1991-12-19,62.67680027909357
1991-12-20,54.4976684128053
1991-12-21,72.32365519434566
1991-12-22,24.477071403106144
1991-12-23,0.06754637871460858
1991-12-24,0.3692507662564839
1991-12-25,4.07320901311899
1991-12-26,10.619503513461533
1991-12-27,0.2569443558211942
1991-12-28,0.0
1991-12-29,0.0
1991-12-30,0.0351262518897771
1991-12-31,0.4191622480944939
1992-01-01,0.31291826728486605
1992-01-02,10.086414674462857
1992-01-03,0.0
1992-01-04,1.5209595464626409
1992-01-05,4.429527180372515
1992-01-06,0.12618196396065967
1992-01-07,1.5906762563419552
1992-01-08,0.2669667652450767
1992-01-09,0.0
1992-01-10,0.010271704866011566
1992-01-11,1.6605413974226562
1992-01-12,5.164172932188448
1992-01-13,0.08544007720632181
1992-01-14,0.0
1992-01-15,0.0
1992-01-16,0.0
1992-01-17,4.996189119304307
1992-01-18,14.40034107327153
1992-01-19,0.2355266766306541
1992-01-20,0.0
1992-01-21,4.882855395196369
1992-01-22,2.8309591882902105
1992-01-23,0.0
1992-01-24,0.0
1992-01-25,0.07306958215940765
1992-01-26,24.514527104264225
1992-01-27,19.37274720377122
1992-01-28,0.48440744450832157
1992-01-29,0.6388410241424555
1992-01-30,0.07272302365879527
1992-01-31,0.0
1992-02-01,1.028643837103121
1992-02-02,15.313461180949089
1992-02-03,31.931105571655536
1992-02-04,33.482990607783904
1992-02-05,2.4506562013460864
1992-02-06,0.011698766171321573
1992-02-07,0.0
1992-02-08,0.0
1992-02-09,0.010597644457034587
1992-02-10,0.019155133238323095
1992-02-11,3.222567756812146
1992-02-12,0.5705384469907415
1992-02-13,0.6763554095068486
1992-02-14,0.7500469577527119
1992-02-15,0.26589833473011537
1992-02-16,1.6279956324614429
1992-02-17,1.5632517819628657
1992-02-18,0.0
1992-02-19,0.0
1992-02-20,0.0
1992-02-21,0.0
1992-02-22,15.705228418261783
1992-02-23,0.0644655381726167
1992-02-24,22.3280253521401
1992-02-25,12.089038649840479
1992-02-26,0.0
1992-02-27,0.0
1992-02-28,0.0
1992-02-29,0.0
1992-03-01,0.37925058429466657
1992-03-02,2.094148079009972
1992-03-03,6.380910621040669
1992-03-04,49.90053461524704
1992-03-05,0.23619308139689313
1992-03-06,0.0
1992-03-07,0.12169292087287067
1992-03-08,1.5394110775521785
1992-03-09,3.558187022835218
1992-03-10,0.06869206710705365
1992-03-11,0.013423826459766265
1992-03-12,0.7342490613130309
1992-03-13,0.0
1992-03-14,0.0
1992-03-15,0.0
1992-03-16,0.0
1992-03-17,0.5237109319702663
1992-03-18,0.612153562368453
1992-03-19,0.0
1992-03-20,0.056563456839738006
1992-03-21,1.306737870963568
1992-03-22,0.9061088162146771
1992-03-23,0.7103902429849925
1992-03-24,0.0
1992-03-25,0.0
1992-03-26,0.0
1992-03-27,15.97512645445884
1992-03-28,20.0405773130453
1992-03-29,1.373081627692644
1992-03-30,0.0
1992-03-31,0.0
1992-04-01,0.0
1992-04-02,1.0875421636337133
1992-04-03,1.209103117312775
1992-04-04,0.6598934794643021
1992-04-05,18.155916069515644
1992-04-06,0.959635842060043
1992-04-07,0.0
1992-04-08,0.005518579562189876
1992-04-09,0.27530298641474354
1992-04-10,0.07116266077154759
1992-04-11,0.02579142727709324
1992-04-12,0.10194372614430246
1992-04-13,0.0037844410418961505
1992-04-14,0.006223102035808007
1992-04-15,0.27230669798843476
1992-04-16,1.5072445774148229
1992-04-17,26.40962838218957
1992-04-18,4.461289526420863
1992-04-19,1.6592151160594082
1992-04-20,0.19037079492780087
1992-04-21,0.0
1992-04-22,0.0
1992-04-23,0.03175367150836267
1992-04-24,0.18207147117763356
1992-04-25,6.626550298914326
1992-04-26,0.061535383542075044
1992-04-27,0.0
1992-04-28,0.0
1992-04-29,0.0001502439504780527
1992-04-30,0.0
1992-05-01,0.0
1992-05-02,0.01085151380821669
1992-05-03,0.5989806679797075
1992-05-04,1.5099436512385291
1992-05-05,0.4672397687774411
1992-05-06,0.0
1992-05-07,0.0
1992-05-08,0.0
1992-05-09,0.9506058085423993
1992-05-10,0.40298663847147653
1992-05-11,0.19191783642693133
1992-05-12,0.36646766063034336
1992-05-13,0.24264116258859494
1992-05-14,7.829620042070246
1992-05-15,30.773471422492182
1992-05-16,19.349590924736003
1992-05-17,21.274547106744883
1992-05-18,13.336506540913382
1992-05-19,16.71095006037772
1992-05-20,11.32355301527153
1992-05-21,47.11422676605385
1992-05-22,1.4282696163466033
1992-05-23,0.030034964909135594
1992-05-24,0.21625359534730695
1992-05-25,0.1137356050072429
1992-05-26,10.15369185462268
1992-05-27,16.813638768482118
1992-05-28,6.18832685016111
1992-05-29,0.0
1992-05-30,0.01069444092565311
1992-05-31,11.729422848618416
1992-06-01,12.758489606763026
1992-06-02,29.321403681656296
1992-06-03,0.01140718669644656
1992-06-04,0.36087831056096115
1992-06-05,3.05881842326546
1992-06-06,1.37323266996235
1992-06-07,16.81639640295618
1992-06-08,2.5747316542650327
1992-06-09,1.8338150076399846
1992-06-10,11.158899286995391
1992-06-11,7.0225526397920035
1992-06-12,2.6737687979067615
1992-06-13,0.3131268189809637
1992-06-14,0.02588371942581364
1992-06-15,0.03205551683831426
1992-06-16,0.027166656360632792
1992-06-17,0.06912481437832166
1992-06-18,0.06710535202045723
1992-06-19,0.0
1992-06-20,0.0
1992-06-21,0.01071720320961328
1992-06-22,0.8517334863069945
1992-06-23,0.09843725579412621
1992-06-24,0.2690938174265721
1992-06-25,0.0
1992-06-26,2.012764222472925
1992-06-27,5.432269231132826
1992-06-28,0.32479965223527424
1992-06-29,16.883466379920602
1992-06-30,3.4226784986622634
1992-07-01,0.5532469357329669
1992-07-02,0.01178566842352276
1992-07-03,0.4295379588615177
1992-07-04,1.225000436543717
1992-07-05,0.0059679561870004064
1992-07-06,0.0
1992-07-07,0.0
1992-07-08,0.01178566842352276
1992-07-09,0.0001502439504780527
1992-07-10,0.0059679561870004064
1992-07-11,0.007237084285057788
1992-07-12,0.03535700527056828
1992-07-13,0.025140952846059005
1992-07-14,0.022103570212603674
1992-07-15,0.0014193720485354338
1992-07-16,0.0
1992-07-17,0.9311209854099343
1992-07-18,13.490426696346862
1992-07-19,18.118236147092883
1992-07-20,15.299784104427719
1992-07-21,4.932437487140956
1992-07-22,2.9158410355705398
1992-07-23,0.1848204088938341
1992-07-24,0.0
1992-07-25,0.0
1992-07-26,0.0
1992-07-27,0.0
1992-07-28,0.02652768492649514
1992-07-29,0.026058017673007514
1992-07-30,0.0001502439504780527
1992-07-31,2.4913038154050593
1992-08-01,0.11738319768062902
1992-08-02,3.5476306155105695
1992-08-03,6.118233751051402
1992-08-04,0.016637562802477086
1992-08-05,0.010520487535117567
1992-08-06,0.0
1992-08-07,0.0
1992-08-08,0.0
1992-08-09,0.001566579649790863
1992-08-10,1.612519599648417
1992-08-11,0.7199705699498175
1992-08-12,9.12074423506312
1992-08-13,0.6478823763561435
1992-08-14,0.0
1992-08-15,0.5733503121042985
1992-08-16,0.0
1992-08-17,0.23295904834579972
1992-08-18,0.0
1992-08-19,0.5237383488106594
1992-08-20,3.019095551397402
1992-08-21,0.00020102105066667134
1992-08-22,0.0
1992-08-23,0.021337515761539052
1992-08-24,0.3164641337178587
1992-08-25,0.07537401950493652
1992-08-26,0.8806140024897241
1992-08-27,4.580245074521934
1992-08-28,0.0
1992-08-29,0.0
1992-08-30,0.0
1992-08-31,0.5619682450903617
1992-09-01,0.0876496562255246
1992-09-02,0.4945509112655292
1992-09-03,0.13331128666316241
1992-09-04,6.903814064848409
1992-09-05,0.0287401209117329
1992-09-06,0.018054112511479273
1992-09-07,0.03058292518385779
1992-09-08,0.019765896957436305
1992-09-09,0.02431448109590128
1992-09-10,0.49877189263100924
1992-09-11,19.987649154500293
1992-09-12,0.2998049953563131
1992-09-13,0.30990697844009435
1992-09-14,1.1227425729366496
1992-09-15,0.34883738645982376
1992-09-16,0.057995486478615445
1992-09-17,0.09770247273120895
1992-09-18,0.0014193720485354338
1992-09-19,0.0001502439504780527
1992-09-20,0.0
1992-09-21,2.6958287672102443
1992-09-22,2.3214829471695984
1992-09-23,0.0
1992-09-24,0.03587693153365259
1992-09-25,0.0
1992-09-26,0.01215724054795064
1992-09-27,0.13962325659992939
1992-09-28,0.0
1992-09-29,0.0
1992-09-30,0.0
1992-10-01,0.0
1992-10-02,0.0
1992-10-03,0.0
1992-10-04,0.0
1992-10-05,0.0
1992-10-06,0.0
1992-10-07,0.1212468365273817
1992-10-08,1.5109728020022737
1992-10-09,0.012556401352835724
1992-10-10,0.0
1992-10-11,0.0
1992-10-12,0.0
1992-10-13,0.0
1992-10-14,0.007237084285057788
1992-10-15,0.02939906899166531
1992-10-16,1.142805455299327
1992-10-17,0.09186451262389994
1992-10-18,0.13551375240668595
1992-10-19,0.0
1992-10-20,0.11983540970339193
1992-10-21,0.0014193720485354338
1992-10-22,0.00738732823553584
1992-10-23,0.030958665082581358
1992-10-24,0.0
1992-10-25,0.0
1992-10-26,0.0
1992-10-27,0.0
1992-10-28,0.008595397272034901
1992-10-29,0.6160917642530994
1992-10-30,5.470057106457602
1992-10-31,0.18305260017355907
1992-11-01,21.358014367890103
1992-11-02,0.0
1992-11-03,0.0
1992-11-04,0.35029225676971226
1992-11-05,0.0
1992-11-06,0.0
1992-11-07,0.0
1992-11-08,2.714894503419077
1992-11-09,3.7951708142621823
1992-11-10,4.971065333225298
1992-11-11,2.1896767137252797
1992-11-12,5.083578336378796
1992-11-13,0.0
1992-11-14,0.0
1992-11-15,0.006189284360950233
1992-11-16,0.0
1992-11-17,0.17322410374080785
1992-11-18,2.2047247161476964
1992-11-19,47.32183320616495
1992-11-20,7.8813637471716875
1992-11-21,2.041324925915344
1992-11-22,0.0
1992-11-23,0.0
1992-11-24,6.025622892547212
1992-11-25,0.0
1992-11-26,0.0
1992-11-27,0.0
1992-11-28,0.0
1992-11-29,0.0
1992-11-30,0.2437119512932209
1992-12-01,0.0
1992-12-02,0.0
1992-12-03,0.07641205489755476
1992-12-04,0.5344631596241107
1992-12-05,2.356961434498006
1992-12-06,1.4754551998426289
1992-12-07,0.0
1992-12-08,0.6097131403174352
1992-12-09,6.152976630041794
1992-12-10,0.0
1992-12-11,0.0
1992-12-12,1.140093554178038
1992-12-13,9.93400567830101
1992-12-14,23.566323603415388
1992-12-15,29.473489904843742
1992-12-16,0.10486643326025716
1992-12-17,0.0
1992-12-18,0.0735992933143295
1992-12-19,0.45149546785957834
1992-12-20,1.2252567335954765
1992-12-21,0.12290647351681142
1992-12-22,0.4729565290202937
1992-12-23,1.369394132628539
1992-12-24,0.5197968754533097
1992-12-25,0.1534551306958262
1992-12-26,0.17021002400695256
1992-12-27,0.0932310810394986
1992-12-28,2.409744807381392
1992-12-29,0.19225201219610719
1992-12-30,0.8055611904234418
1992-12-31,1.239245558501681
1993-01-01,3.618207206990691
1993-01-02,0.7462918877041652
1993-01-03,1.9275494178798533
1993-01-04,2.69163159677939
1993-01-05,0.0
1993-01-06,0.6446775619319393
1993-01-07,2.671734605839607
1993-01-08,0.14296285934906902
1993-01-09,1.8411691536631853
1993-01-10,2.373014239443255
1993-01-11,1.5772024815635084
1993-01-12,0.132921665469643
1993-01-13,0.0
1993-01-14,0.12128028459497849
1993-01-15,0.46012776192517546
1993-01-16,0.0037704972461053386
1993-01-17,0.19915821689472502
1993-01-18,4.181242051022439
1993-01-19,28.5709726802023
1993-01-20,7.851890526861058
1993-01-21,0.0
1993-01-22,0.0
1993-01-23,0.02656032489459444
1993-01-24,0.12515162493905668
1993-01-25,0.09201863613933778
1993-01-26,0.02776219418477075
1993-01-27,0.05756857076346162
1993-01-28,3.098424716694288
1993-01-29,2.756685023579355
1993-01-30,0.07611672118427
1993-01-31,0.07903670703507035
1993-02-01,0.21239671321512793
1993-02-02,0.5061502608354139
1993-02-03,5.800590379242735
1993-02-04,2.5897329952377897
1993-02-05,9.145631444979935
1993-02-06,0.035438579741830165
1993-02-07,0.04056004480396622
1993-02-08,0.09679479240489461
1993-02-09,7.677905839375364
1993-02-10,8.8650205150557
1993-02-11,0.04248801693727297
1993-02-12,0.0
1993-02-13,0.0
1993-02-14,0.8639524066839895
1993-02-15,2.817110919103588
1993-02-16,0.0
1993-02-17,0.0
1993-02-18,0.0
1993-02-19,0.0
1993-02-20,0.15242337731391525
1993-02-21,0.025894714321033793
1993-02-22,1.6845185984396e-05
1993-02-23,0.0
1993-02-24,3.983353313889497
1993-02-25,4.616675656708591
1993-02-26,0.0
1993-02-27,0.5398360693680107
1993-02-28,14.953769805736696
1993-03-01,8.607021164431048
1993-03-02,1.333108102718735
1993-03-03,4.462836332880551
1993-03-04,0.0
1993-03-05,0.0
1993-03-06,0.0
1993-03-07,0.0
1993-03-08,0.0
1993-03-09,0.0
1993-03-10,0.006189284360950233
1993-03-11,1.791259913912171
1993-03-12,13.032433783979027
1993-03-13,0.0
1993-03-14,0.0
1993-03-15,1.1129504739502125
1993-03-16,0.8670032888136924
1993-03-17,0.1191708931493571
1993-03-18,1.0894851288365157
1993-03-19,2.8114588398619076
1993-03-20,3.005824109037169
1993-03-21,0.343261683187694
1993-03-22,7.179390917872591
1993-03-23,0.1078060658937097
1993-03-24,0.577831185316919
1993-03-25,1.890517639639609
1993-03-26,0.7102566880433557
1993-03-27,0.0
1993-03-28,0.33849517516549466
1993-03-29,0.21796499773680628
1993-03-30,9.818102909067342
1993-03-31,0.0
1993-04-01,0.0
1993-04-02,0.0
1993-04-03,2.3125762626285398
1993-04-04,4.77505503471213
1993-04-05,0.0
1993-04-06,0.21773078992126996
1993-04-07,20.01782542434694
1993-04-08,3.845688522968057
1993-04-09,0.0
1993-04-10,0.0
1993-04-11,0.0
1993-04-12,0.0
1993-04-13,2.520647028279294
1993-04-14,10.838201339528728
1993-04-15,0.0
1993-04-16,0.027385644531872946
1993-04-17,0.04934329830690453
1993-04-18,0.0
1993-04-19,0.0
1993-04-20,0.1636346196412643
1993-04-21,0.0
1993-04-22,0.0
1993-04-23,0.056766225484063716
1993-04-24,0.1850509266295303
1993-04-25,0.05342025545765169
1993-04-26,0.0
1993-04-27,1.0859866759023162
1993-04-28,7.750838657009979
1993-04-29,12.671611369221658
1993-04-30,1.0448297393545223
1993-05-01,1.50838906116782
1993-05-02,15.2825930216917
1993-05-03,0.0025136648307368926
1993-05-04,0.8075877328881063
1993-05-05,32.74297238637388
1993-05-06,5.398022397331146
1993-05-07,0.37670620099282814
1993-05-08,2.0766112604345737
1993-05-09,6.661652866134934
1993-05-10,2.0460894849920375
1993-05-11,0.0
1993-05-12,0.0
1993-05-13,0.0
1993-05-14,0.0
1993-05-15,0.002985951698326297
1993-05-16,0.0
1993-05-17,0.5723938787096925
1993-05-18,13.802194751639938
1993-05-19,0.0
1993-05-20,0.0
1993-05-21,0.0
1993-05-22,5.438161371471395
1993-05-23,26.190743700553615
1993-05-24,0.7462462807269674
1993-05-25,0.8709392246953236
1993-05-26,0.06913161987253408
1993-05-27,0.9075253144780114
1993-05-28,3.2704677067551504
1993-05-29,4.605805154342917
1993-05-30,4.558985435823135
1993-05-31,0.012637398701246359
1993-06-01,0.0
1993-06-02,0.0
1993-06-03,0.0
1993-06-04,0.007534535836791269
1993-06-05,0.10291036280895219
1993-06-06,0.33637108136056454
1993-06-07,0.3698654352068826
1993-06-08,0.022603607510373807
1993-06-09,0.9616774160429792
1993-06-10,6.751821890528697
1993-06-11,4.364934307921321
1993-06-12,8.175218673961746
1993-06-13,4.706484234775176
1993-06-14,3.7709284847316007
1993-06-15,1.0404662012494512
1993-06-16,0.4369030975254052
1993-06-17,4.371974508244593
1993-06-18,12.693411796000259
1993-06-19,3.614994802071601
1993-06-20,19.317503032660483
1993-06-21,14.022724806705424
1993-06-22,2.3871476554083424
1993-06-23,1.1225995230541237
1993-06-24,3.2523573469647133
1993-06-25,10.216695280376772
1993-06-26,8.14952489714614
1993-06-27,1.8670162379864768
1993-06-28,0.125469585235421
1993-06-29,0.17949358458951978
1993-06-30,0.1624918561000688
1993-07-01,0.04366929074414161
1993-07-02,0.009597111794229026
1993-07-03,0.022936631641919086
1993-07-04,0.0760293908344479
1993-07-05,0.001780491808866982
1993-07-06,0.07574706572611109
1993-07-07,0.10697871642881883
1993-07-08,0.07204957116352043
1993-07-09,0.011906729747197952
1993-07-10,0.03194663302558865
1993-07-11,0.0
1993-07-12,0.027099899093678305
1993-07-13,0.009597111794229026
1993-07-14,0.0
1993-07-15,0.0
1993-07-16,0.07679059193024526
1993-07-17,0.04345537858506549
1993-07-18,0.009092101992874229
1993-07-19,0.02087523077157644
1993-07-20,0.06175750405117644
1993-07-21,0.0
1993-07-22,0.008464418809887925
1993-07-23,0.0
1993-07-24,0.0
1993-07-25,0.0
1993-07-26,0.0
1993-07-27,0.0
1993-07-28,0.0056566894116267695
1993-07-29,0.005445813601773274
1993-07-30,0.0020036650575111815
1993-07-31,0.000890245904433491
1993-08-01,0.0
1993-08-02,0.0
1993-08-03,0.003876197602759788
1993-08-04,0.0
1993-08-05,0.0
1993-08-06,0.0
1993-08-07,0.000890245904433491
1993-08-08,0.0002836427149717094
1993-08-09,0.0
1993-08-10,0.004237317363091336
1993-08-11,0.026498125424604165
1993-08-12,0.0
1993-08-13,0.0
1993-08-14,0.0
1993-08-15,0.0
1993-08-16,0.0001502439504780527
1993-08-17,0.011033762725030852
1993-08-18,0.0
1993-08-19,0.0
1993-08-20,0.0
1993-08-21,0.0
1993-08-22,0.12155308901496042
1993-08-23,0.10566359122367444
1993-08-24,0.0034246678841637007
1993-08-25,0.014363555301422306
1993-08-26,0.0
1993-08-27,0.4030612331221
1993-08-28,1.1742399866340714
1993-08-29,0.3057417643900939
1993-08-30,0.18099312456742922
1993-08-31,3.325323850175342
1993-09-01,14.605344093776077
1993-09-02,0.0
1993-09-03,3.4905817718172494
1993-09-04,0.01987823781297901
1993-09-05,0.0
1993-09-06,0.33998178928098716
1993-09-07,0.0
1993-09-08,0.13925838049444553
1993-09-09,0.7245454003419535
1993-09-10,0.36768317532390254
1993-09-11,0.014375314295068551
1993-09-12,0.5074583853843231
1993-09-13,18.4760595517415
1993-09-14,15.908572375720803
1993-09-15,0.0
1993-09-16,0.0
1993-09-17,0.0
1993-09-18,0.40859270298709494
1993-09-19,0.18125224585971664
1993-09-20,0.0
1993-09-21,0.032114801982074156
1993-09-22,0.26198110770761374
1993-09-23,0.15110858827765178
1993-09-24,0.04904384018576463
1993-09-25,0.0
1993-09-26,7.492624016170302
1993-09-27,0.0
1993-09-28,0.0
1993-09-29,0.0
1993-09-30,0.0
1993-10-01,0.01972799386250096
1993-10-02,0.012218222036756052
1993-10-03,1.2246343137508697
1993-10-04,0.6258822345073072
1993-10-05,0.0521004514902689
1993-10-06,0.01305479652158014
1993-10-07,0.017957971972952284
1993-10-08,0.023430025418335377
1993-10-09,0.00738732823553584
1993-10-10,1.468234699548049
1993-10-11,3.480954458987595
1993-10-12,5.814781049289483
1993-10-13,23.548578530785754
1993-10-14,0.01352463740890574
1993-10-15,0.1695649665123478
1993-10-16,0.011757828429253941
1993-10-17,0.0194946538857987
1993-10-18,2.980658880060489
1993-10-19,4.602074222255137
1993-10-20,66.74051653702678
1993-10-21,0.0007512197523902635
1993-10-22,0.0
1993-10-23,0.0
1993-10-24,0.23718712277440152
1993-10-25,0.0
1993-10-26,0.0
1993-10-27,0.0072389626590350495
1993-10-28,0.18548728812051946
1993-10-29,3.9763637245032535
1993-10-30,0.19534560290050546
1993-10-31,0.0
1993-11-01,0.0
1993-11-02,1.566231602263741
1993-11-03,8.224591513363348
1993-11-04,0.004171613423944767
1993-11-05,0.06528448375453365
1993-11-06,0.0
1993-11-07,0.0
1993-11-08,0.7437841946887532
1993-11-09,0.6770664859174474
1993-11-10,0.27638607988684233
1993-11-11,0.26802031290766215
1993-11-12,1.3496901082076846
1993-11-13,0.9628178046883604
1993-11-14,5.910973010744817
1993-11-15,0.00022013008655811156
1993-11-16,8.160503898996161
1993-11-17,0.10804663770034778
1993-11-18,0.0
1993-11-19,0.39929362103818516
1993-11-20,0.0
1993-11-21,0.0
1993-11-22,0.0
1993-11-23,0.0
1993-11-24,0.26307141680482804
1993-11-25,3.3318757982027627
1993-11-26,0.8721820482985657
1993-11-27,0.0
1993-11-28,0.0
1993-11-29,0.02611929984642626
1993-11-30,0.0
1993-12-01,0.10668906361202617
1993-12-02,2.2989941460700596
1993-12-03,1.022652580062408
1993-12-04,0.05781328816709039
1993-12-05,0.0
1993-12-06,0.2031640462787905
1993-12-07,0.3477172487105926
1993-12-08,0.7193183683637145
1993-12-09,0.5034965804486691
1993-12-10,0.2998017748221526
1993-12-11,0.0
1993-12-12,0.367728539086801
1993-12-13,0.9956275613133487
1993-12-14,0.0
1993-12-15,0.0
1993-12-16,0.5154348366302667
1993-12-17,2.6832443660868575
1993-12-18,0.8490670179292087
1993-12-19,0.0
1993-12-20,0.2343835095077139
1993-12-21,0.005594697952760422
1993-12-22,13.185806700501503
1993-12-23,0.0
1993-12-24,0.0
1993-12-25,0.0
1993-12-26,0.15231550860915227
1993-12-27,0.31036894906755524
1993-12-28,0.06012785673612473
1993-12-29,0.22065877839448353
1993-12-30,0.0
1993-12-31,0.0
1994-01-01,0.0
1994-01-02,0.0
1994-01-03,0.0
1994-01-04,0.0
1994-01-05,0.0
1994-01-06,0.04627593814399285
1994-01-07,0.0
1994-01-08,0.0
1994-01-09,0.0
1994-01-10,0.6159206309359724
1994-01-11,0.3062327101142781
1994-01-12,1.2620648567892545
1994-01-13,2.500600018413479
1994-01-14,0.0
1994-01-15,0.12592154396736102
1994-01-16,0.11628912113367167
1994-01-17,0.173546234862912
1994-01-18,0.0
1994-01-19,0.0037704972461053386
1994-01-20,5.139584139044707
1994-01-21,5.799861271471853
1994-01-22,8.66692197336976
1994-01-23,3.1156352708346104
1994-01-24,4.933680685564705
1994-01-25,1.5319806913936096
1994-01-26,1.8895815153765017
1994-01-27,3.0289655014556933
1994-01-28,0.34701408421656293
1994-01-29,1.9741798347810624
1994-01-30,0.277345016816064
1994-01-31,0.6275864863749622
1994-02-01,0.42201661616235514
1994-02-02,0.0
1994-02-03,0.007224788602368853
1994-02-04,0.017257140816559557
1994-02-05,0.09580160358871448
1994-02-06,0.0
1994-02-07,0.36251600405322737
1994-02-08,0.16678478188040818
1994-02-09,1.7395130890901407
1994-02-10,9.692106366175025
1994-02-11,0.0
1994-02-12,0.03701880751029662
1994-02-13,0.0
1994-02-14,0.0
1994-02-15,0.10114111760612347
1994-02-16,0.011630582083270998
1994-02-17,0.0
1994-02-18,0.015028767300736344
1994-02-19,0.5186836394332476
1994-02-20,1.7654762434843831
1994-02-21,1.760812434756829
1994-02-22,32.747948311438854
1994-02-23,0.0
1994-02-24,0.0
1994-02-25,0.0
1994-02-26,0.09440004950511859
1994-02-27,0.0
1994-02-28,3.5659761318577683
1994-03-01,5.406265967608899
1994-03-02,0.0
1994-03-03,0.02861532705170431
1994-03-04,0.037686267328568876
1994-03-05,0.03439250998946112
1994-03-06,2.2983042147330734
1994-03-07,1.7367536093269433
1994-03-08,1.0404232830553208
1994-03-09,9.680619425754495
1994-03-10,0.0
1994-03-11,0.0
1994-03-12,2.131211412182149
1994-03-13,3.6095886145585077
1994-03-14,0.0
1994-03-15,16.182977966810455
1994-03-16,31.602124183831517
1994-03-17,0.0
1994-03-18,0.0
1994-03-19,0.0
1994-03-20,0.20963147850648076
1994-03-21,0.04473060183127176
1994-03-22,0.0
1994-03-23,0.5673040616412912
1994-03-24,4.2946859352726525
1994-03-25,0.0
1994-03-26,1.5503021760589741
1994-03-27,3.868551758623418
1994-03-28,0.0
1994-03-29,0.0
1994-03-30,0.0
1994-03-31,0.0
1994-04-01,0.0
1994-04-02,0.0
1994-04-03,0.28985653361313857
1994-04-04,0.05315869015274586
1994-04-05,1.074553321249416
1994-04-06,0.8840472497337372
1994-04-07,0.0
1994-04-08,0.0014193720485354338
1994-04-09,0.38098240782366044
1994-04-10,0.022922840742896508
1994-04-11,0.8611370268718386
1994-04-12,0.10730636769455464
1994-04-13,0.0
1994-04-14,0.46676499637093233
1994-04-15,10.949837624580315
1994-04-16,7.625811790664023
1994-04-17,0.0
1994-04-18,0.018374682908278525
1994-04-19,0.26900505650582607
1994-04-20,1.1500283211846998
1994-04-21,0.6483122901832876
1994-04-22,1.0093575699123
1994-04-23,0.5884164394095599
1994-04-24,0.01187571284022067
1994-04-25,0.22798318913174478
1994-04-26,0.0846941671029752
1994-04-27,0.11520822342051741
1994-04-28,17.880490486923993
1994-04-29,8.473464828214704
1994-04-30,8.126667442905262
1994-05-01,6.0846748480100725
1994-05-02,13.407410407059448
1994-05-03,0.07453058805125362
1994-05-04,0.17745863860990937
1994-05-05,0.21210666680550605
1994-05-06,0.15564156070906024
1994-05-07,0.3533021242790325
1994-05-08,7.5105407318299475
1994-05-09,13.66530751805634
1994-05-10,0.5830984322546047
1994-05-11,1.0195605350434331
1994-05-12,4.537859103139995
1994-05-13,35.619727631446565
1994-05-14,0.7176715231383365
1994-05-15,26.13498840803354
1994-05-16,16.573401462970175
1994-05-17,1.6484426251152762
1994-05-18,0.05445933736811223
1994-05-19,0.0
1994-05-20,0.0
1994-05-21,0.0
1994-05-22,0.014458816282178658
1994-05-23,0.0
1994-05-24,0.0
1994-05-25,0.24414725411854826
1994-05-26,0.6359221241768944
1994-05-27,1.4467048587692397
1994-05-28,3.693976656053706
1994-05-29,0.5972774661913619
1994-05-30,14.074638786219255
1994-05-31,1.6304563080833334
1994-06-01,0.19486846561317864
1994-06-02,0.21833247770073957
1994-06-03,0.8110828064826451
1994-06-04,0.3883543914273994
1994-06-05,0.37130774827924146
1994-06-06,0.004391514910099958
1994-06-07,0.0021041755828445172
1994-06-08,0.0974482730706142
1994-06-09,0.3387404126911136
1994-06-10,12.475558164638997
1994-06-11,0.8693846760118181
1994-06-12,0.9619291744149417
1994-06-13,1.943114055094535
1994-06-14,3.5538099541717627
1994-06-15,5.554233362221423
1994-06-16,0.7648325865244072
1994-06-17,0.20674727548666014
1994-06-18,0.05546091734856883
1994-06-19,4.090314109496815
1994-06-20,0.4152825241756286
1994-06-21,2.464011367089758
1994-06-22,1.7861961906063724
1994-06-23,1.4769847865827133
1994-06-24,8.05039946842639
1994-06-25,0.09741129951859705
1994-06-26,0.0
1994-06-27,0.0
1994-06-28,0.0
1994-06-29,0.6657361632042782
1994-06-30,0.0022464194784112728
1994-07-01,0.0
1994-07-02,0.007224788602368853
1994-07-03,0.0
1994-07-04,0.0001333987644936567
1994-07-05,0.19987136319871687
1994-07-06,0.04228904495599382
1994-07-07,0.0059679561870004064
1994-07-08,2.5001189157034647
1994-07-09,0.01178566842352276
1994-07-10,0.12455275821247148
1994-07-11,0.28698570257513284
1994-07-12,0.035512427301554454
1994-07-13,0.112078083349615
1994-07-14,1.2452264628356242
1994-07-15,0.8984162130780636
1994-07-16,0.0
1994-07-17,0.10266661459383288
1994-07-18,0.0
1994-07-19,0.0
1994-07-20,0.0
1994-07-21,0.0
1994-07-22,0.008074818411395417
1994-07-23,0.0
1994-07-24,0.0028387440970708677
1994-07-25,0.032828477498635836
1994-07-26,0.0
1994-07-27,0.0023650689933607167
1994-07-28,0.02229747668065726
1994-07-29,0.0
1994-07-30,0.12302225005506207
1994-07-31,0.49439397512997285
1994-08-01,0.07416865916558295
1994-08-02,0.006339528311428286
1994-08-03,0.0
1994-08-04,1.4112242443234426
1994-08-05,0.12761479118560684
1994-08-06,1.3259839170862582
1994-08-07,0.01518159781235119
1994-08-08,0.5979959380101684
1994-08-09,14.479325669945549
1994-08-10,3.807098166103715
1994-08-11,0.0
1994-08-12,0.7905993024387329
1994-08-13,0.0014193720485354338
1994-08-14,0.0
1994-08-15,2.4445433808235277
1994-08-16,1.9861790548817542
1994-08-17,2.235652904092766
1994-08-18,0.02092834500269775
1994-08-19,0.3368712608069487
1994-08-20,1.5606914683721882
1994-08-21,6.889827408015016
1994-08-22,6.009508292551199
1994-08-23,1.2896500516365625
1994-08-24,0.17641915865261232
1994-08-25,0.015939676454879936
1994-08-26,0.0
1994-08-27,0.0
1994-08-28,0.0
1994-08-29,0.0021041755828445172
1994-08-30,0.23750545899245876
1994-08-31,1.6790916477760505
1994-09-01,0.9503578678545431
1994-09-02,2.067905688119479
1994-09-03,0.3305328661606375
1994-09-04,0.0
1994-09-05,0.33630646175630335
1994-09-06,0.0
1994-09-07,2.2429782802252407
1994-09-08,23.177386149670202
1994-09-09,14.168877474780338
1994-09-10,3.2152126580863487
1994-09-11,2.0996195376381848
1994-09-12,1.310723794690659
1994-09-13,3.6323563779039416
1994-09-14,6.198219132556908
1994-09-15,3.6026630816329397
1994-09-16,16.124666466213526
1994-09-17,0.8389348782196714
1994-09-18,0.0
1994-09-19,0.0
1994-09-20,0.07427344834304349
1994-09-21,0.0
1994-09-22,0.11958614644487055
1994-09-23,0.0
1994-09-24,0.0
1994-09-25,0.0
1994-09-26,0.0
1994-09-27,0.45206709679860224
1994-09-28,0.01667013716887366
1994-09-29,0.0
1994-09-30,0.013027678496682099
1994-10-01,0.0449280082768022
1994-10-02,0.0
1994-10-03,0.024462897098023993
1994-10-04,0.018486751139164058
1994-10-05,0.0
1994-10-06,0.020872485422326698
1994-10-07,6.103414506892705
1994-10-08,100.58247822539091
1994-10-09,0.0012568324153684463
1994-10-10,0.0
1994-10-11,0.0
1994-10-12,0.0
1994-10-13,0.0
1994-10-14,2.8313921815490275
1994-10-15,11.866895729672578
1994-10-16,4.543855759208377
1994-10-17,1.3895865691331184
1994-10-18,22.550097577261024
1994-10-19,1.539202053548743
1994-10-20,0.3235442751414324
1994-10-21,0.10598070758853075
1994-10-22,0.36605641250743187
1994-10-23,0.13620060659551073
1994-10-24,0.22496320123400904
1994-10-25,39.49515596728587
1994-10-26,0.7546982409655848
1994-10-27,4.984024947471937
1994-10-28,0.0039249367410494704
1994-10-29,0.0
1994-10-30,0.0
1994-10-31,0.08268949536447158
1994-11-01,0.0
1994-11-02,0.05215980502636849
1994-11-03,1.181693369675569
1994-11-04,3.3940556245777427
1994-11-05,19.172088391301756
1994-11-06,0.20092458770670038
1994-11-07,0.0
1994-11-08,0.17374537365067638
1994-11-09,0.16388148241588785
1994-11-10,0.0
1994-11-11,0.0
1994-11-12,0.005646436512871993
1994-11-13,0.5407474007400218
1994-11-14,0.9776237116134554
1994-11-15,5.4316969311166075
1994-11-16,0.13859559991366033
1994-11-17,0.09649293383463117
1994-11-18,0.8900406976273215
1994-11-19,3.1185139243815816
1994-11-20,1.2004036367611315
1994-11-21,0.16428710052579065
1994-11-22,0.0
1994-11-23,0.8642733771909
1994-11-24,0.026640067554656664
1994-11-25,0.0
1994-11-26,0.005817712236522354
1994-11-27,0.0001502439504780527
1994-11-28,0.10171119165323003
1994-11-29,0.45150707019213915
1994-11-30,0.0022128199079158107
1994-12-01,0.0012568324153684463
1994-12-02,3.7332356125854655
1994-12-03,1.7416765814004962
1994-12-04,0.01803888501978442
1994-12-05,0.044363030790568664
1994-12-06,0.18042271200707485
1994-12-07,1.0237706212695468
1994-12-08,1.68993322398692
1994-12-09,7.06380034472249
1994-12-10,3.53730421894431
1994-12-11,0.0
1994-12-12,0.0
1994-12-13,0.31986388463625065
1994-12-14,8.526068998516516
1994-12-15,20.903312607246825
1994-12-16,9.105768309884665
1994-12-17,0.03963647590057664
1994-12-18,0.07106721789516096
1994-12-19,0.0
1994-12-20,0.0
1994-12-21,0.0
1994-12-22,0.0
1994-12-23,0.0
1994-12-24,0.1085317031293491
1994-12-25,0.0
1994-12-26,0.0
1994-12-27,2.7386868315843986
1994-12-28,45.87708811289668
1994-12-29,0.7433189356998744
1994-12-30,0.0
1994-12-31,0.3120141919949618
1995-01-01,0.0
1995-01-02,0.05219371707286029
1995-01-03,0.7294808669520887
1995-01-04,0.20405964864426102
1995-01-05,0.08594827407447847
1995-01-06,1.4620647025455622
1995-01-07,0.0
1995-01-08,0.0
1995-01-09,0.0
1995-01-10,0.6241629247827516
1995-01-11,0.23415848194020922
1995-01-12,10.21980023158171
1995-01-13,0.0
1995-01-14,0.0
1995-01-15,0.0
1995-01-16,0.33310394945401284
1995-01-17,4.723187200959692
1995-01-18,1.2356798338873167
1995-01-19,0.0
1995-01-20,0.05475485858438195
1995-01-21,0.0
1995-01-22,0.17555958773402763
1995-01-23,0.00858617637575319
1995-01-24,0.03377318935730429
1995-01-25,1.8415156105909871
1995-01-26,3.5941793643281215
1995-01-27,1.5845840248317884
1995-01-28,0.0
1995-01-29,0.0
1995-01-30,0.0
1995-01-31,0.0
1995-02-01,0.0
1995-02-02,0.0
1995-02-03,0.0
1995-02-04,0.0
1995-02-05,0.0
1995-02-06,0.0
1995-02-07,0.019653390295169288
1995-02-08,0.0
1995-02-09,0.01793353034567775
1995-02-10,0.0027019181985494896
1995-02-11,0.2958978405424447
1995-02-12,0.1266069267602425
1995-02-13,2.7970253933067886
1995-02-14,1.1584174253103625
1995-02-15,0.7633779286187949
1995-02-16,1.2219521958431887
1995-02-17,0.0
1995-02-18,0.0
1995-02-19,0.0008340829589307322
1995-02-20,0.0
1995-02-21,0.0
1995-02-22,0.8482663031062657
1995-02-23,0.6510136799314038
1995-02-24,3.117853786852771
1995-02-25,8.064033263715812
1995-02-26,2.872437525207331
1995-02-27,1.275499089003974
1995-02-28,0.13576632928435303
1995-03-01,0.5924371545670418
1995-03-02,3.0552481783900824
1995-03-03,2.054411298413099
1995-03-04,0.15507108447987422
1995-03-05,0.8589889803372074
1995-03-06,1.589549748336454
1995-03-07,12.924484116068168
1995-03-08,0.0
1995-03-09,0.0
1995-03-10,0.33039509871047557
1995-03-11,0.02573385314443671
1995-03-12,0.218393139761588
1995-03-13,23.841125413294662
1995-03-14,1.464433842304534
1995-03-15,1.7902558433302376
1995-03-16,0.27921759492432935
1995-03-17,0.0001502439504780527
1995-03-18,0.0683273290265323
1995-03-19,0.0
1995-03-20,0.0
1995-03-21,0.0
1995-03-22,0.0
1995-03-23,0.0
1995-03-24,0.10386647841868656
1995-03-25,0.24126978534331267
1995-03-26,0.6257365306681677
1995-03-27,0.17177422948249568
1995-03-28,1.2762405688363803
1995-03-29,2.6718120792046878
1995-03-30,1.2379478835581077
1995-03-31,4.2750397854401365
1995-04-01,0.1235814262706923
1995-04-02,0.10789145672475695
1995-04-03,4.257380697151787
1995-04-04,17.198910970869726
1995-04-05,31.198990482926966
1995-04-06,0.03000928622118107
1995-04-07,0.0
1995-04-08,0.0
1995-04-09,0.0
1995-04-10,2.999691860928813
1995-04-11,2.7131352553732646
1995-04-12,0.0
1995-04-13,0.0
1995-04-14,0.0
1995-04-15,0.11405883100663877
1995-04-16,1.7892062314858257
1995-04-17,1.3015224064218873
1995-04-18,11.335179381252932
1995-04-19,4.898660489442239
1995-04-20,8.76382795298725
1995-04-21,0.0
1995-04-22,4.1542151760564225
1995-04-23,0.0007512197523902635
1995-04-24,0.0
1995-04-25,0.0
1995-04-26,0.0
1995-04-27,0.0023650689933607167
1995-04-28,0.0
1995-04-29,0.2773478348783593
1995-04-30,0.0059679561870004064
1995-05-01,1.0690673387438485
1995-05-02,0.10251091127359499
1995-05-03,0.4343504892543275
1995-05-04,0.25321955643200206
1995-05-05,0.4286794399985814
1995-05-06,1.5316303380845795
1995-05-07,6.882113624639286
1995-05-08,30.530061230963867
1995-05-09,2.111098625733691
1995-05-10,0.1568414348126152
1995-05-11,0.3790100589580746
1995-05-12,0.4474316726191453
1995-05-13,0.02089285660855014
1995-05-14,0.32098649865705214
1995-05-15,0.29352911004212084
1995-05-16,0.42186056926631205
1995-05-17,2.693179905291458
1995-05-18,4.697207888939674
1995-05-19,0.10450144411513995
1995-05-20,0.3454574371827019
1995-05-21,0.0
1995-05-22,0.27699875054701406
1995-05-23,2.787061053247853
1995-05-24,16.885021110717076
1995-05-25,4.250602021386644
1995-05-26,0.6191758274591772
1995-05-27,15.866543898624196
1995-05-28,3.390450999509859
1995-05-29,37.97903781277179
1995-05-30,38.87918931698436
1995-05-31,5.026143132080306
1995-06-01,11.90548600460579
1995-06-02,0.046976653162942326
1995-06-03,0.11213631077241469
1995-06-04,0.0224837625972446
1995-06-05,0.21553885735150272
1995-06-06,0.0001502439504780527
1995-06-07,0.04344111737532882
1995-06-08,0.15613126841627142
1995-06-09,0.8242422680287681
1995-06-10,4.156656239655463
1995-06-11,23.302299526945355
1995-06-12,0.0
1995-06-13,0.0
1995-06-14,0.1919047364003685
1995-06-15,0.0
1995-06-16,0.0012568324153684463
1995-06-17,2.1992962858959597
1995-06-18,0.8783777145506847
1995-06-19,0.6207020166117909
1995-06-20,0.03407097402647454
1995-06-21,0.0
1995-06-22,0.0
1995-06-23,0.0
1995-06-24,1.291796137958817
1995-06-25,0.5910515462961087
1995-06-26,0.17220278698762587
1995-06-27,0.9823958160045355
1995-06-28,2.0080253705121702
1995-06-29,22.888124508928193
1995-06-30,0.6490195595796922
1995-07-01,0.02417236829651924
1995-07-02,1.5145483332800806
1995-07-03,0.21539020137198772
1995-07-04,5.11282276835174
1995-07-05,0.8805835522820039
1995-07-06,1.9488389662489753
1995-07-07,0.3673443704269951
1995-07-08,0.020298599339038468
1995-07-09,0.0
1995-07-10,0.0
1995-07-11,0.0
1995-07-12,0.0023650689933607167
1995-07-13,0.2964897462004288
1995-07-14,3.8093040912605036
1995-07-15,0.3429924155508796
1995-07-16,0.09071004316621992
1995-07-17,0.057333681186330164
1995-07-18,0.0001502439504780527
1995-07-19,0.005203813090431585
1995-07-20,0.013224054687147668
1995-07-21,0.0
1995-07-22,0.0
1995-07-23,0.0
1995-07-24,0.0
1995-07-25,0.0070745446518907995
1995-07-26,0.0
1995-07-27,0.0
1995-07-28,0.139671603689948
1995-07-29,0.43969311077495726
1995-07-30,5.725707232372216
1995-07-31,11.92096953832643
1995-08-01,1.9180201341602645
1995-08-02,7.736893186269005
1995-08-03,0.4413172029170734
1995-08-04,0.006120111616582143
1995-08-05,0.017139725464432397
1995-08-06,0.0059679561870004064
1995-08-07,0.290956937304937
1995-08-08,0.024984141834202656
1995-08-09,0.0
1995-08-10,0.0
1995-08-11,0.13942402662237874
1995-08-12,1.8676578857486892
1995-08-13,0.9549619794122354
1995-08-14,0.2099258499484424
1995-08-15,1.697080109118372
1995-08-16,0.3766094845224694
1995-08-17,0.05182168156649608
1995-08-18,0.018015810222155766
1995-08-19,0.2900351077189248
1995-08-20,0.08623008742694029
1995-08-21,3.1229448533991726
1995-08-22,1.155509594074538
1995-08-23,0.27499363107500574
1995-08-24,0.2914025074168826
1995-08-25,0.8783559009412993
1995-08-26,0.6827042399067357
1995-08-27,5.716833735137926
1995-08-28,1.7756080646411165
1995-08-29,1.5743552432427497
1995-08-30,1.0960258626675385
1995-08-31,8.62763422234736
1995-09-01,2.744770525003108
1995-09-02,0.0014193720485354338
1995-09-03,0.0
1995-09-04,0.0
1995-09-05,0.018947762691638906
1995-09-06,3.7925732291038012
1995-09-07,2.4503619563550436
1995-09-08,11.368602531967984
1995-09-09,0.6935755279888544
1995-09-10,5.225172004307671
1995-09-11,0.09697730673359813
1995-09-12,0.061356982809319574
1995-09-13,0.9995228829194349
1995-09-14,3.1752237654107973
1995-09-15,0.7207550216794533
1995-09-16,0.00958985759572957
1995-09-17,0.8598689709753363
1995-09-18,1.0732432246243007
1995-09-19,0.7095149214998058
1995-09-20,28.55250242340259
1995-09-21,22.233559842834552
1995-09-22,12.10631670302978
1995-09-23,0.0
1995-09-24,0.0
1995-09-25,0.0
1995-09-26,0.0
1995-09-27,0.0
1995-09-28,0.01430098136736153
1995-09-29,0.0
1995-09-30,0.021031290200854123
1995-10-01,3.640823022364176
1995-10-02,1.7625967966662524
1995-10-03,2.5841894027878403
1995-10-04,0.0
1995-10-05,0.0
1995-10-06,0.0
1995-10-07,0.0
1995-10-08,0.0
1995-10-09,0.0
1995-10-10,0.0
1995-10-11,0.0
1995-10-12,0.0
1995-10-13,0.0038583626071105118
1995-10-14,0.0
1995-10-15,0.0
1995-10-16,0.0
1995-10-17,0.0
1995-10-18,0.0
1995-10-19,0.0
1995-10-20,0.0
1995-10-21,0.0
1995-10-22,0.0
1995-10-23,0.4956021947971154
1995-10-24,0.1664939629511857
1995-10-25,0.047160046159774156
1995-10-26,0.03066426805253617
1995-10-27,0.0
1995-10-28,0.0
1995-10-29,2.183811056499678
1995-10-30,12.1544516146689
1995-10-31,13.45392197202455
1995-11-01,29.719378202439966
1995-11-02,0.1308458209462383
1995-11-03,0.597600105933859
1995-11-04,1.4298200611159033
1995-11-05,0.4939009203159723
1995-11-06,0.26696271559325674
1995-11-07,0.03344665986387755
1995-11-08,0.06279055859148196
1995-11-09,0.017827167431531194
1995-11-10,0.12218041177689466
1995-11-11,0.0
1995-11-12,0.0
1995-11-13,0.0
1995-11-14,0.0
1995-11-15,0.3914211803993746
1995-11-16,0.33021892930497015
1995-11-17,20.576739054498844
1995-11-18,1.232161205775091
1995-11-19,0.0037844410418961505
1995-11-20,0.01981212697114279
1995-11-21,0.05017377777977904
1995-11-22,0.0
1995-11-23,0.0
1995-11-24,0.0
1995-11-25,0.0
1995-11-26,0.0
1995-11-27,0.00225441953332257
1995-11-28,0.0027929622921177653
1995-11-29,0.0
1995-11-30,0.0
1995-12-01,0.0015696159990134864
1995-12-02,0.011028243859354477
1995-12-03,0.004726484738652703
1995-12-04,1.6845185984396e-05
1995-12-05,0.0
1995-12-06,0.0
1995-12-07,0.1360694898736748
1995-12-08,3.5509543826641665
1995-12-09,0.03249177775335606
1995-12-10,0.0
1995-12-11,0.0
1995-12-12,0.0
1995-12-13,0.0047301379867214334
1995-12-14,0.0319609664180629
1995-12-15,0.37667725753491527
1995-12-16,0.10132855830161913
1995-12-17,8.472298453366504
1995-12-18,1.3353649082814412
1995-12-19,0.0
1995-12-20,0.0
1995-12-21,0.24643286030376105
1995-12-22,0.2168263048540012
1995-12-23,0.0
1995-12-24,0.0
1995-12-25,0.0
1995-12-26,0.0
1995-12-27,0.09656928844407255
1995-12-28,0.31487472777043096
1995-12-29,0.6771085363509859
1995-12-30,1.0158824637082622
1995-12-31,0.0
1996-01-01,0.09422167057004877
1996-01-02,0.0070397559396903585
1996-01-03,0.0
1996-01-04,0.0
1996-01-05,0.0
1996-01-06,0.010264671800135721
1996-01-07,0.0
1996-01-08,0.0
1996-01-09,0.0
1996-01-10,0.0
1996-01-11,0.03235203103450518
1996-01-12,0.0
1996-01-13,0.0
1996-01-14,0.0
1996-01-15,0.0
1996-01-16,0.10391555529649604
1996-01-17,0.04654332671713982
1996-01-18,1.11317707397355
1996-01-19,0.0
1996-01-20,0.0
1996-01-21,0.016416725737166106
1996-01-22,0.6532393157541174
1996-01-23,0.21500654449413756
1996-01-24,0.0
1996-01-25,0.0
1996-01-26,0.0
1996-01-27,0.0
1996-01-28,0.028370410278363293
1996-01-29,0.039537138071605804
1996-01-30,0.06941404256912695
1996-01-31,0.041974863967406253
1996-02-01,0.8175012505301544
1996-02-02,1.3179074597247868
1996-02-03,0.3493415725509216
1996-02-04,0.16103399879147437
1996-02-05,0.004519061085828212
1996-02-06,0.06669122547287451
1996-02-07,0.009597111794229026
1996-02-08,0.0
1996-02-09,0.0
1996-02-10,0.0040264415532378405
1996-02-11,0.05153513878565176
1996-02-12,0.0
1996-02-13,0.02826640032035035
1996-02-14,0.0
1996-02-15,0.0
1996-02-16,0.0
1996-02-17,0.0
1996-02-18,0.0
1996-02-19,0.0
1996-02-20,0.006624234415569864
1996-02-21,0.0
1996-02-22,0.24519104871646735
1996-02-23,0.0023650689933607167
1996-02-24,0.0
1996-02-25,0.051097840049238626
1996-02-26,0.32072276153240425
1996-02-27,1.0027806629088645
1996-02-28,2.744255930638819
1996-02-29,9.75245609828757
1996-03-01,0.0768216106425879
1996-03-02,0.00019109035891440207
1996-03-03,0.0001670891364624487
1996-03-04,0.8926440134123307
1996-03-05,1.9530257615320497
1996-03-06,0.1916997336990108
1996-03-07,0.10462049034680922
1996-03-08,0.0
1996-03-09,0.0
1996-03-10,0.0
1996-03-11,0.0
1996-03-12,0.0
1996-03-13,0.0
1996-03-14,0.007537572186013893
1996-03-15,0.0
1996-03-16,2.9141938595344197
1996-03-17,4.227633430045825
1996-03-18,0.0
1996-03-19,0.0
1996-03-20,0.0
1996-03-21,0.0
1996-03-22,0.0
1996-03-23,0.023196318656885533
1996-03-24,0.23822579719680514
1996-03-25,0.8262215907193247
1996-03-26,2.9736237597165487
1996-03-27,8.396341918439077
1996-03-28,0.33530695632030133
1996-03-29,0.10182530703512128
1996-03-30,0.19235002776158577
1996-03-31,0.0
1996-04-01,0.0
1996-04-02,0.14220211517008743
1996-04-03,0.049065133545654116
1996-04-04,0.0023650689933607167
1996-04-05,9.172745952214875
1996-04-06,11.47617954746494
1996-04-07,0.0
1996-04-08,0.0
1996-04-09,0.0
1996-04-10,0.0
1996-04-11,1.3380833058259292
1996-04-12,0.25473869659790965
1996-04-13,0.0
1996-04-14,0.021193344509506246
1996-04-15,0.0
1996-04-16,0.0
1996-04-17,0.1431998664082127
1996-04-18,0.0135055283730143
1996-04-19,0.01233293455700172
1996-04-20,0.1421918324987426
1996-04-21,0.09862039036290576
1996-04-22,6.282624919660436
1996-04-23,0.10621535557995891
1996-04-24,0.0022128199079158107
1996-04-25,0.0
1996-04-26,0.0
1996-04-27,1.2194451429065867
1996-04-28,1.0043041050372667
1996-04-29,22.572849660066588
1996-04-30,0.0
1996-05-01,0.0
1996-05-02,0.1588734240558477
1996-05-03,0.18478966678780515
1996-05-04,0.03850551477452723
1996-05-05,0.7847848730605967
1996-05-06,1.9335653935859354
1996-05-07,0.9585209371289543
1996-05-08,11.986725635277777
1996-05-09,2.224515565897119
1996-05-10,2.791292662532547
1996-05-11,6.309780993009956
1996-05-12,0.1695865726698958
1996-05-13,0.0
1996-05-14,1.085709484919782
1996-05-15,0.2747503369860652
1996-05-16,0.007534535836791269
1996-05-17,0.033922584389061226
1996-05-18,0.03096794258851334
1996-05-19,0.03410413823731769
1996-05-20,0.009254395786282808
1996-05-21,0.0
1996-05-22,0.0
1996-05-23,0.0
1996-05-24,0.026566566051303798
1996-05-25,0.25436644024580973
1996-05-26,0.20925075619639702
1996-05-27,25.980404102459847
1996-05-28,0.4096135718415943
1996-05-29,3.4902733828724863
1996-05-30,13.877754674283437
1996-05-31,2.4467927965187304
1996-06-01,8.388859982165187
1996-06-02,2.9106779713901223
1996-06-03,10.623996836850331
1996-06-04,2.3085812960959102
1996-06-05,0.06695709319523858
1996-06-06,0.0059679561870004064
1996-06-07,8.836030960048042
1996-06-08,0.0
1996-06-09,0.0
1996-06-10,0.0
1996-06-11,0.0
1996-06-12,0.008333025180361123
1996-06-13,0.0370387839967092
1996-06-14,0.015075144372027786
1996-06-15,0.018872508758102494
1996-06-16,0.012086156324478865
1996-06-17,0.0025153129438387693
1996-06-18,5.100599186188157
1996-06-19,4.683441056978874
1996-06-20,0.0
1996-06-21,0.08370988601159458
1996-06-22,0.5210710287901663
1996-06-23,0.22214288411275515
1996-06-24,0.9075211645719063
1996-06-25,15.8348673786941
1996-06-26,10.761557907445942
1996-06-27,1.0194196328617797
1996-06-28,0.0
1996-06-29,0.020742612658072087
1996-06-30,0.0
1996-07-01,0.0
1996-07-02,0.0
1996-07-03,0.0047301379867214334
1996-07-04,0.0015696159990134864
1996-07-05,0.0
1996-07-06,0.0
1996-07-07,0.0
1996-07-08,0.00771608968504773
1996-07-09,0.903379793486553
1996-07-10,4.173634439519587
1996-07-11,2.748999623120229
1996-07-12,0.06905580732186571
1996-07-13,0.0
1996-07-14,0.0023650689933607167
1996-07-15,1.0220613526798963
1996-07-16,0.05277980210834726
1996-07-17,0.006571608230051808
1996-07-18,0.02589181249036584
1996-07-19,0.007534535836791269
1996-07-20,0.0014193720485354338
1996-07-21,0.0
1996-07-22,0.0
1996-07-23,0.0
1996-07-24,0.08696284299212279
1996-07-25,3.3758328043197885
1996-07-26,0.22225952381269753
1996-07-27,0.0
1996-07-28,0.9366713775438915
1996-07-29,0.10904744043479789
1996-07-30,0.034175025035539736
1996-07-31,0.0
1996-08-01,0.0
1996-08-02,0.0014193720485354338
1996-08-03,0.0001502439504780527
1996-08-04,0.02424785401520419
1996-08-05,0.05042141855385209
1996-08-06,0.006118200137478459
1996-08-07,0.03473158117920667
1996-08-08,0.01912485602981003
1996-08-09,0.3483174745527265
1996-08-10,0.33344430083615245
1996-08-11,11.206147944671061
1996-08-12,0.7714424877793314
1996-08-13,0.4165929670164975
1996-08-14,11.336018795797688
1996-08-15,3.332593125405448
1996-08-16,0.1675686277694229
1996-08-17,0.15091661562538908
1996-08-18,0.13680478537056573
1996-08-19,0.8827026337609887
1996-08-20,0.0
1996-08-21,0.7980211983842492
1996-08-22,10.881208719565215
1996-08-23,18.358293515595992
1996-08-24,24.26826628894652
1996-08-25,8.58255150466625
1996-08-26,7.001261319579949
1996-08-27,4.3381223567738925
1996-08-28,1.8348359803479084
1996-08-29,9.643686049766965
1996-08-30,26.711571109610976
1996-08-31,15.64700892226785
1996-09-01,5.238819273490767
1996-09-02,4.525674904436161
1996-09-03,3.394801367448619
1996-09-04,6.261523038758665
1996-09-05,0.4397977017969079
1996-09-06,1.9605507572039844
1996-09-07,0.0436786914264132
1996-09-08,0.9234615734081598
1996-09-09,13.286645741702502
1996-09-10,0.8405111391570911
1996-09-11,0.0
1996-09-12,0.0
1996-09-13,1.1394393727031045
1996-09-14,0.5959271947334356
1996-09-15,13.243827660180983
1996-09-16,0.0
1996-09-17,0.815923900722702
1996-09-18,1.8762233545838751
1996-09-19,8.008690619769242
1996-09-20,8.662366186107537
1996-09-21,6.229166187204518
1996-09-22,0.027376798403936795
1996-09-23,4.335686814631212
1996-09-24,6.625788796693441
1996-09-25,1.889180170870658
1996-09-26,0.9995670485543716
1996-09-27,2.9583680004340374
1996-09-28,0.0001502439504780527
1996-09-29,0.0
1996-09-30,0.0
1996-10-01,0.0
1996-10-02,0.0
1996-10-03,1.2983534834287782
1996-10-04,3.517043931648784
1996-10-05,4.061659505467144
1996-10-06,0.1357466285348968
1996-10-07,0.0022128199079158107
1996-10-08,0.006270355567060196
1996-10-09,0.0
1996-10-10,0.01751711695658495
1996-10-11,0.004643645992929123
1996-10-12,0.0
1996-10-13,0.0
1996-10-14,0.009839736846067593
1996-10-15,0.5921371946789424
1996-10-16,0.11749614604016316
1996-10-17,0.012864262551345106
1996-10-18,0.0
1996-10-19,0.0
1996-10-20,0.7763831439802656
1996-10-21,1.5770872801022213
1996-10-22,1.6156594327374763
1996-10-23,0.3598805087784018
1996-10-24,1.05072336720692
1996-10-25,0.9254071444979122
1996-10-26,0.5450491964599942
1996-10-27,7.947359238202629
1996-10-28,22.333376275910037
1996-10-29,0.8093395359027954
1996-10-30,0.0
1996-10-31,0.10896618566099374
1996-11-01,0.38841001858219537
1996-11-02,0.010320912495160707
1996-11-03,0.0
1996-11-04,0.0
1996-11-05,0.3702465094762739
1996-11-06,1.2324731511968627
1996-11-07,10.761296935373078
1996-11-08,0.0
1996-11-09,0.0
1996-11-10,0.0
1996-11-11,0.01541294137374043
1996-11-12,0.09077622432457336
1996-11-13,0.0014193720485354338
1996-11-14,0.7592196114063796
1996-11-15,5.962306444628852
1996-11-16,2.252788743219945
1996-11-17,0.8454583314297133
1996-11-18,0.010845041897996139
1996-11-19,0.0
1996-11-20,0.0
1996-11-21,0.0025136648307368926
1996-11-22,1.0656234996038907
1996-11-23,2.3972408141184056
1996-11-24,22.16183378098528
1996-11-25,1.7812178611222105
1996-11-26,0.40357791358170464
1996-11-27,1.5900245048627026
1996-11-28,9.12215203550218
1996-11-29,12.78624586598453
1996-11-30,0.39785130019956766
1996-12-01,0.04730137986721433
1996-12-02,0.4913050924561758
1996-12-03,0.09901726139075091
1996-12-04,5.184851174011751
1996-12-05,1.8179266915516028
1996-12-06,0.0
1996-12-07,0.0
1996-12-08,0.0
1996-12-09,0.0
1996-12-10,0.0
1996-12-11,0.0037704972461053386
1996-12-12,0.0
1996-12-13,0.0
1996-12-14,4.56460447668475
1996-12-15,34.332725255789214
1996-12-16,4.519471973689454
1996-12-17,0.0
1996-12-18,0.0
1996-12-19,0.0
1996-12-20,0.0
1996-12-21,0.017903868561001218
1996-12-22,0.01477465647107168
1996-12-23,0.08122564229555396
1996-12-24,0.04541550600238323
1996-12-25,0.12505644891769252
1996-12-26,0.6729729746299523
1996-12-27,0.0
1996-12-28,0.06917547850842551
1996-12-29,0.0
1996-12-30,0.0037704972461053386
1996-12-31,0.13736154761856623
1997-01-01,0.08796053622383035
1997-01-02,0.0004507318514341581
1997-01-03,0.00792276910136284
1997-01-04,0.0
1997-01-05,0.01902664209148223
1997-01-06,1.7627348806262286
1997-01-07,9.785770096952595
1997-01-08,13.16630424033764
1997-01-09,0.2970946435862375
1997-01-10,0.06044633999148194
1997-01-11,0.0
1997-01-12,0.7910513019145523
1997-01-13,0.4443533926329151
1997-01-14,0.08996194932714037
1997-01-15,0.19904137874369127
1997-01-16,0.1494265690727892
1997-01-17,0.0
1997-01-18,0.0025136648307368926
1997-01-19,0.25207894087566896
1997-01-20,2.472110214102565
1997-01-21,0.15033202766086468
1997-01-22,0.0
1997-01-23,0.4174042679570571
1997-01-24,0.0
1997-01-25,0.0
1997-01-26,0.1469757872905945
1997-01-27,0.23241388685682335
1997-01-28,0.0014193720485354338
1997-01-29,0.0
1997-01-30,0.0
1997-01-31,0.0
1997-02-01,0.4993156569063017
1997-02-02,0.0
1997-02-03,0.028129940893607926
1997-02-04,0.07833596774076687
1997-02-05,0.033726064812596414
1997-02-06,4.319481125546594
1997-02-07,10.178005390266424
1997-02-08,0.0004020421013333427
1997-02-09,2.050185315023558
1997-02-10,1.3997734628439467
1997-02-11,0.7199865215176257
1997-02-12,30.45508648048721
1997-02-13,0.44366403813479033
1997-02-14,3.476872083810824
1997-02-15,0.0026132736586667272
1997-02-16,0.01346660342390357
1997-02-17,0.004303896345146235
1997-02-18,0.005027329661473785
1997-02-19,9.872838671096906
1997-02-20,9.950479374984647
1997-02-21,0.8635057517416249
1997-02-22,0.028152775699355023
1997-02-23,0.8465486183786011
1997-02-24,7.5684663707603566
1997-02-25,4.364384205344436
1997-02-26,6.459766522355815
1997-02-27,0.0
1997-02-28,0.4920150681937676
1997-03-01,0.899289274874667
1997-03-02,7.172447950174501
1997-03-03,0.006189284360950233
1997-03-04,0.08613243464716563
1997-03-05,0.4193423418252693
1997-03-06,0.0004020421013333427
1997-03-07,0.3862905349674968
1997-03-08,3.899787183574243
1997-03-09,1.9710242586540352
1997-03-10,1.5480781144771738
1997-03-11,12.32071853074999
1997-03-12,16.86050985276421
1997-03-13,0.05581599866313321
1997-03-14,0.015277636337593386
1997-03-15,0.0
1997-03-16,3.222817209483341
1997-03-17,5.117661662462884
1997-03-18,1.6482208943187724
1997-03-19,0.17534005442359174
1997-03-20,0.0
1997-03-21,0.0
1997-03-22,0.0022335734722591467
1997-03-23,0.0
1997-03-24,0.0850189750255051
1997-03-25,13.106140238593381
1997-03-26,0.43023930327777354
1997-03-27,0.0250182358545669
1997-03-28,0.02097103552663757
1997-03-29,0.03164945536487616
1997-03-30,0.95243815319709
1997-03-31,2.3935705782688066
1997-04-01,7.210848569741852
1997-04-02,9.413737561434438
1997-04-03,37.370858632084904
1997-04-04,46.95540132032693
1997-04-05,9.66963095697138
1997-04-06,0.0
1997-04-07,0.0
1997-04-08,0.5176064343384568
1997-04-09,0.5582296965979486
1997-04-10,1.9427288397517088
1997-04-11,0.9856828698974899
1997-04-12,0.0
1997-04-13,0.0
1997-04-14,0.0
1997-04-15,0.0025136648307368926
1997-04-16,0.005027329661473785
1997-04-17,0.267242953876018
1997-04-18,0.7270032304733256
1997-04-19,3.106110495807787
1997-04-20,0.004425639815831621
1997-04-21,5.714657944571584
1997-04-22,0.0
1997-04-23,0.01634769477628195
1997-04-24,0.8112805399890897
1997-04-25,33.05952229740137
1997-04-26,32.70203916722286
1997-04-27,1.532295565738121
1997-04-28,0.0345690722401485
1997-04-29,0.0
1997-04-30,0.0
1997-05-01,0.03557790098851921
1997-05-02,0.13706696021086123
1997-05-03,0.0
1997-05-04,0.0
1997-05-05,0.011635424473044708
1997-05-06,0.23465503447425545
1997-05-07,0.05922968117733503
1997-05-08,0.0
1997-05-09,19.65707253094332
1997-05-10,1.4101211676071272
1997-05-11,0.8307912929813259
1997-05-12,4.756032004443841
1997-05-13,0.3526785957633315
1997-05-14,3.5134380020146248
1997-05-15,4.90797148758778
1997-05-16,6.785364516906053
1997-05-17,0.32571359309337455
1997-05-18,1.5018768959191438
1997-05-19,1.3544639784634167
1997-05-20,23.46154632361968
1997-05-21,1.2985693074175988
1997-05-22,8.490263530138902
1997-05-23,26.647592611803752
1997-05-24,2.915744105736714
1997-05-25,0.120561185163946
1997-05-26,3.952318598359517
1997-05-27,5.252230967028921
1997-05-28,29.263163418199895
1997-05-29,0.1362908190879555
1997-05-30,1.1134911280301742
1997-05-31,3.782941491636642
1997-06-01,0.0
1997-06-02,0.0
1997-06-03,0.0
1997-06-04,0.02177966580443405
1997-06-05,3.9171318248071993
1997-06-06,36.59381680530909
1997-06-07,25.28832182132201
1997-06-08,12.64445641266303
1997-06-09,18.566749762934574
1997-06-10,14.6613016709171
1997-06-11,0.6072965356893465
1997-06-12,0.0
1997-06-13,1.654104225337995
1997-06-14,0.6690131932799251
1997-06-15,14.543287746166934
1997-06-16,0.542027155580763
1997-06-17,3.77435578562956
1997-06-18,0.4543844652429769
1997-06-19,1.8057417767030912
1997-06-20,1.0350116830221336
1997-06-21,56.73394112250989
1997-06-22,87.34019676519436
1997-06-23,2.740543033490175
1997-06-24,1.834116690092946
1997-06-25,1.6789680542028875
1997-06-26,0.06954162331050191
1997-06-27,0.021962665686583185
1997-06-28,0.03375202529982561
1997-06-29,0.012069311138494469
1997-06-30,0.0
1997-07-01,0.0
1997-07-02,0.0
1997-07-03,0.005817712236522354
1997-07-04,0.0
1997-07-05,0.0
1997-07-06,0.0059679561870004064
1997-07-07,0.06216905173143458
1997-07-08,0.05235157314493652
1997-07-09,0.031909162546034375
1997-07-10,0.032378037131116796
1997-07-11,0.0
1997-07-12,0.005817712236522354
1997-07-13,0.0
1997-07-14,0.0012568324153684463
1997-07-15,0.006418688038434564
1997-07-16,0.05859112882558296
1997-07-17,0.0
1997-07-18,0.0
1997-07-19,0.05108244504687914
1997-07-20,1.0487446720822238
1997-07-21,0.3318158955805853
1997-07-22,1.3677712153098132
1997-07-23,0.0
1997-07-24,0.0
1997-07-25,0.01725572916864641
1997-07-26,0.0014193720485354338
1997-07-27,0.0
1997-07-28,0.011438016932124057
1997-07-29,0.9816904773348054
1997-07-30,2.3150123072336655
1997-07-31,12.14495807014435
1997-08-01,0.34381693684574754
1997-08-02,0.22110944949233088
1997-08-03,0.13051531490524795
1997-08-04,0.009600148143451651
1997-08-05,0.01905005233642525
1997-08-06,2.161889870501967
1997-08-07,3.295408157835052
1997-08-08,41.246905934217914
1997-08-09,5.297229984451497
1997-08-10,0.735953266400569
1997-08-11,0.009600148143451651
1997-08-12,0.0
1997-08-13,0.0
1997-08-14,0.0001502439504780527
1997-08-15,0.01430088771149836
1997-08-16,0.00988379085842336
1997-08-17,0.0
1997-08-18,0.0
1997-08-19,0.07731415468598506
1997-08-20,0.0
1997-08-21,0.04191658935009597
1997-08-22,0.17558449380965013
1997-08-23,1.3316201095417393
1997-08-24,0.025961700333284085
1997-08-25,0.0
1997-08-26,0.0
1997-08-27,0.0
1997-08-28,0.025811456382806033
1997-08-29,0.008030532144438165
1997-08-30,0.0
1997-08-31,0.0
1997-09-01,0.0
1997-09-02,0.8096859678771446
1997-09-03,3.5689127162086205
1997-09-04,6.189221867620084
1997-09-05,0.4677959447772364
1997-09-06,0.0
1997-09-07,0.0
1997-09-08,0.09807245579797713
1997-09-09,0.6124001968846208
1997-09-10,0.10905968469500184
1997-09-11,0.25364917045837937
1997-09-12,0.49364408921222064
1997-09-13,0.005907725660632108
1997-09-14,0.031106783544266353
1997-09-15,0.026996635574546603
1997-09-16,0.0001502439504780527
1997-09-17,0.0
1997-09-18,0.0
1997-09-19,0.019110153534302027
1997-09-20,0.3483506120395259
1997-09-21,0.11553944945453958
1997-09-22,14.307732085189595
1997-09-23,6.986701158502386
1997-09-24,0.02122044361429133
1997-09-25,0.0
1997-09-26,0.0
1997-09-27,0.0
1997-09-28,0.0
1997-09-29,0.0
1997-09-30,0.0
1997-10-01,0.0
1997-10-02,0.0
1997-10-03,0.0
1997-10-04,0.08974020241275216
1997-10-05,1.4708068471434195
1997-10-06,7.941833801500606
1997-10-07,8.080231917923394
1997-10-08,13.176217507851101
1997-10-09,16.917797089304102
1997-10-10,20.987092730406207
1997-10-11,16.192891447333842
1997-10-12,4.141390491347324
1997-10-13,6.028215383926664
1997-10-14,0.0
1997-10-15,0.0
1997-10-16,0.015475233827290887
1997-10-17,0.002596797517758926
1997-10-18,0.01541294137374043
1997-10-19,0.006589983942765983
1997-10-20,0.0
1997-10-21,0.2457030073429745
1997-10-22,0.020725039130327822
1997-10-23,2.1228257865724287
1997-10-24,0.0
1997-10-25,0.32377080638991307
1997-10-26,1.6845185984396e-05
1997-10-27,0.0
1997-10-28,0.379809090818279
1997-10-29,0.07722254525225496
1997-10-30,0.026860812795550547
1997-10-31,0.0001502439504780527
1997-11-01,0.0
1997-11-02,0.0
1997-11-03,0.0
1997-11-04,0.007537572186013893
1997-11-05,0.05941998816996746
1997-11-06,0.0
1997-11-07,0.0
1997-11-08,0.0
1997-11-09,2.396699869841177
1997-11-10,14.33464155105706
1997-11-11,2.591968223551976
1997-11-12,19.690198120613985
1997-11-13,5.819184031445609
1997-11-14,0.04386423019414417
1997-11-15,2.7207679815453325
1997-11-16,0.0
1997-11-17,0.0
1997-11-18,0.3252639094579273
1997-11-19,0.00010051052533333567
1997-11-20,0.0
1997-11-21,0.0
1997-11-22,0.0
1997-11-23,0.015475233827290887
1997-11-24,0.006604127632781289
1997-11-25,0.4689361091313291
1997-11-26,0.02716130069650665
1997-11-27,0.1688460625968768
1997-11-28,6.246505443220996
1997-11-29,0.3934116987458353
1997-11-30,0.00010051052533333567
1997-12-01,0.0
1997-12-02,3.2533462288369814
1997-12-03,3.3548354955575266
1997-12-04,0.0
1997-12-05,0.0
1997-12-06,0.0
1997-12-07,5.8834753468370415
1997-12-08,0.22288510071678952
1997-12-09,0.0003004879009561054
1997-12-10,0.0
1997-12-11,0.0
1997-12-12,0.0353709723883179
1997-12-13,0.0
1997-12-14,0.0
1997-12-15,0.0
1997-12-16,0.0
1997-12-17,0.0
1997-12-18,0.2808325973735692
1997-12-19,1.0296735712288045
1997-12-20,36.12294855653676
1997-12-21,12.25832663052413
1997-12-22,0.18357608508124948
1997-12-23,8.099439128684244
1997-12-24,0.06218794122272843
1997-12-25,0.02588543962312593
1997-12-26,8.96402163748288
1997-12-27,1.1335883792054706
1997-12-28,0.05259007682007911
1997-12-29,0.0
1997-12-30,0.0
1997-12-31,0.026622148958710457
1998-01-01,0.6335401003194309
1998-01-02,0.5315533009745893
1998-01-03,0.3536968467105673
1998-01-04,1.1616280859248622
1998-01-05,1.95226419061455
1998-01-06,28.284175121000995
1998-01-07,4.804456182800784
1998-01-08,0.05907341307042615
1998-01-09,0.038856477253816836
1998-01-10,0.3049024163337839
1998-01-11,0.6489548892513297
1998-01-12,0.10768893223943218
1998-01-13,0.07767393848175314
1998-01-14,0.33644201669210744
1998-01-15,0.006044392330566167
1998-01-16,0.0
1998-01-17,0.0
1998-01-18,0.0
1998-01-19,0.0
1998-01-20,0.039232359996640265
1998-01-21,0.5510662480768891
1998-01-22,0.2091773952623257
1998-01-23,0.0
1998-01-24,0.0
1998-01-25,0.02513260437302226
1998-01-26,0.05877117204380065
1998-01-27,0.0
1998-01-28,0.0
1998-01-29,0.3665723346150622
1998-01-30,6.6886627769347236
1998-01-31,37.42700506494534
1998-02-01,3.501908870194269
1998-02-02,0.06493271127764975
1998-02-03,0.26081409656810417
1998-02-04,0.4893611300367841
1998-02-05,5.452684791170402
1998-02-06,1.0108918788245311
1998-02-07,0.0
1998-02-08,0.1621921550833939
1998-02-09,0.1163326432152671
1998-02-10,9.053842109783231
1998-02-11,0.12366582598224299
1998-02-12,1.6702797314843094
1998-02-13,4.843629925053477
1998-02-14,17.553958378896436
1998-02-15,2.753822854371331
1998-02-16,7.892441327200466
1998-02-17,0.0
1998-02-18,0.3851474090086253
1998-02-19,1.4906921169355778
1998-02-20,1.3190438556670478
1998-02-21,9.367480159813978
1998-02-22,18.029494339709224
1998-02-23,0.0
1998-02-24,0.021143737561361065
1998-02-25,5.336724289989647
1998-02-26,9.730701413390138
1998-02-27,0.012090103534131053
1998-02-28,0.009436159213404214
1998-03-01,0.0
1998-03-02,0.015009793481783279
1998-03-03,0.0
1998-03-04,0.2663614794767869
1998-03-05,0.13738056451127623
1998-03-06,1.0563327722019273
1998-03-07,1.5813126527479662
1998-03-08,0.6706266552424983
1998-03-09,0.0
1998-03-10,0.0
1998-03-11,0.012378568721900466
1998-03-12,0.4947772323613691
1998-03-13,3.2471392384350497
1998-03-14,8.626542735911416
1998-03-15,6.603609777814161
1998-03-16,50.33218403462168
1998-03-17,0.011825344966803583
1998-03-18,0.5361811580274847
1998-03-19,1.6132066216753644
1998-03-20,0.0
1998-03-21,0.0
1998-03-22,0.0
1998-03-23,0.0
1998-03-24,0.0
1998-03-25,0.0
1998-03-26,0.016325904088950984
1998-03-27,0.441616076462072
1998-03-28,0.05764266835324656
1998-03-29,0.5115010057553703
1998-03-30,4.094882125240407
1998-03-31,20.78903980945939
1998-04-01,0.0
1998-04-02,0.0
1998-04-03,0.0
1998-04-04,0.0
1998-04-05,0.0
1998-04-06,0.14198733663269753
1998-04-07,0.21814740309446864
1998-04-08,7.587369683256125
1998-04-09,0.0
1998-04-10,0.0
1998-04-11,0.0
1998-04-12,0.061008775566770194
1998-04-13,0.10845516653154598
1998-04-14,0.0076878161364919454
1998-04-15,0.0326785250320729
1998-04-16,0.07620232542515008
1998-04-17,0.0
1998-04-18,1.668317854670865
1998-04-19,0.0
1998-04-20,0.0
1998-04-21,0.0014193720485354338
1998-04-22,0.0
1998-04-23,0.0
1998-04-24,0.0
1998-04-25,0.0
1998-04-26,1.3688975103430578
1998-04-27,0.23966270451846527
1998-04-28,0.0
1998-04-29,0.0
1998-04-30,0.0
1998-05-01,0.27068402515326967
1998-05-02,0.7856979933294328
1998-05-03,0.007051767212134832
1998-05-04,0.0
1998-05-05,0.0
1998-05-06,0.0
1998-05-07,0.2106266716925933
1998-05-08,0.0005841306159278148
1998-05-09,0.2511762707511702
1998-05-10,0.0
1998-05-11,0.0035712927581110806
1998-05-12,0.0001502439504780527
1998-05-13,0.014924900421549732
1998-05-14,0.1925362521247776
1998-05-15,0.6091339036007017
1998-05-16,0.1767387821570193
1998-05-17,1.1242390733110423
1998-05-18,0.0
1998-05-19,0.0
1998-05-20,0.0
1998-05-21,0.006223102035808007
1998-05-22,0.0001502439504780527
1998-05-23,1.3194118870324474
1998-05-24,0.2849428464408507
1998-05-25,0.09112768524118395
1998-05-26,5.875285782362697
1998-05-27,5.213238646198183
1998-05-28,0.2104073467844921
1998-05-29,0.0
1998-05-30,0.0
1998-05-31,0.0
1998-06-01,0.0
1998-06-02,0.0
1998-06-03,0.026899030867333425
1998-06-04,0.28258120550593435
1998-06-05,9.490439819933007
1998-06-06,0.005895274484694436
1998-06-07,0.0059679561870004064
1998-06-08,1.1394882741909742
1998-06-09,0.4479766042732313
1998-06-10,1.3517879391918912
1998-06-11,20.30643107254278
1998-06-12,0.11435663217910864
1998-06-13,0.004052877297824234
1998-06-14,0.2501928655343831
1998-06-15,0.0001502439504780527
1998-06-16,0.0
1998-06-17,0.14529612566684644
1998-06-18,0.07209654687425658
1998-06-19,0.005817712236522354
1998-06-20,0.0
1998-06-21,0.0059679561870004064
1998-06-22,0.09187523915141589
1998-06-23,0.0059679561870004064
1998-06-24,0.005817712236522354
1998-06-25,0.0059679561870004064
1998-06-26,0.0015696159990134864
1998-06-27,0.0014193720485354338
1998-06-28,1.634044737267924
1998-06-29,3.3198208037332058
1998-06-30,2.2050033470931116
1998-07-01,0.27741694372786285
1998-07-02,0.0
1998-07-03,15.75097761535505
1998-07-04,39.55222152015712
1998-07-05,0.17913115782581465
1998-07-06,0.0
1998-07-07,0.0
1998-07-08,0.0
1998-07-09,0.013205040472058194
1998-07-10,0.0001502439504780527
1998-07-11,0.0
1998-07-12,0.02010931864589514
1998-07-13,0.5015101327432115
1998-07-14,0.44154474734354343
1998-07-15,0.16710172469836224
1998-07-16,0.0
1998-07-17,0.0014193720485354338
1998-07-18,0.0
1998-07-19,0.06186027847278255
1998-07-20,0.00738732823553584
1998-07-21,0.0
1998-07-22,0.013655772323492351
1998-07-23,0.0
1998-07-24,0.01178566842352276
1998-07-25,0.0
1998-07-26,0.013956260224448458
1998-07-27,0.0
1998-07-28,0.0001502439504780527
1998-07-29,0.0004507318514341581
1998-07-30,0.0
1998-07-31,0.0
1998-08-01,0.0
1998-08-02,0.0
1998-08-03,0.06830763193127463
1998-08-04,4.235993806830006
1998-08-05,4.721486696845041
1998-08-06,10.529023844233514
1998-08-07,2.7959424239325483
1998-08-08,0.37011393893400163
1998-08-09,0.12255078031959261
1998-08-10,0.0
1998-08-11,0.002985951698326297
1998-08-12,0.16666320548860664
1998-08-13,0.3000958960138164
1998-08-14,3.6096187911244226
1998-08-15,0.43089208287637
1998-08-16,1.2302585839416058
1998-08-17,6.558244559269643
1998-08-18,2.8204144567066547
1998-08-19,0.03682295975287714
1998-08-20,1.3005315215996371
1998-08-21,1.060816319656165
1998-08-22,56.22347733376894
1998-08-23,29.50993912050176
1998-08-24,8.098336551619452
1998-08-25,0.5476229137234584
1998-08-26,0.27956314164661755
1998-08-27,0.001566579649790863
1998-08-28,6.841294926068906e-05
1998-08-29,0.0127970524535542
1998-08-30,0.3484941615156181
1998-08-31,0.8466672686006278
1998-09-01,1.5885453469379829
1998-09-02,0.0
1998-09-03,0.001566579649790863
1998-09-04,0.7160147663383734
1998-09-05,1.1942547193319797
1998-09-06,0.14870155841773852
1998-09-07,0.2005718176017315
1998-09-08,0.022976546736846192
1998-09-09,0.5018144332888995
1998-09-10,2.0742146539138138
1998-09-11,56.83782147059137
1998-09-12,8.557180731201838
1998-09-13,0.26681447640681977
1998-09-14,4.208795710086858
1998-09-15,8.97563750857992
1998-09-16,21.30059409672472
1998-09-17,3.7968471698910484
1998-09-18,0.0911169896540947
1998-09-19,0.07131873146479818
1998-09-20,0.08650470133012826
1998-09-21,0.0
1998-09-22,0.006118200137478459
1998-09-23,0.15312469179240318
1998-09-24,0.005836821272413794
1998-09-25,0.005817712236522354
1998-09-26,0.24809761896110294
1998-09-27,0.012386644225434972
1998-09-28,0.10535985623258982
1998-09-29,0.0
1998-09-30,0.0
1998-10-01,0.0
1998-10-02,1.7849181266945808
1998-10-03,0.005677488194141735
1998-10-04,0.27519369095263735
1998-10-05,0.12589877855371454
1998-10-06,67.28144765357338
1998-10-07,0.0
1998-10-08,0.0
1998-10-09,0.0
1998-10-10,0.0
1998-10-11,0.0
1998-10-12,0.036473613643556106
1998-10-13,0.026665226792923987
1998-10-14,0.0
1998-10-15,0.0
1998-10-16,2.2621841215338843
1998-10-17,126.44952681351914
1998-10-18,74.45481059483599
1998-10-19,31.233208847345765
1998-10-20,1.3604662785907233
1998-10-21,0.5133958980750417
1998-10-22,0.019094888619672776
1998-10-23,0.010739061167813011
1998-10-24,0.0
1998-10-25,0.07842457408688508
1998-10-26,0.2378291203283241
1998-10-27,0.8602424418080089
1998-10-28,0.06971993061632498
1998-10-29,0.03001803855705474
1998-10-30,0.1391905177411423
1998-10-31,8.186244863124072
1998-11-01,29.0374849906202
1998-11-02,0.0
1998-11-03,0.0
1998-11-04,0.8415862734369701
1998-11-05,12.231742823630738
1998-11-06,1.427709115873755
1998-11-07,5.745921858320937
1998-11-08,0.23072951660261753
1998-11-09,0.569446556257281
1998-11-10,1.545490035031019
1998-11-11,0.0
1998-11-12,5.75421278926664
1998-11-13,15.47206570374427
1998-11-14,17.727036396388108
1998-11-15,2.0985938868055514
1998-11-16,0.0
1998-11-17,0.01530746550253096
1998-11-18,0.03311209636713649
1998-11-19,0.1659904424893091
1998-11-20,3.070518082939044
1998-11-21,0.02078585552528192
1998-11-22,0.0
1998-11-23,0.0
1998-11-24,0.0
1998-11-25,0.018058059721131458
1998-11-26,0.0
1998-11-27,0.28060975799290694
1998-11-28,0.21507755326608827
1998-11-29,0.1537272255666555
1998-11-30,0.8286873238418643
1998-12-01,0.0
1998-12-02,0.07978771017839287
1998-12-03,0.5589630868895978
1998-12-04,0.7475171233193532
1998-12-05,0.06617356535480054
1998-12-06,0.27793879126480986
1998-12-07,0.39735739878513215
1998-12-08,0.033310344118715855
1998-12-09,0.0
1998-12-10,16.247000590401274
1998-12-11,5.6658562791221625
1998-12-12,0.07783990320885602
1998-12-13,0.015884026233136644
1998-12-14,0.0
1998-12-15,0.0
1998-12-16,0.0
1998-12-17,0.0
1998-12-18,1.3371571754887268
1998-12-19,0.0
1998-12-20,0.1326726183246557
1998-12-21,0.35881167832140504
1998-12-22,0.7083842793119755
1998-12-23,0.8328153071868526
1998-12-24,0.07393525034737305
1998-12-25,0.006118200137478459
1998-12-26,0.0
1998-12-27,0.0
1998-12-28,0.001908343775233845
1998-12-29,0.0
1998-12-30,0.0
1998-12-31,0.3069655116191988
1999-01-01,0.9015863074750908
1999-01-02,0.07505581571028283
1999-01-03,0.0
1999-01-04,0.0
1999-01-05,0.0
1999-01-06,0.0
1999-01-07,0.03077320551909719
1999-01-08,0.0059679561870004064
1999-01-09,0.010974255735774348
1999-01-10,0.0
1999-01-11,0.0
1999-01-12,0.0
1999-01-13,0.008953907885326703
1999-01-14,0.0001502439504780527
1999-01-15,0.0
1999-01-16,0.0
1999-01-17,0.0
1999-01-18,0.0
1999-01-19,0.004080244480527756
1999-01-20,0.15195487480506858
1999-01-21,0.0001502439504780527
1999-01-22,0.05137094449022448
1999-01-23,0.0
1999-01-24,0.0
1999-01-25,0.0
1999-01-26,0.017904779421430782
1999-01-27,0.0014193720485354338
1999-01-28,1.5336746429100898
1999-01-29,7.082717151553422
1999-01-30,0.028380827920328602
1999-01-31,0.07568220778754293
1999-02-01,0.0
1999-02-02,1.5390170261398806
1999-02-03,0.0
1999-02-04,0.0059679561870004064
1999-02-05,0.20985793882409834
1999-02-06,0.13236901322134914
1999-02-07,0.0
1999-02-08,0.010845041897996139
1999-02-09,0.11268337329661558
1999-02-10,0.02313927608696141
1999-02-11,1.2121685871538421
1999-02-12,0.0
1999-02-13,0.0
1999-02-14,0.0
1999-02-15,0.0
1999-02-16,0.04540632557758222
1999-02-17,0.012987620027347182
1999-02-18,0.0
1999-02-19,0.0
1999-02-20,0.2555646754485525
1999-02-21,0.0
1999-02-22,0.0
1999-02-23,0.0
1999-02-24,0.006118200137478459
1999-02-25,0.07433432166061649
1999-02-26,0.2182284124313166
1999-02-27,0.15382553044555378
1999-02-28,0.0
1999-03-01,0.0
1999-03-02,0.0
1999-03-03,0.0
1999-03-04,0.0
1999-03-05,0.38714771934667497
1999-03-06,0.12346446627053777
1999-03-07,0.13347906442334703
1999-03-08,2.0462173355065776
1999-03-09,0.0
1999-03-10,0.10227874394109379
1999-03-11,0.28637369455359324
1999-03-12,3.287953623480484
1999-03-13,12.21306936218952
1999-03-14,0.0
1999-03-15,0.0
1999-03-16,0.03916449124477158
1999-03-17,0.2071510787494223
1999-03-18,12.044845631122138
1999-03-19,18.58770980893862
1999-03-20,0.08570693860988866
1999-03-21,0.0
1999-03-22,0.0
1999-03-23,0.2758327856732332
1999-03-24,0.3750263808214893
1999-03-25,0.17204166355780434
1999-03-26,0.0
1999-03-27,4.083860044060876
1999-03-28,18.250670443400406
1999-03-29,0.9913844711713911
1999-03-30,0.066139268035229
1999-03-31,0.0
1999-04-01,0.4625770706828309
1999-04-02,1.2262284059051325
1999-04-03,2.888453212617605
1999-04-04,0.26457868276406277
1999-04-05,0.38534551044157345
1999-04-06,0.014277657281523798
1999-04-07,0.07221567847391597
1999-04-08,0.03140939693401552
1999-04-09,0.20367033585524788
1999-04-10,0.4373304513734611
1999-04-11,0.14360476270233116
1999-04-12,0.07005329941326997
1999-04-13,1.190568359613749
1999-04-14,3.984838114328584
1999-04-15,0.0
1999-04-16,0.19515724192654268
1999-04-17,0.0
1999-04-18,0.0
1999-04-19,0.0
1999-04-20,0.0
1999-04-21,0.0014193720485354338
1999-04-22,0.0
1999-04-23,0.01834594922918276
1999-04-24,2.4836136962396242
1999-04-25,9.408885656721724
1999-04-26,13.590614323541525
1999-04-27,0.004925015741333448
1999-04-28,0.03682070504571115
1999-04-29,0.011093865029889275
1999-04-30,0.0036898642685268203
1999-05-01,0.7924902396260092
1999-05-02,2.589069268744088
1999-05-03,2.5945124015000265
1999-05-04,0.5454191295879804
1999-05-05,0.007985267688225427
1999-05-06,0.0
1999-05-07,0.0
1999-05-08,0.0
1999-05-09,2.6965218173434025
1999-05-10,29.33568715217078
1999-05-11,1.2106622017086712
1999-05-12,9.82741471992577
1999-05-13,0.0014193720485354338
1999-05-14,0.06675075558123977
1999-05-15,4.298524228285182
1999-05-16,0.10546531274610982
1999-05-17,1.2086463934392542
1999-05-18,23.772960217349247
1999-05-19,0.018058059721131458
1999-05-20,0.0700516271755027
1999-05-21,0.09200777608723235
1999-05-22,0.019607794184937927
1999-05-23,0.0
1999-05-24,0.7122731624491191
1999-05-25,0.036635445874883
1999-05-26,0.04820974854775008
1999-05-27,3.3818424624671426
1999-05-28,9.193833268718548
1999-05-29,5.6455601094716314
1999-05-30,1.1255195316241284
1999-05-31,0.0
1999-06-01,0.08117848084952606
1999-06-02,0.15269607859914147
1999-06-03,0.053926612594763584
1999-06-04,0.19060662937751777
1999-06-05,0.24699941689061522
1999-06-06,0.07272360128587375
1999-06-07,0.12616421222625798
1999-06-08,0.2842725726636497
1999-06-09,0.24922478512225038
1999-06-10,0.25565555703026066
1999-06-11,0.9175827684717469
1999-06-12,1.8106128808764494
1999-06-13,11.335399528642599
1999-06-14,3.365325265699546
1999-06-15,0.903213592789795
1999-06-16,1.2377010932183354
1999-06-17,0.48347431230937526
1999-06-18,0.1758486429806851
1999-06-19,3.201301865397083
1999-06-20,41.19062013060958
1999-06-21,11.256914533973347
1999-06-22,6.718566429597768
1999-06-23,2.3265575801156433
1999-06-24,2.402427133586621
1999-06-25,6.531171764227393
1999-06-26,2.5761136876633564
1999-06-27,0.2064450358046406
1999-06-28,0.05591663765629432
1999-06-29,0.058384892584442405
1999-06-30,0.06439258124047949
1999-07-01,0.06917851573280116
1999-07-02,0.2586073077164184
1999-07-03,2.126289930410163
1999-07-04,5.118215127783398
1999-07-05,1.229774983492691
1999-07-06,1.829993245274168
1999-07-07,0.48699296342769316
1999-07-08,0.27910774743192174
1999-07-09,1.8147724093962834
1999-07-10,2.2099435119738633
1999-07-11,8.744054186308949
1999-07-12,5.24596485618587
1999-07-13,0.2720396059211903
1999-07-14,0.13744165674171382
1999-07-15,0.0
1999-07-16,0.796916150620467
1999-07-17,5.520772290169423
1999-07-18,1.1887276494031505
1999-07-19,1.2073248092947002
1999-07-20,0.7497590245536601
1999-07-21,3.7590053718734207
1999-07-22,0.18421730952151064
1999-07-23,0.0
1999-07-24,0.0
1999-07-25,0.024842816185704757
1999-07-26,0.0
1999-07-27,0.04143206794171735
1999-07-28,0.0
1999-07-29,6.841294926068906e-05
1999-07-30,0.0
1999-07-31,0.0014193720485354338
1999-08-01,1.9109035891440207e-05
1999-08-02,0.0
1999-08-03,0.21950695901318545
1999-08-04,2.0413814226505864
1999-08-05,0.015977842628929175
1999-08-06,0.07716374332916523
1999-08-07,0.0
1999-08-08,0.0
1999-08-09,0.0
1999-08-10,0.0014193720485354338
1999-08-11,0.0
1999-08-12,0.0
1999-08-13,0.0003004879009561054
1999-08-14,0.0014193720485354338
1999-08-15,0.003782435906929297
1999-08-16,0.011311491738316016
1999-08-17,0.028625609114499028
1999-08-18,0.00833102004539427
1999-08-19,0.0
1999-08-20,0.032468808573947176
1999-08-21,0.0028593586743629546
1999-08-22,0.2739218219187675
1999-08-23,1.787907287005281
1999-08-24,1.342167571298464
1999-08-25,0.03539930884356875
1999-08-26,0.07116683109885592
1999-08-27,0.02693034053038536
1999-08-28,0.016416549361954746
1999-08-29,0.6927637484757884
1999-08-30,0.1475015762617633
1999-08-31,0.10976761094301674
1999-09-01,0.040119634869563804
1999-09-02,0.08278499085146485
1999-09-03,0.02909485963286581
1999-09-04,0.2968283086219906
1999-09-05,0.07426809741981255
1999-09-06,0.5854973923719246
1999-09-07,0.44877145018667436
1999-09-08,0.018667399317054103
1999-09-09,0.1823299289300551
1999-09-10,0.08808308546413562
1999-09-11,0.0003004879009561054
1999-09-12,0.0
1999-09-13,0.01755228599522203
1999-09-14,0.008030532144438165
1999-09-15,0.0
1999-09-16,0.0
1999-09-17,0.0
1999-09-18,0.0
1999-09-19,0.0
1999-09-20,0.0
1999-09-21,0.0
1999-09-22,0.0
1999-09-23,0.0
1999-09-24,0.011311491738316016
1999-09-25,0.2614142803594249
1999-09-26,0.08699441386517039
1999-09-27,0.10349478376703919
1999-09-28,0.09684117549213865
1999-09-29,1.4328746723972619
1999-09-30,0.0059511110010160104
1999-10-01,0.0
1999-10-02,0.0
1999-10-03,0.28517132023346964
1999-10-04,0.018204356461957324
1999-10-05,0.0
1999-10-06,0.0
1999-10-07,0.0
1999-10-08,0.0
1999-10-09,0.0014193720485354338
1999-10-10,0.0
1999-10-11,0.0
1999-10-12,0.0
1999-10-13,0.0
1999-10-14,0.0
1999-10-15,0.0059679561870004064
1999-10-16,0.8616404788776225
1999-10-17,10.425283007457617
1999-10-18,13.199933899269368
1999-10-19,1.0559486311616033
1999-10-20,0.02364305813555517
1999-10-21,0.0
1999-10-22,0.0
1999-10-23,0.0
1999-10-24,0.0
1999-10-25,0.0
1999-10-26,0.0
1999-10-27,0.04386423019414417
1999-10-28,0.002985951698326297
1999-10-29,4.153904875189183
1999-10-30,11.227408445149274
1999-10-31,0.4447665357490178
1999-11-01,0.0
1999-11-02,0.0
1999-11-03,0.0
1999-11-04,0.0
1999-11-05,0.0
1999-11-06,0.0014193720485354338
1999-11-07,0.0
1999-11-08,0.0
1999-11-09,0.0
1999-11-10,0.0
1999-11-11,0.0
1999-11-12,0.0
1999-11-13,0.0
1999-11-14,0.0
1999-11-15,0.0
1999-11-16,0.0
1999-11-17,0.0
1999-11-18,0.0
1999-11-19,0.0059679561870004064
1999-11-20,0.0
1999-11-21,0.0
1999-11-22,0.026410080944116388
1999-11-23,0.5929734884598821
1999-11-24,0.7234697879503275
1999-11-25,3.230214462009261
1999-11-26,0.0
1999-11-27,0.0
1999-11-28,0.0
1999-11-29,0.0
1999-11-30,0.006118200137478459
1999-12-01,0.0
1999-12-02,0.09514077669722829
1999-12-03,0.0
1999-12-04,0.6661835185675438
1999-12-05,0.0
1999-12-06,0.0
1999-12-07,0.0
1999-12-08,0.5087452417499304
1999-12-09,0.9872608650288747
1999-12-10,0.0
1999-12-11,4.514242309789911
1999-12-12,8.466012456215475
1999-12-13,0.0021041755828445172
1999-12-14,0.0
1999-12-15,0.0
1999-12-16,0.0
1999-12-17,0.0
1999-12-18,0.07942381074948278
1999-12-19,0.0
1999-12-20,1.0066073994561253
1999-12-21,0.8293352036122494
1999-12-22,0.0
1999-12-23,0.0
1999-12-24,0.0
1999-12-25,1.6845185984396e-05
1999-12-26,0.0
1999-12-27,0.0
1999-12-28,0.0
1999-12-29,0.037597911594980715
1999-12-30,0.013888879561650889
1999-12-31,0.0
2000-01-01,0.0
2000-01-02,0.03144934926641413
2000-01-03,0.07659901883460292
2000-01-04,0.0
2000-01-05,0.0
2000-01-06,0.5064150800317203
2000-01-07,14.291065119540516
2000-01-08,12.815961457665637
2000-01-09,0.0
2000-01-10,0.053107677789979456
2000-01-11,0.006638459723747432
2000-01-12,0.03394765313013028
2000-01-13,0.0
2000-01-14,0.0
2000-01-15,0.0
2000-01-16,0.016853986813020503
2000-01-17,0.0
2000-01-18,0.037597911594980715
2000-01-19,0.009399477898745179
2000-01-20,0.0
2000-01-21,0.03662171317933243
2000-01-22,0.21473045803006746
2000-01-23,0.0
2000-01-24,0.0
2000-01-25,0.018920551946885734
2000-01-26,0.04112247141328274
2000-01-27,14.148766814446612
2000-01-28,0.5297744711885413
2000-01-29,0.0
2000-01-30,0.04543080984393503
2000-01-31,0.004699738949372589
2000-02-01,9.217971867409874
2000-02-02,9.852651016483525
2000-02-03,0.0
2000-02-04,0.0
2000-02-05,0.0
2000-02-06,0.06638459723747432
2000-02-07,0.01697937317772904
2000-02-08,0.0
2000-02-09,0.032305957542786916
2000-02-10,0.0
2000-02-11,0.04015770963938531
2000-02-12,0.0
2000-02-13,0.020697270605923582
2000-02-14,0.0
2000-02-15,0.007335760472259547
2000-02-16,0.04128788736727631
2000-02-17,0.19672700728404016
2000-02-18,0.1765192286543109
2000-02-19,0.0
2000-02-20,0.010589841433264371
2000-02-21,0.35316737111670254
2000-02-22,5.656319925365829
2000-02-23,21.838838998291283
2000-02-24,0.009104151835804757
2000-02-25,0.38742240276367357
2000-02-26,12.36219825879819
2000-02-27,0.01533650523017467
2000-02-28,0.004600462575270108
2000-02-29,0.1223331679700508
2000-03-01,0.16988980310628182
2000-03-02,0.28330269425541893
2000-03-03,0.0014193720485354338
2000-03-04,0.0
2000-03-05,0.03407438967339432
2000-03-06,0.1785739244296192
2000-03-07,0.3720930292685317
2000-03-08,6.753696276604589
2000-03-09,0.08509391401117256
2000-03-10,0.17849275177820456
2000-03-11,0.24610638027676532
2000-03-12,0.0
2000-03-13,0.0
2000-03-14,9.14538199923752
2000-03-15,0.19142862029781194
2000-03-16,2.3585670713116653
2000-03-17,13.692367829773818
2000-03-18,0.07511119717890684
2000-03-19,0.5835063000322989
2000-03-20,0.05352072331203032
2000-03-21,3.0486551326114353
2000-03-22,0.6947622267621162
2000-03-23,1.0581733452337378
2000-03-24,0.10929935820921924
2000-03-25,0.30134955260896873
2000-03-26,2.1130492464013493
2000-03-27,0.1477646515736685
2000-03-28,0.15758614963369635
2000-03-29,5.749837011190195
2000-03-30,0.060144859962574786
2000-03-31,0.2710363826467692
2000-04-01,15.358133220379699
2000-04-02,10.376681355879438
2000-04-03,8.742861369778453
2000-04-04,0.02206521777005687
2000-04-05,0.0009428127997829015
2000-04-06,0.059746137513726885
2000-04-07,0.0022128199079158107
2000-04-08,0.24386999151256286
2000-04-09,0.09925405373602579
2000-04-10,0.709655191229811
2000-04-11,0.8792068519358225
2000-04-12,17.17398062989954
2000-04-13,0.3810381392810488
2000-04-14,0.01885617875615876
2000-04-15,0.028294132041961736
2000-04-16,0.0833468135095635
2000-04-17,0.004145560802227699
2000-04-18,0.0001502439504780527
2000-04-19,0.6640914140109696
2000-04-20,0.3163044789599942
2000-04-21,0.0
2000-04-22,0.05004537079831737
2000-04-23,0.5785731068292055
2000-04-24,0.0
2000-04-25,0.0
2000-04-26,0.0
2000-04-27,0.0
2000-04-28,0.332742644193116
2000-04-29,0.06949994081795623
2000-04-30,2.265493302219298
2000-05-01,51.1449155004292
2000-05-02,16.557040484532983
2000-05-03,0.06891024744250138
2000-05-04,2.421497456666624
2000-05-05,0.2466413656312375
2000-05-06,0.011935912374000813
2000-05-07,0.0
2000-05-08,0.005817712236522354
2000-05-09,0.36874475958918074
2000-05-10,0.1839939639256773
2000-05-11,0.13819697380409182
2000-05-12,2.978768203926724
2000-05-13,14.240650703772825
2000-05-14,0.018376520170348527
2000-05-15,0.0
2000-05-16,0.03003812050520278
2000-05-17,0.006096091172640032
2000-05-18,0.2869390854597984
2000-05-19,9.838236480660996
2000-05-20,22.05816331813026
2000-05-21,0.014919418092063303
2000-05-22,0.0
2000-05-23,0.0
2000-05-24,0.0
2000-05-25,0.034411421319010635
2000-05-26,2.0761227418951482
2000-05-27,3.740767747019738
2000-05-28,8.131107851548565
2000-05-29,0.04875939255024534
2000-05-30,0.0
2000-05-31,0.07302305696122174
2000-06-01,0.05879744024294811
2000-06-02,1.811521965579952
2000-06-03,3.832055066754067
2000-06-04,1.633027685630976
2000-06-05,4.603280339335256
2000-06-06,0.005027329661473785
2000-06-07,0.2524443769950522
2000-06-08,4.048600141081442
2000-06-09,37.56664054605947
2000-06-10,29.810050876928372
2000-06-11,11.181606480092801
2000-06-12,1.1831476964777556
2000-06-13,0.055294038222752126
2000-06-14,0.9367503889179704
2000-06-15,4.628925627338213
2000-06-16,0.7525404142104627
2000-06-17,1.8609452998304035
2000-06-18,6.815788099376261
2000-06-19,2.087636089687339
2000-06-20,0.17430526555022402
2000-06-21,0.008180776094916216
2000-06-22,0.09532207839419227
2000-06-23,0.01621130823935438
2000-06-24,0.0
2000-06-25,0.008030532144438165
2000-06-26,0.12041020429984498
2000-06-27,0.034952960225048506
2000-06-28,0.0
2000-06-29,0.0014877849977961229
2000-06-30,0.0001502439504780527
2000-07-01,0.0
2000-07-02,0.029229791488693316
2000-07-03,0.0
2000-07-04,0.0
2000-07-05,0.0
2000-07-06,0.0
2000-07-07,0.0
2000-07-08,0.0
2000-07-09,0.021653142824589296
2000-07-10,0.0
2000-07-11,0.0
2000-07-12,0.0
2000-07-13,0.0
2000-07-14,0.0
2000-07-15,0.0021232846187359575
2000-07-16,0.0
2000-07-17,0.0
2000-07-18,0.0
2000-07-19,0.0
2000-07-20,0.0
2000-07-21,0.0
2000-07-22,0.8704685271404053
2000-07-23,5.180335955473648
2000-07-24,1.771663509649722
2000-07-25,0.24856689547615118
2000-07-26,0.18855528268243993
2000-07-27,0.02463053560455445
2000-07-28,0.0
2000-07-29,0.0
2000-07-30,3.3626136192941534
2000-07-31,8.16081082959983
2000-08-01,0.39190514526838527
2000-08-02,0.023761516055744586
2000-08-03,0.1040067101056158
2000-08-04,1.9534375199039502
2000-08-05,0.2829082356564411
2000-08-06,0.0
2000-08-07,0.024760613945732514
2000-08-08,1.3711905857420161
2000-08-09,0.1527925934887225
2000-08-10,0.055320497697895266
2000-08-11,0.016905575507523002
2000-08-12,0.002684765291953253
2000-08-13,0.0
2000-08-14,0.006401842852450168
2000-08-15,0.054414047277450237
2000-08-16,0.004700739568046709
2000-08-17,0.0
2000-08-18,0.0
2000-08-19,0.0
2000-08-20,0.0329734633471631
2000-08-21,0.3103725267279036
2000-08-22,0.16477187396375173
2000-08-23,0.0059679561870004064
2000-08-24,0.00943594524138699
2000-08-25,0.29525000706243854
2000-08-26,0.06212096890865151
2000-08-27,0.0001502439504780527
2000-08-28,0.0
2000-08-29,0.0059679561870004064
2000-08-30,0.0
2000-08-31,0.0
2000-09-01,0.0
2000-09-02,0.0003004879009561054
2000-09-03,0.06308971837527327
2000-09-04,0.0001502439504780527
2000-09-05,0.0
2000-09-06,0.0
2000-09-07,0.0001502439504780527
2000-09-08,0.1399980487890648
2000-09-09,1.0056534848968237
2000-09-10,0.10006128373710277
2000-09-11,0.5807245485431874
2000-09-12,7.420789195658087
2000-09-13,7.1908483880278595
2000-09-14,11.369627498097696
2000-09-15,5.808808152289869
2000-09-16,0.03906255579064324
2000-09-17,0.0
2000-09-18,0.0
2000-09-19,0.028045702401472795
2000-09-20,0.04535591202813199
2000-09-21,2.4922845805691543
2000-09-22,0.1492667306081334
2000-09-23,0.7756601598666566
2000-09-24,2.2715423233269547
2000-09-25,14.587151909942179
2000-09-26,0.0
2000-09-27,0.03603133194518985
2000-09-28,0.04856396914351676
2000-09-29,0.006266318599163452
2000-09-30,0.0
2000-10-01,0.0
2000-10-02,0.0
2000-10-03,0.008973016921218144
2000-10-04,0.0
2000-10-05,0.3258473515022944
2000-10-06,3.889307482293831
2000-10-07,21.61225438303701
2000-10-08,18.75219335029159
2000-10-09,6.168305297430438
2000-10-10,0.7465431920223954
2000-10-11,0.08794367214960944
2000-10-12,0.22127068158602065
2000-10-13,0.0
2000-10-14,0.23818180271803807
2000-10-15,1.2276311753473519
2000-10-16,3.4921378066525897
2000-10-17,9.031702642885717
2000-10-18,2.321694703806484
2000-10-19,0.10460371710593806
2000-10-20,0.6897886840201664
2000-10-21,21.948007840953736
2000-10-22,13.751060825710454
2000-10-23,43.32821429060204
2000-10-24,4.780042056488554
2000-10-25,0.8430905589147809
2000-10-26,1.0054683145424363
2000-10-27,0.6971304979867681
2000-10-28,0.89422831692203
2000-10-29,0.3947556003792723
2000-10-30,0.10704035667022918
2000-10-31,0.3467396247054378
2000-11-01,3.362957386401455
2000-11-02,48.929587951873856
2000-11-03,57.23884922713318
2000-11-04,17.49990315802922
2000-11-05,11.099875697589399
2000-11-06,22.099936657260233
2000-11-07,4.253444896773982
2000-11-08,12.346319636582832
2000-11-09,0.0
2000-11-10,0.0
2000-11-11,0.03881788201716008
2000-11-12,2.6140204825225655
2000-11-13,0.26679171653967293
2000-11-14,0.0032163368106667414
2000-11-15,0.12209812913296253
2000-11-16,2.328098953387715
2000-11-17,0.4127116351865102
2000-11-18,24.500026731581084
2000-11-19,1.7510733067082451
2000-11-20,0.003316847336000077
2000-11-21,0.0
2000-11-22,0.49797177609976795
2000-11-23,10.372473209583596
2000-11-24,15.475365881446507
2000-11-25,0.04425639815831621
2000-11-26,0.013276919447494864
2000-11-27,0.0
2000-11-28,0.9014038458671125
2000-11-29,0.017234953644337386
2000-11-30,0.0
2000-12-01,0.6466270262152762
2000-12-02,0.0
2000-12-03,3.246779113552736
2000-12-04,3.078764979693738
2000-12-05,0.10648859583484183
2000-12-06,0.07716436064530285
2000-12-07,0.04543080984393503
2000-12-08,0.004699738949372589
2000-12-09,0.07215024174043266
2000-12-10,0.13038323691184983
2000-12-11,0.22271814793322567
2000-12-12,0.5758744334227833
2000-12-13,10.059839576422984
2000-12-14,0.0
2000-12-15,0.7077635871034818
2000-12-16,0.0
2000-12-17,0.0
2000-12-18,0.0
2000-12-19,0.1046235843199323
2000-12-20,0.015063334013853718
2000-12-21,0.0
2000-12-22,0.0
2000-12-23,0.6272246011658028
2000-12-24,1.9604027396370112
2000-12-25,20.27261230787317
2000-12-26,15.161991535896043
2000-12-27,2.7609363922458603
2000-12-28,0.0
2000-12-29,0.0
2000-12-30,0.0037704972461053386
2000-12-31,0.7248933294017547
2001-01-01,0.6906556499006885
2001-01-02,0.13240756965279338
2001-01-03,0.0
2001-01-04,0.055320497697895266
2001-01-05,0.004425639815831621
2001-01-06,0.03538402833556718
2001-01-07,1.620049032270854
2001-01-08,0.2013514210734318
2001-01-09,0.049681427469760904
2001-01-10,36.1345822256325
2001-01-11,0.08335608016301836
2001-01-12,0.09952003191313415
2001-01-13,3.4531638703672365
2001-01-14,0.0003004879009561054
2001-01-15,0.0
2001-01-16,3.4012047659319404
2001-01-17,10.204368584452446
2001-01-18,6.67206695210138
2001-01-19,0.9219454931626494
2001-01-20,0.0888855909892689
2001-01-21,0.030126668027707436
2001-01-22,0.0
2001-01-23,0.0
2001-01-24,0.034809848392120514
2001-01-25,0.0
2001-01-26,0.15683071237397647
2001-01-27,10.622204654486524
2001-01-28,5.355497395163489
2001-01-29,8.866741176816339
2001-01-30,0.005817712236522354
2001-01-31,0.0
2001-02-01,0.0
2001-02-02,0.0
2001-02-03,0.0
2001-02-04,0.0
2001-02-05,0.0
2001-02-06,0.0
2001-02-07,0.0017198599494915392
2001-02-08,1.4453341305339649
2001-02-09,3.285782965162132
2001-02-10,0.0
2001-02-11,0.8271333164347102
2001-02-12,1.3742331872578162
2001-02-13,1.0861579953720266
2001-02-14,0.7243120612027321
2001-02-15,1.9892228354836927
2001-02-16,21.866418099288683
2001-02-17,0.0
2001-02-18,0.0
2001-02-19,0.0
2001-02-20,0.051342317371152246
2001-02-21,0.19681794162994143
2001-02-22,0.8450472745190446
2001-02-23,5.088421929542977
2001-02-24,2.629127921052639
2001-02-25,0.004030623822617772
2001-02-26,0.2415696946029401
2001-02-27,1.23588517143903
2001-02-28,1.4898130334920885
2001-03-01,6.110620543147793
2001-03-02,2.30160527015294
2001-03-03,19.124450061288275
2001-03-04,0.24111384348591777
2001-03-05,0.5404000029154953
2001-03-06,0.11949227502745377
2001-03-07,0.021803160707392064
2001-03-08,3.8460313678234503
2001-03-09,0.21181638320043528
2001-03-10,0.0
2001-03-11,3.377040651368796
2001-03-12,10.524447230038987
2001-03-13,0.3084259523882223
2001-03-14,16.21198570551298
2001-03-15,0.20738215712495509
2001-03-16,0.6437649119680215
2001-03-17,1.2716532888563326
2001-03-18,7.749977829160104
2001-03-19,0.011495200430664088
2001-03-20,0.19694097180450715
2001-03-21,0.053107677789979456
2001-03-22,0.0
2001-03-23,0.025187012981551106
2001-03-24,0.21133929581421815
2001-03-25,0.0
2001-03-26,0.014065528985693748
2001-03-27,11.236597036481319
2001-03-28,5.149163983261212
2001-03-29,1.7721301935123364
2001-03-30,2.220728781719929
2001-03-31,0.42031029178454166
2001-04-01,0.0
2001-04-02,0.42478716874416617
2001-04-03,0.6904057322682251
2001-04-04,0.13560300271764122
2001-04-05,0.11963996203869649
2001-04-06,0.18827653867710642
2001-04-07,0.05310175091463178
2001-04-08,0.02656032489459444
2001-04-09,0.06273869440344317
2001-04-10,0.3852930633320701
2001-04-11,1.7998906971361857
2001-04-12,0.8003595425775132
2001-04-13,0.4431451138407818
2001-04-14,0.2148121428546486
2001-04-15,0.18234053942155282
2001-04-16,0.28695183791151235
2001-04-17,0.8173057863911379
2001-04-18,0.7551296017887102
2001-04-19,0.017394743668403805
2001-04-20,0.07318158127638691
2001-04-21,0.08330361235991318
2001-04-22,0.18721297985215807
2001-04-23,38.16088082278857
2001-04-24,1.4194922632441849
2001-04-25,0.0
2001-04-26,0.00010051052533333567
2001-04-27,0.0
2001-04-28,0.0
2001-04-29,0.0
2001-04-30,0.025116337576252926
2001-05-01,0.05298229204831032
2001-05-02,0.013355284422536246
2001-05-03,0.3719093808255432
2001-05-04,2.5278300822798396
2001-05-05,26.54477275701947
2001-05-06,2.79355734967415
2001-05-07,5.767194515242674
2001-05-08,8.25170220245632
2001-05-09,0.39392563580355056
2001-05-10,0.014599821155215758
2001-05-11,0.21689412817615464
2001-05-12,3.984104804791535
2001-05-13,0.4420159824771467
2001-05-14,0.0059679561870004064
2001-05-15,0.04383976652576393
2001-05-16,0.025321292938207143
2001-05-17,0.06507365831524278
2001-05-18,0.011935912374000813
2001-05-19,0.3665864401837594
2001-05-20,0.13252401112477946
2001-05-21,6.868230925559001
2001-05-22,0.0
2001-05-23,0.008797826907579125
2001-05-24,0.3343167269615875
2001-05-25,4.736670103853711
2001-05-26,1.4033313459567862
2001-05-27,0.7053739794683663
2001-05-28,0.0
2001-05-29,0.25619200336287773
2001-05-30,1.637807548224661
2001-05-31,4.876196791629131
2001-06-01,0.5276045144937016
2001-06-02,0.2703482543481537
2001-06-03,0.06540636966651667
2001-06-04,0.09253916044780595
2001-06-05,0.3959561369997494
2001-06-06,0.10090823001978327
2001-06-07,0.8809321354346548
2001-06-08,3.940025233446723
2001-06-09,1.352493037536486
2001-06-10,0.0001502439504780527
2001-06-11,0.006118200137478459
2001-06-12,0.0
2001-06-13,0.06357271665515284
2001-06-14,0.3455754849430096
2001-06-15,3.395655305192632
2001-06-16,0.0
2001-06-17,0.044213025157010415
2001-06-18,0.0
2001-06-19,0.0
2001-06-20,0.0
2001-06-21,0.011935912374000813
2001-06-22,0.35920146509271794
2001-06-23,0.7832572914496836
2001-06-24,3.8659322927934285
2001-06-25,0.12589995379729396
2001-06-26,0.04161859047128417
2001-06-27,0.10307134575932575
2001-06-28,0.0
2001-06-29,0.048528410143066164
2001-06-30,0.007956717043618028
2001-07-01,3.808072805677666
2001-07-02,2.718714904962506
2001-07-03,0.0530199179341776
2001-07-04,0.02917880838849402
2001-07-05,0.023336425011469035
2001-07-06,0.0
2001-07-07,0.0001502439504780527
2001-07-08,0.0
2001-07-09,0.0
2001-07-10,0.0
2001-07-11,0.10544333809697602
2001-07-12,0.0
2001-07-13,0.0
2001-07-14,0.0028387440970708677
2001-07-15,0.0
2001-07-16,0.00910718818502738
2001-07-17,0.0058861251857830425
2001-07-18,0.059034097898694717
2001-07-19,0.0
2001-07-20,0.017603380660045114
2001-07-21,0.0
2001-07-22,0.0
2001-07-23,0.0
2001-07-24,0.002384178029252157
2001-07-25,0.0059679561870004064
2001-07-26,0.17471619013022058
2001-07-27,0.01814799449448524
2001-07-28,0.0
2001-07-29,0.058090125654452596
2001-07-30,0.020777365320922676
2001-07-31,0.0
2001-08-01,0.022860664838285093
2001-08-02,0.044803628816221144
2001-08-03,0.04298162818921645
2001-08-04,0.002985951698326297
2001-08-05,0.0
2001-08-06,0.0047301379867214334
2001-08-07,0.286139634627327
2001-08-08,0.08452238668842692
2001-08-09,0.0
2001-08-10,0.0
2001-08-11,0.014918827723104487
2001-08-12,0.0003004879009561054
2001-08-13,0.014483401353409593
2001-08-14,3.081911294061792
2001-08-15,0.098716010791034
2001-08-16,1.0054171986942735
2001-08-17,0.8372329467767994
2001-08-18,0.0014193720485354338
2001-08-19,2.6206197100170647
2001-08-20,0.00455253134811716
2001-08-21,0.03892496209602933
2001-08-22,0.051031417832592
2001-08-23,0.007684779787269322
2001-08-24,0.025439315258222052
2001-08-25,0.33095663987937035
2001-08-26,7.050121368513399
2001-08-27,59.305174886007734
2001-08-28,15.226954632028926
2001-08-29,15.429356631385211
2001-08-30,39.46669873400012
2001-08-31,26.239828261372097
2001-09-01,30.050856123078784
2001-09-02,1.4530371879704436
2001-09-03,5.549520707946244
2001-09-04,18.491470129889098
2001-09-05,10.879613438373571
2001-09-06,16.458458686552344
2001-09-07,0.043986896029754204
2001-09-08,0.3892695770573791
2001-09-09,3.813867529684263
2001-09-10,0.11767974719880751
2001-09-11,0.05536463484978859
2001-09-12,0.0
2001-09-13,0.0
2001-09-14,0.4029860249051668
2001-09-15,0.13303343643538731
2001-09-16,0.0
2001-09-17,0.061194263390162706
2001-09-18,0.0
2001-09-19,0.08529923565654497
2001-09-20,0.41050838090402875
2001-09-21,2.178011248462545
2001-09-22,10.43696002145124
2001-09-23,3.1105141813232415
2001-09-24,0.3093333253851356
2001-09-25,0.0
2001-09-26,0.0
2001-09-27,0.0
2001-09-28,0.0
2001-09-29,0.0
2001-09-30,0.7325190192130826
2001-10-01,0.0
2001-10-02,0.03916449124477158
2001-10-03,0.04216334712953915
2001-10-04,0.7641443468524266
2001-10-05,2.1016704996542437
2001-10-06,0.7914294340527686
2001-10-07,0.0
2001-10-08,0.037872346259873915
2001-10-09,1.1022265056628082
2001-10-10,3.7058614501598326
2001-10-11,37.53677545630458
2001-10-12,5.281214258256296
2001-10-13,37.207500137570925
2001-10-14,0.0
2001-10-15,0.0
2001-10-16,0.0
2001-10-17,0.0
2001-10-18,0.0
2001-10-19,0.0025136648307368926
2001-10-20,0.0
2001-10-21,0.033254210693689536
2001-10-22,0.14923738274838205
2001-10-23,0.05347045729251585
2001-10-24,0.01178566842352276
2001-10-25,0.0
2001-10-26,0.0
2001-10-27,0.0
2001-10-28,0.0
2001-10-29,0.0
2001-10-30,0.0
2001-10-31,0.7048576723426677
2001-11-01,0.01856155107982311
2001-11-02,0.20371110790175767
2001-11-03,0.03919546427528535
2001-11-04,0.0
2001-11-05,0.0
2001-11-06,0.0
2001-11-07,0.0
2001-11-08,0.6914545673563686
2001-11-09,7.422170808501914
2001-11-10,0.0
2001-11-11,0.07183060210365184
2001-11-12,0.6051175249394847
2001-11-13,0.11006106933666626
2001-11-14,10.661637447848287
2001-11-15,151.41084909857827
2001-11-16,17.944767184167862
2001-11-17,3.745870290989442
2001-11-18,0.9422091890488116
2001-11-19,2.028797229767254
2001-11-20,0.0
2001-11-21,0.0
2001-11-22,0.0
2001-11-23,0.0
2001-11-24,0.004005179423560843
2001-11-25,0.0
2001-11-26,0.3663203547279588
2001-11-27,0.40120294377350463
2001-11-28,9.280729258576788
2001-11-29,2.4362810856585932
2001-11-30,0.0037704972461053386
2001-12-01,0.5944802831376204
2001-12-02,23.151520696812188
2001-12-03,2.7549077646060547
2001-12-04,0.4399529969075223
2001-12-05,0.37148580781533286
2001-12-06,0.17440468936153083
2001-12-07,3.507768205369463
2001-12-08,28.360452111465733
2001-12-09,0.08744005816806899
2001-12-10,0.5707314364433158
2001-12-11,8.835582733162765
2001-12-12,2.9382424402519987
2001-12-13,3.570285190803067
2001-12-14,0.061524097754102745
2001-12-15,10.359947017814866
2001-12-16,9.041939484318267
2001-12-17,0.006418688038434564
2001-12-18,0.0
2001-12-19,0.0
2001-12-20,0.0
2001-12-21,0.0
2001-12-22,0.0
2001-12-23,0.0
2001-12-24,0.0
2001-12-25,0.20076293426739816
2001-12-26,0.0
2001-12-27,0.05381360000711128
2001-12-28,0.014993780328703155
2001-12-29,0.0
2001-12-30,0.0
2001-12-31,0.035320792385913694
2002-01-01,0.008221923950102475
2002-01-02,0.14093953670858997
2002-01-03,0.0
2002-01-04,1.0062708974142895
2002-01-05,16.66329541127273
2002-01-06,0.0
2002-01-07,0.0
2002-01-08,0.0
2002-01-09,0.0
2002-01-10,0.0031376688356237192
2002-01-11,0.3214214460514384
2002-01-12,0.0
2002-01-13,0.0
2002-01-14,0.0
2002-01-15,0.0
2002-01-16,0.0
2002-01-17,0.32860611189549915
2002-01-18,0.35652103853707356
2002-01-19,0.15168194909235455
2002-01-20,0.182432468118062
2002-01-21,0.0
2002-01-22,0.14433787188439584
2002-01-23,0.4388422510310754
2002-01-24,1.2444579313682396
2002-01-25,0.0
2002-01-26,0.0
2002-01-27,0.0
2002-01-28,0.0074748502206879695
2002-01-29,0.07201088007442435
2002-01-30,0.7067330343011202
2002-01-31,3.17636407619364
2002-02-01,0.0012568324153684463
2002-02-02,0.0012568324153684463
2002-02-03,0.0
2002-02-04,0.4366611113265827
2002-02-05,14.093300809227845
2002-02-06,2.3678411785260103
2002-02-07,0.0
2002-02-08,0.0
2002-02-09,0.0
2002-02-10,0.0
2002-02-11,0.0
2002-02-12,0.0
2002-02-13,0.0
2002-02-14,0.0
2002-02-15,0.0
2002-02-16,0.0
2002-02-17,0.0
2002-02-18,0.5772340396888799
2002-02-19,1.4204609112365232
2002-02-20,0.0
2002-02-21,0.021890214769664844
2002-02-22,0.022187870600081528
2002-02-23,0.0
2002-02-24,0.0
2002-02-25,0.0
2002-02-26,0.0
2002-02-27,0.0
2002-02-28,0.0
2002-03-01,1.4537370279464847
2002-03-02,0.14968292952677745
2002-03-03,0.0
2002-03-04,0.0
2002-03-05,0.0
2002-03-06,0.00738732823553584
2002-03-07,0.029097895982088434
2002-03-08,0.3341222409451758
2002-03-09,0.10303653076065807
2002-03-10,0.6169501466037549
2002-03-11,0.5404875658966403
2002-03-12,0.0
2002-03-13,0.0022128199079158107
2002-03-14,0.0
2002-03-15,0.011316971743720566
2002-03-16,0.04757393767660772
2002-03-17,0.5539345097496456
2002-03-18,0.7718285616936427
2002-03-19,3.12711120287329
2002-03-20,13.563593616827912
2002-03-21,0.0
2002-03-22,0.0
2002-03-23,0.0
2002-03-24,0.0
2002-03-25,0.5041016318063511
2002-03-26,0.0014193720485354338
2002-03-27,0.0
2002-03-28,0.148174078807406
2002-03-29,0.8780412960627803
2002-03-30,19.47331574528512
2002-03-31,0.0
2002-04-01,0.0
2002-04-02,0.0021232846187359575
2002-04-03,0.013913327546825229
2002-04-04,0.06900787485732753
2002-04-05,0.0021423936546273977
2002-04-06,3.660528546753851
2002-04-07,9.505349407831025
2002-04-08,22.14751826139617
2002-04-09,0.0
2002-04-10,0.11376310124893717
2002-04-11,0.0
2002-04-12,0.0014071473546666993
2002-04-13,0.02045441830118593
2002-04-14,2.7446245793522324
2002-04-15,0.6139376113729972
2002-04-16,4.733029810165215
2002-04-17,1.2246382265977254
2002-04-18,0.32248927142995804
2002-04-19,0.41280761109484315
2002-04-20,0.09869626570145701
2002-04-21,0.5085619294381507
2002-04-22,0.2560276628038785
2002-04-23,0.3040186099705004
2002-04-24,0.00010051052533333567
2002-04-25,1.31855892253974
2002-04-26,0.3472793011235543
2002-04-27,0.03144852586622796
2002-04-28,0.0014193720485354338
2002-04-29,0.0
2002-04-30,0.0
2002-05-01,1.9109035891440207e-05
2002-05-02,0.25475872492409873
2002-05-03,0.34864024322381076
2002-05-04,0.13742412917109492
2002-05-05,1.6498551725872062
2002-05-06,0.11032935473591793
2002-05-07,0.04228639738915662
2002-05-08,0.16313545404807042
2002-05-09,0.007947980414133122
2002-05-10,0.12465897439938886
2002-05-11,0.09069980954981031
2002-05-12,0.045503668373518165
2002-05-13,1.0472548027104398
2002-05-14,6.841294926068906e-05
2002-05-15,0.0
2002-05-16,0.06949726069078985
2002-05-17,1.5032507189679205
2002-05-18,0.18322761807473542
2002-05-19,0.0
2002-05-20,0.0
2002-05-21,0.0
2002-05-22,0.02748727108596136
2002-05-23,0.14772419096282416
2002-05-24,0.8032303760873915
2002-05-25,0.9182066764039573
2002-05-26,16.910107308017285
2002-05-27,2.5515630025075793
2002-05-28,20.392068649557814
2002-05-29,2.4720461205724935
2002-05-30,0.14773696115232515
2002-05-31,0.0
2002-06-01,0.0
2002-06-02,1.6845185984396e-05
2002-06-03,0.01494097310821855
2002-06-04,0.23734982261273385
2002-06-05,0.16951740293929973
2002-06-06,0.002060992165185502
2002-06-07,0.12078392952095628
2002-06-08,0.08845195843116559
2002-06-09,0.9383380509230398
2002-06-10,0.3748311149423056
2002-06-11,0.10897217328413247
2002-06-12,0.045419556688738344
2002-06-13,0.0015887250349049266
2002-06-14,0.09263736790652392
2002-06-15,0.6590226380120681
2002-06-16,11.197540087028186
2002-06-17,0.0
2002-06-18,0.0
2002-06-19,0.0
2002-06-20,0.22846994477682256
2002-06-21,0.031579660780814575
2002-06-22,0.011789615633174948
2002-06-23,0.0
2002-06-24,0.0
2002-06-25,0.031408146421480064
2002-06-26,2.409569871930063
2002-06-27,6.145652893902623
2002-06-28,2.364519611197052
2002-06-29,13.318199103679893
2002-06-30,117.22607420018906
2002-07-01,33.95237807545158
2002-07-02,94.79301705156414
2002-07-03,38.615102574234236
2002-07-04,25.005972938204252
2002-07-05,55.93566518136594
2002-07-06,5.24012970726424
2002-07-07,2.498365645352731
2002-07-08,0.8386098489848507
2002-07-09,1.1707732378830675
2002-07-10,0.8286330942340059
2002-07-11,2.451913591500536
2002-07-12,1.9907807300713767
2002-07-13,5.83738657727391
2002-07-14,4.890587685160761
2002-07-15,7.783866054400901
2002-07-16,10.495033523281261
2002-07-17,6.5326404791394035
2002-07-18,0.6320747925810046
2002-07-19,0.012086156324478865
2002-07-20,0.013502492023791675
2002-07-21,0.03142941683033652
2002-07-22,0.021648749000005466
2002-07-23,0.03497775661965472
2002-07-24,0.012828724893616512
2002-07-25,0.01073904321268667
2002-07-26,0.0059679561870004064
2002-07-27,0.0
2002-07-28,0.013352248073313623
2002-07-29,0.10313155634263732
2002-07-30,0.026464233967391365
2002-07-31,0.0
2002-08-01,0.0
2002-08-02,0.00254443575596074
2002-08-03,0.031125438393123966
2002-08-04,0.4433891374625017
2002-08-05,6.970248299510798
2002-08-06,5.055239011489584
2002-08-07,0.19794541691426387
2002-08-08,3.56095206511742
2002-08-09,0.12332115591407197
2002-08-10,12.97087793410247
2002-08-11,1.603269559852288
2002-08-12,0.06461543938766827
2002-08-13,0.05303887917642823
2002-08-14,0.4498023097388655
2002-08-15,0.7685396424902535
2002-08-16,0.29280523081504106
2002-08-17,0.09002320708321009
2002-08-18,0.014122576861595326
2002-08-19,0.0143762523229141
2002-08-20,0.04205267874069447
2002-08-21,0.08173743041501161
2002-08-22,0.09787937728264416
2002-08-23,0.08374153013089354
2002-08-24,0.002985951698326297
2002-08-25,0.0001333987644936567
2002-08-26,0.0
2002-08-27,0.03967138316703365
2002-08-28,0.15134559699437006
2002-08-29,8.866328839623442
2002-08-30,0.0
2002-08-31,0.008942392531964867
2002-09-01,0.0
2002-09-02,0.0
2002-09-03,0.0022128199079158107
2002-09-04,0.057283379462310914
2002-09-05,0.9815471869764556
2002-09-06,0.9762673461607275
2002-09-07,35.07259420138824
2002-09-08,15.668960441799733
2002-09-09,7.367861146371011
2002-09-10,0.4235876624743833
2002-09-11,0.0
2002-09-12,0.00964877035897865
2002-09-13,0.0
2002-09-14,0.0
2002-09-15,2.2975979303445837
2002-09-16,4.422244967607422
2002-09-17,0.2639049799141672
2002-09-18,0.5235027840181934
2002-09-19,29.14490231992913
2002-09-20,0.015022840587668704
2002-09-21,0.0
2002-09-22,0.0
2002-09-23,0.0
2002-09-24,0.0
2002-09-25,0.0
2002-09-26,0.0
2002-09-27,0.0
2002-09-28,0.0
2002-09-29,0.024999049306777564
2002-09-30,0.0023650689933607167
2002-10-01,0.4406856528298676
2002-10-02,0.12957426335093175
2002-10-03,0.0
2002-10-04,0.025351096471593317
2002-10-05,0.2844475500846518
2002-10-06,0.17293405295542083
2002-10-07,11.183988276740834
2002-10-08,16.606823075232853
2002-10-09,29.542750957327822
2002-10-10,0.25242221921290287
2002-10-11,0.0
2002-10-12,0.0
2002-10-13,3.666858100499961
2002-10-14,6.157523394003958
2002-10-15,0.5622729271593014
2002-10-16,0.0
2002-10-17,0.00021786623665106733
2002-10-18,2.4347556212225197
2002-10-19,40.94755629608804
2002-10-20,0.17068966468690003
2002-10-21,3.611181451534684
2002-10-22,18.644415397657234
2002-10-23,17.371717567164243
2002-10-24,26.928266721265047
2002-10-25,3.975996589992937
2002-10-26,1.042358176640616
2002-10-27,0.913589257993802
2002-10-28,1.9507059077718907
2002-10-29,0.10714021477477667
2002-10-30,0.06413988514784427
2002-10-31,0.0
2002-11-01,0.7228697275990514
2002-11-02,14.389652672915773
2002-11-03,5.8816697940041
2002-11-04,21.272137024220807
2002-11-05,0.9421669053116472
2002-11-06,0.37136724171521746
2002-11-07,0.0
2002-11-08,0.048682037974147836
2002-11-09,0.004425639815831621
2002-11-10,0.0037704972461053386
2002-11-11,0.0
2002-11-12,0.0
2002-11-13,0.0
2002-11-14,0.0
2002-11-15,0.004718847985264029
2002-11-16,0.013498452288440824
2002-11-17,0.0
2002-11-18,0.01895522104711154
2002-11-19,0.03733902214869685
2002-11-20,0.09835783175351866
2002-11-21,0.6330287744372557
2002-11-22,0.0
2002-11-23,0.0
2002-11-24,0.0
2002-11-25,0.05458622106169268
2002-11-26,14.871173488367067
2002-11-27,1.247425452934982
2002-11-28,0.0
2002-11-29,0.187043490614315
2002-11-30,0.7736205329919845
2002-12-01,0.0
2002-12-02,0.31278569552839136
2002-12-03,4.323129397428563
2002-12-04,12.859871740568064
2002-12-05,0.0
2002-12-06,0.0
2002-12-07,0.0
2002-12-08,5.161016882858645
2002-12-09,33.810445667876856
2002-12-10,0.1867357265172216
2002-12-11,0.0023650689933607167
2002-12-12,9.510477194268367
2002-12-13,0.5900155470339433
2002-12-14,0.0
2002-12-15,0.0
2002-12-16,0.016101024204968555
2002-12-17,0.18419273167463895
2002-12-18,0.03165293235074998
2002-12-19,0.08275428790998277
2002-12-20,0.0
2002-12-21,0.11991347169581881
2002-12-22,0.8663050957916101
2002-12-23,16.696428291712856
2002-12-24,0.19886875092310358
2002-12-25,0.01565714584206612
2002-12-26,0.0386926360362702
2002-12-27,0.00021019939480584226
2002-12-28,0.002684765291953253
2002-12-29,0.6671542675327992
2002-12-30,6.594243643955717
2002-12-31,2.0107124255579807
2003-01-01,0.0
2003-01-02,0.0
2003-01-03,0.614438501487107
2003-01-04,0.02125261837480395
2003-01-05,0.005757905460988406
2003-01-06,0.01873360034891568
2003-01-07,0.0
2003-01-08,0.0
2003-01-09,0.012434732264361911
2003-01-10,0.0
2003-01-11,0.8850287493511739
2003-01-12,20.547195908081985
2003-01-13,0.8169675502567623
2003-01-14,0.0
2003-01-15,0.03507609015257001
2003-01-16,0.05483028774268021
2003-01-17,0.001566579649790863
2003-01-18,0.10193881902797905
2003-01-19,0.005369530583906506
2003-01-20,0.0
2003-01-21,0.0037704972461053386
2003-01-22,0.1904720108612482
2003-01-23,0.0
2003-01-24,0.0
2003-01-25,1.076498977553572
2003-01-26,2.8091082933665215
2003-01-27,0.386447359138525
2003-01-28,0.1511401549574993
2003-01-29,0.008016317709022705
2003-01-30,0.0015696159990134864
2003-01-31,0.0
2003-02-01,0.0
2003-02-02,0.0023966634288893254
2003-02-03,0.09469412406155836
2003-02-04,0.018852486230526693
2003-02-05,0.8264273652390014
2003-02-06,5.068888379396859
2003-02-07,0.0023650689933607167
2003-02-08,2.33956943243482
2003-02-09,1.5681216559695474
2003-02-10,0.0
2003-02-11,0.0
2003-02-12,0.378031630545293
2003-02-13,1.7292112063020166
2003-02-14,2.100804951814309
2003-02-15,3.6419088920216285
2003-02-16,0.0
2003-02-17,0.0
2003-02-18,0.0
2003-02-19,1.6521861997158456
2003-02-20,57.49572051678749
2003-02-21,14.192413053660024
2003-02-22,3.47375969395005
2003-02-23,0.005027329661473785
2003-02-24,0.6152143988103461
2003-02-25,4.27978703496074
2003-02-26,1.1716779174371583
2003-02-27,0.14883589238466646
2003-02-28,0.13267886973108778
2003-03-01,1.7283345929750478
2003-03-02,1.5329577837751769
2003-03-03,5.696936564174529
2003-03-04,0.2103646797534847
2003-03-05,0.3618348657380372
2003-03-06,0.0
2003-03-07,0.0
2003-03-08,0.01723527187837698
2003-03-09,0.006036369136261095
2003-03-10,0.014448082750540638
2003-03-11,0.7819481248833052
2003-03-12,1.0635820954759858
2003-03-13,0.12659184319644629
2003-03-14,0.07081023705330594
2003-03-15,0.10558423084900066
2003-03-16,0.878070280131271
2003-03-17,0.7312966604548249
2003-03-18,3.14170646198618
2003-03-19,0.24271898218681626
2003-03-20,0.3975503800686455
2003-03-21,0.018691231658154724
2003-03-22,4.737787903376619
2003-03-23,0.0
2003-03-24,0.00858617637575319
2003-03-25,1.4559542320204246
2003-03-26,5.21400967072153
2003-03-27,0.1785262507959355
2003-03-28,0.1309570996557921
2003-03-29,0.0
2003-03-30,0.06887758035914752
2003-03-31,0.012393242638735778
2003-04-01,0.0
2003-04-02,0.0
2003-04-03,0.17346371888637535
2003-04-04,0.30240898649285614
2003-04-05,0.011324094709835994
2003-04-06,1.2811847397503977
2003-04-07,0.08722604955379916
2003-04-08,0.8371435542505794
2003-04-09,0.0
2003-04-10,0.08462731175223097
2003-04-11,0.005055650621879482
2003-04-12,0.0
2003-04-13,0.0
2003-04-14,0.007534535836791269
2003-04-15,0.09274921699271622
2003-04-16,0.27459275224909946
2003-04-17,0.0017741507079432363
2003-04-18,0.02439209813097113
2003-04-19,0.2836689295923657
2003-04-20,0.7981481993454373
2003-04-21,0.10541114692589522
2003-04-22,0.8844737032000171
2003-04-23,1.3704729975988361
2003-04-24,5.00681575688274
2003-04-25,0.0
2003-04-26,0.0
2003-04-27,0.0
2003-04-28,0.008183052886655771
2003-04-29,0.1624414821846184
2003-04-30,0.28792239167127703
2003-05-01,0.4367615428447235
2003-05-02,0.5037819429842315
2003-05-03,0.14299403575413439
2003-05-04,0.047169607774573394
2003-05-05,0.2868787733384507
2003-05-06,4.50918786250924
2003-05-07,0.09058205427607649
2003-05-08,0.08123743262663342
2003-05-09,0.0
2003-05-10,0.020619201957117545
2003-05-11,0.09778387703157282
2003-05-12,3.610164836181805
2003-05-13,0.4242237679156592
2003-05-14,0.014918827723104487
2003-05-15,0.0
2003-05-16,0.11907501119246884
2003-05-17,0.030624880321345662
2003-05-18,0.0
2003-05-19,0.020513942625427224
2003-05-20,0.11046455302657855
2003-05-21,0.09432612762113987
2003-05-22,0.16157367187125884
2003-05-23,0.00882277297074009
2003-05-24,0.0
2003-05-25,0.7603646072108332
2003-05-26,10.028730555492047
2003-05-27,1.3369796201566932
2003-05-28,0.07125994525099508
2003-05-29,0.0
2003-05-30,0.0
2003-05-31,0.0
2003-06-01,0.0
2003-06-02,12.40148597690672
2003-06-03,8.150655526960119
2003-06-04,21.691055425436822
2003-06-05,20.82254885164518
2003-06-06,2.032835114189739
2003-06-07,0.00010051052533333567
2003-06-08,0.05172219899822646
2003-06-09,0.0866157638913737
2003-06-10,7.595327646743687
2003-06-11,0.19806900677816888
2003-06-12,0.6742196268422244
2003-06-13,11.277839951977484
2003-06-14,27.622274622069792
2003-06-15,11.11017079100699
2003-06-16,0.1648375438704574
2003-06-17,0.05532872856137705
2003-06-18,0.036165160902455536
2003-06-19,0.012169078913919426
2003-06-20,0.0
2003-06-21,0.0001502439504780527
2003-06-22,0.0001502439504780527
2003-06-23,0.2203891032377358
2003-06-24,0.38625842517695397
2003-06-25,0.24497038032965768
2003-06-26,0.11971017629051092
2003-06-27,1.7369554948114614
2003-06-28,1.1332783581350865
2003-06-29,0.4809709783906204
2003-06-30,0.002713996515829827
2003-07-01,0.09524559415488217
2003-07-02,0.94039151599267
2003-07-03,1.155658124666648
2003-07-04,11.497391816370435
2003-07-05,14.000891922651267
2003-07-06,6.677783827464528
2003-07-07,3.4427237584538526
2003-07-08,3.905299003326947
2003-07-09,1.0548601737722796
2003-07-10,0.03153169387523756
2003-07-11,1.295407418435067
2003-07-12,0.05215731886151189
2003-07-13,0.0
2003-07-14,1.1995608496577008
2003-07-15,1.433945627746093
2003-07-16,7.087821583460033
2003-07-17,1.6645558640599722
2003-07-18,0.09478673269111444
2003-07-19,0.017956266357659966
2003-07-20,0.0
2003-07-21,0.0
2003-07-22,5.126216073994586
2003-07-23,2.73021206514189
2003-07-24,0.8745207765014434
2003-07-25,0.020101011021060603
2003-07-26,0.041102120836623304
2003-07-27,1.942133421432325
2003-07-28,0.7803324263454617
2003-07-29,0.01618891666094327
2003-07-30,0.08595584171396088
2003-07-31,0.14889635788382677
2003-08-01,0.008481263995872321
2003-08-02,0.0
2003-08-03,0.0
2003-08-04,0.0
2003-08-05,0.0
2003-08-06,0.010907494313291912
2003-08-07,0.007576948714086514
2003-08-08,1.5613197111054167
2003-08-09,9.73668483656808
2003-08-10,9.916803036456875
2003-08-11,6.489323993112243
2003-08-12,7.481246934937934
2003-08-13,2.075794817639625
2003-08-14,3.1484817975820047
2003-08-15,0.2135971799074007
2003-08-16,0.3001684509986007
2003-08-17,0.014021293547160642
2003-08-18,0.1448600895067504
2003-08-19,0.0488798888293402
2003-08-20,0.04321995821313392
2003-08-21,0.6848411897183249
2003-08-22,1.033510347351923
2003-08-23,1.3756094756097719
2003-08-24,1.1368527150328755
2003-08-25,0.550960066565737
2003-08-26,0.31630973940051615
2003-08-27,0.11109205533977619
2003-08-28,0.05745473050707874
2003-08-29,0.026069521455223534
2003-08-30,0.3277809848527416
2003-08-31,5.640474156583464
2003-09-01,15.467517874764342
2003-09-02,0.6531376468826129
2003-09-03,0.08433240167386624
2003-09-04,0.2300810305714219
2003-09-05,3.1988633529647443
2003-09-06,0.0
2003-09-07,0.0
2003-09-08,0.1023437975227292
2003-09-09,0.012721368782209419
2003-09-10,2.441557049894155
2003-09-11,4.830065719275421
2003-09-12,41.87521493863244
2003-09-13,0.0
2003-09-14,22.19431554646929
2003-09-15,2.039077868018595
2003-09-16,0.24510119563372226
2003-09-17,1.3105914830574832
2003-09-18,3.82857381629432
2003-09-19,0.03348868770281952
2003-09-20,4.467522932331641
2003-09-21,15.616308344113328
2003-09-22,0.3354941246171727
2003-09-23,0.07019628655717663
2003-09-24,0.009771506264787996
2003-09-25,0.03936408339657819
2003-09-26,2.6304555618270173
2003-09-27,0.4521294091749244
2003-09-28,0.0
2003-09-29,0.0
2003-09-30,0.0
2003-10-01,0.0
2003-10-02,0.0
2003-10-03,0.0
2003-10-04,0.09714669063431361
2003-10-05,0.7596655811560856
2003-10-06,7.414179867193717
2003-10-07,0.08363415900568569
2003-10-08,5.289171030993841
2003-10-09,11.084517051326692
2003-10-10,1.141269771002974
2003-10-11,11.354541290580103
2003-10-12,12.696946007040916
2003-10-13,0.3466228002380881
2003-10-14,0.045026634707787165
2003-10-15,0.06702688852694745
2003-10-16,0.007051767212134832
2003-10-17,0.0
2003-10-18,0.0
2003-10-19,0.0
2003-10-20,0.0
2003-10-21,0.0
2003-10-22,0.0
2003-10-23,0.0
2003-10-24,0.0
2003-10-25,0.20684541114225988
2003-10-26,3.733500606403779
2003-10-27,2.4815541125752785
2003-10-28,0.0
2003-10-29,0.0
2003-10-30,0.0059679561870004064
2003-10-31,1.6920721708223723
2003-11-01,1.3026896892877182
2003-11-02,0.9439399993389611
2003-11-03,0.4899516521039133
2003-11-04,0.027685149725813405
2003-11-05,0.0932103432250119
2003-11-06,0.9760475361251658
2003-11-07,0.4368826398468228
2003-11-08,0.5358256865453589
2003-11-09,1.1622308048780177
2003-11-10,0.06297916251314113
2003-11-11,0.06084418452274667
2003-11-12,0.1984597465882303
2003-11-13,0.17198554494662663
2003-11-14,0.037147366217792015
2003-11-15,1.9143142526236996
2003-11-16,3.3875099422055204
2003-11-17,5.523600380353495
2003-11-18,1.7899167277076398
2003-11-19,0.0
2003-11-20,0.0
2003-11-21,0.0
2003-11-22,0.0012568324153684463
2003-11-23,0.25550076060328514
2003-11-24,0.0
2003-11-25,0.0
2003-11-26,0.31534438631006045
2003-11-27,0.0
2003-11-28,0.0
2003-11-29,0.0
2003-11-30,0.0
2003-12-01,0.035683104643669444
2003-12-02,0.0014193720485354338
2003-12-03,0.0
2003-12-04,0.0001333987644936567
2003-12-05,0.0
2003-12-06,0.0
2003-12-07,0.0
2003-12-08,0.008849489465576664
2003-12-09,0.3040088358586935
2003-12-10,0.0
2003-12-11,0.0
2003-12-12,4.973546194776267
2003-12-13,2.451363799452286
2003-12-14,0.0
2003-12-15,0.1813924867531398
2003-12-16,0.0
2003-12-17,0.0
2003-12-18,0.0
2003-12-19,0.0
2003-12-20,0.0
2003-12-21,0.0
2003-12-22,0.011019520191987084
2003-12-23,0.0
2003-12-24,0.046936391860955204
2003-12-25,0.3807176901306159
2003-12-26,0.051206809670428746
2003-12-27,0.5144916089818683
2003-12-28,1.2766642634754743
2003-12-29,0.0003004879009561054
2003-12-30,0.0
2003-12-31,0.15314109964529415
2004-01-01,0.4227722675563723
2004-01-02,0.026177557485188248
2004-01-03,0.4020098072709262
2004-01-04,0.05475131964520825
2004-01-05,0.0012568324153684463
2004-01-06,0.0037704972461053386
2004-01-07,0.0
2004-01-08,0.8952311435898499
2004-01-09,0.0
2004-01-10,0.10275857280502278
2004-01-11,0.012378568721900466
2004-01-12,0.07684305901468173
2004-01-13,0.003933036879272326
2004-01-14,2.39043004183201
2004-01-15,14.564493148253753
2004-01-16,24.422633582653155
2004-01-17,18.278032912338464
2004-01-18,0.0
2004-01-19,0.0
2004-01-20,0.0
2004-01-21,0.0635440821088713
2004-01-22,0.3580906811529101
2004-01-23,2.086865838703639
2004-01-24,9.043758967089444
2004-01-25,1.1515873255098896
2004-01-26,0.09615760122906805
2004-01-27,0.015633071460298544
2004-01-28,0.043270541304647046
2004-01-29,1.1172302779294863
2004-01-30,0.35772580450842467
2004-01-31,0.09910998784720129
2004-02-01,0.42331490794971527
2004-02-02,0.028643137067635167
2004-02-03,0.04073107089456244
2004-02-04,10.253260328162645
2004-02-05,12.328533128897131
2004-02-06,0.0
2004-02-07,0.11081286868088253
2004-02-08,0.3493890114088676
2004-02-09,1.6573356609117216
2004-02-10,18.879479055615413
2004-02-11,9.76951653888391
2004-02-12,3.642146357162527
2004-02-13,1.768029840539284
2004-02-14,2.9512844140227346
2004-02-15,0.1735893513574452
2004-02-16,0.0
2004-02-17,0.0
2004-02-18,0.0
2004-02-19,0.0037704972461053386
2004-02-20,0.007609407441471367
2004-02-21,0.01649908990363119
2004-02-22,0.4905243745959079
2004-02-23,0.36505930168426803
2004-02-24,16.74261198702097
2004-02-25,0.8189960025487515
2004-02-26,0.019659510611212346
2004-02-27,0.00245806892064271
2004-02-28,1.8152242280892497
2004-02-29,3.935565940728223
2004-03-01,0.06484064237409123
2004-03-02,2.3570524027024766
2004-03-03,2.640214741761373
2004-03-04,9.744808735812859
2004-03-05,0.4336377609112503
2004-03-06,0.2810593196401362
2004-03-07,0.1648973960351366
2004-03-08,0.3237066530509566
2004-03-09,0.019695388373112636
2004-03-10,0.0
2004-03-11,0.03776208002413012
2004-03-12,5.29888901843441
2004-03-13,10.605449897754328
2004-03-14,3.065956362275498
2004-03-15,1.445190859220336
2004-03-16,3.503007102211218
2004-03-17,0.06912738570831836
2004-03-18,0.017898343256285025
2004-03-19,0.7210013998598221
2004-03-20,0.8801800061722366
2004-03-21,0.7149769309500982
2004-03-22,0.059746137513726885
2004-03-23,0.8022629263360311
2004-03-24,2.2747301172853533
2004-03-25,0.24811716726585673
2004-03-26,0.3020526549816228
2004-03-27,0.23561757706872238
2004-03-28,0.052750724543375496
2004-03-29,1.5104593202269825
2004-03-30,0.0
2004-03-31,0.0
2004-04-01,0.258602994814511
2004-04-02,13.33176763468155
2004-04-03,7.559773464537918
2004-04-04,3.4743520888910226
2004-04-05,11.755439390645062
2004-04-06,26.936216033056432
2004-04-07,1.011523108460836
2004-04-08,0.0
2004-04-09,0.008797826907579125
2004-04-10,16.62364726114954
2004-04-11,16.860067454598045
2004-04-12,1.1066993619202112
2004-04-13,0.055320497697895266
2004-04-14,0.0
2004-04-15,0.0
2004-04-16,0.0
2004-04-17,0.01788702337501682
2004-04-18,0.20477241585630362
2004-04-19,0.15529607082245517
2004-04-20,0.301996732630756
2004-04-21,0.08329633826762058
2004-04-22,0.04728604282200895
2004-04-23,1.2910754456797269
2004-04-24,31.74931894829888
2004-04-25,3.275832405007747
2004-04-26,0.354809099672973
2004-04-27,0.0
2004-04-28,1.5513940401408373
2004-04-29,19.19274037926741
2004-04-30,0.09522955524854063
2004-05-01,11.773984354196124
2004-05-02,0.0
2004-05-03,0.253013162106928
2004-05-04,0.0
2004-05-05,0.0
2004-05-06,0.08899152254280678
2004-05-07,2.7578709481406674
2004-05-08,2.566102581933309
2004-05-09,0.7483927098020355
2004-05-10,0.33840410618222655
2004-05-11,2.005401269515314
2004-05-12,1.1699884138946308
2004-05-13,11.003013503135517
2004-05-14,18.109453173233216
2004-05-15,0.0013509590992747448
2004-05-16,0.0013509590992747448
2004-05-17,0.04150485627649329
2004-05-18,0.24160490954074534
2004-05-19,0.009082239797784534
2004-05-20,0.25171390296830015
2004-05-21,0.10177417939557537
2004-05-22,0.02974413624021338
2004-05-23,0.017780924238367867
2004-05-24,0.04223744391371964
2004-05-25,0.0
2004-05-26,0.0435923806211739
2004-05-27,0.028529821245254747
2004-05-28,0.4620626329361592
2004-05-29,0.04792716586333116
2004-05-30,0.43435514485109145
2004-05-31,0.07469974892704441
2004-06-01,0.044405817587137165
2004-06-02,0.035363152342531526
2004-06-03,5.705127847249466
2004-06-04,0.6095927019172522
2004-06-05,13.49200414734171
2004-06-06,0.5691419896737665
2004-06-07,3.4706767862734256
2004-06-08,39.40604714074691
2004-06-09,74.57840067227833
2004-06-10,10.067465663124903
2004-06-11,0.9010384587360138
2004-06-12,0.38828115886262876
2004-06-13,1.9416843584281644
2004-06-14,0.19346907203319044
2004-06-15,4.834811944116438
2004-06-16,0.6576126487051672
2004-06-17,0.4045246774365969
2004-06-18,0.10973312000598048
2004-06-19,0.07676240283975229
2004-06-20,0.018798955797490358
2004-06-21,0.014699049445165339
2004-06-22,13.119014483067705
2004-06-23,0.5977893544202119
2004-06-24,1.2858132417823804
2004-06-25,15.381629024614925
2004-06-26,14.072863547191872
2004-06-27,6.641146081423785
2004-06-28,26.726607564435568
2004-06-29,22.603410770087805
2004-06-30,32.09130456477831
2004-07-01,1.5113635766822568
2004-07-02,0.05843254242381648
2004-07-03,0.0
2004-07-04,0.0
2004-07-05,0.0059679561870004064
2004-07-06,0.005987065222891846
2004-07-07,0.06708155310614525
2004-07-08,0.28241051138232537
2004-07-09,0.10686150700135805
2004-07-10,0.32837545043475436
2004-07-11,0.3921369947406705
2004-07-12,0.12238261556789864
2004-07-13,0.0
2004-07-14,0.0
2004-07-15,0.0
2004-07-16,0.0
2004-07-17,0.0
2004-07-18,0.3109861160988014
2004-07-19,0.0619069041310015
2004-07-20,0.0
2004-07-21,0.025140952846059005
2004-07-22,1.2721725183382253
2004-07-23,6.413364718744299
2004-07-24,4.2282256229916255
2004-07-25,9.703555999529094
2004-07-26,13.87400428229295
2004-07-27,3.821807178288041e-05
2004-07-28,0.23072892936334505
2004-07-29,2.801787296911289
2004-07-30,7.210126062053437
2004-07-31,1.2762642935017823
2004-08-01,0.16097426987268337
2004-08-02,0.6257148979981195
2004-08-03,0.0001693529863694929
2004-08-04,0.0
2004-08-05,0.0
2004-08-06,1.407118877842119
2004-08-07,2.0857464434116326
2004-08-08,2.0905167404929
2004-08-09,0.38353999646310855
2004-08-10,0.028907145553474265
2004-08-11,0.5445585850587555
2004-08-12,0.29779026164730743
2004-08-13,0.030715531572629868
2004-08-14,0.01426615190548604
2004-08-15,0.07759768255016233
2004-08-16,0.0
2004-08-17,3.3690371968792e-05
2004-08-18,0.23922091555153818
2004-08-19,1.5067194647051152
2004-08-20,0.07524980304015781
2004-08-21,12.325730169491464
2004-08-22,3.4616884949384006
2004-08-23,23.19083600035268
2004-08-24,0.37128811762026953
2004-08-25,0.0
2004-08-26,0.0044767730453450436
2004-08-27,0.0013252453646291353
2004-08-28,5.2491437582012015
2004-08-29,11.113536465306654
2004-08-30,0.28277765303875874
2004-08-31,0.16793896978223358
2004-09-01,0.15410317843183965
2004-09-02,0.3350821552986185
2004-09-03,1.1450438279890756
2004-09-04,3.1793087983200907
2004-09-05,0.7151321484966533
2004-09-06,3.069451629357098
2004-09-07,0.004070985147061444
2004-09-08,0.46666909751953367
2004-09-09,0.0
2004-09-10,0.0
2004-09-11,0.014607567334609231
2004-09-12,0.02514286432516269
2004-09-13,0.017441814208635494
2004-09-14,9.731461026433832
2004-09-15,1.2257258339729378
2004-09-16,0.02584685685595087
2004-09-17,0.003523547631379951
2004-09-18,0.0
2004-09-19,0.0
2004-09-20,0.017856463790555405
2004-09-21,0.13267963258343504
2004-09-22,0.772963467041653
2004-09-23,2.7836147986913367
2004-09-24,0.005431166411879576
2004-09-25,0.2808334404704942
2004-09-26,0.07688584099501074
2004-09-27,0.08673727301520433
2004-09-28,0.030850923118522982
2004-09-29,0.0
2004-09-30,0.5667019325296845
2004-10-01,1.0659778471924755
2004-10-02,67.31410256295746
2004-10-03,1.662000440523032
2004-10-04,1.156774800380053
2004-10-05,0.2800730464947184
2004-10-06,0.185564278505452
2004-10-07,1.0794183557265096
2004-10-08,0.130331656125601
2004-10-09,0.0014193720485354338
2004-10-10,0.04354727336215023
2004-10-11,0.0
2004-10-12,0.0
2004-10-13,17.537615053454942
2004-10-14,8.651058234621125
2004-10-15,0.0
2004-10-16,0.08987262174770724
2004-10-17,0.18360975504360647
2004-10-18,0.10197926609133864
2004-10-19,0.025799160700117098
2004-10-20,0.06135536057698486
2004-10-21,0.0660303650241961
2004-10-22,0.6853402325814493
2004-10-23,88.4754248704379
2004-10-24,13.6532490038662
2004-10-25,0.9513003691867842
2004-10-26,0.5100878368001833
2004-10-27,2.9741001228006194
2004-10-28,1.861644905030707
2004-10-29,1.9109035891440207e-05
2004-10-30,0.18543919355561694
2004-10-31,0.6200951520268705
2004-11-01,37.02426484616314
2004-11-02,0.36758032660991846
2004-11-03,0.04810590681907049
2004-11-04,0.0
2004-11-05,0.0
2004-11-06,0.0
2004-11-07,0.027646476536784374
2004-11-08,0.022782667925946545
2004-11-09,0.0
2004-11-10,0.0037704972461053386
2004-11-11,0.008180776094916216
2004-11-12,0.0
2004-11-13,4.448403181315755
2004-11-14,44.26303415440015
2004-11-15,18.30856223505434
2004-11-16,6.076534968352208
2004-11-17,76.55692237297924
2004-11-18,0.2686541289225389
2004-11-19,0.7161828512193132
2004-11-20,15.23508988864456
2004-11-21,5.883178399729888
2004-11-22,39.86085123402469
2004-11-23,12.444215193474403
2004-11-24,2.225631233054618
2004-11-25,3.821807178288041e-05
2004-11-26,0.02775983645876335
2004-11-27,0.0
2004-11-28,0.0022128199079158107
2004-11-29,0.3209593924293328
2004-11-30,7.3862324174140745
2004-12-01,0.0
2004-12-02,0.0
2004-12-03,0.0
2004-12-04,0.021911537736966503
2004-12-05,2.933486804342788
2004-12-06,5.950897180556743
2004-12-07,1.8680850292673352
2004-12-08,0.13062448482346478
2004-12-09,0.0
2004-12-10,0.0
2004-12-11,0.0
2004-12-12,0.0
2004-12-13,0.0040617626395708486
2004-12-14,0.0
2004-12-15,0.0
2004-12-16,0.006118200137478459
2004-12-17,0.0
2004-12-18,0.0
2004-12-19,0.0
2004-12-20,0.0
2004-12-21,0.0
2004-12-22,2.2335563565349625
2004-12-23,0.0
2004-12-24,0.0
2004-12-25,0.0
2004-12-26,0.0
2004-12-27,0.0
2004-12-28,0.007879062687038791
2004-12-29,0.04242594275616057
2004-12-30,0.6399822285173935
2004-12-31,0.07777471346847849
2005-01-01,0.9387901862533262
2005-01-02,3.1359542565069747
2005-01-03,3.8536112335066135
2005-01-04,1.1496203791986654
2005-01-05,0.9113768983613191
2005-01-06,0.0001502439504780527
2005-01-07,0.29334741416696036
2005-01-08,0.0
2005-01-09,0.05030450349077699
2005-01-10,0.0329702043004737
2005-01-11,0.005027329661473785
2005-01-12,0.5938669874906817
2005-01-13,2.6399473998466334
2005-01-14,0.0
2005-01-15,0.0
2005-01-16,0.0
2005-01-17,0.0
2005-01-18,0.022173058052631464
2005-01-19,0.005027329661473785
2005-01-20,0.012384623343509349
2005-01-21,0.0
2005-01-22,0.0
2005-01-23,0.0
2005-01-24,0.03169400162472885
2005-01-25,0.0
2005-01-26,2.557774251036112
2005-01-27,32.255700454516266
2005-01-28,5.513802874112372
2005-01-29,0.14064738353902936
2005-01-30,1.6202242928850004
2005-01-31,8.115603333628881
2005-02-01,7.652708829752616
2005-02-02,0.5762679293476358
2005-02-03,0.0
2005-02-04,0.0
2005-02-05,0.7500298131310909
2005-02-06,6.27217423575939
2005-02-07,3.050908490955062
2005-02-08,0.39105506946745905
2005-02-09,0.06468980824881083
2005-02-10,0.02333387405920772
2005-02-11,0.31866479635056527
2005-02-12,3.023592451872772
2005-02-13,2.584564157782972
2005-02-14,0.09293843613246404
2005-02-15,0.015750590187703615
2005-02-16,0.0
2005-02-17,0.0
2005-02-18,1.4172920537668747
2005-02-19,2.3486921017030697
2005-02-20,1.5381616378210314
2005-02-21,0.019630470883568635
2005-02-22,0.0045098827416890416
2005-02-23,0.6036796114700379
2005-02-24,18.633401464952193
2005-02-25,0.29239947557271595
2005-02-26,13.692468092520727
2005-02-27,4.721131201209271
2005-02-28,0.0640891427205231
2005-03-01,0.7556460848404524
2005-03-02,18.935265675852193
2005-03-03,0.02875849104607099
2005-03-04,0.0
2005-03-05,5.1503726498649485
2005-03-06,21.29830247497812
2005-03-07,1.614531620979998
2005-03-08,0.025187012981551106
2005-03-09,0.047571798828690635
2005-03-10,0.0
2005-03-11,0.0
2005-03-12,0.0
2005-03-13,0.0
2005-03-14,0.0
2005-03-15,0.5807509329956925
2005-03-16,0.991465668640059
2005-03-17,0.0
2005-03-18,0.0
2005-03-19,2.0422528176226207
2005-03-20,2.1480074781135534
2005-03-21,13.879563836780667
2005-03-22,1.7564680948199567
2005-03-23,0.0
2005-03-24,0.0014193720485354338
2005-03-25,0.02562254602428598
2005-03-26,7.460904055275444
2005-03-27,2.0577734993057426
2005-03-28,0.0
2005-03-29,0.07523931527003604
2005-03-30,0.09128342986458769
2005-03-31,0.06519879163901651
2005-04-01,0.08131759276946379
2005-04-02,0.0
2005-04-03,0.0
2005-04-04,0.02348318624990644
2005-04-05,0.12924457028943126
2005-04-06,1.1146545167490254
2005-04-07,0.0
2005-04-08,0.0
2005-04-09,0.0
2005-04-10,0.3439240956681042
2005-04-11,9.571778623311136
2005-04-12,0.0
2005-04-13,0.0
2005-04-14,0.0
2005-04-15,0.0022909005799334674
2005-04-16,0.005817712236522354
2005-04-17,0.08937565873501495
2005-04-18,0.5062937323678275
2005-04-19,0.564414763822495
2005-04-20,0.10875340354471257
2005-04-21,0.14780808691948497
2005-04-22,0.0596676839279926
2005-04-23,0.0
2005-04-24,0.8148421288446903
2005-04-25,4.139076501312398
2005-04-26,0.0
2005-04-27,0.0
2005-04-28,0.0
2005-04-29,0.0
2005-04-30,12.234146305371063
2005-05-01,0.0005025526266666784
2005-05-02,0.20965317177652923
2005-05-03,0.24647965444342695
2005-05-04,2.3343940019190446
2005-05-05,1.9109035891440207e-05
2005-05-06,0.021660302280528947
2005-05-07,0.14874352778950342
2005-05-08,29.655032630968744
2005-05-09,7.338180066555268
2005-05-10,0.20878142787924442
2005-05-11,0.13089162908692223
2005-05-12,0.4020203076206483
2005-05-13,0.4911379274798794
2005-05-14,1.991335863335034
2005-05-15,0.13183458380059265
2005-05-16,1.085562111436458
2005-05-17,0.06564738254738246
2005-05-18,0.06100802947852974
2005-05-19,0.08486743021511182
2005-05-20,0.0014193720485354338
2005-05-21,0.0
2005-05-22,0.0
2005-05-23,0.0
2005-05-24,0.0022464194784112728
2005-05-25,0.0
2005-05-26,1.2133626852416237
2005-05-27,1.458090544787261
2005-05-28,8.229559412217347
2005-05-29,16.249947899059883
2005-05-30,8.033085340574452
2005-05-31,0.008697871881282841
2005-06-01,14.362950570118517
2005-06-02,0.003133159299581726
2005-06-03,0.3697823263721273
2005-06-04,0.06120159459923068
2005-06-05,0.18342361707134852
2005-06-06,0.05838794228119762
2005-06-07,0.25215864320624554
2005-06-08,0.5630127149557768
2005-06-09,0.3909322358342965
2005-06-10,0.06482770273815666
2005-06-11,0.11304616695808473
2005-06-12,0.012196146119086895
2005-06-13,0.21162566263424476
2005-06-14,0.5814198488077943
2005-06-15,0.9338485949253021
2005-06-16,0.0
2005-06-17,0.0
2005-06-18,0.0
2005-06-19,0.010713878274333241
2005-06-20,0.11754176741971371
2005-06-21,0.0
2005-06-22,0.0
2005-06-23,0.0
2005-06-24,0.0
2005-06-25,0.0
2005-06-26,0.0
2005-06-27,0.0
2005-06-28,0.0
2005-06-29,0.0
2005-06-30,0.0
2005-07-01,0.04412373534535676
2005-07-02,0.0028387440970708677
2005-07-03,0.0014193720485354338
2005-07-04,0.0
2005-07-05,0.00734179000421642
2005-07-06,0.10683075530631793
2005-07-07,0.5399091580773292
2005-07-08,6.893359196052524
2005-07-09,0.9717295118920223
2005-07-10,1.0726487870935506
2005-07-11,0.0774691859205747
2005-07-12,0.2739798550170252
2005-07-13,0.20709840444207916
2005-07-14,15.02029639143807
2005-07-15,11.906638951804327
2005-07-16,6.193728781222564
2005-07-17,10.418824858627204
2005-07-18,7.298099135618106
2005-07-19,1.328408159534147
2005-07-20,7.011274232205415
2005-07-21,0.6291408793073094
2005-07-22,0.007455741184796529
2005-07-23,0.9738221356142936
2005-07-24,1.57141249553977
2005-07-25,0.32025108930912766
2005-07-26,0.024191620327199136
2005-07-27,0.036182668205457666
2005-07-28,1.566322612455272
2005-07-29,1.3220198776328127
2005-07-30,0.8087624599707619
2005-07-31,0.02748750268274915
2005-08-01,0.012746549357403023
2005-08-02,0.061052737908295324
2005-08-03,1.16562394497738
2005-08-04,1.2121042398467803
2005-08-05,3.53158458589863
2005-08-06,0.2538248956454815
2005-08-07,4.556752237887154
2005-08-08,1.6615078557125726
2005-08-09,1.053568368900247
2005-08-10,18.227692773801653
2005-08-11,1.8371052982342477
2005-08-12,0.030453424504532506
2005-08-13,0.08804252357316447
2005-08-14,1.6814395258545132
2005-08-15,0.4579224522733638
2005-08-16,0.06310384480564808
2005-08-17,0.04026541682045766
2005-08-18,0.025444863053211895
2005-08-19,1.10939650462893
2005-08-20,0.6629819343534469
2005-08-21,0.09001365218274715
2005-08-22,0.09941337335664667
2005-08-23,0.007159091325397147
2005-08-24,0.05794196571862813
2005-08-25,0.07581231524929308
2005-08-26,0.0
2005-08-27,0.01921631782928148
2005-08-28,2.3065664764538325
2005-08-29,0.335837646594691
2005-08-30,0.007394589064333728
2005-08-31,1.6845185984396e-05
2005-09-01,0.0
2005-09-02,0.1498304047683748
2005-09-03,5.548498163162106
2005-09-04,6.441847379943192
2005-09-05,0.041295468887497126
2005-09-06,0.0
2005-09-07,0.00583455742250675
2005-09-08,0.0
2005-09-09,0.13930249506912948
2005-09-10,4.337069097972662
2005-09-11,10.03530333267153
2005-09-12,1.3180691212693971
2005-09-13,0.06980655517841372
2005-09-14,0.0
2005-09-15,0.0326785250320729
2005-09-16,0.25638089299881733
2005-09-17,0.0001502439504780527
2005-09-18,0.0
2005-09-19,0.0001502439504780527
2005-09-20,0.0
2005-09-21,0.0
2005-09-22,0.0
2005-09-23,0.0
2005-09-24,0.0
2005-09-25,0.0
2005-09-26,0.0
2005-09-27,0.0
2005-09-28,0.0
2005-09-29,0.03159125945917686
2005-09-30,0.012554989600599701
2005-10-01,0.005817712236522354
2005-10-02,0.2672071279915664
2005-10-03,0.24378729589203132
2005-10-04,0.2962303114120991
2005-10-05,0.23190002173842564
2005-10-06,1.5720690449005998
2005-10-07,1.9630002185976008
2005-10-08,0.1806535082935472
2005-10-09,0.006527691489215528
2005-10-10,29.54914299118985
2005-10-11,4.708091692611311
2005-10-12,0.15556984825901657
2005-10-13,0.05306164718365737
2005-10-14,0.15952481563856058
2005-10-15,0.0
2005-10-16,0.0
2005-10-17,0.0
2005-10-18,0.0
2005-10-19,0.0
2005-10-20,0.0
2005-10-21,0.009302250831654549
2005-10-22,0.0
2005-10-23,0.002684765291953253
2005-10-24,0.5038451418992635
2005-10-25,0.17755233432731563
2005-10-26,0.0
2005-10-27,0.6414906807059862
2005-10-28,0.008654863879644285
2005-10-29,0.0
2005-10-30,0.030283256092881246
2005-10-31,7.6376170622690305
2005-11-01,0.0
2005-11-02,0.0
2005-11-03,0.0
2005-11-04,0.20290095523441584
2005-11-05,0.0
2005-11-06,0.007168671335797098
2005-11-07,0.03705765666883693
2005-11-08,0.11353493922813515
2005-11-09,0.009545449372430799
2005-11-10,0.03571292758111081
2005-11-11,0.09339187416860106
2005-11-12,0.036795386839663706
2005-11-13,0.19827485883292634
2005-11-14,0.7707562092963055
2005-11-15,0.08646129850986668
2005-11-16,0.0
2005-11-17,0.0
2005-11-18,0.0
2005-11-19,0.0
2005-11-20,0.0
2005-11-21,0.0
2005-11-22,0.0
2005-11-23,0.0
2005-11-24,0.11642174952587729
2005-11-25,1.1696087305795508
2005-11-26,10.737591263385474
2005-11-27,0.0
2005-11-28,0.0
2005-11-29,0.0
2005-11-30,0.0
2005-12-01,0.0
2005-12-02,0.0
2005-12-03,0.0
2005-12-04,0.33216313491547833
2005-12-05,0.0
2005-12-06,0.0
2005-12-07,1.571275231858987
2005-12-08,0.6224350896825379
2005-12-09,0.0
2005-12-10,0.0
2005-12-11,0.05190296610419672
2005-12-12,4.7298610667929175
2005-12-13,0.005158743752773844
2005-12-14,0.48194815324521817
2005-12-15,0.0
2005-12-16,0.4281527220234959
2005-12-17,0.5936317819079632
2005-12-18,0.009449904192973597
2005-12-19,0.0
2005-12-20,0.5098190147843353
2005-12-21,0.07324732629556431
2005-12-22,0.0
2005-12-23,0.0
2005-12-24,0.0
2005-12-25,0.0
2005-12-26,0.005749671372190992
2005-12-27,0.0
2005-12-28,0.0
2005-12-29,0.011989068455983097
2005-12-30,0.00940585018061783
2005-12-31,0.0
2006-01-01,0.0
2006-01-02,0.0
2006-01-03,0.0
2006-01-04,0.012431877880318161
2006-01-05,0.0
2006-01-06,0.0
2006-01-07,0.0
2006-01-08,0.0
2006-01-09,0.0
2006-01-10,0.018987679586135644
2006-01-11,0.0
2006-01-12,0.045848641296797936
2006-01-13,0.0
2006-01-14,0.0
2006-01-15,0.1493723988188523
2006-01-16,1.0713321344131206
2006-01-17,0.4615179917082702
2006-01-18,0.0
2006-01-19,0.0027019181985494896
2006-01-20,0.009440542173919509
2006-01-21,0.04922732700653538
2006-01-22,4.58161215225631
2006-01-23,0.5281570010772662
2006-01-24,0.0
2006-01-25,0.007569807514650406
2006-01-26,0.3081360775259808
2006-01-27,0.21588236878081896
2006-01-28,8.055845293608003
2006-01-29,0.9679603878363605
2006-01-30,0.005369530583906506
2006-01-31,0.0
2006-02-01,1.1945192192394263
2006-02-02,0.9987861239638329
2006-02-03,0.00642928375085799
2006-02-04,0.0
2006-02-05,0.0
2006-02-06,0.0
2006-02-07,0.0
2006-02-08,0.0901625650225734
2006-02-09,0.03874346124379458
2006-02-10,3.1332223602979243
2006-02-11,0.10346779143961696
2006-02-12,0.03490194879539229
2006-02-13,0.0
2006-02-14,0.01879335704367277
2006-02-15,0.016987476378987492
2006-02-16,0.04935578358193382
2006-02-17,0.43717561776986913
2006-02-18,1.527143649262756
2006-02-19,0.3587808077649354
2006-02-20,0.7626768720206641
2006-02-21,1.0398550378143354
2006-02-22,0.2568761616543945
2006-02-23,0.06671379893242661
2006-02-24,0.17395528536355642
2006-02-25,7.795694924260962
2006-02-26,0.000890245904433491
2006-02-27,0.0
2006-02-28,0.0
2006-03-01,0.0
2006-03-02,0.010310551193344899
2006-03-03,0.08709049460930149
2006-03-04,0.05605440628878216
2006-03-05,0.07380512797904287
2006-03-06,0.017688007395564136
2006-03-07,0.09113464657928587
2006-03-08,0.08207630230169564
2006-03-09,5.5583617738900655
2006-03-10,0.0
2006-03-11,0.03560006654851861
2006-03-12,0.00835012908128571
2006-03-13,0.3171183770475648
2006-03-14,0.0
2006-03-15,0.2519417311153246
2006-03-16,0.6624550136529299
2006-03-17,0.17491953354143921
2006-03-18,1.9524716495314047
2006-03-19,4.273005902974305
2006-03-20,29.21526418077055
2006-03-21,0.0
2006-03-22,0.2770819087960389
2006-03-23,1.5503538093804852
2006-03-24,0.0
2006-03-25,0.0
2006-03-26,0.023899422379941283
2006-03-27,0.3271738980948667
2006-03-28,10.79324048924229
2006-03-29,0.05246516436232608
2006-03-30,0.08345754573531555
2006-03-31,0.2295430005972412
2006-04-01,0.3146947318133746
2006-04-02,0.016805024247003905
2006-04-03,0.01178566842352276
2006-04-04,0.0
2006-04-05,0.0059511110010160104
2006-04-06,0.029797975396520324
2006-04-07,0.0
2006-04-08,0.0
2006-04-09,0.0
2006-04-10,0.0
2006-04-11,0.0
2006-04-12,0.12901859194350715
2006-04-13,0.0
2006-04-14,0.0
2006-04-15,0.0
2006-04-16,0.0
2006-04-17,0.003417357861333413
2006-04-18,0.2082302876258803
2006-04-19,8.677919698573994
2006-04-20,14.002326277574635
2006-04-21,16.01647091426789
2006-04-22,0.0
2006-04-23,0.015433397325199601
2006-04-24,0.11984899307233496
2006-04-25,0.12027207800796347
2006-04-26,1.6450145682010158
2006-04-27,0.01721908135032459
2006-04-28,1.4559578904585566
2006-04-29,18.171822168887402
2006-04-30,0.014373005122667001
2006-05-01,0.0001502439504780527
2006-05-02,0.45197497714486173
2006-05-03,0.5193848013771994
2006-05-04,1.1260629287060755
2006-05-05,23.987502071228725
2006-05-06,38.14049674366294
2006-05-07,3.7808893020648764
2006-05-08,10.832131294579336
2006-05-09,0.3557562339841986
2006-05-10,0.4470243483926208
2006-05-11,0.0
2006-05-12,0.0
2006-05-13,0.0
2006-05-14,0.8383648121184906
2006-05-15,0.9570528085057193
2006-05-16,0.0
2006-05-17,0.0
2006-05-18,0.0
2006-05-19,0.0003004879009561054
2006-05-20,0.0
2006-05-21,0.19969450163700073
2006-05-22,0.0
2006-05-23,0.0059679561870004064
2006-05-24,0.007537572186013893
2006-05-25,0.0059679561870004064
2006-05-26,0.11911522286864276
2006-05-27,0.14902680286485953
2006-05-28,7.674098896401738
2006-05-29,2.128917319884352
2006-05-30,0.4547345111153851
2006-05-31,0.503065174221909
2006-06-01,2.6314027852763457
2006-06-02,0.5656654406519943
2006-06-03,0.017622489695936553
2006-06-04,0.0
2006-06-05,0.0
2006-06-06,0.0
2006-06-07,0.0059679561870004064
2006-06-08,0.046081458740492395
2006-06-09,0.0
2006-06-10,0.0
2006-06-11,0.0
2006-06-12,0.0
2006-06-13,0.0
2006-06-14,0.0
2006-06-15,0.03224756537967455
2006-06-16,3.969708339569181
2006-06-17,21.575962230776863
2006-06-18,7.502011509155516
2006-06-19,0.0
2006-06-20,2.0669577791935017
2006-06-21,0.46874045414809773
2006-06-22,0.5207752532723936
2006-06-23,0.16011150058854964
2006-06-24,1.371590794052913
2006-06-25,0.8073724050125247
2006-06-26,0.017678926561438883
2006-06-27,0.016496966628801416
2006-06-28,0.0
2006-06-29,0.005027329661473785
2006-06-30,0.40107427700199755
2006-07-01,2.2282162389517506
2006-07-02,2.826431649846226
2006-07-03,0.13563634942107336
2006-07-04,6.429309690874753
2006-07-05,9.874893914355777
2006-07-06,2.5591213519218425
2006-07-07,0.707609810163132
2006-07-08,0.14372926169664468
2006-07-09,0.2520353307977265
2006-07-10,0.11982270679635114
2006-07-11,0.027304333910555107
2006-07-12,0.0
2006-07-13,0.07919706415540036
2006-07-14,0.08961347249109297
2006-07-15,0.17217122925926082
2006-07-16,0.012086156324478865
2006-07-17,0.0016078340707963669
2006-07-18,0.0014193720485354338
2006-07-19,0.008633513081317228
2006-07-20,0.15130709110446205
2006-07-21,0.011816413021709358
2006-07-22,1.0477453321892412
2006-07-23,0.13623442455435855
2006-07-24,0.01850166076484724
2006-07-25,0.15382698627130764
2006-07-26,0.027387601559504038
2006-07-27,0.22936142652193794
2006-07-28,0.07952024027107368
2006-07-29,0.03693343462278427
2006-07-30,0.004427469131975795
2006-07-31,0.012086156324478865
2006-08-01,0.06053986960078669
2006-08-02,0.060744658292455
2006-08-03,0.028119756563962164
2006-08-04,1.546113913034155
2006-08-05,0.8714256492456692
2006-08-06,1.8152557224414667
2006-08-07,1.2816297533432603
2006-08-08,0.0879239338265302
2006-08-09,0.04706038201174073
2006-08-10,0.0001502439504780527
2006-08-11,0.0020203478504476446
2006-08-12,0.01638759364030805
2006-08-13,0.09474500488476781
2006-08-14,0.02740192032649045
2006-08-15,0.0032813675195112755
2006-08-16,0.0
2006-08-17,0.0
2006-08-18,0.36426134778945773
2006-08-19,0.3074313374956955
2006-08-20,0.0
2006-08-21,0.0014193720485354338
2006-08-22,0.0
2006-08-23,0.1751575272573786
2006-08-24,0.08006765366208979
2006-08-25,0.07320688998325679
2006-08-26,0.0021041755828445172
2006-08-27,0.01782301459858983
2006-08-28,0.6789646323023908
2006-08-29,2.531227996266517
2006-08-30,2.211117241755892
2006-08-31,0.0
2006-09-01,0.0
2006-09-02,0.06637220680353201
2006-09-03,0.7204201916087819
2006-09-04,0.6508358265257267
2006-09-05,20.282104534185432
2006-09-06,0.6174605987441598
2006-09-07,0.060020236647267855
2006-09-08,3.0072260177084296
2006-09-09,5.996230225760699
2006-09-10,1.3343428594511608
2006-09-11,6.725120444075927
2006-09-12,1.1434627843432617
2006-09-13,0.32550710171035235
2006-09-14,0.0
2006-09-15,0.10146418626633526
2006-09-16,0.19883047732257136
2006-09-17,6.821130855722619
2006-09-18,19.724924668139014
2006-09-19,0.0
2006-09-20,0.0
2006-09-21,0.0
2006-09-22,0.0001502439504780527
2006-09-23,2.164058736982168
2006-09-24,4.175910693387773
2006-09-25,0.11163262245792625
2006-09-26,0.002684765291953253
2006-09-27,0.047578132325635764
2006-09-28,0.20262726087653696
2006-09-29,0.033715427762232825
2006-09-30,7.643614356576083e-05
2006-10-01,0.006137309173369899
2006-10-02,0.005836821272413794
2006-10-03,0.005987065222891846
2006-10-04,0.0
2006-10-05,0.0
2006-10-06,0.0
2006-10-07,0.08741902769313693
2006-10-08,0.0
2006-10-09,0.0012568324153684463
2006-10-10,25.983749825015007
2006-10-11,1.9529838305800822
2006-10-12,0.28782094006375614
2006-10-13,0.468099798070464
2006-10-14,2.364436755356866
2006-10-15,3.7563065841378185
2006-10-16,5.7136500716468035
2006-10-17,0.46790188884372386
2006-10-18,2.8082796031758868
2006-10-19,2.141765824027492
2006-10-20,0.5771404826484541
2006-10-21,0.04627743043059235
2006-10-22,0.026015758926967884
2006-10-23,0.03547603490041075
2006-10-24,0.8574882042375238
2006-10-25,16.107095869945013
2006-10-26,2.516867330190082
2006-10-27,0.6607249136392954
2006-10-28,0.0
2006-10-29,0.0
2006-10-30,0.10165146292569766
2006-10-31,0.005817712236522354
2006-11-01,0.3369239841924099
2006-11-02,0.0
2006-11-03,0.0
2006-11-04,0.20075842120176549
2006-11-05,0.1696657096487191
2006-11-06,1.9874034906244626
2006-11-07,0.0
2006-11-08,0.0
2006-11-09,0.007237084285057788
2006-11-10,0.029094936591272883
2006-11-11,0.0
2006-11-12,0.0
2006-11-13,0.0
2006-11-14,0.0014193720485354338
2006-11-15,0.0
2006-11-16,0.0
2006-11-17,0.0
2006-11-18,0.0
2006-11-19,0.0
2006-11-20,0.0
2006-11-21,0.0
2006-11-22,0.0
2006-11-23,0.0
2006-11-24,0.0
2006-11-25,0.0
2006-11-26,0.0
2006-11-27,0.16137517373608018
2006-11-28,0.1125998130973399
2006-11-29,3.7645191112395153
2006-11-30,15.280167954765622
2006-12-01,0.0
2006-12-02,0.0
2006-12-03,0.0
2006-12-04,0.0
2006-12-05,0.0
2006-12-06,0.0013509590992747448
2006-12-07,0.05518847058218485
2006-12-08,0.0
2006-12-09,0.0
2006-12-10,0.9677511011942853
2006-12-11,0.25122736003756935
2006-12-12,0.0
2006-12-13,0.0
2006-12-14,0.0
2006-12-15,0.0001502439504780527
2006-12-16,0.02148782908673056
2006-12-17,0.032585608189269165
2006-12-18,0.138958455963108
2006-12-19,1.3930945424977634
2006-12-20,2.504726530040862
2006-12-21,0.2153229881792848
2006-12-22,0.12819690636758152
2006-12-23,6.335354035939521
2006-12-24,24.74865758264638
2006-12-25,1.3408139798866752
2006-12-26,0.0
2006-12-27,0.0
2006-12-28,0.03810115082846059
2006-12-29,5.446343103740542
2006-12-30,12.355121683930374
2006-12-31,0.12208126385033495
2007-01-01,0.08042863834168228
2007-01-02,0.04101078438398688
2007-01-03,1.1260757524074168
2007-01-04,28.224781421999072
2007-01-05,0.0
2007-01-06,0.660713798430819
2007-01-07,2.379368133464067
2007-01-08,0.0
2007-01-09,0.0
2007-01-10,0.0
2007-01-11,0.03270509235099053
2007-01-12,3.437604213387624
2007-01-13,35.99542845607119
2007-01-14,6.870927190213937
2007-01-15,13.427429308540107
2007-01-16,7.807609732925371
2007-01-17,6.093083036542733
2007-01-18,1.162076195568612
2007-01-19,2.3212169386606134
2007-01-20,8.336344448613815
2007-01-21,0.4561909094366629
2007-01-22,0.040519905522073484
2007-01-23,4.197517000847773
2007-01-24,14.140644383769464
2007-01-25,0.48651767815832775
2007-01-26,0.0
2007-01-27,0.19350237436752324
2007-01-28,0.0
2007-01-29,0.0
2007-01-30,0.05642943860020275
2007-01-31,0.10088543302238565
2007-02-01,1.1161577360209487
2007-02-02,0.0
2007-02-03,0.0
2007-02-04,0.0850104734992158
2007-02-05,0.008874049652903485
2007-02-06,0.0
2007-02-07,0.0
2007-02-08,0.28308850240381067
2007-02-09,0.6956780757262138
2007-02-10,0.019380567717210972
2007-02-11,0.22617690744412314
2007-02-12,0.708257485692506
2007-02-13,0.0
2007-02-14,0.0
2007-02-15,0.0
2007-02-16,0.0
2007-02-17,0.0
2007-02-18,0.0
2007-02-19,0.0014362172345198298
2007-02-20,0.2056699689059947
2007-02-21,0.5276904184542084
2007-02-22,0.0
2007-02-23,0.5004019314089647
2007-02-24,0.061707459378727056
2007-02-25,0.09388452315211929
2007-02-26,0.008874049652903485
2007-02-27,0.0012568324153684463
2007-02-28,0.3260561640374619
2007-03-01,0.4576460906866832
2007-03-02,0.0
2007-03-03,0.0
2007-03-04,0.0
2007-03-05,0.0
2007-03-06,0.0
2007-03-07,0.0
2007-03-08,0.0
2007-03-09,0.020550537978035296
2007-03-10,0.9900845755501947
2007-03-11,5.35232261322951
2007-03-12,65.62187673183351
2007-03-13,17.722841632671546
2007-03-14,6.8046943226006285
2007-03-15,0.0001502439504780527
2007-03-16,0.0
2007-03-17,0.0
2007-03-18,0.04778295146509498
2007-03-19,0.6403008433644691
2007-03-20,1.0968876790867954
2007-03-21,1.0184601522393932
2007-03-22,2.9569511419032373
2007-03-23,0.7483121739229752
2007-03-24,0.049320231188598795
2007-03-25,1.7754070579116628
2007-03-26,31.20509985982089
2007-03-27,20.38051182127408
2007-03-28,0.08800877899386945
2007-03-29,4.034581000793245
2007-03-30,21.449505913862204
2007-03-31,10.946243987084765
2007-04-01,0.0
2007-04-02,0.04986071730293243
2007-04-03,0.08439304225289553
2007-04-04,0.4468288125664004
2007-04-05,0.0
2007-04-06,0.0035712927581110806
2007-04-07,9.286238706792295
2007-04-08,10.00654180907243
2007-04-09,0.23609293830252964
2007-04-10,0.4806603726803422
2007-04-11,0.0
2007-04-12,0.0
2007-04-13,1.853812563271857
2007-04-14,7.738581829168079
2007-04-15,0.30544771122853753
2007-04-16,0.008112723665234755
2007-04-17,3.673123781648672
2007-04-18,0.4471233060719243
2007-04-19,0.011825344966803583
2007-04-20,0.024856913698357533
2007-04-21,0.09713355235892693
2007-04-22,1.48410033075425
2007-04-23,0.8252134072398271
2007-04-24,1.163633990139635
2007-04-25,9.777890662936967
2007-04-26,0.0
2007-04-27,0.009466749378957993
2007-04-28,0.08914504895756234
2007-04-29,2.2492163381568258
2007-04-30,9.975265461206828
2007-05-01,2.3980282087152722
2007-05-02,8.821707315746874
2007-05-03,41.15363455977106
2007-05-04,0.11589358255818644
2007-05-05,0.29259772391835615
2007-05-06,0.9807391241397678
2007-05-07,1.0385835991644963
2007-05-08,0.1018156109075631
2007-05-09,0.8779041584069313
2007-05-10,4.777572021730978
2007-05-11,0.7437609206576117
2007-05-12,0.06542202034106576
2007-05-13,0.02687052828079821
2007-05-14,0.01604491072589682
2007-05-15,0.014793542858759926
2007-05-16,18.80453455054328
2007-05-17,1.9109035891440207e-05
2007-05-18,0.0
2007-05-19,0.0
2007-05-20,0.46828335992546427
2007-05-21,3.98485220056857
2007-05-22,7.957672865051738
2007-05-23,0.23976211264077046
2007-05-24,7.872009301909232
2007-05-25,33.94586501403461
2007-05-26,16.721481944966953
2007-05-27,21.881414855317345
2007-05-28,6.10170358583737
2007-05-29,0.15617131866438402
2007-05-30,0.25428306979535875
2007-05-31,4.193199680330395
2007-06-01,0.8223096189617711
2007-06-02,0.3616642917103451
2007-06-03,0.12446511333207194
2007-06-04,15.879646426649677
2007-06-05,0.1799444446363831
2007-06-06,6.841294926068906e-05
2007-06-07,0.003139231998026973
2007-06-08,0.22913545285605405
2007-06-09,0.1771386925478591
2007-06-10,0.11495921004426594
2007-06-11,0.0003004879009561054
2007-06-12,0.0
2007-06-13,0.038024569397900936
2007-06-14,0.329609794735378
2007-06-15,1.6334609731962215
2007-06-16,19.73126348645212
2007-06-17,10.577853004435132
2007-06-18,0.3713601716842687
2007-06-19,0.03838259979849886
2007-06-20,9.490835282648375
2007-06-21,4.197555021685564
2007-06-22,1.32517955317657
2007-06-23,0.9203719164383755
2007-06-24,1.7421733612540922
2007-06-25,16.418198728861125
2007-06-26,7.08669017063621
2007-06-27,4.0666500249114526
2007-06-28,30.682149881507044
2007-06-29,4.22652198686947
2007-06-30,1.3841356010828667
2007-07-01,1.3307872725196266
2007-07-02,4.685226787645019
2007-07-03,12.555882757132698
2007-07-04,12.924930306208646
2007-07-05,11.707111885974507
2007-07-06,2.887116456744832
2007-07-07,5.573431752309119
2007-07-08,1.5726328016410922
2007-07-09,1.0827679910531804
2007-07-10,0.005917511430520548
2007-07-11,0.019373718053851425
2007-07-12,0.017752534291561643
2007-07-13,0.024795030932337984
2007-07-14,3.7115388137866634
2007-07-15,1.9319670624801961
2007-07-16,0.8846769218845422
2007-07-17,6.501908253643165
2007-07-18,7.096742641189846
2007-07-19,12.89166143106832
2007-07-20,40.63252134125313
2007-07-21,37.57349722093932
2007-07-22,0.925417952000266
2007-07-23,10.668939933744793
2007-07-24,15.134713279795383
2007-07-25,7.117490153313897
2007-07-26,8.085480472003919
2007-07-27,2.791053581737451
2007-07-28,2.664858958925881
2007-07-29,9.440734056396234
2007-07-30,2.0614040545695493
2007-07-31,0.0006838390084526795
2007-08-01,0.0
2007-08-02,2.8782340141657548
2007-08-03,0.5151388538461196
2007-08-04,0.24338031666126234
2007-08-05,0.022550274676458662
2007-08-06,0.002137063822004838
2007-08-07,0.0037046915226047377
2007-08-08,0.010718130422653873
2007-08-09,0.0
2007-08-10,1.9109035891440207e-05
2007-08-11,0.0
2007-08-12,0.0017052786134141875
2007-08-13,0.00017198132302296185
2007-08-14,0.0001333987644936567
2007-08-15,0.041459264591290644
2007-08-16,54.7955199697794
2007-08-17,22.397257043584972
2007-08-18,0.9410260570660339
2007-08-19,0.032349596654365764
2007-08-20,0.10391636802387229
2007-08-21,2.582570954049733
2007-08-22,0.4020541672593835
2007-08-23,0.37030503960349376
2007-08-24,0.06472508454295729
2007-08-25,0.002981220064674074
2007-08-26,1.1251070473301794
2007-08-27,1.3120935816988535
2007-08-28,0.3919348010023349
2007-08-29,2.8706213054123393
2007-08-30,3.659913972482259
2007-08-31,11.973076898471747
2007-09-01,7.006671670030813
2007-09-02,2.1608399625573527
2007-09-03,4.122810852929301
2007-09-04,20.5541991580361
2007-09-05,10.746082794421646
2007-09-06,0.0
2007-09-07,0.005917511430520548
2007-09-08,0.02076289522490905
2007-09-09,0.13638320386959532
2007-09-10,0.16105880999703132
2007-09-11,8.690557209439723
2007-09-12,0.029737631616077197
2007-09-13,0.031388920103491584
2007-09-14,0.07342195763411423
2007-09-15,0.7933196156236482
2007-09-16,0.0
2007-09-17,0.007169723316101183
2007-09-18,0.2230195653539171
2007-09-19,0.038713768368002735
2007-09-20,0.0
2007-09-21,0.0
2007-09-22,0.0
2007-09-23,0.0
2007-09-24,0.0
2007-09-25,0.0007035736773333497
2007-09-26,0.05985134469556994
2007-09-27,0.02509525633085388
2007-09-28,0.15591061724563435
2007-09-29,0.5267037735310341
2007-09-30,0.45742219477608026
2007-10-01,1.930273852067641
2007-10-02,0.12344110717857895
2007-10-03,0.0
2007-10-04,0.011515810921976812
2007-10-05,0.0
2007-10-06,0.0
2007-10-07,0.6393858622073292
2007-10-08,6.070744456291951
2007-10-09,0.2721544704543576
2007-10-10,0.0
2007-10-11,0.03375946989626986
2007-10-12,0.0
2007-10-13,0.0
2007-10-14,0.3059231709141625
2007-10-15,0.48704140908544374
2007-10-16,1.4292989084417662
2007-10-17,0.1228387916217054
2007-10-18,0.0
2007-10-19,0.0
2007-10-20,0.0
2007-10-21,0.0
2007-10-22,21.391324157129922
2007-10-23,0.028198433696235536
2007-10-24,0.0
2007-10-25,0.0
2007-10-26,0.0
2007-10-27,1.6845185984396e-05
2007-10-28,0.0
2007-10-29,0.0
2007-10-30,0.0
2007-10-31,0.0
2007-11-01,0.0
2007-11-02,0.0035712927581110806
2007-11-03,0.0
2007-11-04,0.0
2007-11-05,0.0
2007-11-06,0.0
2007-11-07,0.0035712927581110806
2007-11-08,0.0
2007-11-09,0.0
2007-11-10,0.2611705751137396
2007-11-11,0.0
2007-11-12,0.023747768016037465
2007-11-13,0.01719858433332388
2007-11-14,0.0
2007-11-15,0.007237084285057788
2007-11-16,0.0001333987644936567
2007-11-17,0.6562856492614735
2007-11-18,0.7411148428440238
2007-11-19,0.04931765074483962
2007-11-20,0.15422241495713085
2007-11-21,0.024422033441538583
2007-11-22,0.03149652417009321
2007-11-23,0.07493549556877499
2007-11-24,15.076937370254452
2007-11-25,8.157548533122398
2007-11-26,0.03848910085642007
2007-11-27,0.009630923719737115
2007-11-28,0.0022632646643956688
2007-11-29,0.0
2007-11-30,0.3185024721557315
2007-12-01,1.1918926954683504
2007-12-02,0.26963009093095563
2007-12-03,0.0
2007-12-04,0.0
2007-12-05,0.0
2007-12-06,0.0039249367410494704
2007-12-07,0.12178215141464069
2007-12-08,0.04209357972158712
2007-12-09,0.6105510617526012
2007-12-10,2.1361444221247208
2007-12-11,1.692826877972639
2007-12-12,5.3996828504036705
2007-12-13,0.5976609542805922
2007-12-14,1.5539746138747288
2007-12-15,4.721985539631376
2007-12-16,0.0
2007-12-17,0.0
2007-12-18,0.08562327280108677
2007-12-19,0.04529140734421379
2007-12-20,0.0717150021840326
2007-12-21,0.0
2007-12-22,0.009462596983593143
2007-12-23,0.0
2007-12-24,0.0
2007-12-25,0.017702559263326485
2007-12-26,0.14045258042743614
2007-12-27,0.0012568324153684463
2007-12-28,0.7522765841457225
2007-12-29,0.0
2007-12-30,0.0
2007-12-31,0.0
2008-01-01,0.0
2008-01-02,0.0
2008-01-03,0.0
2008-01-04,0.0
2008-01-05,0.0
2008-01-06,0.0035712927581110806
2008-01-07,0.19821220506288578
2008-01-08,0.4567847411760556
2008-01-09,0.03319229861873716
2008-01-10,0.0022128199079158107
2008-01-11,0.0
2008-01-12,0.02684765291953253
2008-01-13,0.0
2008-01-14,0.01127948376400361
2008-01-15,2.061502517207821
2008-01-16,1.0533876951893328
2008-01-17,0.3092028303552024
2008-01-18,4.331282754822661
2008-01-19,0.9367183366006394
2008-01-20,0.001809189456000042
2008-01-21,3.1869374137940683
2008-01-22,1.0556196021326043
2008-01-23,0.9120436503662555
2008-01-24,0.8379148339042163
2008-01-25,1.3184225854866307
2008-01-26,0.055672597516785514
2008-01-27,0.0022128199079158107
2008-01-28,0.009842797305466321
2008-01-29,0.009485861460497883
2008-01-30,0.0
2008-01-31,0.5101132080428225
2008-02-01,0.0
2008-02-02,0.0710440690398808
2008-02-03,0.0008003925869619402
2008-02-04,0.11637408611003987
2008-02-05,0.09109616446050463
2008-02-06,0.0
2008-02-07,0.0
2008-02-08,0.0
2008-02-09,0.014190413960164301
2008-02-10,0.011825344966803583
2008-02-11,0.5971013522595465
2008-02-12,0.8816954613324529
2008-02-13,0.0
2008-02-14,0.0022464194784112728
2008-02-15,1.062988496677987
2008-02-16,7.075789136250497
2008-02-17,0.08418945053004585
2008-02-18,0.0
2008-02-19,0.0
2008-02-20,0.0006838390084526795
2008-02-21,0.21483130462865244
2008-02-22,0.1631839170494994
2008-02-23,0.0
2008-02-24,0.0
2008-02-25,0.0
2008-02-26,0.0
2008-02-27,0.0
2008-02-28,0.0
2008-02-29,0.10629861062612468
2008-03-01,0.024050911681870218
2008-03-02,1.3745618026379125
2008-03-03,3.2785012210907483
2008-03-04,0.0297650133460264
2008-03-05,0.001566579649790863
2008-03-06,6.992545364174046
2008-03-07,1.0141568015869336
2008-03-08,0.040206172887132186
2008-03-09,0.3547591900870584
2008-03-10,23.342964116802552
2008-03-11,0.013562742800389617
2008-03-12,0.013579587986374013
2008-03-13,0.023225942479626126
2008-03-14,0.20927068514924965
2008-03-15,0.0
2008-03-16,0.0
2008-03-17,0.08517920163791551
2008-03-18,7.432396243482595
2008-03-19,3.8753126929676345
2008-03-20,0.0
2008-03-21,0.0
2008-03-22,0.0
2008-03-23,0.01778927548175658
2008-03-24,0.007522050437154101
2008-03-25,0.0
2008-03-26,0.0
2008-03-27,0.03761793843456878
2008-03-28,0.1885519651251056
2008-03-29,1.2958326563398732
2008-03-30,0.8685222304039008
2008-03-31,1.446003777692905
2008-04-01,0.1368126409209047
2008-04-02,0.12095344095928723
2008-04-03,0.21139344760590362
2008-04-04,2.0276013100948127
2008-04-05,0.0
2008-04-06,0.0
2008-04-07,0.15680168703709413
2008-04-08,0.04872778574666005
2008-04-09,2.1298509230750087
2008-04-10,2.7282393250713093
2008-04-11,0.009389004994633434
2008-04-12,0.0
2008-04-13,0.0
2008-04-14,0.024341018987073918
2008-04-15,0.0
2008-04-16,0.0
2008-04-17,0.010639554886373784
2008-04-18,21.752127507794274
2008-04-19,0.40729439525861955
2008-04-20,0.18262446402563276
2008-04-21,0.14455214668138516
2008-04-22,0.014437141865592392
2008-04-23,0.16664405372380334
2008-04-24,0.08145392487882794
2008-04-25,0.7132616661364675
2008-04-26,9.47555306179557
2008-04-27,1.7744171572772334
2008-04-28,0.012968903926471256
2008-04-29,0.0
2008-04-30,0.0
2008-05-01,0.02934344982626304
2008-05-02,0.07169510860822681
2008-05-03,0.0017415671698270275
2008-05-04,0.01206628929304966
2008-05-05,4.940533564100277
2008-05-06,0.24274299177248554
2008-05-07,0.10630683133551307
2008-05-08,0.0
2008-05-09,0.009442888827212616
2008-05-10,0.021497231371517465
2008-05-11,0.002684765291953253
2008-05-12,1.1181670398632837
2008-05-13,1.428119362100037
2008-05-14,11.478260143970752
2008-05-15,9.70939031575421
2008-05-16,0.6538709870934852
2008-05-17,0.04776663468317809
2008-05-18,0.0
2008-05-19,0.0
2008-05-20,0.0021041755828445172
2008-05-21,0.02686499369714164
2008-05-22,0.41548326057552865
2008-05-23,0.005385543102355793
2008-05-24,0.012552158341460437
2008-05-25,0.10284155499470275
2008-05-26,0.3291931762822825
2008-05-27,0.0722375434072592
2008-05-28,0.01572879971191626
2008-05-29,0.0
2008-05-30,0.0
2008-05-31,0.0
2008-06-01,0.0
2008-06-02,0.0
2008-06-03,0.0
2008-06-04,0.0
2008-06-05,0.0459433181824574
2008-06-06,0.5952341183282994
2008-06-07,0.8441422298203937
2008-06-08,0.7621658781170677
2008-06-09,0.06106667995667794
2008-06-10,0.012966436458592568
2008-06-11,0.0014193720485354338
2008-06-12,0.007525276503324958
2008-06-13,0.057779718792272214
2008-06-14,0.03380572418533034
2008-06-15,0.0001525078003850969
2008-06-16,0.00805429587585976
2008-06-17,0.0
2008-06-18,0.006180630343592781
2008-06-19,0.00010051052533333567
2008-06-20,0.7501851031849436
2008-06-21,0.12787613476382823
2008-06-22,0.04899811386899087
2008-06-23,0.014826128480435826
2008-06-24,0.03706361390214192
2008-06-25,0.05101333615680558
2008-06-26,0.07329575180161242
2008-06-27,0.0001502439504780527
2008-06-28,0.04138661754156711
2008-06-29,0.03533350101042774
2008-06-30,5.76980581155683
2008-07-01,5.315005881289264
2008-07-02,1.7875016148242513
2008-07-03,0.6414160468357566
2008-07-04,0.25700771294186975
2008-07-05,1.5060226648281245
2008-07-06,0.7867641138547967
2008-07-07,4.351542229454563
2008-07-08,6.087851478728004
2008-07-09,2.004959460295259
2008-07-10,0.24917765810856776
2008-07-11,0.02104749375767476
2008-07-12,0.0
2008-07-13,0.0
2008-07-14,0.0
2008-07-15,0.0
2008-07-16,0.11431602832136221
2008-07-17,0.009891304609343886
2008-07-18,0.007409383045209475
2008-07-19,0.0037215367085891337
2008-07-20,0.03175769492008107
2008-07-21,0.024648741662189284
2008-07-22,0.013426747593064394
2008-07-23,1.8895741802002664
2008-07-24,27.539923507561607
2008-07-25,4.283368851410817
2008-07-26,0.0
2008-07-27,0.005757905460988406
2008-07-28,0.0
2008-07-29,0.0
2008-07-30,0.0
2008-07-31,0.0
2008-08-01,0.0
2008-08-02,0.0
2008-08-03,0.0
2008-08-04,0.0039249367410494704
2008-08-05,0.6033024332920889
2008-08-06,2.836311146722855
2008-08-07,0.08440779267027639
2008-08-08,0.0
2008-08-09,0.0
2008-08-10,0.0
2008-08-11,0.07731903890633474
2008-08-12,20.439812068155412
2008-08-13,1.7756330964026235
2008-08-14,0.0
2008-08-15,0.5011891536818252
2008-08-16,4.677387845580567
2008-08-17,7.9566705890000655
2008-08-18,26.59265648150654
2008-08-19,7.23912034786886
2008-08-20,11.481871055758363
2008-08-21,0.288991553831556
2008-08-22,3.3767261537631734
2008-08-23,1.130212259342983
2008-08-24,4.872820080021203
2008-08-25,5.402574967171507
2008-08-26,12.220259519059539
2008-08-27,0.3946490496491722
2008-08-28,1.9401800164971876
2008-08-29,0.6218499315442251
2008-08-30,0.1891116513578962
2008-08-31,0.009473667924395192
2008-09-01,0.09521631508447703
2008-09-02,0.09483555692499564
2008-09-03,0.08456595984766226
2008-09-04,0.08533943235659028
2008-09-05,0.0
2008-09-06,0.0
2008-09-07,0.0
2008-09-08,0.6018080050105633
2008-09-09,0.044951081532770554
2008-09-10,0.04051973973563418
2008-09-11,0.008732021184078523
2008-09-12,0.0
2008-09-13,0.34876653450254486
2008-09-14,0.5585135772183444
2008-09-15,0.0
2008-09-16,0.0
2008-09-17,0.03807689296013885
2008-09-18,0.7191610920109701
2008-09-19,0.0
2008-09-20,0.0
2008-09-21,0.0
2008-09-22,0.0
2008-09-23,0.015236428479365486
2008-09-24,0.14344330369768954
2008-09-25,0.06685917712190857
2008-09-26,0.0
2008-09-27,0.0
2008-09-28,0.0
2008-09-29,0.0
2008-09-30,0.0
2008-10-01,0.0
2008-10-02,0.0
2008-10-03,0.014723478872458937
2008-10-04,0.0
2008-10-05,0.12551248064659415
2008-10-06,3.6603495578603042
2008-10-07,3.0504730406055947
2008-10-08,0.0
2008-10-09,0.0
2008-10-10,0.015547774728486684
2008-10-11,0.03488519563957289
2008-10-12,0.48227344079507467
2008-10-13,3.1372472934785547
2008-10-14,2.6064028437742404
2008-10-15,12.268172274858877
2008-10-16,3.289848892055102
2008-10-17,0.0
2008-10-18,0.0
2008-10-19,0.0
2008-10-20,0.0
2008-10-21,0.0
2008-10-22,0.0537846907989786
2008-10-23,0.010713878274333241
2008-10-24,0.0
2008-10-25,0.0
2008-10-26,0.0012568324153684463
2008-10-27,0.05715449606724681
2008-10-28,0.007142585516222161
2008-10-29,0.0
2008-10-30,0.0
2008-10-31,0.0
2008-11-01,0.0
2008-11-02,0.01745728245434848
2008-11-03,0.0
2008-11-04,0.0001333987644936567
2008-11-05,0.12909652711408945
2008-11-06,0.8244404078844115
2008-11-07,0.0
2008-11-08,0.0
2008-11-09,0.0
2008-11-10,0.49617605352462696
2008-11-11,2.206915926029424
2008-11-12,0.05791435877297381
2008-11-13,0.0015236299443557597
2008-11-14,0.0
2008-11-15,0.004828125173479527
2008-11-16,0.0
2008-11-17,0.0
2008-11-18,0.0
2008-11-19,0.0
2008-11-20,0.0
2008-11-21,0.0
2008-11-22,0.0020227740934026218
2008-11-23,0.1334713668033551
2008-11-24,0.21988732909446088
2008-11-25,0.0
2008-11-26,0.0
2008-11-27,0.2471002033789378
2008-11-28,1.0704769584811606
2008-11-29,0.11076723156016893
2008-11-30,0.002753178241213942
2008-12-01,0.06189410038430828
2008-12-02,0.0
2008-12-03,0.01165263682049819
2008-12-04,0.0
2008-12-05,0.0
2008-12-06,0.0
2008-12-07,0.0
2008-12-08,0.10803860303342407
2008-12-09,0.8414626644182256
2008-12-10,4.9709378157557484
2008-12-11,0.12039920285546642
2008-12-12,0.021932115097072085
2008-12-13,0.003133159299581726
2008-12-14,0.0
2008-12-15,0.15444415562373784
2008-12-16,0.05696662340549021
2008-12-17,0.1026848587264201
2008-12-18,0.3751686870007117
2008-12-19,0.4477602104206931
2008-12-20,0.033688774437796366
2008-12-21,0.0001333987644936567
2008-12-22,0.0014193720485354338
2008-12-23,0.49059273364501527
2008-12-24,0.43100972896172335
2008-12-25,0.0
2008-12-26,0.15574931650169557
2008-12-27,0.1233241557995511
2008-12-28,0.24178930063511508
2008-12-29,0.0
2008-12-30,0.0
2008-12-31,0.0
2009-01-01,0.0
2009-01-02,0.0
2009-01-03,0.173919381129726
2009-01-04,0.00698675180397898
2009-01-05,4.362784007241709
2009-01-06,7.724976737434522
2009-01-07,0.0
2009-01-08,0.0
2009-01-09,0.09547763487998023
2009-01-10,0.06693094382854203
2009-01-11,0.0
2009-01-12,0.0
2009-01-13,0.0
2009-01-14,0.0
2009-01-15,0.0
2009-01-16,0.0
2009-01-17,0.0
2009-01-18,0.0
2009-01-19,0.0
2009-01-20,0.0
2009-01-21,0.0
2009-01-22,0.0
2009-01-23,0.009590741004753094
2009-01-24,0.0
2009-01-25,0.0
2009-01-26,0.5105774692529277
2009-01-27,1.220539359220119
2009-01-28,2.471159136499591
2009-01-29,0.0
2009-01-30,0.0
2009-01-31,0.0
2009-02-01,0.023498694746862947
2009-02-02,0.003133159299581726
2009-02-03,0.0
2009-02-04,0.0
2009-02-05,0.0
2009-02-06,0.0
2009-02-07,0.07844935421291814
2009-02-08,1.9790283911351134
2009-02-09,3.267898944808077
2009-02-10,1.0665380381712233
2009-02-11,6.202800557235795
2009-02-12,0.0
2009-02-13,0.14165963120600122
2009-02-14,0.051187835225538415
2009-02-15,0.048364821520184245
2009-02-16,0.305739688344549
2009-02-17,1.5734053090561837
2009-02-18,0.6330858200933983
2009-02-19,0.010713878274333241
2009-02-20,0.11690435505910209
2009-02-21,0.208389552427727
2009-02-22,0.040099222971337466
2009-02-23,0.34076553726008363
2009-02-24,0.3480296316074528
2009-02-25,1.2350591383752652
2009-02-26,0.09329108529823944
2009-02-27,0.8648078483002375
2009-02-28,0.09844415936343479
2009-03-01,0.0
2009-03-02,0.028766658802905538
2009-03-03,0.05746469818998462
2009-03-04,0.0
2009-03-05,0.0
2009-03-06,0.0035712927581110806
2009-03-07,0.03468189150881544
2009-03-08,0.014285171032444323
2009-03-09,0.6454609151648592
2009-03-10,0.30197801381168954
2009-03-11,7.519949301397908
2009-03-12,43.73274893569257
2009-03-13,6.838856330013087
2009-03-14,0.505662288884113
2009-03-15,0.7763597355696665
2009-03-16,0.05404279875969014
2009-03-17,0.0
2009-03-18,0.0
2009-03-19,0.0
2009-03-20,0.0
2009-03-21,0.0
2009-03-22,0.0035712927581110806
2009-03-23,0.02694394552024473
2009-03-24,0.7841492050886135
2009-03-25,1.675581566364818
2009-03-26,6.955321544399462
2009-03-27,0.6408833953318421
2009-03-28,0.00583455742250675
2009-03-29,0.0
2009-03-30,0.041041389557545715
2009-03-31,1.1011444430717114
2009-04-01,0.012351363262839747
2009-04-02,6.210881899518897
2009-04-03,0.0
2009-04-04,0.0
2009-04-05,0.34062630068300104
2009-04-06,0.0
2009-04-07,0.026553838894989728
2009-04-08,0.04543080984393503
2009-04-09,0.013881729567216646
2009-04-10,0.0004170414794653661
2009-04-11,0.3578779411656842
2009-04-12,6.0583524836944145
2009-04-13,0.2042620484782366
2009-04-14,0.001566579649790863
2009-04-15,0.005027329661473785
2009-04-16,0.5185115746722077
2009-04-17,32.900027302544245
2009-04-18,9.5118975504004
2009-04-19,0.0
2009-04-20,0.0
2009-04-21,0.0
2009-04-22,0.0
2009-04-23,0.04668389495836507
2009-04-24,1.0002512594709843
2009-04-25,0.9007115441317873
2009-04-26,0.9750266761410089
2009-04-27,27.602693250273212
2009-04-28,3.726445618474919
2009-04-29,1.018741365914977
2009-04-30,0.664216761254599
2009-05-01,0.09667939372990154
2009-05-02,0.4404887875998336
2009-05-03,0.5524816550736624
2009-05-04,0.05134746324776769
2009-05-05,0.10240676956158364
2009-05-06,0.16525901234048804
2009-05-07,0.021561155313160142
2009-05-08,0.14898671695281215
2009-05-09,0.007236757824000168
2009-05-10,0.6710002103390773
2009-05-11,0.018256660084036373
2009-05-12,0.007142585516222161
2009-05-13,0.021561155313160142
2009-05-14,0.08796399583994509
2009-05-15,0.49778449875071545
2009-05-16,14.038689152089741
2009-05-17,2.1915120737052356
2009-05-18,0.0
2009-05-19,0.0
2009-05-20,0.0
2009-05-21,0.0
2009-05-22,0.24223603387469708
2009-05-23,14.373656199197521
2009-05-24,4.106455258114768
2009-05-25,0.17852417362891967
2009-05-26,0.30184042359160707
2009-05-27,0.6595059849505953
2009-05-28,0.42050064875652593
2009-05-29,1.0262477799843057
2009-05-30,0.001566579649790863
2009-05-31,0.02276357701325719
2009-06-01,0.20055692636295547
2009-06-02,0.5555365776747719
2009-06-03,17.45709585443452
2009-06-04,0.2771903611554244
2009-06-05,0.023498694746862947
2009-06-06,0.001566579649790863
2009-06-07,0.0
2009-06-08,0.0
2009-06-09,0.0
2009-06-10,0.08019765099655357
2009-06-11,0.38376828469430724
2009-06-12,2.952321413758681
2009-06-13,0.5580128137000462
2009-06-14,0.0
2009-06-15,0.0
2009-06-16,0.0
2009-06-17,8.422592992198e-05
2009-06-18,0.10131990123571537
2009-06-19,0.07317598837334403
2009-06-20,0.04001391551455424
2009-06-21,0.0
2009-06-22,0.0
2009-06-23,0.0
2009-06-24,0.0
2009-06-25,0.019483051072193468
2009-06-26,0.10933945715003486
2009-06-27,0.0
2009-06-28,0.0
2009-06-29,0.004657834535985987
2009-06-30,1.4011803826762135
2009-07-01,1.0763918160362078
2009-07-02,0.0
2009-07-03,0.04126565179503475
2009-07-04,0.0
2009-07-05,0.0
2009-07-06,2.209676118109228
2009-07-07,3.384742710519376
2009-07-08,0.03181066299485116
2009-07-09,0.0
2009-07-10,0.0
2009-07-11,0.0
2009-07-12,0.0
2009-07-13,0.0
2009-07-14,0.0
2009-07-15,0.0
2009-07-16,0.0
2009-07-17,0.004191734270036784
2009-07-18,1.4068206374355612
2009-07-19,0.5853755664542896
2009-07-20,2.425996841869513
2009-07-21,1.676252032041054
2009-07-22,1.7424227219994446
2009-07-23,4.853302376201394
2009-07-24,0.0037081186566324587
2009-07-25,0.0
2009-07-26,6.841294926068906e-05
2009-07-27,0.0
2009-07-28,0.0
2009-07-29,2.3162155056610527
2009-07-30,10.111962004976302
2009-07-31,1.1205972830876876
2009-08-01,0.19956476113097177
2009-08-02,0.3283516954432716
2009-08-03,0.0
2009-08-04,0.0
2009-08-05,0.0
2009-08-06,0.0
2009-08-07,0.0
2009-08-08,0.015173117660660325
2009-08-09,0.050690197452475216
2009-08-10,0.02240847032505075
2009-08-11,0.48373500020382304
2009-08-12,3.419911968385189
2009-08-13,1.4040524189419323
2009-08-14,0.013701356181581338
2009-08-15,6.841294926068906e-05
2009-08-16,0.0
2009-08-17,0.0001333987644936567
2009-08-18,0.06837512049580384
2009-08-19,0.0
2009-08-20,0.0
2009-08-21,0.30622734529002377
2009-08-22,0.9113345640913119
2009-08-23,0.05801995336361774
2009-08-24,0.0025327876401460047
2009-08-25,0.09163180064773666
2009-08-26,0.5909104484395115
2009-08-27,2.2187156497612
2009-08-28,3.5302503260115534
2009-08-29,0.013387533724642613
2009-08-30,0.0
2009-08-31,0.002684765291953253
2009-09-01,0.059083062725040325
2009-09-02,0.0
2009-09-03,0.016713870327526466
2009-09-04,0.8822174102103817
2009-09-05,2.245133873557962
2009-09-06,1.5275963540191835
2009-09-07,0.0016570287088494163
2009-09-08,2.474585991002856
2009-09-09,41.92759390821975
2009-09-10,30.5150549349703
2009-09-11,24.548411836143355
2009-09-12,22.578373663607
2009-09-13,2.7024810294070583
2009-09-14,0.10255851337945694
2009-09-15,0.0
2009-09-16,0.007142585516222161
2009-09-17,0.0
2009-09-18,0.015022526323694167
2009-09-19,0.014957540508461199
2009-09-20,0.08705621833687047
2009-09-21,2.4341820691231275
2009-09-22,28.740363715504316
2009-09-23,4.71013984309105
2009-09-24,2.940761493388331
2009-09-25,0.16356965684081723
2009-09-26,0.0
2009-09-27,0.0
2009-09-28,2.7173410931921915
2009-09-29,3.3558924183897556
2009-09-30,0.09854645325648052
2009-10-01,0.33200185887867434
2009-10-02,0.7237426461603441
2009-10-03,11.005958411417447
2009-10-04,28.323395217379744
2009-10-05,0.5100666674106464
2009-10-06,0.017258368888084945
2009-10-07,0.848331317833425
2009-10-08,1.0586750843824833
2009-10-09,36.5810018092192
2009-10-10,0.0746302229396178
2009-10-11,9.487288608078211
2009-10-12,3.0421160997649284
2009-10-13,8.312439934208149
2009-10-14,0.33575201600359084
2009-10-15,0.1613490213498159
2009-10-16,0.0
2009-10-17,0.0
2009-10-18,0.005757905460988406
2009-10-19,0.0
2009-10-20,0.010713878274333241
2009-10-21,12.439508641739806
2009-10-22,53.97861897582027
2009-10-23,0.0
2009-10-24,0.0
2009-10-25,0.06834201231793728
2009-10-26,44.58817606615833
2009-10-27,0.5038535071103264
2009-10-28,0.08232215233590628
2009-10-29,1.5523878915463858
2009-10-30,0.41948374025346347
2009-10-31,0.0
2009-11-01,0.0
2009-11-02,0.0
2009-11-03,0.0
2009-11-04,0.0
2009-11-05,0.0351913076303165
2009-11-06,0.04021863729179028
2009-11-07,0.13730028588084
2009-11-08,15.819315825958974
2009-11-09,9.909226816924926
2009-11-10,0.0
2009-11-11,0.0
2009-11-12,0.027335854688336568
2009-11-13,0.0
2009-11-14,0.00011961956122477588
2009-11-15,0.32953699460921904
2009-11-16,2.9182226281804113
2009-11-17,0.012323042615402681
2009-11-18,0.3509029125957874
2009-11-19,0.6038357151032371
2009-11-20,41.064770998159865
2009-11-21,7.505427036118475
2009-11-22,0.0
2009-11-23,0.0
2009-11-24,0.21827901336493963
2009-11-25,0.0
2009-11-26,0.0
2009-11-27,0.2157992558890629
2009-11-28,0.007142585516222161
2009-11-29,1.874924088099178
2009-11-30,3.899579000471156
2009-12-01,18.87527594220002
2009-12-02,2.6004507133503516
2009-12-03,0.0
2009-12-04,0.024521424915651253
2009-12-05,0.05402545371353663
2009-12-06,0.8180199080821569
2009-12-07,0.8291541969171998
2009-12-08,1.6175236695014348
2009-12-09,0.0035712927581110806
2009-12-10,0.0
2009-12-11,0.8997584990022437
2009-12-12,4.169281778604551
2009-12-13,0.09537364941755848
2009-12-14,0.1277128926986471
2009-12-15,0.4425898345164026
2009-12-16,0.06709007814565196
2009-12-17,11.41370600310042
2009-12-18,0.012724256346723892
2009-12-19,0.007142585516222161
2009-12-20,0.0
2009-12-21,0.0
2009-12-22,0.0768244409744127
2009-12-23,0.3010290703534094
2009-12-24,5.902906449176197
2009-12-25,0.0
2009-12-26,0.0
2009-12-27,0.0
2009-12-28,0.024341018987073918
2009-12-29,8.937564521882704
2009-12-30,1.4016554017078
2009-12-31,1.292167710083245
2010-01-01,0.7904669309908764
2010-01-02,0.0
2010-01-03,0.04345785354680421
2010-01-04,0.0015236299443557597
2010-01-05,0.0
2010-01-06,0.010713878274333241
2010-01-07,0.13943521139972503
2010-01-08,0.0
2010-01-09,0.0
2010-01-10,0.0
2010-01-11,0.0
2010-01-12,0.0
2010-01-13,0.79798509821177
2010-01-14,3.845285621431677
2010-01-15,53.03538192804365
2010-01-16,12.033312423589528
2010-01-17,0.0036798763672677383
2010-01-18,0.015328481409932334
2010-01-19,0.0
2010-01-20,1.0720183133576322
2010-01-21,0.41462107235533263
2010-01-22,0.690905111227784
2010-01-23,0.0
2010-01-24,0.0
2010-01-25,0.0
2010-01-26,0.01645627829560502
2010-01-27,0.4026875211355049
2010-01-28,10.017380236972448
2010-01-29,34.08696082253908
2010-01-30,0.0
2010-01-31,0.0
2010-02-01,0.06110748207135927
2010-02-02,1.0180958383096106
2010-02-03,31.171028875283888
2010-02-04,17.188991333126076
2010-02-05,0.2844807882169471
2010-02-06,0.0
2010-02-07,0.6453504336472665
2010-02-08,6.871686049765364
2010-02-09,0.13524643839251987
2010-02-10,0.6681045341673967
2010-02-11,8.738091001560575
2010-02-12,3.9732733631540946
2010-02-13,0.014714139592894257
2010-02-14,0.7632284274877739
2010-02-15,0.0971072107570438
2010-02-16,0.0
2010-02-17,0.0
2010-02-18,0.0
2010-02-19,0.046092416467789624
2010-02-20,0.2378084654852992
2010-02-21,0.30428552714333873
2010-02-22,0.0
2010-02-23,10.821863717349393
2010-02-24,0.14664587348188549
2010-02-25,0.008993669214128261
2010-02-26,0.0
2010-02-27,0.0037704972461053386
2010-02-28,0.008797826907579125
2010-03-01,15.020438909566606
2010-03-02,0.3572060801912481
2010-03-03,0.0
2010-03-04,0.0
2010-03-05,0.03784110389377147
2010-03-06,0.0956677096498876
2010-03-07,2.6488450147711733
2010-03-08,3.0718741307633843
2010-03-09,2.971781850282598
2010-03-10,0.07758897441241439
2010-03-11,0.007275984280715818
2010-03-12,0.0
2010-03-13,0.0
2010-03-14,0.020376116174882455
2010-03-15,0.2496131700577964
2010-03-16,16.50982349324375
2010-03-17,0.6666961293627232
2010-03-18,0.0
2010-03-19,0.14378900816486195
2010-03-20,16.21219373727255
2010-03-21,0.0
2010-03-22,0.0
2010-03-23,0.0032813675195112755
2010-03-24,4.106017306667784
2010-03-25,2.383749389146491
2010-03-26,0.002646615771892243
2010-03-27,0.0
2010-03-28,0.0
2010-03-29,0.0
2010-03-30,0.0
2010-03-31,0.0
2010-04-01,0.0
2010-04-02,0.34489814039300826
2010-04-03,0.0
2010-04-04,0.3972149589914867
2010-04-05,0.10976305319241825
2010-04-06,0.01524040760312458
2010-04-07,2.151856057358895
2010-04-08,0.0
2010-04-09,0.015200565797916695
2010-04-10,0.0
2010-04-11,0.11870981256121814
2010-04-12,0.1714921420477543
2010-04-13,0.11445562876215185
2010-04-14,2.309538598105976
2010-04-15,17.44858391292007
2010-04-16,6.480786272209285
2010-04-17,11.134250844145798
2010-04-18,2.5948770455508607
2010-04-19,0.011039951250848569
2010-04-20,0.043980034916958864
2010-04-21,0.0012568324153684463
2010-04-22,0.6203050169016765
2010-04-23,0.7008421428899575
2010-04-24,5.010597680341206
2010-04-25,0.0
2010-04-26,0.0
2010-04-27,0.0
2010-04-28,0.0
2010-04-29,0.0
2010-04-30,0.08918991587116581
2010-05-01,0.1705934818773227
2010-05-02,0.06716760776394629
2010-05-03,0.0
2010-05-04,0.0
2010-05-05,0.0
2010-05-06,0.0
2010-05-07,0.0
2010-05-08,0.0
2010-05-09,0.28977220913287177
2010-05-10,0.06922943007553069
2010-05-11,0.0
2010-05-12,0.0
2010-05-13,0.3731471253999515
2010-05-14,34.13946353968881
2010-05-15,31.74837864340658
2010-05-16,0.5499585865642691
2010-05-17,6.426837999206179
2010-05-18,17.477731840041614
2010-05-19,0.0665136291680308
2010-05-20,0.13787482672928097
2010-05-21,0.15578467297956475
2010-05-22,0.05147356354898545
2010-05-23,0.07739186757639208
2010-05-24,0.8701367992785687
2010-05-25,3.1795481516181336
2010-05-26,0.22719373403633972
2010-05-27,0.0027365179704275625
2010-05-28,0.10813050661709836
2010-05-29,0.0
2010-05-30,0.0
2010-05-31,0.05406405169446464
2010-06-01,0.0186346267719648
2010-06-02,2.187424255421482
2010-06-03,18.637907973240008
2010-06-04,0.0001333987644936567
2010-06-05,0.0
2010-06-06,0.014285171032444323
2010-06-07,0.020750374752500075
2010-06-08,4.52088705978326
2010-06-09,18.746021330317824
2010-06-10,0.03561128714628398
2010-06-11,0.12885219860006683
2010-06-12,0.2026325736842455
2010-06-13,0.19217990421746536
2010-06-14,0.05150731922707548
2010-06-15,0.06878377582428659
2010-06-16,0.5131704424678734
2010-06-17,0.30563672434219397
2010-06-18,0.18749340544954352
2010-06-19,0.008874049652903485
2010-06-20,0.03333630610413748
2010-06-21,0.0035712927581110806
2010-06-22,0.0
2010-06-23,0.011067522257271633
2010-06-24,0.3587484104518489
2010-06-25,0.05778832768129162
2010-06-26,0.1393749278860286
2010-06-27,0.11094641605911074
2010-06-28,4.156644086732837
2010-06-29,17.65235239098587
2010-06-30,9.162474023761755
2010-07-01,15.018658306372782
2010-07-02,30.019394213068434
2010-07-03,6.4024627961130385
2010-07-04,1.0109935105483976
2010-07-05,0.05375436802744884
2010-07-06,0.0
2010-07-07,0.24187962459945223
2010-07-08,12.559788425603474
2010-07-09,12.242242174817692
2010-07-10,0.5976435154510699
2010-07-11,0.017135547037611783
2010-07-12,0.0
2010-07-13,0.0
2010-07-14,0.01482071460993982
2010-07-15,0.0
2010-07-16,0.0
2010-07-17,0.0
2010-07-18,1.0891009765872781
2010-07-19,2.2578192090299627
2010-07-20,0.0
2010-07-21,0.2627798933194618
2010-07-22,0.5081766470388973
2010-07-23,1.7213250027661826
2010-07-24,0.25632144090078146
2010-07-25,0.053758880710564304
2010-07-26,2.6609872894199422
2010-07-27,1.0246111266259013
2010-07-28,7.1480163910718835
2010-07-29,0.5727635328956919
2010-07-30,0.0
2010-07-31,0.0
2010-08-01,0.0
2010-08-02,0.0
2010-08-03,0.0
2010-08-04,0.0
2010-08-05,0.0
2010-08-06,0.002471700014404286
2010-08-07,0.11286487601217284
2010-08-08,0.04037997536882988
2010-08-09,0.0
2010-08-10,0.0
2010-08-11,2.293773873443445
2010-08-12,0.13042766025906796
2010-08-13,0.0
2010-08-14,0.025469238357217136
2010-08-15,0.0
2010-08-16,0.016424528729059886
2010-08-17,0.36989193764276623
2010-08-18,0.12568158243216848
2010-08-19,0.3554570206798733
2010-08-20,0.0
2010-08-21,0.0
2010-08-22,0.0
2010-08-23,0.15809338619817528
2010-08-24,1.7021340963583373
2010-08-25,0.2611158694834896
2010-08-26,0.010948986402097094
2010-08-27,0.0
2010-08-28,0.0
2010-08-29,0.0
2010-08-30,0.2631908513697148
2010-08-31,0.3835528197239756
2010-09-01,0.0675362668487926
2010-09-02,4.177196500720197
2010-09-03,21.820963595577776
2010-09-04,0.0
2010-09-05,0.056925680686753036
2010-09-06,1.7443658620850617
2010-09-07,78.79359669045715
2010-09-08,87.40242458104633
2010-09-09,6.58817318245087
2010-09-10,6.841294926068906e-05
2010-09-11,0.004507462647988114
2010-09-12,0.0
2010-09-13,0.3788092777543966
2010-09-14,0.06328389786499053
2010-09-15,0.04110146861578963
2010-09-16,0.0
2010-09-17,9.154480482428974
2010-09-18,10.530524157516345
2010-09-19,8.275927446826422
2010-09-20,6.107536041698695
2010-09-21,5.537214727850358
2010-09-22,2.6187879652739783
2010-09-23,1.3859473134398654
2010-09-24,0.8010891083808861
2010-09-25,1.203567882626394
2010-09-26,7.593235253485141
2010-09-27,0.0
2010-09-28,0.0
2010-09-29,0.0
2010-09-30,0.0
2010-10-01,0.0035712927581110806
2010-10-02,0.0
2010-10-03,0.0
2010-10-04,0.0
2010-10-05,0.0
2010-10-06,0.0
2010-10-07,0.0
2010-10-08,0.0
2010-10-09,0.0
2010-10-10,0.0
2010-10-11,0.09096649170349096
2010-10-12,0.6063244986669113
2010-10-13,0.0
2010-10-14,0.0
2010-10-15,0.0
2010-10-16,0.0
2010-10-17,0.0
2010-10-18,0.0
2010-10-19,0.0
2010-10-20,0.0
2010-10-21,0.0
2010-10-22,0.4347516910174964
2010-10-23,0.599736678606655
2010-10-24,0.0
2010-10-25,0.0
2010-10-26,0.08470371480515959
2010-10-27,0.0
2010-10-28,0.0
2010-10-29,0.0
2010-10-30,0.0
2010-10-31,0.0
2010-11-01,1.617412545586746
2010-11-02,8.43075286417907
2010-11-03,2.415260799362399
2010-11-04,0.0
2010-11-05,0.0
2010-11-06,0.0
2010-11-07,0.0
2010-11-08,0.0
2010-11-09,0.0
2010-11-10,0.0
2010-11-11,0.38663784104584853
2010-11-12,0.49796397714748786
2010-11-13,0.14005192489595536
2010-11-14,0.0
2010-11-15,0.014837559795924216
2010-11-16,0.0
2010-11-17,0.0
2010-11-18,0.0
2010-11-19,0.0
2010-11-20,0.0
2010-11-21,0.07069896300350734
2010-11-22,0.01984650892844432
2010-11-23,0.12319959229892505
2010-11-24,0.09156138877361818
2010-11-25,0.29422648584224964
2010-11-26,0.23682122335422198
2010-11-27,0.0
2010-11-28,0.15251203308299663
2010-11-29,0.06691836615242196
2010-11-30,0.0
2010-12-01,0.0
2010-12-02,0.0
2010-12-03,0.0
2010-12-04,0.007142585516222161
2010-12-05,0.0860557312370816
2010-12-06,0.011558814944856739
2010-12-07,0.0
2010-12-08,0.0035712927581110806
2010-12-09,0.0
2010-12-10,0.0
2010-12-11,0.0035712927581110806
2010-12-12,0.0
2010-12-13,0.0
2010-12-14,0.0039249367410494704
2010-12-15,0.0
2010-12-16,0.0
2010-12-17,0.0
2010-12-18,0.0
2010-12-19,0.0
2010-12-20,0.0
2010-12-21,0.004493296992211404
2010-12-22,0.015908686211091396
2010-12-23,0.6395475775883398
2010-12-24,18.144083739407733
2010-12-25,0.015650943003729195
2010-12-26,0.037770483704254
2010-12-27,0.006625360578133339
2010-12-28,2.7185140352176838
2010-12-29,6.320886894457001
2010-12-30,0.19962690977543576
2010-12-31,0.013887395076084327
2011-01-01,0.0
2011-01-02,0.0
2011-01-03,0.0
2011-01-04,0.9496518557574567
2011-01-05,0.14373993900114967
2011-01-06,0.0
2011-01-07,0.0
2011-01-08,0.07856846724600322
2011-01-09,28.871157599059732
2011-01-10,0.6080337216616685
2011-01-11,0.011143735642515607
2011-01-12,0.0
2011-01-13,0.0
2011-01-14,1.8173822589694686
2011-01-15,11.771469195705203
2011-01-16,12.414336999224453
2011-01-17,0.019544856395863706
2011-01-18,0.011601824902549246
2011-01-19,0.0
2011-01-20,0.01638729425973068
2011-01-21,0.0
2011-01-22,0.0
2011-01-23,0.041411967061864924
2011-01-24,0.00994841591645277
2011-01-25,0.026077747656052273
2011-01-26,0.0
2011-01-27,0.0
2011-01-28,0.01836753702300651
2011-01-29,0.03726400976319159
2011-01-30,0.03835791789825057
2011-01-31,0.27039277851473925
2011-02-01,5.549733041506029
2011-02-02,0.0
2011-02-03,0.0
2011-02-04,2.63182604348358
2011-02-05,0.0
2011-02-06,0.0
2011-02-07,0.0
2011-02-08,0.0
2011-02-09,3.91000243837501
2011-02-10,0.0
2011-02-11,0.0
2011-02-12,0.0
2011-02-13,0.0
2011-02-14,0.09574953466702882
2011-02-15,0.040075095132788806
2011-02-16,0.008874049652903485
2011-02-17,0.17315987130482532
2011-02-18,0.14371718325765434
2011-02-19,0.78694508402235
2011-02-20,0.09483939565334464
2011-02-21,0.002684765291953253
2011-02-22,0.03850166539365331
2011-02-23,0.5271251901612883
2011-02-24,1.918066379776037
2011-02-25,0.0
2011-02-26,0.06136511191452805
2011-02-27,0.026905814447945868
2011-02-28,0.08938093424149911
2011-03-01,0.0
2011-03-02,0.0
2011-03-03,0.0
2011-03-04,0.010090001004355288
2011-03-05,0.7060532152530374
2011-03-06,0.0
2011-03-07,0.0
2011-03-08,0.07123947546806109
2011-03-09,0.0
2011-03-10,0.0
2011-03-11,0.0
2011-03-12,0.0
2011-03-13,0.11430710415411806
2011-03-14,0.15102506419437667
2011-03-15,0.0
2011-03-16,0.21888583407629433
2011-03-17,0.19853736883364828
2011-03-18,0.0035712927581110806
2011-03-19,0.007142585516222161
2011-03-20,0.05950425180101818
2011-03-21,0.05635816632315306
2011-03-22,0.010713878274333241
2011-03-23,0.0035712927581110806
2011-03-24,0.0022128199079158107
2011-03-25,0.1164506747707545
2011-03-26,1.5747210553620679
2011-03-27,1.5372000770989973
2011-03-28,0.20961365092065362
2011-03-29,0.4245512083564512
2011-03-30,0.545400990444778
2011-03-31,0.0
2011-04-01,0.0
2011-04-02,0.13475025234763974
2011-04-03,0.05678971625467664
2011-04-04,0.4434926625654527
2011-04-05,0.0
2011-04-06,0.0
2011-04-07,0.0
2011-04-08,0.0
2011-04-09,0.0
2011-04-10,0.0
2011-04-11,3.7918201816841477
2011-04-12,0.0
2011-04-13,0.0
2011-04-14,0.0
2011-04-15,0.0
2011-04-16,0.0
2011-04-17,0.0
2011-04-18,0.032272076926459795
2011-04-19,0.0
2011-04-20,0.023385632742043194
2011-04-21,0.1275214373603505
2011-04-22,0.15088918828605746
2011-04-23,0.06264099932074174
2011-04-24,0.009682842202037877
2011-04-25,0.5975118961421807
2011-04-26,0.29809796672952865
2011-04-27,0.0
2011-04-28,0.0
2011-04-29,0.0
2011-04-30,0.08399777098449858
2011-05-01,0.04521516569906148
2011-05-02,1.1478764461047917
2011-05-03,0.0
2011-05-04,0.07800143536122184
2011-05-05,0.012378568721900466
2011-05-06,0.0
2011-05-07,0.0
2011-05-08,0.0
2011-05-09,0.0020227740934026218
2011-05-10,0.15092435092912257
2011-05-11,3.3490294639942504
2011-05-12,20.979418722944196
2011-05-13,0.12852190659774446
2011-05-14,0.0
2011-05-15,0.0
2011-05-16,0.0
2011-05-17,0.0
2011-05-18,0.03947828425947602
2011-05-19,0.5245304188488197
2011-05-20,3.4734977640975426
2011-05-21,0.9616705004069912
2011-05-22,0.0
2011-05-23,0.0
2011-05-24,0.0
2011-05-25,0.0
2011-05-26,0.007518296604444428
2011-05-27,0.0
2011-05-28,0.0
2011-05-29,0.0
2011-05-30,0.03839007930253703
2011-05-31,0.07591589962792346
2011-06-01,0.0
2011-06-02,0.0
2011-06-03,0.0
2011-06-04,0.0
2011-06-05,0.0
2011-06-06,0.09050566569215139
2011-06-07,0.009062809148951413
2011-06-08,0.005137872407901944
2011-06-09,0.0
2011-06-10,0.0
2011-06-11,0.0
2011-06-12,0.0
2011-06-13,0.0
2011-06-14,0.0
2011-06-15,0.0
2011-06-16,0.0
2011-06-17,0.0
2011-06-18,0.0
2011-06-19,0.0
2011-06-20,0.0
2011-06-21,0.7672167600040228
2011-06-22,29.57822568684766
2011-06-23,0.17933362283840576
2011-06-24,0.0
2011-06-25,0.008709165166013024
2011-06-26,0.0
2011-06-27,0.0
2011-06-28,0.0
2011-06-29,0.0
2011-06-30,0.0
2011-07-01,0.01392219025050745
2011-07-02,0.027168163272720133
2011-07-03,0.001566579649790863
2011-07-04,0.0
2011-07-05,0.0
2011-07-06,0.0
2011-07-07,0.06531673221626128
2011-07-08,0.03281143331966069
2011-07-09,0.001566579649790863
2011-07-10,1.7538869612634245
2011-07-11,0.16822180342692547
2011-07-12,0.001566579649790863
2011-07-13,0.004699738949372589
2011-07-14,0.0
2011-07-15,0.0
2011-07-16,0.003133159299581726
2011-07-17,0.0
2011-07-18,0.11014784325723898
2011-07-19,8.061095789258987
2011-07-20,1.3812509407289386
2011-07-21,0.025241440034944242
2011-07-22,0.001566579649790863
2011-07-23,0.822340888425741
2011-07-24,0.0
2011-07-25,0.0
2011-07-26,0.0
2011-07-27,0.0
2011-07-28,0.0
2011-07-29,0.10524993624157819
2011-07-30,0.34559529821338264
2011-07-31,0.0
2011-08-01,0.001566579649790863
2011-08-02,0.0
2011-08-03,0.0
2011-08-04,0.0
2011-08-05,0.0
2011-08-06,0.0
2011-08-07,0.0
2011-08-08,0.0
2011-08-09,0.0
2011-08-10,0.0
2011-08-11,0.06938215480954359
2011-08-12,0.05546895035791795
2011-08-13,0.0933987676620584
2011-08-14,0.0
2011-08-15,0.0
2011-08-16,0.0
2011-08-17,0.0
2011-08-18,0.0
2011-08-19,0.005757905460988406
2011-08-20,0.0
2011-08-21,0.0
2011-08-22,0.0
2011-08-23,0.0
2011-08-24,0.0
2011-08-25,0.3474982452241745
2011-08-26,0.005757905460988406
2011-08-27,0.0
2011-08-28,0.0
2011-08-29,0.0
2011-08-30,0.0
2011-08-31,0.0
2011-09-01,0.0
2011-09-02,0.0
2011-09-03,0.0
2011-09-04,0.0
2011-09-05,0.0
2011-09-06,0.0
2011-09-07,0.0
2011-09-08,0.0
2011-09-09,0.0
2011-09-10,0.0
2011-09-11,0.0
2011-09-12,0.0
2011-09-13,0.0
2011-09-14,0.05274978253387346
2011-09-15,0.0660203354111732
2011-09-16,4.701389135013604
2011-09-17,6.672981538222558
2011-09-18,2.742545901851259
2011-09-19,7.469197439309856
2011-09-20,0.021486641990913123
2011-09-21,0.001507657880000035
2011-09-22,0.40148939876664763
2011-09-23,0.008995816260084789
2011-09-24,0.0
2011-09-25,0.0
2011-09-26,0.44769442277692667
2011-09-27,2.865070263877164
2011-09-28,2.8186109526649066
2011-09-29,6.949324925073018
2011-09-30,0.8885600681994379
2011-10-01,0.0
2011-10-02,0.0
2011-10-03,0.0
2011-10-04,0.0
2011-10-05,0.0
2011-10-06,0.007240149569389596
2011-10-07,2.112270550805285
2011-10-08,6.43317298203364
2011-10-09,54.21695662347105
2011-10-10,1.3605327165977965
2011-10-11,0.0
2011-10-12,0.2991049728094408
2011-10-13,0.002656580997414783
2011-10-14,0.0
2011-10-15,0.0
2011-10-16,0.0
2011-10-17,0.0
2011-10-18,0.0
2011-10-19,0.0
2011-10-20,0.0
2011-10-21,0.0
2011-10-22,0.0
2011-10-23,0.0
2011-10-24,0.0
2011-10-25,0.0
2011-10-26,0.0
2011-10-27,0.0
2011-10-28,0.023430804107475015
2011-10-29,0.0
2011-10-30,0.0
2011-10-31,0.0
2011-11-01,0.0
2011-11-02,0.0
2011-11-03,0.009954055283746092
2011-11-04,0.0
2011-11-05,0.0
2011-11-06,0.31029935680902077
2011-11-07,1.0027907572832113
2011-11-08,1.69024284842752
2011-11-09,0.11978466664433778
2011-11-10,0.0
2011-11-11,0.0
2011-11-12,0.0
2011-11-13,0.0
2011-11-14,0.02380698160589491
2011-11-15,14.43841535773085
2011-11-16,0.08053244202438806
2011-11-17,0.0022128199079158107
2011-11-18,0.0
2011-11-19,0.0
2011-11-20,0.07566548747314492
2011-11-21,1.334782443484526
2011-11-22,14.448249030456132
2011-11-23,0.619275187975476
2011-11-24,0.0022128199079158107
2011-11-25,0.01802267118426251
2011-11-26,30.603938397173017
2011-11-27,0.1799402543892009
2011-11-28,0.026553838894989728
2011-11-29,0.008851279631663243
2011-11-30,0.0
2011-12-01,0.20345398675432613
2011-12-02,13.05788843927884
2011-12-03,8.93114783644361
2011-12-04,11.02822078901665
2011-12-05,15.472086124078162
2011-12-06,0.3817829561878612
2011-12-07,0.018920551946885734
2011-12-08,0.061491793827378634
2011-12-09,0.018920551946885734
2011-12-10,1.2080890036572698
2011-12-11,12.904332837972772
2011-12-12,1.211876709414065
2011-12-13,0.9238118691947144
2011-12-14,3.674501739853458
2011-12-15,4.989869564801671
2011-12-16,4.573905877218302
2011-12-17,0.0736898246232833
2011-12-18,1.6716015605731835
2011-12-19,3.927248424911278
2011-12-20,0.6969115447868748
2011-12-21,0.24461670951835265
2011-12-22,20.099368964742137
2011-12-23,0.0022128199079158107
2011-12-24,1.8344816297339601
2011-12-25,0.6287576284483024
2011-12-26,0.4631263003641207
2011-12-27,0.0
2011-12-28,0.0
2011-12-29,0.0
2011-12-30,0.0
2011-12-31,0.0
2012-01-01,0.0
2012-01-02,0.0
2012-01-03,0.0
2012-01-04,0.0
2012-01-05,0.0
2012-01-06,0.0035712927581110806
2012-01-07,0.17343892354079363
2012-01-08,0.37171791446959157
2012-01-09,6.215014472806786
2012-01-10,0.368313584318782
2012-01-11,0.0
2012-01-12,0.0
2012-01-13,0.0
2012-01-14,0.0
2012-01-15,0.0032813675195112755
2012-01-16,0.06112963501988194
2012-01-17,0.0023462186724094673
2012-01-18,0.0
2012-01-19,0.0
2012-01-20,0.004425639815831621
2012-01-21,0.0
2012-01-22,0.007996932573942702
2012-01-23,0.08953014578380401
2012-01-24,3.549292575048912
2012-01-25,68.09758251935416
2012-01-26,0.047954811889494485
2012-01-27,0.0
2012-01-28,0.0
2012-01-29,0.0
2012-01-30,1.1976169126409297
2012-01-31,5.488848659961575
2012-02-01,0.17330797810263304
2012-02-02,0.7382312551118404
2012-02-03,0.7516664902606222
2012-02-04,7.0144683045898715
2012-02-05,1.8499971144019718
2012-02-06,0.06655796154569986
2012-02-07,0.024237621091382573
2012-02-08,0.0010051052533333567
2012-02-09,0.0
2012-02-10,3.863504423302798
2012-02-11,0.0
2012-02-12,1.709618392714195
2012-02-13,5.077512728956579
2012-02-14,0.30977611637329994
2012-02-15,0.5325107187975385
2012-02-16,0.5453649502202811
2012-02-17,11.411790758103143
2012-02-18,40.26631581493655
2012-02-19,0.018007882071787707
2012-02-20,0.010243352052353974
2012-02-21,0.010638897295809784
2012-02-22,0.0
2012-02-23,0.025768748179036353
2012-02-24,0.005767190249236798
2012-02-25,0.0
2012-02-26,0.0
2012-02-27,0.625287879168495
2012-02-28,1.4656841582783025
2012-02-29,0.5907754728260326
2012-03-01,0.04799575313032423
2012-03-02,0.037493789547831745
2012-03-03,0.03217384022256186
2012-03-04,0.0
2012-03-05,0.0
2012-03-06,0.06179265567948443
2012-03-07,0.1925528713532053
2012-03-08,0.6665648577764736
2012-03-09,19.69111048957264
2012-03-10,21.89627884814256
2012-03-11,8.675940781180715
2012-03-12,0.009844102558533827
2012-03-13,0.03760372891681785
2012-03-14,0.08900787477711483
2012-03-15,0.05925820195951878
2012-03-16,0.06167113459039933
2012-03-17,0.008176281682793586
2012-03-18,1.196649923312793
2012-03-19,2.437755671326039
2012-03-20,53.552868463432624
2012-03-21,0.04114725862168003
2012-03-22,0.0
2012-03-23,0.0
2012-03-24,0.055570646802538495
2012-03-25,0.0
2012-03-26,0.0
2012-03-27,0.5648560874920019
2012-03-28,4.515304056068618
2012-03-29,6.525320667884789
2012-03-30,0.0021232846187359575
2012-03-31,0.0033004765554027157
2012-04-01,0.0
2012-04-02,0.0924114395167688
2012-04-03,0.9092571081242967
2012-04-04,0.0001502439504780527
2012-04-05,0.0
2012-04-06,0.0
2012-04-07,0.0
2012-04-08,0.0
2012-04-09,0.0
2012-04-10,0.0
2012-04-11,0.0
2012-04-12,0.8319748791395459
2012-04-13,0.22013656043018176
2012-04-14,0.1137793598505649
2012-04-15,2.233243366134111
2012-04-16,0.11543046466596224
2012-04-17,0.0
2012-04-18,0.0
2012-04-19,0.0
2012-04-20,3.263235297815757
2012-04-21,0.0
2012-04-22,0.0
2012-04-23,0.0
2012-04-24,0.0
2012-04-25,0.0
2012-04-26,0.0
2012-04-27,0.051186151103656694
2012-04-28,0.0
2012-04-29,0.0001502439504780527
2012-04-30,0.06577414872124154
2012-05-01,0.1587602134025191
2012-05-02,0.013825156569052909
2012-05-03,0.02339830401317142
2012-05-04,0.2369983852557064
2012-05-05,0.9518709818558044
2012-05-06,28.09076513297416
2012-05-07,0.7921614482821971
2012-05-08,20.183811343048543
2012-05-09,4.537730392833972
2012-05-10,21.96639391642735
2012-05-11,41.73885328904584
2012-05-12,1.3861250442284894
2012-05-13,0.00010051052533333567
2012-05-14,1.0552706248365313
2012-05-15,28.188130023119044
2012-05-16,1.6270806107082143
2012-05-17,0.0
2012-05-18,0.0
2012-05-19,0.0
2012-05-20,0.009053058657582675
2012-05-21,0.0
2012-05-22,0.0
2012-05-23,0.0
2012-05-24,0.0
2012-05-25,0.0
2012-05-26,0.0
2012-05-27,0.0
2012-05-28,0.0
2012-05-29,0.0
2012-05-30,0.0
2012-05-31,0.5809087319394018
2012-06-01,0.004768356058504314
2012-06-02,0.0
2012-06-03,0.0
2012-06-04,0.010508721151934172
2012-06-05,0.0
2012-06-06,0.04190353415339183
2012-06-07,0.3277275099513524
2012-06-08,0.7822353064331278
2012-06-09,0.0
2012-06-10,0.0
2012-06-11,0.0
2012-06-12,0.00022013008655811156
2012-06-13,0.02795923803006013
2012-06-14,0.03808825818998228
2012-06-15,1.9109035891440207e-05
2012-06-16,0.0
2012-06-17,0.606652361771841
2012-06-18,7.915129636906573
2012-06-19,0.060694920955202375
2012-06-20,2.242407606588192
2012-06-21,0.1113716537262926
2012-06-22,0.0
2012-06-23,0.0
2012-06-24,0.0
2012-06-25,0.0
2012-06-26,0.01671312597220492
2012-06-27,0.04766703334331257
2012-06-28,0.0
2012-06-29,0.10281054069579741
2012-06-30,0.2584328854380169
2012-07-01,4.0387926021584635
2012-07-02,5.635764896015523
2012-07-03,0.03139902920475132
2012-07-04,0.013934187143781992
2012-07-05,0.0
2012-07-06,0.0
2012-07-07,0.005757209789676303
2012-07-08,1.8534940145596899
2012-07-09,7.784285367771829
2012-07-10,15.37561441990561
2012-07-11,24.69565838609294
2012-07-12,1.697642294370916
2012-07-13,2.246939673552084
2012-07-14,3.628372724799051
2012-07-15,13.468445528432893
2012-07-16,12.396409260305356
2012-07-17,0.0990438065961164
2012-07-18,0.07402889334695195
2012-07-19,0.0
2012-07-20,0.0
2012-07-21,0.0
2012-07-22,0.0036798763672677383
2012-07-23,0.12543332098334073
2012-07-24,0.19495889881805767
2012-07-25,0.0
2012-07-26,0.0
2012-07-27,0.11558357564963292
2012-07-28,0.035248608413851426
2012-07-29,0.0
2012-07-30,0.0
2012-07-31,0.0039249367410494704
2012-08-01,0.0
2012-08-02,0.0
2012-08-03,0.0
2012-08-04,0.0
2012-08-05,0.0547878138365017
2012-08-06,0.0
2012-08-07,0.0
2012-08-08,0.0
2012-08-09,0.0042083511656890345
2012-08-10,4.409331816669422
2012-08-11,0.1882744712179139
2012-08-12,0.0
2012-08-13,0.2111956592401148
2012-08-14,0.9089407049656895
2012-08-15,0.0
2012-08-16,0.0
2012-08-17,0.0
2012-08-18,1.0441331285105855
2012-08-19,12.750307029953822
2012-08-20,0.035594879591872346
2012-08-21,1.0742524690587678
2012-08-22,2.0996265869146766
2012-08-23,0.0039249367410494704
2012-08-24,0.0035712927581110806
2012-08-25,0.08225269660124401
2012-08-26,0.1877282283179906
2012-08-27,0.004442260455516027
2012-08-28,0.002666600569360724
2012-08-29,0.00010051052533333567
2012-08-30,0.0
2012-08-31,0.0
2012-09-01,0.0509535485882725
2012-09-02,0.0
2012-09-03,0.0
2012-09-04,0.0
2012-09-05,0.0039249367410494704
2012-09-06,0.0
2012-09-07,0.0
2012-09-08,0.0
2012-09-09,0.0
2012-09-10,0.0
2012-09-11,0.0022128199079158107
2012-09-12,0.6232731562887837
2012-09-13,22.902520765623603
2012-09-14,41.3040541298093
2012-09-15,0.3074740611827189
2012-09-16,35.136281103257865
2012-09-17,1.93659174553273
2012-09-18,0.004526150341164957
2012-09-19,0.0
2012-09-20,0.0
2012-09-21,0.0
2012-09-22,0.0
2012-09-23,0.0
2012-09-24,0.0
2012-09-25,0.0
2012-09-26,0.05781429110694853
2012-09-27,4.515367161452395
2012-09-28,7.029044263758903
2012-09-29,50.702553000256174
2012-09-30,0.6468469528896106
2012-10-01,3.9097467832624853
2012-10-02,0.05199456902064484
2012-10-03,0.0
2012-10-04,0.0
2012-10-05,0.0
2012-10-06,0.0
2012-10-07,0.0
2012-10-08,0.0
2012-10-09,1.6845185984396e-05
2012-10-10,0.05611949626461248
2012-10-11,3.914434083870532
2012-10-12,0.5581658032431941
2012-10-13,2.7853870399805527
2012-10-14,5.714466517539561
2012-10-15,0.5257266120094798
2012-10-16,1.2660975124013345
2012-10-17,0.3460864964308066
2012-10-18,0.0
2012-10-19,0.0
2012-10-20,0.0
2012-10-21,0.0
2012-10-22,0.022105703905231897
2012-10-23,0.0
2012-10-24,0.0
2012-10-25,0.012367607493991128
2012-10-26,1.5245284951668372
2012-10-27,0.0
2012-10-28,0.0
2012-10-29,0.0
2012-10-30,0.0
2012-10-31,0.0
2012-11-01,0.0
2012-11-02,0.0
2012-11-03,0.00010051052533333567
2012-11-04,0.04770360881951464
2012-11-05,0.009682842202037877
2012-11-06,0.0039249367410494704
2012-11-07,0.0
2012-11-08,0.0
2012-11-09,0.0
2012-11-10,0.0
2012-11-11,0.0
2012-11-12,0.0
2012-11-13,0.0
2012-11-14,0.0
2012-11-15,0.0
2012-11-16,0.0
2012-11-17,0.0
2012-11-18,0.0
2012-11-19,0.00010051052533333567
2012-11-20,0.0
2012-11-21,0.0
2012-11-22,0.0
2012-11-23,0.0
2012-11-24,0.0
2012-11-25,0.0039249367410494704
2012-11-26,0.06374285530870331
2012-11-27,0.4949675722215036
2012-11-28,0.0
2012-11-29,0.0
2012-11-30,0.035515861480274254
2012-12-01,0.07020680534017157
2012-12-02,0.013795024227344375
2012-12-03,0.05283697461241516
2012-12-04,0.3328742013226724
2012-12-05,0.0
2012-12-06,0.01962468370524735
2012-12-07,0.028370377179032586
2012-12-08,0.010243352052353974
2012-12-09,0.0006669938224682835
2012-12-10,0.08793733877437433
2012-12-11,0.0
2012-12-12,0.0
2012-12-13,0.0
2012-12-14,0.518234246435541
2012-12-15,0.8892590106365014
2012-12-16,2.1264438338420018
2012-12-17,0.0
2012-12-18,0.0
2012-12-19,0.0
2012-12-20,0.0
2012-12-21,0.0
2012-12-22,0.0
2012-12-23,0.08254930890440754
2012-12-24,0.09042580723369527
2012-12-25,0.04930491999228414
2012-12-26,0.0
2012-12-27,0.025309735073272773
2012-12-28,0.14354624176711595
2012-12-29,0.0
2012-12-30,0.0
2012-12-31,4.296685087432606
2013-01-01,3.717347809977184
2013-01-02,0.0
2013-01-03,0.3095890427378483
2013-01-04,5.61346821676735
2013-01-05,1.2913576621155018
2013-01-06,0.04389308219277003
2013-01-07,0.08455259983399971
2013-01-08,12.527171589751832
2013-01-09,56.16908464984623
2013-01-10,0.079670995137048
2013-01-11,0.10193162663209086
2013-01-12,0.5983347373171083
2013-01-13,0.18220081421060183
2013-01-14,0.0001333987644936567
2013-01-15,0.5519281481746849
2013-01-16,0.0
2013-01-17,0.0
2013-01-18,0.0
2013-01-19,0.0
2013-01-20,0.0
2013-01-21,0.0
2013-01-22,0.0
2013-01-23,0.0
2013-01-24,0.0
2013-01-25,0.0
2013-01-26,0.17059284155799062
2013-01-27,0.05965696613172192
2013-01-28,0.35895290191315027
2013-01-29,0.3084282893597728
2013-01-30,0.009327634590141142
2013-01-31,0.0
2013-02-01,0.005369530583906506
2013-02-02,0.0
2013-02-03,0.0
2013-02-04,0.30704969339156507
2013-02-05,0.0
2013-02-06,0.9299247845583597
2013-02-07,0.000890245904433491
2013-02-08,0.00778968168559887
2013-02-09,1.1317411434626923
2013-02-10,2.1200115031792297
2013-02-11,2.9257112522375355
2013-02-12,0.9739112121812924
2013-02-13,0.0
2013-02-14,0.0
2013-02-15,0.0
2013-02-16,0.0009907564297668267
2013-02-17,0.0
2013-02-18,0.0
2013-02-19,0.0
2013-02-20,0.4180823361282081
2013-02-21,0.5982154976041737
2013-02-22,0.0
2013-02-23,0.0
2013-02-24,0.0
2013-02-25,0.13006032268716872
2013-02-26,0.0
2013-02-27,0.0
2013-02-28,0.0
2013-03-01,0.0
2013-03-02,0.0
2013-03-03,0.0
2013-03-04,0.0
2013-03-05,0.0
2013-03-06,0.0
2013-03-07,0.0
2013-03-08,1.6315218147931718
2013-03-09,1.1304102250924377
2013-03-10,16.78114934731591
2013-03-11,0.0
2013-03-12,0.0
2013-03-13,0.0
2013-03-14,0.0
2013-03-15,0.0
2013-03-16,0.0
2013-03-17,0.0
2013-03-18,0.0
2013-03-19,0.002659306444177806
2013-03-20,4.952511223360119
2013-03-21,6.841294926068906e-05
2013-03-22,0.00267620446390388
2013-03-23,0.0967972449574997
2013-03-24,0.09707695103999985
2013-03-25,0.0
2013-03-26,0.0
2013-03-27,0.0
2013-03-28,0.02738793748496492
2013-03-29,0.05065901714689338
2013-03-30,0.0721000956226786
2013-03-31,2.889388186790538
2013-04-01,0.0608942703215926
2013-04-02,5.852128410226576
2013-04-03,26.037383589522342
2013-04-04,0.03695023861282353
2013-04-05,0.06756542494233213
2013-04-06,0.0
2013-04-07,0.0
2013-04-08,0.00506894332120541
2013-04-09,0.002684765291953253
2013-04-10,2.4629962810928743
2013-04-11,0.8334060818312594
2013-04-12,0.004425639815831621
2013-04-13,0.0
2013-04-14,0.0
2013-04-15,0.0
2013-04-16,0.0
2013-04-17,0.313667358865047
2013-04-18,4.549697316678569
2013-04-19,0.03170056078075133
2013-04-20,0.02378641107603994
2013-04-21,0.0
2013-04-22,0.0
2013-04-23,0.08016747144874302
2013-04-24,0.07283651819206036
2013-04-25,0.025178610028789503
2013-04-26,0.5469223916119984
2013-04-27,2.1594245681865454
2013-04-28,2.188635486591615
2013-04-29,2.153829951773705
2013-04-30,3.8716014255017175
2013-05-01,0.151475017177004
2013-05-02,8.79368535680341
2013-05-03,0.012378568721900466
2013-05-04,0.0
2013-05-05,0.0
2013-05-06,0.04451617892187727
2013-05-07,0.0
2013-05-08,0.00011961956122477588
2013-05-09,1.9251687439140575
2013-05-10,38.63973717984806
2013-05-11,6.185003066831672
2013-05-12,0.0673098137932064
2013-05-13,0.0
2013-05-14,0.009059202695488905
2013-05-15,17.461799263903192
2013-05-16,0.028961410906407463
2013-05-17,0.05724556807877622
2013-05-18,0.08169687815362162
2013-05-19,0.0
2013-05-20,0.0
2013-05-21,0.0566378502689182
2013-05-22,0.1521602923231653
2013-05-23,0.23881375168956123
2013-05-24,31.515673502486912
2013-05-25,44.602384018396705
2013-05-26,3.422047122359584
2013-05-27,0.19735065032307766
2013-05-28,0.03220733675682876
2013-05-29,0.2932322259025174
2013-05-30,0.06761311716577299
2013-05-31,0.03080158242554374
2013-06-01,0.2060108485096368
2013-06-02,24.09259972805878
2013-06-03,0.0
2013-06-04,0.0
2013-06-05,0.0
2013-06-06,0.0
2013-06-07,0.0024655795186940524
2013-06-08,0.0386191912932562
2013-06-09,8.161937010118432
2013-06-10,0.0
2013-06-11,0.3407686398949034
2013-06-12,0.4744114009008212
2013-06-13,4.426030581458697
2013-06-14,0.7226012846809484
2013-06-15,0.3118353919345167
2013-06-16,0.0
2013-06-17,1.9109035891440207e-05
2013-06-18,0.37697532890943325
2013-06-19,0.0584855779433268
2013-06-20,0.0
2013-06-21,0.0
2013-06-22,0.0
2013-06-23,0.002684765291953253
2013-06-24,0.0
2013-06-25,0.0
2013-06-26,0.0
2013-06-27,0.0
2013-06-28,0.0032813675195112755
2013-06-29,0.09600531645360764
2013-06-30,8.159384430794056
2013-07-01,0.009065419469623531
2013-07-02,0.017232570512811487
2013-07-03,0.0
2013-07-04,0.0
2013-07-05,0.0
2013-07-06,0.0
2013-07-07,0.16761318289382232
2013-07-08,3.3147790075371857
2013-07-09,0.12191497742625251
2013-07-10,0.0022128199079158107
2013-07-11,0.0
2013-07-12,0.010212753120780637
2013-07-13,0.0
2013-07-14,3.167681433183432
2013-07-15,14.639364662946676
2013-07-16,10.148242736634336
2013-07-17,13.918955247349228
2013-07-18,4.832717947713745
2013-07-19,0.08751428283181216
2013-07-20,0.009856875257579589
2013-07-21,0.6008486764590556
2013-07-22,0.1327557998173972
2013-07-23,0.0
2013-07-24,0.0
2013-07-25,0.0
2013-07-26,0.2957589308755877
2013-07-27,7.440429786533064
2013-07-28,0.007525276503324958
2013-07-29,0.0
2013-07-30,0.0
2013-07-31,0.0
2013-08-01,0.0
2013-08-02,0.0
2013-08-03,0.0
2013-08-04,0.0
2013-08-05,0.0
2013-08-06,0.0
2013-08-07,0.0
2013-08-08,0.0
2013-08-09,0.0
2013-08-10,0.051143088077496034
2013-08-11,1.1161440172119321
2013-08-12,0.4876265981236133
2013-08-13,0.0
2013-08-14,0.3267980844891324
2013-08-15,3.3150779867902376
2013-08-16,2.617996328827777
2013-08-17,0.0027019181985494896
2013-08-18,0.0
2013-08-19,0.0
2013-08-20,0.0
2013-08-21,0.12366051726341167
2013-08-22,0.01675855789561443
2013-08-23,0.031774874133429554
2013-08-24,0.02757604786088692
2013-08-25,0.17785733947841095
2013-08-26,2.373471847487936
2013-08-27,5.388260062220912
2013-08-28,0.0
2013-08-29,0.0
2013-08-30,0.0
2013-08-31,0.0
2013-09-01,0.0
2013-09-02,3.5971097858571532
2013-09-03,0.7454487160057534
2013-09-04,2.183039952114271
2013-09-05,6.3590658736207235
2013-09-06,0.020144560223706295
2013-09-07,0.2141119858413831
2013-09-08,3.2067544584703063
2013-09-09,2.664309036549379
2013-09-10,4.549995079480505
2013-09-11,0.35020036664948484
2013-09-12,0.0
2013-09-13,0.0
2013-09-14,0.0
2013-09-15,0.04896603663587931
2013-09-16,5.863878663974552
2013-09-17,0.9566595915634237
2013-09-18,0.3668654358419539
2013-09-19,0.8850439859363463
2013-09-20,23.28768607266498
2013-09-21,5.359584083560931
2013-09-22,0.0
2013-09-23,0.0
2013-09-24,0.0
2013-09-25,0.005395431241965521
2013-09-26,0.00950327188232122
2013-09-27,1.5424249578438751
2013-09-28,7.520110641517937
2013-09-29,30.173918253083556
2013-09-30,0.0
2013-10-01,0.021878776525398682
2013-10-02,0.5473160417579401
2013-10-03,0.23398893544649363
2013-10-04,0.0
2013-10-05,0.12300305083204313
2013-10-06,13.91444157944319
2013-10-07,0.0
2013-10-08,0.0
2013-10-09,0.0
2013-10-10,0.0
2013-10-11,0.23038873269782828
2013-10-12,8.276567015564094
2013-10-13,81.04715714634311
2013-10-14,5.120117429119618
2013-10-15,0.08211059253310724
2013-10-16,25.493245010181983
2013-10-17,0.16677108667154486
2013-10-18,0.03222780132361889
2013-10-19,0.1635798681379268
2013-10-20,0.0
2013-10-21,0.6808304455125324
2013-10-22,0.05253932325629077
2013-10-23,0.02908856118261177
2013-10-24,0.0
2013-10-25,0.0
2013-10-26,1.4957189927780457
2013-10-27,5.899193297488426
2013-10-28,0.07157935048875973
2013-10-29,0.1717492008593687
2013-10-30,7.065113641631536
2013-10-31,97.38413452864079
2013-11-01,0.0
2013-11-02,0.0
2013-11-03,0.0
2013-11-04,1.0392380784928361
2013-11-05,5.919300176949534
2013-11-06,9.186482950084379
2013-11-07,0.0
2013-11-08,0.06604425020212125
2013-11-09,0.544588415061174
2013-11-10,0.02605450564913618
2013-11-11,0.0
2013-11-12,0.07558022248446634
2013-11-13,0.0
2013-11-14,0.015532346719527934
2013-11-15,0.008030532144438165
2013-11-16,0.0
2013-11-17,0.0
2013-11-18,0.0
2013-11-19,0.0
2013-11-20,0.13914297248835064
2013-11-21,1.2341056818020888
2013-11-22,10.651256486965808
2013-11-23,1.8973781549169775
2013-11-24,7.2792141330362945
2013-11-25,26.163021298267147
2013-11-26,0.06282776297815033
2013-11-27,0.0
2013-11-28,0.0
2013-11-29,0.0
2013-11-30,0.003133159299581726
2013-12-01,0.0
2013-12-02,0.0328906170728052
2013-12-03,0.0
2013-12-04,0.0012568324153684463
2013-12-05,0.2479613768505055
2013-12-06,0.3561046074159895
2013-12-07,0.017246873782054892
2013-12-08,0.1765127530145475
2013-12-09,1.0497628127601781
2013-12-10,0.11015978943220796
2013-12-11,0.0
2013-12-12,0.013276919447494864
2013-12-13,1.566037090740386
2013-12-14,0.10390199831254741
2013-12-15,0.0914252618209881
2013-12-16,0.0
2013-12-17,0.0
2013-12-18,0.0
2013-12-19,0.0
2013-12-20,0.11133464713290188
2013-12-21,10.080787982129634
2013-12-22,0.0
2013-12-23,0.0
2013-12-24,0.0
2013-12-25,0.015352527778109474
2013-12-26,0.012839219969237559
2013-12-27,1.9897416756268114
2013-12-28,0.026828064328760913
2013-12-29,0.011440346627153875
2013-12-30,0.0
2013-12-31,0.0
2014-01-01,0.0
2014-01-02,0.0
2014-01-03,0.009402761356987884
2014-01-04,0.016186293725896563
2014-01-05,0.0
2014-01-06,0.0
2014-01-07,0.0
2014-01-08,1.9313199075596523
2014-01-09,0.32433741941834177
2014-01-10,0.643043246489787
2014-01-11,0.008569320708217474
2014-01-12,0.2832641723664385
2014-01-13,0.05573262732014202
2014-01-14,0.0
2014-01-15,0.0
2014-01-16,0.0
2014-01-17,0.0
2014-01-18,0.0
2014-01-19,0.0
2014-01-20,0.0
2014-01-21,0.0
2014-01-22,0.0
2014-01-23,0.6295643264548662
2014-01-24,0.9969146982205604
2014-01-25,0.0
2014-01-26,0.0
2014-01-27,0.014235578735867699
2014-01-28,0.2615038437085609
2014-01-29,0.0
2014-01-30,0.0
2014-01-31,0.0
2014-02-01,0.1754883865037553
2014-02-02,0.7977842783216916
2014-02-03,0.0
2014-02-04,3.2589274405164192
2014-02-05,0.004425639815831621
2014-02-06,0.026280751110889962
2014-02-07,0.19400890019762573
2014-02-08,0.029359912993461898
2014-02-09,0.0
2014-02-10,0.15654117298802794
2014-02-11,0.6607279581691703
2014-02-12,0.009397611168360175
2014-02-13,0.0
2014-02-14,0.0
2014-02-15,0.013676191892348035
2014-02-16,0.024867793508056787
2014-02-17,0.008851279631663243
2014-02-18,0.004425639815831621
2014-02-19,0.004425639815831621
2014-02-20,0.0
2014-02-21,0.0
2014-02-22,0.0
2014-02-23,0.0
2014-02-24,0.26583944200845017
2014-02-25,0.3376903529335298
2014-02-26,4.3703330062370425
2014-02-27,0.056009968892749874
2014-02-28,0.01249803993019789
2014-03-01,0.0
2014-03-02,5.905656162086721
2014-03-03,0.3626166256621401
2014-03-04,6.997107283256807
2014-03-05,0.06199983466618288
2014-03-06,0.002479617436903124
2014-03-07,0.0188707046504225
2014-03-08,1.5506111656253165
2014-03-09,7.872551829839615
2014-03-10,1.5243216929219254
2014-03-11,0.6977875177858178
2014-03-12,0.0
2014-03-13,0.0
2014-03-14,0.0035712927581110806
2014-03-15,1.6951925628361064
2014-03-16,0.0001502439504780527
2014-03-17,0.0
2014-03-18,0.0
2014-03-19,0.0
2014-03-20,0.0
2014-03-21,0.0
2014-03-22,0.015632729388481467
2014-03-23,0.006161521307701341
2014-03-24,0.0
2014-03-25,0.0
2014-03-26,0.6861305791187394
2014-03-27,0.37386933537695527
2014-03-28,0.012558184480025937
2014-03-29,0.0
2014-03-30,0.0
2014-03-31,0.0
2014-04-01,0.1029167553468502
2014-04-02,0.05644131744634581
2014-04-03,0.022350473661557964
2014-04-04,0.09147190010807094
2014-04-05,0.21101166050118902
2014-04-06,3.6817242331844486
2014-04-07,1.8593070250249837
2014-04-08,3.2685144567713627
2014-04-09,0.0
2014-04-10,0.0
2014-04-11,0.0037215367085891337
2014-04-12,0.0
2014-04-13,0.20439137530928245
2014-04-14,16.089830646406355
2014-04-15,0.0
2014-04-16,0.0
2014-04-17,0.4482784719137894
2014-04-18,1.2208644368433677
2014-04-19,0.0
2014-04-20,0.20948047135301462
2014-04-21,0.6055341525179341
2014-04-22,2.5909478041610026
2014-04-23,0.0
2014-04-24,0.0
2014-04-25,0.0
2014-04-26,0.0039249367410494704
2014-04-27,0.0
2014-04-28,0.0
2014-04-29,0.0
2014-04-30,0.0
2014-05-01,0.0
2014-05-02,0.0
2014-05-03,0.0
2014-05-04,0.0
2014-05-05,0.0
2014-05-06,0.0
2014-05-07,0.023246441936623025
2014-05-08,3.7447993527524606
2014-05-09,5.7585201508613375
2014-05-10,0.4996496116732575
2014-05-11,0.012456171960269786
2014-05-12,7.802352212087786
2014-05-13,52.313055536439705
2014-05-14,8.177094595913813
2014-05-15,0.0
2014-05-16,0.0
2014-05-17,0.0
2014-05-18,0.0
2014-05-19,0.0
2014-05-20,0.0
2014-05-21,0.017626007970486957
2014-05-22,0.1533400933199361
2014-05-23,0.529548554775632
2014-05-24,4.424927487042266
2014-05-25,4.801699347245807
2014-05-26,52.323522434926815
2014-05-27,34.64552402345229
2014-05-28,1.65459067214099
2014-05-29,0.03560983617733964
2014-05-30,0.0
2014-05-31,0.0
2014-06-01,0.0003004879009561054
2014-06-02,0.0
2014-06-03,0.004075180691527523
2014-06-04,0.0
2014-06-05,0.0
2014-06-06,0.0
2014-06-07,0.010417859281454105
2014-06-08,3.3627641512598108
2014-06-09,5.595029638110686
2014-06-10,1.9880541671868674
2014-06-11,0.0
2014-06-12,0.72736453786125
2014-06-13,12.949652891063488
2014-06-14,0.17505304640038644
2014-06-15,0.0022128199079158107
2014-06-16,0.009407193798423492
2014-06-17,0.020855717864154504
2014-06-18,0.1992111815992866
2014-06-19,0.2680789435934422
2014-06-20,0.49223377086227094
2014-06-21,0.12439059648023423
2014-06-22,0.821742657129802
2014-06-23,7.848009436709505
2014-06-24,1.237123481782483
2014-06-25,3.878348602567857
2014-06-26,2.041115380874195
2014-06-27,0.9418323234308968
2014-06-28,0.14561894380436174
2014-06-29,0.010243352052353974
2014-06-30,0.0
2014-07-01,0.0
2014-07-02,0.012746549357403023
2014-07-03,0.07721043617131722
2014-07-04,0.49791032101118
2014-07-05,0.8675715570491787
2014-07-06,0.10291055343292989
2014-07-07,0.0001502439504780527
2014-07-08,0.0001502439504780527
2014-07-09,0.0
2014-07-10,0.0
2014-07-11,0.007067604537698703
2014-07-12,0.0
2014-07-13,0.0
2014-07-14,0.03532443066944523
2014-07-15,1.1800971191534197
2014-07-16,3.3983164233716514
2014-07-17,2.1264140481159512
2014-07-18,15.498066295130425
2014-07-19,0.06327766647116378
2014-07-20,0.0
2014-07-21,0.0
2014-07-22,0.0
2014-07-23,0.03633474849648697
2014-07-24,0.4538454004090354
2014-07-25,0.040313284103482484
2014-07-26,0.0
2014-07-27,0.0
2014-07-28,0.0
2014-07-29,0.0
2014-07-30,0.0
2014-07-31,0.18071084584799854
2014-08-01,0.22796413481320255
2014-08-02,0.0
2014-08-03,0.0
2014-08-04,0.0
2014-08-05,0.0
2014-08-06,0.0
2014-08-07,0.0
2014-08-08,0.0
2014-08-09,0.0
2014-08-10,0.21369077099765452
2014-08-11,2.988762808466782
2014-08-12,1.0712392561234156
2014-08-13,0.2994714820113279
2014-08-14,0.0
2014-08-15,0.0
2014-08-16,0.0
2014-08-17,0.016555482953525016
2014-08-18,0.4441560330022759
2014-08-19,4.338963461612969
2014-08-20,0.0
2014-08-21,0.0
2014-08-22,0.0
2014-08-23,0.0
2014-08-24,0.0
2014-08-25,6.841294926068906e-05
2014-08-26,0.2571372023514264
2014-08-27,0.08022095483795737
2014-08-28,0.08186432650852518
2014-08-29,1.1259907658536001
2014-08-30,0.09218650723662121
2014-08-31,0.004575883766309674
2014-09-01,0.00025075447581138834
2014-09-02,0.0
2014-09-03,0.9528411956360053
2014-09-04,1.3548743498018072
2014-09-05,0.8512674803286414
2014-09-06,0.5098046216496267
2014-09-07,9.831369778419756
2014-09-08,1.0123691827520525
2014-09-09,0.0
2014-09-10,0.0
2014-09-11,1.498251871628263
2014-09-12,18.583226455017808
2014-09-13,9.206227068328433
2014-09-14,0.012356185031458028
2014-09-15,0.04217650724897721
2014-09-16,0.9198783190063153
2014-09-17,17.726929543779477
2014-09-18,16.46880425339782
2014-09-19,9.611697145302719
2014-09-20,3.5062145796536366
2014-09-21,0.3385938494401103
2014-09-22,0.36931356730724446
2014-09-23,0.1017399247904264
2014-09-24,0.0
2014-09-25,0.05934713118204463
2014-09-26,1.9102277173838322
2014-09-27,8.331496248513698
2014-09-28,0.0048547846297828925
2014-09-29,0.0
2014-09-30,0.0
2014-10-01,0.0
2014-10-02,0.07939489949546256
2014-10-03,0.020689728256045366
2014-10-04,0.0
2014-10-05,0.0
2014-10-06,0.0
2014-10-07,0.0
2014-10-08,0.013413322276178452
2014-10-09,0.09705619236093765
2014-10-10,0.1351408297182875
2014-10-11,14.714030168749883
2014-10-12,1.343753556142306
2014-10-13,1.6277629194072767
2014-10-14,0.0025136648307368926
2014-10-15,0.0
2014-10-16,0.0
2014-10-17,0.0
2014-10-18,0.0
2014-10-19,0.0
2014-10-20,0.0
2014-10-21,0.004488353612096674
2014-10-22,0.03312005689237083
2014-10-23,2.0114488584698167
2014-10-24,0.0
2014-10-25,0.0
2014-10-26,0.0
2014-10-27,0.0
2014-10-28,0.02581310675333906
2014-10-29,0.029139060563709365
2014-10-30,0.7149329638589843
2014-10-31,11.539890109522625
2014-11-01,0.0
2014-11-02,0.0
2014-11-03,0.021048610803577894
2014-11-04,1.7347949530969233
2014-11-05,61.37459282875138
2014-11-06,13.810079477955135
2014-11-07,0.0
2014-11-08,0.0
2014-11-09,0.0
2014-11-10,0.0
2014-11-11,0.03672455579912176
2014-11-12,0.0
2014-11-13,0.0
2014-11-14,0.0001670891364624487
2014-11-15,0.77304455969191
2014-11-16,0.6791305805261941
2014-11-17,0.0
2014-11-18,0.0044928389568225455
2014-11-19,0.0
2014-11-20,0.11583988976108074
2014-11-21,5.612756304162523
2014-11-22,25.521164008629498
2014-11-23,14.838748561406126
2014-11-24,0.0
2014-11-25,0.0
2014-11-26,0.0
2014-11-27,0.0
2014-11-28,0.0
2014-11-29,0.0
2014-11-30,0.008851279631663243
2014-12-01,0.016943491260300803
2014-12-02,0.0
2014-12-03,0.14803872752434785
2014-12-04,1.2358666740307815
2014-12-05,0.8505798913735063
2014-12-06,0.07908051077394541
2014-12-07,0.1281232890977112
2014-12-08,0.0022128199079158107
2014-12-09,0.0
2014-12-10,0.3052312552720108
2014-12-11,1.0987719006569159
2014-12-12,0.15786028968209026
2014-12-13,0.05253409818412211
2014-12-14,0.10199296547891275
2014-12-15,0.025534204411958413
2014-12-16,0.0
2014-12-17,3.561985447701013
2014-12-18,1.829687524731839
2014-12-19,5.820685149947464
2014-12-20,0.01606106428887633
2014-12-21,0.006740563044976913
2014-12-22,0.0
2014-12-23,0.6533028096971445
2014-12-24,0.0
2014-12-25,0.0
2014-12-26,0.16912290562494295
2014-12-27,2.830231774241813
2014-12-28,3.7469958229008387
2014-12-29,0.026506601875730743
2014-12-30,0.028250110436348685
2014-12-31,3.757308034195723
2015-01-01,7.936912740164306
2015-01-02,6.512866751109832
2015-01-03,10.222264923138846
2015-01-04,0.0
2015-01-05,0.0
2015-01-06,0.0
2015-01-07,0.0
2015-01-08,0.11261229265199807
2015-01-09,0.182122860783516
2015-01-10,2.856743572440066
2015-01-11,7.668883197852252
2015-01-12,0.09061116039653808
2015-01-13,0.5443573758183116
2015-01-14,0.40329951884936466
2015-01-15,0.2310080081581792
2015-01-16,0.0
2015-01-17,0.0
2015-01-18,0.009709049407076361
2015-01-19,0.0
2015-01-20,0.1795025100318213
2015-01-21,4.650181979808417
2015-01-22,59.556951573219216
2015-01-23,6.921707828252135
2015-01-24,0.05055953262546766
2015-01-25,0.18559575979412654
2015-01-26,0.0001333987644936567
2015-01-27,0.0
2015-01-28,0.0
2015-01-29,0.0
2015-01-30,1.6845185984396e-05
2015-01-31,5.37214133270812
2015-02-01,2.7246476335625522
2015-02-02,0.0012568324153684463
2015-02-03,6.437214145671904
2015-02-04,1.1719492309731039
2015-02-05,0.021026484822519023
2015-02-06,0.0
2015-02-07,0.0
2015-02-08,0.0
2015-02-09,0.0
2015-02-10,0.0
2015-02-11,0.0
2015-02-12,0.0
2015-02-13,0.0
2015-02-14,0.0
2015-02-15,0.5271417668346756
2015-02-16,0.4147955833922178
2015-02-17,0.002204686108177853
2015-02-18,0.0
2015-02-19,0.0
2015-02-20,0.0
2015-02-21,0.010199479237244787
2015-02-22,0.34509842614705655
2015-02-23,0.16727856914243294
2015-02-24,0.013388472694291916
2015-02-25,0.10819592462172732
2015-02-26,0.0
2015-02-27,0.2935620790561668
2015-02-28,5.116609537671614
2015-03-01,4.533265896982984
2015-03-02,2.012740109627892
2015-03-03,1.97615463056292
2015-03-04,2.3299045739551825
2015-03-05,4.406783603996416
2015-03-06,0.0109130827623275
2015-03-07,0.0
2015-03-08,8.20075754687173
2015-03-09,21.60684709611727
2015-03-10,0.009497588603790092
2015-03-11,0.006223102035808007
2015-03-12,0.1883786759206582
2015-03-13,0.0
2015-03-14,0.0
2015-03-15,0.0
2015-03-16,0.0
2015-03-17,0.465220951642084
2015-03-18,3.249283003950004
2015-03-19,0.24613286505600193
2015-03-20,4.566561659142583
2015-03-21,21.648943353308688
2015-03-22,0.021318214096352383
2015-03-23,0.012357442133721905
2015-03-24,0.0
2015-03-25,0.007832898248954315
2015-03-26,2.4324249644053206
2015-03-27,0.0
2015-03-28,0.0
2015-03-29,0.0
2015-03-30,0.0
2015-03-31,0.0
2015-04-01,0.749979149980463
2015-04-02,0.3041683755078542
2015-04-03,0.0
2015-04-04,0.044031644160170344
2015-04-05,0.6277722813075185
2015-04-06,0.021612103882487025
2015-04-07,0.0
2015-04-08,0.02958221056456693
2015-04-09,0.8930989998173074
2015-04-10,10.15408132074314
2015-04-11,1.9311141321474354
2015-04-12,0.780404065163839
2015-04-13,4.487796940369055
2015-04-14,0.047509728139496776
2015-04-15,0.012323042615402681
2015-04-16,11.289690487099797
2015-04-17,12.170581970821484
2015-04-18,8.777689971989965
2015-04-19,6.725877343820677
2015-04-20,0.0
2015-04-21,0.0229995475202912
2015-04-22,0.3081752380680251
2015-04-23,1.3421552894704327
2015-04-24,15.108232403909339
2015-04-25,3.2500135116324755
2015-04-26,2.299820616913188
2015-04-27,7.019765200045841
2015-04-28,0.008064222516406956
2015-04-29,0.0
2015-04-30,0.0
2015-05-01,0.0
2015-05-02,0.0
2015-05-03,0.0024007418129683893
2015-05-04,0.35280988000162783
2015-05-05,11.82708807624226
2015-05-06,2.8588011028939855
2015-05-07,0.6132426951962462
2015-05-08,2.2531604789458273
2015-05-09,0.41612917795724597
2015-05-10,0.8026125928498872
2015-05-11,4.406487184151575
2015-05-12,8.154801773592533
2015-05-13,49.6138150023267
2015-05-14,4.2961123958897325
2015-05-15,21.00383953168442
2015-05-16,1.163852068560325
2015-05-17,47.23215405445924
2015-05-18,2.278995545630081
2015-05-19,0.5271385798200352
2015-05-20,1.1736956755475192
2015-05-21,8.445286875174164
2015-05-22,0.8651442141920246
2015-05-23,81.78668061845163
2015-05-24,68.98886592813336
2015-05-25,38.36047702810115
2015-05-26,2.5254167969130257
2015-05-27,6.003034227770546
2015-05-28,6.4107202672838
2015-05-29,25.14154347905323
2015-05-30,8.719929386917537
2015-05-31,0.306912438291339
2015-06-01,0.01241238639675824
2015-06-02,0.0
2015-06-03,0.0
2015-06-04,0.0
2015-06-05,0.0014070763658464989
2015-06-06,0.011774810223148411
2015-06-07,0.0
2015-06-08,0.0
2015-06-09,0.0
2015-06-10,0.0
2015-06-11,0.0
2015-06-12,0.02235303373047962
2015-06-13,3.5947232103085116
2015-06-14,19.776158394099976
2015-06-15,0.5555454464204875
2015-06-16,5.868605651668287
2015-06-17,3.375449679216214
2015-06-18,7.439660741608763
2015-06-19,7.06356702844157
2015-06-20,10.803644613286773
2015-06-21,12.249905470392163
2015-06-22,5.616307376820018
2015-06-23,1.0125024983799065
2015-06-24,0.7876648267343251
2015-06-25,0.0001333987644936567
2015-06-26,0.0
2015-06-27,8.403684597471264
2015-06-28,4.7820247327133485
2015-06-29,2.081631555758012
2015-06-30,2.1960340511921603
2015-07-01,0.40087059024680227
2015-07-02,0.29509874437298217
2015-07-03,0.0975451746706124
2015-07-04,0.051437294793634306
2015-07-05,0.02048670410470795
2015-07-06,0.0388337058416049
2015-07-07,0.027311300096772975
2015-07-08,0.04865387466589486
2015-07-09,0.0
2015-07-10,0.0
2015-07-11,0.0
2015-07-12,0.0022128199079158107
2015-07-13,0.0
2015-07-14,0.0
2015-07-15,0.0
2015-07-16,0.0
2015-07-17,0.0
2015-07-18,0.0021041755828445172
2015-07-19,0.0
2015-07-20,0.0
2015-07-21,0.12223703324172851
2015-07-22,0.0
2015-07-23,0.0004170414794653661
2015-07-24,0.0
2015-07-25,0.031564505735562354
2015-07-26,0.00010051052533333567
2015-07-27,0.0
2015-07-28,0.0
2015-07-29,0.0
2015-07-30,0.0
2015-07-31,0.58308162206315
2015-08-01,0.3940117072254584
2015-08-02,0.0
2015-08-03,0.0
2015-08-04,0.06910970203300272
2015-08-05,0.0
2015-08-06,0.0
2015-08-07,0.0
2015-08-08,0.0
2015-08-09,0.0
2015-08-10,0.0
2015-08-11,0.0
2015-08-12,0.6272533829551322
2015-08-13,0.9792928927957638
2015-08-14,0.1833118709518362
2015-08-15,2.96146588817747
2015-08-16,0.0
2015-08-17,0.0
2015-08-18,0.008813779086835276
2015-08-19,0.0022128199079158107
2015-08-20,2.4440089388173756
2015-08-21,0.2794491347518252
2015-08-22,0.22271856610278606
2015-08-23,0.0033553000212406155
2015-08-24,0.0
2015-08-25,0.0967895461030204
2015-08-26,0.0
2015-08-27,0.07604893127151803
2015-08-28,0.0
2015-08-29,0.0
2015-08-30,0.2780458983488151
2015-08-31,0.0021041755828445172
2015-09-01,0.032986521789467864
2015-09-02,0.0
2015-09-03,0.0
2015-09-04,0.0
2015-09-05,0.0
2015-09-06,0.0
2015-09-07,0.0
2015-09-08,0.0
2015-09-09,0.5572350890485933
2015-09-10,10.084522912965467
2015-09-11,4.401767559398451
2015-09-12,0.5538816607623379
2015-09-13,0.0
2015-09-14,0.0
2015-09-15,0.3915236987923546
2015-09-16,2.2457419180520124
2015-09-17,0.2002857399734146
2015-09-18,0.0
2015-09-19,0.0
2015-09-20,0.0
2015-09-21,0.0021041755828445172
2015-09-22,0.0
2015-09-23,0.0
2015-09-24,0.0
2015-09-25,1.7327105913466363
2015-09-26,0.315330078337594
2015-09-27,0.005817712236522354
2015-09-28,0.004442485001816017
2015-09-29,0.0
2015-09-30,0.0
2015-10-01,0.0
2015-10-02,0.0
2015-10-03,0.0
2015-10-04,0.0
2015-10-05,0.030316775856375513
2015-10-06,0.0
2015-10-07,0.0
2015-10-08,0.007849873482098941
2015-10-09,0.2902338591007862
2015-10-10,0.0
2015-10-11,0.0
2015-10-12,0.0
2015-10-13,0.0
2015-10-14,0.0
2015-10-15,0.0022128199079158107
2015-10-16,0.0
2015-10-17,0.006161521307701341
2015-10-18,0.0
2015-10-19,0.0
2015-10-20,0.0
2015-10-21,0.5749674096119277
2015-10-22,3.6399654011416427
2015-10-23,27.8519960953449
2015-10-24,98.42561380058648
2015-10-25,3.6960071272136097
2015-10-26,0.0
2015-10-27,0.0
2015-10-28,0.12020648163729492
2015-10-29,0.0
2015-10-30,135.49440590555798
2015-10-31,39.530048287042
2015-11-01,0.2515849632591673
2015-11-02,0.0
2015-11-03,0.00950327188232122
2015-11-04,1.103901420479721
2015-11-05,4.523866163861217
2015-11-06,13.017271232472641
2015-11-07,4.29750503154674
2015-11-08,0.015871090567267127
2015-11-09,0.0
2015-11-10,0.08392006833801854
2015-11-11,0.029222649556099208
2015-11-12,0.006161521307701341
2015-11-13,0.20554449258308943
2015-11-14,0.42216382502707656
2015-11-15,0.22336714928755913
2015-11-16,2.696123795408187
2015-11-17,5.480774991695413
2015-11-18,0.02939536414724014
2015-11-19,0.048659391703023025
2015-11-20,0.0
2015-11-21,0.17463015605880067
2015-11-22,0.0
2015-11-23,0.0
2015-11-24,0.0655794634973976
2015-11-25,2.001774391067853
2015-11-26,5.1499565116940955
2015-11-27,13.485650577101437
2015-11-28,29.457354369289227
2015-11-29,1.1847624060897808
2015-11-30,0.13151544735941517
2015-12-01,0.0005335950579746268
2015-12-02,0.0
2015-12-03,0.0
2015-12-04,0.0
2015-12-05,0.0
2015-12-06,0.0
2015-12-07,0.0
2015-12-08,0.0
2015-12-09,0.0
2015-12-10,0.0
2015-12-11,0.0
2015-12-12,3.6502034165658976
2015-12-13,26.509555248959305
2015-12-14,0.0
2015-12-15,0.03478932770541807
2015-12-16,0.0
2015-12-17,0.0
2015-12-18,0.0
2015-12-19,0.0
2015-12-20,0.30669023635533393
2015-12-21,0.056295863819832086
2015-12-22,0.0
2015-12-23,0.042289406255096765
2015-12-24,0.0433093367166205
2015-12-25,0.0001502439504780527
2015-12-26,2.3808134968707098
2015-12-27,16.758583363660005
2015-12-28,0.8484293995975649
2015-12-29,0.01785022211223166
2015-12-30,1.795213566026549
2015-12-31,0.012298859537890448
2016-01-01,1.231796596556506
2016-01-02,8.826870146499058
2016-01-03,5.58196425483396
2016-01-04,0.0
2016-01-05,0.0042083511656890345
2016-01-06,2.4041554270062138
2016-01-07,0.445742075435244
2016-01-08,0.12059408151421003
2016-01-09,0.10232927253549491
2016-01-10,0.0
2016-01-11,0.0
2016-01-12,0.0
2016-01-13,0.0
2016-01-14,0.006137756648965281
2016-01-15,0.01683802621258986
2016-01-16,0.4918850611775612
2016-01-17,0.0
2016-01-18,0.0
2016-01-19,0.0
2016-01-20,0.11450827009766999
2016-01-21,0.07731980454642112
2016-01-22,0.0
2016-01-23,0.0
2016-01-24,0.0
2016-01-25,0.0
2016-01-26,4.54382964098206
2016-01-27,0.0
2016-01-28,0.0
2016-01-29,0.0
2016-01-30,0.0
2016-01-31,0.0
2016-02-01,0.0
2016-02-02,0.0
2016-02-03,0.0
2016-02-04,0.0
2016-02-05,0.0
2016-02-06,0.01511771863681434
2016-02-07,0.0
2016-02-08,0.0
2016-02-09,0.0
2016-02-10,0.0
2016-02-11,0.0
2016-02-12,0.0
2016-02-13,0.0
2016-02-14,0.0
2016-02-15,0.0
2016-02-16,0.0
2016-02-17,0.0
2016-02-18,0.0
2016-02-19,0.0023289172679929935
2016-02-20,0.2793732520787961
2016-02-21,0.619847989926729
2016-02-22,1.0651074015151576
2016-02-23,28.388755328595874
2016-02-24,0.0
2016-02-25,0.0
2016-02-26,0.0
2016-02-27,0.0
2016-02-28,0.0
2016-02-29,0.0
2016-03-01,0.0
2016-03-02,0.0
2016-03-03,0.0
2016-03-04,0.0
2016-03-05,0.011064099539579052
2016-03-06,0.20273625013650876
2016-03-07,2.8506197861950207
2016-03-08,6.845733300595766
2016-03-09,26.270773986992616
2016-03-10,13.35942389060424
2016-03-11,14.452739044204542
2016-03-12,1.004328426699028
2016-03-13,0.0
2016-03-14,0.0
2016-03-15,0.0
2016-03-16,0.03323271357962909
2016-03-17,0.12152159456131835
2016-03-18,3.328124804362004
2016-03-19,6.9633138802408245
2016-03-20,0.0
2016-03-21,0.0
2016-03-22,0.0
2016-03-23,0.0
2016-03-24,11.862942790532621
2016-03-25,0.0
2016-03-26,0.13615430490619176
2016-03-27,0.006374667203651662
2016-03-28,0.0
2016-03-29,0.5337023964004083
2016-03-30,2.5409585298081496
2016-03-31,0.3623763213596446
2016-04-01,6.294614441581887
2016-04-02,0.0
2016-04-03,0.0
2016-04-04,0.0
2016-04-05,0.0
2016-04-06,0.5449280061932426
2016-04-07,0.17361288585673088
2016-04-08,0.154796199806658
2016-04-09,0.4600018264888783
2016-04-10,0.01768769209125868
2016-04-11,3.8006662466933174
2016-04-12,3.9440379736070694
2016-04-13,27.704094181965363
2016-04-14,0.0
2016-04-15,0.0
2016-04-16,1.5985758496698377
2016-04-17,23.53037994828209
2016-04-18,18.941043163809756
2016-04-19,1.787602061701038
2016-04-20,6.587791930818098
2016-04-21,14.774233514748772
2016-04-22,0.0
2016-04-23,0.0
2016-04-24,0.2648258137643955
2016-04-25,0.033173636223858084
2016-04-26,1.11285288739518
2016-04-27,9.5956492056664
2016-04-28,0.1594106125588016
2016-04-29,2.4687797580877326
2016-04-30,13.489285077830386
2016-05-01,0.8451884944768763
2016-05-02,0.6447648710433623
2016-05-03,0.0
2016-05-04,0.0
2016-05-05,0.0
2016-05-06,0.0
2016-05-07,0.8607810269479731
2016-05-08,1.9660836936081132
2016-05-09,0.21326645147901435
2016-05-10,0.27598181272632516
2016-05-11,8.618683676431935
2016-05-12,0.6600569358028776
2016-05-13,0.27932165505874845
2016-05-14,3.13057057854408
2016-05-15,6.421759775347883
2016-05-16,9.134461701018152
2016-05-17,0.49555464741439836
2016-05-18,12.154258666690465
2016-05-19,67.70303417186855
2016-05-20,0.0
2016-05-21,0.24654058125835107
2016-05-22,0.25673579164112553
2016-05-23,0.6228860859113262
2016-05-24,0.32032827779161294
2016-05-25,0.24547783725593006
2016-05-26,3.0540820896792504
2016-05-27,5.201046179781708
2016-05-28,0.1407517056745593
2016-05-29,21.98288757474588
2016-05-30,22.10401660608683
2016-05-31,19.290628665558604
2016-06-01,9.91224139269088
2016-06-02,27.871505104235396
2016-06-03,3.2099537004416496
2016-06-04,3.6170801406201716
2016-06-05,0.3832250442850371
2016-06-06,0.0
2016-06-07,0.0
2016-06-08,0.37827352749299603
2016-06-09,0.20006176734782458
2016-06-10,0.021902444001578744
2016-06-11,0.11424652970420161
2016-06-12,0.10889192431037202
2016-06-13,0.0
2016-06-14,0.0
2016-06-15,0.0
2016-06-16,0.0
2016-06-17,0.0
2016-06-18,0.13991156126087123
2016-06-19,2.322475148650884
2016-06-20,0.20232917813082532
2016-06-21,0.0
2016-06-22,0.0
2016-06-23,0.0
2016-06-24,0.0
2016-06-25,2.594627758616842
2016-06-26,0.9366918740914392
2016-06-27,0.11675528345434576
2016-06-28,8.988454548273836
2016-06-29,4.69540651234567
2016-06-30,0.0
2016-07-01,0.0
2016-07-02,0.0
2016-07-03,0.0
2016-07-04,0.006161521307701341
2016-07-05,0.0
2016-07-06,0.0
2016-07-07,0.0
2016-07-08,0.0
2016-07-09,0.0
2016-07-10,0.001650828226470808
2016-07-11,0.0
2016-07-12,0.0
2016-07-13,0.0
2016-07-14,0.0
2016-07-15,0.0
2016-07-16,0.0
2016-07-17,0.0001502439504780527
2016-07-18,0.0
2016-07-19,0.0
2016-07-20,0.0
2016-07-21,0.0
2016-07-22,0.0044928389568225455
2016-07-23,0.0
2016-07-24,0.12037804246667558
2016-07-25,3.391076091558889
2016-07-26,14.09046119169038
2016-07-27,7.039750735248039
2016-07-28,0.7274285131732162
2016-07-29,0.010409855155052734
2016-07-30,0.0
2016-07-31,0.0
2016-08-01,0.0
2016-08-02,0.0
2016-08-03,0.0
2016-08-04,0.0
2016-08-05,0.0
2016-08-06,0.0
2016-08-07,0.0
2016-08-08,0.0
2016-08-09,0.0
2016-08-10,0.0
2016-08-11,0.0039249367410494704
2016-08-12,0.09967471385444532
2016-08-13,4.676175541194628
2016-08-14,30.42058252936617
2016-08-15,63.65653976643165
2016-08-16,18.113336790965807
2016-08-17,9.460073263781537
2016-08-18,7.377384691709305
2016-08-19,0.9248908887019671
2016-08-20,12.147740552200776
2016-08-21,20.200338275470475
2016-08-22,6.157032172577591
2016-08-23,0.23649271865780064
2016-08-24,0.0
2016-08-25,0.006428318836688655
2016-08-26,3.083070395278458
2016-08-27,4.175269057573428
2016-08-28,1.4991564124213355
2016-08-29,4.8757235394590595
2016-08-30,1.7213257870452896
2016-08-31,3.079972457842562
2016-09-01,0.10403805248837908
2016-09-02,10.030005618883727
2016-09-03,1.8625218892341984
2016-09-04,2.0977566167653294
2016-09-05,2.9109373783735073
2016-09-06,1.7379126273142387
2016-09-07,0.0545221788150092
2016-09-08,0.0022128199079158107
2016-09-09,0.0
2016-09-10,0.4428822986145035
2016-09-11,0.002684765291953253
2016-09-12,0.005369530583906506
2016-09-13,0.010083104954987454
2016-09-14,0.08247946761557332
2016-09-15,0.012288796944349019
2016-09-16,0.002384178029252157
2016-09-17,0.0
2016-09-18,0.0
2016-09-19,0.0
2016-09-20,0.0
2016-09-21,0.0
2016-09-22,0.04804613554229342
2016-09-23,0.2154402201810571
2016-09-24,1.0600917272749977
2016-09-25,21.09660507058826
2016-09-26,55.149282974349546
2016-09-27,1.541305192185369
2016-09-28,0.024094848710608293
2016-09-29,0.0022128199079158107
2016-09-30,0.0
2016-10-01,0.00016892347459402472
2016-10-02,0.0
2016-10-03,0.0
2016-10-04,0.0
2016-10-05,0.005047829150347116
2016-10-06,0.0
2016-10-07,0.46596358939467647
2016-10-08,0.0
2016-10-09,0.0
2016-10-10,0.0
2016-10-11,0.0
2016-10-12,0.0
2016-10-13,1.5021730520502408
2016-10-14,0.650055166822565
2016-10-15,0.013498968480935965
2016-10-16,0.0012568324153684463
2016-10-17,0.004726484738652703
2016-10-18,0.0039249367410494704
2016-10-19,0.08885521974237545
2016-10-20,0.7386366057407835
2016-10-21,0.0
2016-10-22,0.0
2016-10-23,0.011515810921976812
2016-10-24,0.2069088400573601
2016-10-25,0.0
2016-10-26,0.0
2016-10-27,0.0
2016-10-28,0.0
2016-10-29,0.0
2016-10-30,0.0
2016-10-31,0.0
2016-11-01,0.6178044601506489
2016-11-02,0.6234085500254571
2016-11-03,10.008890943094015
2016-11-04,2.3561424669561237
2016-11-05,0.5553290750176528
2016-11-06,14.400541954091963
2016-11-07,5.849164792398722
2016-11-08,23.272698604823752
2016-11-09,20.519962110575186
2016-11-10,0.5082720775877972
2016-11-11,0.45881587985458383
2016-11-12,0.13277271085140224
2016-11-13,0.0029071570463315567
2016-11-14,0.0
2016-11-15,0.0
2016-11-16,0.0
2016-11-17,0.0
2016-11-18,0.0786666378903369
2016-11-19,0.0
2016-11-20,0.0
2016-11-21,0.0
2016-11-22,0.2679335526302035
2016-11-23,1.1987085079754694
2016-11-24,0.0
2016-11-25,0.36866573050629337
2016-11-26,0.0
2016-11-27,0.0
2016-11-28,1.6845185984396e-05
2016-11-29,0.0
2016-11-30,0.0
2016-12-01,0.004107840640355699
2016-12-02,6.313349952497081
2016-12-03,41.5675302491372
2016-12-04,14.23200710593515
2016-12-05,14.466106952489255
2016-12-06,0.11189317222888437
2016-12-07,0.1807103899222501
2016-12-08,0.0001333987644936567
2016-12-09,0.0
2016-12-10,0.25012808910096074
2016-12-11,1.5235361771221232
2016-12-12,0.13599356609453414
2016-12-13,0.00020102105066667134
2016-12-14,0.0
2016-12-15,0.005937331797747129
2016-12-16,0.09366882862219382
2016-12-17,0.024578119757140058
2016-12-18,0.0014239215518308949
2016-12-19,0.0
2016-12-20,0.0
2016-12-21,0.44405054864613913
2016-12-22,0.0
2016-12-23,0.28701020399390537
2016-12-24,1.1414643058656753
2016-12-25,0.17773681737940394
2016-12-26,0.1891088516187552
2016-12-27,0.47758290784409735
2016-12-28,0.011831538891330205
2016-12-29,0.02882966410626857
2016-12-30,0.31750949958928476
2016-12-31,0.28498943799418236
2017-01-01,0.3137008436166245
2017-01-02,5.857362253888851
2017-01-03,0.0
2017-01-04,0.0
2017-01-05,0.0
2017-01-06,0.0
2017-01-07,0.0
2017-01-08,0.0
2017-01-09,0.04066378393689162
2017-01-10,0.0047301379867214334
2017-01-11,0.004459239386327083
2017-01-12,0.5804161124734623
2017-01-13,4.208492885492546
2017-01-14,1.077142419602625
2017-01-15,4.73157493464208
2017-01-16,32.74070971151626
2017-01-17,3.9551460327236176
2017-01-18,21.818765606760703
2017-01-19,0.22292115332673015
2017-01-20,0.0
2017-01-21,0.10928865680902745
2017-01-22,0.023783821379421106
2017-01-23,0.0
2017-01-24,0.0
2017-01-25,0.0017168236002689159
2017-01-26,0.0
2017-01-27,0.0
2017-01-28,0.027819316384926747
2017-01-29,0.0
2017-01-30,0.0
2017-01-31,0.0
2017-02-01,0.0
2017-02-02,0.0
2017-02-03,0.0714236447661978
2017-02-04,0.8507494919296552
2017-02-05,0.14753643514848594
2017-02-06,0.020864112746382397
2017-02-07,0.0
2017-02-08,0.0
2017-02-09,0.0
2017-02-10,0.0
2017-02-11,0.05278696144547474
2017-02-12,0.0
2017-02-13,1.1489114754887575
2017-02-14,30.113452271838533
2017-02-15,0.001566579649790863
2017-02-16,0.0
2017-02-17,0.011635424473044708
2017-02-18,0.41375416018660305
2017-02-19,4.520704934773046
2017-02-20,40.12460744285354
2017-02-21,0.0
2017-02-22,0.0
2017-02-23,0.0
2017-02-24,0.0
2017-02-25,0.0
2017-02-26,0.012545396978723018
2017-02-27,0.0020740701883147825
2017-02-28,0.05321704887168245
2017-03-01,0.0
2017-03-02,0.0
2017-03-03,0.07693201344856962
2017-03-04,17.744027952492885
2017-03-05,2.8303801387982674
2017-03-06,0.0786621632908674
2017-03-07,0.13817931810759235
2017-03-08,0.08426758257238705
2017-03-09,1.425051921559246
2017-03-10,4.432427601279063
2017-03-11,3.6534502038363983
2017-03-12,2.724225743034036
2017-03-13,0.11740465171223896
2017-03-14,6.841294926068906e-05
2017-03-15,0.006161521307701341
2017-03-16,0.04953327490608644
2017-03-17,0.0
2017-03-18,0.0
2017-03-19,0.0
2017-03-20,0.0
2017-03-21,0.0
2017-03-22,0.0
2017-03-23,0.0
2017-03-24,0.4556157990026986
2017-03-25,0.0
2017-03-26,0.046969274579696595
2017-03-27,0.17845119887495758
2017-03-28,1.423338760798955
2017-03-29,17.88871355828665
2017-03-30,0.0
2017-03-31,0.0
2017-04-01,1.1737479056074804
2017-04-02,25.63993292728744
2017-04-03,0.0935167185556766
2017-04-04,0.0
2017-04-05,0.0
2017-04-06,0.0
2017-04-07,0.0
2017-04-08,0.0
2017-04-09,0.0
2017-04-10,0.4152009172599519
2017-04-11,37.881738603475924
2017-04-12,1.282996859948992
2017-04-13,0.22298808201355932
2017-04-14,0.10202179040285407
2017-04-15,0.007101204108194165
2017-04-16,0.08556547345562299
2017-04-17,4.627831239025234
2017-04-18,0.1594395225319687
2017-04-19,0.03305498226069706
2017-04-20,0.0
2017-04-21,0.024769246687018697
2017-04-22,0.1182735451259965
2017-04-23,0.0
2017-04-24,0.0
2017-04-25,0.0
2017-04-26,0.014891547615229286
2017-04-27,0.0
2017-04-28,0.0039249367410494704
2017-04-29,0.18456349604441444
2017-04-30,2.6348852207454527
2017-05-01,0.0
2017-05-02,0.0
2017-05-03,0.040568626444429635
2017-05-04,0.006180630343592781
2017-05-05,0.0
2017-05-06,0.0
2017-05-07,0.0
2017-05-08,0.025717912382739915
2017-05-09,2.480521393609793
2017-05-10,0.46990421266546845
2017-05-11,1.7213343389218565
2017-05-12,0.22212118773910106
2017-05-13,0.0
2017-05-14,0.0
2017-05-15,0.0
2017-05-16,1.3851137341401953
2017-05-17,2.070994993324112
2017-05-18,0.17931751414585495
2017-05-19,0.9952284214512812
2017-05-20,14.053000333806107
2017-05-21,3.6174363379403083
2017-05-22,5.824316801705567
2017-05-23,0.4688776826865601
2017-05-24,0.2422101234653469
2017-05-25,0.0
2017-05-26,0.8573629759451573
2017-05-27,0.17439120833622837
2017-05-28,3.002970529441615
2017-05-29,12.090789086631174
2017-05-30,2.731156210544721
2017-05-31,1.0341404839684631
2017-06-01,1.4595566299397693
2017-06-02,0.14963555787015162
2017-06-03,4.222576102859676
2017-06-04,19.542721371325023
2017-06-05,3.979497614120934
2017-06-06,0.5349281663660678
2017-06-07,0.0
2017-06-08,0.05689261109675967
2017-06-09,1.6230476225379844
2017-06-10,3.0924073388771425
2017-06-11,0.0
2017-06-12,0.0
2017-06-13,0.0
2017-06-14,0.0
2017-06-15,0.0
2017-06-16,0.0
2017-06-17,0.0
2017-06-18,0.0
2017-06-19,0.19029435801630282
2017-06-20,0.0
2017-06-21,0.0
2017-06-22,0.0
2017-06-23,0.0021041755828445172
2017-06-24,1.274043078639192
2017-06-25,1.9085787792966409
2017-06-26,2.269707899749146
2017-06-27,12.485077139018257
2017-06-28,0.2059491725811088
2017-06-29,0.0
2017-06-30,0.0039249367410494704
2017-07-01,1.6845185984396e-05
2017-07-02,1.6845185984396e-05
2017-07-03,0.0
2017-07-04,0.0
2017-07-05,0.0021041755828445172
2017-07-06,0.28546899146889787
2017-07-07,0.04123035782105843
2017-07-08,0.1371589137246238
2017-07-09,0.09356186008476548
2017-07-10,0.0
2017-07-11,0.0
2017-07-12,0.15136318257720238
2017-07-13,0.02616943246016342
2017-07-14,0.23440866044361888
2017-07-15,2.706535028856811
2017-07-16,1.095518534107669
2017-07-17,3.031835707075151
2017-07-18,0.1821476628579233
2017-07-19,0.0
2017-07-20,0.018339831538598785
2017-07-21,0.0005335950579746268
2017-07-22,0.0
2017-07-23,4.541870693499953
2017-07-24,0.32847514004626344
2017-07-25,0.0
2017-07-26,0.0
2017-07-27,0.0
2017-07-28,0.0
2017-07-29,0.0039249367410494704
2017-07-30,0.19175568588332267
2017-07-31,0.02079534792764773
2017-08-01,0.0
2017-08-02,0.6107580667287402
2017-08-03,1.0754124062841992
2017-08-04,0.7070873738307628
2017-08-05,0.0
2017-08-06,0.7172308650169109
2017-08-07,59.46816521596787
2017-08-08,0.5085182825834961
2017-08-09,0.0
2017-08-10,0.0028350092424313054
2017-08-11,0.004251344941744116
2017-08-12,0.0
2017-08-13,0.0
2017-08-14,0.0
2017-08-15,0.0
2017-08-16,0.003114041048502784
2017-08-17,0.0
2017-08-18,0.0
2017-08-19,0.0
2017-08-20,0.0
2017-08-21,0.0
2017-08-22,0.0
2017-08-23,1.48154280601836
2017-08-24,2.3950641547134683
2017-08-25,10.925612012425704
2017-08-26,37.40789887991125
2017-08-27,61.048919946875586
2017-08-28,5.857072911487678
2017-08-29,0.0
2017-08-30,0.0
2017-08-31,0.0
2017-09-01,0.0
2017-09-02,0.0
2017-09-03,0.0
2017-09-04,0.0
2017-09-05,0.0
2017-09-06,0.006262031833034676
2017-09-07,0.0
2017-09-08,0.0
2017-09-09,0.0
2017-09-10,0.0
2017-09-11,0.0
2017-09-12,0.0
2017-09-13,0.0
2017-09-14,0.0
2017-09-15,0.0
2017-09-16,0.0
2017-09-17,0.0
2017-09-18,0.002684765291953253
2017-09-19,0.03728013665139092
2017-09-20,0.0
2017-09-21,0.16359958008180733
2017-09-22,0.3421728575502046
2017-09-23,0.0014193720485354338
2017-09-24,1.3558473263705655
2017-09-25,2.186791133617397
2017-09-26,25.39991129948046
2017-09-27,25.612972236739868
2017-09-28,20.736001404668063
2017-09-29,15.714676340215764
2017-09-30,5.373160454070385
2017-10-01,0.0
2017-10-02,0.0030695559682219604
2017-10-03,6.310168079064824
2017-10-04,1.8885499956662446
2017-10-05,0.009018440594426769
2017-10-06,0.23462783047571503
2017-10-07,0.0
2017-10-08,0.0
2017-10-09,0.0
2017-10-10,0.14810693104543218
2017-10-11,0.0
2017-10-12,0.0
2017-10-13,0.0
2017-10-14,0.0
2017-10-15,0.11350459924333062
2017-10-16,0.0
2017-10-17,0.0
2017-10-18,0.0
2017-10-19,1.6845185984396e-05
2017-10-20,0.11785534954861938
2017-10-21,0.005817712236522354
2017-10-22,3.399042829776968
2017-10-23,0.0005473035940855125
2017-10-24,0.0
2017-10-25,0.0
2017-10-26,0.0
2017-10-27,0.0
2017-10-28,0.0
2017-10-29,0.0
2017-10-30,0.0
2017-10-31,3.364078000668611
2017-11-01,3.4336709515389643
2017-11-02,0.019958198545527113
2017-11-03,0.03433861134013549
2017-11-04,0.014350820164408118
2017-11-05,0.0022464194784112728
2017-11-06,0.0
2017-11-07,0.0
2017-11-08,1.4439598844472266
2017-11-09,2.403379215242231
2017-11-10,0.008851279631663243
2017-11-11,0.6316136542878251
2017-11-12,1.8892219478449561
2017-11-13,2.014644334999632
2017-11-14,0.004227460201580474
2017-11-15,0.0964713400944034
2017-11-16,0.3729881458950937
2017-11-17,0.0
2017-11-18,0.0
2017-11-19,0.0
2017-11-20,0.0
2017-11-21,0.041044331028009216
2017-11-22,0.0
2017-11-23,0.0
2017-11-24,0.0
2017-11-25,0.0
2017-11-26,0.0
2017-11-27,0.0
2017-11-28,0.0
2017-11-29,0.0
2017-11-30,0.0
2017-12-01,0.0
2017-12-02,0.0
2017-12-03,0.758350251449123
2017-12-04,0.5317155311803063
2017-12-05,2.4439103053561877
2017-12-06,24.011939938037354
2017-12-07,16.854635471442357
2017-12-08,1.4547738872000855
2017-12-09,0.018798955797490358
2017-12-10,0.0
2017-12-11,0.0
2017-12-12,0.0
2017-12-13,0.0
2017-12-14,0.125145142135789
2017-12-15,0.12130738392000076
2017-12-16,10.035093745588263
2017-12-17,9.240542288126399
2017-12-18,2.085279974972862
2017-12-19,10.445119903511058
2017-12-20,0.26122224644934816
2017-12-21,0.14636356009248522
2017-12-22,2.408908576023205
2017-12-23,0.24800781722549853
2017-12-24,0.0022128199079158107
2017-12-25,0.006161521307701341
2017-12-26,1.0426083940738462
2017-12-27,0.3620206877452781
2017-12-28,0.002684765291953253
2017-12-29,0.0
2017-12-30,0.005489094532344064
2017-12-31,0.014787546701430242
2018-01-01,0.002684765291953253
2018-01-02,0.06251791657034367
2018-01-03,0.0
2018-01-04,0.0339066125304534
2018-01-05,0.11066291411047491
2018-01-06,0.0025136648307368926
2018-01-07,0.15748205175468064
2018-01-08,0.06330358014639961
2018-01-09,0.0
2018-01-10,0.0564715659660676
2018-01-11,0.04476315621693946
2018-01-12,0.0
2018-01-13,0.0
2018-01-14,0.0
2018-01-15,0.14349866542031114
2018-01-16,2.409282858887768
2018-01-17,0.0
2018-01-18,0.015461490505296108
2018-01-19,1.1704302207761144
2018-01-20,0.7844255174783639
2018-01-21,0.38919454577784157
2018-01-22,0.0001670891364624487
2018-01-23,0.0
2018-01-24,0.0
2018-01-25,0.031952398130927796
2018-01-26,0.4152764263672464
2018-01-27,1.4595237328737345
2018-01-28,0.0001502439504780527
2018-01-29,0.0
2018-01-30,0.0
2018-01-31,0.0
2018-02-01,0.0
2018-02-02,0.03081233324580083
2018-02-03,1.5540649024765083
2018-02-04,0.001566579649790863
2018-02-05,0.0
2018-02-06,0.8472304290257574
2018-02-07,0.8837821359586037
2018-02-08,0.019747533954726025
2018-02-09,0.16153497757133642
2018-02-10,2.497789232123082
2018-02-11,0.1904522225269407
2018-02-12,0.04765428644968967
2018-02-13,1.4007484794436742
2018-02-14,0.827526866100334
2018-02-15,0.49291341283675866
2018-02-16,0.026046975586174633
2018-02-17,0.08839040287385094
2018-02-18,0.0696826945763569
2018-02-19,0.4987400095195896
2018-02-20,1.9951655778976418
2018-02-21,9.309498708801982
2018-02-22,7.0396241933480805
2018-02-23,6.153458027530587
2018-02-24,1.098010517874134
2018-02-25,0.7025078825793533
2018-02-26,0.08820549682726915
2018-02-27,1.4259072290452521
2018-02-28,0.15705032721274104
2018-03-01,0.23046496607539257
2018-03-02,0.0
2018-03-03,1.678373455872911
2018-03-04,1.9933030991132643
2018-03-05,0.046127923541528
2018-03-06,0.0
2018-03-07,0.0
2018-03-08,0.0
2018-03-09,0.0
2018-03-10,0.0002667975289873134
2018-03-11,0.03810709034136572
2018-03-12,0.0
2018-03-13,0.0
2018-03-14,0.0
2018-03-15,0.0036198962737623097
2018-03-16,0.015849158519539448
2018-03-17,0.20574156953350523
2018-03-18,1.0663219406710012
2018-03-19,0.1163114284018107
2018-03-20,0.0
2018-03-21,0.0
2018-03-22,0.0
2018-03-23,0.0
2018-03-24,0.0
2018-03-25,0.021198195986961717
2018-03-26,0.06568386149014867
2018-03-27,5.646823746619075
2018-03-28,55.51647198359477
2018-03-29,4.359804097110143
2018-03-30,0.0
2018-03-31,0.0
2018-04-01,0.0
2018-04-02,0.038668923785290736
2018-04-03,0.09457551920549401
2018-04-04,0.026135115156965146
2018-04-05,0.04926305621845399
2018-04-06,0.49535443774939986
2018-04-07,0.25357576485962724
2018-04-08,0.0028234120651593093
2018-04-09,0.013339125556477139
2018-04-10,0.006839057629232013
2018-04-11,0.0
2018-04-12,0.0
2018-04-13,0.23396739543254771
2018-04-14,0.9404495527016584
2018-04-15,0.0
2018-04-16,0.0
2018-04-17,0.0
2018-04-18,0.0
2018-04-19,0.0
2018-04-20,0.08182548898778141
2018-04-21,0.5695587592994049
2018-04-22,0.0007512197523902635
2018-04-23,0.0
2018-04-24,0.0
2018-04-25,12.584629534264199
2018-04-26,0.6984949747924282
2018-04-27,0.0027016104779376488
2018-04-28,0.0
2018-04-29,0.0
2018-04-30,0.6456870815846462
2018-05-01,0.691165189975155
2018-05-02,0.542487957000882
2018-05-03,0.2739717109559731
2018-05-04,44.28870026171405
2018-05-05,5.06263674276478
2018-05-06,0.0
2018-05-07,0.0
2018-05-08,0.0
2018-05-09,0.0
2018-05-10,0.0
2018-05-11,0.0
2018-05-12,0.0
2018-05-13,0.0
2018-05-14,0.0
2018-05-15,0.2735292110894917
2018-05-16,20.227899405397523
2018-05-17,0.006127580786859734
2018-05-18,0.002670737713300473
2018-05-19,0.037357746018729286
2018-05-20,6.341549371551872
2018-05-21,1.2176529218042171
2018-05-22,0.009304224808855358
2018-05-23,0.030539076102203206
2018-05-24,0.0
2018-05-25,0.0
2018-05-26,0.01357506061981356
2018-05-27,0.0
2018-05-28,0.0
2018-05-29,0.0
2018-05-30,0.0
2018-05-31,0.0
2018-06-01,0.0012736776013528423
2018-06-02,0.0
2018-06-03,0.07109373121539811
2018-06-04,1.9424890214837034
2018-06-05,0.0022128199079158107
2018-06-06,0.019153985211423235
2018-06-07,0.006747258490145115
2018-06-08,0.0022464194784112728
2018-06-09,0.05683403267094546
2018-06-10,0.023750167036517163
2018-06-11,0.016693856574663796
2018-06-12,0.07643921622224263
2018-06-13,0.07521149803264378
2018-06-14,0.023284707020351455
2018-06-15,0.1657266197445575
2018-06-16,0.5410482081355856
2018-06-17,0.48906899705370027
2018-06-18,1.014468500638639
2018-06-19,8.809294525837918
2018-06-20,2.789202310290242
2018-06-21,0.2153922247170924
2018-06-22,0.0044928389568225455
2018-06-23,0.0
2018-06-24,0.011382341342534416
2018-06-25,0.3537188781374271
2018-06-26,0.5458806054641954
2018-06-27,0.0022128199079158107
2018-06-28,0.0044928389568225455
2018-06-29,0.006756103621218214
2018-06-30,0.006739258435233818
2018-07-01,0.0022128199079158107
2018-07-02,0.0
2018-07-03,0.0
2018-07-04,8.587422255773319
2018-07-05,9.413968387354403
2018-07-06,5.662250090665842
2018-07-07,3.8736182396088505
2018-07-08,4.46435126335755
2018-07-09,26.661306574072054
2018-07-10,0.4446253706070625
2018-07-11,0.0
2018-07-12,0.0
2018-07-13,0.0
2018-07-14,0.0
2018-07-15,0.0
2018-07-16,0.0
2018-07-17,0.0
2018-07-18,0.0
2018-07-19,0.0
2018-07-20,0.0
2018-07-21,0.0
2018-07-22,0.0
2018-07-23,0.0
2018-07-24,0.13993000551371584
2018-07-25,0.0
2018-07-26,0.0
2018-07-27,0.0
2018-07-28,0.0
2018-07-29,0.0
2018-07-30,0.0
2018-07-31,1.80203103955093
2018-08-01,0.0
2018-08-02,0.03706079479082215
2018-08-03,0.0
2018-08-04,0.01042719557332749
2018-08-05,0.06582988811006642
2018-08-06,0.0
2018-08-07,0.0022464194784112728
2018-08-08,0.0
2018-08-09,0.0
2018-08-10,0.35931404092395053
2018-08-11,14.118005813110345
2018-08-12,8.851239736476598
2018-08-13,6.27821717111665
2018-08-14,0.015197807501038729
2018-08-15,0.0
2018-08-16,0.0
2018-08-17,0.0
2018-08-18,0.0
2018-08-19,0.0020036650575111815
2018-08-20,1.2047404607794858
2018-08-21,0.07331522998400548
2018-08-22,0.026330045272968033
2018-08-23,0.0
2018-08-24,0.0
2018-08-25,0.0
2018-08-26,0.0
2018-08-27,0.0
2018-08-28,0.0
2018-08-29,0.011929261680449148
2018-08-30,0.027863903872601008
2018-08-31,0.002384178029252157
2018-09-01,0.2536628304611694
2018-09-02,0.30206630294671194
2018-09-03,9.52739679988727
2018-09-04,23.222977020343006
2018-09-05,7.009845280143582
2018-09-06,6.636816267969442
2018-09-07,5.96707769701789
2018-09-08,25.801120154249052
2018-09-09,77.98414885750854
2018-09-10,5.36613494936021
2018-09-11,10.467621292029314
2018-09-12,4.715620087050144
2018-09-13,5.755911911752286
2018-09-14,11.632480841555983
2018-09-15,28.44244448095871
2018-09-16,10.431900936030498
2018-09-17,0.1737574603021955
2018-09-18,0.007110405107784874
2018-09-19,0.0
2018-09-20,6.938984615190635
2018-09-21,10.667412863446382
2018-09-22,23.163975883318273
2018-09-23,0.00818976478875788
2018-09-24,0.43453232183882307
2018-09-25,0.3909144543562833
2018-09-26,0.5185074121227494
2018-09-27,0.3334222259877928
2018-09-28,0.2218624964657142
2018-09-29,3.4414337949298694
2018-09-30,0.6974219784911089
2018-10-01,0.5884438612487576
2018-10-02,1.4107279391012666
2018-10-03,0.009629993446558785
2018-10-04,0.0032688959078810676
2018-10-05,0.09919108765226894
2018-10-06,1.3299663596922324
2018-10-07,5.885504040497395
2018-10-08,7.971052813822198
2018-10-09,22.031300110432085
2018-10-10,0.07364700628063582
2018-10-11,0.006596045255528307
2018-10-12,0.13750118414637788
2018-10-13,1.0983416182657397
2018-10-14,2.438296597607571
2018-10-15,28.554759846269842
2018-10-16,28.16602398925504
2018-10-17,3.610461211057691
2018-10-18,6.983848086365184
2018-10-19,12.867967919233497
2018-10-20,4.155747572568031
2018-10-21,0.13255697450249224
2018-10-22,2.718715866016729
2018-10-23,4.19907077308508
2018-10-24,16.538792042779196
2018-10-25,1.0984399027669025
2018-10-26,0.000890245904433491
2018-10-27,0.0
2018-10-28,0.0
2018-10-29,0.0
2018-10-30,0.06963561034664541
2018-10-31,4.577712808333895
2018-11-01,1.0033132257064568
2018-11-02,0.0
2018-11-03,0.0
2018-11-04,1.1238926399428235
2018-11-05,0.006050340876093757
2018-11-06,0.4715375456816973
2018-11-07,0.16810061594501507
2018-11-08,0.5971846203286848
2018-11-09,13.53787223396499
2018-11-10,0.05963932552726535
2018-11-11,1.4550413146914614
2018-11-12,6.959449936571318
2018-11-13,0.0
2018-11-14,0.0
2018-11-15,0.0
2018-11-16,0.0
2018-11-17,0.37354932137752894
2018-11-18,2.018284657571076
2018-11-19,0.0673730537303121
2018-11-20,0.006284162076842232
2018-11-21,0.3083598792764934
2018-11-22,0.06107766423704532
2018-11-23,1.6316856344506572
2018-11-24,0.03832789294825073
2018-11-25,0.013189852692605334
2018-11-26,0.0009337913514555968
2018-11-27,0.001333987644936567
2018-11-28,0.0001502439504780527
2018-11-29,0.0035712927581110806
2018-11-30,0.11898838603921713
2018-12-01,0.3781688055197535
2018-12-02,0.0006669938224682835
2018-12-03,0.0
2018-12-04,0.0
2018-12-05,0.0
2018-12-06,5.824684833308591
2018-12-07,26.745013787285163
2018-12-08,20.833383677780468
2018-12-09,0.0
2018-12-10,0.0
2018-12-11,0.0
2018-12-12,0.08545679586894095
2018-12-13,0.15088301837028192
2018-12-14,0.15623865228335962
2018-12-15,0.0
2018-12-16,0.0
2018-12-17,0.020031142298207495
2018-12-18,0.018462029416555184
2018-12-19,1.6133726325624427
2018-12-20,0.02883909558697185
2018-12-21,0.0
2018-12-22,0.0
2018-12-23,0.0
2018-12-24,0.0
2018-12-25,0.45980243713784746
2018-12-26,17.766159438826477
2018-12-27,31.169490675339873
2018-12-28,0.7994877233938852
2018-12-29,0.23293069682168882
2018-12-30,3.7377799050314433
2018-12-31,2.927577004621644
2019-01-01,0.0001333987644936567
2019-01-02,21.696433969737573
2019-01-03,9.530102346890459
2019-01-04,0.0
2019-01-05,0.0
2019-01-06,0.0
2019-01-07,0.2543111879520908
2019-01-08,0.017315011713027944
2019-01-09,0.018484563923104023
2019-01-10,0.41956739457805525
2019-01-11,1.7945420950371094
2019-01-12,7.718006061861292
2019-01-13,0.1389056119427284
2019-01-14,0.0
2019-01-15,0.1181498460273453
2019-01-16,0.46617610551370103
2019-01-17,0.03951824278459655
2019-01-18,0.0551548168970946
2019-01-19,0.30747266325616196
2019-01-20,0.0
2019-01-21,0.0
2019-01-22,0.6804251083122619
2019-01-23,4.064527233311043
2019-01-24,0.0
2019-01-25,0.40997116158235813
2019-01-26,3.3662232481479957
2019-01-27,17.423310671006455
2019-01-28,0.001566579649790863
2019-01-29,0.0
2019-01-30,0.0
2019-01-31,0.5515605254738725
2019-02-01,1.2123338307635445
2019-02-02,2.8072372020447216
2019-02-03,0.06811670034308603
2019-02-04,0.04960150790997508
2019-02-05,0.1460652613926217
2019-02-06,0.06610757818193974
2019-02-07,0.2936569385561253
2019-02-08,3.8521190369203655
2019-02-09,1.382311582410939
2019-02-10,4.943047111964783
2019-02-11,0.42133955388108146
2019-02-12,0.4901250428116225
2019-02-13,0.0
2019-02-14,0.0022128199079158107
2019-02-15,0.0
2019-02-16,0.0
2019-02-17,0.02002497138267105
2019-02-18,0.021285620940246452
2019-02-19,1.5060417317436543
2019-02-20,0.8038308775070996
2019-02-21,0.14142381494034142
2019-02-22,0.31531326796357423
2019-02-23,0.19778870380653008
2019-02-24,0.0
2019-02-25,1.6845185984396e-05
2019-02-26,0.13022168320811625
2019-02-27,0.17846760560637762
2019-02-28,1.3646310212375172
2019-03-01,2.008891732232829
2019-03-02,0.8726502856099645
2019-03-03,0.43631961962874255
2019-03-04,0.0
2019-03-05,0.0
2019-03-06,0.0
2019-03-07,0.0
2019-03-08,0.16809402548343583
2019-03-09,0.4066696594838072
2019-03-10,0.11692723860681578
2019-03-11,2.2388585580958957
2019-03-12,4.826798826853626
2019-03-13,6.229319967775884
2019-03-14,0.32907654977628625
2019-03-15,0.004451229522167455
2019-03-16,0.0
2019-03-17,0.0
2019-03-18,0.0
2019-03-19,0.0
2019-03-20,0.0
2019-03-21,0.0
2019-03-22,0.0
2019-03-23,0.09397936987832099
2019-03-24,0.0
2019-03-25,0.0399637229963026
2019-03-26,0.0009337913514555968
2019-03-27,0.001333987644936567
2019-03-28,0.019245272191832915
2019-03-29,0.012520158655021067
2019-03-30,0.0
2019-03-31,1.6845185984396e-05
2019-04-01,0.08387516862646156
2019-04-02,0.0
2019-04-03,2.28633458001504
2019-04-04,2.2767101775966103
2019-04-05,0.0005672854299434188
2019-04-06,19.577387633128186
2019-04-07,26.13014703615553
2019-04-08,0.5544851174521078
2019-04-09,0.9742589436564616
2019-04-10,0.0
2019-04-11,0.0
2019-04-12,0.0
2019-04-13,9.504991823978708
2019-04-14,0.5674028776124551
2019-04-15,0.12504367961203813
2019-04-16,0.05182048625814991
2019-04-17,1.6896112177364022
2019-04-18,16.6449672897308
2019-04-19,0.0
2019-04-20,0.0
2019-04-21,0.0
2019-04-22,0.002684765291953253
2019-04-23,1.2903802025116105
2019-04-24,37.34438635908931
2019-04-25,2.2521260176752733
2019-04-26,0.0
2019-04-27,0.0
2019-04-28,0.0
2019-04-29,1.6845185984396e-05
2019-04-30,0.4267816527625305
2019-05-01,0.7110417754644449
2019-05-02,10.754946816075632
2019-05-03,31.440608913590673
2019-05-04,33.68869811021524
2019-05-05,0.0012568324153684463
2019-05-06,0.4375973997040655
2019-05-07,2.8925542014270036
2019-05-08,40.408528576595316
2019-05-09,13.24049208658132
2019-05-10,4.117112771657074
2019-05-11,6.169080303859487
2019-05-12,0.0
2019-05-13,0.01791997421369929
2019-05-14,0.5383213399646651
2019-05-15,0.7515498782120379
2019-05-16,0.01693818136783711
2019-05-17,0.23917457680151705
2019-05-18,1.1729359068772747
2019-05-19,0.07758202320812085
2019-05-20,1.757371202294936
2019-05-21,2.3910036138020123
2019-05-22,0.18847003987396424
2019-05-23,0.029345243487166012
2019-05-24,0.20951547625119557
2019-05-25,0.5014663010400097
2019-05-26,0.062366573969563195
2019-05-27,0.0022632646643956688
2019-05-28,0.48877953384953293
2019-05-29,0.7665737084528872
2019-05-30,5.106997494143945
2019-05-31,0.7719502936366501
2019-06-01,0.0021041755828445172
2019-06-02,0.0
2019-06-03,0.0047874650943957545
2019-06-04,3.526283900905446
2019-06-05,8.371750007672796
2019-06-06,13.94842275331919
2019-06-07,0.011056893801953996
2019-06-08,0.0
2019-06-09,0.3507868200606433
2019-06-10,18.451803286708795
2019-06-11,3.0164654992295588
2019-06-12,0.2201789474788713
2019-06-13,0.0
2019-06-14,0.0
2019-06-15,1.9109035891440207e-05
2019-06-16,0.6369859244542446
2019-06-17,12.269558749548693
2019-06-18,0.0015012030497527974
2019-06-19,0.029601948116816018
2019-06-20,0.0009093549403249312
2019-06-21,0.12232533884237838
2019-06-22,3.1573526647930876
2019-06-23,0.9062205861198055
2019-06-24,31.99738801353785
2019-06-25,2.491503252251978
2019-06-26,6.835306584044114
2019-06-27,1.5236675177440369
2019-06-28,0.17428654559519735
2019-06-29,0.31685511051182536
2019-06-30,11.211536786851113
2019-07-01,0.06564414841357576
2019-07-02,0.1843131791654015
2019-07-03,2.4486134164382487
2019-07-04,0.47131474120283323
2019-07-05,0.0
2019-07-06,0.0
2019-07-07,0.0
2019-07-08,0.03775875299659682
2019-07-09,0.2608551110725724
2019-07-10,2.117264606995089
2019-07-11,6.499466812461959
2019-07-12,0.0
2019-07-13,0.14805693038274778
2019-07-14,0.35596771079235295
2019-07-15,0.7753702149834795
2019-07-16,0.024921150562266632
2019-07-17,0.0
2019-07-18,0.0
2019-07-19,0.0
2019-07-20,0.0
2019-07-21,0.0
2019-07-22,0.0
2019-07-23,3.626026570241743
2019-07-24,0.0
2019-07-25,0.0
2019-07-26,0.0
2019-07-27,0.0
2019-07-28,0.0049311847703645256
2019-07-29,0.0
2019-07-30,0.0
2019-07-31,0.01673376996275271
2019-08-01,0.0
2019-08-02,0.0678727026919669
2019-08-03,0.1562208291515398
2019-08-04,0.15044761321000757
2019-08-05,0.10055470035443348
2019-08-06,0.0
2019-08-07,0.0
2019-08-08,0.0
2019-08-09,0.0
2019-08-10,0.0
2019-08-11,0.0
2019-08-12,0.0
2019-08-13,0.0
2019-08-14,1.3353199988041038
2019-08-15,2.7505595309597792
2019-08-16,0.0
2019-08-17,0.0
2019-08-18,0.0
2019-08-19,0.0022464194784112728
2019-08-20,0.01042719557332749
2019-08-21,0.0
2019-08-22,0.0754637446762425
2019-08-23,0.16509874182263554
2019-08-24,2.9675453984400546
2019-08-25,4.423963508704199
2019-08-26,1.6845185984396e-05
2019-08-27,0.21071931549055048
2019-08-28,0.008408217409813422
2019-08-29,0.08706208216063019
2019-08-30,0.15403958389547803
2019-08-31,0.03214233999059153
2019-09-01,2.775879204827214
2019-09-02,0.15390734409150136
2019-09-03,0.0
2019-09-04,0.0
2019-09-05,0.0
2019-09-06,0.0
2019-09-07,0.0
2019-09-08,0.08531199944178043
2019-09-09,0.059803254219544674
2019-09-10,2.9802666514586447
2019-09-11,6.656187940564637
2019-09-12,1.37990551007276
2019-09-13,0.21567250652567638
2019-09-14,0.011506936939832402
2019-09-15,0.012794527541442224
2019-09-16,0.0
2019-09-17,0.07202697990532629
2019-09-18,0.11402611642160142
2019-09-19,0.061109396732310715
2019-09-20,0.5063759242305712
2019-09-21,0.4445768874771139
2019-09-22,0.03457708769137778
2019-09-23,0.006189284360950233
2019-09-24,0.08928022915399945
2019-09-25,0.0021041755828445172
2019-09-26,0.0
2019-09-27,0.035544622231156696
2019-09-28,2.346670784533709
2019-09-29,2.4652975101505894
2019-09-30,0.9832283662691389
2019-10-01,0.2344231399142022
2019-10-02,0.1910122957280578
2019-10-03,0.0
2019-10-04,0.0
2019-10-05,0.0
2019-10-06,0.0
2019-10-07,0.10595582285273239
2019-10-08,0.0
2019-10-09,0.3213386234670672
2019-10-10,0.3630981102837196
2019-10-11,4.063368602202241
2019-10-12,0.013990900722818717
2019-10-13,0.1779999296245056
2019-10-14,0.5390439745010056
2019-10-15,2.3404511340318908
2019-10-16,8.25022497916169
2019-10-17,0.08588480593977207
2019-10-18,0.0
2019-10-19,0.0022128199079158107
2019-10-20,0.2418832216899365
2019-10-21,9.183583374500312
2019-10-22,0.012568324153684463
2019-10-23,0.0
2019-10-24,3.5581061979238298
2019-10-25,33.457213402920026
2019-10-26,0.0
2019-10-27,0.0
2019-10-28,0.026164642124607666
2019-10-29,1.2614701305217584
2019-10-30,3.445898899435299
2019-10-31,0.13351858522706123
2019-11-01,0.008937056312463925
2019-11-02,0.0039249367410494704
2019-11-03,0.0
2019-11-04,0.0
2019-11-05,0.39233512329466885
2019-11-06,1.1843013114760106
2019-11-07,8.279623012328608
2019-11-08,2.134886931985487
2019-11-09,0.004425639815831621
2019-11-10,0.015993179001831576
2019-11-11,1.099951229685398
2019-11-12,2.1551746080063907
2019-11-13,3.54750771717404
2019-11-14,3.4805625762044974
2019-11-15,0.0
2019-11-16,0.004425639815831621
2019-11-17,0.0023462186724094673
2019-11-18,0.0
2019-11-19,0.0
2019-11-20,0.03681701443556303
2019-11-21,2.866385454704296
2019-11-22,0.9316282133445929
2019-11-23,0.0
2019-11-24,0.0
2019-11-25,0.0
2019-11-26,0.006823014576056088
2019-11-27,0.18631597607110997
2019-11-28,1.3296522142400737
2019-11-29,4.983367690729552
2019-11-30,0.5684448863649935
2019-12-01,0.0
2019-12-02,0.0
2019-12-03,0.0
2019-12-04,0.0
2019-12-05,0.0
2019-12-06,0.0
2019-12-07,0.0
2019-12-08,0.0
2019-12-09,0.08914983853967509
2019-12-10,8.381066928207801
2019-12-11,0.007850741726633094
2019-12-12,0.007850741726633094
2019-12-13,0.0039249367410494704
2019-12-14,0.0
2019-12-15,0.0
2019-12-16,0.3080672546776456
2019-12-17,0.0
2019-12-18,0.0
2019-12-19,0.0
2019-12-20,3.133202279456758
2019-12-21,3.3732468602354277
2019-12-22,0.001780491808866982
2019-12-23,0.0
2019-12-24,0.0
2019-12-25,0.006017809171958318
2019-12-26,0.003136665382844764
2019-12-27,0.045840711630850295
2019-12-28,3.5952656725154823
2019-12-29,1.0711747207511844
2019-12-30,0.0
2019-12-31,0.0
